Sun 15 Mar 2026 22:52:20 INFO  
General Hyper Parameters:
gpu_id = 0
use_gpu = True
seed = 2028
state = INFO
reproducibility = True
data_path = ./travel
checkpoint_dir = saved
show_progress = True
save_dataset = False
dataset_save_path = None
save_dataloaders = False
dataloaders_save_path = None
log_wandb = False

Training Hyper Parameters:
epochs = 1000
train_batch_size = 4096
learner = adam
learning_rate = 0.001
train_neg_sample_args = {'distribution': 'uniform', 'sample_num': 1, 'alpha': 1.0, 'dynamic': False, 'candidate_num': 0}
eval_step = 1
stopping_step = 10
clip_grad_norm = None
weight_decay = 0.0
loss_decimal_place = 4

Evaluation Hyper Parameters:
eval_args = {'split': {'RS': [0.8, 0.1, 0.1]}, 'order': 'RO', 'group_by': 'user', 'mode': {'valid': 'full', 'test': 'full'}}
repeatable = False
metrics = ['Recall', 'NDCG', 'Precision', 'MAP']
topk = [1, 2, 3, 4, 5, 10, 20, 30, 50]
valid_metric = NDCG@10
valid_metric_bigger = True
eval_batch_size = 4096
metric_decimal_place = 4

Dataset Hyper Parameters:
field_separator = 	
seq_separator =  
USER_ID_FIELD = user_id
ITEM_ID_FIELD = item_id
RATING_FIELD = rating
TIME_FIELD = timestamp
seq_len = None
LABEL_FIELD = label
threshold = None
NEG_PREFIX = neg_
load_col = {'inter': ['user_id', 'item_id', 'rating'], 'user': ['user_id', 'post_num', 'follower', 'following', 'timestamp']}
unload_col = None
unused_col = None
additional_feat_suffix = None
rm_dup_inter = None
val_interval = {'rating': '[0,inf)'}
filter_inter_by_user_or_item = True
user_inter_num_interval = [0,inf)
item_inter_num_interval = [0,inf)
alias_of_user_id = None
alias_of_item_id = None
alias_of_entity_id = None
alias_of_relation_id = None
preload_weight = None
normalize_field = None
normalize_all = None
ITEM_LIST_LENGTH_FIELD = item_length
LIST_SUFFIX = _list
MAX_ITEM_LIST_LENGTH = 50
POSITION_FIELD = position_id
HEAD_ENTITY_ID_FIELD = head_id
TAIL_ENTITY_ID_FIELD = tail_id
RELATION_ID_FIELD = relation_id
ENTITY_ID_FIELD = entity_id
benchmark_filename = None

Other Hyper Parameters: 
worker = 0
wandb_project = recbole
shuffle = True
require_pow = False
enable_amp = False
enable_scaler = False
transform = None
numerical_features = []
discretization = None
kg_reverse_r = False
entity_kg_num_interval = [0,inf)
relation_kg_num_interval = [0,inf)
MODEL_TYPE = ModelType.GENERAL
embedding_size = 64
n_layers = 3
reg_weight = 0.0001
smt_latent_dim = 64
ssl_temp = 0.1
ssl_reg = 1e-07
hyper_layers = 1
alpha = 1
potential_reg = 0.0
semantic_reg = 8e-08
num_clusters = 10
m_step = 1
warm_up_step = 20
user_feature_path = features/roberta_user.npy
item_feature_path = features/roberta_item.npy
MODEL_INPUT_TYPE = InputType.PAIRWISE
eval_type = EvaluatorType.RANKING
single_spec = True
local_rank = 0
device = cuda
valid_neg_sample_args = {'distribution': 'uniform', 'sample_num': 'none'}
test_neg_sample_args = {'distribution': 'uniform', 'sample_num': 'none'}


Sun 15 Mar 2026 22:52:20 INFO  travel
The number of users: 2010
Average actions of users: 18.721254355400696
The number of items: 247
Average actions of items: 152.890243902439
The number of inters: 37611
The sparsity of the dataset: 92.42431566862047%
Remain Fields: ['user_id', 'item_id', 'rating', 'post_num', 'follower', 'following', 'timestamp']
Sun 15 Mar 2026 22:52:20 INFO  [Training]: train_batch_size = [4096] train_neg_sample_args: [{'distribution': 'uniform', 'sample_num': 1, 'alpha': 1.0, 'dynamic': False, 'candidate_num': 0}]
Sun 15 Mar 2026 22:52:20 INFO  [Evaluation]: eval_batch_size = [4096] eval_args: [{'split': {'RS': [0.8, 0.1, 0.1]}, 'order': 'RO', 'group_by': 'user', 'mode': {'valid': 'full', 'test': 'full'}}]
Sun 15 Mar 2026 22:52:21 INFO  SCL(
  (u_MLP): Linear(in_features=1024, out_features=64, bias=True)
  (i_MLP): Linear(in_features=1024, out_features=64, bias=True)
  (user_embedding): Embedding(2010, 64)
  (item_embedding): Embedding(247, 64)
  (mf_loss): BPRLoss()
  (reg_loss): EmbLoss()
)
Trainable parameters: 144448
Sun 15 Mar 2026 22:52:21 INFO  trainable parameters: 144448
Sun 15 Mar 2026 22:52:22 INFO  Running E-step ! 
Sun 15 Mar 2026 22:52:23 INFO  epoch 0 training [time: 0.51s, train_loss1: 5.5426, train_loss2: 0.0201, train_loss3: 0.0115]
Sun 15 Mar 2026 22:52:23 INFO  epoch 0 evaluating [time: 0.19s, valid_score: 0.035600]
Sun 15 Mar 2026 22:52:23 INFO  valid result: 
recall@1 : 0.0079    recall@2 : 0.0154    recall@3 : 0.0199    recall@4 : 0.026    recall@5 : 0.0313    recall@10 : 0.0626    recall@20 : 0.1096    recall@30 : 0.1581    recall@50 : 0.2379    ndcg@1 : 0.0143    ndcg@2 : 0.0177    ndcg@3 : 0.0193    ndcg@4 : 0.022    ndcg@5 : 0.0242    ndcg@10 : 0.0356    ndcg@20 : 0.0496    ndcg@30 : 0.0624    ndcg@50 : 0.0809    precision@1 : 0.0143    precision@2 : 0.014    precision@3 : 0.0129    precision@4 : 0.0134    precision@5 : 0.0132    precision@10 : 0.0138    precision@20 : 0.0124    precision@30 : 0.0123    precision@50 : 0.0112    map@1 : 0.0143    map@2 : 0.0152    map@3 : 0.0151    map@4 : 0.016    map@5 : 0.0168    map@10 : 0.0208    map@20 : 0.0241    map@30 : 0.0265    map@50 : 0.0292
Sun 15 Mar 2026 22:52:23 INFO  Saving current: saved/SCL-Mar-15-2026_22-52-21.pth
Sun 15 Mar 2026 22:52:23 INFO  Saving current best: saved/SCL-Mar-15-2026_22-52-21.pth
Sun 15 Mar 2026 22:52:23 INFO  Running E-step ! 
Sun 15 Mar 2026 22:52:23 INFO  epoch 1 training [time: 0.17s, train_loss1: 5.5426, train_loss2: 0.0151, train_loss3: 0.0114]
Sun 15 Mar 2026 22:52:23 INFO  epoch 1 evaluating [time: 0.15s, valid_score: 0.035800]
Sun 15 Mar 2026 22:52:23 INFO  valid result: 
recall@1 : 0.0081    recall@2 : 0.016    recall@3 : 0.0194    recall@4 : 0.0279    recall@5 : 0.0336    recall@10 : 0.0629    recall@20 : 0.1051    recall@30 : 0.1573    recall@50 : 0.2321    ndcg@1 : 0.0161    ndcg@2 : 0.019    ndcg@3 : 0.0192    ndcg@4 : 0.0231    ndcg@5 : 0.0253    ndcg@10 : 0.0358    ndcg@20 : 0.0486    ndcg@30 : 0.062    ndcg@50 : 0.0798    precision@1 : 0.0161    precision@2 : 0.0152    precision@3 : 0.0123    precision@4 : 0.014    precision@5 : 0.0136    precision@10 : 0.0134    precision@20 : 0.0118    precision@30 : 0.0118    precision@50 : 0.011    map@1 : 0.0161    map@2 : 0.0161    map@3 : 0.0152    map@4 : 0.0168    map@5 : 0.0175    map@10 : 0.021    map@20 : 0.0241    map@30 : 0.0266    map@50 : 0.0292
Sun 15 Mar 2026 22:52:23 INFO  Saving current: saved/SCL-Mar-15-2026_22-52-21.pth
Sun 15 Mar 2026 22:52:23 INFO  Saving current best: saved/SCL-Mar-15-2026_22-52-21.pth
Sun 15 Mar 2026 22:52:23 INFO  Running E-step ! 
Sun 15 Mar 2026 22:52:23 INFO  epoch 2 training [time: 0.18s, train_loss1: 5.5421, train_loss2: 0.0131, train_loss3: 0.0113]
Sun 15 Mar 2026 22:52:23 INFO  epoch 2 evaluating [time: 0.16s, valid_score: 0.038800]
Sun 15 Mar 2026 22:52:23 INFO  valid result: 
recall@1 : 0.0081    recall@2 : 0.0148    recall@3 : 0.0215    recall@4 : 0.0292    recall@5 : 0.0348    recall@10 : 0.0698    recall@20 : 0.1116    recall@30 : 0.1592    recall@50 : 0.2371    ndcg@1 : 0.0179    ndcg@2 : 0.0188    ndcg@3 : 0.021    ndcg@4 : 0.0242    ndcg@5 : 0.0264    ndcg@10 : 0.0388    ndcg@20 : 0.0514    ndcg@30 : 0.0639    ndcg@50 : 0.0824    precision@1 : 0.0179    precision@2 : 0.0152    precision@3 : 0.0145    precision@4 : 0.0149    precision@5 : 0.0145    precision@10 : 0.0146    precision@20 : 0.0124    precision@30 : 0.0121    precision@50 : 0.0112    map@1 : 0.0179    map@2 : 0.0158    map@3 : 0.016    map@4 : 0.0171    map@5 : 0.0178    map@10 : 0.0222    map@20 : 0.0251    map@30 : 0.0275    map@50 : 0.0302
Sun 15 Mar 2026 22:52:23 INFO  Saving current: saved/SCL-Mar-15-2026_22-52-21.pth
Sun 15 Mar 2026 22:52:23 INFO  Saving current best: saved/SCL-Mar-15-2026_22-52-21.pth
Sun 15 Mar 2026 22:52:23 INFO  Running E-step ! 
Sun 15 Mar 2026 22:52:24 INFO  epoch 3 training [time: 0.18s, train_loss1: 5.5415, train_loss2: 0.0115, train_loss3: 0.0112]
Sun 15 Mar 2026 22:52:24 INFO  epoch 3 evaluating [time: 0.15s, valid_score: 0.040500]
Sun 15 Mar 2026 22:52:24 INFO  valid result: 
recall@1 : 0.0091    recall@2 : 0.0143    recall@3 : 0.0217    recall@4 : 0.031    recall@5 : 0.0388    recall@10 : 0.0705    recall@20 : 0.1152    recall@30 : 0.1671    recall@50 : 0.2502    ndcg@1 : 0.0209    ndcg@2 : 0.0197    ndcg@3 : 0.0226    ndcg@4 : 0.0261    ndcg@5 : 0.029    ndcg@10 : 0.0405    ndcg@20 : 0.0541    ndcg@30 : 0.0677    ndcg@50 : 0.087    precision@1 : 0.0209    precision@2 : 0.0158    precision@3 : 0.0163    precision@4 : 0.0164    precision@5 : 0.0162    precision@10 : 0.0151    precision@20 : 0.013    precision@30 : 0.0129    precision@50 : 0.0117    map@1 : 0.0209    map@2 : 0.0165    map@3 : 0.017    map@4 : 0.0183    map@5 : 0.0193    map@10 : 0.0233    map@20 : 0.0266    map@30 : 0.0292    map@50 : 0.0321
Sun 15 Mar 2026 22:52:24 INFO  Saving current: saved/SCL-Mar-15-2026_22-52-21.pth
Sun 15 Mar 2026 22:52:24 INFO  Saving current best: saved/SCL-Mar-15-2026_22-52-21.pth
Sun 15 Mar 2026 22:52:24 INFO  Running E-step ! 
Sun 15 Mar 2026 22:52:24 INFO  epoch 4 training [time: 0.19s, train_loss1: 5.5408, train_loss2: 0.0102, train_loss3: 0.0111]
Sun 15 Mar 2026 22:52:24 INFO  epoch 4 evaluating [time: 0.15s, valid_score: 0.043700]
Sun 15 Mar 2026 22:52:24 INFO  valid result: 
recall@1 : 0.0099    recall@2 : 0.0145    recall@3 : 0.0239    recall@4 : 0.0345    recall@5 : 0.0428    recall@10 : 0.0761    recall@20 : 0.1218    recall@30 : 0.1695    recall@50 : 0.2547    ndcg@1 : 0.0244    ndcg@2 : 0.0216    ndcg@3 : 0.0248    ndcg@4 : 0.0291    ndcg@5 : 0.0319    ndcg@10 : 0.0437    ndcg@20 : 0.0574    ndcg@30 : 0.0703    ndcg@50 : 0.0898    precision@1 : 0.0244    precision@2 : 0.0176    precision@3 : 0.0177    precision@4 : 0.0188    precision@5 : 0.018    precision@10 : 0.0162    precision@20 : 0.0135    precision@30 : 0.0132    precision@50 : 0.0119    map@1 : 0.0244    map@2 : 0.0183    map@3 : 0.0187    map@4 : 0.0202    map@5 : 0.0211    map@10 : 0.0252    map@20 : 0.0284    map@30 : 0.0309    map@50 : 0.0338
Sun 15 Mar 2026 22:52:24 INFO  Saving current: saved/SCL-Mar-15-2026_22-52-21.pth
Sun 15 Mar 2026 22:52:24 INFO  Saving current best: saved/SCL-Mar-15-2026_22-52-21.pth
Sun 15 Mar 2026 22:52:24 INFO  Running E-step ! 
Sun 15 Mar 2026 22:52:24 INFO  epoch 5 training [time: 0.19s, train_loss1: 5.5399, train_loss2: 0.0092, train_loss3: 0.0110]
Sun 15 Mar 2026 22:52:25 INFO  epoch 5 evaluating [time: 0.15s, valid_score: 0.046200]
Sun 15 Mar 2026 22:52:25 INFO  valid result: 
recall@1 : 0.0115    recall@2 : 0.0156    recall@3 : 0.0229    recall@4 : 0.0357    recall@5 : 0.0475    recall@10 : 0.0798    recall@20 : 0.1298    recall@30 : 0.1725    recall@50 : 0.2631    ndcg@1 : 0.0262    ndcg@2 : 0.0232    ndcg@3 : 0.0251    ndcg@4 : 0.0306    ndcg@5 : 0.035    ndcg@10 : 0.0462    ndcg@20 : 0.0609    ndcg@30 : 0.0726    ndcg@50 : 0.0935    precision@1 : 0.0262    precision@2 : 0.0188    precision@3 : 0.0177    precision@4 : 0.0195    precision@5 : 0.02    precision@10 : 0.017    precision@20 : 0.0142    precision@30 : 0.0134    precision@50 : 0.0124    map@1 : 0.0262    map@2 : 0.02    map@3 : 0.0193    map@4 : 0.0215    map@5 : 0.0232    map@10 : 0.0268    map@20 : 0.0304    map@30 : 0.0326    map@50 : 0.0358
Sun 15 Mar 2026 22:52:25 INFO  Saving current: saved/SCL-Mar-15-2026_22-52-21.pth
Sun 15 Mar 2026 22:52:25 INFO  Saving current best: saved/SCL-Mar-15-2026_22-52-21.pth
Sun 15 Mar 2026 22:52:25 INFO  Running E-step ! 
Sun 15 Mar 2026 22:52:25 INFO  epoch 6 training [time: 0.20s, train_loss1: 5.5390, train_loss2: 0.0083, train_loss3: 0.0109]
Sun 15 Mar 2026 22:52:25 INFO  epoch 6 evaluating [time: 0.15s, valid_score: 0.048600]
Sun 15 Mar 2026 22:52:25 INFO  valid result: 
recall@1 : 0.0132    recall@2 : 0.0168    recall@3 : 0.0282    recall@4 : 0.0389    recall@5 : 0.0482    recall@10 : 0.0816    recall@20 : 0.1348    recall@30 : 0.1799    recall@50 : 0.2696    ndcg@1 : 0.0286    ndcg@2 : 0.026    ndcg@3 : 0.0298    ndcg@4 : 0.0339    ndcg@5 : 0.0374    ndcg@10 : 0.0486    ndcg@20 : 0.0647    ndcg@30 : 0.0767    ndcg@50 : 0.0974    precision@1 : 0.0286    precision@2 : 0.0215    precision@3 : 0.0213    precision@4 : 0.0215    precision@5 : 0.0213    precision@10 : 0.0176    precision@20 : 0.0152    precision@30 : 0.014    precision@50 : 0.0127    map@1 : 0.0286    map@2 : 0.0222    map@3 : 0.0227    map@4 : 0.024    map@5 : 0.0251    map@10 : 0.0287    map@20 : 0.0327    map@30 : 0.0351    map@50 : 0.0383
Sun 15 Mar 2026 22:52:25 INFO  Saving current: saved/SCL-Mar-15-2026_22-52-21.pth
Sun 15 Mar 2026 22:52:25 INFO  Saving current best: saved/SCL-Mar-15-2026_22-52-21.pth
Sun 15 Mar 2026 22:52:25 INFO  Running E-step ! 
Sun 15 Mar 2026 22:52:25 INFO  epoch 7 training [time: 0.19s, train_loss1: 5.5378, train_loss2: 0.0076, train_loss3: 0.0108]
Sun 15 Mar 2026 22:52:25 INFO  epoch 7 evaluating [time: 0.15s, valid_score: 0.052400]
Sun 15 Mar 2026 22:52:25 INFO  valid result: 
recall@1 : 0.0138    recall@2 : 0.0191    recall@3 : 0.0321    recall@4 : 0.0436    recall@5 : 0.0519    recall@10 : 0.087    recall@20 : 0.1413    recall@30 : 0.1906    recall@50 : 0.2743    ndcg@1 : 0.031    ndcg@2 : 0.0289    ndcg@3 : 0.0338    ndcg@4 : 0.0378    ndcg@5 : 0.0405    ndcg@10 : 0.0524    ndcg@20 : 0.0688    ndcg@30 : 0.0818    ndcg@50 : 0.1014    precision@1 : 0.031    precision@2 : 0.0241    precision@3 : 0.025    precision@4 : 0.0243    precision@5 : 0.0226    precision@10 : 0.019    precision@20 : 0.016    precision@30 : 0.0148    precision@50 : 0.013    map@1 : 0.031    map@2 : 0.0243    map@3 : 0.0252    map@4 : 0.0265    map@5 : 0.0273    map@10 : 0.0309    map@20 : 0.0351    map@30 : 0.0377    map@50 : 0.0408
Sun 15 Mar 2026 22:52:25 INFO  Saving current: saved/SCL-Mar-15-2026_22-52-21.pth
Sun 15 Mar 2026 22:52:25 INFO  Saving current best: saved/SCL-Mar-15-2026_22-52-21.pth
Sun 15 Mar 2026 22:52:25 INFO  Running E-step ! 
Sun 15 Mar 2026 22:52:25 INFO  epoch 8 training [time: 0.19s, train_loss1: 5.5364, train_loss2: 0.0070, train_loss3: 0.0108]
Sun 15 Mar 2026 22:52:26 INFO  epoch 8 evaluating [time: 0.15s, valid_score: 0.057000]
Sun 15 Mar 2026 22:52:26 INFO  valid result: 
recall@1 : 0.015    recall@2 : 0.0251    recall@3 : 0.0362    recall@4 : 0.0444    recall@5 : 0.0538    recall@10 : 0.093    recall@20 : 0.1515    recall@30 : 0.2019    recall@50 : 0.2886    ndcg@1 : 0.0346    ndcg@2 : 0.035    ndcg@3 : 0.0386    ndcg@4 : 0.0407    ndcg@5 : 0.0437    ndcg@10 : 0.057    ndcg@20 : 0.0749    ndcg@30 : 0.0883    ndcg@50 : 0.1083    precision@1 : 0.0346    precision@2 : 0.0295    precision@3 : 0.0286    precision@4 : 0.0258    precision@5 : 0.0241    precision@10 : 0.0205    precision@20 : 0.0176    precision@30 : 0.0159    precision@50 : 0.0137    map@1 : 0.0346    map@2 : 0.0289    map@3 : 0.0289    map@4 : 0.029    map@5 : 0.0298    map@10 : 0.0342    map@20 : 0.0387    map@30 : 0.0414    map@50 : 0.0446
Sun 15 Mar 2026 22:52:26 INFO  Saving current: saved/SCL-Mar-15-2026_22-52-21.pth
Sun 15 Mar 2026 22:52:26 INFO  Saving current best: saved/SCL-Mar-15-2026_22-52-21.pth
Sun 15 Mar 2026 22:52:26 INFO  Running E-step ! 
Sun 15 Mar 2026 22:52:26 INFO  epoch 9 training [time: 0.18s, train_loss1: 5.5347, train_loss2: 0.0066, train_loss3: 0.0107]
Sun 15 Mar 2026 22:52:26 INFO  epoch 9 evaluating [time: 0.15s, valid_score: 0.064400]
Sun 15 Mar 2026 22:52:26 INFO  valid result: 
recall@1 : 0.0164    recall@2 : 0.0291    recall@3 : 0.04    recall@4 : 0.0505    recall@5 : 0.0597    recall@10 : 0.1055    recall@20 : 0.1602    recall@30 : 0.214    recall@50 : 0.3056    ndcg@1 : 0.0381    ndcg@2 : 0.0398    ndcg@3 : 0.0429    ndcg@4 : 0.0459    ndcg@5 : 0.0487    ndcg@10 : 0.0644    ndcg@20 : 0.0814    ndcg@30 : 0.0956    ndcg@50 : 0.1165    precision@1 : 0.0381    precision@2 : 0.0337    precision@3 : 0.0316    precision@4 : 0.0292    precision@5 : 0.0272    precision@10 : 0.0233    precision@20 : 0.019    precision@30 : 0.0169    precision@50 : 0.0144    map@1 : 0.0381    map@2 : 0.0331    map@3 : 0.0323    map@4 : 0.0326    map@5 : 0.0333    map@10 : 0.0386    map@20 : 0.043    map@30 : 0.046    map@50 : 0.0494
Sun 15 Mar 2026 22:52:26 INFO  Saving current: saved/SCL-Mar-15-2026_22-52-21.pth
Sun 15 Mar 2026 22:52:26 INFO  Saving current best: saved/SCL-Mar-15-2026_22-52-21.pth
Sun 15 Mar 2026 22:52:26 INFO  Running E-step ! 
Sun 15 Mar 2026 22:52:26 INFO  epoch 10 training [time: 0.18s, train_loss1: 5.5326, train_loss2: 0.0064, train_loss3: 0.0107]
Sun 15 Mar 2026 22:52:26 INFO  epoch 10 evaluating [time: 0.15s, valid_score: 0.073300]
Sun 15 Mar 2026 22:52:26 INFO  valid result: 
recall@1 : 0.0189    recall@2 : 0.0362    recall@3 : 0.0518    recall@4 : 0.0624    recall@5 : 0.0724    recall@10 : 0.1153    recall@20 : 0.175    recall@30 : 0.2342    recall@50 : 0.3182    ndcg@1 : 0.0429    ndcg@2 : 0.0471    ndcg@3 : 0.0523    ndcg@4 : 0.0555    ndcg@5 : 0.0585    ndcg@10 : 0.0733    ndcg@20 : 0.0916    ndcg@30 : 0.1073    ndcg@50 : 0.1267    precision@1 : 0.0429    precision@2 : 0.0399    precision@3 : 0.0383    precision@4 : 0.0355    precision@5 : 0.0324    precision@10 : 0.026    precision@20 : 0.0207    precision@30 : 0.0187    precision@50 : 0.0152    map@1 : 0.0429    map@2 : 0.0392    map@3 : 0.0396    map@4 : 0.0397    map@5 : 0.0404    map@10 : 0.0453    map@20 : 0.0504    map@30 : 0.0538    map@50 : 0.0569
Sun 15 Mar 2026 22:52:26 INFO  Saving current: saved/SCL-Mar-15-2026_22-52-21.pth
Sun 15 Mar 2026 22:52:26 INFO  Saving current best: saved/SCL-Mar-15-2026_22-52-21.pth
Sun 15 Mar 2026 22:52:26 INFO  Running E-step ! 
Sun 15 Mar 2026 22:52:27 INFO  epoch 11 training [time: 0.18s, train_loss1: 5.5300, train_loss2: 0.0064, train_loss3: 0.0106]
Sun 15 Mar 2026 22:52:27 INFO  epoch 11 evaluating [time: 0.15s, valid_score: 0.083500]
Sun 15 Mar 2026 22:52:27 INFO  valid result: 
recall@1 : 0.0236    recall@2 : 0.0448    recall@3 : 0.0603    recall@4 : 0.0714    recall@5 : 0.0832    recall@10 : 0.1254    recall@20 : 0.1962    recall@30 : 0.2537    recall@50 : 0.3431    ndcg@1 : 0.0513    ndcg@2 : 0.0576    ndcg@3 : 0.0622    ndcg@4 : 0.0648    ndcg@5 : 0.0689    ndcg@10 : 0.0835    ndcg@20 : 0.1052    ndcg@30 : 0.1202    ndcg@50 : 0.1409    precision@1 : 0.0513    precision@2 : 0.0495    precision@3 : 0.0457    precision@4 : 0.0404    precision@5 : 0.0381    precision@10 : 0.0291    precision@20 : 0.0235    precision@30 : 0.0202    precision@50 : 0.0164    map@1 : 0.0513    map@2 : 0.0477    map@3 : 0.0476    map@4 : 0.0473    map@5 : 0.0483    map@10 : 0.0533    map@20 : 0.0594    map@30 : 0.0627    map@50 : 0.0662
Sun 15 Mar 2026 22:52:27 INFO  Saving current: saved/SCL-Mar-15-2026_22-52-21.pth
Sun 15 Mar 2026 22:52:27 INFO  Saving current best: saved/SCL-Mar-15-2026_22-52-21.pth
Sun 15 Mar 2026 22:52:27 INFO  Running E-step ! 
Sun 15 Mar 2026 22:52:27 INFO  epoch 12 training [time: 0.19s, train_loss1: 5.5267, train_loss2: 0.0065, train_loss3: 0.0106]
Sun 15 Mar 2026 22:52:27 INFO  epoch 12 evaluating [time: 0.15s, valid_score: 0.099000]
Sun 15 Mar 2026 22:52:27 INFO  valid result: 
recall@1 : 0.0306    recall@2 : 0.0518    recall@3 : 0.069    recall@4 : 0.0812    recall@5 : 0.0965    recall@10 : 0.1466    recall@20 : 0.2248    recall@30 : 0.2783    recall@50 : 0.3671    ndcg@1 : 0.0644    ndcg@2 : 0.0683    ndcg@3 : 0.0728    ndcg@4 : 0.0759    ndcg@5 : 0.0817    ndcg@10 : 0.099    ndcg@20 : 0.1226    ndcg@30 : 0.137    ndcg@50 : 0.1577    precision@1 : 0.0644    precision@2 : 0.0575    precision@3 : 0.0526    precision@4 : 0.0471    precision@5 : 0.0453    precision@10 : 0.0344    precision@20 : 0.0266    precision@30 : 0.0224    precision@50 : 0.0178    map@1 : 0.0644    map@2 : 0.0575    map@3 : 0.0565    map@4 : 0.0563    map@5 : 0.0585    map@10 : 0.0644    map@20 : 0.0713    map@30 : 0.0746    map@50 : 0.0782
Sun 15 Mar 2026 22:52:27 INFO  Saving current: saved/SCL-Mar-15-2026_22-52-21.pth
Sun 15 Mar 2026 22:52:27 INFO  Saving current best: saved/SCL-Mar-15-2026_22-52-21.pth
Sun 15 Mar 2026 22:52:27 INFO  Running E-step ! 
Sun 15 Mar 2026 22:52:27 INFO  epoch 13 training [time: 0.17s, train_loss1: 5.5222, train_loss2: 0.0070, train_loss3: 0.0105]
Sun 15 Mar 2026 22:52:27 INFO  epoch 13 evaluating [time: 0.15s, valid_score: 0.117900]
Sun 15 Mar 2026 22:52:27 INFO  valid result: 
recall@1 : 0.0351    recall@2 : 0.063    recall@3 : 0.0807    recall@4 : 0.0985    recall@5 : 0.1154    recall@10 : 0.177    recall@20 : 0.2577    recall@30 : 0.3128    recall@50 : 0.4057    ndcg@1 : 0.0739    ndcg@2 : 0.0809    ndcg@3 : 0.0849    ndcg@4 : 0.0903    ndcg@5 : 0.0963    ndcg@10 : 0.1179    ndcg@20 : 0.1425    ndcg@30 : 0.1572    ndcg@50 : 0.1789    precision@1 : 0.0739    precision@2 : 0.0691    precision@3 : 0.0616    precision@4 : 0.0562    precision@5 : 0.0527    precision@10 : 0.041    precision@20 : 0.0306    precision@30 : 0.0251    precision@50 : 0.0197    map@1 : 0.0739    map@2 : 0.0684    map@3 : 0.0667    map@4 : 0.0678    map@5 : 0.0697    map@10 : 0.0775    map@20 : 0.0849    map@30 : 0.0885    map@50 : 0.0925
Sun 15 Mar 2026 22:52:27 INFO  Saving current: saved/SCL-Mar-15-2026_22-52-21.pth
Sun 15 Mar 2026 22:52:27 INFO  Saving current best: saved/SCL-Mar-15-2026_22-52-21.pth
Sun 15 Mar 2026 22:52:27 INFO  Running E-step ! 
Sun 15 Mar 2026 22:52:28 INFO  epoch 14 training [time: 0.19s, train_loss1: 5.5164, train_loss2: 0.0080, train_loss3: 0.0105]
Sun 15 Mar 2026 22:52:28 INFO  epoch 14 evaluating [time: 0.15s, valid_score: 0.140300]
Sun 15 Mar 2026 22:52:28 INFO  valid result: 
recall@1 : 0.0405    recall@2 : 0.0729    recall@3 : 0.0972    recall@4 : 0.1185    recall@5 : 0.1428    recall@10 : 0.2117    recall@20 : 0.2969    recall@30 : 0.3572    recall@50 : 0.448    ndcg@1 : 0.0864    ndcg@2 : 0.093    ndcg@3 : 0.1001    ndcg@4 : 0.1065    ndcg@5 : 0.1153    ndcg@10 : 0.1403    ndcg@20 : 0.1663    ndcg@30 : 0.1822    ndcg@50 : 0.2037    precision@1 : 0.0864    precision@2 : 0.0793    precision@3 : 0.0725    precision@4 : 0.0659    precision@5 : 0.0627    precision@10 : 0.049    precision@20 : 0.0354    precision@30 : 0.0285    precision@50 : 0.0218    map@1 : 0.0864    map@2 : 0.0791    map@3 : 0.079    map@4 : 0.0801    map@5 : 0.0835    map@10 : 0.0933    map@20 : 0.1013    map@30 : 0.1053    map@50 : 0.1094
Sun 15 Mar 2026 22:52:28 INFO  Saving current: saved/SCL-Mar-15-2026_22-52-21.pth
Sun 15 Mar 2026 22:52:28 INFO  Saving current best: saved/SCL-Mar-15-2026_22-52-21.pth
Sun 15 Mar 2026 22:52:28 INFO  Running E-step ! 
Sun 15 Mar 2026 22:52:28 INFO  epoch 15 training [time: 0.17s, train_loss1: 5.5079, train_loss2: 0.0096, train_loss3: 0.0104]
Sun 15 Mar 2026 22:52:28 INFO  epoch 15 evaluating [time: 0.15s, valid_score: 0.165700]
Sun 15 Mar 2026 22:52:28 INFO  valid result: 
recall@1 : 0.0463    recall@2 : 0.0914    recall@3 : 0.1229    recall@4 : 0.1475    recall@5 : 0.1718    recall@10 : 0.2492    recall@20 : 0.3487    recall@30 : 0.4173    recall@50 : 0.5043    ndcg@1 : 0.0954    ndcg@2 : 0.1106    ndcg@3 : 0.1202    ndcg@4 : 0.1285    ndcg@5 : 0.1375    ndcg@10 : 0.1657    ndcg@20 : 0.1963    ndcg@30 : 0.2147    ndcg@50 : 0.2353    precision@1 : 0.0954    precision@2 : 0.0951    precision@3 : 0.0858    precision@4 : 0.0788    precision@5 : 0.0741    precision@10 : 0.0572    precision@20 : 0.0413    precision@30 : 0.0334    precision@50 : 0.0245    map@1 : 0.0954    map@2 : 0.0939    map@3 : 0.0948    map@4 : 0.0973    map@5 : 0.1011    map@10 : 0.1123    map@20 : 0.1223    map@30 : 0.1272    map@50 : 0.1315
Sun 15 Mar 2026 22:52:28 INFO  Saving current: saved/SCL-Mar-15-2026_22-52-21.pth
Sun 15 Mar 2026 22:52:28 INFO  Saving current best: saved/SCL-Mar-15-2026_22-52-21.pth
Sun 15 Mar 2026 22:52:28 INFO  Running E-step ! 
Sun 15 Mar 2026 22:52:28 INFO  epoch 16 training [time: 0.17s, train_loss1: 5.4947, train_loss2: 0.0123, train_loss3: 0.0104]
Sun 15 Mar 2026 22:52:28 INFO  epoch 16 evaluating [time: 0.15s, valid_score: 0.200400]
Sun 15 Mar 2026 22:52:28 INFO  valid result: 
recall@1 : 0.0631    recall@2 : 0.1067    recall@3 : 0.1443    recall@4 : 0.1765    recall@5 : 0.2011    recall@10 : 0.3007    recall@20 : 0.4156    recall@30 : 0.4836    recall@50 : 0.5779    ndcg@1 : 0.1228    ndcg@2 : 0.1295    ndcg@3 : 0.1435    ndcg@4 : 0.1552    ndcg@5 : 0.1644    ndcg@10 : 0.2004    ndcg@20 : 0.2357    ndcg@30 : 0.2541    ndcg@50 : 0.276    precision@1 : 0.1228    precision@2 : 0.1055    precision@3 : 0.0993    precision@4 : 0.0934    precision@5 : 0.0871    precision@10 : 0.0675    precision@20 : 0.0483    precision@30 : 0.0381    precision@50 : 0.0274    map@1 : 0.1228    map@2 : 0.1117    map@3 : 0.1155    map@4 : 0.1197    map@5 : 0.1236    map@10 : 0.1387    map@20 : 0.1508    map@30 : 0.1559    map@50 : 0.1606
Sun 15 Mar 2026 22:52:28 INFO  Saving current: saved/SCL-Mar-15-2026_22-52-21.pth
Sun 15 Mar 2026 22:52:28 INFO  Saving current best: saved/SCL-Mar-15-2026_22-52-21.pth
Sun 15 Mar 2026 22:52:28 INFO  Running E-step ! 
Sun 15 Mar 2026 22:52:29 INFO  epoch 17 training [time: 0.17s, train_loss1: 5.4739, train_loss2: 0.0162, train_loss3: 0.0104]
Sun 15 Mar 2026 22:52:29 INFO  epoch 17 evaluating [time: 0.15s, valid_score: 0.241000]
Sun 15 Mar 2026 22:52:29 INFO  valid result: 
recall@1 : 0.0767    recall@2 : 0.132    recall@3 : 0.1751    recall@4 : 0.2116    recall@5 : 0.2448    recall@10 : 0.3682    recall@20 : 0.4895    recall@30 : 0.5627    recall@50 : 0.6521    ndcg@1 : 0.1442    ndcg@2 : 0.1568    ndcg@3 : 0.1701    ndcg@4 : 0.1836    ndcg@5 : 0.1959    ndcg@10 : 0.241    ndcg@20 : 0.2781    ndcg@30 : 0.2975    ndcg@50 : 0.3183    precision@1 : 0.1442    precision@2 : 0.1263    precision@3 : 0.1132    precision@4 : 0.1059    precision@5 : 0.0988    precision@10 : 0.0787    precision@20 : 0.0545    precision@30 : 0.0425    precision@50 : 0.0298    map@1 : 0.1442    map@2 : 0.1363    map@3 : 0.1379    map@4 : 0.1433    map@5 : 0.1485    map@10 : 0.1679    map@20 : 0.1811    map@30 : 0.1867    map@50 : 0.1911
Sun 15 Mar 2026 22:52:29 INFO  Saving current: saved/SCL-Mar-15-2026_22-52-21.pth
Sun 15 Mar 2026 22:52:29 INFO  Saving current best: saved/SCL-Mar-15-2026_22-52-21.pth
Sun 15 Mar 2026 22:52:29 INFO  Running E-step ! 
Sun 15 Mar 2026 22:52:29 INFO  epoch 18 training [time: 0.18s, train_loss1: 5.4371, train_loss2: 0.0227, train_loss3: 0.0104]
Sun 15 Mar 2026 22:52:29 INFO  epoch 18 evaluating [time: 0.15s, valid_score: 0.282200]
Sun 15 Mar 2026 22:52:29 INFO  valid result: 
recall@1 : 0.1018    recall@2 : 0.1556    recall@3 : 0.2076    recall@4 : 0.2557    recall@5 : 0.2966    recall@10 : 0.429    recall@20 : 0.5607    recall@30 : 0.6246    recall@50 : 0.7074    ndcg@1 : 0.183    ndcg@2 : 0.1847    ndcg@3 : 0.2018    ndcg@4 : 0.219    ndcg@5 : 0.2343    ndcg@10 : 0.2822    ndcg@20 : 0.3226    ndcg@30 : 0.3399    ndcg@50 : 0.3591    precision@1 : 0.183    precision@2 : 0.1418    precision@3 : 0.1273    precision@4 : 0.1178    precision@5 : 0.1106    precision@10 : 0.0854    precision@20 : 0.0591    precision@30 : 0.0451    precision@50 : 0.031    map@1 : 0.183    map@2 : 0.1621    map@3 : 0.1666    map@4 : 0.1736    map@5 : 0.1801    map@10 : 0.2007    map@20 : 0.2151    map@30 : 0.2203    map@50 : 0.2245
Sun 15 Mar 2026 22:52:29 INFO  Saving current: saved/SCL-Mar-15-2026_22-52-21.pth
Sun 15 Mar 2026 22:52:29 INFO  Saving current best: saved/SCL-Mar-15-2026_22-52-21.pth
Sun 15 Mar 2026 22:52:29 INFO  Running E-step ! 
Sun 15 Mar 2026 22:52:29 INFO  epoch 19 training [time: 0.17s, train_loss1: 5.3579, train_loss2: 0.0309, train_loss3: 0.0104]
Sun 15 Mar 2026 22:52:29 INFO  epoch 19 evaluating [time: 0.14s, valid_score: 0.305400]
Sun 15 Mar 2026 22:52:29 INFO  valid result: 
recall@1 : 0.1179    recall@2 : 0.1957    recall@3 : 0.2493    recall@4 : 0.2877    recall@5 : 0.3193    recall@10 : 0.4535    recall@20 : 0.6023    recall@30 : 0.6586    recall@50 : 0.7342    ndcg@1 : 0.1937    ndcg@2 : 0.216    ndcg@3 : 0.2337    ndcg@4 : 0.2466    ndcg@5 : 0.2581    ndcg@10 : 0.3054    ndcg@20 : 0.3502    ndcg@30 : 0.3658    ndcg@50 : 0.3841    precision@1 : 0.1937    precision@2 : 0.1636    precision@3 : 0.1424    precision@4 : 0.1263    precision@5 : 0.1148    precision@10 : 0.0859    precision@20 : 0.0605    precision@30 : 0.0456    precision@50 : 0.0315    map@1 : 0.1937    map@2 : 0.1907    map@3 : 0.1949    map@4 : 0.199    map@5 : 0.2038    map@10 : 0.2234    map@20 : 0.239    map@30 : 0.2437    map@50 : 0.2481
Sun 15 Mar 2026 22:52:29 INFO  Saving current: saved/SCL-Mar-15-2026_22-52-21.pth
Sun 15 Mar 2026 22:52:29 INFO  Saving current best: saved/SCL-Mar-15-2026_22-52-21.pth
Sun 15 Mar 2026 22:52:29 INFO  Running E-step ! 
Sun 15 Mar 2026 22:52:30 INFO  epoch 20 training [time: 0.20s, train_loss1: 5.2000, train_loss2: 0.0352, train_loss3: 0.0105, train_loss4: 0.0000]
Sun 15 Mar 2026 22:52:30 INFO  epoch 20 evaluating [time: 0.16s, valid_score: 0.309800]
Sun 15 Mar 2026 22:52:30 INFO  valid result: 
recall@1 : 0.1178    recall@2 : 0.2028    recall@3 : 0.2525    recall@4 : 0.297    recall@5 : 0.3388    recall@10 : 0.4598    recall@20 : 0.6    recall@30 : 0.6693    recall@50 : 0.7459    ndcg@1 : 0.1937    ndcg@2 : 0.2201    ndcg@3 : 0.2353    ndcg@4 : 0.2517    ndcg@5 : 0.2675    ndcg@10 : 0.3098    ndcg@20 : 0.3517    ndcg@30 : 0.3702    ndcg@50 : 0.389    precision@1 : 0.1937    precision@2 : 0.1663    precision@3 : 0.1416    precision@4 : 0.1293    precision@5 : 0.1198    precision@10 : 0.0861    precision@20 : 0.0594    precision@30 : 0.0453    precision@50 : 0.0315    map@1 : 0.1937    map@2 : 0.1938    map@3 : 0.1964    map@4 : 0.2028    map@5 : 0.2097    map@10 : 0.2271    map@20 : 0.2414    map@30 : 0.2466    map@50 : 0.2511
Sun 15 Mar 2026 22:52:30 INFO  Saving current: saved/SCL-Mar-15-2026_22-52-21.pth
Sun 15 Mar 2026 22:52:30 INFO  Saving current best: saved/SCL-Mar-15-2026_22-52-21.pth
Sun 15 Mar 2026 22:52:30 INFO  Running E-step ! 
Sun 15 Mar 2026 22:52:30 INFO  epoch 21 training [time: 0.16s, train_loss1: 4.9482, train_loss2: 0.0367, train_loss3: 0.0106, train_loss4: 0.0000]
Sun 15 Mar 2026 22:52:30 INFO  epoch 21 evaluating [time: 0.15s, valid_score: 0.312900]
Sun 15 Mar 2026 22:52:30 INFO  valid result: 
recall@1 : 0.1139    recall@2 : 0.2027    recall@3 : 0.2655    recall@4 : 0.3076    recall@5 : 0.3474    recall@10 : 0.468    recall@20 : 0.6051    recall@30 : 0.6846    recall@50 : 0.7616    ndcg@1 : 0.1925    ndcg@2 : 0.2192    ndcg@3 : 0.2407    ndcg@4 : 0.2558    ndcg@5 : 0.2708    ndcg@10 : 0.3129    ndcg@20 : 0.3532    ndcg@30 : 0.3744    ndcg@50 : 0.3933    precision@1 : 0.1925    precision@2 : 0.166    precision@3 : 0.1458    precision@4 : 0.1316    precision@5 : 0.1213    precision@10 : 0.0866    precision@20 : 0.0586    precision@30 : 0.0456    precision@50 : 0.0317    map@1 : 0.1925    map@2 : 0.1926    map@3 : 0.1991    map@4 : 0.2044    map@5 : 0.2109    map@10 : 0.2282    map@20 : 0.2416    map@30 : 0.2475    map@50 : 0.252
Sun 15 Mar 2026 22:52:30 INFO  Saving current: saved/SCL-Mar-15-2026_22-52-21.pth
Sun 15 Mar 2026 22:52:30 INFO  Saving current best: saved/SCL-Mar-15-2026_22-52-21.pth
Sun 15 Mar 2026 22:52:30 INFO  Running E-step ! 
Sun 15 Mar 2026 22:52:30 INFO  epoch 22 training [time: 0.18s, train_loss1: 4.6050, train_loss2: 0.0373, train_loss3: 0.0107, train_loss4: 0.0000]
Sun 15 Mar 2026 22:52:31 INFO  epoch 22 evaluating [time: 0.15s, valid_score: 0.315600]
Sun 15 Mar 2026 22:52:31 INFO  valid result: 
recall@1 : 0.1131    recall@2 : 0.2039    recall@3 : 0.2678    recall@4 : 0.3155    recall@5 : 0.3536    recall@10 : 0.4742    recall@20 : 0.6061    recall@30 : 0.6823    recall@50 : 0.764    ndcg@1 : 0.1913    ndcg@2 : 0.2197    ndcg@3 : 0.2415    ndcg@4 : 0.2591    ndcg@5 : 0.2736    ndcg@10 : 0.3156    ndcg@20 : 0.3541    ndcg@30 : 0.3745    ndcg@50 : 0.3945    precision@1 : 0.1913    precision@2 : 0.1669    precision@3 : 0.1464    precision@4 : 0.1333    precision@5 : 0.1226    precision@10 : 0.0871    precision@20 : 0.0582    precision@30 : 0.0451    precision@50 : 0.0316    map@1 : 0.1913    map@2 : 0.1931    map@3 : 0.1995    map@4 : 0.2063    map@5 : 0.2125    map@10 : 0.2299    map@20 : 0.2425    map@30 : 0.2482    map@50 : 0.2528
Sun 15 Mar 2026 22:52:31 INFO  Saving current: saved/SCL-Mar-15-2026_22-52-21.pth
Sun 15 Mar 2026 22:52:31 INFO  Saving current best: saved/SCL-Mar-15-2026_22-52-21.pth
Sun 15 Mar 2026 22:52:31 INFO  Running E-step ! 
Sun 15 Mar 2026 22:52:31 INFO  epoch 23 training [time: 0.19s, train_loss1: 4.2766, train_loss2: 0.0375, train_loss3: 0.0108, train_loss4: 0.0000]
Sun 15 Mar 2026 22:52:31 INFO  epoch 23 evaluating [time: 0.15s, valid_score: 0.315800]
Sun 15 Mar 2026 22:52:31 INFO  valid result: 
recall@1 : 0.1136    recall@2 : 0.2052    recall@3 : 0.2731    recall@4 : 0.3144    recall@5 : 0.3525    recall@10 : 0.4739    recall@20 : 0.6035    recall@30 : 0.681    recall@50 : 0.7638    ndcg@1 : 0.1907    ndcg@2 : 0.2204    ndcg@3 : 0.2444    ndcg@4 : 0.2592    ndcg@5 : 0.2738    ndcg@10 : 0.3158    ndcg@20 : 0.3536    ndcg@30 : 0.3742    ndcg@50 : 0.3946    precision@1 : 0.1907    precision@2 : 0.1675    precision@3 : 0.1484    precision@4 : 0.133    precision@5 : 0.1225    precision@10 : 0.0868    precision@20 : 0.0577    precision@30 : 0.0449    precision@50 : 0.0315    map@1 : 0.1907    map@2 : 0.1935    map@3 : 0.2014    map@4 : 0.2067    map@5 : 0.2131    map@10 : 0.2304    map@20 : 0.2427    map@30 : 0.2484    map@50 : 0.2531
Sun 15 Mar 2026 22:52:31 INFO  Saving current: saved/SCL-Mar-15-2026_22-52-21.pth
Sun 15 Mar 2026 22:52:31 INFO  Saving current best: saved/SCL-Mar-15-2026_22-52-21.pth
Sun 15 Mar 2026 22:52:31 INFO  Running E-step ! 
Sun 15 Mar 2026 22:52:31 INFO  epoch 24 training [time: 0.19s, train_loss1: 3.9432, train_loss2: 0.0378, train_loss3: 0.0109, train_loss4: 0.0000]
Sun 15 Mar 2026 22:52:31 INFO  epoch 24 evaluating [time: 0.15s, valid_score: 0.315400]
Sun 15 Mar 2026 22:52:31 INFO  valid result: 
recall@1 : 0.1149    recall@2 : 0.2057    recall@3 : 0.2727    recall@4 : 0.3124    recall@5 : 0.3502    recall@10 : 0.4717    recall@20 : 0.6026    recall@30 : 0.6743    recall@50 : 0.766    ndcg@1 : 0.1907    ndcg@2 : 0.2208    ndcg@3 : 0.2446    ndcg@4 : 0.2584    ndcg@5 : 0.2731    ndcg@10 : 0.3154    ndcg@20 : 0.3535    ndcg@30 : 0.3728    ndcg@50 : 0.395    precision@1 : 0.1907    precision@2 : 0.1675    precision@3 : 0.1484    precision@4 : 0.132    precision@5 : 0.1218    precision@10 : 0.0865    precision@20 : 0.0575    precision@30 : 0.0445    precision@50 : 0.0315    map@1 : 0.1907    map@2 : 0.194    map@3 : 0.202    map@4 : 0.2066    map@5 : 0.213    map@10 : 0.2306    map@20 : 0.243    map@30 : 0.2484    map@50 : 0.2534
Sun 15 Mar 2026 22:52:31 INFO  Running E-step ! 
Sun 15 Mar 2026 22:52:31 INFO  epoch 25 training [time: 0.17s, train_loss1: 3.6940, train_loss2: 0.0380, train_loss3: 0.0110, train_loss4: 0.0000]
Sun 15 Mar 2026 22:52:32 INFO  epoch 25 evaluating [time: 0.15s, valid_score: 0.315800]
Sun 15 Mar 2026 22:52:32 INFO  valid result: 
recall@1 : 0.1185    recall@2 : 0.2057    recall@3 : 0.2701    recall@4 : 0.3097    recall@5 : 0.351    recall@10 : 0.4691    recall@20 : 0.6014    recall@30 : 0.6713    recall@50 : 0.7698    ndcg@1 : 0.1955    ndcg@2 : 0.2221    ndcg@3 : 0.2449    ndcg@4 : 0.2583    ndcg@5 : 0.2743    ndcg@10 : 0.3158    ndcg@20 : 0.3542    ndcg@30 : 0.3733    ndcg@50 : 0.3967    precision@1 : 0.1955    precision@2 : 0.1672    precision@3 : 0.1476    precision@4 : 0.131    precision@5 : 0.1215    precision@10 : 0.0863    precision@20 : 0.0572    precision@30 : 0.0443    precision@50 : 0.0315    map@1 : 0.1955    map@2 : 0.1959    map@3 : 0.2032    map@4 : 0.2074    map@5 : 0.2145    map@10 : 0.2319    map@20 : 0.2444    map@30 : 0.2498    map@50 : 0.2549
Sun 15 Mar 2026 22:52:32 INFO  Saving current: saved/SCL-Mar-15-2026_22-52-21.pth
Sun 15 Mar 2026 22:52:32 INFO  Saving current best: saved/SCL-Mar-15-2026_22-52-21.pth
Sun 15 Mar 2026 22:52:32 INFO  Running E-step ! 
Sun 15 Mar 2026 22:52:32 INFO  epoch 26 training [time: 0.19s, train_loss1: 3.5023, train_loss2: 0.0382, train_loss3: 0.0110, train_loss4: 0.0000]
Sun 15 Mar 2026 22:52:32 INFO  epoch 26 evaluating [time: 0.15s, valid_score: 0.315300]
Sun 15 Mar 2026 22:52:32 INFO  valid result: 
recall@1 : 0.1189    recall@2 : 0.2055    recall@3 : 0.2688    recall@4 : 0.3083    recall@5 : 0.3487    recall@10 : 0.4685    recall@20 : 0.6025    recall@30 : 0.6709    recall@50 : 0.7724    ndcg@1 : 0.1955    ndcg@2 : 0.2219    ndcg@3 : 0.2441    ndcg@4 : 0.2576    ndcg@5 : 0.2732    ndcg@10 : 0.3153    ndcg@20 : 0.3541    ndcg@30 : 0.3728    ndcg@50 : 0.3968    precision@1 : 0.1955    precision@2 : 0.1669    precision@3 : 0.1468    precision@4 : 0.1305    precision@5 : 0.1207    precision@10 : 0.0861    precision@20 : 0.0573    precision@30 : 0.0443    precision@50 : 0.0316    map@1 : 0.1955    map@2 : 0.1959    map@3 : 0.2029    map@4 : 0.2071    map@5 : 0.214    map@10 : 0.2316    map@20 : 0.2442    map@30 : 0.2494    map@50 : 0.2547
Sun 15 Mar 2026 22:52:32 INFO  Running E-step ! 
Sun 15 Mar 2026 22:52:32 INFO  epoch 27 training [time: 0.19s, train_loss1: 3.3936, train_loss2: 0.0384, train_loss3: 0.0111, train_loss4: 0.0000]
Sun 15 Mar 2026 22:52:32 INFO  epoch 27 evaluating [time: 0.15s, valid_score: 0.316000]
Sun 15 Mar 2026 22:52:32 INFO  valid result: 
recall@1 : 0.1214    recall@2 : 0.2055    recall@3 : 0.2685    recall@4 : 0.3082    recall@5 : 0.3487    recall@10 : 0.4681    recall@20 : 0.6018    recall@30 : 0.671    recall@50 : 0.7723    ndcg@1 : 0.1985    ndcg@2 : 0.2227    ndcg@3 : 0.2448    ndcg@4 : 0.2585    ndcg@5 : 0.2741    ndcg@10 : 0.316    ndcg@20 : 0.3548    ndcg@30 : 0.3737    ndcg@50 : 0.3976    precision@1 : 0.1985    precision@2 : 0.1666    precision@3 : 0.1464    precision@4 : 0.1305    precision@5 : 0.1207    precision@10 : 0.0858    precision@20 : 0.0572    precision@30 : 0.0443    precision@50 : 0.0316    map@1 : 0.1985    map@2 : 0.1971    map@3 : 0.2039    map@4 : 0.2082    map@5 : 0.2152    map@10 : 0.2326    map@20 : 0.2453    map@30 : 0.2505    map@50 : 0.2558
Sun 15 Mar 2026 22:52:32 INFO  Saving current: saved/SCL-Mar-15-2026_22-52-21.pth
Sun 15 Mar 2026 22:52:32 INFO  Saving current best: saved/SCL-Mar-15-2026_22-52-21.pth
Sun 15 Mar 2026 22:52:32 INFO  Running E-step ! 
Sun 15 Mar 2026 22:52:32 INFO  epoch 28 training [time: 0.17s, train_loss1: 3.3292, train_loss2: 0.0386, train_loss3: 0.0111, train_loss4: 0.0000]
Sun 15 Mar 2026 22:52:33 INFO  epoch 28 evaluating [time: 0.15s, valid_score: 0.316400]
Sun 15 Mar 2026 22:52:33 INFO  valid result: 
recall@1 : 0.1228    recall@2 : 0.2054    recall@3 : 0.268    recall@4 : 0.3066    recall@5 : 0.3488    recall@10 : 0.4681    recall@20 : 0.6022    recall@30 : 0.6706    recall@50 : 0.7721    ndcg@1 : 0.2008    ndcg@2 : 0.2231    ndcg@3 : 0.2452    ndcg@4 : 0.2583    ndcg@5 : 0.2746    ndcg@10 : 0.3164    ndcg@20 : 0.3553    ndcg@30 : 0.374    ndcg@50 : 0.398    precision@1 : 0.2008    precision@2 : 0.1663    precision@3 : 0.1464    precision@4 : 0.1301    precision@5 : 0.1207    precision@10 : 0.0858    precision@20 : 0.0572    precision@30 : 0.0443    precision@50 : 0.0316    map@1 : 0.2008    map@2 : 0.1977    map@3 : 0.2045    map@4 : 0.2085    map@5 : 0.2157    map@10 : 0.2332    map@20 : 0.2458    map@30 : 0.251    map@50 : 0.2563
Sun 15 Mar 2026 22:52:33 INFO  Saving current: saved/SCL-Mar-15-2026_22-52-21.pth
Sun 15 Mar 2026 22:52:33 INFO  Saving current best: saved/SCL-Mar-15-2026_22-52-21.pth
Sun 15 Mar 2026 22:52:33 INFO  Running E-step ! 
Sun 15 Mar 2026 22:52:33 INFO  epoch 29 training [time: 0.16s, train_loss1: 3.2394, train_loss2: 0.0388, train_loss3: 0.0111, train_loss4: 0.0000]
Sun 15 Mar 2026 22:52:33 INFO  epoch 29 evaluating [time: 0.14s, valid_score: 0.316500]
Sun 15 Mar 2026 22:52:33 INFO  valid result: 
recall@1 : 0.124    recall@2 : 0.2052    recall@3 : 0.2688    recall@4 : 0.3069    recall@5 : 0.3486    recall@10 : 0.4664    recall@20 : 0.602    recall@30 : 0.6713    recall@50 : 0.7726    ndcg@1 : 0.202    ndcg@2 : 0.2233    ndcg@3 : 0.246    ndcg@4 : 0.2589    ndcg@5 : 0.275    ndcg@10 : 0.3165    ndcg@20 : 0.3557    ndcg@30 : 0.3747    ndcg@50 : 0.3986    precision@1 : 0.202    precision@2 : 0.166    precision@3 : 0.1468    precision@4 : 0.1302    precision@5 : 0.1206    precision@10 : 0.0858    precision@20 : 0.0572    precision@30 : 0.0443    precision@50 : 0.0316    map@1 : 0.202    map@2 : 0.1982    map@3 : 0.2053    map@4 : 0.2092    map@5 : 0.2163    map@10 : 0.2337    map@20 : 0.2464    map@30 : 0.2517    map@50 : 0.2569
Sun 15 Mar 2026 22:52:33 INFO  Saving current: saved/SCL-Mar-15-2026_22-52-21.pth
Sun 15 Mar 2026 22:52:33 INFO  Saving current best: saved/SCL-Mar-15-2026_22-52-21.pth
Sun 15 Mar 2026 22:52:33 INFO  Running E-step ! 
Sun 15 Mar 2026 22:52:33 INFO  epoch 30 training [time: 0.18s, train_loss1: 3.2612, train_loss2: 0.0389, train_loss3: 0.0111, train_loss4: 0.0000]
Sun 15 Mar 2026 22:52:33 INFO  epoch 30 evaluating [time: 0.15s, valid_score: 0.316300]
Sun 15 Mar 2026 22:52:33 INFO  valid result: 
recall@1 : 0.1234    recall@2 : 0.2048    recall@3 : 0.2686    recall@4 : 0.3071    recall@5 : 0.3483    recall@10 : 0.4667    recall@20 : 0.6015    recall@30 : 0.6712    recall@50 : 0.7727    ndcg@1 : 0.2014    ndcg@2 : 0.223    ndcg@3 : 0.2456    ndcg@4 : 0.2588    ndcg@5 : 0.2746    ndcg@10 : 0.3163    ndcg@20 : 0.3554    ndcg@30 : 0.3744    ndcg@50 : 0.3983    precision@1 : 0.2014    precision@2 : 0.166    precision@3 : 0.1466    precision@4 : 0.1304    precision@5 : 0.1206    precision@10 : 0.086    precision@20 : 0.0572    precision@30 : 0.0443    precision@50 : 0.0316    map@1 : 0.2014    map@2 : 0.1977    map@3 : 0.2049    map@4 : 0.2089    map@5 : 0.2159    map@10 : 0.2335    map@20 : 0.2461    map@30 : 0.2514    map@50 : 0.2566
Sun 15 Mar 2026 22:52:33 INFO  Running E-step ! 
Sun 15 Mar 2026 22:52:33 INFO  epoch 31 training [time: 0.18s, train_loss1: 3.2213, train_loss2: 0.0391, train_loss3: 0.0111, train_loss4: 0.0000]
Sun 15 Mar 2026 22:52:34 INFO  epoch 31 evaluating [time: 0.15s, valid_score: 0.315900]
Sun 15 Mar 2026 22:52:34 INFO  valid result: 
recall@1 : 0.1232    recall@2 : 0.2048    recall@3 : 0.268    recall@4 : 0.3065    recall@5 : 0.3474    recall@10 : 0.4661    recall@20 : 0.6005    recall@30 : 0.6706    recall@50 : 0.7717    ndcg@1 : 0.2008    ndcg@2 : 0.2228    ndcg@3 : 0.2452    ndcg@4 : 0.2584    ndcg@5 : 0.274    ndcg@10 : 0.3159    ndcg@20 : 0.3548    ndcg@30 : 0.3739    ndcg@50 : 0.3978    precision@1 : 0.2008    precision@2 : 0.166    precision@3 : 0.1464    precision@4 : 0.1302    precision@5 : 0.1204    precision@10 : 0.0859    precision@20 : 0.0572    precision@30 : 0.0443    precision@50 : 0.0316    map@1 : 0.2008    map@2 : 0.1976    map@3 : 0.2046    map@4 : 0.2086    map@5 : 0.2155    map@10 : 0.2331    map@20 : 0.2457    map@30 : 0.2511    map@50 : 0.2563
Sun 15 Mar 2026 22:52:34 INFO  Running E-step ! 
Sun 15 Mar 2026 22:52:34 INFO  epoch 32 training [time: 0.18s, train_loss1: 3.1930, train_loss2: 0.0392, train_loss3: 0.0111, train_loss4: 0.0000]
Sun 15 Mar 2026 22:52:34 INFO  epoch 32 evaluating [time: 0.15s, valid_score: 0.315900]
Sun 15 Mar 2026 22:52:34 INFO  valid result: 
recall@1 : 0.1232    recall@2 : 0.2049    recall@3 : 0.2682    recall@4 : 0.3061    recall@5 : 0.3476    recall@10 : 0.4661    recall@20 : 0.6    recall@30 : 0.6713    recall@50 : 0.7706    ndcg@1 : 0.2008    ndcg@2 : 0.223    ndcg@3 : 0.2454    ndcg@4 : 0.2582    ndcg@5 : 0.2742    ndcg@10 : 0.3159    ndcg@20 : 0.3547    ndcg@30 : 0.3741    ndcg@50 : 0.3976    precision@1 : 0.2008    precision@2 : 0.1663    precision@3 : 0.1466    precision@4 : 0.1299    precision@5 : 0.1205    precision@10 : 0.0859    precision@20 : 0.0572    precision@30 : 0.0444    precision@50 : 0.0316    map@1 : 0.2008    map@2 : 0.1977    map@3 : 0.2047    map@4 : 0.2084    map@5 : 0.2156    map@10 : 0.2331    map@20 : 0.2457    map@30 : 0.2511    map@50 : 0.2562
Sun 15 Mar 2026 22:52:34 INFO  Running E-step ! 
Sun 15 Mar 2026 22:52:34 INFO  epoch 33 training [time: 0.18s, train_loss1: 3.2019, train_loss2: 0.0393, train_loss3: 0.0111, train_loss4: 0.0000]
Sun 15 Mar 2026 22:52:34 INFO  epoch 33 evaluating [time: 0.15s, valid_score: 0.315800]
Sun 15 Mar 2026 22:52:34 INFO  valid result: 
recall@1 : 0.1228    recall@2 : 0.2047    recall@3 : 0.2688    recall@4 : 0.3055    recall@5 : 0.3477    recall@10 : 0.4662    recall@20 : 0.5995    recall@30 : 0.6711    recall@50 : 0.7692    ndcg@1 : 0.2008    ndcg@2 : 0.2227    ndcg@3 : 0.2456    ndcg@4 : 0.2578    ndcg@5 : 0.274    ndcg@10 : 0.3158    ndcg@20 : 0.3545    ndcg@30 : 0.3739    ndcg@50 : 0.3973    precision@1 : 0.2008    precision@2 : 0.166    precision@3 : 0.1468    precision@4 : 0.1298    precision@5 : 0.1204    precision@10 : 0.086    precision@20 : 0.0573    precision@30 : 0.0444    precision@50 : 0.0316    map@1 : 0.2008    map@2 : 0.1974    map@3 : 0.2047    map@4 : 0.2081    map@5 : 0.2154    map@10 : 0.2329    map@20 : 0.2454    map@30 : 0.2509    map@50 : 0.256
Sun 15 Mar 2026 22:52:34 INFO  Running E-step ! 
Sun 15 Mar 2026 22:52:34 INFO  epoch 34 training [time: 0.18s, train_loss1: 3.1825, train_loss2: 0.0394, train_loss3: 0.0111, train_loss4: 0.0000]
Sun 15 Mar 2026 22:52:35 INFO  epoch 34 evaluating [time: 0.15s, valid_score: 0.315700]
Sun 15 Mar 2026 22:52:35 INFO  valid result: 
recall@1 : 0.1228    recall@2 : 0.2042    recall@3 : 0.2689    recall@4 : 0.3059    recall@5 : 0.3476    recall@10 : 0.4661    recall@20 : 0.5993    recall@30 : 0.6721    recall@50 : 0.7685    ndcg@1 : 0.2008    ndcg@2 : 0.2226    ndcg@3 : 0.2455    ndcg@4 : 0.258    ndcg@5 : 0.274    ndcg@10 : 0.3157    ndcg@20 : 0.3544    ndcg@30 : 0.3742    ndcg@50 : 0.3972    precision@1 : 0.2008    precision@2 : 0.166    precision@3 : 0.1468    precision@4 : 0.1301    precision@5 : 0.1204    precision@10 : 0.0859    precision@20 : 0.0573    precision@30 : 0.0445    precision@50 : 0.0316    map@1 : 0.2008    map@2 : 0.1973    map@3 : 0.2046    map@4 : 0.2082    map@5 : 0.2154    map@10 : 0.2328    map@20 : 0.2454    map@30 : 0.251    map@50 : 0.256
Sun 15 Mar 2026 22:52:35 INFO  Running E-step ! 
Sun 15 Mar 2026 22:52:35 INFO  epoch 35 training [time: 0.17s, train_loss1: 3.1844, train_loss2: 0.0395, train_loss3: 0.0111, train_loss4: 0.0000]
Sun 15 Mar 2026 22:52:35 INFO  epoch 35 evaluating [time: 0.15s, valid_score: 0.316200]
Sun 15 Mar 2026 22:52:35 INFO  valid result: 
recall@1 : 0.1228    recall@2 : 0.2042    recall@3 : 0.269    recall@4 : 0.3069    recall@5 : 0.3479    recall@10 : 0.4673    recall@20 : 0.5998    recall@30 : 0.6714    recall@50 : 0.7656    ndcg@1 : 0.2008    ndcg@2 : 0.2226    ndcg@3 : 0.2457    ndcg@4 : 0.2584    ndcg@5 : 0.2742    ndcg@10 : 0.3162    ndcg@20 : 0.3547    ndcg@30 : 0.3742    ndcg@50 : 0.3968    precision@1 : 0.2008    precision@2 : 0.166    precision@3 : 0.147    precision@4 : 0.1302    precision@5 : 0.1205    precision@10 : 0.086    precision@20 : 0.0574    precision@30 : 0.0445    precision@50 : 0.0315    map@1 : 0.2008    map@2 : 0.1973    map@3 : 0.2047    map@4 : 0.2084    map@5 : 0.2155    map@10 : 0.2331    map@20 : 0.2456    map@30 : 0.2511    map@50 : 0.2561
Sun 15 Mar 2026 22:52:35 INFO  Running E-step ! 
Sun 15 Mar 2026 22:52:35 INFO  epoch 36 training [time: 0.17s, train_loss1: 3.1662, train_loss2: 0.0397, train_loss3: 0.0111, train_loss4: 0.0000]
Sun 15 Mar 2026 22:52:35 INFO  epoch 36 evaluating [time: 0.15s, valid_score: 0.316300]
Sun 15 Mar 2026 22:52:35 INFO  valid result: 
recall@1 : 0.1228    recall@2 : 0.2042    recall@3 : 0.2689    recall@4 : 0.3078    recall@5 : 0.348    recall@10 : 0.4672    recall@20 : 0.6003    recall@30 : 0.6714    recall@50 : 0.7642    ndcg@1 : 0.2008    ndcg@2 : 0.2226    ndcg@3 : 0.2455    ndcg@4 : 0.2588    ndcg@5 : 0.2742    ndcg@10 : 0.3163    ndcg@20 : 0.355    ndcg@30 : 0.3743    ndcg@50 : 0.3966    precision@1 : 0.2008    precision@2 : 0.166    precision@3 : 0.1468    precision@4 : 0.1305    precision@5 : 0.1205    precision@10 : 0.0861    precision@20 : 0.0575    precision@30 : 0.0445    precision@50 : 0.0315    map@1 : 0.2008    map@2 : 0.1973    map@3 : 0.2046    map@4 : 0.2087    map@5 : 0.2156    map@10 : 0.2332    map@20 : 0.2457    map@30 : 0.2512    map@50 : 0.2562
Sun 15 Mar 2026 22:52:35 INFO  Running E-step ! 
Sun 15 Mar 2026 22:52:35 INFO  epoch 37 training [time: 0.18s, train_loss1: 3.1696, train_loss2: 0.0398, train_loss3: 0.0111, train_loss4: 0.0000]
Sun 15 Mar 2026 22:52:36 INFO  epoch 37 evaluating [time: 0.15s, valid_score: 0.316500]
Sun 15 Mar 2026 22:52:36 INFO  valid result: 
recall@1 : 0.1226    recall@2 : 0.2042    recall@3 : 0.2698    recall@4 : 0.309    recall@5 : 0.3487    recall@10 : 0.4678    recall@20 : 0.6004    recall@30 : 0.6714    recall@50 : 0.7634    ndcg@1 : 0.2002    ndcg@2 : 0.2225    ndcg@3 : 0.2459    ndcg@4 : 0.2593    ndcg@5 : 0.2746    ndcg@10 : 0.3165    ndcg@20 : 0.3551    ndcg@30 : 0.3744    ndcg@50 : 0.3966    precision@1 : 0.2002    precision@2 : 0.166    precision@3 : 0.1472    precision@4 : 0.1308    precision@5 : 0.1209    precision@10 : 0.0862    precision@20 : 0.0575    precision@30 : 0.0445    precision@50 : 0.0315    map@1 : 0.2002    map@2 : 0.1971    map@3 : 0.2048    map@4 : 0.2089    map@5 : 0.2158    map@10 : 0.2334    map@20 : 0.2459    map@30 : 0.2513    map@50 : 0.2563
Sun 15 Mar 2026 22:52:36 INFO  Saving current: saved/SCL-Mar-15-2026_22-52-21.pth
Sun 15 Mar 2026 22:52:36 INFO  Saving current best: saved/SCL-Mar-15-2026_22-52-21.pth
Sun 15 Mar 2026 22:52:36 INFO  Running E-step ! 
Sun 15 Mar 2026 22:52:36 INFO  epoch 38 training [time: 0.18s, train_loss1: 3.1870, train_loss2: 0.0399, train_loss3: 0.0111, train_loss4: 0.0000]
Sun 15 Mar 2026 22:52:36 INFO  epoch 38 evaluating [time: 0.15s, valid_score: 0.316700]
Sun 15 Mar 2026 22:52:36 INFO  valid result: 
recall@1 : 0.1226    recall@2 : 0.2042    recall@3 : 0.2697    recall@4 : 0.3087    recall@5 : 0.349    recall@10 : 0.4684    recall@20 : 0.6005    recall@30 : 0.6715    recall@50 : 0.7635    ndcg@1 : 0.2002    ndcg@2 : 0.2225    ndcg@3 : 0.2458    ndcg@4 : 0.2591    ndcg@5 : 0.2747    ndcg@10 : 0.3167    ndcg@20 : 0.3552    ndcg@30 : 0.3744    ndcg@50 : 0.3967    precision@1 : 0.2002    precision@2 : 0.166    precision@3 : 0.147    precision@4 : 0.1307    precision@5 : 0.1211    precision@10 : 0.0864    precision@20 : 0.0576    precision@30 : 0.0445    precision@50 : 0.0315    map@1 : 0.2002    map@2 : 0.1971    map@3 : 0.2047    map@4 : 0.2088    map@5 : 0.2159    map@10 : 0.2335    map@20 : 0.2459    map@30 : 0.2514    map@50 : 0.2564
Sun 15 Mar 2026 22:52:36 INFO  Saving current: saved/SCL-Mar-15-2026_22-52-21.pth
Sun 15 Mar 2026 22:52:36 INFO  Saving current best: saved/SCL-Mar-15-2026_22-52-21.pth
Sun 15 Mar 2026 22:52:36 INFO  Running E-step ! 
Sun 15 Mar 2026 22:52:36 INFO  epoch 39 training [time: 0.18s, train_loss1: 3.1629, train_loss2: 0.0400, train_loss3: 0.0111, train_loss4: 0.0000]
Sun 15 Mar 2026 22:52:36 INFO  epoch 39 evaluating [time: 0.15s, valid_score: 0.316500]
Sun 15 Mar 2026 22:52:36 INFO  valid result: 
recall@1 : 0.1226    recall@2 : 0.2043    recall@3 : 0.2697    recall@4 : 0.3081    recall@5 : 0.3487    recall@10 : 0.468    recall@20 : 0.6014    recall@30 : 0.6716    recall@50 : 0.7628    ndcg@1 : 0.2002    ndcg@2 : 0.2227    ndcg@3 : 0.2458    ndcg@4 : 0.2589    ndcg@5 : 0.2746    ndcg@10 : 0.3165    ndcg@20 : 0.3555    ndcg@30 : 0.3746    ndcg@50 : 0.3966    precision@1 : 0.2002    precision@2 : 0.1663    precision@3 : 0.147    precision@4 : 0.1305    precision@5 : 0.121    precision@10 : 0.0862    precision@20 : 0.0577    precision@30 : 0.0446    precision@50 : 0.0315    map@1 : 0.2002    map@2 : 0.1973    map@3 : 0.2047    map@4 : 0.2086    map@5 : 0.2158    map@10 : 0.2334    map@20 : 0.246    map@30 : 0.2514    map@50 : 0.2564
Sun 15 Mar 2026 22:52:36 INFO  Running E-step ! 
Sun 15 Mar 2026 22:52:37 INFO  epoch 40 training [time: 0.16s, train_loss1: 3.1050, train_loss2: 0.0401, train_loss3: 0.0111, train_loss4: 0.0000]
Sun 15 Mar 2026 22:52:37 INFO  epoch 40 evaluating [time: 0.14s, valid_score: 0.317100]
Sun 15 Mar 2026 22:52:37 INFO  valid result: 
recall@1 : 0.1228    recall@2 : 0.2045    recall@3 : 0.2704    recall@4 : 0.3081    recall@5 : 0.3478    recall@10 : 0.4691    recall@20 : 0.6014    recall@30 : 0.6729    recall@50 : 0.7622    ndcg@1 : 0.2008    ndcg@2 : 0.223    ndcg@3 : 0.2464    ndcg@4 : 0.2591    ndcg@5 : 0.2744    ndcg@10 : 0.3171    ndcg@20 : 0.3557    ndcg@30 : 0.3751    ndcg@50 : 0.3967    precision@1 : 0.2008    precision@2 : 0.1666    precision@3 : 0.1474    precision@4 : 0.1305    precision@5 : 0.1207    precision@10 : 0.0865    precision@20 : 0.0577    precision@30 : 0.0447    precision@50 : 0.0315    map@1 : 0.2008    map@2 : 0.1976    map@3 : 0.2052    map@4 : 0.2088    map@5 : 0.2157    map@10 : 0.2337    map@20 : 0.2462    map@30 : 0.2517    map@50 : 0.2566
Sun 15 Mar 2026 22:52:37 INFO  Saving current: saved/SCL-Mar-15-2026_22-52-21.pth
Sun 15 Mar 2026 22:52:37 INFO  Saving current best: saved/SCL-Mar-15-2026_22-52-21.pth
Sun 15 Mar 2026 22:52:37 INFO  Running E-step ! 
Sun 15 Mar 2026 22:52:37 INFO  epoch 41 training [time: 0.17s, train_loss1: 3.0943, train_loss2: 0.0402, train_loss3: 0.0111, train_loss4: 0.0000]
Sun 15 Mar 2026 22:52:37 INFO  epoch 41 evaluating [time: 0.15s, valid_score: 0.317000]
Sun 15 Mar 2026 22:52:37 INFO  valid result: 
recall@1 : 0.1228    recall@2 : 0.2044    recall@3 : 0.2704    recall@4 : 0.309    recall@5 : 0.3478    recall@10 : 0.4683    recall@20 : 0.6016    recall@30 : 0.6745    recall@50 : 0.7616    ndcg@1 : 0.2008    ndcg@2 : 0.2228    ndcg@3 : 0.2463    ndcg@4 : 0.2595    ndcg@5 : 0.2744    ndcg@10 : 0.317    ndcg@20 : 0.3558    ndcg@30 : 0.3756    ndcg@50 : 0.3967    precision@1 : 0.2008    precision@2 : 0.1663    precision@3 : 0.1474    precision@4 : 0.1308    precision@5 : 0.1207    precision@10 : 0.0864    precision@20 : 0.0577    precision@30 : 0.0448    precision@50 : 0.0315    map@1 : 0.2008    map@2 : 0.1973    map@3 : 0.2051    map@4 : 0.2091    map@5 : 0.2157    map@10 : 0.2337    map@20 : 0.2463    map@30 : 0.2519    map@50 : 0.2567
Sun 15 Mar 2026 22:52:37 INFO  Running E-step ! 
Sun 15 Mar 2026 22:52:37 INFO  epoch 42 training [time: 0.17s, train_loss1: 3.1423, train_loss2: 0.0403, train_loss3: 0.0111, train_loss4: 0.0000]
Sun 15 Mar 2026 22:52:37 INFO  epoch 42 evaluating [time: 0.15s, valid_score: 0.317000]
Sun 15 Mar 2026 22:52:37 INFO  valid result: 
recall@1 : 0.1228    recall@2 : 0.2044    recall@3 : 0.2705    recall@4 : 0.309    recall@5 : 0.349    recall@10 : 0.4682    recall@20 : 0.6023    recall@30 : 0.6741    recall@50 : 0.7618    ndcg@1 : 0.2008    ndcg@2 : 0.2228    ndcg@3 : 0.2464    ndcg@4 : 0.2595    ndcg@5 : 0.2749    ndcg@10 : 0.317    ndcg@20 : 0.3561    ndcg@30 : 0.3757    ndcg@50 : 0.3969    precision@1 : 0.2008    precision@2 : 0.1663    precision@3 : 0.1474    precision@4 : 0.1308    precision@5 : 0.1211    precision@10 : 0.0864    precision@20 : 0.0578    precision@30 : 0.0449    precision@50 : 0.0315    map@1 : 0.2008    map@2 : 0.1973    map@3 : 0.2052    map@4 : 0.2091    map@5 : 0.216    map@10 : 0.2337    map@20 : 0.2465    map@30 : 0.2521    map@50 : 0.2568
Sun 15 Mar 2026 22:52:37 INFO  Running E-step ! 
Sun 15 Mar 2026 22:52:37 INFO  epoch 43 training [time: 0.16s, train_loss1: 3.1191, train_loss2: 0.0404, train_loss3: 0.0111, train_loss4: 0.0000]
Sun 15 Mar 2026 22:52:38 INFO  epoch 43 evaluating [time: 0.14s, valid_score: 0.317000]
Sun 15 Mar 2026 22:52:38 INFO  valid result: 
recall@1 : 0.1228    recall@2 : 0.2044    recall@3 : 0.2705    recall@4 : 0.3092    recall@5 : 0.3483    recall@10 : 0.4683    recall@20 : 0.6024    recall@30 : 0.6743    recall@50 : 0.7622    ndcg@1 : 0.2008    ndcg@2 : 0.2228    ndcg@3 : 0.2464    ndcg@4 : 0.2597    ndcg@5 : 0.2747    ndcg@10 : 0.317    ndcg@20 : 0.3561    ndcg@30 : 0.3758    ndcg@50 : 0.397    precision@1 : 0.2008    precision@2 : 0.1663    precision@3 : 0.1474    precision@4 : 0.131    precision@5 : 0.121    precision@10 : 0.0865    precision@20 : 0.0578    precision@30 : 0.0449    precision@50 : 0.0316    map@1 : 0.2008    map@2 : 0.1973    map@3 : 0.2052    map@4 : 0.2092    map@5 : 0.2159    map@10 : 0.2338    map@20 : 0.2465    map@30 : 0.2521    map@50 : 0.2569
Sun 15 Mar 2026 22:52:38 INFO  Running E-step ! 
Sun 15 Mar 2026 22:52:38 INFO  epoch 44 training [time: 0.18s, train_loss1: 3.0993, train_loss2: 0.0405, train_loss3: 0.0111, train_loss4: 0.0000]
Sun 15 Mar 2026 22:52:38 INFO  epoch 44 evaluating [time: 0.15s, valid_score: 0.317200]
Sun 15 Mar 2026 22:52:38 INFO  valid result: 
recall@1 : 0.1228    recall@2 : 0.2044    recall@3 : 0.2707    recall@4 : 0.3092    recall@5 : 0.3487    recall@10 : 0.4685    recall@20 : 0.6018    recall@30 : 0.6748    recall@50 : 0.7629    ndcg@1 : 0.2008    ndcg@2 : 0.2228    ndcg@3 : 0.2465    ndcg@4 : 0.2597    ndcg@5 : 0.2749    ndcg@10 : 0.3172    ndcg@20 : 0.356    ndcg@30 : 0.3759    ndcg@50 : 0.3972    precision@1 : 0.2008    precision@2 : 0.1663    precision@3 : 0.1476    precision@4 : 0.131    precision@5 : 0.1212    precision@10 : 0.0866    precision@20 : 0.0578    precision@30 : 0.045    precision@50 : 0.0316    map@1 : 0.2008    map@2 : 0.1973    map@3 : 0.2052    map@4 : 0.2092    map@5 : 0.216    map@10 : 0.2339    map@20 : 0.2465    map@30 : 0.2522    map@50 : 0.257
Sun 15 Mar 2026 22:52:38 INFO  Saving current: saved/SCL-Mar-15-2026_22-52-21.pth
Sun 15 Mar 2026 22:52:38 INFO  Saving current best: saved/SCL-Mar-15-2026_22-52-21.pth
Sun 15 Mar 2026 22:52:38 INFO  Running E-step ! 
Sun 15 Mar 2026 22:52:38 INFO  epoch 45 training [time: 0.16s, train_loss1: 3.1093, train_loss2: 0.0406, train_loss3: 0.0111, train_loss4: 0.0000]
Sun 15 Mar 2026 22:52:38 INFO  epoch 45 evaluating [time: 0.15s, valid_score: 0.316800]
Sun 15 Mar 2026 22:52:38 INFO  valid result: 
recall@1 : 0.1228    recall@2 : 0.2038    recall@3 : 0.2701    recall@4 : 0.3082    recall@5 : 0.3491    recall@10 : 0.4679    recall@20 : 0.6014    recall@30 : 0.676    recall@50 : 0.7629    ndcg@1 : 0.2008    ndcg@2 : 0.2224    ndcg@3 : 0.2461    ndcg@4 : 0.2591    ndcg@5 : 0.275    ndcg@10 : 0.3168    ndcg@20 : 0.3559    ndcg@30 : 0.376    ndcg@50 : 0.3971    precision@1 : 0.2008    precision@2 : 0.166    precision@3 : 0.1474    precision@4 : 0.1305    precision@5 : 0.1215    precision@10 : 0.0865    precision@20 : 0.0579    precision@30 : 0.045    precision@50 : 0.0316    map@1 : 0.2008    map@2 : 0.197    map@3 : 0.2049    map@4 : 0.2088    map@5 : 0.216    map@10 : 0.2336    map@20 : 0.2464    map@30 : 0.2521    map@50 : 0.2569
Sun 15 Mar 2026 22:52:38 INFO  Running E-step ! 
Sun 15 Mar 2026 22:52:38 INFO  epoch 46 training [time: 0.21s, train_loss1: 3.0329, train_loss2: 0.0407, train_loss3: 0.0111, train_loss4: 0.0000]
Sun 15 Mar 2026 22:52:39 INFO  epoch 46 evaluating [time: 0.15s, valid_score: 0.317000]
Sun 15 Mar 2026 22:52:39 INFO  valid result: 
recall@1 : 0.1228    recall@2 : 0.2038    recall@3 : 0.2701    recall@4 : 0.3084    recall@5 : 0.3497    recall@10 : 0.4686    recall@20 : 0.6005    recall@30 : 0.6777    recall@50 : 0.763    ndcg@1 : 0.2008    ndcg@2 : 0.2224    ndcg@3 : 0.2461    ndcg@4 : 0.2593    ndcg@5 : 0.2752    ndcg@10 : 0.317    ndcg@20 : 0.3556    ndcg@30 : 0.3764    ndcg@50 : 0.3972    precision@1 : 0.2008    precision@2 : 0.166    precision@3 : 0.1474    precision@4 : 0.1308    precision@5 : 0.1216    precision@10 : 0.0866    precision@20 : 0.0578    precision@30 : 0.0451    precision@50 : 0.0316    map@1 : 0.2008    map@2 : 0.197    map@3 : 0.2049    map@4 : 0.2089    map@5 : 0.2162    map@10 : 0.2337    map@20 : 0.2464    map@30 : 0.2522    map@50 : 0.2569
Sun 15 Mar 2026 22:52:39 INFO  Running E-step ! 
Sun 15 Mar 2026 22:52:39 INFO  epoch 47 training [time: 0.18s, train_loss1: 3.0530, train_loss2: 0.0408, train_loss3: 0.0111, train_loss4: 0.0000]
Sun 15 Mar 2026 22:52:39 INFO  epoch 47 evaluating [time: 0.15s, valid_score: 0.317000]
Sun 15 Mar 2026 22:52:39 INFO  valid result: 
recall@1 : 0.1226    recall@2 : 0.2038    recall@3 : 0.2698    recall@4 : 0.3086    recall@5 : 0.3502    recall@10 : 0.4688    recall@20 : 0.6009    recall@30 : 0.6784    recall@50 : 0.7633    ndcg@1 : 0.2002    ndcg@2 : 0.2223    ndcg@3 : 0.2459    ndcg@4 : 0.2593    ndcg@5 : 0.2754    ndcg@10 : 0.317    ndcg@20 : 0.3557    ndcg@30 : 0.3766    ndcg@50 : 0.3972    precision@1 : 0.2002    precision@2 : 0.166    precision@3 : 0.1472    precision@4 : 0.131    precision@5 : 0.1218    precision@10 : 0.0865    precision@20 : 0.0579    precision@30 : 0.0452    precision@50 : 0.0317    map@1 : 0.2002    map@2 : 0.1968    map@3 : 0.2046    map@4 : 0.2088    map@5 : 0.2162    map@10 : 0.2336    map@20 : 0.2464    map@30 : 0.2522    map@50 : 0.2569
Sun 15 Mar 2026 22:52:39 INFO  Running E-step ! 
Sun 15 Mar 2026 22:52:39 INFO  epoch 48 training [time: 0.18s, train_loss1: 3.0719, train_loss2: 0.0409, train_loss3: 0.0111, train_loss4: 0.0000]
Sun 15 Mar 2026 22:52:39 INFO  epoch 48 evaluating [time: 0.15s, valid_score: 0.317100]
Sun 15 Mar 2026 22:52:39 INFO  valid result: 
recall@1 : 0.1227    recall@2 : 0.2038    recall@3 : 0.2698    recall@4 : 0.3086    recall@5 : 0.3504    recall@10 : 0.4689    recall@20 : 0.6015    recall@30 : 0.6801    recall@50 : 0.7639    ndcg@1 : 0.2008    ndcg@2 : 0.2224    ndcg@3 : 0.246    ndcg@4 : 0.2593    ndcg@5 : 0.2756    ndcg@10 : 0.3171    ndcg@20 : 0.356    ndcg@30 : 0.3771    ndcg@50 : 0.3975    precision@1 : 0.2008    precision@2 : 0.166    precision@3 : 0.1472    precision@4 : 0.131    precision@5 : 0.1219    precision@10 : 0.0866    precision@20 : 0.058    precision@30 : 0.0453    precision@50 : 0.0317    map@1 : 0.2008    map@2 : 0.197    map@3 : 0.2047    map@4 : 0.2089    map@5 : 0.2162    map@10 : 0.2337    map@20 : 0.2465    map@30 : 0.2524    map@50 : 0.2571
Sun 15 Mar 2026 22:52:39 INFO  Running E-step ! 
Sun 15 Mar 2026 22:52:40 INFO  epoch 49 training [time: 0.18s, train_loss1: 3.0857, train_loss2: 0.0409, train_loss3: 0.0111, train_loss4: 0.0000]
Sun 15 Mar 2026 22:52:40 INFO  epoch 49 evaluating [time: 0.15s, valid_score: 0.317200]
Sun 15 Mar 2026 22:52:40 INFO  valid result: 
recall@1 : 0.1226    recall@2 : 0.204    recall@3 : 0.2697    recall@4 : 0.3096    recall@5 : 0.3504    recall@10 : 0.4689    recall@20 : 0.6013    recall@30 : 0.6803    recall@50 : 0.7644    ndcg@1 : 0.2002    ndcg@2 : 0.2225    ndcg@3 : 0.2459    ndcg@4 : 0.2598    ndcg@5 : 0.2756    ndcg@10 : 0.3172    ndcg@20 : 0.356    ndcg@30 : 0.3772    ndcg@50 : 0.3977    precision@1 : 0.2002    precision@2 : 0.1663    precision@3 : 0.1472    precision@4 : 0.1314    precision@5 : 0.1219    precision@10 : 0.0866    precision@20 : 0.0579    precision@30 : 0.0453    precision@50 : 0.0317    map@1 : 0.2002    map@2 : 0.197    map@3 : 0.2048    map@4 : 0.2091    map@5 : 0.2163    map@10 : 0.2337    map@20 : 0.2465    map@30 : 0.2525    map@50 : 0.2572
Sun 15 Mar 2026 22:52:40 INFO  Saving current: saved/SCL-Mar-15-2026_22-52-21.pth
Sun 15 Mar 2026 22:52:40 INFO  Saving current best: saved/SCL-Mar-15-2026_22-52-21.pth
Sun 15 Mar 2026 22:52:40 INFO  Running E-step ! 
Sun 15 Mar 2026 22:52:40 INFO  epoch 50 training [time: 0.17s, train_loss1: 3.0307, train_loss2: 0.0410, train_loss3: 0.0111, train_loss4: 0.0000]
Sun 15 Mar 2026 22:52:40 INFO  epoch 50 evaluating [time: 0.15s, valid_score: 0.317400]
Sun 15 Mar 2026 22:52:40 INFO  valid result: 
recall@1 : 0.1226    recall@2 : 0.204    recall@3 : 0.2698    recall@4 : 0.3097    recall@5 : 0.351    recall@10 : 0.4695    recall@20 : 0.6013    recall@30 : 0.6806    recall@50 : 0.764    ndcg@1 : 0.2002    ndcg@2 : 0.2225    ndcg@3 : 0.246    ndcg@4 : 0.2599    ndcg@5 : 0.2758    ndcg@10 : 0.3174    ndcg@20 : 0.356    ndcg@30 : 0.3774    ndcg@50 : 0.3977    precision@1 : 0.2002    precision@2 : 0.1663    precision@3 : 0.1474    precision@4 : 0.1316    precision@5 : 0.1221    precision@10 : 0.0867    precision@20 : 0.0579    precision@30 : 0.0453    precision@50 : 0.0317    map@1 : 0.2002    map@2 : 0.197    map@3 : 0.2049    map@4 : 0.2092    map@5 : 0.2164    map@10 : 0.2338    map@20 : 0.2466    map@30 : 0.2526    map@50 : 0.2573
Sun 15 Mar 2026 22:52:40 INFO  Saving current: saved/SCL-Mar-15-2026_22-52-21.pth
Sun 15 Mar 2026 22:52:40 INFO  Saving current best: saved/SCL-Mar-15-2026_22-52-21.pth
Sun 15 Mar 2026 22:52:40 INFO  Running E-step ! 
Sun 15 Mar 2026 22:52:40 INFO  epoch 51 training [time: 0.18s, train_loss1: 3.0373, train_loss2: 0.0410, train_loss3: 0.0111, train_loss4: 0.0000]
Sun 15 Mar 2026 22:52:40 INFO  epoch 51 evaluating [time: 0.15s, valid_score: 0.317100]
Sun 15 Mar 2026 22:52:40 INFO  valid result: 
recall@1 : 0.1226    recall@2 : 0.204    recall@3 : 0.2698    recall@4 : 0.3099    recall@5 : 0.3513    recall@10 : 0.4684    recall@20 : 0.6023    recall@30 : 0.6806    recall@50 : 0.7644    ndcg@1 : 0.2002    ndcg@2 : 0.2225    ndcg@3 : 0.246    ndcg@4 : 0.26    ndcg@5 : 0.276    ndcg@10 : 0.3171    ndcg@20 : 0.3564    ndcg@30 : 0.3775    ndcg@50 : 0.3979    precision@1 : 0.2002    precision@2 : 0.1663    precision@3 : 0.1474    precision@4 : 0.1317    precision@5 : 0.1222    precision@10 : 0.0867    precision@20 : 0.058    precision@30 : 0.0453    precision@50 : 0.0317    map@1 : 0.2002    map@2 : 0.197    map@3 : 0.2049    map@4 : 0.2093    map@5 : 0.2166    map@10 : 0.2338    map@20 : 0.2468    map@30 : 0.2527    map@50 : 0.2574
Sun 15 Mar 2026 22:52:40 INFO  Running E-step ! 
Sun 15 Mar 2026 22:52:41 INFO  epoch 52 training [time: 0.17s, train_loss1: 2.9862, train_loss2: 0.0411, train_loss3: 0.0111, train_loss4: 0.0000]
Sun 15 Mar 2026 22:52:41 INFO  epoch 52 evaluating [time: 0.15s, valid_score: 0.317400]
Sun 15 Mar 2026 22:52:41 INFO  valid result: 
recall@1 : 0.1226    recall@2 : 0.204    recall@3 : 0.2698    recall@4 : 0.3102    recall@5 : 0.3513    recall@10 : 0.4691    recall@20 : 0.6026    recall@30 : 0.6815    recall@50 : 0.7645    ndcg@1 : 0.2002    ndcg@2 : 0.2225    ndcg@3 : 0.246    ndcg@4 : 0.2602    ndcg@5 : 0.276    ndcg@10 : 0.3174    ndcg@20 : 0.3565    ndcg@30 : 0.3778    ndcg@50 : 0.398    precision@1 : 0.2002    precision@2 : 0.1663    precision@3 : 0.1474    precision@4 : 0.132    precision@5 : 0.1222    precision@10 : 0.0868    precision@20 : 0.0582    precision@30 : 0.0454    precision@50 : 0.0317    map@1 : 0.2002    map@2 : 0.197    map@3 : 0.2049    map@4 : 0.2094    map@5 : 0.2166    map@10 : 0.2339    map@20 : 0.2469    map@30 : 0.2529    map@50 : 0.2575
Sun 15 Mar 2026 22:52:41 INFO  Saving current: saved/SCL-Mar-15-2026_22-52-21.pth
Sun 15 Mar 2026 22:52:41 INFO  Saving current best: saved/SCL-Mar-15-2026_22-52-21.pth
Sun 15 Mar 2026 22:52:41 INFO  Running E-step ! 
Sun 15 Mar 2026 22:52:41 INFO  epoch 53 training [time: 0.17s, train_loss1: 3.0440, train_loss2: 0.0411, train_loss3: 0.0111, train_loss4: 0.0000]
Sun 15 Mar 2026 22:52:41 INFO  epoch 53 evaluating [time: 0.14s, valid_score: 0.317100]
Sun 15 Mar 2026 22:52:41 INFO  valid result: 
recall@1 : 0.1225    recall@2 : 0.204    recall@3 : 0.2701    recall@4 : 0.3102    recall@5 : 0.3515    recall@10 : 0.4683    recall@20 : 0.6027    recall@30 : 0.6821    recall@50 : 0.7654    ndcg@1 : 0.1996    ndcg@2 : 0.2224    ndcg@3 : 0.2459    ndcg@4 : 0.2602    ndcg@5 : 0.276    ndcg@10 : 0.3171    ndcg@20 : 0.3565    ndcg@30 : 0.3779    ndcg@50 : 0.3982    precision@1 : 0.1996    precision@2 : 0.1663    precision@3 : 0.1472    precision@4 : 0.132    precision@5 : 0.1222    precision@10 : 0.0866    precision@20 : 0.0582    precision@30 : 0.0454    precision@50 : 0.0318    map@1 : 0.1996    map@2 : 0.1968    map@3 : 0.2049    map@4 : 0.2093    map@5 : 0.2166    map@10 : 0.2338    map@20 : 0.2469    map@30 : 0.2529    map@50 : 0.2576
Sun 15 Mar 2026 22:52:41 INFO  Running E-step ! 
Sun 15 Mar 2026 22:52:41 INFO  epoch 54 training [time: 0.16s, train_loss1: 2.9883, train_loss2: 0.0411, train_loss3: 0.0111, train_loss4: 0.0000]
Sun 15 Mar 2026 22:52:41 INFO  epoch 54 evaluating [time: 0.15s, valid_score: 0.317400]
Sun 15 Mar 2026 22:52:41 INFO  valid result: 
recall@1 : 0.1225    recall@2 : 0.2046    recall@3 : 0.2701    recall@4 : 0.3103    recall@5 : 0.3505    recall@10 : 0.4691    recall@20 : 0.604    recall@30 : 0.6821    recall@50 : 0.7661    ndcg@1 : 0.1996    ndcg@2 : 0.2228    ndcg@3 : 0.2462    ndcg@4 : 0.2603    ndcg@5 : 0.2757    ndcg@10 : 0.3174    ndcg@20 : 0.357    ndcg@30 : 0.378    ndcg@50 : 0.3985    precision@1 : 0.1996    precision@2 : 0.1666    precision@3 : 0.1474    precision@4 : 0.132    precision@5 : 0.1219    precision@10 : 0.0867    precision@20 : 0.0584    precision@30 : 0.0454    precision@50 : 0.0318    map@1 : 0.1996    map@2 : 0.1971    map@3 : 0.2051    map@4 : 0.2095    map@5 : 0.2166    map@10 : 0.2339    map@20 : 0.2471    map@30 : 0.2531    map@50 : 0.2578
Sun 15 Mar 2026 22:52:41 INFO  Saving current: saved/SCL-Mar-15-2026_22-52-21.pth
Sun 15 Mar 2026 22:52:41 INFO  Saving current best: saved/SCL-Mar-15-2026_22-52-21.pth
Sun 15 Mar 2026 22:52:41 INFO  Running E-step ! 
Sun 15 Mar 2026 22:52:41 INFO  epoch 55 training [time: 0.17s, train_loss1: 2.9941, train_loss2: 0.0412, train_loss3: 0.0111, train_loss4: 0.0000]
Sun 15 Mar 2026 22:52:42 INFO  epoch 55 evaluating [time: 0.15s, valid_score: 0.317600]
Sun 15 Mar 2026 22:52:42 INFO  valid result: 
recall@1 : 0.1225    recall@2 : 0.2046    recall@3 : 0.2695    recall@4 : 0.3103    recall@5 : 0.3499    recall@10 : 0.4699    recall@20 : 0.6033    recall@30 : 0.6828    recall@50 : 0.7659    ndcg@1 : 0.1996    ndcg@2 : 0.2228    ndcg@3 : 0.2459    ndcg@4 : 0.2602    ndcg@5 : 0.2753    ndcg@10 : 0.3176    ndcg@20 : 0.3568    ndcg@30 : 0.3782    ndcg@50 : 0.3985    precision@1 : 0.1996    precision@2 : 0.1666    precision@3 : 0.1472    precision@4 : 0.132    precision@5 : 0.1217    precision@10 : 0.0869    precision@20 : 0.0584    precision@30 : 0.0455    precision@50 : 0.0318    map@1 : 0.1996    map@2 : 0.1971    map@3 : 0.2049    map@4 : 0.2095    map@5 : 0.2163    map@10 : 0.234    map@20 : 0.247    map@30 : 0.2531    map@50 : 0.2578
Sun 15 Mar 2026 22:52:42 INFO  Saving current: saved/SCL-Mar-15-2026_22-52-21.pth
Sun 15 Mar 2026 22:52:42 INFO  Saving current best: saved/SCL-Mar-15-2026_22-52-21.pth
Sun 15 Mar 2026 22:52:42 INFO  Running E-step ! 
Sun 15 Mar 2026 22:52:42 INFO  epoch 56 training [time: 0.19s, train_loss1: 3.0088, train_loss2: 0.0412, train_loss3: 0.0111, train_loss4: 0.0000]
Sun 15 Mar 2026 22:52:42 INFO  epoch 56 evaluating [time: 0.15s, valid_score: 0.318000]
Sun 15 Mar 2026 22:52:42 INFO  valid result: 
recall@1 : 0.1225    recall@2 : 0.2046    recall@3 : 0.2679    recall@4 : 0.3107    recall@5 : 0.3498    recall@10 : 0.4716    recall@20 : 0.6032    recall@30 : 0.6833    recall@50 : 0.766    ndcg@1 : 0.1996    ndcg@2 : 0.2228    ndcg@3 : 0.2451    ndcg@4 : 0.2603    ndcg@5 : 0.2752    ndcg@10 : 0.318    ndcg@20 : 0.3568    ndcg@30 : 0.3784    ndcg@50 : 0.3986    precision@1 : 0.1996    precision@2 : 0.1666    precision@3 : 0.1468    precision@4 : 0.132    precision@5 : 0.1217    precision@10 : 0.087    precision@20 : 0.0584    precision@30 : 0.0456    precision@50 : 0.0319    map@1 : 0.1996    map@2 : 0.1971    map@3 : 0.2043    map@4 : 0.2094    map@5 : 0.2161    map@10 : 0.234    map@20 : 0.247    map@30 : 0.2531    map@50 : 0.2578
Sun 15 Mar 2026 22:52:42 INFO  Saving current: saved/SCL-Mar-15-2026_22-52-21.pth
Sun 15 Mar 2026 22:52:42 INFO  Saving current best: saved/SCL-Mar-15-2026_22-52-21.pth
Sun 15 Mar 2026 22:52:42 INFO  Running E-step ! 
Sun 15 Mar 2026 22:52:42 INFO  epoch 57 training [time: 0.17s, train_loss1: 2.9586, train_loss2: 0.0412, train_loss3: 0.0111, train_loss4: 0.0000]
Sun 15 Mar 2026 22:52:42 INFO  epoch 57 evaluating [time: 0.15s, valid_score: 0.318400]
Sun 15 Mar 2026 22:52:42 INFO  valid result: 
recall@1 : 0.1225    recall@2 : 0.2053    recall@3 : 0.2679    recall@4 : 0.3114    recall@5 : 0.3498    recall@10 : 0.4718    recall@20 : 0.6049    recall@30 : 0.6843    recall@50 : 0.7661    ndcg@1 : 0.1996    ndcg@2 : 0.2237    ndcg@3 : 0.2453    ndcg@4 : 0.2608    ndcg@5 : 0.2754    ndcg@10 : 0.3184    ndcg@20 : 0.3575    ndcg@30 : 0.3789    ndcg@50 : 0.399    precision@1 : 0.1996    precision@2 : 0.1678    precision@3 : 0.1468    precision@4 : 0.1324    precision@5 : 0.1217    precision@10 : 0.0873    precision@20 : 0.0585    precision@30 : 0.0456    precision@50 : 0.0319    map@1 : 0.1996    map@2 : 0.1977    map@3 : 0.2045    map@4 : 0.2098    map@5 : 0.2163    map@10 : 0.2343    map@20 : 0.2473    map@30 : 0.2535    map@50 : 0.2582
Sun 15 Mar 2026 22:52:42 INFO  Saving current: saved/SCL-Mar-15-2026_22-52-21.pth
Sun 15 Mar 2026 22:52:42 INFO  Saving current best: saved/SCL-Mar-15-2026_22-52-21.pth
Sun 15 Mar 2026 22:52:42 INFO  Running E-step ! 
Sun 15 Mar 2026 22:52:43 INFO  epoch 58 training [time: 0.19s, train_loss1: 2.9756, train_loss2: 0.0412, train_loss3: 0.0111, train_loss4: 0.0000]
Sun 15 Mar 2026 22:52:43 INFO  epoch 58 evaluating [time: 0.15s, valid_score: 0.318400]
Sun 15 Mar 2026 22:52:43 INFO  valid result: 
recall@1 : 0.1225    recall@2 : 0.2055    recall@3 : 0.2677    recall@4 : 0.3114    recall@5 : 0.3507    recall@10 : 0.4714    recall@20 : 0.6078    recall@30 : 0.6844    recall@50 : 0.767    ndcg@1 : 0.1996    ndcg@2 : 0.2239    ndcg@3 : 0.2454    ndcg@4 : 0.2609    ndcg@5 : 0.2758    ndcg@10 : 0.3184    ndcg@20 : 0.3584    ndcg@30 : 0.3791    ndcg@50 : 0.3994    precision@1 : 0.1996    precision@2 : 0.1681    precision@3 : 0.1472    precision@4 : 0.1324    precision@5 : 0.1219    precision@10 : 0.0874    precision@20 : 0.0588    precision@30 : 0.0456    precision@50 : 0.032    map@1 : 0.1996    map@2 : 0.1979    map@3 : 0.2046    map@4 : 0.2099    map@5 : 0.2165    map@10 : 0.2344    map@20 : 0.2477    map@30 : 0.2536    map@50 : 0.2584
Sun 15 Mar 2026 22:52:43 INFO  Saving current: saved/SCL-Mar-15-2026_22-52-21.pth
Sun 15 Mar 2026 22:52:43 INFO  Saving current best: saved/SCL-Mar-15-2026_22-52-21.pth
Sun 15 Mar 2026 22:52:43 INFO  Running E-step ! 
Sun 15 Mar 2026 22:52:43 INFO  epoch 59 training [time: 0.19s, train_loss1: 2.9891, train_loss2: 0.0412, train_loss3: 0.0111, train_loss4: 0.0000]
Sun 15 Mar 2026 22:52:43 INFO  epoch 59 evaluating [time: 0.15s, valid_score: 0.318600]
Sun 15 Mar 2026 22:52:43 INFO  valid result: 
recall@1 : 0.1222    recall@2 : 0.2056    recall@3 : 0.2685    recall@4 : 0.3098    recall@5 : 0.3504    recall@10 : 0.4724    recall@20 : 0.609    recall@30 : 0.6849    recall@50 : 0.7687    ndcg@1 : 0.199    ndcg@2 : 0.224    ndcg@3 : 0.2458    ndcg@4 : 0.2601    ndcg@5 : 0.2755    ndcg@10 : 0.3186    ndcg@20 : 0.3588    ndcg@30 : 0.3793    ndcg@50 : 0.3997    precision@1 : 0.199    precision@2 : 0.1684    precision@3 : 0.1476    precision@4 : 0.132    precision@5 : 0.1217    precision@10 : 0.0874    precision@20 : 0.059    precision@30 : 0.0457    precision@50 : 0.032    map@1 : 0.199    map@2 : 0.1979    map@3 : 0.2047    map@4 : 0.2094    map@5 : 0.2163    map@10 : 0.2344    map@20 : 0.2478    map@30 : 0.2537    map@50 : 0.2584
Sun 15 Mar 2026 22:52:43 INFO  Saving current: saved/SCL-Mar-15-2026_22-52-21.pth
Sun 15 Mar 2026 22:52:43 INFO  Saving current best: saved/SCL-Mar-15-2026_22-52-21.pth
Sun 15 Mar 2026 22:52:43 INFO  Running E-step ! 
Sun 15 Mar 2026 22:52:43 INFO  epoch 60 training [time: 0.18s, train_loss1: 3.0084, train_loss2: 0.0412, train_loss3: 0.0111, train_loss4: 0.0000]
Sun 15 Mar 2026 22:52:43 INFO  epoch 60 evaluating [time: 0.15s, valid_score: 0.319100]
Sun 15 Mar 2026 22:52:43 INFO  valid result: 
recall@1 : 0.1224    recall@2 : 0.2056    recall@3 : 0.2679    recall@4 : 0.3098    recall@5 : 0.3497    recall@10 : 0.4734    recall@20 : 0.6096    recall@30 : 0.6881    recall@50 : 0.7684    ndcg@1 : 0.2002    ndcg@2 : 0.2243    ndcg@3 : 0.2457    ndcg@4 : 0.2603    ndcg@5 : 0.2755    ndcg@10 : 0.3191    ndcg@20 : 0.3591    ndcg@30 : 0.3803    ndcg@50 : 0.4    precision@1 : 0.2002    precision@2 : 0.1684    precision@3 : 0.1476    precision@4 : 0.132    precision@5 : 0.1218    precision@10 : 0.0875    precision@20 : 0.059    precision@30 : 0.0459    precision@50 : 0.0321    map@1 : 0.2002    map@2 : 0.1982    map@3 : 0.2047    map@4 : 0.2095    map@5 : 0.2163    map@10 : 0.2345    map@20 : 0.2479    map@30 : 0.254    map@50 : 0.2587
Sun 15 Mar 2026 22:52:43 INFO  Saving current: saved/SCL-Mar-15-2026_22-52-21.pth
Sun 15 Mar 2026 22:52:43 INFO  Saving current best: saved/SCL-Mar-15-2026_22-52-21.pth
Sun 15 Mar 2026 22:52:43 INFO  Running E-step ! 
Sun 15 Mar 2026 22:52:44 INFO  epoch 61 training [time: 0.19s, train_loss1: 2.9785, train_loss2: 0.0412, train_loss3: 0.0111, train_loss4: 0.0000]
Sun 15 Mar 2026 22:52:44 INFO  epoch 61 evaluating [time: 0.15s, valid_score: 0.319100]
Sun 15 Mar 2026 22:52:44 INFO  valid result: 
recall@1 : 0.1224    recall@2 : 0.2065    recall@3 : 0.2679    recall@4 : 0.3092    recall@5 : 0.3492    recall@10 : 0.4734    recall@20 : 0.6118    recall@30 : 0.6882    recall@50 : 0.7691    ndcg@1 : 0.2002    ndcg@2 : 0.2251    ndcg@3 : 0.2459    ndcg@4 : 0.2602    ndcg@5 : 0.2755    ndcg@10 : 0.3191    ndcg@20 : 0.3598    ndcg@30 : 0.3805    ndcg@50 : 0.4003    precision@1 : 0.2002    precision@2 : 0.1692    precision@3 : 0.1476    precision@4 : 0.1319    precision@5 : 0.1218    precision@10 : 0.0875    precision@20 : 0.0592    precision@30 : 0.046    precision@50 : 0.0321    map@1 : 0.2002    map@2 : 0.1987    map@3 : 0.2049    map@4 : 0.2095    map@5 : 0.2165    map@10 : 0.2346    map@20 : 0.2483    map@30 : 0.2542    map@50 : 0.2589
Sun 15 Mar 2026 22:52:44 INFO  Saving current: saved/SCL-Mar-15-2026_22-52-21.pth
Sun 15 Mar 2026 22:52:44 INFO  Saving current best: saved/SCL-Mar-15-2026_22-52-21.pth
Sun 15 Mar 2026 22:52:44 INFO  Running E-step ! 
Sun 15 Mar 2026 22:52:44 INFO  epoch 62 training [time: 0.18s, train_loss1: 2.9341, train_loss2: 0.0412, train_loss3: 0.0110, train_loss4: 0.0000]
Sun 15 Mar 2026 22:52:44 INFO  epoch 62 evaluating [time: 0.15s, valid_score: 0.319400]
Sun 15 Mar 2026 22:52:44 INFO  valid result: 
recall@1 : 0.1224    recall@2 : 0.2071    recall@3 : 0.2682    recall@4 : 0.3096    recall@5 : 0.35    recall@10 : 0.4732    recall@20 : 0.6113    recall@30 : 0.6902    recall@50 : 0.7684    ndcg@1 : 0.2002    ndcg@2 : 0.2255    ndcg@3 : 0.2462    ndcg@4 : 0.2605    ndcg@5 : 0.276    ndcg@10 : 0.3194    ndcg@20 : 0.3601    ndcg@30 : 0.3812    ndcg@50 : 0.4005    precision@1 : 0.2002    precision@2 : 0.1695    precision@3 : 0.148    precision@4 : 0.1322    precision@5 : 0.1221    precision@10 : 0.0875    precision@20 : 0.0594    precision@30 : 0.0461    precision@50 : 0.0321    map@1 : 0.2002    map@2 : 0.199    map@3 : 0.2051    map@4 : 0.2097    map@5 : 0.2168    map@10 : 0.2349    map@20 : 0.2486    map@30 : 0.2546    map@50 : 0.2592
Sun 15 Mar 2026 22:52:44 INFO  Saving current: saved/SCL-Mar-15-2026_22-52-21.pth
Sun 15 Mar 2026 22:52:44 INFO  Saving current best: saved/SCL-Mar-15-2026_22-52-21.pth
Sun 15 Mar 2026 22:52:44 INFO  Running E-step ! 
Sun 15 Mar 2026 22:52:44 INFO  epoch 63 training [time: 0.17s, train_loss1: 2.9277, train_loss2: 0.0412, train_loss3: 0.0110, train_loss4: 0.0000]
Sun 15 Mar 2026 22:52:44 INFO  epoch 63 evaluating [time: 0.15s, valid_score: 0.320100]
Sun 15 Mar 2026 22:52:44 INFO  valid result: 
recall@1 : 0.1232    recall@2 : 0.2071    recall@3 : 0.2687    recall@4 : 0.3105    recall@5 : 0.3498    recall@10 : 0.4742    recall@20 : 0.612    recall@30 : 0.6915    recall@50 : 0.7698    ndcg@1 : 0.2014    ndcg@2 : 0.2259    ndcg@3 : 0.2469    ndcg@4 : 0.2614    ndcg@5 : 0.2763    ndcg@10 : 0.3201    ndcg@20 : 0.3608    ndcg@30 : 0.3821    ndcg@50 : 0.4013    precision@1 : 0.2014    precision@2 : 0.1695    precision@3 : 0.1482    precision@4 : 0.1327    precision@5 : 0.1221    precision@10 : 0.0877    precision@20 : 0.0595    precision@30 : 0.0462    precision@50 : 0.0321    map@1 : 0.2014    map@2 : 0.1995    map@3 : 0.2058    map@4 : 0.2105    map@5 : 0.2173    map@10 : 0.2355    map@20 : 0.2493    map@30 : 0.2554    map@50 : 0.2599
Sun 15 Mar 2026 22:52:44 INFO  Saving current: saved/SCL-Mar-15-2026_22-52-21.pth
Sun 15 Mar 2026 22:52:44 INFO  Saving current best: saved/SCL-Mar-15-2026_22-52-21.pth
Sun 15 Mar 2026 22:52:44 INFO  Running E-step ! 
Sun 15 Mar 2026 22:52:45 INFO  epoch 64 training [time: 0.16s, train_loss1: 2.9337, train_loss2: 0.0412, train_loss3: 0.0110, train_loss4: 0.0000]
Sun 15 Mar 2026 22:52:45 INFO  epoch 64 evaluating [time: 0.15s, valid_score: 0.320100]
Sun 15 Mar 2026 22:52:45 INFO  valid result: 
recall@1 : 0.1231    recall@2 : 0.2069    recall@3 : 0.2696    recall@4 : 0.3093    recall@5 : 0.3504    recall@10 : 0.4744    recall@20 : 0.6122    recall@30 : 0.6923    recall@50 : 0.7711    ndcg@1 : 0.2008    ndcg@2 : 0.2253    ndcg@3 : 0.2472    ndcg@4 : 0.2607    ndcg@5 : 0.2764    ndcg@10 : 0.3201    ndcg@20 : 0.3609    ndcg@30 : 0.3823    ndcg@50 : 0.4016    precision@1 : 0.2008    precision@2 : 0.169    precision@3 : 0.1486    precision@4 : 0.1323    precision@5 : 0.1222    precision@10 : 0.0878    precision@20 : 0.0596    precision@30 : 0.0463    precision@50 : 0.0322    map@1 : 0.2008    map@2 : 0.199    map@3 : 0.206    map@4 : 0.2101    map@5 : 0.2173    map@10 : 0.2355    map@20 : 0.2494    map@30 : 0.2555    map@50 : 0.2601
Sun 15 Mar 2026 22:52:45 INFO  Saving current: saved/SCL-Mar-15-2026_22-52-21.pth
Sun 15 Mar 2026 22:52:45 INFO  Saving current best: saved/SCL-Mar-15-2026_22-52-21.pth
Sun 15 Mar 2026 22:52:45 INFO  Running E-step ! 
Sun 15 Mar 2026 22:52:45 INFO  epoch 65 training [time: 0.17s, train_loss1: 2.9468, train_loss2: 0.0411, train_loss3: 0.0110, train_loss4: 0.0000]
Sun 15 Mar 2026 22:52:45 INFO  epoch 65 evaluating [time: 0.15s, valid_score: 0.320500]
Sun 15 Mar 2026 22:52:45 INFO  valid result: 
recall@1 : 0.123    recall@2 : 0.2078    recall@3 : 0.269    recall@4 : 0.31    recall@5 : 0.3507    recall@10 : 0.4751    recall@20 : 0.613    recall@30 : 0.6939    recall@50 : 0.7717    ndcg@1 : 0.2002    ndcg@2 : 0.226    ndcg@3 : 0.2468    ndcg@4 : 0.261    ndcg@5 : 0.2765    ndcg@10 : 0.3205    ndcg@20 : 0.3613    ndcg@30 : 0.3829    ndcg@50 : 0.402    precision@1 : 0.2002    precision@2 : 0.1698    precision@3 : 0.1482    precision@4 : 0.1324    precision@5 : 0.1223    precision@10 : 0.0881    precision@20 : 0.0598    precision@30 : 0.0464    precision@50 : 0.0322    map@1 : 0.2002    map@2 : 0.1996    map@3 : 0.2059    map@4 : 0.2103    map@5 : 0.2174    map@10 : 0.2359    map@20 : 0.2498    map@30 : 0.2558    map@50 : 0.2604
Sun 15 Mar 2026 22:52:45 INFO  Saving current: saved/SCL-Mar-15-2026_22-52-21.pth
Sun 15 Mar 2026 22:52:45 INFO  Saving current best: saved/SCL-Mar-15-2026_22-52-21.pth
Sun 15 Mar 2026 22:52:45 INFO  Running E-step ! 
Sun 15 Mar 2026 22:52:45 INFO  epoch 66 training [time: 0.17s, train_loss1: 2.9139, train_loss2: 0.0411, train_loss3: 0.0110, train_loss4: 0.0000]
Sun 15 Mar 2026 22:52:45 INFO  epoch 66 evaluating [time: 0.14s, valid_score: 0.321200]
Sun 15 Mar 2026 22:52:45 INFO  valid result: 
recall@1 : 0.1238    recall@2 : 0.2076    recall@3 : 0.269    recall@4 : 0.3103    recall@5 : 0.3505    recall@10 : 0.4759    recall@20 : 0.6156    recall@30 : 0.6944    recall@50 : 0.7728    ndcg@1 : 0.2014    ndcg@2 : 0.2261    ndcg@3 : 0.2472    ndcg@4 : 0.2615    ndcg@5 : 0.2768    ndcg@10 : 0.3212    ndcg@20 : 0.3625    ndcg@30 : 0.3835    ndcg@50 : 0.4028    precision@1 : 0.2014    precision@2 : 0.1695    precision@3 : 0.1486    precision@4 : 0.1326    precision@5 : 0.1222    precision@10 : 0.0882    precision@20 : 0.0601    precision@30 : 0.0465    precision@50 : 0.0323    map@1 : 0.2014    map@2 : 0.1998    map@3 : 0.2062    map@4 : 0.2108    map@5 : 0.2177    map@10 : 0.2364    map@20 : 0.2505    map@30 : 0.2564    map@50 : 0.261
Sun 15 Mar 2026 22:52:45 INFO  Saving current: saved/SCL-Mar-15-2026_22-52-21.pth
Sun 15 Mar 2026 22:52:45 INFO  Saving current best: saved/SCL-Mar-15-2026_22-52-21.pth
Sun 15 Mar 2026 22:52:45 INFO  Running E-step ! 
Sun 15 Mar 2026 22:52:46 INFO  epoch 67 training [time: 0.16s, train_loss1: 2.9196, train_loss2: 0.0411, train_loss3: 0.0110, train_loss4: 0.0000]
Sun 15 Mar 2026 22:52:46 INFO  epoch 67 evaluating [time: 0.15s, valid_score: 0.321800]
Sun 15 Mar 2026 22:52:46 INFO  valid result: 
recall@1 : 0.1238    recall@2 : 0.2082    recall@3 : 0.2697    recall@4 : 0.3105    recall@5 : 0.35    recall@10 : 0.4772    recall@20 : 0.6162    recall@30 : 0.6961    recall@50 : 0.7719    ndcg@1 : 0.2014    ndcg@2 : 0.2265    ndcg@3 : 0.2479    ndcg@4 : 0.2619    ndcg@5 : 0.2768    ndcg@10 : 0.3218    ndcg@20 : 0.3629    ndcg@30 : 0.3844    ndcg@50 : 0.403    precision@1 : 0.2014    precision@2 : 0.1698    precision@3 : 0.1492    precision@4 : 0.133    precision@5 : 0.1223    precision@10 : 0.0884    precision@20 : 0.0602    precision@30 : 0.0467    precision@50 : 0.0323    map@1 : 0.2014    map@2 : 0.2001    map@3 : 0.2067    map@4 : 0.2111    map@5 : 0.2178    map@10 : 0.2368    map@20 : 0.2508    map@30 : 0.2569    map@50 : 0.2613
Sun 15 Mar 2026 22:52:46 INFO  Saving current: saved/SCL-Mar-15-2026_22-52-21.pth
Sun 15 Mar 2026 22:52:46 INFO  Saving current best: saved/SCL-Mar-15-2026_22-52-21.pth
Sun 15 Mar 2026 22:52:46 INFO  Running E-step ! 
Sun 15 Mar 2026 22:52:46 INFO  epoch 68 training [time: 0.16s, train_loss1: 2.8457, train_loss2: 0.0410, train_loss3: 0.0110, train_loss4: 0.0000]
Sun 15 Mar 2026 22:52:46 INFO  epoch 68 evaluating [time: 0.15s, valid_score: 0.322400]
Sun 15 Mar 2026 22:52:46 INFO  valid result: 
recall@1 : 0.1242    recall@2 : 0.2086    recall@3 : 0.2693    recall@4 : 0.3104    recall@5 : 0.3508    recall@10 : 0.478    recall@20 : 0.6167    recall@30 : 0.6968    recall@50 : 0.7729    ndcg@1 : 0.202    ndcg@2 : 0.2271    ndcg@3 : 0.248    ndcg@4 : 0.2621    ndcg@5 : 0.2772    ndcg@10 : 0.3224    ndcg@20 : 0.3634    ndcg@30 : 0.3849    ndcg@50 : 0.4036    precision@1 : 0.202    precision@2 : 0.1704    precision@3 : 0.1492    precision@4 : 0.133    precision@5 : 0.1222    precision@10 : 0.0887    precision@20 : 0.0603    precision@30 : 0.0468    precision@50 : 0.0324    map@1 : 0.202    map@2 : 0.2007    map@3 : 0.2068    map@4 : 0.2113    map@5 : 0.2181    map@10 : 0.2372    map@20 : 0.2512    map@30 : 0.2574    map@50 : 0.2618
Sun 15 Mar 2026 22:52:46 INFO  Saving current: saved/SCL-Mar-15-2026_22-52-21.pth
Sun 15 Mar 2026 22:52:46 INFO  Saving current best: saved/SCL-Mar-15-2026_22-52-21.pth
Sun 15 Mar 2026 22:52:46 INFO  Running E-step ! 
Sun 15 Mar 2026 22:52:46 INFO  epoch 69 training [time: 0.19s, train_loss1: 2.8709, train_loss2: 0.0410, train_loss3: 0.0110, train_loss4: 0.0000]
Sun 15 Mar 2026 22:52:46 INFO  epoch 69 evaluating [time: 0.15s, valid_score: 0.322600]
Sun 15 Mar 2026 22:52:46 INFO  valid result: 
recall@1 : 0.1242    recall@2 : 0.2089    recall@3 : 0.2707    recall@4 : 0.3112    recall@5 : 0.3518    recall@10 : 0.4778    recall@20 : 0.6171    recall@30 : 0.6987    recall@50 : 0.7747    ndcg@1 : 0.202    ndcg@2 : 0.2275    ndcg@3 : 0.2488    ndcg@4 : 0.2627    ndcg@5 : 0.278    ndcg@10 : 0.3226    ndcg@20 : 0.3638    ndcg@30 : 0.3856    ndcg@50 : 0.4044    precision@1 : 0.202    precision@2 : 0.171    precision@3 : 0.1498    precision@4 : 0.1333    precision@5 : 0.1228    precision@10 : 0.0887    precision@20 : 0.0604    precision@30 : 0.0469    precision@50 : 0.0325    map@1 : 0.202    map@2 : 0.2011    map@3 : 0.2074    map@4 : 0.2117    map@5 : 0.2187    map@10 : 0.2376    map@20 : 0.2516    map@30 : 0.2579    map@50 : 0.2623
Sun 15 Mar 2026 22:52:46 INFO  Saving current: saved/SCL-Mar-15-2026_22-52-21.pth
Sun 15 Mar 2026 22:52:46 INFO  Saving current best: saved/SCL-Mar-15-2026_22-52-21.pth
Sun 15 Mar 2026 22:52:46 INFO  Running E-step ! 
Sun 15 Mar 2026 22:52:47 INFO  epoch 70 training [time: 0.17s, train_loss1: 2.8080, train_loss2: 0.0409, train_loss3: 0.0110, train_loss4: 0.0000]
Sun 15 Mar 2026 22:52:47 INFO  epoch 70 evaluating [time: 0.15s, valid_score: 0.323200]
Sun 15 Mar 2026 22:52:47 INFO  valid result: 
recall@1 : 0.1242    recall@2 : 0.2096    recall@3 : 0.2716    recall@4 : 0.3102    recall@5 : 0.3523    recall@10 : 0.4788    recall@20 : 0.6172    recall@30 : 0.6998    recall@50 : 0.7771    ndcg@1 : 0.202    ndcg@2 : 0.2285    ndcg@3 : 0.2493    ndcg@4 : 0.2624    ndcg@5 : 0.2782    ndcg@10 : 0.3232    ndcg@20 : 0.3641    ndcg@30 : 0.3861    ndcg@50 : 0.4051    precision@1 : 0.202    precision@2 : 0.1722    precision@3 : 0.15    precision@4 : 0.133    precision@5 : 0.1228    precision@10 : 0.089    precision@20 : 0.0604    precision@30 : 0.047    precision@50 : 0.0326    map@1 : 0.202    map@2 : 0.2019    map@3 : 0.2078    map@4 : 0.2117    map@5 : 0.219    map@10 : 0.2379    map@20 : 0.2519    map@30 : 0.2582    map@50 : 0.2627
Sun 15 Mar 2026 22:52:47 INFO  Saving current: saved/SCL-Mar-15-2026_22-52-21.pth
Sun 15 Mar 2026 22:52:47 INFO  Saving current best: saved/SCL-Mar-15-2026_22-52-21.pth
Sun 15 Mar 2026 22:52:47 INFO  Running E-step ! 
Sun 15 Mar 2026 22:52:47 INFO  epoch 71 training [time: 0.18s, train_loss1: 2.8341, train_loss2: 0.0409, train_loss3: 0.0110, train_loss4: 0.0000]
Sun 15 Mar 2026 22:52:47 INFO  epoch 71 evaluating [time: 0.15s, valid_score: 0.323300]
Sun 15 Mar 2026 22:52:47 INFO  valid result: 
recall@1 : 0.1242    recall@2 : 0.2102    recall@3 : 0.2717    recall@4 : 0.3104    recall@5 : 0.3521    recall@10 : 0.4786    recall@20 : 0.6172    recall@30 : 0.6993    recall@50 : 0.7761    ndcg@1 : 0.202    ndcg@2 : 0.2291    ndcg@3 : 0.2496    ndcg@4 : 0.2627    ndcg@5 : 0.2784    ndcg@10 : 0.3233    ndcg@20 : 0.3644    ndcg@30 : 0.3862    ndcg@50 : 0.4052    precision@1 : 0.202    precision@2 : 0.1731    precision@3 : 0.1502    precision@4 : 0.1332    precision@5 : 0.1229    precision@10 : 0.0889    precision@20 : 0.0605    precision@30 : 0.0469    precision@50 : 0.0326    map@1 : 0.202    map@2 : 0.2025    map@3 : 0.2081    map@4 : 0.212    map@5 : 0.2191    map@10 : 0.2381    map@20 : 0.2522    map@30 : 0.2584    map@50 : 0.263
Sun 15 Mar 2026 22:52:47 INFO  Saving current: saved/SCL-Mar-15-2026_22-52-21.pth
Sun 15 Mar 2026 22:52:47 INFO  Saving current best: saved/SCL-Mar-15-2026_22-52-21.pth
Sun 15 Mar 2026 22:52:47 INFO  Running E-step ! 
Sun 15 Mar 2026 22:52:47 INFO  epoch 72 training [time: 0.19s, train_loss1: 2.8285, train_loss2: 0.0408, train_loss3: 0.0110, train_loss4: 0.0000]
Sun 15 Mar 2026 22:52:48 INFO  epoch 72 evaluating [time: 0.15s, valid_score: 0.323900]
Sun 15 Mar 2026 22:52:48 INFO  valid result: 
recall@1 : 0.1251    recall@2 : 0.2106    recall@3 : 0.2722    recall@4 : 0.3095    recall@5 : 0.352    recall@10 : 0.4792    recall@20 : 0.6172    recall@30 : 0.7006    recall@50 : 0.7762    ndcg@1 : 0.2032    ndcg@2 : 0.23    ndcg@3 : 0.2504    ndcg@4 : 0.2627    ndcg@5 : 0.2787    ndcg@10 : 0.3239    ndcg@20 : 0.365    ndcg@30 : 0.387    ndcg@50 : 0.4058    precision@1 : 0.2032    precision@2 : 0.1737    precision@3 : 0.1508    precision@4 : 0.1327    precision@5 : 0.1228    precision@10 : 0.089    precision@20 : 0.0606    precision@30 : 0.0469    precision@50 : 0.0326    map@1 : 0.2032    map@2 : 0.2034    map@3 : 0.2088    map@4 : 0.2123    map@5 : 0.2196    map@10 : 0.2387    map@20 : 0.2529    map@30 : 0.259    map@50 : 0.2637
Sun 15 Mar 2026 22:52:48 INFO  Saving current: saved/SCL-Mar-15-2026_22-52-21.pth
Sun 15 Mar 2026 22:52:48 INFO  Saving current best: saved/SCL-Mar-15-2026_22-52-21.pth
Sun 15 Mar 2026 22:52:48 INFO  Running E-step ! 
Sun 15 Mar 2026 22:52:48 INFO  epoch 73 training [time: 0.18s, train_loss1: 2.7738, train_loss2: 0.0407, train_loss3: 0.0110, train_loss4: 0.0000]
Sun 15 Mar 2026 22:52:48 INFO  epoch 73 evaluating [time: 0.14s, valid_score: 0.324700]
Sun 15 Mar 2026 22:52:48 INFO  valid result: 
recall@1 : 0.1259    recall@2 : 0.2109    recall@3 : 0.2723    recall@4 : 0.3079    recall@5 : 0.3524    recall@10 : 0.4802    recall@20 : 0.6183    recall@30 : 0.7003    recall@50 : 0.7764    ndcg@1 : 0.205    ndcg@2 : 0.2309    ndcg@3 : 0.2511    ndcg@4 : 0.2626    ndcg@5 : 0.2795    ndcg@10 : 0.3247    ndcg@20 : 0.3657    ndcg@30 : 0.3874    ndcg@50 : 0.4063    precision@1 : 0.205    precision@2 : 0.1743    precision@3 : 0.151    precision@4 : 0.1326    precision@5 : 0.1232    precision@10 : 0.0892    precision@20 : 0.0607    precision@30 : 0.0469    precision@50 : 0.0326    map@1 : 0.205    map@2 : 0.2044    map@3 : 0.2095    map@4 : 0.2126    map@5 : 0.2203    map@10 : 0.2394    map@20 : 0.2535    map@30 : 0.2596    map@50 : 0.2642
Sun 15 Mar 2026 22:52:48 INFO  Saving current: saved/SCL-Mar-15-2026_22-52-21.pth
Sun 15 Mar 2026 22:52:48 INFO  Saving current best: saved/SCL-Mar-15-2026_22-52-21.pth
Sun 15 Mar 2026 22:52:48 INFO  Running E-step ! 
Sun 15 Mar 2026 22:52:48 INFO  epoch 74 training [time: 0.19s, train_loss1: 2.7835, train_loss2: 0.0407, train_loss3: 0.0110, train_loss4: 0.0000]
Sun 15 Mar 2026 22:52:48 INFO  epoch 74 evaluating [time: 0.15s, valid_score: 0.325400]
Sun 15 Mar 2026 22:52:48 INFO  valid result: 
recall@1 : 0.126    recall@2 : 0.211    recall@3 : 0.2736    recall@4 : 0.3089    recall@5 : 0.353    recall@10 : 0.4812    recall@20 : 0.6193    recall@30 : 0.7    recall@50 : 0.7791    ndcg@1 : 0.2056    ndcg@2 : 0.2315    ndcg@3 : 0.2521    ndcg@4 : 0.2633    ndcg@5 : 0.28    ndcg@10 : 0.3254    ndcg@20 : 0.3663    ndcg@30 : 0.3877    ndcg@50 : 0.4072    precision@1 : 0.2056    precision@2 : 0.1749    precision@3 : 0.152    precision@4 : 0.1327    precision@5 : 0.1234    precision@10 : 0.0895    precision@20 : 0.0608    precision@30 : 0.0469    precision@50 : 0.0327    map@1 : 0.2056    map@2 : 0.2052    map@3 : 0.2102    map@4 : 0.2131    map@5 : 0.2207    map@10 : 0.2399    map@20 : 0.2539    map@30 : 0.2599    map@50 : 0.2647
Sun 15 Mar 2026 22:52:48 INFO  Saving current: saved/SCL-Mar-15-2026_22-52-21.pth
Sun 15 Mar 2026 22:52:48 INFO  Saving current best: saved/SCL-Mar-15-2026_22-52-21.pth
Sun 15 Mar 2026 22:52:48 INFO  Running E-step ! 
Sun 15 Mar 2026 22:52:48 INFO  epoch 75 training [time: 0.19s, train_loss1: 2.8185, train_loss2: 0.0406, train_loss3: 0.0110, train_loss4: 0.0000]
Sun 15 Mar 2026 22:52:49 INFO  epoch 75 evaluating [time: 0.15s, valid_score: 0.325900]
Sun 15 Mar 2026 22:52:49 INFO  valid result: 
recall@1 : 0.1267    recall@2 : 0.2114    recall@3 : 0.2742    recall@4 : 0.308    recall@5 : 0.3517    recall@10 : 0.4817    recall@20 : 0.6203    recall@30 : 0.7011    recall@50 : 0.781    ndcg@1 : 0.2068    ndcg@2 : 0.2326    ndcg@3 : 0.2529    ndcg@4 : 0.2634    ndcg@5 : 0.2797    ndcg@10 : 0.3259    ndcg@20 : 0.367    ndcg@30 : 0.3883    ndcg@50 : 0.408    precision@1 : 0.2068    precision@2 : 0.1758    precision@3 : 0.1524    precision@4 : 0.1327    precision@5 : 0.1228    precision@10 : 0.0897    precision@20 : 0.061    precision@30 : 0.047    precision@50 : 0.0328    map@1 : 0.2068    map@2 : 0.206    map@3 : 0.211    map@4 : 0.2134    map@5 : 0.2208    map@10 : 0.2403    map@20 : 0.2544    map@30 : 0.2604    map@50 : 0.2652
Sun 15 Mar 2026 22:52:49 INFO  Saving current: saved/SCL-Mar-15-2026_22-52-21.pth
Sun 15 Mar 2026 22:52:49 INFO  Saving current best: saved/SCL-Mar-15-2026_22-52-21.pth
Sun 15 Mar 2026 22:52:49 INFO  Running E-step ! 
Sun 15 Mar 2026 22:52:49 INFO  epoch 76 training [time: 0.19s, train_loss1: 2.7728, train_loss2: 0.0406, train_loss3: 0.0110, train_loss4: 0.0000]
Sun 15 Mar 2026 22:52:49 INFO  epoch 76 evaluating [time: 0.15s, valid_score: 0.325800]
Sun 15 Mar 2026 22:52:49 INFO  valid result: 
recall@1 : 0.126    recall@2 : 0.2112    recall@3 : 0.2758    recall@4 : 0.3079    recall@5 : 0.3507    recall@10 : 0.4818    recall@20 : 0.6224    recall@30 : 0.7014    recall@50 : 0.7818    ndcg@1 : 0.2056    ndcg@2 : 0.2323    ndcg@3 : 0.2536    ndcg@4 : 0.2631    ndcg@5 : 0.2792    ndcg@10 : 0.3258    ndcg@20 : 0.3673    ndcg@30 : 0.3883    ndcg@50 : 0.4081    precision@1 : 0.2056    precision@2 : 0.1761    precision@3 : 0.1534    precision@4 : 0.1326    precision@5 : 0.1226    precision@10 : 0.0898    precision@20 : 0.0612    precision@30 : 0.0471    precision@50 : 0.0328    map@1 : 0.2056    map@2 : 0.2056    map@3 : 0.2113    map@4 : 0.2131    map@5 : 0.2204    map@10 : 0.2401    map@20 : 0.2544    map@30 : 0.2603    map@50 : 0.2651
Sun 15 Mar 2026 22:52:49 INFO  Running E-step ! 
Sun 15 Mar 2026 22:52:49 INFO  epoch 77 training [time: 0.18s, train_loss1: 2.7535, train_loss2: 0.0405, train_loss3: 0.0110, train_loss4: 0.0000]
Sun 15 Mar 2026 22:52:49 INFO  epoch 77 evaluating [time: 0.15s, valid_score: 0.326300]
Sun 15 Mar 2026 22:52:49 INFO  valid result: 
recall@1 : 0.1263    recall@2 : 0.2113    recall@3 : 0.2769    recall@4 : 0.3089    recall@5 : 0.3503    recall@10 : 0.4823    recall@20 : 0.6233    recall@30 : 0.7014    recall@50 : 0.7825    ndcg@1 : 0.2062    ndcg@2 : 0.2329    ndcg@3 : 0.2545    ndcg@4 : 0.2639    ndcg@5 : 0.2795    ndcg@10 : 0.3263    ndcg@20 : 0.368    ndcg@30 : 0.3888    ndcg@50 : 0.4086    precision@1 : 0.2062    precision@2 : 0.1767    precision@3 : 0.154    precision@4 : 0.1329    precision@5 : 0.1229    precision@10 : 0.0899    precision@20 : 0.0613    precision@30 : 0.0472    precision@50 : 0.0328    map@1 : 0.2062    map@2 : 0.2062    map@3 : 0.2119    map@4 : 0.2137    map@5 : 0.2208    map@10 : 0.2405    map@20 : 0.2548    map@30 : 0.2608    map@50 : 0.2655
Sun 15 Mar 2026 22:52:49 INFO  Saving current: saved/SCL-Mar-15-2026_22-52-21.pth
Sun 15 Mar 2026 22:52:49 INFO  Saving current best: saved/SCL-Mar-15-2026_22-52-21.pth
Sun 15 Mar 2026 22:52:49 INFO  Running E-step ! 
Sun 15 Mar 2026 22:52:49 INFO  epoch 78 training [time: 0.18s, train_loss1: 2.7700, train_loss2: 0.0404, train_loss3: 0.0110, train_loss4: 0.0000]
Sun 15 Mar 2026 22:52:50 INFO  epoch 78 evaluating [time: 0.15s, valid_score: 0.326500]
Sun 15 Mar 2026 22:52:50 INFO  valid result: 
recall@1 : 0.1264    recall@2 : 0.2126    recall@3 : 0.2776    recall@4 : 0.3097    recall@5 : 0.3507    recall@10 : 0.482    recall@20 : 0.6243    recall@30 : 0.7018    recall@50 : 0.7816    ndcg@1 : 0.2068    ndcg@2 : 0.234    ndcg@3 : 0.2552    ndcg@4 : 0.2646    ndcg@5 : 0.2802    ndcg@10 : 0.3265    ndcg@20 : 0.3687    ndcg@30 : 0.3894    ndcg@50 : 0.4089    precision@1 : 0.2068    precision@2 : 0.1776    precision@3 : 0.1544    precision@4 : 0.133    precision@5 : 0.1232    precision@10 : 0.0898    precision@20 : 0.0614    precision@30 : 0.0472    precision@50 : 0.0328    map@1 : 0.2068    map@2 : 0.2072    map@3 : 0.2125    map@4 : 0.2142    map@5 : 0.2214    map@10 : 0.2408    map@20 : 0.2554    map@30 : 0.2613    map@50 : 0.266
Sun 15 Mar 2026 22:52:50 INFO  Saving current: saved/SCL-Mar-15-2026_22-52-21.pth
Sun 15 Mar 2026 22:52:50 INFO  Saving current best: saved/SCL-Mar-15-2026_22-52-21.pth
Sun 15 Mar 2026 22:52:50 INFO  Running E-step ! 
Sun 15 Mar 2026 22:52:50 INFO  epoch 79 training [time: 0.18s, train_loss1: 2.7243, train_loss2: 0.0403, train_loss3: 0.0110, train_loss4: 0.0000]
Sun 15 Mar 2026 22:52:50 INFO  epoch 79 evaluating [time: 0.15s, valid_score: 0.326700]
Sun 15 Mar 2026 22:52:50 INFO  valid result: 
recall@1 : 0.1265    recall@2 : 0.212    recall@3 : 0.2771    recall@4 : 0.3093    recall@5 : 0.3514    recall@10 : 0.4828    recall@20 : 0.6259    recall@30 : 0.7018    recall@50 : 0.783    ndcg@1 : 0.2074    ndcg@2 : 0.2334    ndcg@3 : 0.2548    ndcg@4 : 0.2643    ndcg@5 : 0.2804    ndcg@10 : 0.3267    ndcg@20 : 0.3691    ndcg@30 : 0.3894    ndcg@50 : 0.4091    precision@1 : 0.2074    precision@2 : 0.1767    precision@3 : 0.154    precision@4 : 0.133    precision@5 : 0.1235    precision@10 : 0.0899    precision@20 : 0.0616    precision@30 : 0.0473    precision@50 : 0.0328    map@1 : 0.2074    map@2 : 0.2069    map@3 : 0.2123    map@4 : 0.2141    map@5 : 0.2215    map@10 : 0.2409    map@20 : 0.2555    map@30 : 0.2613    map@50 : 0.266
Sun 15 Mar 2026 22:52:50 INFO  Saving current: saved/SCL-Mar-15-2026_22-52-21.pth
Sun 15 Mar 2026 22:52:50 INFO  Saving current best: saved/SCL-Mar-15-2026_22-52-21.pth
Sun 15 Mar 2026 22:52:50 INFO  Running E-step ! 
Sun 15 Mar 2026 22:52:50 INFO  epoch 80 training [time: 0.19s, train_loss1: 2.7498, train_loss2: 0.0402, train_loss3: 0.0110, train_loss4: 0.0000]
Sun 15 Mar 2026 22:52:50 INFO  epoch 80 evaluating [time: 0.15s, valid_score: 0.326500]
Sun 15 Mar 2026 22:52:50 INFO  valid result: 
recall@1 : 0.1268    recall@2 : 0.2122    recall@3 : 0.2771    recall@4 : 0.3092    recall@5 : 0.3495    recall@10 : 0.4817    recall@20 : 0.6265    recall@30 : 0.7033    recall@50 : 0.782    ndcg@1 : 0.2074    ndcg@2 : 0.234    ndcg@3 : 0.255    ndcg@4 : 0.2644    ndcg@5 : 0.2798    ndcg@10 : 0.3265    ndcg@20 : 0.3694    ndcg@30 : 0.3899    ndcg@50 : 0.4092    precision@1 : 0.2074    precision@2 : 0.1773    precision@3 : 0.154    precision@4 : 0.1329    precision@5 : 0.1231    precision@10 : 0.0899    precision@20 : 0.0617    precision@30 : 0.0474    precision@50 : 0.0328    map@1 : 0.2074    map@2 : 0.2074    map@3 : 0.2125    map@4 : 0.2142    map@5 : 0.2213    map@10 : 0.241    map@20 : 0.2558    map@30 : 0.2616    map@50 : 0.2662
Sun 15 Mar 2026 22:52:50 INFO  Running E-step ! 
Sun 15 Mar 2026 22:52:50 INFO  epoch 81 training [time: 0.19s, train_loss1: 2.7468, train_loss2: 0.0402, train_loss3: 0.0110, train_loss4: 0.0000]
Sun 15 Mar 2026 22:52:51 INFO  epoch 81 evaluating [time: 0.15s, valid_score: 0.326900]
Sun 15 Mar 2026 22:52:51 INFO  valid result: 
recall@1 : 0.1268    recall@2 : 0.2137    recall@3 : 0.2765    recall@4 : 0.3094    recall@5 : 0.3502    recall@10 : 0.4824    recall@20 : 0.6261    recall@30 : 0.7037    recall@50 : 0.7828    ndcg@1 : 0.2074    ndcg@2 : 0.235    ndcg@3 : 0.2552    ndcg@4 : 0.2648    ndcg@5 : 0.2804    ndcg@10 : 0.3269    ndcg@20 : 0.3696    ndcg@30 : 0.3904    ndcg@50 : 0.4097    precision@1 : 0.2074    precision@2 : 0.1782    precision@3 : 0.1544    precision@4 : 0.1332    precision@5 : 0.1235    precision@10 : 0.0899    precision@20 : 0.0617    precision@30 : 0.0475    precision@50 : 0.0329    map@1 : 0.2074    map@2 : 0.2081    map@3 : 0.2127    map@4 : 0.2146    map@5 : 0.2217    map@10 : 0.2413    map@20 : 0.2561    map@30 : 0.262    map@50 : 0.2666
Sun 15 Mar 2026 22:52:51 INFO  Saving current: saved/SCL-Mar-15-2026_22-52-21.pth
Sun 15 Mar 2026 22:52:51 INFO  Saving current best: saved/SCL-Mar-15-2026_22-52-21.pth
Sun 15 Mar 2026 22:52:51 INFO  Running E-step ! 
Sun 15 Mar 2026 22:52:51 INFO  epoch 82 training [time: 0.18s, train_loss1: 2.7054, train_loss2: 0.0401, train_loss3: 0.0110, train_loss4: 0.0000]
Sun 15 Mar 2026 22:52:51 INFO  epoch 82 evaluating [time: 0.15s, valid_score: 0.327400]
Sun 15 Mar 2026 22:52:51 INFO  valid result: 
recall@1 : 0.1261    recall@2 : 0.2151    recall@3 : 0.2769    recall@4 : 0.3106    recall@5 : 0.3513    recall@10 : 0.4832    recall@20 : 0.6266    recall@30 : 0.7045    recall@50 : 0.7838    ndcg@1 : 0.2074    ndcg@2 : 0.2359    ndcg@3 : 0.2556    ndcg@4 : 0.2656    ndcg@5 : 0.281    ndcg@10 : 0.3274    ndcg@20 : 0.37    ndcg@30 : 0.3909    ndcg@50 : 0.4102    precision@1 : 0.2074    precision@2 : 0.1791    precision@3 : 0.1549    precision@4 : 0.1339    precision@5 : 0.124    precision@10 : 0.09    precision@20 : 0.0617    precision@30 : 0.0476    precision@50 : 0.0329    map@1 : 0.2074    map@2 : 0.2089    map@3 : 0.213    map@4 : 0.215    map@5 : 0.222    map@10 : 0.2416    map@20 : 0.2564    map@30 : 0.2624    map@50 : 0.2669
Sun 15 Mar 2026 22:52:51 INFO  Saving current: saved/SCL-Mar-15-2026_22-52-21.pth
Sun 15 Mar 2026 22:52:51 INFO  Saving current best: saved/SCL-Mar-15-2026_22-52-21.pth
Sun 15 Mar 2026 22:52:51 INFO  Running E-step ! 
Sun 15 Mar 2026 22:52:51 INFO  epoch 83 training [time: 0.20s, train_loss1: 2.7110, train_loss2: 0.0400, train_loss3: 0.0110, train_loss4: 0.0000]
Sun 15 Mar 2026 22:52:51 INFO  epoch 83 evaluating [time: 0.15s, valid_score: 0.327700]
Sun 15 Mar 2026 22:52:51 INFO  valid result: 
recall@1 : 0.1261    recall@2 : 0.2167    recall@3 : 0.276    recall@4 : 0.3106    recall@5 : 0.3529    recall@10 : 0.4831    recall@20 : 0.628    recall@30 : 0.7053    recall@50 : 0.7851    ndcg@1 : 0.2074    ndcg@2 : 0.2368    ndcg@3 : 0.2553    ndcg@4 : 0.2657    ndcg@5 : 0.2819    ndcg@10 : 0.3277    ndcg@20 : 0.3706    ndcg@30 : 0.3914    ndcg@50 : 0.4108    precision@1 : 0.2074    precision@2 : 0.18    precision@3 : 0.1545    precision@4 : 0.1339    precision@5 : 0.1249    precision@10 : 0.0902    precision@20 : 0.0619    precision@30 : 0.0477    precision@50 : 0.033    map@1 : 0.2074    map@2 : 0.2096    map@3 : 0.2128    map@4 : 0.2152    map@5 : 0.2227    map@10 : 0.242    map@20 : 0.2568    map@30 : 0.2628    map@50 : 0.2674
Sun 15 Mar 2026 22:52:51 INFO  Saving current: saved/SCL-Mar-15-2026_22-52-21.pth
Sun 15 Mar 2026 22:52:51 INFO  Saving current best: saved/SCL-Mar-15-2026_22-52-21.pth
Sun 15 Mar 2026 22:52:51 INFO  Running E-step ! 
Sun 15 Mar 2026 22:52:52 INFO  epoch 84 training [time: 0.20s, train_loss1: 2.7084, train_loss2: 0.0399, train_loss3: 0.0110, train_loss4: 0.0000]
Sun 15 Mar 2026 22:52:52 INFO  epoch 84 evaluating [time: 0.15s, valid_score: 0.328700]
Sun 15 Mar 2026 22:52:52 INFO  valid result: 
recall@1 : 0.1275    recall@2 : 0.2171    recall@3 : 0.2764    recall@4 : 0.3128    recall@5 : 0.3538    recall@10 : 0.4835    recall@20 : 0.6285    recall@30 : 0.7058    recall@50 : 0.7851    ndcg@1 : 0.2098    ndcg@2 : 0.2382    ndcg@3 : 0.2562    ndcg@4 : 0.2675    ndcg@5 : 0.2832    ndcg@10 : 0.3287    ndcg@20 : 0.3717    ndcg@30 : 0.3925    ndcg@50 : 0.4117    precision@1 : 0.2098    precision@2 : 0.1806    precision@3 : 0.1545    precision@4 : 0.1348    precision@5 : 0.1251    precision@10 : 0.0903    precision@20 : 0.062    precision@30 : 0.0478    precision@50 : 0.033    map@1 : 0.2098    map@2 : 0.2111    map@3 : 0.214    map@4 : 0.2168    map@5 : 0.224    map@10 : 0.2431    map@20 : 0.2579    map@30 : 0.264    map@50 : 0.2685
Sun 15 Mar 2026 22:52:52 INFO  Saving current: saved/SCL-Mar-15-2026_22-52-21.pth
Sun 15 Mar 2026 22:52:52 INFO  Saving current best: saved/SCL-Mar-15-2026_22-52-21.pth
Sun 15 Mar 2026 22:52:52 INFO  Running E-step ! 
Sun 15 Mar 2026 22:52:52 INFO  epoch 85 training [time: 0.19s, train_loss1: 2.6765, train_loss2: 0.0398, train_loss3: 0.0110, train_loss4: 0.0000]
Sun 15 Mar 2026 22:52:52 INFO  epoch 85 evaluating [time: 0.15s, valid_score: 0.328400]
Sun 15 Mar 2026 22:52:52 INFO  valid result: 
recall@1 : 0.1257    recall@2 : 0.2183    recall@3 : 0.2761    recall@4 : 0.3152    recall@5 : 0.3553    recall@10 : 0.4835    recall@20 : 0.6302    recall@30 : 0.7065    recall@50 : 0.7859    ndcg@1 : 0.208    ndcg@2 : 0.238    ndcg@3 : 0.2555    ndcg@4 : 0.2682    ndcg@5 : 0.2833    ndcg@10 : 0.3284    ndcg@20 : 0.3719    ndcg@30 : 0.3925    ndcg@50 : 0.4117    precision@1 : 0.208    precision@2 : 0.1809    precision@3 : 0.1544    precision@4 : 0.1359    precision@5 : 0.1255    precision@10 : 0.0904    precision@20 : 0.0622    precision@30 : 0.0479    precision@50 : 0.033    map@1 : 0.208    map@2 : 0.2107    map@3 : 0.2132    map@4 : 0.2167    map@5 : 0.2237    map@10 : 0.2427    map@20 : 0.2577    map@30 : 0.2637    map@50 : 0.2682
Sun 15 Mar 2026 22:52:52 INFO  Running E-step ! 
Sun 15 Mar 2026 22:52:52 INFO  epoch 86 training [time: 0.17s, train_loss1: 2.6740, train_loss2: 0.0397, train_loss3: 0.0110, train_loss4: 0.0000]
Sun 15 Mar 2026 22:52:52 INFO  epoch 86 evaluating [time: 0.15s, valid_score: 0.327900]
Sun 15 Mar 2026 22:52:52 INFO  valid result: 
recall@1 : 0.125    recall@2 : 0.2176    recall@3 : 0.2759    recall@4 : 0.314    recall@5 : 0.3551    recall@10 : 0.4832    recall@20 : 0.6314    recall@30 : 0.7073    recall@50 : 0.7871    ndcg@1 : 0.2074    ndcg@2 : 0.2374    ndcg@3 : 0.2552    ndcg@4 : 0.2673    ndcg@5 : 0.2827    ndcg@10 : 0.3279    ndcg@20 : 0.3719    ndcg@30 : 0.3924    ndcg@50 : 0.4116    precision@1 : 0.2074    precision@2 : 0.1806    precision@3 : 0.1545    precision@4 : 0.1354    precision@5 : 0.1253    precision@10 : 0.0904    precision@20 : 0.0623    precision@30 : 0.048    precision@50 : 0.0331    map@1 : 0.2074    map@2 : 0.2102    map@3 : 0.213    map@4 : 0.216    map@5 : 0.2231    map@10 : 0.2422    map@20 : 0.2574    map@30 : 0.2634    map@50 : 0.2678
Sun 15 Mar 2026 22:52:52 INFO  Running E-step ! 
Sun 15 Mar 2026 22:52:53 INFO  epoch 87 training [time: 0.18s, train_loss1: 2.6645, train_loss2: 0.0396, train_loss3: 0.0110, train_loss4: 0.0000]
Sun 15 Mar 2026 22:52:53 INFO  epoch 87 evaluating [time: 0.15s, valid_score: 0.328500]
Sun 15 Mar 2026 22:52:53 INFO  valid result: 
recall@1 : 0.1252    recall@2 : 0.217    recall@3 : 0.2758    recall@4 : 0.3141    recall@5 : 0.3552    recall@10 : 0.4844    recall@20 : 0.6319    recall@30 : 0.7091    recall@50 : 0.7863    ndcg@1 : 0.208    ndcg@2 : 0.2372    ndcg@3 : 0.2552    ndcg@4 : 0.2674    ndcg@5 : 0.2827    ndcg@10 : 0.3285    ndcg@20 : 0.3721    ndcg@30 : 0.393    ndcg@50 : 0.4116    precision@1 : 0.208    precision@2 : 0.1803    precision@3 : 0.1545    precision@4 : 0.1356    precision@5 : 0.125    precision@10 : 0.0909    precision@20 : 0.0623    precision@30 : 0.0482    precision@50 : 0.033    map@1 : 0.208    map@2 : 0.2101    map@3 : 0.213    map@4 : 0.216    map@5 : 0.2229    map@10 : 0.2425    map@20 : 0.2575    map@30 : 0.2636    map@50 : 0.2679
Sun 15 Mar 2026 22:52:53 INFO  Running E-step ! 
Sun 15 Mar 2026 22:52:53 INFO  epoch 88 training [time: 0.18s, train_loss1: 2.6388, train_loss2: 0.0396, train_loss3: 0.0110, train_loss4: 0.0000]
Sun 15 Mar 2026 22:52:53 INFO  epoch 88 evaluating [time: 0.15s, valid_score: 0.329000]
Sun 15 Mar 2026 22:52:53 INFO  valid result: 
recall@1 : 0.1252    recall@2 : 0.2167    recall@3 : 0.2753    recall@4 : 0.3151    recall@5 : 0.3542    recall@10 : 0.4859    recall@20 : 0.6321    recall@30 : 0.7098    recall@50 : 0.7862    ndcg@1 : 0.208    ndcg@2 : 0.237    ndcg@3 : 0.2547    ndcg@4 : 0.2678    ndcg@5 : 0.2825    ndcg@10 : 0.329    ndcg@20 : 0.3723    ndcg@30 : 0.3931    ndcg@50 : 0.4116    precision@1 : 0.208    precision@2 : 0.18    precision@3 : 0.1542    precision@4 : 0.136    precision@5 : 0.1254    precision@10 : 0.0913    precision@20 : 0.0625    precision@30 : 0.0482    precision@50 : 0.033    map@1 : 0.208    map@2 : 0.2099    map@3 : 0.2125    map@4 : 0.2162    map@5 : 0.2228    map@10 : 0.2427    map@20 : 0.2576    map@30 : 0.2636    map@50 : 0.2679
Sun 15 Mar 2026 22:52:53 INFO  Saving current: saved/SCL-Mar-15-2026_22-52-21.pth
Sun 15 Mar 2026 22:52:53 INFO  Saving current best: saved/SCL-Mar-15-2026_22-52-21.pth
Sun 15 Mar 2026 22:52:53 INFO  Running E-step ! 
Sun 15 Mar 2026 22:52:53 INFO  epoch 89 training [time: 0.17s, train_loss1: 2.6321, train_loss2: 0.0395, train_loss3: 0.0110, train_loss4: 0.0000]
Sun 15 Mar 2026 22:52:53 INFO  epoch 89 evaluating [time: 0.15s, valid_score: 0.329300]
Sun 15 Mar 2026 22:52:53 INFO  valid result: 
recall@1 : 0.124    recall@2 : 0.2175    recall@3 : 0.2753    recall@4 : 0.3149    recall@5 : 0.3547    recall@10 : 0.4879    recall@20 : 0.6335    recall@30 : 0.7106    recall@50 : 0.7859    ndcg@1 : 0.2068    ndcg@2 : 0.2371    ndcg@3 : 0.2544    ndcg@4 : 0.2674    ndcg@5 : 0.2824    ndcg@10 : 0.3293    ndcg@20 : 0.3724    ndcg@30 : 0.3931    ndcg@50 : 0.4113    precision@1 : 0.2068    precision@2 : 0.1806    precision@3 : 0.1542    precision@4 : 0.1362    precision@5 : 0.1256    precision@10 : 0.0917    precision@20 : 0.0626    precision@30 : 0.0482    precision@50 : 0.033    map@1 : 0.2068    map@2 : 0.2098    map@3 : 0.2121    map@4 : 0.2158    map@5 : 0.2226    map@10 : 0.2426    map@20 : 0.2573    map@30 : 0.2634    map@50 : 0.2676
Sun 15 Mar 2026 22:52:53 INFO  Saving current: saved/SCL-Mar-15-2026_22-52-21.pth
Sun 15 Mar 2026 22:52:53 INFO  Saving current best: saved/SCL-Mar-15-2026_22-52-21.pth
Sun 15 Mar 2026 22:52:53 INFO  Running E-step ! 
Sun 15 Mar 2026 22:52:54 INFO  epoch 90 training [time: 0.18s, train_loss1: 2.6169, train_loss2: 0.0394, train_loss3: 0.0110, train_loss4: 0.0000]
Sun 15 Mar 2026 22:52:54 INFO  epoch 90 evaluating [time: 0.15s, valid_score: 0.329400]
Sun 15 Mar 2026 22:52:54 INFO  valid result: 
recall@1 : 0.1234    recall@2 : 0.2179    recall@3 : 0.2747    recall@4 : 0.3145    recall@5 : 0.3564    recall@10 : 0.4881    recall@20 : 0.6344    recall@30 : 0.7119    recall@50 : 0.7861    ndcg@1 : 0.2062    ndcg@2 : 0.2374    ndcg@3 : 0.254    ndcg@4 : 0.2672    ndcg@5 : 0.2829    ndcg@10 : 0.3294    ndcg@20 : 0.3726    ndcg@30 : 0.3934    ndcg@50 : 0.4115    precision@1 : 0.2062    precision@2 : 0.1812    precision@3 : 0.154    precision@4 : 0.1365    precision@5 : 0.1261    precision@10 : 0.0917    precision@20 : 0.0627    precision@30 : 0.0483    precision@50 : 0.033    map@1 : 0.2062    map@2 : 0.2098    map@3 : 0.2117    map@4 : 0.2155    map@5 : 0.2227    map@10 : 0.2424    map@20 : 0.2573    map@30 : 0.2634    map@50 : 0.2676
Sun 15 Mar 2026 22:52:54 INFO  Saving current: saved/SCL-Mar-15-2026_22-52-21.pth
Sun 15 Mar 2026 22:52:54 INFO  Saving current best: saved/SCL-Mar-15-2026_22-52-21.pth
Sun 15 Mar 2026 22:52:54 INFO  Running E-step ! 
Sun 15 Mar 2026 22:52:54 INFO  epoch 91 training [time: 0.19s, train_loss1: 2.5997, train_loss2: 0.0393, train_loss3: 0.0110, train_loss4: 0.0000]
Sun 15 Mar 2026 22:52:54 INFO  epoch 91 evaluating [time: 0.15s, valid_score: 0.330200]
Sun 15 Mar 2026 22:52:54 INFO  valid result: 
recall@1 : 0.124    recall@2 : 0.2175    recall@3 : 0.2756    recall@4 : 0.3156    recall@5 : 0.3553    recall@10 : 0.4895    recall@20 : 0.635    recall@30 : 0.7113    recall@50 : 0.787    ndcg@1 : 0.208    ndcg@2 : 0.2375    ndcg@3 : 0.2546    ndcg@4 : 0.2681    ndcg@5 : 0.2828    ndcg@10 : 0.3302    ndcg@20 : 0.3733    ndcg@30 : 0.3938    ndcg@50 : 0.4122    precision@1 : 0.208    precision@2 : 0.1809    precision@3 : 0.1542    precision@4 : 0.1369    precision@5 : 0.1257    precision@10 : 0.092    precision@20 : 0.0628    precision@30 : 0.0483    precision@50 : 0.0331    map@1 : 0.208    map@2 : 0.2101    map@3 : 0.2123    map@4 : 0.2162    map@5 : 0.2227    map@10 : 0.243    map@20 : 0.2579    map@30 : 0.2639    map@50 : 0.2682
Sun 15 Mar 2026 22:52:54 INFO  Saving current: saved/SCL-Mar-15-2026_22-52-21.pth
Sun 15 Mar 2026 22:52:54 INFO  Saving current best: saved/SCL-Mar-15-2026_22-52-21.pth
Sun 15 Mar 2026 22:52:54 INFO  Running E-step ! 
Sun 15 Mar 2026 22:52:54 INFO  epoch 92 training [time: 0.17s, train_loss1: 2.6219, train_loss2: 0.0393, train_loss3: 0.0110, train_loss4: 0.0000]
Sun 15 Mar 2026 22:52:54 INFO  epoch 92 evaluating [time: 0.15s, valid_score: 0.330400]
Sun 15 Mar 2026 22:52:54 INFO  valid result: 
recall@1 : 0.1232    recall@2 : 0.2184    recall@3 : 0.2756    recall@4 : 0.3161    recall@5 : 0.3555    recall@10 : 0.4899    recall@20 : 0.636    recall@30 : 0.7118    recall@50 : 0.7883    ndcg@1 : 0.208    ndcg@2 : 0.2381    ndcg@3 : 0.2546    ndcg@4 : 0.2683    ndcg@5 : 0.2828    ndcg@10 : 0.3304    ndcg@20 : 0.3736    ndcg@30 : 0.394    ndcg@50 : 0.4126    precision@1 : 0.208    precision@2 : 0.1818    precision@3 : 0.1544    precision@4 : 0.1374    precision@5 : 0.1257    precision@10 : 0.092    precision@20 : 0.0628    precision@30 : 0.0483    precision@50 : 0.0331    map@1 : 0.208    map@2 : 0.2102    map@3 : 0.2121    map@4 : 0.2163    map@5 : 0.2227    map@10 : 0.243    map@20 : 0.2579    map@30 : 0.264    map@50 : 0.2683
Sun 15 Mar 2026 22:52:54 INFO  Saving current: saved/SCL-Mar-15-2026_22-52-21.pth
Sun 15 Mar 2026 22:52:54 INFO  Saving current best: saved/SCL-Mar-15-2026_22-52-21.pth
Sun 15 Mar 2026 22:52:54 INFO  Running E-step ! 
Sun 15 Mar 2026 22:52:55 INFO  epoch 93 training [time: 0.18s, train_loss1: 2.5843, train_loss2: 0.0392, train_loss3: 0.0110, train_loss4: 0.0000]
Sun 15 Mar 2026 22:52:55 INFO  epoch 93 evaluating [time: 0.15s, valid_score: 0.330300]
Sun 15 Mar 2026 22:52:55 INFO  valid result: 
recall@1 : 0.1226    recall@2 : 0.2186    recall@3 : 0.2756    recall@4 : 0.3163    recall@5 : 0.356    recall@10 : 0.4898    recall@20 : 0.6367    recall@30 : 0.7123    recall@50 : 0.7883    ndcg@1 : 0.2074    ndcg@2 : 0.2378    ndcg@3 : 0.2546    ndcg@4 : 0.2683    ndcg@5 : 0.2828    ndcg@10 : 0.3303    ndcg@20 : 0.3738    ndcg@30 : 0.3942    ndcg@50 : 0.4127    precision@1 : 0.2074    precision@2 : 0.1818    precision@3 : 0.1547    precision@4 : 0.1377    precision@5 : 0.1259    precision@10 : 0.092    precision@20 : 0.0629    precision@30 : 0.0484    precision@50 : 0.0332    map@1 : 0.2074    map@2 : 0.2099    map@3 : 0.212    map@4 : 0.2163    map@5 : 0.2225    map@10 : 0.243    map@20 : 0.258    map@30 : 0.264    map@50 : 0.2683
Sun 15 Mar 2026 22:52:55 INFO  Running E-step ! 
Sun 15 Mar 2026 22:52:55 INFO  epoch 94 training [time: 0.18s, train_loss1: 2.6099, train_loss2: 0.0391, train_loss3: 0.0110, train_loss4: 0.0000]
Sun 15 Mar 2026 22:52:55 INFO  epoch 94 evaluating [time: 0.15s, valid_score: 0.330700]
Sun 15 Mar 2026 22:52:55 INFO  valid result: 
recall@1 : 0.1226    recall@2 : 0.2192    recall@3 : 0.2758    recall@4 : 0.3166    recall@5 : 0.356    recall@10 : 0.4901    recall@20 : 0.6379    recall@30 : 0.7121    recall@50 : 0.7884    ndcg@1 : 0.2074    ndcg@2 : 0.2382    ndcg@3 : 0.2549    ndcg@4 : 0.2688    ndcg@5 : 0.283    ndcg@10 : 0.3307    ndcg@20 : 0.3743    ndcg@30 : 0.3944    ndcg@50 : 0.413    precision@1 : 0.2074    precision@2 : 0.1821    precision@3 : 0.1551    precision@4 : 0.1383    precision@5 : 0.1259    precision@10 : 0.0921    precision@20 : 0.063    precision@30 : 0.0484    precision@50 : 0.0332    map@1 : 0.2074    map@2 : 0.2102    map@3 : 0.2124    map@4 : 0.2167    map@5 : 0.2227    map@10 : 0.2433    map@20 : 0.2584    map@30 : 0.2643    map@50 : 0.2687
Sun 15 Mar 2026 22:52:55 INFO  Saving current: saved/SCL-Mar-15-2026_22-52-21.pth
Sun 15 Mar 2026 22:52:55 INFO  Saving current best: saved/SCL-Mar-15-2026_22-52-21.pth
Sun 15 Mar 2026 22:52:55 INFO  Running E-step ! 
Sun 15 Mar 2026 22:52:55 INFO  epoch 95 training [time: 0.16s, train_loss1: 2.6243, train_loss2: 0.0390, train_loss3: 0.0110, train_loss4: 0.0000]
Sun 15 Mar 2026 22:52:55 INFO  epoch 95 evaluating [time: 0.14s, valid_score: 0.330900]
Sun 15 Mar 2026 22:52:55 INFO  valid result: 
recall@1 : 0.1222    recall@2 : 0.2185    recall@3 : 0.2767    recall@4 : 0.3169    recall@5 : 0.3543    recall@10 : 0.4911    recall@20 : 0.6392    recall@30 : 0.7123    recall@50 : 0.7893    ndcg@1 : 0.2074    ndcg@2 : 0.2378    ndcg@3 : 0.2553    ndcg@4 : 0.2688    ndcg@5 : 0.2823    ndcg@10 : 0.3309    ndcg@20 : 0.3746    ndcg@30 : 0.3944    ndcg@50 : 0.4132    precision@1 : 0.2074    precision@2 : 0.1818    precision@3 : 0.1559    precision@4 : 0.1384    precision@5 : 0.1256    precision@10 : 0.0923    precision@20 : 0.0631    precision@30 : 0.0484    precision@50 : 0.0332    map@1 : 0.2074    map@2 : 0.2098    map@3 : 0.2126    map@4 : 0.2167    map@5 : 0.2223    map@10 : 0.2433    map@20 : 0.2584    map@30 : 0.2642    map@50 : 0.2686
Sun 15 Mar 2026 22:52:55 INFO  Saving current: saved/SCL-Mar-15-2026_22-52-21.pth
Sun 15 Mar 2026 22:52:55 INFO  Saving current best: saved/SCL-Mar-15-2026_22-52-21.pth
Sun 15 Mar 2026 22:52:55 INFO  Running E-step ! 
Sun 15 Mar 2026 22:52:56 INFO  epoch 96 training [time: 0.17s, train_loss1: 2.5692, train_loss2: 0.0389, train_loss3: 0.0110, train_loss4: 0.0000]
Sun 15 Mar 2026 22:52:56 INFO  epoch 96 evaluating [time: 0.15s, valid_score: 0.332200]
Sun 15 Mar 2026 22:52:56 INFO  valid result: 
recall@1 : 0.1237    recall@2 : 0.2186    recall@3 : 0.2774    recall@4 : 0.3196    recall@5 : 0.3532    recall@10 : 0.4923    recall@20 : 0.6397    recall@30 : 0.7135    recall@50 : 0.7889    ndcg@1 : 0.2098    ndcg@2 : 0.2382    ndcg@3 : 0.2564    ndcg@4 : 0.2709    ndcg@5 : 0.2827    ndcg@10 : 0.3322    ndcg@20 : 0.3756    ndcg@30 : 0.3956    ndcg@50 : 0.414    precision@1 : 0.2098    precision@2 : 0.1815    precision@3 : 0.1563    precision@4 : 0.1396    precision@5 : 0.1255    precision@10 : 0.0928    precision@20 : 0.0631    precision@30 : 0.0485    precision@50 : 0.0332    map@1 : 0.2098    map@2 : 0.2104    map@3 : 0.2136    map@4 : 0.2185    map@5 : 0.2232    map@10 : 0.2446    map@20 : 0.2595    map@30 : 0.2655    map@50 : 0.2697
Sun 15 Mar 2026 22:52:56 INFO  Saving current: saved/SCL-Mar-15-2026_22-52-21.pth
Sun 15 Mar 2026 22:52:56 INFO  Saving current best: saved/SCL-Mar-15-2026_22-52-21.pth
Sun 15 Mar 2026 22:52:56 INFO  Running E-step ! 
Sun 15 Mar 2026 22:52:56 INFO  epoch 97 training [time: 0.19s, train_loss1: 2.5651, train_loss2: 0.0388, train_loss3: 0.0110, train_loss4: 0.0000]
Sun 15 Mar 2026 22:52:56 INFO  epoch 97 evaluating [time: 0.14s, valid_score: 0.332500]
Sun 15 Mar 2026 22:52:56 INFO  valid result: 
recall@1 : 0.1237    recall@2 : 0.2189    recall@3 : 0.277    recall@4 : 0.3191    recall@5 : 0.3537    recall@10 : 0.4927    recall@20 : 0.6406    recall@30 : 0.7129    recall@50 : 0.7894    ndcg@1 : 0.2098    ndcg@2 : 0.239    ndcg@3 : 0.2567    ndcg@4 : 0.2707    ndcg@5 : 0.283    ndcg@10 : 0.3325    ndcg@20 : 0.376    ndcg@30 : 0.3956    ndcg@50 : 0.4142    precision@1 : 0.2098    precision@2 : 0.1827    precision@3 : 0.1569    precision@4 : 0.1392    precision@5 : 0.1256    precision@10 : 0.093    precision@20 : 0.0633    precision@30 : 0.0485    precision@50 : 0.0332    map@1 : 0.2098    map@2 : 0.211    map@3 : 0.214    map@4 : 0.2182    map@5 : 0.2233    map@10 : 0.2447    map@20 : 0.2597    map@30 : 0.2655    map@50 : 0.2698
Sun 15 Mar 2026 22:52:56 INFO  Saving current: saved/SCL-Mar-15-2026_22-52-21.pth
Sun 15 Mar 2026 22:52:56 INFO  Saving current best: saved/SCL-Mar-15-2026_22-52-21.pth
Sun 15 Mar 2026 22:52:56 INFO  Running E-step ! 
Sun 15 Mar 2026 22:52:56 INFO  epoch 98 training [time: 0.18s, train_loss1: 2.5576, train_loss2: 0.0388, train_loss3: 0.0110, train_loss4: 0.0000]
Sun 15 Mar 2026 22:52:57 INFO  epoch 98 evaluating [time: 0.15s, valid_score: 0.334000]
Sun 15 Mar 2026 22:52:57 INFO  valid result: 
recall@1 : 0.1253    recall@2 : 0.2178    recall@3 : 0.2776    recall@4 : 0.3191    recall@5 : 0.3541    recall@10 : 0.4953    recall@20 : 0.6401    recall@30 : 0.7124    recall@50 : 0.7912    ndcg@1 : 0.2128    ndcg@2 : 0.2391    ndcg@3 : 0.2578    ndcg@4 : 0.2713    ndcg@5 : 0.2838    ndcg@10 : 0.334    ndcg@20 : 0.3766    ndcg@30 : 0.3962    ndcg@50 : 0.4153    precision@1 : 0.2128    precision@2 : 0.1821    precision@3 : 0.1577    precision@4 : 0.1392    precision@5 : 0.1259    precision@10 : 0.0934    precision@20 : 0.0631    precision@30 : 0.0485    precision@50 : 0.0333    map@1 : 0.2128    map@2 : 0.2114    map@3 : 0.2151    map@4 : 0.219    map@5 : 0.2241    map@10 : 0.2458    map@20 : 0.2604    map@30 : 0.2664    map@50 : 0.2708
Sun 15 Mar 2026 22:52:57 INFO  Saving current: saved/SCL-Mar-15-2026_22-52-21.pth
Sun 15 Mar 2026 22:52:57 INFO  Saving current best: saved/SCL-Mar-15-2026_22-52-21.pth
Sun 15 Mar 2026 22:52:57 INFO  Running E-step ! 
Sun 15 Mar 2026 22:52:57 INFO  epoch 99 training [time: 0.18s, train_loss1: 2.5927, train_loss2: 0.0387, train_loss3: 0.0110, train_loss4: 0.0000]
Sun 15 Mar 2026 22:52:57 INFO  epoch 99 evaluating [time: 0.15s, valid_score: 0.334000]
Sun 15 Mar 2026 22:52:57 INFO  valid result: 
recall@1 : 0.1252    recall@2 : 0.2183    recall@3 : 0.2754    recall@4 : 0.3184    recall@5 : 0.3545    recall@10 : 0.4957    recall@20 : 0.6402    recall@30 : 0.714    recall@50 : 0.7908    ndcg@1 : 0.2122    ndcg@2 : 0.2391    ndcg@3 : 0.2566    ndcg@4 : 0.2708    ndcg@5 : 0.2838    ndcg@10 : 0.334    ndcg@20 : 0.3766    ndcg@30 : 0.3965    ndcg@50 : 0.4151    precision@1 : 0.2122    precision@2 : 0.1821    precision@3 : 0.1569    precision@4 : 0.139    precision@5 : 0.126    precision@10 : 0.0936    precision@20 : 0.0633    precision@30 : 0.0486    precision@50 : 0.0333    map@1 : 0.2122    map@2 : 0.2114    map@3 : 0.2142    map@4 : 0.2186    map@5 : 0.224    map@10 : 0.2457    map@20 : 0.2604    map@30 : 0.2663    map@50 : 0.2707
Sun 15 Mar 2026 22:52:57 INFO  Saving current: saved/SCL-Mar-15-2026_22-52-21.pth
Sun 15 Mar 2026 22:52:57 INFO  Saving current best: saved/SCL-Mar-15-2026_22-52-21.pth
Sun 15 Mar 2026 22:52:57 INFO  Running E-step ! 
Sun 15 Mar 2026 22:52:57 INFO  epoch 100 training [time: 0.18s, train_loss1: 2.5582, train_loss2: 0.0386, train_loss3: 0.0110, train_loss4: 0.0000]
Sun 15 Mar 2026 22:52:57 INFO  epoch 100 evaluating [time: 0.15s, valid_score: 0.334700]
Sun 15 Mar 2026 22:52:57 INFO  valid result: 
recall@1 : 0.1262    recall@2 : 0.2172    recall@3 : 0.276    recall@4 : 0.3186    recall@5 : 0.3544    recall@10 : 0.4965    recall@20 : 0.64    recall@30 : 0.7139    recall@50 : 0.7921    ndcg@1 : 0.2133    ndcg@2 : 0.2387    ndcg@3 : 0.2574    ndcg@4 : 0.2712    ndcg@5 : 0.2842    ndcg@10 : 0.3347    ndcg@20 : 0.3769    ndcg@30 : 0.3969    ndcg@50 : 0.4159    precision@1 : 0.2133    precision@2 : 0.1815    precision@3 : 0.1577    precision@4 : 0.1392    precision@5 : 0.1262    precision@10 : 0.0939    precision@20 : 0.0632    precision@30 : 0.0485    precision@50 : 0.0333    map@1 : 0.2133    map@2 : 0.2111    map@3 : 0.2148    map@4 : 0.219    map@5 : 0.2245    map@10 : 0.2463    map@20 : 0.2608    map@30 : 0.2667    map@50 : 0.2712
Sun 15 Mar 2026 22:52:57 INFO  Saving current: saved/SCL-Mar-15-2026_22-52-21.pth
Sun 15 Mar 2026 22:52:57 INFO  Saving current best: saved/SCL-Mar-15-2026_22-52-21.pth
Sun 15 Mar 2026 22:52:57 INFO  Running E-step ! 
Sun 15 Mar 2026 22:52:57 INFO  epoch 101 training [time: 0.19s, train_loss1: 2.5473, train_loss2: 0.0385, train_loss3: 0.0110, train_loss4: 0.0000]
Sun 15 Mar 2026 22:52:58 INFO  epoch 101 evaluating [time: 0.15s, valid_score: 0.334400]
Sun 15 Mar 2026 22:52:58 INFO  valid result: 
recall@1 : 0.1255    recall@2 : 0.2167    recall@3 : 0.274    recall@4 : 0.3152    recall@5 : 0.3547    recall@10 : 0.4974    recall@20 : 0.6416    recall@30 : 0.7157    recall@50 : 0.7917    ndcg@1 : 0.2128    ndcg@2 : 0.2376    ndcg@3 : 0.256    ndcg@4 : 0.2692    ndcg@5 : 0.2837    ndcg@10 : 0.3344    ndcg@20 : 0.3767    ndcg@30 : 0.3968    ndcg@50 : 0.4153    precision@1 : 0.2128    precision@2 : 0.1803    precision@3 : 0.1569    precision@4 : 0.1383    precision@5 : 0.1265    precision@10 : 0.094    precision@20 : 0.0633    precision@30 : 0.0487    precision@50 : 0.0333    map@1 : 0.2128    map@2 : 0.2101    map@3 : 0.2137    map@4 : 0.2174    map@5 : 0.2238    map@10 : 0.2457    map@20 : 0.2602    map@30 : 0.2663    map@50 : 0.2706
Sun 15 Mar 2026 22:52:58 INFO  Running E-step ! 
Sun 15 Mar 2026 22:52:58 INFO  epoch 102 training [time: 0.19s, train_loss1: 2.5277, train_loss2: 0.0384, train_loss3: 0.0110, train_loss4: 0.0000]
Sun 15 Mar 2026 22:52:58 INFO  epoch 102 evaluating [time: 0.15s, valid_score: 0.334300]
Sun 15 Mar 2026 22:52:58 INFO  valid result: 
recall@1 : 0.125    recall@2 : 0.2155    recall@3 : 0.2734    recall@4 : 0.3149    recall@5 : 0.3553    recall@10 : 0.4976    recall@20 : 0.6427    recall@30 : 0.7167    recall@50 : 0.7917    ndcg@1 : 0.2122    ndcg@2 : 0.2366    ndcg@3 : 0.2552    ndcg@4 : 0.2686    ndcg@5 : 0.2837    ndcg@10 : 0.3343    ndcg@20 : 0.3767    ndcg@30 : 0.3968    ndcg@50 : 0.4151    precision@1 : 0.2122    precision@2 : 0.1797    precision@3 : 0.1565    precision@4 : 0.1383    precision@5 : 0.1269    precision@10 : 0.0943    precision@20 : 0.0633    precision@30 : 0.0488    precision@50 : 0.0333    map@1 : 0.2122    map@2 : 0.2092    map@3 : 0.2129    map@4 : 0.2168    map@5 : 0.2235    map@10 : 0.2455    map@20 : 0.2599    map@30 : 0.266    map@50 : 0.2703
Sun 15 Mar 2026 22:52:58 INFO  Running E-step ! 
Sun 15 Mar 2026 22:52:58 INFO  epoch 103 training [time: 0.16s, train_loss1: 2.5189, train_loss2: 0.0384, train_loss3: 0.0110, train_loss4: 0.0000]
Sun 15 Mar 2026 22:52:58 INFO  epoch 103 evaluating [time: 0.15s, valid_score: 0.334700]
Sun 15 Mar 2026 22:52:58 INFO  valid result: 
recall@1 : 0.1258    recall@2 : 0.2157    recall@3 : 0.275    recall@4 : 0.314    recall@5 : 0.3535    recall@10 : 0.4974    recall@20 : 0.6435    recall@30 : 0.7164    recall@50 : 0.7917    ndcg@1 : 0.2133    ndcg@2 : 0.237    ndcg@3 : 0.2564    ndcg@4 : 0.2687    ndcg@5 : 0.2834    ndcg@10 : 0.3347    ndcg@20 : 0.3773    ndcg@30 : 0.3972    ndcg@50 : 0.4156    precision@1 : 0.2133    precision@2 : 0.1797    precision@3 : 0.1573    precision@4 : 0.138    precision@5 : 0.1266    precision@10 : 0.0945    precision@20 : 0.0634    precision@30 : 0.0488    precision@50 : 0.0334    map@1 : 0.2133    map@2 : 0.2096    map@3 : 0.2139    map@4 : 0.2172    map@5 : 0.2237    map@10 : 0.246    map@20 : 0.2606    map@30 : 0.2666    map@50 : 0.2709
Sun 15 Mar 2026 22:52:58 INFO  Saving current: saved/SCL-Mar-15-2026_22-52-21.pth
Sun 15 Mar 2026 22:52:58 INFO  Saving current best: saved/SCL-Mar-15-2026_22-52-21.pth
Sun 15 Mar 2026 22:52:58 INFO  Running E-step ! 
Sun 15 Mar 2026 22:52:58 INFO  epoch 104 training [time: 0.16s, train_loss1: 2.5397, train_loss2: 0.0383, train_loss3: 0.0110, train_loss4: 0.0000]
Sun 15 Mar 2026 22:52:59 INFO  epoch 104 evaluating [time: 0.15s, valid_score: 0.334600]
Sun 15 Mar 2026 22:52:59 INFO  valid result: 
recall@1 : 0.1251    recall@2 : 0.2162    recall@3 : 0.2746    recall@4 : 0.3129    recall@5 : 0.3536    recall@10 : 0.4976    recall@20 : 0.6424    recall@30 : 0.7178    recall@50 : 0.7922    ndcg@1 : 0.2122    ndcg@2 : 0.2372    ndcg@3 : 0.256    ndcg@4 : 0.268    ndcg@5 : 0.2833    ndcg@10 : 0.3346    ndcg@20 : 0.3769    ndcg@30 : 0.3973    ndcg@50 : 0.4155    precision@1 : 0.2122    precision@2 : 0.1803    precision@3 : 0.1571    precision@4 : 0.1378    precision@5 : 0.1268    precision@10 : 0.0946    precision@20 : 0.0634    precision@30 : 0.0489    precision@50 : 0.0334    map@1 : 0.2122    map@2 : 0.2096    map@3 : 0.2136    map@4 : 0.2167    map@5 : 0.2234    map@10 : 0.2458    map@20 : 0.2603    map@30 : 0.2664    map@50 : 0.2707
Sun 15 Mar 2026 22:52:59 INFO  Running E-step ! 
Sun 15 Mar 2026 22:52:59 INFO  epoch 105 training [time: 0.18s, train_loss1: 2.5065, train_loss2: 0.0382, train_loss3: 0.0110, train_loss4: 0.0000]
Sun 15 Mar 2026 22:52:59 INFO  epoch 105 evaluating [time: 0.15s, valid_score: 0.335100]
Sun 15 Mar 2026 22:52:59 INFO  valid result: 
recall@1 : 0.124    recall@2 : 0.2177    recall@3 : 0.2747    recall@4 : 0.3139    recall@5 : 0.3543    recall@10 : 0.4992    recall@20 : 0.6424    recall@30 : 0.7185    recall@50 : 0.7932    ndcg@1 : 0.2116    ndcg@2 : 0.2373    ndcg@3 : 0.256    ndcg@4 : 0.2683    ndcg@5 : 0.2834    ndcg@10 : 0.3351    ndcg@20 : 0.377    ndcg@30 : 0.3975    ndcg@50 : 0.4158    precision@1 : 0.2116    precision@2 : 0.1803    precision@3 : 0.1573    precision@4 : 0.1383    precision@5 : 0.1269    precision@10 : 0.0948    precision@20 : 0.0634    precision@30 : 0.0489    precision@50 : 0.0334    map@1 : 0.2116    map@2 : 0.2093    map@3 : 0.2133    map@4 : 0.2167    map@5 : 0.2233    map@10 : 0.2458    map@20 : 0.2603    map@30 : 0.2664    map@50 : 0.2707
Sun 15 Mar 2026 22:52:59 INFO  Saving current: saved/SCL-Mar-15-2026_22-52-21.pth
Sun 15 Mar 2026 22:52:59 INFO  Saving current best: saved/SCL-Mar-15-2026_22-52-21.pth
Sun 15 Mar 2026 22:52:59 INFO  Running E-step ! 
Sun 15 Mar 2026 22:52:59 INFO  epoch 106 training [time: 0.17s, train_loss1: 2.5168, train_loss2: 0.0381, train_loss3: 0.0110, train_loss4: 0.0000]
Sun 15 Mar 2026 22:52:59 INFO  epoch 106 evaluating [time: 0.15s, valid_score: 0.334800]
Sun 15 Mar 2026 22:52:59 INFO  valid result: 
recall@1 : 0.1234    recall@2 : 0.2177    recall@3 : 0.2753    recall@4 : 0.3145    recall@5 : 0.3543    recall@10 : 0.4986    recall@20 : 0.6433    recall@30 : 0.7193    recall@50 : 0.7936    ndcg@1 : 0.211    ndcg@2 : 0.2371    ndcg@3 : 0.256    ndcg@4 : 0.2683    ndcg@5 : 0.2833    ndcg@10 : 0.3348    ndcg@20 : 0.3771    ndcg@30 : 0.3977    ndcg@50 : 0.4159    precision@1 : 0.211    precision@2 : 0.1803    precision@3 : 0.1575    precision@4 : 0.1383    precision@5 : 0.1272    precision@10 : 0.0947    precision@20 : 0.0635    precision@30 : 0.049    precision@50 : 0.0334    map@1 : 0.211    map@2 : 0.209    map@3 : 0.2131    map@4 : 0.2164    map@5 : 0.2232    map@10 : 0.2456    map@20 : 0.2602    map@30 : 0.2663    map@50 : 0.2706
Sun 15 Mar 2026 22:52:59 INFO  Running E-step ! 
Sun 15 Mar 2026 22:52:59 INFO  epoch 107 training [time: 0.17s, train_loss1: 2.4691, train_loss2: 0.0381, train_loss3: 0.0110, train_loss4: 0.0000]
Sun 15 Mar 2026 22:53:00 INFO  epoch 107 evaluating [time: 0.15s, valid_score: 0.335100]
Sun 15 Mar 2026 22:53:00 INFO  valid result: 
recall@1 : 0.124    recall@2 : 0.2182    recall@3 : 0.2744    recall@4 : 0.3132    recall@5 : 0.3542    recall@10 : 0.499    recall@20 : 0.6427    recall@30 : 0.7204    recall@50 : 0.7945    ndcg@1 : 0.2116    ndcg@2 : 0.2375    ndcg@3 : 0.2557    ndcg@4 : 0.268    ndcg@5 : 0.2834    ndcg@10 : 0.3351    ndcg@20 : 0.3772    ndcg@30 : 0.3982    ndcg@50 : 0.4163    precision@1 : 0.2116    precision@2 : 0.1803    precision@3 : 0.1569    precision@4 : 0.1381    precision@5 : 0.1272    precision@10 : 0.0948    precision@20 : 0.0634    precision@30 : 0.049    precision@50 : 0.0335    map@1 : 0.2116    map@2 : 0.2095    map@3 : 0.2131    map@4 : 0.2164    map@5 : 0.2234    map@10 : 0.246    map@20 : 0.2605    map@30 : 0.2668    map@50 : 0.271
Sun 15 Mar 2026 22:53:00 INFO  Saving current: saved/SCL-Mar-15-2026_22-52-21.pth
Sun 15 Mar 2026 22:53:00 INFO  Saving current best: saved/SCL-Mar-15-2026_22-52-21.pth
Sun 15 Mar 2026 22:53:00 INFO  Running E-step ! 
Sun 15 Mar 2026 22:53:00 INFO  epoch 108 training [time: 0.18s, train_loss1: 2.4933, train_loss2: 0.0380, train_loss3: 0.0110, train_loss4: 0.0000]
Sun 15 Mar 2026 22:53:00 INFO  epoch 108 evaluating [time: 0.15s, valid_score: 0.335400]
Sun 15 Mar 2026 22:53:00 INFO  valid result: 
recall@1 : 0.124    recall@2 : 0.2186    recall@3 : 0.2746    recall@4 : 0.3141    recall@5 : 0.3534    recall@10 : 0.499    recall@20 : 0.6435    recall@30 : 0.7205    recall@50 : 0.7948    ndcg@1 : 0.2116    ndcg@2 : 0.2383    ndcg@3 : 0.2561    ndcg@4 : 0.2689    ndcg@5 : 0.2835    ndcg@10 : 0.3354    ndcg@20 : 0.3777    ndcg@30 : 0.3986    ndcg@50 : 0.4167    precision@1 : 0.2116    precision@2 : 0.1815    precision@3 : 0.1573    precision@4 : 0.1392    precision@5 : 0.1274    precision@10 : 0.0949    precision@20 : 0.0636    precision@30 : 0.0491    precision@50 : 0.0335    map@1 : 0.2116    map@2 : 0.2101    map@3 : 0.2135    map@4 : 0.2172    map@5 : 0.2236    map@10 : 0.2463    map@20 : 0.2609    map@30 : 0.2671    map@50 : 0.2714
Sun 15 Mar 2026 22:53:00 INFO  Saving current: saved/SCL-Mar-15-2026_22-52-21.pth
Sun 15 Mar 2026 22:53:00 INFO  Saving current best: saved/SCL-Mar-15-2026_22-52-21.pth
Sun 15 Mar 2026 22:53:00 INFO  Running E-step ! 
Sun 15 Mar 2026 22:53:00 INFO  epoch 109 training [time: 0.19s, train_loss1: 2.4454, train_loss2: 0.0379, train_loss3: 0.0110, train_loss4: 0.0000]
Sun 15 Mar 2026 22:53:00 INFO  epoch 109 evaluating [time: 0.15s, valid_score: 0.335900]
Sun 15 Mar 2026 22:53:00 INFO  valid result: 
recall@1 : 0.1237    recall@2 : 0.2202    recall@3 : 0.2747    recall@4 : 0.3148    recall@5 : 0.3541    recall@10 : 0.4999    recall@20 : 0.6415    recall@30 : 0.7197    recall@50 : 0.7956    ndcg@1 : 0.211    ndcg@2 : 0.2393    ndcg@3 : 0.2563    ndcg@4 : 0.2695    ndcg@5 : 0.284    ndcg@10 : 0.3359    ndcg@20 : 0.3774    ndcg@30 : 0.3986    ndcg@50 : 0.4171    precision@1 : 0.211    precision@2 : 0.1827    precision@3 : 0.1575    precision@4 : 0.1396    precision@5 : 0.1278    precision@10 : 0.0951    precision@20 : 0.0633    precision@30 : 0.049    precision@50 : 0.0335    map@1 : 0.211    map@2 : 0.2108    map@3 : 0.2137    map@4 : 0.2176    map@5 : 0.2241    map@10 : 0.2467    map@20 : 0.2611    map@30 : 0.2674    map@50 : 0.2717
Sun 15 Mar 2026 22:53:00 INFO  Saving current: saved/SCL-Mar-15-2026_22-52-21.pth
Sun 15 Mar 2026 22:53:00 INFO  Saving current best: saved/SCL-Mar-15-2026_22-52-21.pth
Sun 15 Mar 2026 22:53:00 INFO  Running E-step ! 
Sun 15 Mar 2026 22:53:00 INFO  epoch 110 training [time: 0.17s, train_loss1: 2.4913, train_loss2: 0.0378, train_loss3: 0.0110, train_loss4: 0.0000]
Sun 15 Mar 2026 22:53:01 INFO  epoch 110 evaluating [time: 0.15s, valid_score: 0.336500]
Sun 15 Mar 2026 22:53:01 INFO  valid result: 
recall@1 : 0.1238    recall@2 : 0.2197    recall@3 : 0.2751    recall@4 : 0.3167    recall@5 : 0.3526    recall@10 : 0.5008    recall@20 : 0.6417    recall@30 : 0.7205    recall@50 : 0.797    ndcg@1 : 0.2116    ndcg@2 : 0.2391    ndcg@3 : 0.2565    ndcg@4 : 0.2703    ndcg@5 : 0.2837    ndcg@10 : 0.3365    ndcg@20 : 0.3777    ndcg@30 : 0.399    ndcg@50 : 0.4177    precision@1 : 0.2116    precision@2 : 0.1824    precision@3 : 0.1577    precision@4 : 0.14    precision@5 : 0.1278    precision@10 : 0.0954    precision@20 : 0.0634    precision@30 : 0.0491    precision@50 : 0.0336    map@1 : 0.2116    map@2 : 0.2108    map@3 : 0.214    map@4 : 0.2181    map@5 : 0.2241    map@10 : 0.2471    map@20 : 0.2613    map@30 : 0.2677    map@50 : 0.2721
Sun 15 Mar 2026 22:53:01 INFO  Saving current: saved/SCL-Mar-15-2026_22-52-21.pth
Sun 15 Mar 2026 22:53:01 INFO  Saving current best: saved/SCL-Mar-15-2026_22-52-21.pth
Sun 15 Mar 2026 22:53:01 INFO  Running E-step ! 
Sun 15 Mar 2026 22:53:01 INFO  epoch 111 training [time: 0.17s, train_loss1: 2.4278, train_loss2: 0.0377, train_loss3: 0.0110, train_loss4: 0.0000]
Sun 15 Mar 2026 22:53:01 INFO  epoch 111 evaluating [time: 0.14s, valid_score: 0.336800]
Sun 15 Mar 2026 22:53:01 INFO  valid result: 
recall@1 : 0.1249    recall@2 : 0.2205    recall@3 : 0.2755    recall@4 : 0.3174    recall@5 : 0.3528    recall@10 : 0.4995    recall@20 : 0.6412    recall@30 : 0.7207    recall@50 : 0.7969    ndcg@1 : 0.2133    ndcg@2 : 0.2402    ndcg@3 : 0.2571    ndcg@4 : 0.2712    ndcg@5 : 0.2842    ndcg@10 : 0.3368    ndcg@20 : 0.3783    ndcg@30 : 0.3997    ndcg@50 : 0.4183    precision@1 : 0.2133    precision@2 : 0.183    precision@3 : 0.1575    precision@4 : 0.1402    precision@5 : 0.1274    precision@10 : 0.0953    precision@20 : 0.0634    precision@30 : 0.0491    precision@50 : 0.0336    map@1 : 0.2133    map@2 : 0.212    map@3 : 0.2146    map@4 : 0.2189    map@5 : 0.2247    map@10 : 0.2478    map@20 : 0.2621    map@30 : 0.2684    map@50 : 0.2728
Sun 15 Mar 2026 22:53:01 INFO  Saving current: saved/SCL-Mar-15-2026_22-52-21.pth
Sun 15 Mar 2026 22:53:01 INFO  Saving current best: saved/SCL-Mar-15-2026_22-52-21.pth
Sun 15 Mar 2026 22:53:01 INFO  Running E-step ! 
Sun 15 Mar 2026 22:53:01 INFO  epoch 112 training [time: 0.19s, train_loss1: 2.4722, train_loss2: 0.0377, train_loss3: 0.0110, train_loss4: 0.0000]
Sun 15 Mar 2026 22:53:01 INFO  epoch 112 evaluating [time: 0.15s, valid_score: 0.337500]
Sun 15 Mar 2026 22:53:01 INFO  valid result: 
recall@1 : 0.1256    recall@2 : 0.2215    recall@3 : 0.2757    recall@4 : 0.3191    recall@5 : 0.3536    recall@10 : 0.5001    recall@20 : 0.64    recall@30 : 0.7206    recall@50 : 0.7973    ndcg@1 : 0.2145    ndcg@2 : 0.2413    ndcg@3 : 0.2575    ndcg@4 : 0.2723    ndcg@5 : 0.2852    ndcg@10 : 0.3375    ndcg@20 : 0.3785    ndcg@30 : 0.4003    ndcg@50 : 0.419    precision@1 : 0.2145    precision@2 : 0.1836    precision@3 : 0.1571    precision@4 : 0.1405    precision@5 : 0.128    precision@10 : 0.0954    precision@20 : 0.0632    precision@30 : 0.0491    precision@50 : 0.0336    map@1 : 0.2145    map@2 : 0.2129    map@3 : 0.2149    map@4 : 0.2198    map@5 : 0.2256    map@10 : 0.2484    map@20 : 0.2626    map@30 : 0.2691    map@50 : 0.2735
Sun 15 Mar 2026 22:53:01 INFO  Saving current: saved/SCL-Mar-15-2026_22-52-21.pth
Sun 15 Mar 2026 22:53:01 INFO  Saving current best: saved/SCL-Mar-15-2026_22-52-21.pth
Sun 15 Mar 2026 22:53:01 INFO  Running E-step ! 
Sun 15 Mar 2026 22:53:01 INFO  epoch 113 training [time: 0.16s, train_loss1: 2.4678, train_loss2: 0.0376, train_loss3: 0.0110, train_loss4: 0.0000]
Sun 15 Mar 2026 22:53:02 INFO  epoch 113 evaluating [time: 0.14s, valid_score: 0.338400]
Sun 15 Mar 2026 22:53:02 INFO  valid result: 
recall@1 : 0.128    recall@2 : 0.2211    recall@3 : 0.2764    recall@4 : 0.3204    recall@5 : 0.3532    recall@10 : 0.5004    recall@20 : 0.6413    recall@30 : 0.7203    recall@50 : 0.7978    ndcg@1 : 0.2169    ndcg@2 : 0.242    ndcg@3 : 0.2586    ndcg@4 : 0.2738    ndcg@5 : 0.2861    ndcg@10 : 0.3384    ndcg@20 : 0.3797    ndcg@30 : 0.4012    ndcg@50 : 0.42    precision@1 : 0.2169    precision@2 : 0.1836    precision@3 : 0.1573    precision@4 : 0.1411    precision@5 : 0.1281    precision@10 : 0.0953    precision@20 : 0.0633    precision@30 : 0.0491    precision@50 : 0.0336    map@1 : 0.2169    map@2 : 0.2139    map@3 : 0.2163    map@4 : 0.2213    map@5 : 0.2269    map@10 : 0.2497    map@20 : 0.2639    map@30 : 0.2703    map@50 : 0.2748
Sun 15 Mar 2026 22:53:02 INFO  Saving current: saved/SCL-Mar-15-2026_22-52-21.pth
Sun 15 Mar 2026 22:53:02 INFO  Saving current best: saved/SCL-Mar-15-2026_22-52-21.pth
Sun 15 Mar 2026 22:53:02 INFO  Running E-step ! 
Sun 15 Mar 2026 22:53:02 INFO  epoch 114 training [time: 0.16s, train_loss1: 2.4281, train_loss2: 0.0375, train_loss3: 0.0110, train_loss4: 0.0000]
Sun 15 Mar 2026 22:53:02 INFO  epoch 114 evaluating [time: 0.14s, valid_score: 0.337800]
Sun 15 Mar 2026 22:53:02 INFO  valid result: 
recall@1 : 0.1283    recall@2 : 0.2212    recall@3 : 0.2752    recall@4 : 0.32    recall@5 : 0.3531    recall@10 : 0.4984    recall@20 : 0.6402    recall@30 : 0.7213    recall@50 : 0.7987    ndcg@1 : 0.2175    ndcg@2 : 0.2419    ndcg@3 : 0.2582    ndcg@4 : 0.2736    ndcg@5 : 0.2862    ndcg@10 : 0.3378    ndcg@20 : 0.3794    ndcg@30 : 0.4014    ndcg@50 : 0.4202    precision@1 : 0.2175    precision@2 : 0.1833    precision@3 : 0.1571    precision@4 : 0.1406    precision@5 : 0.1282    precision@10 : 0.095    precision@20 : 0.0631    precision@30 : 0.0492    precision@50 : 0.0337    map@1 : 0.2175    map@2 : 0.2138    map@3 : 0.216    map@4 : 0.2212    map@5 : 0.2269    map@10 : 0.2494    map@20 : 0.2637    map@30 : 0.2704    map@50 : 0.2748
Sun 15 Mar 2026 22:53:02 INFO  Running E-step ! 
Sun 15 Mar 2026 22:53:02 INFO  epoch 115 training [time: 0.18s, train_loss1: 2.4298, train_loss2: 0.0374, train_loss3: 0.0110, train_loss4: 0.0000]
Sun 15 Mar 2026 22:53:02 INFO  epoch 115 evaluating [time: 0.15s, valid_score: 0.337800]
Sun 15 Mar 2026 22:53:02 INFO  valid result: 
recall@1 : 0.1294    recall@2 : 0.2216    recall@3 : 0.2743    recall@4 : 0.3206    recall@5 : 0.3542    recall@10 : 0.4972    recall@20 : 0.6395    recall@30 : 0.7215    recall@50 : 0.7988    ndcg@1 : 0.2181    ndcg@2 : 0.2427    ndcg@3 : 0.258    ndcg@4 : 0.2743    ndcg@5 : 0.287    ndcg@10 : 0.3378    ndcg@20 : 0.3796    ndcg@30 : 0.4019    ndcg@50 : 0.4206    precision@1 : 0.2181    precision@2 : 0.1838    precision@3 : 0.1565    precision@4 : 0.1409    precision@5 : 0.1286    precision@10 : 0.0949    precision@20 : 0.0631    precision@30 : 0.0493    precision@50 : 0.0337    map@1 : 0.2181    map@2 : 0.2145    map@3 : 0.2161    map@4 : 0.2219    map@5 : 0.2278    map@10 : 0.2498    map@20 : 0.2642    map@30 : 0.271    map@50 : 0.2753
Sun 15 Mar 2026 22:53:02 INFO  Running E-step ! 
Sun 15 Mar 2026 22:53:02 INFO  epoch 116 training [time: 0.18s, train_loss1: 2.4173, train_loss2: 0.0374, train_loss3: 0.0110, train_loss4: 0.0000]
Sun 15 Mar 2026 22:53:03 INFO  epoch 116 evaluating [time: 0.15s, valid_score: 0.338200]
Sun 15 Mar 2026 22:53:03 INFO  valid result: 
recall@1 : 0.13    recall@2 : 0.2218    recall@3 : 0.2744    recall@4 : 0.322    recall@5 : 0.3557    recall@10 : 0.4971    recall@20 : 0.6405    recall@30 : 0.7224    recall@50 : 0.7988    ndcg@1 : 0.2187    ndcg@2 : 0.2429    ndcg@3 : 0.2583    ndcg@4 : 0.2752    ndcg@5 : 0.288    ndcg@10 : 0.3382    ndcg@20 : 0.3803    ndcg@30 : 0.4025    ndcg@50 : 0.421    precision@1 : 0.2187    precision@2 : 0.1838    precision@3 : 0.1567    precision@4 : 0.1414    precision@5 : 0.1291    precision@10 : 0.0949    precision@20 : 0.0632    precision@30 : 0.0493    precision@50 : 0.0337    map@1 : 0.2187    map@2 : 0.2148    map@3 : 0.2164    map@4 : 0.2226    map@5 : 0.2286    map@10 : 0.2503    map@20 : 0.2649    map@30 : 0.2716    map@50 : 0.2759
Sun 15 Mar 2026 22:53:03 INFO  Running E-step ! 
Sun 15 Mar 2026 22:53:03 INFO  epoch 117 training [time: 0.17s, train_loss1: 2.4353, train_loss2: 0.0373, train_loss3: 0.0110, train_loss4: 0.0000]
Sun 15 Mar 2026 22:53:03 INFO  epoch 117 evaluating [time: 0.15s, valid_score: 0.339200]
Sun 15 Mar 2026 22:53:03 INFO  valid result: 
recall@1 : 0.1318    recall@2 : 0.2215    recall@3 : 0.2751    recall@4 : 0.323    recall@5 : 0.3566    recall@10 : 0.4976    recall@20 : 0.6411    recall@30 : 0.7228    recall@50 : 0.7994    ndcg@1 : 0.2211    ndcg@2 : 0.2435    ndcg@3 : 0.2594    ndcg@4 : 0.2764    ndcg@5 : 0.2892    ndcg@10 : 0.3392    ndcg@20 : 0.3813    ndcg@30 : 0.4035    ndcg@50 : 0.422    precision@1 : 0.2211    precision@2 : 0.1836    precision@3 : 0.1571    precision@4 : 0.1417    precision@5 : 0.1296    precision@10 : 0.0951    precision@20 : 0.0633    precision@30 : 0.0494    precision@50 : 0.0337    map@1 : 0.2211    map@2 : 0.2157    map@3 : 0.2174    map@4 : 0.2237    map@5 : 0.2299    map@10 : 0.2514    map@20 : 0.266    map@30 : 0.2727    map@50 : 0.277
Sun 15 Mar 2026 22:53:03 INFO  Saving current: saved/SCL-Mar-15-2026_22-52-21.pth
Sun 15 Mar 2026 22:53:03 INFO  Saving current best: saved/SCL-Mar-15-2026_22-52-21.pth
Sun 15 Mar 2026 22:53:03 INFO  Running E-step ! 
Sun 15 Mar 2026 22:53:03 INFO  epoch 118 training [time: 0.18s, train_loss1: 2.3871, train_loss2: 0.0372, train_loss3: 0.0110, train_loss4: 0.0000]
Sun 15 Mar 2026 22:53:03 INFO  epoch 118 evaluating [time: 0.15s, valid_score: 0.339100]
Sun 15 Mar 2026 22:53:03 INFO  valid result: 
recall@1 : 0.131    recall@2 : 0.2229    recall@3 : 0.2755    recall@4 : 0.3239    recall@5 : 0.3571    recall@10 : 0.4973    recall@20 : 0.6421    recall@30 : 0.7218    recall@50 : 0.8002    ndcg@1 : 0.2199    ndcg@2 : 0.2443    ndcg@3 : 0.2597    ndcg@4 : 0.2768    ndcg@5 : 0.2894    ndcg@10 : 0.3391    ndcg@20 : 0.3816    ndcg@30 : 0.4033    ndcg@50 : 0.4222    precision@1 : 0.2199    precision@2 : 0.1847    precision@3 : 0.1577    precision@4 : 0.1421    precision@5 : 0.1296    precision@10 : 0.095    precision@20 : 0.0634    precision@30 : 0.0494    precision@50 : 0.0337    map@1 : 0.2199    map@2 : 0.2165    map@3 : 0.2177    map@4 : 0.2239    map@5 : 0.2299    map@10 : 0.2514    map@20 : 0.2661    map@30 : 0.2727    map@50 : 0.2771
Sun 15 Mar 2026 22:53:03 INFO  Running E-step ! 
Sun 15 Mar 2026 22:53:03 INFO  epoch 119 training [time: 0.18s, train_loss1: 2.4039, train_loss2: 0.0371, train_loss3: 0.0110, train_loss4: 0.0000]
Sun 15 Mar 2026 22:53:04 INFO  epoch 119 evaluating [time: 0.15s, valid_score: 0.339100]
Sun 15 Mar 2026 22:53:04 INFO  valid result: 
recall@1 : 0.1313    recall@2 : 0.2221    recall@3 : 0.2763    recall@4 : 0.3246    recall@5 : 0.358    recall@10 : 0.4975    recall@20 : 0.6418    recall@30 : 0.7216    recall@50 : 0.7998    ndcg@1 : 0.2193    ndcg@2 : 0.2437    ndcg@3 : 0.2601    ndcg@4 : 0.2772    ndcg@5 : 0.2897    ndcg@10 : 0.3391    ndcg@20 : 0.3815    ndcg@30 : 0.4032    ndcg@50 : 0.4221    precision@1 : 0.2193    precision@2 : 0.1841    precision@3 : 0.1583    precision@4 : 0.1426    precision@5 : 0.1297    precision@10 : 0.0949    precision@20 : 0.0634    precision@30 : 0.0493    precision@50 : 0.0337    map@1 : 0.2193    map@2 : 0.216    map@3 : 0.2179    map@4 : 0.2244    map@5 : 0.2303    map@10 : 0.2516    map@20 : 0.2662    map@30 : 0.2728    map@50 : 0.2772
Sun 15 Mar 2026 22:53:04 INFO  Running E-step ! 
Sun 15 Mar 2026 22:53:04 INFO  epoch 120 training [time: 0.17s, train_loss1: 2.4088, train_loss2: 0.0371, train_loss3: 0.0110, train_loss4: 0.0000]
Sun 15 Mar 2026 22:53:04 INFO  epoch 120 evaluating [time: 0.15s, valid_score: 0.338900]
Sun 15 Mar 2026 22:53:04 INFO  valid result: 
recall@1 : 0.1319    recall@2 : 0.2215    recall@3 : 0.277    recall@4 : 0.3258    recall@5 : 0.3593    recall@10 : 0.4954    recall@20 : 0.6418    recall@30 : 0.7233    recall@50 : 0.7987    ndcg@1 : 0.2205    ndcg@2 : 0.2436    ndcg@3 : 0.2607    ndcg@4 : 0.2782    ndcg@5 : 0.2906    ndcg@10 : 0.3389    ndcg@20 : 0.3818    ndcg@30 : 0.4039    ndcg@50 : 0.4222    precision@1 : 0.2205    precision@2 : 0.1838    precision@3 : 0.1587    precision@4 : 0.1433    precision@5 : 0.13    precision@10 : 0.0949    precision@20 : 0.0635    precision@30 : 0.0494    precision@50 : 0.0337    map@1 : 0.2205    map@2 : 0.216    map@3 : 0.2184    map@4 : 0.2252    map@5 : 0.231    map@10 : 0.2518    map@20 : 0.2666    map@30 : 0.2732    map@50 : 0.2776
Sun 15 Mar 2026 22:53:04 INFO  Running E-step ! 
Sun 15 Mar 2026 22:53:04 INFO  epoch 121 training [time: 0.18s, train_loss1: 2.3714, train_loss2: 0.0370, train_loss3: 0.0110, train_loss4: 0.0000]
Sun 15 Mar 2026 22:53:04 INFO  epoch 121 evaluating [time: 0.15s, valid_score: 0.338200]
Sun 15 Mar 2026 22:53:04 INFO  valid result: 
recall@1 : 0.1305    recall@2 : 0.2226    recall@3 : 0.2779    recall@4 : 0.3246    recall@5 : 0.361    recall@10 : 0.4938    recall@20 : 0.6397    recall@30 : 0.7204    recall@50 : 0.7999    ndcg@1 : 0.2181    ndcg@2 : 0.2437    ndcg@3 : 0.2608    ndcg@4 : 0.2773    ndcg@5 : 0.2909    ndcg@10 : 0.3382    ndcg@20 : 0.3809    ndcg@30 : 0.4028    ndcg@50 : 0.422    precision@1 : 0.2181    precision@2 : 0.1847    precision@3 : 0.1593    precision@4 : 0.143    precision@5 : 0.1305    precision@10 : 0.0948    precision@20 : 0.0633    precision@30 : 0.0492    precision@50 : 0.0337    map@1 : 0.2181    map@2 : 0.2156    map@3 : 0.2182    map@4 : 0.2244    map@5 : 0.2309    map@10 : 0.2513    map@20 : 0.266    map@30 : 0.2726    map@50 : 0.2771
Sun 15 Mar 2026 22:53:04 INFO  Running E-step ! 
Sun 15 Mar 2026 22:53:05 INFO  epoch 122 training [time: 0.19s, train_loss1: 2.4186, train_loss2: 0.0369, train_loss3: 0.0110, train_loss4: 0.0000]
Sun 15 Mar 2026 22:53:05 INFO  epoch 122 evaluating [time: 0.15s, valid_score: 0.337000]
Sun 15 Mar 2026 22:53:05 INFO  valid result: 
recall@1 : 0.1293    recall@2 : 0.2217    recall@3 : 0.2778    recall@4 : 0.325    recall@5 : 0.3621    recall@10 : 0.4914    recall@20 : 0.6386    recall@30 : 0.7211    recall@50 : 0.8004    ndcg@1 : 0.2169    ndcg@2 : 0.2424    ndcg@3 : 0.2603    ndcg@4 : 0.2771    ndcg@5 : 0.2908    ndcg@10 : 0.337    ndcg@20 : 0.3801    ndcg@30 : 0.4024    ndcg@50 : 0.4216    precision@1 : 0.2169    precision@2 : 0.1838    precision@3 : 0.1595    precision@4 : 0.1435    precision@5 : 0.1308    precision@10 : 0.0945    precision@20 : 0.0633    precision@30 : 0.0493    precision@50 : 0.0338    map@1 : 0.2169    map@2 : 0.2142    map@3 : 0.2176    map@4 : 0.2239    map@5 : 0.2305    map@10 : 0.2505    map@20 : 0.2653    map@30 : 0.2719    map@50 : 0.2765
Sun 15 Mar 2026 22:53:05 INFO  Running E-step ! 
Sun 15 Mar 2026 22:53:05 INFO  epoch 123 training [time: 0.19s, train_loss1: 2.3592, train_loss2: 0.0368, train_loss3: 0.0110, train_loss4: 0.0000]
Sun 15 Mar 2026 22:53:05 INFO  epoch 123 evaluating [time: 0.15s, valid_score: 0.338200]
Sun 15 Mar 2026 22:53:05 INFO  valid result: 
recall@1 : 0.1313    recall@2 : 0.2218    recall@3 : 0.2784    recall@4 : 0.3251    recall@5 : 0.3642    recall@10 : 0.4917    recall@20 : 0.6389    recall@30 : 0.7209    recall@50 : 0.8    ndcg@1 : 0.2193    ndcg@2 : 0.2438    ndcg@3 : 0.2614    ndcg@4 : 0.2781    ndcg@5 : 0.2925    ndcg@10 : 0.3382    ndcg@20 : 0.3813    ndcg@30 : 0.4033    ndcg@50 : 0.4225    precision@1 : 0.2193    precision@2 : 0.1847    precision@3 : 0.1597    precision@4 : 0.1438    precision@5 : 0.1313    precision@10 : 0.0947    precision@20 : 0.0635    precision@30 : 0.0493    precision@50 : 0.0338    map@1 : 0.2193    map@2 : 0.2156    map@3 : 0.2188    map@4 : 0.2251    map@5 : 0.2319    map@10 : 0.2518    map@20 : 0.2666    map@30 : 0.2731    map@50 : 0.2777
Sun 15 Mar 2026 22:53:05 INFO  Running E-step ! 
Sun 15 Mar 2026 22:53:05 INFO  epoch 124 training [time: 0.18s, train_loss1: 2.3625, train_loss2: 0.0368, train_loss3: 0.0110, train_loss4: 0.0000]
Sun 15 Mar 2026 22:53:05 INFO  epoch 124 evaluating [time: 0.15s, valid_score: 0.338000]
Sun 15 Mar 2026 22:53:05 INFO  valid result: 
recall@1 : 0.1298    recall@2 : 0.2221    recall@3 : 0.2801    recall@4 : 0.325    recall@5 : 0.3635    recall@10 : 0.4924    recall@20 : 0.6377    recall@30 : 0.7174    recall@50 : 0.801    ndcg@1 : 0.2169    ndcg@2 : 0.2433    ndcg@3 : 0.2618    ndcg@4 : 0.2777    ndcg@5 : 0.2918    ndcg@10 : 0.338    ndcg@20 : 0.3806    ndcg@30 : 0.4022    ndcg@50 : 0.4221    precision@1 : 0.2169    precision@2 : 0.185    precision@3 : 0.1605    precision@4 : 0.1441    precision@5 : 0.1312    precision@10 : 0.0948    precision@20 : 0.0634    precision@30 : 0.0492    precision@50 : 0.0338    map@1 : 0.2169    map@2 : 0.2148    map@3 : 0.2187    map@4 : 0.2247    map@5 : 0.2312    map@10 : 0.2514    map@20 : 0.266    map@30 : 0.2725    map@50 : 0.2771
Sun 15 Mar 2026 22:53:05 INFO  Running E-step ! 
Sun 15 Mar 2026 22:53:06 INFO  epoch 125 training [time: 0.18s, train_loss1: 2.3499, train_loss2: 0.0367, train_loss3: 0.0110, train_loss4: 0.0000]
Sun 15 Mar 2026 22:53:06 INFO  epoch 125 evaluating [time: 0.15s, valid_score: 0.337800]
Sun 15 Mar 2026 22:53:06 INFO  valid result: 
recall@1 : 0.1291    recall@2 : 0.2202    recall@3 : 0.2822    recall@4 : 0.3255    recall@5 : 0.3647    recall@10 : 0.4923    recall@20 : 0.6361    recall@30 : 0.7163    recall@50 : 0.8009    ndcg@1 : 0.2157    ndcg@2 : 0.2416    ndcg@3 : 0.2624    ndcg@4 : 0.2776    ndcg@5 : 0.2919    ndcg@10 : 0.3378    ndcg@20 : 0.38    ndcg@30 : 0.4017    ndcg@50 : 0.4219    precision@1 : 0.2157    precision@2 : 0.1838    precision@3 : 0.1615    precision@4 : 0.1444    precision@5 : 0.1316    precision@10 : 0.0949    precision@20 : 0.0634    precision@30 : 0.0492    precision@50 : 0.0338    map@1 : 0.2157    map@2 : 0.2133    map@3 : 0.2187    map@4 : 0.2244    map@5 : 0.2311    map@10 : 0.2512    map@20 : 0.2656    map@30 : 0.2721    map@50 : 0.2768
Sun 15 Mar 2026 22:53:06 INFO  Running E-step ! 
Sun 15 Mar 2026 22:53:06 INFO  epoch 126 training [time: 0.18s, train_loss1: 2.3502, train_loss2: 0.0366, train_loss3: 0.0110, train_loss4: 0.0000]
Sun 15 Mar 2026 22:53:06 INFO  epoch 126 evaluating [time: 0.14s, valid_score: 0.338300]
Sun 15 Mar 2026 22:53:06 INFO  valid result: 
recall@1 : 0.1296    recall@2 : 0.2204    recall@3 : 0.282    recall@4 : 0.3261    recall@5 : 0.3654    recall@10 : 0.4925    recall@20 : 0.6372    recall@30 : 0.7154    recall@50 : 0.8009    ndcg@1 : 0.2163    ndcg@2 : 0.2423    ndcg@3 : 0.2626    ndcg@4 : 0.2781    ndcg@5 : 0.2926    ndcg@10 : 0.3383    ndcg@20 : 0.3806    ndcg@30 : 0.4018    ndcg@50 : 0.4222    precision@1 : 0.2163    precision@2 : 0.1844    precision@3 : 0.1615    precision@4 : 0.1445    precision@5 : 0.1321    precision@10 : 0.0951    precision@20 : 0.0635    precision@30 : 0.0491    precision@50 : 0.0338    map@1 : 0.2163    map@2 : 0.2141    map@3 : 0.2191    map@4 : 0.2249    map@5 : 0.2317    map@10 : 0.2517    map@20 : 0.2662    map@30 : 0.2726    map@50 : 0.2773
Sun 15 Mar 2026 22:53:06 INFO  Running E-step ! 
Sun 15 Mar 2026 22:53:06 INFO  epoch 127 training [time: 0.18s, train_loss1: 2.3657, train_loss2: 0.0366, train_loss3: 0.0110, train_loss4: 0.0000]
Sun 15 Mar 2026 22:53:06 INFO  epoch 127 evaluating [time: 0.15s, valid_score: 0.338700]
Sun 15 Mar 2026 22:53:06 INFO  valid result: 
recall@1 : 0.1303    recall@2 : 0.2213    recall@3 : 0.2817    recall@4 : 0.3264    recall@5 : 0.3657    recall@10 : 0.4925    recall@20 : 0.6366    recall@30 : 0.7168    recall@50 : 0.8002    ndcg@1 : 0.2169    ndcg@2 : 0.2433    ndcg@3 : 0.2629    ndcg@4 : 0.2787    ndcg@5 : 0.2932    ndcg@10 : 0.3387    ndcg@20 : 0.381    ndcg@30 : 0.4026    ndcg@50 : 0.4226    precision@1 : 0.2169    precision@2 : 0.1853    precision@3 : 0.1615    precision@4 : 0.1447    precision@5 : 0.1323    precision@10 : 0.095    precision@20 : 0.0634    precision@30 : 0.0492    precision@50 : 0.0338    map@1 : 0.2169    map@2 : 0.215    map@3 : 0.2195    map@4 : 0.2255    map@5 : 0.2323    map@10 : 0.2522    map@20 : 0.2667    map@30 : 0.2732    map@50 : 0.2778
Sun 15 Mar 2026 22:53:06 INFO  Running E-step ! 
Sun 15 Mar 2026 22:53:07 INFO  epoch 128 training [time: 0.18s, train_loss1: 2.3415, train_loss2: 0.0365, train_loss3: 0.0110, train_loss4: 0.0000]
Sun 15 Mar 2026 22:53:07 INFO  epoch 128 evaluating [time: 0.15s, valid_score: 0.339200]
Sun 15 Mar 2026 22:53:07 INFO  valid result: 
recall@1 : 0.1301    recall@2 : 0.2204    recall@3 : 0.2824    recall@4 : 0.3271    recall@5 : 0.366    recall@10 : 0.4947    recall@20 : 0.6372    recall@30 : 0.7174    recall@50 : 0.801    ndcg@1 : 0.2163    ndcg@2 : 0.2424    ndcg@3 : 0.2632    ndcg@4 : 0.2788    ndcg@5 : 0.2932    ndcg@10 : 0.3392    ndcg@20 : 0.3811    ndcg@30 : 0.4026    ndcg@50 : 0.4227    precision@1 : 0.2163    precision@2 : 0.1844    precision@3 : 0.1623    precision@4 : 0.145    precision@5 : 0.1324    precision@10 : 0.0952    precision@20 : 0.0635    precision@30 : 0.0492    precision@50 : 0.0338    map@1 : 0.2163    map@2 : 0.2142    map@3 : 0.2197    map@4 : 0.2255    map@5 : 0.2323    map@10 : 0.2523    map@20 : 0.2667    map@30 : 0.2732    map@50 : 0.2778
Sun 15 Mar 2026 22:53:07 INFO  Saving current: saved/SCL-Mar-15-2026_22-52-21.pth
Sun 15 Mar 2026 22:53:07 INFO  Saving current best: saved/SCL-Mar-15-2026_22-52-21.pth
Sun 15 Mar 2026 22:53:07 INFO  Running E-step ! 
Sun 15 Mar 2026 22:53:07 INFO  epoch 129 training [time: 0.18s, train_loss1: 2.3404, train_loss2: 0.0364, train_loss3: 0.0110, train_loss4: 0.0000]
Sun 15 Mar 2026 22:53:07 INFO  epoch 129 evaluating [time: 0.15s, valid_score: 0.339300]
Sun 15 Mar 2026 22:53:07 INFO  valid result: 
recall@1 : 0.1298    recall@2 : 0.22    recall@3 : 0.2835    recall@4 : 0.3271    recall@5 : 0.3659    recall@10 : 0.4953    recall@20 : 0.6353    recall@30 : 0.7167    recall@50 : 0.8007    ndcg@1 : 0.2157    ndcg@2 : 0.2418    ndcg@3 : 0.2637    ndcg@4 : 0.2786    ndcg@5 : 0.293    ndcg@10 : 0.3393    ndcg@20 : 0.3805    ndcg@30 : 0.4025    ndcg@50 : 0.4225    precision@1 : 0.2157    precision@2 : 0.1838    precision@3 : 0.1631    precision@4 : 0.1448    precision@5 : 0.1324    precision@10 : 0.0954    precision@20 : 0.0633    precision@30 : 0.0492    precision@50 : 0.0338    map@1 : 0.2157    map@2 : 0.2138    map@3 : 0.2201    map@4 : 0.2255    map@5 : 0.2323    map@10 : 0.2524    map@20 : 0.2666    map@30 : 0.2732    map@50 : 0.2779
Sun 15 Mar 2026 22:53:07 INFO  Saving current: saved/SCL-Mar-15-2026_22-52-21.pth
Sun 15 Mar 2026 22:53:07 INFO  Saving current best: saved/SCL-Mar-15-2026_22-52-21.pth
Sun 15 Mar 2026 22:53:07 INFO  Running E-step ! 
Sun 15 Mar 2026 22:53:07 INFO  epoch 130 training [time: 0.17s, train_loss1: 2.2961, train_loss2: 0.0364, train_loss3: 0.0110, train_loss4: 0.0000]
Sun 15 Mar 2026 22:53:07 INFO  epoch 130 evaluating [time: 0.15s, valid_score: 0.339900]
Sun 15 Mar 2026 22:53:07 INFO  valid result: 
recall@1 : 0.1301    recall@2 : 0.2202    recall@3 : 0.2836    recall@4 : 0.3271    recall@5 : 0.3663    recall@10 : 0.4962    recall@20 : 0.635    recall@30 : 0.7166    recall@50 : 0.7992    ndcg@1 : 0.2169    ndcg@2 : 0.2423    ndcg@3 : 0.2641    ndcg@4 : 0.2788    ndcg@5 : 0.2934    ndcg@10 : 0.3399    ndcg@20 : 0.3808    ndcg@30 : 0.4028    ndcg@50 : 0.4226    precision@1 : 0.2169    precision@2 : 0.1841    precision@3 : 0.1633    precision@4 : 0.1448    precision@5 : 0.1324    precision@10 : 0.0954    precision@20 : 0.0633    precision@30 : 0.0493    precision@50 : 0.0338    map@1 : 0.2169    map@2 : 0.2144    map@3 : 0.2204    map@4 : 0.2257    map@5 : 0.2325    map@10 : 0.2527    map@20 : 0.267    map@30 : 0.2736    map@50 : 0.2781
Sun 15 Mar 2026 22:53:07 INFO  Saving current: saved/SCL-Mar-15-2026_22-52-21.pth
Sun 15 Mar 2026 22:53:07 INFO  Saving current best: saved/SCL-Mar-15-2026_22-52-21.pth
Sun 15 Mar 2026 22:53:07 INFO  Running E-step ! 
Sun 15 Mar 2026 22:53:08 INFO  epoch 131 training [time: 0.17s, train_loss1: 2.3404, train_loss2: 0.0363, train_loss3: 0.0110, train_loss4: 0.0000]
Sun 15 Mar 2026 22:53:08 INFO  epoch 131 evaluating [time: 0.15s, valid_score: 0.340400]
Sun 15 Mar 2026 22:53:08 INFO  valid result: 
recall@1 : 0.131    recall@2 : 0.2209    recall@3 : 0.2828    recall@4 : 0.3269    recall@5 : 0.3672    recall@10 : 0.4962    recall@20 : 0.6351    recall@30 : 0.715    recall@50 : 0.7986    ndcg@1 : 0.2181    ndcg@2 : 0.2433    ndcg@3 : 0.2644    ndcg@4 : 0.2792    ndcg@5 : 0.2943    ndcg@10 : 0.3404    ndcg@20 : 0.3814    ndcg@30 : 0.403    ndcg@50 : 0.4229    precision@1 : 0.2181    precision@2 : 0.185    precision@3 : 0.1635    precision@4 : 0.145    precision@5 : 0.133    precision@10 : 0.0954    precision@20 : 0.0634    precision@30 : 0.0492    precision@50 : 0.0338    map@1 : 0.2181    map@2 : 0.2153    map@3 : 0.2209    map@4 : 0.2262    map@5 : 0.2333    map@10 : 0.2533    map@20 : 0.2676    map@30 : 0.2741    map@50 : 0.2787
Sun 15 Mar 2026 22:53:08 INFO  Saving current: saved/SCL-Mar-15-2026_22-52-21.pth
Sun 15 Mar 2026 22:53:08 INFO  Saving current best: saved/SCL-Mar-15-2026_22-52-21.pth
Sun 15 Mar 2026 22:53:08 INFO  Running E-step ! 
Sun 15 Mar 2026 22:53:08 INFO  epoch 132 training [time: 0.19s, train_loss1: 2.3199, train_loss2: 0.0362, train_loss3: 0.0111, train_loss4: 0.0000]
Sun 15 Mar 2026 22:53:08 INFO  epoch 132 evaluating [time: 0.15s, valid_score: 0.340900]
Sun 15 Mar 2026 22:53:08 INFO  valid result: 
recall@1 : 0.1312    recall@2 : 0.221    recall@3 : 0.2828    recall@4 : 0.3265    recall@5 : 0.3673    recall@10 : 0.4976    recall@20 : 0.6355    recall@30 : 0.7154    recall@50 : 0.7984    ndcg@1 : 0.2187    ndcg@2 : 0.2434    ndcg@3 : 0.2645    ndcg@4 : 0.2792    ndcg@5 : 0.2945    ndcg@10 : 0.3409    ndcg@20 : 0.3817    ndcg@30 : 0.4032    ndcg@50 : 0.4231    precision@1 : 0.2187    precision@2 : 0.185    precision@3 : 0.1635    precision@4 : 0.145    precision@5 : 0.1333    precision@10 : 0.0956    precision@20 : 0.0635    precision@30 : 0.0492    precision@50 : 0.0338    map@1 : 0.2187    map@2 : 0.2154    map@3 : 0.221    map@4 : 0.2262    map@5 : 0.2335    map@10 : 0.2536    map@20 : 0.2678    map@30 : 0.2743    map@50 : 0.2789
Sun 15 Mar 2026 22:53:08 INFO  Saving current: saved/SCL-Mar-15-2026_22-52-21.pth
Sun 15 Mar 2026 22:53:08 INFO  Saving current best: saved/SCL-Mar-15-2026_22-52-21.pth
Sun 15 Mar 2026 22:53:08 INFO  Running E-step ! 
Sun 15 Mar 2026 22:53:08 INFO  epoch 133 training [time: 0.18s, train_loss1: 2.2766, train_loss2: 0.0361, train_loss3: 0.0111, train_loss4: 0.0000]
Sun 15 Mar 2026 22:53:08 INFO  epoch 133 evaluating [time: 0.15s, valid_score: 0.341200]
Sun 15 Mar 2026 22:53:08 INFO  valid result: 
recall@1 : 0.1313    recall@2 : 0.2209    recall@3 : 0.2848    recall@4 : 0.3271    recall@5 : 0.3673    recall@10 : 0.4975    recall@20 : 0.6351    recall@30 : 0.7138    recall@50 : 0.7989    ndcg@1 : 0.2187    ndcg@2 : 0.2434    ndcg@3 : 0.2655    ndcg@4 : 0.2797    ndcg@5 : 0.2947    ndcg@10 : 0.3412    ndcg@20 : 0.3819    ndcg@30 : 0.4032    ndcg@50 : 0.4235    precision@1 : 0.2187    precision@2 : 0.185    precision@3 : 0.1641    precision@4 : 0.1453    precision@5 : 0.1333    precision@10 : 0.0956    precision@20 : 0.0634    precision@30 : 0.0492    precision@50 : 0.0338    map@1 : 0.2187    map@2 : 0.2154    map@3 : 0.2217    map@4 : 0.2266    map@5 : 0.2337    map@10 : 0.2539    map@20 : 0.2681    map@30 : 0.2746    map@50 : 0.2792
Sun 15 Mar 2026 22:53:08 INFO  Saving current: saved/SCL-Mar-15-2026_22-52-21.pth
Sun 15 Mar 2026 22:53:08 INFO  Saving current best: saved/SCL-Mar-15-2026_22-52-21.pth
Sun 15 Mar 2026 22:53:08 INFO  Running E-step ! 
Sun 15 Mar 2026 22:53:09 INFO  epoch 134 training [time: 0.17s, train_loss1: 2.3036, train_loss2: 0.0361, train_loss3: 0.0111, train_loss4: 0.0000]
Sun 15 Mar 2026 22:53:09 INFO  epoch 134 evaluating [time: 0.15s, valid_score: 0.341400]
Sun 15 Mar 2026 22:53:09 INFO  valid result: 
recall@1 : 0.131    recall@2 : 0.2215    recall@3 : 0.2854    recall@4 : 0.3274    recall@5 : 0.3683    recall@10 : 0.4976    recall@20 : 0.6352    recall@30 : 0.7126    recall@50 : 0.7983    ndcg@1 : 0.2187    ndcg@2 : 0.2437    ndcg@3 : 0.2656    ndcg@4 : 0.2799    ndcg@5 : 0.2953    ndcg@10 : 0.3414    ndcg@20 : 0.3821    ndcg@30 : 0.4032    ndcg@50 : 0.4235    precision@1 : 0.2187    precision@2 : 0.1853    precision@3 : 0.1641    precision@4 : 0.1456    precision@5 : 0.1336    precision@10 : 0.0957    precision@20 : 0.0635    precision@30 : 0.0492    precision@50 : 0.0338    map@1 : 0.2187    map@2 : 0.2156    map@3 : 0.2218    map@4 : 0.2267    map@5 : 0.234    map@10 : 0.2541    map@20 : 0.2683    map@30 : 0.2747    map@50 : 0.2793
Sun 15 Mar 2026 22:53:09 INFO  Saving current: saved/SCL-Mar-15-2026_22-52-21.pth
Sun 15 Mar 2026 22:53:09 INFO  Saving current best: saved/SCL-Mar-15-2026_22-52-21.pth
Sun 15 Mar 2026 22:53:09 INFO  Running E-step ! 
Sun 15 Mar 2026 22:53:09 INFO  epoch 135 training [time: 0.19s, train_loss1: 2.2836, train_loss2: 0.0360, train_loss3: 0.0111, train_loss4: 0.0000]
Sun 15 Mar 2026 22:53:09 INFO  epoch 135 evaluating [time: 0.15s, valid_score: 0.341900]
Sun 15 Mar 2026 22:53:09 INFO  valid result: 
recall@1 : 0.1308    recall@2 : 0.2228    recall@3 : 0.2864    recall@4 : 0.329    recall@5 : 0.3681    recall@10 : 0.4984    recall@20 : 0.6367    recall@30 : 0.7117    recall@50 : 0.7971    ndcg@1 : 0.2175    ndcg@2 : 0.2447    ndcg@3 : 0.2661    ndcg@4 : 0.2808    ndcg@5 : 0.2955    ndcg@10 : 0.3419    ndcg@20 : 0.3829    ndcg@30 : 0.4033    ndcg@50 : 0.4236    precision@1 : 0.2175    precision@2 : 0.1865    precision@3 : 0.1645    precision@4 : 0.1462    precision@5 : 0.1338    precision@10 : 0.0958    precision@20 : 0.0637    precision@30 : 0.0492    precision@50 : 0.0338    map@1 : 0.2175    map@2 : 0.2162    map@3 : 0.222    map@4 : 0.2273    map@5 : 0.2344    map@10 : 0.2546    map@20 : 0.2689    map@30 : 0.2751    map@50 : 0.2798
Sun 15 Mar 2026 22:53:09 INFO  Saving current: saved/SCL-Mar-15-2026_22-52-21.pth
Sun 15 Mar 2026 22:53:09 INFO  Saving current best: saved/SCL-Mar-15-2026_22-52-21.pth
Sun 15 Mar 2026 22:53:09 INFO  Running E-step ! 
Sun 15 Mar 2026 22:53:09 INFO  epoch 136 training [time: 0.19s, train_loss1: 2.2491, train_loss2: 0.0359, train_loss3: 0.0111, train_loss4: 0.0000]
Sun 15 Mar 2026 22:53:09 INFO  epoch 136 evaluating [time: 0.15s, valid_score: 0.342000]
Sun 15 Mar 2026 22:53:09 INFO  valid result: 
recall@1 : 0.1303    recall@2 : 0.225    recall@3 : 0.2866    recall@4 : 0.3285    recall@5 : 0.3693    recall@10 : 0.4984    recall@20 : 0.6366    recall@30 : 0.7107    recall@50 : 0.7969    ndcg@1 : 0.2157    ndcg@2 : 0.2459    ndcg@3 : 0.2664    ndcg@4 : 0.2807    ndcg@5 : 0.2961    ndcg@10 : 0.342    ndcg@20 : 0.383    ndcg@30 : 0.4032    ndcg@50 : 0.4237    precision@1 : 0.2157    precision@2 : 0.188    precision@3 : 0.1649    precision@4 : 0.1462    precision@5 : 0.1344    precision@10 : 0.0957    precision@20 : 0.0637    precision@30 : 0.0491    precision@50 : 0.0338    map@1 : 0.2157    map@2 : 0.2171    map@3 : 0.2223    map@4 : 0.2273    map@5 : 0.2348    map@10 : 0.2548    map@20 : 0.2691    map@30 : 0.2753    map@50 : 0.28
Sun 15 Mar 2026 22:53:09 INFO  Saving current: saved/SCL-Mar-15-2026_22-52-21.pth
Sun 15 Mar 2026 22:53:09 INFO  Saving current best: saved/SCL-Mar-15-2026_22-52-21.pth
Sun 15 Mar 2026 22:53:09 INFO  Running E-step ! 
Sun 15 Mar 2026 22:53:10 INFO  epoch 137 training [time: 0.19s, train_loss1: 2.3400, train_loss2: 0.0359, train_loss3: 0.0111, train_loss4: 0.0000]
Sun 15 Mar 2026 22:53:10 INFO  epoch 137 evaluating [time: 0.15s, valid_score: 0.342700]
Sun 15 Mar 2026 22:53:10 INFO  valid result: 
recall@1 : 0.131    recall@2 : 0.2256    recall@3 : 0.2872    recall@4 : 0.3293    recall@5 : 0.3697    recall@10 : 0.4988    recall@20 : 0.6367    recall@30 : 0.711    recall@50 : 0.7965    ndcg@1 : 0.2169    ndcg@2 : 0.2466    ndcg@3 : 0.2672    ndcg@4 : 0.2816    ndcg@5 : 0.2968    ndcg@10 : 0.3427    ndcg@20 : 0.3837    ndcg@30 : 0.4038    ndcg@50 : 0.4242    precision@1 : 0.2169    precision@2 : 0.1883    precision@3 : 0.1655    precision@4 : 0.1466    precision@5 : 0.1346    precision@10 : 0.0958    precision@20 : 0.0637    precision@30 : 0.0491    precision@50 : 0.0338    map@1 : 0.2169    map@2 : 0.2178    map@3 : 0.2231    map@4 : 0.2283    map@5 : 0.2356    map@10 : 0.2556    map@20 : 0.2699    map@30 : 0.276    map@50 : 0.2807
Sun 15 Mar 2026 22:53:10 INFO  Saving current: saved/SCL-Mar-15-2026_22-52-21.pth
Sun 15 Mar 2026 22:53:10 INFO  Saving current best: saved/SCL-Mar-15-2026_22-52-21.pth
Sun 15 Mar 2026 22:53:10 INFO  Running E-step ! 
Sun 15 Mar 2026 22:53:10 INFO  epoch 138 training [time: 0.19s, train_loss1: 2.2854, train_loss2: 0.0358, train_loss3: 0.0111, train_loss4: 0.0000]
Sun 15 Mar 2026 22:53:10 INFO  epoch 138 evaluating [time: 0.15s, valid_score: 0.342800]
Sun 15 Mar 2026 22:53:10 INFO  valid result: 
recall@1 : 0.1308    recall@2 : 0.2242    recall@3 : 0.2877    recall@4 : 0.3307    recall@5 : 0.3716    recall@10 : 0.4997    recall@20 : 0.6368    recall@30 : 0.7121    recall@50 : 0.796    ndcg@1 : 0.2169    ndcg@2 : 0.2453    ndcg@3 : 0.2671    ndcg@4 : 0.2819    ndcg@5 : 0.2974    ndcg@10 : 0.3428    ndcg@20 : 0.3836    ndcg@30 : 0.404    ndcg@50 : 0.4241    precision@1 : 0.2169    precision@2 : 0.1871    precision@3 : 0.1655    precision@4 : 0.1471    precision@5 : 0.135    precision@10 : 0.0959    precision@20 : 0.0638    precision@30 : 0.0492    precision@50 : 0.0338    map@1 : 0.2169    map@2 : 0.2168    map@3 : 0.2228    map@4 : 0.2281    map@5 : 0.2356    map@10 : 0.2555    map@20 : 0.2697    map@30 : 0.276    map@50 : 0.2806
Sun 15 Mar 2026 22:53:10 INFO  Saving current: saved/SCL-Mar-15-2026_22-52-21.pth
Sun 15 Mar 2026 22:53:10 INFO  Saving current best: saved/SCL-Mar-15-2026_22-52-21.pth
Sun 15 Mar 2026 22:53:10 INFO  Running E-step ! 
Sun 15 Mar 2026 22:53:10 INFO  epoch 139 training [time: 0.18s, train_loss1: 2.2652, train_loss2: 0.0357, train_loss3: 0.0111, train_loss4: 0.0000]
Sun 15 Mar 2026 22:53:11 INFO  epoch 139 evaluating [time: 0.15s, valid_score: 0.343000]
Sun 15 Mar 2026 22:53:11 INFO  valid result: 
recall@1 : 0.1314    recall@2 : 0.2233    recall@3 : 0.2879    recall@4 : 0.3308    recall@5 : 0.3706    recall@10 : 0.4998    recall@20 : 0.6366    recall@30 : 0.7115    recall@50 : 0.7955    ndcg@1 : 0.2169    ndcg@2 : 0.2449    ndcg@3 : 0.2674    ndcg@4 : 0.2821    ndcg@5 : 0.2972    ndcg@10 : 0.343    ndcg@20 : 0.3839    ndcg@30 : 0.4041    ndcg@50 : 0.4242    precision@1 : 0.2169    precision@2 : 0.1868    precision@3 : 0.1659    precision@4 : 0.1472    precision@5 : 0.1349    precision@10 : 0.0959    precision@20 : 0.0638    precision@30 : 0.0491    precision@50 : 0.0338    map@1 : 0.2169    map@2 : 0.2165    map@3 : 0.223    map@4 : 0.2283    map@5 : 0.2357    map@10 : 0.2557    map@20 : 0.2701    map@30 : 0.2763    map@50 : 0.2809
Sun 15 Mar 2026 22:53:11 INFO  Saving current: saved/SCL-Mar-15-2026_22-52-21.pth
Sun 15 Mar 2026 22:53:11 INFO  Saving current best: saved/SCL-Mar-15-2026_22-52-21.pth
Sun 15 Mar 2026 22:53:11 INFO  Running E-step ! 
Sun 15 Mar 2026 22:53:11 INFO  epoch 140 training [time: 0.17s, train_loss1: 2.2743, train_loss2: 0.0356, train_loss3: 0.0111, train_loss4: 0.0000]
Sun 15 Mar 2026 22:53:11 INFO  epoch 140 evaluating [time: 0.15s, valid_score: 0.342900]
Sun 15 Mar 2026 22:53:11 INFO  valid result: 
recall@1 : 0.1314    recall@2 : 0.2221    recall@3 : 0.2874    recall@4 : 0.3313    recall@5 : 0.3719    recall@10 : 0.4997    recall@20 : 0.6366    recall@30 : 0.711    recall@50 : 0.7952    ndcg@1 : 0.2169    ndcg@2 : 0.2441    ndcg@3 : 0.267    ndcg@4 : 0.2821    ndcg@5 : 0.2974    ndcg@10 : 0.3429    ndcg@20 : 0.3838    ndcg@30 : 0.404    ndcg@50 : 0.4241    precision@1 : 0.2169    precision@2 : 0.1862    precision@3 : 0.1657    precision@4 : 0.1472    precision@5 : 0.135    precision@10 : 0.0959    precision@20 : 0.0638    precision@30 : 0.0491    precision@50 : 0.0338    map@1 : 0.2169    map@2 : 0.2159    map@3 : 0.2227    map@4 : 0.2282    map@5 : 0.2356    map@10 : 0.2557    map@20 : 0.27    map@30 : 0.2762    map@50 : 0.2808
Sun 15 Mar 2026 22:53:11 INFO  Running E-step ! 
Sun 15 Mar 2026 22:53:11 INFO  epoch 141 training [time: 0.16s, train_loss1: 2.2535, train_loss2: 0.0356, train_loss3: 0.0111, train_loss4: 0.0000]
Sun 15 Mar 2026 22:53:11 INFO  epoch 141 evaluating [time: 0.15s, valid_score: 0.343100]
Sun 15 Mar 2026 22:53:11 INFO  valid result: 
recall@1 : 0.1316    recall@2 : 0.2214    recall@3 : 0.2878    recall@4 : 0.3308    recall@5 : 0.3698    recall@10 : 0.5006    recall@20 : 0.6359    recall@30 : 0.7109    recall@50 : 0.7956    ndcg@1 : 0.2175    ndcg@2 : 0.2436    ndcg@3 : 0.2675    ndcg@4 : 0.282    ndcg@5 : 0.2967    ndcg@10 : 0.3431    ndcg@20 : 0.3836    ndcg@30 : 0.404    ndcg@50 : 0.4243    precision@1 : 0.2175    precision@2 : 0.1856    precision@3 : 0.1665    precision@4 : 0.1472    precision@5 : 0.1347    precision@10 : 0.096    precision@20 : 0.0637    precision@30 : 0.0491    precision@50 : 0.0338    map@1 : 0.2175    map@2 : 0.2156    map@3 : 0.2231    map@4 : 0.2282    map@5 : 0.2352    map@10 : 0.2557    map@20 : 0.2699    map@30 : 0.2761    map@50 : 0.2808
Sun 15 Mar 2026 22:53:11 INFO  Saving current: saved/SCL-Mar-15-2026_22-52-21.pth
Sun 15 Mar 2026 22:53:11 INFO  Saving current best: saved/SCL-Mar-15-2026_22-52-21.pth
Sun 15 Mar 2026 22:53:11 INFO  Running E-step ! 
Sun 15 Mar 2026 22:53:11 INFO  epoch 142 training [time: 0.19s, train_loss1: 2.2611, train_loss2: 0.0355, train_loss3: 0.0111, train_loss4: 0.0000]
Sun 15 Mar 2026 22:53:12 INFO  epoch 142 evaluating [time: 0.15s, valid_score: 0.343200]
Sun 15 Mar 2026 22:53:12 INFO  valid result: 
recall@1 : 0.1324    recall@2 : 0.2215    recall@3 : 0.2888    recall@4 : 0.3301    recall@5 : 0.3678    recall@10 : 0.5001    recall@20 : 0.6348    recall@30 : 0.7114    recall@50 : 0.795    ndcg@1 : 0.2181    ndcg@2 : 0.2438    ndcg@3 : 0.2682    ndcg@4 : 0.2819    ndcg@5 : 0.2962    ndcg@10 : 0.3432    ndcg@20 : 0.3836    ndcg@30 : 0.4044    ndcg@50 : 0.4244    precision@1 : 0.2181    precision@2 : 0.1856    precision@3 : 0.1669    precision@4 : 0.1469    precision@5 : 0.1343    precision@10 : 0.0958    precision@20 : 0.0636    precision@30 : 0.0491    precision@50 : 0.0338    map@1 : 0.2181    map@2 : 0.2157    map@3 : 0.2237    map@4 : 0.2283    map@5 : 0.2352    map@10 : 0.2559    map@20 : 0.2703    map@30 : 0.2766    map@50 : 0.2812
Sun 15 Mar 2026 22:53:12 INFO  Saving current: saved/SCL-Mar-15-2026_22-52-21.pth
Sun 15 Mar 2026 22:53:12 INFO  Saving current best: saved/SCL-Mar-15-2026_22-52-21.pth
Sun 15 Mar 2026 22:53:12 INFO  Running E-step ! 
Sun 15 Mar 2026 22:53:12 INFO  epoch 143 training [time: 0.18s, train_loss1: 2.2469, train_loss2: 0.0354, train_loss3: 0.0111, train_loss4: 0.0000]
Sun 15 Mar 2026 22:53:12 INFO  epoch 143 evaluating [time: 0.15s, valid_score: 0.343700]
Sun 15 Mar 2026 22:53:12 INFO  valid result: 
recall@1 : 0.1327    recall@2 : 0.2223    recall@3 : 0.2891    recall@4 : 0.3316    recall@5 : 0.3685    recall@10 : 0.5001    recall@20 : 0.6351    recall@30 : 0.7112    recall@50 : 0.7939    ndcg@1 : 0.2193    ndcg@2 : 0.2447    ndcg@3 : 0.269    ndcg@4 : 0.2832    ndcg@5 : 0.297    ndcg@10 : 0.3437    ndcg@20 : 0.3842    ndcg@30 : 0.4048    ndcg@50 : 0.4247    precision@1 : 0.2193    precision@2 : 0.1862    precision@3 : 0.1675    precision@4 : 0.1478    precision@5 : 0.1347    precision@10 : 0.0959    precision@20 : 0.0637    precision@30 : 0.0491    precision@50 : 0.0338    map@1 : 0.2193    map@2 : 0.2163    map@3 : 0.2242    map@4 : 0.2291    map@5 : 0.2359    map@10 : 0.2564    map@20 : 0.2708    map@30 : 0.277    map@50 : 0.2817
Sun 15 Mar 2026 22:53:12 INFO  Saving current: saved/SCL-Mar-15-2026_22-52-21.pth
Sun 15 Mar 2026 22:53:12 INFO  Saving current best: saved/SCL-Mar-15-2026_22-52-21.pth
Sun 15 Mar 2026 22:53:12 INFO  Running E-step ! 
Sun 15 Mar 2026 22:53:12 INFO  epoch 144 training [time: 0.17s, train_loss1: 2.2356, train_loss2: 0.0354, train_loss3: 0.0111, train_loss4: 0.0000]
Sun 15 Mar 2026 22:53:12 INFO  epoch 144 evaluating [time: 0.15s, valid_score: 0.344400]
Sun 15 Mar 2026 22:53:12 INFO  valid result: 
recall@1 : 0.1334    recall@2 : 0.2221    recall@3 : 0.2896    recall@4 : 0.3311    recall@5 : 0.3679    recall@10 : 0.5013    recall@20 : 0.635    recall@30 : 0.7103    recall@50 : 0.7954    ndcg@1 : 0.2205    ndcg@2 : 0.2452    ndcg@3 : 0.2696    ndcg@4 : 0.2833    ndcg@5 : 0.2969    ndcg@10 : 0.3444    ndcg@20 : 0.3846    ndcg@30 : 0.405    ndcg@50 : 0.4253    precision@1 : 0.2205    precision@2 : 0.1865    precision@3 : 0.1679    precision@4 : 0.1476    precision@5 : 0.1341    precision@10 : 0.0959    precision@20 : 0.0637    precision@30 : 0.0491    precision@50 : 0.0338    map@1 : 0.2205    map@2 : 0.2169    map@3 : 0.2249    map@4 : 0.2294    map@5 : 0.2359    map@10 : 0.2569    map@20 : 0.2712    map@30 : 0.2774    map@50 : 0.2822
Sun 15 Mar 2026 22:53:12 INFO  Saving current: saved/SCL-Mar-15-2026_22-52-21.pth
Sun 15 Mar 2026 22:53:12 INFO  Saving current best: saved/SCL-Mar-15-2026_22-52-21.pth
Sun 15 Mar 2026 22:53:12 INFO  Running E-step ! 
Sun 15 Mar 2026 22:53:12 INFO  epoch 145 training [time: 0.19s, train_loss1: 2.2321, train_loss2: 0.0353, train_loss3: 0.0111, train_loss4: 0.0000]
Sun 15 Mar 2026 22:53:13 INFO  epoch 145 evaluating [time: 0.15s, valid_score: 0.344500]
Sun 15 Mar 2026 22:53:13 INFO  valid result: 
recall@1 : 0.1342    recall@2 : 0.2218    recall@3 : 0.2902    recall@4 : 0.3328    recall@5 : 0.3691    recall@10 : 0.5005    recall@20 : 0.6356    recall@30 : 0.71    recall@50 : 0.7948    ndcg@1 : 0.2205    ndcg@2 : 0.245    ndcg@3 : 0.2701    ndcg@4 : 0.2842    ndcg@5 : 0.2977    ndcg@10 : 0.3445    ndcg@20 : 0.3852    ndcg@30 : 0.4055    ndcg@50 : 0.4257    precision@1 : 0.2205    precision@2 : 0.1862    precision@3 : 0.1683    precision@4 : 0.1481    precision@5 : 0.1344    precision@10 : 0.0958    precision@20 : 0.0638    precision@30 : 0.0491    precision@50 : 0.0338    map@1 : 0.2205    map@2 : 0.2169    map@3 : 0.2253    map@4 : 0.2302    map@5 : 0.2366    map@10 : 0.2574    map@20 : 0.2719    map@30 : 0.2781    map@50 : 0.2828
Sun 15 Mar 2026 22:53:13 INFO  Saving current: saved/SCL-Mar-15-2026_22-52-21.pth
Sun 15 Mar 2026 22:53:13 INFO  Saving current best: saved/SCL-Mar-15-2026_22-52-21.pth
Sun 15 Mar 2026 22:53:13 INFO  Running E-step ! 
Sun 15 Mar 2026 22:53:13 INFO  epoch 146 training [time: 0.18s, train_loss1: 2.2534, train_loss2: 0.0352, train_loss3: 0.0111, train_loss4: 0.0000]
Sun 15 Mar 2026 22:53:13 INFO  epoch 146 evaluating [time: 0.15s, valid_score: 0.344600]
Sun 15 Mar 2026 22:53:13 INFO  valid result: 
recall@1 : 0.1344    recall@2 : 0.2218    recall@3 : 0.291    recall@4 : 0.3332    recall@5 : 0.3693    recall@10 : 0.5001    recall@20 : 0.636    recall@30 : 0.7109    recall@50 : 0.7949    ndcg@1 : 0.2211    ndcg@2 : 0.2452    ndcg@3 : 0.2706    ndcg@4 : 0.2847    ndcg@5 : 0.2979    ndcg@10 : 0.3446    ndcg@20 : 0.3856    ndcg@30 : 0.4059    ndcg@50 : 0.4259    precision@1 : 0.2211    precision@2 : 0.1862    precision@3 : 0.1687    precision@4 : 0.1485    precision@5 : 0.1343    precision@10 : 0.0958    precision@20 : 0.0638    precision@30 : 0.0492    precision@50 : 0.0338    map@1 : 0.2211    map@2 : 0.2171    map@3 : 0.2257    map@4 : 0.2305    map@5 : 0.2368    map@10 : 0.2576    map@20 : 0.2721    map@30 : 0.2783    map@50 : 0.283
Sun 15 Mar 2026 22:53:13 INFO  Saving current: saved/SCL-Mar-15-2026_22-52-21.pth
Sun 15 Mar 2026 22:53:13 INFO  Saving current best: saved/SCL-Mar-15-2026_22-52-21.pth
Sun 15 Mar 2026 22:53:13 INFO  Running E-step ! 
Sun 15 Mar 2026 22:53:13 INFO  epoch 147 training [time: 0.16s, train_loss1: 2.2407, train_loss2: 0.0352, train_loss3: 0.0111, train_loss4: 0.0000]
Sun 15 Mar 2026 22:53:13 INFO  epoch 147 evaluating [time: 0.15s, valid_score: 0.345100]
Sun 15 Mar 2026 22:53:13 INFO  valid result: 
recall@1 : 0.135    recall@2 : 0.2212    recall@3 : 0.2914    recall@4 : 0.333    recall@5 : 0.3701    recall@10 : 0.5009    recall@20 : 0.6364    recall@30 : 0.7108    recall@50 : 0.7951    ndcg@1 : 0.2223    ndcg@2 : 0.2451    ndcg@3 : 0.2711    ndcg@4 : 0.2848    ndcg@5 : 0.2985    ndcg@10 : 0.3451    ndcg@20 : 0.3859    ndcg@30 : 0.4061    ndcg@50 : 0.4263    precision@1 : 0.2223    precision@2 : 0.1859    precision@3 : 0.1689    precision@4 : 0.1482    precision@5 : 0.1346    precision@10 : 0.0959    precision@20 : 0.0638    precision@30 : 0.0491    precision@50 : 0.0338    map@1 : 0.2223    map@2 : 0.2172    map@3 : 0.2261    map@4 : 0.2307    map@5 : 0.2373    map@10 : 0.258    map@20 : 0.2725    map@30 : 0.2786    map@50 : 0.2833
Sun 15 Mar 2026 22:53:13 INFO  Saving current: saved/SCL-Mar-15-2026_22-52-21.pth
Sun 15 Mar 2026 22:53:13 INFO  Saving current best: saved/SCL-Mar-15-2026_22-52-21.pth
Sun 15 Mar 2026 22:53:13 INFO  Running E-step ! 
Sun 15 Mar 2026 22:53:13 INFO  epoch 148 training [time: 0.18s, train_loss1: 2.2309, train_loss2: 0.0351, train_loss3: 0.0111, train_loss4: 0.0000]
Sun 15 Mar 2026 22:53:14 INFO  epoch 148 evaluating [time: 0.14s, valid_score: 0.346300]
Sun 15 Mar 2026 22:53:14 INFO  valid result: 
recall@1 : 0.1354    recall@2 : 0.2239    recall@3 : 0.2914    recall@4 : 0.3324    recall@5 : 0.37    recall@10 : 0.5026    recall@20 : 0.637    recall@30 : 0.7111    recall@50 : 0.7963    ndcg@1 : 0.2235    ndcg@2 : 0.2476    ndcg@3 : 0.2718    ndcg@4 : 0.2851    ndcg@5 : 0.299    ndcg@10 : 0.3463    ndcg@20 : 0.3867    ndcg@30 : 0.4068    ndcg@50 : 0.4272    precision@1 : 0.2235    precision@2 : 0.188    precision@3 : 0.1689    precision@4 : 0.1479    precision@5 : 0.1346    precision@10 : 0.0962    precision@20 : 0.064    precision@30 : 0.0492    precision@50 : 0.0339    map@1 : 0.2235    map@2 : 0.2193    map@3 : 0.227    map@4 : 0.2312    map@5 : 0.2379    map@10 : 0.2588    map@20 : 0.2732    map@30 : 0.2793    map@50 : 0.284
Sun 15 Mar 2026 22:53:14 INFO  Saving current: saved/SCL-Mar-15-2026_22-52-21.pth
Sun 15 Mar 2026 22:53:14 INFO  Saving current best: saved/SCL-Mar-15-2026_22-52-21.pth
Sun 15 Mar 2026 22:53:14 INFO  Running E-step ! 
Sun 15 Mar 2026 22:53:14 INFO  epoch 149 training [time: 0.18s, train_loss1: 2.2254, train_loss2: 0.0350, train_loss3: 0.0111, train_loss4: 0.0000]
Sun 15 Mar 2026 22:53:14 INFO  epoch 149 evaluating [time: 0.15s, valid_score: 0.346200]
Sun 15 Mar 2026 22:53:14 INFO  valid result: 
recall@1 : 0.1351    recall@2 : 0.2234    recall@3 : 0.2912    recall@4 : 0.3334    recall@5 : 0.3708    recall@10 : 0.5027    recall@20 : 0.637    recall@30 : 0.7098    recall@50 : 0.7968    ndcg@1 : 0.2229    ndcg@2 : 0.2473    ndcg@3 : 0.2716    ndcg@4 : 0.2854    ndcg@5 : 0.2992    ndcg@10 : 0.3462    ndcg@20 : 0.3867    ndcg@30 : 0.4065    ndcg@50 : 0.4272    precision@1 : 0.2229    precision@2 : 0.188    precision@3 : 0.1689    precision@4 : 0.1484    precision@5 : 0.1348    precision@10 : 0.0962    precision@20 : 0.064    precision@30 : 0.0491    precision@50 : 0.0339    map@1 : 0.2229    map@2 : 0.219    map@3 : 0.2269    map@4 : 0.2314    map@5 : 0.238    map@10 : 0.2587    map@20 : 0.2732    map@30 : 0.2792    map@50 : 0.284
Sun 15 Mar 2026 22:53:14 INFO  Running E-step ! 
Sun 15 Mar 2026 22:53:14 INFO  epoch 150 training [time: 0.16s, train_loss1: 2.2244, train_loss2: 0.0350, train_loss3: 0.0111, train_loss4: 0.0000]
Sun 15 Mar 2026 22:53:14 INFO  epoch 150 evaluating [time: 0.15s, valid_score: 0.346200]
Sun 15 Mar 2026 22:53:14 INFO  valid result: 
recall@1 : 0.1352    recall@2 : 0.2229    recall@3 : 0.2922    recall@4 : 0.3332    recall@5 : 0.3709    recall@10 : 0.5026    recall@20 : 0.6376    recall@30 : 0.7103    recall@50 : 0.7975    ndcg@1 : 0.2235    ndcg@2 : 0.2473    ndcg@3 : 0.2722    ndcg@4 : 0.2855    ndcg@5 : 0.2993    ndcg@10 : 0.3462    ndcg@20 : 0.387    ndcg@30 : 0.4067    ndcg@50 : 0.4275    precision@1 : 0.2235    precision@2 : 0.188    precision@3 : 0.1694    precision@4 : 0.1484    precision@5 : 0.1346    precision@10 : 0.0962    precision@20 : 0.0641    precision@30 : 0.0491    precision@50 : 0.0339    map@1 : 0.2235    map@2 : 0.219    map@3 : 0.2272    map@4 : 0.2314    map@5 : 0.2379    map@10 : 0.2586    map@20 : 0.2733    map@30 : 0.2793    map@50 : 0.2841
Sun 15 Mar 2026 22:53:14 INFO  Running E-step ! 
Sun 15 Mar 2026 22:53:14 INFO  epoch 151 training [time: 0.17s, train_loss1: 2.1887, train_loss2: 0.0349, train_loss3: 0.0111, train_loss4: 0.0000]
Sun 15 Mar 2026 22:53:15 INFO  epoch 151 evaluating [time: 0.14s, valid_score: 0.346700]
Sun 15 Mar 2026 22:53:15 INFO  valid result: 
recall@1 : 0.1352    recall@2 : 0.2223    recall@3 : 0.2914    recall@4 : 0.3336    recall@5 : 0.3729    recall@10 : 0.504    recall@20 : 0.6369    recall@30 : 0.7097    recall@50 : 0.7967    ndcg@1 : 0.2235    ndcg@2 : 0.2466    ndcg@3 : 0.2716    ndcg@4 : 0.2856    ndcg@5 : 0.2999    ndcg@10 : 0.3467    ndcg@20 : 0.3868    ndcg@30 : 0.4065    ndcg@50 : 0.4273    precision@1 : 0.2235    precision@2 : 0.1871    precision@3 : 0.1689    precision@4 : 0.1488    precision@5 : 0.1349    precision@10 : 0.0965    precision@20 : 0.0641    precision@30 : 0.0491    precision@50 : 0.0339    map@1 : 0.2235    map@2 : 0.2186    map@3 : 0.2268    map@4 : 0.2314    map@5 : 0.238    map@10 : 0.2588    map@20 : 0.2732    map@30 : 0.2792    map@50 : 0.284
Sun 15 Mar 2026 22:53:15 INFO  Saving current: saved/SCL-Mar-15-2026_22-52-21.pth
Sun 15 Mar 2026 22:53:15 INFO  Saving current best: saved/SCL-Mar-15-2026_22-52-21.pth
Sun 15 Mar 2026 22:53:15 INFO  Running E-step ! 
Sun 15 Mar 2026 22:53:15 INFO  epoch 152 training [time: 0.18s, train_loss1: 2.1718, train_loss2: 0.0348, train_loss3: 0.0111, train_loss4: 0.0000]
Sun 15 Mar 2026 22:53:15 INFO  epoch 152 evaluating [time: 0.14s, valid_score: 0.347000]
Sun 15 Mar 2026 22:53:15 INFO  valid result: 
recall@1 : 0.1358    recall@2 : 0.2217    recall@3 : 0.2924    recall@4 : 0.3334    recall@5 : 0.3737    recall@10 : 0.5043    recall@20 : 0.6371    recall@30 : 0.7094    recall@50 : 0.7973    ndcg@1 : 0.2241    ndcg@2 : 0.2465    ndcg@3 : 0.2723    ndcg@4 : 0.2856    ndcg@5 : 0.3004    ndcg@10 : 0.347    ndcg@20 : 0.3872    ndcg@30 : 0.4068    ndcg@50 : 0.4277    precision@1 : 0.2241    precision@2 : 0.1868    precision@3 : 0.1694    precision@4 : 0.1485    precision@5 : 0.1352    precision@10 : 0.0964    precision@20 : 0.0642    precision@30 : 0.0491    precision@50 : 0.0339    map@1 : 0.2241    map@2 : 0.2187    map@3 : 0.2276    map@4 : 0.2316    map@5 : 0.2386    map@10 : 0.2592    map@20 : 0.2737    map@30 : 0.2796    map@50 : 0.2845
Sun 15 Mar 2026 22:53:15 INFO  Saving current: saved/SCL-Mar-15-2026_22-52-21.pth
Sun 15 Mar 2026 22:53:15 INFO  Saving current best: saved/SCL-Mar-15-2026_22-52-21.pth
Sun 15 Mar 2026 22:53:15 INFO  Running E-step ! 
Sun 15 Mar 2026 22:53:15 INFO  epoch 153 training [time: 0.17s, train_loss1: 2.1825, train_loss2: 0.0347, train_loss3: 0.0111, train_loss4: 0.0000]
Sun 15 Mar 2026 22:53:15 INFO  epoch 153 evaluating [time: 0.15s, valid_score: 0.347200]
Sun 15 Mar 2026 22:53:15 INFO  valid result: 
recall@1 : 0.1352    recall@2 : 0.2228    recall@3 : 0.2925    recall@4 : 0.3327    recall@5 : 0.3738    recall@10 : 0.5051    recall@20 : 0.6365    recall@30 : 0.7093    recall@50 : 0.7983    ndcg@1 : 0.2235    ndcg@2 : 0.2468    ndcg@3 : 0.2721    ndcg@4 : 0.2852    ndcg@5 : 0.3004    ndcg@10 : 0.3472    ndcg@20 : 0.387    ndcg@30 : 0.4068    ndcg@50 : 0.4279    precision@1 : 0.2235    precision@2 : 0.1874    precision@3 : 0.1692    precision@4 : 0.1484    precision@5 : 0.1353    precision@10 : 0.0966    precision@20 : 0.0641    precision@30 : 0.0491    precision@50 : 0.0339    map@1 : 0.2235    map@2 : 0.2189    map@3 : 0.2273    map@4 : 0.2315    map@5 : 0.2387    map@10 : 0.2593    map@20 : 0.2736    map@30 : 0.2797    map@50 : 0.2845
Sun 15 Mar 2026 22:53:15 INFO  Saving current: saved/SCL-Mar-15-2026_22-52-21.pth
Sun 15 Mar 2026 22:53:15 INFO  Saving current best: saved/SCL-Mar-15-2026_22-52-21.pth
Sun 15 Mar 2026 22:53:15 INFO  Running E-step ! 
Sun 15 Mar 2026 22:53:15 INFO  epoch 154 training [time: 0.17s, train_loss1: 2.1610, train_loss2: 0.0347, train_loss3: 0.0111, train_loss4: 0.0000]
Sun 15 Mar 2026 22:53:16 INFO  epoch 154 evaluating [time: 0.15s, valid_score: 0.347100]
Sun 15 Mar 2026 22:53:16 INFO  valid result: 
recall@1 : 0.1348    recall@2 : 0.2233    recall@3 : 0.2932    recall@4 : 0.3331    recall@5 : 0.373    recall@10 : 0.5051    recall@20 : 0.6366    recall@30 : 0.7092    recall@50 : 0.7986    ndcg@1 : 0.2223    ndcg@2 : 0.2472    ndcg@3 : 0.2726    ndcg@4 : 0.2853    ndcg@5 : 0.3001    ndcg@10 : 0.3471    ndcg@20 : 0.387    ndcg@30 : 0.4067    ndcg@50 : 0.4279    precision@1 : 0.2223    precision@2 : 0.188    precision@3 : 0.17    precision@4 : 0.1484    precision@5 : 0.1352    precision@10 : 0.0966    precision@20 : 0.0641    precision@30 : 0.0491    precision@50 : 0.0339    map@1 : 0.2223    map@2 : 0.2192    map@3 : 0.2277    map@4 : 0.2315    map@5 : 0.2386    map@10 : 0.2592    map@20 : 0.2736    map@30 : 0.2797    map@50 : 0.2845
Sun 15 Mar 2026 22:53:16 INFO  Running E-step ! 
Sun 15 Mar 2026 22:53:16 INFO  epoch 155 training [time: 0.17s, train_loss1: 2.1437, train_loss2: 0.0346, train_loss3: 0.0111, train_loss4: 0.0000]
Sun 15 Mar 2026 22:53:16 INFO  epoch 155 evaluating [time: 0.15s, valid_score: 0.347400]
Sun 15 Mar 2026 22:53:16 INFO  valid result: 
recall@1 : 0.1341    recall@2 : 0.2234    recall@3 : 0.2932    recall@4 : 0.3339    recall@5 : 0.374    recall@10 : 0.5061    recall@20 : 0.6368    recall@30 : 0.7083    recall@50 : 0.799    ndcg@1 : 0.2211    ndcg@2 : 0.2471    ndcg@3 : 0.2723    ndcg@4 : 0.2854    ndcg@5 : 0.3003    ndcg@10 : 0.3474    ndcg@20 : 0.387    ndcg@30 : 0.4064    ndcg@50 : 0.4279    precision@1 : 0.2211    precision@2 : 0.1886    precision@3 : 0.17    precision@4 : 0.1485    precision@5 : 0.1355    precision@10 : 0.0968    precision@20 : 0.0642    precision@30 : 0.049    precision@50 : 0.0339    map@1 : 0.2211    map@2 : 0.2189    map@3 : 0.2273    map@4 : 0.2315    map@5 : 0.2385    map@10 : 0.2592    map@20 : 0.2734    map@30 : 0.2794    map@50 : 0.2843
Sun 15 Mar 2026 22:53:16 INFO  Saving current: saved/SCL-Mar-15-2026_22-52-21.pth
Sun 15 Mar 2026 22:53:16 INFO  Saving current best: saved/SCL-Mar-15-2026_22-52-21.pth
Sun 15 Mar 2026 22:53:16 INFO  Running E-step ! 
Sun 15 Mar 2026 22:53:16 INFO  epoch 156 training [time: 0.18s, train_loss1: 2.1646, train_loss2: 0.0345, train_loss3: 0.0111, train_loss4: 0.0000]
Sun 15 Mar 2026 22:53:16 INFO  epoch 156 evaluating [time: 0.15s, valid_score: 0.347800]
Sun 15 Mar 2026 22:53:16 INFO  valid result: 
recall@1 : 0.1351    recall@2 : 0.2241    recall@3 : 0.294    recall@4 : 0.3339    recall@5 : 0.3733    recall@10 : 0.506    recall@20 : 0.6366    recall@30 : 0.7093    recall@50 : 0.7995    ndcg@1 : 0.2229    ndcg@2 : 0.248    ndcg@3 : 0.2733    ndcg@4 : 0.2859    ndcg@5 : 0.3006    ndcg@10 : 0.3478    ndcg@20 : 0.3875    ndcg@30 : 0.4072    ndcg@50 : 0.4285    precision@1 : 0.2229    precision@2 : 0.1889    precision@3 : 0.1704    precision@4 : 0.1484    precision@5 : 0.1353    precision@10 : 0.0967    precision@20 : 0.0642    precision@30 : 0.0491    precision@50 : 0.0339    map@1 : 0.2229    map@2 : 0.2198    map@3 : 0.2282    map@4 : 0.2321    map@5 : 0.2389    map@10 : 0.2598    map@20 : 0.2741    map@30 : 0.2801    map@50 : 0.285
Sun 15 Mar 2026 22:53:16 INFO  Saving current: saved/SCL-Mar-15-2026_22-52-21.pth
Sun 15 Mar 2026 22:53:16 INFO  Saving current best: saved/SCL-Mar-15-2026_22-52-21.pth
Sun 15 Mar 2026 22:53:16 INFO  Running E-step ! 
Sun 15 Mar 2026 22:53:16 INFO  epoch 157 training [time: 0.19s, train_loss1: 2.1454, train_loss2: 0.0345, train_loss3: 0.0111, train_loss4: 0.0000]
Sun 15 Mar 2026 22:53:17 INFO  epoch 157 evaluating [time: 0.15s, valid_score: 0.348500]
Sun 15 Mar 2026 22:53:17 INFO  valid result: 
recall@1 : 0.1359    recall@2 : 0.2255    recall@3 : 0.2938    recall@4 : 0.3331    recall@5 : 0.3728    recall@10 : 0.5064    recall@20 : 0.6383    recall@30 : 0.7103    recall@50 : 0.8004    ndcg@1 : 0.2241    ndcg@2 : 0.2497    ndcg@3 : 0.2739    ndcg@4 : 0.286    ndcg@5 : 0.3008    ndcg@10 : 0.3485    ndcg@20 : 0.3883    ndcg@30 : 0.408    ndcg@50 : 0.4292    precision@1 : 0.2241    precision@2 : 0.1904    precision@3 : 0.1704    precision@4 : 0.1481    precision@5 : 0.135    precision@10 : 0.097    precision@20 : 0.0642    precision@30 : 0.0492    precision@50 : 0.0339    map@1 : 0.2241    map@2 : 0.2215    map@3 : 0.229    map@4 : 0.2325    map@5 : 0.2395    map@10 : 0.2606    map@20 : 0.2748    map@30 : 0.2809    map@50 : 0.2857
Sun 15 Mar 2026 22:53:17 INFO  Saving current: saved/SCL-Mar-15-2026_22-52-21.pth
Sun 15 Mar 2026 22:53:17 INFO  Saving current best: saved/SCL-Mar-15-2026_22-52-21.pth
Sun 15 Mar 2026 22:53:17 INFO  Running E-step ! 
Sun 15 Mar 2026 22:53:17 INFO  epoch 158 training [time: 0.19s, train_loss1: 2.1704, train_loss2: 0.0344, train_loss3: 0.0111, train_loss4: 0.0000]
Sun 15 Mar 2026 22:53:17 INFO  epoch 158 evaluating [time: 0.15s, valid_score: 0.348900]
Sun 15 Mar 2026 22:53:17 INFO  valid result: 
recall@1 : 0.1359    recall@2 : 0.2256    recall@3 : 0.2938    recall@4 : 0.3333    recall@5 : 0.3723    recall@10 : 0.5075    recall@20 : 0.6397    recall@30 : 0.7102    recall@50 : 0.8018    ndcg@1 : 0.2241    ndcg@2 : 0.2497    ndcg@3 : 0.2739    ndcg@4 : 0.2863    ndcg@5 : 0.3005    ndcg@10 : 0.3489    ndcg@20 : 0.3888    ndcg@30 : 0.408    ndcg@50 : 0.4295    precision@1 : 0.2241    precision@2 : 0.1904    precision@3 : 0.1704    precision@4 : 0.1484    precision@5 : 0.1347    precision@10 : 0.0971    precision@20 : 0.0644    precision@30 : 0.0492    precision@50 : 0.034    map@1 : 0.2241    map@2 : 0.2217    map@3 : 0.2291    map@4 : 0.2328    map@5 : 0.2393    map@10 : 0.2607    map@20 : 0.275    map@30 : 0.281    map@50 : 0.2858
Sun 15 Mar 2026 22:53:17 INFO  Saving current: saved/SCL-Mar-15-2026_22-52-21.pth
Sun 15 Mar 2026 22:53:17 INFO  Saving current best: saved/SCL-Mar-15-2026_22-52-21.pth
Sun 15 Mar 2026 22:53:17 INFO  Running E-step ! 
Sun 15 Mar 2026 22:53:17 INFO  epoch 159 training [time: 0.18s, train_loss1: 2.1648, train_loss2: 0.0343, train_loss3: 0.0111, train_loss4: 0.0000]
Sun 15 Mar 2026 22:53:17 INFO  epoch 159 evaluating [time: 0.15s, valid_score: 0.349300]
Sun 15 Mar 2026 22:53:17 INFO  valid result: 
recall@1 : 0.1361    recall@2 : 0.2262    recall@3 : 0.2932    recall@4 : 0.3331    recall@5 : 0.3724    recall@10 : 0.5086    recall@20 : 0.6405    recall@30 : 0.7106    recall@50 : 0.8021    ndcg@1 : 0.2247    ndcg@2 : 0.2503    ndcg@3 : 0.2736    ndcg@4 : 0.2861    ndcg@5 : 0.3007    ndcg@10 : 0.3493    ndcg@20 : 0.3892    ndcg@30 : 0.4083    ndcg@50 : 0.4297    precision@1 : 0.2247    precision@2 : 0.191    precision@3 : 0.17    precision@4 : 0.1479    precision@5 : 0.1347    precision@10 : 0.0971    precision@20 : 0.0645    precision@30 : 0.0492    precision@50 : 0.034    map@1 : 0.2247    map@2 : 0.2221    map@3 : 0.229    map@4 : 0.2327    map@5 : 0.2394    map@10 : 0.2609    map@20 : 0.2752    map@30 : 0.2812    map@50 : 0.286
Sun 15 Mar 2026 22:53:17 INFO  Saving current: saved/SCL-Mar-15-2026_22-52-21.pth
Sun 15 Mar 2026 22:53:17 INFO  Saving current best: saved/SCL-Mar-15-2026_22-52-21.pth
Sun 15 Mar 2026 22:53:17 INFO  Running E-step ! 
Sun 15 Mar 2026 22:53:17 INFO  epoch 160 training [time: 0.17s, train_loss1: 2.1450, train_loss2: 0.0343, train_loss3: 0.0111, train_loss4: 0.0000]
Sun 15 Mar 2026 22:53:18 INFO  epoch 160 evaluating [time: 0.15s, valid_score: 0.349800]
Sun 15 Mar 2026 22:53:18 INFO  valid result: 
recall@1 : 0.1363    recall@2 : 0.2251    recall@3 : 0.294    recall@4 : 0.3338    recall@5 : 0.3743    recall@10 : 0.5101    recall@20 : 0.6401    recall@30 : 0.7113    recall@50 : 0.8023    ndcg@1 : 0.2247    ndcg@2 : 0.2493    ndcg@3 : 0.2738    ndcg@4 : 0.2863    ndcg@5 : 0.3014    ndcg@10 : 0.3498    ndcg@20 : 0.3892    ndcg@30 : 0.4086    ndcg@50 : 0.4299    precision@1 : 0.2247    precision@2 : 0.1901    precision@3 : 0.1702    precision@4 : 0.1479    precision@5 : 0.1353    precision@10 : 0.0973    precision@20 : 0.0645    precision@30 : 0.0493    precision@50 : 0.034    map@1 : 0.2247    map@2 : 0.2212    map@3 : 0.2291    map@4 : 0.2328    map@5 : 0.2398    map@10 : 0.2613    map@20 : 0.2754    map@30 : 0.2814    map@50 : 0.2862
Sun 15 Mar 2026 22:53:18 INFO  Saving current: saved/SCL-Mar-15-2026_22-52-21.pth
Sun 15 Mar 2026 22:53:18 INFO  Saving current best: saved/SCL-Mar-15-2026_22-52-21.pth
Sun 15 Mar 2026 22:53:18 INFO  Running E-step ! 
Sun 15 Mar 2026 22:53:18 INFO  epoch 161 training [time: 0.18s, train_loss1: 2.1457, train_loss2: 0.0342, train_loss3: 0.0111, train_loss4: 0.0000]
Sun 15 Mar 2026 22:53:18 INFO  epoch 161 evaluating [time: 0.15s, valid_score: 0.350300]
Sun 15 Mar 2026 22:53:18 INFO  valid result: 
recall@1 : 0.1369    recall@2 : 0.2255    recall@3 : 0.2941    recall@4 : 0.3339    recall@5 : 0.3746    recall@10 : 0.5104    recall@20 : 0.6407    recall@30 : 0.7115    recall@50 : 0.802    ndcg@1 : 0.2259    ndcg@2 : 0.2497    ndcg@3 : 0.2741    ndcg@4 : 0.2867    ndcg@5 : 0.3019    ndcg@10 : 0.3503    ndcg@20 : 0.3898    ndcg@30 : 0.4091    ndcg@50 : 0.4303    precision@1 : 0.2259    precision@2 : 0.1901    precision@3 : 0.17    precision@4 : 0.1481    precision@5 : 0.1354    precision@10 : 0.0973    precision@20 : 0.0645    precision@30 : 0.0493    precision@50 : 0.034    map@1 : 0.2259    map@2 : 0.2217    map@3 : 0.2295    map@4 : 0.2332    map@5 : 0.2401    map@10 : 0.2617    map@20 : 0.2758    map@30 : 0.2818    map@50 : 0.2866
Sun 15 Mar 2026 22:53:18 INFO  Saving current: saved/SCL-Mar-15-2026_22-52-21.pth
Sun 15 Mar 2026 22:53:18 INFO  Saving current best: saved/SCL-Mar-15-2026_22-52-21.pth
Sun 15 Mar 2026 22:53:18 INFO  Running E-step ! 
Sun 15 Mar 2026 22:53:18 INFO  epoch 162 training [time: 0.18s, train_loss1: 2.1359, train_loss2: 0.0341, train_loss3: 0.0111, train_loss4: 0.0000]
Sun 15 Mar 2026 22:53:18 INFO  epoch 162 evaluating [time: 0.15s, valid_score: 0.349900]
Sun 15 Mar 2026 22:53:18 INFO  valid result: 
recall@1 : 0.1359    recall@2 : 0.2247    recall@3 : 0.2932    recall@4 : 0.3343    recall@5 : 0.3757    recall@10 : 0.5109    recall@20 : 0.6407    recall@30 : 0.7134    recall@50 : 0.8023    ndcg@1 : 0.2241    ndcg@2 : 0.2487    ndcg@3 : 0.2731    ndcg@4 : 0.2865    ndcg@5 : 0.3018    ndcg@10 : 0.3499    ndcg@20 : 0.3893    ndcg@30 : 0.4091    ndcg@50 : 0.4299    precision@1 : 0.2241    precision@2 : 0.1898    precision@3 : 0.1696    precision@4 : 0.1487    precision@5 : 0.1358    precision@10 : 0.0972    precision@20 : 0.0645    precision@30 : 0.0495    precision@50 : 0.034    map@1 : 0.2241    map@2 : 0.2206    map@3 : 0.2284    map@4 : 0.2327    map@5 : 0.2397    map@10 : 0.2611    map@20 : 0.2753    map@30 : 0.2813    map@50 : 0.2861
Sun 15 Mar 2026 22:53:18 INFO  Running E-step ! 
Sun 15 Mar 2026 22:53:19 INFO  epoch 163 training [time: 0.17s, train_loss1: 2.1318, train_loss2: 0.0341, train_loss3: 0.0111, train_loss4: 0.0000]
Sun 15 Mar 2026 22:53:19 INFO  epoch 163 evaluating [time: 0.15s, valid_score: 0.350200]
Sun 15 Mar 2026 22:53:19 INFO  valid result: 
recall@1 : 0.136    recall@2 : 0.2251    recall@3 : 0.2924    recall@4 : 0.3349    recall@5 : 0.3756    recall@10 : 0.5117    recall@20 : 0.641    recall@30 : 0.7134    recall@50 : 0.8026    ndcg@1 : 0.2235    ndcg@2 : 0.2489    ndcg@3 : 0.2727    ndcg@4 : 0.2868    ndcg@5 : 0.3018    ndcg@10 : 0.3502    ndcg@20 : 0.3895    ndcg@30 : 0.4092    ndcg@50 : 0.4301    precision@1 : 0.2235    precision@2 : 0.1901    precision@3 : 0.1692    precision@4 : 0.149    precision@5 : 0.1359    precision@10 : 0.0973    precision@20 : 0.0645    precision@30 : 0.0495    precision@50 : 0.034    map@1 : 0.2235    map@2 : 0.2209    map@3 : 0.2283    map@4 : 0.233    map@5 : 0.2398    map@10 : 0.2613    map@20 : 0.2755    map@30 : 0.2816    map@50 : 0.2863
Sun 15 Mar 2026 22:53:19 INFO  Running E-step ! 
Sun 15 Mar 2026 22:53:19 INFO  epoch 164 training [time: 0.18s, train_loss1: 2.0876, train_loss2: 0.0340, train_loss3: 0.0111, train_loss4: 0.0000]
Sun 15 Mar 2026 22:53:19 INFO  epoch 164 evaluating [time: 0.15s, valid_score: 0.350600]
Sun 15 Mar 2026 22:53:19 INFO  valid result: 
recall@1 : 0.1361    recall@2 : 0.2254    recall@3 : 0.2923    recall@4 : 0.3345    recall@5 : 0.375    recall@10 : 0.5124    recall@20 : 0.6408    recall@30 : 0.7135    recall@50 : 0.8026    ndcg@1 : 0.2241    ndcg@2 : 0.2492    ndcg@3 : 0.2727    ndcg@4 : 0.2868    ndcg@5 : 0.3018    ndcg@10 : 0.3506    ndcg@20 : 0.3896    ndcg@30 : 0.4094    ndcg@50 : 0.4303    precision@1 : 0.2241    precision@2 : 0.1904    precision@3 : 0.1691    precision@4 : 0.149    precision@5 : 0.1361    precision@10 : 0.0974    precision@20 : 0.0645    precision@30 : 0.0495    precision@50 : 0.034    map@1 : 0.2241    map@2 : 0.2214    map@3 : 0.2284    map@4 : 0.233    map@5 : 0.24    map@10 : 0.2616    map@20 : 0.2756    map@30 : 0.2818    map@50 : 0.2865
Sun 15 Mar 2026 22:53:19 INFO  Saving current: saved/SCL-Mar-15-2026_22-52-21.pth
Sun 15 Mar 2026 22:53:19 INFO  Saving current best: saved/SCL-Mar-15-2026_22-52-21.pth
Sun 15 Mar 2026 22:53:19 INFO  Running E-step ! 
Sun 15 Mar 2026 22:53:19 INFO  epoch 165 training [time: 0.19s, train_loss1: 2.1262, train_loss2: 0.0340, train_loss3: 0.0111, train_loss4: 0.0000]
Sun 15 Mar 2026 22:53:19 INFO  epoch 165 evaluating [time: 0.15s, valid_score: 0.351400]
Sun 15 Mar 2026 22:53:19 INFO  valid result: 
recall@1 : 0.1373    recall@2 : 0.2247    recall@3 : 0.292    recall@4 : 0.3339    recall@5 : 0.375    recall@10 : 0.5138    recall@20 : 0.643    recall@30 : 0.7138    recall@50 : 0.8029    ndcg@1 : 0.2253    ndcg@2 : 0.2493    ndcg@3 : 0.2729    ndcg@4 : 0.2869    ndcg@5 : 0.3022    ndcg@10 : 0.3514    ndcg@20 : 0.3905    ndcg@30 : 0.4099    ndcg@50 : 0.4307    precision@1 : 0.2253    precision@2 : 0.1901    precision@3 : 0.1691    precision@4 : 0.1488    precision@5 : 0.1362    precision@10 : 0.0979    precision@20 : 0.0646    precision@30 : 0.0495    precision@50 : 0.034    map@1 : 0.2253    map@2 : 0.2215    map@3 : 0.2288    map@4 : 0.2333    map@5 : 0.2405    map@10 : 0.2622    map@20 : 0.2762    map@30 : 0.2823    map@50 : 0.287
Sun 15 Mar 2026 22:53:19 INFO  Saving current: saved/SCL-Mar-15-2026_22-52-21.pth
Sun 15 Mar 2026 22:53:19 INFO  Saving current best: saved/SCL-Mar-15-2026_22-52-21.pth
Sun 15 Mar 2026 22:53:19 INFO  Running E-step ! 
Sun 15 Mar 2026 22:53:20 INFO  epoch 166 training [time: 0.18s, train_loss1: 2.0710, train_loss2: 0.0339, train_loss3: 0.0111, train_loss4: 0.0000]
Sun 15 Mar 2026 22:53:20 INFO  epoch 166 evaluating [time: 0.15s, valid_score: 0.351600]
Sun 15 Mar 2026 22:53:20 INFO  valid result: 
recall@1 : 0.1373    recall@2 : 0.2239    recall@3 : 0.2918    recall@4 : 0.3351    recall@5 : 0.3739    recall@10 : 0.5147    recall@20 : 0.6428    recall@30 : 0.7153    recall@50 : 0.8026    ndcg@1 : 0.2253    ndcg@2 : 0.2487    ndcg@3 : 0.2728    ndcg@4 : 0.2873    ndcg@5 : 0.3017    ndcg@10 : 0.3516    ndcg@20 : 0.3904    ndcg@30 : 0.41    ndcg@50 : 0.4306    precision@1 : 0.2253    precision@2 : 0.1895    precision@3 : 0.1691    precision@4 : 0.1491    precision@5 : 0.136    precision@10 : 0.098    precision@20 : 0.0646    precision@30 : 0.0495    precision@50 : 0.034    map@1 : 0.2253    map@2 : 0.2211    map@3 : 0.2288    map@4 : 0.2334    map@5 : 0.2402    map@10 : 0.2622    map@20 : 0.2762    map@30 : 0.2823    map@50 : 0.287
Sun 15 Mar 2026 22:53:20 INFO  Saving current: saved/SCL-Mar-15-2026_22-52-21.pth
Sun 15 Mar 2026 22:53:20 INFO  Saving current best: saved/SCL-Mar-15-2026_22-52-21.pth
Sun 15 Mar 2026 22:53:20 INFO  Running E-step ! 
Sun 15 Mar 2026 22:53:20 INFO  epoch 167 training [time: 0.19s, train_loss1: 2.0742, train_loss2: 0.0338, train_loss3: 0.0111, train_loss4: 0.0000]
Sun 15 Mar 2026 22:53:20 INFO  epoch 167 evaluating [time: 0.15s, valid_score: 0.351900]
Sun 15 Mar 2026 22:53:20 INFO  valid result: 
recall@1 : 0.1375    recall@2 : 0.2238    recall@3 : 0.2932    recall@4 : 0.3357    recall@5 : 0.3734    recall@10 : 0.5151    recall@20 : 0.6421    recall@30 : 0.7146    recall@50 : 0.8028    ndcg@1 : 0.2253    ndcg@2 : 0.2487    ndcg@3 : 0.2733    ndcg@4 : 0.2875    ndcg@5 : 0.3016    ndcg@10 : 0.3519    ndcg@20 : 0.3903    ndcg@30 : 0.4101    ndcg@50 : 0.4308    precision@1 : 0.2253    precision@2 : 0.1895    precision@3 : 0.1692    precision@4 : 0.1491    precision@5 : 0.1358    precision@10 : 0.098    precision@20 : 0.0646    precision@30 : 0.0495    precision@50 : 0.0341    map@1 : 0.2253    map@2 : 0.2211    map@3 : 0.229    map@4 : 0.2336    map@5 : 0.2403    map@10 : 0.2624    map@20 : 0.2763    map@30 : 0.2825    map@50 : 0.2872
Sun 15 Mar 2026 22:53:20 INFO  Saving current: saved/SCL-Mar-15-2026_22-52-21.pth
Sun 15 Mar 2026 22:53:20 INFO  Saving current best: saved/SCL-Mar-15-2026_22-52-21.pth
Sun 15 Mar 2026 22:53:20 INFO  Running E-step ! 
Sun 15 Mar 2026 22:53:20 INFO  epoch 168 training [time: 0.17s, train_loss1: 2.0942, train_loss2: 0.0338, train_loss3: 0.0111, train_loss4: 0.0000]
Sun 15 Mar 2026 22:53:20 INFO  epoch 168 evaluating [time: 0.15s, valid_score: 0.351700]
Sun 15 Mar 2026 22:53:20 INFO  valid result: 
recall@1 : 0.1375    recall@2 : 0.2247    recall@3 : 0.2919    recall@4 : 0.3357    recall@5 : 0.3744    recall@10 : 0.5142    recall@20 : 0.6435    recall@30 : 0.7146    recall@50 : 0.8028    ndcg@1 : 0.2253    ndcg@2 : 0.2498    ndcg@3 : 0.2728    ndcg@4 : 0.2876    ndcg@5 : 0.3021    ndcg@10 : 0.3517    ndcg@20 : 0.3908    ndcg@30 : 0.4102    ndcg@50 : 0.4309    precision@1 : 0.2253    precision@2 : 0.1907    precision@3 : 0.1687    precision@4 : 0.1491    precision@5 : 0.1361    precision@10 : 0.0979    precision@20 : 0.0647    precision@30 : 0.0495    precision@50 : 0.0341    map@1 : 0.2253    map@2 : 0.222    map@3 : 0.2287    map@4 : 0.2337    map@5 : 0.2406    map@10 : 0.2625    map@20 : 0.2766    map@30 : 0.2826    map@50 : 0.2873
Sun 15 Mar 2026 22:53:20 INFO  Running E-step ! 
Sun 15 Mar 2026 22:53:21 INFO  epoch 169 training [time: 0.17s, train_loss1: 2.0903, train_loss2: 0.0337, train_loss3: 0.0111, train_loss4: 0.0000]
Sun 15 Mar 2026 22:53:21 INFO  epoch 169 evaluating [time: 0.14s, valid_score: 0.352100]
Sun 15 Mar 2026 22:53:21 INFO  valid result: 
recall@1 : 0.1375    recall@2 : 0.2245    recall@3 : 0.2922    recall@4 : 0.3357    recall@5 : 0.3744    recall@10 : 0.5153    recall@20 : 0.6435    recall@30 : 0.7139    recall@50 : 0.8016    ndcg@1 : 0.2253    ndcg@2 : 0.2493    ndcg@3 : 0.2729    ndcg@4 : 0.2877    ndcg@5 : 0.3021    ndcg@10 : 0.3521    ndcg@20 : 0.3909    ndcg@30 : 0.4101    ndcg@50 : 0.4307    precision@1 : 0.2253    precision@2 : 0.1901    precision@3 : 0.1689    precision@4 : 0.1493    precision@5 : 0.1361    precision@10 : 0.0982    precision@20 : 0.0647    precision@30 : 0.0495    precision@50 : 0.034    map@1 : 0.2253    map@2 : 0.2215    map@3 : 0.2287    map@4 : 0.2337    map@5 : 0.2406    map@10 : 0.2626    map@20 : 0.2766    map@30 : 0.2826    map@50 : 0.2873
Sun 15 Mar 2026 22:53:21 INFO  Saving current: saved/SCL-Mar-15-2026_22-52-21.pth
Sun 15 Mar 2026 22:53:21 INFO  Saving current best: saved/SCL-Mar-15-2026_22-52-21.pth
Sun 15 Mar 2026 22:53:21 INFO  Running E-step ! 
Sun 15 Mar 2026 22:53:21 INFO  epoch 170 training [time: 0.18s, train_loss1: 2.0883, train_loss2: 0.0336, train_loss3: 0.0111, train_loss4: 0.0000]
Sun 15 Mar 2026 22:53:21 INFO  epoch 170 evaluating [time: 0.15s, valid_score: 0.352600]
Sun 15 Mar 2026 22:53:21 INFO  valid result: 
recall@1 : 0.1381    recall@2 : 0.2236    recall@3 : 0.2931    recall@4 : 0.3359    recall@5 : 0.3746    recall@10 : 0.5169    recall@20 : 0.6437    recall@30 : 0.7148    recall@50 : 0.8017    ndcg@1 : 0.2253    ndcg@2 : 0.2488    ndcg@3 : 0.2736    ndcg@4 : 0.2878    ndcg@5 : 0.3024    ndcg@10 : 0.3526    ndcg@20 : 0.3911    ndcg@30 : 0.4104    ndcg@50 : 0.431    precision@1 : 0.2253    precision@2 : 0.1895    precision@3 : 0.1696    precision@4 : 0.1493    precision@5 : 0.1364    precision@10 : 0.0982    precision@20 : 0.0647    precision@30 : 0.0495    precision@50 : 0.034    map@1 : 0.2253    map@2 : 0.2211    map@3 : 0.2292    map@4 : 0.234    map@5 : 0.2408    map@10 : 0.2629    map@20 : 0.2768    map@30 : 0.2829    map@50 : 0.2875
Sun 15 Mar 2026 22:53:21 INFO  Saving current: saved/SCL-Mar-15-2026_22-52-21.pth
Sun 15 Mar 2026 22:53:21 INFO  Saving current best: saved/SCL-Mar-15-2026_22-52-21.pth
Sun 15 Mar 2026 22:53:21 INFO  Running E-step ! 
Sun 15 Mar 2026 22:53:21 INFO  epoch 171 training [time: 0.18s, train_loss1: 2.0897, train_loss2: 0.0336, train_loss3: 0.0111, train_loss4: 0.0000]
Sun 15 Mar 2026 22:53:21 INFO  epoch 171 evaluating [time: 0.15s, valid_score: 0.352500]
Sun 15 Mar 2026 22:53:21 INFO  valid result: 
recall@1 : 0.1378    recall@2 : 0.2224    recall@3 : 0.2937    recall@4 : 0.3368    recall@5 : 0.3753    recall@10 : 0.5171    recall@20 : 0.6437    recall@30 : 0.715    recall@50 : 0.8013    ndcg@1 : 0.2247    ndcg@2 : 0.2476    ndcg@3 : 0.2736    ndcg@4 : 0.288    ndcg@5 : 0.3025    ndcg@10 : 0.3525    ndcg@20 : 0.391    ndcg@30 : 0.4104    ndcg@50 : 0.4308    precision@1 : 0.2247    precision@2 : 0.1883    precision@3 : 0.17    precision@4 : 0.1496    precision@5 : 0.1367    precision@10 : 0.0983    precision@20 : 0.0647    precision@30 : 0.0496    precision@50 : 0.034    map@1 : 0.2247    map@2 : 0.2199    map@3 : 0.2291    map@4 : 0.2339    map@5 : 0.2407    map@10 : 0.2627    map@20 : 0.2766    map@30 : 0.2827    map@50 : 0.2873
Sun 15 Mar 2026 22:53:21 INFO  Running E-step ! 
Sun 15 Mar 2026 22:53:22 INFO  epoch 172 training [time: 0.18s, train_loss1: 2.0381, train_loss2: 0.0335, train_loss3: 0.0111, train_loss4: 0.0000]
Sun 15 Mar 2026 22:53:22 INFO  epoch 172 evaluating [time: 0.15s, valid_score: 0.352100]
Sun 15 Mar 2026 22:53:22 INFO  valid result: 
recall@1 : 0.1376    recall@2 : 0.2218    recall@3 : 0.2926    recall@4 : 0.337    recall@5 : 0.3753    recall@10 : 0.5163    recall@20 : 0.6431    recall@30 : 0.7163    recall@50 : 0.8022    ndcg@1 : 0.2247    ndcg@2 : 0.2474    ndcg@3 : 0.2729    ndcg@4 : 0.288    ndcg@5 : 0.3023    ndcg@10 : 0.3521    ndcg@20 : 0.3907    ndcg@30 : 0.4104    ndcg@50 : 0.4307    precision@1 : 0.2247    precision@2 : 0.1883    precision@3 : 0.1696    precision@4 : 0.1499    precision@5 : 0.1366    precision@10 : 0.0982    precision@20 : 0.0647    precision@30 : 0.0495    precision@50 : 0.034    map@1 : 0.2247    map@2 : 0.2198    map@3 : 0.2285    map@4 : 0.2338    map@5 : 0.2404    map@10 : 0.2623    map@20 : 0.2764    map@30 : 0.2824    map@50 : 0.287
Sun 15 Mar 2026 22:53:22 INFO  Running E-step ! 
Sun 15 Mar 2026 22:53:22 INFO  epoch 173 training [time: 0.19s, train_loss1: 2.0608, train_loss2: 0.0334, train_loss3: 0.0111, train_loss4: 0.0000]
Sun 15 Mar 2026 22:53:22 INFO  epoch 173 evaluating [time: 0.15s, valid_score: 0.352300]
Sun 15 Mar 2026 22:53:22 INFO  valid result: 
recall@1 : 0.1376    recall@2 : 0.2216    recall@3 : 0.2928    recall@4 : 0.3358    recall@5 : 0.3756    recall@10 : 0.5166    recall@20 : 0.6429    recall@30 : 0.7167    recall@50 : 0.8024    ndcg@1 : 0.2247    ndcg@2 : 0.247    ndcg@3 : 0.273    ndcg@4 : 0.2873    ndcg@5 : 0.3023    ndcg@10 : 0.3523    ndcg@20 : 0.3907    ndcg@30 : 0.4105    ndcg@50 : 0.4308    precision@1 : 0.2247    precision@2 : 0.188    precision@3 : 0.1696    precision@4 : 0.1493    precision@5 : 0.1367    precision@10 : 0.0983    precision@20 : 0.0647    precision@30 : 0.0496    precision@50 : 0.034    map@1 : 0.2247    map@2 : 0.2196    map@3 : 0.2284    map@4 : 0.2333    map@5 : 0.2403    map@10 : 0.2625    map@20 : 0.2764    map@30 : 0.2824    map@50 : 0.2871
Sun 15 Mar 2026 22:53:22 INFO  Running E-step ! 
Sun 15 Mar 2026 22:53:22 INFO  epoch 174 training [time: 0.16s, train_loss1: 2.0675, train_loss2: 0.0334, train_loss3: 0.0111, train_loss4: 0.0000]
Sun 15 Mar 2026 22:53:22 INFO  epoch 174 evaluating [time: 0.15s, valid_score: 0.352500]
Sun 15 Mar 2026 22:53:22 INFO  valid result: 
recall@1 : 0.1379    recall@2 : 0.2222    recall@3 : 0.2916    recall@4 : 0.3355    recall@5 : 0.377    recall@10 : 0.5165    recall@20 : 0.6432    recall@30 : 0.7169    recall@50 : 0.8024    ndcg@1 : 0.2259    ndcg@2 : 0.2477    ndcg@3 : 0.2725    ndcg@4 : 0.2874    ndcg@5 : 0.3031    ndcg@10 : 0.3525    ndcg@20 : 0.391    ndcg@30 : 0.4109    ndcg@50 : 0.4311    precision@1 : 0.2259    precision@2 : 0.1883    precision@3 : 0.1691    precision@4 : 0.1494    precision@5 : 0.1372    precision@10 : 0.0983    precision@20 : 0.0647    precision@30 : 0.0496    precision@50 : 0.034    map@1 : 0.2259    map@2 : 0.2202    map@3 : 0.2284    map@4 : 0.2335    map@5 : 0.2408    map@10 : 0.2628    map@20 : 0.2767    map@30 : 0.2828    map@50 : 0.2874
Sun 15 Mar 2026 22:53:22 INFO  Running E-step ! 
Sun 15 Mar 2026 22:53:23 INFO  epoch 175 training [time: 0.16s, train_loss1: 2.0276, train_loss2: 0.0333, train_loss3: 0.0111, train_loss4: 0.0000]
Sun 15 Mar 2026 22:53:23 INFO  epoch 175 evaluating [time: 0.15s, valid_score: 0.352100]
Sun 15 Mar 2026 22:53:23 INFO  valid result: 
recall@1 : 0.138    recall@2 : 0.2213    recall@3 : 0.2907    recall@4 : 0.3355    recall@5 : 0.3759    recall@10 : 0.5158    recall@20 : 0.6434    recall@30 : 0.7165    recall@50 : 0.8029    ndcg@1 : 0.2265    ndcg@2 : 0.247    ndcg@3 : 0.2719    ndcg@4 : 0.2872    ndcg@5 : 0.3024    ndcg@10 : 0.3521    ndcg@20 : 0.391    ndcg@30 : 0.4106    ndcg@50 : 0.4311    precision@1 : 0.2265    precision@2 : 0.1874    precision@3 : 0.1685    precision@4 : 0.1493    precision@5 : 0.1367    precision@10 : 0.0982    precision@20 : 0.0648    precision@30 : 0.0496    precision@50 : 0.0341    map@1 : 0.2265    map@2 : 0.2196    map@3 : 0.2278    map@4 : 0.2331    map@5 : 0.2402    map@10 : 0.2624    map@20 : 0.2765    map@30 : 0.2825    map@50 : 0.2872
Sun 15 Mar 2026 22:53:23 INFO  Running E-step ! 
Sun 15 Mar 2026 22:53:23 INFO  epoch 176 training [time: 0.18s, train_loss1: 2.0577, train_loss2: 0.0332, train_loss3: 0.0111, train_loss4: 0.0000]
Sun 15 Mar 2026 22:53:23 INFO  epoch 176 evaluating [time: 0.15s, valid_score: 0.352300]
Sun 15 Mar 2026 22:53:23 INFO  valid result: 
recall@1 : 0.138    recall@2 : 0.2224    recall@3 : 0.2919    recall@4 : 0.336    recall@5 : 0.3764    recall@10 : 0.5155    recall@20 : 0.6435    recall@30 : 0.7168    recall@50 : 0.8034    ndcg@1 : 0.2265    ndcg@2 : 0.2477    ndcg@3 : 0.2728    ndcg@4 : 0.2878    ndcg@5 : 0.3029    ndcg@10 : 0.3523    ndcg@20 : 0.3913    ndcg@30 : 0.411    ndcg@50 : 0.4315    precision@1 : 0.2265    precision@2 : 0.188    precision@3 : 0.1691    precision@4 : 0.1499    precision@5 : 0.1368    precision@10 : 0.0982    precision@20 : 0.0648    precision@30 : 0.0496    precision@50 : 0.0341    map@1 : 0.2265    map@2 : 0.2204    map@3 : 0.2286    map@4 : 0.2337    map@5 : 0.2408    map@10 : 0.2627    map@20 : 0.2769    map@30 : 0.2829    map@50 : 0.2876
Sun 15 Mar 2026 22:53:23 INFO  Running E-step ! 
Sun 15 Mar 2026 22:53:23 INFO  epoch 177 training [time: 0.18s, train_loss1: 2.0117, train_loss2: 0.0332, train_loss3: 0.0111, train_loss4: 0.0000]
Sun 15 Mar 2026 22:53:23 INFO  epoch 177 evaluating [time: 0.15s, valid_score: 0.351800]
Sun 15 Mar 2026 22:53:23 INFO  valid result: 
recall@1 : 0.1369    recall@2 : 0.223    recall@3 : 0.2909    recall@4 : 0.3346    recall@5 : 0.3776    recall@10 : 0.5153    recall@20 : 0.6438    recall@30 : 0.7168    recall@50 : 0.8029    ndcg@1 : 0.2259    ndcg@2 : 0.2477    ndcg@3 : 0.2722    ndcg@4 : 0.2867    ndcg@5 : 0.303    ndcg@10 : 0.3518    ndcg@20 : 0.391    ndcg@30 : 0.4107    ndcg@50 : 0.4311    precision@1 : 0.2259    precision@2 : 0.1883    precision@3 : 0.1691    precision@4 : 0.1491    precision@5 : 0.1371    precision@10 : 0.0981    precision@20 : 0.0649    precision@30 : 0.0496    precision@50 : 0.0341    map@1 : 0.2259    map@2 : 0.2199    map@3 : 0.2279    map@4 : 0.2327    map@5 : 0.2404    map@10 : 0.2622    map@20 : 0.2764    map@30 : 0.2823    map@50 : 0.287
Sun 15 Mar 2026 22:53:23 INFO  Running E-step ! 
Sun 15 Mar 2026 22:53:24 INFO  epoch 178 training [time: 0.18s, train_loss1: 2.0229, train_loss2: 0.0331, train_loss3: 0.0111, train_loss4: 0.0000]
Sun 15 Mar 2026 22:53:24 INFO  epoch 178 evaluating [time: 0.15s, valid_score: 0.352200]
Sun 15 Mar 2026 22:53:24 INFO  valid result: 
recall@1 : 0.1378    recall@2 : 0.2228    recall@3 : 0.2912    recall@4 : 0.3348    recall@5 : 0.3758    recall@10 : 0.5152    recall@20 : 0.6438    recall@30 : 0.7169    recall@50 : 0.8029    ndcg@1 : 0.2271    ndcg@2 : 0.2478    ndcg@3 : 0.2727    ndcg@4 : 0.2872    ndcg@5 : 0.3026    ndcg@10 : 0.3522    ndcg@20 : 0.3914    ndcg@30 : 0.411    ndcg@50 : 0.4314    precision@1 : 0.2271    precision@2 : 0.188    precision@3 : 0.1692    precision@4 : 0.1493    precision@5 : 0.1366    precision@10 : 0.0983    precision@20 : 0.065    precision@30 : 0.0496    precision@50 : 0.0341    map@1 : 0.2271    map@2 : 0.2201    map@3 : 0.2285    map@4 : 0.2333    map@5 : 0.2405    map@10 : 0.2626    map@20 : 0.2769    map@30 : 0.2827    map@50 : 0.2875
Sun 15 Mar 2026 22:53:24 INFO  Running E-step ! 
Sun 15 Mar 2026 22:53:24 INFO  epoch 179 training [time: 0.17s, train_loss1: 2.0402, train_loss2: 0.0330, train_loss3: 0.0111, train_loss4: 0.0000]
Sun 15 Mar 2026 22:53:24 INFO  epoch 179 evaluating [time: 0.15s, valid_score: 0.352800]
Sun 15 Mar 2026 22:53:24 INFO  valid result: 
recall@1 : 0.1381    recall@2 : 0.2228    recall@3 : 0.2912    recall@4 : 0.3357    recall@5 : 0.3768    recall@10 : 0.5165    recall@20 : 0.6431    recall@30 : 0.7161    recall@50 : 0.8029    ndcg@1 : 0.2277    ndcg@2 : 0.2481    ndcg@3 : 0.2728    ndcg@4 : 0.2878    ndcg@5 : 0.3032    ndcg@10 : 0.3528    ndcg@20 : 0.3916    ndcg@30 : 0.4111    ndcg@50 : 0.4317    precision@1 : 0.2277    precision@2 : 0.188    precision@3 : 0.1692    precision@4 : 0.1496    precision@5 : 0.1369    precision@10 : 0.0985    precision@20 : 0.065    precision@30 : 0.0495    precision@50 : 0.0341    map@1 : 0.2277    map@2 : 0.2206    map@3 : 0.2287    map@4 : 0.2338    map@5 : 0.241    map@10 : 0.2631    map@20 : 0.2772    map@30 : 0.2831    map@50 : 0.2879
Sun 15 Mar 2026 22:53:24 INFO  Saving current: saved/SCL-Mar-15-2026_22-52-21.pth
Sun 15 Mar 2026 22:53:24 INFO  Saving current best: saved/SCL-Mar-15-2026_22-52-21.pth
Sun 15 Mar 2026 22:53:24 INFO  Running E-step ! 
Sun 15 Mar 2026 22:53:24 INFO  epoch 180 training [time: 0.19s, train_loss1: 2.0175, train_loss2: 0.0330, train_loss3: 0.0111, train_loss4: 0.0000]
Sun 15 Mar 2026 22:53:24 INFO  epoch 180 evaluating [time: 0.15s, valid_score: 0.352600]
Sun 15 Mar 2026 22:53:24 INFO  valid result: 
recall@1 : 0.1374    recall@2 : 0.2231    recall@3 : 0.2902    recall@4 : 0.336    recall@5 : 0.3754    recall@10 : 0.5164    recall@20 : 0.643    recall@30 : 0.7161    recall@50 : 0.8028    ndcg@1 : 0.2265    ndcg@2 : 0.2482    ndcg@3 : 0.2719    ndcg@4 : 0.2877    ndcg@5 : 0.3023    ndcg@10 : 0.3526    ndcg@20 : 0.3912    ndcg@30 : 0.4108    ndcg@50 : 0.4314    precision@1 : 0.2265    precision@2 : 0.1886    precision@3 : 0.1685    precision@4 : 0.1499    precision@5 : 0.1365    precision@10 : 0.0985    precision@20 : 0.065    precision@30 : 0.0495    precision@50 : 0.0341    map@1 : 0.2265    map@2 : 0.2204    map@3 : 0.2279    map@4 : 0.2336    map@5 : 0.2402    map@10 : 0.2627    map@20 : 0.2768    map@30 : 0.2826    map@50 : 0.2875
Sun 15 Mar 2026 22:53:24 INFO  Running E-step ! 
Sun 15 Mar 2026 22:53:25 INFO  epoch 181 training [time: 0.16s, train_loss1: 2.0144, train_loss2: 0.0329, train_loss3: 0.0111, train_loss4: 0.0000]
Sun 15 Mar 2026 22:53:25 INFO  epoch 181 evaluating [time: 0.15s, valid_score: 0.352600]
Sun 15 Mar 2026 22:53:25 INFO  valid result: 
recall@1 : 0.137    recall@2 : 0.2237    recall@3 : 0.2908    recall@4 : 0.3368    recall@5 : 0.376    recall@10 : 0.5163    recall@20 : 0.6433    recall@30 : 0.7153    recall@50 : 0.8041    ndcg@1 : 0.2271    ndcg@2 : 0.2486    ndcg@3 : 0.2725    ndcg@4 : 0.2882    ndcg@5 : 0.3026    ndcg@10 : 0.3526    ndcg@20 : 0.3914    ndcg@30 : 0.4107    ndcg@50 : 0.4318    precision@1 : 0.2271    precision@2 : 0.1889    precision@3 : 0.1691    precision@4 : 0.1502    precision@5 : 0.1366    precision@10 : 0.0985    precision@20 : 0.065    precision@30 : 0.0495    precision@50 : 0.0341    map@1 : 0.2271    map@2 : 0.2206    map@3 : 0.2281    map@4 : 0.2338    map@5 : 0.2403    map@10 : 0.2627    map@20 : 0.2768    map@30 : 0.2826    map@50 : 0.2875
Sun 15 Mar 2026 22:53:25 INFO  Running E-step ! 
Sun 15 Mar 2026 22:53:25 INFO  epoch 182 training [time: 0.19s, train_loss1: 1.9780, train_loss2: 0.0329, train_loss3: 0.0111, train_loss4: 0.0000]
Sun 15 Mar 2026 22:53:25 INFO  epoch 182 evaluating [time: 0.15s, valid_score: 0.352300]
Sun 15 Mar 2026 22:53:25 INFO  valid result: 
recall@1 : 0.137    recall@2 : 0.223    recall@3 : 0.2908    recall@4 : 0.3353    recall@5 : 0.3765    recall@10 : 0.5159    recall@20 : 0.6437    recall@30 : 0.7165    recall@50 : 0.8046    ndcg@1 : 0.2271    ndcg@2 : 0.248    ndcg@3 : 0.2724    ndcg@4 : 0.2873    ndcg@5 : 0.3026    ndcg@10 : 0.3523    ndcg@20 : 0.3914    ndcg@30 : 0.4108    ndcg@50 : 0.4317    precision@1 : 0.2271    precision@2 : 0.1883    precision@3 : 0.1691    precision@4 : 0.1496    precision@5 : 0.1366    precision@10 : 0.0983    precision@20 : 0.0651    precision@30 : 0.0495    precision@50 : 0.0341    map@1 : 0.2271    map@2 : 0.2202    map@3 : 0.2278    map@4 : 0.2332    map@5 : 0.2402    map@10 : 0.2624    map@20 : 0.2767    map@30 : 0.2825    map@50 : 0.2873
Sun 15 Mar 2026 22:53:25 INFO  Running E-step ! 
Sun 15 Mar 2026 22:53:25 INFO  epoch 183 training [time: 0.18s, train_loss1: 2.0067, train_loss2: 0.0328, train_loss3: 0.0111, train_loss4: 0.0000]
Sun 15 Mar 2026 22:53:25 INFO  epoch 183 evaluating [time: 0.14s, valid_score: 0.353300]
Sun 15 Mar 2026 22:53:25 INFO  valid result: 
recall@1 : 0.1374    recall@2 : 0.2231    recall@3 : 0.2914    recall@4 : 0.3359    recall@5 : 0.3786    recall@10 : 0.5177    recall@20 : 0.6439    recall@30 : 0.7169    recall@50 : 0.8049    ndcg@1 : 0.2282    ndcg@2 : 0.2482    ndcg@3 : 0.2729    ndcg@4 : 0.2878    ndcg@5 : 0.3038    ndcg@10 : 0.3533    ndcg@20 : 0.3919    ndcg@30 : 0.4113    ndcg@50 : 0.4322    precision@1 : 0.2282    precision@2 : 0.188    precision@3 : 0.1692    precision@4 : 0.1497    precision@5 : 0.1373    precision@10 : 0.0986    precision@20 : 0.0652    precision@30 : 0.0495    precision@50 : 0.0341    map@1 : 0.2282    map@2 : 0.2202    map@3 : 0.2282    map@4 : 0.2335    map@5 : 0.241    map@10 : 0.263    map@20 : 0.2772    map@30 : 0.2829    map@50 : 0.2877
Sun 15 Mar 2026 22:53:25 INFO  Saving current: saved/SCL-Mar-15-2026_22-52-21.pth
Sun 15 Mar 2026 22:53:25 INFO  Saving current best: saved/SCL-Mar-15-2026_22-52-21.pth
Sun 15 Mar 2026 22:53:25 INFO  Running E-step ! 
Sun 15 Mar 2026 22:53:26 INFO  epoch 184 training [time: 0.16s, train_loss1: 2.0023, train_loss2: 0.0327, train_loss3: 0.0111, train_loss4: 0.0000]
Sun 15 Mar 2026 22:53:26 INFO  epoch 184 evaluating [time: 0.14s, valid_score: 0.353200]
Sun 15 Mar 2026 22:53:26 INFO  valid result: 
recall@1 : 0.1375    recall@2 : 0.2226    recall@3 : 0.2905    recall@4 : 0.3352    recall@5 : 0.3786    recall@10 : 0.5179    recall@20 : 0.6437    recall@30 : 0.7163    recall@50 : 0.8037    ndcg@1 : 0.2288    ndcg@2 : 0.2483    ndcg@3 : 0.2724    ndcg@4 : 0.2876    ndcg@5 : 0.3038    ndcg@10 : 0.3532    ndcg@20 : 0.3918    ndcg@30 : 0.4111    ndcg@50 : 0.4319    precision@1 : 0.2288    precision@2 : 0.1883    precision@3 : 0.1687    precision@4 : 0.1497    precision@5 : 0.1373    precision@10 : 0.0986    precision@20 : 0.0651    precision@30 : 0.0495    precision@50 : 0.0341    map@1 : 0.2288    map@2 : 0.2204    map@3 : 0.2279    map@4 : 0.2334    map@5 : 0.2409    map@10 : 0.2629    map@20 : 0.277    map@30 : 0.2827    map@50 : 0.2876
Sun 15 Mar 2026 22:53:26 INFO  Running E-step ! 
Sun 15 Mar 2026 22:53:26 INFO  epoch 185 training [time: 0.18s, train_loss1: 1.9986, train_loss2: 0.0327, train_loss3: 0.0111, train_loss4: 0.0000]
Sun 15 Mar 2026 22:53:26 INFO  epoch 185 evaluating [time: 0.15s, valid_score: 0.353500]
Sun 15 Mar 2026 22:53:26 INFO  valid result: 
recall@1 : 0.1366    recall@2 : 0.2243    recall@3 : 0.2914    recall@4 : 0.3361    recall@5 : 0.3771    recall@10 : 0.5184    recall@20 : 0.6439    recall@30 : 0.7165    recall@50 : 0.804    ndcg@1 : 0.2282    ndcg@2 : 0.2489    ndcg@3 : 0.2729    ndcg@4 : 0.2881    ndcg@5 : 0.3032    ndcg@10 : 0.3535    ndcg@20 : 0.3919    ndcg@30 : 0.4112    ndcg@50 : 0.4321    precision@1 : 0.2282    precision@2 : 0.1892    precision@3 : 0.1692    precision@4 : 0.1503    precision@5 : 0.1369    precision@10 : 0.0988    precision@20 : 0.0652    precision@30 : 0.0495    precision@50 : 0.0341    map@1 : 0.2282    map@2 : 0.2208    map@3 : 0.2283    map@4 : 0.2336    map@5 : 0.2407    map@10 : 0.263    map@20 : 0.2771    map@30 : 0.2828    map@50 : 0.2877
Sun 15 Mar 2026 22:53:26 INFO  Saving current: saved/SCL-Mar-15-2026_22-52-21.pth
Sun 15 Mar 2026 22:53:26 INFO  Saving current best: saved/SCL-Mar-15-2026_22-52-21.pth
Sun 15 Mar 2026 22:53:26 INFO  Running E-step ! 
Sun 15 Mar 2026 22:53:26 INFO  epoch 186 training [time: 0.18s, train_loss1: 1.9918, train_loss2: 0.0326, train_loss3: 0.0111, train_loss4: 0.0000]
Sun 15 Mar 2026 22:53:26 INFO  epoch 186 evaluating [time: 0.15s, valid_score: 0.353600]
Sun 15 Mar 2026 22:53:26 INFO  valid result: 
recall@1 : 0.1371    recall@2 : 0.2233    recall@3 : 0.2906    recall@4 : 0.3378    recall@5 : 0.3771    recall@10 : 0.5186    recall@20 : 0.6445    recall@30 : 0.7165    recall@50 : 0.8038    ndcg@1 : 0.2288    ndcg@2 : 0.2484    ndcg@3 : 0.2726    ndcg@4 : 0.2889    ndcg@5 : 0.3035    ndcg@10 : 0.3536    ndcg@20 : 0.3922    ndcg@30 : 0.4114    ndcg@50 : 0.4321    precision@1 : 0.2288    precision@2 : 0.1886    precision@3 : 0.1691    precision@4 : 0.1509    precision@5 : 0.1373    precision@10 : 0.0988    precision@20 : 0.0652    precision@30 : 0.0495    precision@50 : 0.0341    map@1 : 0.2288    map@2 : 0.2204    map@3 : 0.228    map@4 : 0.2341    map@5 : 0.2409    map@10 : 0.2631    map@20 : 0.2773    map@30 : 0.283    map@50 : 0.2878
Sun 15 Mar 2026 22:53:26 INFO  Saving current: saved/SCL-Mar-15-2026_22-52-21.pth
Sun 15 Mar 2026 22:53:26 INFO  Saving current best: saved/SCL-Mar-15-2026_22-52-21.pth
Sun 15 Mar 2026 22:53:26 INFO  Running E-step ! 
Sun 15 Mar 2026 22:53:27 INFO  epoch 187 training [time: 0.18s, train_loss1: 1.9944, train_loss2: 0.0325, train_loss3: 0.0111, train_loss4: 0.0000]
Sun 15 Mar 2026 22:53:27 INFO  epoch 187 evaluating [time: 0.15s, valid_score: 0.353400]
Sun 15 Mar 2026 22:53:27 INFO  valid result: 
recall@1 : 0.1363    recall@2 : 0.2233    recall@3 : 0.2909    recall@4 : 0.3378    recall@5 : 0.3794    recall@10 : 0.5188    recall@20 : 0.6457    recall@30 : 0.7165    recall@50 : 0.8044    ndcg@1 : 0.2277    ndcg@2 : 0.248    ndcg@3 : 0.2724    ndcg@4 : 0.2886    ndcg@5 : 0.3041    ndcg@10 : 0.3534    ndcg@20 : 0.3924    ndcg@30 : 0.4112    ndcg@50 : 0.4321    precision@1 : 0.2277    precision@2 : 0.1886    precision@3 : 0.1691    precision@4 : 0.1509    precision@5 : 0.138    precision@10 : 0.0987    precision@20 : 0.0654    precision@30 : 0.0495    precision@50 : 0.0341    map@1 : 0.2277    map@2 : 0.2199    map@3 : 0.2276    map@4 : 0.2338    map@5 : 0.241    map@10 : 0.2627    map@20 : 0.2771    map@30 : 0.2827    map@50 : 0.2876
Sun 15 Mar 2026 22:53:27 INFO  Running E-step ! 
Sun 15 Mar 2026 22:53:27 INFO  epoch 188 training [time: 0.18s, train_loss1: 1.9674, train_loss2: 0.0324, train_loss3: 0.0111, train_loss4: 0.0000]
Sun 15 Mar 2026 22:53:27 INFO  epoch 188 evaluating [time: 0.15s, valid_score: 0.353800]
Sun 15 Mar 2026 22:53:27 INFO  valid result: 
recall@1 : 0.1369    recall@2 : 0.2244    recall@3 : 0.2896    recall@4 : 0.3384    recall@5 : 0.379    recall@10 : 0.5189    recall@20 : 0.6459    recall@30 : 0.7181    recall@50 : 0.8044    ndcg@1 : 0.2282    ndcg@2 : 0.2489    ndcg@3 : 0.272    ndcg@4 : 0.2891    ndcg@5 : 0.3043    ndcg@10 : 0.3538    ndcg@20 : 0.3927    ndcg@30 : 0.4119    ndcg@50 : 0.4324    precision@1 : 0.2282    precision@2 : 0.1892    precision@3 : 0.1685    precision@4 : 0.1511    precision@5 : 0.138    precision@10 : 0.0988    precision@20 : 0.0654    precision@30 : 0.0496    precision@50 : 0.0341    map@1 : 0.2282    map@2 : 0.2206    map@3 : 0.2276    map@4 : 0.2342    map@5 : 0.2414    map@10 : 0.2632    map@20 : 0.2776    map@30 : 0.2832    map@50 : 0.288
Sun 15 Mar 2026 22:53:27 INFO  Saving current: saved/SCL-Mar-15-2026_22-52-21.pth
Sun 15 Mar 2026 22:53:27 INFO  Saving current best: saved/SCL-Mar-15-2026_22-52-21.pth
Sun 15 Mar 2026 22:53:27 INFO  Running E-step ! 
Sun 15 Mar 2026 22:53:27 INFO  epoch 189 training [time: 0.17s, train_loss1: 1.9504, train_loss2: 0.0324, train_loss3: 0.0111, train_loss4: 0.0000]
Sun 15 Mar 2026 22:53:27 INFO  epoch 189 evaluating [time: 0.14s, valid_score: 0.353700]
Sun 15 Mar 2026 22:53:27 INFO  valid result: 
recall@1 : 0.1366    recall@2 : 0.2241    recall@3 : 0.2899    recall@4 : 0.3382    recall@5 : 0.3795    recall@10 : 0.5191    recall@20 : 0.6457    recall@30 : 0.7176    recall@50 : 0.805    ndcg@1 : 0.2277    ndcg@2 : 0.2485    ndcg@3 : 0.2719    ndcg@4 : 0.2889    ndcg@5 : 0.3042    ndcg@10 : 0.3537    ndcg@20 : 0.3925    ndcg@30 : 0.4117    ndcg@50 : 0.4323    precision@1 : 0.2277    precision@2 : 0.1889    precision@3 : 0.1685    precision@4 : 0.1509    precision@5 : 0.138    precision@10 : 0.0989    precision@20 : 0.0654    precision@30 : 0.0497    precision@50 : 0.0342    map@1 : 0.2277    map@2 : 0.2204    map@3 : 0.2273    map@4 : 0.234    map@5 : 0.2412    map@10 : 0.2631    map@20 : 0.2773    map@30 : 0.2831    map@50 : 0.2878
Sun 15 Mar 2026 22:53:27 INFO  Running E-step ! 
Sun 15 Mar 2026 22:53:28 INFO  epoch 190 training [time: 0.17s, train_loss1: 1.9527, train_loss2: 0.0323, train_loss3: 0.0111, train_loss4: 0.0000]
Sun 15 Mar 2026 22:53:28 INFO  epoch 190 evaluating [time: 0.15s, valid_score: 0.354000]
Sun 15 Mar 2026 22:53:28 INFO  valid result: 
recall@1 : 0.1372    recall@2 : 0.2234    recall@3 : 0.29    recall@4 : 0.3396    recall@5 : 0.3813    recall@10 : 0.5194    recall@20 : 0.6465    recall@30 : 0.7177    recall@50 : 0.8057    ndcg@1 : 0.2282    ndcg@2 : 0.2484    ndcg@3 : 0.272    ndcg@4 : 0.2896    ndcg@5 : 0.3051    ndcg@10 : 0.354    ndcg@20 : 0.393    ndcg@30 : 0.4119    ndcg@50 : 0.4328    precision@1 : 0.2282    precision@2 : 0.1886    precision@3 : 0.1685    precision@4 : 0.1514    precision@5 : 0.1384    precision@10 : 0.0988    precision@20 : 0.0654    precision@30 : 0.0496    precision@50 : 0.0342    map@1 : 0.2282    map@2 : 0.2202    map@3 : 0.2275    map@4 : 0.2346    map@5 : 0.2418    map@10 : 0.2635    map@20 : 0.2778    map@30 : 0.2834    map@50 : 0.2883
Sun 15 Mar 2026 22:53:28 INFO  Saving current: saved/SCL-Mar-15-2026_22-52-21.pth
Sun 15 Mar 2026 22:53:28 INFO  Saving current best: saved/SCL-Mar-15-2026_22-52-21.pth
Sun 15 Mar 2026 22:53:28 INFO  Running E-step ! 
Sun 15 Mar 2026 22:53:28 INFO  epoch 191 training [time: 0.17s, train_loss1: 1.9330, train_loss2: 0.0322, train_loss3: 0.0111, train_loss4: 0.0000]
Sun 15 Mar 2026 22:53:28 INFO  epoch 191 evaluating [time: 0.15s, valid_score: 0.353900]
Sun 15 Mar 2026 22:53:28 INFO  valid result: 
recall@1 : 0.1364    recall@2 : 0.2246    recall@3 : 0.2902    recall@4 : 0.3397    recall@5 : 0.3816    recall@10 : 0.5191    recall@20 : 0.6475    recall@30 : 0.7181    recall@50 : 0.8055    ndcg@1 : 0.2271    ndcg@2 : 0.249    ndcg@3 : 0.272    ndcg@4 : 0.2895    ndcg@5 : 0.3051    ndcg@10 : 0.3539    ndcg@20 : 0.3932    ndcg@30 : 0.412    ndcg@50 : 0.4326    precision@1 : 0.2271    precision@2 : 0.1898    precision@3 : 0.1687    precision@4 : 0.1514    precision@5 : 0.1385    precision@10 : 0.0988    precision@20 : 0.0654    precision@30 : 0.0496    precision@50 : 0.0341    map@1 : 0.2271    map@2 : 0.2205    map@3 : 0.2273    map@4 : 0.2344    map@5 : 0.2417    map@10 : 0.2633    map@20 : 0.2777    map@30 : 0.2834    map@50 : 0.2882
Sun 15 Mar 2026 22:53:28 INFO  Running E-step ! 
Sun 15 Mar 2026 22:53:28 INFO  epoch 192 training [time: 0.18s, train_loss1: 1.9349, train_loss2: 0.0322, train_loss3: 0.0111, train_loss4: 0.0000]
Sun 15 Mar 2026 22:53:28 INFO  epoch 192 evaluating [time: 0.15s, valid_score: 0.354600]
Sun 15 Mar 2026 22:53:28 INFO  valid result: 
recall@1 : 0.1373    recall@2 : 0.2243    recall@3 : 0.2898    recall@4 : 0.3401    recall@5 : 0.3822    recall@10 : 0.5201    recall@20 : 0.6465    recall@30 : 0.7175    recall@50 : 0.8056    ndcg@1 : 0.2282    ndcg@2 : 0.2489    ndcg@3 : 0.2722    ndcg@4 : 0.2899    ndcg@5 : 0.3057    ndcg@10 : 0.3546    ndcg@20 : 0.3933    ndcg@30 : 0.4122    ndcg@50 : 0.433    precision@1 : 0.2282    precision@2 : 0.1892    precision@3 : 0.1689    precision@4 : 0.1514    precision@5 : 0.1387    precision@10 : 0.099    precision@20 : 0.0654    precision@30 : 0.0496    precision@50 : 0.0342    map@1 : 0.2282    map@2 : 0.2204    map@3 : 0.2277    map@4 : 0.2348    map@5 : 0.2422    map@10 : 0.2639    map@20 : 0.2781    map@30 : 0.2837    map@50 : 0.2886
Sun 15 Mar 2026 22:53:28 INFO  Saving current: saved/SCL-Mar-15-2026_22-52-21.pth
Sun 15 Mar 2026 22:53:28 INFO  Saving current best: saved/SCL-Mar-15-2026_22-52-21.pth
Sun 15 Mar 2026 22:53:28 INFO  Running E-step ! 
Sun 15 Mar 2026 22:53:29 INFO  epoch 193 training [time: 0.18s, train_loss1: 1.9126, train_loss2: 0.0321, train_loss3: 0.0111, train_loss4: 0.0000]
Sun 15 Mar 2026 22:53:29 INFO  epoch 193 evaluating [time: 0.15s, valid_score: 0.354700]
Sun 15 Mar 2026 22:53:29 INFO  valid result: 
recall@1 : 0.137    recall@2 : 0.2238    recall@3 : 0.2904    recall@4 : 0.3413    recall@5 : 0.3821    recall@10 : 0.5207    recall@20 : 0.6464    recall@30 : 0.718    recall@50 : 0.806    ndcg@1 : 0.2271    ndcg@2 : 0.2487    ndcg@3 : 0.2723    ndcg@4 : 0.2903    ndcg@5 : 0.3055    ndcg@10 : 0.3547    ndcg@20 : 0.3932    ndcg@30 : 0.4123    ndcg@50 : 0.433    precision@1 : 0.2271    precision@2 : 0.1895    precision@3 : 0.1691    precision@4 : 0.1518    precision@5 : 0.1386    precision@10 : 0.0992    precision@20 : 0.0654    precision@30 : 0.0497    precision@50 : 0.0342    map@1 : 0.2271    map@2 : 0.2202    map@3 : 0.2277    map@4 : 0.2349    map@5 : 0.242    map@10 : 0.2639    map@20 : 0.278    map@30 : 0.2837    map@50 : 0.2885
Sun 15 Mar 2026 22:53:29 INFO  Saving current: saved/SCL-Mar-15-2026_22-52-21.pth
Sun 15 Mar 2026 22:53:29 INFO  Saving current best: saved/SCL-Mar-15-2026_22-52-21.pth
Sun 15 Mar 2026 22:53:29 INFO  Running E-step ! 
Sun 15 Mar 2026 22:53:29 INFO  epoch 194 training [time: 0.18s, train_loss1: 1.9456, train_loss2: 0.0320, train_loss3: 0.0111, train_loss4: 0.0000]
Sun 15 Mar 2026 22:53:29 INFO  epoch 194 evaluating [time: 0.15s, valid_score: 0.354200]
Sun 15 Mar 2026 22:53:29 INFO  valid result: 
recall@1 : 0.1363    recall@2 : 0.2247    recall@3 : 0.2914    recall@4 : 0.3399    recall@5 : 0.3826    recall@10 : 0.5197    recall@20 : 0.6459    recall@30 : 0.7187    recall@50 : 0.8061    ndcg@1 : 0.2247    ndcg@2 : 0.249    ndcg@3 : 0.2722    ndcg@4 : 0.2895    ndcg@5 : 0.3055    ndcg@10 : 0.3542    ndcg@20 : 0.3929    ndcg@30 : 0.4122    ndcg@50 : 0.4329    precision@1 : 0.2247    precision@2 : 0.1904    precision@3 : 0.1689    precision@4 : 0.1517    precision@5 : 0.1389    precision@10 : 0.099    precision@20 : 0.0654    precision@30 : 0.0497    precision@50 : 0.0342    map@1 : 0.2247    map@2 : 0.2201    map@3 : 0.2274    map@4 : 0.2344    map@5 : 0.2419    map@10 : 0.2636    map@20 : 0.2778    map@30 : 0.2836    map@50 : 0.2884
Sun 15 Mar 2026 22:53:29 INFO  Running E-step ! 
Sun 15 Mar 2026 22:53:29 INFO  epoch 195 training [time: 0.20s, train_loss1: 1.9031, train_loss2: 0.0320, train_loss3: 0.0111, train_loss4: 0.0000]
Sun 15 Mar 2026 22:53:30 INFO  epoch 195 evaluating [time: 0.14s, valid_score: 0.354300]
Sun 15 Mar 2026 22:53:30 INFO  valid result: 
recall@1 : 0.1378    recall@2 : 0.2242    recall@3 : 0.2898    recall@4 : 0.3441    recall@5 : 0.3839    recall@10 : 0.5181    recall@20 : 0.6457    recall@30 : 0.7181    recall@50 : 0.8059    ndcg@1 : 0.2271    ndcg@2 : 0.2498    ndcg@3 : 0.272    ndcg@4 : 0.292    ndcg@5 : 0.3065    ndcg@10 : 0.3543    ndcg@20 : 0.3935    ndcg@30 : 0.4128    ndcg@50 : 0.4335    precision@1 : 0.2271    precision@2 : 0.1907    precision@3 : 0.1683    precision@4 : 0.1532    precision@5 : 0.1389    precision@10 : 0.0986    precision@20 : 0.0654    precision@30 : 0.0497    precision@50 : 0.0341    map@1 : 0.2271    map@2 : 0.2209    map@3 : 0.2277    map@4 : 0.2362    map@5 : 0.2429    map@10 : 0.2642    map@20 : 0.2786    map@30 : 0.2844    map@50 : 0.2892
Sun 15 Mar 2026 22:53:30 INFO  Running E-step ! 
Sun 15 Mar 2026 22:53:30 INFO  epoch 196 training [time: 0.17s, train_loss1: 1.9131, train_loss2: 0.0319, train_loss3: 0.0111, train_loss4: 0.0000]
Sun 15 Mar 2026 22:53:30 INFO  epoch 196 evaluating [time: 0.14s, valid_score: 0.354000]
Sun 15 Mar 2026 22:53:30 INFO  valid result: 
recall@1 : 0.1372    recall@2 : 0.2229    recall@3 : 0.2908    recall@4 : 0.3451    recall@5 : 0.3847    recall@10 : 0.5181    recall@20 : 0.6458    recall@30 : 0.7181    recall@50 : 0.8057    ndcg@1 : 0.2259    ndcg@2 : 0.2486    ndcg@3 : 0.2721    ndcg@4 : 0.2922    ndcg@5 : 0.3066    ndcg@10 : 0.354    ndcg@20 : 0.3932    ndcg@30 : 0.4125    ndcg@50 : 0.4332    precision@1 : 0.2259    precision@2 : 0.1898    precision@3 : 0.1687    precision@4 : 0.1539    precision@5 : 0.1393    precision@10 : 0.0986    precision@20 : 0.0653    precision@30 : 0.0497    precision@50 : 0.0341    map@1 : 0.2259    map@2 : 0.2199    map@3 : 0.2276    map@4 : 0.2361    map@5 : 0.2428    map@10 : 0.2639    map@20 : 0.2783    map@30 : 0.2841    map@50 : 0.2889
Sun 15 Mar 2026 22:53:30 INFO  Running E-step ! 
Sun 15 Mar 2026 22:53:30 INFO  epoch 197 training [time: 0.16s, train_loss1: 1.9174, train_loss2: 0.0318, train_loss3: 0.0111, train_loss4: 0.0000]
Sun 15 Mar 2026 22:53:30 INFO  epoch 197 evaluating [time: 0.15s, valid_score: 0.354000]
Sun 15 Mar 2026 22:53:30 INFO  valid result: 
recall@1 : 0.1372    recall@2 : 0.2224    recall@3 : 0.2907    recall@4 : 0.3449    recall@5 : 0.3852    recall@10 : 0.518    recall@20 : 0.6454    recall@30 : 0.7188    recall@50 : 0.805    ndcg@1 : 0.2265    ndcg@2 : 0.2483    ndcg@3 : 0.272    ndcg@4 : 0.292    ndcg@5 : 0.3067    ndcg@10 : 0.354    ndcg@20 : 0.3931    ndcg@30 : 0.4127    ndcg@50 : 0.433    precision@1 : 0.2265    precision@2 : 0.1895    precision@3 : 0.1685    precision@4 : 0.1536    precision@5 : 0.1392    precision@10 : 0.0986    precision@20 : 0.0653    precision@30 : 0.0497    precision@50 : 0.0341    map@1 : 0.2265    map@2 : 0.2198    map@3 : 0.2275    map@4 : 0.236    map@5 : 0.2429    map@10 : 0.2638    map@20 : 0.2783    map@30 : 0.2841    map@50 : 0.2889
Sun 15 Mar 2026 22:53:30 INFO  Running E-step ! 
Sun 15 Mar 2026 22:53:30 INFO  epoch 198 training [time: 0.18s, train_loss1: 1.9013, train_loss2: 0.0318, train_loss3: 0.0111, train_loss4: 0.0000]
Sun 15 Mar 2026 22:53:30 INFO  epoch 198 evaluating [time: 0.15s, valid_score: 0.354600]
Sun 15 Mar 2026 22:53:30 INFO  valid result: 
recall@1 : 0.1383    recall@2 : 0.2243    recall@3 : 0.2909    recall@4 : 0.3445    recall@5 : 0.3845    recall@10 : 0.518    recall@20 : 0.6469    recall@30 : 0.7201    recall@50 : 0.8047    ndcg@1 : 0.2271    ndcg@2 : 0.25    ndcg@3 : 0.2726    ndcg@4 : 0.2924    ndcg@5 : 0.3071    ndcg@10 : 0.3546    ndcg@20 : 0.3941    ndcg@30 : 0.4136    ndcg@50 : 0.4336    precision@1 : 0.2271    precision@2 : 0.1907    precision@3 : 0.1683    precision@4 : 0.1533    precision@5 : 0.1391    precision@10 : 0.0987    precision@20 : 0.0654    precision@30 : 0.0498    precision@50 : 0.0341    map@1 : 0.2271    map@2 : 0.2212    map@3 : 0.2285    map@4 : 0.2367    map@5 : 0.2436    map@10 : 0.2647    map@20 : 0.2793    map@30 : 0.2851    map@50 : 0.2897
Sun 15 Mar 2026 22:53:30 INFO  Running E-step ! 
Sun 15 Mar 2026 22:53:31 INFO  epoch 199 training [time: 0.19s, train_loss1: 1.8935, train_loss2: 0.0317, train_loss3: 0.0111, train_loss4: 0.0000]
Sun 15 Mar 2026 22:53:31 INFO  epoch 199 evaluating [time: 0.15s, valid_score: 0.354400]
Sun 15 Mar 2026 22:53:31 INFO  valid result: 
recall@1 : 0.1383    recall@2 : 0.2243    recall@3 : 0.2905    recall@4 : 0.3445    recall@5 : 0.3842    recall@10 : 0.5173    recall@20 : 0.6465    recall@30 : 0.7203    recall@50 : 0.8051    ndcg@1 : 0.2277    ndcg@2 : 0.2501    ndcg@3 : 0.2724    ndcg@4 : 0.2924    ndcg@5 : 0.3069    ndcg@10 : 0.3544    ndcg@20 : 0.3939    ndcg@30 : 0.4136    ndcg@50 : 0.4337    precision@1 : 0.2277    precision@2 : 0.1907    precision@3 : 0.1679    precision@4 : 0.1533    precision@5 : 0.1389    precision@10 : 0.0987    precision@20 : 0.0654    precision@30 : 0.0498    precision@50 : 0.0341    map@1 : 0.2277    map@2 : 0.2215    map@3 : 0.2284    map@4 : 0.2367    map@5 : 0.2435    map@10 : 0.2646    map@20 : 0.2792    map@30 : 0.285    map@50 : 0.2897
Sun 15 Mar 2026 22:53:31 INFO  Running E-step ! 
Sun 15 Mar 2026 22:53:31 INFO  epoch 200 training [time: 0.18s, train_loss1: 1.8859, train_loss2: 0.0316, train_loss3: 0.0111, train_loss4: 0.0000]
Sun 15 Mar 2026 22:53:31 INFO  epoch 200 evaluating [time: 0.15s, valid_score: 0.355200]
Sun 15 Mar 2026 22:53:31 INFO  valid result: 
recall@1 : 0.1383    recall@2 : 0.2238    recall@3 : 0.2912    recall@4 : 0.3451    recall@5 : 0.3845    recall@10 : 0.5197    recall@20 : 0.6458    recall@30 : 0.7216    recall@50 : 0.806    ndcg@1 : 0.2277    ndcg@2 : 0.25    ndcg@3 : 0.2728    ndcg@4 : 0.2926    ndcg@5 : 0.3072    ndcg@10 : 0.3552    ndcg@20 : 0.3939    ndcg@30 : 0.414    ndcg@50 : 0.434    precision@1 : 0.2277    precision@2 : 0.1907    precision@3 : 0.1683    precision@4 : 0.1535    precision@5 : 0.1393    precision@10 : 0.0991    precision@20 : 0.0653    precision@30 : 0.0499    precision@50 : 0.0341    map@1 : 0.2277    map@2 : 0.2214    map@3 : 0.2286    map@4 : 0.2368    map@5 : 0.2438    map@10 : 0.265    map@20 : 0.2792    map@30 : 0.2852    map@50 : 0.2898
Sun 15 Mar 2026 22:53:31 INFO  Saving current: saved/SCL-Mar-15-2026_22-52-21.pth
Sun 15 Mar 2026 22:53:31 INFO  Saving current best: saved/SCL-Mar-15-2026_22-52-21.pth
Sun 15 Mar 2026 22:53:31 INFO  Running E-step ! 
Sun 15 Mar 2026 22:53:31 INFO  epoch 201 training [time: 0.17s, train_loss1: 1.8902, train_loss2: 0.0316, train_loss3: 0.0111, train_loss4: 0.0000]
Sun 15 Mar 2026 22:53:32 INFO  epoch 201 evaluating [time: 0.15s, valid_score: 0.354800]
Sun 15 Mar 2026 22:53:32 INFO  valid result: 
recall@1 : 0.1376    recall@2 : 0.2239    recall@3 : 0.2903    recall@4 : 0.3462    recall@5 : 0.3835    recall@10 : 0.5193    recall@20 : 0.6456    recall@30 : 0.722    recall@50 : 0.8065    ndcg@1 : 0.2265    ndcg@2 : 0.2493    ndcg@3 : 0.2718    ndcg@4 : 0.2929    ndcg@5 : 0.3065    ndcg@10 : 0.3548    ndcg@20 : 0.3936    ndcg@30 : 0.4139    ndcg@50 : 0.4338    precision@1 : 0.2265    precision@2 : 0.1901    precision@3 : 0.1677    precision@4 : 0.1542    precision@5 : 0.139    precision@10 : 0.099    precision@20 : 0.0653    precision@30 : 0.0499    precision@50 : 0.0342    map@1 : 0.2265    map@2 : 0.2206    map@3 : 0.2278    map@4 : 0.2369    map@5 : 0.2432    map@10 : 0.2646    map@20 : 0.2789    map@30 : 0.2849    map@50 : 0.2896
Sun 15 Mar 2026 22:53:32 INFO  Running E-step ! 
Sun 15 Mar 2026 22:53:32 INFO  epoch 202 training [time: 0.18s, train_loss1: 1.8648, train_loss2: 0.0315, train_loss3: 0.0111, train_loss4: 0.0000]
Sun 15 Mar 2026 22:53:32 INFO  epoch 202 evaluating [time: 0.15s, valid_score: 0.354700]
Sun 15 Mar 2026 22:53:32 INFO  valid result: 
recall@1 : 0.1376    recall@2 : 0.2235    recall@3 : 0.2903    recall@4 : 0.3466    recall@5 : 0.3843    recall@10 : 0.5188    recall@20 : 0.6474    recall@30 : 0.722    recall@50 : 0.8064    ndcg@1 : 0.2265    ndcg@2 : 0.2492    ndcg@3 : 0.2718    ndcg@4 : 0.2931    ndcg@5 : 0.3068    ndcg@10 : 0.3547    ndcg@20 : 0.3941    ndcg@30 : 0.4139    ndcg@50 : 0.4339    precision@1 : 0.2265    precision@2 : 0.1901    precision@3 : 0.1677    precision@4 : 0.1544    precision@5 : 0.1392    precision@10 : 0.099    precision@20 : 0.0655    precision@30 : 0.0499    precision@50 : 0.0342    map@1 : 0.2265    map@2 : 0.2205    map@3 : 0.2278    map@4 : 0.237    map@5 : 0.2433    map@10 : 0.2646    map@20 : 0.279    map@30 : 0.2849    map@50 : 0.2896
Sun 15 Mar 2026 22:53:32 INFO  Running E-step ! 
Sun 15 Mar 2026 22:53:32 INFO  epoch 203 training [time: 0.18s, train_loss1: 1.9132, train_loss2: 0.0315, train_loss3: 0.0111, train_loss4: 0.0000]
Sun 15 Mar 2026 22:53:32 INFO  epoch 203 evaluating [time: 0.15s, valid_score: 0.355100]
Sun 15 Mar 2026 22:53:32 INFO  valid result: 
recall@1 : 0.1381    recall@2 : 0.2256    recall@3 : 0.2915    recall@4 : 0.3459    recall@5 : 0.3843    recall@10 : 0.518    recall@20 : 0.6483    recall@30 : 0.7236    recall@50 : 0.8069    ndcg@1 : 0.2277    ndcg@2 : 0.251    ndcg@3 : 0.2733    ndcg@4 : 0.2934    ndcg@5 : 0.3075    ndcg@10 : 0.3551    ndcg@20 : 0.3948    ndcg@30 : 0.4148    ndcg@50 : 0.4346    precision@1 : 0.2277    precision@2 : 0.1916    precision@3 : 0.1689    precision@4 : 0.1541    precision@5 : 0.1396    precision@10 : 0.099    precision@20 : 0.0655    precision@30 : 0.05    precision@50 : 0.0342    map@1 : 0.2277    map@2 : 0.222    map@3 : 0.229    map@4 : 0.2375    map@5 : 0.2442    map@10 : 0.2652    map@20 : 0.2798    map@30 : 0.2857    map@50 : 0.2903
Sun 15 Mar 2026 22:53:32 INFO  Running E-step ! 
Sun 15 Mar 2026 22:53:32 INFO  epoch 204 training [time: 0.19s, train_loss1: 1.8865, train_loss2: 0.0314, train_loss3: 0.0111, train_loss4: 0.0000]
Sun 15 Mar 2026 22:53:33 INFO  epoch 204 evaluating [time: 0.15s, valid_score: 0.354600]
Sun 15 Mar 2026 22:53:33 INFO  valid result: 
recall@1 : 0.1367    recall@2 : 0.2249    recall@3 : 0.2918    recall@4 : 0.3466    recall@5 : 0.3856    recall@10 : 0.5183    recall@20 : 0.6488    recall@30 : 0.7232    recall@50 : 0.808    ndcg@1 : 0.2265    ndcg@2 : 0.2498    ndcg@3 : 0.2727    ndcg@4 : 0.293    ndcg@5 : 0.3074    ndcg@10 : 0.3546    ndcg@20 : 0.3945    ndcg@30 : 0.4142    ndcg@50 : 0.4343    precision@1 : 0.2265    precision@2 : 0.1907    precision@3 : 0.1687    precision@4 : 0.1542    precision@5 : 0.1398    precision@10 : 0.0989    precision@20 : 0.0656    precision@30 : 0.0499    precision@50 : 0.0342    map@1 : 0.2265    map@2 : 0.2208    map@3 : 0.2283    map@4 : 0.2368    map@5 : 0.2436    map@10 : 0.2645    map@20 : 0.2792    map@30 : 0.285    map@50 : 0.2897
Sun 15 Mar 2026 22:53:33 INFO  Running E-step ! 
Sun 15 Mar 2026 22:53:33 INFO  epoch 205 training [time: 0.19s, train_loss1: 1.8822, train_loss2: 0.0313, train_loss3: 0.0111, train_loss4: 0.0000]
Sun 15 Mar 2026 22:53:33 INFO  epoch 205 evaluating [time: 0.15s, valid_score: 0.354500]
Sun 15 Mar 2026 22:53:33 INFO  valid result: 
recall@1 : 0.1364    recall@2 : 0.2249    recall@3 : 0.2911    recall@4 : 0.347    recall@5 : 0.3866    recall@10 : 0.5187    recall@20 : 0.6484    recall@30 : 0.7235    recall@50 : 0.8076    ndcg@1 : 0.2259    ndcg@2 : 0.2499    ndcg@3 : 0.2724    ndcg@4 : 0.293    ndcg@5 : 0.3076    ndcg@10 : 0.3545    ndcg@20 : 0.3942    ndcg@30 : 0.4142    ndcg@50 : 0.4341    precision@1 : 0.2259    precision@2 : 0.191    precision@3 : 0.1687    precision@4 : 0.1542    precision@5 : 0.1399    precision@10 : 0.0988    precision@20 : 0.0655    precision@30 : 0.0499    precision@50 : 0.0342    map@1 : 0.2259    map@2 : 0.2208    map@3 : 0.2281    map@4 : 0.2368    map@5 : 0.2437    map@10 : 0.2643    map@20 : 0.279    map@30 : 0.2848    map@50 : 0.2895
Sun 15 Mar 2026 22:53:33 INFO  Running E-step ! 
Sun 15 Mar 2026 22:53:33 INFO  epoch 206 training [time: 0.19s, train_loss1: 1.8703, train_loss2: 0.0313, train_loss3: 0.0111, train_loss4: 0.0000]
Sun 15 Mar 2026 22:53:33 INFO  epoch 206 evaluating [time: 0.15s, valid_score: 0.354500]
Sun 15 Mar 2026 22:53:33 INFO  valid result: 
recall@1 : 0.1354    recall@2 : 0.2243    recall@3 : 0.2907    recall@4 : 0.3477    recall@5 : 0.386    recall@10 : 0.5198    recall@20 : 0.6487    recall@30 : 0.7232    recall@50 : 0.8077    ndcg@1 : 0.2253    ndcg@2 : 0.2496    ndcg@3 : 0.2718    ndcg@4 : 0.2929    ndcg@5 : 0.3071    ndcg@10 : 0.3545    ndcg@20 : 0.394    ndcg@30 : 0.4138    ndcg@50 : 0.4338    precision@1 : 0.2253    precision@2 : 0.1913    precision@3 : 0.1685    precision@4 : 0.1545    precision@5 : 0.14    precision@10 : 0.0989    precision@20 : 0.0656    precision@30 : 0.0499    precision@50 : 0.0342    map@1 : 0.2253    map@2 : 0.2202    map@3 : 0.2274    map@4 : 0.2363    map@5 : 0.243    map@10 : 0.2639    map@20 : 0.2785    map@30 : 0.2843    map@50 : 0.289
Sun 15 Mar 2026 22:53:33 INFO  Running E-step ! 
Sun 15 Mar 2026 22:53:33 INFO  epoch 207 training [time: 0.18s, train_loss1: 1.9116, train_loss2: 0.0312, train_loss3: 0.0111, train_loss4: 0.0000]
Sun 15 Mar 2026 22:53:34 INFO  epoch 207 evaluating [time: 0.15s, valid_score: 0.354600]
Sun 15 Mar 2026 22:53:34 INFO  valid result: 
recall@1 : 0.1358    recall@2 : 0.2229    recall@3 : 0.2898    recall@4 : 0.3475    recall@5 : 0.3858    recall@10 : 0.5204    recall@20 : 0.6505    recall@30 : 0.7235    recall@50 : 0.8079    ndcg@1 : 0.2259    ndcg@2 : 0.249    ndcg@3 : 0.2717    ndcg@4 : 0.2929    ndcg@5 : 0.3069    ndcg@10 : 0.3546    ndcg@20 : 0.3945    ndcg@30 : 0.4139    ndcg@50 : 0.4339    precision@1 : 0.2259    precision@2 : 0.1907    precision@3 : 0.1689    precision@4 : 0.1545    precision@5 : 0.1399    precision@10 : 0.0989    precision@20 : 0.0657    precision@30 : 0.0499    precision@50 : 0.0342    map@1 : 0.2259    map@2 : 0.2198    map@3 : 0.2275    map@4 : 0.2364    map@5 : 0.2429    map@10 : 0.264    map@20 : 0.2786    map@30 : 0.2844    map@50 : 0.2891
Sun 15 Mar 2026 22:53:34 INFO  Running E-step ! 
Sun 15 Mar 2026 22:53:34 INFO  epoch 208 training [time: 0.20s, train_loss1: 1.8373, train_loss2: 0.0311, train_loss3: 0.0111, train_loss4: 0.0000]
Sun 15 Mar 2026 22:53:34 INFO  epoch 208 evaluating [time: 0.15s, valid_score: 0.356000]
Sun 15 Mar 2026 22:53:34 INFO  valid result: 
recall@1 : 0.1385    recall@2 : 0.2225    recall@3 : 0.2893    recall@4 : 0.3468    recall@5 : 0.3879    recall@10 : 0.5215    recall@20 : 0.6504    recall@30 : 0.7243    recall@50 : 0.8086    ndcg@1 : 0.2288    ndcg@2 : 0.2498    ndcg@3 : 0.2725    ndcg@4 : 0.2935    ndcg@5 : 0.3087    ndcg@10 : 0.356    ndcg@20 : 0.3955    ndcg@30 : 0.4151    ndcg@50 : 0.4351    precision@1 : 0.2288    precision@2 : 0.1907    precision@3 : 0.1689    precision@4 : 0.1542    precision@5 : 0.1405    precision@10 : 0.0991    precision@20 : 0.0656    precision@30 : 0.05    precision@50 : 0.0342    map@1 : 0.2288    map@2 : 0.2209    map@3 : 0.2287    map@4 : 0.2375    map@5 : 0.2446    map@10 : 0.2656    map@20 : 0.2799    map@30 : 0.2858    map@50 : 0.2905
Sun 15 Mar 2026 22:53:34 INFO  Saving current: saved/SCL-Mar-15-2026_22-52-21.pth
Sun 15 Mar 2026 22:53:34 INFO  Saving current best: saved/SCL-Mar-15-2026_22-52-21.pth
Sun 15 Mar 2026 22:53:34 INFO  Running E-step ! 
Sun 15 Mar 2026 22:53:34 INFO  epoch 209 training [time: 0.20s, train_loss1: 1.8639, train_loss2: 0.0310, train_loss3: 0.0111, train_loss4: 0.0000]
Sun 15 Mar 2026 22:53:34 INFO  epoch 209 evaluating [time: 0.15s, valid_score: 0.355300]
Sun 15 Mar 2026 22:53:34 INFO  valid result: 
recall@1 : 0.1377    recall@2 : 0.223    recall@3 : 0.2895    recall@4 : 0.3471    recall@5 : 0.3877    recall@10 : 0.52    recall@20 : 0.6499    recall@30 : 0.725    recall@50 : 0.8077    ndcg@1 : 0.2271    ndcg@2 : 0.2497    ndcg@3 : 0.2725    ndcg@4 : 0.2934    ndcg@5 : 0.3083    ndcg@10 : 0.3553    ndcg@20 : 0.3949    ndcg@30 : 0.415    ndcg@50 : 0.4346    precision@1 : 0.2271    precision@2 : 0.191    precision@3 : 0.1692    precision@4 : 0.1545    precision@5 : 0.1404    precision@10 : 0.0989    precision@20 : 0.0654    precision@30 : 0.05    precision@50 : 0.0342    map@1 : 0.2271    map@2 : 0.2206    map@3 : 0.2286    map@4 : 0.2373    map@5 : 0.2443    map@10 : 0.2651    map@20 : 0.2795    map@30 : 0.2855    map@50 : 0.2902
Sun 15 Mar 2026 22:53:34 INFO  Running E-step ! 
Sun 15 Mar 2026 22:53:34 INFO  epoch 210 training [time: 0.18s, train_loss1: 1.8172, train_loss2: 0.0310, train_loss3: 0.0111, train_loss4: 0.0000]
Sun 15 Mar 2026 22:53:35 INFO  epoch 210 evaluating [time: 0.15s, valid_score: 0.354900]
Sun 15 Mar 2026 22:53:35 INFO  valid result: 
recall@1 : 0.1373    recall@2 : 0.2228    recall@3 : 0.2888    recall@4 : 0.3454    recall@5 : 0.3879    recall@10 : 0.52    recall@20 : 0.6494    recall@30 : 0.7244    recall@50 : 0.8092    ndcg@1 : 0.2259    ndcg@2 : 0.2495    ndcg@3 : 0.2718    ndcg@4 : 0.2923    ndcg@5 : 0.308    ndcg@10 : 0.3549    ndcg@20 : 0.3945    ndcg@30 : 0.4145    ndcg@50 : 0.4346    precision@1 : 0.2259    precision@2 : 0.191    precision@3 : 0.1689    precision@4 : 0.1541    precision@5 : 0.1404    precision@10 : 0.0989    precision@20 : 0.0654    precision@30 : 0.05    precision@50 : 0.0343    map@1 : 0.2259    map@2 : 0.2204    map@3 : 0.2282    map@4 : 0.2366    map@5 : 0.2439    map@10 : 0.2647    map@20 : 0.2792    map@30 : 0.2852    map@50 : 0.2899
Sun 15 Mar 2026 22:53:35 INFO  Running E-step ! 
Sun 15 Mar 2026 22:53:35 INFO  epoch 211 training [time: 0.19s, train_loss1: 1.8377, train_loss2: 0.0309, train_loss3: 0.0111, train_loss4: 0.0000]
Sun 15 Mar 2026 22:53:35 INFO  epoch 211 evaluating [time: 0.15s, valid_score: 0.355000]
Sun 15 Mar 2026 22:53:35 INFO  valid result: 
recall@1 : 0.1371    recall@2 : 0.2234    recall@3 : 0.2873    recall@4 : 0.3464    recall@5 : 0.3892    recall@10 : 0.5203    recall@20 : 0.6489    recall@30 : 0.7243    recall@50 : 0.8092    ndcg@1 : 0.2253    ndcg@2 : 0.2495    ndcg@3 : 0.2711    ndcg@4 : 0.2926    ndcg@5 : 0.3085    ndcg@10 : 0.355    ndcg@20 : 0.3944    ndcg@30 : 0.4145    ndcg@50 : 0.4346    precision@1 : 0.2253    precision@2 : 0.191    precision@3 : 0.1687    precision@4 : 0.1542    precision@5 : 0.1408    precision@10 : 0.0989    precision@20 : 0.0654    precision@30 : 0.05    precision@50 : 0.0343    map@1 : 0.2253    map@2 : 0.2204    map@3 : 0.2278    map@4 : 0.2367    map@5 : 0.2442    map@10 : 0.2648    map@20 : 0.2792    map@30 : 0.2852    map@50 : 0.2899
Sun 15 Mar 2026 22:53:35 INFO  Running E-step ! 
Sun 15 Mar 2026 22:53:35 INFO  epoch 212 training [time: 0.19s, train_loss1: 1.8211, train_loss2: 0.0308, train_loss3: 0.0111, train_loss4: 0.0000]
Sun 15 Mar 2026 22:53:35 INFO  epoch 212 evaluating [time: 0.15s, valid_score: 0.355200]
Sun 15 Mar 2026 22:53:35 INFO  valid result: 
recall@1 : 0.1364    recall@2 : 0.2251    recall@3 : 0.2879    recall@4 : 0.3465    recall@5 : 0.3909    recall@10 : 0.5205    recall@20 : 0.6494    recall@30 : 0.7244    recall@50 : 0.8092    ndcg@1 : 0.2241    ndcg@2 : 0.2505    ndcg@3 : 0.2714    ndcg@4 : 0.2927    ndcg@5 : 0.3093    ndcg@10 : 0.3552    ndcg@20 : 0.3946    ndcg@30 : 0.4146    ndcg@50 : 0.4347    precision@1 : 0.2241    precision@2 : 0.1925    precision@3 : 0.1689    precision@4 : 0.1544    precision@5 : 0.1414    precision@10 : 0.099    precision@20 : 0.0654    precision@30 : 0.05    precision@50 : 0.0343    map@1 : 0.2241    map@2 : 0.2212    map@3 : 0.2281    map@4 : 0.2369    map@5 : 0.2447    map@10 : 0.2651    map@20 : 0.2794    map@30 : 0.2854    map@50 : 0.2901
Sun 15 Mar 2026 22:53:35 INFO  Running E-step ! 
Sun 15 Mar 2026 22:53:36 INFO  epoch 213 training [time: 0.18s, train_loss1: 1.8504, train_loss2: 0.0308, train_loss3: 0.0111, train_loss4: 0.0000]
Sun 15 Mar 2026 22:53:36 INFO  epoch 213 evaluating [time: 0.15s, valid_score: 0.354900]
Sun 15 Mar 2026 22:53:36 INFO  valid result: 
recall@1 : 0.1358    recall@2 : 0.2242    recall@3 : 0.2866    recall@4 : 0.3476    recall@5 : 0.3907    recall@10 : 0.5205    recall@20 : 0.6493    recall@30 : 0.7246    recall@50 : 0.8089    ndcg@1 : 0.2235    ndcg@2 : 0.2498    ndcg@3 : 0.2703    ndcg@4 : 0.2927    ndcg@5 : 0.3088    ndcg@10 : 0.3549    ndcg@20 : 0.3943    ndcg@30 : 0.4144    ndcg@50 : 0.4343    precision@1 : 0.2235    precision@2 : 0.1922    precision@3 : 0.1683    precision@4 : 0.1545    precision@5 : 0.1412    precision@10 : 0.0992    precision@20 : 0.0654    precision@30 : 0.05    precision@50 : 0.0343    map@1 : 0.2235    map@2 : 0.2205    map@3 : 0.2271    map@4 : 0.2366    map@5 : 0.2442    map@10 : 0.2646    map@20 : 0.2789    map@30 : 0.2849    map@50 : 0.2896
Sun 15 Mar 2026 22:53:36 INFO  Running E-step ! 
Sun 15 Mar 2026 22:53:36 INFO  epoch 214 training [time: 0.19s, train_loss1: 1.8463, train_loss2: 0.0307, train_loss3: 0.0111, train_loss4: 0.0000]
Sun 15 Mar 2026 22:53:36 INFO  epoch 214 evaluating [time: 0.15s, valid_score: 0.355100]
Sun 15 Mar 2026 22:53:36 INFO  valid result: 
recall@1 : 0.1359    recall@2 : 0.2239    recall@3 : 0.2865    recall@4 : 0.347    recall@5 : 0.3915    recall@10 : 0.5209    recall@20 : 0.6496    recall@30 : 0.7249    recall@50 : 0.8093    ndcg@1 : 0.2235    ndcg@2 : 0.25    ndcg@3 : 0.2702    ndcg@4 : 0.2926    ndcg@5 : 0.309    ndcg@10 : 0.3551    ndcg@20 : 0.3944    ndcg@30 : 0.4145    ndcg@50 : 0.4344    precision@1 : 0.2235    precision@2 : 0.1925    precision@3 : 0.1681    precision@4 : 0.1545    precision@5 : 0.1411    precision@10 : 0.0993    precision@20 : 0.0656    precision@30 : 0.0501    precision@50 : 0.0343    map@1 : 0.2235    map@2 : 0.2209    map@3 : 0.2271    map@4 : 0.2366    map@5 : 0.2442    map@10 : 0.2647    map@20 : 0.2791    map@30 : 0.285    map@50 : 0.2897
Sun 15 Mar 2026 22:53:36 INFO  Running E-step ! 
Sun 15 Mar 2026 22:53:36 INFO  epoch 215 training [time: 0.19s, train_loss1: 1.8293, train_loss2: 0.0307, train_loss3: 0.0111, train_loss4: 0.0000]
Sun 15 Mar 2026 22:53:36 INFO  epoch 215 evaluating [time: 0.15s, valid_score: 0.355100]
Sun 15 Mar 2026 22:53:36 INFO  valid result: 
recall@1 : 0.1361    recall@2 : 0.223    recall@3 : 0.2871    recall@4 : 0.3473    recall@5 : 0.3924    recall@10 : 0.521    recall@20 : 0.6504    recall@30 : 0.7239    recall@50 : 0.8105    ndcg@1 : 0.2235    ndcg@2 : 0.2494    ndcg@3 : 0.2704    ndcg@4 : 0.2927    ndcg@5 : 0.3094    ndcg@10 : 0.3551    ndcg@20 : 0.3946    ndcg@30 : 0.4143    ndcg@50 : 0.4347    precision@1 : 0.2235    precision@2 : 0.1919    precision@3 : 0.1683    precision@4 : 0.1545    precision@5 : 0.1415    precision@10 : 0.0993    precision@20 : 0.0656    precision@30 : 0.05    precision@50 : 0.0343    map@1 : 0.2235    map@2 : 0.2205    map@3 : 0.2272    map@4 : 0.2366    map@5 : 0.2445    map@10 : 0.2648    map@20 : 0.2791    map@30 : 0.285    map@50 : 0.2898
Sun 15 Mar 2026 22:53:36 INFO  Running E-step ! 
Sun 15 Mar 2026 22:53:37 INFO  epoch 216 training [time: 0.18s, train_loss1: 1.8102, train_loss2: 0.0306, train_loss3: 0.0111, train_loss4: 0.0000]
Sun 15 Mar 2026 22:53:37 INFO  epoch 216 evaluating [time: 0.15s, valid_score: 0.355100]
Sun 15 Mar 2026 22:53:37 INFO  valid result: 
recall@1 : 0.1349    recall@2 : 0.2222    recall@3 : 0.2872    recall@4 : 0.3481    recall@5 : 0.3932    recall@10 : 0.5226    recall@20 : 0.65    recall@30 : 0.7246    recall@50 : 0.8102    ndcg@1 : 0.2223    ndcg@2 : 0.2483    ndcg@3 : 0.2698    ndcg@4 : 0.2924    ndcg@5 : 0.3093    ndcg@10 : 0.3551    ndcg@20 : 0.394    ndcg@30 : 0.414    ndcg@50 : 0.4342    precision@1 : 0.2223    precision@2 : 0.1913    precision@3 : 0.1681    precision@4 : 0.1546    precision@5 : 0.1418    precision@10 : 0.0995    precision@20 : 0.0656    precision@30 : 0.0501    precision@50 : 0.0343    map@1 : 0.2223    map@2 : 0.2193    map@3 : 0.2265    map@4 : 0.236    map@5 : 0.2441    map@10 : 0.2642    map@20 : 0.2784    map@30 : 0.2844    map@50 : 0.2891
Sun 15 Mar 2026 22:53:37 INFO  Running E-step ! 
Sun 15 Mar 2026 22:53:37 INFO  epoch 217 training [time: 0.18s, train_loss1: 1.7914, train_loss2: 0.0305, train_loss3: 0.0111, train_loss4: 0.0000]
Sun 15 Mar 2026 22:53:37 INFO  epoch 217 evaluating [time: 0.15s, valid_score: 0.354700]
Sun 15 Mar 2026 22:53:37 INFO  valid result: 
recall@1 : 0.1334    recall@2 : 0.2216    recall@3 : 0.2857    recall@4 : 0.3482    recall@5 : 0.3931    recall@10 : 0.5237    recall@20 : 0.6495    recall@30 : 0.7245    recall@50 : 0.8102    ndcg@1 : 0.2205    ndcg@2 : 0.2476    ndcg@3 : 0.2685    ndcg@4 : 0.2918    ndcg@5 : 0.3085    ndcg@10 : 0.3547    ndcg@20 : 0.3933    ndcg@30 : 0.4134    ndcg@50 : 0.4335    precision@1 : 0.2205    precision@2 : 0.1913    precision@3 : 0.1677    precision@4 : 0.1548    precision@5 : 0.1417    precision@10 : 0.0996    precision@20 : 0.0655    precision@30 : 0.0501    precision@50 : 0.0343    map@1 : 0.2205    map@2 : 0.2187    map@3 : 0.2253    map@4 : 0.2352    map@5 : 0.2431    map@10 : 0.2634    map@20 : 0.2776    map@30 : 0.2836    map@50 : 0.2883
Sun 15 Mar 2026 22:53:37 INFO  Running E-step ! 
Sun 15 Mar 2026 22:53:37 INFO  epoch 218 training [time: 0.18s, train_loss1: 1.8091, train_loss2: 0.0305, train_loss3: 0.0111, train_loss4: 0.0000]
Sun 15 Mar 2026 22:53:37 INFO  epoch 218 evaluating [time: 0.15s, valid_score: 0.354900]
Sun 15 Mar 2026 22:53:37 INFO  valid result: 
recall@1 : 0.1346    recall@2 : 0.2207    recall@3 : 0.2855    recall@4 : 0.3481    recall@5 : 0.3924    recall@10 : 0.5233    recall@20 : 0.6497    recall@30 : 0.7248    recall@50 : 0.8099    ndcg@1 : 0.2217    ndcg@2 : 0.2474    ndcg@3 : 0.2687    ndcg@4 : 0.292    ndcg@5 : 0.3085    ndcg@10 : 0.3549    ndcg@20 : 0.3936    ndcg@30 : 0.4138    ndcg@50 : 0.4338    precision@1 : 0.2217    precision@2 : 0.1907    precision@3 : 0.1677    precision@4 : 0.1548    precision@5 : 0.1415    precision@10 : 0.0995    precision@20 : 0.0656    precision@30 : 0.0502    precision@50 : 0.0343    map@1 : 0.2217    map@2 : 0.2189    map@3 : 0.2256    map@4 : 0.2356    map@5 : 0.2434    map@10 : 0.2638    map@20 : 0.278    map@30 : 0.284    map@50 : 0.2887
Sun 15 Mar 2026 22:53:37 INFO  Running E-step ! 
Sun 15 Mar 2026 22:53:38 INFO  epoch 219 training [time: 0.19s, train_loss1: 1.8227, train_loss2: 0.0304, train_loss3: 0.0111, train_loss4: 0.0000]
Sun 15 Mar 2026 22:53:38 INFO  epoch 219 evaluating [time: 0.15s, valid_score: 0.354800]
Sun 15 Mar 2026 22:53:38 INFO  valid result: 
recall@1 : 0.1343    recall@2 : 0.2207    recall@3 : 0.286    recall@4 : 0.3479    recall@5 : 0.3935    recall@10 : 0.5233    recall@20 : 0.6496    recall@30 : 0.7239    recall@50 : 0.8109    ndcg@1 : 0.2211    ndcg@2 : 0.2468    ndcg@3 : 0.2685    ndcg@4 : 0.2917    ndcg@5 : 0.3087    ndcg@10 : 0.3548    ndcg@20 : 0.3935    ndcg@30 : 0.4134    ndcg@50 : 0.4339    precision@1 : 0.2211    precision@2 : 0.1901    precision@3 : 0.1673    precision@4 : 0.1546    precision@5 : 0.1418    precision@10 : 0.0996    precision@20 : 0.0656    precision@30 : 0.0501    precision@50 : 0.0343    map@1 : 0.2211    map@2 : 0.2183    map@3 : 0.2253    map@4 : 0.2352    map@5 : 0.2433    map@10 : 0.2637    map@20 : 0.2778    map@30 : 0.2838    map@50 : 0.2885
Sun 15 Mar 2026 22:53:38 INFO  Finished training, best eval result in epoch 208
Sun 15 Mar 2026 22:53:38 INFO  Loading model structure and parameters from saved/SCL-Mar-15-2026_22-52-21.pth
Sun 15 Mar 2026 22:53:38 INFO  best valid : OrderedDict([('recall@1', 0.1385), ('recall@2', 0.2225), ('recall@3', 0.2893), ('recall@4', 0.3468), ('recall@5', 0.3879), ('recall@10', 0.5215), ('recall@20', 0.6504), ('recall@30', 0.7243), ('recall@50', 0.8086), ('ndcg@1', 0.2288), ('ndcg@2', 0.2498), ('ndcg@3', 0.2725), ('ndcg@4', 0.2935), ('ndcg@5', 0.3087), ('ndcg@10', 0.356), ('ndcg@20', 0.3955), ('ndcg@30', 0.4151), ('ndcg@50', 0.4351), ('precision@1', 0.2288), ('precision@2', 0.1907), ('precision@3', 0.1689), ('precision@4', 0.1542), ('precision@5', 0.1405), ('precision@10', 0.0991), ('precision@20', 0.0656), ('precision@30', 0.05), ('precision@50', 0.0342), ('map@1', 0.2288), ('map@2', 0.2209), ('map@3', 0.2287), ('map@4', 0.2375), ('map@5', 0.2446), ('map@10', 0.2656), ('map@20', 0.2799), ('map@30', 0.2858), ('map@50', 0.2905)])
Sun 15 Mar 2026 22:53:38 INFO  test result: OrderedDict([('recall@1', 0.1697), ('recall@2', 0.2567), ('recall@3', 0.3303), ('recall@4', 0.3747), ('recall@5', 0.413), ('recall@10', 0.5171), ('recall@20', 0.6486), ('recall@30', 0.7251), ('recall@50', 0.8125), ('ndcg@1', 0.2845), ('ndcg@2', 0.2965), ('ndcg@3', 0.319), ('ndcg@4', 0.3327), ('ndcg@5', 0.3458), ('ndcg@10', 0.3803), ('ndcg@20', 0.418), ('ndcg@30', 0.4378), ('ndcg@50', 0.4581), ('precision@1', 0.2845), ('precision@2', 0.2226), ('precision@3', 0.1934), ('precision@4', 0.169), ('precision@5', 0.1527), ('precision@10', 0.1007), ('precision@20', 0.0644), ('precision@30', 0.0486), ('precision@50', 0.0332), ('map@1', 0.2845), ('map@2', 0.2698), ('map@3', 0.2761), ('map@4', 0.2813), ('map@5', 0.2864), ('map@10', 0.2998), ('map@20', 0.3125), ('map@30', 0.3181), ('map@50', 0.3225)])
Sun 15 Mar 2026 22:53:38 INFO  training time: 75.7082s
Sun 15 Mar 2026 22:53:38 INFO  result file: results/again2/scl_wo_potential_seed2028.json
