Sun 15 Mar 2026 22:54:39 INFO  
General Hyper Parameters:
gpu_id = 0
use_gpu = True
seed = 2027
state = INFO
reproducibility = True
data_path = ./travel
checkpoint_dir = saved
show_progress = True
save_dataset = False
dataset_save_path = None
save_dataloaders = False
dataloaders_save_path = None
log_wandb = False

Training Hyper Parameters:
epochs = 1000
train_batch_size = 4096
learner = adam
learning_rate = 0.001
train_neg_sample_args = {'distribution': 'uniform', 'sample_num': 1, 'alpha': 1.0, 'dynamic': False, 'candidate_num': 0}
eval_step = 1
stopping_step = 10
clip_grad_norm = None
weight_decay = 0.0
loss_decimal_place = 4

Evaluation Hyper Parameters:
eval_args = {'split': {'RS': [0.8, 0.1, 0.1]}, 'order': 'RO', 'group_by': 'user', 'mode': {'valid': 'full', 'test': 'full'}}
repeatable = False
metrics = ['Recall', 'NDCG', 'Precision', 'MAP']
topk = [1, 2, 3, 4, 5, 10, 20, 30, 50]
valid_metric = NDCG@10
valid_metric_bigger = True
eval_batch_size = 4096
metric_decimal_place = 4

Dataset Hyper Parameters:
field_separator = 	
seq_separator =  
USER_ID_FIELD = user_id
ITEM_ID_FIELD = item_id
RATING_FIELD = rating
TIME_FIELD = timestamp
seq_len = None
LABEL_FIELD = label
threshold = None
NEG_PREFIX = neg_
load_col = {'inter': ['user_id', 'item_id', 'rating'], 'user': ['user_id', 'post_num', 'follower', 'following', 'timestamp']}
unload_col = None
unused_col = None
additional_feat_suffix = None
rm_dup_inter = None
val_interval = {'rating': '[0,inf)'}
filter_inter_by_user_or_item = True
user_inter_num_interval = [0,inf)
item_inter_num_interval = [0,inf)
alias_of_user_id = None
alias_of_item_id = None
alias_of_entity_id = None
alias_of_relation_id = None
preload_weight = None
normalize_field = None
normalize_all = None
ITEM_LIST_LENGTH_FIELD = item_length
LIST_SUFFIX = _list
MAX_ITEM_LIST_LENGTH = 50
POSITION_FIELD = position_id
HEAD_ENTITY_ID_FIELD = head_id
TAIL_ENTITY_ID_FIELD = tail_id
RELATION_ID_FIELD = relation_id
ENTITY_ID_FIELD = entity_id
benchmark_filename = None

Other Hyper Parameters: 
worker = 0
wandb_project = recbole
shuffle = True
require_pow = False
enable_amp = False
enable_scaler = False
transform = None
numerical_features = []
discretization = None
kg_reverse_r = False
entity_kg_num_interval = [0,inf)
relation_kg_num_interval = [0,inf)
MODEL_TYPE = ModelType.GENERAL
embedding_size = 64
n_layers = 3
reg_weight = 0.0001
smt_latent_dim = 64
ssl_temp = 0.1
ssl_reg = 1e-07
hyper_layers = 1
alpha = 1
potential_reg = 8e-08
semantic_reg = 0.0
num_clusters = 10
m_step = 1
warm_up_step = 20
user_feature_path = features/roberta_user.npy
item_feature_path = features/roberta_item.npy
MODEL_INPUT_TYPE = InputType.PAIRWISE
eval_type = EvaluatorType.RANKING
single_spec = True
local_rank = 0
device = cuda
valid_neg_sample_args = {'distribution': 'uniform', 'sample_num': 'none'}
test_neg_sample_args = {'distribution': 'uniform', 'sample_num': 'none'}


Sun 15 Mar 2026 22:54:40 INFO  travel
The number of users: 2010
Average actions of users: 18.721254355400696
The number of items: 247
Average actions of items: 152.890243902439
The number of inters: 37611
The sparsity of the dataset: 92.42431566862047%
Remain Fields: ['user_id', 'item_id', 'rating', 'post_num', 'follower', 'following', 'timestamp']
Sun 15 Mar 2026 22:54:40 INFO  [Training]: train_batch_size = [4096] train_neg_sample_args: [{'distribution': 'uniform', 'sample_num': 1, 'alpha': 1.0, 'dynamic': False, 'candidate_num': 0}]
Sun 15 Mar 2026 22:54:40 INFO  [Evaluation]: eval_batch_size = [4096] eval_args: [{'split': {'RS': [0.8, 0.1, 0.1]}, 'order': 'RO', 'group_by': 'user', 'mode': {'valid': 'full', 'test': 'full'}}]
Sun 15 Mar 2026 22:54:41 INFO  SCL(
  (u_MLP): Linear(in_features=1024, out_features=64, bias=True)
  (i_MLP): Linear(in_features=1024, out_features=64, bias=True)
  (user_embedding): Embedding(2010, 64)
  (item_embedding): Embedding(247, 64)
  (mf_loss): BPRLoss()
  (reg_loss): EmbLoss()
)
Trainable parameters: 144448
Sun 15 Mar 2026 22:54:41 INFO  trainable parameters: 144448
Sun 15 Mar 2026 22:54:42 INFO  Running E-step ! 
Sun 15 Mar 2026 22:54:42 INFO  epoch 0 training [time: 0.51s, train_loss1: 5.5428, train_loss2: 0.0198, train_loss3: 0.0000]
Sun 15 Mar 2026 22:54:42 INFO  epoch 0 evaluating [time: 0.19s, valid_score: 0.029700]
Sun 15 Mar 2026 22:54:42 INFO  valid result: 
recall@1 : 0.0073    recall@2 : 0.0119    recall@3 : 0.016    recall@4 : 0.02    recall@5 : 0.0241    recall@10 : 0.0519    recall@20 : 0.1016    recall@30 : 0.1398    recall@50 : 0.2218    ndcg@1 : 0.0155    ndcg@2 : 0.0161    ndcg@3 : 0.0171    ndcg@4 : 0.018    ndcg@5 : 0.0195    ndcg@10 : 0.0297    ndcg@20 : 0.0441    ndcg@30 : 0.0545    ndcg@50 : 0.0733    precision@1 : 0.0155    precision@2 : 0.0134    precision@3 : 0.0119    precision@4 : 0.0107    precision@5 : 0.0103    precision@10 : 0.0116    precision@20 : 0.0109    precision@30 : 0.0107    precision@50 : 0.0103    map@1 : 0.0155    map@2 : 0.0133    map@3 : 0.0129    map@4 : 0.0129    map@5 : 0.0135    map@10 : 0.0169    map@20 : 0.0203    map@30 : 0.0222    map@50 : 0.0249
Sun 15 Mar 2026 22:54:42 INFO  Saving current: saved/SCL-Mar-15-2026_22-54-41.pth
Sun 15 Mar 2026 22:54:42 INFO  Saving current best: saved/SCL-Mar-15-2026_22-54-41.pth
Sun 15 Mar 2026 22:54:42 INFO  Running E-step ! 
Sun 15 Mar 2026 22:54:42 INFO  epoch 1 training [time: 0.18s, train_loss1: 5.5427, train_loss2: 0.0152, train_loss3: 0.0000]
Sun 15 Mar 2026 22:54:43 INFO  epoch 1 evaluating [time: 0.15s, valid_score: 0.028500]
Sun 15 Mar 2026 22:54:43 INFO  valid result: 
recall@1 : 0.0064    recall@2 : 0.0121    recall@3 : 0.0158    recall@4 : 0.0202    recall@5 : 0.0238    recall@10 : 0.0505    recall@20 : 0.1011    recall@30 : 0.142    recall@50 : 0.2234    ndcg@1 : 0.0137    ndcg@2 : 0.0158    ndcg@3 : 0.0165    ndcg@4 : 0.0177    ndcg@5 : 0.0189    ndcg@10 : 0.0285    ndcg@20 : 0.0434    ndcg@30 : 0.0542    ndcg@50 : 0.073    precision@1 : 0.0137    precision@2 : 0.0137    precision@3 : 0.0119    precision@4 : 0.0107    precision@5 : 0.0101    precision@10 : 0.011    precision@20 : 0.0109    precision@30 : 0.0106    precision@50 : 0.0103    map@1 : 0.0137    map@2 : 0.0128    map@3 : 0.0124    map@4 : 0.0125    map@5 : 0.0129    map@10 : 0.0161    map@20 : 0.0196    map@30 : 0.0216    map@50 : 0.0243
Sun 15 Mar 2026 22:54:43 INFO  Running E-step ! 
Sun 15 Mar 2026 22:54:43 INFO  epoch 2 training [time: 0.16s, train_loss1: 5.5423, train_loss2: 0.0132, train_loss3: 0.0000]
Sun 15 Mar 2026 22:54:43 INFO  epoch 2 evaluating [time: 0.15s, valid_score: 0.029300]
Sun 15 Mar 2026 22:54:43 INFO  valid result: 
recall@1 : 0.0056    recall@2 : 0.012    recall@3 : 0.0169    recall@4 : 0.0216    recall@5 : 0.0296    recall@10 : 0.0523    recall@20 : 0.1003    recall@30 : 0.1429    recall@50 : 0.2236    ndcg@1 : 0.0113    ndcg@2 : 0.0152    ndcg@3 : 0.0164    ndcg@4 : 0.0182    ndcg@5 : 0.0215    ndcg@10 : 0.0293    ndcg@20 : 0.0435    ndcg@30 : 0.0547    ndcg@50 : 0.0735    precision@1 : 0.0113    precision@2 : 0.0137    precision@3 : 0.0121    precision@4 : 0.0116    precision@5 : 0.0126    precision@10 : 0.0112    precision@20 : 0.0111    precision@30 : 0.0107    precision@50 : 0.0104    map@1 : 0.0113    map@2 : 0.0121    map@3 : 0.012    map@4 : 0.0126    map@5 : 0.014    map@10 : 0.0164    map@20 : 0.0198    map@30 : 0.0218    map@50 : 0.0245
Sun 15 Mar 2026 22:54:43 INFO  Running E-step ! 
Sun 15 Mar 2026 22:54:43 INFO  epoch 3 training [time: 0.18s, train_loss1: 5.5417, train_loss2: 0.0115, train_loss3: 0.0000]
Sun 15 Mar 2026 22:54:43 INFO  epoch 3 evaluating [time: 0.15s, valid_score: 0.030000]
Sun 15 Mar 2026 22:54:43 INFO  valid result: 
recall@1 : 0.0066    recall@2 : 0.0106    recall@3 : 0.0185    recall@4 : 0.0231    recall@5 : 0.0293    recall@10 : 0.0522    recall@20 : 0.0958    recall@30 : 0.1449    recall@50 : 0.2289    ndcg@1 : 0.0143    ndcg@2 : 0.0153    ndcg@3 : 0.0183    ndcg@4 : 0.0201    ndcg@5 : 0.0224    ndcg@10 : 0.03    ndcg@20 : 0.0434    ndcg@30 : 0.0562    ndcg@50 : 0.0754    precision@1 : 0.0143    precision@2 : 0.0134    precision@3 : 0.0139    precision@4 : 0.0133    precision@5 : 0.0132    precision@10 : 0.0113    precision@20 : 0.0109    precision@30 : 0.0111    precision@50 : 0.0106    map@1 : 0.0143    map@2 : 0.0125    map@3 : 0.0134    map@4 : 0.0138    map@5 : 0.0147    map@10 : 0.017    map@20 : 0.0202    map@30 : 0.0225    map@50 : 0.0254
Sun 15 Mar 2026 22:54:43 INFO  Saving current: saved/SCL-Mar-15-2026_22-54-41.pth
Sun 15 Mar 2026 22:54:43 INFO  Saving current best: saved/SCL-Mar-15-2026_22-54-41.pth
Sun 15 Mar 2026 22:54:43 INFO  Running E-step ! 
Sun 15 Mar 2026 22:54:43 INFO  epoch 4 training [time: 0.16s, train_loss1: 5.5411, train_loss2: 0.0101, train_loss3: 0.0000]
Sun 15 Mar 2026 22:54:44 INFO  epoch 4 evaluating [time: 0.15s, valid_score: 0.030200]
Sun 15 Mar 2026 22:54:44 INFO  valid result: 
recall@1 : 0.0059    recall@2 : 0.0109    recall@3 : 0.0177    recall@4 : 0.0237    recall@5 : 0.0289    recall@10 : 0.0526    recall@20 : 0.0947    recall@30 : 0.142    recall@50 : 0.2312    ndcg@1 : 0.0137    ndcg@2 : 0.0155    ndcg@3 : 0.0182    ndcg@4 : 0.0203    ndcg@5 : 0.022    ndcg@10 : 0.0302    ndcg@20 : 0.0432    ndcg@30 : 0.0556    ndcg@50 : 0.0759    precision@1 : 0.0137    precision@2 : 0.014    precision@3 : 0.0143    precision@4 : 0.0136    precision@5 : 0.0129    precision@10 : 0.0116    precision@20 : 0.0108    precision@30 : 0.0111    precision@50 : 0.0107    map@1 : 0.0137    map@2 : 0.0125    map@3 : 0.0131    map@4 : 0.0137    map@5 : 0.0142    map@10 : 0.0168    map@20 : 0.02    map@30 : 0.0222    map@50 : 0.0252
Sun 15 Mar 2026 22:54:44 INFO  Saving current: saved/SCL-Mar-15-2026_22-54-41.pth
Sun 15 Mar 2026 22:54:44 INFO  Saving current best: saved/SCL-Mar-15-2026_22-54-41.pth
Sun 15 Mar 2026 22:54:44 INFO  Running E-step ! 
Sun 15 Mar 2026 22:54:44 INFO  epoch 5 training [time: 0.15s, train_loss1: 5.5403, train_loss2: 0.0090, train_loss3: 0.0000]
Sun 15 Mar 2026 22:54:44 INFO  epoch 5 evaluating [time: 0.15s, valid_score: 0.031600]
Sun 15 Mar 2026 22:54:44 INFO  valid result: 
recall@1 : 0.0065    recall@2 : 0.0123    recall@3 : 0.0207    recall@4 : 0.0261    recall@5 : 0.0299    recall@10 : 0.0525    recall@20 : 0.0967    recall@30 : 0.1442    recall@50 : 0.2336    ndcg@1 : 0.0173    ndcg@2 : 0.0173    ndcg@3 : 0.0206    ndcg@4 : 0.0222    ndcg@5 : 0.0235    ndcg@10 : 0.0316    ndcg@20 : 0.045    ndcg@30 : 0.0574    ndcg@50 : 0.0778    precision@1 : 0.0173    precision@2 : 0.0152    precision@3 : 0.0157    precision@4 : 0.0143    precision@5 : 0.0132    precision@10 : 0.0122    precision@20 : 0.0112    precision@30 : 0.0112    precision@50 : 0.0108    map@1 : 0.0173    map@2 : 0.014    map@3 : 0.0149    map@4 : 0.0151    map@5 : 0.0154    map@10 : 0.0179    map@20 : 0.0212    map@30 : 0.0234    map@50 : 0.0264
Sun 15 Mar 2026 22:54:44 INFO  Saving current: saved/SCL-Mar-15-2026_22-54-41.pth
Sun 15 Mar 2026 22:54:44 INFO  Saving current best: saved/SCL-Mar-15-2026_22-54-41.pth
Sun 15 Mar 2026 22:54:44 INFO  Running E-step ! 
Sun 15 Mar 2026 22:54:44 INFO  epoch 6 training [time: 0.17s, train_loss1: 5.5394, train_loss2: 0.0081, train_loss3: 0.0000]
Sun 15 Mar 2026 22:54:44 INFO  epoch 6 evaluating [time: 0.15s, valid_score: 0.033600]
Sun 15 Mar 2026 22:54:44 INFO  valid result: 
recall@1 : 0.007    recall@2 : 0.0143    recall@3 : 0.0214    recall@4 : 0.0279    recall@5 : 0.0322    recall@10 : 0.0554    recall@20 : 0.1013    recall@30 : 0.1485    recall@50 : 0.2383    ndcg@1 : 0.0191    ndcg@2 : 0.0192    ndcg@3 : 0.0215    ndcg@4 : 0.024    ndcg@5 : 0.0254    ndcg@10 : 0.0336    ndcg@20 : 0.0474    ndcg@30 : 0.0597    ndcg@50 : 0.0804    precision@1 : 0.0191    precision@2 : 0.0167    precision@3 : 0.0161    precision@4 : 0.0156    precision@5 : 0.0144    precision@10 : 0.0129    precision@20 : 0.0119    precision@30 : 0.0116    precision@50 : 0.0112    map@1 : 0.0191    map@2 : 0.0155    map@3 : 0.0157    map@4 : 0.0163    map@5 : 0.0166    map@10 : 0.0191    map@20 : 0.0223    map@30 : 0.0246    map@50 : 0.0277
Sun 15 Mar 2026 22:54:44 INFO  Saving current: saved/SCL-Mar-15-2026_22-54-41.pth
Sun 15 Mar 2026 22:54:44 INFO  Saving current best: saved/SCL-Mar-15-2026_22-54-41.pth
Sun 15 Mar 2026 22:54:44 INFO  Running E-step ! 
Sun 15 Mar 2026 22:54:44 INFO  epoch 7 training [time: 0.15s, train_loss1: 5.5384, train_loss2: 0.0073, train_loss3: 0.0000]
Sun 15 Mar 2026 22:54:45 INFO  epoch 7 evaluating [time: 0.15s, valid_score: 0.035500]
Sun 15 Mar 2026 22:54:45 INFO  valid result: 
recall@1 : 0.007    recall@2 : 0.0152    recall@3 : 0.0231    recall@4 : 0.0272    recall@5 : 0.033    recall@10 : 0.0588    recall@20 : 0.1086    recall@30 : 0.154    recall@50 : 0.241    ndcg@1 : 0.0191    ndcg@2 : 0.0203    ndcg@3 : 0.0229    ndcg@4 : 0.0243    ndcg@5 : 0.0263    ndcg@10 : 0.0355    ndcg@20 : 0.0502    ndcg@30 : 0.0622    ndcg@50 : 0.0825    precision@1 : 0.0191    precision@2 : 0.0182    precision@3 : 0.0173    precision@4 : 0.0161    precision@5 : 0.0153    precision@10 : 0.0139    precision@20 : 0.0127    precision@30 : 0.0122    precision@50 : 0.0115    map@1 : 0.0191    map@2 : 0.0162    map@3 : 0.0167    map@4 : 0.0167    map@5 : 0.0172    map@10 : 0.02    map@20 : 0.0234    map@30 : 0.0257    map@50 : 0.0287
Sun 15 Mar 2026 22:54:45 INFO  Saving current: saved/SCL-Mar-15-2026_22-54-41.pth
Sun 15 Mar 2026 22:54:45 INFO  Saving current best: saved/SCL-Mar-15-2026_22-54-41.pth
Sun 15 Mar 2026 22:54:45 INFO  Running E-step ! 
Sun 15 Mar 2026 22:54:45 INFO  epoch 8 training [time: 0.16s, train_loss1: 5.5371, train_loss2: 0.0068, train_loss3: 0.0000]
Sun 15 Mar 2026 22:54:45 INFO  epoch 8 evaluating [time: 0.15s, valid_score: 0.039300]
Sun 15 Mar 2026 22:54:45 INFO  valid result: 
recall@1 : 0.0098    recall@2 : 0.0185    recall@3 : 0.0249    recall@4 : 0.0286    recall@5 : 0.0386    recall@10 : 0.0621    recall@20 : 0.1153    recall@30 : 0.1626    recall@50 : 0.2515    ndcg@1 : 0.0232    ndcg@2 : 0.0247    ndcg@3 : 0.0262    ndcg@4 : 0.0272    ndcg@5 : 0.0309    ndcg@10 : 0.0393    ndcg@20 : 0.055    ndcg@30 : 0.0674    ndcg@50 : 0.088    precision@1 : 0.0232    precision@2 : 0.0215    precision@3 : 0.0191    precision@4 : 0.0171    precision@5 : 0.0174    precision@10 : 0.015    precision@20 : 0.0137    precision@30 : 0.0128    precision@50 : 0.012    map@1 : 0.0232    map@2 : 0.0203    map@3 : 0.0196    map@4 : 0.0194    map@5 : 0.0207    map@10 : 0.0231    map@20 : 0.0268    map@30 : 0.0292    map@50 : 0.0323
Sun 15 Mar 2026 22:54:45 INFO  Saving current: saved/SCL-Mar-15-2026_22-54-41.pth
Sun 15 Mar 2026 22:54:45 INFO  Saving current best: saved/SCL-Mar-15-2026_22-54-41.pth
Sun 15 Mar 2026 22:54:45 INFO  Running E-step ! 
Sun 15 Mar 2026 22:54:45 INFO  epoch 9 training [time: 0.17s, train_loss1: 5.5355, train_loss2: 0.0063, train_loss3: 0.0000]
Sun 15 Mar 2026 22:54:45 INFO  epoch 9 evaluating [time: 0.15s, valid_score: 0.044600]
Sun 15 Mar 2026 22:54:45 INFO  valid result: 
recall@1 : 0.0116    recall@2 : 0.0202    recall@3 : 0.0266    recall@4 : 0.0323    recall@5 : 0.0407    recall@10 : 0.0711    recall@20 : 0.1213    recall@30 : 0.1765    recall@50 : 0.2598    ndcg@1 : 0.028    ndcg@2 : 0.028    ndcg@3 : 0.0289    ndcg@4 : 0.0306    ndcg@5 : 0.0338    ndcg@10 : 0.0446    ndcg@20 : 0.0597    ndcg@30 : 0.0739    ndcg@50 : 0.0932    precision@1 : 0.028    precision@2 : 0.0238    precision@3 : 0.0209    precision@4 : 0.0191    precision@5 : 0.019    precision@10 : 0.017    precision@20 : 0.0146    precision@30 : 0.0138    precision@50 : 0.0123    map@1 : 0.028    map@2 : 0.0234    map@3 : 0.0219    map@4 : 0.0219    map@5 : 0.023    map@10 : 0.0262    map@20 : 0.0299    map@30 : 0.0326    map@50 : 0.0355
Sun 15 Mar 2026 22:54:45 INFO  Saving current: saved/SCL-Mar-15-2026_22-54-41.pth
Sun 15 Mar 2026 22:54:45 INFO  Saving current best: saved/SCL-Mar-15-2026_22-54-41.pth
Sun 15 Mar 2026 22:54:45 INFO  Running E-step ! 
Sun 15 Mar 2026 22:54:45 INFO  epoch 10 training [time: 0.19s, train_loss1: 5.5336, train_loss2: 0.0060, train_loss3: 0.0000]
Sun 15 Mar 2026 22:54:46 INFO  epoch 10 evaluating [time: 0.15s, valid_score: 0.050200]
Sun 15 Mar 2026 22:54:46 INFO  valid result: 
recall@1 : 0.0128    recall@2 : 0.0243    recall@3 : 0.0323    recall@4 : 0.0412    recall@5 : 0.0477    recall@10 : 0.0782    recall@20 : 0.1292    recall@30 : 0.1896    recall@50 : 0.2695    ndcg@1 : 0.031    ndcg@2 : 0.032    ndcg@3 : 0.0341    ndcg@4 : 0.0371    ndcg@5 : 0.0394    ndcg@10 : 0.0502    ndcg@20 : 0.0659    ndcg@30 : 0.0813    ndcg@50 : 0.0999    precision@1 : 0.031    precision@2 : 0.0271    precision@3 : 0.0248    precision@4 : 0.0234    precision@5 : 0.0219    precision@10 : 0.0188    precision@20 : 0.0157    precision@30 : 0.0148    precision@50 : 0.0128    map@1 : 0.031    map@2 : 0.0267    map@3 : 0.0257    map@4 : 0.0263    map@5 : 0.0269    map@10 : 0.0303    map@20 : 0.0341    map@30 : 0.0371    map@50 : 0.04
Sun 15 Mar 2026 22:54:46 INFO  Saving current: saved/SCL-Mar-15-2026_22-54-41.pth
Sun 15 Mar 2026 22:54:46 INFO  Saving current best: saved/SCL-Mar-15-2026_22-54-41.pth
Sun 15 Mar 2026 22:54:46 INFO  Running E-step ! 
Sun 15 Mar 2026 22:54:46 INFO  epoch 11 training [time: 0.17s, train_loss1: 5.5315, train_loss2: 0.0058, train_loss3: 0.0000]
Sun 15 Mar 2026 22:54:46 INFO  epoch 11 evaluating [time: 0.15s, valid_score: 0.058200]
Sun 15 Mar 2026 22:54:46 INFO  valid result: 
recall@1 : 0.0139    recall@2 : 0.0269    recall@3 : 0.0361    recall@4 : 0.0482    recall@5 : 0.0559    recall@10 : 0.0924    recall@20 : 0.1484    recall@30 : 0.204    recall@50 : 0.2891    ndcg@1 : 0.034    ndcg@2 : 0.0362    ndcg@3 : 0.0387    ndcg@4 : 0.0428    ndcg@5 : 0.0453    ndcg@10 : 0.0582    ndcg@20 : 0.0752    ndcg@30 : 0.0894    ndcg@50 : 0.1091    precision@1 : 0.034    precision@2 : 0.0316    precision@3 : 0.0294    precision@4 : 0.0279    precision@5 : 0.0257    precision@10 : 0.0218    precision@20 : 0.0178    precision@30 : 0.0159    precision@50 : 0.0137    map@1 : 0.034    map@2 : 0.0299    map@3 : 0.0287    map@4 : 0.03    map@5 : 0.0306    map@10 : 0.0348    map@20 : 0.0391    map@30 : 0.0419    map@50 : 0.045
Sun 15 Mar 2026 22:54:46 INFO  Saving current: saved/SCL-Mar-15-2026_22-54-41.pth
Sun 15 Mar 2026 22:54:46 INFO  Saving current best: saved/SCL-Mar-15-2026_22-54-41.pth
Sun 15 Mar 2026 22:54:46 INFO  Running E-step ! 
Sun 15 Mar 2026 22:54:46 INFO  epoch 12 training [time: 0.18s, train_loss1: 5.5286, train_loss2: 0.0059, train_loss3: 0.0000]
Sun 15 Mar 2026 22:54:46 INFO  epoch 12 evaluating [time: 0.15s, valid_score: 0.067800]
Sun 15 Mar 2026 22:54:46 INFO  valid result: 
recall@1 : 0.0164    recall@2 : 0.0313    recall@3 : 0.0463    recall@4 : 0.0569    recall@5 : 0.0644    recall@10 : 0.106    recall@20 : 0.1692    recall@30 : 0.2209    recall@50 : 0.3098    ndcg@1 : 0.0411    ndcg@2 : 0.0431    ndcg@3 : 0.0475    ndcg@4 : 0.0508    ndcg@5 : 0.0528    ndcg@10 : 0.0678    ndcg@20 : 0.0867    ndcg@30 : 0.1001    ndcg@50 : 0.1208    precision@1 : 0.0411    precision@2 : 0.0381    precision@3 : 0.0364    precision@4 : 0.0329    precision@5 : 0.0293    precision@10 : 0.0251    precision@20 : 0.02    precision@30 : 0.0173    precision@50 : 0.0148    map@1 : 0.0411    map@2 : 0.0356    map@3 : 0.0351    map@4 : 0.0359    map@5 : 0.0361    map@10 : 0.041    map@20 : 0.046    map@30 : 0.0487    map@50 : 0.0521
Sun 15 Mar 2026 22:54:46 INFO  Saving current: saved/SCL-Mar-15-2026_22-54-41.pth
Sun 15 Mar 2026 22:54:46 INFO  Saving current best: saved/SCL-Mar-15-2026_22-54-41.pth
Sun 15 Mar 2026 22:54:46 INFO  Running E-step ! 
Sun 15 Mar 2026 22:54:46 INFO  epoch 13 training [time: 0.15s, train_loss1: 5.5250, train_loss2: 0.0061, train_loss3: 0.0000]
Sun 15 Mar 2026 22:54:47 INFO  epoch 13 evaluating [time: 0.14s, valid_score: 0.081300]
Sun 15 Mar 2026 22:54:47 INFO  valid result: 
recall@1 : 0.0233    recall@2 : 0.0357    recall@3 : 0.0542    recall@4 : 0.0702    recall@5 : 0.0829    recall@10 : 0.1232    recall@20 : 0.193    recall@30 : 0.2436    recall@50 : 0.3373    ndcg@1 : 0.0548    ndcg@2 : 0.0522    ndcg@3 : 0.0573    ndcg@4 : 0.0624    ndcg@5 : 0.0666    ndcg@10 : 0.0813    ndcg@20 : 0.1019    ndcg@30 : 0.1153    ndcg@50 : 0.1372    precision@1 : 0.0548    precision@2 : 0.0447    precision@3 : 0.0427    precision@4 : 0.0392    precision@5 : 0.0364    precision@10 : 0.0292    precision@20 : 0.0225    precision@30 : 0.0192    precision@50 : 0.0161    map@1 : 0.0548    map@2 : 0.0438    map@3 : 0.0434    map@4 : 0.045    map@5 : 0.0464    map@10 : 0.0509    map@20 : 0.0566    map@30 : 0.0595    map@50 : 0.0631
Sun 15 Mar 2026 22:54:47 INFO  Saving current: saved/SCL-Mar-15-2026_22-54-41.pth
Sun 15 Mar 2026 22:54:47 INFO  Saving current best: saved/SCL-Mar-15-2026_22-54-41.pth
Sun 15 Mar 2026 22:54:47 INFO  Running E-step ! 
Sun 15 Mar 2026 22:54:47 INFO  epoch 14 training [time: 0.17s, train_loss1: 5.5205, train_loss2: 0.0066, train_loss3: 0.0000]
Sun 15 Mar 2026 22:54:47 INFO  epoch 14 evaluating [time: 0.15s, valid_score: 0.097300]
Sun 15 Mar 2026 22:54:47 INFO  valid result: 
recall@1 : 0.0287    recall@2 : 0.048    recall@3 : 0.066    recall@4 : 0.082    recall@5 : 0.0953    recall@10 : 0.1465    recall@20 : 0.2154    recall@30 : 0.2761    recall@50 : 0.3798    ndcg@1 : 0.0667    ndcg@2 : 0.0658    ndcg@3 : 0.0694    ndcg@4 : 0.0748    ndcg@5 : 0.0791    ndcg@10 : 0.0973    ndcg@20 : 0.1184    ndcg@30 : 0.1343    ndcg@50 : 0.158    precision@1 : 0.0667    precision@2 : 0.056    precision@3 : 0.0505    precision@4 : 0.0469    precision@5 : 0.043    precision@10 : 0.034    precision@20 : 0.0256    precision@30 : 0.0219    precision@50 : 0.0179    map@1 : 0.0667    map@2 : 0.0553    map@3 : 0.0533    map@4 : 0.0549    map@5 : 0.056    map@10 : 0.0624    map@20 : 0.0683    map@30 : 0.0718    map@50 : 0.0758
Sun 15 Mar 2026 22:54:47 INFO  Saving current: saved/SCL-Mar-15-2026_22-54-41.pth
Sun 15 Mar 2026 22:54:47 INFO  Saving current best: saved/SCL-Mar-15-2026_22-54-41.pth
Sun 15 Mar 2026 22:54:47 INFO  Running E-step ! 
Sun 15 Mar 2026 22:54:47 INFO  epoch 15 training [time: 0.18s, train_loss1: 5.5144, train_loss2: 0.0076, train_loss3: 0.0000]
Sun 15 Mar 2026 22:54:47 INFO  epoch 15 evaluating [time: 0.15s, valid_score: 0.117000]
Sun 15 Mar 2026 22:54:47 INFO  valid result: 
recall@1 : 0.036    recall@2 : 0.0588    recall@3 : 0.0796    recall@4 : 0.098    recall@5 : 0.1151    recall@10 : 0.177    recall@20 : 0.2602    recall@30 : 0.327    recall@50 : 0.418    ndcg@1 : 0.0745    ndcg@2 : 0.078    ndcg@3 : 0.0826    ndcg@4 : 0.0886    ndcg@5 : 0.095    ndcg@10 : 0.117    ndcg@20 : 0.142    ndcg@30 : 0.1594    ndcg@50 : 0.1813    precision@1 : 0.0745    precision@2 : 0.0659    precision@3 : 0.0592    precision@4 : 0.0544    precision@5 : 0.0516    precision@10 : 0.0405    precision@20 : 0.0302    precision@30 : 0.0254    precision@50 : 0.02    map@1 : 0.0745    map@2 : 0.0657    map@3 : 0.0646    map@4 : 0.0662    map@5 : 0.0688    map@10 : 0.0767    map@20 : 0.0838    map@30 : 0.0878    map@50 : 0.092
Sun 15 Mar 2026 22:54:47 INFO  Saving current: saved/SCL-Mar-15-2026_22-54-41.pth
Sun 15 Mar 2026 22:54:47 INFO  Saving current best: saved/SCL-Mar-15-2026_22-54-41.pth
Sun 15 Mar 2026 22:54:47 INFO  Running E-step ! 
Sun 15 Mar 2026 22:54:47 INFO  epoch 16 training [time: 0.17s, train_loss1: 5.5056, train_loss2: 0.0093, train_loss3: 0.0000]
Sun 15 Mar 2026 22:54:48 INFO  epoch 16 evaluating [time: 0.15s, valid_score: 0.142200]
Sun 15 Mar 2026 22:54:48 INFO  valid result: 
recall@1 : 0.0443    recall@2 : 0.0735    recall@3 : 0.0995    recall@4 : 0.1184    recall@5 : 0.141    recall@10 : 0.2147    recall@20 : 0.318    recall@30 : 0.3811    recall@50 : 0.4802    ndcg@1 : 0.0912    ndcg@2 : 0.0958    ndcg@3 : 0.1018    ndcg@4 : 0.1075    ndcg@5 : 0.116    ndcg@10 : 0.1422    ndcg@20 : 0.1733    ndcg@30 : 0.1905    ndcg@50 : 0.2139    precision@1 : 0.0912    precision@2 : 0.0805    precision@3 : 0.0721    precision@4 : 0.0647    precision@5 : 0.0622    precision@10 : 0.0483    precision@20 : 0.0365    precision@30 : 0.03    precision@50 : 0.0229    map@1 : 0.0912    map@2 : 0.0813    map@3 : 0.0805    map@4 : 0.0816    map@5 : 0.0847    map@10 : 0.0948    map@20 : 0.1041    map@30 : 0.1084    map@50 : 0.1131
Sun 15 Mar 2026 22:54:48 INFO  Saving current: saved/SCL-Mar-15-2026_22-54-41.pth
Sun 15 Mar 2026 22:54:48 INFO  Saving current best: saved/SCL-Mar-15-2026_22-54-41.pth
Sun 15 Mar 2026 22:54:48 INFO  Running E-step ! 
Sun 15 Mar 2026 22:54:48 INFO  epoch 17 training [time: 0.16s, train_loss1: 5.4919, train_loss2: 0.0121, train_loss3: 0.0000]
Sun 15 Mar 2026 22:54:48 INFO  epoch 17 evaluating [time: 0.15s, valid_score: 0.172800]
Sun 15 Mar 2026 22:54:48 INFO  valid result: 
recall@1 : 0.052    recall@2 : 0.0896    recall@3 : 0.1148    recall@4 : 0.1477    recall@5 : 0.1733    recall@10 : 0.2652    recall@20 : 0.3807    recall@30 : 0.4523    recall@50 : 0.5595    ndcg@1 : 0.1067    ndcg@2 : 0.1118    ndcg@3 : 0.1174    ndcg@4 : 0.1299    ndcg@5 : 0.1396    ndcg@10 : 0.1728    ndcg@20 : 0.2074    ndcg@30 : 0.2264    ndcg@50 : 0.2517    precision@1 : 0.1067    precision@2 : 0.0918    precision@3 : 0.081    precision@4 : 0.0787    precision@5 : 0.0747    precision@10 : 0.0591    precision@20 : 0.043    precision@30 : 0.0347    precision@50 : 0.0262    map@1 : 0.1067    map@2 : 0.0948    map@3 : 0.093    map@4 : 0.0981    map@5 : 0.1016    map@10 : 0.1153    map@20 : 0.1263    map@30 : 0.1314    map@50 : 0.1367
Sun 15 Mar 2026 22:54:48 INFO  Saving current: saved/SCL-Mar-15-2026_22-54-41.pth
Sun 15 Mar 2026 22:54:48 INFO  Saving current best: saved/SCL-Mar-15-2026_22-54-41.pth
Sun 15 Mar 2026 22:54:48 INFO  Running E-step ! 
Sun 15 Mar 2026 22:54:48 INFO  epoch 18 training [time: 0.18s, train_loss1: 5.4706, train_loss2: 0.0163, train_loss3: 0.0000]
Sun 15 Mar 2026 22:54:48 INFO  epoch 18 evaluating [time: 0.15s, valid_score: 0.209000]
Sun 15 Mar 2026 22:54:48 INFO  valid result: 
recall@1 : 0.0599    recall@2 : 0.0982    recall@3 : 0.1432    recall@4 : 0.1854    recall@5 : 0.2187    recall@10 : 0.3315    recall@20 : 0.4591    recall@30 : 0.5296    recall@50 : 0.6323    ndcg@1 : 0.1162    ndcg@2 : 0.1227    ndcg@3 : 0.1386    ndcg@4 : 0.1553    ndcg@5 : 0.1683    ndcg@10 : 0.209    ndcg@20 : 0.2473    ndcg@30 : 0.2661    ndcg@50 : 0.2903    precision@1 : 0.1162    precision@2 : 0.1007    precision@3 : 0.0961    precision@4 : 0.0937    precision@5 : 0.09    precision@10 : 0.0707    precision@20 : 0.0501    precision@30 : 0.0394    precision@50 : 0.0288    map@1 : 0.1162    map@2 : 0.1044    map@3 : 0.1096    map@4 : 0.1168    map@5 : 0.1224    map@10 : 0.1396    map@20 : 0.1522    map@30 : 0.1574    map@50 : 0.1627
Sun 15 Mar 2026 22:54:48 INFO  Saving current: saved/SCL-Mar-15-2026_22-54-41.pth
Sun 15 Mar 2026 22:54:48 INFO  Saving current best: saved/SCL-Mar-15-2026_22-54-41.pth
Sun 15 Mar 2026 22:54:48 INFO  Running E-step ! 
Sun 15 Mar 2026 22:54:48 INFO  epoch 19 training [time: 0.19s, train_loss1: 5.4322, train_loss2: 0.0231, train_loss3: 0.0000]
Sun 15 Mar 2026 22:54:49 INFO  epoch 19 evaluating [time: 0.15s, valid_score: 0.260500]
Sun 15 Mar 2026 22:54:49 INFO  valid result: 
recall@1 : 0.0965    recall@2 : 0.1506    recall@3 : 0.1905    recall@4 : 0.234    recall@5 : 0.2725    recall@10 : 0.3946    recall@20 : 0.5433    recall@30 : 0.617    recall@50 : 0.6974    ndcg@1 : 0.1603    ndcg@2 : 0.1712    ndcg@3 : 0.185    ndcg@4 : 0.2019    ndcg@5 : 0.2167    ndcg@10 : 0.2605    ndcg@20 : 0.3052    ndcg@30 : 0.3248    ndcg@50 : 0.3445    precision@1 : 0.1603    precision@2 : 0.1305    precision@3 : 0.1158    precision@4 : 0.1085    precision@5 : 0.103    precision@10 : 0.0781    precision@20 : 0.0558    precision@30 : 0.0434    precision@50 : 0.0306    map@1 : 0.1603    map@2 : 0.1496    map@3 : 0.1532    map@4 : 0.1606    map@5 : 0.1669    map@10 : 0.1856    map@20 : 0.2006    map@30 : 0.2062    map@50 : 0.2108
Sun 15 Mar 2026 22:54:49 INFO  Saving current: saved/SCL-Mar-15-2026_22-54-41.pth
Sun 15 Mar 2026 22:54:49 INFO  Saving current best: saved/SCL-Mar-15-2026_22-54-41.pth
Sun 15 Mar 2026 22:54:49 INFO  Running E-step ! 
Sun 15 Mar 2026 22:54:49 INFO  epoch 20 training [time: 0.21s, train_loss1: 5.3499, train_loss2: 0.0311, train_loss3: 0.0000, train_loss4: 0.0030]
Sun 15 Mar 2026 22:54:49 INFO  epoch 20 evaluating [time: 0.15s, valid_score: 0.293400]
Sun 15 Mar 2026 22:54:49 INFO  valid result: 
recall@1 : 0.1176    recall@2 : 0.1951    recall@3 : 0.2445    recall@4 : 0.2796    recall@5 : 0.3169    recall@10 : 0.4286    recall@20 : 0.5888    recall@30 : 0.6475    recall@50 : 0.7305    ndcg@1 : 0.1853    ndcg@2 : 0.2102    ndcg@3 : 0.227    ndcg@4 : 0.2395    ndcg@5 : 0.2536    ndcg@10 : 0.2934    ndcg@20 : 0.3412    ndcg@30 : 0.3576    ndcg@50 : 0.378    precision@1 : 0.1853    precision@2 : 0.1576    precision@3 : 0.1361    precision@4 : 0.1207    precision@5 : 0.1114    precision@10 : 0.0802    precision@20 : 0.0577    precision@30 : 0.0441    precision@50 : 0.0312    map@1 : 0.1853    map@2 : 0.185    map@3 : 0.1901    map@4 : 0.1942    map@5 : 0.2009    map@10 : 0.2173    map@20 : 0.2331    map@30 : 0.238    map@50 : 0.2428
Sun 15 Mar 2026 22:54:49 INFO  Saving current: saved/SCL-Mar-15-2026_22-54-41.pth
Sun 15 Mar 2026 22:54:49 INFO  Saving current best: saved/SCL-Mar-15-2026_22-54-41.pth
Sun 15 Mar 2026 22:54:49 INFO  Running E-step ! 
Sun 15 Mar 2026 22:54:49 INFO  epoch 21 training [time: 0.16s, train_loss1: 5.1847, train_loss2: 0.0352, train_loss3: 0.0000, train_loss4: 0.0036]
Sun 15 Mar 2026 22:54:49 INFO  epoch 21 evaluating [time: 0.15s, valid_score: 0.302400]
Sun 15 Mar 2026 22:54:49 INFO  valid result: 
recall@1 : 0.1242    recall@2 : 0.2025    recall@3 : 0.2546    recall@4 : 0.2961    recall@5 : 0.3313    recall@10 : 0.4396    recall@20 : 0.5935    recall@30 : 0.6615    recall@50 : 0.7424    ndcg@1 : 0.1925    ndcg@2 : 0.2174    ndcg@3 : 0.2357    ndcg@4 : 0.2507    ndcg@5 : 0.2639    ndcg@10 : 0.3024    ndcg@20 : 0.348    ndcg@30 : 0.3665    ndcg@50 : 0.3864    precision@1 : 0.1925    precision@2 : 0.1612    precision@3 : 0.1397    precision@4 : 0.1247    precision@5 : 0.1139    precision@10 : 0.0805    precision@20 : 0.0571    precision@30 : 0.0442    precision@50 : 0.0311    map@1 : 0.1925    map@2 : 0.192    map@3 : 0.1979    map@4 : 0.2035    map@5 : 0.2094    map@10 : 0.2255    map@20 : 0.2405    map@30 : 0.2456    map@50 : 0.2501
Sun 15 Mar 2026 22:54:49 INFO  Saving current: saved/SCL-Mar-15-2026_22-54-41.pth
Sun 15 Mar 2026 22:54:49 INFO  Saving current best: saved/SCL-Mar-15-2026_22-54-41.pth
Sun 15 Mar 2026 22:54:49 INFO  Running E-step ! 
Sun 15 Mar 2026 22:54:50 INFO  epoch 22 training [time: 0.19s, train_loss1: 4.9233, train_loss2: 0.0367, train_loss3: 0.0000, train_loss4: 0.0045]
Sun 15 Mar 2026 22:54:50 INFO  epoch 22 evaluating [time: 0.15s, valid_score: 0.309500]
Sun 15 Mar 2026 22:54:50 INFO  valid result: 
recall@1 : 0.1315    recall@2 : 0.2115    recall@3 : 0.2646    recall@4 : 0.3087    recall@5 : 0.339    recall@10 : 0.4444    recall@20 : 0.5847    recall@30 : 0.6618    recall@50 : 0.7451    ndcg@1 : 0.2008    ndcg@2 : 0.2267    ndcg@3 : 0.2448    ndcg@4 : 0.2608    ndcg@5 : 0.2718    ndcg@10 : 0.3095    ndcg@20 : 0.3512    ndcg@30 : 0.372    ndcg@50 : 0.3925    precision@1 : 0.2008    precision@2 : 0.1672    precision@3 : 0.1432    precision@4 : 0.1278    precision@5 : 0.1148    precision@10 : 0.0803    precision@20 : 0.056    precision@30 : 0.0439    precision@50 : 0.031    map@1 : 0.2008    map@2 : 0.2008    map@3 : 0.2066    map@4 : 0.2127    map@5 : 0.2175    map@10 : 0.2332    map@20 : 0.2467    map@30 : 0.2524    map@50 : 0.257
Sun 15 Mar 2026 22:54:50 INFO  Saving current: saved/SCL-Mar-15-2026_22-54-41.pth
Sun 15 Mar 2026 22:54:50 INFO  Saving current best: saved/SCL-Mar-15-2026_22-54-41.pth
Sun 15 Mar 2026 22:54:50 INFO  Running E-step ! 
Sun 15 Mar 2026 22:54:50 INFO  epoch 23 training [time: 0.19s, train_loss1: 4.5848, train_loss2: 0.0372, train_loss3: 0.0000, train_loss4: 0.0053]
Sun 15 Mar 2026 22:54:50 INFO  epoch 23 evaluating [time: 0.15s, valid_score: 0.307300]
Sun 15 Mar 2026 22:54:50 INFO  valid result: 
recall@1 : 0.1275    recall@2 : 0.2109    recall@3 : 0.2667    recall@4 : 0.3055    recall@5 : 0.3403    recall@10 : 0.4421    recall@20 : 0.5811    recall@30 : 0.666    recall@50 : 0.7462    ndcg@1 : 0.1967    ndcg@2 : 0.2254    ndcg@3 : 0.2444    ndcg@4 : 0.2579    ndcg@5 : 0.2707    ndcg@10 : 0.3073    ndcg@20 : 0.3483    ndcg@30 : 0.3712    ndcg@50 : 0.391    precision@1 : 0.1967    precision@2 : 0.1681    precision@3 : 0.1438    precision@4 : 0.1266    precision@5 : 0.1148    precision@10 : 0.08    precision@20 : 0.0551    precision@30 : 0.044    precision@50 : 0.0309    map@1 : 0.1967    map@2 : 0.1993    map@3 : 0.2053    map@4 : 0.2101    map@5 : 0.2156    map@10 : 0.2309    map@20 : 0.244    map@30 : 0.2503    map@50 : 0.2547
Sun 15 Mar 2026 22:54:50 INFO  Running E-step ! 
Sun 15 Mar 2026 22:54:50 INFO  epoch 24 training [time: 0.18s, train_loss1: 4.2325, train_loss2: 0.0374, train_loss3: 0.0000, train_loss4: 0.0063]
Sun 15 Mar 2026 22:54:50 INFO  epoch 24 evaluating [time: 0.15s, valid_score: 0.305700]
Sun 15 Mar 2026 22:54:50 INFO  valid result: 
recall@1 : 0.1247    recall@2 : 0.207    recall@3 : 0.2654    recall@4 : 0.3081    recall@5 : 0.3406    recall@10 : 0.4428    recall@20 : 0.5825    recall@30 : 0.6669    recall@50 : 0.7525    ndcg@1 : 0.1925    ndcg@2 : 0.2214    ndcg@3 : 0.2419    ndcg@4 : 0.2572    ndcg@5 : 0.2689    ndcg@10 : 0.3057    ndcg@20 : 0.3471    ndcg@30 : 0.3695    ndcg@50 : 0.3904    precision@1 : 0.1925    precision@2 : 0.1654    precision@3 : 0.1432    precision@4 : 0.1272    precision@5 : 0.1143    precision@10 : 0.0799    precision@20 : 0.0554    precision@30 : 0.0439    precision@50 : 0.031    map@1 : 0.1925    map@2 : 0.1955    map@3 : 0.2024    map@4 : 0.2083    map@5 : 0.2133    map@10 : 0.2287    map@20 : 0.242    map@30 : 0.248    map@50 : 0.2526
Sun 15 Mar 2026 22:54:50 INFO  Running E-step ! 
Sun 15 Mar 2026 22:54:51 INFO  epoch 25 training [time: 0.19s, train_loss1: 3.9148, train_loss2: 0.0377, train_loss3: 0.0000, train_loss4: 0.0067]
Sun 15 Mar 2026 22:54:51 INFO  epoch 25 evaluating [time: 0.15s, valid_score: 0.307600]
Sun 15 Mar 2026 22:54:51 INFO  valid result: 
recall@1 : 0.1285    recall@2 : 0.2071    recall@3 : 0.2671    recall@4 : 0.3087    recall@5 : 0.3395    recall@10 : 0.4439    recall@20 : 0.5821    recall@30 : 0.6647    recall@50 : 0.7612    ndcg@1 : 0.1967    ndcg@2 : 0.2229    ndcg@3 : 0.2441    ndcg@4 : 0.2591    ndcg@5 : 0.2701    ndcg@10 : 0.3076    ndcg@20 : 0.3485    ndcg@30 : 0.3704    ndcg@50 : 0.3934    precision@1 : 0.1967    precision@2 : 0.1654    precision@3 : 0.1434    precision@4 : 0.1277    precision@5 : 0.1142    precision@10 : 0.08    precision@20 : 0.0552    precision@30 : 0.0436    precision@50 : 0.0312    map@1 : 0.1967    map@2 : 0.1976    map@3 : 0.205    map@4 : 0.2105    map@5 : 0.2152    map@10 : 0.2309    map@20 : 0.244    map@30 : 0.2499    map@50 : 0.2548
Sun 15 Mar 2026 22:54:51 INFO  Running E-step ! 
Sun 15 Mar 2026 22:54:51 INFO  epoch 26 training [time: 0.18s, train_loss1: 3.6732, train_loss2: 0.0379, train_loss3: 0.0000, train_loss4: 0.0070]
Sun 15 Mar 2026 22:54:51 INFO  epoch 26 evaluating [time: 0.15s, valid_score: 0.307700]
Sun 15 Mar 2026 22:54:51 INFO  valid result: 
recall@1 : 0.1276    recall@2 : 0.2075    recall@3 : 0.267    recall@4 : 0.3081    recall@5 : 0.3382    recall@10 : 0.4455    recall@20 : 0.5813    recall@30 : 0.6629    recall@50 : 0.7623    ndcg@1 : 0.1961    ndcg@2 : 0.2228    ndcg@3 : 0.2439    ndcg@4 : 0.2588    ndcg@5 : 0.2693    ndcg@10 : 0.3077    ndcg@20 : 0.3478    ndcg@30 : 0.3697    ndcg@50 : 0.3933    precision@1 : 0.1961    precision@2 : 0.1657    precision@3 : 0.1438    precision@4 : 0.128    precision@5 : 0.1138    precision@10 : 0.08    precision@20 : 0.0551    precision@30 : 0.0435    precision@50 : 0.0311    map@1 : 0.1961    map@2 : 0.1973    map@3 : 0.2047    map@4 : 0.2101    map@5 : 0.2145    map@10 : 0.2306    map@20 : 0.2434    map@30 : 0.2492    map@50 : 0.2543
Sun 15 Mar 2026 22:54:51 INFO  Running E-step ! 
Sun 15 Mar 2026 22:54:51 INFO  epoch 27 training [time: 0.17s, train_loss1: 3.4991, train_loss2: 0.0381, train_loss3: 0.0000, train_loss4: 0.0073]
Sun 15 Mar 2026 22:54:51 INFO  epoch 27 evaluating [time: 0.15s, valid_score: 0.308400]
Sun 15 Mar 2026 22:54:51 INFO  valid result: 
recall@1 : 0.1298    recall@2 : 0.2078    recall@3 : 0.2665    recall@4 : 0.3079    recall@5 : 0.3385    recall@10 : 0.4454    recall@20 : 0.58    recall@30 : 0.661    recall@50 : 0.7629    ndcg@1 : 0.1985    ndcg@2 : 0.2236    ndcg@3 : 0.2445    ndcg@4 : 0.2595    ndcg@5 : 0.2702    ndcg@10 : 0.3084    ndcg@20 : 0.3482    ndcg@30 : 0.37    ndcg@50 : 0.3942    precision@1 : 0.1985    precision@2 : 0.1657    precision@3 : 0.1434    precision@4 : 0.1278    precision@5 : 0.1139    precision@10 : 0.0799    precision@20 : 0.0549    precision@30 : 0.0434    precision@50 : 0.0312    map@1 : 0.1985    map@2 : 0.1983    map@3 : 0.2056    map@4 : 0.2111    map@5 : 0.2157    map@10 : 0.2315    map@20 : 0.2443    map@30 : 0.2502    map@50 : 0.2553
Sun 15 Mar 2026 22:54:51 INFO  Running E-step ! 
Sun 15 Mar 2026 22:54:52 INFO  epoch 28 training [time: 0.18s, train_loss1: 3.3639, train_loss2: 0.0383, train_loss3: 0.0000, train_loss4: 0.0075]
Sun 15 Mar 2026 22:54:52 INFO  epoch 28 evaluating [time: 0.15s, valid_score: 0.309100]
Sun 15 Mar 2026 22:54:52 INFO  valid result: 
recall@1 : 0.1313    recall@2 : 0.2087    recall@3 : 0.2662    recall@4 : 0.3076    recall@5 : 0.3389    recall@10 : 0.4455    recall@20 : 0.5806    recall@30 : 0.6602    recall@50 : 0.7622    ndcg@1 : 0.2002    ndcg@2 : 0.225    ndcg@3 : 0.2449    ndcg@4 : 0.2601    ndcg@5 : 0.2711    ndcg@10 : 0.3091    ndcg@20 : 0.3491    ndcg@30 : 0.3705    ndcg@50 : 0.3948    precision@1 : 0.2002    precision@2 : 0.1666    precision@3 : 0.143    precision@4 : 0.1278    precision@5 : 0.1139    precision@10 : 0.0799    precision@20 : 0.0549    precision@30 : 0.0434    precision@50 : 0.0311    map@1 : 0.2002    map@2 : 0.1996    map@3 : 0.2063    map@4 : 0.212    map@5 : 0.2166    map@10 : 0.2324    map@20 : 0.2453    map@30 : 0.251    map@50 : 0.2562
Sun 15 Mar 2026 22:54:52 INFO  Running E-step ! 
Sun 15 Mar 2026 22:54:52 INFO  epoch 29 training [time: 0.19s, train_loss1: 3.2811, train_loss2: 0.0385, train_loss3: 0.0000, train_loss4: 0.0075]
Sun 15 Mar 2026 22:54:52 INFO  epoch 29 evaluating [time: 0.15s, valid_score: 0.308400]
Sun 15 Mar 2026 22:54:52 INFO  valid result: 
recall@1 : 0.1298    recall@2 : 0.2089    recall@3 : 0.2668    recall@4 : 0.3079    recall@5 : 0.3383    recall@10 : 0.445    recall@20 : 0.5804    recall@30 : 0.6593    recall@50 : 0.7619    ndcg@1 : 0.199    ndcg@2 : 0.2247    ndcg@3 : 0.2447    ndcg@4 : 0.2598    ndcg@5 : 0.2704    ndcg@10 : 0.3084    ndcg@20 : 0.3485    ndcg@30 : 0.3698    ndcg@50 : 0.3942    precision@1 : 0.199    precision@2 : 0.1669    precision@3 : 0.1432    precision@4 : 0.128    precision@5 : 0.1138    precision@10 : 0.0796    precision@20 : 0.0549    precision@30 : 0.0433    precision@50 : 0.0311    map@1 : 0.199    map@2 : 0.199    map@3 : 0.2058    map@4 : 0.2113    map@5 : 0.2158    map@10 : 0.2316    map@20 : 0.2445    map@30 : 0.2502    map@50 : 0.2555
Sun 15 Mar 2026 22:54:52 INFO  Running E-step ! 
Sun 15 Mar 2026 22:54:52 INFO  epoch 30 training [time: 0.20s, train_loss1: 3.2661, train_loss2: 0.0387, train_loss3: 0.0000, train_loss4: 0.0075]
Sun 15 Mar 2026 22:54:52 INFO  epoch 30 evaluating [time: 0.15s, valid_score: 0.308500]
Sun 15 Mar 2026 22:54:52 INFO  valid result: 
recall@1 : 0.1298    recall@2 : 0.2088    recall@3 : 0.2686    recall@4 : 0.3072    recall@5 : 0.3386    recall@10 : 0.4451    recall@20 : 0.5799    recall@30 : 0.6591    recall@50 : 0.7633    ndcg@1 : 0.1996    ndcg@2 : 0.2246    ndcg@3 : 0.2458    ndcg@4 : 0.2596    ndcg@5 : 0.2707    ndcg@10 : 0.3085    ndcg@20 : 0.3484    ndcg@30 : 0.3699    ndcg@50 : 0.3946    precision@1 : 0.1996    precision@2 : 0.1666    precision@3 : 0.1442    precision@4 : 0.1277    precision@5 : 0.1141    precision@10 : 0.0797    precision@20 : 0.0548    precision@30 : 0.0433    precision@50 : 0.0312    map@1 : 0.1996    map@2 : 0.1987    map@3 : 0.2067    map@4 : 0.2113    map@5 : 0.2161    map@10 : 0.2317    map@20 : 0.2445    map@30 : 0.2503    map@50 : 0.2556
Sun 15 Mar 2026 22:54:52 INFO  Running E-step ! 
Sun 15 Mar 2026 22:54:53 INFO  epoch 31 training [time: 0.20s, train_loss1: 3.2006, train_loss2: 0.0388, train_loss3: 0.0000, train_loss4: 0.0074]
Sun 15 Mar 2026 22:54:53 INFO  epoch 31 evaluating [time: 0.15s, valid_score: 0.309100]
Sun 15 Mar 2026 22:54:53 INFO  valid result: 
recall@1 : 0.1307    recall@2 : 0.2088    recall@3 : 0.2686    recall@4 : 0.3072    recall@5 : 0.3386    recall@10 : 0.4459    recall@20 : 0.5802    recall@30 : 0.6591    recall@50 : 0.7626    ndcg@1 : 0.2008    ndcg@2 : 0.2249    ndcg@3 : 0.2462    ndcg@4 : 0.26    ndcg@5 : 0.271    ndcg@10 : 0.3091    ndcg@20 : 0.3489    ndcg@30 : 0.3703    ndcg@50 : 0.3948    precision@1 : 0.2008    precision@2 : 0.1666    precision@3 : 0.1442    precision@4 : 0.1277    precision@5 : 0.1141    precision@10 : 0.0799    precision@20 : 0.0549    precision@30 : 0.0434    precision@50 : 0.0312    map@1 : 0.2008    map@2 : 0.1992    map@3 : 0.2072    map@4 : 0.2118    map@5 : 0.2165    map@10 : 0.2322    map@20 : 0.245    map@30 : 0.2508    map@50 : 0.2561
Sun 15 Mar 2026 22:54:53 INFO  Running E-step ! 
Sun 15 Mar 2026 22:54:53 INFO  epoch 32 training [time: 0.18s, train_loss1: 3.2191, train_loss2: 0.0390, train_loss3: 0.0000, train_loss4: 0.0072]
Sun 15 Mar 2026 22:54:53 INFO  epoch 32 evaluating [time: 0.15s, valid_score: 0.310400]
Sun 15 Mar 2026 22:54:53 INFO  valid result: 
recall@1 : 0.1339    recall@2 : 0.2088    recall@3 : 0.2686    recall@4 : 0.3072    recall@5 : 0.3385    recall@10 : 0.4459    recall@20 : 0.5796    recall@30 : 0.6595    recall@50 : 0.7627    ndcg@1 : 0.2044    ndcg@2 : 0.2261    ndcg@3 : 0.2473    ndcg@4 : 0.2612    ndcg@5 : 0.2722    ndcg@10 : 0.3104    ndcg@20 : 0.3501    ndcg@30 : 0.3716    ndcg@50 : 0.3961    precision@1 : 0.2044    precision@2 : 0.1666    precision@3 : 0.144    precision@4 : 0.1277    precision@5 : 0.1139    precision@10 : 0.0799    precision@20 : 0.0549    precision@30 : 0.0434    precision@50 : 0.0312    map@1 : 0.2044    map@2 : 0.2008    map@3 : 0.2086    map@4 : 0.2134    map@5 : 0.2181    map@10 : 0.2339    map@20 : 0.2467    map@30 : 0.2525    map@50 : 0.2578
Sun 15 Mar 2026 22:54:53 INFO  Saving current: saved/SCL-Mar-15-2026_22-54-41.pth
Sun 15 Mar 2026 22:54:53 INFO  Saving current best: saved/SCL-Mar-15-2026_22-54-41.pth
Sun 15 Mar 2026 22:54:53 INFO  Running E-step ! 
Sun 15 Mar 2026 22:54:53 INFO  epoch 33 training [time: 0.18s, train_loss1: 3.1635, train_loss2: 0.0391, train_loss3: 0.0000, train_loss4: 0.0073]
Sun 15 Mar 2026 22:54:54 INFO  epoch 33 evaluating [time: 0.15s, valid_score: 0.310700]
Sun 15 Mar 2026 22:54:54 INFO  valid result: 
recall@1 : 0.1351    recall@2 : 0.2086    recall@3 : 0.2686    recall@4 : 0.3069    recall@5 : 0.3384    recall@10 : 0.4455    recall@20 : 0.5796    recall@30 : 0.6604    recall@50 : 0.7637    ndcg@1 : 0.2056    ndcg@2 : 0.2268    ndcg@3 : 0.2477    ndcg@4 : 0.2614    ndcg@5 : 0.2727    ndcg@10 : 0.3107    ndcg@20 : 0.3505    ndcg@30 : 0.3722    ndcg@50 : 0.3967    precision@1 : 0.2056    precision@2 : 0.1669    precision@3 : 0.144    precision@4 : 0.1274    precision@5 : 0.1141    precision@10 : 0.0798    precision@20 : 0.0549    precision@30 : 0.0434    precision@50 : 0.0312    map@1 : 0.2056    map@2 : 0.2016    map@3 : 0.2092    map@4 : 0.2139    map@5 : 0.2187    map@10 : 0.2344    map@20 : 0.2473    map@30 : 0.2531    map@50 : 0.2584
Sun 15 Mar 2026 22:54:54 INFO  Saving current: saved/SCL-Mar-15-2026_22-54-41.pth
Sun 15 Mar 2026 22:54:54 INFO  Saving current best: saved/SCL-Mar-15-2026_22-54-41.pth
Sun 15 Mar 2026 22:54:54 INFO  Running E-step ! 
Sun 15 Mar 2026 22:54:54 INFO  epoch 34 training [time: 0.17s, train_loss1: 3.1958, train_loss2: 0.0392, train_loss3: 0.0000, train_loss4: 0.0073]
Sun 15 Mar 2026 22:54:54 INFO  epoch 34 evaluating [time: 0.15s, valid_score: 0.310000]
Sun 15 Mar 2026 22:54:54 INFO  valid result: 
recall@1 : 0.1341    recall@2 : 0.2086    recall@3 : 0.2686    recall@4 : 0.3064    recall@5 : 0.3382    recall@10 : 0.4448    recall@20 : 0.5789    recall@30 : 0.6598    recall@50 : 0.7642    ndcg@1 : 0.2038    ndcg@2 : 0.2263    ndcg@3 : 0.2474    ndcg@4 : 0.2608    ndcg@5 : 0.2721    ndcg@10 : 0.31    ndcg@20 : 0.3499    ndcg@30 : 0.3717    ndcg@50 : 0.3964    precision@1 : 0.2038    precision@2 : 0.1669    precision@3 : 0.1442    precision@4 : 0.1274    precision@5 : 0.1139    precision@10 : 0.0797    precision@20 : 0.0548    precision@30 : 0.0434    precision@50 : 0.0313    map@1 : 0.2038    map@2 : 0.201    map@3 : 0.2087    map@4 : 0.2132    map@5 : 0.2181    map@10 : 0.2338    map@20 : 0.2467    map@30 : 0.2526    map@50 : 0.2578
Sun 15 Mar 2026 22:54:54 INFO  Running E-step ! 
Sun 15 Mar 2026 22:54:54 INFO  epoch 35 training [time: 0.17s, train_loss1: 3.1736, train_loss2: 0.0393, train_loss3: 0.0000, train_loss4: 0.0073]
Sun 15 Mar 2026 22:54:54 INFO  epoch 35 evaluating [time: 0.15s, valid_score: 0.309600]
Sun 15 Mar 2026 22:54:54 INFO  valid result: 
recall@1 : 0.1326    recall@2 : 0.2086    recall@3 : 0.2685    recall@4 : 0.3064    recall@5 : 0.3385    recall@10 : 0.445    recall@20 : 0.5793    recall@30 : 0.6606    recall@50 : 0.7626    ndcg@1 : 0.202    ndcg@2 : 0.2257    ndcg@3 : 0.2467    ndcg@4 : 0.2602    ndcg@5 : 0.2717    ndcg@10 : 0.3096    ndcg@20 : 0.3494    ndcg@30 : 0.3714    ndcg@50 : 0.3956    precision@1 : 0.202    precision@2 : 0.1669    precision@3 : 0.144    precision@4 : 0.1274    precision@5 : 0.1142    precision@10 : 0.0799    precision@20 : 0.0549    precision@30 : 0.0435    precision@50 : 0.0313    map@1 : 0.202    map@2 : 0.2002    map@3 : 0.2078    map@4 : 0.2125    map@5 : 0.2175    map@10 : 0.2332    map@20 : 0.2461    map@30 : 0.2519    map@50 : 0.2572
Sun 15 Mar 2026 22:54:54 INFO  Running E-step ! 
Sun 15 Mar 2026 22:54:54 INFO  epoch 36 training [time: 0.19s, train_loss1: 3.1752, train_loss2: 0.0394, train_loss3: 0.0000, train_loss4: 0.0070]
Sun 15 Mar 2026 22:54:55 INFO  epoch 36 evaluating [time: 0.15s, valid_score: 0.309500]
Sun 15 Mar 2026 22:54:55 INFO  valid result: 
recall@1 : 0.1314    recall@2 : 0.2086    recall@3 : 0.2689    recall@4 : 0.3067    recall@5 : 0.3389    recall@10 : 0.4455    recall@20 : 0.5779    recall@30 : 0.6608    recall@50 : 0.7614    ndcg@1 : 0.2008    ndcg@2 : 0.2253    ndcg@3 : 0.2465    ndcg@4 : 0.2601    ndcg@5 : 0.2716    ndcg@10 : 0.3095    ndcg@20 : 0.3488    ndcg@30 : 0.3711    ndcg@50 : 0.3951    precision@1 : 0.2008    precision@2 : 0.1669    precision@3 : 0.1444    precision@4 : 0.1277    precision@5 : 0.1145    precision@10 : 0.08    precision@20 : 0.0547    precision@30 : 0.0435    precision@50 : 0.0313    map@1 : 0.2008    map@2 : 0.1995    map@3 : 0.2073    map@4 : 0.2121    map@5 : 0.2171    map@10 : 0.2329    map@20 : 0.2455    map@30 : 0.2515    map@50 : 0.2567
Sun 15 Mar 2026 22:54:55 INFO  Running E-step ! 
Sun 15 Mar 2026 22:54:55 INFO  epoch 37 training [time: 0.18s, train_loss1: 3.1230, train_loss2: 0.0395, train_loss3: 0.0000, train_loss4: 0.0067]
Sun 15 Mar 2026 22:54:55 INFO  epoch 37 evaluating [time: 0.15s, valid_score: 0.310000]
Sun 15 Mar 2026 22:54:55 INFO  valid result: 
recall@1 : 0.1314    recall@2 : 0.2087    recall@3 : 0.2692    recall@4 : 0.3074    recall@5 : 0.3393    recall@10 : 0.4468    recall@20 : 0.579    recall@30 : 0.6613    recall@50 : 0.7528    ndcg@1 : 0.2008    ndcg@2 : 0.2255    ndcg@3 : 0.2468    ndcg@4 : 0.2605    ndcg@5 : 0.2719    ndcg@10 : 0.31    ndcg@20 : 0.3493    ndcg@30 : 0.3715    ndcg@50 : 0.3938    precision@1 : 0.2008    precision@2 : 0.1672    precision@3 : 0.1446    precision@4 : 0.128    precision@5 : 0.1148    precision@10 : 0.0803    precision@20 : 0.0549    precision@30 : 0.0436    precision@50 : 0.0311    map@1 : 0.2008    map@2 : 0.1998    map@3 : 0.2074    map@4 : 0.2123    map@5 : 0.2173    map@10 : 0.2332    map@20 : 0.2457    map@30 : 0.2518    map@50 : 0.2567
Sun 15 Mar 2026 22:54:55 INFO  Running E-step ! 
Sun 15 Mar 2026 22:54:55 INFO  epoch 38 training [time: 0.19s, train_loss1: 3.1129, train_loss2: 0.0396, train_loss3: 0.0000, train_loss4: 0.0067]
Sun 15 Mar 2026 22:54:55 INFO  epoch 38 evaluating [time: 0.15s, valid_score: 0.309700]
Sun 15 Mar 2026 22:54:55 INFO  valid result: 
recall@1 : 0.1312    recall@2 : 0.2087    recall@3 : 0.2684    recall@4 : 0.3072    recall@5 : 0.3401    recall@10 : 0.4466    recall@20 : 0.58    recall@30 : 0.6606    recall@50 : 0.7503    ndcg@1 : 0.2002    ndcg@2 : 0.2254    ndcg@3 : 0.2462    ndcg@4 : 0.2601    ndcg@5 : 0.272    ndcg@10 : 0.3097    ndcg@20 : 0.3494    ndcg@30 : 0.3712    ndcg@50 : 0.3932    precision@1 : 0.2002    precision@2 : 0.1672    precision@3 : 0.1442    precision@4 : 0.1278    precision@5 : 0.115    precision@10 : 0.0801    precision@20 : 0.055    precision@30 : 0.0436    precision@50 : 0.0311    map@1 : 0.2002    map@2 : 0.1996    map@3 : 0.2069    map@4 : 0.212    map@5 : 0.2172    map@10 : 0.2329    map@20 : 0.2456    map@30 : 0.2516    map@50 : 0.2565
Sun 15 Mar 2026 22:54:55 INFO  Running E-step ! 
Sun 15 Mar 2026 22:54:55 INFO  epoch 39 training [time: 0.18s, train_loss1: 3.1244, train_loss2: 0.0397, train_loss3: 0.0000, train_loss4: 0.0065]
Sun 15 Mar 2026 22:54:56 INFO  epoch 39 evaluating [time: 0.15s, valid_score: 0.309800]
Sun 15 Mar 2026 22:54:56 INFO  valid result: 
recall@1 : 0.1314    recall@2 : 0.2088    recall@3 : 0.269    recall@4 : 0.3071    recall@5 : 0.3397    recall@10 : 0.4458    recall@20 : 0.5805    recall@30 : 0.6621    recall@50 : 0.7492    ndcg@1 : 0.2008    ndcg@2 : 0.2258    ndcg@3 : 0.2467    ndcg@4 : 0.2602    ndcg@5 : 0.2721    ndcg@10 : 0.3098    ndcg@20 : 0.3498    ndcg@30 : 0.3719    ndcg@50 : 0.3933    precision@1 : 0.2008    precision@2 : 0.1675    precision@3 : 0.1444    precision@4 : 0.1277    precision@5 : 0.115    precision@10 : 0.0802    precision@20 : 0.0551    precision@30 : 0.0437    precision@50 : 0.0311    map@1 : 0.2008    map@2 : 0.1999    map@3 : 0.2073    map@4 : 0.2121    map@5 : 0.2174    map@10 : 0.2331    map@20 : 0.2459    map@30 : 0.2519    map@50 : 0.2568
Sun 15 Mar 2026 22:54:56 INFO  Running E-step ! 
Sun 15 Mar 2026 22:54:56 INFO  epoch 40 training [time: 0.19s, train_loss1: 3.1252, train_loss2: 0.0398, train_loss3: 0.0000, train_loss4: 0.0064]
Sun 15 Mar 2026 22:54:56 INFO  epoch 40 evaluating [time: 0.15s, valid_score: 0.309800]
Sun 15 Mar 2026 22:54:56 INFO  valid result: 
recall@1 : 0.1314    recall@2 : 0.2088    recall@3 : 0.269    recall@4 : 0.3064    recall@5 : 0.3399    recall@10 : 0.446    recall@20 : 0.5819    recall@30 : 0.664    recall@50 : 0.7468    ndcg@1 : 0.2008    ndcg@2 : 0.2258    ndcg@3 : 0.2467    ndcg@4 : 0.2599    ndcg@5 : 0.2722    ndcg@10 : 0.3098    ndcg@20 : 0.3502    ndcg@30 : 0.3724    ndcg@50 : 0.393    precision@1 : 0.2008    precision@2 : 0.1675    precision@3 : 0.1444    precision@4 : 0.1274    precision@5 : 0.1153    precision@10 : 0.0802    precision@20 : 0.0553    precision@30 : 0.0438    precision@50 : 0.0311    map@1 : 0.2008    map@2 : 0.1999    map@3 : 0.2073    map@4 : 0.2119    map@5 : 0.2174    map@10 : 0.2331    map@20 : 0.2461    map@30 : 0.2521    map@50 : 0.2568
Sun 15 Mar 2026 22:54:56 INFO  Running E-step ! 
Sun 15 Mar 2026 22:54:56 INFO  epoch 41 training [time: 0.21s, train_loss1: 3.1121, train_loss2: 0.0399, train_loss3: 0.0000, train_loss4: 0.0062]
Sun 15 Mar 2026 22:54:56 INFO  epoch 41 evaluating [time: 0.15s, valid_score: 0.310100]
Sun 15 Mar 2026 22:54:56 INFO  valid result: 
recall@1 : 0.1314    recall@2 : 0.2089    recall@3 : 0.2691    recall@4 : 0.307    recall@5 : 0.34    recall@10 : 0.4467    recall@20 : 0.5827    recall@30 : 0.6636    recall@50 : 0.7469    ndcg@1 : 0.2008    ndcg@2 : 0.2258    ndcg@3 : 0.2468    ndcg@4 : 0.2602    ndcg@5 : 0.2724    ndcg@10 : 0.3101    ndcg@20 : 0.3506    ndcg@30 : 0.3724    ndcg@50 : 0.3931    precision@1 : 0.2008    precision@2 : 0.1675    precision@3 : 0.1446    precision@4 : 0.1275    precision@5 : 0.1154    precision@10 : 0.0802    precision@20 : 0.0554    precision@30 : 0.0438    precision@50 : 0.0311    map@1 : 0.2008    map@2 : 0.1998    map@3 : 0.2075    map@4 : 0.2121    map@5 : 0.2175    map@10 : 0.2332    map@20 : 0.2463    map@30 : 0.2522    map@50 : 0.257
Sun 15 Mar 2026 22:54:56 INFO  Running E-step ! 
Sun 15 Mar 2026 22:54:57 INFO  epoch 42 training [time: 0.19s, train_loss1: 3.0778, train_loss2: 0.0400, train_loss3: 0.0000, train_loss4: 0.0060]
Sun 15 Mar 2026 22:54:57 INFO  epoch 42 evaluating [time: 0.15s, valid_score: 0.310500]
Sun 15 Mar 2026 22:54:57 INFO  valid result: 
recall@1 : 0.1314    recall@2 : 0.2089    recall@3 : 0.269    recall@4 : 0.307    recall@5 : 0.3399    recall@10 : 0.4481    recall@20 : 0.5835    recall@30 : 0.6634    recall@50 : 0.7466    ndcg@1 : 0.2008    ndcg@2 : 0.2258    ndcg@3 : 0.2467    ndcg@4 : 0.2601    ndcg@5 : 0.2722    ndcg@10 : 0.3105    ndcg@20 : 0.3509    ndcg@30 : 0.3724    ndcg@50 : 0.3932    precision@1 : 0.2008    precision@2 : 0.1675    precision@3 : 0.1444    precision@4 : 0.1275    precision@5 : 0.1151    precision@10 : 0.0805    precision@20 : 0.0557    precision@30 : 0.0438    precision@50 : 0.0311    map@1 : 0.2008    map@2 : 0.1998    map@3 : 0.2073    map@4 : 0.2121    map@5 : 0.2174    map@10 : 0.2334    map@20 : 0.2465    map@30 : 0.2522    map@50 : 0.257
Sun 15 Mar 2026 22:54:57 INFO  Running E-step ! 
Sun 15 Mar 2026 22:54:57 INFO  epoch 43 training [time: 0.18s, train_loss1: 3.1220, train_loss2: 0.0401, train_loss3: 0.0000, train_loss4: 0.0059]
Sun 15 Mar 2026 22:54:57 INFO  epoch 43 evaluating [time: 0.15s, valid_score: 0.310700]
Sun 15 Mar 2026 22:54:57 INFO  valid result: 
recall@1 : 0.1317    recall@2 : 0.2089    recall@3 : 0.2694    recall@4 : 0.308    recall@5 : 0.3393    recall@10 : 0.4481    recall@20 : 0.5838    recall@30 : 0.6642    recall@50 : 0.7472    ndcg@1 : 0.2014    ndcg@2 : 0.2259    ndcg@3 : 0.2471    ndcg@4 : 0.2608    ndcg@5 : 0.2722    ndcg@10 : 0.3107    ndcg@20 : 0.3513    ndcg@30 : 0.3729    ndcg@50 : 0.3935    precision@1 : 0.2014    precision@2 : 0.1675    precision@3 : 0.1448    precision@4 : 0.128    precision@5 : 0.115    precision@10 : 0.0804    precision@20 : 0.0558    precision@30 : 0.0439    precision@50 : 0.0311    map@1 : 0.2014    map@2 : 0.1999    map@3 : 0.2077    map@4 : 0.2125    map@5 : 0.2175    map@10 : 0.2336    map@20 : 0.2468    map@30 : 0.2525    map@50 : 0.2573
Sun 15 Mar 2026 22:54:57 INFO  Saving current: saved/SCL-Mar-15-2026_22-54-41.pth
Sun 15 Mar 2026 22:54:57 INFO  Saving current best: saved/SCL-Mar-15-2026_22-54-41.pth
Sun 15 Mar 2026 22:54:57 INFO  Running E-step ! 
Sun 15 Mar 2026 22:54:57 INFO  epoch 44 training [time: 0.19s, train_loss1: 3.0499, train_loss2: 0.0402, train_loss3: 0.0000, train_loss4: 0.0057]
Sun 15 Mar 2026 22:54:57 INFO  epoch 44 evaluating [time: 0.15s, valid_score: 0.310600]
Sun 15 Mar 2026 22:54:57 INFO  valid result: 
recall@1 : 0.1317    recall@2 : 0.209    recall@3 : 0.2687    recall@4 : 0.3087    recall@5 : 0.3392    recall@10 : 0.448    recall@20 : 0.5841    recall@30 : 0.6669    recall@50 : 0.7483    ndcg@1 : 0.2014    ndcg@2 : 0.2261    ndcg@3 : 0.2467    ndcg@4 : 0.2611    ndcg@5 : 0.2721    ndcg@10 : 0.3106    ndcg@20 : 0.3513    ndcg@30 : 0.3736    ndcg@50 : 0.3938    precision@1 : 0.2014    precision@2 : 0.1678    precision@3 : 0.1444    precision@4 : 0.128    precision@5 : 0.1149    precision@10 : 0.0803    precision@20 : 0.0557    precision@30 : 0.0441    precision@50 : 0.0312    map@1 : 0.2014    map@2 : 0.2001    map@3 : 0.2074    map@4 : 0.2126    map@5 : 0.2174    map@10 : 0.2335    map@20 : 0.2467    map@30 : 0.2526    map@50 : 0.2574
Sun 15 Mar 2026 22:54:57 INFO  Running E-step ! 
Sun 15 Mar 2026 22:54:58 INFO  epoch 45 training [time: 0.21s, train_loss1: 3.0548, train_loss2: 0.0403, train_loss3: 0.0000, train_loss4: 0.0056]
Sun 15 Mar 2026 22:54:58 INFO  epoch 45 evaluating [time: 0.15s, valid_score: 0.310800]
Sun 15 Mar 2026 22:54:58 INFO  valid result: 
recall@1 : 0.1323    recall@2 : 0.2092    recall@3 : 0.2687    recall@4 : 0.3096    recall@5 : 0.3392    recall@10 : 0.4478    recall@20 : 0.5846    recall@30 : 0.6675    recall@50 : 0.7487    ndcg@1 : 0.202    ndcg@2 : 0.2266    ndcg@3 : 0.247    ndcg@4 : 0.2617    ndcg@5 : 0.2724    ndcg@10 : 0.3108    ndcg@20 : 0.3518    ndcg@30 : 0.374    ndcg@50 : 0.3942    precision@1 : 0.202    precision@2 : 0.1681    precision@3 : 0.1444    precision@4 : 0.1283    precision@5 : 0.1149    precision@10 : 0.0803    precision@20 : 0.0559    precision@30 : 0.0441    precision@50 : 0.0312    map@1 : 0.202    map@2 : 0.2005    map@3 : 0.2077    map@4 : 0.2132    map@5 : 0.2178    map@10 : 0.2338    map@20 : 0.2472    map@30 : 0.2531    map@50 : 0.2578
Sun 15 Mar 2026 22:54:58 INFO  Saving current: saved/SCL-Mar-15-2026_22-54-41.pth
Sun 15 Mar 2026 22:54:58 INFO  Saving current best: saved/SCL-Mar-15-2026_22-54-41.pth
Sun 15 Mar 2026 22:54:58 INFO  Running E-step ! 
Sun 15 Mar 2026 22:54:58 INFO  epoch 46 training [time: 0.21s, train_loss1: 3.0805, train_loss2: 0.0404, train_loss3: 0.0000, train_loss4: 0.0054]
Sun 15 Mar 2026 22:54:58 INFO  epoch 46 evaluating [time: 0.15s, valid_score: 0.311300]
Sun 15 Mar 2026 22:54:58 INFO  valid result: 
recall@1 : 0.1329    recall@2 : 0.2093    recall@3 : 0.2687    recall@4 : 0.3097    recall@5 : 0.3393    recall@10 : 0.4481    recall@20 : 0.5861    recall@30 : 0.6698    recall@50 : 0.7484    ndcg@1 : 0.2026    ndcg@2 : 0.227    ndcg@3 : 0.2471    ndcg@4 : 0.2621    ndcg@5 : 0.2727    ndcg@10 : 0.3113    ndcg@20 : 0.3526    ndcg@30 : 0.3749    ndcg@50 : 0.3945    precision@1 : 0.2026    precision@2 : 0.1684    precision@3 : 0.1442    precision@4 : 0.1284    precision@5 : 0.115    precision@10 : 0.0805    precision@20 : 0.056    precision@30 : 0.0443    precision@50 : 0.0312    map@1 : 0.2026    map@2 : 0.201    map@3 : 0.2079    map@4 : 0.2136    map@5 : 0.2181    map@10 : 0.2343    map@20 : 0.2477    map@30 : 0.2536    map@50 : 0.2582
Sun 15 Mar 2026 22:54:58 INFO  Saving current: saved/SCL-Mar-15-2026_22-54-41.pth
Sun 15 Mar 2026 22:54:58 INFO  Saving current best: saved/SCL-Mar-15-2026_22-54-41.pth
Sun 15 Mar 2026 22:54:58 INFO  Running E-step ! 
Sun 15 Mar 2026 22:54:58 INFO  epoch 47 training [time: 0.20s, train_loss1: 3.0569, train_loss2: 0.0404, train_loss3: 0.0000, train_loss4: 0.0052]
Sun 15 Mar 2026 22:54:58 INFO  epoch 47 evaluating [time: 0.15s, valid_score: 0.311800]
Sun 15 Mar 2026 22:54:58 INFO  valid result: 
recall@1 : 0.1339    recall@2 : 0.2087    recall@3 : 0.2688    recall@4 : 0.3095    recall@5 : 0.3396    recall@10 : 0.4484    recall@20 : 0.5861    recall@30 : 0.6709    recall@50 : 0.7491    ndcg@1 : 0.205    ndcg@2 : 0.2272    ndcg@3 : 0.2477    ndcg@4 : 0.2625    ndcg@5 : 0.2734    ndcg@10 : 0.3118    ndcg@20 : 0.353    ndcg@30 : 0.3757    ndcg@50 : 0.3952    precision@1 : 0.205    precision@2 : 0.1678    precision@3 : 0.1444    precision@4 : 0.1286    precision@5 : 0.1153    precision@10 : 0.0805    precision@20 : 0.0561    precision@30 : 0.0444    precision@50 : 0.0313    map@1 : 0.205    map@2 : 0.2014    map@3 : 0.2086    map@4 : 0.2141    map@5 : 0.2187    map@10 : 0.2348    map@20 : 0.2481    map@30 : 0.2542    map@50 : 0.2588
Sun 15 Mar 2026 22:54:58 INFO  Saving current: saved/SCL-Mar-15-2026_22-54-41.pth
Sun 15 Mar 2026 22:54:58 INFO  Saving current best: saved/SCL-Mar-15-2026_22-54-41.pth
Sun 15 Mar 2026 22:54:58 INFO  Running E-step ! 
Sun 15 Mar 2026 22:54:59 INFO  epoch 48 training [time: 0.20s, train_loss1: 3.0048, train_loss2: 0.0405, train_loss3: 0.0000, train_loss4: 0.0052]
Sun 15 Mar 2026 22:54:59 INFO  epoch 48 evaluating [time: 0.15s, valid_score: 0.311400]
Sun 15 Mar 2026 22:54:59 INFO  valid result: 
recall@1 : 0.1333    recall@2 : 0.209    recall@3 : 0.2685    recall@4 : 0.3098    recall@5 : 0.34    recall@10 : 0.4477    recall@20 : 0.5862    recall@30 : 0.6697    recall@50 : 0.7493    ndcg@1 : 0.2044    ndcg@2 : 0.2272    ndcg@3 : 0.2473    ndcg@4 : 0.2625    ndcg@5 : 0.2734    ndcg@10 : 0.3114    ndcg@20 : 0.353    ndcg@30 : 0.3753    ndcg@50 : 0.3951    precision@1 : 0.2044    precision@2 : 0.1681    precision@3 : 0.1442    precision@4 : 0.1289    precision@5 : 0.1155    precision@10 : 0.0804    precision@20 : 0.0562    precision@30 : 0.0444    precision@50 : 0.0313    map@1 : 0.2044    map@2 : 0.2013    map@3 : 0.2082    map@4 : 0.214    map@5 : 0.2187    map@10 : 0.2345    map@20 : 0.248    map@30 : 0.254    map@50 : 0.2587
Sun 15 Mar 2026 22:54:59 INFO  Running E-step ! 
Sun 15 Mar 2026 22:54:59 INFO  epoch 49 training [time: 0.19s, train_loss1: 3.0296, train_loss2: 0.0405, train_loss3: 0.0000, train_loss4: 0.0050]
Sun 15 Mar 2026 22:54:59 INFO  epoch 49 evaluating [time: 0.15s, valid_score: 0.312000]
Sun 15 Mar 2026 22:54:59 INFO  valid result: 
recall@1 : 0.1339    recall@2 : 0.209    recall@3 : 0.2687    recall@4 : 0.3102    recall@5 : 0.34    recall@10 : 0.4484    recall@20 : 0.5868    recall@30 : 0.6689    recall@50 : 0.7493    ndcg@1 : 0.205    ndcg@2 : 0.2274    ndcg@3 : 0.2477    ndcg@4 : 0.263    ndcg@5 : 0.2737    ndcg@10 : 0.312    ndcg@20 : 0.3535    ndcg@30 : 0.3755    ndcg@50 : 0.3955    precision@1 : 0.205    precision@2 : 0.1681    precision@3 : 0.1444    precision@4 : 0.1293    precision@5 : 0.1156    precision@10 : 0.0806    precision@20 : 0.0563    precision@30 : 0.0444    precision@50 : 0.0313    map@1 : 0.205    map@2 : 0.2016    map@3 : 0.2086    map@4 : 0.2144    map@5 : 0.2191    map@10 : 0.2349    map@20 : 0.2484    map@30 : 0.2544    map@50 : 0.2591
Sun 15 Mar 2026 22:54:59 INFO  Saving current: saved/SCL-Mar-15-2026_22-54-41.pth
Sun 15 Mar 2026 22:54:59 INFO  Saving current best: saved/SCL-Mar-15-2026_22-54-41.pth
Sun 15 Mar 2026 22:54:59 INFO  Running E-step ! 
Sun 15 Mar 2026 22:54:59 INFO  epoch 50 training [time: 0.18s, train_loss1: 3.0410, train_loss2: 0.0406, train_loss3: 0.0000, train_loss4: 0.0049]
Sun 15 Mar 2026 22:55:00 INFO  epoch 50 evaluating [time: 0.15s, valid_score: 0.312700]
Sun 15 Mar 2026 22:55:00 INFO  valid result: 
recall@1 : 0.134    recall@2 : 0.2089    recall@3 : 0.2687    recall@4 : 0.3103    recall@5 : 0.3411    recall@10 : 0.4502    recall@20 : 0.5882    recall@30 : 0.672    recall@50 : 0.7502    ndcg@1 : 0.205    ndcg@2 : 0.2274    ndcg@3 : 0.2477    ndcg@4 : 0.2631    ndcg@5 : 0.2742    ndcg@10 : 0.3127    ndcg@20 : 0.3541    ndcg@30 : 0.3764    ndcg@50 : 0.3959    precision@1 : 0.205    precision@2 : 0.1681    precision@3 : 0.1444    precision@4 : 0.1293    precision@5 : 0.116    precision@10 : 0.0808    precision@20 : 0.0564    precision@30 : 0.0446    precision@50 : 0.0313    map@1 : 0.205    map@2 : 0.2016    map@3 : 0.2086    map@4 : 0.2145    map@5 : 0.2195    map@10 : 0.2353    map@20 : 0.2488    map@30 : 0.2548    map@50 : 0.2594
Sun 15 Mar 2026 22:55:00 INFO  Saving current: saved/SCL-Mar-15-2026_22-54-41.pth
Sun 15 Mar 2026 22:55:00 INFO  Saving current best: saved/SCL-Mar-15-2026_22-54-41.pth
Sun 15 Mar 2026 22:55:00 INFO  Running E-step ! 
Sun 15 Mar 2026 22:55:00 INFO  epoch 51 training [time: 0.18s, train_loss1: 2.9887, train_loss2: 0.0406, train_loss3: 0.0000, train_loss4: 0.0048]
Sun 15 Mar 2026 22:55:00 INFO  epoch 51 evaluating [time: 0.15s, valid_score: 0.312600]
Sun 15 Mar 2026 22:55:00 INFO  valid result: 
recall@1 : 0.134    recall@2 : 0.2097    recall@3 : 0.2684    recall@4 : 0.3113    recall@5 : 0.3405    recall@10 : 0.4495    recall@20 : 0.589    recall@30 : 0.6718    recall@50 : 0.7509    ndcg@1 : 0.205    ndcg@2 : 0.228    ndcg@3 : 0.2476    ndcg@4 : 0.2637    ndcg@5 : 0.274    ndcg@10 : 0.3126    ndcg@20 : 0.3545    ndcg@30 : 0.3765    ndcg@50 : 0.3962    precision@1 : 0.205    precision@2 : 0.1687    precision@3 : 0.1442    precision@4 : 0.1299    precision@5 : 0.1156    precision@10 : 0.0808    precision@20 : 0.0566    precision@30 : 0.0446    precision@50 : 0.0313    map@1 : 0.205    map@2 : 0.202    map@3 : 0.2086    map@4 : 0.215    map@5 : 0.2194    map@10 : 0.2353    map@20 : 0.249    map@30 : 0.255    map@50 : 0.2596
Sun 15 Mar 2026 22:55:00 INFO  Running E-step ! 
Sun 15 Mar 2026 22:55:00 INFO  epoch 52 training [time: 0.18s, train_loss1: 3.0219, train_loss2: 0.0407, train_loss3: 0.0000, train_loss4: 0.0047]
Sun 15 Mar 2026 22:55:00 INFO  epoch 52 evaluating [time: 0.15s, valid_score: 0.312800]
Sun 15 Mar 2026 22:55:00 INFO  valid result: 
recall@1 : 0.134    recall@2 : 0.2101    recall@3 : 0.2682    recall@4 : 0.3115    recall@5 : 0.3401    recall@10 : 0.4499    recall@20 : 0.5899    recall@30 : 0.6728    recall@50 : 0.7516    ndcg@1 : 0.205    ndcg@2 : 0.2285    ndcg@3 : 0.2475    ndcg@4 : 0.2637    ndcg@5 : 0.2739    ndcg@10 : 0.3128    ndcg@20 : 0.3548    ndcg@30 : 0.377    ndcg@50 : 0.3966    precision@1 : 0.205    precision@2 : 0.1692    precision@3 : 0.144    precision@4 : 0.1298    precision@5 : 0.1156    precision@10 : 0.0808    precision@20 : 0.0566    precision@30 : 0.0447    precision@50 : 0.0314    map@1 : 0.205    map@2 : 0.2025    map@3 : 0.2086    map@4 : 0.2151    map@5 : 0.2194    map@10 : 0.2355    map@20 : 0.2492    map@30 : 0.2552    map@50 : 0.2599
Sun 15 Mar 2026 22:55:00 INFO  Saving current: saved/SCL-Mar-15-2026_22-54-41.pth
Sun 15 Mar 2026 22:55:00 INFO  Saving current best: saved/SCL-Mar-15-2026_22-54-41.pth
Sun 15 Mar 2026 22:55:00 INFO  Running E-step ! 
Sun 15 Mar 2026 22:55:00 INFO  epoch 53 training [time: 0.19s, train_loss1: 3.0214, train_loss2: 0.0407, train_loss3: 0.0000, train_loss4: 0.0045]
Sun 15 Mar 2026 22:55:01 INFO  epoch 53 evaluating [time: 0.15s, valid_score: 0.313100]
Sun 15 Mar 2026 22:55:01 INFO  valid result: 
recall@1 : 0.134    recall@2 : 0.2102    recall@3 : 0.269    recall@4 : 0.3109    recall@5 : 0.3406    recall@10 : 0.4505    recall@20 : 0.5918    recall@30 : 0.6733    recall@50 : 0.7526    ndcg@1 : 0.205    ndcg@2 : 0.2287    ndcg@3 : 0.248    ndcg@4 : 0.2635    ndcg@5 : 0.2743    ndcg@10 : 0.3131    ndcg@20 : 0.3556    ndcg@30 : 0.3775    ndcg@50 : 0.3971    precision@1 : 0.205    precision@2 : 0.1695    precision@3 : 0.1444    precision@4 : 0.1295    precision@5 : 0.1161    precision@10 : 0.0809    precision@20 : 0.057    precision@30 : 0.0449    precision@50 : 0.0315    map@1 : 0.205    map@2 : 0.2026    map@3 : 0.2089    map@4 : 0.215    map@5 : 0.2196    map@10 : 0.2357    map@20 : 0.2496    map@30 : 0.2556    map@50 : 0.2602
Sun 15 Mar 2026 22:55:01 INFO  Saving current: saved/SCL-Mar-15-2026_22-54-41.pth
Sun 15 Mar 2026 22:55:01 INFO  Saving current best: saved/SCL-Mar-15-2026_22-54-41.pth
Sun 15 Mar 2026 22:55:01 INFO  Running E-step ! 
Sun 15 Mar 2026 22:55:01 INFO  epoch 54 training [time: 0.19s, train_loss1: 2.9573, train_loss2: 0.0407, train_loss3: 0.0000, train_loss4: 0.0044]
Sun 15 Mar 2026 22:55:01 INFO  epoch 54 evaluating [time: 0.15s, valid_score: 0.313100]
Sun 15 Mar 2026 22:55:01 INFO  valid result: 
recall@1 : 0.134    recall@2 : 0.2102    recall@3 : 0.2691    recall@4 : 0.3116    recall@5 : 0.3414    recall@10 : 0.4503    recall@20 : 0.5918    recall@30 : 0.6742    recall@50 : 0.7539    ndcg@1 : 0.205    ndcg@2 : 0.2287    ndcg@3 : 0.2481    ndcg@4 : 0.2639    ndcg@5 : 0.2747    ndcg@10 : 0.3131    ndcg@20 : 0.3557    ndcg@30 : 0.3778    ndcg@50 : 0.3975    precision@1 : 0.205    precision@2 : 0.1695    precision@3 : 0.1446    precision@4 : 0.1298    precision@5 : 0.1163    precision@10 : 0.0809    precision@20 : 0.0569    precision@30 : 0.0449    precision@50 : 0.0315    map@1 : 0.205    map@2 : 0.2026    map@3 : 0.2091    map@4 : 0.2152    map@5 : 0.2198    map@10 : 0.2357    map@20 : 0.2497    map@30 : 0.2557    map@50 : 0.2604
Sun 15 Mar 2026 22:55:01 INFO  Saving current: saved/SCL-Mar-15-2026_22-54-41.pth
Sun 15 Mar 2026 22:55:01 INFO  Saving current best: saved/SCL-Mar-15-2026_22-54-41.pth
Sun 15 Mar 2026 22:55:01 INFO  Running E-step ! 
Sun 15 Mar 2026 22:55:01 INFO  epoch 55 training [time: 0.19s, train_loss1: 2.9566, train_loss2: 0.0407, train_loss3: 0.0000, train_loss4: 0.0043]
Sun 15 Mar 2026 22:55:01 INFO  epoch 55 evaluating [time: 0.15s, valid_score: 0.313300]
Sun 15 Mar 2026 22:55:01 INFO  valid result: 
recall@1 : 0.1341    recall@2 : 0.2106    recall@3 : 0.2698    recall@4 : 0.3119    recall@5 : 0.3428    recall@10 : 0.4498    recall@20 : 0.5929    recall@30 : 0.676    recall@50 : 0.7518    ndcg@1 : 0.2056    ndcg@2 : 0.2293    ndcg@3 : 0.2488    ndcg@4 : 0.2642    ndcg@5 : 0.2756    ndcg@10 : 0.3133    ndcg@20 : 0.3564    ndcg@30 : 0.3786    ndcg@50 : 0.3976    precision@1 : 0.2056    precision@2 : 0.1701    precision@3 : 0.1452    precision@4 : 0.1298    precision@5 : 0.1168    precision@10 : 0.0809    precision@20 : 0.057    precision@30 : 0.045    precision@50 : 0.0315    map@1 : 0.2056    map@2 : 0.2032    map@3 : 0.2096    map@4 : 0.2154    map@5 : 0.2203    map@10 : 0.2359    map@20 : 0.2501    map@30 : 0.2562    map@50 : 0.2608
Sun 15 Mar 2026 22:55:01 INFO  Saving current: saved/SCL-Mar-15-2026_22-54-41.pth
Sun 15 Mar 2026 22:55:01 INFO  Saving current best: saved/SCL-Mar-15-2026_22-54-41.pth
Sun 15 Mar 2026 22:55:01 INFO  Running E-step ! 
Sun 15 Mar 2026 22:55:02 INFO  epoch 56 training [time: 0.20s, train_loss1: 2.9643, train_loss2: 0.0407, train_loss3: 0.0000, train_loss4: 0.0042]
Sun 15 Mar 2026 22:55:02 INFO  epoch 56 evaluating [time: 0.16s, valid_score: 0.313300]
Sun 15 Mar 2026 22:55:02 INFO  valid result: 
recall@1 : 0.1341    recall@2 : 0.2104    recall@3 : 0.2704    recall@4 : 0.311    recall@5 : 0.343    recall@10 : 0.45    recall@20 : 0.593    recall@30 : 0.6768    recall@50 : 0.7522    ndcg@1 : 0.2056    ndcg@2 : 0.2293    ndcg@3 : 0.2491    ndcg@4 : 0.2638    ndcg@5 : 0.2756    ndcg@10 : 0.3133    ndcg@20 : 0.3565    ndcg@30 : 0.379    ndcg@50 : 0.3978    precision@1 : 0.2056    precision@2 : 0.1701    precision@3 : 0.1454    precision@4 : 0.1295    precision@5 : 0.1168    precision@10 : 0.0809    precision@20 : 0.057    precision@30 : 0.0451    precision@50 : 0.0315    map@1 : 0.2056    map@2 : 0.2031    map@3 : 0.2097    map@4 : 0.2152    map@5 : 0.2203    map@10 : 0.2358    map@20 : 0.2501    map@30 : 0.2563    map@50 : 0.2609
Sun 15 Mar 2026 22:55:02 INFO  Saving current: saved/SCL-Mar-15-2026_22-54-41.pth
Sun 15 Mar 2026 22:55:02 INFO  Saving current best: saved/SCL-Mar-15-2026_22-54-41.pth
Sun 15 Mar 2026 22:55:02 INFO  Running E-step ! 
Sun 15 Mar 2026 22:55:02 INFO  epoch 57 training [time: 0.20s, train_loss1: 2.9287, train_loss2: 0.0407, train_loss3: 0.0000, train_loss4: 0.0042]
Sun 15 Mar 2026 22:55:02 INFO  epoch 57 evaluating [time: 0.15s, valid_score: 0.313900]
Sun 15 Mar 2026 22:55:02 INFO  valid result: 
recall@1 : 0.1339    recall@2 : 0.211    recall@3 : 0.271    recall@4 : 0.3121    recall@5 : 0.3442    recall@10 : 0.4513    recall@20 : 0.5946    recall@30 : 0.677    recall@50 : 0.7539    ndcg@1 : 0.205    ndcg@2 : 0.2296    ndcg@3 : 0.2493    ndcg@4 : 0.2645    ndcg@5 : 0.2761    ndcg@10 : 0.3139    ndcg@20 : 0.3572    ndcg@30 : 0.3793    ndcg@50 : 0.3984    precision@1 : 0.205    precision@2 : 0.1704    precision@3 : 0.1454    precision@4 : 0.1302    precision@5 : 0.1169    precision@10 : 0.081    precision@20 : 0.0572    precision@30 : 0.0451    precision@50 : 0.0316    map@1 : 0.205    map@2 : 0.2032    map@3 : 0.2098    map@4 : 0.2156    map@5 : 0.2206    map@10 : 0.2362    map@20 : 0.2506    map@30 : 0.2567    map@50 : 0.2613
Sun 15 Mar 2026 22:55:02 INFO  Saving current: saved/SCL-Mar-15-2026_22-54-41.pth
Sun 15 Mar 2026 22:55:02 INFO  Saving current best: saved/SCL-Mar-15-2026_22-54-41.pth
Sun 15 Mar 2026 22:55:02 INFO  Running E-step ! 
Sun 15 Mar 2026 22:55:02 INFO  epoch 58 training [time: 0.18s, train_loss1: 2.9040, train_loss2: 0.0407, train_loss3: 0.0000, train_loss4: 0.0040]
Sun 15 Mar 2026 22:55:02 INFO  epoch 58 evaluating [time: 0.15s, valid_score: 0.314400]
Sun 15 Mar 2026 22:55:02 INFO  valid result: 
recall@1 : 0.1343    recall@2 : 0.2119    recall@3 : 0.2711    recall@4 : 0.3123    recall@5 : 0.3439    recall@10 : 0.4515    recall@20 : 0.5958    recall@30 : 0.6785    recall@50 : 0.7551    ndcg@1 : 0.2068    ndcg@2 : 0.2308    ndcg@3 : 0.2499    ndcg@4 : 0.265    ndcg@5 : 0.2764    ndcg@10 : 0.3144    ndcg@20 : 0.3581    ndcg@30 : 0.3801    ndcg@50 : 0.3993    precision@1 : 0.2068    precision@2 : 0.1713    precision@3 : 0.1458    precision@4 : 0.1301    precision@5 : 0.117    precision@10 : 0.081    precision@20 : 0.0575    precision@30 : 0.0452    precision@50 : 0.0317    map@1 : 0.2068    map@2 : 0.2043    map@3 : 0.2103    map@4 : 0.216    map@5 : 0.221    map@10 : 0.2366    map@20 : 0.2512    map@30 : 0.2572    map@50 : 0.2619
Sun 15 Mar 2026 22:55:02 INFO  Saving current: saved/SCL-Mar-15-2026_22-54-41.pth
Sun 15 Mar 2026 22:55:02 INFO  Saving current best: saved/SCL-Mar-15-2026_22-54-41.pth
Sun 15 Mar 2026 22:55:02 INFO  Running E-step ! 
Sun 15 Mar 2026 22:55:03 INFO  epoch 59 training [time: 0.18s, train_loss1: 2.9149, train_loss2: 0.0407, train_loss3: 0.0000, train_loss4: 0.0040]
Sun 15 Mar 2026 22:55:03 INFO  epoch 59 evaluating [time: 0.16s, valid_score: 0.314500]
Sun 15 Mar 2026 22:55:03 INFO  valid result: 
recall@1 : 0.1341    recall@2 : 0.2119    recall@3 : 0.2714    recall@4 : 0.3118    recall@5 : 0.3445    recall@10 : 0.4518    recall@20 : 0.5963    recall@30 : 0.6789    recall@50 : 0.7557    ndcg@1 : 0.2062    ndcg@2 : 0.2307    ndcg@3 : 0.2501    ndcg@4 : 0.2646    ndcg@5 : 0.2765    ndcg@10 : 0.3145    ndcg@20 : 0.3581    ndcg@30 : 0.3804    ndcg@50 : 0.3995    precision@1 : 0.2062    precision@2 : 0.1713    precision@3 : 0.1462    precision@4 : 0.1299    precision@5 : 0.1172    precision@10 : 0.0811    precision@20 : 0.0574    precision@30 : 0.0453    precision@50 : 0.0317    map@1 : 0.2062    map@2 : 0.2041    map@3 : 0.2105    map@4 : 0.2159    map@5 : 0.221    map@10 : 0.2367    map@20 : 0.2512    map@30 : 0.2574    map@50 : 0.2621
Sun 15 Mar 2026 22:55:03 INFO  Saving current: saved/SCL-Mar-15-2026_22-54-41.pth
Sun 15 Mar 2026 22:55:03 INFO  Saving current best: saved/SCL-Mar-15-2026_22-54-41.pth
Sun 15 Mar 2026 22:55:03 INFO  Running E-step ! 
Sun 15 Mar 2026 22:55:03 INFO  epoch 60 training [time: 0.20s, train_loss1: 2.9578, train_loss2: 0.0407, train_loss3: 0.0000, train_loss4: 0.0038]
Sun 15 Mar 2026 22:55:03 INFO  epoch 60 evaluating [time: 0.15s, valid_score: 0.314600]
Sun 15 Mar 2026 22:55:03 INFO  valid result: 
recall@1 : 0.1343    recall@2 : 0.2122    recall@3 : 0.2696    recall@4 : 0.3103    recall@5 : 0.345    recall@10 : 0.4518    recall@20 : 0.597    recall@30 : 0.6804    recall@50 : 0.7564    ndcg@1 : 0.2068    ndcg@2 : 0.2313    ndcg@3 : 0.2493    ndcg@4 : 0.264    ndcg@5 : 0.2769    ndcg@10 : 0.3146    ndcg@20 : 0.3585    ndcg@30 : 0.3809    ndcg@50 : 0.3998    precision@1 : 0.2068    precision@2 : 0.1719    precision@3 : 0.1454    precision@4 : 0.1295    precision@5 : 0.1176    precision@10 : 0.0813    precision@20 : 0.0576    precision@30 : 0.0455    precision@50 : 0.0318    map@1 : 0.2068    map@2 : 0.2046    map@3 : 0.2099    map@4 : 0.2155    map@5 : 0.2212    map@10 : 0.2368    map@20 : 0.2513    map@30 : 0.2576    map@50 : 0.2622
Sun 15 Mar 2026 22:55:03 INFO  Saving current: saved/SCL-Mar-15-2026_22-54-41.pth
Sun 15 Mar 2026 22:55:03 INFO  Saving current best: saved/SCL-Mar-15-2026_22-54-41.pth
Sun 15 Mar 2026 22:55:03 INFO  Running E-step ! 
Sun 15 Mar 2026 22:55:03 INFO  epoch 61 training [time: 0.19s, train_loss1: 2.9126, train_loss2: 0.0407, train_loss3: 0.0000, train_loss4: 0.0038]
Sun 15 Mar 2026 22:55:04 INFO  epoch 61 evaluating [time: 0.16s, valid_score: 0.314800]
Sun 15 Mar 2026 22:55:04 INFO  valid result: 
recall@1 : 0.1343    recall@2 : 0.2122    recall@3 : 0.269    recall@4 : 0.3094    recall@5 : 0.3447    recall@10 : 0.4528    recall@20 : 0.6001    recall@30 : 0.6814    recall@50 : 0.7566    ndcg@1 : 0.2068    ndcg@2 : 0.2313    ndcg@3 : 0.2488    ndcg@4 : 0.2636    ndcg@5 : 0.2767    ndcg@10 : 0.3148    ndcg@20 : 0.3592    ndcg@30 : 0.3811    ndcg@50 : 0.3998    precision@1 : 0.2068    precision@2 : 0.1719    precision@3 : 0.145    precision@4 : 0.1293    precision@5 : 0.1178    precision@10 : 0.0816    precision@20 : 0.058    precision@30 : 0.0455    precision@50 : 0.0318    map@1 : 0.2068    map@2 : 0.2046    map@3 : 0.2097    map@4 : 0.2152    map@5 : 0.2211    map@10 : 0.2368    map@20 : 0.2515    map@30 : 0.2576    map@50 : 0.2622
Sun 15 Mar 2026 22:55:04 INFO  Saving current: saved/SCL-Mar-15-2026_22-54-41.pth
Sun 15 Mar 2026 22:55:04 INFO  Saving current best: saved/SCL-Mar-15-2026_22-54-41.pth
Sun 15 Mar 2026 22:55:04 INFO  Running E-step ! 
Sun 15 Mar 2026 22:55:04 INFO  epoch 62 training [time: 0.19s, train_loss1: 2.8689, train_loss2: 0.0407, train_loss3: 0.0000, train_loss4: 0.0037]
Sun 15 Mar 2026 22:55:04 INFO  epoch 62 evaluating [time: 0.15s, valid_score: 0.315300]
Sun 15 Mar 2026 22:55:04 INFO  valid result: 
recall@1 : 0.1342    recall@2 : 0.2138    recall@3 : 0.269    recall@4 : 0.3113    recall@5 : 0.3446    recall@10 : 0.4537    recall@20 : 0.6    recall@30 : 0.6821    recall@50 : 0.7589    ndcg@1 : 0.2068    ndcg@2 : 0.2322    ndcg@3 : 0.2493    ndcg@4 : 0.2646    ndcg@5 : 0.277    ndcg@10 : 0.3153    ndcg@20 : 0.3596    ndcg@30 : 0.3816    ndcg@50 : 0.4007    precision@1 : 0.2068    precision@2 : 0.1728    precision@3 : 0.1454    precision@4 : 0.1299    precision@5 : 0.1178    precision@10 : 0.0816    precision@20 : 0.058    precision@30 : 0.0456    precision@50 : 0.0319    map@1 : 0.2068    map@2 : 0.2053    map@3 : 0.2101    map@4 : 0.2161    map@5 : 0.2215    map@10 : 0.2372    map@20 : 0.2519    map@30 : 0.2581    map@50 : 0.2627
Sun 15 Mar 2026 22:55:04 INFO  Saving current: saved/SCL-Mar-15-2026_22-54-41.pth
Sun 15 Mar 2026 22:55:04 INFO  Saving current best: saved/SCL-Mar-15-2026_22-54-41.pth
Sun 15 Mar 2026 22:55:04 INFO  Running E-step ! 
Sun 15 Mar 2026 22:55:04 INFO  epoch 63 training [time: 0.19s, train_loss1: 2.8954, train_loss2: 0.0407, train_loss3: 0.0000, train_loss4: 0.0037]
Sun 15 Mar 2026 22:55:04 INFO  epoch 63 evaluating [time: 0.15s, valid_score: 0.315500]
Sun 15 Mar 2026 22:55:04 INFO  valid result: 
recall@1 : 0.134    recall@2 : 0.2129    recall@3 : 0.2695    recall@4 : 0.3114    recall@5 : 0.3441    recall@10 : 0.4541    recall@20 : 0.6019    recall@30 : 0.6833    recall@50 : 0.7594    ndcg@1 : 0.208    ndcg@2 : 0.2319    ndcg@3 : 0.2499    ndcg@4 : 0.2647    ndcg@5 : 0.2768    ndcg@10 : 0.3155    ndcg@20 : 0.3601    ndcg@30 : 0.382    ndcg@50 : 0.4009    precision@1 : 0.208    precision@2 : 0.1725    precision@3 : 0.1462    precision@4 : 0.1299    precision@5 : 0.1176    precision@10 : 0.0818    precision@20 : 0.0583    precision@30 : 0.0458    precision@50 : 0.032    map@1 : 0.208    map@2 : 0.205    map@3 : 0.2106    map@4 : 0.2161    map@5 : 0.2213    map@10 : 0.2371    map@20 : 0.2519    map@30 : 0.2581    map@50 : 0.2627
Sun 15 Mar 2026 22:55:04 INFO  Saving current: saved/SCL-Mar-15-2026_22-54-41.pth
Sun 15 Mar 2026 22:55:04 INFO  Saving current best: saved/SCL-Mar-15-2026_22-54-41.pth
Sun 15 Mar 2026 22:55:04 INFO  Running E-step ! 
Sun 15 Mar 2026 22:55:04 INFO  epoch 64 training [time: 0.19s, train_loss1: 2.8326, train_loss2: 0.0406, train_loss3: 0.0000, train_loss4: 0.0035]
Sun 15 Mar 2026 22:55:05 INFO  epoch 64 evaluating [time: 0.15s, valid_score: 0.315800]
Sun 15 Mar 2026 22:55:05 INFO  valid result: 
recall@1 : 0.1341    recall@2 : 0.2133    recall@3 : 0.2698    recall@4 : 0.3126    recall@5 : 0.3436    recall@10 : 0.4541    recall@20 : 0.6026    recall@30 : 0.6841    recall@50 : 0.7585    ndcg@1 : 0.2086    ndcg@2 : 0.2322    ndcg@3 : 0.2503    ndcg@4 : 0.2656    ndcg@5 : 0.2769    ndcg@10 : 0.3158    ndcg@20 : 0.3607    ndcg@30 : 0.3825    ndcg@50 : 0.4011    precision@1 : 0.2086    precision@2 : 0.1725    precision@3 : 0.1466    precision@4 : 0.1307    precision@5 : 0.1176    precision@10 : 0.0819    precision@20 : 0.0585    precision@30 : 0.0458    precision@50 : 0.0319    map@1 : 0.2086    map@2 : 0.2053    map@3 : 0.2109    map@4 : 0.2168    map@5 : 0.2215    map@10 : 0.2374    map@20 : 0.2524    map@30 : 0.2585    map@50 : 0.263
Sun 15 Mar 2026 22:55:05 INFO  Saving current: saved/SCL-Mar-15-2026_22-54-41.pth
Sun 15 Mar 2026 22:55:05 INFO  Saving current best: saved/SCL-Mar-15-2026_22-54-41.pth
Sun 15 Mar 2026 22:55:05 INFO  Running E-step ! 
Sun 15 Mar 2026 22:55:05 INFO  epoch 65 training [time: 0.17s, train_loss1: 2.8417, train_loss2: 0.0406, train_loss3: 0.0000, train_loss4: 0.0034]
Sun 15 Mar 2026 22:55:05 INFO  epoch 65 evaluating [time: 0.15s, valid_score: 0.316100]
Sun 15 Mar 2026 22:55:05 INFO  valid result: 
recall@1 : 0.1339    recall@2 : 0.2142    recall@3 : 0.2697    recall@4 : 0.3134    recall@5 : 0.3439    recall@10 : 0.4545    recall@20 : 0.6019    recall@30 : 0.6849    recall@50 : 0.7586    ndcg@1 : 0.208    ndcg@2 : 0.2327    ndcg@3 : 0.2503    ndcg@4 : 0.266    ndcg@5 : 0.2771    ndcg@10 : 0.3161    ndcg@20 : 0.3606    ndcg@30 : 0.3828    ndcg@50 : 0.4013    precision@1 : 0.208    precision@2 : 0.1731    precision@3 : 0.1466    precision@4 : 0.131    precision@5 : 0.1179    precision@10 : 0.0821    precision@20 : 0.0584    precision@30 : 0.0458    precision@50 : 0.032    map@1 : 0.208    map@2 : 0.2056    map@3 : 0.2108    map@4 : 0.2171    map@5 : 0.2217    map@10 : 0.2376    map@20 : 0.2525    map@30 : 0.2587    map@50 : 0.2633
Sun 15 Mar 2026 22:55:05 INFO  Saving current: saved/SCL-Mar-15-2026_22-54-41.pth
Sun 15 Mar 2026 22:55:05 INFO  Saving current best: saved/SCL-Mar-15-2026_22-54-41.pth
Sun 15 Mar 2026 22:55:05 INFO  Running E-step ! 
Sun 15 Mar 2026 22:55:05 INFO  epoch 66 training [time: 0.19s, train_loss1: 2.8634, train_loss2: 0.0405, train_loss3: 0.0000, train_loss4: 0.0034]
Sun 15 Mar 2026 22:55:05 INFO  epoch 66 evaluating [time: 0.15s, valid_score: 0.316000]
Sun 15 Mar 2026 22:55:05 INFO  valid result: 
recall@1 : 0.1337    recall@2 : 0.2133    recall@3 : 0.2697    recall@4 : 0.3129    recall@5 : 0.3431    recall@10 : 0.4551    recall@20 : 0.6032    recall@30 : 0.6844    recall@50 : 0.7612    ndcg@1 : 0.2074    ndcg@2 : 0.2319    ndcg@3 : 0.25    ndcg@4 : 0.2654    ndcg@5 : 0.2766    ndcg@10 : 0.316    ndcg@20 : 0.3607    ndcg@30 : 0.3826    ndcg@50 : 0.4017    precision@1 : 0.2074    precision@2 : 0.1725    precision@3 : 0.1466    precision@4 : 0.1307    precision@5 : 0.1176    precision@10 : 0.0821    precision@20 : 0.0585    precision@30 : 0.0459    precision@50 : 0.0321    map@1 : 0.2074    map@2 : 0.205    map@3 : 0.2105    map@4 : 0.2167    map@5 : 0.2212    map@10 : 0.2375    map@20 : 0.2524    map@30 : 0.2586    map@50 : 0.2632
Sun 15 Mar 2026 22:55:05 INFO  Running E-step ! 
Sun 15 Mar 2026 22:55:05 INFO  epoch 67 training [time: 0.19s, train_loss1: 2.8062, train_loss2: 0.0405, train_loss3: 0.0000, train_loss4: 0.0033]
Sun 15 Mar 2026 22:55:06 INFO  epoch 67 evaluating [time: 0.15s, valid_score: 0.316300]
Sun 15 Mar 2026 22:55:06 INFO  valid result: 
recall@1 : 0.1343    recall@2 : 0.2132    recall@3 : 0.2702    recall@4 : 0.3132    recall@5 : 0.344    recall@10 : 0.4551    recall@20 : 0.6021    recall@30 : 0.6837    recall@50 : 0.7626    ndcg@1 : 0.208    ndcg@2 : 0.2321    ndcg@3 : 0.2505    ndcg@4 : 0.2658    ndcg@5 : 0.2773    ndcg@10 : 0.3163    ndcg@20 : 0.3609    ndcg@30 : 0.3828    ndcg@50 : 0.4024    precision@1 : 0.208    precision@2 : 0.1725    precision@3 : 0.1468    precision@4 : 0.1307    precision@5 : 0.118    precision@10 : 0.0822    precision@20 : 0.0585    precision@30 : 0.0458    precision@50 : 0.0321    map@1 : 0.208    map@2 : 0.2053    map@3 : 0.2112    map@4 : 0.2171    map@5 : 0.2218    map@10 : 0.2379    map@20 : 0.2528    map@30 : 0.259    map@50 : 0.2638
Sun 15 Mar 2026 22:55:06 INFO  Saving current: saved/SCL-Mar-15-2026_22-54-41.pth
Sun 15 Mar 2026 22:55:06 INFO  Saving current best: saved/SCL-Mar-15-2026_22-54-41.pth
Sun 15 Mar 2026 22:55:06 INFO  Running E-step ! 
Sun 15 Mar 2026 22:55:06 INFO  epoch 68 training [time: 0.18s, train_loss1: 2.8307, train_loss2: 0.0405, train_loss3: 0.0000, train_loss4: 0.0032]
Sun 15 Mar 2026 22:55:06 INFO  epoch 68 evaluating [time: 0.15s, valid_score: 0.317000]
Sun 15 Mar 2026 22:55:06 INFO  valid result: 
recall@1 : 0.1349    recall@2 : 0.2136    recall@3 : 0.2691    recall@4 : 0.312    recall@5 : 0.3446    recall@10 : 0.4565    recall@20 : 0.6041    recall@30 : 0.6846    recall@50 : 0.7618    ndcg@1 : 0.2086    ndcg@2 : 0.2326    ndcg@3 : 0.2501    ndcg@4 : 0.2657    ndcg@5 : 0.2777    ndcg@10 : 0.317    ndcg@20 : 0.3616    ndcg@30 : 0.3833    ndcg@50 : 0.4025    precision@1 : 0.2086    precision@2 : 0.1728    precision@3 : 0.1462    precision@4 : 0.1308    precision@5 : 0.1182    precision@10 : 0.0826    precision@20 : 0.0587    precision@30 : 0.0459    precision@50 : 0.0321    map@1 : 0.2086    map@2 : 0.2058    map@3 : 0.2111    map@4 : 0.2173    map@5 : 0.2222    map@10 : 0.2383    map@20 : 0.2533    map@30 : 0.2594    map@50 : 0.2641
Sun 15 Mar 2026 22:55:06 INFO  Saving current: saved/SCL-Mar-15-2026_22-54-41.pth
Sun 15 Mar 2026 22:55:06 INFO  Saving current best: saved/SCL-Mar-15-2026_22-54-41.pth
Sun 15 Mar 2026 22:55:06 INFO  Running E-step ! 
Sun 15 Mar 2026 22:55:06 INFO  epoch 69 training [time: 0.19s, train_loss1: 2.8233, train_loss2: 0.0404, train_loss3: 0.0000, train_loss4: 0.0032]
Sun 15 Mar 2026 22:55:06 INFO  epoch 69 evaluating [time: 0.15s, valid_score: 0.317600]
Sun 15 Mar 2026 22:55:06 INFO  valid result: 
recall@1 : 0.1347    recall@2 : 0.2134    recall@3 : 0.2686    recall@4 : 0.3122    recall@5 : 0.3455    recall@10 : 0.4585    recall@20 : 0.6051    recall@30 : 0.6858    recall@50 : 0.7629    ndcg@1 : 0.208    ndcg@2 : 0.2322    ndcg@3 : 0.2498    ndcg@4 : 0.2658    ndcg@5 : 0.2781    ndcg@10 : 0.3176    ndcg@20 : 0.362    ndcg@30 : 0.3836    ndcg@50 : 0.4027    precision@1 : 0.208    precision@2 : 0.1725    precision@3 : 0.1462    precision@4 : 0.1314    precision@5 : 0.1187    precision@10 : 0.083    precision@20 : 0.0589    precision@30 : 0.0461    precision@50 : 0.0322    map@1 : 0.208    map@2 : 0.2055    map@3 : 0.2109    map@4 : 0.2173    map@5 : 0.2223    map@10 : 0.2386    map@20 : 0.2534    map@30 : 0.2595    map@50 : 0.2642
Sun 15 Mar 2026 22:55:06 INFO  Saving current: saved/SCL-Mar-15-2026_22-54-41.pth
Sun 15 Mar 2026 22:55:06 INFO  Saving current best: saved/SCL-Mar-15-2026_22-54-41.pth
Sun 15 Mar 2026 22:55:06 INFO  Running E-step ! 
Sun 15 Mar 2026 22:55:07 INFO  epoch 70 training [time: 0.20s, train_loss1: 2.7688, train_loss2: 0.0404, train_loss3: 0.0000, train_loss4: 0.0031]
Sun 15 Mar 2026 22:55:07 INFO  epoch 70 evaluating [time: 0.15s, valid_score: 0.318300]
Sun 15 Mar 2026 22:55:07 INFO  valid result: 
recall@1 : 0.1358    recall@2 : 0.2134    recall@3 : 0.2697    recall@4 : 0.3137    recall@5 : 0.3461    recall@10 : 0.4581    recall@20 : 0.6062    recall@30 : 0.6857    recall@50 : 0.7646    ndcg@1 : 0.211    ndcg@2 : 0.2329    ndcg@3 : 0.2512    ndcg@4 : 0.2672    ndcg@5 : 0.2791    ndcg@10 : 0.3183    ndcg@20 : 0.3632    ndcg@30 : 0.3845    ndcg@50 : 0.404    precision@1 : 0.211    precision@2 : 0.1725    precision@3 : 0.1472    precision@4 : 0.132    precision@5 : 0.119    precision@10 : 0.083    precision@20 : 0.0591    precision@30 : 0.0461    precision@50 : 0.0322    map@1 : 0.211    map@2 : 0.2062    map@3 : 0.2121    map@4 : 0.2185    map@5 : 0.2232    map@10 : 0.2394    map@20 : 0.2545    map@30 : 0.2605    map@50 : 0.2652
Sun 15 Mar 2026 22:55:07 INFO  Saving current: saved/SCL-Mar-15-2026_22-54-41.pth
Sun 15 Mar 2026 22:55:07 INFO  Saving current best: saved/SCL-Mar-15-2026_22-54-41.pth
Sun 15 Mar 2026 22:55:07 INFO  Running E-step ! 
Sun 15 Mar 2026 22:55:07 INFO  epoch 71 training [time: 0.18s, train_loss1: 2.7833, train_loss2: 0.0403, train_loss3: 0.0000, train_loss4: 0.0030]
Sun 15 Mar 2026 22:55:07 INFO  epoch 71 evaluating [time: 0.15s, valid_score: 0.318300]
Sun 15 Mar 2026 22:55:07 INFO  valid result: 
recall@1 : 0.1359    recall@2 : 0.214    recall@3 : 0.2698    recall@4 : 0.3141    recall@5 : 0.3468    recall@10 : 0.4574    recall@20 : 0.6056    recall@30 : 0.6863    recall@50 : 0.7668    ndcg@1 : 0.2116    ndcg@2 : 0.2334    ndcg@3 : 0.2516    ndcg@4 : 0.2675    ndcg@5 : 0.2796    ndcg@10 : 0.3183    ndcg@20 : 0.3633    ndcg@30 : 0.3849    ndcg@50 : 0.4046    precision@1 : 0.2116    precision@2 : 0.1728    precision@3 : 0.1474    precision@4 : 0.132    precision@5 : 0.1193    precision@10 : 0.0829    precision@20 : 0.0592    precision@30 : 0.0462    precision@50 : 0.0323    map@1 : 0.2116    map@2 : 0.2066    map@3 : 0.2124    map@4 : 0.2188    map@5 : 0.2236    map@10 : 0.2395    map@20 : 0.2547    map@30 : 0.2608    map@50 : 0.2655
Sun 15 Mar 2026 22:55:07 INFO  Saving current: saved/SCL-Mar-15-2026_22-54-41.pth
Sun 15 Mar 2026 22:55:07 INFO  Saving current best: saved/SCL-Mar-15-2026_22-54-41.pth
Sun 15 Mar 2026 22:55:07 INFO  Running E-step ! 
Sun 15 Mar 2026 22:55:07 INFO  epoch 72 training [time: 0.18s, train_loss1: 2.8105, train_loss2: 0.0402, train_loss3: 0.0000, train_loss4: 0.0031]
Sun 15 Mar 2026 22:55:07 INFO  epoch 72 evaluating [time: 0.15s, valid_score: 0.318700]
Sun 15 Mar 2026 22:55:07 INFO  valid result: 
recall@1 : 0.1357    recall@2 : 0.2128    recall@3 : 0.2706    recall@4 : 0.314    recall@5 : 0.3465    recall@10 : 0.4589    recall@20 : 0.6062    recall@30 : 0.6849    recall@50 : 0.7688    ndcg@1 : 0.2116    ndcg@2 : 0.2327    ndcg@3 : 0.2518    ndcg@4 : 0.2675    ndcg@5 : 0.2793    ndcg@10 : 0.3187    ndcg@20 : 0.3633    ndcg@30 : 0.3844    ndcg@50 : 0.4049    precision@1 : 0.2116    precision@2 : 0.1722    precision@3 : 0.1478    precision@4 : 0.1322    precision@5 : 0.1192    precision@10 : 0.0833    precision@20 : 0.0592    precision@30 : 0.0461    precision@50 : 0.0324    map@1 : 0.2116    map@2 : 0.206    map@3 : 0.2124    map@4 : 0.2187    map@5 : 0.2233    map@10 : 0.2396    map@20 : 0.2546    map@30 : 0.2606    map@50 : 0.2654
Sun 15 Mar 2026 22:55:07 INFO  Saving current: saved/SCL-Mar-15-2026_22-54-41.pth
Sun 15 Mar 2026 22:55:07 INFO  Saving current best: saved/SCL-Mar-15-2026_22-54-41.pth
Sun 15 Mar 2026 22:55:07 INFO  Running E-step ! 
Sun 15 Mar 2026 22:55:08 INFO  epoch 73 training [time: 0.18s, train_loss1: 2.7716, train_loss2: 0.0402, train_loss3: 0.0000, train_loss4: 0.0031]
Sun 15 Mar 2026 22:55:08 INFO  epoch 73 evaluating [time: 0.15s, valid_score: 0.319300]
Sun 15 Mar 2026 22:55:08 INFO  valid result: 
recall@1 : 0.1358    recall@2 : 0.2144    recall@3 : 0.2702    recall@4 : 0.3144    recall@5 : 0.3465    recall@10 : 0.4597    recall@20 : 0.6078    recall@30 : 0.6844    recall@50 : 0.7699    ndcg@1 : 0.2122    ndcg@2 : 0.234    ndcg@3 : 0.252    ndcg@4 : 0.268    ndcg@5 : 0.2796    ndcg@10 : 0.3193    ndcg@20 : 0.3641    ndcg@30 : 0.3848    ndcg@50 : 0.4056    precision@1 : 0.2122    precision@2 : 0.1734    precision@3 : 0.1478    precision@4 : 0.1323    precision@5 : 0.1192    precision@10 : 0.0834    precision@20 : 0.0593    precision@30 : 0.0461    precision@50 : 0.0324    map@1 : 0.2122    map@2 : 0.2071    map@3 : 0.2127    map@4 : 0.2191    map@5 : 0.2237    map@10 : 0.2401    map@20 : 0.2552    map@30 : 0.2611    map@50 : 0.2659
Sun 15 Mar 2026 22:55:08 INFO  Saving current: saved/SCL-Mar-15-2026_22-54-41.pth
Sun 15 Mar 2026 22:55:08 INFO  Saving current best: saved/SCL-Mar-15-2026_22-54-41.pth
Sun 15 Mar 2026 22:55:08 INFO  Running E-step ! 
Sun 15 Mar 2026 22:55:08 INFO  epoch 74 training [time: 0.19s, train_loss1: 2.7377, train_loss2: 0.0401, train_loss3: 0.0000, train_loss4: 0.0031]
Sun 15 Mar 2026 22:55:08 INFO  epoch 74 evaluating [time: 0.15s, valid_score: 0.319900]
Sun 15 Mar 2026 22:55:08 INFO  valid result: 
recall@1 : 0.1361    recall@2 : 0.2152    recall@3 : 0.2703    recall@4 : 0.3135    recall@5 : 0.3464    recall@10 : 0.4604    recall@20 : 0.6076    recall@30 : 0.6849    recall@50 : 0.7701    ndcg@1 : 0.2128    ndcg@2 : 0.235    ndcg@3 : 0.2525    ndcg@4 : 0.2681    ndcg@5 : 0.2799    ndcg@10 : 0.3199    ndcg@20 : 0.3645    ndcg@30 : 0.3854    ndcg@50 : 0.4061    precision@1 : 0.2128    precision@2 : 0.1743    precision@3 : 0.148    precision@4 : 0.1324    precision@5 : 0.1193    precision@10 : 0.0837    precision@20 : 0.0594    precision@30 : 0.0462    precision@50 : 0.0324    map@1 : 0.2128    map@2 : 0.2081    map@3 : 0.2132    map@4 : 0.2194    map@5 : 0.2241    map@10 : 0.2406    map@20 : 0.2556    map@30 : 0.2616    map@50 : 0.2665
Sun 15 Mar 2026 22:55:08 INFO  Saving current: saved/SCL-Mar-15-2026_22-54-41.pth
Sun 15 Mar 2026 22:55:08 INFO  Saving current best: saved/SCL-Mar-15-2026_22-54-41.pth
Sun 15 Mar 2026 22:55:08 INFO  Running E-step ! 
Sun 15 Mar 2026 22:55:08 INFO  epoch 75 training [time: 0.17s, train_loss1: 2.7543, train_loss2: 0.0401, train_loss3: 0.0000, train_loss4: 0.0031]
Sun 15 Mar 2026 22:55:08 INFO  epoch 75 evaluating [time: 0.15s, valid_score: 0.320400]
Sun 15 Mar 2026 22:55:08 INFO  valid result: 
recall@1 : 0.1361    recall@2 : 0.2153    recall@3 : 0.2703    recall@4 : 0.3137    recall@5 : 0.347    recall@10 : 0.4615    recall@20 : 0.6071    recall@30 : 0.6845    recall@50 : 0.7707    ndcg@1 : 0.2128    ndcg@2 : 0.235    ndcg@3 : 0.2525    ndcg@4 : 0.2683    ndcg@5 : 0.2802    ndcg@10 : 0.3204    ndcg@20 : 0.3646    ndcg@30 : 0.3854    ndcg@50 : 0.4064    precision@1 : 0.2128    precision@2 : 0.1743    precision@3 : 0.148    precision@4 : 0.1327    precision@5 : 0.1195    precision@10 : 0.0839    precision@20 : 0.0594    precision@30 : 0.0461    precision@50 : 0.0325    map@1 : 0.2128    map@2 : 0.2081    map@3 : 0.2131    map@4 : 0.2195    map@5 : 0.2243    map@10 : 0.2408    map@20 : 0.2558    map@30 : 0.2617    map@50 : 0.2667
Sun 15 Mar 2026 22:55:08 INFO  Saving current: saved/SCL-Mar-15-2026_22-54-41.pth
Sun 15 Mar 2026 22:55:08 INFO  Saving current best: saved/SCL-Mar-15-2026_22-54-41.pth
Sun 15 Mar 2026 22:55:08 INFO  Running E-step ! 
Sun 15 Mar 2026 22:55:09 INFO  epoch 76 training [time: 0.19s, train_loss1: 2.7059, train_loss2: 0.0400, train_loss3: 0.0000, train_loss4: 0.0031]
Sun 15 Mar 2026 22:55:09 INFO  epoch 76 evaluating [time: 0.15s, valid_score: 0.321300]
Sun 15 Mar 2026 22:55:09 INFO  valid result: 
recall@1 : 0.1368    recall@2 : 0.2139    recall@3 : 0.2701    recall@4 : 0.3128    recall@5 : 0.3461    recall@10 : 0.4634    recall@20 : 0.6084    recall@30 : 0.6835    recall@50 : 0.7725    ndcg@1 : 0.2139    ndcg@2 : 0.2348    ndcg@3 : 0.2527    ndcg@4 : 0.2682    ndcg@5 : 0.2802    ndcg@10 : 0.3213    ndcg@20 : 0.3651    ndcg@30 : 0.3855    ndcg@50 : 0.407    precision@1 : 0.2139    precision@2 : 0.174    precision@3 : 0.1482    precision@4 : 0.1327    precision@5 : 0.1198    precision@10 : 0.0844    precision@20 : 0.0595    precision@30 : 0.0461    precision@50 : 0.0325    map@1 : 0.2139    map@2 : 0.2083    map@3 : 0.2136    map@4 : 0.2194    map@5 : 0.2245    map@10 : 0.2412    map@20 : 0.2561    map@30 : 0.2619    map@50 : 0.267
Sun 15 Mar 2026 22:55:09 INFO  Saving current: saved/SCL-Mar-15-2026_22-54-41.pth
Sun 15 Mar 2026 22:55:09 INFO  Saving current best: saved/SCL-Mar-15-2026_22-54-41.pth
Sun 15 Mar 2026 22:55:09 INFO  Running E-step ! 
Sun 15 Mar 2026 22:55:09 INFO  epoch 77 training [time: 0.19s, train_loss1: 2.7384, train_loss2: 0.0399, train_loss3: 0.0000, train_loss4: 0.0030]
Sun 15 Mar 2026 22:55:09 INFO  epoch 77 evaluating [time: 0.15s, valid_score: 0.321400]
Sun 15 Mar 2026 22:55:09 INFO  valid result: 
recall@1 : 0.1362    recall@2 : 0.2132    recall@3 : 0.2702    recall@4 : 0.3123    recall@5 : 0.3454    recall@10 : 0.4648    recall@20 : 0.6094    recall@30 : 0.6859    recall@50 : 0.7728    ndcg@1 : 0.2133    ndcg@2 : 0.234    ndcg@3 : 0.2528    ndcg@4 : 0.2679    ndcg@5 : 0.2797    ndcg@10 : 0.3214    ndcg@20 : 0.3651    ndcg@30 : 0.3857    ndcg@50 : 0.4069    precision@1 : 0.2133    precision@2 : 0.1734    precision@3 : 0.1488    precision@4 : 0.133    precision@5 : 0.1198    precision@10 : 0.0847    precision@20 : 0.0595    precision@30 : 0.0462    precision@50 : 0.0326    map@1 : 0.2133    map@2 : 0.2074    map@3 : 0.2134    map@4 : 0.2192    map@5 : 0.224    map@10 : 0.241    map@20 : 0.2558    map@30 : 0.2617    map@50 : 0.2667
Sun 15 Mar 2026 22:55:09 INFO  Saving current: saved/SCL-Mar-15-2026_22-54-41.pth
Sun 15 Mar 2026 22:55:09 INFO  Saving current best: saved/SCL-Mar-15-2026_22-54-41.pth
Sun 15 Mar 2026 22:55:09 INFO  Running E-step ! 
Sun 15 Mar 2026 22:55:09 INFO  epoch 78 training [time: 0.20s, train_loss1: 2.7385, train_loss2: 0.0399, train_loss3: 0.0000, train_loss4: 0.0028]
Sun 15 Mar 2026 22:55:10 INFO  epoch 78 evaluating [time: 0.15s, valid_score: 0.321800]
Sun 15 Mar 2026 22:55:10 INFO  valid result: 
recall@1 : 0.1363    recall@2 : 0.2131    recall@3 : 0.27    recall@4 : 0.3122    recall@5 : 0.3443    recall@10 : 0.4657    recall@20 : 0.6126    recall@30 : 0.6864    recall@50 : 0.774    ndcg@1 : 0.2139    ndcg@2 : 0.2344    ndcg@3 : 0.2529    ndcg@4 : 0.2681    ndcg@5 : 0.2796    ndcg@10 : 0.3218    ndcg@20 : 0.3661    ndcg@30 : 0.386    ndcg@50 : 0.4073    precision@1 : 0.2139    precision@2 : 0.1737    precision@3 : 0.149    precision@4 : 0.1333    precision@5 : 0.1201    precision@10 : 0.0849    precision@20 : 0.0599    precision@30 : 0.0463    precision@50 : 0.0326    map@1 : 0.2139    map@2 : 0.2078    map@3 : 0.2135    map@4 : 0.2193    map@5 : 0.2241    map@10 : 0.2412    map@20 : 0.2562    map@30 : 0.2619    map@50 : 0.2669
Sun 15 Mar 2026 22:55:10 INFO  Saving current: saved/SCL-Mar-15-2026_22-54-41.pth
Sun 15 Mar 2026 22:55:10 INFO  Saving current best: saved/SCL-Mar-15-2026_22-54-41.pth
Sun 15 Mar 2026 22:55:10 INFO  Running E-step ! 
Sun 15 Mar 2026 22:55:10 INFO  epoch 79 training [time: 0.17s, train_loss1: 2.7348, train_loss2: 0.0398, train_loss3: 0.0000, train_loss4: 0.0028]
Sun 15 Mar 2026 22:55:10 INFO  epoch 79 evaluating [time: 0.15s, valid_score: 0.322500]
Sun 15 Mar 2026 22:55:10 INFO  valid result: 
recall@1 : 0.137    recall@2 : 0.2138    recall@3 : 0.2715    recall@4 : 0.3122    recall@5 : 0.3435    recall@10 : 0.4664    recall@20 : 0.6128    recall@30 : 0.6866    recall@50 : 0.7719    ndcg@1 : 0.2139    ndcg@2 : 0.2354    ndcg@3 : 0.2544    ndcg@4 : 0.2686    ndcg@5 : 0.2799    ndcg@10 : 0.3225    ndcg@20 : 0.3666    ndcg@30 : 0.3866    ndcg@50 : 0.4075    precision@1 : 0.2139    precision@2 : 0.1746    precision@3 : 0.1504    precision@4 : 0.1333    precision@5 : 0.1204    precision@10 : 0.085    precision@20 : 0.0599    precision@30 : 0.0464    precision@50 : 0.0326    map@1 : 0.2139    map@2 : 0.2089    map@3 : 0.2148    map@4 : 0.2201    map@5 : 0.2248    map@10 : 0.242    map@20 : 0.2569    map@30 : 0.2626    map@50 : 0.2676
Sun 15 Mar 2026 22:55:10 INFO  Saving current: saved/SCL-Mar-15-2026_22-54-41.pth
Sun 15 Mar 2026 22:55:10 INFO  Saving current best: saved/SCL-Mar-15-2026_22-54-41.pth
Sun 15 Mar 2026 22:55:10 INFO  Running E-step ! 
Sun 15 Mar 2026 22:55:10 INFO  epoch 80 training [time: 0.19s, train_loss1: 2.6698, train_loss2: 0.0397, train_loss3: 0.0000, train_loss4: 0.0027]
Sun 15 Mar 2026 22:55:10 INFO  epoch 80 evaluating [time: 0.15s, valid_score: 0.322500]
Sun 15 Mar 2026 22:55:10 INFO  valid result: 
recall@1 : 0.1369    recall@2 : 0.2134    recall@3 : 0.2728    recall@4 : 0.3129    recall@5 : 0.3442    recall@10 : 0.4657    recall@20 : 0.6145    recall@30 : 0.6874    recall@50 : 0.7739    ndcg@1 : 0.2133    ndcg@2 : 0.2353    ndcg@3 : 0.2555    ndcg@4 : 0.2689    ndcg@5 : 0.2803    ndcg@10 : 0.3225    ndcg@20 : 0.3672    ndcg@30 : 0.3871    ndcg@50 : 0.408    precision@1 : 0.2133    precision@2 : 0.1749    precision@3 : 0.152    precision@4 : 0.1335    precision@5 : 0.1206    precision@10 : 0.085    precision@20 : 0.06    precision@30 : 0.0465    precision@50 : 0.0326    map@1 : 0.2133    map@2 : 0.2087    map@3 : 0.2154    map@4 : 0.2202    map@5 : 0.225    map@10 : 0.2421    map@20 : 0.2571    map@30 : 0.2629    map@50 : 0.2678
Sun 15 Mar 2026 22:55:10 INFO  Saving current: saved/SCL-Mar-15-2026_22-54-41.pth
Sun 15 Mar 2026 22:55:10 INFO  Saving current best: saved/SCL-Mar-15-2026_22-54-41.pth
Sun 15 Mar 2026 22:55:10 INFO  Running E-step ! 
Sun 15 Mar 2026 22:55:10 INFO  epoch 81 training [time: 0.18s, train_loss1: 2.6910, train_loss2: 0.0397, train_loss3: 0.0000, train_loss4: 0.0027]
Sun 15 Mar 2026 22:55:11 INFO  epoch 81 evaluating [time: 0.15s, valid_score: 0.323000]
Sun 15 Mar 2026 22:55:11 INFO  valid result: 
recall@1 : 0.137    recall@2 : 0.2128    recall@3 : 0.2752    recall@4 : 0.3122    recall@5 : 0.3453    recall@10 : 0.4665    recall@20 : 0.6151    recall@30 : 0.6868    recall@50 : 0.7762    ndcg@1 : 0.2139    ndcg@2 : 0.2348    ndcg@3 : 0.257    ndcg@4 : 0.2687    ndcg@5 : 0.2809    ndcg@10 : 0.323    ndcg@20 : 0.3676    ndcg@30 : 0.3872    ndcg@50 : 0.4086    precision@1 : 0.2139    precision@2 : 0.174    precision@3 : 0.1534    precision@4 : 0.1332    precision@5 : 0.1211    precision@10 : 0.0855    precision@20 : 0.0601    precision@30 : 0.0465    precision@50 : 0.0327    map@1 : 0.2139    map@2 : 0.2081    map@3 : 0.2164    map@4 : 0.2201    map@5 : 0.2254    map@10 : 0.2424    map@20 : 0.2574    map@30 : 0.2631    map@50 : 0.2681
Sun 15 Mar 2026 22:55:11 INFO  Saving current: saved/SCL-Mar-15-2026_22-54-41.pth
Sun 15 Mar 2026 22:55:11 INFO  Saving current best: saved/SCL-Mar-15-2026_22-54-41.pth
Sun 15 Mar 2026 22:55:11 INFO  Running E-step ! 
Sun 15 Mar 2026 22:55:11 INFO  epoch 82 training [time: 0.18s, train_loss1: 2.6888, train_loss2: 0.0396, train_loss3: 0.0000, train_loss4: 0.0026]
Sun 15 Mar 2026 22:55:11 INFO  epoch 82 evaluating [time: 0.15s, valid_score: 0.323300]
Sun 15 Mar 2026 22:55:11 INFO  valid result: 
recall@1 : 0.1373    recall@2 : 0.2135    recall@3 : 0.2751    recall@4 : 0.3131    recall@5 : 0.344    recall@10 : 0.4663    recall@20 : 0.6175    recall@30 : 0.6874    recall@50 : 0.7766    ndcg@1 : 0.2139    ndcg@2 : 0.2358    ndcg@3 : 0.2573    ndcg@4 : 0.2695    ndcg@5 : 0.2807    ndcg@10 : 0.3233    ndcg@20 : 0.3685    ndcg@30 : 0.3877    ndcg@50 : 0.4091    precision@1 : 0.2139    precision@2 : 0.1752    precision@3 : 0.1536    precision@4 : 0.1338    precision@5 : 0.1209    precision@10 : 0.0854    precision@20 : 0.0603    precision@30 : 0.0466    precision@50 : 0.0327    map@1 : 0.2139    map@2 : 0.209    map@3 : 0.2168    map@4 : 0.2208    map@5 : 0.2256    map@10 : 0.2427    map@20 : 0.2579    map@30 : 0.2636    map@50 : 0.2685
Sun 15 Mar 2026 22:55:11 INFO  Saving current: saved/SCL-Mar-15-2026_22-54-41.pth
Sun 15 Mar 2026 22:55:11 INFO  Saving current best: saved/SCL-Mar-15-2026_22-54-41.pth
Sun 15 Mar 2026 22:55:11 INFO  Running E-step ! 
Sun 15 Mar 2026 22:55:11 INFO  epoch 83 training [time: 0.19s, train_loss1: 2.6645, train_loss2: 0.0395, train_loss3: 0.0000, train_loss4: 0.0028]
Sun 15 Mar 2026 22:55:11 INFO  epoch 83 evaluating [time: 0.15s, valid_score: 0.324000]
Sun 15 Mar 2026 22:55:11 INFO  valid result: 
recall@1 : 0.1378    recall@2 : 0.2141    recall@3 : 0.2756    recall@4 : 0.3139    recall@5 : 0.3449    recall@10 : 0.4667    recall@20 : 0.6187    recall@30 : 0.6877    recall@50 : 0.7771    ndcg@1 : 0.2151    ndcg@2 : 0.237    ndcg@3 : 0.2581    ndcg@4 : 0.2706    ndcg@5 : 0.2816    ndcg@10 : 0.324    ndcg@20 : 0.3694    ndcg@30 : 0.3884    ndcg@50 : 0.4098    precision@1 : 0.2151    precision@2 : 0.1764    precision@3 : 0.1542    precision@4 : 0.1347    precision@5 : 0.1211    precision@10 : 0.0855    precision@20 : 0.0604    precision@30 : 0.0466    precision@50 : 0.0327    map@1 : 0.2151    map@2 : 0.2104    map@3 : 0.2176    map@4 : 0.2217    map@5 : 0.2263    map@10 : 0.2435    map@20 : 0.2587    map@30 : 0.2643    map@50 : 0.2692
Sun 15 Mar 2026 22:55:11 INFO  Saving current: saved/SCL-Mar-15-2026_22-54-41.pth
Sun 15 Mar 2026 22:55:11 INFO  Saving current best: saved/SCL-Mar-15-2026_22-54-41.pth
Sun 15 Mar 2026 22:55:11 INFO  Running E-step ! 
Sun 15 Mar 2026 22:55:12 INFO  epoch 84 training [time: 0.17s, train_loss1: 2.6897, train_loss2: 0.0394, train_loss3: 0.0000, train_loss4: 0.0025]
Sun 15 Mar 2026 22:55:12 INFO  epoch 84 evaluating [time: 0.15s, valid_score: 0.324500]
Sun 15 Mar 2026 22:55:12 INFO  valid result: 
recall@1 : 0.1378    recall@2 : 0.2143    recall@3 : 0.2744    recall@4 : 0.3153    recall@5 : 0.3448    recall@10 : 0.4679    recall@20 : 0.6171    recall@30 : 0.6889    recall@50 : 0.7787    ndcg@1 : 0.2151    ndcg@2 : 0.237    ndcg@3 : 0.2577    ndcg@4 : 0.2714    ndcg@5 : 0.2815    ndcg@10 : 0.3245    ndcg@20 : 0.3691    ndcg@30 : 0.3887    ndcg@50 : 0.4103    precision@1 : 0.2151    precision@2 : 0.1764    precision@3 : 0.154    precision@4 : 0.1356    precision@5 : 0.121    precision@10 : 0.0859    precision@20 : 0.0602    precision@30 : 0.0466    precision@50 : 0.0328    map@1 : 0.2151    map@2 : 0.2104    map@3 : 0.2173    map@4 : 0.2222    map@5 : 0.2263    map@10 : 0.2438    map@20 : 0.2587    map@30 : 0.2644    map@50 : 0.2694
Sun 15 Mar 2026 22:55:12 INFO  Saving current: saved/SCL-Mar-15-2026_22-54-41.pth
Sun 15 Mar 2026 22:55:12 INFO  Saving current best: saved/SCL-Mar-15-2026_22-54-41.pth
Sun 15 Mar 2026 22:55:12 INFO  Running E-step ! 
Sun 15 Mar 2026 22:55:12 INFO  epoch 85 training [time: 0.19s, train_loss1: 2.6661, train_loss2: 0.0393, train_loss3: 0.0000, train_loss4: 0.0025]
Sun 15 Mar 2026 22:55:12 INFO  epoch 85 evaluating [time: 0.15s, valid_score: 0.324800]
Sun 15 Mar 2026 22:55:12 INFO  valid result: 
recall@1 : 0.1382    recall@2 : 0.2141    recall@3 : 0.2738    recall@4 : 0.3159    recall@5 : 0.3458    recall@10 : 0.4678    recall@20 : 0.6182    recall@30 : 0.6889    recall@50 : 0.7789    ndcg@1 : 0.2157    ndcg@2 : 0.2371    ndcg@3 : 0.2575    ndcg@4 : 0.272    ndcg@5 : 0.2822    ndcg@10 : 0.3248    ndcg@20 : 0.3697    ndcg@30 : 0.389    ndcg@50 : 0.4106    precision@1 : 0.2157    precision@2 : 0.1764    precision@3 : 0.1538    precision@4 : 0.1363    precision@5 : 0.1215    precision@10 : 0.0861    precision@20 : 0.0603    precision@30 : 0.0466    precision@50 : 0.0328    map@1 : 0.2157    map@2 : 0.2105    map@3 : 0.2173    map@4 : 0.2227    map@5 : 0.2267    map@10 : 0.2441    map@20 : 0.259    map@30 : 0.2647    map@50 : 0.2698
Sun 15 Mar 2026 22:55:12 INFO  Saving current: saved/SCL-Mar-15-2026_22-54-41.pth
Sun 15 Mar 2026 22:55:12 INFO  Saving current best: saved/SCL-Mar-15-2026_22-54-41.pth
Sun 15 Mar 2026 22:55:12 INFO  Running E-step ! 
Sun 15 Mar 2026 22:55:12 INFO  epoch 86 training [time: 0.18s, train_loss1: 2.6794, train_loss2: 0.0393, train_loss3: 0.0000, train_loss4: 0.0025]
Sun 15 Mar 2026 22:55:12 INFO  epoch 86 evaluating [time: 0.15s, valid_score: 0.324800]
Sun 15 Mar 2026 22:55:12 INFO  valid result: 
recall@1 : 0.138    recall@2 : 0.2152    recall@3 : 0.2731    recall@4 : 0.3157    recall@5 : 0.3455    recall@10 : 0.4674    recall@20 : 0.6185    recall@30 : 0.6889    recall@50 : 0.779    ndcg@1 : 0.2151    ndcg@2 : 0.2378    ndcg@3 : 0.2577    ndcg@4 : 0.2721    ndcg@5 : 0.2822    ndcg@10 : 0.3248    ndcg@20 : 0.3699    ndcg@30 : 0.3891    ndcg@50 : 0.4108    precision@1 : 0.2151    precision@2 : 0.1773    precision@3 : 0.1545    precision@4 : 0.1363    precision@5 : 0.1213    precision@10 : 0.0861    precision@20 : 0.0604    precision@30 : 0.0467    precision@50 : 0.0328    map@1 : 0.2151    map@2 : 0.2111    map@3 : 0.2177    map@4 : 0.2229    map@5 : 0.227    map@10 : 0.2443    map@20 : 0.2593    map@30 : 0.265    map@50 : 0.27
Sun 15 Mar 2026 22:55:12 INFO  Saving current: saved/SCL-Mar-15-2026_22-54-41.pth
Sun 15 Mar 2026 22:55:12 INFO  Saving current best: saved/SCL-Mar-15-2026_22-54-41.pth
Sun 15 Mar 2026 22:55:12 INFO  Running E-step ! 
Sun 15 Mar 2026 22:55:13 INFO  epoch 87 training [time: 0.18s, train_loss1: 2.6192, train_loss2: 0.0392, train_loss3: 0.0000, train_loss4: 0.0025]
Sun 15 Mar 2026 22:55:13 INFO  epoch 87 evaluating [time: 0.16s, valid_score: 0.325200]
Sun 15 Mar 2026 22:55:13 INFO  valid result: 
recall@1 : 0.1377    recall@2 : 0.2152    recall@3 : 0.2726    recall@4 : 0.3155    recall@5 : 0.3461    recall@10 : 0.4689    recall@20 : 0.6198    recall@30 : 0.6893    recall@50 : 0.781    ndcg@1 : 0.2145    ndcg@2 : 0.2377    ndcg@3 : 0.2573    ndcg@4 : 0.2717    ndcg@5 : 0.2823    ndcg@10 : 0.3252    ndcg@20 : 0.3702    ndcg@30 : 0.3892    ndcg@50 : 0.4112    precision@1 : 0.2145    precision@2 : 0.1773    precision@3 : 0.1544    precision@4 : 0.136    precision@5 : 0.1216    precision@10 : 0.0864    precision@20 : 0.0605    precision@30 : 0.0467    precision@50 : 0.0329    map@1 : 0.2145    map@2 : 0.211    map@3 : 0.2175    map@4 : 0.2226    map@5 : 0.2269    map@10 : 0.2445    map@20 : 0.2593    map@30 : 0.265    map@50 : 0.2701
Sun 15 Mar 2026 22:55:13 INFO  Saving current: saved/SCL-Mar-15-2026_22-54-41.pth
Sun 15 Mar 2026 22:55:13 INFO  Saving current best: saved/SCL-Mar-15-2026_22-54-41.pth
Sun 15 Mar 2026 22:55:13 INFO  Running E-step ! 
Sun 15 Mar 2026 22:55:13 INFO  epoch 88 training [time: 0.19s, train_loss1: 2.6501, train_loss2: 0.0391, train_loss3: 0.0000, train_loss4: 0.0024]
Sun 15 Mar 2026 22:55:13 INFO  epoch 88 evaluating [time: 0.15s, valid_score: 0.325700]
Sun 15 Mar 2026 22:55:13 INFO  valid result: 
recall@1 : 0.1377    recall@2 : 0.2165    recall@3 : 0.2725    recall@4 : 0.3159    recall@5 : 0.3454    recall@10 : 0.4695    recall@20 : 0.6204    recall@30 : 0.6904    recall@50 : 0.7804    ndcg@1 : 0.2145    ndcg@2 : 0.2392    ndcg@3 : 0.2574    ndcg@4 : 0.2721    ndcg@5 : 0.2821    ndcg@10 : 0.3257    ndcg@20 : 0.3706    ndcg@30 : 0.3898    ndcg@50 : 0.4114    precision@1 : 0.2145    precision@2 : 0.1791    precision@3 : 0.1542    precision@4 : 0.1362    precision@5 : 0.1212    precision@10 : 0.0866    precision@20 : 0.0606    precision@30 : 0.0468    precision@50 : 0.0329    map@1 : 0.2145    map@2 : 0.2125    map@3 : 0.2177    map@4 : 0.223    map@5 : 0.227    map@10 : 0.2448    map@20 : 0.2597    map@30 : 0.2654    map@50 : 0.2704
Sun 15 Mar 2026 22:55:13 INFO  Saving current: saved/SCL-Mar-15-2026_22-54-41.pth
Sun 15 Mar 2026 22:55:13 INFO  Saving current best: saved/SCL-Mar-15-2026_22-54-41.pth
Sun 15 Mar 2026 22:55:13 INFO  Running E-step ! 
Sun 15 Mar 2026 22:55:13 INFO  epoch 89 training [time: 0.21s, train_loss1: 2.5898, train_loss2: 0.0391, train_loss3: 0.0000, train_loss4: 0.0024]
Sun 15 Mar 2026 22:55:13 INFO  epoch 89 evaluating [time: 0.15s, valid_score: 0.325900]
Sun 15 Mar 2026 22:55:13 INFO  valid result: 
recall@1 : 0.1379    recall@2 : 0.2161    recall@3 : 0.2717    recall@4 : 0.3155    recall@5 : 0.3465    recall@10 : 0.4701    recall@20 : 0.62    recall@30 : 0.6915    recall@50 : 0.782    ndcg@1 : 0.2151    ndcg@2 : 0.2386    ndcg@3 : 0.2571    ndcg@4 : 0.2719    ndcg@5 : 0.2825    ndcg@10 : 0.3259    ndcg@20 : 0.3707    ndcg@30 : 0.3902    ndcg@50 : 0.4118    precision@1 : 0.2151    precision@2 : 0.1782    precision@3 : 0.154    precision@4 : 0.136    precision@5 : 0.1217    precision@10 : 0.0867    precision@20 : 0.0606    precision@30 : 0.0469    precision@50 : 0.0329    map@1 : 0.2151    map@2 : 0.212    map@3 : 0.2174    map@4 : 0.2229    map@5 : 0.2271    map@10 : 0.245    map@20 : 0.2598    map@30 : 0.2656    map@50 : 0.2706
Sun 15 Mar 2026 22:55:13 INFO  Saving current: saved/SCL-Mar-15-2026_22-54-41.pth
Sun 15 Mar 2026 22:55:13 INFO  Saving current best: saved/SCL-Mar-15-2026_22-54-41.pth
Sun 15 Mar 2026 22:55:13 INFO  Running E-step ! 
Sun 15 Mar 2026 22:55:14 INFO  epoch 90 training [time: 0.21s, train_loss1: 2.6079, train_loss2: 0.0390, train_loss3: 0.0000, train_loss4: 0.0024]
Sun 15 Mar 2026 22:55:14 INFO  epoch 90 evaluating [time: 0.15s, valid_score: 0.326100]
Sun 15 Mar 2026 22:55:14 INFO  valid result: 
recall@1 : 0.1377    recall@2 : 0.2161    recall@3 : 0.2732    recall@4 : 0.3154    recall@5 : 0.3472    recall@10 : 0.4705    recall@20 : 0.6209    recall@30 : 0.6913    recall@50 : 0.7824    ndcg@1 : 0.2139    ndcg@2 : 0.2384    ndcg@3 : 0.2577    ndcg@4 : 0.2718    ndcg@5 : 0.2829    ndcg@10 : 0.3261    ndcg@20 : 0.371    ndcg@30 : 0.3903    ndcg@50 : 0.412    precision@1 : 0.2139    precision@2 : 0.1782    precision@3 : 0.1547    precision@4 : 0.1362    precision@5 : 0.1221    precision@10 : 0.0868    precision@20 : 0.0607    precision@30 : 0.0469    precision@50 : 0.033    map@1 : 0.2139    map@2 : 0.2117    map@3 : 0.2177    map@4 : 0.2229    map@5 : 0.2274    map@10 : 0.2451    map@20 : 0.26    map@30 : 0.2657    map@50 : 0.2707
Sun 15 Mar 2026 22:55:14 INFO  Saving current: saved/SCL-Mar-15-2026_22-54-41.pth
Sun 15 Mar 2026 22:55:14 INFO  Saving current best: saved/SCL-Mar-15-2026_22-54-41.pth
Sun 15 Mar 2026 22:55:14 INFO  Running E-step ! 
Sun 15 Mar 2026 22:55:14 INFO  epoch 91 training [time: 0.18s, train_loss1: 2.5951, train_loss2: 0.0389, train_loss3: 0.0000, train_loss4: 0.0025]
Sun 15 Mar 2026 22:55:14 INFO  epoch 91 evaluating [time: 0.15s, valid_score: 0.326600]
Sun 15 Mar 2026 22:55:14 INFO  valid result: 
recall@1 : 0.1383    recall@2 : 0.2157    recall@3 : 0.2728    recall@4 : 0.3156    recall@5 : 0.3474    recall@10 : 0.4713    recall@20 : 0.6213    recall@30 : 0.693    recall@50 : 0.7827    ndcg@1 : 0.2145    ndcg@2 : 0.2381    ndcg@3 : 0.2576    ndcg@4 : 0.2721    ndcg@5 : 0.2831    ndcg@10 : 0.3266    ndcg@20 : 0.3713    ndcg@30 : 0.3909    ndcg@50 : 0.4123    precision@1 : 0.2145    precision@2 : 0.1776    precision@3 : 0.1545    precision@4 : 0.1363    precision@5 : 0.1222    precision@10 : 0.087    precision@20 : 0.0608    precision@30 : 0.047    precision@50 : 0.033    map@1 : 0.2145    map@2 : 0.2116    map@3 : 0.2178    map@4 : 0.2232    map@5 : 0.2277    map@10 : 0.2455    map@20 : 0.2604    map@30 : 0.2661    map@50 : 0.2711
Sun 15 Mar 2026 22:55:14 INFO  Saving current: saved/SCL-Mar-15-2026_22-54-41.pth
Sun 15 Mar 2026 22:55:14 INFO  Saving current best: saved/SCL-Mar-15-2026_22-54-41.pth
Sun 15 Mar 2026 22:55:14 INFO  Running E-step ! 
Sun 15 Mar 2026 22:55:14 INFO  epoch 92 training [time: 0.18s, train_loss1: 2.6033, train_loss2: 0.0388, train_loss3: 0.0000, train_loss4: 0.0027]
Sun 15 Mar 2026 22:55:15 INFO  epoch 92 evaluating [time: 0.15s, valid_score: 0.327000]
Sun 15 Mar 2026 22:55:15 INFO  valid result: 
recall@1 : 0.1386    recall@2 : 0.2155    recall@3 : 0.2725    recall@4 : 0.3163    recall@5 : 0.3487    recall@10 : 0.4719    recall@20 : 0.6215    recall@30 : 0.693    recall@50 : 0.7821    ndcg@1 : 0.2151    ndcg@2 : 0.2383    ndcg@3 : 0.2576    ndcg@4 : 0.2726    ndcg@5 : 0.2838    ndcg@10 : 0.327    ndcg@20 : 0.3717    ndcg@30 : 0.3912    ndcg@50 : 0.4126    precision@1 : 0.2151    precision@2 : 0.1776    precision@3 : 0.1544    precision@4 : 0.1369    precision@5 : 0.1225    precision@10 : 0.0871    precision@20 : 0.0608    precision@30 : 0.047    precision@50 : 0.033    map@1 : 0.2151    map@2 : 0.2117    map@3 : 0.2179    map@4 : 0.2236    map@5 : 0.2281    map@10 : 0.2457    map@20 : 0.2607    map@30 : 0.2664    map@50 : 0.2714
Sun 15 Mar 2026 22:55:15 INFO  Saving current: saved/SCL-Mar-15-2026_22-54-41.pth
Sun 15 Mar 2026 22:55:15 INFO  Saving current best: saved/SCL-Mar-15-2026_22-54-41.pth
Sun 15 Mar 2026 22:55:15 INFO  Running E-step ! 
Sun 15 Mar 2026 22:55:15 INFO  epoch 93 training [time: 0.21s, train_loss1: 2.5874, train_loss2: 0.0388, train_loss3: 0.0000, train_loss4: 0.0026]
Sun 15 Mar 2026 22:55:15 INFO  epoch 93 evaluating [time: 0.15s, valid_score: 0.327300]
Sun 15 Mar 2026 22:55:15 INFO  valid result: 
recall@1 : 0.1386    recall@2 : 0.2158    recall@3 : 0.2737    recall@4 : 0.3149    recall@5 : 0.3507    recall@10 : 0.4719    recall@20 : 0.6218    recall@30 : 0.6939    recall@50 : 0.7812    ndcg@1 : 0.2151    ndcg@2 : 0.2387    ndcg@3 : 0.2584    ndcg@4 : 0.2723    ndcg@5 : 0.2847    ndcg@10 : 0.3273    ndcg@20 : 0.3721    ndcg@30 : 0.3917    ndcg@50 : 0.4127    precision@1 : 0.2151    precision@2 : 0.1782    precision@3 : 0.1551    precision@4 : 0.1366    precision@5 : 0.1231    precision@10 : 0.0871    precision@20 : 0.0608    precision@30 : 0.047    precision@50 : 0.033    map@1 : 0.2151    map@2 : 0.212    map@3 : 0.2184    map@4 : 0.2235    map@5 : 0.2286    map@10 : 0.246    map@20 : 0.261    map@30 : 0.2668    map@50 : 0.2717
Sun 15 Mar 2026 22:55:15 INFO  Saving current: saved/SCL-Mar-15-2026_22-54-41.pth
Sun 15 Mar 2026 22:55:15 INFO  Saving current best: saved/SCL-Mar-15-2026_22-54-41.pth
Sun 15 Mar 2026 22:55:15 INFO  Running E-step ! 
Sun 15 Mar 2026 22:55:15 INFO  epoch 94 training [time: 0.20s, train_loss1: 2.5497, train_loss2: 0.0387, train_loss3: 0.0000, train_loss4: 0.0026]
Sun 15 Mar 2026 22:55:15 INFO  epoch 94 evaluating [time: 0.15s, valid_score: 0.327500]
Sun 15 Mar 2026 22:55:15 INFO  valid result: 
recall@1 : 0.1387    recall@2 : 0.2153    recall@3 : 0.2741    recall@4 : 0.3148    recall@5 : 0.351    recall@10 : 0.4724    recall@20 : 0.6217    recall@30 : 0.6941    recall@50 : 0.7814    ndcg@1 : 0.2157    ndcg@2 : 0.2387    ndcg@3 : 0.2588    ndcg@4 : 0.2723    ndcg@5 : 0.285    ndcg@10 : 0.3275    ndcg@20 : 0.3722    ndcg@30 : 0.3918    ndcg@50 : 0.4129    precision@1 : 0.2157    precision@2 : 0.1782    precision@3 : 0.1555    precision@4 : 0.1366    precision@5 : 0.1234    precision@10 : 0.0872    precision@20 : 0.0609    precision@30 : 0.047    precision@50 : 0.033    map@1 : 0.2157    map@2 : 0.212    map@3 : 0.2186    map@4 : 0.2234    map@5 : 0.2287    map@10 : 0.2461    map@20 : 0.2612    map@30 : 0.2669    map@50 : 0.2718
Sun 15 Mar 2026 22:55:15 INFO  Saving current: saved/SCL-Mar-15-2026_22-54-41.pth
Sun 15 Mar 2026 22:55:15 INFO  Saving current best: saved/SCL-Mar-15-2026_22-54-41.pth
Sun 15 Mar 2026 22:55:15 INFO  Running E-step ! 
Sun 15 Mar 2026 22:55:16 INFO  epoch 95 training [time: 0.20s, train_loss1: 2.5564, train_loss2: 0.0386, train_loss3: 0.0000, train_loss4: 0.0026]
Sun 15 Mar 2026 22:55:16 INFO  epoch 95 evaluating [time: 0.15s, valid_score: 0.328200]
Sun 15 Mar 2026 22:55:16 INFO  valid result: 
recall@1 : 0.1398    recall@2 : 0.2163    recall@3 : 0.2754    recall@4 : 0.315    recall@5 : 0.3518    recall@10 : 0.4722    recall@20 : 0.6211    recall@30 : 0.6939    recall@50 : 0.7824    ndcg@1 : 0.2175    ndcg@2 : 0.24    ndcg@3 : 0.2602    ndcg@4 : 0.2731    ndcg@5 : 0.2861    ndcg@10 : 0.3282    ndcg@20 : 0.3728    ndcg@30 : 0.3925    ndcg@50 : 0.4139    precision@1 : 0.2175    precision@2 : 0.1791    precision@3 : 0.1561    precision@4 : 0.1366    precision@5 : 0.1237    precision@10 : 0.0872    precision@20 : 0.0608    precision@30 : 0.047    precision@50 : 0.033    map@1 : 0.2175    map@2 : 0.2133    map@3 : 0.22    map@4 : 0.2244    map@5 : 0.2298    map@10 : 0.247    map@20 : 0.262    map@30 : 0.2678    map@50 : 0.2727
Sun 15 Mar 2026 22:55:16 INFO  Saving current: saved/SCL-Mar-15-2026_22-54-41.pth
Sun 15 Mar 2026 22:55:16 INFO  Saving current best: saved/SCL-Mar-15-2026_22-54-41.pth
Sun 15 Mar 2026 22:55:16 INFO  Running E-step ! 
Sun 15 Mar 2026 22:55:16 INFO  epoch 96 training [time: 0.21s, train_loss1: 2.5395, train_loss2: 0.0385, train_loss3: 0.0000, train_loss4: 0.0025]
Sun 15 Mar 2026 22:55:16 INFO  epoch 96 evaluating [time: 0.15s, valid_score: 0.328800]
Sun 15 Mar 2026 22:55:16 INFO  valid result: 
recall@1 : 0.1398    recall@2 : 0.2154    recall@3 : 0.2742    recall@4 : 0.3166    recall@5 : 0.3537    recall@10 : 0.4734    recall@20 : 0.6208    recall@30 : 0.694    recall@50 : 0.7846    ndcg@1 : 0.2187    ndcg@2 : 0.2396    ndcg@3 : 0.2596    ndcg@4 : 0.2737    ndcg@5 : 0.2869    ndcg@10 : 0.3288    ndcg@20 : 0.3729    ndcg@30 : 0.3927    ndcg@50 : 0.4144    precision@1 : 0.2187    precision@2 : 0.1785    precision@3 : 0.1557    precision@4 : 0.1372    precision@5 : 0.1243    precision@10 : 0.0876    precision@20 : 0.0608    precision@30 : 0.047    precision@50 : 0.0331    map@1 : 0.2187    map@2 : 0.2129    map@3 : 0.2194    map@4 : 0.2246    map@5 : 0.23    map@10 : 0.2472    map@20 : 0.262    map@30 : 0.2678    map@50 : 0.2728
Sun 15 Mar 2026 22:55:16 INFO  Saving current: saved/SCL-Mar-15-2026_22-54-41.pth
Sun 15 Mar 2026 22:55:16 INFO  Saving current best: saved/SCL-Mar-15-2026_22-54-41.pth
Sun 15 Mar 2026 22:55:16 INFO  Running E-step ! 
Sun 15 Mar 2026 22:55:16 INFO  epoch 97 training [time: 0.20s, train_loss1: 2.5540, train_loss2: 0.0385, train_loss3: 0.0000, train_loss4: 0.0025]
Sun 15 Mar 2026 22:55:16 INFO  epoch 97 evaluating [time: 0.15s, valid_score: 0.329500]
Sun 15 Mar 2026 22:55:16 INFO  valid result: 
recall@1 : 0.1406    recall@2 : 0.2154    recall@3 : 0.2741    recall@4 : 0.3165    recall@5 : 0.3538    recall@10 : 0.4743    recall@20 : 0.6215    recall@30 : 0.6931    recall@50 : 0.7846    ndcg@1 : 0.2205    ndcg@2 : 0.2401    ndcg@3 : 0.2598    ndcg@4 : 0.274    ndcg@5 : 0.2873    ndcg@10 : 0.3295    ndcg@20 : 0.3735    ndcg@30 : 0.393    ndcg@50 : 0.4149    precision@1 : 0.2205    precision@2 : 0.1785    precision@3 : 0.1555    precision@4 : 0.1371    precision@5 : 0.1244    precision@10 : 0.0878    precision@20 : 0.0608    precision@30 : 0.0469    precision@50 : 0.0331    map@1 : 0.2205    map@2 : 0.2135    map@3 : 0.2199    map@4 : 0.2249    map@5 : 0.2304    map@10 : 0.2477    map@20 : 0.2625    map@30 : 0.2682    map@50 : 0.2733
Sun 15 Mar 2026 22:55:16 INFO  Saving current: saved/SCL-Mar-15-2026_22-54-41.pth
Sun 15 Mar 2026 22:55:16 INFO  Saving current best: saved/SCL-Mar-15-2026_22-54-41.pth
Sun 15 Mar 2026 22:55:16 INFO  Running E-step ! 
Sun 15 Mar 2026 22:55:17 INFO  epoch 98 training [time: 0.21s, train_loss1: 2.5850, train_loss2: 0.0384, train_loss3: 0.0000, train_loss4: 0.0024]
Sun 15 Mar 2026 22:55:17 INFO  epoch 98 evaluating [time: 0.15s, valid_score: 0.330900]
Sun 15 Mar 2026 22:55:17 INFO  valid result: 
recall@1 : 0.1413    recall@2 : 0.216    recall@3 : 0.2761    recall@4 : 0.3164    recall@5 : 0.3549    recall@10 : 0.4768    recall@20 : 0.6212    recall@30 : 0.6931    recall@50 : 0.7839    ndcg@1 : 0.2211    ndcg@2 : 0.2412    ndcg@3 : 0.2615    ndcg@4 : 0.2746    ndcg@5 : 0.2883    ndcg@10 : 0.3309    ndcg@20 : 0.3742    ndcg@30 : 0.3936    ndcg@50 : 0.4155    precision@1 : 0.2211    precision@2 : 0.1794    precision@3 : 0.1567    precision@4 : 0.1372    precision@5 : 0.1248    precision@10 : 0.0882    precision@20 : 0.0608    precision@30 : 0.0469    precision@50 : 0.0331    map@1 : 0.2211    map@2 : 0.2145    map@3 : 0.2211    map@4 : 0.2256    map@5 : 0.2313    map@10 : 0.2487    map@20 : 0.2633    map@30 : 0.269    map@50 : 0.2741
Sun 15 Mar 2026 22:55:17 INFO  Saving current: saved/SCL-Mar-15-2026_22-54-41.pth
Sun 15 Mar 2026 22:55:17 INFO  Saving current best: saved/SCL-Mar-15-2026_22-54-41.pth
Sun 15 Mar 2026 22:55:17 INFO  Running E-step ! 
Sun 15 Mar 2026 22:55:17 INFO  epoch 99 training [time: 0.21s, train_loss1: 2.5382, train_loss2: 0.0383, train_loss3: 0.0000, train_loss4: 0.0024]
Sun 15 Mar 2026 22:55:17 INFO  epoch 99 evaluating [time: 0.15s, valid_score: 0.330700]
Sun 15 Mar 2026 22:55:17 INFO  valid result: 
recall@1 : 0.1407    recall@2 : 0.2159    recall@3 : 0.2762    recall@4 : 0.3163    recall@5 : 0.3552    recall@10 : 0.4769    recall@20 : 0.6227    recall@30 : 0.6936    recall@50 : 0.7838    ndcg@1 : 0.2199    ndcg@2 : 0.2406    ndcg@3 : 0.2612    ndcg@4 : 0.2744    ndcg@5 : 0.2882    ndcg@10 : 0.3307    ndcg@20 : 0.3744    ndcg@30 : 0.3935    ndcg@50 : 0.4153    precision@1 : 0.2199    precision@2 : 0.1788    precision@3 : 0.1567    precision@4 : 0.1377    precision@5 : 0.125    precision@10 : 0.0882    precision@20 : 0.0611    precision@30 : 0.0469    precision@50 : 0.0331    map@1 : 0.2199    map@2 : 0.2139    map@3 : 0.2208    map@4 : 0.2255    map@5 : 0.2312    map@10 : 0.2486    map@20 : 0.2633    map@30 : 0.2689    map@50 : 0.274
Sun 15 Mar 2026 22:55:17 INFO  Running E-step ! 
Sun 15 Mar 2026 22:55:17 INFO  epoch 100 training [time: 0.21s, train_loss1: 2.5434, train_loss2: 0.0383, train_loss3: 0.0000, train_loss4: 0.0024]
Sun 15 Mar 2026 22:55:18 INFO  epoch 100 evaluating [time: 0.15s, valid_score: 0.331400]
Sun 15 Mar 2026 22:55:18 INFO  valid result: 
recall@1 : 0.141    recall@2 : 0.2152    recall@3 : 0.2769    recall@4 : 0.3169    recall@5 : 0.3553    recall@10 : 0.4785    recall@20 : 0.6225    recall@30 : 0.6934    recall@50 : 0.7833    ndcg@1 : 0.2205    ndcg@2 : 0.2404    ndcg@3 : 0.2617    ndcg@4 : 0.2748    ndcg@5 : 0.2886    ndcg@10 : 0.3314    ndcg@20 : 0.3746    ndcg@30 : 0.3938    ndcg@50 : 0.4155    precision@1 : 0.2205    precision@2 : 0.1788    precision@3 : 0.1571    precision@4 : 0.1378    precision@5 : 0.1254    precision@10 : 0.0884    precision@20 : 0.061    precision@30 : 0.0469    precision@50 : 0.0331    map@1 : 0.2205    map@2 : 0.2139    map@3 : 0.2212    map@4 : 0.2257    map@5 : 0.2315    map@10 : 0.249    map@20 : 0.2635    map@30 : 0.2691    map@50 : 0.2743
Sun 15 Mar 2026 22:55:18 INFO  Saving current: saved/SCL-Mar-15-2026_22-54-41.pth
Sun 15 Mar 2026 22:55:18 INFO  Saving current best: saved/SCL-Mar-15-2026_22-54-41.pth
Sun 15 Mar 2026 22:55:18 INFO  Running E-step ! 
Sun 15 Mar 2026 22:55:18 INFO  epoch 101 training [time: 0.20s, train_loss1: 2.4930, train_loss2: 0.0382, train_loss3: 0.0000, train_loss4: 0.0023]
Sun 15 Mar 2026 22:55:18 INFO  epoch 101 evaluating [time: 0.15s, valid_score: 0.331300]
Sun 15 Mar 2026 22:55:18 INFO  valid result: 
recall@1 : 0.141    recall@2 : 0.2142    recall@3 : 0.2763    recall@4 : 0.3172    recall@5 : 0.3543    recall@10 : 0.4786    recall@20 : 0.6218    recall@30 : 0.6921    recall@50 : 0.7842    ndcg@1 : 0.2205    ndcg@2 : 0.2399    ndcg@3 : 0.2614    ndcg@4 : 0.2746    ndcg@5 : 0.288    ndcg@10 : 0.3313    ndcg@20 : 0.3743    ndcg@30 : 0.3934    ndcg@50 : 0.4155    precision@1 : 0.2205    precision@2 : 0.1785    precision@3 : 0.1571    precision@4 : 0.1377    precision@5 : 0.1249    precision@10 : 0.0884    precision@20 : 0.0609    precision@30 : 0.0468    precision@50 : 0.0331    map@1 : 0.2205    map@2 : 0.2136    map@3 : 0.221    map@4 : 0.2254    map@5 : 0.231    map@10 : 0.2488    map@20 : 0.2633    map@30 : 0.2689    map@50 : 0.2741
Sun 15 Mar 2026 22:55:18 INFO  Running E-step ! 
Sun 15 Mar 2026 22:55:18 INFO  epoch 102 training [time: 0.21s, train_loss1: 2.5297, train_loss2: 0.0381, train_loss3: 0.0000, train_loss4: 0.0023]
Sun 15 Mar 2026 22:55:18 INFO  epoch 102 evaluating [time: 0.15s, valid_score: 0.332100]
Sun 15 Mar 2026 22:55:18 INFO  valid result: 
recall@1 : 0.1422    recall@2 : 0.2143    recall@3 : 0.2769    recall@4 : 0.3169    recall@5 : 0.3542    recall@10 : 0.4792    recall@20 : 0.6219    recall@30 : 0.6923    recall@50 : 0.7838    ndcg@1 : 0.2223    ndcg@2 : 0.2407    ndcg@3 : 0.2623    ndcg@4 : 0.2752    ndcg@5 : 0.2885    ndcg@10 : 0.3321    ndcg@20 : 0.375    ndcg@30 : 0.3941    ndcg@50 : 0.4161    precision@1 : 0.2223    precision@2 : 0.1788    precision@3 : 0.1573    precision@4 : 0.1378    precision@5 : 0.125    precision@10 : 0.0884    precision@20 : 0.0609    precision@30 : 0.0468    precision@50 : 0.033    map@1 : 0.2223    map@2 : 0.2145    map@3 : 0.2219    map@4 : 0.2261    map@5 : 0.2317    map@10 : 0.2496    map@20 : 0.2642    map@30 : 0.2698    map@50 : 0.275
Sun 15 Mar 2026 22:55:18 INFO  Saving current: saved/SCL-Mar-15-2026_22-54-41.pth
Sun 15 Mar 2026 22:55:18 INFO  Saving current best: saved/SCL-Mar-15-2026_22-54-41.pth
Sun 15 Mar 2026 22:55:18 INFO  Running E-step ! 
Sun 15 Mar 2026 22:55:19 INFO  epoch 103 training [time: 0.20s, train_loss1: 2.5093, train_loss2: 0.0380, train_loss3: 0.0000, train_loss4: 0.0023]
Sun 15 Mar 2026 22:55:19 INFO  epoch 103 evaluating [time: 0.15s, valid_score: 0.333200]
Sun 15 Mar 2026 22:55:19 INFO  valid result: 
recall@1 : 0.1422    recall@2 : 0.2148    recall@3 : 0.2772    recall@4 : 0.3184    recall@5 : 0.3551    recall@10 : 0.4817    recall@20 : 0.6233    recall@30 : 0.6924    recall@50 : 0.7839    ndcg@1 : 0.2229    ndcg@2 : 0.241    ndcg@3 : 0.2627    ndcg@4 : 0.2761    ndcg@5 : 0.2892    ndcg@10 : 0.3332    ndcg@20 : 0.3757    ndcg@30 : 0.3944    ndcg@50 : 0.4165    precision@1 : 0.2229    precision@2 : 0.1788    precision@3 : 0.1577    precision@4 : 0.1386    precision@5 : 0.1254    precision@10 : 0.0889    precision@20 : 0.061    precision@30 : 0.0468    precision@50 : 0.033    map@1 : 0.2229    map@2 : 0.2147    map@3 : 0.2222    map@4 : 0.2268    map@5 : 0.2322    map@10 : 0.2503    map@20 : 0.2646    map@30 : 0.2702    map@50 : 0.2754
Sun 15 Mar 2026 22:55:19 INFO  Saving current: saved/SCL-Mar-15-2026_22-54-41.pth
Sun 15 Mar 2026 22:55:19 INFO  Saving current best: saved/SCL-Mar-15-2026_22-54-41.pth
Sun 15 Mar 2026 22:55:19 INFO  Running E-step ! 
Sun 15 Mar 2026 22:55:19 INFO  epoch 104 training [time: 0.22s, train_loss1: 2.4732, train_loss2: 0.0380, train_loss3: 0.0000, train_loss4: 0.0024]
Sun 15 Mar 2026 22:55:19 INFO  epoch 104 evaluating [time: 0.15s, valid_score: 0.333500]
Sun 15 Mar 2026 22:55:19 INFO  valid result: 
recall@1 : 0.1427    recall@2 : 0.2147    recall@3 : 0.277    recall@4 : 0.3185    recall@5 : 0.3548    recall@10 : 0.482    recall@20 : 0.6239    recall@30 : 0.6918    recall@50 : 0.7839    ndcg@1 : 0.2235    ndcg@2 : 0.241    ndcg@3 : 0.2629    ndcg@4 : 0.2762    ndcg@5 : 0.2893    ndcg@10 : 0.3335    ndcg@20 : 0.3761    ndcg@30 : 0.3945    ndcg@50 : 0.4168    precision@1 : 0.2235    precision@2 : 0.1785    precision@3 : 0.1579    precision@4 : 0.1384    precision@5 : 0.1254    precision@10 : 0.089    precision@20 : 0.0611    precision@30 : 0.0467    precision@50 : 0.033    map@1 : 0.2235    map@2 : 0.2147    map@3 : 0.2224    map@4 : 0.2271    map@5 : 0.2324    map@10 : 0.2506    map@20 : 0.265    map@30 : 0.2704    map@50 : 0.2757
Sun 15 Mar 2026 22:55:19 INFO  Saving current: saved/SCL-Mar-15-2026_22-54-41.pth
Sun 15 Mar 2026 22:55:19 INFO  Saving current best: saved/SCL-Mar-15-2026_22-54-41.pth
Sun 15 Mar 2026 22:55:19 INFO  Running E-step ! 
Sun 15 Mar 2026 22:55:19 INFO  epoch 105 training [time: 0.21s, train_loss1: 2.4877, train_loss2: 0.0379, train_loss3: 0.0000, train_loss4: 0.0024]
Sun 15 Mar 2026 22:55:19 INFO  epoch 105 evaluating [time: 0.15s, valid_score: 0.333500]
Sun 15 Mar 2026 22:55:19 INFO  valid result: 
recall@1 : 0.1427    recall@2 : 0.2139    recall@3 : 0.2767    recall@4 : 0.3173    recall@5 : 0.3578    recall@10 : 0.4821    recall@20 : 0.6253    recall@30 : 0.6921    recall@50 : 0.7841    ndcg@1 : 0.2235    ndcg@2 : 0.2404    ndcg@3 : 0.2626    ndcg@4 : 0.2756    ndcg@5 : 0.2905    ndcg@10 : 0.3335    ndcg@20 : 0.3765    ndcg@30 : 0.3946    ndcg@50 : 0.4168    precision@1 : 0.2235    precision@2 : 0.1779    precision@3 : 0.1577    precision@4 : 0.1381    precision@5 : 0.1267    precision@10 : 0.089    precision@20 : 0.0613    precision@30 : 0.0468    precision@50 : 0.033    map@1 : 0.2235    map@2 : 0.2142    map@3 : 0.2222    map@4 : 0.2266    map@5 : 0.233    map@10 : 0.2506    map@20 : 0.2651    map@30 : 0.2705    map@50 : 0.2757
Sun 15 Mar 2026 22:55:19 INFO  Saving current: saved/SCL-Mar-15-2026_22-54-41.pth
Sun 15 Mar 2026 22:55:19 INFO  Saving current best: saved/SCL-Mar-15-2026_22-54-41.pth
Sun 15 Mar 2026 22:55:19 INFO  Running E-step ! 
Sun 15 Mar 2026 22:55:20 INFO  epoch 106 training [time: 0.20s, train_loss1: 2.4872, train_loss2: 0.0378, train_loss3: 0.0000, train_loss4: 0.0024]
Sun 15 Mar 2026 22:55:20 INFO  epoch 106 evaluating [time: 0.15s, valid_score: 0.333700]
Sun 15 Mar 2026 22:55:20 INFO  valid result: 
recall@1 : 0.1427    recall@2 : 0.2129    recall@3 : 0.2766    recall@4 : 0.3163    recall@5 : 0.3564    recall@10 : 0.4828    recall@20 : 0.6249    recall@30 : 0.6923    recall@50 : 0.7852    ndcg@1 : 0.2235    ndcg@2 : 0.2398    ndcg@3 : 0.2625    ndcg@4 : 0.2751    ndcg@5 : 0.2899    ndcg@10 : 0.3337    ndcg@20 : 0.3763    ndcg@30 : 0.3947    ndcg@50 : 0.417    precision@1 : 0.2235    precision@2 : 0.1776    precision@3 : 0.1577    precision@4 : 0.1381    precision@5 : 0.1267    precision@10 : 0.0893    precision@20 : 0.0612    precision@30 : 0.0469    precision@50 : 0.0331    map@1 : 0.2235    map@2 : 0.2138    map@3 : 0.222    map@4 : 0.2263    map@5 : 0.2327    map@10 : 0.2506    map@20 : 0.2649    map@30 : 0.2704    map@50 : 0.2756
Sun 15 Mar 2026 22:55:20 INFO  Saving current: saved/SCL-Mar-15-2026_22-54-41.pth
Sun 15 Mar 2026 22:55:20 INFO  Saving current best: saved/SCL-Mar-15-2026_22-54-41.pth
Sun 15 Mar 2026 22:55:20 INFO  Running E-step ! 
Sun 15 Mar 2026 22:55:20 INFO  epoch 107 training [time: 0.18s, train_loss1: 2.4730, train_loss2: 0.0378, train_loss3: 0.0000, train_loss4: 0.0024]
Sun 15 Mar 2026 22:55:20 INFO  epoch 107 evaluating [time: 0.15s, valid_score: 0.334100]
Sun 15 Mar 2026 22:55:20 INFO  valid result: 
recall@1 : 0.1437    recall@2 : 0.2121    recall@3 : 0.2771    recall@4 : 0.3175    recall@5 : 0.3552    recall@10 : 0.4826    recall@20 : 0.6264    recall@30 : 0.6927    recall@50 : 0.7861    ndcg@1 : 0.2253    ndcg@2 : 0.2397    ndcg@3 : 0.2631    ndcg@4 : 0.2761    ndcg@5 : 0.2899    ndcg@10 : 0.3341    ndcg@20 : 0.3771    ndcg@30 : 0.3953    ndcg@50 : 0.4177    precision@1 : 0.2253    precision@2 : 0.177    precision@3 : 0.1581    precision@4 : 0.1386    precision@5 : 0.1265    precision@10 : 0.0893    precision@20 : 0.0613    precision@30 : 0.0469    precision@50 : 0.0331    map@1 : 0.2253    map@2 : 0.2139    map@3 : 0.2227    map@4 : 0.2272    map@5 : 0.233    map@10 : 0.2512    map@20 : 0.2656    map@30 : 0.2711    map@50 : 0.2763
Sun 15 Mar 2026 22:55:20 INFO  Saving current: saved/SCL-Mar-15-2026_22-54-41.pth
Sun 15 Mar 2026 22:55:20 INFO  Saving current best: saved/SCL-Mar-15-2026_22-54-41.pth
Sun 15 Mar 2026 22:55:20 INFO  Running E-step ! 
Sun 15 Mar 2026 22:55:20 INFO  epoch 108 training [time: 0.18s, train_loss1: 2.5138, train_loss2: 0.0377, train_loss3: 0.0000, train_loss4: 0.0024]
Sun 15 Mar 2026 22:55:21 INFO  epoch 108 evaluating [time: 0.15s, valid_score: 0.334500]
Sun 15 Mar 2026 22:55:21 INFO  valid result: 
recall@1 : 0.143    recall@2 : 0.212    recall@3 : 0.2777    recall@4 : 0.3176    recall@5 : 0.3551    recall@10 : 0.4843    recall@20 : 0.6278    recall@30 : 0.6934    recall@50 : 0.7837    ndcg@1 : 0.2247    ndcg@2 : 0.2395    ndcg@3 : 0.2631    ndcg@4 : 0.2758    ndcg@5 : 0.2896    ndcg@10 : 0.3345    ndcg@20 : 0.3773    ndcg@30 : 0.3953    ndcg@50 : 0.4171    precision@1 : 0.2247    precision@2 : 0.177    precision@3 : 0.1581    precision@4 : 0.1383    precision@5 : 0.1265    precision@10 : 0.0897    precision@20 : 0.0614    precision@30 : 0.0469    precision@50 : 0.0331    map@1 : 0.2247    map@2 : 0.2136    map@3 : 0.2225    map@4 : 0.2269    map@5 : 0.2327    map@10 : 0.2511    map@20 : 0.2655    map@30 : 0.2709    map@50 : 0.276
Sun 15 Mar 2026 22:55:21 INFO  Saving current: saved/SCL-Mar-15-2026_22-54-41.pth
Sun 15 Mar 2026 22:55:21 INFO  Saving current best: saved/SCL-Mar-15-2026_22-54-41.pth
Sun 15 Mar 2026 22:55:21 INFO  Running E-step ! 
Sun 15 Mar 2026 22:55:21 INFO  epoch 109 training [time: 0.17s, train_loss1: 2.4593, train_loss2: 0.0376, train_loss3: 0.0000, train_loss4: 0.0023]
Sun 15 Mar 2026 22:55:21 INFO  epoch 109 evaluating [time: 0.15s, valid_score: 0.335800]
Sun 15 Mar 2026 22:55:21 INFO  valid result: 
recall@1 : 0.1434    recall@2 : 0.2114    recall@3 : 0.2777    recall@4 : 0.3175    recall@5 : 0.3561    recall@10 : 0.4878    recall@20 : 0.6279    recall@30 : 0.6937    recall@50 : 0.7845    ndcg@1 : 0.2241    ndcg@2 : 0.2391    ndcg@3 : 0.2631    ndcg@4 : 0.2758    ndcg@5 : 0.29    ndcg@10 : 0.3358    ndcg@20 : 0.3775    ndcg@30 : 0.3955    ndcg@50 : 0.4174    precision@1 : 0.2241    precision@2 : 0.1767    precision@3 : 0.1581    precision@4 : 0.1384    precision@5 : 0.1267    precision@10 : 0.0903    precision@20 : 0.0614    precision@30 : 0.0469    precision@50 : 0.0331    map@1 : 0.2241    map@2 : 0.2133    map@3 : 0.2224    map@4 : 0.2269    map@5 : 0.2329    map@10 : 0.2518    map@20 : 0.2657    map@30 : 0.2711    map@50 : 0.2763
Sun 15 Mar 2026 22:55:21 INFO  Saving current: saved/SCL-Mar-15-2026_22-54-41.pth
Sun 15 Mar 2026 22:55:21 INFO  Saving current best: saved/SCL-Mar-15-2026_22-54-41.pth
Sun 15 Mar 2026 22:55:21 INFO  Running E-step ! 
Sun 15 Mar 2026 22:55:21 INFO  epoch 110 training [time: 0.21s, train_loss1: 2.4369, train_loss2: 0.0375, train_loss3: 0.0000, train_loss4: 0.0023]
Sun 15 Mar 2026 22:55:21 INFO  epoch 110 evaluating [time: 0.15s, valid_score: 0.336300]
Sun 15 Mar 2026 22:55:21 INFO  valid result: 
recall@1 : 0.1434    recall@2 : 0.2106    recall@3 : 0.2784    recall@4 : 0.3177    recall@5 : 0.3559    recall@10 : 0.4893    recall@20 : 0.6281    recall@30 : 0.6936    recall@50 : 0.7848    ndcg@1 : 0.2241    ndcg@2 : 0.2387    ndcg@3 : 0.2631    ndcg@4 : 0.2758    ndcg@5 : 0.2899    ndcg@10 : 0.3363    ndcg@20 : 0.3775    ndcg@30 : 0.3955    ndcg@50 : 0.4176    precision@1 : 0.2241    precision@2 : 0.1764    precision@3 : 0.1581    precision@4 : 0.1384    precision@5 : 0.1267    precision@10 : 0.0906    precision@20 : 0.0614    precision@30 : 0.0469    precision@50 : 0.0331    map@1 : 0.2241    map@2 : 0.2133    map@3 : 0.2224    map@4 : 0.2269    map@5 : 0.2327    map@10 : 0.252    map@20 : 0.2657    map@30 : 0.2711    map@50 : 0.2763
Sun 15 Mar 2026 22:55:21 INFO  Saving current: saved/SCL-Mar-15-2026_22-54-41.pth
Sun 15 Mar 2026 22:55:21 INFO  Saving current best: saved/SCL-Mar-15-2026_22-54-41.pth
Sun 15 Mar 2026 22:55:21 INFO  Running E-step ! 
Sun 15 Mar 2026 22:55:21 INFO  epoch 111 training [time: 0.18s, train_loss1: 2.4458, train_loss2: 0.0375, train_loss3: 0.0000, train_loss4: 0.0023]
Sun 15 Mar 2026 22:55:22 INFO  epoch 111 evaluating [time: 0.15s, valid_score: 0.337100]
Sun 15 Mar 2026 22:55:22 INFO  valid result: 
recall@1 : 0.1442    recall@2 : 0.2112    recall@3 : 0.2786    recall@4 : 0.3178    recall@5 : 0.3561    recall@10 : 0.4902    recall@20 : 0.6276    recall@30 : 0.6936    recall@50 : 0.7857    ndcg@1 : 0.2259    ndcg@2 : 0.2396    ndcg@3 : 0.2638    ndcg@4 : 0.2765    ndcg@5 : 0.2906    ndcg@10 : 0.3371    ndcg@20 : 0.378    ndcg@30 : 0.396    ndcg@50 : 0.4183    precision@1 : 0.2259    precision@2 : 0.1767    precision@3 : 0.1583    precision@4 : 0.1387    precision@5 : 0.1269    precision@10 : 0.0908    precision@20 : 0.0613    precision@30 : 0.0469    precision@50 : 0.0331    map@1 : 0.2259    map@2 : 0.2142    map@3 : 0.223    map@4 : 0.2276    map@5 : 0.2334    map@10 : 0.2527    map@20 : 0.2663    map@30 : 0.2717    map@50 : 0.277
Sun 15 Mar 2026 22:55:22 INFO  Saving current: saved/SCL-Mar-15-2026_22-54-41.pth
Sun 15 Mar 2026 22:55:22 INFO  Saving current best: saved/SCL-Mar-15-2026_22-54-41.pth
Sun 15 Mar 2026 22:55:22 INFO  Running E-step ! 
Sun 15 Mar 2026 22:55:22 INFO  epoch 112 training [time: 0.18s, train_loss1: 2.4623, train_loss2: 0.0374, train_loss3: 0.0000, train_loss4: 0.0023]
Sun 15 Mar 2026 22:55:22 INFO  epoch 112 evaluating [time: 0.15s, valid_score: 0.337000]
Sun 15 Mar 2026 22:55:22 INFO  valid result: 
recall@1 : 0.1442    recall@2 : 0.2112    recall@3 : 0.2795    recall@4 : 0.3178    recall@5 : 0.355    recall@10 : 0.4896    recall@20 : 0.6276    recall@30 : 0.694    recall@50 : 0.7857    ndcg@1 : 0.2259    ndcg@2 : 0.2396    ndcg@3 : 0.2642    ndcg@4 : 0.2766    ndcg@5 : 0.2902    ndcg@10 : 0.337    ndcg@20 : 0.3781    ndcg@30 : 0.3963    ndcg@50 : 0.4184    precision@1 : 0.2259    precision@2 : 0.1767    precision@3 : 0.1587    precision@4 : 0.1387    precision@5 : 0.1267    precision@10 : 0.0907    precision@20 : 0.0614    precision@30 : 0.047    precision@50 : 0.0331    map@1 : 0.2259    map@2 : 0.2142    map@3 : 0.2233    map@4 : 0.2276    map@5 : 0.2332    map@10 : 0.2528    map@20 : 0.2664    map@30 : 0.2719    map@50 : 0.2771
Sun 15 Mar 2026 22:55:22 INFO  Running E-step ! 
Sun 15 Mar 2026 22:55:22 INFO  epoch 113 training [time: 0.19s, train_loss1: 2.4207, train_loss2: 0.0373, train_loss3: 0.0000, train_loss4: 0.0023]
Sun 15 Mar 2026 22:55:22 INFO  epoch 113 evaluating [time: 0.15s, valid_score: 0.337500]
Sun 15 Mar 2026 22:55:22 INFO  valid result: 
recall@1 : 0.1453    recall@2 : 0.213    recall@3 : 0.2793    recall@4 : 0.3201    recall@5 : 0.3554    recall@10 : 0.4887    recall@20 : 0.6275    recall@30 : 0.6935    recall@50 : 0.7858    ndcg@1 : 0.2277    ndcg@2 : 0.2412    ndcg@3 : 0.2647    ndcg@4 : 0.2782    ndcg@5 : 0.2911    ndcg@10 : 0.3375    ndcg@20 : 0.3789    ndcg@30 : 0.397    ndcg@50 : 0.4193    precision@1 : 0.2277    precision@2 : 0.1776    precision@3 : 0.1583    precision@4 : 0.1393    precision@5 : 0.1269    precision@10 : 0.0906    precision@20 : 0.0614    precision@30 : 0.047    precision@50 : 0.0331    map@1 : 0.2277    map@2 : 0.2157    map@3 : 0.224    map@4 : 0.2289    map@5 : 0.2343    map@10 : 0.2537    map@20 : 0.2674    map@30 : 0.2729    map@50 : 0.2781
Sun 15 Mar 2026 22:55:22 INFO  Saving current: saved/SCL-Mar-15-2026_22-54-41.pth
Sun 15 Mar 2026 22:55:22 INFO  Saving current best: saved/SCL-Mar-15-2026_22-54-41.pth
Sun 15 Mar 2026 22:55:22 INFO  Running E-step ! 
Sun 15 Mar 2026 22:55:22 INFO  epoch 114 training [time: 0.21s, train_loss1: 2.3935, train_loss2: 0.0372, train_loss3: 0.0000, train_loss4: 0.0022]
Sun 15 Mar 2026 22:55:23 INFO  epoch 114 evaluating [time: 0.15s, valid_score: 0.337800]
Sun 15 Mar 2026 22:55:23 INFO  valid result: 
recall@1 : 0.1451    recall@2 : 0.213    recall@3 : 0.2795    recall@4 : 0.3201    recall@5 : 0.3554    recall@10 : 0.4896    recall@20 : 0.6267    recall@30 : 0.6942    recall@50 : 0.7856    ndcg@1 : 0.2271    ndcg@2 : 0.241    ndcg@3 : 0.2647    ndcg@4 : 0.2781    ndcg@5 : 0.2911    ndcg@10 : 0.3378    ndcg@20 : 0.3787    ndcg@30 : 0.3973    ndcg@50 : 0.4193    precision@1 : 0.2271    precision@2 : 0.1776    precision@3 : 0.1585    precision@4 : 0.1395    precision@5 : 0.1269    precision@10 : 0.0908    precision@20 : 0.0614    precision@30 : 0.0471    precision@50 : 0.0331    map@1 : 0.2271    map@2 : 0.2156    map@3 : 0.2241    map@4 : 0.229    map@5 : 0.2342    map@10 : 0.2538    map@20 : 0.2674    map@30 : 0.273    map@50 : 0.2782
Sun 15 Mar 2026 22:55:23 INFO  Saving current: saved/SCL-Mar-15-2026_22-54-41.pth
Sun 15 Mar 2026 22:55:23 INFO  Saving current best: saved/SCL-Mar-15-2026_22-54-41.pth
Sun 15 Mar 2026 22:55:23 INFO  Running E-step ! 
Sun 15 Mar 2026 22:55:23 INFO  epoch 115 training [time: 0.19s, train_loss1: 2.4115, train_loss2: 0.0372, train_loss3: 0.0000, train_loss4: 0.0022]
Sun 15 Mar 2026 22:55:23 INFO  epoch 115 evaluating [time: 0.15s, valid_score: 0.337800]
Sun 15 Mar 2026 22:55:23 INFO  valid result: 
recall@1 : 0.1449    recall@2 : 0.2133    recall@3 : 0.2797    recall@4 : 0.3206    recall@5 : 0.3559    recall@10 : 0.4893    recall@20 : 0.6278    recall@30 : 0.695    recall@50 : 0.7858    ndcg@1 : 0.2277    ndcg@2 : 0.2413    ndcg@3 : 0.2649    ndcg@4 : 0.2785    ndcg@5 : 0.2913    ndcg@10 : 0.3378    ndcg@20 : 0.3792    ndcg@30 : 0.3976    ndcg@50 : 0.4195    precision@1 : 0.2277    precision@2 : 0.1779    precision@3 : 0.1587    precision@4 : 0.1397    precision@5 : 0.1271    precision@10 : 0.0907    precision@20 : 0.0614    precision@30 : 0.0471    precision@50 : 0.0331    map@1 : 0.2277    map@2 : 0.2157    map@3 : 0.2242    map@4 : 0.2291    map@5 : 0.2342    map@10 : 0.2539    map@20 : 0.2676    map@30 : 0.2731    map@50 : 0.2783
Sun 15 Mar 2026 22:55:23 INFO  Saving current: saved/SCL-Mar-15-2026_22-54-41.pth
Sun 15 Mar 2026 22:55:23 INFO  Saving current best: saved/SCL-Mar-15-2026_22-54-41.pth
Sun 15 Mar 2026 22:55:23 INFO  Running E-step ! 
Sun 15 Mar 2026 22:55:23 INFO  epoch 116 training [time: 0.19s, train_loss1: 2.4738, train_loss2: 0.0371, train_loss3: 0.0000, train_loss4: 0.0022]
Sun 15 Mar 2026 22:55:23 INFO  epoch 116 evaluating [time: 0.15s, valid_score: 0.338400]
Sun 15 Mar 2026 22:55:23 INFO  valid result: 
recall@1 : 0.1443    recall@2 : 0.2148    recall@3 : 0.2799    recall@4 : 0.3215    recall@5 : 0.3563    recall@10 : 0.4904    recall@20 : 0.628    recall@30 : 0.6953    recall@50 : 0.7858    ndcg@1 : 0.2271    ndcg@2 : 0.2421    ndcg@3 : 0.265    ndcg@4 : 0.2789    ndcg@5 : 0.2916    ndcg@10 : 0.3384    ndcg@20 : 0.3795    ndcg@30 : 0.3979    ndcg@50 : 0.4198    precision@1 : 0.2271    precision@2 : 0.1788    precision@3 : 0.1587    precision@4 : 0.1402    precision@5 : 0.1274    precision@10 : 0.091    precision@20 : 0.0614    precision@30 : 0.0471    precision@50 : 0.0332    map@1 : 0.2271    map@2 : 0.2162    map@3 : 0.2241    map@4 : 0.2294    map@5 : 0.2345    map@10 : 0.2542    map@20 : 0.2679    map@30 : 0.2734    map@50 : 0.2786
Sun 15 Mar 2026 22:55:23 INFO  Saving current: saved/SCL-Mar-15-2026_22-54-41.pth
Sun 15 Mar 2026 22:55:23 INFO  Saving current best: saved/SCL-Mar-15-2026_22-54-41.pth
Sun 15 Mar 2026 22:55:23 INFO  Running E-step ! 
Sun 15 Mar 2026 22:55:24 INFO  epoch 117 training [time: 0.19s, train_loss1: 2.4542, train_loss2: 0.0370, train_loss3: 0.0000, train_loss4: 0.0022]
Sun 15 Mar 2026 22:55:24 INFO  epoch 117 evaluating [time: 0.15s, valid_score: 0.339000]
Sun 15 Mar 2026 22:55:24 INFO  valid result: 
recall@1 : 0.1439    recall@2 : 0.2151    recall@3 : 0.2814    recall@4 : 0.3234    recall@5 : 0.3577    recall@10 : 0.4921    recall@20 : 0.6282    recall@30 : 0.6965    recall@50 : 0.7849    ndcg@1 : 0.2253    ndcg@2 : 0.2421    ndcg@3 : 0.266    ndcg@4 : 0.28    ndcg@5 : 0.2923    ndcg@10 : 0.339    ndcg@20 : 0.3796    ndcg@30 : 0.3983    ndcg@50 : 0.4198    precision@1 : 0.2253    precision@2 : 0.1794    precision@3 : 0.1603    precision@4 : 0.1414    precision@5 : 0.1279    precision@10 : 0.0912    precision@20 : 0.0614    precision@30 : 0.0471    precision@50 : 0.0331    map@1 : 0.2253    map@2 : 0.216    map@3 : 0.2251    map@4 : 0.2302    map@5 : 0.2352    map@10 : 0.2547    map@20 : 0.2682    map@30 : 0.2738    map@50 : 0.2788
Sun 15 Mar 2026 22:55:24 INFO  Saving current: saved/SCL-Mar-15-2026_22-54-41.pth
Sun 15 Mar 2026 22:55:24 INFO  Saving current best: saved/SCL-Mar-15-2026_22-54-41.pth
Sun 15 Mar 2026 22:55:24 INFO  Running E-step ! 
Sun 15 Mar 2026 22:55:24 INFO  epoch 118 training [time: 0.17s, train_loss1: 2.4041, train_loss2: 0.0369, train_loss3: 0.0000, train_loss4: 0.0022]
Sun 15 Mar 2026 22:55:24 INFO  epoch 118 evaluating [time: 0.15s, valid_score: 0.339300]
Sun 15 Mar 2026 22:55:24 INFO  valid result: 
recall@1 : 0.1431    recall@2 : 0.216    recall@3 : 0.2833    recall@4 : 0.3236    recall@5 : 0.3582    recall@10 : 0.4925    recall@20 : 0.63    recall@30 : 0.6974    recall@50 : 0.7853    ndcg@1 : 0.2247    ndcg@2 : 0.2424    ndcg@3 : 0.267    ndcg@4 : 0.2801    ndcg@5 : 0.2925    ndcg@10 : 0.3393    ndcg@20 : 0.3802    ndcg@30 : 0.3987    ndcg@50 : 0.4199    precision@1 : 0.2247    precision@2 : 0.1797    precision@3 : 0.1615    precision@4 : 0.1415    precision@5 : 0.1279    precision@10 : 0.0914    precision@20 : 0.0615    precision@30 : 0.0472    precision@50 : 0.0331    map@1 : 0.2247    map@2 : 0.216    map@3 : 0.2259    map@4 : 0.2303    map@5 : 0.2352    map@10 : 0.2548    map@20 : 0.2684    map@30 : 0.2739    map@50 : 0.279
Sun 15 Mar 2026 22:55:24 INFO  Saving current: saved/SCL-Mar-15-2026_22-54-41.pth
Sun 15 Mar 2026 22:55:24 INFO  Saving current best: saved/SCL-Mar-15-2026_22-54-41.pth
Sun 15 Mar 2026 22:55:24 INFO  Running E-step ! 
Sun 15 Mar 2026 22:55:24 INFO  epoch 119 training [time: 0.18s, train_loss1: 2.4120, train_loss2: 0.0369, train_loss3: 0.0000, train_loss4: 0.0022]
Sun 15 Mar 2026 22:55:24 INFO  epoch 119 evaluating [time: 0.15s, valid_score: 0.338800]
Sun 15 Mar 2026 22:55:24 INFO  valid result: 
recall@1 : 0.1428    recall@2 : 0.2163    recall@3 : 0.2832    recall@4 : 0.3227    recall@5 : 0.3582    recall@10 : 0.4908    recall@20 : 0.6302    recall@30 : 0.6975    recall@50 : 0.7857    ndcg@1 : 0.2241    ndcg@2 : 0.2425    ndcg@3 : 0.2668    ndcg@4 : 0.2796    ndcg@5 : 0.2924    ndcg@10 : 0.3388    ndcg@20 : 0.3802    ndcg@30 : 0.3986    ndcg@50 : 0.42    precision@1 : 0.2241    precision@2 : 0.18    precision@3 : 0.1613    precision@4 : 0.1412    precision@5 : 0.128    precision@10 : 0.0913    precision@20 : 0.0616    precision@30 : 0.0472    precision@50 : 0.0331    map@1 : 0.2241    map@2 : 0.216    map@3 : 0.2257    map@4 : 0.23    map@5 : 0.2351    map@10 : 0.2546    map@20 : 0.2683    map@30 : 0.2739    map@50 : 0.2789
Sun 15 Mar 2026 22:55:24 INFO  Running E-step ! 
Sun 15 Mar 2026 22:55:25 INFO  epoch 120 training [time: 0.20s, train_loss1: 2.3573, train_loss2: 0.0368, train_loss3: 0.0000, train_loss4: 0.0022]
Sun 15 Mar 2026 22:55:25 INFO  epoch 120 evaluating [time: 0.15s, valid_score: 0.339100]
Sun 15 Mar 2026 22:55:25 INFO  valid result: 
recall@1 : 0.1434    recall@2 : 0.2163    recall@3 : 0.2845    recall@4 : 0.3227    recall@5 : 0.3579    recall@10 : 0.4909    recall@20 : 0.6297    recall@30 : 0.6988    recall@50 : 0.7865    ndcg@1 : 0.2247    ndcg@2 : 0.2428    ndcg@3 : 0.2679    ndcg@4 : 0.2798    ndcg@5 : 0.2927    ndcg@10 : 0.3391    ndcg@20 : 0.3804    ndcg@30 : 0.3993    ndcg@50 : 0.4204    precision@1 : 0.2247    precision@2 : 0.18    precision@3 : 0.1621    precision@4 : 0.1411    precision@5 : 0.1281    precision@10 : 0.0914    precision@20 : 0.0616    precision@30 : 0.0473    precision@50 : 0.0331    map@1 : 0.2247    map@2 : 0.2163    map@3 : 0.2266    map@4 : 0.2303    map@5 : 0.2354    map@10 : 0.255    map@20 : 0.2687    map@30 : 0.2744    map@50 : 0.2794
Sun 15 Mar 2026 22:55:25 INFO  Running E-step ! 
Sun 15 Mar 2026 22:55:25 INFO  epoch 121 training [time: 0.19s, train_loss1: 2.4120, train_loss2: 0.0367, train_loss3: 0.0000, train_loss4: 0.0022]
Sun 15 Mar 2026 22:55:25 INFO  epoch 121 evaluating [time: 0.15s, valid_score: 0.340100]
Sun 15 Mar 2026 22:55:25 INFO  valid result: 
recall@1 : 0.1443    recall@2 : 0.2171    recall@3 : 0.2849    recall@4 : 0.3232    recall@5 : 0.358    recall@10 : 0.4923    recall@20 : 0.6306    recall@30 : 0.6993    recall@50 : 0.7865    ndcg@1 : 0.2259    ndcg@2 : 0.2437    ndcg@3 : 0.2685    ndcg@4 : 0.2805    ndcg@5 : 0.2933    ndcg@10 : 0.3401    ndcg@20 : 0.3812    ndcg@30 : 0.4    ndcg@50 : 0.421    precision@1 : 0.2259    precision@2 : 0.1806    precision@3 : 0.1621    precision@4 : 0.1412    precision@5 : 0.1282    precision@10 : 0.0915    precision@20 : 0.0617    precision@30 : 0.0473    precision@50 : 0.0331    map@1 : 0.2259    map@2 : 0.2172    map@3 : 0.2272    map@4 : 0.2311    map@5 : 0.2361    map@10 : 0.2559    map@20 : 0.2695    map@30 : 0.2751    map@50 : 0.2801
Sun 15 Mar 2026 22:55:25 INFO  Saving current: saved/SCL-Mar-15-2026_22-54-41.pth
Sun 15 Mar 2026 22:55:25 INFO  Saving current best: saved/SCL-Mar-15-2026_22-54-41.pth
Sun 15 Mar 2026 22:55:25 INFO  Running E-step ! 
Sun 15 Mar 2026 22:55:25 INFO  epoch 122 training [time: 0.17s, train_loss1: 2.3482, train_loss2: 0.0366, train_loss3: 0.0000, train_loss4: 0.0021]
Sun 15 Mar 2026 22:55:25 INFO  epoch 122 evaluating [time: 0.15s, valid_score: 0.340500]
Sun 15 Mar 2026 22:55:25 INFO  valid result: 
recall@1 : 0.1433    recall@2 : 0.2174    recall@3 : 0.2843    recall@4 : 0.3243    recall@5 : 0.3606    recall@10 : 0.4943    recall@20 : 0.6315    recall@30 : 0.6997    recall@50 : 0.7867    ndcg@1 : 0.2241    ndcg@2 : 0.2437    ndcg@3 : 0.2677    ndcg@4 : 0.2806    ndcg@5 : 0.294    ndcg@10 : 0.3405    ndcg@20 : 0.3812    ndcg@30 : 0.3999    ndcg@50 : 0.4209    precision@1 : 0.2241    precision@2 : 0.1812    precision@3 : 0.1617    precision@4 : 0.1415    precision@5 : 0.1288    precision@10 : 0.0918    precision@20 : 0.0617    precision@30 : 0.0474    precision@50 : 0.0332    map@1 : 0.2241    map@2 : 0.2169    map@3 : 0.2265    map@4 : 0.2309    map@5 : 0.2362    map@10 : 0.2558    map@20 : 0.2693    map@30 : 0.2749    map@50 : 0.2799
Sun 15 Mar 2026 22:55:25 INFO  Saving current: saved/SCL-Mar-15-2026_22-54-41.pth
Sun 15 Mar 2026 22:55:25 INFO  Saving current best: saved/SCL-Mar-15-2026_22-54-41.pth
Sun 15 Mar 2026 22:55:25 INFO  Running E-step ! 
Sun 15 Mar 2026 22:55:26 INFO  epoch 123 training [time: 0.18s, train_loss1: 2.3740, train_loss2: 0.0366, train_loss3: 0.0000, train_loss4: 0.0022]
Sun 15 Mar 2026 22:55:26 INFO  epoch 123 evaluating [time: 0.16s, valid_score: 0.340900]
Sun 15 Mar 2026 22:55:26 INFO  valid result: 
recall@1 : 0.1435    recall@2 : 0.2174    recall@3 : 0.2844    recall@4 : 0.3234    recall@5 : 0.3603    recall@10 : 0.4954    recall@20 : 0.6319    recall@30 : 0.7001    recall@50 : 0.7869    ndcg@1 : 0.2247    ndcg@2 : 0.2438    ndcg@3 : 0.2679    ndcg@4 : 0.2804    ndcg@5 : 0.2939    ndcg@10 : 0.3409    ndcg@20 : 0.3814    ndcg@30 : 0.4001    ndcg@50 : 0.4211    precision@1 : 0.2247    precision@2 : 0.1812    precision@3 : 0.1619    precision@4 : 0.1415    precision@5 : 0.1288    precision@10 : 0.092    precision@20 : 0.0617    precision@30 : 0.0474    precision@50 : 0.0332    map@1 : 0.2247    map@2 : 0.2171    map@3 : 0.2268    map@4 : 0.2308    map@5 : 0.2362    map@10 : 0.256    map@20 : 0.2694    map@30 : 0.275    map@50 : 0.28
Sun 15 Mar 2026 22:55:26 INFO  Saving current: saved/SCL-Mar-15-2026_22-54-41.pth
Sun 15 Mar 2026 22:55:26 INFO  Saving current best: saved/SCL-Mar-15-2026_22-54-41.pth
Sun 15 Mar 2026 22:55:26 INFO  Running E-step ! 
Sun 15 Mar 2026 22:55:26 INFO  epoch 124 training [time: 0.16s, train_loss1: 2.3439, train_loss2: 0.0365, train_loss3: 0.0000, train_loss4: 0.0021]
Sun 15 Mar 2026 22:55:26 INFO  epoch 124 evaluating [time: 0.15s, valid_score: 0.340600]
Sun 15 Mar 2026 22:55:26 INFO  valid result: 
recall@1 : 0.1423    recall@2 : 0.2181    recall@3 : 0.283    recall@4 : 0.3231    recall@5 : 0.3602    recall@10 : 0.4959    recall@20 : 0.6324    recall@30 : 0.6997    recall@50 : 0.787    ndcg@1 : 0.2241    ndcg@2 : 0.2439    ndcg@3 : 0.2669    ndcg@4 : 0.2798    ndcg@5 : 0.2935    ndcg@10 : 0.3406    ndcg@20 : 0.3812    ndcg@30 : 0.3997    ndcg@50 : 0.4207    precision@1 : 0.2241    precision@2 : 0.1815    precision@3 : 0.1613    precision@4 : 0.1412    precision@5 : 0.1288    precision@10 : 0.092    precision@20 : 0.0617    precision@30 : 0.0474    precision@50 : 0.0332    map@1 : 0.2241    map@2 : 0.2169    map@3 : 0.2258    map@4 : 0.2301    map@5 : 0.2356    map@10 : 0.2555    map@20 : 0.2689    map@30 : 0.2745    map@50 : 0.2794
Sun 15 Mar 2026 22:55:26 INFO  Running E-step ! 
Sun 15 Mar 2026 22:55:26 INFO  epoch 125 training [time: 0.19s, train_loss1: 2.3404, train_loss2: 0.0365, train_loss3: 0.0000, train_loss4: 0.0021]
Sun 15 Mar 2026 22:55:26 INFO  epoch 125 evaluating [time: 0.15s, valid_score: 0.341100]
Sun 15 Mar 2026 22:55:26 INFO  valid result: 
recall@1 : 0.1419    recall@2 : 0.2195    recall@3 : 0.2831    recall@4 : 0.324    recall@5 : 0.3607    recall@10 : 0.4968    recall@20 : 0.6333    recall@30 : 0.6997    recall@50 : 0.7873    ndcg@1 : 0.2241    ndcg@2 : 0.2448    ndcg@3 : 0.2671    ndcg@4 : 0.2804    ndcg@5 : 0.2938    ndcg@10 : 0.3411    ndcg@20 : 0.3816    ndcg@30 : 0.3999    ndcg@50 : 0.4211    precision@1 : 0.2241    precision@2 : 0.1824    precision@3 : 0.1615    precision@4 : 0.1417    precision@5 : 0.1288    precision@10 : 0.0921    precision@20 : 0.0618    precision@30 : 0.0474    precision@50 : 0.0332    map@1 : 0.2241    map@2 : 0.2177    map@3 : 0.226    map@4 : 0.2306    map@5 : 0.2358    map@10 : 0.2558    map@20 : 0.2691    map@30 : 0.2747    map@50 : 0.2797
Sun 15 Mar 2026 22:55:27 INFO  Saving current: saved/SCL-Mar-15-2026_22-54-41.pth
Sun 15 Mar 2026 22:55:27 INFO  Saving current best: saved/SCL-Mar-15-2026_22-54-41.pth
Sun 15 Mar 2026 22:55:27 INFO  Running E-step ! 
Sun 15 Mar 2026 22:55:27 INFO  epoch 126 training [time: 0.19s, train_loss1: 2.3454, train_loss2: 0.0364, train_loss3: 0.0000, train_loss4: 0.0020]
Sun 15 Mar 2026 22:55:27 INFO  epoch 126 evaluating [time: 0.15s, valid_score: 0.341700]
Sun 15 Mar 2026 22:55:27 INFO  valid result: 
recall@1 : 0.1432    recall@2 : 0.2202    recall@3 : 0.2827    recall@4 : 0.3247    recall@5 : 0.3606    recall@10 : 0.4966    recall@20 : 0.6326    recall@30 : 0.6994    recall@50 : 0.7865    ndcg@1 : 0.2259    ndcg@2 : 0.2458    ndcg@3 : 0.2676    ndcg@4 : 0.2814    ndcg@5 : 0.2943    ndcg@10 : 0.3417    ndcg@20 : 0.3821    ndcg@30 : 0.4006    ndcg@50 : 0.4216    precision@1 : 0.2259    precision@2 : 0.1827    precision@3 : 0.1615    precision@4 : 0.142    precision@5 : 0.1286    precision@10 : 0.092    precision@20 : 0.0617    precision@30 : 0.0474    precision@50 : 0.0332    map@1 : 0.2259    map@2 : 0.2186    map@3 : 0.2267    map@4 : 0.2317    map@5 : 0.2365    map@10 : 0.2566    map@20 : 0.2699    map@30 : 0.2756    map@50 : 0.2806
Sun 15 Mar 2026 22:55:27 INFO  Saving current: saved/SCL-Mar-15-2026_22-54-41.pth
Sun 15 Mar 2026 22:55:27 INFO  Saving current best: saved/SCL-Mar-15-2026_22-54-41.pth
Sun 15 Mar 2026 22:55:27 INFO  Running E-step ! 
Sun 15 Mar 2026 22:55:27 INFO  epoch 127 training [time: 0.19s, train_loss1: 2.3296, train_loss2: 0.0363, train_loss3: 0.0000, train_loss4: 0.0021]
Sun 15 Mar 2026 22:55:27 INFO  epoch 127 evaluating [time: 0.15s, valid_score: 0.342400]
Sun 15 Mar 2026 22:55:27 INFO  valid result: 
recall@1 : 0.1449    recall@2 : 0.2195    recall@3 : 0.2844    recall@4 : 0.3255    recall@5 : 0.3602    recall@10 : 0.4964    recall@20 : 0.6325    recall@30 : 0.6985    recall@50 : 0.7866    ndcg@1 : 0.2282    ndcg@2 : 0.2459    ndcg@3 : 0.2693    ndcg@4 : 0.2825    ndcg@5 : 0.2949    ndcg@10 : 0.3424    ndcg@20 : 0.3829    ndcg@30 : 0.4012    ndcg@50 : 0.4224    precision@1 : 0.2282    precision@2 : 0.1821    precision@3 : 0.1627    precision@4 : 0.1423    precision@5 : 0.1286    precision@10 : 0.0921    precision@20 : 0.0617    precision@30 : 0.0474    precision@50 : 0.0332    map@1 : 0.2282    map@2 : 0.219    map@3 : 0.2283    map@4 : 0.2328    map@5 : 0.2375    map@10 : 0.2575    map@20 : 0.2709    map@30 : 0.2765    map@50 : 0.2816
Sun 15 Mar 2026 22:55:27 INFO  Saving current: saved/SCL-Mar-15-2026_22-54-41.pth
Sun 15 Mar 2026 22:55:27 INFO  Saving current best: saved/SCL-Mar-15-2026_22-54-41.pth
Sun 15 Mar 2026 22:55:27 INFO  Running E-step ! 
Sun 15 Mar 2026 22:55:27 INFO  epoch 128 training [time: 0.17s, train_loss1: 2.3229, train_loss2: 0.0363, train_loss3: 0.0000, train_loss4: 0.0020]
Sun 15 Mar 2026 22:55:28 INFO  epoch 128 evaluating [time: 0.15s, valid_score: 0.342200]
Sun 15 Mar 2026 22:55:28 INFO  valid result: 
recall@1 : 0.1452    recall@2 : 0.22    recall@3 : 0.282    recall@4 : 0.3251    recall@5 : 0.3605    recall@10 : 0.4959    recall@20 : 0.6333    recall@30 : 0.6982    recall@50 : 0.7867    ndcg@1 : 0.2282    ndcg@2 : 0.246    ndcg@3 : 0.2679    ndcg@4 : 0.282    ndcg@5 : 0.2948    ndcg@10 : 0.3422    ndcg@20 : 0.3831    ndcg@30 : 0.4011    ndcg@50 : 0.4225    precision@1 : 0.2282    precision@2 : 0.1821    precision@3 : 0.1613    precision@4 : 0.1418    precision@5 : 0.1285    precision@10 : 0.092    precision@20 : 0.0618    precision@30 : 0.0474    precision@50 : 0.0332    map@1 : 0.2282    map@2 : 0.2192    map@3 : 0.2276    map@4 : 0.2326    map@5 : 0.2375    map@10 : 0.2575    map@20 : 0.271    map@30 : 0.2766    map@50 : 0.2817
Sun 15 Mar 2026 22:55:28 INFO  Running E-step ! 
Sun 15 Mar 2026 22:55:28 INFO  epoch 129 training [time: 0.20s, train_loss1: 2.3611, train_loss2: 0.0362, train_loss3: 0.0000, train_loss4: 0.0020]
Sun 15 Mar 2026 22:55:28 INFO  epoch 129 evaluating [time: 0.15s, valid_score: 0.342500]
Sun 15 Mar 2026 22:55:28 INFO  valid result: 
recall@1 : 0.1449    recall@2 : 0.2201    recall@3 : 0.2816    recall@4 : 0.3254    recall@5 : 0.3613    recall@10 : 0.497    recall@20 : 0.6335    recall@30 : 0.6987    recall@50 : 0.7868    ndcg@1 : 0.2277    ndcg@2 : 0.2461    ndcg@3 : 0.2675    ndcg@4 : 0.282    ndcg@5 : 0.295    ndcg@10 : 0.3425    ndcg@20 : 0.3832    ndcg@30 : 0.4013    ndcg@50 : 0.4225    precision@1 : 0.2277    precision@2 : 0.1824    precision@3 : 0.1609    precision@4 : 0.142    precision@5 : 0.1286    precision@10 : 0.0922    precision@20 : 0.0618    precision@30 : 0.0474    precision@50 : 0.0332    map@1 : 0.2277    map@2 : 0.2192    map@3 : 0.227    map@4 : 0.2324    map@5 : 0.2375    map@10 : 0.2575    map@20 : 0.271    map@30 : 0.2766    map@50 : 0.2816
Sun 15 Mar 2026 22:55:28 INFO  Saving current: saved/SCL-Mar-15-2026_22-54-41.pth
Sun 15 Mar 2026 22:55:28 INFO  Saving current best: saved/SCL-Mar-15-2026_22-54-41.pth
Sun 15 Mar 2026 22:55:28 INFO  Running E-step ! 
Sun 15 Mar 2026 22:55:28 INFO  epoch 130 training [time: 0.19s, train_loss1: 2.3234, train_loss2: 0.0361, train_loss3: 0.0000, train_loss4: 0.0020]
Sun 15 Mar 2026 22:55:28 INFO  epoch 130 evaluating [time: 0.15s, valid_score: 0.343000]
Sun 15 Mar 2026 22:55:28 INFO  valid result: 
recall@1 : 0.1443    recall@2 : 0.2208    recall@3 : 0.2814    recall@4 : 0.3271    recall@5 : 0.3621    recall@10 : 0.4985    recall@20 : 0.6333    recall@30 : 0.6988    recall@50 : 0.7858    ndcg@1 : 0.2271    ndcg@2 : 0.2465    ndcg@3 : 0.2672    ndcg@4 : 0.2827    ndcg@5 : 0.2954    ndcg@10 : 0.343    ndcg@20 : 0.3832    ndcg@30 : 0.4013    ndcg@50 : 0.4224    precision@1 : 0.2271    precision@2 : 0.183    precision@3 : 0.1607    precision@4 : 0.1426    precision@5 : 0.129    precision@10 : 0.0924    precision@20 : 0.0619    precision@30 : 0.0474    precision@50 : 0.0332    map@1 : 0.2271    map@2 : 0.2193    map@3 : 0.2268    map@4 : 0.2326    map@5 : 0.2376    map@10 : 0.2576    map@20 : 0.2711    map@30 : 0.2766    map@50 : 0.2816
Sun 15 Mar 2026 22:55:28 INFO  Saving current: saved/SCL-Mar-15-2026_22-54-41.pth
Sun 15 Mar 2026 22:55:28 INFO  Saving current best: saved/SCL-Mar-15-2026_22-54-41.pth
Sun 15 Mar 2026 22:55:28 INFO  Running E-step ! 
Sun 15 Mar 2026 22:55:28 INFO  epoch 131 training [time: 0.17s, train_loss1: 2.3437, train_loss2: 0.0360, train_loss3: 0.0000, train_loss4: 0.0019]
Sun 15 Mar 2026 22:55:29 INFO  epoch 131 evaluating [time: 0.14s, valid_score: 0.342400]
Sun 15 Mar 2026 22:55:29 INFO  valid result: 
recall@1 : 0.1437    recall@2 : 0.22    recall@3 : 0.2814    recall@4 : 0.3268    recall@5 : 0.3622    recall@10 : 0.4972    recall@20 : 0.6337    recall@30 : 0.6984    recall@50 : 0.7866    ndcg@1 : 0.2259    ndcg@2 : 0.2459    ndcg@3 : 0.2668    ndcg@4 : 0.2821    ndcg@5 : 0.2951    ndcg@10 : 0.3424    ndcg@20 : 0.3831    ndcg@30 : 0.4011    ndcg@50 : 0.4224    precision@1 : 0.2259    precision@2 : 0.1833    precision@3 : 0.1605    precision@4 : 0.1424    precision@5 : 0.1291    precision@10 : 0.0923    precision@20 : 0.0619    precision@30 : 0.0474    precision@50 : 0.0332    map@1 : 0.2259    map@2 : 0.2186    map@3 : 0.2262    map@4 : 0.232    map@5 : 0.2372    map@10 : 0.2572    map@20 : 0.2708    map@30 : 0.2763    map@50 : 0.2814
Sun 15 Mar 2026 22:55:29 INFO  Running E-step ! 
Sun 15 Mar 2026 22:55:29 INFO  epoch 132 training [time: 0.18s, train_loss1: 2.3177, train_loss2: 0.0360, train_loss3: 0.0000, train_loss4: 0.0019]
Sun 15 Mar 2026 22:55:29 INFO  epoch 132 evaluating [time: 0.14s, valid_score: 0.342500]
Sun 15 Mar 2026 22:55:29 INFO  valid result: 
recall@1 : 0.1431    recall@2 : 0.2189    recall@3 : 0.2816    recall@4 : 0.3272    recall@5 : 0.3627    recall@10 : 0.4982    recall@20 : 0.6333    recall@30 : 0.6992    recall@50 : 0.7863    ndcg@1 : 0.2253    ndcg@2 : 0.2444    ndcg@3 : 0.2665    ndcg@4 : 0.2819    ndcg@5 : 0.2948    ndcg@10 : 0.3425    ndcg@20 : 0.3828    ndcg@30 : 0.401    ndcg@50 : 0.4221    precision@1 : 0.2253    precision@2 : 0.1818    precision@3 : 0.1607    precision@4 : 0.1426    precision@5 : 0.129    precision@10 : 0.0926    precision@20 : 0.0619    precision@30 : 0.0474    precision@50 : 0.0332    map@1 : 0.2253    map@2 : 0.2171    map@3 : 0.2257    map@4 : 0.2315    map@5 : 0.2367    map@10 : 0.2569    map@20 : 0.2705    map@30 : 0.276    map@50 : 0.281
Sun 15 Mar 2026 22:55:29 INFO  Running E-step ! 
Sun 15 Mar 2026 22:55:29 INFO  epoch 133 training [time: 0.16s, train_loss1: 2.2802, train_loss2: 0.0359, train_loss3: 0.0000, train_loss4: 0.0019]
Sun 15 Mar 2026 22:55:29 INFO  epoch 133 evaluating [time: 0.15s, valid_score: 0.342000]
Sun 15 Mar 2026 22:55:29 INFO  valid result: 
recall@1 : 0.1419    recall@2 : 0.2193    recall@3 : 0.282    recall@4 : 0.3267    recall@5 : 0.3629    recall@10 : 0.4979    recall@20 : 0.6338    recall@30 : 0.6988    recall@50 : 0.7876    ndcg@1 : 0.2241    ndcg@2 : 0.2443    ndcg@3 : 0.2663    ndcg@4 : 0.2814    ndcg@5 : 0.2946    ndcg@10 : 0.342    ndcg@20 : 0.3826    ndcg@30 : 0.4006    ndcg@50 : 0.422    precision@1 : 0.2241    precision@2 : 0.1821    precision@3 : 0.1607    precision@4 : 0.1426    precision@5 : 0.1292    precision@10 : 0.0927    precision@20 : 0.062    precision@30 : 0.0474    precision@50 : 0.0333    map@1 : 0.2241    map@2 : 0.2169    map@3 : 0.2254    map@4 : 0.231    map@5 : 0.2364    map@10 : 0.2564    map@20 : 0.27    map@30 : 0.2755    map@50 : 0.2806
Sun 15 Mar 2026 22:55:29 INFO  Running E-step ! 
Sun 15 Mar 2026 22:55:29 INFO  epoch 134 training [time: 0.19s, train_loss1: 2.3023, train_loss2: 0.0358, train_loss3: 0.0000, train_loss4: 0.0019]
Sun 15 Mar 2026 22:55:30 INFO  epoch 134 evaluating [time: 0.15s, valid_score: 0.341800]
Sun 15 Mar 2026 22:55:30 INFO  valid result: 
recall@1 : 0.1407    recall@2 : 0.2195    recall@3 : 0.282    recall@4 : 0.3272    recall@5 : 0.3638    recall@10 : 0.4987    recall@20 : 0.6339    recall@30 : 0.6986    recall@50 : 0.7879    ndcg@1 : 0.2229    ndcg@2 : 0.2439    ndcg@3 : 0.2657    ndcg@4 : 0.2811    ndcg@5 : 0.2945    ndcg@10 : 0.3418    ndcg@20 : 0.3823    ndcg@30 : 0.4001    ndcg@50 : 0.4217    precision@1 : 0.2229    precision@2 : 0.1821    precision@3 : 0.1603    precision@4 : 0.1426    precision@5 : 0.1293    precision@10 : 0.0927    precision@20 : 0.062    precision@30 : 0.0474    precision@50 : 0.0332    map@1 : 0.2229    map@2 : 0.2163    map@3 : 0.2246    map@4 : 0.2305    map@5 : 0.2359    map@10 : 0.2559    map@20 : 0.2695    map@30 : 0.275    map@50 : 0.2801
Sun 15 Mar 2026 22:55:30 INFO  Running E-step ! 
Sun 15 Mar 2026 22:55:30 INFO  epoch 135 training [time: 0.18s, train_loss1: 2.3348, train_loss2: 0.0358, train_loss3: 0.0000, train_loss4: 0.0019]
Sun 15 Mar 2026 22:55:30 INFO  epoch 135 evaluating [time: 0.14s, valid_score: 0.341500]
Sun 15 Mar 2026 22:55:30 INFO  valid result: 
recall@1 : 0.1404    recall@2 : 0.2191    recall@3 : 0.2822    recall@4 : 0.3281    recall@5 : 0.3639    recall@10 : 0.4978    recall@20 : 0.6341    recall@30 : 0.6997    recall@50 : 0.7894    ndcg@1 : 0.2229    ndcg@2 : 0.2434    ndcg@3 : 0.2658    ndcg@4 : 0.2814    ndcg@5 : 0.2944    ndcg@10 : 0.3415    ndcg@20 : 0.3823    ndcg@30 : 0.4003    ndcg@50 : 0.422    precision@1 : 0.2229    precision@2 : 0.1815    precision@3 : 0.1607    precision@4 : 0.1429    precision@5 : 0.1293    precision@10 : 0.0926    precision@20 : 0.0621    precision@30 : 0.0474    precision@50 : 0.0333    map@1 : 0.2229    map@2 : 0.2159    map@3 : 0.2246    map@4 : 0.2305    map@5 : 0.2358    map@10 : 0.2557    map@20 : 0.2695    map@30 : 0.2749    map@50 : 0.2801
Sun 15 Mar 2026 22:55:30 INFO  Running E-step ! 
Sun 15 Mar 2026 22:55:30 INFO  epoch 136 training [time: 0.17s, train_loss1: 2.2880, train_loss2: 0.0357, train_loss3: 0.0000, train_loss4: 0.0018]
Sun 15 Mar 2026 22:55:30 INFO  epoch 136 evaluating [time: 0.15s, valid_score: 0.341700]
Sun 15 Mar 2026 22:55:30 INFO  valid result: 
recall@1 : 0.1401    recall@2 : 0.219    recall@3 : 0.2833    recall@4 : 0.3289    recall@5 : 0.3665    recall@10 : 0.4981    recall@20 : 0.6342    recall@30 : 0.6994    recall@50 : 0.7906    ndcg@1 : 0.2235    ndcg@2 : 0.2434    ndcg@3 : 0.2664    ndcg@4 : 0.2819    ndcg@5 : 0.2956    ndcg@10 : 0.3417    ndcg@20 : 0.3825    ndcg@30 : 0.4004    ndcg@50 : 0.4224    precision@1 : 0.2235    precision@2 : 0.1815    precision@3 : 0.1613    precision@4 : 0.1433    precision@5 : 0.13    precision@10 : 0.0926    precision@20 : 0.0622    precision@30 : 0.0474    precision@50 : 0.0333    map@1 : 0.2235    map@2 : 0.2156    map@3 : 0.2247    map@4 : 0.2306    map@5 : 0.2363    map@10 : 0.2557    map@20 : 0.2695    map@30 : 0.2749    map@50 : 0.2801
Sun 15 Mar 2026 22:55:30 INFO  Running E-step ! 
Sun 15 Mar 2026 22:55:30 INFO  epoch 137 training [time: 0.17s, train_loss1: 2.3013, train_loss2: 0.0356, train_loss3: 0.0000, train_loss4: 0.0019]
Sun 15 Mar 2026 22:55:31 INFO  epoch 137 evaluating [time: 0.15s, valid_score: 0.342100]
Sun 15 Mar 2026 22:55:31 INFO  valid result: 
recall@1 : 0.1399    recall@2 : 0.2196    recall@3 : 0.2843    recall@4 : 0.3305    recall@5 : 0.365    recall@10 : 0.4991    recall@20 : 0.635    recall@30 : 0.7009    recall@50 : 0.79    ndcg@1 : 0.2229    ndcg@2 : 0.2434    ndcg@3 : 0.2669    ndcg@4 : 0.2828    ndcg@5 : 0.2951    ndcg@10 : 0.3421    ndcg@20 : 0.3829    ndcg@30 : 0.4009    ndcg@50 : 0.4225    precision@1 : 0.2229    precision@2 : 0.1815    precision@3 : 0.1619    precision@4 : 0.1441    precision@5 : 0.1297    precision@10 : 0.0926    precision@20 : 0.0622    precision@30 : 0.0475    precision@50 : 0.0333    map@1 : 0.2229    map@2 : 0.2157    map@3 : 0.2251    map@4 : 0.2312    map@5 : 0.2362    map@10 : 0.2559    map@20 : 0.2698    map@30 : 0.2752    map@50 : 0.2804
Sun 15 Mar 2026 22:55:31 INFO  Running E-step ! 
Sun 15 Mar 2026 22:55:31 INFO  epoch 138 training [time: 0.18s, train_loss1: 2.2851, train_loss2: 0.0355, train_loss3: 0.0000, train_loss4: 0.0018]
Sun 15 Mar 2026 22:55:31 INFO  epoch 138 evaluating [time: 0.15s, valid_score: 0.342500]
Sun 15 Mar 2026 22:55:31 INFO  valid result: 
recall@1 : 0.1395    recall@2 : 0.2201    recall@3 : 0.2856    recall@4 : 0.3311    recall@5 : 0.3646    recall@10 : 0.5002    recall@20 : 0.6349    recall@30 : 0.7012    recall@50 : 0.7894    ndcg@1 : 0.2229    ndcg@2 : 0.2437    ndcg@3 : 0.2675    ndcg@4 : 0.2831    ndcg@5 : 0.295    ndcg@10 : 0.3425    ndcg@20 : 0.3829    ndcg@30 : 0.401    ndcg@50 : 0.4224    precision@1 : 0.2229    precision@2 : 0.1818    precision@3 : 0.1625    precision@4 : 0.1441    precision@5 : 0.1296    precision@10 : 0.0929    precision@20 : 0.0622    precision@30 : 0.0475    precision@50 : 0.0333    map@1 : 0.2229    map@2 : 0.2159    map@3 : 0.2255    map@4 : 0.2313    map@5 : 0.2362    map@10 : 0.2562    map@20 : 0.2698    map@30 : 0.2753    map@50 : 0.2804
Sun 15 Mar 2026 22:55:31 INFO  Running E-step ! 
Sun 15 Mar 2026 22:55:31 INFO  epoch 139 training [time: 0.17s, train_loss1: 2.2735, train_loss2: 0.0355, train_loss3: 0.0000, train_loss4: 0.0019]
Sun 15 Mar 2026 22:55:31 INFO  epoch 139 evaluating [time: 0.15s, valid_score: 0.342400]
Sun 15 Mar 2026 22:55:31 INFO  valid result: 
recall@1 : 0.1394    recall@2 : 0.2197    recall@3 : 0.2862    recall@4 : 0.3315    recall@5 : 0.3652    recall@10 : 0.4994    recall@20 : 0.6352    recall@30 : 0.7008    recall@50 : 0.7892    ndcg@1 : 0.2223    ndcg@2 : 0.2437    ndcg@3 : 0.2677    ndcg@4 : 0.2831    ndcg@5 : 0.2951    ndcg@10 : 0.3424    ndcg@20 : 0.383    ndcg@30 : 0.401    ndcg@50 : 0.4224    precision@1 : 0.2223    precision@2 : 0.1821    precision@3 : 0.1627    precision@4 : 0.1441    precision@5 : 0.1296    precision@10 : 0.0929    precision@20 : 0.0623    precision@30 : 0.0475    precision@50 : 0.0333    map@1 : 0.2223    map@2 : 0.2159    map@3 : 0.2255    map@4 : 0.2313    map@5 : 0.2363    map@10 : 0.2561    map@20 : 0.2698    map@30 : 0.2753    map@50 : 0.2804
Sun 15 Mar 2026 22:55:31 INFO  Running E-step ! 
Sun 15 Mar 2026 22:55:31 INFO  epoch 140 training [time: 0.16s, train_loss1: 2.2575, train_loss2: 0.0354, train_loss3: 0.0000, train_loss4: 0.0019]
Sun 15 Mar 2026 22:55:32 INFO  epoch 140 evaluating [time: 0.15s, valid_score: 0.342500]
Sun 15 Mar 2026 22:55:32 INFO  valid result: 
recall@1 : 0.1393    recall@2 : 0.2197    recall@3 : 0.2866    recall@4 : 0.3331    recall@5 : 0.3652    recall@10 : 0.4996    recall@20 : 0.635    recall@30 : 0.7009    recall@50 : 0.7887    ndcg@1 : 0.2223    ndcg@2 : 0.2437    ndcg@3 : 0.2677    ndcg@4 : 0.2838    ndcg@5 : 0.2952    ndcg@10 : 0.3425    ndcg@20 : 0.3831    ndcg@30 : 0.4011    ndcg@50 : 0.4224    precision@1 : 0.2223    precision@2 : 0.1821    precision@3 : 0.1625    precision@4 : 0.1444    precision@5 : 0.1296    precision@10 : 0.0931    precision@20 : 0.0623    precision@30 : 0.0475    precision@50 : 0.0333    map@1 : 0.2223    map@2 : 0.2159    map@3 : 0.2254    map@4 : 0.2317    map@5 : 0.2364    map@10 : 0.2563    map@20 : 0.27    map@30 : 0.2754    map@50 : 0.2805
Sun 15 Mar 2026 22:55:32 INFO  Running E-step ! 
Sun 15 Mar 2026 22:55:32 INFO  epoch 141 training [time: 0.17s, train_loss1: 2.2573, train_loss2: 0.0353, train_loss3: 0.0000, train_loss4: 0.0019]
Sun 15 Mar 2026 22:55:32 INFO  epoch 141 evaluating [time: 0.15s, valid_score: 0.342700]
Sun 15 Mar 2026 22:55:32 INFO  valid result: 
recall@1 : 0.1393    recall@2 : 0.22    recall@3 : 0.287    recall@4 : 0.3339    recall@5 : 0.3669    recall@10 : 0.4994    recall@20 : 0.6358    recall@30 : 0.7014    recall@50 : 0.7893    ndcg@1 : 0.2229    ndcg@2 : 0.2443    ndcg@3 : 0.2681    ndcg@4 : 0.2844    ndcg@5 : 0.2961    ndcg@10 : 0.3427    ndcg@20 : 0.3835    ndcg@30 : 0.4015    ndcg@50 : 0.4228    precision@1 : 0.2229    precision@2 : 0.1827    precision@3 : 0.1627    precision@4 : 0.1447    precision@5 : 0.1299    precision@10 : 0.093    precision@20 : 0.0623    precision@30 : 0.0476    precision@50 : 0.0333    map@1 : 0.2229    map@2 : 0.2166    map@3 : 0.2257    map@4 : 0.2321    map@5 : 0.2369    map@10 : 0.2566    map@20 : 0.2703    map@30 : 0.2757    map@50 : 0.2808
Sun 15 Mar 2026 22:55:32 INFO  Finished training, best eval result in epoch 130
Sun 15 Mar 2026 22:55:32 INFO  Loading model structure and parameters from saved/SCL-Mar-15-2026_22-54-41.pth
Sun 15 Mar 2026 22:55:32 INFO  best valid : OrderedDict([('recall@1', 0.1443), ('recall@2', 0.2208), ('recall@3', 0.2814), ('recall@4', 0.3271), ('recall@5', 0.3621), ('recall@10', 0.4985), ('recall@20', 0.6333), ('recall@30', 0.6988), ('recall@50', 0.7858), ('ndcg@1', 0.2271), ('ndcg@2', 0.2465), ('ndcg@3', 0.2672), ('ndcg@4', 0.2827), ('ndcg@5', 0.2954), ('ndcg@10', 0.343), ('ndcg@20', 0.3832), ('ndcg@30', 0.4013), ('ndcg@50', 0.4224), ('precision@1', 0.2271), ('precision@2', 0.183), ('precision@3', 0.1607), ('precision@4', 0.1426), ('precision@5', 0.129), ('precision@10', 0.0924), ('precision@20', 0.0619), ('precision@30', 0.0474), ('precision@50', 0.0332), ('map@1', 0.2271), ('map@2', 0.2193), ('map@3', 0.2268), ('map@4', 0.2326), ('map@5', 0.2376), ('map@10', 0.2576), ('map@20', 0.2711), ('map@30', 0.2766), ('map@50', 0.2816)])
Sun 15 Mar 2026 22:55:32 INFO  test result: OrderedDict([('recall@1', 0.1463), ('recall@2', 0.2402), ('recall@3', 0.2968), ('recall@4', 0.3429), ('recall@5', 0.3814), ('recall@10', 0.5131), ('recall@20', 0.668), ('recall@30', 0.727), ('recall@50', 0.8045), ('ndcg@1', 0.2587), ('ndcg@2', 0.2787), ('ndcg@3', 0.2914), ('ndcg@4', 0.3049), ('ndcg@5', 0.3176), ('ndcg@10', 0.361), ('ndcg@20', 0.4048), ('ndcg@30', 0.4208), ('ndcg@50', 0.4386), ('precision@1', 0.2587), ('precision@2', 0.2144), ('precision@3', 0.18), ('precision@4', 0.1584), ('precision@5', 0.1429), ('precision@10', 0.0992), ('precision@20', 0.0657), ('precision@30', 0.0489), ('precision@50', 0.0328), ('map@1', 0.2587), ('map@2', 0.2515), ('map@3', 0.2499), ('map@4', 0.2535), ('map@5', 0.2585), ('map@10', 0.2753), ('map@20', 0.2896), ('map@30', 0.2944), ('map@50', 0.2983)])
Sun 15 Mar 2026 22:55:32 INFO  training time: 50.4676s
Sun 15 Mar 2026 22:55:32 INFO  result file: results/again2/scl_wo_semantic_seed2027.json
