Sat 14 Mar 2026 22:33:17 INFO  
General Hyper Parameters:
gpu_id = 0
use_gpu = True
seed = 2020
state = INFO
reproducibility = True
data_path = ./travel
checkpoint_dir = saved
show_progress = True
save_dataset = False
dataset_save_path = None
save_dataloaders = False
dataloaders_save_path = None
log_wandb = False

Training Hyper Parameters:
epochs = 1000
train_batch_size = 4096
learner = adam
learning_rate = 0.001
train_neg_sample_args = {'distribution': 'uniform', 'sample_num': 1, 'alpha': 1.0, 'dynamic': False, 'candidate_num': 0}
eval_step = 1
stopping_step = 20
clip_grad_norm = None
weight_decay = 0.0
loss_decimal_place = 4

Evaluation Hyper Parameters:
eval_args = {'split': {'RS': [0.8, 0.1, 0.1]}, 'order': 'RO', 'group_by': 'user', 'mode': {'valid': 'full', 'test': 'full'}}
repeatable = False
metrics = ['Recall', 'NDCG', 'Precision', 'MAP']
topk = [1, 2, 3, 4, 5, 10, 20, 30, 50]
valid_metric = NDCG@10
valid_metric_bigger = True
eval_batch_size = 4096
metric_decimal_place = 4

Dataset Hyper Parameters:
field_separator = 	
seq_separator =  
USER_ID_FIELD = user_id
ITEM_ID_FIELD = item_id
RATING_FIELD = rating
TIME_FIELD = timestamp
seq_len = None
LABEL_FIELD = label
threshold = None
NEG_PREFIX = neg_
load_col = {'inter': ['user_id', 'item_id', 'rating'], 'user': ['user_id', 'post_num', 'follower', 'following', 'timestamp']}
unload_col = None
unused_col = None
additional_feat_suffix = None
rm_dup_inter = None
val_interval = {'rating': '[0,inf)'}
filter_inter_by_user_or_item = True
user_inter_num_interval = [0,inf)
item_inter_num_interval = [0,inf)
alias_of_user_id = None
alias_of_item_id = None
alias_of_entity_id = None
alias_of_relation_id = None
preload_weight = None
normalize_field = None
normalize_all = None
ITEM_LIST_LENGTH_FIELD = item_length
LIST_SUFFIX = _list
MAX_ITEM_LIST_LENGTH = 50
POSITION_FIELD = position_id
HEAD_ENTITY_ID_FIELD = head_id
TAIL_ENTITY_ID_FIELD = tail_id
RELATION_ID_FIELD = relation_id
ENTITY_ID_FIELD = entity_id
benchmark_filename = None

Other Hyper Parameters: 
worker = 0
wandb_project = recbole
shuffle = True
require_pow = False
enable_amp = False
enable_scaler = False
transform = None
numerical_features = []
discretization = None
kg_reverse_r = False
entity_kg_num_interval = [0,inf)
relation_kg_num_interval = [0,inf)
MODEL_TYPE = ModelType.GENERAL
embedding_size = 64
n_layers = 3
reg_weight = 0.0001
ssl_temp = 0.1
ssl_reg = 1e-07
hyper_layers = 1
alpha = 1
proto_reg = 8e-08
num_clusters = 10
m_step = 1
warm_up_step = 20
user_feature_path = features/roberta_user.npy
item_feature_path = features/roberta_item.npy
MODEL_INPUT_TYPE = InputType.PAIRWISE
eval_type = EvaluatorType.RANKING
single_spec = True
local_rank = 0
device = cuda
valid_neg_sample_args = {'distribution': 'uniform', 'sample_num': 'none'}
test_neg_sample_args = {'distribution': 'uniform', 'sample_num': 'none'}


Sat 14 Mar 2026 22:33:18 INFO  travel
The number of users: 2010
Average actions of users: 18.721254355400696
The number of items: 247
Average actions of items: 152.890243902439
The number of inters: 37611
The sparsity of the dataset: 92.42431566862047%
Remain Fields: ['user_id', 'item_id', 'rating', 'post_num', 'follower', 'following', 'timestamp']
Sat 14 Mar 2026 22:33:18 INFO  [Training]: train_batch_size = [4096] train_neg_sample_args: [{'distribution': 'uniform', 'sample_num': 1, 'alpha': 1.0, 'dynamic': False, 'candidate_num': 0}]
Sat 14 Mar 2026 22:33:18 INFO  [Evaluation]: eval_batch_size = [4096] eval_args: [{'split': {'RS': [0.8, 0.1, 0.1]}, 'order': 'RO', 'group_by': 'user', 'mode': {'valid': 'full', 'test': 'full'}}]
Sat 14 Mar 2026 22:33:20 INFO  SCL(
  (u_MLP): Linear(in_features=1024, out_features=64, bias=True)
  (i_MLP): Linear(in_features=1024, out_features=64, bias=True)
  (user_embedding): Embedding(2010, 64)
  (item_embedding): Embedding(247, 64)
  (mf_loss): BPRLoss()
  (reg_loss): EmbLoss()
)
Trainable parameters: 275648
Sat 14 Mar 2026 22:33:20 INFO  Running E-step ! 
Sat 14 Mar 2026 22:33:21 INFO  epoch 0 training [time: 0.50s, train_loss1: 5.5429, train_loss2: 0.0191, train_loss3: 0.0114]
Sat 14 Mar 2026 22:33:21 INFO  epoch 0 evaluating [time: 0.19s, valid_score: 0.027800]
Sat 14 Mar 2026 22:33:21 INFO  valid result: 
recall@1 : 0.0053    recall@2 : 0.011    recall@3 : 0.017    recall@4 : 0.0205    recall@5 : 0.0263    recall@10 : 0.0479    recall@20 : 0.0955    recall@30 : 0.1447    recall@50 : 0.2367    ndcg@1 : 0.0131    ndcg@2 : 0.0142    ndcg@3 : 0.016    ndcg@4 : 0.0177    ndcg@5 : 0.0201    ndcg@10 : 0.0278    ndcg@20 : 0.042    ndcg@30 : 0.0549    ndcg@50 : 0.0761    precision@1 : 0.0131    precision@2 : 0.0122    precision@3 : 0.0115    precision@4 : 0.0118    precision@5 : 0.012    precision@10 : 0.0108    precision@20 : 0.0109    precision@30 : 0.0112    precision@50 : 0.0112    map@1 : 0.0131    map@2 : 0.0118    map@3 : 0.0119    map@4 : 0.0121    map@5 : 0.0131    map@10 : 0.0156    map@20 : 0.019    map@30 : 0.0214    map@50 : 0.0245
Sat 14 Mar 2026 22:33:21 INFO  Saving current: saved/SCL-Mar-14-2026_22-33-20.pth
Sat 14 Mar 2026 22:33:21 INFO  Saving current best: saved/SCL-Mar-14-2026_22-33-20.pth
Sat 14 Mar 2026 22:33:21 INFO  Running E-step ! 
Sat 14 Mar 2026 22:33:21 INFO  epoch 1 training [time: 0.20s, train_loss1: 5.5427, train_loss2: 0.0149, train_loss3: 0.0113]
Sat 14 Mar 2026 22:33:21 INFO  epoch 1 evaluating [time: 0.14s, valid_score: 0.029100]
Sat 14 Mar 2026 22:33:21 INFO  valid result: 
recall@1 : 0.0055    recall@2 : 0.0112    recall@3 : 0.0173    recall@4 : 0.022    recall@5 : 0.0292    recall@10 : 0.0505    recall@20 : 0.0992    recall@30 : 0.1405    recall@50 : 0.2367    ndcg@1 : 0.0137    ndcg@2 : 0.0143    ndcg@3 : 0.0166    ndcg@4 : 0.0185    ndcg@5 : 0.0215    ndcg@10 : 0.0291    ndcg@20 : 0.0434    ndcg@30 : 0.0544    ndcg@50 : 0.0766    precision@1 : 0.0137    precision@2 : 0.0119    precision@3 : 0.0121    precision@4 : 0.0122    precision@5 : 0.0129    precision@10 : 0.0113    precision@20 : 0.0112    precision@30 : 0.0109    precision@50 : 0.0112    map@1 : 0.0137    map@2 : 0.0119    map@3 : 0.0122    map@4 : 0.0127    map@5 : 0.0138    map@10 : 0.0163    map@20 : 0.0197    map@30 : 0.0218    map@50 : 0.025
Sat 14 Mar 2026 22:33:21 INFO  Saving current: saved/SCL-Mar-14-2026_22-33-20.pth
Sat 14 Mar 2026 22:33:21 INFO  Saving current best: saved/SCL-Mar-14-2026_22-33-20.pth
Sat 14 Mar 2026 22:33:21 INFO  Running E-step ! 
Sat 14 Mar 2026 22:33:22 INFO  epoch 2 training [time: 0.18s, train_loss1: 5.5421, train_loss2: 0.0131, train_loss3: 0.0112]
Sat 14 Mar 2026 22:33:22 INFO  epoch 2 evaluating [time: 0.14s, valid_score: 0.030400]
Sat 14 Mar 2026 22:33:22 INFO  valid result: 
recall@1 : 0.0053    recall@2 : 0.012    recall@3 : 0.0182    recall@4 : 0.0237    recall@5 : 0.0309    recall@10 : 0.0529    recall@20 : 0.1017    recall@30 : 0.1477    recall@50 : 0.2379    ndcg@1 : 0.0137    ndcg@2 : 0.0153    ndcg@3 : 0.0171    ndcg@4 : 0.0195    ndcg@5 : 0.0227    ndcg@10 : 0.0304    ndcg@20 : 0.0448    ndcg@30 : 0.0568    ndcg@50 : 0.0776    precision@1 : 0.0137    precision@2 : 0.0131    precision@3 : 0.0121    precision@4 : 0.0128    precision@5 : 0.0136    precision@10 : 0.012    precision@20 : 0.0116    precision@30 : 0.0115    precision@50 : 0.0113    map@1 : 0.0137    map@2 : 0.0125    map@3 : 0.0127    map@4 : 0.0133    map@5 : 0.0145    map@10 : 0.017    map@20 : 0.0203    map@30 : 0.0226    map@50 : 0.0256
Sat 14 Mar 2026 22:33:22 INFO  Saving current: saved/SCL-Mar-14-2026_22-33-20.pth
Sat 14 Mar 2026 22:33:22 INFO  Saving current best: saved/SCL-Mar-14-2026_22-33-20.pth
Sat 14 Mar 2026 22:33:22 INFO  Running E-step ! 
Sat 14 Mar 2026 22:33:22 INFO  epoch 3 training [time: 0.18s, train_loss1: 5.5415, train_loss2: 0.0115, train_loss3: 0.0111]
Sat 14 Mar 2026 22:33:22 INFO  epoch 3 evaluating [time: 0.14s, valid_score: 0.032600]
Sat 14 Mar 2026 22:33:22 INFO  valid result: 
recall@1 : 0.0064    recall@2 : 0.0139    recall@3 : 0.0207    recall@4 : 0.0261    recall@5 : 0.0317    recall@10 : 0.0549    recall@20 : 0.1022    recall@30 : 0.1475    recall@50 : 0.2379    ndcg@1 : 0.0143    ndcg@2 : 0.0171    ndcg@3 : 0.0191    ndcg@4 : 0.0216    ndcg@5 : 0.0239    ndcg@10 : 0.0326    ndcg@20 : 0.0464    ndcg@30 : 0.0585    ndcg@50 : 0.0792    precision@1 : 0.0143    precision@2 : 0.0146    precision@3 : 0.0133    precision@4 : 0.0139    precision@5 : 0.0136    precision@10 : 0.0129    precision@20 : 0.0119    precision@30 : 0.0117    precision@50 : 0.0113    map@1 : 0.0143    map@2 : 0.014    map@3 : 0.0144    map@4 : 0.015    map@5 : 0.0158    map@10 : 0.0186    map@20 : 0.0219    map@30 : 0.0243    map@50 : 0.0273
Sat 14 Mar 2026 22:33:22 INFO  Saving current: saved/SCL-Mar-14-2026_22-33-20.pth
Sat 14 Mar 2026 22:33:22 INFO  Saving current best: saved/SCL-Mar-14-2026_22-33-20.pth
Sat 14 Mar 2026 22:33:22 INFO  Running E-step ! 
Sat 14 Mar 2026 22:33:22 INFO  epoch 4 training [time: 0.18s, train_loss1: 5.5409, train_loss2: 0.0102, train_loss3: 0.0111]
Sat 14 Mar 2026 22:33:23 INFO  epoch 4 evaluating [time: 0.14s, valid_score: 0.034300]
Sat 14 Mar 2026 22:33:23 INFO  valid result: 
recall@1 : 0.0058    recall@2 : 0.0141    recall@3 : 0.0208    recall@4 : 0.0299    recall@5 : 0.0343    recall@10 : 0.0594    recall@20 : 0.1074    recall@30 : 0.1535    recall@50 : 0.2432    ndcg@1 : 0.0143    ndcg@2 : 0.0173    ndcg@3 : 0.0197    ndcg@4 : 0.0235    ndcg@5 : 0.0251    ndcg@10 : 0.0343    ndcg@20 : 0.0483    ndcg@30 : 0.0606    ndcg@50 : 0.0811    precision@1 : 0.0143    precision@2 : 0.0152    precision@3 : 0.0145    precision@4 : 0.0155    precision@5 : 0.0143    precision@10 : 0.0133    precision@20 : 0.0122    precision@30 : 0.012    precision@50 : 0.0115    map@1 : 0.0143    map@2 : 0.014    map@3 : 0.0145    map@4 : 0.0158    map@5 : 0.0163    map@10 : 0.0193    map@20 : 0.0226    map@30 : 0.025    map@50 : 0.028
Sat 14 Mar 2026 22:33:23 INFO  Saving current: saved/SCL-Mar-14-2026_22-33-20.pth
Sat 14 Mar 2026 22:33:23 INFO  Saving current best: saved/SCL-Mar-14-2026_22-33-20.pth
Sat 14 Mar 2026 22:33:23 INFO  Running E-step ! 
Sat 14 Mar 2026 22:33:23 INFO  epoch 5 training [time: 0.16s, train_loss1: 5.5401, train_loss2: 0.0091, train_loss3: 0.0110]
Sat 14 Mar 2026 22:33:23 INFO  epoch 5 evaluating [time: 0.14s, valid_score: 0.036700]
Sat 14 Mar 2026 22:33:23 INFO  valid result: 
recall@1 : 0.0077    recall@2 : 0.0143    recall@3 : 0.0236    recall@4 : 0.0311    recall@5 : 0.0375    recall@10 : 0.0621    recall@20 : 0.1119    recall@30 : 0.154    recall@50 : 0.2441    ndcg@1 : 0.0179    ndcg@2 : 0.0193    ndcg@3 : 0.0229    ndcg@4 : 0.0258    ndcg@5 : 0.0281    ndcg@10 : 0.0367    ndcg@20 : 0.0513    ndcg@30 : 0.0627    ndcg@50 : 0.0835    precision@1 : 0.0179    precision@2 : 0.0167    precision@3 : 0.0169    precision@4 : 0.0167    precision@5 : 0.0159    precision@10 : 0.0139    precision@20 : 0.0129    precision@30 : 0.0123    precision@50 : 0.0117    map@1 : 0.0179    map@2 : 0.0159    map@3 : 0.0169    map@4 : 0.0178    map@5 : 0.0186    map@10 : 0.0213    map@20 : 0.0246    map@30 : 0.0268    map@50 : 0.0299
Sat 14 Mar 2026 22:33:23 INFO  Saving current: saved/SCL-Mar-14-2026_22-33-20.pth
Sat 14 Mar 2026 22:33:23 INFO  Saving current best: saved/SCL-Mar-14-2026_22-33-20.pth
Sat 14 Mar 2026 22:33:23 INFO  Running E-step ! 
Sat 14 Mar 2026 22:33:23 INFO  epoch 6 training [time: 0.18s, train_loss1: 5.5393, train_loss2: 0.0082, train_loss3: 0.0109]
Sat 14 Mar 2026 22:33:23 INFO  epoch 6 evaluating [time: 0.14s, valid_score: 0.038500]
Sat 14 Mar 2026 22:33:23 INFO  valid result: 
recall@1 : 0.0072    recall@2 : 0.0165    recall@3 : 0.0267    recall@4 : 0.0324    recall@5 : 0.0408    recall@10 : 0.0647    recall@20 : 0.1156    recall@30 : 0.1592    recall@50 : 0.2501    ndcg@1 : 0.0185    ndcg@2 : 0.0214    ndcg@3 : 0.0254    ndcg@4 : 0.0272    ndcg@5 : 0.0303    ndcg@10 : 0.0385    ndcg@20 : 0.0538    ndcg@30 : 0.0656    ndcg@50 : 0.0864    precision@1 : 0.0185    precision@2 : 0.0188    precision@3 : 0.0191    precision@4 : 0.0174    precision@5 : 0.017    precision@10 : 0.0144    precision@20 : 0.0134    precision@30 : 0.0128    precision@50 : 0.012    map@1 : 0.0185    map@2 : 0.0176    map@3 : 0.0186    map@4 : 0.019    map@5 : 0.0201    map@10 : 0.0225    map@20 : 0.0261    map@30 : 0.0283    map@50 : 0.0315
Sat 14 Mar 2026 22:33:23 INFO  Saving current: saved/SCL-Mar-14-2026_22-33-20.pth
Sat 14 Mar 2026 22:33:23 INFO  Saving current best: saved/SCL-Mar-14-2026_22-33-20.pth
Sat 14 Mar 2026 22:33:23 INFO  Running E-step ! 
Sat 14 Mar 2026 22:33:23 INFO  epoch 7 training [time: 0.18s, train_loss1: 5.5382, train_loss2: 0.0075, train_loss3: 0.0109]
Sat 14 Mar 2026 22:33:24 INFO  epoch 7 evaluating [time: 0.14s, valid_score: 0.043000]
Sat 14 Mar 2026 22:33:24 INFO  valid result: 
recall@1 : 0.011    recall@2 : 0.022    recall@3 : 0.0299    recall@4 : 0.0368    recall@5 : 0.0433    recall@10 : 0.0678    recall@20 : 0.1195    recall@30 : 0.1654    recall@50 : 0.2618    ndcg@1 : 0.0238    ndcg@2 : 0.0271    ndcg@3 : 0.0295    ndcg@4 : 0.0318    ndcg@5 : 0.0343    ndcg@10 : 0.043    ndcg@20 : 0.0587    ndcg@30 : 0.0709    ndcg@50 : 0.0929    precision@1 : 0.0238    precision@2 : 0.0229    precision@3 : 0.0207    precision@4 : 0.0189    precision@5 : 0.0182    precision@10 : 0.0153    precision@20 : 0.0141    precision@30 : 0.0133    precision@50 : 0.0126    map@1 : 0.0238    map@2 : 0.0225    map@3 : 0.0227    map@4 : 0.0233    map@5 : 0.0241    map@10 : 0.0266    map@20 : 0.0303    map@30 : 0.0327    map@50 : 0.0361
Sat 14 Mar 2026 22:33:24 INFO  Saving current: saved/SCL-Mar-14-2026_22-33-20.pth
Sat 14 Mar 2026 22:33:24 INFO  Saving current best: saved/SCL-Mar-14-2026_22-33-20.pth
Sat 14 Mar 2026 22:33:24 INFO  Running E-step ! 
Sat 14 Mar 2026 22:33:24 INFO  epoch 8 training [time: 0.18s, train_loss1: 5.5368, train_loss2: 0.0069, train_loss3: 0.0108]
Sat 14 Mar 2026 22:33:24 INFO  epoch 8 evaluating [time: 0.14s, valid_score: 0.047400]
Sat 14 Mar 2026 22:33:24 INFO  valid result: 
recall@1 : 0.0136    recall@2 : 0.023    recall@3 : 0.0313    recall@4 : 0.0385    recall@5 : 0.0455    recall@10 : 0.0748    recall@20 : 0.126    recall@30 : 0.1737    recall@50 : 0.2681    ndcg@1 : 0.0286    ndcg@2 : 0.0298    ndcg@3 : 0.0323    ndcg@4 : 0.0348    ndcg@5 : 0.0372    ndcg@10 : 0.0474    ndcg@20 : 0.0632    ndcg@30 : 0.0758    ndcg@50 : 0.0976    precision@1 : 0.0286    precision@2 : 0.025    precision@3 : 0.0226    precision@4 : 0.0209    precision@5 : 0.0197    precision@10 : 0.0166    precision@20 : 0.0151    precision@30 : 0.0141    precision@50 : 0.0131    map@1 : 0.0286    map@2 : 0.0253    map@3 : 0.0251    map@4 : 0.0258    map@5 : 0.0265    map@10 : 0.0296    map@20 : 0.0334    map@30 : 0.0358    map@50 : 0.0393
Sat 14 Mar 2026 22:33:24 INFO  Saving current: saved/SCL-Mar-14-2026_22-33-20.pth
Sat 14 Mar 2026 22:33:24 INFO  Saving current best: saved/SCL-Mar-14-2026_22-33-20.pth
Sat 14 Mar 2026 22:33:24 INFO  Running E-step ! 
Sat 14 Mar 2026 22:33:24 INFO  epoch 9 training [time: 0.18s, train_loss1: 5.5354, train_loss2: 0.0064, train_loss3: 0.0108]
Sat 14 Mar 2026 22:33:24 INFO  epoch 9 evaluating [time: 0.14s, valid_score: 0.054000]
Sat 14 Mar 2026 22:33:24 INFO  valid result: 
recall@1 : 0.0159    recall@2 : 0.0262    recall@3 : 0.0358    recall@4 : 0.047    recall@5 : 0.052    recall@10 : 0.0838    recall@20 : 0.134    recall@30 : 0.1835    recall@50 : 0.2753    ndcg@1 : 0.0328    ndcg@2 : 0.0335    ndcg@3 : 0.0369    ndcg@4 : 0.0409    ndcg@5 : 0.0427    ndcg@10 : 0.054    ndcg@20 : 0.0691    ndcg@30 : 0.0823    ndcg@50 : 0.1036    precision@1 : 0.0328    precision@2 : 0.0274    precision@3 : 0.0256    precision@4 : 0.0243    precision@5 : 0.0225    precision@10 : 0.0195    precision@20 : 0.0162    precision@30 : 0.015    precision@50 : 0.0135    map@1 : 0.0328    map@2 : 0.0289    map@3 : 0.0289    map@4 : 0.0303    map@5 : 0.0306    map@10 : 0.0339    map@20 : 0.0375    map@30 : 0.0402    map@50 : 0.0436
Sat 14 Mar 2026 22:33:24 INFO  Saving current: saved/SCL-Mar-14-2026_22-33-20.pth
Sat 14 Mar 2026 22:33:24 INFO  Saving current best: saved/SCL-Mar-14-2026_22-33-20.pth
Sat 14 Mar 2026 22:33:24 INFO  Running E-step ! 
Sat 14 Mar 2026 22:33:24 INFO  epoch 10 training [time: 0.18s, train_loss1: 5.5335, train_loss2: 0.0061, train_loss3: 0.0107]
Sat 14 Mar 2026 22:33:25 INFO  epoch 10 evaluating [time: 0.14s, valid_score: 0.059500]
Sat 14 Mar 2026 22:33:25 INFO  valid result: 
recall@1 : 0.0175    recall@2 : 0.0321    recall@3 : 0.0419    recall@4 : 0.0516    recall@5 : 0.0584    recall@10 : 0.0902    recall@20 : 0.1509    recall@30 : 0.1981    recall@50 : 0.2882    ndcg@1 : 0.0358    ndcg@2 : 0.0387    ndcg@3 : 0.0422    ndcg@4 : 0.0457    ndcg@5 : 0.0483    ndcg@10 : 0.0595    ndcg@20 : 0.0776    ndcg@30 : 0.0904    ndcg@50 : 0.1112    precision@1 : 0.0358    precision@2 : 0.0313    precision@3 : 0.0292    precision@4 : 0.0271    precision@5 : 0.0256    precision@10 : 0.0212    precision@20 : 0.0181    precision@30 : 0.0163    precision@50 : 0.0142    map@1 : 0.0358    map@2 : 0.0334    map@3 : 0.0332    map@4 : 0.0341    map@5 : 0.0349    map@10 : 0.0381    map@20 : 0.0424    map@30 : 0.0453    map@50 : 0.0486
Sat 14 Mar 2026 22:33:25 INFO  Saving current: saved/SCL-Mar-14-2026_22-33-20.pth
Sat 14 Mar 2026 22:33:25 INFO  Saving current best: saved/SCL-Mar-14-2026_22-33-20.pth
Sat 14 Mar 2026 22:33:25 INFO  Running E-step ! 
Sat 14 Mar 2026 22:33:25 INFO  epoch 11 training [time: 0.17s, train_loss1: 5.5312, train_loss2: 0.0060, train_loss3: 0.0107]
Sat 14 Mar 2026 22:33:25 INFO  epoch 11 evaluating [time: 0.14s, valid_score: 0.067900]
Sat 14 Mar 2026 22:33:25 INFO  valid result: 
recall@1 : 0.019    recall@2 : 0.0369    recall@3 : 0.047    recall@4 : 0.0566    recall@5 : 0.0683    recall@10 : 0.1026    recall@20 : 0.1645    recall@30 : 0.2124    recall@50 : 0.3084    ndcg@1 : 0.0399    ndcg@2 : 0.0453    ndcg@3 : 0.0479    ndcg@4 : 0.0509    ndcg@5 : 0.0556    ndcg@10 : 0.0679    ndcg@20 : 0.0863    ndcg@30 : 0.0993    ndcg@50 : 0.1214    precision@1 : 0.0399    precision@2 : 0.0381    precision@3 : 0.0338    precision@4 : 0.0304    precision@5 : 0.0303    precision@10 : 0.0247    precision@20 : 0.0199    precision@30 : 0.0177    precision@50 : 0.0151    map@1 : 0.0399    map@2 : 0.0384    map@3 : 0.0373    map@4 : 0.0381    map@5 : 0.0396    map@10 : 0.0432    map@20 : 0.0478    map@30 : 0.0508    map@50 : 0.0544
Sat 14 Mar 2026 22:33:25 INFO  Saving current: saved/SCL-Mar-14-2026_22-33-20.pth
Sat 14 Mar 2026 22:33:25 INFO  Saving current best: saved/SCL-Mar-14-2026_22-33-20.pth
Sat 14 Mar 2026 22:33:25 INFO  Running E-step ! 
Sat 14 Mar 2026 22:33:25 INFO  epoch 12 training [time: 0.19s, train_loss1: 5.5285, train_loss2: 0.0060, train_loss3: 0.0106]
Sat 14 Mar 2026 22:33:25 INFO  epoch 12 evaluating [time: 0.14s, valid_score: 0.080100]
Sat 14 Mar 2026 22:33:25 INFO  valid result: 
recall@1 : 0.0237    recall@2 : 0.0401    recall@3 : 0.055    recall@4 : 0.0684    recall@5 : 0.0807    recall@10 : 0.1213    recall@20 : 0.1836    recall@30 : 0.2383    recall@50 : 0.3311    ndcg@1 : 0.0483    ndcg@2 : 0.0509    ndcg@3 : 0.0558    ndcg@4 : 0.0606    ndcg@5 : 0.0658    ndcg@10 : 0.0801    ndcg@20 : 0.099    ndcg@30 : 0.1134    ndcg@50 : 0.1351    precision@1 : 0.0483    precision@2 : 0.042    precision@3 : 0.0391    precision@4 : 0.0367    precision@5 : 0.0362    precision@10 : 0.0285    precision@20 : 0.0225    precision@30 : 0.0196    precision@50 : 0.0163    map@1 : 0.0483    map@2 : 0.0435    map@3 : 0.0436    map@4 : 0.0451    map@5 : 0.0469    map@10 : 0.0515    map@20 : 0.0566    map@30 : 0.0597    map@50 : 0.0635
Sat 14 Mar 2026 22:33:25 INFO  Saving current: saved/SCL-Mar-14-2026_22-33-20.pth
Sat 14 Mar 2026 22:33:25 INFO  Saving current best: saved/SCL-Mar-14-2026_22-33-20.pth
Sat 14 Mar 2026 22:33:25 INFO  Running E-step ! 
Sat 14 Mar 2026 22:33:25 INFO  epoch 13 training [time: 0.19s, train_loss1: 5.5247, train_loss2: 0.0063, train_loss3: 0.0106]
Sat 14 Mar 2026 22:33:26 INFO  epoch 13 evaluating [time: 0.14s, valid_score: 0.095700]
Sat 14 Mar 2026 22:33:26 INFO  valid result: 
recall@1 : 0.0303    recall@2 : 0.0499    recall@3 : 0.0696    recall@4 : 0.0851    recall@5 : 0.0985    recall@10 : 0.1405    recall@20 : 0.2099    recall@30 : 0.2672    recall@50 : 0.3541    ndcg@1 : 0.0614    ndcg@2 : 0.0631    ndcg@3 : 0.0702    ndcg@4 : 0.0756    ndcg@5 : 0.0808    ndcg@10 : 0.0957    ndcg@20 : 0.1167    ndcg@30 : 0.1319    ndcg@50 : 0.1526    precision@1 : 0.0614    precision@2 : 0.0518    precision@3 : 0.0493    precision@4 : 0.046    precision@5 : 0.0437    precision@10 : 0.0332    precision@20 : 0.0255    precision@30 : 0.0218    precision@50 : 0.0177    map@1 : 0.0614    map@2 : 0.0539    map@3 : 0.055    map@4 : 0.0564    map@5 : 0.0583    map@10 : 0.0635    map@20 : 0.0693    map@30 : 0.0728    map@50 : 0.0765
Sat 14 Mar 2026 22:33:26 INFO  Saving current: saved/SCL-Mar-14-2026_22-33-20.pth
Sat 14 Mar 2026 22:33:26 INFO  Saving current best: saved/SCL-Mar-14-2026_22-33-20.pth
Sat 14 Mar 2026 22:33:26 INFO  Running E-step ! 
Sat 14 Mar 2026 22:33:26 INFO  epoch 14 training [time: 0.19s, train_loss1: 5.5198, train_loss2: 0.0070, train_loss3: 0.0106]
Sat 14 Mar 2026 22:33:26 INFO  epoch 14 evaluating [time: 0.14s, valid_score: 0.114800]
Sat 14 Mar 2026 22:33:26 INFO  valid result: 
recall@1 : 0.0382    recall@2 : 0.0616    recall@3 : 0.0837    recall@4 : 0.0983    recall@5 : 0.1133    recall@10 : 0.1672    recall@20 : 0.2416    recall@30 : 0.3046    recall@50 : 0.3965    ndcg@1 : 0.0763    ndcg@2 : 0.078    ndcg@3 : 0.0853    ndcg@4 : 0.09    ndcg@5 : 0.0954    ndcg@10 : 0.1148    ndcg@20 : 0.1375    ndcg@30 : 0.1539    ndcg@50 : 0.1757    precision@1 : 0.0763    precision@2 : 0.0641    precision@3 : 0.0598    precision@4 : 0.0545    precision@5 : 0.0508    precision@10 : 0.0394    precision@20 : 0.0293    precision@30 : 0.0246    precision@50 : 0.0196    map@1 : 0.0763    map@2 : 0.0669    map@3 : 0.0675    map@4 : 0.0681    map@5 : 0.07    map@10 : 0.0773    map@20 : 0.084    map@30 : 0.0878    map@50 : 0.092
Sat 14 Mar 2026 22:33:26 INFO  Saving current: saved/SCL-Mar-14-2026_22-33-20.pth
Sat 14 Mar 2026 22:33:26 INFO  Saving current best: saved/SCL-Mar-14-2026_22-33-20.pth
Sat 14 Mar 2026 22:33:26 INFO  Running E-step ! 
Sat 14 Mar 2026 22:33:26 INFO  epoch 15 training [time: 0.18s, train_loss1: 5.5132, train_loss2: 0.0082, train_loss3: 0.0106]
Sat 14 Mar 2026 22:33:26 INFO  epoch 15 evaluating [time: 0.14s, valid_score: 0.136200]
Sat 14 Mar 2026 22:33:26 INFO  valid result: 
recall@1 : 0.0418    recall@2 : 0.0765    recall@3 : 0.0976    recall@4 : 0.1208    recall@5 : 0.1372    recall@10 : 0.2009    recall@20 : 0.284    recall@30 : 0.3513    recall@50 : 0.4437    ndcg@1 : 0.0834    ndcg@2 : 0.0933    ndcg@3 : 0.0989    ndcg@4 : 0.1067    ndcg@5 : 0.1128    ndcg@10 : 0.1362    ndcg@20 : 0.1615    ndcg@30 : 0.1794    ndcg@50 : 0.2016    precision@1 : 0.0834    precision@2 : 0.0787    precision@3 : 0.0697    precision@4 : 0.0647    precision@5 : 0.0602    precision@10 : 0.0466    precision@20 : 0.034    precision@30 : 0.0284    precision@50 : 0.0219    map@1 : 0.0834    map@2 : 0.0793    map@3 : 0.0784    map@4 : 0.0807    map@5 : 0.0832    map@10 : 0.0923    map@20 : 0.0999    map@30 : 0.1045    map@50 : 0.1089
Sat 14 Mar 2026 22:33:26 INFO  Saving current: saved/SCL-Mar-14-2026_22-33-20.pth
Sat 14 Mar 2026 22:33:26 INFO  Saving current best: saved/SCL-Mar-14-2026_22-33-20.pth
Sat 14 Mar 2026 22:33:26 INFO  Running E-step ! 
Sat 14 Mar 2026 22:33:26 INFO  epoch 16 training [time: 0.18s, train_loss1: 5.5032, train_loss2: 0.0101, train_loss3: 0.0106]
Sat 14 Mar 2026 22:33:27 INFO  epoch 16 evaluating [time: 0.14s, valid_score: 0.165800]
Sat 14 Mar 2026 22:33:27 INFO  valid result: 
recall@1 : 0.0492    recall@2 : 0.0895    recall@3 : 0.1169    recall@4 : 0.1478    recall@5 : 0.1704    recall@10 : 0.249    recall@20 : 0.3453    recall@30 : 0.4196    recall@50 : 0.5139    ndcg@1 : 0.1001    ndcg@2 : 0.1116    ndcg@3 : 0.1189    ndcg@4 : 0.1293    ndcg@5 : 0.1375    ndcg@10 : 0.1658    ndcg@20 : 0.1951    ndcg@30 : 0.2148    ndcg@50 : 0.237    precision@1 : 0.1001    precision@2 : 0.0945    precision@3 : 0.0852    precision@4 : 0.0796    precision@5 : 0.0741    precision@10 : 0.0566    precision@20 : 0.0406    precision@30 : 0.0333    precision@50 : 0.0247    map@1 : 0.1001    map@2 : 0.0955    map@3 : 0.0945    map@4 : 0.0976    map@5 : 0.1011    map@10 : 0.1122    map@20 : 0.1218    map@30 : 0.1269    map@50 : 0.1315
Sat 14 Mar 2026 22:33:27 INFO  Saving current: saved/SCL-Mar-14-2026_22-33-20.pth
Sat 14 Mar 2026 22:33:27 INFO  Saving current best: saved/SCL-Mar-14-2026_22-33-20.pth
Sat 14 Mar 2026 22:33:27 INFO  Running E-step ! 
Sat 14 Mar 2026 22:33:27 INFO  epoch 17 training [time: 0.18s, train_loss1: 5.4876, train_loss2: 0.0133, train_loss3: 0.0105]
Sat 14 Mar 2026 22:33:27 INFO  epoch 17 evaluating [time: 0.14s, valid_score: 0.202300]
Sat 14 Mar 2026 22:33:27 INFO  valid result: 
recall@1 : 0.062    recall@2 : 0.1082    recall@3 : 0.1513    recall@4 : 0.1827    recall@5 : 0.2116    recall@10 : 0.3042    recall@20 : 0.4192    recall@30 : 0.4918    recall@50 : 0.5994    ndcg@1 : 0.1204    ndcg@2 : 0.1331    ndcg@3 : 0.1483    ndcg@4 : 0.158    ndcg@5 : 0.169    ndcg@10 : 0.2023    ndcg@20 : 0.2371    ndcg@30 : 0.2566    ndcg@50 : 0.2812    precision@1 : 0.1204    precision@2 : 0.1108    precision@3 : 0.1055    precision@4 : 0.0946    precision@5 : 0.089    precision@10 : 0.067    precision@20 : 0.0474    precision@30 : 0.038    precision@50 : 0.0278    map@1 : 0.1204    map@2 : 0.1143    map@3 : 0.1182    map@4 : 0.1207    map@5 : 0.1255    map@10 : 0.1393    map@20 : 0.1511    map@30 : 0.1565    map@50 : 0.1617
Sat 14 Mar 2026 22:33:27 INFO  Saving current: saved/SCL-Mar-14-2026_22-33-20.pth
Sat 14 Mar 2026 22:33:27 INFO  Saving current best: saved/SCL-Mar-14-2026_22-33-20.pth
Sat 14 Mar 2026 22:33:27 INFO  Running E-step ! 
Sat 14 Mar 2026 22:33:27 INFO  epoch 18 training [time: 0.18s, train_loss1: 5.4621, train_loss2: 0.0182, train_loss3: 0.0105]
Sat 14 Mar 2026 22:33:27 INFO  epoch 18 evaluating [time: 0.14s, valid_score: 0.250000]
Sat 14 Mar 2026 22:33:27 INFO  valid result: 
recall@1 : 0.0806    recall@2 : 0.1377    recall@3 : 0.1856    recall@4 : 0.223    recall@5 : 0.2563    recall@10 : 0.385    recall@20 : 0.5002    recall@30 : 0.5779    recall@50 : 0.6736    ndcg@1 : 0.149    ndcg@2 : 0.1625    ndcg@3 : 0.1786    ndcg@4 : 0.1919    ndcg@5 : 0.2044    ndcg@10 : 0.25    ndcg@20 : 0.2854    ndcg@30 : 0.3059    ndcg@50 : 0.328    precision@1 : 0.149    precision@2 : 0.1305    precision@3 : 0.1204    precision@4 : 0.1104    precision@5 : 0.1029    precision@10 : 0.0788    precision@20 : 0.054    precision@30 : 0.0424    precision@50 : 0.03    map@1 : 0.149    map@2 : 0.1408    map@3 : 0.1446    map@4 : 0.1494    map@5 : 0.1553    map@10 : 0.1747    map@20 : 0.1868    map@30 : 0.1927    map@50 : 0.1975
Sat 14 Mar 2026 22:33:27 INFO  Saving current: saved/SCL-Mar-14-2026_22-33-20.pth
Sat 14 Mar 2026 22:33:27 INFO  Saving current best: saved/SCL-Mar-14-2026_22-33-20.pth
Sat 14 Mar 2026 22:33:27 INFO  Running E-step ! 
Sat 14 Mar 2026 22:33:27 INFO  epoch 19 training [time: 0.16s, train_loss1: 5.4124, train_loss2: 0.0258, train_loss3: 0.0106]
Sat 14 Mar 2026 22:33:28 INFO  epoch 19 evaluating [time: 0.14s, valid_score: 0.286600]
Sat 14 Mar 2026 22:33:28 INFO  valid result: 
recall@1 : 0.1025    recall@2 : 0.1738    recall@3 : 0.2141    recall@4 : 0.2598    recall@5 : 0.2947    recall@10 : 0.4402    recall@20 : 0.5732    recall@30 : 0.6478    recall@50 : 0.7266    ndcg@1 : 0.1782    ndcg@2 : 0.1963    ndcg@3 : 0.2061    ndcg@4 : 0.2227    ndcg@5 : 0.2352    ndcg@10 : 0.2866    ndcg@20 : 0.3279    ndcg@30 : 0.3478    ndcg@50 : 0.3662    precision@1 : 0.1782    precision@2 : 0.1514    precision@3 : 0.1277    precision@4 : 0.1178    precision@5 : 0.1079    precision@10 : 0.0838    precision@20 : 0.0583    precision@30 : 0.0453    precision@50 : 0.0312    map@1 : 0.1782    map@2 : 0.1727    map@3 : 0.1711    map@4 : 0.1776    map@5 : 0.1828    map@10 : 0.2038    map@20 : 0.2186    map@30 : 0.2244    map@50 : 0.2287
Sat 14 Mar 2026 22:33:28 INFO  Saving current: saved/SCL-Mar-14-2026_22-33-20.pth
Sat 14 Mar 2026 22:33:28 INFO  Saving current best: saved/SCL-Mar-14-2026_22-33-20.pth
Sat 14 Mar 2026 22:33:28 INFO  Running E-step ! 
Sat 14 Mar 2026 22:33:28 INFO  epoch 20 training [time: 0.19s, train_loss1: 5.3044, train_loss2: 0.0324, train_loss3: 0.0106, train_loss4: 0.0031]
Sat 14 Mar 2026 22:33:28 INFO  epoch 20 evaluating [time: 0.14s, valid_score: 0.301400]
Sat 14 Mar 2026 22:33:28 INFO  valid result: 
recall@1 : 0.1129    recall@2 : 0.1973    recall@3 : 0.2557    recall@4 : 0.2932    recall@5 : 0.329    recall@10 : 0.448    recall@20 : 0.6089    recall@30 : 0.6722    recall@50 : 0.7457    ndcg@1 : 0.1883    ndcg@2 : 0.2139    ndcg@3 : 0.2341    ndcg@4 : 0.2465    ndcg@5 : 0.2593    ndcg@10 : 0.3014    ndcg@20 : 0.35    ndcg@30 : 0.3671    ndcg@50 : 0.3852    precision@1 : 0.1883    precision@2 : 0.1615    precision@3 : 0.143    precision@4 : 0.1259    precision@5 : 0.1142    precision@10 : 0.0818    precision@20 : 0.0593    precision@30 : 0.0452    precision@50 : 0.0314    map@1 : 0.1883    map@2 : 0.188    map@3 : 0.1939    map@4 : 0.1977    map@5 : 0.2029    map@10 : 0.2201    map@20 : 0.2367    map@30 : 0.2417    map@50 : 0.246
Sat 14 Mar 2026 22:33:28 INFO  Saving current: saved/SCL-Mar-14-2026_22-33-20.pth
Sat 14 Mar 2026 22:33:28 INFO  Saving current best: saved/SCL-Mar-14-2026_22-33-20.pth
Sat 14 Mar 2026 22:33:28 INFO  Running E-step ! 
Sat 14 Mar 2026 22:33:28 INFO  epoch 21 training [time: 0.17s, train_loss1: 5.1068, train_loss2: 0.0354, train_loss3: 0.0107, train_loss4: 0.0038]
Sat 14 Mar 2026 22:33:28 INFO  epoch 21 evaluating [time: 0.14s, valid_score: 0.306100]
Sat 14 Mar 2026 22:33:28 INFO  valid result: 
recall@1 : 0.1102    recall@2 : 0.1972    recall@3 : 0.2649    recall@4 : 0.3046    recall@5 : 0.3416    recall@10 : 0.4619    recall@20 : 0.6085    recall@30 : 0.6871    recall@50 : 0.7603    ndcg@1 : 0.1841    ndcg@2 : 0.2122    ndcg@3 : 0.2367    ndcg@4 : 0.2504    ndcg@5 : 0.2638    ndcg@10 : 0.3061    ndcg@20 : 0.35    ndcg@30 : 0.371    ndcg@50 : 0.3889    precision@1 : 0.1841    precision@2 : 0.1609    precision@3 : 0.1442    precision@4 : 0.1278    precision@5 : 0.1163    precision@10 : 0.0827    precision@20 : 0.058    precision@30 : 0.0454    precision@50 : 0.0314    map@1 : 0.1841    map@2 : 0.1861    map@3 : 0.1949    map@4 : 0.1996    map@5 : 0.205    map@10 : 0.2223    map@20 : 0.2368    map@30 : 0.2427    map@50 : 0.2469
Sat 14 Mar 2026 22:33:28 INFO  Saving current: saved/SCL-Mar-14-2026_22-33-20.pth
Sat 14 Mar 2026 22:33:28 INFO  Saving current best: saved/SCL-Mar-14-2026_22-33-20.pth
Sat 14 Mar 2026 22:33:28 INFO  Running E-step ! 
Sat 14 Mar 2026 22:33:28 INFO  epoch 22 training [time: 0.18s, train_loss1: 4.8160, train_loss2: 0.0366, train_loss3: 0.0107, train_loss4: 0.0049]
Sat 14 Mar 2026 22:33:29 INFO  epoch 22 evaluating [time: 0.14s, valid_score: 0.308600]
Sat 14 Mar 2026 22:33:29 INFO  valid result: 
recall@1 : 0.1092    recall@2 : 0.203    recall@3 : 0.2663    recall@4 : 0.3099    recall@5 : 0.3495    recall@10 : 0.4677    recall@20 : 0.601    recall@30 : 0.6866    recall@50 : 0.7529    ndcg@1 : 0.183    ndcg@2 : 0.2149    ndcg@3 : 0.2371    ndcg@4 : 0.2527    ndcg@5 : 0.2672    ndcg@10 : 0.3086    ndcg@20 : 0.3487    ndcg@30 : 0.3714    ndcg@50 : 0.3879    precision@1 : 0.183    precision@2 : 0.163    precision@3 : 0.1434    precision@4 : 0.1284    precision@5 : 0.1174    precision@10 : 0.0826    precision@20 : 0.0568    precision@30 : 0.0448    precision@50 : 0.0309    map@1 : 0.183    map@2 : 0.1877    map@3 : 0.195    map@4 : 0.201    map@5 : 0.2071    map@10 : 0.2241    map@20 : 0.2371    map@30 : 0.2434    map@50 : 0.2472
Sat 14 Mar 2026 22:33:29 INFO  Saving current: saved/SCL-Mar-14-2026_22-33-20.pth
Sat 14 Mar 2026 22:33:29 INFO  Saving current best: saved/SCL-Mar-14-2026_22-33-20.pth
Sat 14 Mar 2026 22:33:29 INFO  Running E-step ! 
Sat 14 Mar 2026 22:33:29 INFO  epoch 23 training [time: 0.19s, train_loss1: 4.4626, train_loss2: 0.0371, train_loss3: 0.0108, train_loss4: 0.0056]
Sat 14 Mar 2026 22:33:29 INFO  epoch 23 evaluating [time: 0.14s, valid_score: 0.307800]
Sat 14 Mar 2026 22:33:29 INFO  valid result: 
recall@1 : 0.1085    recall@2 : 0.2    recall@3 : 0.2642    recall@4 : 0.3063    recall@5 : 0.3471    recall@10 : 0.4696    recall@20 : 0.5954    recall@30 : 0.6831    recall@50 : 0.7516    ndcg@1 : 0.1818    ndcg@2 : 0.2124    ndcg@3 : 0.2352    ndcg@4 : 0.2503    ndcg@5 : 0.2652    ndcg@10 : 0.3078    ndcg@20 : 0.3455    ndcg@30 : 0.3689    ndcg@50 : 0.3858    precision@1 : 0.1818    precision@2 : 0.1612    precision@3 : 0.1424    precision@4 : 0.1277    precision@5 : 0.1168    precision@10 : 0.0824    precision@20 : 0.0559    precision@30 : 0.0446    precision@50 : 0.0307    map@1 : 0.1818    map@2 : 0.1856    map@3 : 0.1937    map@4 : 0.1989    map@5 : 0.2054    map@10 : 0.2226    map@20 : 0.2349    map@30 : 0.2414    map@50 : 0.2452
Sat 14 Mar 2026 22:33:29 INFO  Running E-step ! 
Sat 14 Mar 2026 22:33:29 INFO  epoch 24 training [time: 0.17s, train_loss1: 4.1076, train_loss2: 0.0375, train_loss3: 0.0109, train_loss4: 0.0063]
Sat 14 Mar 2026 22:33:29 INFO  epoch 24 evaluating [time: 0.14s, valid_score: 0.307900]
Sat 14 Mar 2026 22:33:29 INFO  valid result: 
recall@1 : 0.1075    recall@2 : 0.1985    recall@3 : 0.2645    recall@4 : 0.3073    recall@5 : 0.3464    recall@10 : 0.4718    recall@20 : 0.5932    recall@30 : 0.6796    recall@50 : 0.757    ndcg@1 : 0.1806    ndcg@2 : 0.2106    ndcg@3 : 0.2345    ndcg@4 : 0.2501    ndcg@5 : 0.2643    ndcg@10 : 0.3079    ndcg@20 : 0.3441    ndcg@30 : 0.3672    ndcg@50 : 0.3859    precision@1 : 0.1806    precision@2 : 0.1597    precision@3 : 0.142    precision@4 : 0.128    precision@5 : 0.1166    precision@10 : 0.0828    precision@20 : 0.0554    precision@30 : 0.0442    precision@50 : 0.0308    map@1 : 0.1806    map@2 : 0.184    map@3 : 0.1929    map@4 : 0.1985    map@5 : 0.2045    map@10 : 0.2222    map@20 : 0.234    map@30 : 0.2403    map@50 : 0.2444
Sat 14 Mar 2026 22:33:29 INFO  Running E-step ! 
Sat 14 Mar 2026 22:33:29 INFO  epoch 25 training [time: 0.17s, train_loss1: 3.8126, train_loss2: 0.0378, train_loss3: 0.0109, train_loss4: 0.0068]
Sat 14 Mar 2026 22:33:30 INFO  epoch 25 evaluating [time: 0.14s, valid_score: 0.308700]
Sat 14 Mar 2026 22:33:30 INFO  valid result: 
recall@1 : 0.1109    recall@2 : 0.1988    recall@3 : 0.2637    recall@4 : 0.3067    recall@5 : 0.3451    recall@10 : 0.4706    recall@20 : 0.5911    recall@30 : 0.6745    recall@50 : 0.7651    ndcg@1 : 0.1847    ndcg@2 : 0.2119    ndcg@3 : 0.2354    ndcg@4 : 0.251    ndcg@5 : 0.265    ndcg@10 : 0.3087    ndcg@20 : 0.3446    ndcg@30 : 0.3669    ndcg@50 : 0.3884    precision@1 : 0.1847    precision@2 : 0.1594    precision@3 : 0.1416    precision@4 : 0.1277    precision@5 : 0.1162    precision@10 : 0.0827    precision@20 : 0.055    precision@30 : 0.0437    precision@50 : 0.0309    map@1 : 0.1847    map@2 : 0.1858    map@3 : 0.1944    map@4 : 0.2    map@5 : 0.2058    map@10 : 0.2236    map@20 : 0.2353    map@30 : 0.2414    map@50 : 0.246
Sat 14 Mar 2026 22:33:30 INFO  Saving current: saved/SCL-Mar-14-2026_22-33-20.pth
Sat 14 Mar 2026 22:33:30 INFO  Saving current best: saved/SCL-Mar-14-2026_22-33-20.pth
Sat 14 Mar 2026 22:33:30 INFO  Running E-step ! 
Sat 14 Mar 2026 22:33:30 INFO  epoch 26 training [time: 0.18s, train_loss1: 3.5941, train_loss2: 0.0381, train_loss3: 0.0110, train_loss4: 0.0072]
Sat 14 Mar 2026 22:33:30 INFO  epoch 26 evaluating [time: 0.14s, valid_score: 0.309200]
Sat 14 Mar 2026 22:33:30 INFO  valid result: 
recall@1 : 0.1129    recall@2 : 0.199    recall@3 : 0.2636    recall@4 : 0.3053    recall@5 : 0.3447    recall@10 : 0.47    recall@20 : 0.592    recall@30 : 0.6712    recall@50 : 0.7705    ndcg@1 : 0.1865    ndcg@2 : 0.2128    ndcg@3 : 0.236    ndcg@4 : 0.2511    ndcg@5 : 0.2653    ndcg@10 : 0.3092    ndcg@20 : 0.3453    ndcg@30 : 0.3667    ndcg@50 : 0.39    precision@1 : 0.1865    precision@2 : 0.1597    precision@3 : 0.1414    precision@4 : 0.1271    precision@5 : 0.1157    precision@10 : 0.0825    precision@20 : 0.055    precision@30 : 0.0435    precision@50 : 0.031    map@1 : 0.1865    map@2 : 0.1868    map@3 : 0.1952    map@4 : 0.2006    map@5 : 0.2065    map@10 : 0.2245    map@20 : 0.2362    map@30 : 0.242    map@50 : 0.2469
Sat 14 Mar 2026 22:33:30 INFO  Saving current: saved/SCL-Mar-14-2026_22-33-20.pth
Sat 14 Mar 2026 22:33:30 INFO  Saving current best: saved/SCL-Mar-14-2026_22-33-20.pth
Sat 14 Mar 2026 22:33:30 INFO  Running E-step ! 
Sat 14 Mar 2026 22:33:30 INFO  epoch 27 training [time: 0.18s, train_loss1: 3.4206, train_loss2: 0.0383, train_loss3: 0.0110, train_loss4: 0.0074]
Sat 14 Mar 2026 22:33:30 INFO  epoch 27 evaluating [time: 0.14s, valid_score: 0.309500]
Sat 14 Mar 2026 22:33:30 INFO  valid result: 
recall@1 : 0.114    recall@2 : 0.199    recall@3 : 0.2636    recall@4 : 0.3053    recall@5 : 0.3448    recall@10 : 0.4696    recall@20 : 0.5916    recall@30 : 0.6693    recall@50 : 0.7679    ndcg@1 : 0.1877    ndcg@2 : 0.2131    ndcg@3 : 0.2363    ndcg@4 : 0.2514    ndcg@5 : 0.2658    ndcg@10 : 0.3095    ndcg@20 : 0.3456    ndcg@30 : 0.3666    ndcg@50 : 0.3898    precision@1 : 0.1877    precision@2 : 0.1597    precision@3 : 0.1414    precision@4 : 0.1271    precision@5 : 0.1159    precision@10 : 0.0826    precision@20 : 0.0549    precision@30 : 0.0434    precision@50 : 0.031    map@1 : 0.1877    map@2 : 0.1873    map@3 : 0.1956    map@4 : 0.201    map@5 : 0.2071    map@10 : 0.225    map@20 : 0.2366    map@30 : 0.2424    map@50 : 0.2473
Sat 14 Mar 2026 22:33:30 INFO  Saving current: saved/SCL-Mar-14-2026_22-33-20.pth
Sat 14 Mar 2026 22:33:30 INFO  Saving current best: saved/SCL-Mar-14-2026_22-33-20.pth
Sat 14 Mar 2026 22:33:30 INFO  Running E-step ! 
Sat 14 Mar 2026 22:33:30 INFO  epoch 28 training [time: 0.20s, train_loss1: 3.3093, train_loss2: 0.0385, train_loss3: 0.0110, train_loss4: 0.0075]
Sat 14 Mar 2026 22:33:31 INFO  epoch 28 evaluating [time: 0.14s, valid_score: 0.310100]
Sat 14 Mar 2026 22:33:31 INFO  valid result: 
recall@1 : 0.1157    recall@2 : 0.199    recall@3 : 0.2636    recall@4 : 0.3053    recall@5 : 0.3442    recall@10 : 0.4696    recall@20 : 0.5916    recall@30 : 0.669    recall@50 : 0.7672    ndcg@1 : 0.1895    ndcg@2 : 0.2138    ndcg@3 : 0.237    ndcg@4 : 0.2521    ndcg@5 : 0.2662    ndcg@10 : 0.3101    ndcg@20 : 0.3461    ndcg@30 : 0.3671    ndcg@50 : 0.3902    precision@1 : 0.1895    precision@2 : 0.1597    precision@3 : 0.1414    precision@4 : 0.1271    precision@5 : 0.1157    precision@10 : 0.0826    precision@20 : 0.0549    precision@30 : 0.0433    precision@50 : 0.0309    map@1 : 0.1895    map@2 : 0.1882    map@3 : 0.1965    map@4 : 0.2019    map@5 : 0.2078    map@10 : 0.2258    map@20 : 0.2374    map@30 : 0.2431    map@50 : 0.2481
Sat 14 Mar 2026 22:33:31 INFO  Saving current: saved/SCL-Mar-14-2026_22-33-20.pth
Sat 14 Mar 2026 22:33:31 INFO  Saving current best: saved/SCL-Mar-14-2026_22-33-20.pth
Sat 14 Mar 2026 22:33:31 INFO  Running E-step ! 
Sat 14 Mar 2026 22:33:31 INFO  epoch 29 training [time: 0.19s, train_loss1: 3.2615, train_loss2: 0.0387, train_loss3: 0.0110, train_loss4: 0.0076]
Sat 14 Mar 2026 22:33:31 INFO  epoch 29 evaluating [time: 0.14s, valid_score: 0.311200]
Sat 14 Mar 2026 22:33:31 INFO  valid result: 
recall@1 : 0.1181    recall@2 : 0.1989    recall@3 : 0.2636    recall@4 : 0.3053    recall@5 : 0.3436    recall@10 : 0.4707    recall@20 : 0.5917    recall@30 : 0.6704    recall@50 : 0.7674    ndcg@1 : 0.1925    ndcg@2 : 0.2146    ndcg@3 : 0.2379    ndcg@4 : 0.253    ndcg@5 : 0.2669    ndcg@10 : 0.3112    ndcg@20 : 0.347    ndcg@30 : 0.3682    ndcg@50 : 0.3911    precision@1 : 0.1925    precision@2 : 0.1594    precision@3 : 0.1414    precision@4 : 0.1271    precision@5 : 0.1156    precision@10 : 0.0826    precision@20 : 0.0549    precision@30 : 0.0434    precision@50 : 0.0309    map@1 : 0.1925    map@2 : 0.1892    map@3 : 0.1977    map@4 : 0.2031    map@5 : 0.2089    map@10 : 0.227    map@20 : 0.2385    map@30 : 0.2443    map@50 : 0.2492
Sat 14 Mar 2026 22:33:31 INFO  Saving current: saved/SCL-Mar-14-2026_22-33-20.pth
Sat 14 Mar 2026 22:33:31 INFO  Saving current best: saved/SCL-Mar-14-2026_22-33-20.pth
Sat 14 Mar 2026 22:33:31 INFO  Running E-step ! 
Sat 14 Mar 2026 22:33:31 INFO  epoch 30 training [time: 0.18s, train_loss1: 3.1992, train_loss2: 0.0388, train_loss3: 0.0110, train_loss4: 0.0076]
Sat 14 Mar 2026 22:33:31 INFO  epoch 30 evaluating [time: 0.14s, valid_score: 0.311900]
Sat 14 Mar 2026 22:33:31 INFO  valid result: 
recall@1 : 0.1193    recall@2 : 0.199    recall@3 : 0.2636    recall@4 : 0.3053    recall@5 : 0.3435    recall@10 : 0.4713    recall@20 : 0.5914    recall@30 : 0.6708    recall@50 : 0.7675    ndcg@1 : 0.1943    ndcg@2 : 0.2153    ndcg@3 : 0.2384    ndcg@4 : 0.2535    ndcg@5 : 0.2673    ndcg@10 : 0.3119    ndcg@20 : 0.3476    ndcg@30 : 0.3688    ndcg@50 : 0.3917    precision@1 : 0.1943    precision@2 : 0.1597    precision@3 : 0.1414    precision@4 : 0.1271    precision@5 : 0.1155    precision@10 : 0.0827    precision@20 : 0.055    precision@30 : 0.0434    precision@50 : 0.0309    map@1 : 0.1943    map@2 : 0.19    map@3 : 0.1983    map@4 : 0.2037    map@5 : 0.2095    map@10 : 0.2277    map@20 : 0.2392    map@30 : 0.245    map@50 : 0.2498
Sat 14 Mar 2026 22:33:31 INFO  Saving current: saved/SCL-Mar-14-2026_22-33-20.pth
Sat 14 Mar 2026 22:33:31 INFO  Saving current best: saved/SCL-Mar-14-2026_22-33-20.pth
Sat 14 Mar 2026 22:33:31 INFO  Running E-step ! 
Sat 14 Mar 2026 22:33:31 INFO  epoch 31 training [time: 0.16s, train_loss1: 3.1893, train_loss2: 0.0390, train_loss3: 0.0110, train_loss4: 0.0075]
Sat 14 Mar 2026 22:33:32 INFO  epoch 31 evaluating [time: 0.14s, valid_score: 0.311900]
Sat 14 Mar 2026 22:33:32 INFO  valid result: 
recall@1 : 0.119    recall@2 : 0.199    recall@3 : 0.2636    recall@4 : 0.3053    recall@5 : 0.3435    recall@10 : 0.4715    recall@20 : 0.5913    recall@30 : 0.6711    recall@50 : 0.7664    ndcg@1 : 0.1937    ndcg@2 : 0.2152    ndcg@3 : 0.2383    ndcg@4 : 0.2534    ndcg@5 : 0.2672    ndcg@10 : 0.3119    ndcg@20 : 0.3474    ndcg@30 : 0.3688    ndcg@50 : 0.3914    precision@1 : 0.1937    precision@2 : 0.1597    precision@3 : 0.1414    precision@4 : 0.1271    precision@5 : 0.1155    precision@10 : 0.0827    precision@20 : 0.055    precision@30 : 0.0435    precision@50 : 0.0309    map@1 : 0.1937    map@2 : 0.1898    map@3 : 0.1982    map@4 : 0.2036    map@5 : 0.2093    map@10 : 0.2276    map@20 : 0.239    map@30 : 0.2449    map@50 : 0.2497
Sat 14 Mar 2026 22:33:32 INFO  Saving current: saved/SCL-Mar-14-2026_22-33-20.pth
Sat 14 Mar 2026 22:33:32 INFO  Saving current best: saved/SCL-Mar-14-2026_22-33-20.pth
Sat 14 Mar 2026 22:33:32 INFO  Running E-step ! 
Sat 14 Mar 2026 22:33:32 INFO  epoch 32 training [time: 0.16s, train_loss1: 3.1974, train_loss2: 0.0391, train_loss3: 0.0110, train_loss4: 0.0072]
Sat 14 Mar 2026 22:33:32 INFO  epoch 32 evaluating [time: 0.14s, valid_score: 0.311700]
Sat 14 Mar 2026 22:33:32 INFO  valid result: 
recall@1 : 0.1186    recall@2 : 0.199    recall@3 : 0.2636    recall@4 : 0.3053    recall@5 : 0.3435    recall@10 : 0.4715    recall@20 : 0.5914    recall@30 : 0.6704    recall@50 : 0.7667    ndcg@1 : 0.1931    ndcg@2 : 0.2149    ndcg@3 : 0.2381    ndcg@4 : 0.2533    ndcg@5 : 0.267    ndcg@10 : 0.3117    ndcg@20 : 0.3473    ndcg@30 : 0.3685    ndcg@50 : 0.3913    precision@1 : 0.1931    precision@2 : 0.1597    precision@3 : 0.1414    precision@4 : 0.1272    precision@5 : 0.1155    precision@10 : 0.0828    precision@20 : 0.0551    precision@30 : 0.0434    precision@50 : 0.0309    map@1 : 0.1931    map@2 : 0.1895    map@3 : 0.1979    map@4 : 0.2034    map@5 : 0.2091    map@10 : 0.2274    map@20 : 0.2388    map@30 : 0.2446    map@50 : 0.2495
Sat 14 Mar 2026 22:33:32 INFO  Running E-step ! 
Sat 14 Mar 2026 22:33:32 INFO  epoch 33 training [time: 0.16s, train_loss1: 3.1669, train_loss2: 0.0392, train_loss3: 0.0110, train_loss4: 0.0072]
Sat 14 Mar 2026 22:33:32 INFO  epoch 33 evaluating [time: 0.14s, valid_score: 0.311000]
Sat 14 Mar 2026 22:33:32 INFO  valid result: 
recall@1 : 0.1167    recall@2 : 0.199    recall@3 : 0.2636    recall@4 : 0.3053    recall@5 : 0.3435    recall@10 : 0.4715    recall@20 : 0.5924    recall@30 : 0.6728    recall@50 : 0.7673    ndcg@1 : 0.1913    ndcg@2 : 0.2143    ndcg@3 : 0.2374    ndcg@4 : 0.2526    ndcg@5 : 0.2664    ndcg@10 : 0.311    ndcg@20 : 0.347    ndcg@30 : 0.3684    ndcg@50 : 0.3906    precision@1 : 0.1913    precision@2 : 0.1597    precision@3 : 0.1414    precision@4 : 0.1272    precision@5 : 0.1155    precision@10 : 0.0827    precision@20 : 0.0553    precision@30 : 0.0436    precision@50 : 0.0309    map@1 : 0.1913    map@2 : 0.1886    map@3 : 0.197    map@4 : 0.2025    map@5 : 0.2082    map@10 : 0.2264    map@20 : 0.238    map@30 : 0.2439    map@50 : 0.2485
Sat 14 Mar 2026 22:33:32 INFO  Running E-step ! 
Sat 14 Mar 2026 22:33:32 INFO  epoch 34 training [time: 0.17s, train_loss1: 3.1496, train_loss2: 0.0393, train_loss3: 0.0110, train_loss4: 0.0072]
Sat 14 Mar 2026 22:33:33 INFO  epoch 34 evaluating [time: 0.14s, valid_score: 0.311700]
Sat 14 Mar 2026 22:33:33 INFO  valid result: 
recall@1 : 0.1186    recall@2 : 0.1992    recall@3 : 0.2636    recall@4 : 0.3053    recall@5 : 0.3434    recall@10 : 0.4715    recall@20 : 0.5932    recall@30 : 0.6731    recall@50 : 0.7662    ndcg@1 : 0.1931    ndcg@2 : 0.2152    ndcg@3 : 0.2382    ndcg@4 : 0.2532    ndcg@5 : 0.267    ndcg@10 : 0.3117    ndcg@20 : 0.348    ndcg@30 : 0.3693    ndcg@50 : 0.3912    precision@1 : 0.1931    precision@2 : 0.16    precision@3 : 0.1414    precision@4 : 0.1271    precision@5 : 0.1154    precision@10 : 0.0827    precision@20 : 0.0555    precision@30 : 0.0437    precision@50 : 0.0309    map@1 : 0.1931    map@2 : 0.1897    map@3 : 0.198    map@4 : 0.2034    map@5 : 0.2091    map@10 : 0.2274    map@20 : 0.2391    map@30 : 0.2449    map@50 : 0.2495
Sat 14 Mar 2026 22:33:33 INFO  Running E-step ! 
Sat 14 Mar 2026 22:33:33 INFO  epoch 35 training [time: 0.19s, train_loss1: 3.1239, train_loss2: 0.0395, train_loss3: 0.0110, train_loss4: 0.0070]
Sat 14 Mar 2026 22:33:33 INFO  epoch 35 evaluating [time: 0.14s, valid_score: 0.312200]
Sat 14 Mar 2026 22:33:33 INFO  valid result: 
recall@1 : 0.1198    recall@2 : 0.1993    recall@3 : 0.2634    recall@4 : 0.3056    recall@5 : 0.344    recall@10 : 0.4714    recall@20 : 0.5936    recall@30 : 0.6738    recall@50 : 0.7657    ndcg@1 : 0.1949    ndcg@2 : 0.216    ndcg@3 : 0.2386    ndcg@4 : 0.254    ndcg@5 : 0.2678    ndcg@10 : 0.3122    ndcg@20 : 0.3487    ndcg@30 : 0.37    ndcg@50 : 0.3917    precision@1 : 0.1949    precision@2 : 0.1603    precision@3 : 0.1412    precision@4 : 0.1274    precision@5 : 0.1155    precision@10 : 0.0827    precision@20 : 0.0556    precision@30 : 0.0437    precision@50 : 0.0309    map@1 : 0.1949    map@2 : 0.1907    map@3 : 0.1986    map@4 : 0.2042    map@5 : 0.2099    map@10 : 0.2281    map@20 : 0.2399    map@30 : 0.2457    map@50 : 0.2503
Sat 14 Mar 2026 22:33:33 INFO  Saving current: saved/SCL-Mar-14-2026_22-33-20.pth
Sat 14 Mar 2026 22:33:33 INFO  Saving current best: saved/SCL-Mar-14-2026_22-33-20.pth
Sat 14 Mar 2026 22:33:33 INFO  Running E-step ! 
Sat 14 Mar 2026 22:33:33 INFO  epoch 36 training [time: 0.18s, train_loss1: 3.1234, train_loss2: 0.0396, train_loss3: 0.0110, train_loss4: 0.0069]
Sat 14 Mar 2026 22:33:33 INFO  epoch 36 evaluating [time: 0.14s, valid_score: 0.312300]
Sat 14 Mar 2026 22:33:33 INFO  valid result: 
recall@1 : 0.1198    recall@2 : 0.1994    recall@3 : 0.2633    recall@4 : 0.3059    recall@5 : 0.3441    recall@10 : 0.4714    recall@20 : 0.5951    recall@30 : 0.6737    recall@50 : 0.7646    ndcg@1 : 0.1949    ndcg@2 : 0.2162    ndcg@3 : 0.2386    ndcg@4 : 0.2542    ndcg@5 : 0.2679    ndcg@10 : 0.3123    ndcg@20 : 0.3491    ndcg@30 : 0.3701    ndcg@50 : 0.3916    precision@1 : 0.1949    precision@2 : 0.1606    precision@3 : 0.1412    precision@4 : 0.1275    precision@5 : 0.1156    precision@10 : 0.0827    precision@20 : 0.0557    precision@30 : 0.0437    precision@50 : 0.0309    map@1 : 0.1949    map@2 : 0.191    map@3 : 0.1987    map@4 : 0.2043    map@5 : 0.21    map@10 : 0.2281    map@20 : 0.24    map@30 : 0.2458    map@50 : 0.2503
Sat 14 Mar 2026 22:33:33 INFO  Saving current: saved/SCL-Mar-14-2026_22-33-20.pth
Sat 14 Mar 2026 22:33:33 INFO  Saving current best: saved/SCL-Mar-14-2026_22-33-20.pth
Sat 14 Mar 2026 22:33:33 INFO  Running E-step ! 
Sat 14 Mar 2026 22:33:33 INFO  epoch 37 training [time: 0.18s, train_loss1: 3.1673, train_loss2: 0.0397, train_loss3: 0.0110, train_loss4: 0.0067]
Sat 14 Mar 2026 22:33:34 INFO  epoch 37 evaluating [time: 0.14s, valid_score: 0.312300]
Sat 14 Mar 2026 22:33:34 INFO  valid result: 
recall@1 : 0.1198    recall@2 : 0.1994    recall@3 : 0.2633    recall@4 : 0.3059    recall@5 : 0.3442    recall@10 : 0.4714    recall@20 : 0.5956    recall@30 : 0.6762    recall@50 : 0.7643    ndcg@1 : 0.1949    ndcg@2 : 0.2162    ndcg@3 : 0.2386    ndcg@4 : 0.2542    ndcg@5 : 0.268    ndcg@10 : 0.3123    ndcg@20 : 0.3494    ndcg@30 : 0.3708    ndcg@50 : 0.3917    precision@1 : 0.1949    precision@2 : 0.1606    precision@3 : 0.1412    precision@4 : 0.1275    precision@5 : 0.1157    precision@10 : 0.0827    precision@20 : 0.0559    precision@30 : 0.0439    precision@50 : 0.031    map@1 : 0.1949    map@2 : 0.191    map@3 : 0.1987    map@4 : 0.2043    map@5 : 0.21    map@10 : 0.2281    map@20 : 0.2401    map@30 : 0.246    map@50 : 0.2504
Sat 14 Mar 2026 22:33:34 INFO  Saving current: saved/SCL-Mar-14-2026_22-33-20.pth
Sat 14 Mar 2026 22:33:34 INFO  Saving current best: saved/SCL-Mar-14-2026_22-33-20.pth
Sat 14 Mar 2026 22:33:34 INFO  Running E-step ! 
Sat 14 Mar 2026 22:33:34 INFO  epoch 38 training [time: 0.18s, train_loss1: 3.1335, train_loss2: 0.0398, train_loss3: 0.0110, train_loss4: 0.0066]
Sat 14 Mar 2026 22:33:34 INFO  epoch 38 evaluating [time: 0.14s, valid_score: 0.312500]
Sat 14 Mar 2026 22:33:34 INFO  valid result: 
recall@1 : 0.1202    recall@2 : 0.1994    recall@3 : 0.2633    recall@4 : 0.3058    recall@5 : 0.3452    recall@10 : 0.4714    recall@20 : 0.596    recall@30 : 0.6764    recall@50 : 0.7602    ndcg@1 : 0.1949    ndcg@2 : 0.2163    ndcg@3 : 0.2387    ndcg@4 : 0.2542    ndcg@5 : 0.2685    ndcg@10 : 0.3125    ndcg@20 : 0.3497    ndcg@30 : 0.371    ndcg@50 : 0.3911    precision@1 : 0.1949    precision@2 : 0.1606    precision@3 : 0.1412    precision@4 : 0.1274    precision@5 : 0.1161    precision@10 : 0.0828    precision@20 : 0.056    precision@30 : 0.0439    precision@50 : 0.0309    map@1 : 0.1949    map@2 : 0.191    map@3 : 0.1988    map@4 : 0.2045    map@5 : 0.2104    map@10 : 0.2283    map@20 : 0.2404    map@30 : 0.2462    map@50 : 0.2506
Sat 14 Mar 2026 22:33:34 INFO  Saving current: saved/SCL-Mar-14-2026_22-33-20.pth
Sat 14 Mar 2026 22:33:34 INFO  Saving current best: saved/SCL-Mar-14-2026_22-33-20.pth
Sat 14 Mar 2026 22:33:34 INFO  Running E-step ! 
Sat 14 Mar 2026 22:33:34 INFO  epoch 39 training [time: 0.16s, train_loss1: 3.1336, train_loss2: 0.0399, train_loss3: 0.0110, train_loss4: 0.0064]
Sat 14 Mar 2026 22:33:34 INFO  epoch 39 evaluating [time: 0.14s, valid_score: 0.310900]
Sat 14 Mar 2026 22:33:34 INFO  valid result: 
recall@1 : 0.1167    recall@2 : 0.1987    recall@3 : 0.2627    recall@4 : 0.3057    recall@5 : 0.3454    recall@10 : 0.4714    recall@20 : 0.5961    recall@30 : 0.6766    recall@50 : 0.7573    ndcg@1 : 0.1901    ndcg@2 : 0.2142    ndcg@3 : 0.2369    ndcg@4 : 0.2527    ndcg@5 : 0.2672    ndcg@10 : 0.3109    ndcg@20 : 0.3482    ndcg@30 : 0.3695    ndcg@50 : 0.3891    precision@1 : 0.1901    precision@2 : 0.16    precision@3 : 0.141    precision@4 : 0.1274    precision@5 : 0.1164    precision@10 : 0.0828    precision@20 : 0.0561    precision@30 : 0.0439    precision@50 : 0.0309    map@1 : 0.1901    map@2 : 0.1886    map@3 : 0.1967    map@4 : 0.2024    map@5 : 0.2086    map@10 : 0.2264    map@20 : 0.2385    map@30 : 0.2443    map@50 : 0.2487
Sat 14 Mar 2026 22:33:34 INFO  Running E-step ! 
Sat 14 Mar 2026 22:33:34 INFO  epoch 40 training [time: 0.17s, train_loss1: 3.1063, train_loss2: 0.0400, train_loss3: 0.0110, train_loss4: 0.0063]
Sat 14 Mar 2026 22:33:35 INFO  epoch 40 evaluating [time: 0.14s, valid_score: 0.311500]
Sat 14 Mar 2026 22:33:35 INFO  valid result: 
recall@1 : 0.1182    recall@2 : 0.1989    recall@3 : 0.2634    recall@4 : 0.3053    recall@5 : 0.3449    recall@10 : 0.4715    recall@20 : 0.5956    recall@30 : 0.6753    recall@50 : 0.7562    ndcg@1 : 0.1913    ndcg@2 : 0.2152    ndcg@3 : 0.238    ndcg@4 : 0.2531    ndcg@5 : 0.2677    ndcg@10 : 0.3115    ndcg@20 : 0.3487    ndcg@30 : 0.3698    ndcg@50 : 0.3895    precision@1 : 0.1913    precision@2 : 0.1606    precision@3 : 0.1416    precision@4 : 0.1271    precision@5 : 0.1164    precision@10 : 0.0828    precision@20 : 0.0562    precision@30 : 0.0439    precision@50 : 0.0308    map@1 : 0.1913    map@2 : 0.1898    map@3 : 0.1978    map@4 : 0.2032    map@5 : 0.2093    map@10 : 0.2272    map@20 : 0.2393    map@30 : 0.245    map@50 : 0.2494
Sat 14 Mar 2026 22:33:35 INFO  Running E-step ! 
Sat 14 Mar 2026 22:33:35 INFO  epoch 41 training [time: 0.18s, train_loss1: 3.0832, train_loss2: 0.0401, train_loss3: 0.0110, train_loss4: 0.0061]
Sat 14 Mar 2026 22:33:35 INFO  epoch 41 evaluating [time: 0.14s, valid_score: 0.311300]
Sat 14 Mar 2026 22:33:35 INFO  valid result: 
recall@1 : 0.1176    recall@2 : 0.1987    recall@3 : 0.264    recall@4 : 0.3052    recall@5 : 0.3447    recall@10 : 0.4715    recall@20 : 0.5953    recall@30 : 0.6743    recall@50 : 0.7563    ndcg@1 : 0.1907    ndcg@2 : 0.2147    ndcg@3 : 0.2382    ndcg@4 : 0.2528    ndcg@5 : 0.2674    ndcg@10 : 0.3113    ndcg@20 : 0.3485    ndcg@30 : 0.3695    ndcg@50 : 0.3893    precision@1 : 0.1907    precision@2 : 0.1603    precision@3 : 0.142    precision@4 : 0.1269    precision@5 : 0.1163    precision@10 : 0.0828    precision@20 : 0.0562    precision@30 : 0.0439    precision@50 : 0.0309    map@1 : 0.1907    map@2 : 0.1894    map@3 : 0.1978    map@4 : 0.2028    map@5 : 0.209    map@10 : 0.2269    map@20 : 0.2391    map@30 : 0.2448    map@50 : 0.2492
Sat 14 Mar 2026 22:33:35 INFO  Running E-step ! 
Sat 14 Mar 2026 22:33:35 INFO  epoch 42 training [time: 0.19s, train_loss1: 3.0905, train_loss2: 0.0402, train_loss3: 0.0110, train_loss4: 0.0061]
Sat 14 Mar 2026 22:33:35 INFO  epoch 42 evaluating [time: 0.14s, valid_score: 0.311600]
Sat 14 Mar 2026 22:33:35 INFO  valid result: 
recall@1 : 0.1175    recall@2 : 0.1987    recall@3 : 0.2646    recall@4 : 0.3058    recall@5 : 0.3453    recall@10 : 0.4718    recall@20 : 0.5954    recall@30 : 0.6763    recall@50 : 0.7562    ndcg@1 : 0.1913    ndcg@2 : 0.2148    ndcg@3 : 0.2386    ndcg@4 : 0.253    ndcg@5 : 0.2677    ndcg@10 : 0.3116    ndcg@20 : 0.3488    ndcg@30 : 0.3701    ndcg@50 : 0.3895    precision@1 : 0.1913    precision@2 : 0.1603    precision@3 : 0.1424    precision@4 : 0.1268    precision@5 : 0.1166    precision@10 : 0.0829    precision@20 : 0.0563    precision@30 : 0.044    precision@50 : 0.0309    map@1 : 0.1913    map@2 : 0.1894    map@3 : 0.1979    map@4 : 0.2029    map@5 : 0.2092    map@10 : 0.2271    map@20 : 0.2393    map@30 : 0.245    map@50 : 0.2493
Sat 14 Mar 2026 22:33:35 INFO  Running E-step ! 
Sat 14 Mar 2026 22:33:35 INFO  epoch 43 training [time: 0.17s, train_loss1: 3.1139, train_loss2: 0.0403, train_loss3: 0.0110, train_loss4: 0.0059]
Sat 14 Mar 2026 22:33:36 INFO  epoch 43 evaluating [time: 0.14s, valid_score: 0.312100]
Sat 14 Mar 2026 22:33:36 INFO  valid result: 
recall@1 : 0.1193    recall@2 : 0.1988    recall@3 : 0.2647    recall@4 : 0.3056    recall@5 : 0.3455    recall@10 : 0.4708    recall@20 : 0.596    recall@30 : 0.6764    recall@50 : 0.7564    ndcg@1 : 0.1937    ndcg@2 : 0.2158    ndcg@3 : 0.2395    ndcg@4 : 0.2537    ndcg@5 : 0.2686    ndcg@10 : 0.3121    ndcg@20 : 0.3498    ndcg@30 : 0.371    ndcg@50 : 0.3904    precision@1 : 0.1937    precision@2 : 0.1606    precision@3 : 0.1426    precision@4 : 0.1268    precision@5 : 0.1167    precision@10 : 0.0828    precision@20 : 0.0564    precision@30 : 0.044    precision@50 : 0.0309    map@1 : 0.1937    map@2 : 0.1907    map@3 : 0.1991    map@4 : 0.2039    map@5 : 0.2102    map@10 : 0.228    map@20 : 0.2404    map@30 : 0.2461    map@50 : 0.2504
Sat 14 Mar 2026 22:33:36 INFO  Running E-step ! 
Sat 14 Mar 2026 22:33:36 INFO  epoch 44 training [time: 0.16s, train_loss1: 3.0945, train_loss2: 0.0404, train_loss3: 0.0110, train_loss4: 0.0058]
Sat 14 Mar 2026 22:33:36 INFO  epoch 44 evaluating [time: 0.14s, valid_score: 0.312000]
Sat 14 Mar 2026 22:33:36 INFO  valid result: 
recall@1 : 0.1191    recall@2 : 0.1988    recall@3 : 0.2645    recall@4 : 0.3054    recall@5 : 0.3454    recall@10 : 0.471    recall@20 : 0.5961    recall@30 : 0.6764    recall@50 : 0.757    ndcg@1 : 0.1931    ndcg@2 : 0.2157    ndcg@3 : 0.239    ndcg@4 : 0.2534    ndcg@5 : 0.2684    ndcg@10 : 0.312    ndcg@20 : 0.3497    ndcg@30 : 0.3709    ndcg@50 : 0.3904    precision@1 : 0.1931    precision@2 : 0.1606    precision@3 : 0.1422    precision@4 : 0.1266    precision@5 : 0.1167    precision@10 : 0.0829    precision@20 : 0.0565    precision@30 : 0.0441    precision@50 : 0.0309    map@1 : 0.1931    map@2 : 0.1906    map@3 : 0.1986    map@4 : 0.2036    map@5 : 0.21    map@10 : 0.2278    map@20 : 0.2403    map@30 : 0.2459    map@50 : 0.2503
Sat 14 Mar 2026 22:33:36 INFO  Running E-step ! 
Sat 14 Mar 2026 22:33:36 INFO  epoch 45 training [time: 0.18s, train_loss1: 3.0569, train_loss2: 0.0405, train_loss3: 0.0110, train_loss4: 0.0056]
Sat 14 Mar 2026 22:33:36 INFO  epoch 45 evaluating [time: 0.14s, valid_score: 0.312100]
Sat 14 Mar 2026 22:33:36 INFO  valid result: 
recall@1 : 0.1194    recall@2 : 0.1988    recall@3 : 0.2642    recall@4 : 0.3057    recall@5 : 0.3453    recall@10 : 0.471    recall@20 : 0.5959    recall@30 : 0.6765    recall@50 : 0.7563    ndcg@1 : 0.1937    ndcg@2 : 0.2158    ndcg@3 : 0.239    ndcg@4 : 0.2537    ndcg@5 : 0.2684    ndcg@10 : 0.3121    ndcg@20 : 0.3498    ndcg@30 : 0.3711    ndcg@50 : 0.3906    precision@1 : 0.1937    precision@2 : 0.1606    precision@3 : 0.142    precision@4 : 0.1268    precision@5 : 0.1166    precision@10 : 0.0829    precision@20 : 0.0565    precision@30 : 0.0441    precision@50 : 0.031    map@1 : 0.1937    map@2 : 0.1907    map@3 : 0.1987    map@4 : 0.2038    map@5 : 0.2101    map@10 : 0.228    map@20 : 0.2404    map@30 : 0.2461    map@50 : 0.2505
Sat 14 Mar 2026 22:33:36 INFO  Running E-step ! 
Sat 14 Mar 2026 22:33:36 INFO  epoch 46 training [time: 0.17s, train_loss1: 3.0591, train_loss2: 0.0405, train_loss3: 0.0110, train_loss4: 0.0055]
Sat 14 Mar 2026 22:33:36 INFO  epoch 46 evaluating [time: 0.14s, valid_score: 0.312100]
Sat 14 Mar 2026 22:33:36 INFO  valid result: 
recall@1 : 0.1188    recall@2 : 0.1988    recall@3 : 0.2639    recall@4 : 0.3064    recall@5 : 0.3454    recall@10 : 0.4714    recall@20 : 0.596    recall@30 : 0.6766    recall@50 : 0.7584    ndcg@1 : 0.1931    ndcg@2 : 0.2156    ndcg@3 : 0.2386    ndcg@4 : 0.2539    ndcg@5 : 0.2683    ndcg@10 : 0.3121    ndcg@20 : 0.3497    ndcg@30 : 0.3709    ndcg@50 : 0.3908    precision@1 : 0.1931    precision@2 : 0.1606    precision@3 : 0.1418    precision@4 : 0.1272    precision@5 : 0.1167    precision@10 : 0.083    precision@20 : 0.0565    precision@30 : 0.0441    precision@50 : 0.031    map@1 : 0.1931    map@2 : 0.1904    map@3 : 0.1983    map@4 : 0.2038    map@5 : 0.2098    map@10 : 0.2278    map@20 : 0.2401    map@30 : 0.2459    map@50 : 0.2503
Sat 14 Mar 2026 22:33:36 INFO  Running E-step ! 
Sat 14 Mar 2026 22:33:37 INFO  epoch 47 training [time: 0.18s, train_loss1: 3.0572, train_loss2: 0.0406, train_loss3: 0.0110, train_loss4: 0.0055]
Sat 14 Mar 2026 22:33:37 INFO  epoch 47 evaluating [time: 0.14s, valid_score: 0.311800]
Sat 14 Mar 2026 22:33:37 INFO  valid result: 
recall@1 : 0.1169    recall@2 : 0.199    recall@3 : 0.2642    recall@4 : 0.3072    recall@5 : 0.3454    recall@10 : 0.4721    recall@20 : 0.5967    recall@30 : 0.6774    recall@50 : 0.7595    ndcg@1 : 0.1919    ndcg@2 : 0.2155    ndcg@3 : 0.2383    ndcg@4 : 0.2537    ndcg@5 : 0.2678    ndcg@10 : 0.3118    ndcg@20 : 0.3494    ndcg@30 : 0.3707    ndcg@50 : 0.3905    precision@1 : 0.1919    precision@2 : 0.1612    precision@3 : 0.142    precision@4 : 0.1275    precision@5 : 0.1167    precision@10 : 0.0831    precision@20 : 0.0566    precision@30 : 0.0442    precision@50 : 0.031    map@1 : 0.1919    map@2 : 0.19    map@3 : 0.1976    map@4 : 0.2032    map@5 : 0.209    map@10 : 0.227    map@20 : 0.2394    map@30 : 0.2452    map@50 : 0.2496
Sat 14 Mar 2026 22:33:37 INFO  Running E-step ! 
Sat 14 Mar 2026 22:33:37 INFO  epoch 48 training [time: 0.19s, train_loss1: 2.9809, train_loss2: 0.0407, train_loss3: 0.0110, train_loss4: 0.0053]
Sat 14 Mar 2026 22:33:37 INFO  epoch 48 evaluating [time: 0.14s, valid_score: 0.312000]
Sat 14 Mar 2026 22:33:37 INFO  valid result: 
recall@1 : 0.117    recall@2 : 0.1991    recall@3 : 0.2648    recall@4 : 0.3078    recall@5 : 0.3452    recall@10 : 0.472    recall@20 : 0.5967    recall@30 : 0.678    recall@50 : 0.7591    ndcg@1 : 0.1937    ndcg@2 : 0.2161    ndcg@3 : 0.2389    ndcg@4 : 0.2543    ndcg@5 : 0.2681    ndcg@10 : 0.312    ndcg@20 : 0.3497    ndcg@30 : 0.3712    ndcg@50 : 0.3908    precision@1 : 0.1937    precision@2 : 0.1615    precision@3 : 0.1424    precision@4 : 0.1277    precision@5 : 0.1167    precision@10 : 0.0831    precision@20 : 0.0567    precision@30 : 0.0443    precision@50 : 0.0311    map@1 : 0.1937    map@2 : 0.1904    map@3 : 0.1981    map@4 : 0.2035    map@5 : 0.2093    map@10 : 0.2272    map@20 : 0.2397    map@30 : 0.2455    map@50 : 0.2499
Sat 14 Mar 2026 22:33:37 INFO  Running E-step ! 
Sat 14 Mar 2026 22:33:37 INFO  epoch 49 training [time: 0.17s, train_loss1: 3.0064, train_loss2: 0.0407, train_loss3: 0.0110, train_loss4: 0.0052]
Sat 14 Mar 2026 22:33:37 INFO  epoch 49 evaluating [time: 0.14s, valid_score: 0.312000]
Sat 14 Mar 2026 22:33:37 INFO  valid result: 
recall@1 : 0.117    recall@2 : 0.1989    recall@3 : 0.2661    recall@4 : 0.3079    recall@5 : 0.3468    recall@10 : 0.4715    recall@20 : 0.5975    recall@30 : 0.6791    recall@50 : 0.7585    ndcg@1 : 0.1937    ndcg@2 : 0.2156    ndcg@3 : 0.2395    ndcg@4 : 0.2544    ndcg@5 : 0.2688    ndcg@10 : 0.312    ndcg@20 : 0.3501    ndcg@30 : 0.3716    ndcg@50 : 0.3909    precision@1 : 0.1937    precision@2 : 0.1609    precision@3 : 0.143    precision@4 : 0.1278    precision@5 : 0.1173    precision@10 : 0.0831    precision@20 : 0.0568    precision@30 : 0.0443    precision@50 : 0.031    map@1 : 0.1937    map@2 : 0.1901    map@3 : 0.1985    map@4 : 0.2037    map@5 : 0.2098    map@10 : 0.2274    map@20 : 0.24    map@30 : 0.2457    map@50 : 0.2501
Sat 14 Mar 2026 22:33:37 INFO  Running E-step ! 
Sat 14 Mar 2026 22:33:38 INFO  epoch 50 training [time: 0.16s, train_loss1: 3.0123, train_loss2: 0.0408, train_loss3: 0.0110, train_loss4: 0.0051]
Sat 14 Mar 2026 22:33:38 INFO  epoch 50 evaluating [time: 0.14s, valid_score: 0.311900]
Sat 14 Mar 2026 22:33:38 INFO  valid result: 
recall@1 : 0.1169    recall@2 : 0.1992    recall@3 : 0.2659    recall@4 : 0.3077    recall@5 : 0.3461    recall@10 : 0.4709    recall@20 : 0.5983    recall@30 : 0.6813    recall@50 : 0.7579    ndcg@1 : 0.1931    ndcg@2 : 0.2157    ndcg@3 : 0.2393    ndcg@4 : 0.2542    ndcg@5 : 0.2684    ndcg@10 : 0.3119    ndcg@20 : 0.3503    ndcg@30 : 0.3721    ndcg@50 : 0.3908    precision@1 : 0.1931    precision@2 : 0.1612    precision@3 : 0.1428    precision@4 : 0.1275    precision@5 : 0.1169    precision@10 : 0.0833    precision@20 : 0.0569    precision@30 : 0.0445    precision@50 : 0.031    map@1 : 0.1931    map@2 : 0.1901    map@3 : 0.1983    map@4 : 0.2035    map@5 : 0.2095    map@10 : 0.2272    map@20 : 0.24    map@30 : 0.2458    map@50 : 0.2501
Sat 14 Mar 2026 22:33:38 INFO  Running E-step ! 
Sat 14 Mar 2026 22:33:38 INFO  epoch 51 training [time: 0.16s, train_loss1: 3.0101, train_loss2: 0.0408, train_loss3: 0.0110, train_loss4: 0.0050]
Sat 14 Mar 2026 22:33:38 INFO  epoch 51 evaluating [time: 0.14s, valid_score: 0.312000]
Sat 14 Mar 2026 22:33:38 INFO  valid result: 
recall@1 : 0.1169    recall@2 : 0.1993    recall@3 : 0.2667    recall@4 : 0.3079    recall@5 : 0.3463    recall@10 : 0.4706    recall@20 : 0.5983    recall@30 : 0.6824    recall@50 : 0.7583    ndcg@1 : 0.1931    ndcg@2 : 0.2159    ndcg@3 : 0.2399    ndcg@4 : 0.2544    ndcg@5 : 0.2686    ndcg@10 : 0.312    ndcg@20 : 0.3504    ndcg@30 : 0.3726    ndcg@50 : 0.3911    precision@1 : 0.1931    precision@2 : 0.1615    precision@3 : 0.1434    precision@4 : 0.1277    precision@5 : 0.117    precision@10 : 0.0833    precision@20 : 0.0569    precision@30 : 0.0446    precision@50 : 0.0311    map@1 : 0.1931    map@2 : 0.1904    map@3 : 0.1987    map@4 : 0.2037    map@5 : 0.2097    map@10 : 0.2274    map@20 : 0.2402    map@30 : 0.2461    map@50 : 0.2503
Sat 14 Mar 2026 22:33:38 INFO  Running E-step ! 
Sat 14 Mar 2026 22:33:38 INFO  epoch 52 training [time: 0.18s, train_loss1: 3.0112, train_loss2: 0.0409, train_loss3: 0.0110, train_loss4: 0.0048]
Sat 14 Mar 2026 22:33:38 INFO  epoch 52 evaluating [time: 0.14s, valid_score: 0.312600]
Sat 14 Mar 2026 22:33:38 INFO  valid result: 
recall@1 : 0.1175    recall@2 : 0.2001    recall@3 : 0.266    recall@4 : 0.3079    recall@5 : 0.3467    recall@10 : 0.4715    recall@20 : 0.5988    recall@30 : 0.6836    recall@50 : 0.7587    ndcg@1 : 0.1937    ndcg@2 : 0.2165    ndcg@3 : 0.2397    ndcg@4 : 0.2546    ndcg@5 : 0.2692    ndcg@10 : 0.3126    ndcg@20 : 0.351    ndcg@30 : 0.3732    ndcg@50 : 0.3917    precision@1 : 0.1937    precision@2 : 0.1618    precision@3 : 0.143    precision@4 : 0.1277    precision@5 : 0.1174    precision@10 : 0.0835    precision@20 : 0.0571    precision@30 : 0.0447    precision@50 : 0.0311    map@1 : 0.1937    map@2 : 0.191    map@3 : 0.1989    map@4 : 0.2041    map@5 : 0.2103    map@10 : 0.2279    map@20 : 0.2407    map@30 : 0.2467    map@50 : 0.2509
Sat 14 Mar 2026 22:33:38 INFO  Saving current: saved/SCL-Mar-14-2026_22-33-20.pth
Sat 14 Mar 2026 22:33:38 INFO  Saving current best: saved/SCL-Mar-14-2026_22-33-20.pth
Sat 14 Mar 2026 22:33:38 INFO  Running E-step ! 
Sat 14 Mar 2026 22:33:39 INFO  epoch 53 training [time: 0.17s, train_loss1: 2.9548, train_loss2: 0.0409, train_loss3: 0.0110, train_loss4: 0.0047]
Sat 14 Mar 2026 22:33:39 INFO  epoch 53 evaluating [time: 0.14s, valid_score: 0.312200]
Sat 14 Mar 2026 22:33:39 INFO  valid result: 
recall@1 : 0.1169    recall@2 : 0.2001    recall@3 : 0.2661    recall@4 : 0.3085    recall@5 : 0.3469    recall@10 : 0.4706    recall@20 : 0.6006    recall@30 : 0.6847    recall@50 : 0.7602    ndcg@1 : 0.1931    ndcg@2 : 0.2163    ndcg@3 : 0.2396    ndcg@4 : 0.2547    ndcg@5 : 0.269    ndcg@10 : 0.3122    ndcg@20 : 0.3514    ndcg@30 : 0.3734    ndcg@50 : 0.3919    precision@1 : 0.1931    precision@2 : 0.1618    precision@3 : 0.1432    precision@4 : 0.1278    precision@5 : 0.1174    precision@10 : 0.0836    precision@20 : 0.0574    precision@30 : 0.0448    precision@50 : 0.0312    map@1 : 0.1931    map@2 : 0.1906    map@3 : 0.1987    map@4 : 0.204    map@5 : 0.21    map@10 : 0.2276    map@20 : 0.2407    map@30 : 0.2466    map@50 : 0.2509
Sat 14 Mar 2026 22:33:39 INFO  Running E-step ! 
Sat 14 Mar 2026 22:33:39 INFO  epoch 54 training [time: 0.17s, train_loss1: 2.9809, train_loss2: 0.0409, train_loss3: 0.0110, train_loss4: 0.0047]
Sat 14 Mar 2026 22:33:39 INFO  epoch 54 evaluating [time: 0.14s, valid_score: 0.313000]
Sat 14 Mar 2026 22:33:39 INFO  valid result: 
recall@1 : 0.1187    recall@2 : 0.1999    recall@3 : 0.2666    recall@4 : 0.3085    recall@5 : 0.3465    recall@10 : 0.4709    recall@20 : 0.6014    recall@30 : 0.6852    recall@50 : 0.7623    ndcg@1 : 0.1949    ndcg@2 : 0.2167    ndcg@3 : 0.2404    ndcg@4 : 0.2554    ndcg@5 : 0.2696    ndcg@10 : 0.313    ndcg@20 : 0.3522    ndcg@30 : 0.3743    ndcg@50 : 0.393    precision@1 : 0.1949    precision@2 : 0.1615    precision@3 : 0.1432    precision@4 : 0.128    precision@5 : 0.1175    precision@10 : 0.0836    precision@20 : 0.0573    precision@30 : 0.0449    precision@50 : 0.0313    map@1 : 0.1949    map@2 : 0.1913    map@3 : 0.1996    map@4 : 0.2048    map@5 : 0.2108    map@10 : 0.2285    map@20 : 0.2416    map@30 : 0.2475    map@50 : 0.2518
Sat 14 Mar 2026 22:33:39 INFO  Saving current: saved/SCL-Mar-14-2026_22-33-20.pth
Sat 14 Mar 2026 22:33:39 INFO  Saving current best: saved/SCL-Mar-14-2026_22-33-20.pth
Sat 14 Mar 2026 22:33:39 INFO  Running E-step ! 
Sat 14 Mar 2026 22:33:39 INFO  epoch 55 training [time: 0.17s, train_loss1: 2.9724, train_loss2: 0.0410, train_loss3: 0.0110, train_loss4: 0.0045]
Sat 14 Mar 2026 22:33:39 INFO  epoch 55 evaluating [time: 0.14s, valid_score: 0.313700]
Sat 14 Mar 2026 22:33:39 INFO  valid result: 
recall@1 : 0.1187    recall@2 : 0.2001    recall@3 : 0.267    recall@4 : 0.3084    recall@5 : 0.3472    recall@10 : 0.4728    recall@20 : 0.602    recall@30 : 0.686    recall@50 : 0.7609    ndcg@1 : 0.1949    ndcg@2 : 0.217    ndcg@3 : 0.2408    ndcg@4 : 0.2557    ndcg@5 : 0.2701    ndcg@10 : 0.3137    ndcg@20 : 0.3527    ndcg@30 : 0.3747    ndcg@50 : 0.3931    precision@1 : 0.1949    precision@2 : 0.1618    precision@3 : 0.1436    precision@4 : 0.1284    precision@5 : 0.118    precision@10 : 0.0839    precision@20 : 0.0574    precision@30 : 0.0449    precision@50 : 0.0313    map@1 : 0.1949    map@2 : 0.1914    map@3 : 0.1998    map@4 : 0.2049    map@5 : 0.2111    map@10 : 0.2289    map@20 : 0.2419    map@30 : 0.2478    map@50 : 0.2521
Sat 14 Mar 2026 22:33:39 INFO  Saving current: saved/SCL-Mar-14-2026_22-33-20.pth
Sat 14 Mar 2026 22:33:39 INFO  Saving current best: saved/SCL-Mar-14-2026_22-33-20.pth
Sat 14 Mar 2026 22:33:39 INFO  Running E-step ! 
Sat 14 Mar 2026 22:33:40 INFO  epoch 56 training [time: 0.19s, train_loss1: 2.9542, train_loss2: 0.0410, train_loss3: 0.0110, train_loss4: 0.0045]
Sat 14 Mar 2026 22:33:40 INFO  epoch 56 evaluating [time: 0.14s, valid_score: 0.313900]
Sat 14 Mar 2026 22:33:40 INFO  valid result: 
recall@1 : 0.1187    recall@2 : 0.2    recall@3 : 0.2674    recall@4 : 0.3085    recall@5 : 0.3482    recall@10 : 0.473    recall@20 : 0.6029    recall@30 : 0.6872    recall@50 : 0.7611    ndcg@1 : 0.1949    ndcg@2 : 0.217    ndcg@3 : 0.2412    ndcg@4 : 0.2557    ndcg@5 : 0.2706    ndcg@10 : 0.3139    ndcg@20 : 0.3531    ndcg@30 : 0.3752    ndcg@50 : 0.3934    precision@1 : 0.1949    precision@2 : 0.1618    precision@3 : 0.1442    precision@4 : 0.1284    precision@5 : 0.1182    precision@10 : 0.084    precision@20 : 0.0575    precision@30 : 0.0451    precision@50 : 0.0313    map@1 : 0.1949    map@2 : 0.1914    map@3 : 0.2001    map@4 : 0.205    map@5 : 0.2113    map@10 : 0.2291    map@20 : 0.2421    map@30 : 0.2481    map@50 : 0.2523
Sat 14 Mar 2026 22:33:40 INFO  Saving current: saved/SCL-Mar-14-2026_22-33-20.pth
Sat 14 Mar 2026 22:33:40 INFO  Saving current best: saved/SCL-Mar-14-2026_22-33-20.pth
Sat 14 Mar 2026 22:33:40 INFO  Running E-step ! 
Sat 14 Mar 2026 22:33:40 INFO  epoch 57 training [time: 0.19s, train_loss1: 2.9630, train_loss2: 0.0410, train_loss3: 0.0110, train_loss4: 0.0044]
Sat 14 Mar 2026 22:33:40 INFO  epoch 57 evaluating [time: 0.14s, valid_score: 0.313100]
Sat 14 Mar 2026 22:33:40 INFO  valid result: 
recall@1 : 0.1167    recall@2 : 0.2    recall@3 : 0.2671    recall@4 : 0.3088    recall@5 : 0.3479    recall@10 : 0.473    recall@20 : 0.604    recall@30 : 0.6867    recall@50 : 0.761    ndcg@1 : 0.1925    ndcg@2 : 0.2162    ndcg@3 : 0.2402    ndcg@4 : 0.2552    ndcg@5 : 0.2697    ndcg@10 : 0.3131    ndcg@20 : 0.3527    ndcg@30 : 0.3745    ndcg@50 : 0.3926    precision@1 : 0.1925    precision@2 : 0.1618    precision@3 : 0.1438    precision@4 : 0.1287    precision@5 : 0.1182    precision@10 : 0.0839    precision@20 : 0.0578    precision@30 : 0.0451    precision@50 : 0.0313    map@1 : 0.1925    map@2 : 0.1904    map@3 : 0.1989    map@4 : 0.2042    map@5 : 0.2103    map@10 : 0.228    map@20 : 0.2413    map@30 : 0.2472    map@50 : 0.2514
Sat 14 Mar 2026 22:33:40 INFO  Running E-step ! 
Sat 14 Mar 2026 22:33:40 INFO  epoch 58 training [time: 0.18s, train_loss1: 2.9637, train_loss2: 0.0410, train_loss3: 0.0110, train_loss4: 0.0043]
Sat 14 Mar 2026 22:33:40 INFO  epoch 58 evaluating [time: 0.14s, valid_score: 0.313400]
Sat 14 Mar 2026 22:33:40 INFO  valid result: 
recall@1 : 0.1173    recall@2 : 0.1999    recall@3 : 0.2665    recall@4 : 0.3103    recall@5 : 0.3468    recall@10 : 0.4733    recall@20 : 0.6044    recall@30 : 0.6871    recall@50 : 0.7631    ndcg@1 : 0.1931    ndcg@2 : 0.2162    ndcg@3 : 0.24    ndcg@4 : 0.2561    ndcg@5 : 0.2696    ndcg@10 : 0.3134    ndcg@20 : 0.3531    ndcg@30 : 0.3749    ndcg@50 : 0.3933    precision@1 : 0.1931    precision@2 : 0.1615    precision@3 : 0.1436    precision@4 : 0.1295    precision@5 : 0.1181    precision@10 : 0.084    precision@20 : 0.0579    precision@30 : 0.0452    precision@50 : 0.0314    map@1 : 0.1931    map@2 : 0.1906    map@3 : 0.199    map@4 : 0.2048    map@5 : 0.2104    map@10 : 0.2283    map@20 : 0.2416    map@30 : 0.2476    map@50 : 0.2518
Sat 14 Mar 2026 22:33:40 INFO  Running E-step ! 
Sat 14 Mar 2026 22:33:41 INFO  epoch 59 training [time: 0.19s, train_loss1: 2.9108, train_loss2: 0.0410, train_loss3: 0.0110, train_loss4: 0.0043]
Sat 14 Mar 2026 22:33:41 INFO  epoch 59 evaluating [time: 0.14s, valid_score: 0.313700]
Sat 14 Mar 2026 22:33:41 INFO  valid result: 
recall@1 : 0.118    recall@2 : 0.1997    recall@3 : 0.2666    recall@4 : 0.3104    recall@5 : 0.3475    recall@10 : 0.4731    recall@20 : 0.6043    recall@30 : 0.6881    recall@50 : 0.7638    ndcg@1 : 0.1943    ndcg@2 : 0.2163    ndcg@3 : 0.2405    ndcg@4 : 0.2565    ndcg@5 : 0.2703    ndcg@10 : 0.3137    ndcg@20 : 0.3536    ndcg@30 : 0.3755    ndcg@50 : 0.394    precision@1 : 0.1943    precision@2 : 0.1612    precision@3 : 0.1438    precision@4 : 0.1296    precision@5 : 0.1186    precision@10 : 0.0839    precision@20 : 0.058    precision@30 : 0.0453    precision@50 : 0.0315    map@1 : 0.1943    map@2 : 0.1909    map@3 : 0.1994    map@4 : 0.2052    map@5 : 0.2109    map@10 : 0.2287    map@20 : 0.2422    map@30 : 0.2481    map@50 : 0.2524
Sat 14 Mar 2026 22:33:41 INFO  Running E-step ! 
Sat 14 Mar 2026 22:33:41 INFO  epoch 60 training [time: 0.19s, train_loss1: 2.8955, train_loss2: 0.0410, train_loss3: 0.0110, train_loss4: 0.0042]
Sat 14 Mar 2026 22:33:41 INFO  epoch 60 evaluating [time: 0.14s, valid_score: 0.314000]
Sat 14 Mar 2026 22:33:41 INFO  valid result: 
recall@1 : 0.1186    recall@2 : 0.1997    recall@3 : 0.2673    recall@4 : 0.3106    recall@5 : 0.3482    recall@10 : 0.4728    recall@20 : 0.6057    recall@30 : 0.6879    recall@50 : 0.7646    ndcg@1 : 0.1949    ndcg@2 : 0.2165    ndcg@3 : 0.2411    ndcg@4 : 0.257    ndcg@5 : 0.271    ndcg@10 : 0.314    ndcg@20 : 0.3544    ndcg@30 : 0.376    ndcg@50 : 0.3946    precision@1 : 0.1949    precision@2 : 0.1612    precision@3 : 0.1442    precision@4 : 0.1299    precision@5 : 0.1191    precision@10 : 0.084    precision@20 : 0.0583    precision@30 : 0.0454    precision@50 : 0.0316    map@1 : 0.1949    map@2 : 0.1912    map@3 : 0.2    map@4 : 0.2057    map@5 : 0.2116    map@10 : 0.2291    map@20 : 0.2427    map@30 : 0.2487    map@50 : 0.253
Sat 14 Mar 2026 22:33:41 INFO  Saving current: saved/SCL-Mar-14-2026_22-33-20.pth
Sat 14 Mar 2026 22:33:41 INFO  Saving current best: saved/SCL-Mar-14-2026_22-33-20.pth
Sat 14 Mar 2026 22:33:41 INFO  Running E-step ! 
Sat 14 Mar 2026 22:33:41 INFO  epoch 61 training [time: 0.17s, train_loss1: 2.8655, train_loss2: 0.0410, train_loss3: 0.0110, train_loss4: 0.0041]
Sat 14 Mar 2026 22:33:41 INFO  epoch 61 evaluating [time: 0.14s, valid_score: 0.314200]
Sat 14 Mar 2026 22:33:41 INFO  valid result: 
recall@1 : 0.1187    recall@2 : 0.1997    recall@3 : 0.2668    recall@4 : 0.31    recall@5 : 0.3474    recall@10 : 0.4735    recall@20 : 0.6058    recall@30 : 0.69    recall@50 : 0.7657    ndcg@1 : 0.1949    ndcg@2 : 0.2165    ndcg@3 : 0.2409    ndcg@4 : 0.2567    ndcg@5 : 0.2707    ndcg@10 : 0.3142    ndcg@20 : 0.3544    ndcg@30 : 0.3765    ndcg@50 : 0.395    precision@1 : 0.1949    precision@2 : 0.1612    precision@3 : 0.144    precision@4 : 0.1298    precision@5 : 0.119    precision@10 : 0.0841    precision@20 : 0.0583    precision@30 : 0.0455    precision@50 : 0.0317    map@1 : 0.1949    map@2 : 0.1912    map@3 : 0.1998    map@4 : 0.2056    map@5 : 0.2114    map@10 : 0.2291    map@20 : 0.2428    map@30 : 0.2488    map@50 : 0.2532
Sat 14 Mar 2026 22:33:41 INFO  Saving current: saved/SCL-Mar-14-2026_22-33-20.pth
Sat 14 Mar 2026 22:33:41 INFO  Saving current best: saved/SCL-Mar-14-2026_22-33-20.pth
Sat 14 Mar 2026 22:33:41 INFO  Running E-step ! 
Sat 14 Mar 2026 22:33:42 INFO  epoch 62 training [time: 0.19s, train_loss1: 2.8994, train_loss2: 0.0410, train_loss3: 0.0110, train_loss4: 0.0040]
Sat 14 Mar 2026 22:33:42 INFO  epoch 62 evaluating [time: 0.14s, valid_score: 0.315000]
Sat 14 Mar 2026 22:33:42 INFO  valid result: 
recall@1 : 0.1199    recall@2 : 0.1999    recall@3 : 0.267    recall@4 : 0.3107    recall@5 : 0.3459    recall@10 : 0.474    recall@20 : 0.6063    recall@30 : 0.6894    recall@50 : 0.7648    ndcg@1 : 0.1961    ndcg@2 : 0.2176    ndcg@3 : 0.2416    ndcg@4 : 0.2576    ndcg@5 : 0.2706    ndcg@10 : 0.315    ndcg@20 : 0.355    ndcg@30 : 0.3769    ndcg@50 : 0.3955    precision@1 : 0.1961    precision@2 : 0.1621    precision@3 : 0.1442    precision@4 : 0.1301    precision@5 : 0.1185    precision@10 : 0.0844    precision@20 : 0.0582    precision@30 : 0.0455    precision@50 : 0.0317    map@1 : 0.1961    map@2 : 0.1923    map@3 : 0.2005    map@4 : 0.2065    map@5 : 0.2119    map@10 : 0.2299    map@20 : 0.2435    map@30 : 0.2495    map@50 : 0.2539
Sat 14 Mar 2026 22:33:42 INFO  Saving current: saved/SCL-Mar-14-2026_22-33-20.pth
Sat 14 Mar 2026 22:33:42 INFO  Saving current best: saved/SCL-Mar-14-2026_22-33-20.pth
Sat 14 Mar 2026 22:33:42 INFO  Running E-step ! 
Sat 14 Mar 2026 22:33:42 INFO  epoch 63 training [time: 0.16s, train_loss1: 2.8474, train_loss2: 0.0410, train_loss3: 0.0110, train_loss4: 0.0039]
Sat 14 Mar 2026 22:33:42 INFO  epoch 63 evaluating [time: 0.14s, valid_score: 0.315600]
Sat 14 Mar 2026 22:33:42 INFO  valid result: 
recall@1 : 0.1207    recall@2 : 0.2002    recall@3 : 0.2673    recall@4 : 0.3114    recall@5 : 0.3441    recall@10 : 0.4745    recall@20 : 0.6089    recall@30 : 0.689    recall@50 : 0.7657    ndcg@1 : 0.1973    ndcg@2 : 0.2182    ndcg@3 : 0.2425    ndcg@4 : 0.2584    ndcg@5 : 0.2704    ndcg@10 : 0.3156    ndcg@20 : 0.3562    ndcg@30 : 0.3773    ndcg@50 : 0.3963    precision@1 : 0.1973    precision@2 : 0.1624    precision@3 : 0.145    precision@4 : 0.1304    precision@5 : 0.1181    precision@10 : 0.0846    precision@20 : 0.0585    precision@30 : 0.0455    precision@50 : 0.0318    map@1 : 0.1973    map@2 : 0.1929    map@3 : 0.2014    map@4 : 0.2072    map@5 : 0.2121    map@10 : 0.2305    map@20 : 0.2443    map@30 : 0.2501    map@50 : 0.2546
Sat 14 Mar 2026 22:33:42 INFO  Saving current: saved/SCL-Mar-14-2026_22-33-20.pth
Sat 14 Mar 2026 22:33:42 INFO  Saving current best: saved/SCL-Mar-14-2026_22-33-20.pth
Sat 14 Mar 2026 22:33:42 INFO  Running E-step ! 
Sat 14 Mar 2026 22:33:42 INFO  epoch 64 training [time: 0.19s, train_loss1: 2.9076, train_loss2: 0.0409, train_loss3: 0.0110, train_loss4: 0.0038]
Sat 14 Mar 2026 22:33:42 INFO  epoch 64 evaluating [time: 0.14s, valid_score: 0.315700]
Sat 14 Mar 2026 22:33:42 INFO  valid result: 
recall@1 : 0.1207    recall@2 : 0.2002    recall@3 : 0.2677    recall@4 : 0.3098    recall@5 : 0.3446    recall@10 : 0.4745    recall@20 : 0.608    recall@30 : 0.6881    recall@50 : 0.7675    ndcg@1 : 0.1973    ndcg@2 : 0.2182    ndcg@3 : 0.2429    ndcg@4 : 0.2578    ndcg@5 : 0.2706    ndcg@10 : 0.3157    ndcg@20 : 0.3561    ndcg@30 : 0.3773    ndcg@50 : 0.3968    precision@1 : 0.1973    precision@2 : 0.1624    precision@3 : 0.1456    precision@4 : 0.1299    precision@5 : 0.1184    precision@10 : 0.0847    precision@20 : 0.0584    precision@30 : 0.0455    precision@50 : 0.0319    map@1 : 0.1973    map@2 : 0.1929    map@3 : 0.2016    map@4 : 0.2068    map@5 : 0.2121    map@10 : 0.2306    map@20 : 0.2443    map@30 : 0.2502    map@50 : 0.2549
Sat 14 Mar 2026 22:33:42 INFO  Saving current: saved/SCL-Mar-14-2026_22-33-20.pth
Sat 14 Mar 2026 22:33:42 INFO  Saving current best: saved/SCL-Mar-14-2026_22-33-20.pth
Sat 14 Mar 2026 22:33:42 INFO  Running E-step ! 
Sat 14 Mar 2026 22:33:43 INFO  epoch 65 training [time: 0.19s, train_loss1: 2.8678, train_loss2: 0.0409, train_loss3: 0.0110, train_loss4: 0.0037]
Sat 14 Mar 2026 22:33:43 INFO  epoch 65 evaluating [time: 0.14s, valid_score: 0.316300]
Sat 14 Mar 2026 22:33:43 INFO  valid result: 
recall@1 : 0.1213    recall@2 : 0.2005    recall@3 : 0.2683    recall@4 : 0.3098    recall@5 : 0.3434    recall@10 : 0.4753    recall@20 : 0.6088    recall@30 : 0.6899    recall@50 : 0.7682    ndcg@1 : 0.1979    ndcg@2 : 0.2186    ndcg@3 : 0.2439    ndcg@4 : 0.2582    ndcg@5 : 0.2705    ndcg@10 : 0.3163    ndcg@20 : 0.3568    ndcg@30 : 0.3783    ndcg@50 : 0.3974    precision@1 : 0.1979    precision@2 : 0.1624    precision@3 : 0.1466    precision@4 : 0.1301    precision@5 : 0.1181    precision@10 : 0.0849    precision@20 : 0.0585    precision@30 : 0.0456    precision@50 : 0.0319    map@1 : 0.1979    map@2 : 0.1934    map@3 : 0.2023    map@4 : 0.2073    map@5 : 0.2123    map@10 : 0.2312    map@20 : 0.2449    map@30 : 0.251    map@50 : 0.2555
Sat 14 Mar 2026 22:33:43 INFO  Saving current: saved/SCL-Mar-14-2026_22-33-20.pth
Sat 14 Mar 2026 22:33:43 INFO  Saving current best: saved/SCL-Mar-14-2026_22-33-20.pth
Sat 14 Mar 2026 22:33:43 INFO  Running E-step ! 
Sat 14 Mar 2026 22:33:43 INFO  epoch 66 training [time: 0.16s, train_loss1: 2.8716, train_loss2: 0.0409, train_loss3: 0.0110, train_loss4: 0.0037]
Sat 14 Mar 2026 22:33:43 INFO  epoch 66 evaluating [time: 0.14s, valid_score: 0.316800]
Sat 14 Mar 2026 22:33:43 INFO  valid result: 
recall@1 : 0.1209    recall@2 : 0.2006    recall@3 : 0.2686    recall@4 : 0.3106    recall@5 : 0.3439    recall@10 : 0.4768    recall@20 : 0.6108    recall@30 : 0.6905    recall@50 : 0.7687    ndcg@1 : 0.1979    ndcg@2 : 0.2187    ndcg@3 : 0.244    ndcg@4 : 0.2585    ndcg@5 : 0.2706    ndcg@10 : 0.3168    ndcg@20 : 0.3574    ndcg@30 : 0.3785    ndcg@50 : 0.3977    precision@1 : 0.1979    precision@2 : 0.1627    precision@3 : 0.1468    precision@4 : 0.1304    precision@5 : 0.1181    precision@10 : 0.0851    precision@20 : 0.0588    precision@30 : 0.0457    precision@50 : 0.0319    map@1 : 0.1979    map@2 : 0.1934    map@3 : 0.2023    map@4 : 0.2074    map@5 : 0.2122    map@10 : 0.2313    map@20 : 0.2451    map@30 : 0.251    map@50 : 0.2555
Sat 14 Mar 2026 22:33:43 INFO  Saving current: saved/SCL-Mar-14-2026_22-33-20.pth
Sat 14 Mar 2026 22:33:43 INFO  Saving current best: saved/SCL-Mar-14-2026_22-33-20.pth
Sat 14 Mar 2026 22:33:43 INFO  Running E-step ! 
Sat 14 Mar 2026 22:33:43 INFO  epoch 67 training [time: 0.19s, train_loss1: 2.8687, train_loss2: 0.0409, train_loss3: 0.0110, train_loss4: 0.0036]
Sat 14 Mar 2026 22:33:43 INFO  epoch 67 evaluating [time: 0.14s, valid_score: 0.317200]
Sat 14 Mar 2026 22:33:43 INFO  valid result: 
recall@1 : 0.1217    recall@2 : 0.2005    recall@3 : 0.2692    recall@4 : 0.312    recall@5 : 0.344    recall@10 : 0.4765    recall@20 : 0.6119    recall@30 : 0.6917    recall@50 : 0.7701    ndcg@1 : 0.199    ndcg@2 : 0.2189    ndcg@3 : 0.2445    ndcg@4 : 0.2595    ndcg@5 : 0.2711    ndcg@10 : 0.3172    ndcg@20 : 0.3582    ndcg@30 : 0.3793    ndcg@50 : 0.3985    precision@1 : 0.199    precision@2 : 0.1624    precision@3 : 0.147    precision@4 : 0.1308    precision@5 : 0.1182    precision@10 : 0.085    precision@20 : 0.0588    precision@30 : 0.0458    precision@50 : 0.032    map@1 : 0.199    map@2 : 0.1937    map@3 : 0.2028    map@4 : 0.2082    map@5 : 0.2128    map@10 : 0.2318    map@20 : 0.2457    map@30 : 0.2517    map@50 : 0.2563
Sat 14 Mar 2026 22:33:43 INFO  Saving current: saved/SCL-Mar-14-2026_22-33-20.pth
Sat 14 Mar 2026 22:33:43 INFO  Saving current best: saved/SCL-Mar-14-2026_22-33-20.pth
Sat 14 Mar 2026 22:33:43 INFO  Running E-step ! 
Sat 14 Mar 2026 22:33:44 INFO  epoch 68 training [time: 0.18s, train_loss1: 2.8364, train_loss2: 0.0408, train_loss3: 0.0110, train_loss4: 0.0036]
Sat 14 Mar 2026 22:33:44 INFO  epoch 68 evaluating [time: 0.14s, valid_score: 0.317400]
Sat 14 Mar 2026 22:33:44 INFO  valid result: 
recall@1 : 0.1223    recall@2 : 0.2009    recall@3 : 0.2699    recall@4 : 0.3115    recall@5 : 0.3446    recall@10 : 0.476    recall@20 : 0.6127    recall@30 : 0.6926    recall@50 : 0.7713    ndcg@1 : 0.1996    ndcg@2 : 0.2193    ndcg@3 : 0.2453    ndcg@4 : 0.2597    ndcg@5 : 0.2716    ndcg@10 : 0.3174    ndcg@20 : 0.3587    ndcg@30 : 0.38    ndcg@50 : 0.3992    precision@1 : 0.1996    precision@2 : 0.1627    precision@3 : 0.1474    precision@4 : 0.1308    precision@5 : 0.1182    precision@10 : 0.0851    precision@20 : 0.0589    precision@30 : 0.0459    precision@50 : 0.0321    map@1 : 0.1996    map@2 : 0.1941    map@3 : 0.2035    map@4 : 0.2086    map@5 : 0.2133    map@10 : 0.2322    map@20 : 0.2463    map@30 : 0.2523    map@50 : 0.2569
Sat 14 Mar 2026 22:33:44 INFO  Saving current: saved/SCL-Mar-14-2026_22-33-20.pth
Sat 14 Mar 2026 22:33:44 INFO  Saving current best: saved/SCL-Mar-14-2026_22-33-20.pth
Sat 14 Mar 2026 22:33:44 INFO  Running E-step ! 
Sat 14 Mar 2026 22:33:44 INFO  epoch 69 training [time: 0.19s, train_loss1: 2.8547, train_loss2: 0.0408, train_loss3: 0.0110, train_loss4: 0.0035]
Sat 14 Mar 2026 22:33:44 INFO  epoch 69 evaluating [time: 0.14s, valid_score: 0.317700]
Sat 14 Mar 2026 22:33:44 INFO  valid result: 
recall@1 : 0.1223    recall@2 : 0.2016    recall@3 : 0.2677    recall@4 : 0.3119    recall@5 : 0.3446    recall@10 : 0.4768    recall@20 : 0.6133    recall@30 : 0.6911    recall@50 : 0.7711    ndcg@1 : 0.1996    ndcg@2 : 0.2204    ndcg@3 : 0.2444    ndcg@4 : 0.26    ndcg@5 : 0.2717    ndcg@10 : 0.3177    ndcg@20 : 0.3591    ndcg@30 : 0.3798    ndcg@50 : 0.3994    precision@1 : 0.1996    precision@2 : 0.1639    precision@3 : 0.1468    precision@4 : 0.1311    precision@5 : 0.1184    precision@10 : 0.0852    precision@20 : 0.0591    precision@30 : 0.0458    precision@50 : 0.0321    map@1 : 0.1996    map@2 : 0.195    map@3 : 0.203    map@4 : 0.2088    map@5 : 0.2134    map@10 : 0.2323    map@20 : 0.2465    map@30 : 0.2523    map@50 : 0.257
Sat 14 Mar 2026 22:33:44 INFO  Saving current: saved/SCL-Mar-14-2026_22-33-20.pth
Sat 14 Mar 2026 22:33:44 INFO  Saving current best: saved/SCL-Mar-14-2026_22-33-20.pth
Sat 14 Mar 2026 22:33:44 INFO  Running E-step ! 
Sat 14 Mar 2026 22:33:44 INFO  epoch 70 training [time: 0.20s, train_loss1: 2.8071, train_loss2: 0.0407, train_loss3: 0.0110, train_loss4: 0.0035]
Sat 14 Mar 2026 22:33:44 INFO  epoch 70 evaluating [time: 0.14s, valid_score: 0.317100]
Sat 14 Mar 2026 22:33:44 INFO  valid result: 
recall@1 : 0.1217    recall@2 : 0.2027    recall@3 : 0.266    recall@4 : 0.3095    recall@5 : 0.3449    recall@10 : 0.4754    recall@20 : 0.614    recall@30 : 0.6926    recall@50 : 0.7716    ndcg@1 : 0.199    ndcg@2 : 0.221    ndcg@3 : 0.2436    ndcg@4 : 0.2588    ndcg@5 : 0.2716    ndcg@10 : 0.3171    ndcg@20 : 0.3591    ndcg@30 : 0.38    ndcg@50 : 0.3994    precision@1 : 0.199    precision@2 : 0.1648    precision@3 : 0.1464    precision@4 : 0.1307    precision@5 : 0.1187    precision@10 : 0.0852    precision@20 : 0.0592    precision@30 : 0.0459    precision@50 : 0.0321    map@1 : 0.199    map@2 : 0.1953    map@3 : 0.2025    map@4 : 0.2081    map@5 : 0.2132    map@10 : 0.2319    map@20 : 0.2463    map@30 : 0.2522    map@50 : 0.2569
Sat 14 Mar 2026 22:33:44 INFO  Running E-step ! 
Sat 14 Mar 2026 22:33:45 INFO  epoch 71 training [time: 0.17s, train_loss1: 2.8331, train_loss2: 0.0407, train_loss3: 0.0110, train_loss4: 0.0034]
Sat 14 Mar 2026 22:33:45 INFO  epoch 71 evaluating [time: 0.14s, valid_score: 0.317300]
Sat 14 Mar 2026 22:33:45 INFO  valid result: 
recall@1 : 0.121    recall@2 : 0.2033    recall@3 : 0.2672    recall@4 : 0.3083    recall@5 : 0.3446    recall@10 : 0.476    recall@20 : 0.6146    recall@30 : 0.6935    recall@50 : 0.7714    ndcg@1 : 0.1973    ndcg@2 : 0.2213    ndcg@3 : 0.2442    ndcg@4 : 0.258    ndcg@5 : 0.2713    ndcg@10 : 0.3173    ndcg@20 : 0.3591    ndcg@30 : 0.3801    ndcg@50 : 0.3993    precision@1 : 0.1973    precision@2 : 0.1657    precision@3 : 0.1474    precision@4 : 0.1301    precision@5 : 0.1186    precision@10 : 0.0855    precision@20 : 0.0592    precision@30 : 0.0459    precision@50 : 0.0321    map@1 : 0.1973    map@2 : 0.1953    map@3 : 0.2027    map@4 : 0.2075    map@5 : 0.2129    map@10 : 0.2318    map@20 : 0.2462    map@30 : 0.252    map@50 : 0.2568
Sat 14 Mar 2026 22:33:45 INFO  Running E-step ! 
Sat 14 Mar 2026 22:33:45 INFO  epoch 72 training [time: 0.19s, train_loss1: 2.7729, train_loss2: 0.0406, train_loss3: 0.0110, train_loss4: 0.0033]
Sat 14 Mar 2026 22:33:45 INFO  epoch 72 evaluating [time: 0.14s, valid_score: 0.317500]
Sat 14 Mar 2026 22:33:45 INFO  valid result: 
recall@1 : 0.121    recall@2 : 0.2036    recall@3 : 0.2672    recall@4 : 0.3083    recall@5 : 0.3455    recall@10 : 0.4763    recall@20 : 0.6148    recall@30 : 0.6948    recall@50 : 0.7733    ndcg@1 : 0.1973    ndcg@2 : 0.2218    ndcg@3 : 0.2442    ndcg@4 : 0.2583    ndcg@5 : 0.2718    ndcg@10 : 0.3175    ndcg@20 : 0.3593    ndcg@30 : 0.3806    ndcg@50 : 0.3999    precision@1 : 0.1973    precision@2 : 0.1663    precision@3 : 0.1474    precision@4 : 0.1305    precision@5 : 0.1191    precision@10 : 0.0856    precision@20 : 0.0592    precision@30 : 0.0461    precision@50 : 0.0322    map@1 : 0.1973    map@2 : 0.1956    map@3 : 0.2028    map@4 : 0.2077    map@5 : 0.2132    map@10 : 0.232    map@20 : 0.2464    map@30 : 0.2523    map@50 : 0.257
Sat 14 Mar 2026 22:33:45 INFO  Running E-step ! 
Sat 14 Mar 2026 22:33:45 INFO  epoch 73 training [time: 0.16s, train_loss1: 2.7586, train_loss2: 0.0406, train_loss3: 0.0110, train_loss4: 0.0033]
Sat 14 Mar 2026 22:33:45 INFO  epoch 73 evaluating [time: 0.14s, valid_score: 0.317800]
Sat 14 Mar 2026 22:33:45 INFO  valid result: 
recall@1 : 0.1216    recall@2 : 0.205    recall@3 : 0.2665    recall@4 : 0.3088    recall@5 : 0.3468    recall@10 : 0.4758    recall@20 : 0.6159    recall@30 : 0.6947    recall@50 : 0.7734    ndcg@1 : 0.1973    ndcg@2 : 0.223    ndcg@3 : 0.2445    ndcg@4 : 0.2591    ndcg@5 : 0.2729    ndcg@10 : 0.3178    ndcg@20 : 0.3601    ndcg@30 : 0.381    ndcg@50 : 0.4003    precision@1 : 0.1973    precision@2 : 0.1672    precision@3 : 0.1474    precision@4 : 0.1311    precision@5 : 0.1197    precision@10 : 0.0855    precision@20 : 0.0594    precision@30 : 0.0461    precision@50 : 0.0322    map@1 : 0.1973    map@2 : 0.1967    map@3 : 0.2033    map@4 : 0.2085    map@5 : 0.2141    map@10 : 0.2325    map@20 : 0.247    map@30 : 0.2529    map@50 : 0.2577
Sat 14 Mar 2026 22:33:45 INFO  Saving current: saved/SCL-Mar-14-2026_22-33-20.pth
Sat 14 Mar 2026 22:33:45 INFO  Saving current best: saved/SCL-Mar-14-2026_22-33-20.pth
Sat 14 Mar 2026 22:33:45 INFO  Running E-step ! 
Sat 14 Mar 2026 22:33:46 INFO  epoch 74 training [time: 0.16s, train_loss1: 2.7648, train_loss2: 0.0405, train_loss3: 0.0110, train_loss4: 0.0033]
Sat 14 Mar 2026 22:33:46 INFO  epoch 74 evaluating [time: 0.14s, valid_score: 0.318000]
Sat 14 Mar 2026 22:33:46 INFO  valid result: 
recall@1 : 0.1216    recall@2 : 0.205    recall@3 : 0.2672    recall@4 : 0.309    recall@5 : 0.3472    recall@10 : 0.476    recall@20 : 0.6167    recall@30 : 0.6943    recall@50 : 0.7756    ndcg@1 : 0.1973    ndcg@2 : 0.223    ndcg@3 : 0.2452    ndcg@4 : 0.2594    ndcg@5 : 0.273    ndcg@10 : 0.318    ndcg@20 : 0.3604    ndcg@30 : 0.3811    ndcg@50 : 0.401    precision@1 : 0.1973    precision@2 : 0.1672    precision@3 : 0.1484    precision@4 : 0.1314    precision@5 : 0.1195    precision@10 : 0.0857    precision@20 : 0.0594    precision@30 : 0.0461    precision@50 : 0.0323    map@1 : 0.1973    map@2 : 0.1967    map@3 : 0.204    map@4 : 0.2088    map@5 : 0.2142    map@10 : 0.2327    map@20 : 0.2473    map@30 : 0.2531    map@50 : 0.258
Sat 14 Mar 2026 22:33:46 INFO  Saving current: saved/SCL-Mar-14-2026_22-33-20.pth
Sat 14 Mar 2026 22:33:46 INFO  Saving current best: saved/SCL-Mar-14-2026_22-33-20.pth
Sat 14 Mar 2026 22:33:46 INFO  Running E-step ! 
Sat 14 Mar 2026 22:33:46 INFO  epoch 75 training [time: 0.19s, train_loss1: 2.7457, train_loss2: 0.0405, train_loss3: 0.0110, train_loss4: 0.0033]
Sat 14 Mar 2026 22:33:46 INFO  epoch 75 evaluating [time: 0.14s, valid_score: 0.318300]
Sat 14 Mar 2026 22:33:46 INFO  valid result: 
recall@1 : 0.1222    recall@2 : 0.2043    recall@3 : 0.2674    recall@4 : 0.3089    recall@5 : 0.3458    recall@10 : 0.4765    recall@20 : 0.6175    recall@30 : 0.6944    recall@50 : 0.7771    ndcg@1 : 0.1979    ndcg@2 : 0.2226    ndcg@3 : 0.2454    ndcg@4 : 0.2594    ndcg@5 : 0.2726    ndcg@10 : 0.3183    ndcg@20 : 0.3608    ndcg@30 : 0.3813    ndcg@50 : 0.4015    precision@1 : 0.1979    precision@2 : 0.1666    precision@3 : 0.1486    precision@4 : 0.1313    precision@5 : 0.1192    precision@10 : 0.0857    precision@20 : 0.0596    precision@30 : 0.0462    precision@50 : 0.0324    map@1 : 0.1979    map@2 : 0.1965    map@3 : 0.2043    map@4 : 0.209    map@5 : 0.2142    map@10 : 0.233    map@20 : 0.2476    map@30 : 0.2534    map@50 : 0.2583
Sat 14 Mar 2026 22:33:46 INFO  Saving current: saved/SCL-Mar-14-2026_22-33-20.pth
Sat 14 Mar 2026 22:33:46 INFO  Saving current best: saved/SCL-Mar-14-2026_22-33-20.pth
Sat 14 Mar 2026 22:33:46 INFO  Running E-step ! 
Sat 14 Mar 2026 22:33:46 INFO  epoch 76 training [time: 0.18s, train_loss1: 2.7631, train_loss2: 0.0404, train_loss3: 0.0110, train_loss4: 0.0032]
Sat 14 Mar 2026 22:33:46 INFO  epoch 76 evaluating [time: 0.14s, valid_score: 0.318600]
Sat 14 Mar 2026 22:33:46 INFO  valid result: 
recall@1 : 0.1228    recall@2 : 0.2038    recall@3 : 0.2678    recall@4 : 0.3088    recall@5 : 0.3446    recall@10 : 0.4765    recall@20 : 0.6175    recall@30 : 0.6953    recall@50 : 0.778    ndcg@1 : 0.199    ndcg@2 : 0.2229    ndcg@3 : 0.2461    ndcg@4 : 0.2598    ndcg@5 : 0.2725    ndcg@10 : 0.3186    ndcg@20 : 0.3612    ndcg@30 : 0.3819    ndcg@50 : 0.4021    precision@1 : 0.199    precision@2 : 0.1669    precision@3 : 0.149    precision@4 : 0.1316    precision@5 : 0.1191    precision@10 : 0.0858    precision@20 : 0.0597    precision@30 : 0.0462    precision@50 : 0.0324    map@1 : 0.199    map@2 : 0.197    map@3 : 0.2049    map@4 : 0.2094    map@5 : 0.2144    map@10 : 0.2334    map@20 : 0.248    map@30 : 0.2539    map@50 : 0.2588
Sat 14 Mar 2026 22:33:46 INFO  Saving current: saved/SCL-Mar-14-2026_22-33-20.pth
Sat 14 Mar 2026 22:33:46 INFO  Saving current best: saved/SCL-Mar-14-2026_22-33-20.pth
Sat 14 Mar 2026 22:33:46 INFO  Running E-step ! 
Sat 14 Mar 2026 22:33:47 INFO  epoch 77 training [time: 0.17s, train_loss1: 2.7453, train_loss2: 0.0403, train_loss3: 0.0110, train_loss4: 0.0032]
Sat 14 Mar 2026 22:33:47 INFO  epoch 77 evaluating [time: 0.14s, valid_score: 0.319500]
Sat 14 Mar 2026 22:33:47 INFO  valid result: 
recall@1 : 0.124    recall@2 : 0.2044    recall@3 : 0.2673    recall@4 : 0.3095    recall@5 : 0.3457    recall@10 : 0.4772    recall@20 : 0.6191    recall@30 : 0.6969    recall@50 : 0.7794    ndcg@1 : 0.2002    ndcg@2 : 0.2237    ndcg@3 : 0.2461    ndcg@4 : 0.2607    ndcg@5 : 0.2735    ndcg@10 : 0.3195    ndcg@20 : 0.3623    ndcg@30 : 0.383    ndcg@50 : 0.403    precision@1 : 0.2002    precision@2 : 0.1672    precision@3 : 0.1486    precision@4 : 0.1319    precision@5 : 0.1195    precision@10 : 0.0861    precision@20 : 0.0599    precision@30 : 0.0464    precision@50 : 0.0325    map@1 : 0.2002    map@2 : 0.1979    map@3 : 0.2052    map@4 : 0.2102    map@5 : 0.2154    map@10 : 0.2343    map@20 : 0.2489    map@30 : 0.2548    map@50 : 0.2596
Sat 14 Mar 2026 22:33:47 INFO  Saving current: saved/SCL-Mar-14-2026_22-33-20.pth
Sat 14 Mar 2026 22:33:47 INFO  Saving current best: saved/SCL-Mar-14-2026_22-33-20.pth
Sat 14 Mar 2026 22:33:47 INFO  Running E-step ! 
Sat 14 Mar 2026 22:33:47 INFO  epoch 78 training [time: 0.19s, train_loss1: 2.7164, train_loss2: 0.0403, train_loss3: 0.0110, train_loss4: 0.0032]
Sat 14 Mar 2026 22:33:47 INFO  epoch 78 evaluating [time: 0.14s, valid_score: 0.320200]
Sat 14 Mar 2026 22:33:47 INFO  valid result: 
recall@1 : 0.1246    recall@2 : 0.205    recall@3 : 0.2682    recall@4 : 0.3105    recall@5 : 0.3456    recall@10 : 0.4777    recall@20 : 0.6189    recall@30 : 0.6973    recall@50 : 0.781    ndcg@1 : 0.2008    ndcg@2 : 0.2243    ndcg@3 : 0.247    ndcg@4 : 0.2614    ndcg@5 : 0.2739    ndcg@10 : 0.3202    ndcg@20 : 0.3627    ndcg@30 : 0.3836    ndcg@50 : 0.4038    precision@1 : 0.2008    precision@2 : 0.1675    precision@3 : 0.1492    precision@4 : 0.132    precision@5 : 0.1195    precision@10 : 0.0865    precision@20 : 0.06    precision@30 : 0.0465    precision@50 : 0.0325    map@1 : 0.2008    map@2 : 0.1985    map@3 : 0.2059    map@4 : 0.2109    map@5 : 0.2159    map@10 : 0.235    map@20 : 0.2496    map@30 : 0.2555    map@50 : 0.2603
Sat 14 Mar 2026 22:33:47 INFO  Saving current: saved/SCL-Mar-14-2026_22-33-20.pth
Sat 14 Mar 2026 22:33:47 INFO  Saving current best: saved/SCL-Mar-14-2026_22-33-20.pth
Sat 14 Mar 2026 22:33:47 INFO  Running E-step ! 
Sat 14 Mar 2026 22:33:47 INFO  epoch 79 training [time: 0.18s, train_loss1: 2.6901, train_loss2: 0.0402, train_loss3: 0.0110, train_loss4: 0.0031]
Sat 14 Mar 2026 22:33:47 INFO  epoch 79 evaluating [time: 0.14s, valid_score: 0.320600]
Sat 14 Mar 2026 22:33:47 INFO  valid result: 
recall@1 : 0.1258    recall@2 : 0.2061    recall@3 : 0.269    recall@4 : 0.3102    recall@5 : 0.3456    recall@10 : 0.4767    recall@20 : 0.6214    recall@30 : 0.6973    recall@50 : 0.7824    ndcg@1 : 0.202    ndcg@2 : 0.2257    ndcg@3 : 0.2485    ndcg@4 : 0.262    ndcg@5 : 0.2746    ndcg@10 : 0.3206    ndcg@20 : 0.3641    ndcg@30 : 0.3843    ndcg@50 : 0.4048    precision@1 : 0.202    precision@2 : 0.1684    precision@3 : 0.1504    precision@4 : 0.1319    precision@5 : 0.1195    precision@10 : 0.0865    precision@20 : 0.0603    precision@30 : 0.0465    precision@50 : 0.0326    map@1 : 0.202    map@2 : 0.1999    map@3 : 0.2073    map@4 : 0.2117    map@5 : 0.2168    map@10 : 0.2357    map@20 : 0.2506    map@30 : 0.2564    map@50 : 0.2612
Sat 14 Mar 2026 22:33:47 INFO  Saving current: saved/SCL-Mar-14-2026_22-33-20.pth
Sat 14 Mar 2026 22:33:47 INFO  Saving current best: saved/SCL-Mar-14-2026_22-33-20.pth
Sat 14 Mar 2026 22:33:47 INFO  Running E-step ! 
Sat 14 Mar 2026 22:33:48 INFO  epoch 80 training [time: 0.18s, train_loss1: 2.7040, train_loss2: 0.0401, train_loss3: 0.0110, train_loss4: 0.0031]
Sat 14 Mar 2026 22:33:48 INFO  epoch 80 evaluating [time: 0.14s, valid_score: 0.321500]
Sat 14 Mar 2026 22:33:48 INFO  valid result: 
recall@1 : 0.1275    recall@2 : 0.2076    recall@3 : 0.2688    recall@4 : 0.3099    recall@5 : 0.345    recall@10 : 0.4766    recall@20 : 0.6217    recall@30 : 0.6978    recall@50 : 0.7829    ndcg@1 : 0.205    ndcg@2 : 0.2274    ndcg@3 : 0.2494    ndcg@4 : 0.2628    ndcg@5 : 0.2752    ndcg@10 : 0.3215    ndcg@20 : 0.3652    ndcg@30 : 0.3855    ndcg@50 : 0.406    precision@1 : 0.205    precision@2 : 0.169    precision@3 : 0.1504    precision@4 : 0.1319    precision@5 : 0.1193    precision@10 : 0.0865    precision@20 : 0.0603    precision@30 : 0.0466    precision@50 : 0.0326    map@1 : 0.205    map@2 : 0.2016    map@3 : 0.2085    map@4 : 0.2127    map@5 : 0.2178    map@10 : 0.2368    map@20 : 0.2518    map@30 : 0.2576    map@50 : 0.2625
Sat 14 Mar 2026 22:33:48 INFO  Saving current: saved/SCL-Mar-14-2026_22-33-20.pth
Sat 14 Mar 2026 22:33:48 INFO  Saving current best: saved/SCL-Mar-14-2026_22-33-20.pth
Sat 14 Mar 2026 22:33:48 INFO  Running E-step ! 
Sat 14 Mar 2026 22:33:48 INFO  epoch 81 training [time: 0.16s, train_loss1: 2.6786, train_loss2: 0.0401, train_loss3: 0.0110, train_loss4: 0.0030]
Sat 14 Mar 2026 22:33:48 INFO  epoch 81 evaluating [time: 0.14s, valid_score: 0.321600]
Sat 14 Mar 2026 22:33:48 INFO  valid result: 
recall@1 : 0.128    recall@2 : 0.2065    recall@3 : 0.268    recall@4 : 0.3095    recall@5 : 0.3462    recall@10 : 0.477    recall@20 : 0.6226    recall@30 : 0.6979    recall@50 : 0.7858    ndcg@1 : 0.2062    ndcg@2 : 0.2272    ndcg@3 : 0.2493    ndcg@4 : 0.2627    ndcg@5 : 0.2758    ndcg@10 : 0.3216    ndcg@20 : 0.3655    ndcg@30 : 0.3856    ndcg@50 : 0.4067    precision@1 : 0.2062    precision@2 : 0.1687    precision@3 : 0.1504    precision@4 : 0.1317    precision@5 : 0.1198    precision@10 : 0.0865    precision@20 : 0.0603    precision@30 : 0.0466    precision@50 : 0.0327    map@1 : 0.2062    map@2 : 0.2016    map@3 : 0.2084    map@4 : 0.2126    map@5 : 0.2182    map@10 : 0.2369    map@20 : 0.252    map@30 : 0.2577    map@50 : 0.2627
Sat 14 Mar 2026 22:33:48 INFO  Saving current: saved/SCL-Mar-14-2026_22-33-20.pth
Sat 14 Mar 2026 22:33:48 INFO  Saving current best: saved/SCL-Mar-14-2026_22-33-20.pth
Sat 14 Mar 2026 22:33:48 INFO  Running E-step ! 
Sat 14 Mar 2026 22:33:48 INFO  epoch 82 training [time: 0.18s, train_loss1: 2.7095, train_loss2: 0.0400, train_loss3: 0.0110, train_loss4: 0.0030]
Sat 14 Mar 2026 22:33:48 INFO  epoch 82 evaluating [time: 0.14s, valid_score: 0.321900]
Sat 14 Mar 2026 22:33:48 INFO  valid result: 
recall@1 : 0.1278    recall@2 : 0.2066    recall@3 : 0.2689    recall@4 : 0.3092    recall@5 : 0.3462    recall@10 : 0.4778    recall@20 : 0.6239    recall@30 : 0.6985    recall@50 : 0.7875    ndcg@1 : 0.205    ndcg@2 : 0.2269    ndcg@3 : 0.2494    ndcg@4 : 0.2625    ndcg@5 : 0.2757    ndcg@10 : 0.3219    ndcg@20 : 0.366    ndcg@30 : 0.3859    ndcg@50 : 0.4071    precision@1 : 0.205    precision@2 : 0.1687    precision@3 : 0.1504    precision@4 : 0.1319    precision@5 : 0.1199    precision@10 : 0.0868    precision@20 : 0.0605    precision@30 : 0.0467    precision@50 : 0.0328    map@1 : 0.205    map@2 : 0.2014    map@3 : 0.2085    map@4 : 0.2126    map@5 : 0.2183    map@10 : 0.2371    map@20 : 0.2523    map@30 : 0.258    map@50 : 0.263
Sat 14 Mar 2026 22:33:48 INFO  Saving current: saved/SCL-Mar-14-2026_22-33-20.pth
Sat 14 Mar 2026 22:33:48 INFO  Saving current best: saved/SCL-Mar-14-2026_22-33-20.pth
Sat 14 Mar 2026 22:33:48 INFO  Running E-step ! 
Sat 14 Mar 2026 22:33:49 INFO  epoch 83 training [time: 0.19s, train_loss1: 2.6765, train_loss2: 0.0399, train_loss3: 0.0110, train_loss4: 0.0029]
Sat 14 Mar 2026 22:33:49 INFO  epoch 83 evaluating [time: 0.14s, valid_score: 0.323000]
Sat 14 Mar 2026 22:33:49 INFO  valid result: 
recall@1 : 0.1288    recall@2 : 0.2075    recall@3 : 0.2694    recall@4 : 0.3099    recall@5 : 0.3468    recall@10 : 0.479    recall@20 : 0.626    recall@30 : 0.6986    recall@50 : 0.7889    ndcg@1 : 0.2068    ndcg@2 : 0.228    ndcg@3 : 0.2499    ndcg@4 : 0.2635    ndcg@5 : 0.2768    ndcg@10 : 0.323    ndcg@20 : 0.3673    ndcg@30 : 0.3867    ndcg@50 : 0.4081    precision@1 : 0.2068    precision@2 : 0.1692    precision@3 : 0.1498    precision@4 : 0.1324    precision@5 : 0.1206    precision@10 : 0.0871    precision@20 : 0.0608    precision@30 : 0.0467    precision@50 : 0.0328    map@1 : 0.2068    map@2 : 0.2026    map@3 : 0.2092    map@4 : 0.2135    map@5 : 0.2193    map@10 : 0.2382    map@20 : 0.2535    map@30 : 0.259    map@50 : 0.264
Sat 14 Mar 2026 22:33:49 INFO  Saving current: saved/SCL-Mar-14-2026_22-33-20.pth
Sat 14 Mar 2026 22:33:49 INFO  Saving current best: saved/SCL-Mar-14-2026_22-33-20.pth
Sat 14 Mar 2026 22:33:49 INFO  Running E-step ! 
Sat 14 Mar 2026 22:33:49 INFO  epoch 84 training [time: 0.20s, train_loss1: 2.6669, train_loss2: 0.0399, train_loss3: 0.0110, train_loss4: 0.0029]
Sat 14 Mar 2026 22:33:49 INFO  epoch 84 evaluating [time: 0.14s, valid_score: 0.323200]
Sat 14 Mar 2026 22:33:49 INFO  valid result: 
recall@1 : 0.1294    recall@2 : 0.2088    recall@3 : 0.2679    recall@4 : 0.3102    recall@5 : 0.3479    recall@10 : 0.4784    recall@20 : 0.6267    recall@30 : 0.6986    recall@50 : 0.7881    ndcg@1 : 0.2074    ndcg@2 : 0.229    ndcg@3 : 0.2498    ndcg@4 : 0.2641    ndcg@5 : 0.2776    ndcg@10 : 0.3232    ndcg@20 : 0.3678    ndcg@30 : 0.3871    ndcg@50 : 0.4084    precision@1 : 0.2074    precision@2 : 0.1698    precision@3 : 0.1498    precision@4 : 0.1329    precision@5 : 0.1207    precision@10 : 0.0871    precision@20 : 0.0608    precision@30 : 0.0467    precision@50 : 0.0328    map@1 : 0.2074    map@2 : 0.2035    map@3 : 0.2093    map@4 : 0.2141    map@5 : 0.22    map@10 : 0.2386    map@20 : 0.254    map@30 : 0.2595    map@50 : 0.2645
Sat 14 Mar 2026 22:33:49 INFO  Saving current: saved/SCL-Mar-14-2026_22-33-20.pth
Sat 14 Mar 2026 22:33:49 INFO  Saving current best: saved/SCL-Mar-14-2026_22-33-20.pth
Sat 14 Mar 2026 22:33:49 INFO  Running E-step ! 
Sat 14 Mar 2026 22:33:49 INFO  epoch 85 training [time: 0.20s, train_loss1: 2.6649, train_loss2: 0.0398, train_loss3: 0.0110, train_loss4: 0.0029]
Sat 14 Mar 2026 22:33:50 INFO  epoch 85 evaluating [time: 0.14s, valid_score: 0.323400]
Sat 14 Mar 2026 22:33:50 INFO  valid result: 
recall@1 : 0.1288    recall@2 : 0.2091    recall@3 : 0.2673    recall@4 : 0.3093    recall@5 : 0.3466    recall@10 : 0.4795    recall@20 : 0.627    recall@30 : 0.6989    recall@50 : 0.7891    ndcg@1 : 0.2074    ndcg@2 : 0.2296    ndcg@3 : 0.2493    ndcg@4 : 0.2637    ndcg@5 : 0.2768    ndcg@10 : 0.3234    ndcg@20 : 0.3677    ndcg@30 : 0.3871    ndcg@50 : 0.4084    precision@1 : 0.2074    precision@2 : 0.1707    precision@3 : 0.1494    precision@4 : 0.1329    precision@5 : 0.1204    precision@10 : 0.0874    precision@20 : 0.0608    precision@30 : 0.0467    precision@50 : 0.0328    map@1 : 0.2074    map@2 : 0.2038    map@3 : 0.2089    map@4 : 0.2137    map@5 : 0.2194    map@10 : 0.2385    map@20 : 0.2538    map@30 : 0.2593    map@50 : 0.2643
Sat 14 Mar 2026 22:33:50 INFO  Saving current: saved/SCL-Mar-14-2026_22-33-20.pth
Sat 14 Mar 2026 22:33:50 INFO  Saving current best: saved/SCL-Mar-14-2026_22-33-20.pth
Sat 14 Mar 2026 22:33:50 INFO  Running E-step ! 
Sat 14 Mar 2026 22:33:50 INFO  epoch 86 training [time: 0.20s, train_loss1: 2.6614, train_loss2: 0.0397, train_loss3: 0.0110, train_loss4: 0.0029]
Sat 14 Mar 2026 22:33:50 INFO  epoch 86 evaluating [time: 0.14s, valid_score: 0.323900]
Sat 14 Mar 2026 22:33:50 INFO  valid result: 
recall@1 : 0.1294    recall@2 : 0.2088    recall@3 : 0.2672    recall@4 : 0.3105    recall@5 : 0.3459    recall@10 : 0.48    recall@20 : 0.6282    recall@30 : 0.6981    recall@50 : 0.7904    ndcg@1 : 0.208    ndcg@2 : 0.2291    ndcg@3 : 0.2494    ndcg@4 : 0.2644    ndcg@5 : 0.2767    ndcg@10 : 0.3239    ndcg@20 : 0.3683    ndcg@30 : 0.3873    ndcg@50 : 0.4091    precision@1 : 0.208    precision@2 : 0.1698    precision@3 : 0.1494    precision@4 : 0.1332    precision@5 : 0.1201    precision@10 : 0.0877    precision@20 : 0.0609    precision@30 : 0.0468    precision@50 : 0.0329    map@1 : 0.208    map@2 : 0.2035    map@3 : 0.2091    map@4 : 0.2142    map@5 : 0.2194    map@10 : 0.2389    map@20 : 0.2542    map@30 : 0.2597    map@50 : 0.2647
Sat 14 Mar 2026 22:33:50 INFO  Saving current: saved/SCL-Mar-14-2026_22-33-20.pth
Sat 14 Mar 2026 22:33:50 INFO  Saving current best: saved/SCL-Mar-14-2026_22-33-20.pth
Sat 14 Mar 2026 22:33:50 INFO  Running E-step ! 
Sat 14 Mar 2026 22:33:50 INFO  epoch 87 training [time: 0.19s, train_loss1: 2.6238, train_loss2: 0.0396, train_loss3: 0.0110, train_loss4: 0.0029]
Sat 14 Mar 2026 22:33:50 INFO  epoch 87 evaluating [time: 0.14s, valid_score: 0.324100]
Sat 14 Mar 2026 22:33:50 INFO  valid result: 
recall@1 : 0.1295    recall@2 : 0.21    recall@3 : 0.2674    recall@4 : 0.3094    recall@5 : 0.3458    recall@10 : 0.4799    recall@20 : 0.6282    recall@30 : 0.6977    recall@50 : 0.7921    ndcg@1 : 0.2086    ndcg@2 : 0.23    ndcg@3 : 0.2497    ndcg@4 : 0.2642    ndcg@5 : 0.2769    ndcg@10 : 0.3241    ndcg@20 : 0.3684    ndcg@30 : 0.3874    ndcg@50 : 0.4096    precision@1 : 0.2086    precision@2 : 0.1704    precision@3 : 0.1494    precision@4 : 0.133    precision@5 : 0.1201    precision@10 : 0.0878    precision@20 : 0.0608    precision@30 : 0.0468    precision@50 : 0.0329    map@1 : 0.2086    map@2 : 0.2043    map@3 : 0.2093    map@4 : 0.2142    map@5 : 0.2197    map@10 : 0.2392    map@20 : 0.2544    map@30 : 0.2599    map@50 : 0.2651
Sat 14 Mar 2026 22:33:50 INFO  Saving current: saved/SCL-Mar-14-2026_22-33-20.pth
Sat 14 Mar 2026 22:33:50 INFO  Saving current best: saved/SCL-Mar-14-2026_22-33-20.pth
Sat 14 Mar 2026 22:33:50 INFO  Running E-step ! 
Sat 14 Mar 2026 22:33:50 INFO  epoch 88 training [time: 0.18s, train_loss1: 2.6071, train_loss2: 0.0396, train_loss3: 0.0110, train_loss4: 0.0028]
Sat 14 Mar 2026 22:33:51 INFO  epoch 88 evaluating [time: 0.14s, valid_score: 0.324500]
Sat 14 Mar 2026 22:33:51 INFO  valid result: 
recall@1 : 0.1296    recall@2 : 0.2109    recall@3 : 0.2676    recall@4 : 0.3103    recall@5 : 0.3447    recall@10 : 0.4799    recall@20 : 0.6291    recall@30 : 0.6974    recall@50 : 0.7909    ndcg@1 : 0.2086    ndcg@2 : 0.2305    ndcg@3 : 0.25    ndcg@4 : 0.2652    ndcg@5 : 0.2769    ndcg@10 : 0.3245    ndcg@20 : 0.369    ndcg@30 : 0.3877    ndcg@50 : 0.4097    precision@1 : 0.2086    precision@2 : 0.1707    precision@3 : 0.1496    precision@4 : 0.1341    precision@5 : 0.1204    precision@10 : 0.088    precision@20 : 0.0609    precision@30 : 0.0468    precision@50 : 0.0329    map@1 : 0.2086    map@2 : 0.2046    map@3 : 0.2096    map@4 : 0.215    map@5 : 0.2199    map@10 : 0.2397    map@20 : 0.2548    map@30 : 0.2603    map@50 : 0.2655
Sat 14 Mar 2026 22:33:51 INFO  Saving current: saved/SCL-Mar-14-2026_22-33-20.pth
Sat 14 Mar 2026 22:33:51 INFO  Saving current best: saved/SCL-Mar-14-2026_22-33-20.pth
Sat 14 Mar 2026 22:33:51 INFO  Running E-step ! 
Sat 14 Mar 2026 22:33:51 INFO  epoch 89 training [time: 0.17s, train_loss1: 2.6313, train_loss2: 0.0395, train_loss3: 0.0110, train_loss4: 0.0028]
Sat 14 Mar 2026 22:33:51 INFO  epoch 89 evaluating [time: 0.14s, valid_score: 0.325100]
Sat 14 Mar 2026 22:33:51 INFO  valid result: 
recall@1 : 0.1295    recall@2 : 0.2113    recall@3 : 0.2667    recall@4 : 0.3089    recall@5 : 0.3442    recall@10 : 0.4823    recall@20 : 0.6289    recall@30 : 0.6979    recall@50 : 0.7917    ndcg@1 : 0.208    ndcg@2 : 0.2306    ndcg@3 : 0.2498    ndcg@4 : 0.2645    ndcg@5 : 0.2766    ndcg@10 : 0.3251    ndcg@20 : 0.3689    ndcg@30 : 0.3878    ndcg@50 : 0.4098    precision@1 : 0.208    precision@2 : 0.171    precision@3 : 0.1498    precision@4 : 0.1336    precision@5 : 0.1204    precision@10 : 0.0884    precision@20 : 0.061    precision@30 : 0.0469    precision@50 : 0.0329    map@1 : 0.208    map@2 : 0.2044    map@3 : 0.2096    map@4 : 0.2146    map@5 : 0.2197    map@10 : 0.2399    map@20 : 0.2548    map@30 : 0.2604    map@50 : 0.2654
Sat 14 Mar 2026 22:33:51 INFO  Saving current: saved/SCL-Mar-14-2026_22-33-20.pth
Sat 14 Mar 2026 22:33:51 INFO  Saving current best: saved/SCL-Mar-14-2026_22-33-20.pth
Sat 14 Mar 2026 22:33:51 INFO  Running E-step ! 
Sat 14 Mar 2026 22:33:51 INFO  epoch 90 training [time: 0.17s, train_loss1: 2.6539, train_loss2: 0.0394, train_loss3: 0.0110, train_loss4: 0.0027]
Sat 14 Mar 2026 22:33:51 INFO  epoch 90 evaluating [time: 0.14s, valid_score: 0.325600]
Sat 14 Mar 2026 22:33:51 INFO  valid result: 
recall@1 : 0.1297    recall@2 : 0.2111    recall@3 : 0.2673    recall@4 : 0.3109    recall@5 : 0.3432    recall@10 : 0.4833    recall@20 : 0.6278    recall@30 : 0.6974    recall@50 : 0.7911    ndcg@1 : 0.2086    ndcg@2 : 0.2303    ndcg@3 : 0.2499    ndcg@4 : 0.2655    ndcg@5 : 0.2765    ndcg@10 : 0.3256    ndcg@20 : 0.3689    ndcg@30 : 0.388    ndcg@50 : 0.41    precision@1 : 0.2086    precision@2 : 0.1704    precision@3 : 0.1498    precision@4 : 0.1345    precision@5 : 0.1204    precision@10 : 0.0886    precision@20 : 0.0608    precision@30 : 0.0469    precision@50 : 0.0329    map@1 : 0.2086    map@2 : 0.2044    map@3 : 0.2096    map@4 : 0.2153    map@5 : 0.2198    map@10 : 0.2403    map@20 : 0.2551    map@30 : 0.2607    map@50 : 0.2658
Sat 14 Mar 2026 22:33:51 INFO  Saving current: saved/SCL-Mar-14-2026_22-33-20.pth
Sat 14 Mar 2026 22:33:51 INFO  Saving current best: saved/SCL-Mar-14-2026_22-33-20.pth
Sat 14 Mar 2026 22:33:51 INFO  Running E-step ! 
Sat 14 Mar 2026 22:33:51 INFO  epoch 91 training [time: 0.19s, train_loss1: 2.5981, train_loss2: 0.0394, train_loss3: 0.0110, train_loss4: 0.0024]
Sat 14 Mar 2026 22:33:52 INFO  epoch 91 evaluating [time: 0.14s, valid_score: 0.325700]
Sat 14 Mar 2026 22:33:52 INFO  valid result: 
recall@1 : 0.1292    recall@2 : 0.2114    recall@3 : 0.267    recall@4 : 0.311    recall@5 : 0.3439    recall@10 : 0.4838    recall@20 : 0.6294    recall@30 : 0.6987    recall@50 : 0.7927    ndcg@1 : 0.208    ndcg@2 : 0.2301    ndcg@3 : 0.2495    ndcg@4 : 0.2654    ndcg@5 : 0.2765    ndcg@10 : 0.3257    ndcg@20 : 0.3693    ndcg@30 : 0.3883    ndcg@50 : 0.4103    precision@1 : 0.208    precision@2 : 0.1704    precision@3 : 0.1494    precision@4 : 0.1347    precision@5 : 0.1205    precision@10 : 0.0887    precision@20 : 0.0611    precision@30 : 0.047    precision@50 : 0.0329    map@1 : 0.208    map@2 : 0.2041    map@3 : 0.2093    map@4 : 0.2151    map@5 : 0.2197    map@10 : 0.2403    map@20 : 0.2552    map@30 : 0.2608    map@50 : 0.2658
Sat 14 Mar 2026 22:33:52 INFO  Saving current: saved/SCL-Mar-14-2026_22-33-20.pth
Sat 14 Mar 2026 22:33:52 INFO  Saving current best: saved/SCL-Mar-14-2026_22-33-20.pth
Sat 14 Mar 2026 22:33:52 INFO  Running E-step ! 
Sat 14 Mar 2026 22:33:52 INFO  epoch 92 training [time: 0.18s, train_loss1: 2.5898, train_loss2: 0.0393, train_loss3: 0.0110, train_loss4: 0.0024]
Sat 14 Mar 2026 22:33:52 INFO  epoch 92 evaluating [time: 0.14s, valid_score: 0.326100]
Sat 14 Mar 2026 22:33:52 INFO  valid result: 
recall@1 : 0.1292    recall@2 : 0.2116    recall@3 : 0.2679    recall@4 : 0.3109    recall@5 : 0.3437    recall@10 : 0.4842    recall@20 : 0.6308    recall@30 : 0.699    recall@50 : 0.793    ndcg@1 : 0.208    ndcg@2 : 0.2303    ndcg@3 : 0.2501    ndcg@4 : 0.2655    ndcg@5 : 0.2766    ndcg@10 : 0.3261    ndcg@20 : 0.3699    ndcg@30 : 0.3886    ndcg@50 : 0.4106    precision@1 : 0.208    precision@2 : 0.1707    precision@3 : 0.15    precision@4 : 0.1347    precision@5 : 0.1206    precision@10 : 0.0888    precision@20 : 0.0611    precision@30 : 0.047    precision@50 : 0.033    map@1 : 0.208    map@2 : 0.2043    map@3 : 0.2097    map@4 : 0.2154    map@5 : 0.2199    map@10 : 0.2406    map@20 : 0.2555    map@30 : 0.2611    map@50 : 0.2661
Sat 14 Mar 2026 22:33:52 INFO  Saving current: saved/SCL-Mar-14-2026_22-33-20.pth
Sat 14 Mar 2026 22:33:52 INFO  Saving current best: saved/SCL-Mar-14-2026_22-33-20.pth
Sat 14 Mar 2026 22:33:52 INFO  Running E-step ! 
Sat 14 Mar 2026 22:33:52 INFO  epoch 93 training [time: 0.18s, train_loss1: 2.5935, train_loss2: 0.0392, train_loss3: 0.0110, train_loss4: 0.0024]
Sat 14 Mar 2026 22:33:52 INFO  epoch 93 evaluating [time: 0.14s, valid_score: 0.326100]
Sat 14 Mar 2026 22:33:52 INFO  valid result: 
recall@1 : 0.1292    recall@2 : 0.2116    recall@3 : 0.2684    recall@4 : 0.3105    recall@5 : 0.3436    recall@10 : 0.484    recall@20 : 0.6332    recall@30 : 0.6992    recall@50 : 0.7931    ndcg@1 : 0.208    ndcg@2 : 0.2303    ndcg@3 : 0.2505    ndcg@4 : 0.2654    ndcg@5 : 0.2768    ndcg@10 : 0.3261    ndcg@20 : 0.3706    ndcg@30 : 0.3888    ndcg@50 : 0.4109    precision@1 : 0.208    precision@2 : 0.1707    precision@3 : 0.1506    precision@4 : 0.1345    precision@5 : 0.1211    precision@10 : 0.0887    precision@20 : 0.0613    precision@30 : 0.047    precision@50 : 0.033    map@1 : 0.208    map@2 : 0.2043    map@3 : 0.21    map@4 : 0.2153    map@5 : 0.2202    map@10 : 0.2408    map@20 : 0.2558    map@30 : 0.2613    map@50 : 0.2664
Sat 14 Mar 2026 22:33:52 INFO  Saving current: saved/SCL-Mar-14-2026_22-33-20.pth
Sat 14 Mar 2026 22:33:52 INFO  Saving current best: saved/SCL-Mar-14-2026_22-33-20.pth
Sat 14 Mar 2026 22:33:52 INFO  Running E-step ! 
Sat 14 Mar 2026 22:33:52 INFO  epoch 94 training [time: 0.18s, train_loss1: 2.5746, train_loss2: 0.0392, train_loss3: 0.0110, train_loss4: 0.0024]
Sat 14 Mar 2026 22:33:53 INFO  epoch 94 evaluating [time: 0.14s, valid_score: 0.326400]
Sat 14 Mar 2026 22:33:53 INFO  valid result: 
recall@1 : 0.1293    recall@2 : 0.2114    recall@3 : 0.2674    recall@4 : 0.3103    recall@5 : 0.3434    recall@10 : 0.4846    recall@20 : 0.6337    recall@30 : 0.6995    recall@50 : 0.7941    ndcg@1 : 0.2092    ndcg@2 : 0.2306    ndcg@3 : 0.25    ndcg@4 : 0.2652    ndcg@5 : 0.2767    ndcg@10 : 0.3264    ndcg@20 : 0.3709    ndcg@30 : 0.3891    ndcg@50 : 0.4113    precision@1 : 0.2092    precision@2 : 0.171    precision@3 : 0.15    precision@4 : 0.1344    precision@5 : 0.1211    precision@10 : 0.0889    precision@20 : 0.0613    precision@30 : 0.047    precision@50 : 0.033    map@1 : 0.2092    map@2 : 0.2044    map@3 : 0.2095    map@4 : 0.2152    map@5 : 0.22    map@10 : 0.2408    map@20 : 0.2559    map@30 : 0.2614    map@50 : 0.2665
Sat 14 Mar 2026 22:33:53 INFO  Saving current: saved/SCL-Mar-14-2026_22-33-20.pth
Sat 14 Mar 2026 22:33:53 INFO  Saving current best: saved/SCL-Mar-14-2026_22-33-20.pth
Sat 14 Mar 2026 22:33:53 INFO  Running E-step ! 
Sat 14 Mar 2026 22:33:53 INFO  epoch 95 training [time: 0.18s, train_loss1: 2.5924, train_loss2: 0.0391, train_loss3: 0.0110, train_loss4: 0.0023]
Sat 14 Mar 2026 22:33:53 INFO  epoch 95 evaluating [time: 0.14s, valid_score: 0.327300]
Sat 14 Mar 2026 22:33:53 INFO  valid result: 
recall@1 : 0.1303    recall@2 : 0.2114    recall@3 : 0.2675    recall@4 : 0.3091    recall@5 : 0.3434    recall@10 : 0.4856    recall@20 : 0.6352    recall@30 : 0.699    recall@50 : 0.795    ndcg@1 : 0.2098    ndcg@2 : 0.2311    ndcg@3 : 0.2505    ndcg@4 : 0.2652    ndcg@5 : 0.2772    ndcg@10 : 0.3273    ndcg@20 : 0.3718    ndcg@30 : 0.3895    ndcg@50 : 0.412    precision@1 : 0.2098    precision@2 : 0.1713    precision@3 : 0.1502    precision@4 : 0.1342    precision@5 : 0.1213    precision@10 : 0.0892    precision@20 : 0.0614    precision@30 : 0.047    precision@50 : 0.033    map@1 : 0.2098    map@2 : 0.2053    map@3 : 0.2102    map@4 : 0.2155    map@5 : 0.2206    map@10 : 0.2417    map@20 : 0.2568    map@30 : 0.2622    map@50 : 0.2673
Sat 14 Mar 2026 22:33:53 INFO  Saving current: saved/SCL-Mar-14-2026_22-33-20.pth
Sat 14 Mar 2026 22:33:53 INFO  Saving current best: saved/SCL-Mar-14-2026_22-33-20.pth
Sat 14 Mar 2026 22:33:53 INFO  Running E-step ! 
Sat 14 Mar 2026 22:33:53 INFO  epoch 96 training [time: 0.19s, train_loss1: 2.5670, train_loss2: 0.0390, train_loss3: 0.0110, train_loss4: 0.0023]
Sat 14 Mar 2026 22:33:53 INFO  epoch 96 evaluating [time: 0.14s, valid_score: 0.328300]
Sat 14 Mar 2026 22:33:53 INFO  valid result: 
recall@1 : 0.1317    recall@2 : 0.2125    recall@3 : 0.2669    recall@4 : 0.3103    recall@5 : 0.3429    recall@10 : 0.4863    recall@20 : 0.6354    recall@30 : 0.6996    recall@50 : 0.7949    ndcg@1 : 0.2116    ndcg@2 : 0.2327    ndcg@3 : 0.2509    ndcg@4 : 0.2663    ndcg@5 : 0.2777    ndcg@10 : 0.3283    ndcg@20 : 0.3726    ndcg@30 : 0.3905    ndcg@50 : 0.4128    precision@1 : 0.2116    precision@2 : 0.1725    precision@3 : 0.15    precision@4 : 0.1344    precision@5 : 0.1212    precision@10 : 0.0894    precision@20 : 0.0614    precision@30 : 0.0471    precision@50 : 0.0331    map@1 : 0.2116    map@2 : 0.2066    map@3 : 0.2108    map@4 : 0.2165    map@5 : 0.2213    map@10 : 0.2427    map@20 : 0.2577    map@30 : 0.2632    map@50 : 0.2683
Sat 14 Mar 2026 22:33:53 INFO  Saving current: saved/SCL-Mar-14-2026_22-33-20.pth
Sat 14 Mar 2026 22:33:53 INFO  Saving current best: saved/SCL-Mar-14-2026_22-33-20.pth
Sat 14 Mar 2026 22:33:53 INFO  Running E-step ! 
Sat 14 Mar 2026 22:33:54 INFO  epoch 97 training [time: 0.19s, train_loss1: 2.5672, train_loss2: 0.0389, train_loss3: 0.0110, train_loss4: 0.0023]
Sat 14 Mar 2026 22:33:54 INFO  epoch 97 evaluating [time: 0.14s, valid_score: 0.328500]
Sat 14 Mar 2026 22:33:54 INFO  valid result: 
recall@1 : 0.1314    recall@2 : 0.213    recall@3 : 0.2658    recall@4 : 0.3109    recall@5 : 0.3437    recall@10 : 0.4873    recall@20 : 0.635    recall@30 : 0.7    recall@50 : 0.7952    ndcg@1 : 0.211    ndcg@2 : 0.2327    ndcg@3 : 0.2502    ndcg@4 : 0.2664    ndcg@5 : 0.2779    ndcg@10 : 0.3285    ndcg@20 : 0.3726    ndcg@30 : 0.3906    ndcg@50 : 0.4129    precision@1 : 0.211    precision@2 : 0.1725    precision@3 : 0.1494    precision@4 : 0.1345    precision@5 : 0.1213    precision@10 : 0.0893    precision@20 : 0.0615    precision@30 : 0.0472    precision@50 : 0.0331    map@1 : 0.211    map@2 : 0.2066    map@3 : 0.2104    map@4 : 0.2166    map@5 : 0.2214    map@10 : 0.2427    map@20 : 0.2578    map@30 : 0.2633    map@50 : 0.2684
Sat 14 Mar 2026 22:33:54 INFO  Saving current: saved/SCL-Mar-14-2026_22-33-20.pth
Sat 14 Mar 2026 22:33:54 INFO  Saving current best: saved/SCL-Mar-14-2026_22-33-20.pth
Sat 14 Mar 2026 22:33:54 INFO  Running E-step ! 
Sat 14 Mar 2026 22:33:54 INFO  epoch 98 training [time: 0.18s, train_loss1: 2.5709, train_loss2: 0.0389, train_loss3: 0.0110, train_loss4: 0.0022]
Sat 14 Mar 2026 22:33:54 INFO  epoch 98 evaluating [time: 0.14s, valid_score: 0.328000]
Sat 14 Mar 2026 22:33:54 INFO  valid result: 
recall@1 : 0.1308    recall@2 : 0.211    recall@3 : 0.2645    recall@4 : 0.3101    recall@5 : 0.344    recall@10 : 0.4875    recall@20 : 0.635    recall@30 : 0.6992    recall@50 : 0.797    ndcg@1 : 0.2104    ndcg@2 : 0.2308    ndcg@3 : 0.249    ndcg@4 : 0.2654    ndcg@5 : 0.2773    ndcg@10 : 0.328    ndcg@20 : 0.3722    ndcg@30 : 0.3899    ndcg@50 : 0.4128    precision@1 : 0.2104    precision@2 : 0.1707    precision@3 : 0.149    precision@4 : 0.1342    precision@5 : 0.1213    precision@10 : 0.0895    precision@20 : 0.0617    precision@30 : 0.0471    precision@50 : 0.0332    map@1 : 0.2104    map@2 : 0.205    map@3 : 0.2095    map@4 : 0.2156    map@5 : 0.2206    map@10 : 0.2421    map@20 : 0.2572    map@30 : 0.2626    map@50 : 0.2678
Sat 14 Mar 2026 22:33:54 INFO  Running E-step ! 
Sat 14 Mar 2026 22:33:54 INFO  epoch 99 training [time: 0.19s, train_loss1: 2.5758, train_loss2: 0.0388, train_loss3: 0.0110, train_loss4: 0.0022]
Sat 14 Mar 2026 22:33:54 INFO  epoch 99 evaluating [time: 0.14s, valid_score: 0.328700]
Sat 14 Mar 2026 22:33:54 INFO  valid result: 
recall@1 : 0.1315    recall@2 : 0.2104    recall@3 : 0.2646    recall@4 : 0.3102    recall@5 : 0.3449    recall@10 : 0.4885    recall@20 : 0.6336    recall@30 : 0.6974    recall@50 : 0.7947    ndcg@1 : 0.2116    ndcg@2 : 0.2308    ndcg@3 : 0.2494    ndcg@4 : 0.2657    ndcg@5 : 0.278    ndcg@10 : 0.3287    ndcg@20 : 0.3721    ndcg@30 : 0.3898    ndcg@50 : 0.4127    precision@1 : 0.2116    precision@2 : 0.1704    precision@3 : 0.1492    precision@4 : 0.1342    precision@5 : 0.1217    precision@10 : 0.0897    precision@20 : 0.0616    precision@30 : 0.047    precision@50 : 0.0331    map@1 : 0.2116    map@2 : 0.2053    map@3 : 0.2099    map@4 : 0.2159    map@5 : 0.2213    map@10 : 0.2426    map@20 : 0.2575    map@30 : 0.263    map@50 : 0.2682
Sat 14 Mar 2026 22:33:54 INFO  Saving current: saved/SCL-Mar-14-2026_22-33-20.pth
Sat 14 Mar 2026 22:33:54 INFO  Saving current best: saved/SCL-Mar-14-2026_22-33-20.pth
Sat 14 Mar 2026 22:33:54 INFO  Running E-step ! 
Sat 14 Mar 2026 22:33:55 INFO  epoch 100 training [time: 0.19s, train_loss1: 2.4973, train_loss2: 0.0387, train_loss3: 0.0110, train_loss4: 0.0022]
Sat 14 Mar 2026 22:33:55 INFO  epoch 100 evaluating [time: 0.14s, valid_score: 0.329600]
Sat 14 Mar 2026 22:33:55 INFO  valid result: 
recall@1 : 0.1318    recall@2 : 0.2114    recall@3 : 0.2648    recall@4 : 0.3121    recall@5 : 0.347    recall@10 : 0.4899    recall@20 : 0.6337    recall@30 : 0.697    recall@50 : 0.7943    ndcg@1 : 0.2122    ndcg@2 : 0.2313    ndcg@3 : 0.2495    ndcg@4 : 0.2666    ndcg@5 : 0.2793    ndcg@10 : 0.3296    ndcg@20 : 0.3729    ndcg@30 : 0.3905    ndcg@50 : 0.4133    precision@1 : 0.2122    precision@2 : 0.1707    precision@3 : 0.149    precision@4 : 0.1345    precision@5 : 0.1225    precision@10 : 0.0899    precision@20 : 0.0617    precision@30 : 0.0471    precision@50 : 0.0331    map@1 : 0.2122    map@2 : 0.2056    map@3 : 0.2099    map@4 : 0.2164    map@5 : 0.2221    map@10 : 0.2433    map@20 : 0.2583    map@30 : 0.2637    map@50 : 0.2689
Sat 14 Mar 2026 22:33:55 INFO  Saving current: saved/SCL-Mar-14-2026_22-33-20.pth
Sat 14 Mar 2026 22:33:55 INFO  Saving current best: saved/SCL-Mar-14-2026_22-33-20.pth
Sat 14 Mar 2026 22:33:55 INFO  Running E-step ! 
Sat 14 Mar 2026 22:33:55 INFO  epoch 101 training [time: 0.18s, train_loss1: 2.5478, train_loss2: 0.0386, train_loss3: 0.0110, train_loss4: 0.0022]
Sat 14 Mar 2026 22:33:55 INFO  epoch 101 evaluating [time: 0.14s, valid_score: 0.329600]
Sat 14 Mar 2026 22:33:55 INFO  valid result: 
recall@1 : 0.1326    recall@2 : 0.2114    recall@3 : 0.2647    recall@4 : 0.3115    recall@5 : 0.3449    recall@10 : 0.4887    recall@20 : 0.6352    recall@30 : 0.6967    recall@50 : 0.794    ndcg@1 : 0.2133    ndcg@2 : 0.2319    ndcg@3 : 0.2499    ndcg@4 : 0.2667    ndcg@5 : 0.2787    ndcg@10 : 0.3296    ndcg@20 : 0.3735    ndcg@30 : 0.3907    ndcg@50 : 0.4135    precision@1 : 0.2133    precision@2 : 0.171    precision@3 : 0.1492    precision@4 : 0.1344    precision@5 : 0.1221    precision@10 : 0.0899    precision@20 : 0.0618    precision@30 : 0.0471    precision@50 : 0.0331    map@1 : 0.2133    map@2 : 0.2062    map@3 : 0.2104    map@4 : 0.2167    map@5 : 0.222    map@10 : 0.2436    map@20 : 0.2587    map@30 : 0.2641    map@50 : 0.2692
Sat 14 Mar 2026 22:33:55 INFO  Saving current: saved/SCL-Mar-14-2026_22-33-20.pth
Sat 14 Mar 2026 22:33:55 INFO  Saving current best: saved/SCL-Mar-14-2026_22-33-20.pth
Sat 14 Mar 2026 22:33:55 INFO  Running E-step ! 
Sat 14 Mar 2026 22:33:55 INFO  epoch 102 training [time: 0.19s, train_loss1: 2.5439, train_loss2: 0.0386, train_loss3: 0.0110, train_loss4: 0.0022]
Sat 14 Mar 2026 22:33:55 INFO  epoch 102 evaluating [time: 0.14s, valid_score: 0.329300]
Sat 14 Mar 2026 22:33:55 INFO  valid result: 
recall@1 : 0.1318    recall@2 : 0.2119    recall@3 : 0.263    recall@4 : 0.3102    recall@5 : 0.3453    recall@10 : 0.489    recall@20 : 0.6364    recall@30 : 0.6978    recall@50 : 0.7949    ndcg@1 : 0.2122    ndcg@2 : 0.2322    ndcg@3 : 0.2488    ndcg@4 : 0.2658    ndcg@5 : 0.2785    ndcg@10 : 0.3293    ndcg@20 : 0.3736    ndcg@30 : 0.3907    ndcg@50 : 0.4134    precision@1 : 0.2122    precision@2 : 0.1719    precision@3 : 0.1486    precision@4 : 0.1341    precision@5 : 0.1222    precision@10 : 0.0899    precision@20 : 0.0619    precision@30 : 0.0472    precision@50 : 0.0331    map@1 : 0.2122    map@2 : 0.2062    map@3 : 0.2095    map@4 : 0.2159    map@5 : 0.2216    map@10 : 0.2432    map@20 : 0.2584    map@30 : 0.2638    map@50 : 0.2689
Sat 14 Mar 2026 22:33:55 INFO  Running E-step ! 
Sat 14 Mar 2026 22:33:56 INFO  epoch 103 training [time: 0.19s, train_loss1: 2.5593, train_loss2: 0.0385, train_loss3: 0.0110, train_loss4: 0.0021]
Sat 14 Mar 2026 22:33:56 INFO  epoch 103 evaluating [time: 0.14s, valid_score: 0.329500]
Sat 14 Mar 2026 22:33:56 INFO  valid result: 
recall@1 : 0.1312    recall@2 : 0.2126    recall@3 : 0.2635    recall@4 : 0.309    recall@5 : 0.3481    recall@10 : 0.4892    recall@20 : 0.638    recall@30 : 0.6981    recall@50 : 0.7976    ndcg@1 : 0.211    ndcg@2 : 0.2325    ndcg@3 : 0.2489    ndcg@4 : 0.2651    ndcg@5 : 0.2794    ndcg@10 : 0.3295    ndcg@20 : 0.3739    ndcg@30 : 0.3908    ndcg@50 : 0.414    precision@1 : 0.211    precision@2 : 0.1725    precision@3 : 0.1488    precision@4 : 0.1338    precision@5 : 0.1228    precision@10 : 0.09    precision@20 : 0.062    precision@30 : 0.0472    precision@50 : 0.0332    map@1 : 0.211    map@2 : 0.2063    map@3 : 0.2096    map@4 : 0.2154    map@5 : 0.222    map@10 : 0.2433    map@20 : 0.2585    map@30 : 0.2638    map@50 : 0.269
Sat 14 Mar 2026 22:33:56 INFO  Running E-step ! 
Sat 14 Mar 2026 22:33:56 INFO  epoch 104 training [time: 0.19s, train_loss1: 2.5362, train_loss2: 0.0384, train_loss3: 0.0110, train_loss4: 0.0021]
Sat 14 Mar 2026 22:33:56 INFO  epoch 104 evaluating [time: 0.14s, valid_score: 0.330300]
Sat 14 Mar 2026 22:33:56 INFO  valid result: 
recall@1 : 0.1326    recall@2 : 0.2126    recall@3 : 0.2639    recall@4 : 0.3107    recall@5 : 0.3485    recall@10 : 0.4893    recall@20 : 0.6376    recall@30 : 0.6985    recall@50 : 0.7985    ndcg@1 : 0.2128    ndcg@2 : 0.233    ndcg@3 : 0.2499    ndcg@4 : 0.2666    ndcg@5 : 0.2803    ndcg@10 : 0.3303    ndcg@20 : 0.3745    ndcg@30 : 0.3916    ndcg@50 : 0.415    precision@1 : 0.2128    precision@2 : 0.1725    precision@3 : 0.1496    precision@4 : 0.1345    precision@5 : 0.1229    precision@10 : 0.0902    precision@20 : 0.0619    precision@30 : 0.0472    precision@50 : 0.0333    map@1 : 0.2128    map@2 : 0.2071    map@3 : 0.2105    map@4 : 0.2168    map@5 : 0.2229    map@10 : 0.2442    map@20 : 0.2594    map@30 : 0.2647    map@50 : 0.27
Sat 14 Mar 2026 22:33:56 INFO  Saving current: saved/SCL-Mar-14-2026_22-33-20.pth
Sat 14 Mar 2026 22:33:56 INFO  Saving current best: saved/SCL-Mar-14-2026_22-33-20.pth
Sat 14 Mar 2026 22:33:56 INFO  Running E-step ! 
Sat 14 Mar 2026 22:33:56 INFO  epoch 105 training [time: 0.19s, train_loss1: 2.4676, train_loss2: 0.0384, train_loss3: 0.0110, train_loss4: 0.0023]
Sat 14 Mar 2026 22:33:56 INFO  epoch 105 evaluating [time: 0.14s, valid_score: 0.330500]
Sat 14 Mar 2026 22:33:56 INFO  valid result: 
recall@1 : 0.132    recall@2 : 0.2116    recall@3 : 0.264    recall@4 : 0.3101    recall@5 : 0.3508    recall@10 : 0.4903    recall@20 : 0.6385    recall@30 : 0.6985    recall@50 : 0.7988    ndcg@1 : 0.2122    ndcg@2 : 0.2323    ndcg@3 : 0.2497    ndcg@4 : 0.266    ndcg@5 : 0.2809    ndcg@10 : 0.3305    ndcg@20 : 0.3746    ndcg@30 : 0.3914    ndcg@50 : 0.4149    precision@1 : 0.2122    precision@2 : 0.1722    precision@3 : 0.1498    precision@4 : 0.1344    precision@5 : 0.1236    precision@10 : 0.0905    precision@20 : 0.0621    precision@30 : 0.0472    precision@50 : 0.0333    map@1 : 0.2122    map@2 : 0.2065    map@3 : 0.2102    map@4 : 0.2163    map@5 : 0.223    map@10 : 0.2442    map@20 : 0.2592    map@30 : 0.2645    map@50 : 0.2698
Sat 14 Mar 2026 22:33:56 INFO  Saving current: saved/SCL-Mar-14-2026_22-33-20.pth
Sat 14 Mar 2026 22:33:56 INFO  Saving current best: saved/SCL-Mar-14-2026_22-33-20.pth
Sat 14 Mar 2026 22:33:56 INFO  Running E-step ! 
Sat 14 Mar 2026 22:33:57 INFO  epoch 106 training [time: 0.19s, train_loss1: 2.4987, train_loss2: 0.0383, train_loss3: 0.0110, train_loss4: 0.0023]
Sat 14 Mar 2026 22:33:57 INFO  epoch 106 evaluating [time: 0.14s, valid_score: 0.330700]
Sat 14 Mar 2026 22:33:57 INFO  valid result: 
recall@1 : 0.1323    recall@2 : 0.2114    recall@3 : 0.2642    recall@4 : 0.3095    recall@5 : 0.3519    recall@10 : 0.4903    recall@20 : 0.6373    recall@30 : 0.6993    recall@50 : 0.7996    ndcg@1 : 0.2128    ndcg@2 : 0.2322    ndcg@3 : 0.2499    ndcg@4 : 0.2659    ndcg@5 : 0.2814    ndcg@10 : 0.3307    ndcg@20 : 0.3745    ndcg@30 : 0.3919    ndcg@50 : 0.4152    precision@1 : 0.2128    precision@2 : 0.1719    precision@3 : 0.15    precision@4 : 0.1342    precision@5 : 0.1237    precision@10 : 0.0906    precision@20 : 0.062    precision@30 : 0.0473    precision@50 : 0.0333    map@1 : 0.2128    map@2 : 0.2063    map@3 : 0.2103    map@4 : 0.2163    map@5 : 0.2233    map@10 : 0.2444    map@20 : 0.2593    map@30 : 0.2648    map@50 : 0.27
Sat 14 Mar 2026 22:33:57 INFO  Saving current: saved/SCL-Mar-14-2026_22-33-20.pth
Sat 14 Mar 2026 22:33:57 INFO  Saving current best: saved/SCL-Mar-14-2026_22-33-20.pth
Sat 14 Mar 2026 22:33:57 INFO  Running E-step ! 
Sat 14 Mar 2026 22:33:57 INFO  epoch 107 training [time: 0.18s, train_loss1: 2.5150, train_loss2: 0.0382, train_loss3: 0.0110, train_loss4: 0.0023]
Sat 14 Mar 2026 22:33:57 INFO  epoch 107 evaluating [time: 0.14s, valid_score: 0.331400]
Sat 14 Mar 2026 22:33:57 INFO  valid result: 
recall@1 : 0.1331    recall@2 : 0.2116    recall@3 : 0.2642    recall@4 : 0.3099    recall@5 : 0.3527    recall@10 : 0.4906    recall@20 : 0.6376    recall@30 : 0.7001    recall@50 : 0.7996    ndcg@1 : 0.2145    ndcg@2 : 0.2331    ndcg@3 : 0.2504    ndcg@4 : 0.2665    ndcg@5 : 0.2821    ndcg@10 : 0.3314    ndcg@20 : 0.3752    ndcg@30 : 0.3926    ndcg@50 : 0.4159    precision@1 : 0.2145    precision@2 : 0.1725    precision@3 : 0.15    precision@4 : 0.1344    precision@5 : 0.1238    precision@10 : 0.0908    precision@20 : 0.0621    precision@30 : 0.0473    precision@50 : 0.0334    map@1 : 0.2145    map@2 : 0.2075    map@3 : 0.2109    map@4 : 0.2168    map@5 : 0.2239    map@10 : 0.245    map@20 : 0.26    map@30 : 0.2654    map@50 : 0.2706
Sat 14 Mar 2026 22:33:57 INFO  Saving current: saved/SCL-Mar-14-2026_22-33-20.pth
Sat 14 Mar 2026 22:33:57 INFO  Saving current best: saved/SCL-Mar-14-2026_22-33-20.pth
Sat 14 Mar 2026 22:33:57 INFO  Running E-step ! 
Sat 14 Mar 2026 22:33:57 INFO  epoch 108 training [time: 0.18s, train_loss1: 2.4932, train_loss2: 0.0381, train_loss3: 0.0110, train_loss4: 0.0022]
Sat 14 Mar 2026 22:33:57 INFO  epoch 108 evaluating [time: 0.14s, valid_score: 0.331400]
Sat 14 Mar 2026 22:33:57 INFO  valid result: 
recall@1 : 0.1328    recall@2 : 0.2104    recall@3 : 0.2646    recall@4 : 0.3086    recall@5 : 0.3541    recall@10 : 0.4913    recall@20 : 0.6373    recall@30 : 0.7007    recall@50 : 0.7995    ndcg@1 : 0.2145    ndcg@2 : 0.2321    ndcg@3 : 0.2503    ndcg@4 : 0.2657    ndcg@5 : 0.2823    ndcg@10 : 0.3314    ndcg@20 : 0.3748    ndcg@30 : 0.3926    ndcg@50 : 0.4157    precision@1 : 0.2145    precision@2 : 0.1713    precision@3 : 0.1502    precision@4 : 0.1339    precision@5 : 0.124    precision@10 : 0.0909    precision@20 : 0.0619    precision@30 : 0.0474    precision@50 : 0.0334    map@1 : 0.2145    map@2 : 0.2068    map@3 : 0.2106    map@4 : 0.2162    map@5 : 0.2237    map@10 : 0.2448    map@20 : 0.2596    map@30 : 0.2652    map@50 : 0.2704
Sat 14 Mar 2026 22:33:57 INFO  Saving current: saved/SCL-Mar-14-2026_22-33-20.pth
Sat 14 Mar 2026 22:33:57 INFO  Saving current best: saved/SCL-Mar-14-2026_22-33-20.pth
Sat 14 Mar 2026 22:33:57 INFO  Running E-step ! 
Sat 14 Mar 2026 22:33:58 INFO  epoch 109 training [time: 0.16s, train_loss1: 2.4937, train_loss2: 0.0381, train_loss3: 0.0110, train_loss4: 0.0022]
Sat 14 Mar 2026 22:33:58 INFO  epoch 109 evaluating [time: 0.14s, valid_score: 0.331200]
Sat 14 Mar 2026 22:33:58 INFO  valid result: 
recall@1 : 0.1322    recall@2 : 0.2107    recall@3 : 0.2646    recall@4 : 0.3092    recall@5 : 0.3553    recall@10 : 0.491    recall@20 : 0.6376    recall@30 : 0.6994    recall@50 : 0.7988    ndcg@1 : 0.2139    ndcg@2 : 0.2324    ndcg@3 : 0.2502    ndcg@4 : 0.2658    ndcg@5 : 0.2827    ndcg@10 : 0.3312    ndcg@20 : 0.3749    ndcg@30 : 0.3923    ndcg@50 : 0.4155    precision@1 : 0.2139    precision@2 : 0.1719    precision@3 : 0.1502    precision@4 : 0.1342    precision@5 : 0.1243    precision@10 : 0.0908    precision@20 : 0.062    precision@30 : 0.0474    precision@50 : 0.0333    map@1 : 0.2139    map@2 : 0.2069    map@3 : 0.2104    map@4 : 0.2162    map@5 : 0.2238    map@10 : 0.2447    map@20 : 0.2596    map@30 : 0.2651    map@50 : 0.2704
Sat 14 Mar 2026 22:33:58 INFO  Running E-step ! 
Sat 14 Mar 2026 22:33:58 INFO  epoch 110 training [time: 0.16s, train_loss1: 2.4606, train_loss2: 0.0380, train_loss3: 0.0110, train_loss4: 0.0024]
Sat 14 Mar 2026 22:33:58 INFO  epoch 110 evaluating [time: 0.14s, valid_score: 0.331500]
Sat 14 Mar 2026 22:33:58 INFO  valid result: 
recall@1 : 0.1324    recall@2 : 0.2108    recall@3 : 0.2646    recall@4 : 0.3086    recall@5 : 0.3557    recall@10 : 0.491    recall@20 : 0.6377    recall@30 : 0.6995    recall@50 : 0.7986    ndcg@1 : 0.2145    ndcg@2 : 0.2327    ndcg@3 : 0.2505    ndcg@4 : 0.2657    ndcg@5 : 0.2829    ndcg@10 : 0.3315    ndcg@20 : 0.3752    ndcg@30 : 0.3925    ndcg@50 : 0.4158    precision@1 : 0.2145    precision@2 : 0.1722    precision@3 : 0.1506    precision@4 : 0.1341    precision@5 : 0.1243    precision@10 : 0.0909    precision@20 : 0.0621    precision@30 : 0.0474    precision@50 : 0.0334    map@1 : 0.2145    map@2 : 0.2072    map@3 : 0.2106    map@4 : 0.2162    map@5 : 0.2239    map@10 : 0.245    map@20 : 0.2599    map@30 : 0.2654    map@50 : 0.2706
Sat 14 Mar 2026 22:33:58 INFO  Saving current: saved/SCL-Mar-14-2026_22-33-20.pth
Sat 14 Mar 2026 22:33:58 INFO  Saving current best: saved/SCL-Mar-14-2026_22-33-20.pth
Sat 14 Mar 2026 22:33:58 INFO  Running E-step ! 
Sat 14 Mar 2026 22:33:58 INFO  epoch 111 training [time: 0.18s, train_loss1: 2.4502, train_loss2: 0.0379, train_loss3: 0.0110, train_loss4: 0.0024]
Sat 14 Mar 2026 22:33:58 INFO  epoch 111 evaluating [time: 0.14s, valid_score: 0.331400]
Sat 14 Mar 2026 22:33:58 INFO  valid result: 
recall@1 : 0.1326    recall@2 : 0.2102    recall@3 : 0.2638    recall@4 : 0.31    recall@5 : 0.3566    recall@10 : 0.4903    recall@20 : 0.6389    recall@30 : 0.7009    recall@50 : 0.7991    ndcg@1 : 0.2151    ndcg@2 : 0.2325    ndcg@3 : 0.2502    ndcg@4 : 0.2664    ndcg@5 : 0.2833    ndcg@10 : 0.3314    ndcg@20 : 0.3757    ndcg@30 : 0.393    ndcg@50 : 0.416    precision@1 : 0.2151    precision@2 : 0.1719    precision@3 : 0.1506    precision@4 : 0.1345    precision@5 : 0.1246    precision@10 : 0.0909    precision@20 : 0.0622    precision@30 : 0.0474    precision@50 : 0.0334    map@1 : 0.2151    map@2 : 0.2071    map@3 : 0.2104    map@4 : 0.2166    map@5 : 0.2242    map@10 : 0.245    map@20 : 0.2601    map@30 : 0.2656    map@50 : 0.2708
Sat 14 Mar 2026 22:33:58 INFO  Running E-step ! 
Sat 14 Mar 2026 22:33:59 INFO  epoch 112 training [time: 0.16s, train_loss1: 2.4631, train_loss2: 0.0379, train_loss3: 0.0110, train_loss4: 0.0024]
Sat 14 Mar 2026 22:33:59 INFO  epoch 112 evaluating [time: 0.14s, valid_score: 0.331900]
Sat 14 Mar 2026 22:33:59 INFO  valid result: 
recall@1 : 0.1334    recall@2 : 0.2113    recall@3 : 0.2641    recall@4 : 0.3102    recall@5 : 0.3565    recall@10 : 0.4905    recall@20 : 0.639    recall@30 : 0.7013    recall@50 : 0.7994    ndcg@1 : 0.2151    ndcg@2 : 0.2332    ndcg@3 : 0.2507    ndcg@4 : 0.2668    ndcg@5 : 0.2837    ndcg@10 : 0.3319    ndcg@20 : 0.3762    ndcg@30 : 0.3936    ndcg@50 : 0.4166    precision@1 : 0.2151    precision@2 : 0.1722    precision@3 : 0.1508    precision@4 : 0.1345    precision@5 : 0.1246    precision@10 : 0.091    precision@20 : 0.0622    precision@30 : 0.0475    precision@50 : 0.0334    map@1 : 0.2151    map@2 : 0.2077    map@3 : 0.211    map@4 : 0.2172    map@5 : 0.2247    map@10 : 0.2457    map@20 : 0.2608    map@30 : 0.2663    map@50 : 0.2715
Sat 14 Mar 2026 22:33:59 INFO  Saving current: saved/SCL-Mar-14-2026_22-33-20.pth
Sat 14 Mar 2026 22:33:59 INFO  Saving current best: saved/SCL-Mar-14-2026_22-33-20.pth
Sat 14 Mar 2026 22:33:59 INFO  Running E-step ! 
Sat 14 Mar 2026 22:33:59 INFO  epoch 113 training [time: 0.18s, train_loss1: 2.4390, train_loss2: 0.0378, train_loss3: 0.0110, train_loss4: 0.0024]
Sat 14 Mar 2026 22:33:59 INFO  epoch 113 evaluating [time: 0.14s, valid_score: 0.332700]
Sat 14 Mar 2026 22:33:59 INFO  valid result: 
recall@1 : 0.1345    recall@2 : 0.2121    recall@3 : 0.2657    recall@4 : 0.3099    recall@5 : 0.3557    recall@10 : 0.4907    recall@20 : 0.6392    recall@30 : 0.7008    recall@50 : 0.8022    ndcg@1 : 0.2163    ndcg@2 : 0.234    ndcg@3 : 0.2521    ndcg@4 : 0.2673    ndcg@5 : 0.2841    ndcg@10 : 0.3327    ndcg@20 : 0.3768    ndcg@30 : 0.3941    ndcg@50 : 0.4177    precision@1 : 0.2163    precision@2 : 0.1725    precision@3 : 0.1516    precision@4 : 0.1345    precision@5 : 0.1246    precision@10 : 0.0912    precision@20 : 0.0622    precision@30 : 0.0475    precision@50 : 0.0335    map@1 : 0.2163    map@2 : 0.2086    map@3 : 0.2121    map@4 : 0.2179    map@5 : 0.2254    map@10 : 0.2466    map@20 : 0.2616    map@30 : 0.2671    map@50 : 0.2724
Sat 14 Mar 2026 22:33:59 INFO  Saving current: saved/SCL-Mar-14-2026_22-33-20.pth
Sat 14 Mar 2026 22:33:59 INFO  Saving current best: saved/SCL-Mar-14-2026_22-33-20.pth
Sat 14 Mar 2026 22:33:59 INFO  Running E-step ! 
Sat 14 Mar 2026 22:33:59 INFO  epoch 114 training [time: 0.18s, train_loss1: 2.4588, train_loss2: 0.0377, train_loss3: 0.0110, train_loss4: 0.0023]
Sat 14 Mar 2026 22:33:59 INFO  epoch 114 evaluating [time: 0.14s, valid_score: 0.332700]
Sat 14 Mar 2026 22:33:59 INFO  valid result: 
recall@1 : 0.1343    recall@2 : 0.213    recall@3 : 0.2659    recall@4 : 0.3107    recall@5 : 0.3566    recall@10 : 0.4907    recall@20 : 0.6409    recall@30 : 0.7007    recall@50 : 0.7999    ndcg@1 : 0.2157    ndcg@2 : 0.2345    ndcg@3 : 0.2524    ndcg@4 : 0.2677    ndcg@5 : 0.2846    ndcg@10 : 0.3327    ndcg@20 : 0.3774    ndcg@30 : 0.3943    ndcg@50 : 0.4175    precision@1 : 0.2157    precision@2 : 0.1731    precision@3 : 0.152    precision@4 : 0.1348    precision@5 : 0.125    precision@10 : 0.0911    precision@20 : 0.0624    precision@30 : 0.0475    precision@50 : 0.0334    map@1 : 0.2157    map@2 : 0.2089    map@3 : 0.2124    map@4 : 0.2182    map@5 : 0.2259    map@10 : 0.2467    map@20 : 0.2619    map@30 : 0.2673    map@50 : 0.2725
Sat 14 Mar 2026 22:33:59 INFO  Saving current: saved/SCL-Mar-14-2026_22-33-20.pth
Sat 14 Mar 2026 22:33:59 INFO  Saving current best: saved/SCL-Mar-14-2026_22-33-20.pth
Sat 14 Mar 2026 22:33:59 INFO  Running E-step ! 
Sat 14 Mar 2026 22:34:00 INFO  epoch 115 training [time: 0.17s, train_loss1: 2.4001, train_loss2: 0.0377, train_loss3: 0.0110, train_loss4: 0.0022]
Sat 14 Mar 2026 22:34:00 INFO  epoch 115 evaluating [time: 0.14s, valid_score: 0.332800]
Sat 14 Mar 2026 22:34:00 INFO  valid result: 
recall@1 : 0.1345    recall@2 : 0.2143    recall@3 : 0.267    recall@4 : 0.3111    recall@5 : 0.3557    recall@10 : 0.4898    recall@20 : 0.641    recall@30 : 0.7008    recall@50 : 0.7994    ndcg@1 : 0.2157    ndcg@2 : 0.2355    ndcg@3 : 0.2532    ndcg@4 : 0.2682    ndcg@5 : 0.2846    ndcg@10 : 0.3328    ndcg@20 : 0.3778    ndcg@30 : 0.3946    ndcg@50 : 0.4178    precision@1 : 0.2157    precision@2 : 0.174    precision@3 : 0.1524    precision@4 : 0.135    precision@5 : 0.1248    precision@10 : 0.0909    precision@20 : 0.0624    precision@30 : 0.0475    precision@50 : 0.0334    map@1 : 0.2157    map@2 : 0.2096    map@3 : 0.2131    map@4 : 0.2187    map@5 : 0.2261    map@10 : 0.2471    map@20 : 0.2624    map@30 : 0.2678    map@50 : 0.273
Sat 14 Mar 2026 22:34:00 INFO  Saving current: saved/SCL-Mar-14-2026_22-33-20.pth
Sat 14 Mar 2026 22:34:00 INFO  Saving current best: saved/SCL-Mar-14-2026_22-33-20.pth
Sat 14 Mar 2026 22:34:00 INFO  Running E-step ! 
Sat 14 Mar 2026 22:34:00 INFO  epoch 116 training [time: 0.16s, train_loss1: 2.4728, train_loss2: 0.0376, train_loss3: 0.0110, train_loss4: 0.0021]
Sat 14 Mar 2026 22:34:00 INFO  epoch 116 evaluating [time: 0.14s, valid_score: 0.334000]
Sat 14 Mar 2026 22:34:00 INFO  valid result: 
recall@1 : 0.1369    recall@2 : 0.2129    recall@3 : 0.2682    recall@4 : 0.3116    recall@5 : 0.3592    recall@10 : 0.4905    recall@20 : 0.6407    recall@30 : 0.7012    recall@50 : 0.7996    ndcg@1 : 0.2181    ndcg@2 : 0.2359    ndcg@3 : 0.2544    ndcg@4 : 0.2693    ndcg@5 : 0.2869    ndcg@10 : 0.334    ndcg@20 : 0.3788    ndcg@30 : 0.3957    ndcg@50 : 0.4189    precision@1 : 0.2181    precision@2 : 0.174    precision@3 : 0.1526    precision@4 : 0.1353    precision@5 : 0.1257    precision@10 : 0.0912    precision@20 : 0.0625    precision@30 : 0.0475    precision@50 : 0.0335    map@1 : 0.2181    map@2 : 0.2105    map@3 : 0.2143    map@4 : 0.22    map@5 : 0.228    map@10 : 0.2484    map@20 : 0.2637    map@30 : 0.269    map@50 : 0.2743
Sat 14 Mar 2026 22:34:00 INFO  Saving current: saved/SCL-Mar-14-2026_22-33-20.pth
Sat 14 Mar 2026 22:34:00 INFO  Saving current best: saved/SCL-Mar-14-2026_22-33-20.pth
Sat 14 Mar 2026 22:34:00 INFO  Running E-step ! 
Sat 14 Mar 2026 22:34:00 INFO  epoch 117 training [time: 0.18s, train_loss1: 2.4087, train_loss2: 0.0375, train_loss3: 0.0110, train_loss4: 0.0021]
Sat 14 Mar 2026 22:34:00 INFO  epoch 117 evaluating [time: 0.14s, valid_score: 0.334300]
Sat 14 Mar 2026 22:34:00 INFO  valid result: 
recall@1 : 0.1369    recall@2 : 0.2118    recall@3 : 0.2689    recall@4 : 0.3119    recall@5 : 0.3587    recall@10 : 0.4911    recall@20 : 0.6418    recall@30 : 0.701    recall@50 : 0.8008    ndcg@1 : 0.2181    ndcg@2 : 0.2353    ndcg@3 : 0.2547    ndcg@4 : 0.2694    ndcg@5 : 0.2866    ndcg@10 : 0.3343    ndcg@20 : 0.3791    ndcg@30 : 0.3958    ndcg@50 : 0.4192    precision@1 : 0.2181    precision@2 : 0.1734    precision@3 : 0.153    precision@4 : 0.1356    precision@5 : 0.1256    precision@10 : 0.0914    precision@20 : 0.0625    precision@30 : 0.0475    precision@50 : 0.0335    map@1 : 0.2181    map@2 : 0.2099    map@3 : 0.2145    map@4 : 0.22    map@5 : 0.2278    map@10 : 0.2486    map@20 : 0.2638    map@30 : 0.2691    map@50 : 0.2744
Sat 14 Mar 2026 22:34:00 INFO  Saving current: saved/SCL-Mar-14-2026_22-33-20.pth
Sat 14 Mar 2026 22:34:00 INFO  Saving current best: saved/SCL-Mar-14-2026_22-33-20.pth
Sat 14 Mar 2026 22:34:00 INFO  Running E-step ! 
Sat 14 Mar 2026 22:34:01 INFO  epoch 118 training [time: 0.19s, train_loss1: 2.4171, train_loss2: 0.0374, train_loss3: 0.0110, train_loss4: 0.0021]
Sat 14 Mar 2026 22:34:01 INFO  epoch 118 evaluating [time: 0.14s, valid_score: 0.334400]
Sat 14 Mar 2026 22:34:01 INFO  valid result: 
recall@1 : 0.1361    recall@2 : 0.2113    recall@3 : 0.269    recall@4 : 0.3134    recall@5 : 0.3581    recall@10 : 0.4924    recall@20 : 0.6435    recall@30 : 0.7015    recall@50 : 0.7995    ndcg@1 : 0.2163    ndcg@2 : 0.2347    ndcg@3 : 0.2543    ndcg@4 : 0.2697    ndcg@5 : 0.2861    ndcg@10 : 0.3344    ndcg@20 : 0.3792    ndcg@30 : 0.3956    ndcg@50 : 0.4187    precision@1 : 0.2163    precision@2 : 0.1734    precision@3 : 0.153    precision@4 : 0.136    precision@5 : 0.1257    precision@10 : 0.0916    precision@20 : 0.0626    precision@30 : 0.0476    precision@50 : 0.0335    map@1 : 0.2163    map@2 : 0.2095    map@3 : 0.214    map@4 : 0.22    map@5 : 0.2274    map@10 : 0.2485    map@20 : 0.2636    map@30 : 0.2689    map@50 : 0.2741
Sat 14 Mar 2026 22:34:01 INFO  Saving current: saved/SCL-Mar-14-2026_22-33-20.pth
Sat 14 Mar 2026 22:34:01 INFO  Saving current best: saved/SCL-Mar-14-2026_22-33-20.pth
Sat 14 Mar 2026 22:34:01 INFO  Running E-step ! 
Sat 14 Mar 2026 22:34:01 INFO  epoch 119 training [time: 0.16s, train_loss1: 2.4375, train_loss2: 0.0374, train_loss3: 0.0110, train_loss4: 0.0021]
Sat 14 Mar 2026 22:34:01 INFO  epoch 119 evaluating [time: 0.14s, valid_score: 0.334300]
Sat 14 Mar 2026 22:34:01 INFO  valid result: 
recall@1 : 0.1356    recall@2 : 0.2108    recall@3 : 0.2681    recall@4 : 0.3139    recall@5 : 0.3582    recall@10 : 0.4922    recall@20 : 0.6441    recall@30 : 0.7013    recall@50 : 0.8005    ndcg@1 : 0.2163    ndcg@2 : 0.2341    ndcg@3 : 0.2536    ndcg@4 : 0.2695    ndcg@5 : 0.2859    ndcg@10 : 0.3343    ndcg@20 : 0.3793    ndcg@30 : 0.3955    ndcg@50 : 0.4188    precision@1 : 0.2163    precision@2 : 0.1728    precision@3 : 0.1528    precision@4 : 0.136    precision@5 : 0.1259    precision@10 : 0.0917    precision@20 : 0.0628    precision@30 : 0.0476    precision@50 : 0.0335    map@1 : 0.2163    map@2 : 0.209    map@3 : 0.2135    map@4 : 0.2197    map@5 : 0.2271    map@10 : 0.2483    map@20 : 0.2635    map@30 : 0.2687    map@50 : 0.274
Sat 14 Mar 2026 22:34:01 INFO  Running E-step ! 
Sat 14 Mar 2026 22:34:01 INFO  epoch 120 training [time: 0.18s, train_loss1: 2.3915, train_loss2: 0.0373, train_loss3: 0.0110, train_loss4: 0.0021]
Sat 14 Mar 2026 22:34:01 INFO  epoch 120 evaluating [time: 0.14s, valid_score: 0.334400]
Sat 14 Mar 2026 22:34:01 INFO  valid result: 
recall@1 : 0.1356    recall@2 : 0.2112    recall@3 : 0.2685    recall@4 : 0.3156    recall@5 : 0.3589    recall@10 : 0.492    recall@20 : 0.6437    recall@30 : 0.7015    recall@50 : 0.8005    ndcg@1 : 0.2163    ndcg@2 : 0.2343    ndcg@3 : 0.254    ndcg@4 : 0.2704    ndcg@5 : 0.2863    ndcg@10 : 0.3344    ndcg@20 : 0.3795    ndcg@30 : 0.3958    ndcg@50 : 0.419    precision@1 : 0.2163    precision@2 : 0.1731    precision@3 : 0.1532    precision@4 : 0.1368    precision@5 : 0.126    precision@10 : 0.0917    precision@20 : 0.0628    precision@30 : 0.0476    precision@50 : 0.0335    map@1 : 0.2163    map@2 : 0.2092    map@3 : 0.2139    map@4 : 0.2203    map@5 : 0.2275    map@10 : 0.2486    map@20 : 0.2638    map@30 : 0.269    map@50 : 0.2743
Sat 14 Mar 2026 22:34:01 INFO  Saving current: saved/SCL-Mar-14-2026_22-33-20.pth
Sat 14 Mar 2026 22:34:01 INFO  Saving current best: saved/SCL-Mar-14-2026_22-33-20.pth
Sat 14 Mar 2026 22:34:01 INFO  Running E-step ! 
Sat 14 Mar 2026 22:34:02 INFO  epoch 121 training [time: 0.19s, train_loss1: 2.3714, train_loss2: 0.0372, train_loss3: 0.0110, train_loss4: 0.0020]
Sat 14 Mar 2026 22:34:02 INFO  epoch 121 evaluating [time: 0.14s, valid_score: 0.335200]
Sat 14 Mar 2026 22:34:02 INFO  valid result: 
recall@1 : 0.1359    recall@2 : 0.2118    recall@3 : 0.2686    recall@4 : 0.3156    recall@5 : 0.359    recall@10 : 0.4938    recall@20 : 0.6434    recall@30 : 0.7016    recall@50 : 0.8005    ndcg@1 : 0.2169    ndcg@2 : 0.2352    ndcg@3 : 0.2544    ndcg@4 : 0.2706    ndcg@5 : 0.2868    ndcg@10 : 0.3352    ndcg@20 : 0.3796    ndcg@30 : 0.3961    ndcg@50 : 0.4193    precision@1 : 0.2169    precision@2 : 0.174    precision@3 : 0.1534    precision@4 : 0.1366    precision@5 : 0.1263    precision@10 : 0.0919    precision@20 : 0.0628    precision@30 : 0.0476    precision@50 : 0.0335    map@1 : 0.2169    map@2 : 0.2096    map@3 : 0.2142    map@4 : 0.2205    map@5 : 0.2279    map@10 : 0.249    map@20 : 0.264    map@30 : 0.2693    map@50 : 0.2746
Sat 14 Mar 2026 22:34:02 INFO  Saving current: saved/SCL-Mar-14-2026_22-33-20.pth
Sat 14 Mar 2026 22:34:02 INFO  Saving current best: saved/SCL-Mar-14-2026_22-33-20.pth
Sat 14 Mar 2026 22:34:02 INFO  Running E-step ! 
Sat 14 Mar 2026 22:34:02 INFO  epoch 122 training [time: 0.19s, train_loss1: 2.3702, train_loss2: 0.0371, train_loss3: 0.0110, train_loss4: 0.0020]
Sat 14 Mar 2026 22:34:02 INFO  epoch 122 evaluating [time: 0.14s, valid_score: 0.335200]
Sat 14 Mar 2026 22:34:02 INFO  valid result: 
recall@1 : 0.1349    recall@2 : 0.2123    recall@3 : 0.2687    recall@4 : 0.3167    recall@5 : 0.3579    recall@10 : 0.4947    recall@20 : 0.6453    recall@30 : 0.7024    recall@50 : 0.8013    ndcg@1 : 0.2151    ndcg@2 : 0.2351    ndcg@3 : 0.2542    ndcg@4 : 0.2708    ndcg@5 : 0.2859    ndcg@10 : 0.3352    ndcg@20 : 0.38    ndcg@30 : 0.396    ndcg@50 : 0.4193    precision@1 : 0.2151    precision@2 : 0.1743    precision@3 : 0.1536    precision@4 : 0.1372    precision@5 : 0.1259    precision@10 : 0.0919    precision@20 : 0.0629    precision@30 : 0.0476    precision@50 : 0.0335    map@1 : 0.2151    map@2 : 0.2092    map@3 : 0.2138    map@4 : 0.2205    map@5 : 0.2272    map@10 : 0.2487    map@20 : 0.2639    map@30 : 0.269    map@50 : 0.2743
Sat 14 Mar 2026 22:34:02 INFO  Saving current: saved/SCL-Mar-14-2026_22-33-20.pth
Sat 14 Mar 2026 22:34:02 INFO  Saving current best: saved/SCL-Mar-14-2026_22-33-20.pth
Sat 14 Mar 2026 22:34:02 INFO  Running E-step ! 
Sat 14 Mar 2026 22:34:02 INFO  epoch 123 training [time: 0.16s, train_loss1: 2.3909, train_loss2: 0.0371, train_loss3: 0.0110, train_loss4: 0.0020]
Sat 14 Mar 2026 22:34:02 INFO  epoch 123 evaluating [time: 0.15s, valid_score: 0.335400]
Sat 14 Mar 2026 22:34:02 INFO  valid result: 
recall@1 : 0.1344    recall@2 : 0.2123    recall@3 : 0.2687    recall@4 : 0.317    recall@5 : 0.36    recall@10 : 0.4957    recall@20 : 0.6452    recall@30 : 0.7022    recall@50 : 0.8014    ndcg@1 : 0.2139    ndcg@2 : 0.2348    ndcg@3 : 0.2538    ndcg@4 : 0.2707    ndcg@5 : 0.2866    ndcg@10 : 0.3354    ndcg@20 : 0.3799    ndcg@30 : 0.396    ndcg@50 : 0.4193    precision@1 : 0.2139    precision@2 : 0.1743    precision@3 : 0.1534    precision@4 : 0.1374    precision@5 : 0.1265    precision@10 : 0.0921    precision@20 : 0.0629    precision@30 : 0.0476    precision@50 : 0.0335    map@1 : 0.2139    map@2 : 0.209    map@3 : 0.2136    map@4 : 0.2204    map@5 : 0.2276    map@10 : 0.2488    map@20 : 0.2639    map@30 : 0.269    map@50 : 0.2743
Sat 14 Mar 2026 22:34:02 INFO  Saving current: saved/SCL-Mar-14-2026_22-33-20.pth
Sat 14 Mar 2026 22:34:02 INFO  Saving current best: saved/SCL-Mar-14-2026_22-33-20.pth
Sat 14 Mar 2026 22:34:02 INFO  Running E-step ! 
Sat 14 Mar 2026 22:34:03 INFO  epoch 124 training [time: 0.19s, train_loss1: 2.3673, train_loss2: 0.0370, train_loss3: 0.0110, train_loss4: 0.0020]
Sat 14 Mar 2026 22:34:03 INFO  epoch 124 evaluating [time: 0.15s, valid_score: 0.335700]
Sat 14 Mar 2026 22:34:03 INFO  valid result: 
recall@1 : 0.1336    recall@2 : 0.2134    recall@3 : 0.2676    recall@4 : 0.3173    recall@5 : 0.3614    recall@10 : 0.4974    recall@20 : 0.6444    recall@30 : 0.7025    recall@50 : 0.8013    ndcg@1 : 0.2128    ndcg@2 : 0.2353    ndcg@3 : 0.2531    ndcg@4 : 0.2706    ndcg@5 : 0.287    ndcg@10 : 0.3357    ndcg@20 : 0.3794    ndcg@30 : 0.3958    ndcg@50 : 0.419    precision@1 : 0.2128    precision@2 : 0.1752    precision@3 : 0.153    precision@4 : 0.1374    precision@5 : 0.1269    precision@10 : 0.0924    precision@20 : 0.0628    precision@30 : 0.0476    precision@50 : 0.0335    map@1 : 0.2128    map@2 : 0.2095    map@3 : 0.2132    map@4 : 0.2202    map@5 : 0.2277    map@10 : 0.2488    map@20 : 0.2636    map@30 : 0.2688    map@50 : 0.2741
Sat 14 Mar 2026 22:34:03 INFO  Saving current: saved/SCL-Mar-14-2026_22-33-20.pth
Sat 14 Mar 2026 22:34:03 INFO  Saving current best: saved/SCL-Mar-14-2026_22-33-20.pth
Sat 14 Mar 2026 22:34:03 INFO  Running E-step ! 
Sat 14 Mar 2026 22:34:03 INFO  epoch 125 training [time: 0.18s, train_loss1: 2.3818, train_loss2: 0.0369, train_loss3: 0.0110, train_loss4: 0.0019]
Sat 14 Mar 2026 22:34:03 INFO  epoch 125 evaluating [time: 0.15s, valid_score: 0.336200]
Sat 14 Mar 2026 22:34:03 INFO  valid result: 
recall@1 : 0.1339    recall@2 : 0.2132    recall@3 : 0.2674    recall@4 : 0.3176    recall@5 : 0.3617    recall@10 : 0.4984    recall@20 : 0.6448    recall@30 : 0.7042    recall@50 : 0.8008    ndcg@1 : 0.2133    ndcg@2 : 0.2352    ndcg@3 : 0.2529    ndcg@4 : 0.2709    ndcg@5 : 0.2872    ndcg@10 : 0.3362    ndcg@20 : 0.3797    ndcg@30 : 0.3963    ndcg@50 : 0.419    precision@1 : 0.2133    precision@2 : 0.1749    precision@3 : 0.1528    precision@4 : 0.1377    precision@5 : 0.1271    precision@10 : 0.0926    precision@20 : 0.0629    precision@30 : 0.0477    precision@50 : 0.0335    map@1 : 0.2133    map@2 : 0.2095    map@3 : 0.2129    map@4 : 0.2205    map@5 : 0.2279    map@10 : 0.249    map@20 : 0.2638    map@30 : 0.269    map@50 : 0.2742
Sat 14 Mar 2026 22:34:03 INFO  Saving current: saved/SCL-Mar-14-2026_22-33-20.pth
Sat 14 Mar 2026 22:34:03 INFO  Saving current best: saved/SCL-Mar-14-2026_22-33-20.pth
Sat 14 Mar 2026 22:34:03 INFO  Running E-step ! 
Sat 14 Mar 2026 22:34:03 INFO  epoch 126 training [time: 0.19s, train_loss1: 2.3458, train_loss2: 0.0368, train_loss3: 0.0110, train_loss4: 0.0019]
Sat 14 Mar 2026 22:34:03 INFO  epoch 126 evaluating [time: 0.15s, valid_score: 0.336800]
Sat 14 Mar 2026 22:34:03 INFO  valid result: 
recall@1 : 0.134    recall@2 : 0.2131    recall@3 : 0.2687    recall@4 : 0.319    recall@5 : 0.3611    recall@10 : 0.4998    recall@20 : 0.6432    recall@30 : 0.7043    recall@50 : 0.8004    ndcg@1 : 0.2139    ndcg@2 : 0.2351    ndcg@3 : 0.2537    ndcg@4 : 0.2717    ndcg@5 : 0.2872    ndcg@10 : 0.3368    ndcg@20 : 0.3795    ndcg@30 : 0.3965    ndcg@50 : 0.4192    precision@1 : 0.2139    precision@2 : 0.1746    precision@3 : 0.1534    precision@4 : 0.1383    precision@5 : 0.1269    precision@10 : 0.0929    precision@20 : 0.0628    precision@30 : 0.0477    precision@50 : 0.0335    map@1 : 0.2139    map@2 : 0.2095    map@3 : 0.2135    map@4 : 0.2212    map@5 : 0.2281    map@10 : 0.2495    map@20 : 0.2639    map@30 : 0.2693    map@50 : 0.2745
Sat 14 Mar 2026 22:34:03 INFO  Saving current: saved/SCL-Mar-14-2026_22-33-20.pth
Sat 14 Mar 2026 22:34:03 INFO  Saving current best: saved/SCL-Mar-14-2026_22-33-20.pth
Sat 14 Mar 2026 22:34:03 INFO  Running E-step ! 
Sat 14 Mar 2026 22:34:04 INFO  epoch 127 training [time: 0.18s, train_loss1: 2.3620, train_loss2: 0.0368, train_loss3: 0.0110, train_loss4: 0.0019]
Sat 14 Mar 2026 22:34:04 INFO  epoch 127 evaluating [time: 0.14s, valid_score: 0.336600]
Sat 14 Mar 2026 22:34:04 INFO  valid result: 
recall@1 : 0.1337    recall@2 : 0.2125    recall@3 : 0.2696    recall@4 : 0.3198    recall@5 : 0.3604    recall@10 : 0.4992    recall@20 : 0.6434    recall@30 : 0.7047    recall@50 : 0.7994    ndcg@1 : 0.2139    ndcg@2 : 0.2346    ndcg@3 : 0.254    ndcg@4 : 0.2719    ndcg@5 : 0.2868    ndcg@10 : 0.3366    ndcg@20 : 0.3794    ndcg@30 : 0.3966    ndcg@50 : 0.4189    precision@1 : 0.2139    precision@2 : 0.1743    precision@3 : 0.1538    precision@4 : 0.1384    precision@5 : 0.1267    precision@10 : 0.0928    precision@20 : 0.0628    precision@30 : 0.0478    precision@50 : 0.0335    map@1 : 0.2139    map@2 : 0.209    map@3 : 0.2136    map@4 : 0.2212    map@5 : 0.2279    map@10 : 0.2492    map@20 : 0.2637    map@30 : 0.2692    map@50 : 0.2743
Sat 14 Mar 2026 22:34:04 INFO  Running E-step ! 
Sat 14 Mar 2026 22:34:04 INFO  epoch 128 training [time: 0.18s, train_loss1: 2.3597, train_loss2: 0.0367, train_loss3: 0.0110, train_loss4: 0.0019]
Sat 14 Mar 2026 22:34:04 INFO  epoch 128 evaluating [time: 0.14s, valid_score: 0.337400]
Sat 14 Mar 2026 22:34:04 INFO  valid result: 
recall@1 : 0.1343    recall@2 : 0.2129    recall@3 : 0.2695    recall@4 : 0.319    recall@5 : 0.3602    recall@10 : 0.5012    recall@20 : 0.6439    recall@30 : 0.7045    recall@50 : 0.7993    ndcg@1 : 0.2145    ndcg@2 : 0.2353    ndcg@3 : 0.2543    ndcg@4 : 0.2718    ndcg@5 : 0.2871    ndcg@10 : 0.3374    ndcg@20 : 0.3799    ndcg@30 : 0.3968    ndcg@50 : 0.4193    precision@1 : 0.2145    precision@2 : 0.1749    precision@3 : 0.1538    precision@4 : 0.138    precision@5 : 0.1268    precision@10 : 0.0931    precision@20 : 0.0628    precision@30 : 0.0477    precision@50 : 0.0335    map@1 : 0.2145    map@2 : 0.2096    map@3 : 0.214    map@4 : 0.2211    map@5 : 0.2282    map@10 : 0.2498    map@20 : 0.2641    map@30 : 0.2695    map@50 : 0.2747
Sat 14 Mar 2026 22:34:04 INFO  Saving current: saved/SCL-Mar-14-2026_22-33-20.pth
Sat 14 Mar 2026 22:34:04 INFO  Saving current best: saved/SCL-Mar-14-2026_22-33-20.pth
Sat 14 Mar 2026 22:34:04 INFO  Running E-step ! 
Sat 14 Mar 2026 22:34:04 INFO  epoch 129 training [time: 0.19s, train_loss1: 2.3473, train_loss2: 0.0366, train_loss3: 0.0110, train_loss4: 0.0019]
Sat 14 Mar 2026 22:34:04 INFO  epoch 129 evaluating [time: 0.14s, valid_score: 0.337400]
Sat 14 Mar 2026 22:34:04 INFO  valid result: 
recall@1 : 0.1344    recall@2 : 0.2128    recall@3 : 0.269    recall@4 : 0.3187    recall@5 : 0.3593    recall@10 : 0.5013    recall@20 : 0.6441    recall@30 : 0.7042    recall@50 : 0.7985    ndcg@1 : 0.2151    ndcg@2 : 0.235    ndcg@3 : 0.2539    ndcg@4 : 0.2716    ndcg@5 : 0.2867    ndcg@10 : 0.3374    ndcg@20 : 0.3798    ndcg@30 : 0.3967    ndcg@50 : 0.4191    precision@1 : 0.2151    precision@2 : 0.1743    precision@3 : 0.1532    precision@4 : 0.1378    precision@5 : 0.1266    precision@10 : 0.0931    precision@20 : 0.0628    precision@30 : 0.0478    precision@50 : 0.0335    map@1 : 0.2151    map@2 : 0.2093    map@3 : 0.2137    map@4 : 0.221    map@5 : 0.2279    map@10 : 0.2497    map@20 : 0.2641    map@30 : 0.2694    map@50 : 0.2746
Sat 14 Mar 2026 22:34:04 INFO  Saving current: saved/SCL-Mar-14-2026_22-33-20.pth
Sat 14 Mar 2026 22:34:04 INFO  Saving current best: saved/SCL-Mar-14-2026_22-33-20.pth
Sat 14 Mar 2026 22:34:04 INFO  Running E-step ! 
Sat 14 Mar 2026 22:34:05 INFO  epoch 130 training [time: 0.17s, train_loss1: 2.3302, train_loss2: 0.0366, train_loss3: 0.0110, train_loss4: 0.0020]
Sat 14 Mar 2026 22:34:05 INFO  epoch 130 evaluating [time: 0.14s, valid_score: 0.338300]
Sat 14 Mar 2026 22:34:05 INFO  valid result: 
recall@1 : 0.1353    recall@2 : 0.2131    recall@3 : 0.2702    recall@4 : 0.3205    recall@5 : 0.3609    recall@10 : 0.5018    recall@20 : 0.6443    recall@30 : 0.7049    recall@50 : 0.8    ndcg@1 : 0.2163    ndcg@2 : 0.2361    ndcg@3 : 0.2551    ndcg@4 : 0.2729    ndcg@5 : 0.2881    ndcg@10 : 0.3383    ndcg@20 : 0.3806    ndcg@30 : 0.3976    ndcg@50 : 0.4201    precision@1 : 0.2163    precision@2 : 0.1755    precision@3 : 0.1538    precision@4 : 0.1383    precision@5 : 0.1274    precision@10 : 0.0933    precision@20 : 0.0629    precision@30 : 0.0478    precision@50 : 0.0336    map@1 : 0.2163    map@2 : 0.2105    map@3 : 0.2147    map@4 : 0.2221    map@5 : 0.229    map@10 : 0.2506    map@20 : 0.265    map@30 : 0.2703    map@50 : 0.2755
Sat 14 Mar 2026 22:34:05 INFO  Saving current: saved/SCL-Mar-14-2026_22-33-20.pth
Sat 14 Mar 2026 22:34:05 INFO  Saving current best: saved/SCL-Mar-14-2026_22-33-20.pth
Sat 14 Mar 2026 22:34:05 INFO  Running E-step ! 
Sat 14 Mar 2026 22:34:05 INFO  epoch 131 training [time: 0.19s, train_loss1: 2.2739, train_loss2: 0.0365, train_loss3: 0.0110, train_loss4: 0.0019]
Sat 14 Mar 2026 22:34:05 INFO  epoch 131 evaluating [time: 0.14s, valid_score: 0.338500]
Sat 14 Mar 2026 22:34:05 INFO  valid result: 
recall@1 : 0.1353    recall@2 : 0.2139    recall@3 : 0.2694    recall@4 : 0.3201    recall@5 : 0.3609    recall@10 : 0.5021    recall@20 : 0.6462    recall@30 : 0.7051    recall@50 : 0.8    ndcg@1 : 0.2163    ndcg@2 : 0.237    ndcg@3 : 0.2548    ndcg@4 : 0.2729    ndcg@5 : 0.2882    ndcg@10 : 0.3385    ndcg@20 : 0.3812    ndcg@30 : 0.3978    ndcg@50 : 0.4203    precision@1 : 0.2163    precision@2 : 0.1767    precision@3 : 0.1534    precision@4 : 0.1383    precision@5 : 0.1275    precision@10 : 0.0934    precision@20 : 0.063    precision@30 : 0.0478    precision@50 : 0.0336    map@1 : 0.2163    map@2 : 0.2113    map@3 : 0.2147    map@4 : 0.2222    map@5 : 0.2291    map@10 : 0.2508    map@20 : 0.2652    map@30 : 0.2705    map@50 : 0.2757
Sat 14 Mar 2026 22:34:05 INFO  Saving current: saved/SCL-Mar-14-2026_22-33-20.pth
Sat 14 Mar 2026 22:34:05 INFO  Saving current best: saved/SCL-Mar-14-2026_22-33-20.pth
Sat 14 Mar 2026 22:34:05 INFO  Running E-step ! 
Sat 14 Mar 2026 22:34:05 INFO  epoch 132 training [time: 0.17s, train_loss1: 2.3125, train_loss2: 0.0364, train_loss3: 0.0110, train_loss4: 0.0019]
Sat 14 Mar 2026 22:34:05 INFO  epoch 132 evaluating [time: 0.14s, valid_score: 0.338500]
Sat 14 Mar 2026 22:34:05 INFO  valid result: 
recall@1 : 0.1355    recall@2 : 0.2142    recall@3 : 0.2681    recall@4 : 0.3203    recall@5 : 0.3613    recall@10 : 0.5021    recall@20 : 0.6471    recall@30 : 0.7062    recall@50 : 0.8012    ndcg@1 : 0.2157    ndcg@2 : 0.2372    ndcg@3 : 0.2541    ndcg@4 : 0.2729    ndcg@5 : 0.2884    ndcg@10 : 0.3385    ndcg@20 : 0.3815    ndcg@30 : 0.3981    ndcg@50 : 0.4206    precision@1 : 0.2157    precision@2 : 0.177    precision@3 : 0.1528    precision@4 : 0.1381    precision@5 : 0.1278    precision@10 : 0.0934    precision@20 : 0.0632    precision@30 : 0.0479    precision@50 : 0.0336    map@1 : 0.2157    map@2 : 0.2114    map@3 : 0.2142    map@4 : 0.2221    map@5 : 0.2293    map@10 : 0.2509    map@20 : 0.2654    map@30 : 0.2707    map@50 : 0.2759
Sat 14 Mar 2026 22:34:05 INFO  Saving current: saved/SCL-Mar-14-2026_22-33-20.pth
Sat 14 Mar 2026 22:34:05 INFO  Saving current best: saved/SCL-Mar-14-2026_22-33-20.pth
Sat 14 Mar 2026 22:34:05 INFO  Running E-step ! 
Sat 14 Mar 2026 22:34:06 INFO  epoch 133 training [time: 0.17s, train_loss1: 2.3048, train_loss2: 0.0364, train_loss3: 0.0110, train_loss4: 0.0019]
Sat 14 Mar 2026 22:34:06 INFO  epoch 133 evaluating [time: 0.14s, valid_score: 0.338900]
Sat 14 Mar 2026 22:34:06 INFO  valid result: 
recall@1 : 0.1356    recall@2 : 0.2155    recall@3 : 0.2675    recall@4 : 0.3192    recall@5 : 0.3622    recall@10 : 0.5022    recall@20 : 0.6467    recall@30 : 0.7067    recall@50 : 0.8013    ndcg@1 : 0.2163    ndcg@2 : 0.2381    ndcg@3 : 0.2541    ndcg@4 : 0.2726    ndcg@5 : 0.289    ndcg@10 : 0.3389    ndcg@20 : 0.3817    ndcg@30 : 0.3985    ndcg@50 : 0.4209    precision@1 : 0.2163    precision@2 : 0.1776    precision@3 : 0.1526    precision@4 : 0.1378    precision@5 : 0.1281    precision@10 : 0.0936    precision@20 : 0.0632    precision@30 : 0.0479    precision@50 : 0.0336    map@1 : 0.2163    map@2 : 0.212    map@3 : 0.2143    map@4 : 0.222    map@5 : 0.2297    map@10 : 0.2512    map@20 : 0.2657    map@30 : 0.271    map@50 : 0.2762
Sat 14 Mar 2026 22:34:06 INFO  Saving current: saved/SCL-Mar-14-2026_22-33-20.pth
Sat 14 Mar 2026 22:34:06 INFO  Saving current best: saved/SCL-Mar-14-2026_22-33-20.pth
Sat 14 Mar 2026 22:34:06 INFO  Running E-step ! 
Sat 14 Mar 2026 22:34:06 INFO  epoch 134 training [time: 0.19s, train_loss1: 2.2906, train_loss2: 0.0363, train_loss3: 0.0110, train_loss4: 0.0019]
Sat 14 Mar 2026 22:34:06 INFO  epoch 134 evaluating [time: 0.14s, valid_score: 0.339200]
Sat 14 Mar 2026 22:34:06 INFO  valid result: 
recall@1 : 0.1358    recall@2 : 0.2156    recall@3 : 0.2676    recall@4 : 0.3196    recall@5 : 0.3633    recall@10 : 0.5028    recall@20 : 0.6462    recall@30 : 0.706    recall@50 : 0.802    ndcg@1 : 0.2169    ndcg@2 : 0.2382    ndcg@3 : 0.2543    ndcg@4 : 0.2729    ndcg@5 : 0.2896    ndcg@10 : 0.3392    ndcg@20 : 0.3818    ndcg@30 : 0.3986    ndcg@50 : 0.4213    precision@1 : 0.2169    precision@2 : 0.1776    precision@3 : 0.1528    precision@4 : 0.1381    precision@5 : 0.1285    precision@10 : 0.0937    precision@20 : 0.0631    precision@30 : 0.0479    precision@50 : 0.0336    map@1 : 0.2169    map@2 : 0.2122    map@3 : 0.2144    map@4 : 0.2222    map@5 : 0.2301    map@10 : 0.2515    map@20 : 0.2658    map@30 : 0.2712    map@50 : 0.2765
Sat 14 Mar 2026 22:34:06 INFO  Saving current: saved/SCL-Mar-14-2026_22-33-20.pth
Sat 14 Mar 2026 22:34:06 INFO  Saving current best: saved/SCL-Mar-14-2026_22-33-20.pth
Sat 14 Mar 2026 22:34:06 INFO  Running E-step ! 
Sat 14 Mar 2026 22:34:06 INFO  epoch 135 training [time: 0.19s, train_loss1: 2.2761, train_loss2: 0.0363, train_loss3: 0.0110, train_loss4: 0.0019]
Sat 14 Mar 2026 22:34:07 INFO  epoch 135 evaluating [time: 0.14s, valid_score: 0.339000]
Sat 14 Mar 2026 22:34:07 INFO  valid result: 
recall@1 : 0.1357    recall@2 : 0.2155    recall@3 : 0.2674    recall@4 : 0.32    recall@5 : 0.3635    recall@10 : 0.5024    recall@20 : 0.6461    recall@30 : 0.7064    recall@50 : 0.8015    ndcg@1 : 0.2163    ndcg@2 : 0.2379    ndcg@3 : 0.254    ndcg@4 : 0.273    ndcg@5 : 0.2895    ndcg@10 : 0.339    ndcg@20 : 0.3817    ndcg@30 : 0.3986    ndcg@50 : 0.4211    precision@1 : 0.2163    precision@2 : 0.1773    precision@3 : 0.1526    precision@4 : 0.1383    precision@5 : 0.1282    precision@10 : 0.0936    precision@20 : 0.0631    precision@30 : 0.048    precision@50 : 0.0336    map@1 : 0.2163    map@2 : 0.2119    map@3 : 0.214    map@4 : 0.2222    map@5 : 0.23    map@10 : 0.2512    map@20 : 0.2657    map@30 : 0.2711    map@50 : 0.2764
Sat 14 Mar 2026 22:34:07 INFO  Running E-step ! 
Sat 14 Mar 2026 22:34:07 INFO  epoch 136 training [time: 0.19s, train_loss1: 2.2776, train_loss2: 0.0362, train_loss3: 0.0110, train_loss4: 0.0019]
Sat 14 Mar 2026 22:34:07 INFO  epoch 136 evaluating [time: 0.14s, valid_score: 0.338100]
Sat 14 Mar 2026 22:34:07 INFO  valid result: 
recall@1 : 0.1351    recall@2 : 0.2143    recall@3 : 0.2681    recall@4 : 0.3202    recall@5 : 0.364    recall@10 : 0.5002    recall@20 : 0.6464    recall@30 : 0.706    recall@50 : 0.8021    ndcg@1 : 0.2157    ndcg@2 : 0.2369    ndcg@3 : 0.2542    ndcg@4 : 0.2728    ndcg@5 : 0.2894    ndcg@10 : 0.3381    ndcg@20 : 0.3814    ndcg@30 : 0.3982    ndcg@50 : 0.4209    precision@1 : 0.2157    precision@2 : 0.1767    precision@3 : 0.1532    precision@4 : 0.1384    precision@5 : 0.1282    precision@10 : 0.0935    precision@20 : 0.0631    precision@30 : 0.048    precision@50 : 0.0337    map@1 : 0.2157    map@2 : 0.211    map@3 : 0.214    map@4 : 0.2218    map@5 : 0.2296    map@10 : 0.2507    map@20 : 0.2654    map@30 : 0.2708    map@50 : 0.276
Sat 14 Mar 2026 22:34:07 INFO  Running E-step ! 
Sat 14 Mar 2026 22:34:07 INFO  epoch 137 training [time: 0.19s, train_loss1: 2.3012, train_loss2: 0.0361, train_loss3: 0.0110, train_loss4: 0.0019]
Sat 14 Mar 2026 22:34:07 INFO  epoch 137 evaluating [time: 0.14s, valid_score: 0.338100]
Sat 14 Mar 2026 22:34:07 INFO  valid result: 
recall@1 : 0.1342    recall@2 : 0.2141    recall@3 : 0.2686    recall@4 : 0.3196    recall@5 : 0.3636    recall@10 : 0.501    recall@20 : 0.6463    recall@30 : 0.7066    recall@50 : 0.8018    ndcg@1 : 0.2145    ndcg@2 : 0.2363    ndcg@3 : 0.254    ndcg@4 : 0.2722    ndcg@5 : 0.2889    ndcg@10 : 0.3381    ndcg@20 : 0.3811    ndcg@30 : 0.3981    ndcg@50 : 0.4206    precision@1 : 0.2145    precision@2 : 0.1764    precision@3 : 0.1532    precision@4 : 0.1383    precision@5 : 0.1284    precision@10 : 0.0937    precision@20 : 0.0631    precision@30 : 0.048    precision@50 : 0.0337    map@1 : 0.2145    map@2 : 0.2102    map@3 : 0.2136    map@4 : 0.2212    map@5 : 0.2291    map@10 : 0.2504    map@20 : 0.265    map@30 : 0.2704    map@50 : 0.2756
Sat 14 Mar 2026 22:34:07 INFO  Running E-step ! 
Sat 14 Mar 2026 22:34:07 INFO  epoch 138 training [time: 0.19s, train_loss1: 2.3095, train_loss2: 0.0360, train_loss3: 0.0110, train_loss4: 0.0019]
Sat 14 Mar 2026 22:34:08 INFO  epoch 138 evaluating [time: 0.14s, valid_score: 0.338400]
Sat 14 Mar 2026 22:34:08 INFO  valid result: 
recall@1 : 0.135    recall@2 : 0.2146    recall@3 : 0.2693    recall@4 : 0.3199    recall@5 : 0.3632    recall@10 : 0.5005    recall@20 : 0.6456    recall@30 : 0.7072    recall@50 : 0.8014    ndcg@1 : 0.2151    ndcg@2 : 0.237    ndcg@3 : 0.2549    ndcg@4 : 0.2727    ndcg@5 : 0.2893    ndcg@10 : 0.3384    ndcg@20 : 0.3815    ndcg@30 : 0.3988    ndcg@50 : 0.4211    precision@1 : 0.2151    precision@2 : 0.177    precision@3 : 0.154    precision@4 : 0.1383    precision@5 : 0.1286    precision@10 : 0.0937    precision@20 : 0.0632    precision@30 : 0.0481    precision@50 : 0.0337    map@1 : 0.2151    map@2 : 0.2107    map@3 : 0.2146    map@4 : 0.2217    map@5 : 0.2295    map@10 : 0.251    map@20 : 0.2656    map@30 : 0.2711    map@50 : 0.2763
Sat 14 Mar 2026 22:34:08 INFO  Running E-step ! 
Sat 14 Mar 2026 22:34:08 INFO  epoch 139 training [time: 0.19s, train_loss1: 2.2344, train_loss2: 0.0360, train_loss3: 0.0110, train_loss4: 0.0019]
Sat 14 Mar 2026 22:34:08 INFO  epoch 139 evaluating [time: 0.14s, valid_score: 0.338000]
Sat 14 Mar 2026 22:34:08 INFO  valid result: 
recall@1 : 0.1352    recall@2 : 0.2127    recall@3 : 0.2683    recall@4 : 0.3198    recall@5 : 0.3652    recall@10 : 0.4992    recall@20 : 0.6458    recall@30 : 0.7073    recall@50 : 0.8019    ndcg@1 : 0.2163    ndcg@2 : 0.2359    ndcg@3 : 0.2543    ndcg@4 : 0.2726    ndcg@5 : 0.2899    ndcg@10 : 0.338    ndcg@20 : 0.3815    ndcg@30 : 0.3988    ndcg@50 : 0.4212    precision@1 : 0.2163    precision@2 : 0.1758    precision@3 : 0.1536    precision@4 : 0.1386    precision@5 : 0.1291    precision@10 : 0.0936    precision@20 : 0.0632    precision@30 : 0.0481    precision@50 : 0.0337    map@1 : 0.2163    map@2 : 0.2098    map@3 : 0.214    map@4 : 0.2214    map@5 : 0.2296    map@10 : 0.2507    map@20 : 0.2654    map@30 : 0.2709    map@50 : 0.2761
Sat 14 Mar 2026 22:34:08 INFO  Running E-step ! 
Sat 14 Mar 2026 22:34:08 INFO  epoch 140 training [time: 0.19s, train_loss1: 2.2669, train_loss2: 0.0359, train_loss3: 0.0110, train_loss4: 0.0019]
Sat 14 Mar 2026 22:34:08 INFO  epoch 140 evaluating [time: 0.14s, valid_score: 0.338800]
Sat 14 Mar 2026 22:34:08 INFO  valid result: 
recall@1 : 0.1371    recall@2 : 0.2131    recall@3 : 0.2692    recall@4 : 0.3224    recall@5 : 0.3659    recall@10 : 0.4983    recall@20 : 0.6464    recall@30 : 0.7088    recall@50 : 0.8037    ndcg@1 : 0.2199    ndcg@2 : 0.237    ndcg@3 : 0.2559    ndcg@4 : 0.2749    ndcg@5 : 0.2913    ndcg@10 : 0.3388    ndcg@20 : 0.3828    ndcg@30 : 0.4002    ndcg@50 : 0.4227    precision@1 : 0.2199    precision@2 : 0.1758    precision@3 : 0.1544    precision@4 : 0.1397    precision@5 : 0.1292    precision@10 : 0.0934    precision@20 : 0.0633    precision@30 : 0.0481    precision@50 : 0.0337    map@1 : 0.2199    map@2 : 0.2111    map@3 : 0.2155    map@4 : 0.2234    map@5 : 0.231    map@10 : 0.2519    map@20 : 0.2668    map@30 : 0.2723    map@50 : 0.2775
Sat 14 Mar 2026 22:34:08 INFO  Running E-step ! 
Sat 14 Mar 2026 22:34:08 INFO  epoch 141 training [time: 0.19s, train_loss1: 2.2401, train_loss2: 0.0358, train_loss3: 0.0110, train_loss4: 0.0018]
Sat 14 Mar 2026 22:34:09 INFO  epoch 141 evaluating [time: 0.15s, valid_score: 0.339800]
Sat 14 Mar 2026 22:34:09 INFO  valid result: 
recall@1 : 0.1383    recall@2 : 0.2144    recall@3 : 0.2683    recall@4 : 0.3224    recall@5 : 0.3661    recall@10 : 0.4994    recall@20 : 0.6451    recall@30 : 0.7092    recall@50 : 0.8037    ndcg@1 : 0.2217    ndcg@2 : 0.2387    ndcg@3 : 0.2561    ndcg@4 : 0.2757    ndcg@5 : 0.292    ndcg@10 : 0.3398    ndcg@20 : 0.3832    ndcg@30 : 0.4011    ndcg@50 : 0.4234    precision@1 : 0.2217    precision@2 : 0.177    precision@3 : 0.154    precision@4 : 0.14    precision@5 : 0.1293    precision@10 : 0.0935    precision@20 : 0.0631    precision@30 : 0.0482    precision@50 : 0.0338    map@1 : 0.2217    map@2 : 0.2126    map@3 : 0.2161    map@4 : 0.2243    map@5 : 0.2319    map@10 : 0.2528    map@20 : 0.2676    map@30 : 0.2732    map@50 : 0.2784
Sat 14 Mar 2026 22:34:09 INFO  Saving current: saved/SCL-Mar-14-2026_22-33-20.pth
Sat 14 Mar 2026 22:34:09 INFO  Saving current best: saved/SCL-Mar-14-2026_22-33-20.pth
Sat 14 Mar 2026 22:34:09 INFO  Running E-step ! 
Sat 14 Mar 2026 22:34:09 INFO  epoch 142 training [time: 0.17s, train_loss1: 2.2752, train_loss2: 0.0358, train_loss3: 0.0110, train_loss4: 0.0018]
Sat 14 Mar 2026 22:34:09 INFO  epoch 142 evaluating [time: 0.14s, valid_score: 0.340600]
Sat 14 Mar 2026 22:34:09 INFO  valid result: 
recall@1 : 0.1382    recall@2 : 0.2148    recall@3 : 0.2703    recall@4 : 0.3224    recall@5 : 0.3649    recall@10 : 0.5014    recall@20 : 0.6441    recall@30 : 0.7101    recall@50 : 0.8037    ndcg@1 : 0.2211    ndcg@2 : 0.2387    ndcg@3 : 0.2572    ndcg@4 : 0.2756    ndcg@5 : 0.2917    ndcg@10 : 0.3406    ndcg@20 : 0.383    ndcg@30 : 0.4015    ndcg@50 : 0.4235    precision@1 : 0.2211    precision@2 : 0.177    precision@3 : 0.1549    precision@4 : 0.1396    precision@5 : 0.1292    precision@10 : 0.094    precision@20 : 0.063    precision@30 : 0.0483    precision@50 : 0.0338    map@1 : 0.2211    map@2 : 0.2126    map@3 : 0.2169    map@4 : 0.2242    map@5 : 0.2318    map@10 : 0.2532    map@20 : 0.2676    map@30 : 0.2735    map@50 : 0.2786
Sat 14 Mar 2026 22:34:09 INFO  Saving current: saved/SCL-Mar-14-2026_22-33-20.pth
Sat 14 Mar 2026 22:34:09 INFO  Saving current best: saved/SCL-Mar-14-2026_22-33-20.pth
Sat 14 Mar 2026 22:34:09 INFO  Running E-step ! 
Sat 14 Mar 2026 22:34:09 INFO  epoch 143 training [time: 0.17s, train_loss1: 2.2207, train_loss2: 0.0357, train_loss3: 0.0110, train_loss4: 0.0018]
Sat 14 Mar 2026 22:34:09 INFO  epoch 143 evaluating [time: 0.14s, valid_score: 0.341600]
Sat 14 Mar 2026 22:34:09 INFO  valid result: 
recall@1 : 0.1389    recall@2 : 0.215    recall@3 : 0.2702    recall@4 : 0.3233    recall@5 : 0.3636    recall@10 : 0.5032    recall@20 : 0.6435    recall@30 : 0.7108    recall@50 : 0.8055    ndcg@1 : 0.2223    ndcg@2 : 0.2395    ndcg@3 : 0.2574    ndcg@4 : 0.2764    ndcg@5 : 0.2915    ndcg@10 : 0.3416    ndcg@20 : 0.3833    ndcg@30 : 0.402    ndcg@50 : 0.4243    precision@1 : 0.2223    precision@2 : 0.1776    precision@3 : 0.1547    precision@4 : 0.1399    precision@5 : 0.1287    precision@10 : 0.0944    precision@20 : 0.063    precision@30 : 0.0484    precision@50 : 0.0338    map@1 : 0.2223    map@2 : 0.2135    map@3 : 0.2172    map@4 : 0.2249    map@5 : 0.2319    map@10 : 0.2539    map@20 : 0.2681    map@30 : 0.274    map@50 : 0.2792
Sat 14 Mar 2026 22:34:09 INFO  Saving current: saved/SCL-Mar-14-2026_22-33-20.pth
Sat 14 Mar 2026 22:34:09 INFO  Saving current best: saved/SCL-Mar-14-2026_22-33-20.pth
Sat 14 Mar 2026 22:34:09 INFO  Running E-step ! 
Sat 14 Mar 2026 22:34:09 INFO  epoch 144 training [time: 0.19s, train_loss1: 2.2120, train_loss2: 0.0356, train_loss3: 0.0110, train_loss4: 0.0018]
Sat 14 Mar 2026 22:34:10 INFO  epoch 144 evaluating [time: 0.14s, valid_score: 0.342200]
Sat 14 Mar 2026 22:34:10 INFO  valid result: 
recall@1 : 0.1396    recall@2 : 0.2153    recall@3 : 0.2707    recall@4 : 0.3235    recall@5 : 0.3639    recall@10 : 0.5035    recall@20 : 0.6429    recall@30 : 0.7108    recall@50 : 0.8057    ndcg@1 : 0.2235    ndcg@2 : 0.2401    ndcg@3 : 0.2581    ndcg@4 : 0.2769    ndcg@5 : 0.2919    ndcg@10 : 0.3422    ndcg@20 : 0.3835    ndcg@30 : 0.4025    ndcg@50 : 0.4247    precision@1 : 0.2235    precision@2 : 0.1779    precision@3 : 0.1551    precision@4 : 0.14    precision@5 : 0.1286    precision@10 : 0.0945    precision@20 : 0.0629    precision@30 : 0.0484    precision@50 : 0.0338    map@1 : 0.2235    map@2 : 0.2141    map@3 : 0.2178    map@4 : 0.2255    map@5 : 0.2324    map@10 : 0.2545    map@20 : 0.2686    map@30 : 0.2745    map@50 : 0.2797
Sat 14 Mar 2026 22:34:10 INFO  Saving current: saved/SCL-Mar-14-2026_22-33-20.pth
Sat 14 Mar 2026 22:34:10 INFO  Saving current best: saved/SCL-Mar-14-2026_22-33-20.pth
Sat 14 Mar 2026 22:34:10 INFO  Running E-step ! 
Sat 14 Mar 2026 22:34:10 INFO  epoch 145 training [time: 0.18s, train_loss1: 2.2219, train_loss2: 0.0355, train_loss3: 0.0110, train_loss4: 0.0019]
Sat 14 Mar 2026 22:34:10 INFO  epoch 145 evaluating [time: 0.14s, valid_score: 0.342200]
Sat 14 Mar 2026 22:34:10 INFO  valid result: 
recall@1 : 0.1384    recall@2 : 0.2158    recall@3 : 0.2715    recall@4 : 0.3262    recall@5 : 0.3637    recall@10 : 0.504    recall@20 : 0.642    recall@30 : 0.7111    recall@50 : 0.8048    ndcg@1 : 0.2223    ndcg@2 : 0.2403    ndcg@3 : 0.2583    ndcg@4 : 0.278    ndcg@5 : 0.2917    ndcg@10 : 0.3422    ndcg@20 : 0.3832    ndcg@30 : 0.4024    ndcg@50 : 0.4244    precision@1 : 0.2223    precision@2 : 0.1788    precision@3 : 0.1555    precision@4 : 0.1411    precision@5 : 0.1285    precision@10 : 0.0946    precision@20 : 0.0629    precision@30 : 0.0484    precision@50 : 0.0338    map@1 : 0.2223    map@2 : 0.2139    map@3 : 0.2177    map@4 : 0.226    map@5 : 0.232    map@10 : 0.2543    map@20 : 0.2683    map@30 : 0.2742    map@50 : 0.2794
Sat 14 Mar 2026 22:34:10 INFO  Saving current: saved/SCL-Mar-14-2026_22-33-20.pth
Sat 14 Mar 2026 22:34:10 INFO  Saving current best: saved/SCL-Mar-14-2026_22-33-20.pth
Sat 14 Mar 2026 22:34:10 INFO  Running E-step ! 
Sat 14 Mar 2026 22:34:10 INFO  epoch 146 training [time: 0.19s, train_loss1: 2.2241, train_loss2: 0.0355, train_loss3: 0.0110, train_loss4: 0.0018]
Sat 14 Mar 2026 22:34:10 INFO  epoch 146 evaluating [time: 0.14s, valid_score: 0.342800]
Sat 14 Mar 2026 22:34:10 INFO  valid result: 
recall@1 : 0.1396    recall@2 : 0.2153    recall@3 : 0.2709    recall@4 : 0.3269    recall@5 : 0.3647    recall@10 : 0.5047    recall@20 : 0.6418    recall@30 : 0.7113    recall@50 : 0.8029    ndcg@1 : 0.2235    ndcg@2 : 0.2406    ndcg@3 : 0.2582    ndcg@4 : 0.2787    ndcg@5 : 0.2925    ndcg@10 : 0.3428    ndcg@20 : 0.3836    ndcg@30 : 0.4029    ndcg@50 : 0.4245    precision@1 : 0.2235    precision@2 : 0.1788    precision@3 : 0.1551    precision@4 : 0.1414    precision@5 : 0.1288    precision@10 : 0.0948    precision@20 : 0.0629    precision@30 : 0.0485    precision@50 : 0.0338    map@1 : 0.2235    map@2 : 0.2147    map@3 : 0.218    map@4 : 0.2267    map@5 : 0.2328    map@10 : 0.2549    map@20 : 0.2689    map@30 : 0.2749    map@50 : 0.2799
Sat 14 Mar 2026 22:34:10 INFO  Saving current: saved/SCL-Mar-14-2026_22-33-20.pth
Sat 14 Mar 2026 22:34:10 INFO  Saving current best: saved/SCL-Mar-14-2026_22-33-20.pth
Sat 14 Mar 2026 22:34:10 INFO  Running E-step ! 
Sat 14 Mar 2026 22:34:10 INFO  epoch 147 training [time: 0.19s, train_loss1: 2.2134, train_loss2: 0.0354, train_loss3: 0.0110, train_loss4: 0.0017]
Sat 14 Mar 2026 22:34:11 INFO  epoch 147 evaluating [time: 0.14s, valid_score: 0.343300]
Sat 14 Mar 2026 22:34:11 INFO  valid result: 
recall@1 : 0.1406    recall@2 : 0.2156    recall@3 : 0.2707    recall@4 : 0.3275    recall@5 : 0.3659    recall@10 : 0.5048    recall@20 : 0.6412    recall@30 : 0.7111    recall@50 : 0.8049    ndcg@1 : 0.2241    ndcg@2 : 0.2414    ndcg@3 : 0.2585    ndcg@4 : 0.2791    ndcg@5 : 0.2934    ndcg@10 : 0.3433    ndcg@20 : 0.384    ndcg@30 : 0.4033    ndcg@50 : 0.4254    precision@1 : 0.2241    precision@2 : 0.1794    precision@3 : 0.1549    precision@4 : 0.1411    precision@5 : 0.1292    precision@10 : 0.0948    precision@20 : 0.0629    precision@30 : 0.0485    precision@50 : 0.0338    map@1 : 0.2241    map@2 : 0.2156    map@3 : 0.2185    map@4 : 0.2273    map@5 : 0.2337    map@10 : 0.2556    map@20 : 0.2695    map@30 : 0.2756    map@50 : 0.2807
Sat 14 Mar 2026 22:34:11 INFO  Saving current: saved/SCL-Mar-14-2026_22-33-20.pth
Sat 14 Mar 2026 22:34:11 INFO  Saving current best: saved/SCL-Mar-14-2026_22-33-20.pth
Sat 14 Mar 2026 22:34:11 INFO  Running E-step ! 
Sat 14 Mar 2026 22:34:11 INFO  epoch 148 training [time: 0.19s, train_loss1: 2.1971, train_loss2: 0.0353, train_loss3: 0.0110, train_loss4: 0.0017]
Sat 14 Mar 2026 22:34:11 INFO  epoch 148 evaluating [time: 0.14s, valid_score: 0.343300]
Sat 14 Mar 2026 22:34:11 INFO  valid result: 
recall@1 : 0.1411    recall@2 : 0.2144    recall@3 : 0.2701    recall@4 : 0.3281    recall@5 : 0.3657    recall@10 : 0.5048    recall@20 : 0.6421    recall@30 : 0.7116    recall@50 : 0.8054    ndcg@1 : 0.2241    ndcg@2 : 0.2407    ndcg@3 : 0.2582    ndcg@4 : 0.2795    ndcg@5 : 0.2933    ndcg@10 : 0.3433    ndcg@20 : 0.3842    ndcg@30 : 0.4034    ndcg@50 : 0.4256    precision@1 : 0.2241    precision@2 : 0.1788    precision@3 : 0.1547    precision@4 : 0.1417    precision@5 : 0.1292    precision@10 : 0.0948    precision@20 : 0.0629    precision@30 : 0.0485    precision@50 : 0.0339    map@1 : 0.2241    map@2 : 0.2151    map@3 : 0.2183    map@4 : 0.2275    map@5 : 0.2337    map@10 : 0.2556    map@20 : 0.2696    map@30 : 0.2756    map@50 : 0.2808
Sat 14 Mar 2026 22:34:11 INFO  Saving current: saved/SCL-Mar-14-2026_22-33-20.pth
Sat 14 Mar 2026 22:34:11 INFO  Saving current best: saved/SCL-Mar-14-2026_22-33-20.pth
Sat 14 Mar 2026 22:34:11 INFO  Running E-step ! 
Sat 14 Mar 2026 22:34:11 INFO  epoch 149 training [time: 0.19s, train_loss1: 2.2039, train_loss2: 0.0353, train_loss3: 0.0110, train_loss4: 0.0018]
Sat 14 Mar 2026 22:34:11 INFO  epoch 149 evaluating [time: 0.14s, valid_score: 0.343300]
Sat 14 Mar 2026 22:34:11 INFO  valid result: 
recall@1 : 0.1411    recall@2 : 0.2136    recall@3 : 0.2705    recall@4 : 0.3299    recall@5 : 0.3658    recall@10 : 0.5048    recall@20 : 0.642    recall@30 : 0.7113    recall@50 : 0.8048    ndcg@1 : 0.2241    ndcg@2 : 0.2401    ndcg@3 : 0.2585    ndcg@4 : 0.2802    ndcg@5 : 0.2935    ndcg@10 : 0.3433    ndcg@20 : 0.3842    ndcg@30 : 0.4034    ndcg@50 : 0.4255    precision@1 : 0.2241    precision@2 : 0.1782    precision@3 : 0.1551    precision@4 : 0.1421    precision@5 : 0.1294    precision@10 : 0.0948    precision@20 : 0.0629    precision@30 : 0.0485    precision@50 : 0.0339    map@1 : 0.2241    map@2 : 0.2147    map@3 : 0.2185    map@4 : 0.2279    map@5 : 0.2339    map@10 : 0.2556    map@20 : 0.2696    map@30 : 0.2757    map@50 : 0.2808
Sat 14 Mar 2026 22:34:11 INFO  Saving current: saved/SCL-Mar-14-2026_22-33-20.pth
Sat 14 Mar 2026 22:34:11 INFO  Saving current best: saved/SCL-Mar-14-2026_22-33-20.pth
Sat 14 Mar 2026 22:34:11 INFO  Running E-step ! 
Sat 14 Mar 2026 22:34:12 INFO  epoch 150 training [time: 0.18s, train_loss1: 2.2115, train_loss2: 0.0352, train_loss3: 0.0110, train_loss4: 0.0017]
Sat 14 Mar 2026 22:34:12 INFO  epoch 150 evaluating [time: 0.14s, valid_score: 0.343900]
Sat 14 Mar 2026 22:34:12 INFO  valid result: 
recall@1 : 0.1426    recall@2 : 0.212    recall@3 : 0.2736    recall@4 : 0.3309    recall@5 : 0.364    recall@10 : 0.5048    recall@20 : 0.6418    recall@30 : 0.7121    recall@50 : 0.8049    ndcg@1 : 0.2265    ndcg@2 : 0.2402    ndcg@3 : 0.2605    ndcg@4 : 0.2813    ndcg@5 : 0.2934    ndcg@10 : 0.3439    ndcg@20 : 0.3847    ndcg@30 : 0.4042    ndcg@50 : 0.4261    precision@1 : 0.2265    precision@2 : 0.1779    precision@3 : 0.1561    precision@4 : 0.1423    precision@5 : 0.1288    precision@10 : 0.0947    precision@20 : 0.063    precision@30 : 0.0486    precision@50 : 0.0339    map@1 : 0.2265    map@2 : 0.215    map@3 : 0.2201    map@4 : 0.2288    map@5 : 0.2342    map@10 : 0.2563    map@20 : 0.2703    map@30 : 0.2765    map@50 : 0.2815
Sat 14 Mar 2026 22:34:12 INFO  Saving current: saved/SCL-Mar-14-2026_22-33-20.pth
Sat 14 Mar 2026 22:34:12 INFO  Saving current best: saved/SCL-Mar-14-2026_22-33-20.pth
Sat 14 Mar 2026 22:34:12 INFO  Running E-step ! 
Sat 14 Mar 2026 22:34:12 INFO  epoch 151 training [time: 0.19s, train_loss1: 2.1803, train_loss2: 0.0351, train_loss3: 0.0110, train_loss4: 0.0018]
Sat 14 Mar 2026 22:34:12 INFO  epoch 151 evaluating [time: 0.15s, valid_score: 0.343800]
Sat 14 Mar 2026 22:34:12 INFO  valid result: 
recall@1 : 0.143    recall@2 : 0.2117    recall@3 : 0.2729    recall@4 : 0.3311    recall@5 : 0.3641    recall@10 : 0.5045    recall@20 : 0.6425    recall@30 : 0.7123    recall@50 : 0.8049    ndcg@1 : 0.2265    ndcg@2 : 0.2401    ndcg@3 : 0.2602    ndcg@4 : 0.2814    ndcg@5 : 0.2934    ndcg@10 : 0.3438    ndcg@20 : 0.3849    ndcg@30 : 0.4043    ndcg@50 : 0.4262    precision@1 : 0.2265    precision@2 : 0.1779    precision@3 : 0.1557    precision@4 : 0.1424    precision@5 : 0.1288    precision@10 : 0.0946    precision@20 : 0.063    precision@30 : 0.0486    precision@50 : 0.0339    map@1 : 0.2265    map@2 : 0.215    map@3 : 0.2199    map@4 : 0.2289    map@5 : 0.2344    map@10 : 0.2564    map@20 : 0.2705    map@30 : 0.2766    map@50 : 0.2817
Sat 14 Mar 2026 22:34:12 INFO  Running E-step ! 
Sat 14 Mar 2026 22:34:12 INFO  epoch 152 training [time: 0.16s, train_loss1: 2.1724, train_loss2: 0.0351, train_loss3: 0.0110, train_loss4: 0.0017]
Sat 14 Mar 2026 22:34:12 INFO  epoch 152 evaluating [time: 0.14s, valid_score: 0.343400]
Sat 14 Mar 2026 22:34:12 INFO  valid result: 
recall@1 : 0.1416    recall@2 : 0.2121    recall@3 : 0.2726    recall@4 : 0.3306    recall@5 : 0.3647    recall@10 : 0.5045    recall@20 : 0.6427    recall@30 : 0.7135    recall@50 : 0.8064    ndcg@1 : 0.2241    ndcg@2 : 0.2399    ndcg@3 : 0.2596    ndcg@4 : 0.2806    ndcg@5 : 0.2932    ndcg@10 : 0.3434    ndcg@20 : 0.3845    ndcg@30 : 0.4041    ndcg@50 : 0.4259    precision@1 : 0.2241    precision@2 : 0.1785    precision@3 : 0.1561    precision@4 : 0.1421    precision@5 : 0.1291    precision@10 : 0.0947    precision@20 : 0.063    precision@30 : 0.0486    precision@50 : 0.0339    map@1 : 0.2241    map@2 : 0.2144    map@3 : 0.2192    map@4 : 0.228    map@5 : 0.2339    map@10 : 0.2558    map@20 : 0.2699    map@30 : 0.276    map@50 : 0.281
Sat 14 Mar 2026 22:34:12 INFO  Running E-step ! 
Sat 14 Mar 2026 22:34:13 INFO  epoch 153 training [time: 0.16s, train_loss1: 2.1824, train_loss2: 0.0350, train_loss3: 0.0110, train_loss4: 0.0017]
Sat 14 Mar 2026 22:34:13 INFO  epoch 153 evaluating [time: 0.14s, valid_score: 0.343300]
Sat 14 Mar 2026 22:34:13 INFO  valid result: 
recall@1 : 0.1416    recall@2 : 0.2119    recall@3 : 0.2736    recall@4 : 0.3296    recall@5 : 0.3646    recall@10 : 0.5042    recall@20 : 0.6436    recall@30 : 0.7135    recall@50 : 0.8061    ndcg@1 : 0.2241    ndcg@2 : 0.2394    ndcg@3 : 0.2603    ndcg@4 : 0.2803    ndcg@5 : 0.2931    ndcg@10 : 0.3433    ndcg@20 : 0.3848    ndcg@30 : 0.4041    ndcg@50 : 0.4259    precision@1 : 0.2241    precision@2 : 0.1779    precision@3 : 0.1569    precision@4 : 0.1421    precision@5 : 0.129    precision@10 : 0.0948    precision@20 : 0.0632    precision@30 : 0.0487    precision@50 : 0.0339    map@1 : 0.2241    map@2 : 0.2139    map@3 : 0.2195    map@4 : 0.2279    map@5 : 0.2338    map@10 : 0.2558    map@20 : 0.27    map@30 : 0.276    map@50 : 0.281
Sat 14 Mar 2026 22:34:13 INFO  Running E-step ! 
Sat 14 Mar 2026 22:34:13 INFO  epoch 154 training [time: 0.17s, train_loss1: 2.1849, train_loss2: 0.0349, train_loss3: 0.0110, train_loss4: 0.0017]
Sat 14 Mar 2026 22:34:13 INFO  epoch 154 evaluating [time: 0.14s, valid_score: 0.343600]
Sat 14 Mar 2026 22:34:13 INFO  valid result: 
recall@1 : 0.1412    recall@2 : 0.2129    recall@3 : 0.2741    recall@4 : 0.3297    recall@5 : 0.3646    recall@10 : 0.5046    recall@20 : 0.6426    recall@30 : 0.7137    recall@50 : 0.8082    ndcg@1 : 0.2229    ndcg@2 : 0.2402    ndcg@3 : 0.2606    ndcg@4 : 0.2805    ndcg@5 : 0.2932    ndcg@10 : 0.3436    ndcg@20 : 0.3847    ndcg@30 : 0.4043    ndcg@50 : 0.4264    precision@1 : 0.2229    precision@2 : 0.1791    precision@3 : 0.1573    precision@4 : 0.1426    precision@5 : 0.1291    precision@10 : 0.0949    precision@20 : 0.0632    precision@30 : 0.0487    precision@50 : 0.034    map@1 : 0.2229    map@2 : 0.2145    map@3 : 0.2198    map@4 : 0.2281    map@5 : 0.234    map@10 : 0.2561    map@20 : 0.2701    map@30 : 0.2762    map@50 : 0.2813
Sat 14 Mar 2026 22:34:13 INFO  Running E-step ! 
Sat 14 Mar 2026 22:34:13 INFO  epoch 155 training [time: 0.16s, train_loss1: 2.1755, train_loss2: 0.0349, train_loss3: 0.0110, train_loss4: 0.0017]
Sat 14 Mar 2026 22:34:13 INFO  epoch 155 evaluating [time: 0.14s, valid_score: 0.343500]
Sat 14 Mar 2026 22:34:13 INFO  valid result: 
recall@1 : 0.1412    recall@2 : 0.2121    recall@3 : 0.2739    recall@4 : 0.3301    recall@5 : 0.3643    recall@10 : 0.5043    recall@20 : 0.6432    recall@30 : 0.714    recall@50 : 0.808    ndcg@1 : 0.2229    ndcg@2 : 0.2396    ndcg@3 : 0.2606    ndcg@4 : 0.2807    ndcg@5 : 0.2929    ndcg@10 : 0.3435    ndcg@20 : 0.3848    ndcg@30 : 0.4043    ndcg@50 : 0.4263    precision@1 : 0.2229    precision@2 : 0.1785    precision@3 : 0.1577    precision@4 : 0.1427    precision@5 : 0.129    precision@10 : 0.0951    precision@20 : 0.0633    precision@30 : 0.0487    precision@50 : 0.0339    map@1 : 0.2229    map@2 : 0.2141    map@3 : 0.2199    map@4 : 0.2282    map@5 : 0.2338    map@10 : 0.256    map@20 : 0.2702    map@30 : 0.2762    map@50 : 0.2812
Sat 14 Mar 2026 22:34:13 INFO  Running E-step ! 
Sat 14 Mar 2026 22:34:13 INFO  epoch 156 training [time: 0.17s, train_loss1: 2.1627, train_loss2: 0.0348, train_loss3: 0.0110, train_loss4: 0.0017]
Sat 14 Mar 2026 22:34:14 INFO  epoch 156 evaluating [time: 0.14s, valid_score: 0.343400]
Sat 14 Mar 2026 22:34:14 INFO  valid result: 
recall@1 : 0.1406    recall@2 : 0.2137    recall@3 : 0.273    recall@4 : 0.3303    recall@5 : 0.3649    recall@10 : 0.5039    recall@20 : 0.6424    recall@30 : 0.7142    recall@50 : 0.8086    ndcg@1 : 0.2223    ndcg@2 : 0.2405    ndcg@3 : 0.2602    ndcg@4 : 0.2807    ndcg@5 : 0.2933    ndcg@10 : 0.3434    ndcg@20 : 0.3846    ndcg@30 : 0.4043    ndcg@50 : 0.4264    precision@1 : 0.2223    precision@2 : 0.1794    precision@3 : 0.1575    precision@4 : 0.1429    precision@5 : 0.1297    precision@10 : 0.0951    precision@20 : 0.0633    precision@30 : 0.0487    precision@50 : 0.034    map@1 : 0.2223    map@2 : 0.2147    map@3 : 0.2196    map@4 : 0.2281    map@5 : 0.2339    map@10 : 0.256    map@20 : 0.2701    map@30 : 0.2761    map@50 : 0.2812
Sat 14 Mar 2026 22:34:14 INFO  Running E-step ! 
Sat 14 Mar 2026 22:34:14 INFO  epoch 157 training [time: 0.19s, train_loss1: 2.1313, train_loss2: 0.0347, train_loss3: 0.0110, train_loss4: 0.0017]
Sat 14 Mar 2026 22:34:14 INFO  epoch 157 evaluating [time: 0.14s, valid_score: 0.344000]
Sat 14 Mar 2026 22:34:14 INFO  valid result: 
recall@1 : 0.1415    recall@2 : 0.2141    recall@3 : 0.273    recall@4 : 0.3298    recall@5 : 0.3648    recall@10 : 0.5046    recall@20 : 0.6436    recall@30 : 0.7131    recall@50 : 0.8096    ndcg@1 : 0.2241    ndcg@2 : 0.2411    ndcg@3 : 0.2607    ndcg@4 : 0.281    ndcg@5 : 0.2937    ndcg@10 : 0.344    ndcg@20 : 0.3853    ndcg@30 : 0.4045    ndcg@50 : 0.4271    precision@1 : 0.2241    precision@2 : 0.1794    precision@3 : 0.1575    precision@4 : 0.1429    precision@5 : 0.1296    precision@10 : 0.0952    precision@20 : 0.0634    precision@30 : 0.0487    precision@50 : 0.034    map@1 : 0.2241    map@2 : 0.2154    map@3 : 0.2201    map@4 : 0.2285    map@5 : 0.2343    map@10 : 0.2565    map@20 : 0.2707    map@30 : 0.2766    map@50 : 0.2818
Sat 14 Mar 2026 22:34:14 INFO  Saving current: saved/SCL-Mar-14-2026_22-33-20.pth
Sat 14 Mar 2026 22:34:14 INFO  Saving current best: saved/SCL-Mar-14-2026_22-33-20.pth
Sat 14 Mar 2026 22:34:14 INFO  Running E-step ! 
Sat 14 Mar 2026 22:34:14 INFO  epoch 158 training [time: 0.19s, train_loss1: 2.1528, train_loss2: 0.0347, train_loss3: 0.0110, train_loss4: 0.0017]
Sat 14 Mar 2026 22:34:14 INFO  epoch 158 evaluating [time: 0.14s, valid_score: 0.344300]
Sat 14 Mar 2026 22:34:14 INFO  valid result: 
recall@1 : 0.1415    recall@2 : 0.2144    recall@3 : 0.2726    recall@4 : 0.3292    recall@5 : 0.3654    recall@10 : 0.5054    recall@20 : 0.6434    recall@30 : 0.7126    recall@50 : 0.8101    ndcg@1 : 0.2241    ndcg@2 : 0.2415    ndcg@3 : 0.2603    ndcg@4 : 0.2805    ndcg@5 : 0.294    ndcg@10 : 0.3443    ndcg@20 : 0.3853    ndcg@30 : 0.4044    ndcg@50 : 0.4272    precision@1 : 0.2241    precision@2 : 0.1797    precision@3 : 0.1569    precision@4 : 0.1424    precision@5 : 0.13    precision@10 : 0.0954    precision@20 : 0.0634    precision@30 : 0.0486    precision@50 : 0.034    map@1 : 0.2241    map@2 : 0.2157    map@3 : 0.2196    map@4 : 0.228    map@5 : 0.2344    map@10 : 0.2566    map@20 : 0.2706    map@30 : 0.2766    map@50 : 0.2818
Sat 14 Mar 2026 22:34:14 INFO  Saving current: saved/SCL-Mar-14-2026_22-33-20.pth
Sat 14 Mar 2026 22:34:14 INFO  Saving current best: saved/SCL-Mar-14-2026_22-33-20.pth
Sat 14 Mar 2026 22:34:14 INFO  Running E-step ! 
Sat 14 Mar 2026 22:34:15 INFO  epoch 159 training [time: 0.18s, train_loss1: 2.1208, train_loss2: 0.0346, train_loss3: 0.0110, train_loss4: 0.0017]
Sat 14 Mar 2026 22:34:15 INFO  epoch 159 evaluating [time: 0.14s, valid_score: 0.344500]
Sat 14 Mar 2026 22:34:15 INFO  valid result: 
recall@1 : 0.1423    recall@2 : 0.2153    recall@3 : 0.2735    recall@4 : 0.3305    recall@5 : 0.367    recall@10 : 0.5041    recall@20 : 0.6429    recall@30 : 0.7128    recall@50 : 0.8103    ndcg@1 : 0.2253    ndcg@2 : 0.2425    ndcg@3 : 0.2612    ndcg@4 : 0.2815    ndcg@5 : 0.2952    ndcg@10 : 0.3445    ndcg@20 : 0.3858    ndcg@30 : 0.405    ndcg@50 : 0.4279    precision@1 : 0.2253    precision@2 : 0.1803    precision@3 : 0.1573    precision@4 : 0.1427    precision@5 : 0.1304    precision@10 : 0.0952    precision@20 : 0.0633    precision@30 : 0.0486    precision@50 : 0.0341    map@1 : 0.2253    map@2 : 0.2166    map@3 : 0.2205    map@4 : 0.2289    map@5 : 0.2355    map@10 : 0.2572    map@20 : 0.2714    map@30 : 0.2773    map@50 : 0.2826
Sat 14 Mar 2026 22:34:15 INFO  Saving current: saved/SCL-Mar-14-2026_22-33-20.pth
Sat 14 Mar 2026 22:34:15 INFO  Saving current best: saved/SCL-Mar-14-2026_22-33-20.pth
Sat 14 Mar 2026 22:34:15 INFO  Running E-step ! 
Sat 14 Mar 2026 22:34:15 INFO  epoch 160 training [time: 0.17s, train_loss1: 2.1249, train_loss2: 0.0345, train_loss3: 0.0110, train_loss4: 0.0018]
Sat 14 Mar 2026 22:34:15 INFO  epoch 160 evaluating [time: 0.14s, valid_score: 0.343900]
Sat 14 Mar 2026 22:34:15 INFO  valid result: 
recall@1 : 0.1424    recall@2 : 0.2154    recall@3 : 0.2742    recall@4 : 0.3293    recall@5 : 0.367    recall@10 : 0.5016    recall@20 : 0.6427    recall@30 : 0.7135    recall@50 : 0.8109    ndcg@1 : 0.2259    ndcg@2 : 0.2428    ndcg@3 : 0.2616    ndcg@4 : 0.2811    ndcg@5 : 0.2954    ndcg@10 : 0.3439    ndcg@20 : 0.3858    ndcg@30 : 0.4053    ndcg@50 : 0.428    precision@1 : 0.2259    precision@2 : 0.1806    precision@3 : 0.1575    precision@4 : 0.1421    precision@5 : 0.1305    precision@10 : 0.0951    precision@20 : 0.0634    precision@30 : 0.0487    precision@50 : 0.0341    map@1 : 0.2259    map@2 : 0.2169    map@3 : 0.2207    map@4 : 0.2287    map@5 : 0.2356    map@10 : 0.257    map@20 : 0.2714    map@30 : 0.2774    map@50 : 0.2826
Sat 14 Mar 2026 22:34:15 INFO  Running E-step ! 
Sat 14 Mar 2026 22:34:15 INFO  epoch 161 training [time: 0.19s, train_loss1: 2.1071, train_loss2: 0.0345, train_loss3: 0.0110, train_loss4: 0.0018]
Sat 14 Mar 2026 22:34:15 INFO  epoch 161 evaluating [time: 0.14s, valid_score: 0.343900]
Sat 14 Mar 2026 22:34:15 INFO  valid result: 
recall@1 : 0.143    recall@2 : 0.2169    recall@3 : 0.2732    recall@4 : 0.3287    recall@5 : 0.3665    recall@10 : 0.5007    recall@20 : 0.6426    recall@30 : 0.714    recall@50 : 0.8106    ndcg@1 : 0.2265    ndcg@2 : 0.244    ndcg@3 : 0.2614    ndcg@4 : 0.2811    ndcg@5 : 0.2955    ndcg@10 : 0.3439    ndcg@20 : 0.3861    ndcg@30 : 0.4058    ndcg@50 : 0.4283    precision@1 : 0.2265    precision@2 : 0.1815    precision@3 : 0.1569    precision@4 : 0.142    precision@5 : 0.1305    precision@10 : 0.095    precision@20 : 0.0633    precision@30 : 0.0488    precision@50 : 0.034    map@1 : 0.2265    map@2 : 0.2183    map@3 : 0.2209    map@4 : 0.2291    map@5 : 0.2359    map@10 : 0.2573    map@20 : 0.2719    map@30 : 0.278    map@50 : 0.2831
Sat 14 Mar 2026 22:34:15 INFO  Running E-step ! 
Sat 14 Mar 2026 22:34:16 INFO  epoch 162 training [time: 0.19s, train_loss1: 2.1097, train_loss2: 0.0344, train_loss3: 0.0110, train_loss4: 0.0018]
Sat 14 Mar 2026 22:34:16 INFO  epoch 162 evaluating [time: 0.14s, valid_score: 0.343100]
Sat 14 Mar 2026 22:34:16 INFO  valid result: 
recall@1 : 0.1424    recall@2 : 0.217    recall@3 : 0.2723    recall@4 : 0.329    recall@5 : 0.3659    recall@10 : 0.4991    recall@20 : 0.6431    recall@30 : 0.7137    recall@50 : 0.8094    ndcg@1 : 0.2247    ndcg@2 : 0.2436    ndcg@3 : 0.2606    ndcg@4 : 0.2809    ndcg@5 : 0.2948    ndcg@10 : 0.3431    ndcg@20 : 0.3859    ndcg@30 : 0.4054    ndcg@50 : 0.4277    precision@1 : 0.2247    precision@2 : 0.1815    precision@3 : 0.1565    precision@4 : 0.1421    precision@5 : 0.1302    precision@10 : 0.0948    precision@20 : 0.0633    precision@30 : 0.0488    precision@50 : 0.034    map@1 : 0.2247    map@2 : 0.2178    map@3 : 0.2203    map@4 : 0.2288    map@5 : 0.2354    map@10 : 0.2568    map@20 : 0.2715    map@30 : 0.2776    map@50 : 0.2827
Sat 14 Mar 2026 22:34:16 INFO  Running E-step ! 
Sat 14 Mar 2026 22:34:16 INFO  epoch 163 training [time: 0.19s, train_loss1: 2.1213, train_loss2: 0.0344, train_loss3: 0.0110, train_loss4: 0.0017]
Sat 14 Mar 2026 22:34:16 INFO  epoch 163 evaluating [time: 0.14s, valid_score: 0.344100]
Sat 14 Mar 2026 22:34:16 INFO  valid result: 
recall@1 : 0.1442    recall@2 : 0.2169    recall@3 : 0.2719    recall@4 : 0.33    recall@5 : 0.3674    recall@10 : 0.5001    recall@20 : 0.6437    recall@30 : 0.7138    recall@50 : 0.8089    ndcg@1 : 0.2265    ndcg@2 : 0.2444    ndcg@3 : 0.2611    ndcg@4 : 0.2822    ndcg@5 : 0.296    ndcg@10 : 0.3441    ndcg@20 : 0.3868    ndcg@30 : 0.4061    ndcg@50 : 0.4284    precision@1 : 0.2265    precision@2 : 0.1818    precision@3 : 0.1565    precision@4 : 0.1427    precision@5 : 0.1303    precision@10 : 0.0949    precision@20 : 0.0634    precision@30 : 0.0488    precision@50 : 0.034    map@1 : 0.2265    map@2 : 0.2187    map@3 : 0.2212    map@4 : 0.2302    map@5 : 0.2366    map@10 : 0.2579    map@20 : 0.2726    map@30 : 0.2786    map@50 : 0.2837
Sat 14 Mar 2026 22:34:16 INFO  Running E-step ! 
Sat 14 Mar 2026 22:34:16 INFO  epoch 164 training [time: 0.19s, train_loss1: 2.0929, train_loss2: 0.0343, train_loss3: 0.0110, train_loss4: 0.0017]
Sat 14 Mar 2026 22:34:16 INFO  epoch 164 evaluating [time: 0.14s, valid_score: 0.344200]
Sat 14 Mar 2026 22:34:16 INFO  valid result: 
recall@1 : 0.1435    recall@2 : 0.2166    recall@3 : 0.2726    recall@4 : 0.3298    recall@5 : 0.3679    recall@10 : 0.501    recall@20 : 0.6442    recall@30 : 0.7139    recall@50 : 0.8087    ndcg@1 : 0.2253    ndcg@2 : 0.2441    ndcg@3 : 0.2613    ndcg@4 : 0.2817    ndcg@5 : 0.2961    ndcg@10 : 0.3442    ndcg@20 : 0.3867    ndcg@30 : 0.4059    ndcg@50 : 0.4281    precision@1 : 0.2253    precision@2 : 0.1821    precision@3 : 0.1571    precision@4 : 0.1424    precision@5 : 0.1308    precision@10 : 0.0951    precision@20 : 0.0634    precision@30 : 0.0488    precision@50 : 0.034    map@1 : 0.2253    map@2 : 0.2184    map@3 : 0.2211    map@4 : 0.2298    map@5 : 0.2364    map@10 : 0.2578    map@20 : 0.2724    map@30 : 0.2784    map@50 : 0.2834
Sat 14 Mar 2026 22:34:16 INFO  Running E-step ! 
Sat 14 Mar 2026 22:34:17 INFO  epoch 165 training [time: 0.18s, train_loss1: 2.0772, train_loss2: 0.0342, train_loss3: 0.0110, train_loss4: 0.0018]
Sat 14 Mar 2026 22:34:17 INFO  epoch 165 evaluating [time: 0.14s, valid_score: 0.344500]
Sat 14 Mar 2026 22:34:17 INFO  valid result: 
recall@1 : 0.1439    recall@2 : 0.218    recall@3 : 0.2741    recall@4 : 0.3295    recall@5 : 0.3679    recall@10 : 0.5002    recall@20 : 0.6435    recall@30 : 0.7139    recall@50 : 0.8072    ndcg@1 : 0.2265    ndcg@2 : 0.2451    ndcg@3 : 0.2625    ndcg@4 : 0.2822    ndcg@5 : 0.2968    ndcg@10 : 0.3445    ndcg@20 : 0.387    ndcg@30 : 0.4065    ndcg@50 : 0.4284    precision@1 : 0.2265    precision@2 : 0.1827    precision@3 : 0.1577    precision@4 : 0.1426    precision@5 : 0.1311    precision@10 : 0.0951    precision@20 : 0.0634    precision@30 : 0.0488    precision@50 : 0.034    map@1 : 0.2265    map@2 : 0.2192    map@3 : 0.2219    map@4 : 0.2303    map@5 : 0.237    map@10 : 0.2582    map@20 : 0.2729    map@30 : 0.2789    map@50 : 0.284
Sat 14 Mar 2026 22:34:17 INFO  Saving current: saved/SCL-Mar-14-2026_22-33-20.pth
Sat 14 Mar 2026 22:34:17 INFO  Saving current best: saved/SCL-Mar-14-2026_22-33-20.pth
Sat 14 Mar 2026 22:34:17 INFO  Running E-step ! 
Sat 14 Mar 2026 22:34:17 INFO  epoch 166 training [time: 0.18s, train_loss1: 2.0804, train_loss2: 0.0341, train_loss3: 0.0110, train_loss4: 0.0017]
Sat 14 Mar 2026 22:34:17 INFO  epoch 166 evaluating [time: 0.14s, valid_score: 0.344500]
Sat 14 Mar 2026 22:34:17 INFO  valid result: 
recall@1 : 0.1424    recall@2 : 0.2182    recall@3 : 0.2757    recall@4 : 0.3309    recall@5 : 0.368    recall@10 : 0.5011    recall@20 : 0.6438    recall@30 : 0.7139    recall@50 : 0.8084    ndcg@1 : 0.2253    ndcg@2 : 0.2448    ndcg@3 : 0.2629    ndcg@4 : 0.2825    ndcg@5 : 0.2963    ndcg@10 : 0.3445    ndcg@20 : 0.3869    ndcg@30 : 0.4063    ndcg@50 : 0.4284    precision@1 : 0.2253    precision@2 : 0.183    precision@3 : 0.1585    precision@4 : 0.143    precision@5 : 0.1308    precision@10 : 0.0952    precision@20 : 0.0635    precision@30 : 0.0488    precision@50 : 0.034    map@1 : 0.2253    map@2 : 0.2184    map@3 : 0.2218    map@4 : 0.2301    map@5 : 0.2364    map@10 : 0.258    map@20 : 0.2726    map@30 : 0.2786    map@50 : 0.2837
Sat 14 Mar 2026 22:34:17 INFO  Saving current: saved/SCL-Mar-14-2026_22-33-20.pth
Sat 14 Mar 2026 22:34:17 INFO  Saving current best: saved/SCL-Mar-14-2026_22-33-20.pth
Sat 14 Mar 2026 22:34:17 INFO  Running E-step ! 
Sat 14 Mar 2026 22:34:17 INFO  epoch 167 training [time: 0.17s, train_loss1: 2.0975, train_loss2: 0.0341, train_loss3: 0.0110, train_loss4: 0.0017]
Sat 14 Mar 2026 22:34:17 INFO  epoch 167 evaluating [time: 0.14s, valid_score: 0.345100]
Sat 14 Mar 2026 22:34:17 INFO  valid result: 
recall@1 : 0.1415    recall@2 : 0.2192    recall@3 : 0.2775    recall@4 : 0.3308    recall@5 : 0.3673    recall@10 : 0.5027    recall@20 : 0.6435    recall@30 : 0.7131    recall@50 : 0.8101    ndcg@1 : 0.2253    ndcg@2 : 0.2452    ndcg@3 : 0.2636    ndcg@4 : 0.2822    ndcg@5 : 0.296    ndcg@10 : 0.3451    ndcg@20 : 0.3869    ndcg@30 : 0.4062    ndcg@50 : 0.4288    precision@1 : 0.2253    precision@2 : 0.1833    precision@3 : 0.1589    precision@4 : 0.1427    precision@5 : 0.1305    precision@10 : 0.0956    precision@20 : 0.0635    precision@30 : 0.0488    precision@50 : 0.0341    map@1 : 0.2253    map@2 : 0.2186    map@3 : 0.2222    map@4 : 0.2299    map@5 : 0.2361    map@10 : 0.2581    map@20 : 0.2726    map@30 : 0.2785    map@50 : 0.2837
Sat 14 Mar 2026 22:34:17 INFO  Saving current: saved/SCL-Mar-14-2026_22-33-20.pth
Sat 14 Mar 2026 22:34:17 INFO  Saving current best: saved/SCL-Mar-14-2026_22-33-20.pth
Sat 14 Mar 2026 22:34:17 INFO  Running E-step ! 
Sat 14 Mar 2026 22:34:18 INFO  epoch 168 training [time: 0.18s, train_loss1: 2.1022, train_loss2: 0.0340, train_loss3: 0.0110, train_loss4: 0.0017]
Sat 14 Mar 2026 22:34:18 INFO  epoch 168 evaluating [time: 0.15s, valid_score: 0.345600]
Sat 14 Mar 2026 22:34:18 INFO  valid result: 
recall@1 : 0.1421    recall@2 : 0.2195    recall@3 : 0.2782    recall@4 : 0.3317    recall@5 : 0.3683    recall@10 : 0.503    recall@20 : 0.6433    recall@30 : 0.7142    recall@50 : 0.8104    ndcg@1 : 0.2265    ndcg@2 : 0.2457    ndcg@3 : 0.2643    ndcg@4 : 0.283    ndcg@5 : 0.297    ndcg@10 : 0.3456    ndcg@20 : 0.3873    ndcg@30 : 0.4069    ndcg@50 : 0.4294    precision@1 : 0.2265    precision@2 : 0.1836    precision@3 : 0.1593    precision@4 : 0.143    precision@5 : 0.1312    precision@10 : 0.0956    precision@20 : 0.0634    precision@30 : 0.0489    precision@50 : 0.0341    map@1 : 0.2265    map@2 : 0.2192    map@3 : 0.2229    map@4 : 0.2307    map@5 : 0.2369    map@10 : 0.2587    map@20 : 0.2731    map@30 : 0.2792    map@50 : 0.2843
Sat 14 Mar 2026 22:34:18 INFO  Saving current: saved/SCL-Mar-14-2026_22-33-20.pth
Sat 14 Mar 2026 22:34:18 INFO  Saving current best: saved/SCL-Mar-14-2026_22-33-20.pth
Sat 14 Mar 2026 22:34:18 INFO  Running E-step ! 
Sat 14 Mar 2026 22:34:18 INFO  epoch 169 training [time: 0.18s, train_loss1: 2.0847, train_loss2: 0.0339, train_loss3: 0.0110, train_loss4: 0.0018]
Sat 14 Mar 2026 22:34:18 INFO  epoch 169 evaluating [time: 0.14s, valid_score: 0.345700]
Sat 14 Mar 2026 22:34:18 INFO  valid result: 
recall@1 : 0.142    recall@2 : 0.2195    recall@3 : 0.2781    recall@4 : 0.3308    recall@5 : 0.3672    recall@10 : 0.5033    recall@20 : 0.6437    recall@30 : 0.7135    recall@50 : 0.8095    ndcg@1 : 0.2271    ndcg@2 : 0.2456    ndcg@3 : 0.2642    ndcg@4 : 0.2827    ndcg@5 : 0.2965    ndcg@10 : 0.3457    ndcg@20 : 0.3874    ndcg@30 : 0.4069    ndcg@50 : 0.4292    precision@1 : 0.2271    precision@2 : 0.1833    precision@3 : 0.1591    precision@4 : 0.1429    precision@5 : 0.131    precision@10 : 0.0957    precision@20 : 0.0635    precision@30 : 0.0489    precision@50 : 0.0341    map@1 : 0.2271    map@2 : 0.2192    map@3 : 0.2228    map@4 : 0.2304    map@5 : 0.2366    map@10 : 0.2587    map@20 : 0.2731    map@30 : 0.2791    map@50 : 0.2843
Sat 14 Mar 2026 22:34:18 INFO  Saving current: saved/SCL-Mar-14-2026_22-33-20.pth
Sat 14 Mar 2026 22:34:18 INFO  Saving current best: saved/SCL-Mar-14-2026_22-33-20.pth
Sat 14 Mar 2026 22:34:18 INFO  Running E-step ! 
Sat 14 Mar 2026 22:34:18 INFO  epoch 170 training [time: 0.17s, train_loss1: 2.0588, train_loss2: 0.0339, train_loss3: 0.0110, train_loss4: 0.0017]
Sat 14 Mar 2026 22:34:18 INFO  epoch 170 evaluating [time: 0.14s, valid_score: 0.346700]
Sat 14 Mar 2026 22:34:18 INFO  valid result: 
recall@1 : 0.142    recall@2 : 0.2201    recall@3 : 0.28    recall@4 : 0.3324    recall@5 : 0.3684    recall@10 : 0.5051    recall@20 : 0.6439    recall@30 : 0.7145    recall@50 : 0.8086    ndcg@1 : 0.2271    ndcg@2 : 0.246    ndcg@3 : 0.2652    ndcg@4 : 0.2837    ndcg@5 : 0.2973    ndcg@10 : 0.3467    ndcg@20 : 0.388    ndcg@30 : 0.4075    ndcg@50 : 0.4295    precision@1 : 0.2271    precision@2 : 0.1836    precision@3 : 0.1597    precision@4 : 0.1435    precision@5 : 0.1315    precision@10 : 0.0959    precision@20 : 0.0636    precision@30 : 0.0489    precision@50 : 0.0341    map@1 : 0.2271    map@2 : 0.2195    map@3 : 0.2235    map@4 : 0.2311    map@5 : 0.2373    map@10 : 0.2594    map@20 : 0.2737    map@30 : 0.2797    map@50 : 0.2848
Sat 14 Mar 2026 22:34:18 INFO  Saving current: saved/SCL-Mar-14-2026_22-33-20.pth
Sat 14 Mar 2026 22:34:18 INFO  Saving current best: saved/SCL-Mar-14-2026_22-33-20.pth
Sat 14 Mar 2026 22:34:18 INFO  Running E-step ! 
Sat 14 Mar 2026 22:34:19 INFO  epoch 171 training [time: 0.18s, train_loss1: 2.0641, train_loss2: 0.0338, train_loss3: 0.0110, train_loss4: 0.0017]
Sat 14 Mar 2026 22:34:19 INFO  epoch 171 evaluating [time: 0.14s, valid_score: 0.347100]
Sat 14 Mar 2026 22:34:19 INFO  valid result: 
recall@1 : 0.1422    recall@2 : 0.2209    recall@3 : 0.2812    recall@4 : 0.3335    recall@5 : 0.3681    recall@10 : 0.5053    recall@20 : 0.6444    recall@30 : 0.7143    recall@50 : 0.8099    ndcg@1 : 0.2277    ndcg@2 : 0.2465    ndcg@3 : 0.2661    ndcg@4 : 0.2845    ndcg@5 : 0.2974    ndcg@10 : 0.3471    ndcg@20 : 0.3887    ndcg@30 : 0.4079    ndcg@50 : 0.4302    precision@1 : 0.2277    precision@2 : 0.1838    precision@3 : 0.1603    precision@4 : 0.1439    precision@5 : 0.1311    precision@10 : 0.0959    precision@20 : 0.0638    precision@30 : 0.049    precision@50 : 0.0341    map@1 : 0.2277    map@2 : 0.2199    map@3 : 0.2242    map@4 : 0.2317    map@5 : 0.2375    map@10 : 0.2599    map@20 : 0.2743    map@30 : 0.2802    map@50 : 0.2853
Sat 14 Mar 2026 22:34:19 INFO  Saving current: saved/SCL-Mar-14-2026_22-33-20.pth
Sat 14 Mar 2026 22:34:19 INFO  Saving current best: saved/SCL-Mar-14-2026_22-33-20.pth
Sat 14 Mar 2026 22:34:19 INFO  Running E-step ! 
Sat 14 Mar 2026 22:34:19 INFO  epoch 172 training [time: 0.17s, train_loss1: 2.0661, train_loss2: 0.0337, train_loss3: 0.0110, train_loss4: 0.0017]
Sat 14 Mar 2026 22:34:19 INFO  epoch 172 evaluating [time: 0.14s, valid_score: 0.347800]
Sat 14 Mar 2026 22:34:19 INFO  valid result: 
recall@1 : 0.1433    recall@2 : 0.2221    recall@3 : 0.2814    recall@4 : 0.3323    recall@5 : 0.3688    recall@10 : 0.5054    recall@20 : 0.6442    recall@30 : 0.7146    recall@50 : 0.8107    ndcg@1 : 0.2294    ndcg@2 : 0.248    ndcg@3 : 0.267    ndcg@4 : 0.2847    ndcg@5 : 0.2984    ndcg@10 : 0.3478    ndcg@20 : 0.3893    ndcg@30 : 0.4087    ndcg@50 : 0.4311    precision@1 : 0.2294    precision@2 : 0.185    precision@3 : 0.1605    precision@4 : 0.1436    precision@5 : 0.1313    precision@10 : 0.0961    precision@20 : 0.0638    precision@30 : 0.049    precision@50 : 0.0341    map@1 : 0.2294    map@2 : 0.2214    map@3 : 0.2252    map@4 : 0.2323    map@5 : 0.2385    map@10 : 0.2607    map@20 : 0.2751    map@30 : 0.2811    map@50 : 0.2862
Sat 14 Mar 2026 22:34:19 INFO  Saving current: saved/SCL-Mar-14-2026_22-33-20.pth
Sat 14 Mar 2026 22:34:19 INFO  Saving current best: saved/SCL-Mar-14-2026_22-33-20.pth
Sat 14 Mar 2026 22:34:19 INFO  Running E-step ! 
Sat 14 Mar 2026 22:34:19 INFO  epoch 173 training [time: 0.17s, train_loss1: 2.0485, train_loss2: 0.0337, train_loss3: 0.0110, train_loss4: 0.0018]
Sat 14 Mar 2026 22:34:19 INFO  epoch 173 evaluating [time: 0.14s, valid_score: 0.347200]
Sat 14 Mar 2026 22:34:19 INFO  valid result: 
recall@1 : 0.1423    recall@2 : 0.2213    recall@3 : 0.2816    recall@4 : 0.3316    recall@5 : 0.3696    recall@10 : 0.5045    recall@20 : 0.6432    recall@30 : 0.7147    recall@50 : 0.8122    ndcg@1 : 0.2288    ndcg@2 : 0.2469    ndcg@3 : 0.2668    ndcg@4 : 0.284    ndcg@5 : 0.2983    ndcg@10 : 0.3472    ndcg@20 : 0.3887    ndcg@30 : 0.4083    ndcg@50 : 0.431    precision@1 : 0.2288    precision@2 : 0.1841    precision@3 : 0.1609    precision@4 : 0.1435    precision@5 : 0.1317    precision@10 : 0.0959    precision@20 : 0.0637    precision@30 : 0.049    precision@50 : 0.0342    map@1 : 0.2288    map@2 : 0.2201    map@3 : 0.2246    map@4 : 0.2315    map@5 : 0.238    map@10 : 0.26    map@20 : 0.2745    map@30 : 0.2805    map@50 : 0.2857
Sat 14 Mar 2026 22:34:19 INFO  Running E-step ! 
Sat 14 Mar 2026 22:34:20 INFO  epoch 174 training [time: 0.17s, train_loss1: 2.0516, train_loss2: 0.0336, train_loss3: 0.0110, train_loss4: 0.0017]
Sat 14 Mar 2026 22:34:20 INFO  epoch 174 evaluating [time: 0.14s, valid_score: 0.346900]
Sat 14 Mar 2026 22:34:20 INFO  valid result: 
recall@1 : 0.142    recall@2 : 0.2203    recall@3 : 0.2814    recall@4 : 0.3292    recall@5 : 0.3691    recall@10 : 0.5051    recall@20 : 0.6434    recall@30 : 0.7146    recall@50 : 0.8126    ndcg@1 : 0.2277    ndcg@2 : 0.2461    ndcg@3 : 0.2664    ndcg@4 : 0.2828    ndcg@5 : 0.2977    ndcg@10 : 0.3469    ndcg@20 : 0.3884    ndcg@30 : 0.4079    ndcg@50 : 0.4307    precision@1 : 0.2277    precision@2 : 0.1838    precision@3 : 0.1609    precision@4 : 0.1432    precision@5 : 0.1317    precision@10 : 0.0959    precision@20 : 0.0638    precision@30 : 0.049    precision@50 : 0.0342    map@1 : 0.2277    map@2 : 0.2195    map@3 : 0.2243    map@4 : 0.2306    map@5 : 0.2376    map@10 : 0.2597    map@20 : 0.2741    map@30 : 0.2801    map@50 : 0.2853
Sat 14 Mar 2026 22:34:20 INFO  Running E-step ! 
Sat 14 Mar 2026 22:34:20 INFO  epoch 175 training [time: 0.16s, train_loss1: 2.0487, train_loss2: 0.0335, train_loss3: 0.0110, train_loss4: 0.0017]
Sat 14 Mar 2026 22:34:20 INFO  epoch 175 evaluating [time: 0.14s, valid_score: 0.347100]
Sat 14 Mar 2026 22:34:20 INFO  valid result: 
recall@1 : 0.1411    recall@2 : 0.2204    recall@3 : 0.2823    recall@4 : 0.3297    recall@5 : 0.3686    recall@10 : 0.5063    recall@20 : 0.6423    recall@30 : 0.7149    recall@50 : 0.8122    ndcg@1 : 0.2265    ndcg@2 : 0.2457    ndcg@3 : 0.2665    ndcg@4 : 0.2827    ndcg@5 : 0.2974    ndcg@10 : 0.3471    ndcg@20 : 0.3878    ndcg@30 : 0.4077    ndcg@50 : 0.4304    precision@1 : 0.2265    precision@2 : 0.1836    precision@3 : 0.1613    precision@4 : 0.1432    precision@5 : 0.1318    precision@10 : 0.0962    precision@20 : 0.0637    precision@30 : 0.0491    precision@50 : 0.0342    map@1 : 0.2265    map@2 : 0.219    map@3 : 0.2241    map@4 : 0.2304    map@5 : 0.2372    map@10 : 0.2595    map@20 : 0.2737    map@30 : 0.2798    map@50 : 0.285
Sat 14 Mar 2026 22:34:20 INFO  Running E-step ! 
Sat 14 Mar 2026 22:34:20 INFO  epoch 176 training [time: 0.16s, train_loss1: 2.0404, train_loss2: 0.0335, train_loss3: 0.0110, train_loss4: 0.0017]
Sat 14 Mar 2026 22:34:20 INFO  epoch 176 evaluating [time: 0.14s, valid_score: 0.347000]
Sat 14 Mar 2026 22:34:20 INFO  valid result: 
recall@1 : 0.1411    recall@2 : 0.2205    recall@3 : 0.2824    recall@4 : 0.3276    recall@5 : 0.3682    recall@10 : 0.506    recall@20 : 0.6424    recall@30 : 0.7144    recall@50 : 0.8122    ndcg@1 : 0.2265    ndcg@2 : 0.2459    ndcg@3 : 0.2667    ndcg@4 : 0.2818    ndcg@5 : 0.2971    ndcg@10 : 0.347    ndcg@20 : 0.3878    ndcg@30 : 0.4075    ndcg@50 : 0.4303    precision@1 : 0.2265    precision@2 : 0.1838    precision@3 : 0.1615    precision@4 : 0.1426    precision@5 : 0.1316    precision@10 : 0.0963    precision@20 : 0.0638    precision@30 : 0.049    precision@50 : 0.0342    map@1 : 0.2265    map@2 : 0.2192    map@3 : 0.2241    map@4 : 0.2299    map@5 : 0.2369    map@10 : 0.2594    map@20 : 0.2737    map@30 : 0.2797    map@50 : 0.2849
Sat 14 Mar 2026 22:34:20 INFO  Running E-step ! 
Sat 14 Mar 2026 22:34:20 INFO  epoch 177 training [time: 0.18s, train_loss1: 2.0164, train_loss2: 0.0334, train_loss3: 0.0110, train_loss4: 0.0017]
Sat 14 Mar 2026 22:34:21 INFO  epoch 177 evaluating [time: 0.14s, valid_score: 0.346700]
Sat 14 Mar 2026 22:34:21 INFO  valid result: 
recall@1 : 0.1402    recall@2 : 0.2192    recall@3 : 0.2847    recall@4 : 0.3289    recall@5 : 0.3682    recall@10 : 0.506    recall@20 : 0.6422    recall@30 : 0.7155    recall@50 : 0.8139    ndcg@1 : 0.2259    ndcg@2 : 0.2445    ndcg@3 : 0.2673    ndcg@4 : 0.2822    ndcg@5 : 0.2969    ndcg@10 : 0.3467    ndcg@20 : 0.3875    ndcg@30 : 0.4075    ndcg@50 : 0.4304    precision@1 : 0.2259    precision@2 : 0.1827    precision@3 : 0.1623    precision@4 : 0.1433    precision@5 : 0.1317    precision@10 : 0.0963    precision@20 : 0.0637    precision@30 : 0.0491    precision@50 : 0.0342    map@1 : 0.2259    map@2 : 0.2178    map@3 : 0.2242    map@4 : 0.2299    map@5 : 0.2366    map@10 : 0.259    map@20 : 0.2732    map@30 : 0.2793    map@50 : 0.2846
Sat 14 Mar 2026 22:34:21 INFO  Running E-step ! 
Sat 14 Mar 2026 22:34:21 INFO  epoch 178 training [time: 0.18s, train_loss1: 2.0202, train_loss2: 0.0333, train_loss3: 0.0110, train_loss4: 0.0017]
Sat 14 Mar 2026 22:34:21 INFO  epoch 178 evaluating [time: 0.14s, valid_score: 0.347100]
Sat 14 Mar 2026 22:34:21 INFO  valid result: 
recall@1 : 0.1405    recall@2 : 0.2218    recall@3 : 0.2844    recall@4 : 0.3292    recall@5 : 0.3687    recall@10 : 0.5059    recall@20 : 0.6426    recall@30 : 0.7157    recall@50 : 0.8137    ndcg@1 : 0.2265    ndcg@2 : 0.2462    ndcg@3 : 0.2678    ndcg@4 : 0.2827    ndcg@5 : 0.2976    ndcg@10 : 0.3471    ndcg@20 : 0.3881    ndcg@30 : 0.4081    ndcg@50 : 0.4308    precision@1 : 0.2265    precision@2 : 0.1838    precision@3 : 0.1625    precision@4 : 0.1433    precision@5 : 0.1319    precision@10 : 0.0964    precision@20 : 0.0638    precision@30 : 0.0491    precision@50 : 0.0342    map@1 : 0.2265    map@2 : 0.2192    map@3 : 0.2248    map@4 : 0.2305    map@5 : 0.2373    map@10 : 0.2596    map@20 : 0.2739    map@30 : 0.28    map@50 : 0.2852
Sat 14 Mar 2026 22:34:21 INFO  Running E-step ! 
Sat 14 Mar 2026 22:34:21 INFO  epoch 179 training [time: 0.19s, train_loss1: 2.0218, train_loss2: 0.0333, train_loss3: 0.0110, train_loss4: 0.0017]
Sat 14 Mar 2026 22:34:21 INFO  epoch 179 evaluating [time: 0.14s, valid_score: 0.347000]
Sat 14 Mar 2026 22:34:21 INFO  valid result: 
recall@1 : 0.1401    recall@2 : 0.2219    recall@3 : 0.2855    recall@4 : 0.3298    recall@5 : 0.3687    recall@10 : 0.5056    recall@20 : 0.6417    recall@30 : 0.7167    recall@50 : 0.8145    ndcg@1 : 0.2265    ndcg@2 : 0.2465    ndcg@3 : 0.2683    ndcg@4 : 0.2829    ndcg@5 : 0.2976    ndcg@10 : 0.347    ndcg@20 : 0.388    ndcg@30 : 0.4084    ndcg@50 : 0.4311    precision@1 : 0.2265    precision@2 : 0.1844    precision@3 : 0.1631    precision@4 : 0.1433    precision@5 : 0.1319    precision@10 : 0.0962    precision@20 : 0.0638    precision@30 : 0.0492    precision@50 : 0.0342    map@1 : 0.2265    map@2 : 0.2195    map@3 : 0.2255    map@4 : 0.2306    map@5 : 0.2373    map@10 : 0.2596    map@20 : 0.274    map@30 : 0.2801    map@50 : 0.2853
Sat 14 Mar 2026 22:34:21 INFO  Running E-step ! 
Sat 14 Mar 2026 22:34:22 INFO  epoch 180 training [time: 0.18s, train_loss1: 2.0049, train_loss2: 0.0332, train_loss3: 0.0110, train_loss4: 0.0017]
Sat 14 Mar 2026 22:34:22 INFO  epoch 180 evaluating [time: 0.14s, valid_score: 0.346800]
Sat 14 Mar 2026 22:34:22 INFO  valid result: 
recall@1 : 0.1386    recall@2 : 0.2227    recall@3 : 0.2864    recall@4 : 0.3311    recall@5 : 0.3693    recall@10 : 0.5058    recall@20 : 0.6413    recall@30 : 0.7175    recall@50 : 0.814    ndcg@1 : 0.2241    ndcg@2 : 0.2467    ndcg@3 : 0.2683    ndcg@4 : 0.283    ndcg@5 : 0.2975    ndcg@10 : 0.3468    ndcg@20 : 0.3876    ndcg@30 : 0.4083    ndcg@50 : 0.4307    precision@1 : 0.2241    precision@2 : 0.1856    precision@3 : 0.1633    precision@4 : 0.1436    precision@5 : 0.1321    precision@10 : 0.0963    precision@20 : 0.0638    precision@30 : 0.0492    precision@50 : 0.0342    map@1 : 0.2241    map@2 : 0.2192    map@3 : 0.225    map@4 : 0.2304    map@5 : 0.237    map@10 : 0.2592    map@20 : 0.2736    map@30 : 0.2798    map@50 : 0.2849
Sat 14 Mar 2026 22:34:22 INFO  Running E-step ! 
Sat 14 Mar 2026 22:34:22 INFO  epoch 181 training [time: 0.19s, train_loss1: 2.0232, train_loss2: 0.0331, train_loss3: 0.0110, train_loss4: 0.0017]
Sat 14 Mar 2026 22:34:22 INFO  epoch 181 evaluating [time: 0.14s, valid_score: 0.348000]
Sat 14 Mar 2026 22:34:22 INFO  valid result: 
recall@1 : 0.1402    recall@2 : 0.2238    recall@3 : 0.2865    recall@4 : 0.332    recall@5 : 0.3697    recall@10 : 0.5069    recall@20 : 0.6414    recall@30 : 0.7191    recall@50 : 0.8136    ndcg@1 : 0.2259    ndcg@2 : 0.2478    ndcg@3 : 0.2691    ndcg@4 : 0.2844    ndcg@5 : 0.2986    ndcg@10 : 0.348    ndcg@20 : 0.3885    ndcg@30 : 0.4096    ndcg@50 : 0.4315    precision@1 : 0.2259    precision@2 : 0.1859    precision@3 : 0.1635    precision@4 : 0.1444    precision@5 : 0.1325    precision@10 : 0.0965    precision@20 : 0.0638    precision@30 : 0.0493    precision@50 : 0.0342    map@1 : 0.2259    map@2 : 0.2202    map@3 : 0.2259    map@4 : 0.2316    map@5 : 0.2381    map@10 : 0.2604    map@20 : 0.2747    map@30 : 0.281    map@50 : 0.286
Sat 14 Mar 2026 22:34:22 INFO  Saving current: saved/SCL-Mar-14-2026_22-33-20.pth
Sat 14 Mar 2026 22:34:22 INFO  Saving current best: saved/SCL-Mar-14-2026_22-33-20.pth
Sat 14 Mar 2026 22:34:22 INFO  Running E-step ! 
Sat 14 Mar 2026 22:34:22 INFO  epoch 182 training [time: 0.18s, train_loss1: 2.0499, train_loss2: 0.0331, train_loss3: 0.0110, train_loss4: 0.0017]
Sat 14 Mar 2026 22:34:22 INFO  epoch 182 evaluating [time: 0.14s, valid_score: 0.348600]
Sat 14 Mar 2026 22:34:22 INFO  valid result: 
recall@1 : 0.1407    recall@2 : 0.2221    recall@3 : 0.2865    recall@4 : 0.3328    recall@5 : 0.3694    recall@10 : 0.5083    recall@20 : 0.6414    recall@30 : 0.7189    recall@50 : 0.8141    ndcg@1 : 0.2265    ndcg@2 : 0.2472    ndcg@3 : 0.2691    ndcg@4 : 0.2849    ndcg@5 : 0.2985    ndcg@10 : 0.3486    ndcg@20 : 0.3886    ndcg@30 : 0.4096    ndcg@50 : 0.4317    precision@1 : 0.2265    precision@2 : 0.1853    precision@3 : 0.1635    precision@4 : 0.145    precision@5 : 0.1323    precision@10 : 0.0968    precision@20 : 0.0638    precision@30 : 0.0493    precision@50 : 0.0342    map@1 : 0.2265    map@2 : 0.2199    map@3 : 0.2259    map@4 : 0.232    map@5 : 0.2381    map@10 : 0.2607    map@20 : 0.2748    map@30 : 0.2811    map@50 : 0.2861
Sat 14 Mar 2026 22:34:22 INFO  Saving current: saved/SCL-Mar-14-2026_22-33-20.pth
Sat 14 Mar 2026 22:34:22 INFO  Saving current best: saved/SCL-Mar-14-2026_22-33-20.pth
Sat 14 Mar 2026 22:34:22 INFO  Running E-step ! 
Sat 14 Mar 2026 22:34:23 INFO  epoch 183 training [time: 0.19s, train_loss1: 2.0195, train_loss2: 0.0330, train_loss3: 0.0110, train_loss4: 0.0017]
Sat 14 Mar 2026 22:34:23 INFO  epoch 183 evaluating [time: 0.14s, valid_score: 0.348500]
Sat 14 Mar 2026 22:34:23 INFO  valid result: 
recall@1 : 0.1398    recall@2 : 0.2219    recall@3 : 0.2877    recall@4 : 0.3326    recall@5 : 0.3704    recall@10 : 0.5087    recall@20 : 0.6415    recall@30 : 0.7187    recall@50 : 0.8133    ndcg@1 : 0.2265    ndcg@2 : 0.2468    ndcg@3 : 0.2694    ndcg@4 : 0.2846    ndcg@5 : 0.2987    ndcg@10 : 0.3485    ndcg@20 : 0.3884    ndcg@30 : 0.4093    ndcg@50 : 0.4313    precision@1 : 0.2265    precision@2 : 0.185    precision@3 : 0.1639    precision@4 : 0.145    precision@5 : 0.1327    precision@10 : 0.0968    precision@20 : 0.0638    precision@30 : 0.0493    precision@50 : 0.0342    map@1 : 0.2265    map@2 : 0.2198    map@3 : 0.226    map@4 : 0.2317    map@5 : 0.2381    map@10 : 0.2604    map@20 : 0.2745    map@30 : 0.2808    map@50 : 0.2858
Sat 14 Mar 2026 22:34:23 INFO  Running E-step ! 
Sat 14 Mar 2026 22:34:23 INFO  epoch 184 training [time: 0.18s, train_loss1: 1.9938, train_loss2: 0.0329, train_loss3: 0.0110, train_loss4: 0.0017]
Sat 14 Mar 2026 22:34:23 INFO  epoch 184 evaluating [time: 0.14s, valid_score: 0.349100]
Sat 14 Mar 2026 22:34:23 INFO  valid result: 
recall@1 : 0.1397    recall@2 : 0.2216    recall@3 : 0.2877    recall@4 : 0.334    recall@5 : 0.3715    recall@10 : 0.51    recall@20 : 0.6428    recall@30 : 0.7191    recall@50 : 0.8132    ndcg@1 : 0.2259    ndcg@2 : 0.2464    ndcg@3 : 0.2694    ndcg@4 : 0.2852    ndcg@5 : 0.2991    ndcg@10 : 0.3491    ndcg@20 : 0.3889    ndcg@30 : 0.4095    ndcg@50 : 0.4315    precision@1 : 0.2259    precision@2 : 0.1847    precision@3 : 0.1641    precision@4 : 0.1456    precision@5 : 0.1329    precision@10 : 0.0972    precision@20 : 0.0639    precision@30 : 0.0493    precision@50 : 0.0342    map@1 : 0.2259    map@2 : 0.2193    map@3 : 0.2259    map@4 : 0.232    map@5 : 0.2383    map@10 : 0.2607    map@20 : 0.2748    map@30 : 0.281    map@50 : 0.286
Sat 14 Mar 2026 22:34:23 INFO  Saving current: saved/SCL-Mar-14-2026_22-33-20.pth
Sat 14 Mar 2026 22:34:23 INFO  Saving current best: saved/SCL-Mar-14-2026_22-33-20.pth
Sat 14 Mar 2026 22:34:23 INFO  Running E-step ! 
Sat 14 Mar 2026 22:34:23 INFO  epoch 185 training [time: 0.19s, train_loss1: 1.9911, train_loss2: 0.0329, train_loss3: 0.0110, train_loss4: 0.0018]
Sat 14 Mar 2026 22:34:23 INFO  epoch 185 evaluating [time: 0.14s, valid_score: 0.350000]
Sat 14 Mar 2026 22:34:23 INFO  valid result: 
recall@1 : 0.141    recall@2 : 0.2212    recall@3 : 0.2875    recall@4 : 0.3355    recall@5 : 0.3721    recall@10 : 0.5112    recall@20 : 0.6422    recall@30 : 0.7178    recall@50 : 0.8138    ndcg@1 : 0.2271    ndcg@2 : 0.2467    ndcg@3 : 0.2697    ndcg@4 : 0.2864    ndcg@5 : 0.2997    ndcg@10 : 0.35    ndcg@20 : 0.3894    ndcg@30 : 0.4099    ndcg@50 : 0.4323    precision@1 : 0.2271    precision@2 : 0.1847    precision@3 : 0.1641    precision@4 : 0.1463    precision@5 : 0.133    precision@10 : 0.0973    precision@20 : 0.064    precision@30 : 0.0493    precision@50 : 0.0342    map@1 : 0.2271    map@2 : 0.2198    map@3 : 0.2264    map@4 : 0.233    map@5 : 0.239    map@10 : 0.2616    map@20 : 0.2756    map@30 : 0.2817    map@50 : 0.2869
Sat 14 Mar 2026 22:34:23 INFO  Saving current: saved/SCL-Mar-14-2026_22-33-20.pth
Sat 14 Mar 2026 22:34:23 INFO  Saving current best: saved/SCL-Mar-14-2026_22-33-20.pth
Sat 14 Mar 2026 22:34:23 INFO  Running E-step ! 
Sat 14 Mar 2026 22:34:24 INFO  epoch 186 training [time: 0.19s, train_loss1: 1.9807, train_loss2: 0.0328, train_loss3: 0.0110, train_loss4: 0.0018]
Sat 14 Mar 2026 22:34:24 INFO  epoch 186 evaluating [time: 0.14s, valid_score: 0.351100]
Sat 14 Mar 2026 22:34:24 INFO  valid result: 
recall@1 : 0.1424    recall@2 : 0.2247    recall@3 : 0.2897    recall@4 : 0.3369    recall@5 : 0.3731    recall@10 : 0.5103    recall@20 : 0.641    recall@30 : 0.7183    recall@50 : 0.8147    ndcg@1 : 0.2288    ndcg@2 : 0.2495    ndcg@3 : 0.2718    ndcg@4 : 0.2881    ndcg@5 : 0.3014    ndcg@10 : 0.3511    ndcg@20 : 0.3904    ndcg@30 : 0.4113    ndcg@50 : 0.4337    precision@1 : 0.2288    precision@2 : 0.1865    precision@3 : 0.1649    precision@4 : 0.1468    precision@5 : 0.1333    precision@10 : 0.0974    precision@20 : 0.0639    precision@30 : 0.0493    precision@50 : 0.0343    map@1 : 0.2288    map@2 : 0.2223    map@3 : 0.2283    map@4 : 0.2348    map@5 : 0.2408    map@10 : 0.2632    map@20 : 0.2771    map@30 : 0.2834    map@50 : 0.2885
Sat 14 Mar 2026 22:34:24 INFO  Saving current: saved/SCL-Mar-14-2026_22-33-20.pth
Sat 14 Mar 2026 22:34:24 INFO  Saving current best: saved/SCL-Mar-14-2026_22-33-20.pth
Sat 14 Mar 2026 22:34:24 INFO  Running E-step ! 
Sat 14 Mar 2026 22:34:24 INFO  epoch 187 training [time: 0.17s, train_loss1: 1.9749, train_loss2: 0.0327, train_loss3: 0.0110, train_loss4: 0.0017]
Sat 14 Mar 2026 22:34:24 INFO  epoch 187 evaluating [time: 0.14s, valid_score: 0.351300]
Sat 14 Mar 2026 22:34:24 INFO  valid result: 
recall@1 : 0.1424    recall@2 : 0.2252    recall@3 : 0.2902    recall@4 : 0.3366    recall@5 : 0.373    recall@10 : 0.5104    recall@20 : 0.6399    recall@30 : 0.719    recall@50 : 0.815    ndcg@1 : 0.2288    ndcg@2 : 0.2497    ndcg@3 : 0.2722    ndcg@4 : 0.2881    ndcg@5 : 0.3014    ndcg@10 : 0.3513    ndcg@20 : 0.3903    ndcg@30 : 0.4116    ndcg@50 : 0.4339    precision@1 : 0.2288    precision@2 : 0.1865    precision@3 : 0.1653    precision@4 : 0.1466    precision@5 : 0.1333    precision@10 : 0.0974    precision@20 : 0.0638    precision@30 : 0.0493    precision@50 : 0.0343    map@1 : 0.2288    map@2 : 0.2224    map@3 : 0.2286    map@4 : 0.2349    map@5 : 0.2409    map@10 : 0.2634    map@20 : 0.2773    map@30 : 0.2836    map@50 : 0.2887
Sat 14 Mar 2026 22:34:24 INFO  Saving current: saved/SCL-Mar-14-2026_22-33-20.pth
Sat 14 Mar 2026 22:34:24 INFO  Saving current best: saved/SCL-Mar-14-2026_22-33-20.pth
Sat 14 Mar 2026 22:34:24 INFO  Running E-step ! 
Sat 14 Mar 2026 22:34:24 INFO  epoch 188 training [time: 0.17s, train_loss1: 1.9523, train_loss2: 0.0326, train_loss3: 0.0110, train_loss4: 0.0018]
Sat 14 Mar 2026 22:34:24 INFO  epoch 188 evaluating [time: 0.14s, valid_score: 0.351300]
Sat 14 Mar 2026 22:34:24 INFO  valid result: 
recall@1 : 0.1421    recall@2 : 0.2248    recall@3 : 0.2903    recall@4 : 0.3369    recall@5 : 0.3721    recall@10 : 0.5108    recall@20 : 0.6405    recall@30 : 0.7204    recall@50 : 0.8144    ndcg@1 : 0.23    ndcg@2 : 0.2497    ndcg@3 : 0.2722    ndcg@4 : 0.2884    ndcg@5 : 0.3011    ndcg@10 : 0.3513    ndcg@20 : 0.3904    ndcg@30 : 0.4119    ndcg@50 : 0.4338    precision@1 : 0.23    precision@2 : 0.1865    precision@3 : 0.1653    precision@4 : 0.1471    precision@5 : 0.1331    precision@10 : 0.0974    precision@20 : 0.0639    precision@30 : 0.0494    precision@50 : 0.0342    map@1 : 0.23    map@2 : 0.2224    map@3 : 0.2284    map@4 : 0.235    map@5 : 0.2406    map@10 : 0.2633    map@20 : 0.2771    map@30 : 0.2835    map@50 : 0.2885
Sat 14 Mar 2026 22:34:24 INFO  Saving current: saved/SCL-Mar-14-2026_22-33-20.pth
Sat 14 Mar 2026 22:34:24 INFO  Saving current best: saved/SCL-Mar-14-2026_22-33-20.pth
Sat 14 Mar 2026 22:34:24 INFO  Running E-step ! 
Sat 14 Mar 2026 22:34:25 INFO  epoch 189 training [time: 0.16s, train_loss1: 1.9480, train_loss2: 0.0326, train_loss3: 0.0110, train_loss4: 0.0017]
Sat 14 Mar 2026 22:34:25 INFO  epoch 189 evaluating [time: 0.14s, valid_score: 0.350400]
Sat 14 Mar 2026 22:34:25 INFO  valid result: 
recall@1 : 0.1407    recall@2 : 0.2232    recall@3 : 0.2901    recall@4 : 0.3374    recall@5 : 0.3734    recall@10 : 0.5103    recall@20 : 0.6402    recall@30 : 0.7207    recall@50 : 0.8141    ndcg@1 : 0.2288    ndcg@2 : 0.2479    ndcg@3 : 0.2714    ndcg@4 : 0.2878    ndcg@5 : 0.3009    ndcg@10 : 0.3504    ndcg@20 : 0.3897    ndcg@30 : 0.4112    ndcg@50 : 0.433    precision@1 : 0.2288    precision@2 : 0.185    precision@3 : 0.1653    precision@4 : 0.1471    precision@5 : 0.1335    precision@10 : 0.0973    precision@20 : 0.0639    precision@30 : 0.0494    precision@50 : 0.0343    map@1 : 0.2288    map@2 : 0.2208    map@3 : 0.2274    map@4 : 0.234    map@5 : 0.24    map@10 : 0.2622    map@20 : 0.2762    map@30 : 0.2825    map@50 : 0.2875
Sat 14 Mar 2026 22:34:25 INFO  Running E-step ! 
Sat 14 Mar 2026 22:34:25 INFO  epoch 190 training [time: 0.17s, train_loss1: 1.9741, train_loss2: 0.0325, train_loss3: 0.0110, train_loss4: 0.0018]
Sat 14 Mar 2026 22:34:25 INFO  epoch 190 evaluating [time: 0.14s, valid_score: 0.349900]
Sat 14 Mar 2026 22:34:25 INFO  valid result: 
recall@1 : 0.1391    recall@2 : 0.224    recall@3 : 0.2895    recall@4 : 0.3374    recall@5 : 0.3744    recall@10 : 0.5101    recall@20 : 0.6408    recall@30 : 0.7208    recall@50 : 0.8149    ndcg@1 : 0.2265    ndcg@2 : 0.2481    ndcg@3 : 0.2707    ndcg@4 : 0.2871    ndcg@5 : 0.3007    ndcg@10 : 0.3499    ndcg@20 : 0.3893    ndcg@30 : 0.4107    ndcg@50 : 0.4327    precision@1 : 0.2265    precision@2 : 0.1862    precision@3 : 0.1651    precision@4 : 0.1468    precision@5 : 0.1337    precision@10 : 0.0974    precision@20 : 0.0639    precision@30 : 0.0494    precision@50 : 0.0343    map@1 : 0.2265    map@2 : 0.2206    map@3 : 0.2266    map@4 : 0.2333    map@5 : 0.2395    map@10 : 0.2616    map@20 : 0.2756    map@30 : 0.2819    map@50 : 0.287
Sat 14 Mar 2026 22:34:25 INFO  Running E-step ! 
Sat 14 Mar 2026 22:34:25 INFO  epoch 191 training [time: 0.19s, train_loss1: 1.9762, train_loss2: 0.0325, train_loss3: 0.0110, train_loss4: 0.0017]
Sat 14 Mar 2026 22:34:25 INFO  epoch 191 evaluating [time: 0.14s, valid_score: 0.350100]
Sat 14 Mar 2026 22:34:25 INFO  valid result: 
recall@1 : 0.1388    recall@2 : 0.2247    recall@3 : 0.2899    recall@4 : 0.3369    recall@5 : 0.3733    recall@10 : 0.5105    recall@20 : 0.6414    recall@30 : 0.7212    recall@50 : 0.8152    ndcg@1 : 0.2271    ndcg@2 : 0.2486    ndcg@3 : 0.2708    ndcg@4 : 0.287    ndcg@5 : 0.3004    ndcg@10 : 0.3501    ndcg@20 : 0.3896    ndcg@30 : 0.4109    ndcg@50 : 0.4329    precision@1 : 0.2271    precision@2 : 0.1868    precision@3 : 0.1649    precision@4 : 0.1468    precision@5 : 0.1335    precision@10 : 0.0976    precision@20 : 0.064    precision@30 : 0.0494    precision@50 : 0.0343    map@1 : 0.2271    map@2 : 0.2208    map@3 : 0.2266    map@4 : 0.2332    map@5 : 0.2392    map@10 : 0.2617    map@20 : 0.2756    map@30 : 0.2819    map@50 : 0.287
Sat 14 Mar 2026 22:34:25 INFO  Running E-step ! 
Sat 14 Mar 2026 22:34:26 INFO  epoch 192 training [time: 0.16s, train_loss1: 1.9347, train_loss2: 0.0324, train_loss3: 0.0110, train_loss4: 0.0017]
Sat 14 Mar 2026 22:34:26 INFO  epoch 192 evaluating [time: 0.14s, valid_score: 0.350200]
Sat 14 Mar 2026 22:34:26 INFO  valid result: 
recall@1 : 0.1387    recall@2 : 0.2234    recall@3 : 0.2887    recall@4 : 0.3371    recall@5 : 0.3735    recall@10 : 0.5116    recall@20 : 0.6408    recall@30 : 0.7204    recall@50 : 0.8153    ndcg@1 : 0.2265    ndcg@2 : 0.2477    ndcg@3 : 0.2699    ndcg@4 : 0.2869    ndcg@5 : 0.3002    ndcg@10 : 0.3502    ndcg@20 : 0.3892    ndcg@30 : 0.4105    ndcg@50 : 0.4327    precision@1 : 0.2265    precision@2 : 0.1862    precision@3 : 0.1645    precision@4 : 0.1471    precision@5 : 0.1335    precision@10 : 0.0977    precision@20 : 0.064    precision@30 : 0.0494    precision@50 : 0.0343    map@1 : 0.2265    map@2 : 0.2201    map@3 : 0.2259    map@4 : 0.233    map@5 : 0.239    map@10 : 0.2615    map@20 : 0.2754    map@30 : 0.2816    map@50 : 0.2868
Sat 14 Mar 2026 22:34:26 INFO  Running E-step ! 
Sat 14 Mar 2026 22:34:26 INFO  epoch 193 training [time: 0.16s, train_loss1: 1.9141, train_loss2: 0.0323, train_loss3: 0.0110, train_loss4: 0.0017]
Sat 14 Mar 2026 22:34:26 INFO  epoch 193 evaluating [time: 0.14s, valid_score: 0.348900]
Sat 14 Mar 2026 22:34:26 INFO  valid result: 
recall@1 : 0.1359    recall@2 : 0.2232    recall@3 : 0.2873    recall@4 : 0.3369    recall@5 : 0.3738    recall@10 : 0.5114    recall@20 : 0.6404    recall@30 : 0.7217    recall@50 : 0.8155    ndcg@1 : 0.2223    ndcg@2 : 0.2466    ndcg@3 : 0.2681    ndcg@4 : 0.2857    ndcg@5 : 0.299    ndcg@10 : 0.3489    ndcg@20 : 0.3879    ndcg@30 : 0.4096    ndcg@50 : 0.4315    precision@1 : 0.2223    precision@2 : 0.1865    precision@3 : 0.1641    precision@4 : 0.1473    precision@5 : 0.1335    precision@10 : 0.0976    precision@20 : 0.0639    precision@30 : 0.0495    precision@50 : 0.0343    map@1 : 0.2223    map@2 : 0.2189    map@3 : 0.2242    map@4 : 0.2317    map@5 : 0.2376    map@10 : 0.26    map@20 : 0.2739    map@30 : 0.2803    map@50 : 0.2853
Sat 14 Mar 2026 22:34:26 INFO  Running E-step ! 
Sat 14 Mar 2026 22:34:26 INFO  epoch 194 training [time: 0.18s, train_loss1: 1.9137, train_loss2: 0.0323, train_loss3: 0.0110, train_loss4: 0.0017]
Sat 14 Mar 2026 22:34:26 INFO  epoch 194 evaluating [time: 0.14s, valid_score: 0.348800]
Sat 14 Mar 2026 22:34:26 INFO  valid result: 
recall@1 : 0.1367    recall@2 : 0.2236    recall@3 : 0.286    recall@4 : 0.3364    recall@5 : 0.3728    recall@10 : 0.5102    recall@20 : 0.6395    recall@30 : 0.7213    recall@50 : 0.8154    ndcg@1 : 0.2235    ndcg@2 : 0.2476    ndcg@3 : 0.268    ndcg@4 : 0.286    ndcg@5 : 0.299    ndcg@10 : 0.3488    ndcg@20 : 0.388    ndcg@30 : 0.4098    ndcg@50 : 0.4318    precision@1 : 0.2235    precision@2 : 0.1874    precision@3 : 0.1639    precision@4 : 0.1476    precision@5 : 0.1335    precision@10 : 0.0972    precision@20 : 0.0639    precision@30 : 0.0495    precision@50 : 0.0343    map@1 : 0.2235    map@2 : 0.2199    map@3 : 0.2243    map@4 : 0.2321    map@5 : 0.2379    map@10 : 0.2602    map@20 : 0.2743    map@30 : 0.2807    map@50 : 0.2858
Sat 14 Mar 2026 22:34:26 INFO  Running E-step ! 
Sat 14 Mar 2026 22:34:26 INFO  epoch 195 training [time: 0.17s, train_loss1: 1.9152, train_loss2: 0.0322, train_loss3: 0.0110, train_loss4: 0.0017]
Sat 14 Mar 2026 22:34:27 INFO  epoch 195 evaluating [time: 0.14s, valid_score: 0.348900]
Sat 14 Mar 2026 22:34:27 INFO  valid result: 
recall@1 : 0.1368    recall@2 : 0.225    recall@3 : 0.2854    recall@4 : 0.336    recall@5 : 0.3729    recall@10 : 0.5101    recall@20 : 0.6395    recall@30 : 0.7215    recall@50 : 0.8151    ndcg@1 : 0.2241    ndcg@2 : 0.2485    ndcg@3 : 0.2678    ndcg@4 : 0.2862    ndcg@5 : 0.2993    ndcg@10 : 0.3489    ndcg@20 : 0.3882    ndcg@30 : 0.41    ndcg@50 : 0.432    precision@1 : 0.2241    precision@2 : 0.188    precision@3 : 0.1633    precision@4 : 0.1478    precision@5 : 0.1336    precision@10 : 0.0971    precision@20 : 0.0639    precision@30 : 0.0495    precision@50 : 0.0343    map@1 : 0.2241    map@2 : 0.2206    map@3 : 0.2244    map@4 : 0.2324    map@5 : 0.2382    map@10 : 0.2605    map@20 : 0.2746    map@30 : 0.2809    map@50 : 0.286
Sat 14 Mar 2026 22:34:27 INFO  Running E-step ! 
Sat 14 Mar 2026 22:34:27 INFO  epoch 196 training [time: 0.16s, train_loss1: 1.9070, train_loss2: 0.0321, train_loss3: 0.0110, train_loss4: 0.0017]
Sat 14 Mar 2026 22:34:27 INFO  epoch 196 evaluating [time: 0.14s, valid_score: 0.349000]
Sat 14 Mar 2026 22:34:27 INFO  valid result: 
recall@1 : 0.1356    recall@2 : 0.2257    recall@3 : 0.2857    recall@4 : 0.3359    recall@5 : 0.375    recall@10 : 0.5111    recall@20 : 0.6397    recall@30 : 0.7204    recall@50 : 0.8158    ndcg@1 : 0.2229    ndcg@2 : 0.2485    ndcg@3 : 0.2676    ndcg@4 : 0.2859    ndcg@5 : 0.2998    ndcg@10 : 0.349    ndcg@20 : 0.3881    ndcg@30 : 0.4096    ndcg@50 : 0.4319    precision@1 : 0.2229    precision@2 : 0.1883    precision@3 : 0.1633    precision@4 : 0.1479    precision@5 : 0.1341    precision@10 : 0.0972    precision@20 : 0.0639    precision@30 : 0.0494    precision@50 : 0.0344    map@1 : 0.2229    map@2 : 0.2202    map@3 : 0.224    map@4 : 0.232    map@5 : 0.2382    map@10 : 0.2602    map@20 : 0.2743    map@30 : 0.2806    map@50 : 0.2857
Sat 14 Mar 2026 22:34:27 INFO  Running E-step ! 
Sat 14 Mar 2026 22:34:27 INFO  epoch 197 training [time: 0.18s, train_loss1: 1.9099, train_loss2: 0.0321, train_loss3: 0.0110, train_loss4: 0.0017]
Sat 14 Mar 2026 22:34:27 INFO  epoch 197 evaluating [time: 0.14s, valid_score: 0.349700]
Sat 14 Mar 2026 22:34:27 INFO  valid result: 
recall@1 : 0.1362    recall@2 : 0.2257    recall@3 : 0.2857    recall@4 : 0.3359    recall@5 : 0.3743    recall@10 : 0.5125    recall@20 : 0.64    recall@30 : 0.7199    recall@50 : 0.8158    ndcg@1 : 0.2235    ndcg@2 : 0.2487    ndcg@3 : 0.2678    ndcg@4 : 0.2859    ndcg@5 : 0.2997    ndcg@10 : 0.3497    ndcg@20 : 0.3883    ndcg@30 : 0.4097    ndcg@50 : 0.4321    precision@1 : 0.2235    precision@2 : 0.1883    precision@3 : 0.1633    precision@4 : 0.1475    precision@5 : 0.134    precision@10 : 0.0976    precision@20 : 0.0639    precision@30 : 0.0494    precision@50 : 0.0343    map@1 : 0.2235    map@2 : 0.2205    map@3 : 0.2243    map@4 : 0.2322    map@5 : 0.2384    map@10 : 0.2607    map@20 : 0.2746    map@30 : 0.2809    map@50 : 0.2861
Sat 14 Mar 2026 22:34:27 INFO  Running E-step ! 
Sat 14 Mar 2026 22:34:27 INFO  epoch 198 training [time: 0.17s, train_loss1: 1.8843, train_loss2: 0.0320, train_loss3: 0.0110, train_loss4: 0.0017]
Sat 14 Mar 2026 22:34:28 INFO  epoch 198 evaluating [time: 0.14s, valid_score: 0.349700]
Sat 14 Mar 2026 22:34:28 INFO  valid result: 
recall@1 : 0.136    recall@2 : 0.2252    recall@3 : 0.2863    recall@4 : 0.3361    recall@5 : 0.3743    recall@10 : 0.5127    recall@20 : 0.6404    recall@30 : 0.7196    recall@50 : 0.8158    ndcg@1 : 0.2229    ndcg@2 : 0.2478    ndcg@3 : 0.268    ndcg@4 : 0.2861    ndcg@5 : 0.2997    ndcg@10 : 0.3497    ndcg@20 : 0.3884    ndcg@30 : 0.4095    ndcg@50 : 0.432    precision@1 : 0.2229    precision@2 : 0.1871    precision@3 : 0.1637    precision@4 : 0.1479    precision@5 : 0.1341    precision@10 : 0.0977    precision@20 : 0.064    precision@30 : 0.0494    precision@50 : 0.0343    map@1 : 0.2229    map@2 : 0.2196    map@3 : 0.2243    map@4 : 0.2322    map@5 : 0.2383    map@10 : 0.2607    map@20 : 0.2746    map@30 : 0.2808    map@50 : 0.2859
Sat 14 Mar 2026 22:34:28 INFO  Running E-step ! 
Sat 14 Mar 2026 22:34:28 INFO  epoch 199 training [time: 0.17s, train_loss1: 1.8982, train_loss2: 0.0320, train_loss3: 0.0110, train_loss4: 0.0017]
Sat 14 Mar 2026 22:34:28 INFO  epoch 199 evaluating [time: 0.14s, valid_score: 0.349800]
Sat 14 Mar 2026 22:34:28 INFO  valid result: 
recall@1 : 0.1367    recall@2 : 0.2255    recall@3 : 0.2884    recall@4 : 0.3361    recall@5 : 0.3729    recall@10 : 0.5117    recall@20 : 0.6419    recall@30 : 0.7202    recall@50 : 0.8158    ndcg@1 : 0.2235    ndcg@2 : 0.2481    ndcg@3 : 0.2694    ndcg@4 : 0.2866    ndcg@5 : 0.2997    ndcg@10 : 0.3498    ndcg@20 : 0.3892    ndcg@30 : 0.4101    ndcg@50 : 0.4325    precision@1 : 0.2235    precision@2 : 0.1871    precision@3 : 0.1645    precision@4 : 0.1482    precision@5 : 0.1341    precision@10 : 0.0977    precision@20 : 0.064    precision@30 : 0.0494    precision@50 : 0.0343    map@1 : 0.2235    map@2 : 0.2201    map@3 : 0.2254    map@4 : 0.233    map@5 : 0.2388    map@10 : 0.2613    map@20 : 0.2752    map@30 : 0.2814    map@50 : 0.2866
Sat 14 Mar 2026 22:34:28 INFO  Running E-step ! 
Sat 14 Mar 2026 22:34:28 INFO  epoch 200 training [time: 0.19s, train_loss1: 1.9042, train_loss2: 0.0319, train_loss3: 0.0110, train_loss4: 0.0017]
Sat 14 Mar 2026 22:34:28 INFO  epoch 200 evaluating [time: 0.14s, valid_score: 0.350300]
Sat 14 Mar 2026 22:34:28 INFO  valid result: 
recall@1 : 0.1369    recall@2 : 0.2274    recall@3 : 0.2891    recall@4 : 0.3366    recall@5 : 0.3726    recall@10 : 0.5117    recall@20 : 0.642    recall@30 : 0.7206    recall@50 : 0.8159    ndcg@1 : 0.2235    ndcg@2 : 0.2498    ndcg@3 : 0.2702    ndcg@4 : 0.2872    ndcg@5 : 0.3    ndcg@10 : 0.3503    ndcg@20 : 0.3897    ndcg@30 : 0.4107    ndcg@50 : 0.433    precision@1 : 0.2235    precision@2 : 0.1889    precision@3 : 0.1649    precision@4 : 0.1482    precision@5 : 0.134    precision@10 : 0.0977    precision@20 : 0.0641    precision@30 : 0.0494    precision@50 : 0.0344    map@1 : 0.2235    map@2 : 0.2215    map@3 : 0.2262    map@4 : 0.2336    map@5 : 0.2394    map@10 : 0.262    map@20 : 0.2759    map@30 : 0.2821    map@50 : 0.2873
Sat 14 Mar 2026 22:34:28 INFO  Running E-step ! 
Sat 14 Mar 2026 22:34:28 INFO  epoch 201 training [time: 0.19s, train_loss1: 1.9032, train_loss2: 0.0318, train_loss3: 0.0110, train_loss4: 0.0017]
Sat 14 Mar 2026 22:34:29 INFO  epoch 201 evaluating [time: 0.14s, valid_score: 0.350900]
Sat 14 Mar 2026 22:34:29 INFO  valid result: 
recall@1 : 0.1363    recall@2 : 0.2277    recall@3 : 0.289    recall@4 : 0.3362    recall@5 : 0.3733    recall@10 : 0.514    recall@20 : 0.6423    recall@30 : 0.7198    recall@50 : 0.8165    ndcg@1 : 0.2229    ndcg@2 : 0.2496    ndcg@3 : 0.2699    ndcg@4 : 0.2868    ndcg@5 : 0.3002    ndcg@10 : 0.3509    ndcg@20 : 0.3895    ndcg@30 : 0.4104    ndcg@50 : 0.433    precision@1 : 0.2229    precision@2 : 0.1889    precision@3 : 0.1647    precision@4 : 0.1482    precision@5 : 0.1344    precision@10 : 0.0982    precision@20 : 0.064    precision@30 : 0.0493    precision@50 : 0.0344    map@1 : 0.2229    map@2 : 0.2212    map@3 : 0.2258    map@4 : 0.2333    map@5 : 0.2393    map@10 : 0.2621    map@20 : 0.2756    map@30 : 0.2818    map@50 : 0.2871
Sat 14 Mar 2026 22:34:29 INFO  Running E-step ! 
Sat 14 Mar 2026 22:34:29 INFO  epoch 202 training [time: 0.18s, train_loss1: 1.8685, train_loss2: 0.0318, train_loss3: 0.0110, train_loss4: 0.0017]
Sat 14 Mar 2026 22:34:29 INFO  epoch 202 evaluating [time: 0.14s, valid_score: 0.351000]
Sat 14 Mar 2026 22:34:29 INFO  valid result: 
recall@1 : 0.136    recall@2 : 0.2264    recall@3 : 0.2873    recall@4 : 0.3362    recall@5 : 0.374    recall@10 : 0.5151    recall@20 : 0.6432    recall@30 : 0.7202    recall@50 : 0.8171    ndcg@1 : 0.2229    ndcg@2 : 0.249    ndcg@3 : 0.2687    ndcg@4 : 0.2865    ndcg@5 : 0.3    ndcg@10 : 0.351    ndcg@20 : 0.3894    ndcg@30 : 0.4101    ndcg@50 : 0.4328    precision@1 : 0.2229    precision@2 : 0.1886    precision@3 : 0.1641    precision@4 : 0.1482    precision@5 : 0.1344    precision@10 : 0.0984    precision@20 : 0.064    precision@30 : 0.0493    precision@50 : 0.0344    map@1 : 0.2229    map@2 : 0.2209    map@3 : 0.225    map@4 : 0.2328    map@5 : 0.239    map@10 : 0.2618    map@20 : 0.2753    map@30 : 0.2814    map@50 : 0.2867
Sat 14 Mar 2026 22:34:29 INFO  Running E-step ! 
Sat 14 Mar 2026 22:34:29 INFO  epoch 203 training [time: 0.18s, train_loss1: 1.8581, train_loss2: 0.0317, train_loss3: 0.0110, train_loss4: 0.0017]
Sat 14 Mar 2026 22:34:29 INFO  epoch 203 evaluating [time: 0.14s, valid_score: 0.351000]
Sat 14 Mar 2026 22:34:29 INFO  valid result: 
recall@1 : 0.1363    recall@2 : 0.2267    recall@3 : 0.2881    recall@4 : 0.3368    recall@5 : 0.3736    recall@10 : 0.5148    recall@20 : 0.6429    recall@30 : 0.7224    recall@50 : 0.8168    ndcg@1 : 0.2229    ndcg@2 : 0.2493    ndcg@3 : 0.2692    ndcg@4 : 0.2869    ndcg@5 : 0.3003    ndcg@10 : 0.351    ndcg@20 : 0.3895    ndcg@30 : 0.4108    ndcg@50 : 0.4329    precision@1 : 0.2229    precision@2 : 0.1889    precision@3 : 0.1643    precision@4 : 0.1484    precision@5 : 0.1348    precision@10 : 0.0984    precision@20 : 0.064    precision@30 : 0.0494    precision@50 : 0.0344    map@1 : 0.2229    map@2 : 0.2212    map@3 : 0.2254    map@4 : 0.2333    map@5 : 0.2393    map@10 : 0.262    map@20 : 0.2755    map@30 : 0.2818    map@50 : 0.287
Sat 14 Mar 2026 22:34:29 INFO  Running E-step ! 
Sat 14 Mar 2026 22:34:29 INFO  epoch 204 training [time: 0.19s, train_loss1: 1.8698, train_loss2: 0.0316, train_loss3: 0.0110, train_loss4: 0.0017]
Sat 14 Mar 2026 22:34:30 INFO  epoch 204 evaluating [time: 0.14s, valid_score: 0.350800]
Sat 14 Mar 2026 22:34:30 INFO  valid result: 
recall@1 : 0.1369    recall@2 : 0.2269    recall@3 : 0.2869    recall@4 : 0.3366    recall@5 : 0.3735    recall@10 : 0.5133    recall@20 : 0.6429    recall@30 : 0.7224    recall@50 : 0.817    ndcg@1 : 0.2235    ndcg@2 : 0.2498    ndcg@3 : 0.2689    ndcg@4 : 0.287    ndcg@5 : 0.3004    ndcg@10 : 0.3508    ndcg@20 : 0.3896    ndcg@30 : 0.4109    ndcg@50 : 0.4331    precision@1 : 0.2235    precision@2 : 0.1892    precision@3 : 0.1639    precision@4 : 0.1484    precision@5 : 0.1348    precision@10 : 0.0983    precision@20 : 0.064    precision@30 : 0.0494    precision@50 : 0.0344    map@1 : 0.2235    map@2 : 0.2217    map@3 : 0.2254    map@4 : 0.2334    map@5 : 0.2395    map@10 : 0.2621    map@20 : 0.2757    map@30 : 0.282    map@50 : 0.2872
Sat 14 Mar 2026 22:34:30 INFO  Running E-step ! 
Sat 14 Mar 2026 22:34:30 INFO  epoch 205 training [time: 0.18s, train_loss1: 1.8671, train_loss2: 0.0316, train_loss3: 0.0110, train_loss4: 0.0017]
Sat 14 Mar 2026 22:34:30 INFO  epoch 205 evaluating [time: 0.14s, valid_score: 0.351400]
Sat 14 Mar 2026 22:34:30 INFO  valid result: 
recall@1 : 0.1379    recall@2 : 0.2259    recall@3 : 0.2872    recall@4 : 0.3363    recall@5 : 0.3733    recall@10 : 0.5141    recall@20 : 0.643    recall@30 : 0.7227    recall@50 : 0.8175    ndcg@1 : 0.2253    ndcg@2 : 0.25    ndcg@3 : 0.2695    ndcg@4 : 0.2873    ndcg@5 : 0.3006    ndcg@10 : 0.3514    ndcg@20 : 0.39    ndcg@30 : 0.4114    ndcg@50 : 0.4336    precision@1 : 0.2253    precision@2 : 0.1892    precision@3 : 0.1643    precision@4 : 0.1484    precision@5 : 0.1346    precision@10 : 0.0984    precision@20 : 0.064    precision@30 : 0.0494    precision@50 : 0.0344    map@1 : 0.2253    map@2 : 0.2218    map@3 : 0.2259    map@4 : 0.2339    map@5 : 0.2398    map@10 : 0.2625    map@20 : 0.2761    map@30 : 0.2824    map@50 : 0.2876
Sat 14 Mar 2026 22:34:30 INFO  Saving current: saved/SCL-Mar-14-2026_22-33-20.pth
Sat 14 Mar 2026 22:34:30 INFO  Saving current best: saved/SCL-Mar-14-2026_22-33-20.pth
Sat 14 Mar 2026 22:34:30 INFO  Running E-step ! 
Sat 14 Mar 2026 22:34:30 INFO  epoch 206 training [time: 0.18s, train_loss1: 1.8547, train_loss2: 0.0315, train_loss3: 0.0110, train_loss4: 0.0017]
Sat 14 Mar 2026 22:34:30 INFO  epoch 206 evaluating [time: 0.14s, valid_score: 0.350800]
Sat 14 Mar 2026 22:34:30 INFO  valid result: 
recall@1 : 0.1381    recall@2 : 0.2253    recall@3 : 0.2855    recall@4 : 0.3368    recall@5 : 0.376    recall@10 : 0.5124    recall@20 : 0.6427    recall@30 : 0.7221    recall@50 : 0.8175    ndcg@1 : 0.2259    ndcg@2 : 0.2496    ndcg@3 : 0.2688    ndcg@4 : 0.2874    ndcg@5 : 0.3016    ndcg@10 : 0.3508    ndcg@20 : 0.39    ndcg@30 : 0.4112    ndcg@50 : 0.4336    precision@1 : 0.2259    precision@2 : 0.1886    precision@3 : 0.1639    precision@4 : 0.1485    precision@5 : 0.1353    precision@10 : 0.0981    precision@20 : 0.064    precision@30 : 0.0494    precision@50 : 0.0344    map@1 : 0.2259    map@2 : 0.2214    map@3 : 0.2254    map@4 : 0.2338    map@5 : 0.2403    map@10 : 0.2622    map@20 : 0.2759    map@30 : 0.2822    map@50 : 0.2875
Sat 14 Mar 2026 22:34:30 INFO  Running E-step ! 
Sat 14 Mar 2026 22:34:30 INFO  epoch 207 training [time: 0.19s, train_loss1: 1.8551, train_loss2: 0.0315, train_loss3: 0.0110, train_loss4: 0.0017]
Sat 14 Mar 2026 22:34:31 INFO  epoch 207 evaluating [time: 0.28s, valid_score: 0.351100]
Sat 14 Mar 2026 22:34:31 INFO  valid result: 
recall@1 : 0.1383    recall@2 : 0.2262    recall@3 : 0.2866    recall@4 : 0.3369    recall@5 : 0.376    recall@10 : 0.5127    recall@20 : 0.6429    recall@30 : 0.7217    recall@50 : 0.8182    ndcg@1 : 0.2265    ndcg@2 : 0.2504    ndcg@3 : 0.2696    ndcg@4 : 0.2879    ndcg@5 : 0.3019    ndcg@10 : 0.3511    ndcg@20 : 0.3903    ndcg@30 : 0.4113    ndcg@50 : 0.434    precision@1 : 0.2265    precision@2 : 0.1892    precision@3 : 0.1645    precision@4 : 0.1488    precision@5 : 0.1352    precision@10 : 0.0982    precision@20 : 0.0641    precision@30 : 0.0494    precision@50 : 0.0345    map@1 : 0.2265    map@2 : 0.2221    map@3 : 0.226    map@4 : 0.2343    map@5 : 0.2406    map@10 : 0.2625    map@20 : 0.2763    map@30 : 0.2825    map@50 : 0.2878
Sat 14 Mar 2026 22:34:31 INFO  Running E-step ! 
Sat 14 Mar 2026 22:34:31 INFO  epoch 208 training [time: 0.19s, train_loss1: 1.8503, train_loss2: 0.0314, train_loss3: 0.0110, train_loss4: 0.0017]
Sat 14 Mar 2026 22:34:31 INFO  epoch 208 evaluating [time: 0.14s, valid_score: 0.350800]
Sat 14 Mar 2026 22:34:31 INFO  valid result: 
recall@1 : 0.1381    recall@2 : 0.2266    recall@3 : 0.2879    recall@4 : 0.3366    recall@5 : 0.376    recall@10 : 0.5115    recall@20 : 0.6423    recall@30 : 0.7219    recall@50 : 0.8185    ndcg@1 : 0.2271    ndcg@2 : 0.2508    ndcg@3 : 0.2704    ndcg@4 : 0.288    ndcg@5 : 0.3021    ndcg@10 : 0.3508    ndcg@20 : 0.3902    ndcg@30 : 0.4115    ndcg@50 : 0.4341    precision@1 : 0.2271    precision@2 : 0.1895    precision@3 : 0.1651    precision@4 : 0.1488    precision@5 : 0.1352    precision@10 : 0.0979    precision@20 : 0.064    precision@30 : 0.0494    precision@50 : 0.0345    map@1 : 0.2271    map@2 : 0.2224    map@3 : 0.2265    map@4 : 0.2342    map@5 : 0.2408    map@10 : 0.2623    map@20 : 0.2763    map@30 : 0.2826    map@50 : 0.2879
Sat 14 Mar 2026 22:34:31 INFO  Running E-step ! 
Sat 14 Mar 2026 22:34:31 INFO  epoch 209 training [time: 0.18s, train_loss1: 1.8623, train_loss2: 0.0313, train_loss3: 0.0110, train_loss4: 0.0017]
Sat 14 Mar 2026 22:34:31 INFO  epoch 209 evaluating [time: 0.14s, valid_score: 0.350300]
Sat 14 Mar 2026 22:34:31 INFO  valid result: 
recall@1 : 0.1378    recall@2 : 0.2255    recall@3 : 0.2868    recall@4 : 0.3361    recall@5 : 0.3745    recall@10 : 0.5113    recall@20 : 0.6421    recall@30 : 0.7213    recall@50 : 0.8186    ndcg@1 : 0.2259    ndcg@2 : 0.2495    ndcg@3 : 0.2695    ndcg@4 : 0.2872    ndcg@5 : 0.3011    ndcg@10 : 0.3503    ndcg@20 : 0.3896    ndcg@30 : 0.4109    ndcg@50 : 0.4336    precision@1 : 0.2259    precision@2 : 0.1883    precision@3 : 0.1647    precision@4 : 0.1487    precision@5 : 0.1349    precision@10 : 0.098    precision@20 : 0.064    precision@30 : 0.0494    precision@50 : 0.0345    map@1 : 0.2259    map@2 : 0.2214    map@3 : 0.2258    map@4 : 0.2336    map@5 : 0.24    map@10 : 0.262    map@20 : 0.2757    map@30 : 0.2821    map@50 : 0.2874
Sat 14 Mar 2026 22:34:31 INFO  Running E-step ! 
Sat 14 Mar 2026 22:34:32 INFO  epoch 210 training [time: 0.19s, train_loss1: 1.8337, train_loss2: 0.0312, train_loss3: 0.0110, train_loss4: 0.0017]
Sat 14 Mar 2026 22:34:32 INFO  epoch 210 evaluating [time: 0.14s, valid_score: 0.350300]
Sat 14 Mar 2026 22:34:32 INFO  valid result: 
recall@1 : 0.1371    recall@2 : 0.2267    recall@3 : 0.2871    recall@4 : 0.3376    recall@5 : 0.3749    recall@10 : 0.5111    recall@20 : 0.6429    recall@30 : 0.7216    recall@50 : 0.8188    ndcg@1 : 0.2247    ndcg@2 : 0.2502    ndcg@3 : 0.2696    ndcg@4 : 0.2879    ndcg@5 : 0.3013    ndcg@10 : 0.3503    ndcg@20 : 0.3899    ndcg@30 : 0.4109    ndcg@50 : 0.4337    precision@1 : 0.2247    precision@2 : 0.1895    precision@3 : 0.1651    precision@4 : 0.1493    precision@5 : 0.1352    precision@10 : 0.0981    precision@20 : 0.0641    precision@30 : 0.0494    precision@50 : 0.0345    map@1 : 0.2247    map@2 : 0.222    map@3 : 0.2259    map@4 : 0.234    map@5 : 0.2401    map@10 : 0.262    map@20 : 0.2758    map@30 : 0.2821    map@50 : 0.2874
Sat 14 Mar 2026 22:34:32 INFO  Running E-step ! 
Sat 14 Mar 2026 22:34:32 INFO  epoch 211 training [time: 0.19s, train_loss1: 1.8577, train_loss2: 0.0312, train_loss3: 0.0110, train_loss4: 0.0017]
Sat 14 Mar 2026 22:34:32 INFO  epoch 211 evaluating [time: 0.14s, valid_score: 0.349800]
Sat 14 Mar 2026 22:34:32 INFO  valid result: 
recall@1 : 0.1368    recall@2 : 0.2273    recall@3 : 0.2868    recall@4 : 0.3357    recall@5 : 0.3745    recall@10 : 0.5098    recall@20 : 0.6422    recall@30 : 0.7216    recall@50 : 0.8187    ndcg@1 : 0.2247    ndcg@2 : 0.2505    ndcg@3 : 0.2694    ndcg@4 : 0.287    ndcg@5 : 0.301    ndcg@10 : 0.3498    ndcg@20 : 0.3895    ndcg@30 : 0.4108    ndcg@50 : 0.4335    precision@1 : 0.2247    precision@2 : 0.1898    precision@3 : 0.1649    precision@4 : 0.1487    precision@5 : 0.135    precision@10 : 0.098    precision@20 : 0.064    precision@30 : 0.0494    precision@50 : 0.0345    map@1 : 0.2247    map@2 : 0.2221    map@3 : 0.2257    map@4 : 0.2335    map@5 : 0.2399    map@10 : 0.2617    map@20 : 0.2756    map@30 : 0.2819    map@50 : 0.2872
Sat 14 Mar 2026 22:34:32 INFO  Running E-step ! 
Sat 14 Mar 2026 22:34:32 INFO  epoch 212 training [time: 0.19s, train_loss1: 1.8367, train_loss2: 0.0311, train_loss3: 0.0110, train_loss4: 0.0017]
Sat 14 Mar 2026 22:34:32 INFO  epoch 212 evaluating [time: 0.14s, valid_score: 0.350100]
Sat 14 Mar 2026 22:34:32 INFO  valid result: 
recall@1 : 0.1374    recall@2 : 0.2281    recall@3 : 0.2869    recall@4 : 0.3353    recall@5 : 0.3748    recall@10 : 0.5092    recall@20 : 0.6424    recall@30 : 0.7224    recall@50 : 0.8192    ndcg@1 : 0.2253    ndcg@2 : 0.2516    ndcg@3 : 0.27    ndcg@4 : 0.2874    ndcg@5 : 0.3015    ndcg@10 : 0.3501    ndcg@20 : 0.39    ndcg@30 : 0.4114    ndcg@50 : 0.434    precision@1 : 0.2253    precision@2 : 0.191    precision@3 : 0.1653    precision@4 : 0.1488    precision@5 : 0.135    precision@10 : 0.098    precision@20 : 0.0641    precision@30 : 0.0495    precision@50 : 0.0345    map@1 : 0.2253    map@2 : 0.2233    map@3 : 0.2266    map@4 : 0.234    map@5 : 0.2404    map@10 : 0.2623    map@20 : 0.2762    map@30 : 0.2826    map@50 : 0.2878
Sat 14 Mar 2026 22:34:32 INFO  Running E-step ! 
Sat 14 Mar 2026 22:34:33 INFO  epoch 213 training [time: 0.19s, train_loss1: 1.8118, train_loss2: 0.0310, train_loss3: 0.0110, train_loss4: 0.0016]
Sat 14 Mar 2026 22:34:33 INFO  epoch 213 evaluating [time: 0.14s, valid_score: 0.350500]
Sat 14 Mar 2026 22:34:33 INFO  valid result: 
recall@1 : 0.1375    recall@2 : 0.229    recall@3 : 0.2872    recall@4 : 0.3354    recall@5 : 0.3756    recall@10 : 0.5098    recall@20 : 0.6446    recall@30 : 0.7227    recall@50 : 0.8187    ndcg@1 : 0.2259    ndcg@2 : 0.2523    ndcg@3 : 0.2705    ndcg@4 : 0.2877    ndcg@5 : 0.3021    ndcg@10 : 0.3505    ndcg@20 : 0.3909    ndcg@30 : 0.4119    ndcg@50 : 0.4343    precision@1 : 0.2259    precision@2 : 0.1916    precision@3 : 0.1657    precision@4 : 0.1488    precision@5 : 0.1353    precision@10 : 0.098    precision@20 : 0.0643    precision@30 : 0.0495    precision@50 : 0.0345    map@1 : 0.2259    map@2 : 0.2241    map@3 : 0.2271    map@4 : 0.2344    map@5 : 0.2409    map@10 : 0.2627    map@20 : 0.2768    map@30 : 0.283    map@50 : 0.2883
Sat 14 Mar 2026 22:34:33 INFO  Running E-step ! 
Sat 14 Mar 2026 22:34:33 INFO  epoch 214 training [time: 0.19s, train_loss1: 1.8132, train_loss2: 0.0310, train_loss3: 0.0110, train_loss4: 0.0016]
Sat 14 Mar 2026 22:34:33 INFO  epoch 214 evaluating [time: 0.14s, valid_score: 0.350700]
Sat 14 Mar 2026 22:34:33 INFO  valid result: 
recall@1 : 0.1388    recall@2 : 0.229    recall@3 : 0.2875    recall@4 : 0.3357    recall@5 : 0.3757    recall@10 : 0.5085    recall@20 : 0.644    recall@30 : 0.7227    recall@50 : 0.818    ndcg@1 : 0.2277    ndcg@2 : 0.2529    ndcg@3 : 0.2714    ndcg@4 : 0.2883    ndcg@5 : 0.3027    ndcg@10 : 0.3507    ndcg@20 : 0.3914    ndcg@30 : 0.4124    ndcg@50 : 0.4348    precision@1 : 0.2277    precision@2 : 0.1916    precision@3 : 0.1663    precision@4 : 0.1488    precision@5 : 0.1353    precision@10 : 0.0978    precision@20 : 0.0643    precision@30 : 0.0495    precision@50 : 0.0345    map@1 : 0.2277    map@2 : 0.2248    map@3 : 0.2279    map@4 : 0.2351    map@5 : 0.2416    map@10 : 0.2633    map@20 : 0.2775    map@30 : 0.2837    map@50 : 0.289
Sat 14 Mar 2026 22:34:33 INFO  Running E-step ! 
Sat 14 Mar 2026 22:34:33 INFO  epoch 215 training [time: 0.19s, train_loss1: 1.8270, train_loss2: 0.0309, train_loss3: 0.0110, train_loss4: 0.0016]
Sat 14 Mar 2026 22:34:33 INFO  epoch 215 evaluating [time: 0.14s, valid_score: 0.350800]
Sat 14 Mar 2026 22:34:33 INFO  valid result: 
recall@1 : 0.1375    recall@2 : 0.2275    recall@3 : 0.289    recall@4 : 0.3371    recall@5 : 0.376    recall@10 : 0.5101    recall@20 : 0.6454    recall@30 : 0.7209    recall@50 : 0.8185    ndcg@1 : 0.2271    ndcg@2 : 0.2515    ndcg@3 : 0.2715    ndcg@4 : 0.2884    ndcg@5 : 0.3024    ndcg@10 : 0.3508    ndcg@20 : 0.3913    ndcg@30 : 0.4116    ndcg@50 : 0.4345    precision@1 : 0.2271    precision@2 : 0.1904    precision@3 : 0.1667    precision@4 : 0.1493    precision@5 : 0.1355    precision@10 : 0.0981    precision@20 : 0.0644    precision@30 : 0.0495    precision@50 : 0.0345    map@1 : 0.2271    map@2 : 0.2233    map@3 : 0.2276    map@4 : 0.2348    map@5 : 0.2411    map@10 : 0.2628    map@20 : 0.2769    map@30 : 0.283    map@50 : 0.2883
Sat 14 Mar 2026 22:34:33 INFO  Running E-step ! 
Sat 14 Mar 2026 22:34:34 INFO  epoch 216 training [time: 0.17s, train_loss1: 1.8080, train_loss2: 0.0309, train_loss3: 0.0110, train_loss4: 0.0017]
Sat 14 Mar 2026 22:34:34 INFO  epoch 216 evaluating [time: 0.14s, valid_score: 0.351200]
Sat 14 Mar 2026 22:34:34 INFO  valid result: 
recall@1 : 0.1386    recall@2 : 0.2274    recall@3 : 0.289    recall@4 : 0.3366    recall@5 : 0.3765    recall@10 : 0.5102    recall@20 : 0.6453    recall@30 : 0.7213    recall@50 : 0.8179    ndcg@1 : 0.2277    ndcg@2 : 0.2521    ndcg@3 : 0.2719    ndcg@4 : 0.2886    ndcg@5 : 0.3029    ndcg@10 : 0.3512    ndcg@20 : 0.3916    ndcg@30 : 0.412    ndcg@50 : 0.4347    precision@1 : 0.2277    precision@2 : 0.191    precision@3 : 0.1667    precision@4 : 0.1491    precision@5 : 0.1355    precision@10 : 0.0982    precision@20 : 0.0645    precision@30 : 0.0495    precision@50 : 0.0345    map@1 : 0.2277    map@2 : 0.2239    map@3 : 0.228    map@4 : 0.2352    map@5 : 0.2416    map@10 : 0.2633    map@20 : 0.2774    map@30 : 0.2834    map@50 : 0.2888
Sat 14 Mar 2026 22:34:34 INFO  Running E-step ! 
Sat 14 Mar 2026 22:34:34 INFO  epoch 217 training [time: 0.19s, train_loss1: 1.7953, train_loss2: 0.0308, train_loss3: 0.0110, train_loss4: 0.0016]
Sat 14 Mar 2026 22:34:34 INFO  epoch 217 evaluating [time: 0.15s, valid_score: 0.351700]
Sat 14 Mar 2026 22:34:34 INFO  valid result: 
recall@1 : 0.1394    recall@2 : 0.2279    recall@3 : 0.289    recall@4 : 0.3369    recall@5 : 0.3774    recall@10 : 0.5104    recall@20 : 0.6454    recall@30 : 0.7213    recall@50 : 0.8171    ndcg@1 : 0.2294    ndcg@2 : 0.2527    ndcg@3 : 0.2725    ndcg@4 : 0.2891    ndcg@5 : 0.3037    ndcg@10 : 0.3517    ndcg@20 : 0.3922    ndcg@30 : 0.4125    ndcg@50 : 0.435    precision@1 : 0.2294    precision@2 : 0.191    precision@3 : 0.1671    precision@4 : 0.1493    precision@5 : 0.1358    precision@10 : 0.0982    precision@20 : 0.0645    precision@30 : 0.0495    precision@50 : 0.0345    map@1 : 0.2294    map@2 : 0.2247    map@3 : 0.2287    map@4 : 0.2358    map@5 : 0.2424    map@10 : 0.2639    map@20 : 0.278    map@30 : 0.284    map@50 : 0.2893
Sat 14 Mar 2026 22:34:34 INFO  Saving current: saved/SCL-Mar-14-2026_22-33-20.pth
Sat 14 Mar 2026 22:34:34 INFO  Saving current best: saved/SCL-Mar-14-2026_22-33-20.pth
Sat 14 Mar 2026 22:34:34 INFO  Running E-step ! 
Sat 14 Mar 2026 22:34:34 INFO  epoch 218 training [time: 0.18s, train_loss1: 1.7845, train_loss2: 0.0307, train_loss3: 0.0110, train_loss4: 0.0016]
Sat 14 Mar 2026 22:34:34 INFO  epoch 218 evaluating [time: 0.14s, valid_score: 0.351900]
Sat 14 Mar 2026 22:34:34 INFO  valid result: 
recall@1 : 0.1394    recall@2 : 0.228    recall@3 : 0.2897    recall@4 : 0.3389    recall@5 : 0.3776    recall@10 : 0.51    recall@20 : 0.646    recall@30 : 0.7207    recall@50 : 0.8166    ndcg@1 : 0.2294    ndcg@2 : 0.2529    ndcg@3 : 0.273    ndcg@4 : 0.2902    ndcg@5 : 0.304    ndcg@10 : 0.3519    ndcg@20 : 0.3926    ndcg@30 : 0.4126    ndcg@50 : 0.4351    precision@1 : 0.2294    precision@2 : 0.191    precision@3 : 0.1675    precision@4 : 0.1499    precision@5 : 0.1359    precision@10 : 0.0982    precision@20 : 0.0646    precision@30 : 0.0494    precision@50 : 0.0344    map@1 : 0.2294    map@2 : 0.2247    map@3 : 0.2291    map@4 : 0.2365    map@5 : 0.2427    map@10 : 0.2641    map@20 : 0.2783    map@30 : 0.2843    map@50 : 0.2895
Sat 14 Mar 2026 22:34:34 INFO  Saving current: saved/SCL-Mar-14-2026_22-33-20.pth
Sat 14 Mar 2026 22:34:34 INFO  Saving current best: saved/SCL-Mar-14-2026_22-33-20.pth
Sat 14 Mar 2026 22:34:34 INFO  Running E-step ! 
Sat 14 Mar 2026 22:34:35 INFO  epoch 219 training [time: 0.17s, train_loss1: 1.7878, train_loss2: 0.0307, train_loss3: 0.0110, train_loss4: 0.0016]
Sat 14 Mar 2026 22:34:35 INFO  epoch 219 evaluating [time: 0.14s, valid_score: 0.352700]
Sat 14 Mar 2026 22:34:35 INFO  valid result: 
recall@1 : 0.1403    recall@2 : 0.2301    recall@3 : 0.2902    recall@4 : 0.3409    recall@5 : 0.3777    recall@10 : 0.5096    recall@20 : 0.6463    recall@30 : 0.7213    recall@50 : 0.817    ndcg@1 : 0.2312    ndcg@2 : 0.2549    ndcg@3 : 0.274    ndcg@4 : 0.2918    ndcg@5 : 0.3049    ndcg@10 : 0.3527    ndcg@20 : 0.3935    ndcg@30 : 0.4136    ndcg@50 : 0.436    precision@1 : 0.2312    precision@2 : 0.1925    precision@3 : 0.1677    precision@4 : 0.1506    precision@5 : 0.1359    precision@10 : 0.0983    precision@20 : 0.0646    precision@30 : 0.0495    precision@50 : 0.0345    map@1 : 0.2312    map@2 : 0.2263    map@3 : 0.2302    map@4 : 0.2379    map@5 : 0.2437    map@10 : 0.2651    map@20 : 0.2793    map@30 : 0.2853    map@50 : 0.2905
Sat 14 Mar 2026 22:34:35 INFO  Saving current: saved/SCL-Mar-14-2026_22-33-20.pth
Sat 14 Mar 2026 22:34:35 INFO  Saving current best: saved/SCL-Mar-14-2026_22-33-20.pth
Sat 14 Mar 2026 22:34:35 INFO  Running E-step ! 
Sat 14 Mar 2026 22:34:35 INFO  epoch 220 training [time: 0.19s, train_loss1: 1.7937, train_loss2: 0.0306, train_loss3: 0.0110, train_loss4: 0.0017]
Sat 14 Mar 2026 22:34:35 INFO  epoch 220 evaluating [time: 0.14s, valid_score: 0.352300]
Sat 14 Mar 2026 22:34:35 INFO  valid result: 
recall@1 : 0.1401    recall@2 : 0.2315    recall@3 : 0.2901    recall@4 : 0.3407    recall@5 : 0.3776    recall@10 : 0.5084    recall@20 : 0.6463    recall@30 : 0.7212    recall@50 : 0.8173    ndcg@1 : 0.23    ndcg@2 : 0.2557    ndcg@3 : 0.274    ndcg@4 : 0.2918    ndcg@5 : 0.3049    ndcg@10 : 0.3523    ndcg@20 : 0.3934    ndcg@30 : 0.4135    ndcg@50 : 0.4361    precision@1 : 0.23    precision@2 : 0.1934    precision@3 : 0.1677    precision@4 : 0.1505    precision@5 : 0.1359    precision@10 : 0.0982    precision@20 : 0.0646    precision@30 : 0.0495    precision@50 : 0.0345    map@1 : 0.23    map@2 : 0.2268    map@3 : 0.2304    map@4 : 0.2379    map@5 : 0.2438    map@10 : 0.265    map@20 : 0.2793    map@30 : 0.2852    map@50 : 0.2905
Sat 14 Mar 2026 22:34:35 INFO  Running E-step ! 
Sat 14 Mar 2026 22:34:35 INFO  epoch 221 training [time: 0.19s, train_loss1: 1.7777, train_loss2: 0.0306, train_loss3: 0.0110, train_loss4: 0.0016]
Sat 14 Mar 2026 22:34:35 INFO  epoch 221 evaluating [time: 0.14s, valid_score: 0.352500]
Sat 14 Mar 2026 22:34:35 INFO  valid result: 
recall@1 : 0.1394    recall@2 : 0.2309    recall@3 : 0.2901    recall@4 : 0.3396    recall@5 : 0.3761    recall@10 : 0.5102    recall@20 : 0.6456    recall@30 : 0.7222    recall@50 : 0.817    ndcg@1 : 0.2294    ndcg@2 : 0.2555    ndcg@3 : 0.2739    ndcg@4 : 0.2911    ndcg@5 : 0.3041    ndcg@10 : 0.3525    ndcg@20 : 0.393    ndcg@30 : 0.4135    ndcg@50 : 0.4357    precision@1 : 0.2294    precision@2 : 0.194    precision@3 : 0.1679    precision@4 : 0.1503    precision@5 : 0.1358    precision@10 : 0.0983    precision@20 : 0.0646    precision@30 : 0.0496    precision@50 : 0.0345    map@1 : 0.2294    map@2 : 0.2265    map@3 : 0.2301    map@4 : 0.2373    map@5 : 0.243    map@10 : 0.2647    map@20 : 0.2788    map@30 : 0.2849    map@50 : 0.2901
Sat 14 Mar 2026 22:34:35 INFO  Running E-step ! 
Sat 14 Mar 2026 22:34:36 INFO  epoch 222 training [time: 0.16s, train_loss1: 1.7734, train_loss2: 0.0305, train_loss3: 0.0110, train_loss4: 0.0017]
Sat 14 Mar 2026 22:34:36 INFO  epoch 222 evaluating [time: 0.14s, valid_score: 0.351700]
Sat 14 Mar 2026 22:34:36 INFO  valid result: 
recall@1 : 0.1387    recall@2 : 0.2301    recall@3 : 0.2895    recall@4 : 0.3393    recall@5 : 0.3762    recall@10 : 0.5094    recall@20 : 0.6462    recall@30 : 0.7232    recall@50 : 0.8173    ndcg@1 : 0.2282    ndcg@2 : 0.2545    ndcg@3 : 0.273    ndcg@4 : 0.2905    ndcg@5 : 0.3037    ndcg@10 : 0.3517    ndcg@20 : 0.3925    ndcg@30 : 0.4132    ndcg@50 : 0.4353    precision@1 : 0.2282    precision@2 : 0.1934    precision@3 : 0.1675    precision@4 : 0.1503    precision@5 : 0.1358    precision@10 : 0.0982    precision@20 : 0.0645    precision@30 : 0.0497    precision@50 : 0.0345    map@1 : 0.2282    map@2 : 0.2257    map@3 : 0.2292    map@4 : 0.2367    map@5 : 0.2425    map@10 : 0.2641    map@20 : 0.2783    map@30 : 0.2844    map@50 : 0.2896
Sat 14 Mar 2026 22:34:36 INFO  Running E-step ! 
Sat 14 Mar 2026 22:34:36 INFO  epoch 223 training [time: 0.18s, train_loss1: 1.7639, train_loss2: 0.0304, train_loss3: 0.0110, train_loss4: 0.0017]
Sat 14 Mar 2026 22:34:36 INFO  epoch 223 evaluating [time: 0.14s, valid_score: 0.351900]
Sat 14 Mar 2026 22:34:36 INFO  valid result: 
recall@1 : 0.1394    recall@2 : 0.2288    recall@3 : 0.2899    recall@4 : 0.3391    recall@5 : 0.3762    recall@10 : 0.5096    recall@20 : 0.6456    recall@30 : 0.723    recall@50 : 0.8172    ndcg@1 : 0.2288    ndcg@2 : 0.2537    ndcg@3 : 0.2733    ndcg@4 : 0.2905    ndcg@5 : 0.3038    ndcg@10 : 0.3519    ndcg@20 : 0.3925    ndcg@30 : 0.4132    ndcg@50 : 0.4353    precision@1 : 0.2288    precision@2 : 0.1925    precision@3 : 0.1677    precision@4 : 0.1502    precision@5 : 0.1358    precision@10 : 0.0982    precision@20 : 0.0645    precision@30 : 0.0496    precision@50 : 0.0345    map@1 : 0.2288    map@2 : 0.2253    map@3 : 0.2296    map@4 : 0.2368    map@5 : 0.2426    map@10 : 0.2642    map@20 : 0.2784    map@30 : 0.2845    map@50 : 0.2897
Sat 14 Mar 2026 22:34:36 INFO  Running E-step ! 
Sat 14 Mar 2026 22:34:36 INFO  epoch 224 training [time: 0.19s, train_loss1: 1.7626, train_loss2: 0.0304, train_loss3: 0.0110, train_loss4: 0.0017]
Sat 14 Mar 2026 22:34:36 INFO  epoch 224 evaluating [time: 0.14s, valid_score: 0.351900]
Sat 14 Mar 2026 22:34:36 INFO  valid result: 
recall@1 : 0.1394    recall@2 : 0.2281    recall@3 : 0.2899    recall@4 : 0.3397    recall@5 : 0.3761    recall@10 : 0.5099    recall@20 : 0.6457    recall@30 : 0.7234    recall@50 : 0.8173    ndcg@1 : 0.2288    ndcg@2 : 0.253    ndcg@3 : 0.2732    ndcg@4 : 0.2907    ndcg@5 : 0.3036    ndcg@10 : 0.3519    ndcg@20 : 0.3923    ndcg@30 : 0.4132    ndcg@50 : 0.4352    precision@1 : 0.2288    precision@2 : 0.1916    precision@3 : 0.1677    precision@4 : 0.1503    precision@5 : 0.1356    precision@10 : 0.0983    precision@20 : 0.0645    precision@30 : 0.0497    precision@50 : 0.0345    map@1 : 0.2288    map@2 : 0.2245    map@3 : 0.2294    map@4 : 0.2368    map@5 : 0.2425    map@10 : 0.2641    map@20 : 0.2782    map@30 : 0.2844    map@50 : 0.2895
Sat 14 Mar 2026 22:34:36 INFO  Running E-step ! 
Sat 14 Mar 2026 22:34:37 INFO  epoch 225 training [time: 0.18s, train_loss1: 1.7534, train_loss2: 0.0303, train_loss3: 0.0110, train_loss4: 0.0017]
Sat 14 Mar 2026 22:34:37 INFO  epoch 225 evaluating [time: 0.14s, valid_score: 0.352000]
Sat 14 Mar 2026 22:34:37 INFO  valid result: 
recall@1 : 0.1396    recall@2 : 0.2281    recall@3 : 0.2915    recall@4 : 0.3398    recall@5 : 0.3766    recall@10 : 0.5098    recall@20 : 0.6432    recall@30 : 0.7244    recall@50 : 0.8174    ndcg@1 : 0.2294    ndcg@2 : 0.2532    ndcg@3 : 0.2739    ndcg@4 : 0.2909    ndcg@5 : 0.3041    ndcg@10 : 0.352    ndcg@20 : 0.392    ndcg@30 : 0.4136    ndcg@50 : 0.4354    precision@1 : 0.2294    precision@2 : 0.1916    precision@3 : 0.1681    precision@4 : 0.1505    precision@5 : 0.1359    precision@10 : 0.0983    precision@20 : 0.0643    precision@30 : 0.0497    precision@50 : 0.0345    map@1 : 0.2294    map@2 : 0.2247    map@3 : 0.2302    map@4 : 0.2371    map@5 : 0.2429    map@10 : 0.2643    map@20 : 0.2783    map@30 : 0.2847    map@50 : 0.2898
Sat 14 Mar 2026 22:34:37 INFO  Running E-step ! 
Sat 14 Mar 2026 22:34:37 INFO  epoch 226 training [time: 0.17s, train_loss1: 1.7413, train_loss2: 0.0303, train_loss3: 0.0110, train_loss4: 0.0016]
Sat 14 Mar 2026 22:34:37 INFO  epoch 226 evaluating [time: 0.14s, valid_score: 0.352600]
Sat 14 Mar 2026 22:34:37 INFO  valid result: 
recall@1 : 0.1403    recall@2 : 0.2284    recall@3 : 0.2925    recall@4 : 0.3398    recall@5 : 0.377    recall@10 : 0.5104    recall@20 : 0.6432    recall@30 : 0.7245    recall@50 : 0.8173    ndcg@1 : 0.2294    ndcg@2 : 0.2531    ndcg@3 : 0.2748    ndcg@4 : 0.2911    ndcg@5 : 0.3046    ndcg@10 : 0.3526    ndcg@20 : 0.3924    ndcg@30 : 0.414    ndcg@50 : 0.4358    precision@1 : 0.2294    precision@2 : 0.191    precision@3 : 0.1689    precision@4 : 0.1503    precision@5 : 0.1362    precision@10 : 0.0983    precision@20 : 0.0643    precision@30 : 0.0497    precision@50 : 0.0345    map@1 : 0.2294    map@2 : 0.2247    map@3 : 0.2308    map@4 : 0.2374    map@5 : 0.2434    map@10 : 0.2649    map@20 : 0.2789    map@30 : 0.2853    map@50 : 0.2904
Sat 14 Mar 2026 22:34:37 INFO  Running E-step ! 
Sat 14 Mar 2026 22:34:37 INFO  epoch 227 training [time: 0.18s, train_loss1: 1.7480, train_loss2: 0.0302, train_loss3: 0.0110, train_loss4: 0.0016]
Sat 14 Mar 2026 22:34:37 INFO  epoch 227 evaluating [time: 0.14s, valid_score: 0.352600]
Sat 14 Mar 2026 22:34:37 INFO  valid result: 
recall@1 : 0.1396    recall@2 : 0.2287    recall@3 : 0.2924    recall@4 : 0.3394    recall@5 : 0.3782    recall@10 : 0.511    recall@20 : 0.6435    recall@30 : 0.7248    recall@50 : 0.8178    ndcg@1 : 0.2282    ndcg@2 : 0.2534    ndcg@3 : 0.2746    ndcg@4 : 0.2907    ndcg@5 : 0.3049    ndcg@10 : 0.3526    ndcg@20 : 0.3923    ndcg@30 : 0.414    ndcg@50 : 0.4357    precision@1 : 0.2282    precision@2 : 0.1919    precision@3 : 0.1689    precision@4 : 0.15    precision@5 : 0.1367    precision@10 : 0.0985    precision@20 : 0.0643    precision@30 : 0.0498    precision@50 : 0.0345    map@1 : 0.2282    map@2 : 0.2247    map@3 : 0.2305    map@4 : 0.2369    map@5 : 0.2434    map@10 : 0.2647    map@20 : 0.2786    map@30 : 0.285    map@50 : 0.2901
Sat 14 Mar 2026 22:34:37 INFO  Running E-step ! 
Sat 14 Mar 2026 22:34:38 INFO  epoch 228 training [time: 0.17s, train_loss1: 1.7382, train_loss2: 0.0302, train_loss3: 0.0110, train_loss4: 0.0016]
Sat 14 Mar 2026 22:34:38 INFO  epoch 228 evaluating [time: 0.14s, valid_score: 0.352900]
Sat 14 Mar 2026 22:34:38 INFO  valid result: 
recall@1 : 0.1396    recall@2 : 0.2298    recall@3 : 0.2923    recall@4 : 0.3397    recall@5 : 0.3785    recall@10 : 0.5112    recall@20 : 0.6435    recall@30 : 0.7254    recall@50 : 0.8178    ndcg@1 : 0.2288    ndcg@2 : 0.2544    ndcg@3 : 0.2747    ndcg@4 : 0.2911    ndcg@5 : 0.3054    ndcg@10 : 0.3529    ndcg@20 : 0.3925    ndcg@30 : 0.4143    ndcg@50 : 0.4359    precision@1 : 0.2288    precision@2 : 0.1928    precision@3 : 0.1687    precision@4 : 0.1502    precision@5 : 0.1371    precision@10 : 0.0985    precision@20 : 0.0643    precision@30 : 0.0498    precision@50 : 0.0345    map@1 : 0.2288    map@2 : 0.2254    map@3 : 0.2306    map@4 : 0.2372    map@5 : 0.2438    map@10 : 0.2649    map@20 : 0.2788    map@30 : 0.2852    map@50 : 0.2903
Sat 14 Mar 2026 22:34:38 INFO  Saving current: saved/SCL-Mar-14-2026_22-33-20.pth
Sat 14 Mar 2026 22:34:38 INFO  Saving current best: saved/SCL-Mar-14-2026_22-33-20.pth
Sat 14 Mar 2026 22:34:38 INFO  Running E-step ! 
Sat 14 Mar 2026 22:34:38 INFO  epoch 229 training [time: 0.17s, train_loss1: 1.7285, train_loss2: 0.0301, train_loss3: 0.0110, train_loss4: 0.0017]
Sat 14 Mar 2026 22:34:38 INFO  epoch 229 evaluating [time: 0.14s, valid_score: 0.353800]
Sat 14 Mar 2026 22:34:38 INFO  valid result: 
recall@1 : 0.1402    recall@2 : 0.229    recall@3 : 0.2943    recall@4 : 0.3411    recall@5 : 0.3783    recall@10 : 0.5128    recall@20 : 0.6433    recall@30 : 0.7265    recall@50 : 0.8184    ndcg@1 : 0.2294    ndcg@2 : 0.2543    ndcg@3 : 0.2759    ndcg@4 : 0.292    ndcg@5 : 0.3056    ndcg@10 : 0.3538    ndcg@20 : 0.3928    ndcg@30 : 0.4149    ndcg@50 : 0.4364    precision@1 : 0.2294    precision@2 : 0.1928    precision@3 : 0.1696    precision@4 : 0.1506    precision@5 : 0.1368    precision@10 : 0.0987    precision@20 : 0.0643    precision@30 : 0.0499    precision@50 : 0.0345    map@1 : 0.2294    map@2 : 0.2256    map@3 : 0.2316    map@4 : 0.238    map@5 : 0.2441    map@10 : 0.2656    map@20 : 0.2793    map@30 : 0.2858    map@50 : 0.2908
Sat 14 Mar 2026 22:34:38 INFO  Saving current: saved/SCL-Mar-14-2026_22-33-20.pth
Sat 14 Mar 2026 22:34:38 INFO  Saving current best: saved/SCL-Mar-14-2026_22-33-20.pth
Sat 14 Mar 2026 22:34:38 INFO  Running E-step ! 
Sat 14 Mar 2026 22:34:38 INFO  epoch 230 training [time: 0.17s, train_loss1: 1.7141, train_loss2: 0.0300, train_loss3: 0.0110, train_loss4: 0.0017]
Sat 14 Mar 2026 22:34:38 INFO  epoch 230 evaluating [time: 0.14s, valid_score: 0.354200]
Sat 14 Mar 2026 22:34:38 INFO  valid result: 
recall@1 : 0.141    recall@2 : 0.2291    recall@3 : 0.2934    recall@4 : 0.3405    recall@5 : 0.3788    recall@10 : 0.5129    recall@20 : 0.6424    recall@30 : 0.7267    recall@50 : 0.8188    ndcg@1 : 0.2312    ndcg@2 : 0.2547    ndcg@3 : 0.2757    ndcg@4 : 0.292    ndcg@5 : 0.3061    ndcg@10 : 0.3542    ndcg@20 : 0.3929    ndcg@30 : 0.4153    ndcg@50 : 0.4369    precision@1 : 0.2312    precision@2 : 0.1928    precision@3 : 0.1691    precision@4 : 0.1505    precision@5 : 0.1369    precision@10 : 0.0988    precision@20 : 0.0643    precision@30 : 0.0499    precision@50 : 0.0346    map@1 : 0.2312    map@2 : 0.2259    map@3 : 0.2316    map@4 : 0.2382    map@5 : 0.2445    map@10 : 0.266    map@20 : 0.2796    map@30 : 0.2862    map@50 : 0.2912
Sat 14 Mar 2026 22:34:38 INFO  Saving current: saved/SCL-Mar-14-2026_22-33-20.pth
Sat 14 Mar 2026 22:34:38 INFO  Saving current best: saved/SCL-Mar-14-2026_22-33-20.pth
Sat 14 Mar 2026 22:34:38 INFO  Running E-step ! 
Sat 14 Mar 2026 22:34:39 INFO  epoch 231 training [time: 0.18s, train_loss1: 1.7342, train_loss2: 0.0300, train_loss3: 0.0110, train_loss4: 0.0017]
Sat 14 Mar 2026 22:34:39 INFO  epoch 231 evaluating [time: 0.14s, valid_score: 0.354500]
Sat 14 Mar 2026 22:34:39 INFO  valid result: 
recall@1 : 0.1419    recall@2 : 0.2288    recall@3 : 0.2947    recall@4 : 0.3396    recall@5 : 0.3795    recall@10 : 0.5129    recall@20 : 0.642    recall@30 : 0.728    recall@50 : 0.8195    ndcg@1 : 0.2318    ndcg@2 : 0.2549    ndcg@3 : 0.2768    ndcg@4 : 0.292    ndcg@5 : 0.3066    ndcg@10 : 0.3545    ndcg@20 : 0.3932    ndcg@30 : 0.4159    ndcg@50 : 0.4374    precision@1 : 0.2318    precision@2 : 0.1928    precision@3 : 0.1698    precision@4 : 0.1502    precision@5 : 0.1371    precision@10 : 0.0988    precision@20 : 0.0642    precision@30 : 0.0499    precision@50 : 0.0346    map@1 : 0.2318    map@2 : 0.2262    map@3 : 0.2327    map@4 : 0.2385    map@5 : 0.2451    map@10 : 0.2665    map@20 : 0.2801    map@30 : 0.2867    map@50 : 0.2917
Sat 14 Mar 2026 22:34:39 INFO  Saving current: saved/SCL-Mar-14-2026_22-33-20.pth
Sat 14 Mar 2026 22:34:39 INFO  Saving current best: saved/SCL-Mar-14-2026_22-33-20.pth
Sat 14 Mar 2026 22:34:39 INFO  Running E-step ! 
Sat 14 Mar 2026 22:34:39 INFO  epoch 232 training [time: 0.18s, train_loss1: 1.7239, train_loss2: 0.0299, train_loss3: 0.0110, train_loss4: 0.0016]
Sat 14 Mar 2026 22:34:39 INFO  epoch 232 evaluating [time: 0.14s, valid_score: 0.355200]
Sat 14 Mar 2026 22:34:39 INFO  valid result: 
recall@1 : 0.1425    recall@2 : 0.2277    recall@3 : 0.2953    recall@4 : 0.3392    recall@5 : 0.3802    recall@10 : 0.5145    recall@20 : 0.6406    recall@30 : 0.7278    recall@50 : 0.8198    ndcg@1 : 0.2324    ndcg@2 : 0.2544    ndcg@3 : 0.2773    ndcg@4 : 0.292    ndcg@5 : 0.3071    ndcg@10 : 0.3552    ndcg@20 : 0.3931    ndcg@30 : 0.4161    ndcg@50 : 0.4376    precision@1 : 0.2324    precision@2 : 0.1922    precision@3 : 0.1704    precision@4 : 0.1502    precision@5 : 0.1372    precision@10 : 0.0991    precision@20 : 0.0642    precision@30 : 0.0499    precision@50 : 0.0346    map@1 : 0.2324    map@2 : 0.2259    map@3 : 0.2331    map@4 : 0.2386    map@5 : 0.2455    map@10 : 0.2669    map@20 : 0.2803    map@30 : 0.2869    map@50 : 0.292
Sat 14 Mar 2026 22:34:39 INFO  Saving current: saved/SCL-Mar-14-2026_22-33-20.pth
Sat 14 Mar 2026 22:34:39 INFO  Saving current best: saved/SCL-Mar-14-2026_22-33-20.pth
Sat 14 Mar 2026 22:34:39 INFO  Running E-step ! 
Sat 14 Mar 2026 22:34:39 INFO  epoch 233 training [time: 0.20s, train_loss1: 1.7114, train_loss2: 0.0299, train_loss3: 0.0110, train_loss4: 0.0016]
Sat 14 Mar 2026 22:34:39 INFO  epoch 233 evaluating [time: 0.14s, valid_score: 0.355200]
Sat 14 Mar 2026 22:34:39 INFO  valid result: 
recall@1 : 0.1434    recall@2 : 0.2271    recall@3 : 0.2958    recall@4 : 0.3391    recall@5 : 0.3793    recall@10 : 0.5138    recall@20 : 0.6413    recall@30 : 0.7275    recall@50 : 0.8199    ndcg@1 : 0.2324    ndcg@2 : 0.2542    ndcg@3 : 0.2776    ndcg@4 : 0.2921    ndcg@5 : 0.3068    ndcg@10 : 0.3552    ndcg@20 : 0.3935    ndcg@30 : 0.4162    ndcg@50 : 0.4379    precision@1 : 0.2324    precision@2 : 0.1919    precision@3 : 0.1704    precision@4 : 0.15    precision@5 : 0.1368    precision@10 : 0.099    precision@20 : 0.0642    precision@30 : 0.0499    precision@50 : 0.0346    map@1 : 0.2324    map@2 : 0.2259    map@3 : 0.2336    map@4 : 0.2389    map@5 : 0.2456    map@10 : 0.2672    map@20 : 0.2807    map@30 : 0.2872    map@50 : 0.2924
Sat 14 Mar 2026 22:34:39 INFO  Saving current: saved/SCL-Mar-14-2026_22-33-20.pth
Sat 14 Mar 2026 22:34:39 INFO  Saving current best: saved/SCL-Mar-14-2026_22-33-20.pth
Sat 14 Mar 2026 22:34:39 INFO  Running E-step ! 
Sat 14 Mar 2026 22:34:40 INFO  epoch 234 training [time: 0.18s, train_loss1: 1.7264, train_loss2: 0.0298, train_loss3: 0.0110, train_loss4: 0.0016]
Sat 14 Mar 2026 22:34:40 INFO  epoch 234 evaluating [time: 0.14s, valid_score: 0.355000]
Sat 14 Mar 2026 22:34:40 INFO  valid result: 
recall@1 : 0.1427    recall@2 : 0.2271    recall@3 : 0.2955    recall@4 : 0.3389    recall@5 : 0.3788    recall@10 : 0.5141    recall@20 : 0.6394    recall@30 : 0.7281    recall@50 : 0.8211    ndcg@1 : 0.2318    ndcg@2 : 0.2539    ndcg@3 : 0.2773    ndcg@4 : 0.2916    ndcg@5 : 0.3064    ndcg@10 : 0.355    ndcg@20 : 0.3927    ndcg@30 : 0.416    ndcg@50 : 0.4378    precision@1 : 0.2318    precision@2 : 0.1919    precision@3 : 0.1704    precision@4 : 0.1497    precision@5 : 0.1368    precision@10 : 0.0991    precision@20 : 0.0641    precision@30 : 0.0499    precision@50 : 0.0346    map@1 : 0.2318    map@2 : 0.2256    map@3 : 0.2331    map@4 : 0.2383    map@5 : 0.2451    map@10 : 0.2668    map@20 : 0.2801    map@30 : 0.2868    map@50 : 0.292
Sat 14 Mar 2026 22:34:40 INFO  Running E-step ! 
Sat 14 Mar 2026 22:34:40 INFO  epoch 235 training [time: 0.19s, train_loss1: 1.7094, train_loss2: 0.0297, train_loss3: 0.0110, train_loss4: 0.0016]
Sat 14 Mar 2026 22:34:40 INFO  epoch 235 evaluating [time: 0.14s, valid_score: 0.355200]
Sat 14 Mar 2026 22:34:40 INFO  valid result: 
recall@1 : 0.1428    recall@2 : 0.2255    recall@3 : 0.2964    recall@4 : 0.3416    recall@5 : 0.3789    recall@10 : 0.5143    recall@20 : 0.6394    recall@30 : 0.7271    recall@50 : 0.8211    ndcg@1 : 0.2324    ndcg@2 : 0.2534    ndcg@3 : 0.2779    ndcg@4 : 0.293    ndcg@5 : 0.3066    ndcg@10 : 0.3552    ndcg@20 : 0.3929    ndcg@30 : 0.416    ndcg@50 : 0.4379    precision@1 : 0.2324    precision@2 : 0.1916    precision@3 : 0.1712    precision@4 : 0.1509    precision@5 : 0.1368    precision@10 : 0.0992    precision@20 : 0.0642    precision@30 : 0.0499    precision@50 : 0.0346    map@1 : 0.2324    map@2 : 0.2254    map@3 : 0.2334    map@4 : 0.2392    map@5 : 0.2453    map@10 : 0.2669    map@20 : 0.2803    map@30 : 0.2869    map@50 : 0.2921
Sat 14 Mar 2026 22:34:40 INFO  Saving current: saved/SCL-Mar-14-2026_22-33-20.pth
Sat 14 Mar 2026 22:34:40 INFO  Saving current best: saved/SCL-Mar-14-2026_22-33-20.pth
Sat 14 Mar 2026 22:34:40 INFO  Running E-step ! 
Sat 14 Mar 2026 22:34:40 INFO  epoch 236 training [time: 0.19s, train_loss1: 1.6948, train_loss2: 0.0297, train_loss3: 0.0110, train_loss4: 0.0016]
Sat 14 Mar 2026 22:34:40 INFO  epoch 236 evaluating [time: 0.14s, valid_score: 0.355500]
Sat 14 Mar 2026 22:34:40 INFO  valid result: 
recall@1 : 0.1428    recall@2 : 0.2266    recall@3 : 0.2957    recall@4 : 0.3417    recall@5 : 0.3798    recall@10 : 0.5149    recall@20 : 0.6396    recall@30 : 0.727    recall@50 : 0.8213    ndcg@1 : 0.2324    ndcg@2 : 0.2543    ndcg@3 : 0.2776    ndcg@4 : 0.293    ndcg@5 : 0.307    ndcg@10 : 0.3555    ndcg@20 : 0.393    ndcg@30 : 0.4161    ndcg@50 : 0.438    precision@1 : 0.2324    precision@2 : 0.1928    precision@3 : 0.1708    precision@4 : 0.1506    precision@5 : 0.1371    precision@10 : 0.0992    precision@20 : 0.0642    precision@30 : 0.0499    precision@50 : 0.0346    map@1 : 0.2324    map@2 : 0.226    map@3 : 0.2333    map@4 : 0.2392    map@5 : 0.2456    map@10 : 0.2671    map@20 : 0.2804    map@30 : 0.287    map@50 : 0.2922
Sat 14 Mar 2026 22:34:40 INFO  Saving current: saved/SCL-Mar-14-2026_22-33-20.pth
Sat 14 Mar 2026 22:34:40 INFO  Saving current best: saved/SCL-Mar-14-2026_22-33-20.pth
Sat 14 Mar 2026 22:34:40 INFO  Running E-step ! 
Sat 14 Mar 2026 22:34:41 INFO  epoch 237 training [time: 0.18s, train_loss1: 1.6708, train_loss2: 0.0296, train_loss3: 0.0110, train_loss4: 0.0016]
Sat 14 Mar 2026 22:34:41 INFO  epoch 237 evaluating [time: 0.14s, valid_score: 0.355200]
Sat 14 Mar 2026 22:34:41 INFO  valid result: 
recall@1 : 0.1425    recall@2 : 0.2261    recall@3 : 0.2962    recall@4 : 0.3418    recall@5 : 0.3801    recall@10 : 0.5145    recall@20 : 0.6393    recall@30 : 0.7267    recall@50 : 0.8218    ndcg@1 : 0.2318    ndcg@2 : 0.254    ndcg@3 : 0.2776    ndcg@4 : 0.293    ndcg@5 : 0.307    ndcg@10 : 0.3552    ndcg@20 : 0.3928    ndcg@30 : 0.4159    ndcg@50 : 0.438    precision@1 : 0.2318    precision@2 : 0.1925    precision@3 : 0.1708    precision@4 : 0.1508    precision@5 : 0.1372    precision@10 : 0.0992    precision@20 : 0.0641    precision@30 : 0.0499    precision@50 : 0.0346    map@1 : 0.2318    map@2 : 0.2257    map@3 : 0.2332    map@4 : 0.239    map@5 : 0.2455    map@10 : 0.2669    map@20 : 0.2803    map@30 : 0.2869    map@50 : 0.2921
Sat 14 Mar 2026 22:34:41 INFO  Running E-step ! 
Sat 14 Mar 2026 22:34:41 INFO  epoch 238 training [time: 0.19s, train_loss1: 1.7176, train_loss2: 0.0295, train_loss3: 0.0110, train_loss4: 0.0016]
Sat 14 Mar 2026 22:34:41 INFO  epoch 238 evaluating [time: 0.14s, valid_score: 0.355500]
Sat 14 Mar 2026 22:34:41 INFO  valid result: 
recall@1 : 0.1433    recall@2 : 0.226    recall@3 : 0.2958    recall@4 : 0.3411    recall@5 : 0.3792    recall@10 : 0.5148    recall@20 : 0.6389    recall@30 : 0.7279    recall@50 : 0.8217    ndcg@1 : 0.2324    ndcg@2 : 0.254    ndcg@3 : 0.2775    ndcg@4 : 0.2928    ndcg@5 : 0.3069    ndcg@10 : 0.3555    ndcg@20 : 0.3928    ndcg@30 : 0.4163    ndcg@50 : 0.4381    precision@1 : 0.2324    precision@2 : 0.1922    precision@3 : 0.1704    precision@4 : 0.1505    precision@5 : 0.1371    precision@10 : 0.0993    precision@20 : 0.064    precision@30 : 0.0499    precision@50 : 0.0346    map@1 : 0.2324    map@2 : 0.2257    map@3 : 0.2334    map@4 : 0.239    map@5 : 0.2456    map@10 : 0.2672    map@20 : 0.2804    map@30 : 0.2872    map@50 : 0.2923
Sat 14 Mar 2026 22:34:41 INFO  Saving current: saved/SCL-Mar-14-2026_22-33-20.pth
Sat 14 Mar 2026 22:34:41 INFO  Saving current best: saved/SCL-Mar-14-2026_22-33-20.pth
Sat 14 Mar 2026 22:34:41 INFO  Running E-step ! 
Sat 14 Mar 2026 22:34:41 INFO  epoch 239 training [time: 0.18s, train_loss1: 1.6739, train_loss2: 0.0295, train_loss3: 0.0110, train_loss4: 0.0016]
Sat 14 Mar 2026 22:34:41 INFO  epoch 239 evaluating [time: 0.14s, valid_score: 0.355100]
Sat 14 Mar 2026 22:34:41 INFO  valid result: 
recall@1 : 0.1433    recall@2 : 0.2267    recall@3 : 0.2954    recall@4 : 0.3411    recall@5 : 0.3801    recall@10 : 0.5134    recall@20 : 0.6387    recall@30 : 0.7277    recall@50 : 0.8222    ndcg@1 : 0.2324    ndcg@2 : 0.254    ndcg@3 : 0.2773    ndcg@4 : 0.2929    ndcg@5 : 0.3072    ndcg@10 : 0.3551    ndcg@20 : 0.3928    ndcg@30 : 0.4162    ndcg@50 : 0.4382    precision@1 : 0.2324    precision@2 : 0.1919    precision@3 : 0.17    precision@4 : 0.1506    precision@5 : 0.1371    precision@10 : 0.099    precision@20 : 0.064    precision@30 : 0.0499    precision@50 : 0.0346    map@1 : 0.2324    map@2 : 0.2256    map@3 : 0.2333    map@4 : 0.2391    map@5 : 0.2458    map@10 : 0.2671    map@20 : 0.2805    map@30 : 0.2872    map@50 : 0.2923
Sat 14 Mar 2026 22:34:41 INFO  Running E-step ! 
Sat 14 Mar 2026 22:34:42 INFO  epoch 240 training [time: 0.17s, train_loss1: 1.6871, train_loss2: 0.0294, train_loss3: 0.0110, train_loss4: 0.0016]
Sat 14 Mar 2026 22:34:42 INFO  epoch 240 evaluating [time: 0.14s, valid_score: 0.355600]
Sat 14 Mar 2026 22:34:42 INFO  valid result: 
recall@1 : 0.1439    recall@2 : 0.227    recall@3 : 0.2947    recall@4 : 0.3404    recall@5 : 0.3795    recall@10 : 0.5142    recall@20 : 0.6375    recall@30 : 0.7263    recall@50 : 0.8225    ndcg@1 : 0.2336    ndcg@2 : 0.2545    ndcg@3 : 0.2774    ndcg@4 : 0.2928    ndcg@5 : 0.3071    ndcg@10 : 0.3556    ndcg@20 : 0.3927    ndcg@30 : 0.4162    ndcg@50 : 0.4385    precision@1 : 0.2336    precision@2 : 0.1922    precision@3 : 0.17    precision@4 : 0.1502    precision@5 : 0.1368    precision@10 : 0.0992    precision@20 : 0.0639    precision@30 : 0.0499    precision@50 : 0.0347    map@1 : 0.2336    map@2 : 0.2259    map@3 : 0.2334    map@4 : 0.2391    map@5 : 0.2458    map@10 : 0.2674    map@20 : 0.2806    map@30 : 0.2874    map@50 : 0.2925
Sat 14 Mar 2026 22:34:42 INFO  Saving current: saved/SCL-Mar-14-2026_22-33-20.pth
Sat 14 Mar 2026 22:34:42 INFO  Saving current best: saved/SCL-Mar-14-2026_22-33-20.pth
Sat 14 Mar 2026 22:34:42 INFO  Running E-step ! 
Sat 14 Mar 2026 22:34:42 INFO  epoch 241 training [time: 0.16s, train_loss1: 1.6667, train_loss2: 0.0293, train_loss3: 0.0110, train_loss4: 0.0016]
Sat 14 Mar 2026 22:34:42 INFO  epoch 241 evaluating [time: 0.14s, valid_score: 0.355400]
Sat 14 Mar 2026 22:34:42 INFO  valid result: 
recall@1 : 0.1428    recall@2 : 0.228    recall@3 : 0.2953    recall@4 : 0.3414    recall@5 : 0.3789    recall@10 : 0.5142    recall@20 : 0.6394    recall@30 : 0.7264    recall@50 : 0.8225    ndcg@1 : 0.2324    ndcg@2 : 0.2546    ndcg@3 : 0.2775    ndcg@4 : 0.2929    ndcg@5 : 0.3067    ndcg@10 : 0.3554    ndcg@20 : 0.393    ndcg@30 : 0.4161    ndcg@50 : 0.4384    precision@1 : 0.2324    precision@2 : 0.1925    precision@3 : 0.1704    precision@4 : 0.1503    precision@5 : 0.1367    precision@10 : 0.0992    precision@20 : 0.0641    precision@30 : 0.0499    precision@50 : 0.0347    map@1 : 0.2324    map@2 : 0.2259    map@3 : 0.2333    map@4 : 0.239    map@5 : 0.2455    map@10 : 0.2671    map@20 : 0.2805    map@30 : 0.2872    map@50 : 0.2923
Sat 14 Mar 2026 22:34:42 INFO  Running E-step ! 
Sat 14 Mar 2026 22:34:42 INFO  epoch 242 training [time: 0.17s, train_loss1: 1.6653, train_loss2: 0.0293, train_loss3: 0.0110, train_loss4: 0.0016]
Sat 14 Mar 2026 22:34:42 INFO  epoch 242 evaluating [time: 0.14s, valid_score: 0.355700]
Sat 14 Mar 2026 22:34:42 INFO  valid result: 
recall@1 : 0.1427    recall@2 : 0.2275    recall@3 : 0.2949    recall@4 : 0.3417    recall@5 : 0.377    recall@10 : 0.5158    recall@20 : 0.6393    recall@30 : 0.7267    recall@50 : 0.8213    ndcg@1 : 0.2324    ndcg@2 : 0.2545    ndcg@3 : 0.277    ndcg@4 : 0.2929    ndcg@5 : 0.3058    ndcg@10 : 0.3557    ndcg@20 : 0.393    ndcg@30 : 0.4161    ndcg@50 : 0.438    precision@1 : 0.2324    precision@2 : 0.1925    precision@3 : 0.17    precision@4 : 0.1503    precision@5 : 0.1364    precision@10 : 0.0994    precision@20 : 0.0642    precision@30 : 0.0499    precision@50 : 0.0346    map@1 : 0.2324    map@2 : 0.2259    map@3 : 0.233    map@4 : 0.2389    map@5 : 0.2449    map@10 : 0.2671    map@20 : 0.2804    map@30 : 0.2871    map@50 : 0.2922
Sat 14 Mar 2026 22:34:42 INFO  Saving current: saved/SCL-Mar-14-2026_22-33-20.pth
Sat 14 Mar 2026 22:34:42 INFO  Saving current best: saved/SCL-Mar-14-2026_22-33-20.pth
Sat 14 Mar 2026 22:34:42 INFO  Running E-step ! 
Sat 14 Mar 2026 22:34:43 INFO  epoch 243 training [time: 0.18s, train_loss1: 1.7000, train_loss2: 0.0292, train_loss3: 0.0110, train_loss4: 0.0017]
Sat 14 Mar 2026 22:34:43 INFO  epoch 243 evaluating [time: 0.14s, valid_score: 0.355600]
Sat 14 Mar 2026 22:34:43 INFO  valid result: 
recall@1 : 0.1436    recall@2 : 0.2269    recall@3 : 0.2949    recall@4 : 0.3417    recall@5 : 0.3768    recall@10 : 0.5144    recall@20 : 0.6398    recall@30 : 0.7266    recall@50 : 0.8209    ndcg@1 : 0.233    ndcg@2 : 0.2546    ndcg@3 : 0.2774    ndcg@4 : 0.293    ndcg@5 : 0.306    ndcg@10 : 0.3556    ndcg@20 : 0.3934    ndcg@30 : 0.4164    ndcg@50 : 0.4383    precision@1 : 0.233    precision@2 : 0.1925    precision@3 : 0.1702    precision@4 : 0.1502    precision@5 : 0.1362    precision@10 : 0.0991    precision@20 : 0.0641    precision@30 : 0.0499    precision@50 : 0.0346    map@1 : 0.233    map@2 : 0.2263    map@3 : 0.2335    map@4 : 0.2393    map@5 : 0.2453    map@10 : 0.2674    map@20 : 0.2808    map@30 : 0.2875    map@50 : 0.2926
Sat 14 Mar 2026 22:34:43 INFO  Running E-step ! 
Sat 14 Mar 2026 22:34:43 INFO  epoch 244 training [time: 0.18s, train_loss1: 1.6757, train_loss2: 0.0291, train_loss3: 0.0110, train_loss4: 0.0017]
Sat 14 Mar 2026 22:34:43 INFO  epoch 244 evaluating [time: 0.14s, valid_score: 0.355200]
Sat 14 Mar 2026 22:34:43 INFO  valid result: 
recall@1 : 0.1439    recall@2 : 0.2254    recall@3 : 0.2954    recall@4 : 0.3414    recall@5 : 0.377    recall@10 : 0.5136    recall@20 : 0.6392    recall@30 : 0.7279    recall@50 : 0.8204    ndcg@1 : 0.2336    ndcg@2 : 0.2538    ndcg@3 : 0.2775    ndcg@4 : 0.2929    ndcg@5 : 0.3061    ndcg@10 : 0.3552    ndcg@20 : 0.3931    ndcg@30 : 0.4165    ndcg@50 : 0.438    precision@1 : 0.2336    precision@2 : 0.1919    precision@3 : 0.1702    precision@4 : 0.1502    precision@5 : 0.1364    precision@10 : 0.0989    precision@20 : 0.0641    precision@30 : 0.05    precision@50 : 0.0346    map@1 : 0.2336    map@2 : 0.2256    map@3 : 0.2334    map@4 : 0.2391    map@5 : 0.2452    map@10 : 0.267    map@20 : 0.2805    map@30 : 0.2873    map@50 : 0.2924
Sat 14 Mar 2026 22:34:43 INFO  Running E-step ! 
Sat 14 Mar 2026 22:34:43 INFO  epoch 245 training [time: 0.18s, train_loss1: 1.6650, train_loss2: 0.0291, train_loss3: 0.0110, train_loss4: 0.0017]
Sat 14 Mar 2026 22:34:43 INFO  epoch 245 evaluating [time: 0.14s, valid_score: 0.355400]
Sat 14 Mar 2026 22:34:43 INFO  valid result: 
recall@1 : 0.1444    recall@2 : 0.2259    recall@3 : 0.2954    recall@4 : 0.3418    recall@5 : 0.3749    recall@10 : 0.5136    recall@20 : 0.6392    recall@30 : 0.7261    recall@50 : 0.8224    ndcg@1 : 0.2336    ndcg@2 : 0.2541    ndcg@3 : 0.2777    ndcg@4 : 0.2934    ndcg@5 : 0.3053    ndcg@10 : 0.3554    ndcg@20 : 0.3933    ndcg@30 : 0.4163    ndcg@50 : 0.4386    precision@1 : 0.2336    precision@2 : 0.1919    precision@3 : 0.1704    precision@4 : 0.1505    precision@5 : 0.1355    precision@10 : 0.0989    precision@20 : 0.0641    precision@30 : 0.0498    precision@50 : 0.0346    map@1 : 0.2336    map@2 : 0.2259    map@3 : 0.2337    map@4 : 0.2396    map@5 : 0.2449    map@10 : 0.2673    map@20 : 0.2809    map@30 : 0.2875    map@50 : 0.2927
Sat 14 Mar 2026 22:34:43 INFO  Running E-step ! 
Sat 14 Mar 2026 22:34:44 INFO  epoch 246 training [time: 0.16s, train_loss1: 1.6510, train_loss2: 0.0290, train_loss3: 0.0110, train_loss4: 0.0017]
Sat 14 Mar 2026 22:34:44 INFO  epoch 246 evaluating [time: 0.14s, valid_score: 0.354600]
Sat 14 Mar 2026 22:34:44 INFO  valid result: 
recall@1 : 0.1431    recall@2 : 0.2258    recall@3 : 0.2957    recall@4 : 0.3413    recall@5 : 0.3755    recall@10 : 0.5121    recall@20 : 0.6376    recall@30 : 0.7259    recall@50 : 0.8228    ndcg@1 : 0.233    ndcg@2 : 0.254    ndcg@3 : 0.2775    ndcg@4 : 0.2928    ndcg@5 : 0.3051    ndcg@10 : 0.3546    ndcg@20 : 0.3926    ndcg@30 : 0.4158    ndcg@50 : 0.4383    precision@1 : 0.233    precision@2 : 0.1925    precision@3 : 0.1706    precision@4 : 0.1505    precision@5 : 0.1356    precision@10 : 0.0987    precision@20 : 0.064    precision@30 : 0.0498    precision@50 : 0.0347    map@1 : 0.233    map@2 : 0.2256    map@3 : 0.2332    map@4 : 0.2389    map@5 : 0.2445    map@10 : 0.2665    map@20 : 0.2802    map@30 : 0.2869    map@50 : 0.2921
Sat 14 Mar 2026 22:34:44 INFO  Running E-step ! 
Sat 14 Mar 2026 22:34:44 INFO  epoch 247 training [time: 0.17s, train_loss1: 1.6633, train_loss2: 0.0289, train_loss3: 0.0110, train_loss4: 0.0017]
Sat 14 Mar 2026 22:34:44 INFO  epoch 247 evaluating [time: 0.14s, valid_score: 0.355000]
Sat 14 Mar 2026 22:34:44 INFO  valid result: 
recall@1 : 0.1431    recall@2 : 0.2271    recall@3 : 0.2955    recall@4 : 0.3404    recall@5 : 0.3759    recall@10 : 0.5131    recall@20 : 0.6375    recall@30 : 0.7253    recall@50 : 0.8221    ndcg@1 : 0.233    ndcg@2 : 0.2548    ndcg@3 : 0.2777    ndcg@4 : 0.2925    ndcg@5 : 0.3054    ndcg@10 : 0.355    ndcg@20 : 0.3927    ndcg@30 : 0.4158    ndcg@50 : 0.4382    precision@1 : 0.233    precision@2 : 0.1931    precision@3 : 0.1708    precision@4 : 0.15    precision@5 : 0.1359    precision@10 : 0.0989    precision@20 : 0.064    precision@30 : 0.0498    precision@50 : 0.0346    map@1 : 0.233    map@2 : 0.226    map@3 : 0.2333    map@4 : 0.2388    map@5 : 0.2446    map@10 : 0.2668    map@20 : 0.2803    map@30 : 0.287    map@50 : 0.2922
Sat 14 Mar 2026 22:34:44 INFO  Running E-step ! 
Sat 14 Mar 2026 22:34:44 INFO  epoch 248 training [time: 0.16s, train_loss1: 1.6611, train_loss2: 0.0289, train_loss3: 0.0110, train_loss4: 0.0017]
Sat 14 Mar 2026 22:34:44 INFO  epoch 248 evaluating [time: 0.14s, valid_score: 0.355700]
Sat 14 Mar 2026 22:34:44 INFO  valid result: 
recall@1 : 0.1444    recall@2 : 0.2283    recall@3 : 0.2948    recall@4 : 0.341    recall@5 : 0.3753    recall@10 : 0.5135    recall@20 : 0.6372    recall@30 : 0.7261    recall@50 : 0.8222    ndcg@1 : 0.2342    ndcg@2 : 0.2563    ndcg@3 : 0.278    ndcg@4 : 0.2933    ndcg@5 : 0.3057    ndcg@10 : 0.3557    ndcg@20 : 0.3932    ndcg@30 : 0.4165    ndcg@50 : 0.4389    precision@1 : 0.2342    precision@2 : 0.1943    precision@3 : 0.1706    precision@4 : 0.15    precision@5 : 0.1354    precision@10 : 0.0989    precision@20 : 0.064    precision@30 : 0.0498    precision@50 : 0.0346    map@1 : 0.2342    map@2 : 0.2277    map@3 : 0.2342    map@4 : 0.2398    map@5 : 0.2453    map@10 : 0.2677    map@20 : 0.2812    map@30 : 0.2879    map@50 : 0.2931
Sat 14 Mar 2026 22:34:44 INFO  Saving current: saved/SCL-Mar-14-2026_22-33-20.pth
Sat 14 Mar 2026 22:34:44 INFO  Saving current best: saved/SCL-Mar-14-2026_22-33-20.pth
Sat 14 Mar 2026 22:34:44 INFO  Running E-step ! 
Sat 14 Mar 2026 22:34:45 INFO  epoch 249 training [time: 0.18s, train_loss1: 1.6514, train_loss2: 0.0288, train_loss3: 0.0110, train_loss4: 0.0016]
Sat 14 Mar 2026 22:34:45 INFO  epoch 249 evaluating [time: 0.14s, valid_score: 0.355700]
Sat 14 Mar 2026 22:34:45 INFO  valid result: 
recall@1 : 0.1437    recall@2 : 0.2288    recall@3 : 0.2939    recall@4 : 0.3424    recall@5 : 0.3756    recall@10 : 0.5138    recall@20 : 0.6371    recall@30 : 0.7259    recall@50 : 0.8222    ndcg@1 : 0.2342    ndcg@2 : 0.2565    ndcg@3 : 0.2775    ndcg@4 : 0.2938    ndcg@5 : 0.3056    ndcg@10 : 0.3557    ndcg@20 : 0.3931    ndcg@30 : 0.4163    ndcg@50 : 0.4387    precision@1 : 0.2342    precision@2 : 0.1946    precision@3 : 0.1704    precision@4 : 0.1508    precision@5 : 0.1354    precision@10 : 0.0989    precision@20 : 0.064    precision@30 : 0.0498    precision@50 : 0.0346    map@1 : 0.2342    map@2 : 0.2277    map@3 : 0.2337    map@4 : 0.2399    map@5 : 0.245    map@10 : 0.2675    map@20 : 0.281    map@30 : 0.2876    map@50 : 0.2928
Sat 14 Mar 2026 22:34:45 INFO  Saving current: saved/SCL-Mar-14-2026_22-33-20.pth
Sat 14 Mar 2026 22:34:45 INFO  Saving current best: saved/SCL-Mar-14-2026_22-33-20.pth
Sat 14 Mar 2026 22:34:45 INFO  Running E-step ! 
Sat 14 Mar 2026 22:34:45 INFO  epoch 250 training [time: 0.20s, train_loss1: 1.6063, train_loss2: 0.0288, train_loss3: 0.0110, train_loss4: 0.0016]
Sat 14 Mar 2026 22:34:45 INFO  epoch 250 evaluating [time: 0.14s, valid_score: 0.355900]
Sat 14 Mar 2026 22:34:45 INFO  valid result: 
recall@1 : 0.1435    recall@2 : 0.229    recall@3 : 0.2927    recall@4 : 0.3434    recall@5 : 0.3756    recall@10 : 0.5147    recall@20 : 0.637    recall@30 : 0.7227    recall@50 : 0.8224    ndcg@1 : 0.2336    ndcg@2 : 0.2566    ndcg@3 : 0.2768    ndcg@4 : 0.2943    ndcg@5 : 0.3055    ndcg@10 : 0.3559    ndcg@20 : 0.393    ndcg@30 : 0.4156    ndcg@50 : 0.4387    precision@1 : 0.2336    precision@2 : 0.1949    precision@3 : 0.17    precision@4 : 0.1514    precision@5 : 0.1354    precision@10 : 0.0992    precision@20 : 0.064    precision@30 : 0.0496    precision@50 : 0.0347    map@1 : 0.2336    map@2 : 0.2278    map@3 : 0.2331    map@4 : 0.2401    map@5 : 0.245    map@10 : 0.2676    map@20 : 0.2809    map@30 : 0.2874    map@50 : 0.2928
Sat 14 Mar 2026 22:34:45 INFO  Saving current: saved/SCL-Mar-14-2026_22-33-20.pth
Sat 14 Mar 2026 22:34:45 INFO  Saving current best: saved/SCL-Mar-14-2026_22-33-20.pth
Sat 14 Mar 2026 22:34:45 INFO  Running E-step ! 
Sat 14 Mar 2026 22:34:45 INFO  epoch 251 training [time: 0.18s, train_loss1: 1.6378, train_loss2: 0.0287, train_loss3: 0.0110, train_loss4: 0.0017]
Sat 14 Mar 2026 22:34:45 INFO  epoch 251 evaluating [time: 0.14s, valid_score: 0.355400]
Sat 14 Mar 2026 22:34:45 INFO  valid result: 
recall@1 : 0.1419    recall@2 : 0.229    recall@3 : 0.2931    recall@4 : 0.3435    recall@5 : 0.376    recall@10 : 0.5147    recall@20 : 0.6381    recall@30 : 0.7235    recall@50 : 0.8221    ndcg@1 : 0.2318    ndcg@2 : 0.256    ndcg@3 : 0.2764    ndcg@4 : 0.2936    ndcg@5 : 0.3052    ndcg@10 : 0.3554    ndcg@20 : 0.3928    ndcg@30 : 0.4152    ndcg@50 : 0.4381    precision@1 : 0.2318    precision@2 : 0.1949    precision@3 : 0.17    precision@4 : 0.1512    precision@5 : 0.1356    precision@10 : 0.0992    precision@20 : 0.0641    precision@30 : 0.0497    precision@50 : 0.0346    map@1 : 0.2318    map@2 : 0.2271    map@3 : 0.2324    map@4 : 0.2392    map@5 : 0.2443    map@10 : 0.2667    map@20 : 0.2802    map@30 : 0.2867    map@50 : 0.292
Sat 14 Mar 2026 22:34:45 INFO  Running E-step ! 
Sat 14 Mar 2026 22:34:46 INFO  epoch 252 training [time: 0.19s, train_loss1: 1.6258, train_loss2: 0.0287, train_loss3: 0.0110, train_loss4: 0.0016]
Sat 14 Mar 2026 22:34:46 INFO  epoch 252 evaluating [time: 0.14s, valid_score: 0.356300]
Sat 14 Mar 2026 22:34:46 INFO  valid result: 
recall@1 : 0.1435    recall@2 : 0.2295    recall@3 : 0.2935    recall@4 : 0.3436    recall@5 : 0.3763    recall@10 : 0.5153    recall@20 : 0.6375    recall@30 : 0.7236    recall@50 : 0.8222    ndcg@1 : 0.2342    ndcg@2 : 0.2571    ndcg@3 : 0.2775    ndcg@4 : 0.2945    ndcg@5 : 0.3061    ndcg@10 : 0.3563    ndcg@20 : 0.3934    ndcg@30 : 0.4161    ndcg@50 : 0.4389    precision@1 : 0.2342    precision@2 : 0.1952    precision@3 : 0.1704    precision@4 : 0.1514    precision@5 : 0.1358    precision@10 : 0.0992    precision@20 : 0.0641    precision@30 : 0.0497    precision@50 : 0.0346    map@1 : 0.2342    map@2 : 0.2282    map@3 : 0.2337    map@4 : 0.2403    map@5 : 0.2454    map@10 : 0.2678    map@20 : 0.2812    map@30 : 0.2877    map@50 : 0.293
Sat 14 Mar 2026 22:34:46 INFO  Saving current: saved/SCL-Mar-14-2026_22-33-20.pth
Sat 14 Mar 2026 22:34:46 INFO  Saving current best: saved/SCL-Mar-14-2026_22-33-20.pth
Sat 14 Mar 2026 22:34:46 INFO  Running E-step ! 
Sat 14 Mar 2026 22:34:46 INFO  epoch 253 training [time: 0.18s, train_loss1: 1.6141, train_loss2: 0.0286, train_loss3: 0.0110, train_loss4: 0.0017]
Sat 14 Mar 2026 22:34:46 INFO  epoch 253 evaluating [time: 0.14s, valid_score: 0.356000]
Sat 14 Mar 2026 22:34:46 INFO  valid result: 
recall@1 : 0.1432    recall@2 : 0.2301    recall@3 : 0.2944    recall@4 : 0.3425    recall@5 : 0.3766    recall@10 : 0.514    recall@20 : 0.6377    recall@30 : 0.724    recall@50 : 0.8233    ndcg@1 : 0.2336    ndcg@2 : 0.2574    ndcg@3 : 0.2781    ndcg@4 : 0.2941    ndcg@5 : 0.3063    ndcg@10 : 0.356    ndcg@20 : 0.3935    ndcg@30 : 0.4162    ndcg@50 : 0.4391    precision@1 : 0.2336    precision@2 : 0.1958    precision@3 : 0.171    precision@4 : 0.1512    precision@5 : 0.136    precision@10 : 0.0992    precision@20 : 0.0642    precision@30 : 0.0497    precision@50 : 0.0347    map@1 : 0.2336    map@2 : 0.2284    map@3 : 0.234    map@4 : 0.2401    map@5 : 0.2455    map@10 : 0.2677    map@20 : 0.2813    map@30 : 0.2878    map@50 : 0.2931
Sat 14 Mar 2026 22:34:46 INFO  Running E-step ! 
Sat 14 Mar 2026 22:34:46 INFO  epoch 254 training [time: 0.19s, train_loss1: 1.5990, train_loss2: 0.0285, train_loss3: 0.0110, train_loss4: 0.0017]
Sat 14 Mar 2026 22:34:46 INFO  epoch 254 evaluating [time: 0.14s, valid_score: 0.356400]
Sat 14 Mar 2026 22:34:46 INFO  valid result: 
recall@1 : 0.1444    recall@2 : 0.23    recall@3 : 0.2942    recall@4 : 0.3419    recall@5 : 0.3767    recall@10 : 0.5142    recall@20 : 0.6382    recall@30 : 0.724    recall@50 : 0.8238    ndcg@1 : 0.2342    ndcg@2 : 0.2575    ndcg@3 : 0.2781    ndcg@4 : 0.2942    ndcg@5 : 0.3067    ndcg@10 : 0.3564    ndcg@20 : 0.3941    ndcg@30 : 0.4165    ndcg@50 : 0.4396    precision@1 : 0.2342    precision@2 : 0.1955    precision@3 : 0.1706    precision@4 : 0.1511    precision@5 : 0.1361    precision@10 : 0.0992    precision@20 : 0.0642    precision@30 : 0.0497    precision@50 : 0.0347    map@1 : 0.2342    map@2 : 0.2285    map@3 : 0.2343    map@4 : 0.2405    map@5 : 0.2461    map@10 : 0.2683    map@20 : 0.2819    map@30 : 0.2883    map@50 : 0.2937
Sat 14 Mar 2026 22:34:46 INFO  Saving current: saved/SCL-Mar-14-2026_22-33-20.pth
Sat 14 Mar 2026 22:34:46 INFO  Saving current best: saved/SCL-Mar-14-2026_22-33-20.pth
Sat 14 Mar 2026 22:34:46 INFO  Running E-step ! 
Sat 14 Mar 2026 22:34:47 INFO  epoch 255 training [time: 0.19s, train_loss1: 1.5869, train_loss2: 0.0285, train_loss3: 0.0110, train_loss4: 0.0017]
Sat 14 Mar 2026 22:34:47 INFO  epoch 255 evaluating [time: 0.14s, valid_score: 0.355700]
Sat 14 Mar 2026 22:34:47 INFO  valid result: 
recall@1 : 0.1429    recall@2 : 0.2282    recall@3 : 0.2945    recall@4 : 0.3416    recall@5 : 0.3775    recall@10 : 0.514    recall@20 : 0.6382    recall@30 : 0.7247    recall@50 : 0.8238    ndcg@1 : 0.2324    ndcg@2 : 0.2555    ndcg@3 : 0.2774    ndcg@4 : 0.2933    ndcg@5 : 0.3062    ndcg@10 : 0.3557    ndcg@20 : 0.3933    ndcg@30 : 0.4159    ndcg@50 : 0.4389    precision@1 : 0.2324    precision@2 : 0.194    precision@3 : 0.1708    precision@4 : 0.1511    precision@5 : 0.1364    precision@10 : 0.0994    precision@20 : 0.0642    precision@30 : 0.0497    precision@50 : 0.0347    map@1 : 0.2324    map@2 : 0.2268    map@3 : 0.2333    map@4 : 0.2394    map@5 : 0.2452    map@10 : 0.2673    map@20 : 0.2809    map@30 : 0.2873    map@50 : 0.2927
Sat 14 Mar 2026 22:34:47 INFO  Running E-step ! 
Sat 14 Mar 2026 22:34:47 INFO  epoch 256 training [time: 0.19s, train_loss1: 1.6241, train_loss2: 0.0284, train_loss3: 0.0110, train_loss4: 0.0017]
Sat 14 Mar 2026 22:34:47 INFO  epoch 256 evaluating [time: 0.14s, valid_score: 0.356400]
Sat 14 Mar 2026 22:34:47 INFO  valid result: 
recall@1 : 0.1444    recall@2 : 0.2287    recall@3 : 0.2951    recall@4 : 0.3406    recall@5 : 0.3766    recall@10 : 0.5143    recall@20 : 0.6391    recall@30 : 0.7246    recall@50 : 0.8242    ndcg@1 : 0.2342    ndcg@2 : 0.2562    ndcg@3 : 0.2783    ndcg@4 : 0.2936    ndcg@5 : 0.3064    ndcg@10 : 0.3564    ndcg@20 : 0.3941    ndcg@30 : 0.4165    ndcg@50 : 0.4396    precision@1 : 0.2342    precision@2 : 0.194    precision@3 : 0.171    precision@4 : 0.1509    precision@5 : 0.1361    precision@10 : 0.0995    precision@20 : 0.0643    precision@30 : 0.0497    precision@50 : 0.0347    map@1 : 0.2342    map@2 : 0.2277    map@3 : 0.2343    map@4 : 0.2401    map@5 : 0.2459    map@10 : 0.2682    map@20 : 0.2818    map@30 : 0.2882    map@50 : 0.2935
Sat 14 Mar 2026 22:34:47 INFO  Saving current: saved/SCL-Mar-14-2026_22-33-20.pth
Sat 14 Mar 2026 22:34:47 INFO  Saving current best: saved/SCL-Mar-14-2026_22-33-20.pth
Sat 14 Mar 2026 22:34:47 INFO  Running E-step ! 
Sat 14 Mar 2026 22:34:47 INFO  epoch 257 training [time: 0.19s, train_loss1: 1.5991, train_loss2: 0.0284, train_loss3: 0.0110, train_loss4: 0.0017]
Sat 14 Mar 2026 22:34:47 INFO  epoch 257 evaluating [time: 0.15s, valid_score: 0.356400]
Sat 14 Mar 2026 22:34:47 INFO  valid result: 
recall@1 : 0.1441    recall@2 : 0.2299    recall@3 : 0.2955    recall@4 : 0.3411    recall@5 : 0.3765    recall@10 : 0.5138    recall@20 : 0.6385    recall@30 : 0.7225    recall@50 : 0.8229    ndcg@1 : 0.2342    ndcg@2 : 0.2569    ndcg@3 : 0.2787    ndcg@4 : 0.2939    ndcg@5 : 0.3065    ndcg@10 : 0.3564    ndcg@20 : 0.3941    ndcg@30 : 0.4162    ndcg@50 : 0.4394    precision@1 : 0.2342    precision@2 : 0.1949    precision@3 : 0.1712    precision@4 : 0.1509    precision@5 : 0.1361    precision@10 : 0.0995    precision@20 : 0.0643    precision@30 : 0.0496    precision@50 : 0.0347    map@1 : 0.2342    map@2 : 0.2281    map@3 : 0.2345    map@4 : 0.2404    map@5 : 0.2459    map@10 : 0.2683    map@20 : 0.2819    map@30 : 0.2882    map@50 : 0.2936
Sat 14 Mar 2026 22:34:47 INFO  Saving current: saved/SCL-Mar-14-2026_22-33-20.pth
Sat 14 Mar 2026 22:34:47 INFO  Saving current best: saved/SCL-Mar-14-2026_22-33-20.pth
Sat 14 Mar 2026 22:34:47 INFO  Running E-step ! 
Sat 14 Mar 2026 22:34:48 INFO  epoch 258 training [time: 0.18s, train_loss1: 1.5938, train_loss2: 0.0283, train_loss3: 0.0110, train_loss4: 0.0017]
Sat 14 Mar 2026 22:34:48 INFO  epoch 258 evaluating [time: 0.14s, valid_score: 0.356800]
Sat 14 Mar 2026 22:34:48 INFO  valid result: 
recall@1 : 0.1435    recall@2 : 0.2322    recall@3 : 0.2954    recall@4 : 0.3405    recall@5 : 0.3771    recall@10 : 0.5144    recall@20 : 0.6384    recall@30 : 0.722    recall@50 : 0.8231    ndcg@1 : 0.2336    ndcg@2 : 0.2583    ndcg@3 : 0.2786    ndcg@4 : 0.2938    ndcg@5 : 0.3069    ndcg@10 : 0.3568    ndcg@20 : 0.3942    ndcg@30 : 0.4162    ndcg@50 : 0.4395    precision@1 : 0.2336    precision@2 : 0.1964    precision@3 : 0.171    precision@4 : 0.1511    precision@5 : 0.1364    precision@10 : 0.0997    precision@20 : 0.0643    precision@30 : 0.0496    precision@50 : 0.0347    map@1 : 0.2336    map@2 : 0.229    map@3 : 0.2345    map@4 : 0.2404    map@5 : 0.2462    map@10 : 0.2685    map@20 : 0.2819    map@30 : 0.2883    map@50 : 0.2937
Sat 14 Mar 2026 22:34:48 INFO  Saving current: saved/SCL-Mar-14-2026_22-33-20.pth
Sat 14 Mar 2026 22:34:48 INFO  Saving current best: saved/SCL-Mar-14-2026_22-33-20.pth
Sat 14 Mar 2026 22:34:48 INFO  Running E-step ! 
Sat 14 Mar 2026 22:34:48 INFO  epoch 259 training [time: 0.19s, train_loss1: 1.6152, train_loss2: 0.0282, train_loss3: 0.0110, train_loss4: 0.0018]
Sat 14 Mar 2026 22:34:48 INFO  epoch 259 evaluating [time: 0.14s, valid_score: 0.357700]
Sat 14 Mar 2026 22:34:48 INFO  valid result: 
recall@1 : 0.1451    recall@2 : 0.2328    recall@3 : 0.2954    recall@4 : 0.3402    recall@5 : 0.3773    recall@10 : 0.515    recall@20 : 0.6381    recall@30 : 0.7211    recall@50 : 0.8218    ndcg@1 : 0.236    ndcg@2 : 0.2594    ndcg@3 : 0.2794    ndcg@4 : 0.2944    ndcg@5 : 0.3078    ndcg@10 : 0.3577    ndcg@20 : 0.3948    ndcg@30 : 0.4167    ndcg@50 : 0.44    precision@1 : 0.236    precision@2 : 0.1967    precision@3 : 0.171    precision@4 : 0.1509    precision@5 : 0.1367    precision@10 : 0.0998    precision@20 : 0.0642    precision@30 : 0.0496    precision@50 : 0.0347    map@1 : 0.236    map@2 : 0.2302    map@3 : 0.2355    map@4 : 0.2412    map@5 : 0.2474    map@10 : 0.2695    map@20 : 0.2828    map@30 : 0.2892    map@50 : 0.2946
Sat 14 Mar 2026 22:34:48 INFO  Saving current: saved/SCL-Mar-14-2026_22-33-20.pth
Sat 14 Mar 2026 22:34:48 INFO  Saving current best: saved/SCL-Mar-14-2026_22-33-20.pth
Sat 14 Mar 2026 22:34:48 INFO  Running E-step ! 
Sat 14 Mar 2026 22:34:48 INFO  epoch 260 training [time: 0.19s, train_loss1: 1.6180, train_loss2: 0.0282, train_loss3: 0.0110, train_loss4: 0.0017]
Sat 14 Mar 2026 22:34:49 INFO  epoch 260 evaluating [time: 0.14s, valid_score: 0.357300]
Sat 14 Mar 2026 22:34:49 INFO  valid result: 
recall@1 : 0.1443    recall@2 : 0.2321    recall@3 : 0.2938    recall@4 : 0.3395    recall@5 : 0.3785    recall@10 : 0.5159    recall@20 : 0.6379    recall@30 : 0.719    recall@50 : 0.8206    ndcg@1 : 0.2348    ndcg@2 : 0.2592    ndcg@3 : 0.2781    ndcg@4 : 0.2935    ndcg@5 : 0.3079    ndcg@10 : 0.3573    ndcg@20 : 0.3943    ndcg@30 : 0.4158    ndcg@50 : 0.4393    precision@1 : 0.2348    precision@2 : 0.1973    precision@3 : 0.1702    precision@4 : 0.1505    precision@5 : 0.1372    precision@10 : 0.0996    precision@20 : 0.0642    precision@30 : 0.0495    precision@50 : 0.0347    map@1 : 0.2348    map@2 : 0.23    map@3 : 0.2344    map@4 : 0.2402    map@5 : 0.247    map@10 : 0.2689    map@20 : 0.2822    map@30 : 0.2885    map@50 : 0.2939
Sat 14 Mar 2026 22:34:49 INFO  Running E-step ! 
Sat 14 Mar 2026 22:34:49 INFO  epoch 261 training [time: 0.19s, train_loss1: 1.5800, train_loss2: 0.0281, train_loss3: 0.0110, train_loss4: 0.0017]
Sat 14 Mar 2026 22:34:49 INFO  epoch 261 evaluating [time: 0.15s, valid_score: 0.357800]
Sat 14 Mar 2026 22:34:49 INFO  valid result: 
recall@1 : 0.145    recall@2 : 0.2322    recall@3 : 0.2963    recall@4 : 0.3391    recall@5 : 0.3786    recall@10 : 0.5158    recall@20 : 0.638    recall@30 : 0.7196    recall@50 : 0.8196    ndcg@1 : 0.2348    ndcg@2 : 0.2594    ndcg@3 : 0.2797    ndcg@4 : 0.2936    ndcg@5 : 0.3082    ndcg@10 : 0.3578    ndcg@20 : 0.3947    ndcg@30 : 0.4164    ndcg@50 : 0.4396    precision@1 : 0.2348    precision@2 : 0.1973    precision@3 : 0.1712    precision@4 : 0.1502    precision@5 : 0.1369    precision@10 : 0.0998    precision@20 : 0.0642    precision@30 : 0.0496    precision@50 : 0.0346    map@1 : 0.2348    map@2 : 0.2303    map@3 : 0.2356    map@4 : 0.2406    map@5 : 0.2475    map@10 : 0.2695    map@20 : 0.2828    map@30 : 0.2891    map@50 : 0.2945
Sat 14 Mar 2026 22:34:49 INFO  Saving current: saved/SCL-Mar-14-2026_22-33-20.pth
Sat 14 Mar 2026 22:34:49 INFO  Saving current best: saved/SCL-Mar-14-2026_22-33-20.pth
Sat 14 Mar 2026 22:34:49 INFO  Running E-step ! 
Sat 14 Mar 2026 22:34:49 INFO  epoch 262 training [time: 0.18s, train_loss1: 1.5553, train_loss2: 0.0281, train_loss3: 0.0110, train_loss4: 0.0017]
Sat 14 Mar 2026 22:34:49 INFO  epoch 262 evaluating [time: 0.14s, valid_score: 0.358100]
Sat 14 Mar 2026 22:34:49 INFO  valid result: 
recall@1 : 0.1456    recall@2 : 0.2335    recall@3 : 0.2958    recall@4 : 0.3392    recall@5 : 0.3782    recall@10 : 0.5159    recall@20 : 0.6371    recall@30 : 0.7199    recall@50 : 0.819    ndcg@1 : 0.2354    ndcg@2 : 0.2607    ndcg@3 : 0.2798    ndcg@4 : 0.2941    ndcg@5 : 0.3085    ndcg@10 : 0.3581    ndcg@20 : 0.3949    ndcg@30 : 0.4168    ndcg@50 : 0.4398    precision@1 : 0.2354    precision@2 : 0.1985    precision@3 : 0.171    precision@4 : 0.1503    precision@5 : 0.1371    precision@10 : 0.0996    precision@20 : 0.0642    precision@30 : 0.0496    precision@50 : 0.0346    map@1 : 0.2354    map@2 : 0.2315    map@3 : 0.2359    map@4 : 0.2411    map@5 : 0.2479    map@10 : 0.2699    map@20 : 0.2833    map@30 : 0.2896    map@50 : 0.295
Sat 14 Mar 2026 22:34:49 INFO  Saving current: saved/SCL-Mar-14-2026_22-33-20.pth
Sat 14 Mar 2026 22:34:49 INFO  Saving current best: saved/SCL-Mar-14-2026_22-33-20.pth
Sat 14 Mar 2026 22:34:49 INFO  Running E-step ! 
Sat 14 Mar 2026 22:34:49 INFO  epoch 263 training [time: 0.19s, train_loss1: 1.5726, train_loss2: 0.0280, train_loss3: 0.0110, train_loss4: 0.0016]
Sat 14 Mar 2026 22:34:50 INFO  epoch 263 evaluating [time: 0.14s, valid_score: 0.358900]
Sat 14 Mar 2026 22:34:50 INFO  valid result: 
recall@1 : 0.1467    recall@2 : 0.2342    recall@3 : 0.2966    recall@4 : 0.3397    recall@5 : 0.379    recall@10 : 0.5159    recall@20 : 0.637    recall@30 : 0.7204    recall@50 : 0.8192    ndcg@1 : 0.2378    ndcg@2 : 0.262    ndcg@3 : 0.2812    ndcg@4 : 0.2951    ndcg@5 : 0.3095    ndcg@10 : 0.3589    ndcg@20 : 0.3956    ndcg@30 : 0.4176    ndcg@50 : 0.4406    precision@1 : 0.2378    precision@2 : 0.1993    precision@3 : 0.1718    precision@4 : 0.1506    precision@5 : 0.1372    precision@10 : 0.0996    precision@20 : 0.0642    precision@30 : 0.0496    precision@50 : 0.0346    map@1 : 0.2378    map@2 : 0.2329    map@3 : 0.2373    map@4 : 0.2422    map@5 : 0.2489    map@10 : 0.2709    map@20 : 0.2842    map@30 : 0.2905    map@50 : 0.2959
Sat 14 Mar 2026 22:34:50 INFO  Saving current: saved/SCL-Mar-14-2026_22-33-20.pth
Sat 14 Mar 2026 22:34:50 INFO  Saving current best: saved/SCL-Mar-14-2026_22-33-20.pth
Sat 14 Mar 2026 22:34:50 INFO  Running E-step ! 
Sat 14 Mar 2026 22:34:50 INFO  epoch 264 training [time: 0.19s, train_loss1: 1.5515, train_loss2: 0.0279, train_loss3: 0.0110, train_loss4: 0.0017]
Sat 14 Mar 2026 22:34:50 INFO  epoch 264 evaluating [time: 0.14s, valid_score: 0.359200]
Sat 14 Mar 2026 22:34:50 INFO  valid result: 
recall@1 : 0.1464    recall@2 : 0.2355    recall@3 : 0.2979    recall@4 : 0.3394    recall@5 : 0.3798    recall@10 : 0.5167    recall@20 : 0.6374    recall@30 : 0.7204    recall@50 : 0.8179    ndcg@1 : 0.2372    ndcg@2 : 0.2624    ndcg@3 : 0.2819    ndcg@4 : 0.2951    ndcg@5 : 0.3099    ndcg@10 : 0.3592    ndcg@20 : 0.3959    ndcg@30 : 0.4178    ndcg@50 : 0.4405    precision@1 : 0.2372    precision@2 : 0.1996    precision@3 : 0.1724    precision@4 : 0.1505    precision@5 : 0.1373    precision@10 : 0.0996    precision@20 : 0.0642    precision@30 : 0.0496    precision@50 : 0.0346    map@1 : 0.2372    map@2 : 0.2332    map@3 : 0.2378    map@4 : 0.2423    map@5 : 0.2493    map@10 : 0.2711    map@20 : 0.2844    map@30 : 0.2908    map@50 : 0.2961
Sat 14 Mar 2026 22:34:50 INFO  Saving current: saved/SCL-Mar-14-2026_22-33-20.pth
Sat 14 Mar 2026 22:34:50 INFO  Saving current best: saved/SCL-Mar-14-2026_22-33-20.pth
Sat 14 Mar 2026 22:34:50 INFO  Running E-step ! 
Sat 14 Mar 2026 22:34:50 INFO  epoch 265 training [time: 0.19s, train_loss1: 1.5668, train_loss2: 0.0279, train_loss3: 0.0110, train_loss4: 0.0017]
Sat 14 Mar 2026 22:34:50 INFO  epoch 265 evaluating [time: 0.14s, valid_score: 0.359000]
Sat 14 Mar 2026 22:34:50 INFO  valid result: 
recall@1 : 0.1463    recall@2 : 0.2361    recall@3 : 0.2978    recall@4 : 0.339    recall@5 : 0.3792    recall@10 : 0.516    recall@20 : 0.638    recall@30 : 0.7206    recall@50 : 0.8189    ndcg@1 : 0.2366    ndcg@2 : 0.2628    ndcg@3 : 0.2818    ndcg@4 : 0.2948    ndcg@5 : 0.3098    ndcg@10 : 0.359    ndcg@20 : 0.396    ndcg@30 : 0.4178    ndcg@50 : 0.4406    precision@1 : 0.2366    precision@2 : 0.2002    precision@3 : 0.1722    precision@4 : 0.15    precision@5 : 0.1374    precision@10 : 0.0997    precision@20 : 0.0643    precision@30 : 0.0496    precision@50 : 0.0346    map@1 : 0.2366    map@2 : 0.2335    map@3 : 0.2377    map@4 : 0.2422    map@5 : 0.2493    map@10 : 0.271    map@20 : 0.2844    map@30 : 0.2907    map@50 : 0.296
Sat 14 Mar 2026 22:34:50 INFO  Running E-step ! 
Sat 14 Mar 2026 22:34:50 INFO  epoch 266 training [time: 0.16s, train_loss1: 1.5462, train_loss2: 0.0278, train_loss3: 0.0110, train_loss4: 0.0017]
Sat 14 Mar 2026 22:34:51 INFO  epoch 266 evaluating [time: 0.14s, valid_score: 0.358900]
Sat 14 Mar 2026 22:34:51 INFO  valid result: 
recall@1 : 0.1463    recall@2 : 0.2362    recall@3 : 0.2979    recall@4 : 0.3384    recall@5 : 0.3796    recall@10 : 0.5159    recall@20 : 0.6374    recall@30 : 0.7201    recall@50 : 0.8178    ndcg@1 : 0.2366    ndcg@2 : 0.2631    ndcg@3 : 0.2817    ndcg@4 : 0.2945    ndcg@5 : 0.3099    ndcg@10 : 0.3589    ndcg@20 : 0.3958    ndcg@30 : 0.4176    ndcg@50 : 0.4404    precision@1 : 0.2366    precision@2 : 0.2005    precision@3 : 0.1718    precision@4 : 0.1499    precision@5 : 0.1375    precision@10 : 0.0996    precision@20 : 0.0643    precision@30 : 0.0495    precision@50 : 0.0346    map@1 : 0.2366    map@2 : 0.2336    map@3 : 0.2377    map@4 : 0.2421    map@5 : 0.2494    map@10 : 0.271    map@20 : 0.2844    map@30 : 0.2907    map@50 : 0.296
Sat 14 Mar 2026 22:34:51 INFO  Running E-step ! 
Sat 14 Mar 2026 22:34:51 INFO  epoch 267 training [time: 0.18s, train_loss1: 1.5573, train_loss2: 0.0278, train_loss3: 0.0110, train_loss4: 0.0017]
Sat 14 Mar 2026 22:34:51 INFO  epoch 267 evaluating [time: 0.14s, valid_score: 0.358800]
Sat 14 Mar 2026 22:34:51 INFO  valid result: 
recall@1 : 0.146    recall@2 : 0.2363    recall@3 : 0.2973    recall@4 : 0.3387    recall@5 : 0.3796    recall@10 : 0.5157    recall@20 : 0.6371    recall@30 : 0.7192    recall@50 : 0.8178    ndcg@1 : 0.2366    ndcg@2 : 0.2632    ndcg@3 : 0.2813    ndcg@4 : 0.2947    ndcg@5 : 0.3099    ndcg@10 : 0.3588    ndcg@20 : 0.3956    ndcg@30 : 0.4174    ndcg@50 : 0.4403    precision@1 : 0.2366    precision@2 : 0.2008    precision@3 : 0.1716    precision@4 : 0.1502    precision@5 : 0.1377    precision@10 : 0.0997    precision@20 : 0.0642    precision@30 : 0.0495    precision@50 : 0.0346    map@1 : 0.2366    map@2 : 0.2336    map@3 : 0.2374    map@4 : 0.2421    map@5 : 0.2493    map@10 : 0.2709    map@20 : 0.2842    map@30 : 0.2905    map@50 : 0.2959
Sat 14 Mar 2026 22:34:51 INFO  Running E-step ! 
Sat 14 Mar 2026 22:34:51 INFO  epoch 268 training [time: 0.17s, train_loss1: 1.5348, train_loss2: 0.0277, train_loss3: 0.0110, train_loss4: 0.0017]
Sat 14 Mar 2026 22:34:51 INFO  epoch 268 evaluating [time: 0.15s, valid_score: 0.358400]
Sat 14 Mar 2026 22:34:51 INFO  valid result: 
recall@1 : 0.1458    recall@2 : 0.2357    recall@3 : 0.2973    recall@4 : 0.3377    recall@5 : 0.3798    recall@10 : 0.5149    recall@20 : 0.6372    recall@30 : 0.72    recall@50 : 0.8181    ndcg@1 : 0.236    ndcg@2 : 0.2629    ndcg@3 : 0.2809    ndcg@4 : 0.294    ndcg@5 : 0.31    ndcg@10 : 0.3584    ndcg@20 : 0.3955    ndcg@30 : 0.4174    ndcg@50 : 0.4402    precision@1 : 0.236    precision@2 : 0.2008    precision@3 : 0.1712    precision@4 : 0.1497    precision@5 : 0.1381    precision@10 : 0.0995    precision@20 : 0.0643    precision@30 : 0.0496    precision@50 : 0.0346    map@1 : 0.236    map@2 : 0.2335    map@3 : 0.237    map@4 : 0.2416    map@5 : 0.2493    map@10 : 0.2706    map@20 : 0.284    map@30 : 0.2903    map@50 : 0.2957
Sat 14 Mar 2026 22:34:51 INFO  Running E-step ! 
Sat 14 Mar 2026 22:34:51 INFO  epoch 269 training [time: 0.19s, train_loss1: 1.5201, train_loss2: 0.0277, train_loss3: 0.0110, train_loss4: 0.0017]
Sat 14 Mar 2026 22:34:52 INFO  epoch 269 evaluating [time: 0.14s, valid_score: 0.358300]
Sat 14 Mar 2026 22:34:52 INFO  valid result: 
recall@1 : 0.1455    recall@2 : 0.2369    recall@3 : 0.2974    recall@4 : 0.3384    recall@5 : 0.3794    recall@10 : 0.5144    recall@20 : 0.6372    recall@30 : 0.7197    recall@50 : 0.8175    ndcg@1 : 0.236    ndcg@2 : 0.2636    ndcg@3 : 0.2812    ndcg@4 : 0.2944    ndcg@5 : 0.31    ndcg@10 : 0.3583    ndcg@20 : 0.3956    ndcg@30 : 0.4174    ndcg@50 : 0.4402    precision@1 : 0.236    precision@2 : 0.2014    precision@3 : 0.1714    precision@4 : 0.15    precision@5 : 0.1381    precision@10 : 0.0993    precision@20 : 0.0643    precision@30 : 0.0495    precision@50 : 0.0346    map@1 : 0.236    map@2 : 0.2339    map@3 : 0.2372    map@4 : 0.2418    map@5 : 0.2493    map@10 : 0.2705    map@20 : 0.2841    map@30 : 0.2904    map@50 : 0.2957
Sat 14 Mar 2026 22:34:52 INFO  Running E-step ! 
Sat 14 Mar 2026 22:34:52 INFO  epoch 270 training [time: 0.20s, train_loss1: 1.5345, train_loss2: 0.0276, train_loss3: 0.0110, train_loss4: 0.0017]
Sat 14 Mar 2026 22:34:52 INFO  epoch 270 evaluating [time: 0.14s, valid_score: 0.358500]
Sat 14 Mar 2026 22:34:52 INFO  valid result: 
recall@1 : 0.1454    recall@2 : 0.2375    recall@3 : 0.2987    recall@4 : 0.3379    recall@5 : 0.38    recall@10 : 0.5143    recall@20 : 0.6364    recall@30 : 0.7204    recall@50 : 0.8174    ndcg@1 : 0.2354    ndcg@2 : 0.2642    ndcg@3 : 0.2819    ndcg@4 : 0.2943    ndcg@5 : 0.3102    ndcg@10 : 0.3585    ndcg@20 : 0.3956    ndcg@30 : 0.4177    ndcg@50 : 0.4404    precision@1 : 0.2354    precision@2 : 0.2023    precision@3 : 0.172    precision@4 : 0.1499    precision@5 : 0.1381    precision@10 : 0.0994    precision@20 : 0.0643    precision@30 : 0.0496    precision@50 : 0.0346    map@1 : 0.2354    map@2 : 0.2345    map@3 : 0.2378    map@4 : 0.2419    map@5 : 0.2496    map@10 : 0.2709    map@20 : 0.2843    map@30 : 0.2907    map@50 : 0.296
Sat 14 Mar 2026 22:34:52 INFO  Running E-step ! 
Sat 14 Mar 2026 22:34:52 INFO  epoch 271 training [time: 0.18s, train_loss1: 1.5539, train_loss2: 0.0276, train_loss3: 0.0110, train_loss4: 0.0017]
Sat 14 Mar 2026 22:34:52 INFO  epoch 271 evaluating [time: 0.14s, valid_score: 0.358600]
Sat 14 Mar 2026 22:34:52 INFO  valid result: 
recall@1 : 0.1448    recall@2 : 0.239    recall@3 : 0.2987    recall@4 : 0.339    recall@5 : 0.3807    recall@10 : 0.5147    recall@20 : 0.6361    recall@30 : 0.7213    recall@50 : 0.8175    ndcg@1 : 0.2342    ndcg@2 : 0.2648    ndcg@3 : 0.2817    ndcg@4 : 0.2947    ndcg@5 : 0.3105    ndcg@10 : 0.3586    ndcg@20 : 0.3955    ndcg@30 : 0.4179    ndcg@50 : 0.4404    precision@1 : 0.2342    precision@2 : 0.2032    precision@3 : 0.1718    precision@4 : 0.1503    precision@5 : 0.1384    precision@10 : 0.0995    precision@20 : 0.0642    precision@30 : 0.0496    precision@50 : 0.0346    map@1 : 0.2342    map@2 : 0.2348    map@3 : 0.2375    map@4 : 0.242    map@5 : 0.2496    map@10 : 0.2709    map@20 : 0.2843    map@30 : 0.2907    map@50 : 0.296
Sat 14 Mar 2026 22:34:52 INFO  Running E-step ! 
Sat 14 Mar 2026 22:34:52 INFO  epoch 272 training [time: 0.19s, train_loss1: 1.5217, train_loss2: 0.0275, train_loss3: 0.0110, train_loss4: 0.0017]
Sat 14 Mar 2026 22:34:53 INFO  epoch 272 evaluating [time: 0.14s, valid_score: 0.358700]
Sat 14 Mar 2026 22:34:53 INFO  valid result: 
recall@1 : 0.1448    recall@2 : 0.2387    recall@3 : 0.2995    recall@4 : 0.3404    recall@5 : 0.3795    recall@10 : 0.5147    recall@20 : 0.6372    recall@30 : 0.7216    recall@50 : 0.8174    ndcg@1 : 0.2342    ndcg@2 : 0.2646    ndcg@3 : 0.2821    ndcg@4 : 0.2954    ndcg@5 : 0.31    ndcg@10 : 0.3587    ndcg@20 : 0.396    ndcg@30 : 0.4181    ndcg@50 : 0.4405    precision@1 : 0.2342    precision@2 : 0.2032    precision@3 : 0.1722    precision@4 : 0.1509    precision@5 : 0.1379    precision@10 : 0.0995    precision@20 : 0.0644    precision@30 : 0.0496    precision@50 : 0.0346    map@1 : 0.2342    map@2 : 0.2347    map@3 : 0.2377    map@4 : 0.2425    map@5 : 0.2494    map@10 : 0.2711    map@20 : 0.2846    map@30 : 0.2909    map@50 : 0.2961
Sat 14 Mar 2026 22:34:53 INFO  Running E-step ! 
Sat 14 Mar 2026 22:34:53 INFO  epoch 273 training [time: 0.18s, train_loss1: 1.5329, train_loss2: 0.0275, train_loss3: 0.0110, train_loss4: 0.0017]
Sat 14 Mar 2026 22:34:53 INFO  epoch 273 evaluating [time: 0.14s, valid_score: 0.359200]
Sat 14 Mar 2026 22:34:53 INFO  valid result: 
recall@1 : 0.1458    recall@2 : 0.2376    recall@3 : 0.3    recall@4 : 0.3418    recall@5 : 0.3781    recall@10 : 0.5151    recall@20 : 0.6368    recall@30 : 0.722    recall@50 : 0.8178    ndcg@1 : 0.236    ndcg@2 : 0.2641    ndcg@3 : 0.2828    ndcg@4 : 0.2964    ndcg@5 : 0.31    ndcg@10 : 0.3592    ndcg@20 : 0.3961    ndcg@30 : 0.4185    ndcg@50 : 0.4408    precision@1 : 0.236    precision@2 : 0.202    precision@3 : 0.1728    precision@4 : 0.1514    precision@5 : 0.1379    precision@10 : 0.0995    precision@20 : 0.0643    precision@30 : 0.0497    precision@50 : 0.0346    map@1 : 0.236    map@2 : 0.2342    map@3 : 0.2383    map@4 : 0.2433    map@5 : 0.2497    map@10 : 0.2715    map@20 : 0.2849    map@30 : 0.2913    map@50 : 0.2965
Sat 14 Mar 2026 22:34:53 INFO  Saving current: saved/SCL-Mar-14-2026_22-33-20.pth
Sat 14 Mar 2026 22:34:53 INFO  Saving current best: saved/SCL-Mar-14-2026_22-33-20.pth
Sat 14 Mar 2026 22:34:53 INFO  Running E-step ! 
Sat 14 Mar 2026 22:34:53 INFO  epoch 274 training [time: 0.19s, train_loss1: 1.5271, train_loss2: 0.0274, train_loss3: 0.0110, train_loss4: 0.0017]
Sat 14 Mar 2026 22:34:53 INFO  epoch 274 evaluating [time: 0.14s, valid_score: 0.359100]
Sat 14 Mar 2026 22:34:53 INFO  valid result: 
recall@1 : 0.1455    recall@2 : 0.237    recall@3 : 0.2997    recall@4 : 0.3425    recall@5 : 0.3787    recall@10 : 0.5153    recall@20 : 0.6351    recall@30 : 0.7218    recall@50 : 0.8153    ndcg@1 : 0.236    ndcg@2 : 0.2634    ndcg@3 : 0.2825    ndcg@4 : 0.2968    ndcg@5 : 0.3101    ndcg@10 : 0.3591    ndcg@20 : 0.3956    ndcg@30 : 0.4183    ndcg@50 : 0.4402    precision@1 : 0.236    precision@2 : 0.2014    precision@3 : 0.1726    precision@4 : 0.1524    precision@5 : 0.138    precision@10 : 0.0996    precision@20 : 0.0642    precision@30 : 0.0496    precision@50 : 0.0345    map@1 : 0.236    map@2 : 0.2336    map@3 : 0.2379    map@4 : 0.2436    map@5 : 0.2496    map@10 : 0.2713    map@20 : 0.2846    map@30 : 0.291    map@50 : 0.2962
Sat 14 Mar 2026 22:34:53 INFO  Running E-step ! 
Sat 14 Mar 2026 22:34:53 INFO  epoch 275 training [time: 0.19s, train_loss1: 1.5085, train_loss2: 0.0273, train_loss3: 0.0110, train_loss4: 0.0017]
Sat 14 Mar 2026 22:34:54 INFO  epoch 275 evaluating [time: 0.14s, valid_score: 0.359000]
Sat 14 Mar 2026 22:34:54 INFO  valid result: 
recall@1 : 0.1456    recall@2 : 0.2362    recall@3 : 0.2997    recall@4 : 0.3424    recall@5 : 0.3779    recall@10 : 0.5153    recall@20 : 0.6347    recall@30 : 0.7225    recall@50 : 0.816    ndcg@1 : 0.2366    ndcg@2 : 0.2629    ndcg@3 : 0.2826    ndcg@4 : 0.2967    ndcg@5 : 0.3097    ndcg@10 : 0.359    ndcg@20 : 0.3954    ndcg@30 : 0.4183    ndcg@50 : 0.4402    precision@1 : 0.2366    precision@2 : 0.2008    precision@3 : 0.1728    precision@4 : 0.1521    precision@5 : 0.1378    precision@10 : 0.0996    precision@20 : 0.0642    precision@30 : 0.0497    precision@50 : 0.0346    map@1 : 0.2366    map@2 : 0.2332    map@3 : 0.2379    map@4 : 0.2434    map@5 : 0.2493    map@10 : 0.2711    map@20 : 0.2844    map@30 : 0.2908    map@50 : 0.296
Sat 14 Mar 2026 22:34:54 INFO  Running E-step ! 
Sat 14 Mar 2026 22:34:54 INFO  epoch 276 training [time: 0.19s, train_loss1: 1.5171, train_loss2: 0.0273, train_loss3: 0.0110, train_loss4: 0.0017]
Sat 14 Mar 2026 22:34:54 INFO  epoch 276 evaluating [time: 0.14s, valid_score: 0.358700]
Sat 14 Mar 2026 22:34:54 INFO  valid result: 
recall@1 : 0.1457    recall@2 : 0.235    recall@3 : 0.2998    recall@4 : 0.3411    recall@5 : 0.3775    recall@10 : 0.5149    recall@20 : 0.6349    recall@30 : 0.723    recall@50 : 0.8157    ndcg@1 : 0.2372    ndcg@2 : 0.262    ndcg@3 : 0.2826    ndcg@4 : 0.2961    ndcg@5 : 0.3094    ndcg@10 : 0.3587    ndcg@20 : 0.3952    ndcg@30 : 0.4183    ndcg@50 : 0.44    precision@1 : 0.2372    precision@2 : 0.1999    precision@3 : 0.1728    precision@4 : 0.152    precision@5 : 0.1378    precision@10 : 0.0996    precision@20 : 0.0642    precision@30 : 0.0497    precision@50 : 0.0345    map@1 : 0.2372    map@2 : 0.2326    map@3 : 0.2379    map@4 : 0.2431    map@5 : 0.249    map@10 : 0.2709    map@20 : 0.2842    map@30 : 0.2907    map@50 : 0.2958
Sat 14 Mar 2026 22:34:54 INFO  Running E-step ! 
Sat 14 Mar 2026 22:34:54 INFO  epoch 277 training [time: 0.20s, train_loss1: 1.4937, train_loss2: 0.0272, train_loss3: 0.0110, train_loss4: 0.0017]
Sat 14 Mar 2026 22:34:54 INFO  epoch 277 evaluating [time: 0.14s, valid_score: 0.358700]
Sat 14 Mar 2026 22:34:54 INFO  valid result: 
recall@1 : 0.1444    recall@2 : 0.2351    recall@3 : 0.2993    recall@4 : 0.3403    recall@5 : 0.3791    recall@10 : 0.5162    recall@20 : 0.636    recall@30 : 0.7222    recall@50 : 0.8157    ndcg@1 : 0.236    ndcg@2 : 0.2616    ndcg@3 : 0.2817    ndcg@4 : 0.2953    ndcg@5 : 0.3094    ndcg@10 : 0.3587    ndcg@20 : 0.395    ndcg@30 : 0.4176    ndcg@50 : 0.4395    precision@1 : 0.236    precision@2 : 0.1999    precision@3 : 0.1724    precision@4 : 0.1518    precision@5 : 0.1378    precision@10 : 0.0999    precision@20 : 0.0643    precision@30 : 0.0497    precision@50 : 0.0346    map@1 : 0.236    map@2 : 0.232    map@3 : 0.2371    map@4 : 0.2421    map@5 : 0.2486    map@10 : 0.2705    map@20 : 0.2836    map@30 : 0.29    map@50 : 0.2952
Sat 14 Mar 2026 22:34:54 INFO  Running E-step ! 
Sat 14 Mar 2026 22:34:54 INFO  epoch 278 training [time: 0.18s, train_loss1: 1.4768, train_loss2: 0.0272, train_loss3: 0.0110, train_loss4: 0.0017]
Sat 14 Mar 2026 22:34:55 INFO  epoch 278 evaluating [time: 0.14s, valid_score: 0.358700]
Sat 14 Mar 2026 22:34:55 INFO  valid result: 
recall@1 : 0.1444    recall@2 : 0.2342    recall@3 : 0.2993    recall@4 : 0.3411    recall@5 : 0.3791    recall@10 : 0.5165    recall@20 : 0.6368    recall@30 : 0.7208    recall@50 : 0.8158    ndcg@1 : 0.236    ndcg@2 : 0.2611    ndcg@3 : 0.2815    ndcg@4 : 0.2955    ndcg@5 : 0.3093    ndcg@10 : 0.3587    ndcg@20 : 0.3952    ndcg@30 : 0.4172    ndcg@50 : 0.4394    precision@1 : 0.236    precision@2 : 0.1996    precision@3 : 0.1722    precision@4 : 0.1521    precision@5 : 0.1378    precision@10 : 0.0999    precision@20 : 0.0644    precision@30 : 0.0496    precision@50 : 0.0345    map@1 : 0.236    map@2 : 0.2315    map@3 : 0.2368    map@4 : 0.2421    map@5 : 0.2484    map@10 : 0.2704    map@20 : 0.2836    map@30 : 0.2898    map@50 : 0.2951
Sat 14 Mar 2026 22:34:55 INFO  Running E-step ! 
Sat 14 Mar 2026 22:34:55 INFO  epoch 279 training [time: 0.19s, train_loss1: 1.4769, train_loss2: 0.0271, train_loss3: 0.0110, train_loss4: 0.0017]
Sat 14 Mar 2026 22:34:55 INFO  epoch 279 evaluating [time: 0.14s, valid_score: 0.358600]
Sat 14 Mar 2026 22:34:55 INFO  valid result: 
recall@1 : 0.1444    recall@2 : 0.2347    recall@3 : 0.2992    recall@4 : 0.3411    recall@5 : 0.3778    recall@10 : 0.5161    recall@20 : 0.6372    recall@30 : 0.7219    recall@50 : 0.8153    ndcg@1 : 0.236    ndcg@2 : 0.2612    ndcg@3 : 0.2814    ndcg@4 : 0.2956    ndcg@5 : 0.3089    ndcg@10 : 0.3586    ndcg@20 : 0.3953    ndcg@30 : 0.4175    ndcg@50 : 0.4394    precision@1 : 0.236    precision@2 : 0.1996    precision@3 : 0.172    precision@4 : 0.1523    precision@5 : 0.1377    precision@10 : 0.0998    precision@20 : 0.0645    precision@30 : 0.0496    precision@50 : 0.0345    map@1 : 0.236    map@2 : 0.2317    map@3 : 0.2368    map@4 : 0.2422    map@5 : 0.2483    map@10 : 0.2704    map@20 : 0.2836    map@30 : 0.2899    map@50 : 0.2951
Sat 14 Mar 2026 22:34:55 INFO  Running E-step ! 
Sat 14 Mar 2026 22:34:55 INFO  epoch 280 training [time: 0.18s, train_loss1: 1.4679, train_loss2: 0.0271, train_loss3: 0.0110, train_loss4: 0.0016]
Sat 14 Mar 2026 22:34:55 INFO  epoch 280 evaluating [time: 0.14s, valid_score: 0.359700]
Sat 14 Mar 2026 22:34:55 INFO  valid result: 
recall@1 : 0.1456    recall@2 : 0.2351    recall@3 : 0.2996    recall@4 : 0.3409    recall@5 : 0.3781    recall@10 : 0.5179    recall@20 : 0.6377    recall@30 : 0.722    recall@50 : 0.815    ndcg@1 : 0.2372    ndcg@2 : 0.2621    ndcg@3 : 0.2821    ndcg@4 : 0.296    ndcg@5 : 0.3095    ndcg@10 : 0.3597    ndcg@20 : 0.3961    ndcg@30 : 0.418    ndcg@50 : 0.4399    precision@1 : 0.2372    precision@2 : 0.2002    precision@3 : 0.172    precision@4 : 0.1521    precision@5 : 0.1378    precision@10 : 0.1001    precision@20 : 0.0646    precision@30 : 0.0496    precision@50 : 0.0345    map@1 : 0.2372    map@2 : 0.2327    map@3 : 0.2375    map@4 : 0.2429    map@5 : 0.249    map@10 : 0.2713    map@20 : 0.2844    map@30 : 0.2906    map@50 : 0.2958
Sat 14 Mar 2026 22:34:55 INFO  Saving current: saved/SCL-Mar-14-2026_22-33-20.pth
Sat 14 Mar 2026 22:34:55 INFO  Saving current best: saved/SCL-Mar-14-2026_22-33-20.pth
Sat 14 Mar 2026 22:34:55 INFO  Running E-step ! 
Sat 14 Mar 2026 22:34:56 INFO  epoch 281 training [time: 0.19s, train_loss1: 1.4836, train_loss2: 0.0270, train_loss3: 0.0110, train_loss4: 0.0016]
Sat 14 Mar 2026 22:34:56 INFO  epoch 281 evaluating [time: 0.14s, valid_score: 0.359700]
Sat 14 Mar 2026 22:34:56 INFO  valid result: 
recall@1 : 0.1462    recall@2 : 0.2351    recall@3 : 0.2989    recall@4 : 0.3408    recall@5 : 0.3784    recall@10 : 0.5175    recall@20 : 0.6381    recall@30 : 0.7225    recall@50 : 0.815    ndcg@1 : 0.2378    ndcg@2 : 0.2624    ndcg@3 : 0.2817    ndcg@4 : 0.2961    ndcg@5 : 0.3099    ndcg@10 : 0.3597    ndcg@20 : 0.3963    ndcg@30 : 0.4183    ndcg@50 : 0.44    precision@1 : 0.2378    precision@2 : 0.2002    precision@3 : 0.1714    precision@4 : 0.152    precision@5 : 0.138    precision@10 : 0.1    precision@20 : 0.0645    precision@30 : 0.0497    precision@50 : 0.0345    map@1 : 0.2378    map@2 : 0.2329    map@3 : 0.2373    map@4 : 0.243    map@5 : 0.2493    map@10 : 0.2714    map@20 : 0.2846    map@30 : 0.2908    map@50 : 0.296
Sat 14 Mar 2026 22:34:56 INFO  Saving current: saved/SCL-Mar-14-2026_22-33-20.pth
Sat 14 Mar 2026 22:34:56 INFO  Saving current best: saved/SCL-Mar-14-2026_22-33-20.pth
Sat 14 Mar 2026 22:34:56 INFO  Running E-step ! 
Sat 14 Mar 2026 22:34:56 INFO  epoch 282 training [time: 0.18s, train_loss1: 1.4820, train_loss2: 0.0270, train_loss3: 0.0110, train_loss4: 0.0017]
Sat 14 Mar 2026 22:34:56 INFO  epoch 282 evaluating [time: 0.14s, valid_score: 0.358800]
Sat 14 Mar 2026 22:34:56 INFO  valid result: 
recall@1 : 0.1446    recall@2 : 0.2354    recall@3 : 0.2973    recall@4 : 0.3412    recall@5 : 0.3792    recall@10 : 0.5164    recall@20 : 0.6382    recall@30 : 0.723    recall@50 : 0.8148    ndcg@1 : 0.236    ndcg@2 : 0.2616    ndcg@3 : 0.2805    ndcg@4 : 0.2957    ndcg@5 : 0.3095    ndcg@10 : 0.3588    ndcg@20 : 0.3956    ndcg@30 : 0.4178    ndcg@50 : 0.4393    precision@1 : 0.236    precision@2 : 0.1999    precision@3 : 0.1712    precision@4 : 0.1523    precision@5 : 0.138    precision@10 : 0.0999    precision@20 : 0.0645    precision@30 : 0.0497    precision@50 : 0.0345    map@1 : 0.236    map@2 : 0.2318    map@3 : 0.2361    map@4 : 0.2421    map@5 : 0.2484    map@10 : 0.2704    map@20 : 0.2837    map@30 : 0.29    map@50 : 0.2951
Sat 14 Mar 2026 22:34:56 INFO  Running E-step ! 
Sat 14 Mar 2026 22:34:56 INFO  epoch 283 training [time: 0.19s, train_loss1: 1.4624, train_loss2: 0.0269, train_loss3: 0.0110, train_loss4: 0.0017]
Sat 14 Mar 2026 22:34:56 INFO  epoch 283 evaluating [time: 0.14s, valid_score: 0.358300]
Sat 14 Mar 2026 22:34:56 INFO  valid result: 
recall@1 : 0.1439    recall@2 : 0.2346    recall@3 : 0.2973    recall@4 : 0.3412    recall@5 : 0.3789    recall@10 : 0.5162    recall@20 : 0.6385    recall@30 : 0.7237    recall@50 : 0.815    ndcg@1 : 0.2354    ndcg@2 : 0.2608    ndcg@3 : 0.2802    ndcg@4 : 0.2953    ndcg@5 : 0.309    ndcg@10 : 0.3583    ndcg@20 : 0.3954    ndcg@30 : 0.4176    ndcg@50 : 0.439    precision@1 : 0.2354    precision@2 : 0.1993    precision@3 : 0.1714    precision@4 : 0.1523    precision@5 : 0.1379    precision@10 : 0.0999    precision@20 : 0.0646    precision@30 : 0.0497    precision@50 : 0.0345    map@1 : 0.2354    map@2 : 0.2311    map@3 : 0.2358    map@4 : 0.2416    map@5 : 0.2479    map@10 : 0.2699    map@20 : 0.2833    map@30 : 0.2895    map@50 : 0.2947
Sat 14 Mar 2026 22:34:56 INFO  Running E-step ! 
Sat 14 Mar 2026 22:34:57 INFO  epoch 284 training [time: 0.19s, train_loss1: 1.5021, train_loss2: 0.0269, train_loss3: 0.0110, train_loss4: 0.0017]
Sat 14 Mar 2026 22:34:57 INFO  epoch 284 evaluating [time: 0.14s, valid_score: 0.357100]
Sat 14 Mar 2026 22:34:57 INFO  valid result: 
recall@1 : 0.1422    recall@2 : 0.2347    recall@3 : 0.2967    recall@4 : 0.3418    recall@5 : 0.3785    recall@10 : 0.5143    recall@20 : 0.6376    recall@30 : 0.7222    recall@50 : 0.8154    ndcg@1 : 0.233    ndcg@2 : 0.2601    ndcg@3 : 0.2796    ndcg@4 : 0.295    ndcg@5 : 0.3082    ndcg@10 : 0.3571    ndcg@20 : 0.3945    ndcg@30 : 0.4166    ndcg@50 : 0.4384    precision@1 : 0.233    precision@2 : 0.1993    precision@3 : 0.1718    precision@4 : 0.1526    precision@5 : 0.1379    precision@10 : 0.0996    precision@20 : 0.0646    precision@30 : 0.0497    precision@50 : 0.0346    map@1 : 0.233    map@2 : 0.2302    map@3 : 0.235    map@4 : 0.241    map@5 : 0.247    map@10 : 0.2688    map@20 : 0.2823    map@30 : 0.2886    map@50 : 0.2938
Sat 14 Mar 2026 22:34:57 INFO  Running E-step ! 
Sat 14 Mar 2026 22:34:57 INFO  epoch 285 training [time: 0.21s, train_loss1: 1.4542, train_loss2: 0.0268, train_loss3: 0.0110, train_loss4: 0.0018]
Sat 14 Mar 2026 22:34:57 INFO  epoch 285 evaluating [time: 0.14s, valid_score: 0.356600]
Sat 14 Mar 2026 22:34:57 INFO  valid result: 
recall@1 : 0.1419    recall@2 : 0.2332    recall@3 : 0.2969    recall@4 : 0.3423    recall@5 : 0.3788    recall@10 : 0.5137    recall@20 : 0.6369    recall@30 : 0.7218    recall@50 : 0.8151    ndcg@1 : 0.233    ndcg@2 : 0.2588    ndcg@3 : 0.2793    ndcg@4 : 0.2949    ndcg@5 : 0.3081    ndcg@10 : 0.3566    ndcg@20 : 0.394    ndcg@30 : 0.4162    ndcg@50 : 0.438    precision@1 : 0.233    precision@2 : 0.1982    precision@3 : 0.1718    precision@4 : 0.1527    precision@5 : 0.138    precision@10 : 0.0995    precision@20 : 0.0645    precision@30 : 0.0497    precision@50 : 0.0345    map@1 : 0.233    map@2 : 0.2291    map@3 : 0.2346    map@4 : 0.2407    map@5 : 0.2467    map@10 : 0.2683    map@20 : 0.2819    map@30 : 0.2882    map@50 : 0.2934
Sat 14 Mar 2026 22:34:57 INFO  Running E-step ! 
Sat 14 Mar 2026 22:34:57 INFO  epoch 286 training [time: 0.19s, train_loss1: 1.4636, train_loss2: 0.0267, train_loss3: 0.0110, train_loss4: 0.0018]
Sat 14 Mar 2026 22:34:57 INFO  epoch 286 evaluating [time: 0.14s, valid_score: 0.356900]
Sat 14 Mar 2026 22:34:57 INFO  valid result: 
recall@1 : 0.1421    recall@2 : 0.234    recall@3 : 0.2978    recall@4 : 0.3439    recall@5 : 0.3788    recall@10 : 0.5136    recall@20 : 0.6371    recall@30 : 0.7219    recall@50 : 0.8144    ndcg@1 : 0.2336    ndcg@2 : 0.2595    ndcg@3 : 0.28    ndcg@4 : 0.2959    ndcg@5 : 0.3084    ndcg@10 : 0.3569    ndcg@20 : 0.3945    ndcg@30 : 0.4166    ndcg@50 : 0.4382    precision@1 : 0.2336    precision@2 : 0.1987    precision@3 : 0.1722    precision@4 : 0.1533    precision@5 : 0.138    precision@10 : 0.0996    precision@20 : 0.0646    precision@30 : 0.0497    precision@50 : 0.0345    map@1 : 0.2336    map@2 : 0.2299    map@3 : 0.2352    map@4 : 0.2416    map@5 : 0.2472    map@10 : 0.2688    map@20 : 0.2824    map@30 : 0.2887    map@50 : 0.2938
Sat 14 Mar 2026 22:34:57 INFO  Running E-step ! 
Sat 14 Mar 2026 22:34:58 INFO  epoch 287 training [time: 0.20s, train_loss1: 1.4809, train_loss2: 0.0267, train_loss3: 0.0110, train_loss4: 0.0018]
Sat 14 Mar 2026 22:34:58 INFO  epoch 287 evaluating [time: 0.14s, valid_score: 0.357100]
Sat 14 Mar 2026 22:34:58 INFO  valid result: 
recall@1 : 0.1419    recall@2 : 0.234    recall@3 : 0.2984    recall@4 : 0.3444    recall@5 : 0.3808    recall@10 : 0.5138    recall@20 : 0.6379    recall@30 : 0.7224    recall@50 : 0.8144    ndcg@1 : 0.233    ndcg@2 : 0.2596    ndcg@3 : 0.2803    ndcg@4 : 0.2962    ndcg@5 : 0.3093    ndcg@10 : 0.3571    ndcg@20 : 0.3948    ndcg@30 : 0.4168    ndcg@50 : 0.4384    precision@1 : 0.233    precision@2 : 0.199    precision@3 : 0.1726    precision@4 : 0.1538    precision@5 : 0.1386    precision@10 : 0.0996    precision@20 : 0.0647    precision@30 : 0.0497    precision@50 : 0.0345    map@1 : 0.233    map@2 : 0.23    map@3 : 0.2355    map@4 : 0.2419    map@5 : 0.2478    map@10 : 0.2691    map@20 : 0.2827    map@30 : 0.2889    map@50 : 0.294
Sat 14 Mar 2026 22:34:58 INFO  Running E-step ! 
Sat 14 Mar 2026 22:34:58 INFO  epoch 288 training [time: 0.19s, train_loss1: 1.4506, train_loss2: 0.0267, train_loss3: 0.0110, train_loss4: 0.0017]
Sat 14 Mar 2026 22:34:58 INFO  epoch 288 evaluating [time: 0.14s, valid_score: 0.357100]
Sat 14 Mar 2026 22:34:58 INFO  valid result: 
recall@1 : 0.1413    recall@2 : 0.2344    recall@3 : 0.298    recall@4 : 0.3445    recall@5 : 0.3815    recall@10 : 0.5142    recall@20 : 0.6385    recall@30 : 0.7219    recall@50 : 0.8149    ndcg@1 : 0.2324    ndcg@2 : 0.2595    ndcg@3 : 0.28    ndcg@4 : 0.2962    ndcg@5 : 0.3094    ndcg@10 : 0.3571    ndcg@20 : 0.3947    ndcg@30 : 0.4165    ndcg@50 : 0.4383    precision@1 : 0.2324    precision@2 : 0.199    precision@3 : 0.1726    precision@4 : 0.1539    precision@5 : 0.1389    precision@10 : 0.0997    precision@20 : 0.0647    precision@30 : 0.0497    precision@50 : 0.0345    map@1 : 0.2324    map@2 : 0.2297    map@3 : 0.2353    map@4 : 0.2418    map@5 : 0.2477    map@10 : 0.2689    map@20 : 0.2825    map@30 : 0.2886    map@50 : 0.2938
Sat 14 Mar 2026 22:34:58 INFO  Running E-step ! 
Sat 14 Mar 2026 22:34:58 INFO  epoch 289 training [time: 0.22s, train_loss1: 1.4565, train_loss2: 0.0266, train_loss3: 0.0110, train_loss4: 0.0018]
Sat 14 Mar 2026 22:34:58 INFO  epoch 289 evaluating [time: 0.14s, valid_score: 0.356300]
Sat 14 Mar 2026 22:34:58 INFO  valid result: 
recall@1 : 0.1412    recall@2 : 0.2341    recall@3 : 0.2973    recall@4 : 0.3437    recall@5 : 0.3812    recall@10 : 0.5123    recall@20 : 0.6384    recall@30 : 0.7223    recall@50 : 0.8141    ndcg@1 : 0.2318    ndcg@2 : 0.2593    ndcg@3 : 0.2795    ndcg@4 : 0.2957    ndcg@5 : 0.3091    ndcg@10 : 0.3563    ndcg@20 : 0.3945    ndcg@30 : 0.4164    ndcg@50 : 0.4379    precision@1 : 0.2318    precision@2 : 0.199    precision@3 : 0.1724    precision@4 : 0.1539    precision@5 : 0.1389    precision@10 : 0.0994    precision@20 : 0.0647    precision@30 : 0.0497    precision@50 : 0.0345    map@1 : 0.2318    map@2 : 0.2296    map@3 : 0.2349    map@4 : 0.2415    map@5 : 0.2474    map@10 : 0.2684    map@20 : 0.2823    map@30 : 0.2884    map@50 : 0.2936
Sat 14 Mar 2026 22:34:58 INFO  Running E-step ! 
Sat 14 Mar 2026 22:34:59 INFO  epoch 290 training [time: 0.19s, train_loss1: 1.4568, train_loss2: 0.0265, train_loss3: 0.0110, train_loss4: 0.0018]
Sat 14 Mar 2026 22:34:59 INFO  epoch 290 evaluating [time: 0.15s, valid_score: 0.355800]
Sat 14 Mar 2026 22:34:59 INFO  valid result: 
recall@1 : 0.1414    recall@2 : 0.2334    recall@3 : 0.2962    recall@4 : 0.3432    recall@5 : 0.3815    recall@10 : 0.5117    recall@20 : 0.6385    recall@30 : 0.7215    recall@50 : 0.8141    ndcg@1 : 0.2318    ndcg@2 : 0.259    ndcg@3 : 0.2789    ndcg@4 : 0.2953    ndcg@5 : 0.309    ndcg@10 : 0.3558    ndcg@20 : 0.3944    ndcg@30 : 0.416    ndcg@50 : 0.4377    precision@1 : 0.2318    precision@2 : 0.199    precision@3 : 0.172    precision@4 : 0.1535    precision@5 : 0.1387    precision@10 : 0.0991    precision@20 : 0.0647    precision@30 : 0.0496    precision@50 : 0.0345    map@1 : 0.2318    map@2 : 0.2294    map@3 : 0.2344    map@4 : 0.241    map@5 : 0.2472    map@10 : 0.2681    map@20 : 0.282    map@30 : 0.2881    map@50 : 0.2933
Sat 14 Mar 2026 22:34:59 INFO  Running E-step ! 
Sat 14 Mar 2026 22:34:59 INFO  epoch 291 training [time: 0.19s, train_loss1: 1.4227, train_loss2: 0.0265, train_loss3: 0.0110, train_loss4: 0.0018]
Sat 14 Mar 2026 22:34:59 INFO  epoch 291 evaluating [time: 0.14s, valid_score: 0.355800]
Sat 14 Mar 2026 22:34:59 INFO  valid result: 
recall@1 : 0.1407    recall@2 : 0.234    recall@3 : 0.2958    recall@4 : 0.3434    recall@5 : 0.3817    recall@10 : 0.5119    recall@20 : 0.6372    recall@30 : 0.7214    recall@50 : 0.8136    ndcg@1 : 0.2312    ndcg@2 : 0.2592    ndcg@3 : 0.2786    ndcg@4 : 0.2953    ndcg@5 : 0.309    ndcg@10 : 0.3558    ndcg@20 : 0.3939    ndcg@30 : 0.4158    ndcg@50 : 0.4374    precision@1 : 0.2312    precision@2 : 0.1993    precision@3 : 0.1718    precision@4 : 0.1539    precision@5 : 0.1389    precision@10 : 0.0993    precision@20 : 0.0647    precision@30 : 0.0496    precision@50 : 0.0345    map@1 : 0.2312    map@2 : 0.2294    map@3 : 0.2341    map@4 : 0.241    map@5 : 0.2471    map@10 : 0.268    map@20 : 0.2818    map@30 : 0.2879    map@50 : 0.293
Sat 14 Mar 2026 22:34:59 INFO  Running E-step ! 
Sat 14 Mar 2026 22:34:59 INFO  epoch 292 training [time: 0.19s, train_loss1: 1.4339, train_loss2: 0.0264, train_loss3: 0.0110, train_loss4: 0.0018]
Sat 14 Mar 2026 22:34:59 INFO  epoch 292 evaluating [time: 0.14s, valid_score: 0.355200]
Sat 14 Mar 2026 22:34:59 INFO  valid result: 
recall@1 : 0.1395    recall@2 : 0.235    recall@3 : 0.2956    recall@4 : 0.3431    recall@5 : 0.3817    recall@10 : 0.5114    recall@20 : 0.636    recall@30 : 0.7217    recall@50 : 0.8137    ndcg@1 : 0.23    ndcg@2 : 0.2591    ndcg@3 : 0.2781    ndcg@4 : 0.2947    ndcg@5 : 0.3085    ndcg@10 : 0.3552    ndcg@20 : 0.3933    ndcg@30 : 0.4155    ndcg@50 : 0.4371    precision@1 : 0.23    precision@2 : 0.1993    precision@3 : 0.1716    precision@4 : 0.1536    precision@5 : 0.1387    precision@10 : 0.099    precision@20 : 0.0647    precision@30 : 0.0496    precision@50 : 0.0345    map@1 : 0.23    map@2 : 0.229    map@3 : 0.2337    map@4 : 0.2404    map@5 : 0.2465    map@10 : 0.2674    map@20 : 0.2813    map@30 : 0.2874    map@50 : 0.2926
Sat 14 Mar 2026 22:34:59 INFO  Running E-step ! 
Sat 14 Mar 2026 22:35:00 INFO  epoch 293 training [time: 0.19s, train_loss1: 1.4246, train_loss2: 0.0264, train_loss3: 0.0110, train_loss4: 0.0017]
Sat 14 Mar 2026 22:35:00 INFO  epoch 293 evaluating [time: 0.14s, valid_score: 0.355500]
Sat 14 Mar 2026 22:35:00 INFO  valid result: 
recall@1 : 0.1401    recall@2 : 0.2352    recall@3 : 0.2953    recall@4 : 0.3442    recall@5 : 0.3827    recall@10 : 0.5113    recall@20 : 0.6368    recall@30 : 0.7218    recall@50 : 0.8142    ndcg@1 : 0.2306    ndcg@2 : 0.2593    ndcg@3 : 0.2781    ndcg@4 : 0.2953    ndcg@5 : 0.3092    ndcg@10 : 0.3555    ndcg@20 : 0.3938    ndcg@30 : 0.4158    ndcg@50 : 0.4375    precision@1 : 0.2306    precision@2 : 0.1993    precision@3 : 0.1714    precision@4 : 0.1538    precision@5 : 0.1391    precision@10 : 0.099    precision@20 : 0.0647    precision@30 : 0.0496    precision@50 : 0.0345    map@1 : 0.2306    map@2 : 0.2291    map@3 : 0.2339    map@4 : 0.2409    map@5 : 0.247    map@10 : 0.2677    map@20 : 0.2817    map@30 : 0.2878    map@50 : 0.293
Sat 14 Mar 2026 22:35:00 INFO  Running E-step ! 
Sat 14 Mar 2026 22:35:00 INFO  epoch 294 training [time: 0.16s, train_loss1: 1.4260, train_loss2: 0.0263, train_loss3: 0.0110, train_loss4: 0.0017]
Sat 14 Mar 2026 22:35:00 INFO  epoch 294 evaluating [time: 0.14s, valid_score: 0.355400]
Sat 14 Mar 2026 22:35:00 INFO  valid result: 
recall@1 : 0.1397    recall@2 : 0.2345    recall@3 : 0.2966    recall@4 : 0.3446    recall@5 : 0.3818    recall@10 : 0.5114    recall@20 : 0.6369    recall@30 : 0.7231    recall@50 : 0.8133    ndcg@1 : 0.23    ndcg@2 : 0.2589    ndcg@3 : 0.2786    ndcg@4 : 0.2954    ndcg@5 : 0.3088    ndcg@10 : 0.3554    ndcg@20 : 0.3937    ndcg@30 : 0.416    ndcg@50 : 0.4372    precision@1 : 0.23    precision@2 : 0.1993    precision@3 : 0.1722    precision@4 : 0.1539    precision@5 : 0.1389    precision@10 : 0.0991    precision@20 : 0.0647    precision@30 : 0.0497    precision@50 : 0.0345    map@1 : 0.23    map@2 : 0.2288    map@3 : 0.234    map@4 : 0.2406    map@5 : 0.2466    map@10 : 0.2675    map@20 : 0.2814    map@30 : 0.2876    map@50 : 0.2927
Sat 14 Mar 2026 22:35:00 INFO  Running E-step ! 
Sat 14 Mar 2026 22:35:00 INFO  epoch 295 training [time: 0.20s, train_loss1: 1.4171, train_loss2: 0.0263, train_loss3: 0.0110, train_loss4: 0.0017]
Sat 14 Mar 2026 22:35:00 INFO  epoch 295 evaluating [time: 0.15s, valid_score: 0.355200]
Sat 14 Mar 2026 22:35:00 INFO  valid result: 
recall@1 : 0.1391    recall@2 : 0.2348    recall@3 : 0.2958    recall@4 : 0.3446    recall@5 : 0.3804    recall@10 : 0.5115    recall@20 : 0.6372    recall@30 : 0.723    recall@50 : 0.8141    ndcg@1 : 0.2294    ndcg@2 : 0.2589    ndcg@3 : 0.2778    ndcg@4 : 0.2952    ndcg@5 : 0.308    ndcg@10 : 0.3552    ndcg@20 : 0.3935    ndcg@30 : 0.4157    ndcg@50 : 0.4371    precision@1 : 0.2294    precision@2 : 0.1996    precision@3 : 0.1714    precision@4 : 0.1541    precision@5 : 0.1385    precision@10 : 0.0991    precision@20 : 0.0647    precision@30 : 0.0497    precision@50 : 0.0345    map@1 : 0.2294    map@2 : 0.2288    map@3 : 0.2334    map@4 : 0.2405    map@5 : 0.2461    map@10 : 0.2673    map@20 : 0.2812    map@30 : 0.2873    map@50 : 0.2925
Sat 14 Mar 2026 22:35:00 INFO  Running E-step ! 
Sat 14 Mar 2026 22:35:01 INFO  epoch 296 training [time: 0.19s, train_loss1: 1.4250, train_loss2: 0.0263, train_loss3: 0.0110, train_loss4: 0.0017]
Sat 14 Mar 2026 22:35:01 INFO  epoch 296 evaluating [time: 0.15s, valid_score: 0.355000]
Sat 14 Mar 2026 22:35:01 INFO  valid result: 
recall@1 : 0.1378    recall@2 : 0.2362    recall@3 : 0.2976    recall@4 : 0.346    recall@5 : 0.3809    recall@10 : 0.5115    recall@20 : 0.6364    recall@30 : 0.7231    recall@50 : 0.8148    ndcg@1 : 0.2277    ndcg@2 : 0.2593    ndcg@3 : 0.2783    ndcg@4 : 0.2955    ndcg@5 : 0.308    ndcg@10 : 0.355    ndcg@20 : 0.3931    ndcg@30 : 0.4155    ndcg@50 : 0.437    precision@1 : 0.2277    precision@2 : 0.2005    precision@3 : 0.172    precision@4 : 0.1542    precision@5 : 0.1387    precision@10 : 0.0991    precision@20 : 0.0646    precision@30 : 0.0497    precision@50 : 0.0345    map@1 : 0.2277    map@2 : 0.2288    map@3 : 0.2334    map@4 : 0.2403    map@5 : 0.2459    map@10 : 0.267    map@20 : 0.2809    map@30 : 0.2871    map@50 : 0.2922
Sat 14 Mar 2026 22:35:01 INFO  Running E-step ! 
Sat 14 Mar 2026 22:35:01 INFO  epoch 297 training [time: 0.18s, train_loss1: 1.4343, train_loss2: 0.0262, train_loss3: 0.0110, train_loss4: 0.0017]
Sat 14 Mar 2026 22:35:01 INFO  epoch 297 evaluating [time: 0.14s, valid_score: 0.355000]
Sat 14 Mar 2026 22:35:01 INFO  valid result: 
recall@1 : 0.1381    recall@2 : 0.2356    recall@3 : 0.2972    recall@4 : 0.3468    recall@5 : 0.3805    recall@10 : 0.5114    recall@20 : 0.6353    recall@30 : 0.7224    recall@50 : 0.814    ndcg@1 : 0.2282    ndcg@2 : 0.2591    ndcg@3 : 0.2781    ndcg@4 : 0.2959    ndcg@5 : 0.3079    ndcg@10 : 0.355    ndcg@20 : 0.3929    ndcg@30 : 0.4154    ndcg@50 : 0.4368    precision@1 : 0.2282    precision@2 : 0.2002    precision@3 : 0.1716    precision@4 : 0.1545    precision@5 : 0.1386    precision@10 : 0.099    precision@20 : 0.0646    precision@30 : 0.0496    precision@50 : 0.0345    map@1 : 0.2282    map@2 : 0.2287    map@3 : 0.2331    map@4 : 0.2405    map@5 : 0.2458    map@10 : 0.267    map@20 : 0.2808    map@30 : 0.287    map@50 : 0.2922
Sat 14 Mar 2026 22:35:01 INFO  Running E-step ! 
Sat 14 Mar 2026 22:35:01 INFO  epoch 298 training [time: 0.20s, train_loss1: 1.4218, train_loss2: 0.0261, train_loss3: 0.0110, train_loss4: 0.0017]
Sat 14 Mar 2026 22:35:02 INFO  epoch 298 evaluating [time: 0.14s, valid_score: 0.355200]
Sat 14 Mar 2026 22:35:02 INFO  valid result: 
recall@1 : 0.1386    recall@2 : 0.2366    recall@3 : 0.2975    recall@4 : 0.3464    recall@5 : 0.3799    recall@10 : 0.5113    recall@20 : 0.6352    recall@30 : 0.7219    recall@50 : 0.8142    ndcg@1 : 0.2288    ndcg@2 : 0.2598    ndcg@3 : 0.2787    ndcg@4 : 0.2962    ndcg@5 : 0.3081    ndcg@10 : 0.3552    ndcg@20 : 0.3931    ndcg@30 : 0.4156    ndcg@50 : 0.4371    precision@1 : 0.2288    precision@2 : 0.2005    precision@3 : 0.172    precision@4 : 0.1546    precision@5 : 0.1387    precision@10 : 0.0989    precision@20 : 0.0645    precision@30 : 0.0496    precision@50 : 0.0345    map@1 : 0.2288    map@2 : 0.2291    map@3 : 0.2336    map@4 : 0.241    map@5 : 0.2461    map@10 : 0.2672    map@20 : 0.2811    map@30 : 0.2873    map@50 : 0.2924
Sat 14 Mar 2026 22:35:02 INFO  Running E-step ! 
Sat 14 Mar 2026 22:35:02 INFO  epoch 299 training [time: 0.20s, train_loss1: 1.3950, train_loss2: 0.0261, train_loss3: 0.0110, train_loss4: 0.0017]
Sat 14 Mar 2026 22:35:02 INFO  epoch 299 evaluating [time: 0.14s, valid_score: 0.355200]
Sat 14 Mar 2026 22:35:02 INFO  valid result: 
recall@1 : 0.1381    recall@2 : 0.2379    recall@3 : 0.2978    recall@4 : 0.3468    recall@5 : 0.3791    recall@10 : 0.511    recall@20 : 0.633    recall@30 : 0.7219    recall@50 : 0.8136    ndcg@1 : 0.2288    ndcg@2 : 0.2603    ndcg@3 : 0.2789    ndcg@4 : 0.2964    ndcg@5 : 0.3078    ndcg@10 : 0.3552    ndcg@20 : 0.3926    ndcg@30 : 0.4156    ndcg@50 : 0.4371    precision@1 : 0.2288    precision@2 : 0.2008    precision@3 : 0.1722    precision@4 : 0.1548    precision@5 : 0.1385    precision@10 : 0.0989    precision@20 : 0.0644    precision@30 : 0.0496    precision@50 : 0.0345    map@1 : 0.2288    map@2 : 0.2293    map@3 : 0.2337    map@4 : 0.2411    map@5 : 0.2459    map@10 : 0.2672    map@20 : 0.281    map@30 : 0.2873    map@50 : 0.2924
Sat 14 Mar 2026 22:35:02 INFO  Running E-step ! 
Sat 14 Mar 2026 22:35:02 INFO  epoch 300 training [time: 0.19s, train_loss1: 1.4132, train_loss2: 0.0260, train_loss3: 0.0110, train_loss4: 0.0018]
Sat 14 Mar 2026 22:35:02 INFO  epoch 300 evaluating [time: 0.15s, valid_score: 0.356200]
Sat 14 Mar 2026 22:35:02 INFO  valid result: 
recall@1 : 0.1399    recall@2 : 0.2375    recall@3 : 0.298    recall@4 : 0.3473    recall@5 : 0.3797    recall@10 : 0.5123    recall@20 : 0.6328    recall@30 : 0.7219    recall@50 : 0.8148    ndcg@1 : 0.2306    ndcg@2 : 0.2608    ndcg@3 : 0.2796    ndcg@4 : 0.2973    ndcg@5 : 0.3087    ndcg@10 : 0.3562    ndcg@20 : 0.3932    ndcg@30 : 0.4162    ndcg@50 : 0.4379    precision@1 : 0.2306    precision@2 : 0.2008    precision@3 : 0.1724    precision@4 : 0.1549    precision@5 : 0.1386    precision@10 : 0.0991    precision@20 : 0.0644    precision@30 : 0.0496    precision@50 : 0.0345    map@1 : 0.2306    map@2 : 0.2302    map@3 : 0.2346    map@4 : 0.2422    map@5 : 0.2469    map@10 : 0.2682    map@20 : 0.2819    map@30 : 0.2882    map@50 : 0.2934
Sat 14 Mar 2026 22:35:02 INFO  Running E-step ! 
Sat 14 Mar 2026 22:35:02 INFO  epoch 301 training [time: 0.18s, train_loss1: 1.4150, train_loss2: 0.0260, train_loss3: 0.0110, train_loss4: 0.0018]
Sat 14 Mar 2026 22:35:03 INFO  epoch 301 evaluating [time: 0.14s, valid_score: 0.356400]
Sat 14 Mar 2026 22:35:03 INFO  valid result: 
recall@1 : 0.1396    recall@2 : 0.2389    recall@3 : 0.2978    recall@4 : 0.3467    recall@5 : 0.381    recall@10 : 0.512    recall@20 : 0.6334    recall@30 : 0.7219    recall@50 : 0.8149    ndcg@1 : 0.2312    ndcg@2 : 0.2618    ndcg@3 : 0.2797    ndcg@4 : 0.2972    ndcg@5 : 0.3095    ndcg@10 : 0.3564    ndcg@20 : 0.3935    ndcg@30 : 0.4164    ndcg@50 : 0.4381    precision@1 : 0.2312    precision@2 : 0.2017    precision@3 : 0.1722    precision@4 : 0.1548    precision@5 : 0.1391    precision@10 : 0.0992    precision@20 : 0.0644    precision@30 : 0.0496    precision@50 : 0.0345    map@1 : 0.2312    map@2 : 0.2309    map@3 : 0.2346    map@4 : 0.2421    map@5 : 0.2473    map@10 : 0.2684    map@20 : 0.282    map@30 : 0.2882    map@50 : 0.2934
Sat 14 Mar 2026 22:35:03 INFO  Running E-step ! 
Sat 14 Mar 2026 22:35:03 INFO  epoch 302 training [time: 0.19s, train_loss1: 1.3932, train_loss2: 0.0259, train_loss3: 0.0110, train_loss4: 0.0018]
Sat 14 Mar 2026 22:35:03 INFO  epoch 302 evaluating [time: 0.14s, valid_score: 0.356600]
Sat 14 Mar 2026 22:35:03 INFO  valid result: 
recall@1 : 0.1407    recall@2 : 0.2385    recall@3 : 0.2976    recall@4 : 0.3471    recall@5 : 0.3804    recall@10 : 0.5115    recall@20 : 0.6347    recall@30 : 0.722    recall@50 : 0.8149    ndcg@1 : 0.2324    ndcg@2 : 0.262    ndcg@3 : 0.2799    ndcg@4 : 0.2978    ndcg@5 : 0.3096    ndcg@10 : 0.3566    ndcg@20 : 0.3942    ndcg@30 : 0.4168    ndcg@50 : 0.4385    precision@1 : 0.2324    precision@2 : 0.2017    precision@3 : 0.1722    precision@4 : 0.1551    precision@5 : 0.139    precision@10 : 0.0992    precision@20 : 0.0645    precision@30 : 0.0497    precision@50 : 0.0345    map@1 : 0.2324    map@2 : 0.2312    map@3 : 0.2349    map@4 : 0.2427    map@5 : 0.2477    map@10 : 0.2688    map@20 : 0.2825    map@30 : 0.2888    map@50 : 0.2939
Sat 14 Mar 2026 22:35:03 INFO  Finished training, best eval result in epoch 281
Sat 14 Mar 2026 22:35:03 INFO  Loading model structure and parameters from saved/SCL-Mar-14-2026_22-33-20.pth
Sat 14 Mar 2026 22:35:03 INFO  best valid : OrderedDict([('recall@1', 0.1462), ('recall@2', 0.2351), ('recall@3', 0.2989), ('recall@4', 0.3408), ('recall@5', 0.3784), ('recall@10', 0.5175), ('recall@20', 0.6381), ('recall@30', 0.7225), ('recall@50', 0.815), ('ndcg@1', 0.2378), ('ndcg@2', 0.2624), ('ndcg@3', 0.2817), ('ndcg@4', 0.2961), ('ndcg@5', 0.3099), ('ndcg@10', 0.3597), ('ndcg@20', 0.3963), ('ndcg@30', 0.4183), ('ndcg@50', 0.44), ('precision@1', 0.2378), ('precision@2', 0.2002), ('precision@3', 0.1714), ('precision@4', 0.152), ('precision@5', 0.138), ('precision@10', 0.1), ('precision@20', 0.0645), ('precision@30', 0.0497), ('precision@50', 0.0345), ('map@1', 0.2378), ('map@2', 0.2329), ('map@3', 0.2373), ('map@4', 0.243), ('map@5', 0.2493), ('map@10', 0.2714), ('map@20', 0.2846), ('map@30', 0.2908), ('map@50', 0.296)])
Sat 14 Mar 2026 22:35:03 INFO  test result: OrderedDict([('recall@1', 0.1779), ('recall@2', 0.265), ('recall@3', 0.3265), ('recall@4', 0.3739), ('recall@5', 0.4053), ('recall@10', 0.5176), ('recall@20', 0.6493), ('recall@30', 0.7152), ('recall@50', 0.8046), ('ndcg@1', 0.2994), ('ndcg@2', 0.3086), ('ndcg@3', 0.3249), ('ndcg@4', 0.339), ('ndcg@5', 0.3483), ('ndcg@10', 0.3863), ('ndcg@20', 0.4245), ('ndcg@30', 0.4415), ('ndcg@50', 0.4614), ('precision@1', 0.2994), ('precision@2', 0.2323), ('precision@3', 0.1983), ('precision@4', 0.1729), ('precision@5', 0.1519), ('precision@10', 0.102), ('precision@20', 0.0658), ('precision@30', 0.0488), ('precision@50', 0.0329), ('map@1', 0.2994), ('map@2', 0.2816), ('map@3', 0.2835), ('map@4', 0.2877), ('map@5', 0.2905), ('map@10', 0.3063), ('map@20', 0.3195), ('map@30', 0.3244), ('map@50', 0.3284)])
