Sun 15 Mar 2026 22:36:22 INFO  
General Hyper Parameters:
gpu_id = 0
use_gpu = True
seed = 2020
state = INFO
reproducibility = True
data_path = ./travel
checkpoint_dir = saved
show_progress = True
save_dataset = False
dataset_save_path = None
save_dataloaders = False
dataloaders_save_path = None
log_wandb = False

Training Hyper Parameters:
epochs = 1000
train_batch_size = 4096
learner = adam
learning_rate = 0.001
train_neg_sample_args = {'distribution': 'uniform', 'sample_num': 1, 'alpha': 1.0, 'dynamic': False, 'candidate_num': 0}
eval_step = 1
stopping_step = 10
clip_grad_norm = None
weight_decay = 0.0
loss_decimal_place = 4

Evaluation Hyper Parameters:
eval_args = {'split': {'RS': [0.8, 0.1, 0.1]}, 'order': 'RO', 'group_by': 'user', 'mode': {'valid': 'full', 'test': 'full'}}
repeatable = False
metrics = ['Recall', 'NDCG', 'Precision', 'MAP']
topk = [1, 2, 3, 4, 5, 10, 20, 30, 50]
valid_metric = NDCG@10
valid_metric_bigger = True
eval_batch_size = 4096
metric_decimal_place = 4

Dataset Hyper Parameters:
field_separator = 	
seq_separator =  
USER_ID_FIELD = user_id
ITEM_ID_FIELD = item_id
RATING_FIELD = rating
TIME_FIELD = timestamp
seq_len = None
LABEL_FIELD = label
threshold = None
NEG_PREFIX = neg_
load_col = {'inter': ['user_id', 'item_id', 'rating'], 'user': ['user_id', 'post_num', 'follower', 'following', 'timestamp']}
unload_col = None
unused_col = None
additional_feat_suffix = None
rm_dup_inter = None
val_interval = {'rating': '[0,inf)'}
filter_inter_by_user_or_item = True
user_inter_num_interval = [0,inf)
item_inter_num_interval = [0,inf)
alias_of_user_id = None
alias_of_item_id = None
alias_of_entity_id = None
alias_of_relation_id = None
preload_weight = None
normalize_field = None
normalize_all = None
ITEM_LIST_LENGTH_FIELD = item_length
LIST_SUFFIX = _list
MAX_ITEM_LIST_LENGTH = 50
POSITION_FIELD = position_id
HEAD_ENTITY_ID_FIELD = head_id
TAIL_ENTITY_ID_FIELD = tail_id
RELATION_ID_FIELD = relation_id
ENTITY_ID_FIELD = entity_id
benchmark_filename = None

Other Hyper Parameters: 
worker = 0
wandb_project = recbole
shuffle = True
require_pow = False
enable_amp = False
enable_scaler = False
transform = None
numerical_features = []
discretization = None
kg_reverse_r = False
entity_kg_num_interval = [0,inf)
relation_kg_num_interval = [0,inf)
MODEL_TYPE = ModelType.GENERAL
embedding_size = 64
n_layers = 3
reg_weight = 0.0001
smt_latent_dim = 64
ssl_temp = 0.1
ssl_reg = 1e-07
hyper_layers = 1
alpha = 1
potential_reg = 0.0
semantic_reg = 8e-08
num_clusters = 10
m_step = 1
warm_up_step = 20
user_feature_path = features/roberta_user.npy
item_feature_path = features/roberta_item.npy
MODEL_INPUT_TYPE = InputType.PAIRWISE
eval_type = EvaluatorType.RANKING
single_spec = True
local_rank = 0
device = cuda
valid_neg_sample_args = {'distribution': 'uniform', 'sample_num': 'none'}
test_neg_sample_args = {'distribution': 'uniform', 'sample_num': 'none'}


Sun 15 Mar 2026 22:36:22 INFO  travel
The number of users: 2010
Average actions of users: 18.721254355400696
The number of items: 247
Average actions of items: 152.890243902439
The number of inters: 37611
The sparsity of the dataset: 92.42431566862047%
Remain Fields: ['user_id', 'item_id', 'rating', 'post_num', 'follower', 'following', 'timestamp']
Sun 15 Mar 2026 22:36:22 INFO  [Training]: train_batch_size = [4096] train_neg_sample_args: [{'distribution': 'uniform', 'sample_num': 1, 'alpha': 1.0, 'dynamic': False, 'candidate_num': 0}]
Sun 15 Mar 2026 22:36:22 INFO  [Evaluation]: eval_batch_size = [4096] eval_args: [{'split': {'RS': [0.8, 0.1, 0.1]}, 'order': 'RO', 'group_by': 'user', 'mode': {'valid': 'full', 'test': 'full'}}]
Sun 15 Mar 2026 22:36:23 INFO  SCL(
  (u_MLP): Linear(in_features=1024, out_features=64, bias=True)
  (i_MLP): Linear(in_features=1024, out_features=64, bias=True)
  (user_embedding): Embedding(2010, 64)
  (item_embedding): Embedding(247, 64)
  (mf_loss): BPRLoss()
  (reg_loss): EmbLoss()
)
Trainable parameters: 144448
Sun 15 Mar 2026 22:36:23 INFO  trainable parameters: 144448
Sun 15 Mar 2026 22:36:24 INFO  Running E-step ! 
Sun 15 Mar 2026 22:36:24 INFO  epoch 0 training [time: 0.50s, train_loss1: 5.5429, train_loss2: 0.0191, train_loss3: 0.0115]
Sun 15 Mar 2026 22:36:25 INFO  epoch 0 evaluating [time: 0.19s, valid_score: 0.028300]
Sun 15 Mar 2026 22:36:25 INFO  valid result: 
recall@1 : 0.0056    recall@2 : 0.0107    recall@3 : 0.0171    recall@4 : 0.0206    recall@5 : 0.0265    recall@10 : 0.049    recall@20 : 0.0943    recall@30 : 0.1433    recall@50 : 0.235    ndcg@1 : 0.0143    ndcg@2 : 0.0143    ndcg@3 : 0.0163    ndcg@4 : 0.0179    ndcg@5 : 0.0203    ndcg@10 : 0.0283    ndcg@20 : 0.0418    ndcg@30 : 0.0548    ndcg@50 : 0.076    precision@1 : 0.0143    precision@2 : 0.0119    precision@3 : 0.0117    precision@4 : 0.0119    precision@5 : 0.0122    precision@10 : 0.0108    precision@20 : 0.0108    precision@30 : 0.0112    precision@50 : 0.0111    map@1 : 0.0143    map@2 : 0.0118    map@3 : 0.0121    map@4 : 0.0122    map@5 : 0.0132    map@10 : 0.0158    map@20 : 0.019    map@30 : 0.0214    map@50 : 0.0246
Sun 15 Mar 2026 22:36:25 INFO  Saving current: saved/SCL-Mar-15-2026_22-36-23.pth
Sun 15 Mar 2026 22:36:25 INFO  Saving current best: saved/SCL-Mar-15-2026_22-36-23.pth
Sun 15 Mar 2026 22:36:25 INFO  Running E-step ! 
Sun 15 Mar 2026 22:36:25 INFO  epoch 1 training [time: 0.18s, train_loss1: 5.5427, train_loss2: 0.0149, train_loss3: 0.0114]
Sun 15 Mar 2026 22:36:25 INFO  epoch 1 evaluating [time: 0.15s, valid_score: 0.029100]
Sun 15 Mar 2026 22:36:25 INFO  valid result: 
recall@1 : 0.0055    recall@2 : 0.0107    recall@3 : 0.016    recall@4 : 0.0218    recall@5 : 0.0297    recall@10 : 0.0508    recall@20 : 0.1    recall@30 : 0.1417    recall@50 : 0.2335    ndcg@1 : 0.0137    ndcg@2 : 0.0141    ndcg@3 : 0.0156    ndcg@4 : 0.0182    ndcg@5 : 0.0216    ndcg@10 : 0.0291    ndcg@20 : 0.0434    ndcg@30 : 0.0547    ndcg@50 : 0.0757    precision@1 : 0.0137    precision@2 : 0.0119    precision@3 : 0.0111    precision@4 : 0.0121    precision@5 : 0.0132    precision@10 : 0.0113    precision@20 : 0.0111    precision@30 : 0.0111    precision@50 : 0.011    map@1 : 0.0137    map@2 : 0.0116    map@3 : 0.0116    map@4 : 0.0123    map@5 : 0.0136    map@10 : 0.0161    map@20 : 0.0196    map@30 : 0.0216    map@50 : 0.0247
Sun 15 Mar 2026 22:36:25 INFO  Saving current: saved/SCL-Mar-15-2026_22-36-23.pth
Sun 15 Mar 2026 22:36:25 INFO  Saving current best: saved/SCL-Mar-15-2026_22-36-23.pth
Sun 15 Mar 2026 22:36:25 INFO  Running E-step ! 
Sun 15 Mar 2026 22:36:25 INFO  epoch 2 training [time: 0.18s, train_loss1: 5.5421, train_loss2: 0.0131, train_loss3: 0.0113]
Sun 15 Mar 2026 22:36:25 INFO  epoch 2 evaluating [time: 0.15s, valid_score: 0.030300]
Sun 15 Mar 2026 22:36:25 INFO  valid result: 
recall@1 : 0.0053    recall@2 : 0.0125    recall@3 : 0.0176    recall@4 : 0.0252    recall@5 : 0.0306    recall@10 : 0.0521    recall@20 : 0.1027    recall@30 : 0.1454    recall@50 : 0.2391    ndcg@1 : 0.0137    ndcg@2 : 0.0155    ndcg@3 : 0.0171    ndcg@4 : 0.0201    ndcg@5 : 0.0227    ndcg@10 : 0.0303    ndcg@20 : 0.045    ndcg@30 : 0.0565    ndcg@50 : 0.0779    precision@1 : 0.0137    precision@2 : 0.0131    precision@3 : 0.0123    precision@4 : 0.0131    precision@5 : 0.0136    precision@10 : 0.0118    precision@20 : 0.0115    precision@30 : 0.0114    precision@50 : 0.0113    map@1 : 0.0137    map@2 : 0.0127    map@3 : 0.0126    map@4 : 0.0136    map@5 : 0.0145    map@10 : 0.0171    map@20 : 0.0205    map@30 : 0.0227    map@50 : 0.0258
Sun 15 Mar 2026 22:36:25 INFO  Saving current: saved/SCL-Mar-15-2026_22-36-23.pth
Sun 15 Mar 2026 22:36:25 INFO  Saving current best: saved/SCL-Mar-15-2026_22-36-23.pth
Sun 15 Mar 2026 22:36:25 INFO  Running E-step ! 
Sun 15 Mar 2026 22:36:26 INFO  epoch 3 training [time: 0.18s, train_loss1: 5.5415, train_loss2: 0.0115, train_loss3: 0.0112]
Sun 15 Mar 2026 22:36:26 INFO  epoch 3 evaluating [time: 0.15s, valid_score: 0.032200]
Sun 15 Mar 2026 22:36:26 INFO  valid result: 
recall@1 : 0.0065    recall@2 : 0.0136    recall@3 : 0.0204    recall@4 : 0.0274    recall@5 : 0.034    recall@10 : 0.054    recall@20 : 0.1035    recall@30 : 0.1486    recall@50 : 0.2404    ndcg@1 : 0.0143    ndcg@2 : 0.0168    ndcg@3 : 0.0192    ndcg@4 : 0.0221    ndcg@5 : 0.0249    ndcg@10 : 0.0322    ndcg@20 : 0.0468    ndcg@30 : 0.0589    ndcg@50 : 0.08    precision@1 : 0.0143    precision@2 : 0.0143    precision@3 : 0.0137    precision@4 : 0.0142    precision@5 : 0.0143    precision@10 : 0.0123    precision@20 : 0.0119    precision@30 : 0.0117    precision@50 : 0.0115    map@1 : 0.0143    map@2 : 0.0139    map@3 : 0.0143    map@4 : 0.0153    map@5 : 0.0163    map@10 : 0.0187    map@20 : 0.0221    map@30 : 0.0244    map@50 : 0.0276
Sun 15 Mar 2026 22:36:26 INFO  Saving current: saved/SCL-Mar-15-2026_22-36-23.pth
Sun 15 Mar 2026 22:36:26 INFO  Saving current best: saved/SCL-Mar-15-2026_22-36-23.pth
Sun 15 Mar 2026 22:36:26 INFO  Running E-step ! 
Sun 15 Mar 2026 22:36:26 INFO  epoch 4 training [time: 0.16s, train_loss1: 5.5409, train_loss2: 0.0102, train_loss3: 0.0111]
Sun 15 Mar 2026 22:36:26 INFO  epoch 4 evaluating [time: 0.15s, valid_score: 0.034200]
Sun 15 Mar 2026 22:36:26 INFO  valid result: 
recall@1 : 0.0061    recall@2 : 0.0157    recall@3 : 0.0203    recall@4 : 0.0287    recall@5 : 0.0353    recall@10 : 0.0586    recall@20 : 0.1075    recall@30 : 0.1533    recall@50 : 0.2428    ndcg@1 : 0.0149    ndcg@2 : 0.0194    ndcg@3 : 0.0199    ndcg@4 : 0.0234    ndcg@5 : 0.0259    ndcg@10 : 0.0342    ndcg@20 : 0.0487    ndcg@30 : 0.061    ndcg@50 : 0.0814    precision@1 : 0.0149    precision@2 : 0.0173    precision@3 : 0.0143    precision@4 : 0.015    precision@5 : 0.0145    precision@10 : 0.0131    precision@20 : 0.0123    precision@30 : 0.0122    precision@50 : 0.0115    map@1 : 0.0149    map@2 : 0.0155    map@3 : 0.0148    map@4 : 0.016    map@5 : 0.0169    map@10 : 0.0195    map@20 : 0.0229    map@30 : 0.0253    map@50 : 0.0283
Sun 15 Mar 2026 22:36:26 INFO  Saving current: saved/SCL-Mar-15-2026_22-36-23.pth
Sun 15 Mar 2026 22:36:26 INFO  Saving current best: saved/SCL-Mar-15-2026_22-36-23.pth
Sun 15 Mar 2026 22:36:26 INFO  Running E-step ! 
Sun 15 Mar 2026 22:36:26 INFO  epoch 5 training [time: 0.17s, train_loss1: 5.5401, train_loss2: 0.0091, train_loss3: 0.0111]
Sun 15 Mar 2026 22:36:26 INFO  epoch 5 evaluating [time: 0.14s, valid_score: 0.036200]
Sun 15 Mar 2026 22:36:26 INFO  valid result: 
recall@1 : 0.0065    recall@2 : 0.0133    recall@3 : 0.0223    recall@4 : 0.0307    recall@5 : 0.0363    recall@10 : 0.0626    recall@20 : 0.1121    recall@30 : 0.1579    recall@50 : 0.2455    ndcg@1 : 0.0173    ndcg@2 : 0.0186    ndcg@3 : 0.0216    ndcg@4 : 0.025    ndcg@5 : 0.027    ndcg@10 : 0.0362    ndcg@20 : 0.0508    ndcg@30 : 0.063    ndcg@50 : 0.0831    precision@1 : 0.0173    precision@2 : 0.0164    precision@3 : 0.0161    precision@4 : 0.0167    precision@5 : 0.0156    precision@10 : 0.0142    precision@20 : 0.0129    precision@30 : 0.0126    precision@50 : 0.0118    map@1 : 0.0173    map@2 : 0.0153    map@3 : 0.0159    map@4 : 0.0168    map@5 : 0.0175    map@10 : 0.0203    map@20 : 0.0237    map@30 : 0.0261    map@50 : 0.0291
Sun 15 Mar 2026 22:36:26 INFO  Saving current: saved/SCL-Mar-15-2026_22-36-23.pth
Sun 15 Mar 2026 22:36:26 INFO  Saving current best: saved/SCL-Mar-15-2026_22-36-23.pth
Sun 15 Mar 2026 22:36:26 INFO  Running E-step ! 
Sun 15 Mar 2026 22:36:27 INFO  epoch 6 training [time: 0.18s, train_loss1: 5.5393, train_loss2: 0.0082, train_loss3: 0.0110]
Sun 15 Mar 2026 22:36:27 INFO  epoch 6 evaluating [time: 0.15s, valid_score: 0.039300]
Sun 15 Mar 2026 22:36:27 INFO  valid result: 
recall@1 : 0.0077    recall@2 : 0.0147    recall@3 : 0.0258    recall@4 : 0.0336    recall@5 : 0.0393    recall@10 : 0.0673    recall@20 : 0.1153    recall@30 : 0.16    recall@50 : 0.2529    ndcg@1 : 0.0179    ndcg@2 : 0.02    ndcg@3 : 0.0242    ndcg@4 : 0.0274    ndcg@5 : 0.0295    ndcg@10 : 0.0393    ndcg@20 : 0.0539    ndcg@30 : 0.0657    ndcg@50 : 0.0872    precision@1 : 0.0179    precision@2 : 0.0176    precision@3 : 0.0181    precision@4 : 0.018    precision@5 : 0.0168    precision@10 : 0.015    precision@20 : 0.0136    precision@30 : 0.0128    precision@50 : 0.0122    map@1 : 0.0179    map@2 : 0.0167    map@3 : 0.018    map@4 : 0.0188    map@5 : 0.0195    map@10 : 0.0226    map@20 : 0.0261    map@30 : 0.0284    map@50 : 0.0317
Sun 15 Mar 2026 22:36:27 INFO  Saving current: saved/SCL-Mar-15-2026_22-36-23.pth
Sun 15 Mar 2026 22:36:27 INFO  Saving current best: saved/SCL-Mar-15-2026_22-36-23.pth
Sun 15 Mar 2026 22:36:27 INFO  Running E-step ! 
Sun 15 Mar 2026 22:36:27 INFO  epoch 7 training [time: 0.17s, train_loss1: 5.5382, train_loss2: 0.0075, train_loss3: 0.0110]
Sun 15 Mar 2026 22:36:27 INFO  epoch 7 evaluating [time: 0.15s, valid_score: 0.043000]
Sun 15 Mar 2026 22:36:27 INFO  valid result: 
recall@1 : 0.0087    recall@2 : 0.0182    recall@3 : 0.0297    recall@4 : 0.0365    recall@5 : 0.0421    recall@10 : 0.0726    recall@20 : 0.1193    recall@30 : 0.1688    recall@50 : 0.2578    ndcg@1 : 0.0197    ndcg@2 : 0.0233    ndcg@3 : 0.0281    ndcg@4 : 0.0302    ndcg@5 : 0.0323    ndcg@10 : 0.043    ndcg@20 : 0.0575    ndcg@30 : 0.0704    ndcg@50 : 0.0912    precision@1 : 0.0197    precision@2 : 0.0203    precision@3 : 0.0213    precision@4 : 0.0194    precision@5 : 0.0181    precision@10 : 0.0159    precision@20 : 0.0142    precision@30 : 0.0134    precision@50 : 0.0125    map@1 : 0.0197    map@2 : 0.0194    map@3 : 0.0208    map@4 : 0.0211    map@5 : 0.0219    map@10 : 0.0253    map@20 : 0.0287    map@30 : 0.0313    map@50 : 0.0345
Sun 15 Mar 2026 22:36:27 INFO  Saving current: saved/SCL-Mar-15-2026_22-36-23.pth
Sun 15 Mar 2026 22:36:27 INFO  Saving current best: saved/SCL-Mar-15-2026_22-36-23.pth
Sun 15 Mar 2026 22:36:27 INFO  Running E-step ! 
Sun 15 Mar 2026 22:36:27 INFO  epoch 8 training [time: 0.17s, train_loss1: 5.5368, train_loss2: 0.0069, train_loss3: 0.0109]
Sun 15 Mar 2026 22:36:27 INFO  epoch 8 evaluating [time: 0.15s, valid_score: 0.046100]
Sun 15 Mar 2026 22:36:27 INFO  valid result: 
recall@1 : 0.0097    recall@2 : 0.0222    recall@3 : 0.0307    recall@4 : 0.0387    recall@5 : 0.0495    recall@10 : 0.0751    recall@20 : 0.1296    recall@30 : 0.1749    recall@50 : 0.2638    ndcg@1 : 0.0226    ndcg@2 : 0.0278    ndcg@3 : 0.0302    ndcg@4 : 0.0329    ndcg@5 : 0.037    ndcg@10 : 0.0461    ndcg@20 : 0.0627    ndcg@30 : 0.0747    ndcg@50 : 0.0957    precision@1 : 0.0226    precision@2 : 0.0247    precision@3 : 0.0224    precision@4 : 0.0207    precision@5 : 0.0204    precision@10 : 0.017    precision@20 : 0.0155    precision@30 : 0.0141    precision@50 : 0.013    map@1 : 0.0226    map@2 : 0.0229    map@3 : 0.0226    map@4 : 0.0233    map@5 : 0.0251    map@10 : 0.0276    map@20 : 0.0316    map@30 : 0.0341    map@50 : 0.0374
Sun 15 Mar 2026 22:36:27 INFO  Saving current: saved/SCL-Mar-15-2026_22-36-23.pth
Sun 15 Mar 2026 22:36:27 INFO  Saving current best: saved/SCL-Mar-15-2026_22-36-23.pth
Sun 15 Mar 2026 22:36:27 INFO  Running E-step ! 
Sun 15 Mar 2026 22:36:28 INFO  epoch 9 training [time: 0.17s, train_loss1: 5.5354, train_loss2: 0.0065, train_loss3: 0.0109]
Sun 15 Mar 2026 22:36:28 INFO  epoch 9 evaluating [time: 0.15s, valid_score: 0.051100]
Sun 15 Mar 2026 22:36:28 INFO  valid result: 
recall@1 : 0.013    recall@2 : 0.0255    recall@3 : 0.0327    recall@4 : 0.0434    recall@5 : 0.0528    recall@10 : 0.0804    recall@20 : 0.1406    recall@30 : 0.1883    recall@50 : 0.2757    ndcg@1 : 0.0292    ndcg@2 : 0.0323    ndcg@3 : 0.0336    ndcg@4 : 0.0378    ndcg@5 : 0.0413    ndcg@10 : 0.0511    ndcg@20 : 0.0694    ndcg@30 : 0.0821    ndcg@50 : 0.1029    precision@1 : 0.0292    precision@2 : 0.0277    precision@3 : 0.0236    precision@4 : 0.0234    precision@5 : 0.0225    precision@10 : 0.0185    precision@20 : 0.0168    precision@30 : 0.0152    precision@50 : 0.0137    map@1 : 0.0292    map@2 : 0.0273    map@3 : 0.026    map@4 : 0.0274    map@5 : 0.0287    map@10 : 0.0315    map@20 : 0.0361    map@30 : 0.0387    map@50 : 0.0421
Sun 15 Mar 2026 22:36:28 INFO  Saving current: saved/SCL-Mar-15-2026_22-36-23.pth
Sun 15 Mar 2026 22:36:28 INFO  Saving current best: saved/SCL-Mar-15-2026_22-36-23.pth
Sun 15 Mar 2026 22:36:28 INFO  Running E-step ! 
Sun 15 Mar 2026 22:36:28 INFO  epoch 10 training [time: 0.18s, train_loss1: 5.5335, train_loss2: 0.0062, train_loss3: 0.0108]
Sun 15 Mar 2026 22:36:28 INFO  epoch 10 evaluating [time: 0.15s, valid_score: 0.059500]
Sun 15 Mar 2026 22:36:28 INFO  valid result: 
recall@1 : 0.0155    recall@2 : 0.0298    recall@3 : 0.0402    recall@4 : 0.0509    recall@5 : 0.057    recall@10 : 0.0938    recall@20 : 0.1559    recall@30 : 0.2043    recall@50 : 0.2932    ndcg@1 : 0.0328    ndcg@2 : 0.0367    ndcg@3 : 0.0404    ndcg@4 : 0.044    ndcg@5 : 0.0465    ndcg@10 : 0.0595    ndcg@20 : 0.0783    ndcg@30 : 0.0912    ndcg@50 : 0.1123    precision@1 : 0.0328    precision@2 : 0.031    precision@3 : 0.029    precision@4 : 0.027    precision@5 : 0.0254    precision@10 : 0.0215    precision@20 : 0.0187    precision@30 : 0.0166    precision@50 : 0.0146    map@1 : 0.0328    map@2 : 0.0311    map@3 : 0.0312    map@4 : 0.0323    map@5 : 0.033    map@10 : 0.0371    map@20 : 0.0418    map@30 : 0.0446    map@50 : 0.0481
Sun 15 Mar 2026 22:36:28 INFO  Saving current: saved/SCL-Mar-15-2026_22-36-23.pth
Sun 15 Mar 2026 22:36:28 INFO  Saving current best: saved/SCL-Mar-15-2026_22-36-23.pth
Sun 15 Mar 2026 22:36:28 INFO  Running E-step ! 
Sun 15 Mar 2026 22:36:28 INFO  epoch 11 training [time: 0.18s, train_loss1: 5.5311, train_loss2: 0.0060, train_loss3: 0.0108]
Sun 15 Mar 2026 22:36:28 INFO  epoch 11 evaluating [time: 0.15s, valid_score: 0.070000]
Sun 15 Mar 2026 22:36:28 INFO  valid result: 
recall@1 : 0.019    recall@2 : 0.0365    recall@3 : 0.0457    recall@4 : 0.0596    recall@5 : 0.0663    recall@10 : 0.1098    recall@20 : 0.172    recall@30 : 0.2217    recall@50 : 0.3082    ndcg@1 : 0.0399    ndcg@2 : 0.0448    ndcg@3 : 0.0467    ndcg@4 : 0.052    ndcg@5 : 0.0544    ndcg@10 : 0.07    ndcg@20 : 0.0891    ndcg@30 : 0.1025    ndcg@50 : 0.1231    precision@1 : 0.0399    precision@2 : 0.0378    precision@3 : 0.0326    precision@4 : 0.0316    precision@5 : 0.0292    precision@10 : 0.025    precision@20 : 0.0207    precision@30 : 0.0181    precision@50 : 0.0155    map@1 : 0.0399    map@2 : 0.0378    map@3 : 0.0367    map@4 : 0.0385    map@5 : 0.0391    map@10 : 0.0442    map@20 : 0.0491    map@30 : 0.0521    map@50 : 0.0557
Sun 15 Mar 2026 22:36:28 INFO  Saving current: saved/SCL-Mar-15-2026_22-36-23.pth
Sun 15 Mar 2026 22:36:28 INFO  Saving current best: saved/SCL-Mar-15-2026_22-36-23.pth
Sun 15 Mar 2026 22:36:28 INFO  Running E-step ! 
Sun 15 Mar 2026 22:36:29 INFO  epoch 12 training [time: 0.17s, train_loss1: 5.5283, train_loss2: 0.0061, train_loss3: 0.0107]
Sun 15 Mar 2026 22:36:29 INFO  epoch 12 evaluating [time: 0.15s, valid_score: 0.081100]
Sun 15 Mar 2026 22:36:29 INFO  valid result: 
recall@1 : 0.022    recall@2 : 0.0412    recall@3 : 0.0563    recall@4 : 0.0711    recall@5 : 0.0814    recall@10 : 0.1245    recall@20 : 0.1933    recall@30 : 0.2429    recall@50 : 0.3263    ndcg@1 : 0.0483    ndcg@2 : 0.0519    ndcg@3 : 0.0565    ndcg@4 : 0.0618    ndcg@5 : 0.0656    ndcg@10 : 0.0811    ndcg@20 : 0.1024    ndcg@30 : 0.1155    ndcg@50 : 0.1356    precision@1 : 0.0483    precision@2 : 0.0438    precision@3 : 0.0401    precision@4 : 0.038    precision@5 : 0.0356    precision@10 : 0.0289    precision@20 : 0.0235    precision@30 : 0.0199    precision@50 : 0.0164    map@1 : 0.0483    map@2 : 0.0437    map@3 : 0.044    map@4 : 0.0454    map@5 : 0.0467    map@10 : 0.0519    map@20 : 0.0577    map@30 : 0.0607    map@50 : 0.0643
Sun 15 Mar 2026 22:36:29 INFO  Saving current: saved/SCL-Mar-15-2026_22-36-23.pth
Sun 15 Mar 2026 22:36:29 INFO  Saving current best: saved/SCL-Mar-15-2026_22-36-23.pth
Sun 15 Mar 2026 22:36:29 INFO  Running E-step ! 
Sun 15 Mar 2026 22:36:29 INFO  epoch 13 training [time: 0.17s, train_loss1: 5.5244, train_loss2: 0.0064, train_loss3: 0.0107]
Sun 15 Mar 2026 22:36:29 INFO  epoch 13 evaluating [time: 0.15s, valid_score: 0.098100]
Sun 15 Mar 2026 22:36:29 INFO  valid result: 
recall@1 : 0.0278    recall@2 : 0.049    recall@3 : 0.0713    recall@4 : 0.0853    recall@5 : 0.0979    recall@10 : 0.1499    recall@20 : 0.2184    recall@30 : 0.268    recall@50 : 0.3599    ndcg@1 : 0.0578    ndcg@2 : 0.0617    ndcg@3 : 0.0697    ndcg@4 : 0.0747    ndcg@5 : 0.0793    ndcg@10 : 0.0981    ndcg@20 : 0.1192    ndcg@30 : 0.1326    ndcg@50 : 0.1543    precision@1 : 0.0578    precision@2 : 0.0515    precision@3 : 0.0495    precision@4 : 0.0459    precision@5 : 0.0429    precision@10 : 0.0349    precision@20 : 0.0265    precision@30 : 0.0223    precision@50 : 0.0181    map@1 : 0.0578    map@2 : 0.0526    map@3 : 0.0543    map@4 : 0.0555    map@5 : 0.0571    map@10 : 0.0637    map@20 : 0.0697    map@30 : 0.0731    map@50 : 0.077
Sun 15 Mar 2026 22:36:29 INFO  Saving current: saved/SCL-Mar-15-2026_22-36-23.pth
Sun 15 Mar 2026 22:36:29 INFO  Saving current best: saved/SCL-Mar-15-2026_22-36-23.pth
Sun 15 Mar 2026 22:36:29 INFO  Running E-step ! 
Sun 15 Mar 2026 22:36:29 INFO  epoch 14 training [time: 0.20s, train_loss1: 5.5194, train_loss2: 0.0072, train_loss3: 0.0107]
Sun 15 Mar 2026 22:36:29 INFO  epoch 14 evaluating [time: 0.15s, valid_score: 0.118200]
Sun 15 Mar 2026 22:36:29 INFO  valid result: 
recall@1 : 0.0358    recall@2 : 0.0635    recall@3 : 0.0825    recall@4 : 0.105    recall@5 : 0.1181    recall@10 : 0.1759    recall@20 : 0.2474    recall@30 : 0.3065    recall@50 : 0.3933    ndcg@1 : 0.0727    ndcg@2 : 0.0789    ndcg@3 : 0.0838    ndcg@4 : 0.0922    ndcg@5 : 0.0965    ndcg@10 : 0.1182    ndcg@20 : 0.1402    ndcg@30 : 0.1563    ndcg@50 : 0.1769    precision@1 : 0.0727    precision@2 : 0.0664    precision@3 : 0.0588    precision@4 : 0.0563    precision@5 : 0.051    precision@10 : 0.0414    precision@20 : 0.0303    precision@30 : 0.0256    precision@50 : 0.0198    map@1 : 0.0727    map@2 : 0.0672    map@3 : 0.0665    map@4 : 0.0692    map@5 : 0.0705    map@10 : 0.0787    map@20 : 0.0854    map@30 : 0.0894    map@50 : 0.0934
Sun 15 Mar 2026 22:36:29 INFO  Saving current: saved/SCL-Mar-15-2026_22-36-23.pth
Sun 15 Mar 2026 22:36:29 INFO  Saving current best: saved/SCL-Mar-15-2026_22-36-23.pth
Sun 15 Mar 2026 22:36:29 INFO  Running E-step ! 
Sun 15 Mar 2026 22:36:30 INFO  epoch 15 training [time: 0.17s, train_loss1: 5.5124, train_loss2: 0.0085, train_loss3: 0.0107]
Sun 15 Mar 2026 22:36:30 INFO  epoch 15 evaluating [time: 0.15s, valid_score: 0.139800]
Sun 15 Mar 2026 22:36:30 INFO  valid result: 
recall@1 : 0.0438    recall@2 : 0.0741    recall@3 : 0.1008    recall@4 : 0.1235    recall@5 : 0.1424    recall@10 : 0.2058    recall@20 : 0.2948    recall@30 : 0.3534    recall@50 : 0.453    ndcg@1 : 0.0846    ndcg@2 : 0.0925    ndcg@3 : 0.101    ndcg@4 : 0.1087    ndcg@5 : 0.1159    ndcg@10 : 0.1398    ndcg@20 : 0.167    ndcg@30 : 0.183    ndcg@50 : 0.206    precision@1 : 0.0846    precision@2 : 0.0781    precision@3 : 0.0715    precision@4 : 0.0662    precision@5 : 0.0621    precision@10 : 0.0483    precision@20 : 0.0356    precision@30 : 0.0291    precision@50 : 0.0222    map@1 : 0.0846    map@2 : 0.0794    map@3 : 0.0803    map@4 : 0.0822    map@5 : 0.0851    map@10 : 0.0951    map@20 : 0.1036    map@30 : 0.1078    map@50 : 0.1122
Sun 15 Mar 2026 22:36:30 INFO  Saving current: saved/SCL-Mar-15-2026_22-36-23.pth
Sun 15 Mar 2026 22:36:30 INFO  Saving current best: saved/SCL-Mar-15-2026_22-36-23.pth
Sun 15 Mar 2026 22:36:30 INFO  Running E-step ! 
Sun 15 Mar 2026 22:36:30 INFO  epoch 16 training [time: 0.17s, train_loss1: 5.5017, train_loss2: 0.0106, train_loss3: 0.0106]
Sun 15 Mar 2026 22:36:30 INFO  epoch 16 evaluating [time: 0.15s, valid_score: 0.168200]
Sun 15 Mar 2026 22:36:30 INFO  valid result: 
recall@1 : 0.0502    recall@2 : 0.0907    recall@3 : 0.1267    recall@4 : 0.1464    recall@5 : 0.1724    recall@10 : 0.25    recall@20 : 0.3529    recall@30 : 0.4245    recall@50 : 0.5259    ndcg@1 : 0.1013    ndcg@2 : 0.1118    ndcg@3 : 0.1241    ndcg@4 : 0.1304    ndcg@5 : 0.1398    ndcg@10 : 0.1682    ndcg@20 : 0.1995    ndcg@30 : 0.2184    ndcg@50 : 0.242    precision@1 : 0.1013    precision@2 : 0.0945    precision@3 : 0.0888    precision@4 : 0.0806    precision@5 : 0.0753    precision@10 : 0.0573    precision@20 : 0.0414    precision@30 : 0.0336    precision@50 : 0.0251    map@1 : 0.1013    map@2 : 0.0955    map@3 : 0.0981    map@4 : 0.0992    map@5 : 0.103    map@10 : 0.1149    map@20 : 0.125    map@30 : 0.1301    map@50 : 0.1349
Sun 15 Mar 2026 22:36:30 INFO  Saving current: saved/SCL-Mar-15-2026_22-36-23.pth
Sun 15 Mar 2026 22:36:30 INFO  Saving current best: saved/SCL-Mar-15-2026_22-36-23.pth
Sun 15 Mar 2026 22:36:30 INFO  Running E-step ! 
Sun 15 Mar 2026 22:36:30 INFO  epoch 17 training [time: 0.17s, train_loss1: 5.4849, train_loss2: 0.0141, train_loss3: 0.0106]
Sun 15 Mar 2026 22:36:30 INFO  epoch 17 evaluating [time: 0.15s, valid_score: 0.206000]
Sun 15 Mar 2026 22:36:30 INFO  valid result: 
recall@1 : 0.0613    recall@2 : 0.1131    recall@3 : 0.1534    recall@4 : 0.1842    recall@5 : 0.2144    recall@10 : 0.3109    recall@20 : 0.4259    recall@30 : 0.5084    recall@50 : 0.6043    ndcg@1 : 0.1216    ndcg@2 : 0.136    ndcg@3 : 0.1495    ndcg@4 : 0.1599    ndcg@5 : 0.1711    ndcg@10 : 0.206    ndcg@20 : 0.2409    ndcg@30 : 0.2625    ndcg@50 : 0.2849    precision@1 : 0.1216    precision@2 : 0.1135    precision@3 : 0.1057    precision@4 : 0.0968    precision@5 : 0.0905    precision@10 : 0.0682    precision@20 : 0.0482    precision@30 : 0.0387    precision@50 : 0.0279    map@1 : 0.1216    map@2 : 0.1168    map@3 : 0.1189    map@4 : 0.1219    map@5 : 0.1269    map@10 : 0.1418    map@20 : 0.1538    map@30 : 0.1597    map@50 : 0.1645
Sun 15 Mar 2026 22:36:30 INFO  Saving current: saved/SCL-Mar-15-2026_22-36-23.pth
Sun 15 Mar 2026 22:36:30 INFO  Saving current best: saved/SCL-Mar-15-2026_22-36-23.pth
Sun 15 Mar 2026 22:36:30 INFO  Running E-step ! 
Sun 15 Mar 2026 22:36:31 INFO  epoch 18 training [time: 0.17s, train_loss1: 5.4570, train_loss2: 0.0194, train_loss3: 0.0106]
Sun 15 Mar 2026 22:36:31 INFO  epoch 18 evaluating [time: 0.15s, valid_score: 0.250900]
Sun 15 Mar 2026 22:36:31 INFO  valid result: 
recall@1 : 0.0807    recall@2 : 0.1431    recall@3 : 0.188    recall@4 : 0.2206    recall@5 : 0.2578    recall@10 : 0.3852    recall@20 : 0.5127    recall@30 : 0.5851    recall@50 : 0.6735    ndcg@1 : 0.1472    ndcg@2 : 0.1657    ndcg@3 : 0.18    ndcg@4 : 0.1912    ndcg@5 : 0.2056    ndcg@10 : 0.2509    ndcg@20 : 0.2898    ndcg@30 : 0.3091    ndcg@50 : 0.3298    precision@1 : 0.1472    precision@2 : 0.1335    precision@3 : 0.1202    precision@4 : 0.1088    precision@5 : 0.1033    precision@10 : 0.0788    precision@20 : 0.0546    precision@30 : 0.0426    precision@50 : 0.03    map@1 : 0.1472    map@2 : 0.1436    map@3 : 0.1461    map@4 : 0.1499    map@5 : 0.1565    map@10 : 0.1761    map@20 : 0.1895    map@30 : 0.195    map@50 : 0.1995
Sun 15 Mar 2026 22:36:31 INFO  Saving current: saved/SCL-Mar-15-2026_22-36-23.pth
Sun 15 Mar 2026 22:36:31 INFO  Saving current best: saved/SCL-Mar-15-2026_22-36-23.pth
Sun 15 Mar 2026 22:36:31 INFO  Running E-step ! 
Sun 15 Mar 2026 22:36:31 INFO  epoch 19 training [time: 0.17s, train_loss1: 5.4013, train_loss2: 0.0272, train_loss3: 0.0106]
Sun 15 Mar 2026 22:36:31 INFO  epoch 19 evaluating [time: 0.15s, valid_score: 0.287300]
Sun 15 Mar 2026 22:36:31 INFO  valid result: 
recall@1 : 0.1086    recall@2 : 0.1723    recall@3 : 0.2209    recall@4 : 0.2638    recall@5 : 0.2924    recall@10 : 0.4354    recall@20 : 0.5807    recall@30 : 0.6465    recall@50 : 0.7246    ndcg@1 : 0.1853    ndcg@2 : 0.197    ndcg@3 : 0.2123    ndcg@4 : 0.2271    ndcg@5 : 0.2369    ndcg@10 : 0.2873    ndcg@20 : 0.3319    ndcg@30 : 0.3494    ndcg@50 : 0.3682    precision@1 : 0.1853    precision@2 : 0.1493    precision@3 : 0.1317    precision@4 : 0.1189    precision@5 : 0.1069    precision@10 : 0.0825    precision@20 : 0.0586    precision@30 : 0.0448    precision@50 : 0.0311    map@1 : 0.1853    map@2 : 0.1746    map@3 : 0.1771    map@4 : 0.1821    map@5 : 0.1857    map@10 : 0.2063    map@20 : 0.2222    map@30 : 0.2272    map@50 : 0.2317
Sun 15 Mar 2026 22:36:31 INFO  Saving current: saved/SCL-Mar-15-2026_22-36-23.pth
Sun 15 Mar 2026 22:36:31 INFO  Saving current best: saved/SCL-Mar-15-2026_22-36-23.pth
Sun 15 Mar 2026 22:36:31 INFO  Running E-step ! 
Sun 15 Mar 2026 22:36:31 INFO  epoch 20 training [time: 0.18s, train_loss1: 5.2827, train_loss2: 0.0331, train_loss3: 0.0106, train_loss4: 0.0000]
Sun 15 Mar 2026 22:36:31 INFO  epoch 20 evaluating [time: 0.15s, valid_score: 0.301400]
Sun 15 Mar 2026 22:36:31 INFO  valid result: 
recall@1 : 0.1145    recall@2 : 0.1962    recall@3 : 0.2459    recall@4 : 0.2865    recall@5 : 0.3172    recall@10 : 0.453    recall@20 : 0.6083    recall@30 : 0.6654    recall@50 : 0.7415    ndcg@1 : 0.1889    ndcg@2 : 0.2137    ndcg@3 : 0.2296    ndcg@4 : 0.2432    ndcg@5 : 0.2537    ndcg@10 : 0.3014    ndcg@20 : 0.3485    ndcg@30 : 0.3641    ndcg@50 : 0.3827    precision@1 : 0.1889    precision@2 : 0.1612    precision@3 : 0.1395    precision@4 : 0.1238    precision@5 : 0.1106    precision@10 : 0.0822    precision@20 : 0.0591    precision@30 : 0.0449    precision@50 : 0.0312    map@1 : 0.1889    map@2 : 0.1883    map@3 : 0.1917    map@4 : 0.1958    map@5 : 0.1997    map@10 : 0.2192    map@20 : 0.2355    map@30 : 0.2401    map@50 : 0.2445
Sun 15 Mar 2026 22:36:31 INFO  Saving current: saved/SCL-Mar-15-2026_22-36-23.pth
Sun 15 Mar 2026 22:36:31 INFO  Saving current best: saved/SCL-Mar-15-2026_22-36-23.pth
Sun 15 Mar 2026 22:36:31 INFO  Running E-step ! 
Sun 15 Mar 2026 22:36:32 INFO  epoch 21 training [time: 0.18s, train_loss1: 5.0760, train_loss2: 0.0357, train_loss3: 0.0106, train_loss4: 0.0000]
Sun 15 Mar 2026 22:36:32 INFO  epoch 21 evaluating [time: 0.15s, valid_score: 0.308300]
Sun 15 Mar 2026 22:36:32 INFO  valid result: 
recall@1 : 0.114    recall@2 : 0.1998    recall@3 : 0.2588    recall@4 : 0.2985    recall@5 : 0.341    recall@10 : 0.4656    recall@20 : 0.6072    recall@30 : 0.681    recall@50 : 0.7545    ndcg@1 : 0.1895    ndcg@2 : 0.2148    ndcg@3 : 0.2355    ndcg@4 : 0.2488    ndcg@5 : 0.2646    ndcg@10 : 0.3083    ndcg@20 : 0.3511    ndcg@30 : 0.3708    ndcg@50 : 0.3888    precision@1 : 0.1895    precision@2 : 0.1612    precision@3 : 0.142    precision@4 : 0.1254    precision@5 : 0.116    precision@10 : 0.0831    precision@20 : 0.058    precision@30 : 0.0449    precision@50 : 0.0312    map@1 : 0.1895    map@2 : 0.1897    map@3 : 0.1955    map@4 : 0.1997    map@5 : 0.2064    map@10 : 0.2244    map@20 : 0.2388    map@30 : 0.2442    map@50 : 0.2484
Sun 15 Mar 2026 22:36:32 INFO  Saving current: saved/SCL-Mar-15-2026_22-36-23.pth
Sun 15 Mar 2026 22:36:32 INFO  Saving current best: saved/SCL-Mar-15-2026_22-36-23.pth
Sun 15 Mar 2026 22:36:32 INFO  Running E-step ! 
Sun 15 Mar 2026 22:36:32 INFO  epoch 22 training [time: 0.16s, train_loss1: 4.7834, train_loss2: 0.0366, train_loss3: 0.0106, train_loss4: 0.0000]
Sun 15 Mar 2026 22:36:32 INFO  epoch 22 evaluating [time: 0.14s, valid_score: 0.309500]
Sun 15 Mar 2026 22:36:32 INFO  valid result: 
recall@1 : 0.1109    recall@2 : 0.2034    recall@3 : 0.268    recall@4 : 0.3056    recall@5 : 0.3404    recall@10 : 0.4688    recall@20 : 0.6026    recall@30 : 0.6838    recall@50 : 0.751    ndcg@1 : 0.1859    ndcg@2 : 0.2162    ndcg@3 : 0.2391    ndcg@4 : 0.2515    ndcg@5 : 0.2643    ndcg@10 : 0.3095    ndcg@20 : 0.3497    ndcg@30 : 0.3711    ndcg@50 : 0.3878    precision@1 : 0.1859    precision@2 : 0.1633    precision@3 : 0.1444    precision@4 : 0.1268    precision@5 : 0.1154    precision@10 : 0.0831    precision@20 : 0.0572    precision@30 : 0.0447    precision@50 : 0.0308    map@1 : 0.1859    map@2 : 0.19    map@3 : 0.1975    map@4 : 0.201    map@5 : 0.2063    map@10 : 0.2249    map@20 : 0.2383    map@30 : 0.244    map@50 : 0.2479
Sun 15 Mar 2026 22:36:32 INFO  Saving current: saved/SCL-Mar-15-2026_22-36-23.pth
Sun 15 Mar 2026 22:36:32 INFO  Saving current best: saved/SCL-Mar-15-2026_22-36-23.pth
Sun 15 Mar 2026 22:36:32 INFO  Running E-step ! 
Sun 15 Mar 2026 22:36:32 INFO  epoch 23 training [time: 0.18s, train_loss1: 4.4372, train_loss2: 0.0371, train_loss3: 0.0107, train_loss4: 0.0000]
Sun 15 Mar 2026 22:36:32 INFO  epoch 23 evaluating [time: 0.15s, valid_score: 0.310200]
Sun 15 Mar 2026 22:36:32 INFO  valid result: 
recall@1 : 0.1132    recall@2 : 0.2005    recall@3 : 0.2669    recall@4 : 0.3048    recall@5 : 0.3426    recall@10 : 0.4709    recall@20 : 0.5971    recall@30 : 0.6839    recall@50 : 0.7541    ndcg@1 : 0.1883    ndcg@2 : 0.2149    ndcg@3 : 0.2386    ndcg@4 : 0.2515    ndcg@5 : 0.2655    ndcg@10 : 0.3102    ndcg@20 : 0.3483    ndcg@30 : 0.371    ndcg@50 : 0.3883    precision@1 : 0.1883    precision@2 : 0.1618    precision@3 : 0.1432    precision@4 : 0.1263    precision@5 : 0.1157    precision@10 : 0.0828    precision@20 : 0.0564    precision@30 : 0.0444    precision@50 : 0.0308    map@1 : 0.1883    map@2 : 0.1892    map@3 : 0.1974    map@4 : 0.2011    map@5 : 0.2072    map@10 : 0.2255    map@20 : 0.238    map@30 : 0.2441    map@50 : 0.248
Sun 15 Mar 2026 22:36:33 INFO  Saving current: saved/SCL-Mar-15-2026_22-36-23.pth
Sun 15 Mar 2026 22:36:33 INFO  Saving current best: saved/SCL-Mar-15-2026_22-36-23.pth
Sun 15 Mar 2026 22:36:33 INFO  Running E-step ! 
Sun 15 Mar 2026 22:36:33 INFO  epoch 24 training [time: 0.18s, train_loss1: 4.0937, train_loss2: 0.0374, train_loss3: 0.0107, train_loss4: 0.0000]
Sun 15 Mar 2026 22:36:33 INFO  epoch 24 evaluating [time: 0.15s, valid_score: 0.311500]
Sun 15 Mar 2026 22:36:33 INFO  valid result: 
recall@1 : 0.1165    recall@2 : 0.2003    recall@3 : 0.264    recall@4 : 0.3054    recall@5 : 0.3407    recall@10 : 0.4727    recall@20 : 0.5961    recall@30 : 0.6803    recall@50 : 0.7557    ndcg@1 : 0.1913    ndcg@2 : 0.2161    ndcg@3 : 0.2379    ndcg@4 : 0.2527    ndcg@5 : 0.2655    ndcg@10 : 0.3115    ndcg@20 : 0.3486    ndcg@30 : 0.3708    ndcg@50 : 0.3892    precision@1 : 0.1913    precision@2 : 0.1621    precision@3 : 0.1414    precision@4 : 0.1266    precision@5 : 0.1149    precision@10 : 0.0829    precision@20 : 0.056    precision@30 : 0.0442    precision@50 : 0.0307    map@1 : 0.1913    map@2 : 0.1907    map@3 : 0.198    map@4 : 0.2027    map@5 : 0.208    map@10 : 0.2269    map@20 : 0.239    map@30 : 0.245    map@50 : 0.2491
Sun 15 Mar 2026 22:36:33 INFO  Saving current: saved/SCL-Mar-15-2026_22-36-23.pth
Sun 15 Mar 2026 22:36:33 INFO  Saving current best: saved/SCL-Mar-15-2026_22-36-23.pth
Sun 15 Mar 2026 22:36:33 INFO  Running E-step ! 
Sun 15 Mar 2026 22:36:33 INFO  epoch 25 training [time: 0.19s, train_loss1: 3.8083, train_loss2: 0.0377, train_loss3: 0.0107, train_loss4: 0.0000]
Sun 15 Mar 2026 22:36:33 INFO  epoch 25 evaluating [time: 0.15s, valid_score: 0.312200]
Sun 15 Mar 2026 22:36:33 INFO  valid result: 
recall@1 : 0.1192    recall@2 : 0.1995    recall@3 : 0.2638    recall@4 : 0.3047    recall@5 : 0.3414    recall@10 : 0.4723    recall@20 : 0.5939    recall@30 : 0.676    recall@50 : 0.7618    ndcg@1 : 0.1931    ndcg@2 : 0.2158    ndcg@3 : 0.2385    ndcg@4 : 0.2531    ndcg@5 : 0.2665    ndcg@10 : 0.3122    ndcg@20 : 0.3484    ndcg@30 : 0.3704    ndcg@50 : 0.3908    precision@1 : 0.1931    precision@2 : 0.1606    precision@3 : 0.1412    precision@4 : 0.1263    precision@5 : 0.1149    precision@10 : 0.0829    precision@20 : 0.0555    precision@30 : 0.0439    precision@50 : 0.0308    map@1 : 0.1931    map@2 : 0.1909    map@3 : 0.199    map@4 : 0.2037    map@5 : 0.2093    map@10 : 0.228    map@20 : 0.2398    map@30 : 0.2458    map@50 : 0.2501
Sun 15 Mar 2026 22:36:33 INFO  Saving current: saved/SCL-Mar-15-2026_22-36-23.pth
Sun 15 Mar 2026 22:36:33 INFO  Saving current best: saved/SCL-Mar-15-2026_22-36-23.pth
Sun 15 Mar 2026 22:36:33 INFO  Running E-step ! 
Sun 15 Mar 2026 22:36:33 INFO  epoch 26 training [time: 0.20s, train_loss1: 3.5952, train_loss2: 0.0380, train_loss3: 0.0108, train_loss4: 0.0000]
Sun 15 Mar 2026 22:36:34 INFO  epoch 26 evaluating [time: 0.15s, valid_score: 0.312600]
Sun 15 Mar 2026 22:36:34 INFO  valid result: 
recall@1 : 0.1204    recall@2 : 0.2006    recall@3 : 0.2637    recall@4 : 0.3031    recall@5 : 0.3418    recall@10 : 0.4723    recall@20 : 0.5924    recall@30 : 0.6727    recall@50 : 0.7676    ndcg@1 : 0.1931    ndcg@2 : 0.2171    ndcg@3 : 0.2387    ndcg@4 : 0.2529    ndcg@5 : 0.2671    ndcg@10 : 0.3126    ndcg@20 : 0.3483    ndcg@30 : 0.3699    ndcg@50 : 0.3921    precision@1 : 0.1931    precision@2 : 0.1618    precision@3 : 0.1408    precision@4 : 0.126    precision@5 : 0.1151    precision@10 : 0.0829    precision@20 : 0.0552    precision@30 : 0.0436    precision@50 : 0.0309    map@1 : 0.1931    map@2 : 0.192    map@3 : 0.1996    map@4 : 0.2041    map@5 : 0.2101    map@10 : 0.2286    map@20 : 0.2402    map@30 : 0.2461    map@50 : 0.2508
Sun 15 Mar 2026 22:36:34 INFO  Saving current: saved/SCL-Mar-15-2026_22-36-23.pth
Sun 15 Mar 2026 22:36:34 INFO  Saving current best: saved/SCL-Mar-15-2026_22-36-23.pth
Sun 15 Mar 2026 22:36:34 INFO  Running E-step ! 
Sun 15 Mar 2026 22:36:34 INFO  epoch 27 training [time: 0.19s, train_loss1: 3.4240, train_loss2: 0.0382, train_loss3: 0.0108, train_loss4: 0.0000]
Sun 15 Mar 2026 22:36:34 INFO  epoch 27 evaluating [time: 0.15s, valid_score: 0.312800]
Sun 15 Mar 2026 22:36:34 INFO  valid result: 
recall@1 : 0.121    recall@2 : 0.2005    recall@3 : 0.264    recall@4 : 0.3035    recall@5 : 0.3418    recall@10 : 0.4722    recall@20 : 0.5915    recall@30 : 0.6727    recall@50 : 0.7671    ndcg@1 : 0.1937    ndcg@2 : 0.2171    ndcg@3 : 0.2391    ndcg@4 : 0.2534    ndcg@5 : 0.2674    ndcg@10 : 0.3128    ndcg@20 : 0.3482    ndcg@30 : 0.3701    ndcg@50 : 0.3922    precision@1 : 0.1937    precision@2 : 0.1615    precision@3 : 0.141    precision@4 : 0.1262    precision@5 : 0.1151    precision@10 : 0.0828    precision@20 : 0.0551    precision@30 : 0.0436    precision@50 : 0.0309    map@1 : 0.1937    map@2 : 0.1922    map@3 : 0.1999    map@4 : 0.2045    map@5 : 0.2104    map@10 : 0.2289    map@20 : 0.2404    map@30 : 0.2463    map@50 : 0.251
Sun 15 Mar 2026 22:36:34 INFO  Saving current: saved/SCL-Mar-15-2026_22-36-23.pth
Sun 15 Mar 2026 22:36:34 INFO  Saving current best: saved/SCL-Mar-15-2026_22-36-23.pth
Sun 15 Mar 2026 22:36:34 INFO  Running E-step ! 
Sun 15 Mar 2026 22:36:34 INFO  epoch 28 training [time: 0.18s, train_loss1: 3.3134, train_loss2: 0.0384, train_loss3: 0.0108, train_loss4: 0.0000]
Sun 15 Mar 2026 22:36:34 INFO  epoch 28 evaluating [time: 0.15s, valid_score: 0.313100]
Sun 15 Mar 2026 22:36:34 INFO  valid result: 
recall@1 : 0.1222    recall@2 : 0.1999    recall@3 : 0.2642    recall@4 : 0.3039    recall@5 : 0.3418    recall@10 : 0.4721    recall@20 : 0.5914    recall@30 : 0.6721    recall@50 : 0.7676    ndcg@1 : 0.1949    ndcg@2 : 0.2169    ndcg@3 : 0.2396    ndcg@4 : 0.2539    ndcg@5 : 0.2677    ndcg@10 : 0.3131    ndcg@20 : 0.3485    ndcg@30 : 0.3702    ndcg@50 : 0.3927    precision@1 : 0.1949    precision@2 : 0.1606    precision@3 : 0.1412    precision@4 : 0.1265    precision@5 : 0.1151    precision@10 : 0.0827    precision@20 : 0.055    precision@30 : 0.0435    precision@50 : 0.0309    map@1 : 0.1949    map@2 : 0.1922    map@3 : 0.2002    map@4 : 0.2052    map@5 : 0.2109    map@10 : 0.2294    map@20 : 0.2408    map@30 : 0.2468    map@50 : 0.2515
Sun 15 Mar 2026 22:36:34 INFO  Saving current: saved/SCL-Mar-15-2026_22-36-23.pth
Sun 15 Mar 2026 22:36:34 INFO  Saving current best: saved/SCL-Mar-15-2026_22-36-23.pth
Sun 15 Mar 2026 22:36:34 INFO  Running E-step ! 
Sun 15 Mar 2026 22:36:34 INFO  epoch 29 training [time: 0.18s, train_loss1: 3.2632, train_loss2: 0.0386, train_loss3: 0.0108, train_loss4: 0.0000]
Sun 15 Mar 2026 22:36:35 INFO  epoch 29 evaluating [time: 0.15s, valid_score: 0.313200]
Sun 15 Mar 2026 22:36:35 INFO  valid result: 
recall@1 : 0.1223    recall@2 : 0.2002    recall@3 : 0.2639    recall@4 : 0.3051    recall@5 : 0.343    recall@10 : 0.4718    recall@20 : 0.591    recall@30 : 0.6716    recall@50 : 0.7677    ndcg@1 : 0.1955    ndcg@2 : 0.2175    ndcg@3 : 0.2395    ndcg@4 : 0.2546    ndcg@5 : 0.2684    ndcg@10 : 0.3132    ndcg@20 : 0.3486    ndcg@30 : 0.3703    ndcg@50 : 0.3929    precision@1 : 0.1955    precision@2 : 0.1612    precision@3 : 0.141    precision@4 : 0.1268    precision@5 : 0.1154    precision@10 : 0.0828    precision@20 : 0.055    precision@30 : 0.0435    precision@50 : 0.0309    map@1 : 0.1955    map@2 : 0.1926    map@3 : 0.2003    map@4 : 0.2056    map@5 : 0.2113    map@10 : 0.2296    map@20 : 0.241    map@30 : 0.2469    map@50 : 0.2517
Sun 15 Mar 2026 22:36:35 INFO  Saving current: saved/SCL-Mar-15-2026_22-36-23.pth
Sun 15 Mar 2026 22:36:35 INFO  Saving current best: saved/SCL-Mar-15-2026_22-36-23.pth
Sun 15 Mar 2026 22:36:35 INFO  Running E-step ! 
Sun 15 Mar 2026 22:36:35 INFO  epoch 30 training [time: 0.19s, train_loss1: 3.2000, train_loss2: 0.0387, train_loss3: 0.0108, train_loss4: 0.0000]
Sun 15 Mar 2026 22:36:35 INFO  epoch 30 evaluating [time: 0.15s, valid_score: 0.312900]
Sun 15 Mar 2026 22:36:35 INFO  valid result: 
recall@1 : 0.1223    recall@2 : 0.1993    recall@3 : 0.2642    recall@4 : 0.3053    recall@5 : 0.3439    recall@10 : 0.4711    recall@20 : 0.5908    recall@30 : 0.6718    recall@50 : 0.7672    ndcg@1 : 0.1955    ndcg@2 : 0.2169    ndcg@3 : 0.2396    ndcg@4 : 0.2546    ndcg@5 : 0.2686    ndcg@10 : 0.3129    ndcg@20 : 0.3485    ndcg@30 : 0.3703    ndcg@50 : 0.3928    precision@1 : 0.1955    precision@2 : 0.1606    precision@3 : 0.1412    precision@4 : 0.1269    precision@5 : 0.1155    precision@10 : 0.0827    precision@20 : 0.055    precision@30 : 0.0436    precision@50 : 0.0309    map@1 : 0.1955    map@2 : 0.1922    map@3 : 0.2003    map@4 : 0.2055    map@5 : 0.2113    map@10 : 0.2294    map@20 : 0.2409    map@30 : 0.2468    map@50 : 0.2517
Sun 15 Mar 2026 22:36:35 INFO  Running E-step ! 
Sun 15 Mar 2026 22:36:35 INFO  epoch 31 training [time: 0.19s, train_loss1: 3.1882, train_loss2: 0.0388, train_loss3: 0.0108, train_loss4: 0.0000]
Sun 15 Mar 2026 22:36:35 INFO  epoch 31 evaluating [time: 0.15s, valid_score: 0.313300]
Sun 15 Mar 2026 22:36:35 INFO  valid result: 
recall@1 : 0.1232    recall@2 : 0.1993    recall@3 : 0.2642    recall@4 : 0.3053    recall@5 : 0.3445    recall@10 : 0.4711    recall@20 : 0.5919    recall@30 : 0.6727    recall@50 : 0.7675    ndcg@1 : 0.1967    ndcg@2 : 0.2172    ndcg@3 : 0.2399    ndcg@4 : 0.255    ndcg@5 : 0.2692    ndcg@10 : 0.3133    ndcg@20 : 0.3492    ndcg@30 : 0.3709    ndcg@50 : 0.3932    precision@1 : 0.1967    precision@2 : 0.1606    precision@3 : 0.1412    precision@4 : 0.1269    precision@5 : 0.1156    precision@10 : 0.0827    precision@20 : 0.0552    precision@30 : 0.0436    precision@50 : 0.0309    map@1 : 0.1967    map@2 : 0.1926    map@3 : 0.2007    map@4 : 0.206    map@5 : 0.2119    map@10 : 0.2299    map@20 : 0.2415    map@30 : 0.2474    map@50 : 0.2521
Sun 15 Mar 2026 22:36:35 INFO  Saving current: saved/SCL-Mar-15-2026_22-36-23.pth
Sun 15 Mar 2026 22:36:35 INFO  Saving current best: saved/SCL-Mar-15-2026_22-36-23.pth
Sun 15 Mar 2026 22:36:35 INFO  Running E-step ! 
Sun 15 Mar 2026 22:36:36 INFO  epoch 32 training [time: 0.17s, train_loss1: 3.1953, train_loss2: 0.0390, train_loss3: 0.0108, train_loss4: 0.0000]
Sun 15 Mar 2026 22:36:36 INFO  epoch 32 evaluating [time: 0.14s, valid_score: 0.313400]
Sun 15 Mar 2026 22:36:36 INFO  valid result: 
recall@1 : 0.1232    recall@2 : 0.1993    recall@3 : 0.264    recall@4 : 0.3043    recall@5 : 0.3445    recall@10 : 0.4714    recall@20 : 0.5928    recall@30 : 0.6731    recall@50 : 0.7668    ndcg@1 : 0.1967    ndcg@2 : 0.2172    ndcg@3 : 0.2398    ndcg@4 : 0.2546    ndcg@5 : 0.269    ndcg@10 : 0.3134    ndcg@20 : 0.3494    ndcg@30 : 0.3709    ndcg@50 : 0.393    precision@1 : 0.1967    precision@2 : 0.1606    precision@3 : 0.141    precision@4 : 0.1268    precision@5 : 0.1155    precision@10 : 0.0828    precision@20 : 0.0553    precision@30 : 0.0436    precision@50 : 0.0309    map@1 : 0.1967    map@2 : 0.1926    map@3 : 0.2007    map@4 : 0.2057    map@5 : 0.2118    map@10 : 0.2299    map@20 : 0.2415    map@30 : 0.2473    map@50 : 0.2521
Sun 15 Mar 2026 22:36:36 INFO  Saving current: saved/SCL-Mar-15-2026_22-36-23.pth
Sun 15 Mar 2026 22:36:36 INFO  Saving current best: saved/SCL-Mar-15-2026_22-36-23.pth
Sun 15 Mar 2026 22:36:36 INFO  Running E-step ! 
Sun 15 Mar 2026 22:36:36 INFO  epoch 33 training [time: 0.19s, train_loss1: 3.1641, train_loss2: 0.0391, train_loss3: 0.0108, train_loss4: 0.0000]
Sun 15 Mar 2026 22:36:36 INFO  epoch 33 evaluating [time: 0.15s, valid_score: 0.313300]
Sun 15 Mar 2026 22:36:36 INFO  valid result: 
recall@1 : 0.1232    recall@2 : 0.1993    recall@3 : 0.2645    recall@4 : 0.3041    recall@5 : 0.3439    recall@10 : 0.4713    recall@20 : 0.5928    recall@30 : 0.6725    recall@50 : 0.7667    ndcg@1 : 0.1967    ndcg@2 : 0.2172    ndcg@3 : 0.2403    ndcg@4 : 0.2544    ndcg@5 : 0.2688    ndcg@10 : 0.3133    ndcg@20 : 0.3496    ndcg@30 : 0.3708    ndcg@50 : 0.393    precision@1 : 0.1967    precision@2 : 0.1606    precision@3 : 0.1416    precision@4 : 0.1265    precision@5 : 0.1154    precision@10 : 0.0827    precision@20 : 0.0555    precision@30 : 0.0436    precision@50 : 0.0309    map@1 : 0.1967    map@2 : 0.1926    map@3 : 0.201    map@4 : 0.2056    map@5 : 0.2117    map@10 : 0.2299    map@20 : 0.2416    map@30 : 0.2474    map@50 : 0.2521
Sun 15 Mar 2026 22:36:36 INFO  Running E-step ! 
Sun 15 Mar 2026 22:36:36 INFO  epoch 34 training [time: 0.19s, train_loss1: 3.1462, train_loss2: 0.0392, train_loss3: 0.0108, train_loss4: 0.0000]
Sun 15 Mar 2026 22:36:36 INFO  epoch 34 evaluating [time: 0.15s, valid_score: 0.313200]
Sun 15 Mar 2026 22:36:36 INFO  valid result: 
recall@1 : 0.1229    recall@2 : 0.1993    recall@3 : 0.2645    recall@4 : 0.3041    recall@5 : 0.3442    recall@10 : 0.4713    recall@20 : 0.593    recall@30 : 0.6737    recall@50 : 0.7674    ndcg@1 : 0.1961    ndcg@2 : 0.2171    ndcg@3 : 0.2401    ndcg@4 : 0.2543    ndcg@5 : 0.2689    ndcg@10 : 0.3132    ndcg@20 : 0.3495    ndcg@30 : 0.3711    ndcg@50 : 0.3932    precision@1 : 0.1961    precision@2 : 0.1606    precision@3 : 0.1416    precision@4 : 0.1265    precision@5 : 0.1156    precision@10 : 0.0828    precision@20 : 0.0555    precision@30 : 0.0437    precision@50 : 0.031    map@1 : 0.1961    map@2 : 0.1925    map@3 : 0.2009    map@4 : 0.2054    map@5 : 0.2117    map@10 : 0.2297    map@20 : 0.2415    map@30 : 0.2473    map@50 : 0.2521
Sun 15 Mar 2026 22:36:36 INFO  Running E-step ! 
Sun 15 Mar 2026 22:36:37 INFO  epoch 35 training [time: 0.19s, train_loss1: 3.1193, train_loss2: 0.0393, train_loss3: 0.0108, train_loss4: 0.0000]
Sun 15 Mar 2026 22:36:37 INFO  epoch 35 evaluating [time: 0.15s, valid_score: 0.313400]
Sun 15 Mar 2026 22:36:37 INFO  valid result: 
recall@1 : 0.1229    recall@2 : 0.1993    recall@3 : 0.2642    recall@4 : 0.3041    recall@5 : 0.3434    recall@10 : 0.472    recall@20 : 0.593    recall@30 : 0.6756    recall@50 : 0.767    ndcg@1 : 0.1961    ndcg@2 : 0.2171    ndcg@3 : 0.24    ndcg@4 : 0.2544    ndcg@5 : 0.2686    ndcg@10 : 0.3134    ndcg@20 : 0.3496    ndcg@30 : 0.3716    ndcg@50 : 0.3931    precision@1 : 0.1961    precision@2 : 0.1606    precision@3 : 0.1414    precision@4 : 0.1266    precision@5 : 0.1154    precision@10 : 0.0828    precision@20 : 0.0556    precision@30 : 0.0439    precision@50 : 0.031    map@1 : 0.1961    map@2 : 0.1925    map@3 : 0.2008    map@4 : 0.2055    map@5 : 0.2114    map@10 : 0.2297    map@20 : 0.2416    map@30 : 0.2475    map@50 : 0.2521
Sun 15 Mar 2026 22:36:37 INFO  Saving current: saved/SCL-Mar-15-2026_22-36-23.pth
Sun 15 Mar 2026 22:36:37 INFO  Saving current best: saved/SCL-Mar-15-2026_22-36-23.pth
Sun 15 Mar 2026 22:36:37 INFO  Running E-step ! 
Sun 15 Mar 2026 22:36:37 INFO  epoch 36 training [time: 0.19s, train_loss1: 3.1190, train_loss2: 0.0394, train_loss3: 0.0108, train_loss4: 0.0000]
Sun 15 Mar 2026 22:36:37 INFO  epoch 36 evaluating [time: 0.15s, valid_score: 0.313800]
Sun 15 Mar 2026 22:36:37 INFO  valid result: 
recall@1 : 0.1231    recall@2 : 0.1996    recall@3 : 0.2642    recall@4 : 0.3043    recall@5 : 0.3434    recall@10 : 0.4725    recall@20 : 0.5951    recall@30 : 0.6761    recall@50 : 0.7662    ndcg@1 : 0.1973    ndcg@2 : 0.2176    ndcg@3 : 0.2402    ndcg@4 : 0.2546    ndcg@5 : 0.2687    ndcg@10 : 0.3138    ndcg@20 : 0.3504    ndcg@30 : 0.3719    ndcg@50 : 0.3931    precision@1 : 0.1973    precision@2 : 0.1609    precision@3 : 0.1414    precision@4 : 0.1265    precision@5 : 0.1153    precision@10 : 0.083    precision@20 : 0.0558    precision@30 : 0.0439    precision@50 : 0.031    map@1 : 0.1973    map@2 : 0.1929    map@3 : 0.201    map@4 : 0.2057    map@5 : 0.2116    map@10 : 0.23    map@20 : 0.2419    map@30 : 0.2477    map@50 : 0.2523
Sun 15 Mar 2026 22:36:37 INFO  Saving current: saved/SCL-Mar-15-2026_22-36-23.pth
Sun 15 Mar 2026 22:36:37 INFO  Saving current best: saved/SCL-Mar-15-2026_22-36-23.pth
Sun 15 Mar 2026 22:36:37 INFO  Running E-step ! 
Sun 15 Mar 2026 22:36:37 INFO  epoch 37 training [time: 0.19s, train_loss1: 3.1616, train_loss2: 0.0395, train_loss3: 0.0108, train_loss4: 0.0000]
Sun 15 Mar 2026 22:36:37 INFO  epoch 37 evaluating [time: 0.15s, valid_score: 0.313700]
Sun 15 Mar 2026 22:36:37 INFO  valid result: 
recall@1 : 0.1231    recall@2 : 0.199    recall@3 : 0.2639    recall@4 : 0.3061    recall@5 : 0.344    recall@10 : 0.4725    recall@20 : 0.5945    recall@30 : 0.6773    recall@50 : 0.7657    ndcg@1 : 0.1973    ndcg@2 : 0.2172    ndcg@3 : 0.2401    ndcg@4 : 0.2553    ndcg@5 : 0.2689    ndcg@10 : 0.3137    ndcg@20 : 0.3502    ndcg@30 : 0.3723    ndcg@50 : 0.3931    precision@1 : 0.1973    precision@2 : 0.1606    precision@3 : 0.1414    precision@4 : 0.1269    precision@5 : 0.1154    precision@10 : 0.0829    precision@20 : 0.0558    precision@30 : 0.044    precision@50 : 0.031    map@1 : 0.1973    map@2 : 0.1926    map@3 : 0.2008    map@4 : 0.206    map@5 : 0.2116    map@10 : 0.2299    map@20 : 0.2419    map@30 : 0.2478    map@50 : 0.2523
Sun 15 Mar 2026 22:36:37 INFO  Running E-step ! 
Sun 15 Mar 2026 22:36:38 INFO  epoch 38 training [time: 0.19s, train_loss1: 3.1277, train_loss2: 0.0396, train_loss3: 0.0108, train_loss4: 0.0000]
Sun 15 Mar 2026 22:36:38 INFO  epoch 38 evaluating [time: 0.15s, valid_score: 0.313800]
Sun 15 Mar 2026 22:36:38 INFO  valid result: 
recall@1 : 0.1228    recall@2 : 0.199    recall@3 : 0.2636    recall@4 : 0.3065    recall@5 : 0.3441    recall@10 : 0.4731    recall@20 : 0.596    recall@30 : 0.6767    recall@50 : 0.7664    ndcg@1 : 0.1967    ndcg@2 : 0.2171    ndcg@3 : 0.2398    ndcg@4 : 0.2554    ndcg@5 : 0.2689    ndcg@10 : 0.3138    ndcg@20 : 0.3506    ndcg@30 : 0.3721    ndcg@50 : 0.3932    precision@1 : 0.1967    precision@2 : 0.1606    precision@3 : 0.1412    precision@4 : 0.1272    precision@5 : 0.1155    precision@10 : 0.083    precision@20 : 0.056    precision@30 : 0.044    precision@50 : 0.031    map@1 : 0.1967    map@2 : 0.1925    map@3 : 0.2005    map@4 : 0.206    map@5 : 0.2115    map@10 : 0.2299    map@20 : 0.2419    map@30 : 0.2477    map@50 : 0.2523
Sun 15 Mar 2026 22:36:38 INFO  Saving current: saved/SCL-Mar-15-2026_22-36-23.pth
Sun 15 Mar 2026 22:36:38 INFO  Saving current best: saved/SCL-Mar-15-2026_22-36-23.pth
Sun 15 Mar 2026 22:36:38 INFO  Running E-step ! 
Sun 15 Mar 2026 22:36:38 INFO  epoch 39 training [time: 0.18s, train_loss1: 3.1270, train_loss2: 0.0397, train_loss3: 0.0108, train_loss4: 0.0000]
Sun 15 Mar 2026 22:36:38 INFO  epoch 39 evaluating [time: 0.17s, valid_score: 0.313800]
Sun 15 Mar 2026 22:36:38 INFO  valid result: 
recall@1 : 0.1228    recall@2 : 0.1989    recall@3 : 0.2636    recall@4 : 0.3073    recall@5 : 0.3447    recall@10 : 0.4731    recall@20 : 0.597    recall@30 : 0.6772    recall@50 : 0.7638    ndcg@1 : 0.1967    ndcg@2 : 0.2168    ndcg@3 : 0.2397    ndcg@4 : 0.2557    ndcg@5 : 0.2693    ndcg@10 : 0.3138    ndcg@20 : 0.351    ndcg@30 : 0.3723    ndcg@50 : 0.3929    precision@1 : 0.1967    precision@2 : 0.1603    precision@3 : 0.1412    precision@4 : 0.1275    precision@5 : 0.116    precision@10 : 0.083    precision@20 : 0.0562    precision@30 : 0.044    precision@50 : 0.031    map@1 : 0.1967    map@2 : 0.1923    map@3 : 0.2005    map@4 : 0.2061    map@5 : 0.2117    map@10 : 0.2299    map@20 : 0.2421    map@30 : 0.2478    map@50 : 0.2523
Sun 15 Mar 2026 22:36:38 INFO  Saving current: saved/SCL-Mar-15-2026_22-36-23.pth
Sun 15 Mar 2026 22:36:38 INFO  Saving current best: saved/SCL-Mar-15-2026_22-36-23.pth
Sun 15 Mar 2026 22:36:38 INFO  Running E-step ! 
Sun 15 Mar 2026 22:36:38 INFO  epoch 40 training [time: 0.20s, train_loss1: 3.0994, train_loss2: 0.0398, train_loss3: 0.0108, train_loss4: 0.0000]
Sun 15 Mar 2026 22:36:39 INFO  epoch 40 evaluating [time: 0.14s, valid_score: 0.313800]
Sun 15 Mar 2026 22:36:39 INFO  valid result: 
recall@1 : 0.1222    recall@2 : 0.199    recall@3 : 0.2627    recall@4 : 0.3076    recall@5 : 0.3446    recall@10 : 0.4738    recall@20 : 0.5966    recall@30 : 0.6766    recall@50 : 0.7622    ndcg@1 : 0.1961    ndcg@2 : 0.2166    ndcg@3 : 0.2389    ndcg@4 : 0.2556    ndcg@5 : 0.269    ndcg@10 : 0.3138    ndcg@20 : 0.3508    ndcg@30 : 0.3719    ndcg@50 : 0.3924    precision@1 : 0.1961    precision@2 : 0.1603    precision@3 : 0.1406    precision@4 : 0.1277    precision@5 : 0.116    precision@10 : 0.0831    precision@20 : 0.0563    precision@30 : 0.044    precision@50 : 0.031    map@1 : 0.1961    map@2 : 0.192    map@3 : 0.1999    map@4 : 0.2058    map@5 : 0.2114    map@10 : 0.2297    map@20 : 0.2418    map@30 : 0.2475    map@50 : 0.252
Sun 15 Mar 2026 22:36:39 INFO  Saving current: saved/SCL-Mar-15-2026_22-36-23.pth
Sun 15 Mar 2026 22:36:39 INFO  Saving current best: saved/SCL-Mar-15-2026_22-36-23.pth
Sun 15 Mar 2026 22:36:39 INFO  Running E-step ! 
Sun 15 Mar 2026 22:36:39 INFO  epoch 41 training [time: 0.21s, train_loss1: 3.0762, train_loss2: 0.0399, train_loss3: 0.0108, train_loss4: 0.0000]
Sun 15 Mar 2026 22:36:39 INFO  epoch 41 evaluating [time: 0.15s, valid_score: 0.313900]
Sun 15 Mar 2026 22:36:39 INFO  valid result: 
recall@1 : 0.1228    recall@2 : 0.199    recall@3 : 0.2627    recall@4 : 0.3074    recall@5 : 0.3446    recall@10 : 0.4736    recall@20 : 0.5969    recall@30 : 0.6773    recall@50 : 0.7617    ndcg@1 : 0.1967    ndcg@2 : 0.2168    ndcg@3 : 0.2392    ndcg@4 : 0.2557    ndcg@5 : 0.2692    ndcg@10 : 0.3139    ndcg@20 : 0.3511    ndcg@30 : 0.3724    ndcg@50 : 0.3926    precision@1 : 0.1967    precision@2 : 0.1603    precision@3 : 0.1406    precision@4 : 0.1275    precision@5 : 0.116    precision@10 : 0.0831    precision@20 : 0.0564    precision@30 : 0.044    precision@50 : 0.031    map@1 : 0.1967    map@2 : 0.1923    map@3 : 0.2002    map@4 : 0.2061    map@5 : 0.2117    map@10 : 0.2299    map@20 : 0.2422    map@30 : 0.2479    map@50 : 0.2524
Sun 15 Mar 2026 22:36:39 INFO  Saving current: saved/SCL-Mar-15-2026_22-36-23.pth
Sun 15 Mar 2026 22:36:39 INFO  Saving current best: saved/SCL-Mar-15-2026_22-36-23.pth
Sun 15 Mar 2026 22:36:39 INFO  Running E-step ! 
Sun 15 Mar 2026 22:36:39 INFO  epoch 42 training [time: 0.17s, train_loss1: 3.0825, train_loss2: 0.0399, train_loss3: 0.0108, train_loss4: 0.0000]
Sun 15 Mar 2026 22:36:39 INFO  epoch 42 evaluating [time: 0.14s, valid_score: 0.314000]
Sun 15 Mar 2026 22:36:39 INFO  valid result: 
recall@1 : 0.1228    recall@2 : 0.1997    recall@3 : 0.2624    recall@4 : 0.3082    recall@5 : 0.3455    recall@10 : 0.4731    recall@20 : 0.598    recall@30 : 0.6788    recall@50 : 0.7641    ndcg@1 : 0.1961    ndcg@2 : 0.2173    ndcg@3 : 0.2391    ndcg@4 : 0.256    ndcg@5 : 0.2697    ndcg@10 : 0.314    ndcg@20 : 0.3516    ndcg@30 : 0.3729    ndcg@50 : 0.3933    precision@1 : 0.1961    precision@2 : 0.1609    precision@3 : 0.1406    precision@4 : 0.1278    precision@5 : 0.1163    precision@10 : 0.0831    precision@20 : 0.0566    precision@30 : 0.0442    precision@50 : 0.0311    map@1 : 0.1961    map@2 : 0.1926    map@3 : 0.2001    map@4 : 0.2063    map@5 : 0.2119    map@10 : 0.2301    map@20 : 0.2425    map@30 : 0.2482    map@50 : 0.2527
Sun 15 Mar 2026 22:36:39 INFO  Saving current: saved/SCL-Mar-15-2026_22-36-23.pth
Sun 15 Mar 2026 22:36:39 INFO  Saving current best: saved/SCL-Mar-15-2026_22-36-23.pth
Sun 15 Mar 2026 22:36:39 INFO  Running E-step ! 
Sun 15 Mar 2026 22:36:39 INFO  epoch 43 training [time: 0.18s, train_loss1: 3.1049, train_loss2: 0.0400, train_loss3: 0.0108, train_loss4: 0.0000]
Sun 15 Mar 2026 22:36:40 INFO  epoch 43 evaluating [time: 0.15s, valid_score: 0.313600]
Sun 15 Mar 2026 22:36:40 INFO  valid result: 
recall@1 : 0.1222    recall@2 : 0.2001    recall@3 : 0.2628    recall@4 : 0.3084    recall@5 : 0.3464    recall@10 : 0.4719    recall@20 : 0.5983    recall@30 : 0.6789    recall@50 : 0.764    ndcg@1 : 0.1955    ndcg@2 : 0.2176    ndcg@3 : 0.2392    ndcg@4 : 0.256    ndcg@5 : 0.27    ndcg@10 : 0.3136    ndcg@20 : 0.3516    ndcg@30 : 0.3729    ndcg@50 : 0.3932    precision@1 : 0.1955    precision@2 : 0.1615    precision@3 : 0.141    precision@4 : 0.1277    precision@5 : 0.1167    precision@10 : 0.083    precision@20 : 0.0567    precision@30 : 0.0442    precision@50 : 0.0311    map@1 : 0.1955    map@2 : 0.1928    map@3 : 0.2001    map@4 : 0.2062    map@5 : 0.212    map@10 : 0.2298    map@20 : 0.2424    map@30 : 0.248    map@50 : 0.2525
Sun 15 Mar 2026 22:36:40 INFO  Running E-step ! 
Sun 15 Mar 2026 22:36:40 INFO  epoch 44 training [time: 0.16s, train_loss1: 3.0841, train_loss2: 0.0401, train_loss3: 0.0108, train_loss4: 0.0000]
Sun 15 Mar 2026 22:36:40 INFO  epoch 44 evaluating [time: 0.14s, valid_score: 0.314000]
Sun 15 Mar 2026 22:36:40 INFO  valid result: 
recall@1 : 0.1223    recall@2 : 0.2005    recall@3 : 0.2636    recall@4 : 0.3084    recall@5 : 0.3458    recall@10 : 0.4724    recall@20 : 0.5983    recall@30 : 0.6794    recall@50 : 0.7637    ndcg@1 : 0.1961    ndcg@2 : 0.2184    ndcg@3 : 0.24    ndcg@4 : 0.2562    ndcg@5 : 0.27    ndcg@10 : 0.314    ndcg@20 : 0.3519    ndcg@30 : 0.3732    ndcg@50 : 0.3934    precision@1 : 0.1961    precision@2 : 0.1624    precision@3 : 0.1414    precision@4 : 0.1277    precision@5 : 0.1167    precision@10 : 0.0832    precision@20 : 0.0567    precision@30 : 0.0443    precision@50 : 0.0311    map@1 : 0.1961    map@2 : 0.1935    map@3 : 0.2007    map@4 : 0.2065    map@5 : 0.2121    map@10 : 0.2301    map@20 : 0.2426    map@30 : 0.2483    map@50 : 0.2528
Sun 15 Mar 2026 22:36:40 INFO  Saving current: saved/SCL-Mar-15-2026_22-36-23.pth
Sun 15 Mar 2026 22:36:40 INFO  Saving current best: saved/SCL-Mar-15-2026_22-36-23.pth
Sun 15 Mar 2026 22:36:40 INFO  Running E-step ! 
Sun 15 Mar 2026 22:36:40 INFO  epoch 45 training [time: 0.19s, train_loss1: 3.0462, train_loss2: 0.0402, train_loss3: 0.0108, train_loss4: 0.0000]
Sun 15 Mar 2026 22:36:40 INFO  epoch 45 evaluating [time: 0.15s, valid_score: 0.314200]
Sun 15 Mar 2026 22:36:40 INFO  valid result: 
recall@1 : 0.1223    recall@2 : 0.2001    recall@3 : 0.2644    recall@4 : 0.3084    recall@5 : 0.3471    recall@10 : 0.4728    recall@20 : 0.598    recall@30 : 0.6793    recall@50 : 0.762    ndcg@1 : 0.1961    ndcg@2 : 0.2179    ndcg@3 : 0.2403    ndcg@4 : 0.2562    ndcg@5 : 0.2706    ndcg@10 : 0.3142    ndcg@20 : 0.3519    ndcg@30 : 0.3733    ndcg@50 : 0.3932    precision@1 : 0.1961    precision@2 : 0.1618    precision@3 : 0.1418    precision@4 : 0.1277    precision@5 : 0.117    precision@10 : 0.0833    precision@20 : 0.0567    precision@30 : 0.0443    precision@50 : 0.0311    map@1 : 0.1961    map@2 : 0.1931    map@3 : 0.2008    map@4 : 0.2064    map@5 : 0.2124    map@10 : 0.2302    map@20 : 0.2426    map@30 : 0.2484    map@50 : 0.2529
Sun 15 Mar 2026 22:36:40 INFO  Saving current: saved/SCL-Mar-15-2026_22-36-23.pth
Sun 15 Mar 2026 22:36:40 INFO  Saving current best: saved/SCL-Mar-15-2026_22-36-23.pth
Sun 15 Mar 2026 22:36:40 INFO  Running E-step ! 
Sun 15 Mar 2026 22:36:40 INFO  epoch 46 training [time: 0.19s, train_loss1: 3.0477, train_loss2: 0.0402, train_loss3: 0.0108, train_loss4: 0.0000]
Sun 15 Mar 2026 22:36:41 INFO  epoch 46 evaluating [time: 0.15s, valid_score: 0.314100]
Sun 15 Mar 2026 22:36:41 INFO  valid result: 
recall@1 : 0.1222    recall@2 : 0.2003    recall@3 : 0.2646    recall@4 : 0.3087    recall@5 : 0.3465    recall@10 : 0.4722    recall@20 : 0.5985    recall@30 : 0.6802    recall@50 : 0.7642    ndcg@1 : 0.1967    ndcg@2 : 0.2182    ndcg@3 : 0.2405    ndcg@4 : 0.2564    ndcg@5 : 0.2704    ndcg@10 : 0.3141    ndcg@20 : 0.3521    ndcg@30 : 0.3736    ndcg@50 : 0.3938    precision@1 : 0.1967    precision@2 : 0.1621    precision@3 : 0.142    precision@4 : 0.1277    precision@5 : 0.1169    precision@10 : 0.0833    precision@20 : 0.0568    precision@30 : 0.0443    precision@50 : 0.0312    map@1 : 0.1967    map@2 : 0.1932    map@3 : 0.2009    map@4 : 0.2064    map@5 : 0.2123    map@10 : 0.2301    map@20 : 0.2427    map@30 : 0.2485    map@50 : 0.253
Sun 15 Mar 2026 22:36:41 INFO  Running E-step ! 
Sun 15 Mar 2026 22:36:41 INFO  epoch 47 training [time: 0.19s, train_loss1: 3.0443, train_loss2: 0.0403, train_loss3: 0.0108, train_loss4: 0.0000]
Sun 15 Mar 2026 22:36:41 INFO  epoch 47 evaluating [time: 0.15s, valid_score: 0.315100]
Sun 15 Mar 2026 22:36:41 INFO  valid result: 
recall@1 : 0.1235    recall@2 : 0.2001    recall@3 : 0.2654    recall@4 : 0.3093    recall@5 : 0.3472    recall@10 : 0.4734    recall@20 : 0.5993    recall@30 : 0.6814    recall@50 : 0.7653    ndcg@1 : 0.199    ndcg@2 : 0.2186    ndcg@3 : 0.2415    ndcg@4 : 0.2572    ndcg@5 : 0.2713    ndcg@10 : 0.3151    ndcg@20 : 0.353    ndcg@30 : 0.3747    ndcg@50 : 0.3947    precision@1 : 0.199    precision@2 : 0.1618    precision@3 : 0.1424    precision@4 : 0.1278    precision@5 : 0.1172    precision@10 : 0.0834    precision@20 : 0.0569    precision@30 : 0.0445    precision@50 : 0.0312    map@1 : 0.199    map@2 : 0.1938    map@3 : 0.2018    map@4 : 0.2073    map@5 : 0.2131    map@10 : 0.231    map@20 : 0.2436    map@30 : 0.2494    map@50 : 0.2539
Sun 15 Mar 2026 22:36:41 INFO  Saving current: saved/SCL-Mar-15-2026_22-36-23.pth
Sun 15 Mar 2026 22:36:41 INFO  Saving current best: saved/SCL-Mar-15-2026_22-36-23.pth
Sun 15 Mar 2026 22:36:41 INFO  Running E-step ! 
Sun 15 Mar 2026 22:36:41 INFO  epoch 48 training [time: 0.16s, train_loss1: 2.9679, train_loss2: 0.0403, train_loss3: 0.0108, train_loss4: 0.0000]
Sun 15 Mar 2026 22:36:41 INFO  epoch 48 evaluating [time: 0.14s, valid_score: 0.314900]
Sun 15 Mar 2026 22:36:41 INFO  valid result: 
recall@1 : 0.1235    recall@2 : 0.2001    recall@3 : 0.2659    recall@4 : 0.3099    recall@5 : 0.3462    recall@10 : 0.4724    recall@20 : 0.6014    recall@30 : 0.6831    recall@50 : 0.7665    ndcg@1 : 0.199    ndcg@2 : 0.2186    ndcg@3 : 0.2418    ndcg@4 : 0.2576    ndcg@5 : 0.2711    ndcg@10 : 0.3149    ndcg@20 : 0.3537    ndcg@30 : 0.3752    ndcg@50 : 0.3951    precision@1 : 0.199    precision@2 : 0.1618    precision@3 : 0.1428    precision@4 : 0.1283    precision@5 : 0.1172    precision@10 : 0.0834    precision@20 : 0.0571    precision@30 : 0.0446    precision@50 : 0.0312    map@1 : 0.199    map@2 : 0.1938    map@3 : 0.2019    map@4 : 0.2075    map@5 : 0.2131    map@10 : 0.231    map@20 : 0.2438    map@30 : 0.2496    map@50 : 0.254
Sun 15 Mar 2026 22:36:41 INFO  Running E-step ! 
Sun 15 Mar 2026 22:36:41 INFO  epoch 49 training [time: 0.17s, train_loss1: 2.9917, train_loss2: 0.0404, train_loss3: 0.0108, train_loss4: 0.0000]
Sun 15 Mar 2026 22:36:42 INFO  epoch 49 evaluating [time: 0.15s, valid_score: 0.314800]
Sun 15 Mar 2026 22:36:42 INFO  valid result: 
recall@1 : 0.1239    recall@2 : 0.2003    recall@3 : 0.2651    recall@4 : 0.311    recall@5 : 0.3462    recall@10 : 0.4716    recall@20 : 0.6017    recall@30 : 0.6819    recall@50 : 0.7662    ndcg@1 : 0.1996    ndcg@2 : 0.219    ndcg@3 : 0.2415    ndcg@4 : 0.2583    ndcg@5 : 0.2713    ndcg@10 : 0.3148    ndcg@20 : 0.354    ndcg@30 : 0.3752    ndcg@50 : 0.3954    precision@1 : 0.1996    precision@2 : 0.1621    precision@3 : 0.1422    precision@4 : 0.1287    precision@5 : 0.1172    precision@10 : 0.0832    precision@20 : 0.0572    precision@30 : 0.0445    precision@50 : 0.0312    map@1 : 0.1996    map@2 : 0.1943    map@3 : 0.2017    map@4 : 0.208    map@5 : 0.2134    map@10 : 0.2311    map@20 : 0.2441    map@30 : 0.2499    map@50 : 0.2544
Sun 15 Mar 2026 22:36:42 INFO  Running E-step ! 
Sun 15 Mar 2026 22:36:42 INFO  epoch 50 training [time: 0.18s, train_loss1: 2.9969, train_loss2: 0.0404, train_loss3: 0.0108, train_loss4: 0.0000]
Sun 15 Mar 2026 22:36:42 INFO  epoch 50 evaluating [time: 0.16s, valid_score: 0.314800]
Sun 15 Mar 2026 22:36:42 INFO  valid result: 
recall@1 : 0.1239    recall@2 : 0.2    recall@3 : 0.2651    recall@4 : 0.3129    recall@5 : 0.3463    recall@10 : 0.4708    recall@20 : 0.6023    recall@30 : 0.683    recall@50 : 0.7658    ndcg@1 : 0.1996    ndcg@2 : 0.2186    ndcg@3 : 0.2414    ndcg@4 : 0.2592    ndcg@5 : 0.2715    ndcg@10 : 0.3148    ndcg@20 : 0.3544    ndcg@30 : 0.3756    ndcg@50 : 0.3955    precision@1 : 0.1996    precision@2 : 0.1615    precision@3 : 0.1422    precision@4 : 0.1295    precision@5 : 0.1174    precision@10 : 0.0833    precision@20 : 0.0573    precision@30 : 0.0446    precision@50 : 0.0313    map@1 : 0.1996    map@2 : 0.194    map@3 : 0.2017    map@4 : 0.2085    map@5 : 0.2135    map@10 : 0.2311    map@20 : 0.2443    map@30 : 0.2501    map@50 : 0.2545
Sun 15 Mar 2026 22:36:42 INFO  Running E-step ! 
Sun 15 Mar 2026 22:36:42 INFO  epoch 51 training [time: 0.17s, train_loss1: 2.9922, train_loss2: 0.0404, train_loss3: 0.0108, train_loss4: 0.0000]
Sun 15 Mar 2026 22:36:42 INFO  epoch 51 evaluating [time: 0.15s, valid_score: 0.315600]
Sun 15 Mar 2026 22:36:42 INFO  valid result: 
recall@1 : 0.1254    recall@2 : 0.2    recall@3 : 0.266    recall@4 : 0.3118    recall@5 : 0.3468    recall@10 : 0.4714    recall@20 : 0.6039    recall@30 : 0.6833    recall@50 : 0.7658    ndcg@1 : 0.202    ndcg@2 : 0.2193    ndcg@3 : 0.2425    ndcg@4 : 0.2595    ndcg@5 : 0.2723    ndcg@10 : 0.3156    ndcg@20 : 0.3556    ndcg@30 : 0.3766    ndcg@50 : 0.3964    precision@1 : 0.202    precision@2 : 0.1615    precision@3 : 0.1426    precision@4 : 0.1293    precision@5 : 0.1174    precision@10 : 0.0833    precision@20 : 0.0575    precision@30 : 0.0447    precision@50 : 0.0313    map@1 : 0.202    map@2 : 0.1947    map@3 : 0.2027    map@4 : 0.2091    map@5 : 0.2143    map@10 : 0.232    map@20 : 0.2454    map@30 : 0.251    map@50 : 0.2555
Sun 15 Mar 2026 22:36:42 INFO  Saving current: saved/SCL-Mar-15-2026_22-36-23.pth
Sun 15 Mar 2026 22:36:42 INFO  Saving current best: saved/SCL-Mar-15-2026_22-36-23.pth
Sun 15 Mar 2026 22:36:42 INFO  Running E-step ! 
Sun 15 Mar 2026 22:36:42 INFO  epoch 52 training [time: 0.17s, train_loss1: 2.9930, train_loss2: 0.0405, train_loss3: 0.0108, train_loss4: 0.0000]
Sun 15 Mar 2026 22:36:43 INFO  epoch 52 evaluating [time: 0.15s, valid_score: 0.315900]
Sun 15 Mar 2026 22:36:43 INFO  valid result: 
recall@1 : 0.1254    recall@2 : 0.2    recall@3 : 0.2661    recall@4 : 0.3115    recall@5 : 0.3464    recall@10 : 0.472    recall@20 : 0.6048    recall@30 : 0.684    recall@50 : 0.7677    ndcg@1 : 0.202    ndcg@2 : 0.2193    ndcg@3 : 0.2425    ndcg@4 : 0.2594    ndcg@5 : 0.2722    ndcg@10 : 0.3159    ndcg@20 : 0.3559    ndcg@30 : 0.3769    ndcg@50 : 0.3969    precision@1 : 0.202    precision@2 : 0.1615    precision@3 : 0.1426    precision@4 : 0.1295    precision@5 : 0.1175    precision@10 : 0.0836    precision@20 : 0.0576    precision@30 : 0.0448    precision@50 : 0.0314    map@1 : 0.202    map@2 : 0.1947    map@3 : 0.2027    map@4 : 0.209    map@5 : 0.2143    map@10 : 0.2321    map@20 : 0.2455    map@30 : 0.2513    map@50 : 0.2557
Sun 15 Mar 2026 22:36:43 INFO  Saving current: saved/SCL-Mar-15-2026_22-36-23.pth
Sun 15 Mar 2026 22:36:43 INFO  Saving current best: saved/SCL-Mar-15-2026_22-36-23.pth
Sun 15 Mar 2026 22:36:43 INFO  Running E-step ! 
Sun 15 Mar 2026 22:36:43 INFO  epoch 53 training [time: 0.16s, train_loss1: 2.9343, train_loss2: 0.0405, train_loss3: 0.0108, train_loss4: 0.0000]
Sun 15 Mar 2026 22:36:43 INFO  epoch 53 evaluating [time: 0.15s, valid_score: 0.316400]
Sun 15 Mar 2026 22:36:43 INFO  valid result: 
recall@1 : 0.1256    recall@2 : 0.2001    recall@3 : 0.2654    recall@4 : 0.3113    recall@5 : 0.3468    recall@10 : 0.473    recall@20 : 0.6053    recall@30 : 0.6861    recall@50 : 0.7696    ndcg@1 : 0.2026    ndcg@2 : 0.2197    ndcg@3 : 0.2424    ndcg@4 : 0.2594    ndcg@5 : 0.2725    ndcg@10 : 0.3164    ndcg@20 : 0.3562    ndcg@30 : 0.3775    ndcg@50 : 0.3975    precision@1 : 0.2026    precision@2 : 0.1618    precision@3 : 0.1424    precision@4 : 0.1293    precision@5 : 0.1178    precision@10 : 0.0838    precision@20 : 0.0577    precision@30 : 0.045    precision@50 : 0.0315    map@1 : 0.2026    map@2 : 0.195    map@3 : 0.2026    map@4 : 0.2089    map@5 : 0.2144    map@10 : 0.2323    map@20 : 0.2457    map@30 : 0.2515    map@50 : 0.2559
Sun 15 Mar 2026 22:36:43 INFO  Saving current: saved/SCL-Mar-15-2026_22-36-23.pth
Sun 15 Mar 2026 22:36:43 INFO  Saving current best: saved/SCL-Mar-15-2026_22-36-23.pth
Sun 15 Mar 2026 22:36:43 INFO  Running E-step ! 
Sun 15 Mar 2026 22:36:43 INFO  epoch 54 training [time: 0.21s, train_loss1: 2.9601, train_loss2: 0.0405, train_loss3: 0.0108, train_loss4: 0.0000]
Sun 15 Mar 2026 22:36:43 INFO  epoch 54 evaluating [time: 0.15s, valid_score: 0.316300]
Sun 15 Mar 2026 22:36:43 INFO  valid result: 
recall@1 : 0.1256    recall@2 : 0.2002    recall@3 : 0.2652    recall@4 : 0.3128    recall@5 : 0.3472    recall@10 : 0.472    recall@20 : 0.6055    recall@30 : 0.688    recall@50 : 0.7692    ndcg@1 : 0.2026    ndcg@2 : 0.2199    ndcg@3 : 0.2423    ndcg@4 : 0.26    ndcg@5 : 0.2728    ndcg@10 : 0.3163    ndcg@20 : 0.3565    ndcg@30 : 0.3782    ndcg@50 : 0.3978    precision@1 : 0.2026    precision@2 : 0.1621    precision@3 : 0.1424    precision@4 : 0.1296    precision@5 : 0.118    precision@10 : 0.0838    precision@20 : 0.0578    precision@30 : 0.0451    precision@50 : 0.0315    map@1 : 0.2026    map@2 : 0.1952    map@3 : 0.2024    map@4 : 0.2092    map@5 : 0.2145    map@10 : 0.2324    map@20 : 0.2459    map@30 : 0.2518    map@50 : 0.2562
Sun 15 Mar 2026 22:36:43 INFO  Running E-step ! 
Sun 15 Mar 2026 22:36:43 INFO  epoch 55 training [time: 0.18s, train_loss1: 2.9494, train_loss2: 0.0405, train_loss3: 0.0108, train_loss4: 0.0000]
Sun 15 Mar 2026 22:36:44 INFO  epoch 55 evaluating [time: 0.15s, valid_score: 0.316700]
Sun 15 Mar 2026 22:36:44 INFO  valid result: 
recall@1 : 0.1259    recall@2 : 0.2    recall@3 : 0.2657    recall@4 : 0.3122    recall@5 : 0.3459    recall@10 : 0.4727    recall@20 : 0.6067    recall@30 : 0.6889    recall@50 : 0.7693    ndcg@1 : 0.2032    ndcg@2 : 0.2196    ndcg@3 : 0.2431    ndcg@4 : 0.2601    ndcg@5 : 0.2726    ndcg@10 : 0.3167    ndcg@20 : 0.3571    ndcg@30 : 0.3787    ndcg@50 : 0.3981    precision@1 : 0.2032    precision@2 : 0.1615    precision@3 : 0.1436    precision@4 : 0.1296    precision@5 : 0.1179    precision@10 : 0.084    precision@20 : 0.0579    precision@30 : 0.0452    precision@50 : 0.0316    map@1 : 0.2032    map@2 : 0.195    map@3 : 0.203    map@4 : 0.2095    map@5 : 0.2145    map@10 : 0.2326    map@20 : 0.2462    map@30 : 0.2521    map@50 : 0.2565
Sun 15 Mar 2026 22:36:44 INFO  Saving current: saved/SCL-Mar-15-2026_22-36-23.pth
Sun 15 Mar 2026 22:36:44 INFO  Saving current best: saved/SCL-Mar-15-2026_22-36-23.pth
Sun 15 Mar 2026 22:36:44 INFO  Running E-step ! 
Sun 15 Mar 2026 22:36:44 INFO  epoch 56 training [time: 0.17s, train_loss1: 2.9310, train_loss2: 0.0405, train_loss3: 0.0108, train_loss4: 0.0000]
Sun 15 Mar 2026 22:36:44 INFO  epoch 56 evaluating [time: 0.15s, valid_score: 0.316700]
Sun 15 Mar 2026 22:36:44 INFO  valid result: 
recall@1 : 0.1265    recall@2 : 0.1995    recall@3 : 0.264    recall@4 : 0.3097    recall@5 : 0.3444    recall@10 : 0.4734    recall@20 : 0.6076    recall@30 : 0.6905    recall@50 : 0.7708    ndcg@1 : 0.2038    ndcg@2 : 0.2193    ndcg@3 : 0.2424    ndcg@4 : 0.259    ndcg@5 : 0.2718    ndcg@10 : 0.3167    ndcg@20 : 0.3572    ndcg@30 : 0.3791    ndcg@50 : 0.3985    precision@1 : 0.2038    precision@2 : 0.1609    precision@3 : 0.143    precision@4 : 0.129    precision@5 : 0.1174    precision@10 : 0.084    precision@20 : 0.058    precision@30 : 0.0454    precision@50 : 0.0317    map@1 : 0.2038    map@2 : 0.195    map@3 : 0.2026    map@4 : 0.2089    map@5 : 0.2141    map@10 : 0.2326    map@20 : 0.2462    map@30 : 0.2522    map@50 : 0.2567
Sun 15 Mar 2026 22:36:44 INFO  Saving current: saved/SCL-Mar-15-2026_22-36-23.pth
Sun 15 Mar 2026 22:36:44 INFO  Saving current best: saved/SCL-Mar-15-2026_22-36-23.pth
Sun 15 Mar 2026 22:36:44 INFO  Running E-step ! 
Sun 15 Mar 2026 22:36:44 INFO  epoch 57 training [time: 0.17s, train_loss1: 2.9387, train_loss2: 0.0405, train_loss3: 0.0108, train_loss4: 0.0000]
Sun 15 Mar 2026 22:36:44 INFO  epoch 57 evaluating [time: 0.15s, valid_score: 0.317400]
Sun 15 Mar 2026 22:36:44 INFO  valid result: 
recall@1 : 0.1274    recall@2 : 0.1997    recall@3 : 0.264    recall@4 : 0.3113    recall@5 : 0.3445    recall@10 : 0.4741    recall@20 : 0.6079    recall@30 : 0.6903    recall@50 : 0.7718    ndcg@1 : 0.2044    ndcg@2 : 0.2201    ndcg@3 : 0.2429    ndcg@4 : 0.2601    ndcg@5 : 0.2724    ndcg@10 : 0.3174    ndcg@20 : 0.3578    ndcg@30 : 0.3796    ndcg@50 : 0.3992    precision@1 : 0.2044    precision@2 : 0.1615    precision@3 : 0.1432    precision@4 : 0.1293    precision@5 : 0.1176    precision@10 : 0.0841    precision@20 : 0.058    precision@30 : 0.0454    precision@50 : 0.0318    map@1 : 0.2044    map@2 : 0.1958    map@3 : 0.2032    map@4 : 0.2099    map@5 : 0.2147    map@10 : 0.2333    map@20 : 0.2469    map@30 : 0.2529    map@50 : 0.2574
Sun 15 Mar 2026 22:36:44 INFO  Saving current: saved/SCL-Mar-15-2026_22-36-23.pth
Sun 15 Mar 2026 22:36:44 INFO  Saving current best: saved/SCL-Mar-15-2026_22-36-23.pth
Sun 15 Mar 2026 22:36:44 INFO  Running E-step ! 
Sun 15 Mar 2026 22:36:45 INFO  epoch 58 training [time: 0.18s, train_loss1: 2.9361, train_loss2: 0.0405, train_loss3: 0.0108, train_loss4: 0.0000]
Sun 15 Mar 2026 22:36:45 INFO  epoch 58 evaluating [time: 0.15s, valid_score: 0.317500]
Sun 15 Mar 2026 22:36:45 INFO  valid result: 
recall@1 : 0.1276    recall@2 : 0.2    recall@3 : 0.2645    recall@4 : 0.3112    recall@5 : 0.3454    recall@10 : 0.4736    recall@20 : 0.6098    recall@30 : 0.6909    recall@50 : 0.7732    ndcg@1 : 0.205    ndcg@2 : 0.2205    ndcg@3 : 0.2434    ndcg@4 : 0.2603    ndcg@5 : 0.2731    ndcg@10 : 0.3175    ndcg@20 : 0.3588    ndcg@30 : 0.3801    ndcg@50 : 0.3999    precision@1 : 0.205    precision@2 : 0.1618    precision@3 : 0.1438    precision@4 : 0.1295    precision@5 : 0.1181    precision@10 : 0.0841    precision@20 : 0.0584    precision@30 : 0.0455    precision@50 : 0.0318    map@1 : 0.205    map@2 : 0.1961    map@3 : 0.2036    map@4 : 0.2101    map@5 : 0.2152    map@10 : 0.2335    map@20 : 0.2475    map@30 : 0.2534    map@50 : 0.2579
Sun 15 Mar 2026 22:36:45 INFO  Saving current: saved/SCL-Mar-15-2026_22-36-23.pth
Sun 15 Mar 2026 22:36:45 INFO  Saving current best: saved/SCL-Mar-15-2026_22-36-23.pth
Sun 15 Mar 2026 22:36:45 INFO  Running E-step ! 
Sun 15 Mar 2026 22:36:45 INFO  epoch 59 training [time: 0.18s, train_loss1: 2.8833, train_loss2: 0.0405, train_loss3: 0.0108, train_loss4: 0.0000]
Sun 15 Mar 2026 22:36:45 INFO  epoch 59 evaluating [time: 0.15s, valid_score: 0.317000]
Sun 15 Mar 2026 22:36:45 INFO  valid result: 
recall@1 : 0.1264    recall@2 : 0.2002    recall@3 : 0.2646    recall@4 : 0.3113    recall@5 : 0.3456    recall@10 : 0.473    recall@20 : 0.6112    recall@30 : 0.6916    recall@50 : 0.7735    ndcg@1 : 0.2038    ndcg@2 : 0.2205    ndcg@3 : 0.2432    ndcg@4 : 0.2601    ndcg@5 : 0.2728    ndcg@10 : 0.317    ndcg@20 : 0.3589    ndcg@30 : 0.38    ndcg@50 : 0.3997    precision@1 : 0.2038    precision@2 : 0.1624    precision@3 : 0.144    precision@4 : 0.1296    precision@5 : 0.1182    precision@10 : 0.0841    precision@20 : 0.0586    precision@30 : 0.0455    precision@50 : 0.0318    map@1 : 0.2038    map@2 : 0.1958    map@3 : 0.2031    map@4 : 0.2097    map@5 : 0.2147    map@10 : 0.2329    map@20 : 0.2471    map@30 : 0.253    map@50 : 0.2575
Sun 15 Mar 2026 22:36:45 INFO  Running E-step ! 
Sun 15 Mar 2026 22:36:45 INFO  epoch 60 training [time: 0.19s, train_loss1: 2.8676, train_loss2: 0.0405, train_loss3: 0.0108, train_loss4: 0.0000]
Sun 15 Mar 2026 22:36:45 INFO  epoch 60 evaluating [time: 0.15s, valid_score: 0.316600]
Sun 15 Mar 2026 22:36:45 INFO  valid result: 
recall@1 : 0.1246    recall@2 : 0.1999    recall@3 : 0.2653    recall@4 : 0.3124    recall@5 : 0.3451    recall@10 : 0.4737    recall@20 : 0.6113    recall@30 : 0.6924    recall@50 : 0.7738    ndcg@1 : 0.2008    ndcg@2 : 0.2194    ndcg@3 : 0.2428    ndcg@4 : 0.26    ndcg@5 : 0.272    ndcg@10 : 0.3166    ndcg@20 : 0.3584    ndcg@30 : 0.3798    ndcg@50 : 0.3993    precision@1 : 0.2008    precision@2 : 0.1621    precision@3 : 0.1444    precision@4 : 0.1304    precision@5 : 0.1182    precision@10 : 0.0843    precision@20 : 0.0587    precision@30 : 0.0457    precision@50 : 0.0319    map@1 : 0.2008    map@2 : 0.1946    map@3 : 0.2024    map@4 : 0.2092    map@5 : 0.2138    map@10 : 0.2323    map@20 : 0.2464    map@30 : 0.2524    map@50 : 0.2569
Sun 15 Mar 2026 22:36:45 INFO  Running E-step ! 
Sun 15 Mar 2026 22:36:46 INFO  epoch 61 training [time: 0.19s, train_loss1: 2.8375, train_loss2: 0.0404, train_loss3: 0.0108, train_loss4: 0.0000]
Sun 15 Mar 2026 22:36:46 INFO  epoch 61 evaluating [time: 0.15s, valid_score: 0.316900]
Sun 15 Mar 2026 22:36:46 INFO  valid result: 
recall@1 : 0.1252    recall@2 : 0.1999    recall@3 : 0.2655    recall@4 : 0.3114    recall@5 : 0.3461    recall@10 : 0.4731    recall@20 : 0.6115    recall@30 : 0.6925    recall@50 : 0.7734    ndcg@1 : 0.2014    ndcg@2 : 0.2196    ndcg@3 : 0.2435    ndcg@4 : 0.2598    ndcg@5 : 0.2727    ndcg@10 : 0.3169    ndcg@20 : 0.3587    ndcg@30 : 0.3802    ndcg@50 : 0.3996    precision@1 : 0.2014    precision@2 : 0.1621    precision@3 : 0.145    precision@4 : 0.1301    precision@5 : 0.1187    precision@10 : 0.0845    precision@20 : 0.0588    precision@30 : 0.0457    precision@50 : 0.0319    map@1 : 0.2014    map@2 : 0.195    map@3 : 0.2031    map@4 : 0.2093    map@5 : 0.2145    map@10 : 0.2327    map@20 : 0.247    map@30 : 0.2529    map@50 : 0.2574
Sun 15 Mar 2026 22:36:46 INFO  Running E-step ! 
Sun 15 Mar 2026 22:36:46 INFO  epoch 62 training [time: 0.18s, train_loss1: 2.8698, train_loss2: 0.0404, train_loss3: 0.0108, train_loss4: 0.0000]
Sun 15 Mar 2026 22:36:46 INFO  epoch 62 evaluating [time: 0.15s, valid_score: 0.317400]
Sun 15 Mar 2026 22:36:46 INFO  valid result: 
recall@1 : 0.1258    recall@2 : 0.1999    recall@3 : 0.266    recall@4 : 0.3115    recall@5 : 0.3464    recall@10 : 0.4734    recall@20 : 0.6125    recall@30 : 0.6932    recall@50 : 0.7748    ndcg@1 : 0.202    ndcg@2 : 0.2198    ndcg@3 : 0.2441    ndcg@4 : 0.2602    ndcg@5 : 0.2731    ndcg@10 : 0.3174    ndcg@20 : 0.3595    ndcg@30 : 0.3808    ndcg@50 : 0.4004    precision@1 : 0.202    precision@2 : 0.1621    precision@3 : 0.1456    precision@4 : 0.1304    precision@5 : 0.1187    precision@10 : 0.0847    precision@20 : 0.0589    precision@30 : 0.0458    precision@50 : 0.032    map@1 : 0.202    map@2 : 0.1952    map@3 : 0.2037    map@4 : 0.2098    map@5 : 0.2149    map@10 : 0.2332    map@20 : 0.2475    map@30 : 0.2534    map@50 : 0.258
Sun 15 Mar 2026 22:36:46 INFO  Running E-step ! 
Sun 15 Mar 2026 22:36:46 INFO  epoch 63 training [time: 0.17s, train_loss1: 2.8164, train_loss2: 0.0404, train_loss3: 0.0108, train_loss4: 0.0000]
Sun 15 Mar 2026 22:36:46 INFO  epoch 63 evaluating [time: 0.15s, valid_score: 0.318000]
Sun 15 Mar 2026 22:36:46 INFO  valid result: 
recall@1 : 0.1265    recall@2 : 0.2005    recall@3 : 0.2657    recall@4 : 0.31    recall@5 : 0.3459    recall@10 : 0.4741    recall@20 : 0.6124    recall@30 : 0.6934    recall@50 : 0.7753    ndcg@1 : 0.2032    ndcg@2 : 0.2208    ndcg@3 : 0.2447    ndcg@4 : 0.2601    ndcg@5 : 0.2733    ndcg@10 : 0.318    ndcg@20 : 0.3598    ndcg@30 : 0.3813    ndcg@50 : 0.401    precision@1 : 0.2032    precision@2 : 0.1627    precision@3 : 0.146    precision@4 : 0.1302    precision@5 : 0.1187    precision@10 : 0.0849    precision@20 : 0.0589    precision@30 : 0.0458    precision@50 : 0.0321    map@1 : 0.2032    map@2 : 0.1962    map@3 : 0.2044    map@4 : 0.2101    map@5 : 0.2153    map@10 : 0.2337    map@20 : 0.248    map@30 : 0.254    map@50 : 0.2586
Sun 15 Mar 2026 22:36:46 INFO  Saving current: saved/SCL-Mar-15-2026_22-36-23.pth
Sun 15 Mar 2026 22:36:46 INFO  Saving current best: saved/SCL-Mar-15-2026_22-36-23.pth
Sun 15 Mar 2026 22:36:46 INFO  Running E-step ! 
Sun 15 Mar 2026 22:36:47 INFO  epoch 64 training [time: 0.16s, train_loss1: 2.8754, train_loss2: 0.0404, train_loss3: 0.0109, train_loss4: 0.0000]
Sun 15 Mar 2026 22:36:47 INFO  epoch 64 evaluating [time: 0.15s, valid_score: 0.318400]
Sun 15 Mar 2026 22:36:47 INFO  valid result: 
recall@1 : 0.1265    recall@2 : 0.2005    recall@3 : 0.2656    recall@4 : 0.3108    recall@5 : 0.3466    recall@10 : 0.4751    recall@20 : 0.6139    recall@30 : 0.692    recall@50 : 0.7757    ndcg@1 : 0.2032    ndcg@2 : 0.2208    ndcg@3 : 0.2445    ndcg@4 : 0.2605    ndcg@5 : 0.2736    ndcg@10 : 0.3184    ndcg@20 : 0.3604    ndcg@30 : 0.3812    ndcg@50 : 0.4012    precision@1 : 0.2032    precision@2 : 0.1627    precision@3 : 0.1458    precision@4 : 0.1305    precision@5 : 0.119    precision@10 : 0.0852    precision@20 : 0.0592    precision@30 : 0.0458    precision@50 : 0.0321    map@1 : 0.2032    map@2 : 0.1962    map@3 : 0.2044    map@4 : 0.2103    map@5 : 0.2156    map@10 : 0.234    map@20 : 0.2483    map@30 : 0.2541    map@50 : 0.2588
Sun 15 Mar 2026 22:36:47 INFO  Saving current: saved/SCL-Mar-15-2026_22-36-23.pth
Sun 15 Mar 2026 22:36:47 INFO  Saving current best: saved/SCL-Mar-15-2026_22-36-23.pth
Sun 15 Mar 2026 22:36:47 INFO  Running E-step ! 
Sun 15 Mar 2026 22:36:47 INFO  epoch 65 training [time: 0.19s, train_loss1: 2.8338, train_loss2: 0.0403, train_loss3: 0.0109, train_loss4: 0.0000]
Sun 15 Mar 2026 22:36:47 INFO  epoch 65 evaluating [time: 0.15s, valid_score: 0.318700]
Sun 15 Mar 2026 22:36:47 INFO  valid result: 
recall@1 : 0.1265    recall@2 : 0.201    recall@3 : 0.2664    recall@4 : 0.3104    recall@5 : 0.3467    recall@10 : 0.4758    recall@20 : 0.6158    recall@30 : 0.6923    recall@50 : 0.777    ndcg@1 : 0.2032    ndcg@2 : 0.2213    ndcg@3 : 0.245    ndcg@4 : 0.2603    ndcg@5 : 0.2739    ndcg@10 : 0.3187    ndcg@20 : 0.3611    ndcg@30 : 0.3815    ndcg@50 : 0.4018    precision@1 : 0.2032    precision@2 : 0.1633    precision@3 : 0.1462    precision@4 : 0.1302    precision@5 : 0.1192    precision@10 : 0.0852    precision@20 : 0.0593    precision@30 : 0.0459    precision@50 : 0.0322    map@1 : 0.2032    map@2 : 0.1965    map@3 : 0.2047    map@4 : 0.2103    map@5 : 0.2158    map@10 : 0.2341    map@20 : 0.2486    map@30 : 0.2543    map@50 : 0.2591
Sun 15 Mar 2026 22:36:47 INFO  Saving current: saved/SCL-Mar-15-2026_22-36-23.pth
Sun 15 Mar 2026 22:36:47 INFO  Saving current best: saved/SCL-Mar-15-2026_22-36-23.pth
Sun 15 Mar 2026 22:36:47 INFO  Running E-step ! 
Sun 15 Mar 2026 22:36:47 INFO  epoch 66 training [time: 0.20s, train_loss1: 2.8369, train_loss2: 0.0403, train_loss3: 0.0109, train_loss4: 0.0000]
Sun 15 Mar 2026 22:36:47 INFO  epoch 66 evaluating [time: 0.15s, valid_score: 0.319100]
Sun 15 Mar 2026 22:36:47 INFO  valid result: 
recall@1 : 0.1263    recall@2 : 0.2016    recall@3 : 0.2671    recall@4 : 0.3114    recall@5 : 0.3477    recall@10 : 0.4764    recall@20 : 0.6168    recall@30 : 0.6935    recall@50 : 0.7781    ndcg@1 : 0.2026    ndcg@2 : 0.2217    ndcg@3 : 0.2456    ndcg@4 : 0.2609    ndcg@5 : 0.2744    ndcg@10 : 0.3191    ndcg@20 : 0.3615    ndcg@30 : 0.382    ndcg@50 : 0.4023    precision@1 : 0.2026    precision@2 : 0.1639    precision@3 : 0.147    precision@4 : 0.1305    precision@5 : 0.1195    precision@10 : 0.0855    precision@20 : 0.0594    precision@30 : 0.046    precision@50 : 0.0323    map@1 : 0.2026    map@2 : 0.1968    map@3 : 0.2051    map@4 : 0.2106    map@5 : 0.2162    map@10 : 0.2344    map@20 : 0.249    map@30 : 0.2547    map@50 : 0.2595
Sun 15 Mar 2026 22:36:47 INFO  Saving current: saved/SCL-Mar-15-2026_22-36-23.pth
Sun 15 Mar 2026 22:36:47 INFO  Saving current best: saved/SCL-Mar-15-2026_22-36-23.pth
Sun 15 Mar 2026 22:36:47 INFO  Running E-step ! 
Sun 15 Mar 2026 22:36:48 INFO  epoch 67 training [time: 0.18s, train_loss1: 2.8331, train_loss2: 0.0402, train_loss3: 0.0109, train_loss4: 0.0000]
Sun 15 Mar 2026 22:36:48 INFO  epoch 67 evaluating [time: 0.14s, valid_score: 0.319700]
Sun 15 Mar 2026 22:36:48 INFO  valid result: 
recall@1 : 0.1269    recall@2 : 0.2023    recall@3 : 0.2679    recall@4 : 0.3104    recall@5 : 0.3458    recall@10 : 0.4769    recall@20 : 0.6177    recall@30 : 0.6945    recall@50 : 0.7798    ndcg@1 : 0.2032    ndcg@2 : 0.2226    ndcg@3 : 0.2465    ndcg@4 : 0.261    ndcg@5 : 0.2741    ndcg@10 : 0.3197    ndcg@20 : 0.3621    ndcg@30 : 0.3826    ndcg@50 : 0.4031    precision@1 : 0.2032    precision@2 : 0.1645    precision@3 : 0.1476    precision@4 : 0.1305    precision@5 : 0.1192    precision@10 : 0.0856    precision@20 : 0.0595    precision@30 : 0.046    precision@50 : 0.0323    map@1 : 0.2032    map@2 : 0.1976    map@3 : 0.206    map@4 : 0.211    map@5 : 0.2163    map@10 : 0.2349    map@20 : 0.2495    map@30 : 0.2552    map@50 : 0.2601
Sun 15 Mar 2026 22:36:48 INFO  Saving current: saved/SCL-Mar-15-2026_22-36-23.pth
Sun 15 Mar 2026 22:36:48 INFO  Saving current best: saved/SCL-Mar-15-2026_22-36-23.pth
Sun 15 Mar 2026 22:36:48 INFO  Running E-step ! 
Sun 15 Mar 2026 22:36:48 INFO  epoch 68 training [time: 0.18s, train_loss1: 2.8017, train_loss2: 0.0402, train_loss3: 0.0109, train_loss4: 0.0000]
Sun 15 Mar 2026 22:36:48 INFO  epoch 68 evaluating [time: 0.15s, valid_score: 0.320100]
Sun 15 Mar 2026 22:36:48 INFO  valid result: 
recall@1 : 0.1279    recall@2 : 0.2034    recall@3 : 0.2677    recall@4 : 0.3091    recall@5 : 0.3462    recall@10 : 0.4763    recall@20 : 0.6176    recall@30 : 0.696    recall@50 : 0.7803    ndcg@1 : 0.205    ndcg@2 : 0.2237    ndcg@3 : 0.2472    ndcg@4 : 0.2611    ndcg@5 : 0.2749    ndcg@10 : 0.3201    ndcg@20 : 0.3628    ndcg@30 : 0.3836    ndcg@50 : 0.4039    precision@1 : 0.205    precision@2 : 0.1648    precision@3 : 0.148    precision@4 : 0.1302    precision@5 : 0.1195    precision@10 : 0.0856    precision@20 : 0.0596    precision@30 : 0.0461    precision@50 : 0.0323    map@1 : 0.205    map@2 : 0.1987    map@3 : 0.2069    map@4 : 0.2114    map@5 : 0.2171    map@10 : 0.2356    map@20 : 0.2503    map@30 : 0.2561    map@50 : 0.2609
Sun 15 Mar 2026 22:36:48 INFO  Saving current: saved/SCL-Mar-15-2026_22-36-23.pth
Sun 15 Mar 2026 22:36:48 INFO  Saving current best: saved/SCL-Mar-15-2026_22-36-23.pth
Sun 15 Mar 2026 22:36:48 INFO  Running E-step ! 
Sun 15 Mar 2026 22:36:48 INFO  epoch 69 training [time: 0.19s, train_loss1: 2.8167, train_loss2: 0.0401, train_loss3: 0.0109, train_loss4: 0.0000]
Sun 15 Mar 2026 22:36:48 INFO  epoch 69 evaluating [time: 0.15s, valid_score: 0.320400]
Sun 15 Mar 2026 22:36:48 INFO  valid result: 
recall@1 : 0.1285    recall@2 : 0.2028    recall@3 : 0.2657    recall@4 : 0.309    recall@5 : 0.3433    recall@10 : 0.4771    recall@20 : 0.6182    recall@30 : 0.6961    recall@50 : 0.7819    ndcg@1 : 0.2056    ndcg@2 : 0.2235    ndcg@3 : 0.2464    ndcg@4 : 0.2611    ndcg@5 : 0.2737    ndcg@10 : 0.3204    ndcg@20 : 0.3629    ndcg@30 : 0.3837    ndcg@50 : 0.4042    precision@1 : 0.2056    precision@2 : 0.1642    precision@3 : 0.1474    precision@4 : 0.1304    precision@5 : 0.1188    precision@10 : 0.0858    precision@20 : 0.0597    precision@30 : 0.0462    precision@50 : 0.0324    map@1 : 0.2056    map@2 : 0.1987    map@3 : 0.2065    map@4 : 0.2116    map@5 : 0.2166    map@10 : 0.2357    map@20 : 0.2504    map@30 : 0.2562    map@50 : 0.2611
Sun 15 Mar 2026 22:36:48 INFO  Saving current: saved/SCL-Mar-15-2026_22-36-23.pth
Sun 15 Mar 2026 22:36:48 INFO  Saving current best: saved/SCL-Mar-15-2026_22-36-23.pth
Sun 15 Mar 2026 22:36:48 INFO  Running E-step ! 
Sun 15 Mar 2026 22:36:49 INFO  epoch 70 training [time: 0.16s, train_loss1: 2.7717, train_loss2: 0.0401, train_loss3: 0.0109, train_loss4: 0.0000]
Sun 15 Mar 2026 22:36:49 INFO  epoch 70 evaluating [time: 0.14s, valid_score: 0.320100]
Sun 15 Mar 2026 22:36:49 INFO  valid result: 
recall@1 : 0.1287    recall@2 : 0.2036    recall@3 : 0.265    recall@4 : 0.3075    recall@5 : 0.3436    recall@10 : 0.4761    recall@20 : 0.6197    recall@30 : 0.6983    recall@50 : 0.7822    ndcg@1 : 0.2056    ndcg@2 : 0.2239    ndcg@3 : 0.2464    ndcg@4 : 0.2605    ndcg@5 : 0.2739    ndcg@10 : 0.3201    ndcg@20 : 0.3634    ndcg@30 : 0.3843    ndcg@50 : 0.4044    precision@1 : 0.2056    precision@2 : 0.1645    precision@3 : 0.1474    precision@4 : 0.1298    precision@5 : 0.1191    precision@10 : 0.0858    precision@20 : 0.0598    precision@30 : 0.0463    precision@50 : 0.0324    map@1 : 0.2056    map@2 : 0.1989    map@3 : 0.2064    map@4 : 0.2113    map@5 : 0.2167    map@10 : 0.2357    map@20 : 0.2506    map@30 : 0.2564    map@50 : 0.2612
Sun 15 Mar 2026 22:36:49 INFO  Running E-step ! 
Sun 15 Mar 2026 22:36:49 INFO  epoch 71 training [time: 0.17s, train_loss1: 2.7950, train_loss2: 0.0400, train_loss3: 0.0109, train_loss4: 0.0000]
Sun 15 Mar 2026 22:36:49 INFO  epoch 71 evaluating [time: 0.15s, valid_score: 0.320600]
Sun 15 Mar 2026 22:36:49 INFO  valid result: 
recall@1 : 0.1286    recall@2 : 0.2042    recall@3 : 0.2644    recall@4 : 0.3081    recall@5 : 0.3439    recall@10 : 0.4775    recall@20 : 0.6206    recall@30 : 0.6989    recall@50 : 0.7843    ndcg@1 : 0.2056    ndcg@2 : 0.2242    ndcg@3 : 0.2462    ndcg@4 : 0.2609    ndcg@5 : 0.2743    ndcg@10 : 0.3206    ndcg@20 : 0.3638    ndcg@30 : 0.3846    ndcg@50 : 0.405    precision@1 : 0.2056    precision@2 : 0.1648    precision@3 : 0.1472    precision@4 : 0.1301    precision@5 : 0.1195    precision@10 : 0.086    precision@20 : 0.06    precision@30 : 0.0464    precision@50 : 0.0325    map@1 : 0.2056    map@2 : 0.1992    map@3 : 0.2065    map@4 : 0.2116    map@5 : 0.2171    map@10 : 0.236    map@20 : 0.2509    map@30 : 0.2566    map@50 : 0.2615
Sun 15 Mar 2026 22:36:49 INFO  Saving current: saved/SCL-Mar-15-2026_22-36-23.pth
Sun 15 Mar 2026 22:36:49 INFO  Saving current best: saved/SCL-Mar-15-2026_22-36-23.pth
Sun 15 Mar 2026 22:36:49 INFO  Running E-step ! 
Sun 15 Mar 2026 22:36:49 INFO  epoch 72 training [time: 0.17s, train_loss1: 2.7364, train_loss2: 0.0400, train_loss3: 0.0109, train_loss4: 0.0000]
Sun 15 Mar 2026 22:36:49 INFO  epoch 72 evaluating [time: 0.15s, valid_score: 0.320600]
Sun 15 Mar 2026 22:36:49 INFO  valid result: 
recall@1 : 0.128    recall@2 : 0.2058    recall@3 : 0.2669    recall@4 : 0.3078    recall@5 : 0.3443    recall@10 : 0.4767    recall@20 : 0.6203    recall@30 : 0.6997    recall@50 : 0.7841    ndcg@1 : 0.205    ndcg@2 : 0.2252    ndcg@3 : 0.2475    ndcg@4 : 0.261    ndcg@5 : 0.2747    ndcg@10 : 0.3206    ndcg@20 : 0.364    ndcg@30 : 0.3852    ndcg@50 : 0.4054    precision@1 : 0.205    precision@2 : 0.166    precision@3 : 0.1484    precision@4 : 0.1302    precision@5 : 0.1198    precision@10 : 0.0859    precision@20 : 0.06    precision@30 : 0.0465    precision@50 : 0.0325    map@1 : 0.205    map@2 : 0.1998    map@3 : 0.2073    map@4 : 0.2118    map@5 : 0.2174    map@10 : 0.2361    map@20 : 0.2512    map@30 : 0.2571    map@50 : 0.2619
Sun 15 Mar 2026 22:36:49 INFO  Saving current: saved/SCL-Mar-15-2026_22-36-23.pth
Sun 15 Mar 2026 22:36:49 INFO  Saving current best: saved/SCL-Mar-15-2026_22-36-23.pth
Sun 15 Mar 2026 22:36:49 INFO  Running E-step ! 
Sun 15 Mar 2026 22:36:50 INFO  epoch 73 training [time: 0.19s, train_loss1: 2.7213, train_loss2: 0.0399, train_loss3: 0.0109, train_loss4: 0.0000]
Sun 15 Mar 2026 22:36:50 INFO  epoch 73 evaluating [time: 0.15s, valid_score: 0.321100]
Sun 15 Mar 2026 22:36:50 INFO  valid result: 
recall@1 : 0.1282    recall@2 : 0.2069    recall@3 : 0.2665    recall@4 : 0.307    recall@5 : 0.3448    recall@10 : 0.4767    recall@20 : 0.621    recall@30 : 0.7005    recall@50 : 0.7849    ndcg@1 : 0.205    ndcg@2 : 0.2265    ndcg@3 : 0.2475    ndcg@4 : 0.261    ndcg@5 : 0.2752    ndcg@10 : 0.3211    ndcg@20 : 0.3646    ndcg@30 : 0.3858    ndcg@50 : 0.4059    precision@1 : 0.205    precision@2 : 0.1675    precision@3 : 0.1482    precision@4 : 0.1302    precision@5 : 0.1201    precision@10 : 0.0863    precision@20 : 0.0601    precision@30 : 0.0466    precision@50 : 0.0326    map@1 : 0.205    map@2 : 0.201    map@3 : 0.2074    map@4 : 0.2119    map@5 : 0.2178    map@10 : 0.2367    map@20 : 0.2516    map@30 : 0.2576    map@50 : 0.2624
Sun 15 Mar 2026 22:36:50 INFO  Saving current: saved/SCL-Mar-15-2026_22-36-23.pth
Sun 15 Mar 2026 22:36:50 INFO  Saving current best: saved/SCL-Mar-15-2026_22-36-23.pth
Sun 15 Mar 2026 22:36:50 INFO  Running E-step ! 
Sun 15 Mar 2026 22:36:50 INFO  epoch 74 training [time: 0.17s, train_loss1: 2.7264, train_loss2: 0.0399, train_loss3: 0.0109, train_loss4: 0.0000]
Sun 15 Mar 2026 22:36:50 INFO  epoch 74 evaluating [time: 0.15s, valid_score: 0.321800]
Sun 15 Mar 2026 22:36:50 INFO  valid result: 
recall@1 : 0.1282    recall@2 : 0.2078    recall@3 : 0.267    recall@4 : 0.3079    recall@5 : 0.3457    recall@10 : 0.4775    recall@20 : 0.622    recall@30 : 0.6998    recall@50 : 0.7867    ndcg@1 : 0.205    ndcg@2 : 0.2274    ndcg@3 : 0.2482    ndcg@4 : 0.2618    ndcg@5 : 0.2759    ndcg@10 : 0.3218    ndcg@20 : 0.3651    ndcg@30 : 0.386    ndcg@50 : 0.4067    precision@1 : 0.205    precision@2 : 0.1687    precision@3 : 0.1488    precision@4 : 0.1308    precision@5 : 0.1205    precision@10 : 0.0867    precision@20 : 0.0601    precision@30 : 0.0466    precision@50 : 0.0327    map@1 : 0.205    map@2 : 0.2019    map@3 : 0.2079    map@4 : 0.2125    map@5 : 0.2183    map@10 : 0.2372    map@20 : 0.2521    map@30 : 0.258    map@50 : 0.2629
Sun 15 Mar 2026 22:36:50 INFO  Saving current: saved/SCL-Mar-15-2026_22-36-23.pth
Sun 15 Mar 2026 22:36:50 INFO  Saving current best: saved/SCL-Mar-15-2026_22-36-23.pth
Sun 15 Mar 2026 22:36:50 INFO  Running E-step ! 
Sun 15 Mar 2026 22:36:50 INFO  epoch 75 training [time: 0.18s, train_loss1: 2.7096, train_loss2: 0.0398, train_loss3: 0.0109, train_loss4: 0.0000]
Sun 15 Mar 2026 22:36:51 INFO  epoch 75 evaluating [time: 0.15s, valid_score: 0.321300]
Sun 15 Mar 2026 22:36:51 INFO  valid result: 
recall@1 : 0.1276    recall@2 : 0.2072    recall@3 : 0.2655    recall@4 : 0.3075    recall@5 : 0.3461    recall@10 : 0.4774    recall@20 : 0.6243    recall@30 : 0.7004    recall@50 : 0.79    ndcg@1 : 0.2044    ndcg@2 : 0.2266    ndcg@3 : 0.2471    ndcg@4 : 0.2612    ndcg@5 : 0.2756    ndcg@10 : 0.3213    ndcg@20 : 0.3654    ndcg@30 : 0.3859    ndcg@50 : 0.4071    precision@1 : 0.2044    precision@2 : 0.1681    precision@3 : 0.1484    precision@4 : 0.1308    precision@5 : 0.1207    precision@10 : 0.0867    precision@20 : 0.0603    precision@30 : 0.0468    precision@50 : 0.0328    map@1 : 0.2044    map@2 : 0.201    map@3 : 0.207    map@4 : 0.2118    map@5 : 0.2179    map@10 : 0.2367    map@20 : 0.2518    map@30 : 0.2576    map@50 : 0.2626
Sun 15 Mar 2026 22:36:51 INFO  Running E-step ! 
Sun 15 Mar 2026 22:36:51 INFO  epoch 76 training [time: 0.15s, train_loss1: 2.7260, train_loss2: 0.0397, train_loss3: 0.0109, train_loss4: 0.0000]
Sun 15 Mar 2026 22:36:51 INFO  epoch 76 evaluating [time: 0.14s, valid_score: 0.321600]
Sun 15 Mar 2026 22:36:51 INFO  valid result: 
recall@1 : 0.1277    recall@2 : 0.2076    recall@3 : 0.2661    recall@4 : 0.3076    recall@5 : 0.3462    recall@10 : 0.4777    recall@20 : 0.6254    recall@30 : 0.7006    recall@50 : 0.7909    ndcg@1 : 0.205    ndcg@2 : 0.2272    ndcg@3 : 0.2476    ndcg@4 : 0.2616    ndcg@5 : 0.276    ndcg@10 : 0.3216    ndcg@20 : 0.3658    ndcg@30 : 0.3862    ndcg@50 : 0.4075    precision@1 : 0.205    precision@2 : 0.1687    precision@3 : 0.1486    precision@4 : 0.1311    precision@5 : 0.121    precision@10 : 0.0868    precision@20 : 0.0605    precision@30 : 0.0468    precision@50 : 0.0328    map@1 : 0.205    map@2 : 0.2016    map@3 : 0.2074    map@4 : 0.2121    map@5 : 0.2183    map@10 : 0.2369    map@20 : 0.2521    map@30 : 0.2579    map@50 : 0.2629
Sun 15 Mar 2026 22:36:51 INFO  Running E-step ! 
Sun 15 Mar 2026 22:36:51 INFO  epoch 77 training [time: 0.17s, train_loss1: 2.7064, train_loss2: 0.0397, train_loss3: 0.0109, train_loss4: 0.0000]
Sun 15 Mar 2026 22:36:51 INFO  epoch 77 evaluating [time: 0.15s, valid_score: 0.322600]
Sun 15 Mar 2026 22:36:51 INFO  valid result: 
recall@1 : 0.128    recall@2 : 0.2094    recall@3 : 0.266    recall@4 : 0.3084    recall@5 : 0.3477    recall@10 : 0.4792    recall@20 : 0.6266    recall@30 : 0.7001    recall@50 : 0.7912    ndcg@1 : 0.2056    ndcg@2 : 0.2286    ndcg@3 : 0.248    ndcg@4 : 0.2623    ndcg@5 : 0.277    ndcg@10 : 0.3226    ndcg@20 : 0.3668    ndcg@30 : 0.3866    ndcg@50 : 0.4081    precision@1 : 0.2056    precision@2 : 0.1698    precision@3 : 0.1488    precision@4 : 0.1314    precision@5 : 0.1213    precision@10 : 0.0871    precision@20 : 0.0607    precision@30 : 0.0467    precision@50 : 0.0328    map@1 : 0.2056    map@2 : 0.2026    map@3 : 0.2078    map@4 : 0.2127    map@5 : 0.219    map@10 : 0.2378    map@20 : 0.2529    map@30 : 0.2585    map@50 : 0.2636
Sun 15 Mar 2026 22:36:51 INFO  Saving current: saved/SCL-Mar-15-2026_22-36-23.pth
Sun 15 Mar 2026 22:36:51 INFO  Saving current best: saved/SCL-Mar-15-2026_22-36-23.pth
Sun 15 Mar 2026 22:36:51 INFO  Running E-step ! 
Sun 15 Mar 2026 22:36:51 INFO  epoch 78 training [time: 0.19s, train_loss1: 2.6805, train_loss2: 0.0396, train_loss3: 0.0109, train_loss4: 0.0000]
Sun 15 Mar 2026 22:36:51 INFO  epoch 78 evaluating [time: 0.15s, valid_score: 0.322700]
Sun 15 Mar 2026 22:36:51 INFO  valid result: 
recall@1 : 0.1282    recall@2 : 0.2097    recall@3 : 0.266    recall@4 : 0.3078    recall@5 : 0.3476    recall@10 : 0.4786    recall@20 : 0.6274    recall@30 : 0.6997    recall@50 : 0.7915    ndcg@1 : 0.2062    ndcg@2 : 0.2288    ndcg@3 : 0.2481    ndcg@4 : 0.2623    ndcg@5 : 0.2771    ndcg@10 : 0.3227    ndcg@20 : 0.3672    ndcg@30 : 0.3867    ndcg@50 : 0.4084    precision@1 : 0.2062    precision@2 : 0.1698    precision@3 : 0.1488    precision@4 : 0.1314    precision@5 : 0.1213    precision@10 : 0.0873    precision@20 : 0.0608    precision@30 : 0.0467    precision@50 : 0.0329    map@1 : 0.2062    map@2 : 0.2029    map@3 : 0.2079    map@4 : 0.2129    map@5 : 0.2192    map@10 : 0.238    map@20 : 0.2532    map@30 : 0.2587    map@50 : 0.2639
Sun 15 Mar 2026 22:36:52 INFO  Saving current: saved/SCL-Mar-15-2026_22-36-23.pth
Sun 15 Mar 2026 22:36:52 INFO  Saving current best: saved/SCL-Mar-15-2026_22-36-23.pth
Sun 15 Mar 2026 22:36:52 INFO  Running E-step ! 
Sun 15 Mar 2026 22:36:52 INFO  epoch 79 training [time: 0.16s, train_loss1: 2.6529, train_loss2: 0.0396, train_loss3: 0.0109, train_loss4: 0.0000]
Sun 15 Mar 2026 22:36:52 INFO  epoch 79 evaluating [time: 0.15s, valid_score: 0.323100]
Sun 15 Mar 2026 22:36:52 INFO  valid result: 
recall@1 : 0.1289    recall@2 : 0.2104    recall@3 : 0.2665    recall@4 : 0.3071    recall@5 : 0.3467    recall@10 : 0.4782    recall@20 : 0.6276    recall@30 : 0.6997    recall@50 : 0.7939    ndcg@1 : 0.2074    ndcg@2 : 0.2296    ndcg@3 : 0.249    ndcg@4 : 0.2625    ndcg@5 : 0.2771    ndcg@10 : 0.3231    ndcg@20 : 0.3677    ndcg@30 : 0.3872    ndcg@50 : 0.4093    precision@1 : 0.2074    precision@2 : 0.1701    precision@3 : 0.1494    precision@4 : 0.1314    precision@5 : 0.1209    precision@10 : 0.0874    precision@20 : 0.0608    precision@30 : 0.0468    precision@50 : 0.0329    map@1 : 0.2074    map@2 : 0.2035    map@3 : 0.2088    map@4 : 0.2132    map@5 : 0.2193    map@10 : 0.2386    map@20 : 0.2538    map@30 : 0.2594    map@50 : 0.2645
Sun 15 Mar 2026 22:36:52 INFO  Saving current: saved/SCL-Mar-15-2026_22-36-23.pth
Sun 15 Mar 2026 22:36:52 INFO  Saving current best: saved/SCL-Mar-15-2026_22-36-23.pth
Sun 15 Mar 2026 22:36:52 INFO  Running E-step ! 
Sun 15 Mar 2026 22:36:52 INFO  epoch 80 training [time: 0.17s, train_loss1: 2.6646, train_loss2: 0.0395, train_loss3: 0.0109, train_loss4: 0.0000]
Sun 15 Mar 2026 22:36:52 INFO  epoch 80 evaluating [time: 0.15s, valid_score: 0.323500]
Sun 15 Mar 2026 22:36:52 INFO  valid result: 
recall@1 : 0.1291    recall@2 : 0.2107    recall@3 : 0.2677    recall@4 : 0.3067    recall@5 : 0.3457    recall@10 : 0.4786    recall@20 : 0.6271    recall@30 : 0.7005    recall@50 : 0.7952    ndcg@1 : 0.2086    ndcg@2 : 0.23    ndcg@3 : 0.2499    ndcg@4 : 0.2629    ndcg@5 : 0.277    ndcg@10 : 0.3235    ndcg@20 : 0.3679    ndcg@30 : 0.3877    ndcg@50 : 0.4098    precision@1 : 0.2086    precision@2 : 0.1701    precision@3 : 0.1498    precision@4 : 0.1319    precision@5 : 0.1207    precision@10 : 0.0875    precision@20 : 0.0609    precision@30 : 0.0469    precision@50 : 0.0329    map@1 : 0.2086    map@2 : 0.2041    map@3 : 0.2094    map@4 : 0.2137    map@5 : 0.2195    map@10 : 0.239    map@20 : 0.2541    map@30 : 0.2598    map@50 : 0.2649
Sun 15 Mar 2026 22:36:52 INFO  Saving current: saved/SCL-Mar-15-2026_22-36-23.pth
Sun 15 Mar 2026 22:36:52 INFO  Saving current best: saved/SCL-Mar-15-2026_22-36-23.pth
Sun 15 Mar 2026 22:36:52 INFO  Running E-step ! 
Sun 15 Mar 2026 22:36:52 INFO  epoch 81 training [time: 0.20s, train_loss1: 2.6408, train_loss2: 0.0394, train_loss3: 0.0109, train_loss4: 0.0000]
Sun 15 Mar 2026 22:36:53 INFO  epoch 81 evaluating [time: 0.15s, valid_score: 0.323200]
Sun 15 Mar 2026 22:36:53 INFO  valid result: 
recall@1 : 0.1294    recall@2 : 0.2109    recall@3 : 0.2685    recall@4 : 0.3061    recall@5 : 0.3452    recall@10 : 0.4767    recall@20 : 0.6282    recall@30 : 0.701    recall@50 : 0.7964    ndcg@1 : 0.2086    ndcg@2 : 0.2303    ndcg@3 : 0.2505    ndcg@4 : 0.2627    ndcg@5 : 0.277    ndcg@10 : 0.3232    ndcg@20 : 0.3685    ndcg@30 : 0.388    ndcg@50 : 0.4103    precision@1 : 0.2086    precision@2 : 0.1704    precision@3 : 0.1502    precision@4 : 0.1316    precision@5 : 0.1207    precision@10 : 0.0874    precision@20 : 0.0611    precision@30 : 0.0469    precision@50 : 0.033    map@1 : 0.2086    map@2 : 0.2044    map@3 : 0.21    map@4 : 0.2137    map@5 : 0.2196    map@10 : 0.2391    map@20 : 0.2546    map@30 : 0.2601    map@50 : 0.2652
Sun 15 Mar 2026 22:36:53 INFO  Running E-step ! 
Sun 15 Mar 2026 22:36:53 INFO  epoch 82 training [time: 0.19s, train_loss1: 2.6729, train_loss2: 0.0394, train_loss3: 0.0109, train_loss4: 0.0000]
Sun 15 Mar 2026 22:36:53 INFO  epoch 82 evaluating [time: 0.14s, valid_score: 0.323800]
Sun 15 Mar 2026 22:36:53 INFO  valid result: 
recall@1 : 0.1296    recall@2 : 0.2119    recall@3 : 0.2685    recall@4 : 0.3058    recall@5 : 0.3465    recall@10 : 0.4777    recall@20 : 0.6293    recall@30 : 0.7001    recall@50 : 0.7969    ndcg@1 : 0.2092    ndcg@2 : 0.2313    ndcg@3 : 0.2506    ndcg@4 : 0.2629    ndcg@5 : 0.2777    ndcg@10 : 0.3238    ndcg@20 : 0.3692    ndcg@30 : 0.3882    ndcg@50 : 0.4109    precision@1 : 0.2092    precision@2 : 0.1713    precision@3 : 0.15    precision@4 : 0.1317    precision@5 : 0.1211    precision@10 : 0.0875    precision@20 : 0.0611    precision@30 : 0.0468    precision@50 : 0.033    map@1 : 0.2092    map@2 : 0.2052    map@3 : 0.2102    map@4 : 0.214    map@5 : 0.2203    map@10 : 0.2396    map@20 : 0.255    map@30 : 0.2605    map@50 : 0.2657
Sun 15 Mar 2026 22:36:53 INFO  Saving current: saved/SCL-Mar-15-2026_22-36-23.pth
Sun 15 Mar 2026 22:36:53 INFO  Saving current best: saved/SCL-Mar-15-2026_22-36-23.pth
Sun 15 Mar 2026 22:36:53 INFO  Running E-step ! 
Sun 15 Mar 2026 22:36:53 INFO  epoch 83 training [time: 0.21s, train_loss1: 2.6413, train_loss2: 0.0393, train_loss3: 0.0109, train_loss4: 0.0000]
Sun 15 Mar 2026 22:36:53 INFO  epoch 83 evaluating [time: 0.15s, valid_score: 0.325000]
Sun 15 Mar 2026 22:36:53 INFO  valid result: 
recall@1 : 0.1306    recall@2 : 0.2128    recall@3 : 0.2688    recall@4 : 0.3067    recall@5 : 0.3464    recall@10 : 0.4794    recall@20 : 0.6293    recall@30 : 0.7006    recall@50 : 0.7983    ndcg@1 : 0.2098    ndcg@2 : 0.2322    ndcg@3 : 0.2515    ndcg@4 : 0.2638    ndcg@5 : 0.2782    ndcg@10 : 0.325    ndcg@20 : 0.3698    ndcg@30 : 0.389    ndcg@50 : 0.4118    precision@1 : 0.2098    precision@2 : 0.1719    precision@3 : 0.1506    precision@4 : 0.132    precision@5 : 0.121    precision@10 : 0.088    precision@20 : 0.0611    precision@30 : 0.0469    precision@50 : 0.0331    map@1 : 0.2098    map@2 : 0.206    map@3 : 0.2111    map@4 : 0.2148    map@5 : 0.2209    map@10 : 0.2407    map@20 : 0.2558    map@30 : 0.2614    map@50 : 0.2666
Sun 15 Mar 2026 22:36:53 INFO  Saving current: saved/SCL-Mar-15-2026_22-36-23.pth
Sun 15 Mar 2026 22:36:53 INFO  Saving current best: saved/SCL-Mar-15-2026_22-36-23.pth
Sun 15 Mar 2026 22:36:53 INFO  Running E-step ! 
Sun 15 Mar 2026 22:36:53 INFO  epoch 84 training [time: 0.20s, train_loss1: 2.6297, train_loss2: 0.0392, train_loss3: 0.0109, train_loss4: 0.0000]
Sun 15 Mar 2026 22:36:54 INFO  epoch 84 evaluating [time: 0.14s, valid_score: 0.325700]
Sun 15 Mar 2026 22:36:54 INFO  valid result: 
recall@1 : 0.1306    recall@2 : 0.2149    recall@3 : 0.2697    recall@4 : 0.3061    recall@5 : 0.3465    recall@10 : 0.48    recall@20 : 0.6293    recall@30 : 0.7006    recall@50 : 0.7973    ndcg@1 : 0.2092    ndcg@2 : 0.2336    ndcg@3 : 0.2524    ndcg@4 : 0.2638    ndcg@5 : 0.2786    ndcg@10 : 0.3257    ndcg@20 : 0.3702    ndcg@30 : 0.3894    ndcg@50 : 0.4121    precision@1 : 0.2092    precision@2 : 0.1734    precision@3 : 0.1514    precision@4 : 0.1317    precision@5 : 0.1212    precision@10 : 0.0883    precision@20 : 0.0611    precision@30 : 0.0469    precision@50 : 0.0331    map@1 : 0.2092    map@2 : 0.2072    map@3 : 0.212    map@4 : 0.2151    map@5 : 0.2214    map@10 : 0.2413    map@20 : 0.2564    map@30 : 0.262    map@50 : 0.2672
Sun 15 Mar 2026 22:36:54 INFO  Saving current: saved/SCL-Mar-15-2026_22-36-23.pth
Sun 15 Mar 2026 22:36:54 INFO  Saving current best: saved/SCL-Mar-15-2026_22-36-23.pth
Sun 15 Mar 2026 22:36:54 INFO  Running E-step ! 
Sun 15 Mar 2026 22:36:54 INFO  epoch 85 training [time: 0.21s, train_loss1: 2.6312, train_loss2: 0.0392, train_loss3: 0.0109, train_loss4: 0.0000]
Sun 15 Mar 2026 22:36:54 INFO  epoch 85 evaluating [time: 0.15s, valid_score: 0.326900]
Sun 15 Mar 2026 22:36:54 INFO  valid result: 
recall@1 : 0.1317    recall@2 : 0.2163    recall@3 : 0.2695    recall@4 : 0.3073    recall@5 : 0.3467    recall@10 : 0.4814    recall@20 : 0.6284    recall@30 : 0.7008    recall@50 : 0.7973    ndcg@1 : 0.211    ndcg@2 : 0.2351    ndcg@3 : 0.2529    ndcg@4 : 0.265    ndcg@5 : 0.2795    ndcg@10 : 0.3269    ndcg@20 : 0.3708    ndcg@30 : 0.3904    ndcg@50 : 0.4129    precision@1 : 0.211    precision@2 : 0.1743    precision@3 : 0.1512    precision@4 : 0.1322    precision@5 : 0.1216    precision@10 : 0.0884    precision@20 : 0.061    precision@30 : 0.047    precision@50 : 0.0331    map@1 : 0.211    map@2 : 0.2086    map@3 : 0.2127    map@4 : 0.2163    map@5 : 0.2225    map@10 : 0.2424    map@20 : 0.2573    map@30 : 0.2631    map@50 : 0.2682
Sun 15 Mar 2026 22:36:54 INFO  Saving current: saved/SCL-Mar-15-2026_22-36-23.pth
Sun 15 Mar 2026 22:36:54 INFO  Saving current best: saved/SCL-Mar-15-2026_22-36-23.pth
Sun 15 Mar 2026 22:36:54 INFO  Running E-step ! 
Sun 15 Mar 2026 22:36:54 INFO  epoch 86 training [time: 0.20s, train_loss1: 2.6257, train_loss2: 0.0391, train_loss3: 0.0109, train_loss4: 0.0000]
Sun 15 Mar 2026 22:36:54 INFO  epoch 86 evaluating [time: 0.15s, valid_score: 0.327500]
Sun 15 Mar 2026 22:36:54 INFO  valid result: 
recall@1 : 0.1319    recall@2 : 0.2161    recall@3 : 0.2696    recall@4 : 0.3078    recall@5 : 0.3451    recall@10 : 0.483    recall@20 : 0.6292    recall@30 : 0.7003    recall@50 : 0.7985    ndcg@1 : 0.2116    ndcg@2 : 0.2348    ndcg@3 : 0.2529    ndcg@4 : 0.2654    ndcg@5 : 0.279    ndcg@10 : 0.3275    ndcg@20 : 0.3712    ndcg@30 : 0.3905    ndcg@50 : 0.4134    precision@1 : 0.2116    precision@2 : 0.1737    precision@3 : 0.1512    precision@4 : 0.1324    precision@5 : 0.1213    precision@10 : 0.0887    precision@20 : 0.0611    precision@30 : 0.047    precision@50 : 0.0331    map@1 : 0.2116    map@2 : 0.2084    map@3 : 0.2127    map@4 : 0.2165    map@5 : 0.2224    map@10 : 0.2428    map@20 : 0.2576    map@30 : 0.2633    map@50 : 0.2685
Sun 15 Mar 2026 22:36:54 INFO  Saving current: saved/SCL-Mar-15-2026_22-36-23.pth
Sun 15 Mar 2026 22:36:54 INFO  Saving current best: saved/SCL-Mar-15-2026_22-36-23.pth
Sun 15 Mar 2026 22:36:54 INFO  Running E-step ! 
Sun 15 Mar 2026 22:36:55 INFO  epoch 87 training [time: 0.19s, train_loss1: 2.5913, train_loss2: 0.0390, train_loss3: 0.0109, train_loss4: 0.0000]
Sun 15 Mar 2026 22:36:55 INFO  epoch 87 evaluating [time: 0.15s, valid_score: 0.327800]
Sun 15 Mar 2026 22:36:55 INFO  valid result: 
recall@1 : 0.132    recall@2 : 0.2171    recall@3 : 0.2696    recall@4 : 0.3089    recall@5 : 0.3447    recall@10 : 0.4828    recall@20 : 0.6291    recall@30 : 0.699    recall@50 : 0.8013    ndcg@1 : 0.2122    ndcg@2 : 0.2358    ndcg@3 : 0.2531    ndcg@4 : 0.2662    ndcg@5 : 0.2791    ndcg@10 : 0.3278    ndcg@20 : 0.3716    ndcg@30 : 0.3907    ndcg@50 : 0.4143    precision@1 : 0.2122    precision@2 : 0.1746    precision@3 : 0.151    precision@4 : 0.133    precision@5 : 0.1211    precision@10 : 0.0888    precision@20 : 0.0611    precision@30 : 0.0471    precision@50 : 0.0332    map@1 : 0.2122    map@2 : 0.2092    map@3 : 0.2129    map@4 : 0.2172    map@5 : 0.2226    map@10 : 0.2431    map@20 : 0.258    map@30 : 0.2638    map@50 : 0.269
Sun 15 Mar 2026 22:36:55 INFO  Saving current: saved/SCL-Mar-15-2026_22-36-23.pth
Sun 15 Mar 2026 22:36:55 INFO  Saving current best: saved/SCL-Mar-15-2026_22-36-23.pth
Sun 15 Mar 2026 22:36:55 INFO  Running E-step ! 
Sun 15 Mar 2026 22:36:55 INFO  epoch 88 training [time: 0.17s, train_loss1: 2.5741, train_loss2: 0.0390, train_loss3: 0.0109, train_loss4: 0.0000]
Sun 15 Mar 2026 22:36:55 INFO  epoch 88 evaluating [time: 0.14s, valid_score: 0.327300]
Sun 15 Mar 2026 22:36:55 INFO  valid result: 
recall@1 : 0.1307    recall@2 : 0.2177    recall@3 : 0.2691    recall@4 : 0.3081    recall@5 : 0.3446    recall@10 : 0.4824    recall@20 : 0.6289    recall@30 : 0.6985    recall@50 : 0.8018    ndcg@1 : 0.2104    ndcg@2 : 0.2356    ndcg@3 : 0.2524    ndcg@4 : 0.2654    ndcg@5 : 0.2786    ndcg@10 : 0.3273    ndcg@20 : 0.3711    ndcg@30 : 0.3903    ndcg@50 : 0.4141    precision@1 : 0.2104    precision@2 : 0.1749    precision@3 : 0.1508    precision@4 : 0.133    precision@5 : 0.1213    precision@10 : 0.0889    precision@20 : 0.0611    precision@30 : 0.0471    precision@50 : 0.0332    map@1 : 0.2104    map@2 : 0.2087    map@3 : 0.2121    map@4 : 0.2165    map@5 : 0.222    map@10 : 0.2426    map@20 : 0.2575    map@30 : 0.2633    map@50 : 0.2686
Sun 15 Mar 2026 22:36:55 INFO  Running E-step ! 
Sun 15 Mar 2026 22:36:55 INFO  epoch 89 training [time: 0.17s, train_loss1: 2.5974, train_loss2: 0.0389, train_loss3: 0.0109, train_loss4: 0.0000]
Sun 15 Mar 2026 22:36:55 INFO  epoch 89 evaluating [time: 0.15s, valid_score: 0.327600]
Sun 15 Mar 2026 22:36:55 INFO  valid result: 
recall@1 : 0.1315    recall@2 : 0.2178    recall@3 : 0.2687    recall@4 : 0.3079    recall@5 : 0.3461    recall@10 : 0.4823    recall@20 : 0.6296    recall@30 : 0.6987    recall@50 : 0.8017    ndcg@1 : 0.211    ndcg@2 : 0.2361    ndcg@3 : 0.2525    ndcg@4 : 0.2658    ndcg@5 : 0.2797    ndcg@10 : 0.3276    ndcg@20 : 0.3717    ndcg@30 : 0.3907    ndcg@50 : 0.4145    precision@1 : 0.211    precision@2 : 0.1752    precision@3 : 0.1506    precision@4 : 0.1333    precision@5 : 0.1221    precision@10 : 0.0889    precision@20 : 0.0612    precision@30 : 0.0471    precision@50 : 0.0332    map@1 : 0.211    map@2 : 0.2093    map@3 : 0.2124    map@4 : 0.2171    map@5 : 0.223    map@10 : 0.2432    map@20 : 0.2581    map@30 : 0.2639    map@50 : 0.2692
Sun 15 Mar 2026 22:36:55 INFO  Running E-step ! 
Sun 15 Mar 2026 22:36:56 INFO  epoch 90 training [time: 0.17s, train_loss1: 2.6225, train_loss2: 0.0388, train_loss3: 0.0109, train_loss4: 0.0000]
Sun 15 Mar 2026 22:36:56 INFO  epoch 90 evaluating [time: 0.15s, valid_score: 0.328400]
Sun 15 Mar 2026 22:36:56 INFO  valid result: 
recall@1 : 0.1315    recall@2 : 0.2164    recall@3 : 0.2687    recall@4 : 0.31    recall@5 : 0.3468    recall@10 : 0.4845    recall@20 : 0.6294    recall@30 : 0.6989    recall@50 : 0.8012    ndcg@1 : 0.211    ndcg@2 : 0.2349    ndcg@3 : 0.2522    ndcg@4 : 0.2668    ndcg@5 : 0.2799    ndcg@10 : 0.3284    ndcg@20 : 0.3718    ndcg@30 : 0.3908    ndcg@50 : 0.4145    precision@1 : 0.211    precision@2 : 0.174    precision@3 : 0.1506    precision@4 : 0.1344    precision@5 : 0.1223    precision@10 : 0.0893    precision@20 : 0.0612    precision@30 : 0.0471    precision@50 : 0.0332    map@1 : 0.211    map@2 : 0.2084    map@3 : 0.2122    map@4 : 0.2176    map@5 : 0.2232    map@10 : 0.2434    map@20 : 0.2582    map@30 : 0.264    map@50 : 0.2692
Sun 15 Mar 2026 22:36:56 INFO  Saving current: saved/SCL-Mar-15-2026_22-36-23.pth
Sun 15 Mar 2026 22:36:56 INFO  Saving current best: saved/SCL-Mar-15-2026_22-36-23.pth
Sun 15 Mar 2026 22:36:56 INFO  Running E-step ! 
Sun 15 Mar 2026 22:36:56 INFO  epoch 91 training [time: 0.18s, train_loss1: 2.5657, train_loss2: 0.0388, train_loss3: 0.0109, train_loss4: 0.0000]
Sun 15 Mar 2026 22:36:56 INFO  epoch 91 evaluating [time: 0.14s, valid_score: 0.329000]
Sun 15 Mar 2026 22:36:56 INFO  valid result: 
recall@1 : 0.1317    recall@2 : 0.2168    recall@3 : 0.2696    recall@4 : 0.3112    recall@5 : 0.3463    recall@10 : 0.485    recall@20 : 0.6306    recall@30 : 0.6984    recall@50 : 0.8023    ndcg@1 : 0.2116    ndcg@2 : 0.2354    ndcg@3 : 0.2528    ndcg@4 : 0.2678    ndcg@5 : 0.2799    ndcg@10 : 0.329    ndcg@20 : 0.3725    ndcg@30 : 0.3911    ndcg@50 : 0.4152    precision@1 : 0.2116    precision@2 : 0.1743    precision@3 : 0.151    precision@4 : 0.1354    precision@5 : 0.1219    precision@10 : 0.0895    precision@20 : 0.0613    precision@30 : 0.047    precision@50 : 0.0333    map@1 : 0.2116    map@2 : 0.2089    map@3 : 0.2126    map@4 : 0.2186    map@5 : 0.2233    map@10 : 0.2439    map@20 : 0.2588    map@30 : 0.2644    map@50 : 0.2698
Sun 15 Mar 2026 22:36:56 INFO  Saving current: saved/SCL-Mar-15-2026_22-36-23.pth
Sun 15 Mar 2026 22:36:56 INFO  Saving current best: saved/SCL-Mar-15-2026_22-36-23.pth
Sun 15 Mar 2026 22:36:56 INFO  Running E-step ! 
Sun 15 Mar 2026 22:36:56 INFO  epoch 92 training [time: 0.19s, train_loss1: 2.5603, train_loss2: 0.0387, train_loss3: 0.0109, train_loss4: 0.0000]
Sun 15 Mar 2026 22:36:56 INFO  epoch 92 evaluating [time: 0.15s, valid_score: 0.329200]
Sun 15 Mar 2026 22:36:56 INFO  valid result: 
recall@1 : 0.1318    recall@2 : 0.2158    recall@3 : 0.2688    recall@4 : 0.3114    recall@5 : 0.3483    recall@10 : 0.4859    recall@20 : 0.6298    recall@30 : 0.6984    recall@50 : 0.8034    ndcg@1 : 0.2116    ndcg@2 : 0.2348    ndcg@3 : 0.2522    ndcg@4 : 0.2677    ndcg@5 : 0.2806    ndcg@10 : 0.3292    ndcg@20 : 0.3723    ndcg@30 : 0.3911    ndcg@50 : 0.4154    precision@1 : 0.2116    precision@2 : 0.1737    precision@3 : 0.1506    precision@4 : 0.1356    precision@5 : 0.1225    precision@10 : 0.0896    precision@20 : 0.0613    precision@30 : 0.0471    precision@50 : 0.0333    map@1 : 0.2116    map@2 : 0.2084    map@3 : 0.2121    map@4 : 0.2184    map@5 : 0.2236    map@10 : 0.244    map@20 : 0.2588    map@30 : 0.2644    map@50 : 0.2699
Sun 15 Mar 2026 22:36:56 INFO  Saving current: saved/SCL-Mar-15-2026_22-36-23.pth
Sun 15 Mar 2026 22:36:56 INFO  Saving current best: saved/SCL-Mar-15-2026_22-36-23.pth
Sun 15 Mar 2026 22:36:56 INFO  Running E-step ! 
Sun 15 Mar 2026 22:36:57 INFO  epoch 93 training [time: 0.18s, train_loss1: 2.5620, train_loss2: 0.0386, train_loss3: 0.0109, train_loss4: 0.0000]
Sun 15 Mar 2026 22:36:57 INFO  epoch 93 evaluating [time: 0.14s, valid_score: 0.329800]
Sun 15 Mar 2026 22:36:57 INFO  valid result: 
recall@1 : 0.1314    recall@2 : 0.2154    recall@3 : 0.2688    recall@4 : 0.3114    recall@5 : 0.3492    recall@10 : 0.4878    recall@20 : 0.6313    recall@30 : 0.6989    recall@50 : 0.8021    ndcg@1 : 0.2104    ndcg@2 : 0.2344    ndcg@3 : 0.2521    ndcg@4 : 0.2675    ndcg@5 : 0.2807    ndcg@10 : 0.3298    ndcg@20 : 0.3727    ndcg@30 : 0.3912    ndcg@50 : 0.4152    precision@1 : 0.2104    precision@2 : 0.1737    precision@3 : 0.1508    precision@4 : 0.1356    precision@5 : 0.1228    precision@10 : 0.09    precision@20 : 0.0614    precision@30 : 0.0471    precision@50 : 0.0333    map@1 : 0.2104    map@2 : 0.208    map@3 : 0.2119    map@4 : 0.2182    map@5 : 0.2236    map@10 : 0.2442    map@20 : 0.2588    map@30 : 0.2644    map@50 : 0.2699
Sun 15 Mar 2026 22:36:57 INFO  Saving current: saved/SCL-Mar-15-2026_22-36-23.pth
Sun 15 Mar 2026 22:36:57 INFO  Saving current best: saved/SCL-Mar-15-2026_22-36-23.pth
Sun 15 Mar 2026 22:36:57 INFO  Running E-step ! 
Sun 15 Mar 2026 22:36:57 INFO  epoch 94 training [time: 0.17s, train_loss1: 2.5437, train_loss2: 0.0386, train_loss3: 0.0109, train_loss4: 0.0000]
Sun 15 Mar 2026 22:36:57 INFO  epoch 94 evaluating [time: 0.15s, valid_score: 0.330100]
Sun 15 Mar 2026 22:36:57 INFO  valid result: 
recall@1 : 0.1317    recall@2 : 0.2148    recall@3 : 0.2682    recall@4 : 0.3124    recall@5 : 0.348    recall@10 : 0.4884    recall@20 : 0.6317    recall@30 : 0.7001    recall@50 : 0.8013    ndcg@1 : 0.211    ndcg@2 : 0.2341    ndcg@3 : 0.2517    ndcg@4 : 0.2679    ndcg@5 : 0.2802    ndcg@10 : 0.3301    ndcg@20 : 0.373    ndcg@30 : 0.3917    ndcg@50 : 0.4152    precision@1 : 0.211    precision@2 : 0.1734    precision@3 : 0.1504    precision@4 : 0.1359    precision@5 : 0.1223    precision@10 : 0.0902    precision@20 : 0.0615    precision@30 : 0.0472    precision@50 : 0.0333    map@1 : 0.211    map@2 : 0.2078    map@3 : 0.2116    map@4 : 0.2184    map@5 : 0.2233    map@10 : 0.2443    map@20 : 0.259    map@30 : 0.2647    map@50 : 0.27
Sun 15 Mar 2026 22:36:57 INFO  Saving current: saved/SCL-Mar-15-2026_22-36-23.pth
Sun 15 Mar 2026 22:36:57 INFO  Saving current best: saved/SCL-Mar-15-2026_22-36-23.pth
Sun 15 Mar 2026 22:36:57 INFO  Running E-step ! 
Sun 15 Mar 2026 22:36:57 INFO  epoch 95 training [time: 0.20s, train_loss1: 2.5641, train_loss2: 0.0385, train_loss3: 0.0109, train_loss4: 0.0000]
Sun 15 Mar 2026 22:36:57 INFO  epoch 95 evaluating [time: 0.15s, valid_score: 0.330700]
Sun 15 Mar 2026 22:36:57 INFO  valid result: 
recall@1 : 0.1331    recall@2 : 0.2143    recall@3 : 0.2677    recall@4 : 0.3128    recall@5 : 0.3488    recall@10 : 0.4885    recall@20 : 0.6315    recall@30 : 0.7002    recall@50 : 0.8012    ndcg@1 : 0.2128    ndcg@2 : 0.2343    ndcg@3 : 0.252    ndcg@4 : 0.2685    ndcg@5 : 0.281    ndcg@10 : 0.3307    ndcg@20 : 0.3735    ndcg@30 : 0.3924    ndcg@50 : 0.4159    precision@1 : 0.2128    precision@2 : 0.1731    precision@3 : 0.1504    precision@4 : 0.1359    precision@5 : 0.1226    precision@10 : 0.0902    precision@20 : 0.0615    precision@30 : 0.0472    precision@50 : 0.0333    map@1 : 0.2128    map@2 : 0.2083    map@3 : 0.2121    map@4 : 0.2191    map@5 : 0.2242    map@10 : 0.2451    map@20 : 0.2598    map@30 : 0.2655    map@50 : 0.2708
Sun 15 Mar 2026 22:36:57 INFO  Saving current: saved/SCL-Mar-15-2026_22-36-23.pth
Sun 15 Mar 2026 22:36:57 INFO  Saving current best: saved/SCL-Mar-15-2026_22-36-23.pth
Sun 15 Mar 2026 22:36:57 INFO  Running E-step ! 
Sun 15 Mar 2026 22:36:58 INFO  epoch 96 training [time: 0.18s, train_loss1: 2.5371, train_loss2: 0.0384, train_loss3: 0.0109, train_loss4: 0.0000]
Sun 15 Mar 2026 22:36:58 INFO  epoch 96 evaluating [time: 0.15s, valid_score: 0.330500]
Sun 15 Mar 2026 22:36:58 INFO  valid result: 
recall@1 : 0.1331    recall@2 : 0.2142    recall@3 : 0.2679    recall@4 : 0.3116    recall@5 : 0.3494    recall@10 : 0.4875    recall@20 : 0.6318    recall@30 : 0.7004    recall@50 : 0.8017    ndcg@1 : 0.2128    ndcg@2 : 0.2341    ndcg@3 : 0.252    ndcg@4 : 0.268    ndcg@5 : 0.2812    ndcg@10 : 0.3305    ndcg@20 : 0.3736    ndcg@30 : 0.3925    ndcg@50 : 0.4161    precision@1 : 0.2128    precision@2 : 0.1728    precision@3 : 0.1504    precision@4 : 0.1356    precision@5 : 0.1229    precision@10 : 0.0902    precision@20 : 0.0615    precision@30 : 0.0473    precision@50 : 0.0334    map@1 : 0.2128    map@2 : 0.208    map@3 : 0.2121    map@4 : 0.2188    map@5 : 0.2242    map@10 : 0.2451    map@20 : 0.2599    map@30 : 0.2656    map@50 : 0.2709
Sun 15 Mar 2026 22:36:58 INFO  Running E-step ! 
Sun 15 Mar 2026 22:36:58 INFO  epoch 97 training [time: 0.17s, train_loss1: 2.5376, train_loss2: 0.0384, train_loss3: 0.0109, train_loss4: 0.0000]
Sun 15 Mar 2026 22:36:58 INFO  epoch 97 evaluating [time: 0.14s, valid_score: 0.330900]
Sun 15 Mar 2026 22:36:58 INFO  valid result: 
recall@1 : 0.134    recall@2 : 0.2152    recall@3 : 0.2681    recall@4 : 0.3111    recall@5 : 0.3503    recall@10 : 0.487    recall@20 : 0.6319    recall@30 : 0.7    recall@50 : 0.8033    ndcg@1 : 0.2139    ndcg@2 : 0.2353    ndcg@3 : 0.2525    ndcg@4 : 0.2682    ndcg@5 : 0.2819    ndcg@10 : 0.3309    ndcg@20 : 0.3743    ndcg@30 : 0.393    ndcg@50 : 0.417    precision@1 : 0.2139    precision@2 : 0.1737    precision@3 : 0.1502    precision@4 : 0.1354    precision@5 : 0.1229    precision@10 : 0.0901    precision@20 : 0.0617    precision@30 : 0.0473    precision@50 : 0.0334    map@1 : 0.2139    map@2 : 0.2092    map@3 : 0.2128    map@4 : 0.2193    map@5 : 0.2249    map@10 : 0.2457    map@20 : 0.2607    map@30 : 0.2663    map@50 : 0.2717
Sun 15 Mar 2026 22:36:58 INFO  Saving current: saved/SCL-Mar-15-2026_22-36-23.pth
Sun 15 Mar 2026 22:36:58 INFO  Saving current best: saved/SCL-Mar-15-2026_22-36-23.pth
Sun 15 Mar 2026 22:36:58 INFO  Running E-step ! 
Sun 15 Mar 2026 22:36:58 INFO  epoch 98 training [time: 0.18s, train_loss1: 2.5424, train_loss2: 0.0383, train_loss3: 0.0109, train_loss4: 0.0000]
Sun 15 Mar 2026 22:36:58 INFO  epoch 98 evaluating [time: 0.14s, valid_score: 0.331300]
Sun 15 Mar 2026 22:36:58 INFO  valid result: 
recall@1 : 0.1339    recall@2 : 0.216    recall@3 : 0.2674    recall@4 : 0.3125    recall@5 : 0.3514    recall@10 : 0.488    recall@20 : 0.6323    recall@30 : 0.7001    recall@50 : 0.8038    ndcg@1 : 0.2139    ndcg@2 : 0.2352    ndcg@3 : 0.2522    ndcg@4 : 0.2689    ndcg@5 : 0.2824    ndcg@10 : 0.3313    ndcg@20 : 0.3747    ndcg@30 : 0.3933    ndcg@50 : 0.4173    precision@1 : 0.2139    precision@2 : 0.1731    precision@3 : 0.15    precision@4 : 0.136    precision@5 : 0.1231    precision@10 : 0.0903    precision@20 : 0.0618    precision@30 : 0.0474    precision@50 : 0.0334    map@1 : 0.2139    map@2 : 0.209    map@3 : 0.2127    map@4 : 0.2197    map@5 : 0.2252    map@10 : 0.246    map@20 : 0.261    map@30 : 0.2666    map@50 : 0.2719
Sun 15 Mar 2026 22:36:58 INFO  Saving current: saved/SCL-Mar-15-2026_22-36-23.pth
Sun 15 Mar 2026 22:36:58 INFO  Saving current best: saved/SCL-Mar-15-2026_22-36-23.pth
Sun 15 Mar 2026 22:36:58 INFO  Running E-step ! 
Sun 15 Mar 2026 22:36:59 INFO  epoch 99 training [time: 0.16s, train_loss1: 2.5468, train_loss2: 0.0382, train_loss3: 0.0109, train_loss4: 0.0000]
Sun 15 Mar 2026 22:36:59 INFO  epoch 99 evaluating [time: 0.14s, valid_score: 0.331800]
Sun 15 Mar 2026 22:36:59 INFO  valid result: 
recall@1 : 0.1347    recall@2 : 0.2162    recall@3 : 0.269    recall@4 : 0.3142    recall@5 : 0.353    recall@10 : 0.4871    recall@20 : 0.6321    recall@30 : 0.7005    recall@50 : 0.8036    ndcg@1 : 0.2151    ndcg@2 : 0.2358    ndcg@3 : 0.2535    ndcg@4 : 0.2702    ndcg@5 : 0.2836    ndcg@10 : 0.3318    ndcg@20 : 0.3754    ndcg@30 : 0.3941    ndcg@50 : 0.418    precision@1 : 0.2151    precision@2 : 0.1734    precision@3 : 0.1508    precision@4 : 0.1366    precision@5 : 0.1234    precision@10 : 0.0902    precision@20 : 0.0619    precision@30 : 0.0474    precision@50 : 0.0335    map@1 : 0.2151    map@2 : 0.2098    map@3 : 0.2138    map@4 : 0.2206    map@5 : 0.2261    map@10 : 0.2468    map@20 : 0.2619    map@30 : 0.2675    map@50 : 0.2728
Sun 15 Mar 2026 22:36:59 INFO  Saving current: saved/SCL-Mar-15-2026_22-36-23.pth
Sun 15 Mar 2026 22:36:59 INFO  Saving current best: saved/SCL-Mar-15-2026_22-36-23.pth
Sun 15 Mar 2026 22:36:59 INFO  Running E-step ! 
Sun 15 Mar 2026 22:36:59 INFO  epoch 100 training [time: 0.19s, train_loss1: 2.4695, train_loss2: 0.0381, train_loss3: 0.0109, train_loss4: 0.0000]
Sun 15 Mar 2026 22:36:59 INFO  epoch 100 evaluating [time: 0.15s, valid_score: 0.333000]
Sun 15 Mar 2026 22:36:59 INFO  valid result: 
recall@1 : 0.1359    recall@2 : 0.2177    recall@3 : 0.2696    recall@4 : 0.3145    recall@5 : 0.3529    recall@10 : 0.4883    recall@20 : 0.6322    recall@30 : 0.7011    recall@50 : 0.8035    ndcg@1 : 0.2163    ndcg@2 : 0.2375    ndcg@3 : 0.2546    ndcg@4 : 0.2711    ndcg@5 : 0.2845    ndcg@10 : 0.333    ndcg@20 : 0.3762    ndcg@30 : 0.395    ndcg@50 : 0.4188    precision@1 : 0.2163    precision@2 : 0.1749    precision@3 : 0.1514    precision@4 : 0.1368    precision@5 : 0.1238    precision@10 : 0.0905    precision@20 : 0.0619    precision@30 : 0.0474    precision@50 : 0.0335    map@1 : 0.2163    map@2 : 0.2116    map@3 : 0.215    map@4 : 0.2217    map@5 : 0.2273    map@10 : 0.248    map@20 : 0.263    map@30 : 0.2686    map@50 : 0.274
Sun 15 Mar 2026 22:36:59 INFO  Saving current: saved/SCL-Mar-15-2026_22-36-23.pth
Sun 15 Mar 2026 22:36:59 INFO  Saving current best: saved/SCL-Mar-15-2026_22-36-23.pth
Sun 15 Mar 2026 22:36:59 INFO  Running E-step ! 
Sun 15 Mar 2026 22:36:59 INFO  epoch 101 training [time: 0.20s, train_loss1: 2.5203, train_loss2: 0.0381, train_loss3: 0.0109, train_loss4: 0.0000]
Sun 15 Mar 2026 22:36:59 INFO  epoch 101 evaluating [time: 0.15s, valid_score: 0.333600]
Sun 15 Mar 2026 22:36:59 INFO  valid result: 
recall@1 : 0.1359    recall@2 : 0.2191    recall@3 : 0.2692    recall@4 : 0.3156    recall@5 : 0.3538    recall@10 : 0.4895    recall@20 : 0.6324    recall@30 : 0.6997    recall@50 : 0.8042    ndcg@1 : 0.2163    ndcg@2 : 0.2385    ndcg@3 : 0.2545    ndcg@4 : 0.2715    ndcg@5 : 0.2851    ndcg@10 : 0.3336    ndcg@20 : 0.3766    ndcg@30 : 0.395    ndcg@50 : 0.4192    precision@1 : 0.2163    precision@2 : 0.1758    precision@3 : 0.151    precision@4 : 0.1368    precision@5 : 0.1242    precision@10 : 0.0908    precision@20 : 0.0619    precision@30 : 0.0474    precision@50 : 0.0335    map@1 : 0.2163    map@2 : 0.2122    map@3 : 0.2149    map@4 : 0.2219    map@5 : 0.2277    map@10 : 0.2485    map@20 : 0.2632    map@30 : 0.2688    map@50 : 0.2742
Sun 15 Mar 2026 22:36:59 INFO  Saving current: saved/SCL-Mar-15-2026_22-36-23.pth
Sun 15 Mar 2026 22:36:59 INFO  Saving current best: saved/SCL-Mar-15-2026_22-36-23.pth
Sun 15 Mar 2026 22:36:59 INFO  Running E-step ! 
Sun 15 Mar 2026 22:37:00 INFO  epoch 102 training [time: 0.18s, train_loss1: 2.5171, train_loss2: 0.0380, train_loss3: 0.0109, train_loss4: 0.0000]
Sun 15 Mar 2026 22:37:00 INFO  epoch 102 evaluating [time: 0.14s, valid_score: 0.334100]
Sun 15 Mar 2026 22:37:00 INFO  valid result: 
recall@1 : 0.137    recall@2 : 0.2181    recall@3 : 0.2709    recall@4 : 0.3151    recall@5 : 0.3546    recall@10 : 0.4898    recall@20 : 0.6323    recall@30 : 0.7003    recall@50 : 0.8045    ndcg@1 : 0.2175    ndcg@2 : 0.2381    ndcg@3 : 0.2557    ndcg@4 : 0.2718    ndcg@5 : 0.2858    ndcg@10 : 0.3341    ndcg@20 : 0.377    ndcg@30 : 0.3957    ndcg@50 : 0.4198    precision@1 : 0.2175    precision@2 : 0.1749    precision@3 : 0.1518    precision@4 : 0.1368    precision@5 : 0.1243    precision@10 : 0.0907    precision@20 : 0.0619    precision@30 : 0.0474    precision@50 : 0.0335    map@1 : 0.2175    map@2 : 0.2119    map@3 : 0.2157    map@4 : 0.2223    map@5 : 0.2283    map@10 : 0.249    map@20 : 0.2638    map@30 : 0.2695    map@50 : 0.2748
Sun 15 Mar 2026 22:37:00 INFO  Saving current: saved/SCL-Mar-15-2026_22-36-23.pth
Sun 15 Mar 2026 22:37:00 INFO  Saving current best: saved/SCL-Mar-15-2026_22-36-23.pth
Sun 15 Mar 2026 22:37:00 INFO  Running E-step ! 
Sun 15 Mar 2026 22:37:00 INFO  epoch 103 training [time: 0.18s, train_loss1: 2.5310, train_loss2: 0.0380, train_loss3: 0.0109, train_loss4: 0.0000]
Sun 15 Mar 2026 22:37:00 INFO  epoch 103 evaluating [time: 0.15s, valid_score: 0.334000]
Sun 15 Mar 2026 22:37:00 INFO  valid result: 
recall@1 : 0.1366    recall@2 : 0.2179    recall@3 : 0.272    recall@4 : 0.3152    recall@5 : 0.3549    recall@10 : 0.4899    recall@20 : 0.6333    recall@30 : 0.6997    recall@50 : 0.8032    ndcg@1 : 0.2163    ndcg@2 : 0.2376    ndcg@3 : 0.2562    ndcg@4 : 0.2716    ndcg@5 : 0.2858    ndcg@10 : 0.334    ndcg@20 : 0.3772    ndcg@30 : 0.3954    ndcg@50 : 0.4195    precision@1 : 0.2163    precision@2 : 0.1746    precision@3 : 0.1528    precision@4 : 0.1368    precision@5 : 0.1244    precision@10 : 0.0907    precision@20 : 0.062    precision@30 : 0.0474    precision@50 : 0.0335    map@1 : 0.2163    map@2 : 0.2114    map@3 : 0.2158    map@4 : 0.2221    map@5 : 0.2282    map@10 : 0.2489    map@20 : 0.2638    map@30 : 0.2694    map@50 : 0.2747
Sun 15 Mar 2026 22:37:00 INFO  Running E-step ! 
Sun 15 Mar 2026 22:37:00 INFO  epoch 104 training [time: 0.17s, train_loss1: 2.5116, train_loss2: 0.0379, train_loss3: 0.0109, train_loss4: 0.0000]
Sun 15 Mar 2026 22:37:00 INFO  epoch 104 evaluating [time: 0.14s, valid_score: 0.334500]
Sun 15 Mar 2026 22:37:00 INFO  valid result: 
recall@1 : 0.1373    recall@2 : 0.2173    recall@3 : 0.2731    recall@4 : 0.3149    recall@5 : 0.3544    recall@10 : 0.49    recall@20 : 0.6335    recall@30 : 0.7005    recall@50 : 0.8046    ndcg@1 : 0.2175    ndcg@2 : 0.2376    ndcg@3 : 0.257    ndcg@4 : 0.2718    ndcg@5 : 0.2859    ndcg@10 : 0.3345    ndcg@20 : 0.3777    ndcg@30 : 0.396    ndcg@50 : 0.4202    precision@1 : 0.2175    precision@2 : 0.1743    precision@3 : 0.1534    precision@4 : 0.1366    precision@5 : 0.1244    precision@10 : 0.0908    precision@20 : 0.0621    precision@30 : 0.0474    precision@50 : 0.0335    map@1 : 0.2175    map@2 : 0.2116    map@3 : 0.2165    map@4 : 0.2224    map@5 : 0.2285    map@10 : 0.2494    map@20 : 0.2643    map@30 : 0.2699    map@50 : 0.2753
Sun 15 Mar 2026 22:37:01 INFO  Saving current: saved/SCL-Mar-15-2026_22-36-23.pth
Sun 15 Mar 2026 22:37:01 INFO  Saving current best: saved/SCL-Mar-15-2026_22-36-23.pth
Sun 15 Mar 2026 22:37:01 INFO  Running E-step ! 
Sun 15 Mar 2026 22:37:01 INFO  epoch 105 training [time: 0.18s, train_loss1: 2.4420, train_loss2: 0.0378, train_loss3: 0.0109, train_loss4: 0.0000]
Sun 15 Mar 2026 22:37:01 INFO  epoch 105 evaluating [time: 0.15s, valid_score: 0.334700]
Sun 15 Mar 2026 22:37:01 INFO  valid result: 
recall@1 : 0.1368    recall@2 : 0.2176    recall@3 : 0.2725    recall@4 : 0.3143    recall@5 : 0.3531    recall@10 : 0.4911    recall@20 : 0.6342    recall@30 : 0.7008    recall@50 : 0.8055    ndcg@1 : 0.2175    ndcg@2 : 0.2379    ndcg@3 : 0.2567    ndcg@4 : 0.2714    ndcg@5 : 0.2853    ndcg@10 : 0.3347    ndcg@20 : 0.3777    ndcg@30 : 0.396    ndcg@50 : 0.4202    precision@1 : 0.2175    precision@2 : 0.1749    precision@3 : 0.1532    precision@4 : 0.1366    precision@5 : 0.1243    precision@10 : 0.091    precision@20 : 0.0621    precision@30 : 0.0475    precision@50 : 0.0336    map@1 : 0.2175    map@2 : 0.2119    map@3 : 0.2162    map@4 : 0.2222    map@5 : 0.2281    map@10 : 0.2493    map@20 : 0.2641    map@30 : 0.2697    map@50 : 0.2751
Sun 15 Mar 2026 22:37:01 INFO  Saving current: saved/SCL-Mar-15-2026_22-36-23.pth
Sun 15 Mar 2026 22:37:01 INFO  Saving current best: saved/SCL-Mar-15-2026_22-36-23.pth
Sun 15 Mar 2026 22:37:01 INFO  Running E-step ! 
Sun 15 Mar 2026 22:37:01 INFO  epoch 106 training [time: 0.18s, train_loss1: 2.4742, train_loss2: 0.0378, train_loss3: 0.0109, train_loss4: 0.0000]
Sun 15 Mar 2026 22:37:01 INFO  epoch 106 evaluating [time: 0.15s, valid_score: 0.335500]
Sun 15 Mar 2026 22:37:01 INFO  valid result: 
recall@1 : 0.1376    recall@2 : 0.218    recall@3 : 0.2746    recall@4 : 0.3137    recall@5 : 0.354    recall@10 : 0.4917    recall@20 : 0.6329    recall@30 : 0.7009    recall@50 : 0.8048    ndcg@1 : 0.2187    ndcg@2 : 0.2387    ndcg@3 : 0.2584    ndcg@4 : 0.2716    ndcg@5 : 0.2863    ndcg@10 : 0.3355    ndcg@20 : 0.378    ndcg@30 : 0.3966    ndcg@50 : 0.4207    precision@1 : 0.2187    precision@2 : 0.1752    precision@3 : 0.1545    precision@4 : 0.1363    precision@5 : 0.1249    precision@10 : 0.0911    precision@20 : 0.062    precision@30 : 0.0475    precision@50 : 0.0335    map@1 : 0.2187    map@2 : 0.2126    map@3 : 0.2177    map@4 : 0.2225    map@5 : 0.229    map@10 : 0.2501    map@20 : 0.2648    map@30 : 0.2705    map@50 : 0.2758
Sun 15 Mar 2026 22:37:01 INFO  Saving current: saved/SCL-Mar-15-2026_22-36-23.pth
Sun 15 Mar 2026 22:37:01 INFO  Saving current best: saved/SCL-Mar-15-2026_22-36-23.pth
Sun 15 Mar 2026 22:37:01 INFO  Running E-step ! 
Sun 15 Mar 2026 22:37:01 INFO  epoch 107 training [time: 0.18s, train_loss1: 2.4900, train_loss2: 0.0377, train_loss3: 0.0109, train_loss4: 0.0000]
Sun 15 Mar 2026 22:37:02 INFO  epoch 107 evaluating [time: 0.15s, valid_score: 0.335500]
Sun 15 Mar 2026 22:37:02 INFO  valid result: 
recall@1 : 0.1378    recall@2 : 0.2179    recall@3 : 0.2747    recall@4 : 0.3144    recall@5 : 0.3549    recall@10 : 0.4913    recall@20 : 0.6333    recall@30 : 0.7007    recall@50 : 0.8052    ndcg@1 : 0.2193    ndcg@2 : 0.2386    ndcg@3 : 0.2583    ndcg@4 : 0.272    ndcg@5 : 0.2869    ndcg@10 : 0.3355    ndcg@20 : 0.3783    ndcg@30 : 0.3968    ndcg@50 : 0.421    precision@1 : 0.2193    precision@2 : 0.1749    precision@3 : 0.1542    precision@4 : 0.1365    precision@5 : 0.1254    precision@10 : 0.0911    precision@20 : 0.0621    precision@30 : 0.0475    precision@50 : 0.0336    map@1 : 0.2193    map@2 : 0.2125    map@3 : 0.2176    map@4 : 0.2227    map@5 : 0.2293    map@10 : 0.2503    map@20 : 0.265    map@30 : 0.2707    map@50 : 0.2761
Sun 15 Mar 2026 22:37:02 INFO  Saving current: saved/SCL-Mar-15-2026_22-36-23.pth
Sun 15 Mar 2026 22:37:02 INFO  Saving current best: saved/SCL-Mar-15-2026_22-36-23.pth
Sun 15 Mar 2026 22:37:02 INFO  Running E-step ! 
Sun 15 Mar 2026 22:37:02 INFO  epoch 108 training [time: 0.16s, train_loss1: 2.4695, train_loss2: 0.0376, train_loss3: 0.0109, train_loss4: 0.0000]
Sun 15 Mar 2026 22:37:02 INFO  epoch 108 evaluating [time: 0.14s, valid_score: 0.335500]
Sun 15 Mar 2026 22:37:02 INFO  valid result: 
recall@1 : 0.1375    recall@2 : 0.2179    recall@3 : 0.2762    recall@4 : 0.3152    recall@5 : 0.3569    recall@10 : 0.491    recall@20 : 0.6331    recall@30 : 0.7003    recall@50 : 0.8049    ndcg@1 : 0.2187    ndcg@2 : 0.2387    ndcg@3 : 0.2591    ndcg@4 : 0.2723    ndcg@5 : 0.2876    ndcg@10 : 0.3355    ndcg@20 : 0.3785    ndcg@30 : 0.3969    ndcg@50 : 0.4211    precision@1 : 0.2187    precision@2 : 0.1755    precision@3 : 0.1551    precision@4 : 0.1368    precision@5 : 0.1256    precision@10 : 0.091    precision@20 : 0.0622    precision@30 : 0.0475    precision@50 : 0.0336    map@1 : 0.2187    map@2 : 0.2125    map@3 : 0.2182    map@4 : 0.2229    map@5 : 0.2297    map@10 : 0.2504    map@20 : 0.2652    map@30 : 0.2709    map@50 : 0.2763
Sun 15 Mar 2026 22:37:02 INFO  Saving current: saved/SCL-Mar-15-2026_22-36-23.pth
Sun 15 Mar 2026 22:37:02 INFO  Saving current best: saved/SCL-Mar-15-2026_22-36-23.pth
Sun 15 Mar 2026 22:37:02 INFO  Running E-step ! 
Sun 15 Mar 2026 22:37:02 INFO  epoch 109 training [time: 0.17s, train_loss1: 2.4682, train_loss2: 0.0376, train_loss3: 0.0109, train_loss4: 0.0000]
Sun 15 Mar 2026 22:37:02 INFO  epoch 109 evaluating [time: 0.14s, valid_score: 0.335600]
Sun 15 Mar 2026 22:37:02 INFO  valid result: 
recall@1 : 0.1378    recall@2 : 0.2169    recall@3 : 0.2758    recall@4 : 0.3161    recall@5 : 0.358    recall@10 : 0.4907    recall@20 : 0.633    recall@30 : 0.7006    recall@50 : 0.8039    ndcg@1 : 0.2193    ndcg@2 : 0.2383    ndcg@3 : 0.2588    ndcg@4 : 0.2729    ndcg@5 : 0.2881    ndcg@10 : 0.3356    ndcg@20 : 0.3786    ndcg@30 : 0.3971    ndcg@50 : 0.4211    precision@1 : 0.2193    precision@2 : 0.1752    precision@3 : 0.1547    precision@4 : 0.1374    precision@5 : 0.1259    precision@10 : 0.0909    precision@20 : 0.0621    precision@30 : 0.0475    precision@50 : 0.0336    map@1 : 0.2193    map@2 : 0.2123    map@3 : 0.218    map@4 : 0.2233    map@5 : 0.23    map@10 : 0.2504    map@20 : 0.2653    map@30 : 0.271    map@50 : 0.2764
Sun 15 Mar 2026 22:37:02 INFO  Saving current: saved/SCL-Mar-15-2026_22-36-23.pth
Sun 15 Mar 2026 22:37:02 INFO  Saving current best: saved/SCL-Mar-15-2026_22-36-23.pth
Sun 15 Mar 2026 22:37:02 INFO  Running E-step ! 
Sun 15 Mar 2026 22:37:02 INFO  epoch 110 training [time: 0.18s, train_loss1: 2.4375, train_loss2: 0.0375, train_loss3: 0.0109, train_loss4: 0.0000]
Sun 15 Mar 2026 22:37:03 INFO  epoch 110 evaluating [time: 0.15s, valid_score: 0.335300]
Sun 15 Mar 2026 22:37:03 INFO  valid result: 
recall@1 : 0.1376    recall@2 : 0.2156    recall@3 : 0.276    recall@4 : 0.3164    recall@5 : 0.3582    recall@10 : 0.4905    recall@20 : 0.6349    recall@30 : 0.7016    recall@50 : 0.8036    ndcg@1 : 0.2187    ndcg@2 : 0.2374    ndcg@3 : 0.2587    ndcg@4 : 0.2726    ndcg@5 : 0.2879    ndcg@10 : 0.3353    ndcg@20 : 0.3788    ndcg@30 : 0.3972    ndcg@50 : 0.4209    precision@1 : 0.2187    precision@2 : 0.1746    precision@3 : 0.1549    precision@4 : 0.1372    precision@5 : 0.1257    precision@10 : 0.0909    precision@20 : 0.0621    precision@30 : 0.0476    precision@50 : 0.0336    map@1 : 0.2187    map@2 : 0.2116    map@3 : 0.2179    map@4 : 0.2229    map@5 : 0.2297    map@10 : 0.2502    map@20 : 0.2652    map@30 : 0.2709    map@50 : 0.2762
Sun 15 Mar 2026 22:37:03 INFO  Running E-step ! 
Sun 15 Mar 2026 22:37:03 INFO  epoch 111 training [time: 0.17s, train_loss1: 2.4249, train_loss2: 0.0374, train_loss3: 0.0109, train_loss4: 0.0000]
Sun 15 Mar 2026 22:37:03 INFO  epoch 111 evaluating [time: 0.14s, valid_score: 0.335000]
Sun 15 Mar 2026 22:37:03 INFO  valid result: 
recall@1 : 0.1376    recall@2 : 0.2148    recall@3 : 0.2763    recall@4 : 0.3161    recall@5 : 0.3594    recall@10 : 0.4896    recall@20 : 0.6345    recall@30 : 0.7021    recall@50 : 0.8036    ndcg@1 : 0.2187    ndcg@2 : 0.2368    ndcg@3 : 0.2588    ndcg@4 : 0.2724    ndcg@5 : 0.2884    ndcg@10 : 0.335    ndcg@20 : 0.3787    ndcg@30 : 0.3973    ndcg@50 : 0.4209    precision@1 : 0.2187    precision@2 : 0.174    precision@3 : 0.1551    precision@4 : 0.1371    precision@5 : 0.1263    precision@10 : 0.0908    precision@20 : 0.0622    precision@30 : 0.0476    precision@50 : 0.0336    map@1 : 0.2187    map@2 : 0.2113    map@3 : 0.2179    map@4 : 0.2228    map@5 : 0.2299    map@10 : 0.2501    map@20 : 0.2652    map@30 : 0.2709    map@50 : 0.2763
Sun 15 Mar 2026 22:37:03 INFO  Running E-step ! 
Sun 15 Mar 2026 22:37:03 INFO  epoch 112 training [time: 0.16s, train_loss1: 2.4385, train_loss2: 0.0374, train_loss3: 0.0109, train_loss4: 0.0000]
Sun 15 Mar 2026 22:37:03 INFO  epoch 112 evaluating [time: 0.15s, valid_score: 0.335000]
Sun 15 Mar 2026 22:37:03 INFO  valid result: 
recall@1 : 0.1373    recall@2 : 0.2147    recall@3 : 0.2757    recall@4 : 0.3163    recall@5 : 0.3602    recall@10 : 0.4899    recall@20 : 0.6339    recall@30 : 0.7016    recall@50 : 0.8042    ndcg@1 : 0.2175    ndcg@2 : 0.2365    ndcg@3 : 0.2582    ndcg@4 : 0.2722    ndcg@5 : 0.2885    ndcg@10 : 0.335    ndcg@20 : 0.3784    ndcg@30 : 0.3971    ndcg@50 : 0.4209    precision@1 : 0.2175    precision@2 : 0.174    precision@3 : 0.1549    precision@4 : 0.1371    precision@5 : 0.1266    precision@10 : 0.0909    precision@20 : 0.0621    precision@30 : 0.0476    precision@50 : 0.0336    map@1 : 0.2175    map@2 : 0.2111    map@3 : 0.2174    map@4 : 0.2226    map@5 : 0.2299    map@10 : 0.2501    map@20 : 0.2651    map@30 : 0.2709    map@50 : 0.2762
Sun 15 Mar 2026 22:37:03 INFO  Running E-step ! 
Sun 15 Mar 2026 22:37:03 INFO  epoch 113 training [time: 0.19s, train_loss1: 2.4147, train_loss2: 0.0373, train_loss3: 0.0109, train_loss4: 0.0000]
Sun 15 Mar 2026 22:37:04 INFO  epoch 113 evaluating [time: 0.15s, valid_score: 0.334600]
Sun 15 Mar 2026 22:37:04 INFO  valid result: 
recall@1 : 0.1373    recall@2 : 0.2137    recall@3 : 0.2742    recall@4 : 0.3165    recall@5 : 0.3607    recall@10 : 0.4893    recall@20 : 0.6344    recall@30 : 0.7012    recall@50 : 0.8033    ndcg@1 : 0.2175    ndcg@2 : 0.236    ndcg@3 : 0.2571    ndcg@4 : 0.272    ndcg@5 : 0.2884    ndcg@10 : 0.3346    ndcg@20 : 0.3783    ndcg@30 : 0.3968    ndcg@50 : 0.4206    precision@1 : 0.2175    precision@2 : 0.1737    precision@3 : 0.154    precision@4 : 0.1372    precision@5 : 0.1266    precision@10 : 0.0908    precision@20 : 0.0621    precision@30 : 0.0476    precision@50 : 0.0336    map@1 : 0.2175    map@2 : 0.2108    map@3 : 0.2164    map@4 : 0.2222    map@5 : 0.2296    map@10 : 0.2497    map@20 : 0.2648    map@30 : 0.2706    map@50 : 0.2759
Sun 15 Mar 2026 22:37:04 INFO  Running E-step ! 
Sun 15 Mar 2026 22:37:04 INFO  epoch 114 training [time: 0.16s, train_loss1: 2.4345, train_loss2: 0.0373, train_loss3: 0.0109, train_loss4: 0.0000]
Sun 15 Mar 2026 22:37:04 INFO  epoch 114 evaluating [time: 0.14s, valid_score: 0.334700]
Sun 15 Mar 2026 22:37:04 INFO  valid result: 
recall@1 : 0.1373    recall@2 : 0.2133    recall@3 : 0.2729    recall@4 : 0.3148    recall@5 : 0.3637    recall@10 : 0.4896    recall@20 : 0.6347    recall@30 : 0.7019    recall@50 : 0.8028    ndcg@1 : 0.2169    ndcg@2 : 0.2359    ndcg@3 : 0.2563    ndcg@4 : 0.2709    ndcg@5 : 0.2894    ndcg@10 : 0.3347    ndcg@20 : 0.3783    ndcg@30 : 0.3969    ndcg@50 : 0.4204    precision@1 : 0.2169    precision@2 : 0.174    precision@3 : 0.1534    precision@4 : 0.1365    precision@5 : 0.1274    precision@10 : 0.0909    precision@20 : 0.0622    precision@30 : 0.0477    precision@50 : 0.0336    map@1 : 0.2169    map@2 : 0.2108    map@3 : 0.2159    map@4 : 0.2215    map@5 : 0.23    map@10 : 0.2497    map@20 : 0.2647    map@30 : 0.2705    map@50 : 0.2758
Sun 15 Mar 2026 22:37:04 INFO  Running E-step ! 
Sun 15 Mar 2026 22:37:04 INFO  epoch 115 training [time: 0.16s, train_loss1: 2.3796, train_loss2: 0.0372, train_loss3: 0.0109, train_loss4: 0.0000]
Sun 15 Mar 2026 22:37:04 INFO  epoch 115 evaluating [time: 0.15s, valid_score: 0.335200]
Sun 15 Mar 2026 22:37:04 INFO  valid result: 
recall@1 : 0.1373    recall@2 : 0.2146    recall@3 : 0.2723    recall@4 : 0.3159    recall@5 : 0.3624    recall@10 : 0.4906    recall@20 : 0.6346    recall@30 : 0.7023    recall@50 : 0.8024    ndcg@1 : 0.2169    ndcg@2 : 0.237    ndcg@3 : 0.2561    ndcg@4 : 0.2717    ndcg@5 : 0.2891    ndcg@10 : 0.3352    ndcg@20 : 0.3786    ndcg@30 : 0.3972    ndcg@50 : 0.4206    precision@1 : 0.2169    precision@2 : 0.1752    precision@3 : 0.153    precision@4 : 0.1371    precision@5 : 0.1272    precision@10 : 0.0911    precision@20 : 0.0622    precision@30 : 0.0477    precision@50 : 0.0336    map@1 : 0.2169    map@2 : 0.2116    map@3 : 0.2158    map@4 : 0.2221    map@5 : 0.23    map@10 : 0.25    map@20 : 0.265    map@30 : 0.2708    map@50 : 0.2761
Sun 15 Mar 2026 22:37:04 INFO  Running E-step ! 
Sun 15 Mar 2026 22:37:04 INFO  epoch 116 training [time: 0.18s, train_loss1: 2.4514, train_loss2: 0.0371, train_loss3: 0.0109, train_loss4: 0.0000]
Sun 15 Mar 2026 22:37:05 INFO  epoch 116 evaluating [time: 0.15s, valid_score: 0.336000]
Sun 15 Mar 2026 22:37:05 INFO  valid result: 
recall@1 : 0.1373    recall@2 : 0.2152    recall@3 : 0.2736    recall@4 : 0.3157    recall@5 : 0.3603    recall@10 : 0.4926    recall@20 : 0.636    recall@30 : 0.7026    recall@50 : 0.802    ndcg@1 : 0.2169    ndcg@2 : 0.2374    ndcg@3 : 0.2569    ndcg@4 : 0.2717    ndcg@5 : 0.2884    ndcg@10 : 0.336    ndcg@20 : 0.3791    ndcg@30 : 0.3975    ndcg@50 : 0.4208    precision@1 : 0.2169    precision@2 : 0.1755    precision@3 : 0.1536    precision@4 : 0.1369    precision@5 : 0.1267    precision@10 : 0.0914    precision@20 : 0.0623    precision@30 : 0.0477    precision@50 : 0.0336    map@1 : 0.2169    map@2 : 0.2119    map@3 : 0.2164    map@4 : 0.2223    map@5 : 0.2299    map@10 : 0.2505    map@20 : 0.2654    map@30 : 0.2711    map@50 : 0.2764
Sun 15 Mar 2026 22:37:05 INFO  Saving current: saved/SCL-Mar-15-2026_22-36-23.pth
Sun 15 Mar 2026 22:37:05 INFO  Saving current best: saved/SCL-Mar-15-2026_22-36-23.pth
Sun 15 Mar 2026 22:37:05 INFO  Running E-step ! 
Sun 15 Mar 2026 22:37:05 INFO  epoch 117 training [time: 0.20s, train_loss1: 2.3868, train_loss2: 0.0371, train_loss3: 0.0109, train_loss4: 0.0000]
Sun 15 Mar 2026 22:37:05 INFO  epoch 117 evaluating [time: 0.14s, valid_score: 0.335700]
Sun 15 Mar 2026 22:37:05 INFO  valid result: 
recall@1 : 0.1371    recall@2 : 0.2148    recall@3 : 0.272    recall@4 : 0.3163    recall@5 : 0.3584    recall@10 : 0.4925    recall@20 : 0.6364    recall@30 : 0.7028    recall@50 : 0.8025    ndcg@1 : 0.2163    ndcg@2 : 0.2369    ndcg@3 : 0.2558    ndcg@4 : 0.2717    ndcg@5 : 0.2873    ndcg@10 : 0.3357    ndcg@20 : 0.379    ndcg@30 : 0.3973    ndcg@50 : 0.4206    precision@1 : 0.2163    precision@2 : 0.1752    precision@3 : 0.153    precision@4 : 0.1371    precision@5 : 0.1261    precision@10 : 0.0915    precision@20 : 0.0624    precision@30 : 0.0477    precision@50 : 0.0336    map@1 : 0.2163    map@2 : 0.2114    map@3 : 0.2156    map@4 : 0.222    map@5 : 0.2292    map@10 : 0.2502    map@20 : 0.2652    map@30 : 0.2708    map@50 : 0.2761
Sun 15 Mar 2026 22:37:05 INFO  Running E-step ! 
Sun 15 Mar 2026 22:37:05 INFO  epoch 118 training [time: 0.19s, train_loss1: 2.3960, train_loss2: 0.0370, train_loss3: 0.0109, train_loss4: 0.0000]
Sun 15 Mar 2026 22:37:05 INFO  epoch 118 evaluating [time: 0.15s, valid_score: 0.336000]
Sun 15 Mar 2026 22:37:05 INFO  valid result: 
recall@1 : 0.1361    recall@2 : 0.2151    recall@3 : 0.2722    recall@4 : 0.3166    recall@5 : 0.3598    recall@10 : 0.4939    recall@20 : 0.6376    recall@30 : 0.7039    recall@50 : 0.8017    ndcg@1 : 0.2145    ndcg@2 : 0.2366    ndcg@3 : 0.2556    ndcg@4 : 0.2715    ndcg@5 : 0.2876    ndcg@10 : 0.336    ndcg@20 : 0.3791    ndcg@30 : 0.3973    ndcg@50 : 0.4203    precision@1 : 0.2145    precision@2 : 0.1755    precision@3 : 0.1532    precision@4 : 0.1371    precision@5 : 0.1265    precision@10 : 0.0918    precision@20 : 0.0625    precision@30 : 0.0478    precision@50 : 0.0336    map@1 : 0.2145    map@2 : 0.211    map@3 : 0.2153    map@4 : 0.2218    map@5 : 0.2291    map@10 : 0.2502    map@20 : 0.265    map@30 : 0.2706    map@50 : 0.2759
Sun 15 Mar 2026 22:37:05 INFO  Saving current: saved/SCL-Mar-15-2026_22-36-23.pth
Sun 15 Mar 2026 22:37:05 INFO  Saving current best: saved/SCL-Mar-15-2026_22-36-23.pth
Sun 15 Mar 2026 22:37:05 INFO  Running E-step ! 
Sun 15 Mar 2026 22:37:05 INFO  epoch 119 training [time: 0.19s, train_loss1: 2.4159, train_loss2: 0.0369, train_loss3: 0.0109, train_loss4: 0.0000]
Sun 15 Mar 2026 22:37:06 INFO  epoch 119 evaluating [time: 0.15s, valid_score: 0.336400]
Sun 15 Mar 2026 22:37:06 INFO  valid result: 
recall@1 : 0.1365    recall@2 : 0.2162    recall@3 : 0.272    recall@4 : 0.3187    recall@5 : 0.3613    recall@10 : 0.4938    recall@20 : 0.6364    recall@30 : 0.7037    recall@50 : 0.8014    ndcg@1 : 0.2151    ndcg@2 : 0.2379    ndcg@3 : 0.2557    ndcg@4 : 0.2728    ndcg@5 : 0.2886    ndcg@10 : 0.3364    ndcg@20 : 0.3793    ndcg@30 : 0.3978    ndcg@50 : 0.4207    precision@1 : 0.2151    precision@2 : 0.1767    precision@3 : 0.153    precision@4 : 0.1378    precision@5 : 0.1268    precision@10 : 0.0918    precision@20 : 0.0624    precision@30 : 0.0478    precision@50 : 0.0336    map@1 : 0.2151    map@2 : 0.2122    map@3 : 0.2154    map@4 : 0.2227    map@5 : 0.23    map@10 : 0.2507    map@20 : 0.2655    map@30 : 0.2712    map@50 : 0.2765
Sun 15 Mar 2026 22:37:06 INFO  Saving current: saved/SCL-Mar-15-2026_22-36-23.pth
Sun 15 Mar 2026 22:37:06 INFO  Saving current best: saved/SCL-Mar-15-2026_22-36-23.pth
Sun 15 Mar 2026 22:37:06 INFO  Running E-step ! 
Sun 15 Mar 2026 22:37:06 INFO  epoch 120 training [time: 0.19s, train_loss1: 2.3709, train_loss2: 0.0369, train_loss3: 0.0109, train_loss4: 0.0000]
Sun 15 Mar 2026 22:37:06 INFO  epoch 120 evaluating [time: 0.15s, valid_score: 0.336100]
Sun 15 Mar 2026 22:37:06 INFO  valid result: 
recall@1 : 0.1351    recall@2 : 0.2144    recall@3 : 0.2725    recall@4 : 0.3199    recall@5 : 0.3613    recall@10 : 0.4945    recall@20 : 0.6365    recall@30 : 0.7049    recall@50 : 0.8015    ndcg@1 : 0.2139    ndcg@2 : 0.2363    ndcg@3 : 0.2554    ndcg@4 : 0.2728    ndcg@5 : 0.288    ndcg@10 : 0.3361    ndcg@20 : 0.3789    ndcg@30 : 0.3976    ndcg@50 : 0.4203    precision@1 : 0.2139    precision@2 : 0.1758    precision@3 : 0.1536    precision@4 : 0.1384    precision@5 : 0.1268    precision@10 : 0.092    precision@20 : 0.0625    precision@30 : 0.0479    precision@50 : 0.0336    map@1 : 0.2139    map@2 : 0.2105    map@3 : 0.2146    map@4 : 0.2222    map@5 : 0.2291    map@10 : 0.2501    map@20 : 0.2648    map@30 : 0.2706    map@50 : 0.2758
Sun 15 Mar 2026 22:37:06 INFO  Running E-step ! 
Sun 15 Mar 2026 22:37:06 INFO  epoch 121 training [time: 0.18s, train_loss1: 2.3510, train_loss2: 0.0368, train_loss3: 0.0109, train_loss4: 0.0000]
Sun 15 Mar 2026 22:37:06 INFO  epoch 121 evaluating [time: 0.15s, valid_score: 0.337200]
Sun 15 Mar 2026 22:37:06 INFO  valid result: 
recall@1 : 0.1364    recall@2 : 0.2145    recall@3 : 0.2726    recall@4 : 0.3205    recall@5 : 0.3629    recall@10 : 0.4955    recall@20 : 0.6361    recall@30 : 0.7049    recall@50 : 0.8015    ndcg@1 : 0.2157    ndcg@2 : 0.2374    ndcg@3 : 0.2562    ndcg@4 : 0.2735    ndcg@5 : 0.2893    ndcg@10 : 0.3372    ndcg@20 : 0.3795    ndcg@30 : 0.3983    ndcg@50 : 0.4211    precision@1 : 0.2157    precision@2 : 0.1767    precision@3 : 0.1538    precision@4 : 0.1384    precision@5 : 0.1274    precision@10 : 0.0921    precision@20 : 0.0624    precision@30 : 0.0478    precision@50 : 0.0336    map@1 : 0.2157    map@2 : 0.2116    map@3 : 0.2155    map@4 : 0.223    map@5 : 0.2303    map@10 : 0.2511    map@20 : 0.2657    map@30 : 0.2715    map@50 : 0.2767
Sun 15 Mar 2026 22:37:06 INFO  Saving current: saved/SCL-Mar-15-2026_22-36-23.pth
Sun 15 Mar 2026 22:37:06 INFO  Saving current best: saved/SCL-Mar-15-2026_22-36-23.pth
Sun 15 Mar 2026 22:37:06 INFO  Running E-step ! 
Sun 15 Mar 2026 22:37:06 INFO  epoch 122 training [time: 0.19s, train_loss1: 2.3481, train_loss2: 0.0367, train_loss3: 0.0109, train_loss4: 0.0000]
Sun 15 Mar 2026 22:37:07 INFO  epoch 122 evaluating [time: 0.15s, valid_score: 0.337900]
Sun 15 Mar 2026 22:37:07 INFO  valid result: 
recall@1 : 0.136    recall@2 : 0.2137    recall@3 : 0.2732    recall@4 : 0.3213    recall@5 : 0.364    recall@10 : 0.4977    recall@20 : 0.6371    recall@30 : 0.7043    recall@50 : 0.8016    ndcg@1 : 0.2157    ndcg@2 : 0.2366    ndcg@3 : 0.2564    ndcg@4 : 0.2738    ndcg@5 : 0.2897    ndcg@10 : 0.3379    ndcg@20 : 0.3797    ndcg@30 : 0.3982    ndcg@50 : 0.4211    precision@1 : 0.2157    precision@2 : 0.1758    precision@3 : 0.1544    precision@4 : 0.1387    precision@5 : 0.1278    precision@10 : 0.0927    precision@20 : 0.0625    precision@30 : 0.0478    precision@50 : 0.0336    map@1 : 0.2157    map@2 : 0.211    map@3 : 0.2155    map@4 : 0.2229    map@5 : 0.2303    map@10 : 0.2513    map@20 : 0.2656    map@30 : 0.2713    map@50 : 0.2766
Sun 15 Mar 2026 22:37:07 INFO  Saving current: saved/SCL-Mar-15-2026_22-36-23.pth
Sun 15 Mar 2026 22:37:07 INFO  Saving current best: saved/SCL-Mar-15-2026_22-36-23.pth
Sun 15 Mar 2026 22:37:07 INFO  Running E-step ! 
Sun 15 Mar 2026 22:37:07 INFO  epoch 123 training [time: 0.18s, train_loss1: 2.3670, train_loss2: 0.0366, train_loss3: 0.0109, train_loss4: 0.0000]
Sun 15 Mar 2026 22:37:07 INFO  epoch 123 evaluating [time: 0.15s, valid_score: 0.338800]
Sun 15 Mar 2026 22:37:07 INFO  valid result: 
recall@1 : 0.1379    recall@2 : 0.2145    recall@3 : 0.272    recall@4 : 0.3211    recall@5 : 0.3641    recall@10 : 0.4982    recall@20 : 0.6375    recall@30 : 0.7041    recall@50 : 0.8017    ndcg@1 : 0.2175    ndcg@2 : 0.2379    ndcg@3 : 0.2566    ndcg@4 : 0.2743    ndcg@5 : 0.2904    ndcg@10 : 0.3388    ndcg@20 : 0.3806    ndcg@30 : 0.3989    ndcg@50 : 0.4219    precision@1 : 0.2175    precision@2 : 0.1764    precision@3 : 0.154    precision@4 : 0.1384    precision@5 : 0.1278    precision@10 : 0.0928    precision@20 : 0.0625    precision@30 : 0.0478    precision@50 : 0.0336    map@1 : 0.2175    map@2 : 0.2123    map@3 : 0.2161    map@4 : 0.2237    map@5 : 0.2312    map@10 : 0.2524    map@20 : 0.2667    map@30 : 0.2724    map@50 : 0.2777
Sun 15 Mar 2026 22:37:07 INFO  Saving current: saved/SCL-Mar-15-2026_22-36-23.pth
Sun 15 Mar 2026 22:37:07 INFO  Saving current best: saved/SCL-Mar-15-2026_22-36-23.pth
Sun 15 Mar 2026 22:37:07 INFO  Running E-step ! 
Sun 15 Mar 2026 22:37:07 INFO  epoch 124 training [time: 0.18s, train_loss1: 2.3474, train_loss2: 0.0366, train_loss3: 0.0109, train_loss4: 0.0000]
Sun 15 Mar 2026 22:37:07 INFO  epoch 124 evaluating [time: 0.15s, valid_score: 0.339700]
Sun 15 Mar 2026 22:37:07 INFO  valid result: 
recall@1 : 0.1385    recall@2 : 0.215    recall@3 : 0.2732    recall@4 : 0.3213    recall@5 : 0.3654    recall@10 : 0.4989    recall@20 : 0.6378    recall@30 : 0.7046    recall@50 : 0.8021    ndcg@1 : 0.2181    ndcg@2 : 0.2381    ndcg@3 : 0.2576    ndcg@4 : 0.2747    ndcg@5 : 0.2914    ndcg@10 : 0.3397    ndcg@20 : 0.3813    ndcg@30 : 0.3996    ndcg@50 : 0.4226    precision@1 : 0.2181    precision@2 : 0.1764    precision@3 : 0.1545    precision@4 : 0.1386    precision@5 : 0.1284    precision@10 : 0.0931    precision@20 : 0.0626    precision@30 : 0.0478    precision@50 : 0.0336    map@1 : 0.2181    map@2 : 0.2126    map@3 : 0.2171    map@4 : 0.2243    map@5 : 0.232    map@10 : 0.2532    map@20 : 0.2675    map@30 : 0.2731    map@50 : 0.2784
Sun 15 Mar 2026 22:37:07 INFO  Saving current: saved/SCL-Mar-15-2026_22-36-23.pth
Sun 15 Mar 2026 22:37:07 INFO  Saving current best: saved/SCL-Mar-15-2026_22-36-23.pth
Sun 15 Mar 2026 22:37:07 INFO  Running E-step ! 
Sun 15 Mar 2026 22:37:08 INFO  epoch 125 training [time: 0.18s, train_loss1: 2.3599, train_loss2: 0.0365, train_loss3: 0.0109, train_loss4: 0.0000]
Sun 15 Mar 2026 22:37:08 INFO  epoch 125 evaluating [time: 0.15s, valid_score: 0.340500]
Sun 15 Mar 2026 22:37:08 INFO  valid result: 
recall@1 : 0.1398    recall@2 : 0.2163    recall@3 : 0.2728    recall@4 : 0.3215    recall@5 : 0.3659    recall@10 : 0.4995    recall@20 : 0.6387    recall@30 : 0.706    recall@50 : 0.8018    ndcg@1 : 0.2193    ndcg@2 : 0.2395    ndcg@3 : 0.258    ndcg@4 : 0.2754    ndcg@5 : 0.2922    ndcg@10 : 0.3405    ndcg@20 : 0.3822    ndcg@30 : 0.4006    ndcg@50 : 0.4232    precision@1 : 0.2193    precision@2 : 0.1773    precision@3 : 0.1545    precision@4 : 0.1387    precision@5 : 0.1285    precision@10 : 0.0933    precision@20 : 0.0627    precision@30 : 0.0478    precision@50 : 0.0336    map@1 : 0.2193    map@2 : 0.2139    map@3 : 0.2178    map@4 : 0.2252    map@5 : 0.2329    map@10 : 0.2541    map@20 : 0.2684    map@30 : 0.274    map@50 : 0.2793
Sun 15 Mar 2026 22:37:08 INFO  Saving current: saved/SCL-Mar-15-2026_22-36-23.pth
Sun 15 Mar 2026 22:37:08 INFO  Saving current best: saved/SCL-Mar-15-2026_22-36-23.pth
Sun 15 Mar 2026 22:37:08 INFO  Running E-step ! 
Sun 15 Mar 2026 22:37:08 INFO  epoch 126 training [time: 0.18s, train_loss1: 2.3229, train_loss2: 0.0364, train_loss3: 0.0109, train_loss4: 0.0000]
Sun 15 Mar 2026 22:37:08 INFO  epoch 126 evaluating [time: 0.15s, valid_score: 0.341300]
Sun 15 Mar 2026 22:37:08 INFO  valid result: 
recall@1 : 0.1399    recall@2 : 0.2163    recall@3 : 0.2747    recall@4 : 0.3222    recall@5 : 0.3658    recall@10 : 0.5012    recall@20 : 0.6401    recall@30 : 0.7068    recall@50 : 0.8019    ndcg@1 : 0.2199    ndcg@2 : 0.2396    ndcg@3 : 0.2591    ndcg@4 : 0.2759    ndcg@5 : 0.2925    ndcg@10 : 0.3413    ndcg@20 : 0.3827    ndcg@30 : 0.4011    ndcg@50 : 0.4235    precision@1 : 0.2199    precision@2 : 0.1773    precision@3 : 0.1553    precision@4 : 0.1389    precision@5 : 0.1286    precision@10 : 0.0937    precision@20 : 0.0628    precision@30 : 0.048    precision@50 : 0.0336    map@1 : 0.2199    map@2 : 0.2141    map@3 : 0.2185    map@4 : 0.2256    map@5 : 0.2332    map@10 : 0.2546    map@20 : 0.2687    map@30 : 0.2744    map@50 : 0.2795
Sun 15 Mar 2026 22:37:08 INFO  Saving current: saved/SCL-Mar-15-2026_22-36-23.pth
Sun 15 Mar 2026 22:37:08 INFO  Saving current best: saved/SCL-Mar-15-2026_22-36-23.pth
Sun 15 Mar 2026 22:37:08 INFO  Running E-step ! 
Sun 15 Mar 2026 22:37:08 INFO  epoch 127 training [time: 0.19s, train_loss1: 2.3393, train_loss2: 0.0364, train_loss3: 0.0109, train_loss4: 0.0000]
Sun 15 Mar 2026 22:37:08 INFO  epoch 127 evaluating [time: 0.15s, valid_score: 0.342000]
Sun 15 Mar 2026 22:37:08 INFO  valid result: 
recall@1 : 0.1401    recall@2 : 0.2166    recall@3 : 0.2742    recall@4 : 0.3221    recall@5 : 0.3657    recall@10 : 0.5025    recall@20 : 0.6401    recall@30 : 0.7077    recall@50 : 0.8026    ndcg@1 : 0.2211    ndcg@2 : 0.2404    ndcg@3 : 0.2591    ndcg@4 : 0.2762    ndcg@5 : 0.2927    ndcg@10 : 0.342    ndcg@20 : 0.3829    ndcg@30 : 0.4015    ndcg@50 : 0.4238    precision@1 : 0.2211    precision@2 : 0.1779    precision@3 : 0.1551    precision@4 : 0.139    precision@5 : 0.1287    precision@10 : 0.094    precision@20 : 0.0627    precision@30 : 0.048    precision@50 : 0.0336    map@1 : 0.2211    map@2 : 0.2147    map@3 : 0.2186    map@4 : 0.2256    map@5 : 0.2332    map@10 : 0.2549    map@20 : 0.2688    map@30 : 0.2745    map@50 : 0.2797
Sun 15 Mar 2026 22:37:08 INFO  Saving current: saved/SCL-Mar-15-2026_22-36-23.pth
Sun 15 Mar 2026 22:37:08 INFO  Saving current best: saved/SCL-Mar-15-2026_22-36-23.pth
Sun 15 Mar 2026 22:37:08 INFO  Running E-step ! 
Sun 15 Mar 2026 22:37:09 INFO  epoch 128 training [time: 0.18s, train_loss1: 2.3375, train_loss2: 0.0363, train_loss3: 0.0109, train_loss4: 0.0000]
Sun 15 Mar 2026 22:37:09 INFO  epoch 128 evaluating [time: 0.15s, valid_score: 0.342400]
Sun 15 Mar 2026 22:37:09 INFO  valid result: 
recall@1 : 0.1403    recall@2 : 0.2173    recall@3 : 0.2726    recall@4 : 0.3232    recall@5 : 0.3655    recall@10 : 0.503    recall@20 : 0.641    recall@30 : 0.7094    recall@50 : 0.803    ndcg@1 : 0.2217    ndcg@2 : 0.241    ndcg@3 : 0.2586    ndcg@4 : 0.2767    ndcg@5 : 0.2929    ndcg@10 : 0.3424    ndcg@20 : 0.3834    ndcg@30 : 0.4021    ndcg@50 : 0.4241    precision@1 : 0.2217    precision@2 : 0.1785    precision@3 : 0.1547    precision@4 : 0.1393    precision@5 : 0.1291    precision@10 : 0.0942    precision@20 : 0.0629    precision@30 : 0.0481    precision@50 : 0.0336    map@1 : 0.2217    map@2 : 0.215    map@3 : 0.2184    map@4 : 0.2259    map@5 : 0.2334    map@10 : 0.2552    map@20 : 0.2691    map@30 : 0.2748    map@50 : 0.2799
Sun 15 Mar 2026 22:37:09 INFO  Saving current: saved/SCL-Mar-15-2026_22-36-23.pth
Sun 15 Mar 2026 22:37:09 INFO  Saving current best: saved/SCL-Mar-15-2026_22-36-23.pth
Sun 15 Mar 2026 22:37:09 INFO  Running E-step ! 
Sun 15 Mar 2026 22:37:09 INFO  epoch 129 training [time: 0.19s, train_loss1: 2.3266, train_loss2: 0.0362, train_loss3: 0.0109, train_loss4: 0.0000]
Sun 15 Mar 2026 22:37:09 INFO  epoch 129 evaluating [time: 0.15s, valid_score: 0.342400]
Sun 15 Mar 2026 22:37:09 INFO  valid result: 
recall@1 : 0.1393    recall@2 : 0.2174    recall@3 : 0.2717    recall@4 : 0.3241    recall@5 : 0.3654    recall@10 : 0.504    recall@20 : 0.6422    recall@30 : 0.7097    recall@50 : 0.8036    ndcg@1 : 0.2211    ndcg@2 : 0.2409    ndcg@3 : 0.258    ndcg@4 : 0.2769    ndcg@5 : 0.2925    ndcg@10 : 0.3424    ndcg@20 : 0.3834    ndcg@30 : 0.4019    ndcg@50 : 0.4239    precision@1 : 0.2211    precision@2 : 0.1788    precision@3 : 0.1547    precision@4 : 0.1397    precision@5 : 0.129    precision@10 : 0.0943    precision@20 : 0.063    precision@30 : 0.0481    precision@50 : 0.0336    map@1 : 0.2211    map@2 : 0.2147    map@3 : 0.2177    map@4 : 0.2256    map@5 : 0.2329    map@10 : 0.2549    map@20 : 0.2687    map@30 : 0.2744    map@50 : 0.2795
Sun 15 Mar 2026 22:37:09 INFO  Saving current: saved/SCL-Mar-15-2026_22-36-23.pth
Sun 15 Mar 2026 22:37:09 INFO  Saving current best: saved/SCL-Mar-15-2026_22-36-23.pth
Sun 15 Mar 2026 22:37:09 INFO  Running E-step ! 
Sun 15 Mar 2026 22:37:09 INFO  epoch 130 training [time: 0.19s, train_loss1: 2.3106, train_loss2: 0.0362, train_loss3: 0.0109, train_loss4: 0.0000]
Sun 15 Mar 2026 22:37:09 INFO  epoch 130 evaluating [time: 0.15s, valid_score: 0.342800]
Sun 15 Mar 2026 22:37:09 INFO  valid result: 
recall@1 : 0.1388    recall@2 : 0.2177    recall@3 : 0.2716    recall@4 : 0.3241    recall@5 : 0.3666    recall@10 : 0.5055    recall@20 : 0.642    recall@30 : 0.7099    recall@50 : 0.8031    ndcg@1 : 0.2205    ndcg@2 : 0.2411    ndcg@3 : 0.2578    ndcg@4 : 0.2767    ndcg@5 : 0.2929    ndcg@10 : 0.3428    ndcg@20 : 0.3833    ndcg@30 : 0.402    ndcg@50 : 0.4239    precision@1 : 0.2205    precision@2 : 0.1794    precision@3 : 0.1547    precision@4 : 0.1397    precision@5 : 0.1292    precision@10 : 0.0945    precision@20 : 0.063    precision@30 : 0.0482    precision@50 : 0.0336    map@1 : 0.2205    map@2 : 0.215    map@3 : 0.2177    map@4 : 0.2254    map@5 : 0.2329    map@10 : 0.255    map@20 : 0.2687    map@30 : 0.2744    map@50 : 0.2795
Sun 15 Mar 2026 22:37:09 INFO  Saving current: saved/SCL-Mar-15-2026_22-36-23.pth
Sun 15 Mar 2026 22:37:09 INFO  Saving current best: saved/SCL-Mar-15-2026_22-36-23.pth
Sun 15 Mar 2026 22:37:09 INFO  Running E-step ! 
Sun 15 Mar 2026 22:37:10 INFO  epoch 131 training [time: 0.19s, train_loss1: 2.2544, train_loss2: 0.0361, train_loss3: 0.0109, train_loss4: 0.0000]
Sun 15 Mar 2026 22:37:10 INFO  epoch 131 evaluating [time: 0.15s, valid_score: 0.343100]
Sun 15 Mar 2026 22:37:10 INFO  valid result: 
recall@1 : 0.1398    recall@2 : 0.2163    recall@3 : 0.2723    recall@4 : 0.325    recall@5 : 0.3657    recall@10 : 0.5053    recall@20 : 0.6419    recall@30 : 0.7089    recall@50 : 0.8034    ndcg@1 : 0.2217    ndcg@2 : 0.2403    ndcg@3 : 0.2583    ndcg@4 : 0.2775    ndcg@5 : 0.2929    ndcg@10 : 0.3431    ndcg@20 : 0.3836    ndcg@30 : 0.4021    ndcg@50 : 0.4242    precision@1 : 0.2217    precision@2 : 0.1782    precision@3 : 0.1549    precision@4 : 0.1403    precision@5 : 0.1292    precision@10 : 0.0946    precision@20 : 0.0629    precision@30 : 0.0482    precision@50 : 0.0337    map@1 : 0.2217    map@2 : 0.2145    map@3 : 0.2181    map@4 : 0.2261    map@5 : 0.2331    map@10 : 0.2554    map@20 : 0.269    map@30 : 0.2748    map@50 : 0.2799
Sun 15 Mar 2026 22:37:10 INFO  Saving current: saved/SCL-Mar-15-2026_22-36-23.pth
Sun 15 Mar 2026 22:37:10 INFO  Saving current best: saved/SCL-Mar-15-2026_22-36-23.pth
Sun 15 Mar 2026 22:37:10 INFO  Running E-step ! 
Sun 15 Mar 2026 22:37:10 INFO  epoch 132 training [time: 0.19s, train_loss1: 2.2937, train_loss2: 0.0361, train_loss3: 0.0109, train_loss4: 0.0000]
Sun 15 Mar 2026 22:37:10 INFO  epoch 132 evaluating [time: 0.15s, valid_score: 0.342500]
Sun 15 Mar 2026 22:37:10 INFO  valid result: 
recall@1 : 0.1387    recall@2 : 0.2163    recall@3 : 0.2726    recall@4 : 0.3255    recall@5 : 0.3659    recall@10 : 0.5044    recall@20 : 0.6439    recall@30 : 0.7095    recall@50 : 0.8031    ndcg@1 : 0.2205    ndcg@2 : 0.2401    ndcg@3 : 0.2581    ndcg@4 : 0.2772    ndcg@5 : 0.2926    ndcg@10 : 0.3425    ndcg@20 : 0.3837    ndcg@30 : 0.4019    ndcg@50 : 0.4239    precision@1 : 0.2205    precision@2 : 0.1785    precision@3 : 0.1549    precision@4 : 0.1402    precision@5 : 0.1293    precision@10 : 0.0945    precision@20 : 0.063    precision@30 : 0.0482    precision@50 : 0.0337    map@1 : 0.2205    map@2 : 0.2141    map@3 : 0.2177    map@4 : 0.2256    map@5 : 0.2327    map@10 : 0.2548    map@20 : 0.2687    map@30 : 0.2743    map@50 : 0.2794
Sun 15 Mar 2026 22:37:10 INFO  Running E-step ! 
Sun 15 Mar 2026 22:37:10 INFO  epoch 133 training [time: 0.18s, train_loss1: 2.2832, train_loss2: 0.0360, train_loss3: 0.0109, train_loss4: 0.0000]
Sun 15 Mar 2026 22:37:11 INFO  epoch 133 evaluating [time: 0.15s, valid_score: 0.343100]
Sun 15 Mar 2026 22:37:11 INFO  valid result: 
recall@1 : 0.1393    recall@2 : 0.2172    recall@3 : 0.2735    recall@4 : 0.3263    recall@5 : 0.3659    recall@10 : 0.505    recall@20 : 0.6439    recall@30 : 0.7108    recall@50 : 0.8039    ndcg@1 : 0.2211    ndcg@2 : 0.2409    ndcg@3 : 0.259    ndcg@4 : 0.2781    ndcg@5 : 0.2931    ndcg@10 : 0.3431    ndcg@20 : 0.3841    ndcg@30 : 0.4026    ndcg@50 : 0.4245    precision@1 : 0.2211    precision@2 : 0.1791    precision@3 : 0.1555    precision@4 : 0.1406    precision@5 : 0.1293    precision@10 : 0.0945    precision@20 : 0.0631    precision@30 : 0.0483    precision@50 : 0.0337    map@1 : 0.2211    map@2 : 0.2148    map@3 : 0.2185    map@4 : 0.2264    map@5 : 0.2333    map@10 : 0.2554    map@20 : 0.2692    map@30 : 0.2749    map@50 : 0.28
Sun 15 Mar 2026 22:37:11 INFO  Saving current: saved/SCL-Mar-15-2026_22-36-23.pth
Sun 15 Mar 2026 22:37:11 INFO  Saving current best: saved/SCL-Mar-15-2026_22-36-23.pth
Sun 15 Mar 2026 22:37:11 INFO  Running E-step ! 
Sun 15 Mar 2026 22:37:11 INFO  epoch 134 training [time: 0.18s, train_loss1: 2.2714, train_loss2: 0.0359, train_loss3: 0.0109, train_loss4: 0.0000]
Sun 15 Mar 2026 22:37:11 INFO  epoch 134 evaluating [time: 0.15s, valid_score: 0.343600]
Sun 15 Mar 2026 22:37:11 INFO  valid result: 
recall@1 : 0.1397    recall@2 : 0.2184    recall@3 : 0.2746    recall@4 : 0.3265    recall@5 : 0.3645    recall@10 : 0.5053    recall@20 : 0.6441    recall@30 : 0.7107    recall@50 : 0.8039    ndcg@1 : 0.2211    ndcg@2 : 0.2418    ndcg@3 : 0.2599    ndcg@4 : 0.2787    ndcg@5 : 0.2929    ndcg@10 : 0.3436    ndcg@20 : 0.3846    ndcg@30 : 0.403    ndcg@50 : 0.4249    precision@1 : 0.2211    precision@2 : 0.18    precision@3 : 0.1561    precision@4 : 0.1409    precision@5 : 0.1291    precision@10 : 0.0946    precision@20 : 0.0631    precision@30 : 0.0483    precision@50 : 0.0337    map@1 : 0.2211    map@2 : 0.2156    map@3 : 0.2193    map@4 : 0.227    map@5 : 0.2335    map@10 : 0.256    map@20 : 0.2698    map@30 : 0.2755    map@50 : 0.2806
Sun 15 Mar 2026 22:37:11 INFO  Saving current: saved/SCL-Mar-15-2026_22-36-23.pth
Sun 15 Mar 2026 22:37:11 INFO  Saving current best: saved/SCL-Mar-15-2026_22-36-23.pth
Sun 15 Mar 2026 22:37:11 INFO  Running E-step ! 
Sun 15 Mar 2026 22:37:11 INFO  epoch 135 training [time: 0.19s, train_loss1: 2.2573, train_loss2: 0.0359, train_loss3: 0.0109, train_loss4: 0.0000]
Sun 15 Mar 2026 22:37:11 INFO  epoch 135 evaluating [time: 0.15s, valid_score: 0.343300]
Sun 15 Mar 2026 22:37:11 INFO  valid result: 
recall@1 : 0.1397    recall@2 : 0.2179    recall@3 : 0.2751    recall@4 : 0.3264    recall@5 : 0.3632    recall@10 : 0.5045    recall@20 : 0.6456    recall@30 : 0.7111    recall@50 : 0.8045    ndcg@1 : 0.2211    ndcg@2 : 0.2417    ndcg@3 : 0.2603    ndcg@4 : 0.2788    ndcg@5 : 0.2925    ndcg@10 : 0.3433    ndcg@20 : 0.385    ndcg@30 : 0.4032    ndcg@50 : 0.4251    precision@1 : 0.2211    precision@2 : 0.18    precision@3 : 0.1567    precision@4 : 0.1412    precision@5 : 0.129    precision@10 : 0.0945    precision@20 : 0.0633    precision@30 : 0.0483    precision@50 : 0.0337    map@1 : 0.2211    map@2 : 0.2154    map@3 : 0.2197    map@4 : 0.2271    map@5 : 0.2333    map@10 : 0.2559    map@20 : 0.27    map@30 : 0.2756    map@50 : 0.2807
Sun 15 Mar 2026 22:37:11 INFO  Running E-step ! 
Sun 15 Mar 2026 22:37:11 INFO  epoch 136 training [time: 0.18s, train_loss1: 2.2576, train_loss2: 0.0358, train_loss3: 0.0109, train_loss4: 0.0000]
Sun 15 Mar 2026 22:37:12 INFO  epoch 136 evaluating [time: 0.15s, valid_score: 0.344000]
Sun 15 Mar 2026 22:37:12 INFO  valid result: 
recall@1 : 0.1409    recall@2 : 0.2194    recall@3 : 0.2753    recall@4 : 0.326    recall@5 : 0.3632    recall@10 : 0.5045    recall@20 : 0.6435    recall@30 : 0.7114    recall@50 : 0.8033    ndcg@1 : 0.2223    ndcg@2 : 0.2431    ndcg@3 : 0.2611    ndcg@4 : 0.2792    ndcg@5 : 0.2931    ndcg@10 : 0.344    ndcg@20 : 0.3852    ndcg@30 : 0.4039    ndcg@50 : 0.4256    precision@1 : 0.2223    precision@2 : 0.1809    precision@3 : 0.1569    precision@4 : 0.1409    precision@5 : 0.129    precision@10 : 0.0944    precision@20 : 0.0632    precision@30 : 0.0483    precision@50 : 0.0337    map@1 : 0.2223    map@2 : 0.2168    map@3 : 0.2206    map@4 : 0.2278    map@5 : 0.2341    map@10 : 0.2567    map@20 : 0.2707    map@30 : 0.2765    map@50 : 0.2815
Sun 15 Mar 2026 22:37:12 INFO  Saving current: saved/SCL-Mar-15-2026_22-36-23.pth
Sun 15 Mar 2026 22:37:12 INFO  Saving current best: saved/SCL-Mar-15-2026_22-36-23.pth
Sun 15 Mar 2026 22:37:12 INFO  Running E-step ! 
Sun 15 Mar 2026 22:37:12 INFO  epoch 137 training [time: 0.18s, train_loss1: 2.2801, train_loss2: 0.0357, train_loss3: 0.0109, train_loss4: 0.0000]
Sun 15 Mar 2026 22:37:12 INFO  epoch 137 evaluating [time: 0.15s, valid_score: 0.343900]
Sun 15 Mar 2026 22:37:12 INFO  valid result: 
recall@1 : 0.1406    recall@2 : 0.2181    recall@3 : 0.277    recall@4 : 0.3255    recall@5 : 0.3627    recall@10 : 0.5048    recall@20 : 0.6431    recall@30 : 0.7121    recall@50 : 0.8041    ndcg@1 : 0.2223    ndcg@2 : 0.2423    ndcg@3 : 0.2619    ndcg@4 : 0.279    ndcg@5 : 0.2928    ndcg@10 : 0.3439    ndcg@20 : 0.385    ndcg@30 : 0.404    ndcg@50 : 0.4256    precision@1 : 0.2223    precision@2 : 0.1803    precision@3 : 0.1579    precision@4 : 0.1411    precision@5 : 0.1288    precision@10 : 0.0945    precision@20 : 0.0631    precision@30 : 0.0484    precision@50 : 0.0337    map@1 : 0.2223    map@2 : 0.2162    map@3 : 0.2211    map@4 : 0.2276    map@5 : 0.2339    map@10 : 0.2567    map@20 : 0.2706    map@30 : 0.2764    map@50 : 0.2814
Sun 15 Mar 2026 22:37:12 INFO  Running E-step ! 
Sun 15 Mar 2026 22:37:12 INFO  epoch 138 training [time: 0.19s, train_loss1: 2.2903, train_loss2: 0.0357, train_loss3: 0.0109, train_loss4: 0.0000]
Sun 15 Mar 2026 22:37:12 INFO  epoch 138 evaluating [time: 0.15s, valid_score: 0.345000]
Sun 15 Mar 2026 22:37:12 INFO  valid result: 
recall@1 : 0.1419    recall@2 : 0.2177    recall@3 : 0.2771    recall@4 : 0.326    recall@5 : 0.365    recall@10 : 0.5064    recall@20 : 0.6431    recall@30 : 0.7128    recall@50 : 0.8039    ndcg@1 : 0.2241    ndcg@2 : 0.2422    ndcg@3 : 0.2624    ndcg@4 : 0.2797    ndcg@5 : 0.2942    ndcg@10 : 0.345    ndcg@20 : 0.3856    ndcg@30 : 0.4047    ndcg@50 : 0.4263    precision@1 : 0.2241    precision@2 : 0.1797    precision@3 : 0.1577    precision@4 : 0.1412    precision@5 : 0.1293    precision@10 : 0.0948    precision@20 : 0.0631    precision@30 : 0.0484    precision@50 : 0.0338    map@1 : 0.2241    map@2 : 0.2166    map@3 : 0.2218    map@4 : 0.2285    map@5 : 0.2351    map@10 : 0.2577    map@20 : 0.2714    map@30 : 0.2773    map@50 : 0.2823
Sun 15 Mar 2026 22:37:12 INFO  Saving current: saved/SCL-Mar-15-2026_22-36-23.pth
Sun 15 Mar 2026 22:37:12 INFO  Saving current best: saved/SCL-Mar-15-2026_22-36-23.pth
Sun 15 Mar 2026 22:37:12 INFO  Running E-step ! 
Sun 15 Mar 2026 22:37:12 INFO  epoch 139 training [time: 0.18s, train_loss1: 2.2140, train_loss2: 0.0356, train_loss3: 0.0109, train_loss4: 0.0000]
Sun 15 Mar 2026 22:37:13 INFO  epoch 139 evaluating [time: 0.15s, valid_score: 0.345500]
Sun 15 Mar 2026 22:37:13 INFO  valid result: 
recall@1 : 0.1422    recall@2 : 0.2171    recall@3 : 0.2779    recall@4 : 0.3268    recall@5 : 0.3669    recall@10 : 0.5068    recall@20 : 0.6424    recall@30 : 0.7127    recall@50 : 0.8047    ndcg@1 : 0.2253    ndcg@2 : 0.2424    ndcg@3 : 0.263    ndcg@4 : 0.2803    ndcg@5 : 0.2953    ndcg@10 : 0.3455    ndcg@20 : 0.3858    ndcg@30 : 0.4051    ndcg@50 : 0.4268    precision@1 : 0.2253    precision@2 : 0.18    precision@3 : 0.1579    precision@4 : 0.1415    precision@5 : 0.13    precision@10 : 0.0949    precision@20 : 0.0631    precision@30 : 0.0485    precision@50 : 0.0338    map@1 : 0.2253    map@2 : 0.2168    map@3 : 0.2222    map@4 : 0.2289    map@5 : 0.2358    map@10 : 0.258    map@20 : 0.2717    map@30 : 0.2777    map@50 : 0.2827
Sun 15 Mar 2026 22:37:13 INFO  Saving current: saved/SCL-Mar-15-2026_22-36-23.pth
Sun 15 Mar 2026 22:37:13 INFO  Saving current best: saved/SCL-Mar-15-2026_22-36-23.pth
Sun 15 Mar 2026 22:37:13 INFO  Running E-step ! 
Sun 15 Mar 2026 22:37:13 INFO  epoch 140 training [time: 0.18s, train_loss1: 2.2478, train_loss2: 0.0355, train_loss3: 0.0109, train_loss4: 0.0000]
Sun 15 Mar 2026 22:37:13 INFO  epoch 140 evaluating [time: 0.15s, valid_score: 0.345600]
Sun 15 Mar 2026 22:37:13 INFO  valid result: 
recall@1 : 0.1421    recall@2 : 0.2176    recall@3 : 0.2795    recall@4 : 0.3273    recall@5 : 0.3671    recall@10 : 0.5066    recall@20 : 0.6411    recall@30 : 0.7128    recall@50 : 0.8042    ndcg@1 : 0.2247    ndcg@2 : 0.2428    ndcg@3 : 0.2639    ndcg@4 : 0.2807    ndcg@5 : 0.2955    ndcg@10 : 0.3456    ndcg@20 : 0.3857    ndcg@30 : 0.4053    ndcg@50 : 0.4269    precision@1 : 0.2247    precision@2 : 0.1806    precision@3 : 0.1587    precision@4 : 0.1417    precision@5 : 0.13    precision@10 : 0.0949    precision@20 : 0.063    precision@30 : 0.0484    precision@50 : 0.0338    map@1 : 0.2247    map@2 : 0.2169    map@3 : 0.2228    map@4 : 0.2293    map@5 : 0.236    map@10 : 0.2582    map@20 : 0.2719    map@30 : 0.2779    map@50 : 0.283
Sun 15 Mar 2026 22:37:13 INFO  Saving current: saved/SCL-Mar-15-2026_22-36-23.pth
Sun 15 Mar 2026 22:37:13 INFO  Saving current best: saved/SCL-Mar-15-2026_22-36-23.pth
Sun 15 Mar 2026 22:37:13 INFO  Running E-step ! 
Sun 15 Mar 2026 22:37:13 INFO  epoch 141 training [time: 0.20s, train_loss1: 2.2210, train_loss2: 0.0355, train_loss3: 0.0109, train_loss4: 0.0000]
Sun 15 Mar 2026 22:37:13 INFO  epoch 141 evaluating [time: 0.15s, valid_score: 0.345600]
Sun 15 Mar 2026 22:37:13 INFO  valid result: 
recall@1 : 0.1418    recall@2 : 0.2179    recall@3 : 0.2789    recall@4 : 0.3282    recall@5 : 0.3681    recall@10 : 0.5069    recall@20 : 0.6414    recall@30 : 0.7141    recall@50 : 0.8042    ndcg@1 : 0.2241    ndcg@2 : 0.243    ndcg@3 : 0.2634    ndcg@4 : 0.2809    ndcg@5 : 0.2958    ndcg@10 : 0.3456    ndcg@20 : 0.3858    ndcg@30 : 0.4056    ndcg@50 : 0.4269    precision@1 : 0.2241    precision@2 : 0.1809    precision@3 : 0.1583    precision@4 : 0.142    precision@5 : 0.1302    precision@10 : 0.0949    precision@20 : 0.0631    precision@30 : 0.0485    precision@50 : 0.0338    map@1 : 0.2241    map@2 : 0.2172    map@3 : 0.2224    map@4 : 0.2294    map@5 : 0.236    map@10 : 0.2582    map@20 : 0.272    map@30 : 0.278    map@50 : 0.283
Sun 15 Mar 2026 22:37:13 INFO  Saving current: saved/SCL-Mar-15-2026_22-36-23.pth
Sun 15 Mar 2026 22:37:13 INFO  Saving current best: saved/SCL-Mar-15-2026_22-36-23.pth
Sun 15 Mar 2026 22:37:13 INFO  Running E-step ! 
Sun 15 Mar 2026 22:37:14 INFO  epoch 142 training [time: 0.18s, train_loss1: 2.2552, train_loss2: 0.0354, train_loss3: 0.0109, train_loss4: 0.0000]
Sun 15 Mar 2026 22:37:14 INFO  epoch 142 evaluating [time: 0.15s, valid_score: 0.344800]
Sun 15 Mar 2026 22:37:14 INFO  valid result: 
recall@1 : 0.1395    recall@2 : 0.2165    recall@3 : 0.2787    recall@4 : 0.3285    recall@5 : 0.3688    recall@10 : 0.5075    recall@20 : 0.6416    recall@30 : 0.7124    recall@50 : 0.8015    ndcg@1 : 0.2217    ndcg@2 : 0.2414    ndcg@3 : 0.2624    ndcg@4 : 0.28    ndcg@5 : 0.2951    ndcg@10 : 0.3448    ndcg@20 : 0.3849    ndcg@30 : 0.4044    ndcg@50 : 0.4255    precision@1 : 0.2217    precision@2 : 0.1803    precision@3 : 0.1585    precision@4 : 0.1421    precision@5 : 0.1304    precision@10 : 0.095    precision@20 : 0.0631    precision@30 : 0.0485    precision@50 : 0.0337    map@1 : 0.2217    map@2 : 0.2154    map@3 : 0.2211    map@4 : 0.228    map@5 : 0.2349    map@10 : 0.2569    map@20 : 0.2707    map@30 : 0.2767    map@50 : 0.2816
Sun 15 Mar 2026 22:37:14 INFO  Running E-step ! 
Sun 15 Mar 2026 22:37:14 INFO  epoch 143 training [time: 0.18s, train_loss1: 2.2016, train_loss2: 0.0353, train_loss3: 0.0109, train_loss4: 0.0000]
Sun 15 Mar 2026 22:37:14 INFO  epoch 143 evaluating [time: 0.15s, valid_score: 0.345600]
Sun 15 Mar 2026 22:37:14 INFO  valid result: 
recall@1 : 0.1407    recall@2 : 0.217    recall@3 : 0.2798    recall@4 : 0.3284    recall@5 : 0.3689    recall@10 : 0.5079    recall@20 : 0.6427    recall@30 : 0.7112    recall@50 : 0.8008    ndcg@1 : 0.2229    ndcg@2 : 0.242    ndcg@3 : 0.2634    ndcg@4 : 0.2807    ndcg@5 : 0.2957    ndcg@10 : 0.3456    ndcg@20 : 0.386    ndcg@30 : 0.4047    ndcg@50 : 0.4261    precision@1 : 0.2229    precision@2 : 0.1806    precision@3 : 0.1589    precision@4 : 0.1424    precision@5 : 0.1304    precision@10 : 0.0951    precision@20 : 0.0633    precision@30 : 0.0484    precision@50 : 0.0337    map@1 : 0.2229    map@2 : 0.2162    map@3 : 0.2221    map@4 : 0.2289    map@5 : 0.2357    map@10 : 0.2578    map@20 : 0.2717    map@30 : 0.2775    map@50 : 0.2826
Sun 15 Mar 2026 22:37:14 INFO  Saving current: saved/SCL-Mar-15-2026_22-36-23.pth
Sun 15 Mar 2026 22:37:14 INFO  Saving current best: saved/SCL-Mar-15-2026_22-36-23.pth
Sun 15 Mar 2026 22:37:14 INFO  Running E-step ! 
Sun 15 Mar 2026 22:37:14 INFO  epoch 144 training [time: 0.19s, train_loss1: 2.1930, train_loss2: 0.0353, train_loss3: 0.0109, train_loss4: 0.0000]
Sun 15 Mar 2026 22:37:14 INFO  epoch 144 evaluating [time: 0.15s, valid_score: 0.345500]
Sun 15 Mar 2026 22:37:14 INFO  valid result: 
recall@1 : 0.1407    recall@2 : 0.2162    recall@3 : 0.2798    recall@4 : 0.3287    recall@5 : 0.3677    recall@10 : 0.5077    recall@20 : 0.6435    recall@30 : 0.7122    recall@50 : 0.8006    ndcg@1 : 0.2229    ndcg@2 : 0.2418    ndcg@3 : 0.2636    ndcg@4 : 0.2808    ndcg@5 : 0.2951    ndcg@10 : 0.3455    ndcg@20 : 0.3861    ndcg@30 : 0.4049    ndcg@50 : 0.4259    precision@1 : 0.2229    precision@2 : 0.1806    precision@3 : 0.1593    precision@4 : 0.1426    precision@5 : 0.13    precision@10 : 0.0951    precision@20 : 0.0633    precision@30 : 0.0485    precision@50 : 0.0337    map@1 : 0.2229    map@2 : 0.216    map@3 : 0.2222    map@4 : 0.2289    map@5 : 0.2354    map@10 : 0.2577    map@20 : 0.2717    map@30 : 0.2775    map@50 : 0.2825
Sun 15 Mar 2026 22:37:14 INFO  Running E-step ! 
Sun 15 Mar 2026 22:37:15 INFO  epoch 145 training [time: 0.19s, train_loss1: 2.2017, train_loss2: 0.0352, train_loss3: 0.0109, train_loss4: 0.0000]
Sun 15 Mar 2026 22:37:15 INFO  epoch 145 evaluating [time: 0.15s, valid_score: 0.344800]
Sun 15 Mar 2026 22:37:15 INFO  valid result: 
recall@1 : 0.1392    recall@2 : 0.2169    recall@3 : 0.2797    recall@4 : 0.3281    recall@5 : 0.3663    recall@10 : 0.5071    recall@20 : 0.644    recall@30 : 0.713    recall@50 : 0.7998    ndcg@1 : 0.2223    ndcg@2 : 0.242    ndcg@3 : 0.2634    ndcg@4 : 0.2801    ndcg@5 : 0.2941    ndcg@10 : 0.3448    ndcg@20 : 0.3857    ndcg@30 : 0.4046    ndcg@50 : 0.4254    precision@1 : 0.2223    precision@2 : 0.1812    precision@3 : 0.1597    precision@4 : 0.1423    precision@5 : 0.1297    precision@10 : 0.095    precision@20 : 0.0634    precision@30 : 0.0485    precision@50 : 0.0337    map@1 : 0.2223    map@2 : 0.216    map@3 : 0.2216    map@4 : 0.228    map@5 : 0.2345    map@10 : 0.2569    map@20 : 0.271    map@30 : 0.2768    map@50 : 0.2817
Sun 15 Mar 2026 22:37:15 INFO  Running E-step ! 
Sun 15 Mar 2026 22:37:15 INFO  epoch 146 training [time: 0.19s, train_loss1: 2.2073, train_loss2: 0.0351, train_loss3: 0.0109, train_loss4: 0.0000]
Sun 15 Mar 2026 22:37:15 INFO  epoch 146 evaluating [time: 0.15s, valid_score: 0.344100]
Sun 15 Mar 2026 22:37:15 INFO  valid result: 
recall@1 : 0.1371    recall@2 : 0.2164    recall@3 : 0.2803    recall@4 : 0.3282    recall@5 : 0.3664    recall@10 : 0.5066    recall@20 : 0.6445    recall@30 : 0.7125    recall@50 : 0.7991    ndcg@1 : 0.2217    ndcg@2 : 0.2416    ndcg@3 : 0.263    ndcg@4 : 0.2796    ndcg@5 : 0.2936    ndcg@10 : 0.3441    ndcg@20 : 0.3853    ndcg@30 : 0.404    ndcg@50 : 0.4247    precision@1 : 0.2217    precision@2 : 0.1815    precision@3 : 0.1599    precision@4 : 0.1424    precision@5 : 0.1298    precision@10 : 0.095    precision@20 : 0.0634    precision@30 : 0.0485    precision@50 : 0.0337    map@1 : 0.2217    map@2 : 0.2156    map@3 : 0.2209    map@4 : 0.2271    map@5 : 0.2335    map@10 : 0.2559    map@20 : 0.2701    map@30 : 0.2759    map@50 : 0.2808
Sun 15 Mar 2026 22:37:15 INFO  Running E-step ! 
Sun 15 Mar 2026 22:37:15 INFO  epoch 147 training [time: 0.18s, train_loss1: 2.1949, train_loss2: 0.0351, train_loss3: 0.0109, train_loss4: 0.0000]
Sun 15 Mar 2026 22:37:15 INFO  epoch 147 evaluating [time: 0.15s, valid_score: 0.344200]
Sun 15 Mar 2026 22:37:15 INFO  valid result: 
recall@1 : 0.1365    recall@2 : 0.2159    recall@3 : 0.2799    recall@4 : 0.3304    recall@5 : 0.3674    recall@10 : 0.5074    recall@20 : 0.6445    recall@30 : 0.7126    recall@50 : 0.7999    ndcg@1 : 0.2211    ndcg@2 : 0.2412    ndcg@3 : 0.2626    ndcg@4 : 0.2804    ndcg@5 : 0.2939    ndcg@10 : 0.3442    ndcg@20 : 0.3851    ndcg@30 : 0.4039    ndcg@50 : 0.4247    precision@1 : 0.2211    precision@2 : 0.1815    precision@3 : 0.1599    precision@4 : 0.1433    precision@5 : 0.1302    precision@10 : 0.0952    precision@20 : 0.0634    precision@30 : 0.0485    precision@50 : 0.0337    map@1 : 0.2211    map@2 : 0.2151    map@3 : 0.2204    map@4 : 0.2274    map@5 : 0.2334    map@10 : 0.2558    map@20 : 0.2699    map@30 : 0.2757    map@50 : 0.2806
Sun 15 Mar 2026 22:37:15 INFO  Running E-step ! 
Sun 15 Mar 2026 22:37:16 INFO  epoch 148 training [time: 0.18s, train_loss1: 2.1765, train_loss2: 0.0350, train_loss3: 0.0109, train_loss4: 0.0000]
Sun 15 Mar 2026 22:37:16 INFO  epoch 148 evaluating [time: 0.15s, valid_score: 0.344700]
Sun 15 Mar 2026 22:37:16 INFO  valid result: 
recall@1 : 0.1371    recall@2 : 0.2166    recall@3 : 0.2804    recall@4 : 0.3305    recall@5 : 0.3695    recall@10 : 0.5076    recall@20 : 0.6429    recall@30 : 0.7129    recall@50 : 0.8013    ndcg@1 : 0.2211    ndcg@2 : 0.2421    ndcg@3 : 0.2632    ndcg@4 : 0.2807    ndcg@5 : 0.2952    ndcg@10 : 0.3447    ndcg@20 : 0.3852    ndcg@30 : 0.4043    ndcg@50 : 0.4254    precision@1 : 0.2211    precision@2 : 0.1824    precision@3 : 0.1601    precision@4 : 0.1432    precision@5 : 0.1309    precision@10 : 0.0953    precision@20 : 0.0634    precision@30 : 0.0485    precision@50 : 0.0337    map@1 : 0.2211    map@2 : 0.2159    map@3 : 0.221    map@4 : 0.2277    map@5 : 0.2344    map@10 : 0.2563    map@20 : 0.2703    map@30 : 0.2762    map@50 : 0.2812
Sun 15 Mar 2026 22:37:16 INFO  Running E-step ! 
Sun 15 Mar 2026 22:37:16 INFO  epoch 149 training [time: 0.19s, train_loss1: 2.1849, train_loss2: 0.0349, train_loss3: 0.0109, train_loss4: 0.0000]
Sun 15 Mar 2026 22:37:16 INFO  epoch 149 evaluating [time: 0.15s, valid_score: 0.344700]
Sun 15 Mar 2026 22:37:16 INFO  valid result: 
recall@1 : 0.1364    recall@2 : 0.2155    recall@3 : 0.2803    recall@4 : 0.3317    recall@5 : 0.369    recall@10 : 0.5087    recall@20 : 0.643    recall@30 : 0.7134    recall@50 : 0.802    ndcg@1 : 0.2199    ndcg@2 : 0.2416    ndcg@3 : 0.2627    ndcg@4 : 0.2808    ndcg@5 : 0.2946    ndcg@10 : 0.3447    ndcg@20 : 0.3849    ndcg@30 : 0.4041    ndcg@50 : 0.4252    precision@1 : 0.2199    precision@2 : 0.1827    precision@3 : 0.1599    precision@4 : 0.1435    precision@5 : 0.1308    precision@10 : 0.0954    precision@20 : 0.0633    precision@30 : 0.0485    precision@50 : 0.0338    map@1 : 0.2199    map@2 : 0.2153    map@3 : 0.2204    map@4 : 0.2275    map@5 : 0.2337    map@10 : 0.256    map@20 : 0.2699    map@30 : 0.2758    map@50 : 0.2807
Sun 15 Mar 2026 22:37:16 INFO  Running E-step ! 
Sun 15 Mar 2026 22:37:16 INFO  epoch 150 training [time: 0.20s, train_loss1: 2.1918, train_loss2: 0.0349, train_loss3: 0.0109, train_loss4: 0.0000]
Sun 15 Mar 2026 22:37:16 INFO  epoch 150 evaluating [time: 0.15s, valid_score: 0.344100]
Sun 15 Mar 2026 22:37:16 INFO  valid result: 
recall@1 : 0.1352    recall@2 : 0.215    recall@3 : 0.2793    recall@4 : 0.331    recall@5 : 0.3691    recall@10 : 0.5087    recall@20 : 0.6439    recall@30 : 0.7138    recall@50 : 0.8029    ndcg@1 : 0.2187    ndcg@2 : 0.2407    ndcg@3 : 0.2616    ndcg@4 : 0.2799    ndcg@5 : 0.2941    ndcg@10 : 0.3441    ndcg@20 : 0.3846    ndcg@30 : 0.4036    ndcg@50 : 0.4248    precision@1 : 0.2187    precision@2 : 0.1821    precision@3 : 0.1595    precision@4 : 0.1433    precision@5 : 0.1311    precision@10 : 0.0954    precision@20 : 0.0635    precision@30 : 0.0486    precision@50 : 0.0338    map@1 : 0.2187    map@2 : 0.2144    map@3 : 0.2194    map@4 : 0.2266    map@5 : 0.233    map@10 : 0.2552    map@20 : 0.2692    map@30 : 0.2751    map@50 : 0.28
Sun 15 Mar 2026 22:37:16 INFO  Running E-step ! 
Sun 15 Mar 2026 22:37:17 INFO  epoch 151 training [time: 0.18s, train_loss1: 2.1612, train_loss2: 0.0348, train_loss3: 0.0109, train_loss4: 0.0000]
Sun 15 Mar 2026 22:37:17 INFO  epoch 151 evaluating [time: 0.15s, valid_score: 0.344300]
Sun 15 Mar 2026 22:37:17 INFO  valid result: 
recall@1 : 0.1357    recall@2 : 0.2157    recall@3 : 0.2792    recall@4 : 0.3313    recall@5 : 0.3708    recall@10 : 0.5083    recall@20 : 0.6435    recall@30 : 0.7135    recall@50 : 0.8028    ndcg@1 : 0.2199    ndcg@2 : 0.2414    ndcg@3 : 0.262    ndcg@4 : 0.2803    ndcg@5 : 0.2952    ndcg@10 : 0.3443    ndcg@20 : 0.3848    ndcg@30 : 0.4039    ndcg@50 : 0.4251    precision@1 : 0.2199    precision@2 : 0.1827    precision@3 : 0.1595    precision@4 : 0.1433    precision@5 : 0.1315    precision@10 : 0.0954    precision@20 : 0.0635    precision@30 : 0.0486    precision@50 : 0.0338    map@1 : 0.2199    map@2 : 0.215    map@3 : 0.2199    map@4 : 0.227    map@5 : 0.2339    map@10 : 0.2556    map@20 : 0.2696    map@30 : 0.2755    map@50 : 0.2805
Sun 15 Mar 2026 22:37:17 INFO  Running E-step ! 
Sun 15 Mar 2026 22:37:17 INFO  epoch 152 training [time: 0.19s, train_loss1: 2.1536, train_loss2: 0.0347, train_loss3: 0.0109, train_loss4: 0.0000]
Sun 15 Mar 2026 22:37:17 INFO  epoch 152 evaluating [time: 0.15s, valid_score: 0.344900]
Sun 15 Mar 2026 22:37:17 INFO  valid result: 
recall@1 : 0.1366    recall@2 : 0.2165    recall@3 : 0.2795    recall@4 : 0.3297    recall@5 : 0.3714    recall@10 : 0.5088    recall@20 : 0.6435    recall@30 : 0.7144    recall@50 : 0.8038    ndcg@1 : 0.2211    ndcg@2 : 0.2424    ndcg@3 : 0.2627    ndcg@4 : 0.2802    ndcg@5 : 0.2958    ndcg@10 : 0.3449    ndcg@20 : 0.3853    ndcg@30 : 0.4047    ndcg@50 : 0.4258    precision@1 : 0.2211    precision@2 : 0.1833    precision@3 : 0.1599    precision@4 : 0.143    precision@5 : 0.1316    precision@10 : 0.0955    precision@20 : 0.0635    precision@30 : 0.0487    precision@50 : 0.0338    map@1 : 0.2211    map@2 : 0.2159    map@3 : 0.2207    map@4 : 0.2273    map@5 : 0.2346    map@10 : 0.2562    map@20 : 0.2702    map@30 : 0.2761    map@50 : 0.2811
Sun 15 Mar 2026 22:37:17 INFO  Running E-step ! 
Sun 15 Mar 2026 22:37:17 INFO  epoch 153 training [time: 0.17s, train_loss1: 2.1645, train_loss2: 0.0347, train_loss3: 0.0109, train_loss4: 0.0000]
Sun 15 Mar 2026 22:37:17 INFO  epoch 153 evaluating [time: 0.15s, valid_score: 0.345700]
Sun 15 Mar 2026 22:37:17 INFO  valid result: 
recall@1 : 0.1378    recall@2 : 0.2166    recall@3 : 0.2793    recall@4 : 0.3292    recall@5 : 0.3707    recall@10 : 0.51    recall@20 : 0.6434    recall@30 : 0.7143    recall@50 : 0.8035    ndcg@1 : 0.2223    ndcg@2 : 0.243    ndcg@3 : 0.2631    ndcg@4 : 0.2804    ndcg@5 : 0.296    ndcg@10 : 0.3457    ndcg@20 : 0.3858    ndcg@30 : 0.4051    ndcg@50 : 0.4262    precision@1 : 0.2223    precision@2 : 0.1836    precision@3 : 0.1599    precision@4 : 0.1429    precision@5 : 0.1315    precision@10 : 0.0956    precision@20 : 0.0636    precision@30 : 0.0487    precision@50 : 0.0338    map@1 : 0.2223    map@2 : 0.2166    map@3 : 0.2212    map@4 : 0.2278    map@5 : 0.235    map@10 : 0.2568    map@20 : 0.2708    map@30 : 0.2767    map@50 : 0.2817
Sun 15 Mar 2026 22:37:17 INFO  Saving current: saved/SCL-Mar-15-2026_22-36-23.pth
Sun 15 Mar 2026 22:37:17 INFO  Saving current best: saved/SCL-Mar-15-2026_22-36-23.pth
Sun 15 Mar 2026 22:37:17 INFO  Running E-step ! 
Sun 15 Mar 2026 22:37:18 INFO  epoch 154 training [time: 0.17s, train_loss1: 2.1674, train_loss2: 0.0346, train_loss3: 0.0109, train_loss4: 0.0000]
Sun 15 Mar 2026 22:37:18 INFO  epoch 154 evaluating [time: 0.15s, valid_score: 0.344700]
Sun 15 Mar 2026 22:37:18 INFO  valid result: 
recall@1 : 0.1363    recall@2 : 0.2162    recall@3 : 0.2788    recall@4 : 0.3293    recall@5 : 0.3718    recall@10 : 0.5089    recall@20 : 0.6444    recall@30 : 0.7166    recall@50 : 0.8038    ndcg@1 : 0.2199    ndcg@2 : 0.2422    ndcg@3 : 0.2625    ndcg@4 : 0.2798    ndcg@5 : 0.2959    ndcg@10 : 0.3447    ndcg@20 : 0.3854    ndcg@30 : 0.4049    ndcg@50 : 0.4257    precision@1 : 0.2199    precision@2 : 0.1836    precision@3 : 0.1603    precision@4 : 0.1429    precision@5 : 0.1319    precision@10 : 0.0956    precision@20 : 0.0636    precision@30 : 0.0487    precision@50 : 0.0338    map@1 : 0.2199    map@2 : 0.2156    map@3 : 0.2205    map@4 : 0.2269    map@5 : 0.2344    map@10 : 0.2559    map@20 : 0.2701    map@30 : 0.276    map@50 : 0.2809
Sun 15 Mar 2026 22:37:18 INFO  Running E-step ! 
Sun 15 Mar 2026 22:37:18 INFO  epoch 155 training [time: 0.17s, train_loss1: 2.1562, train_loss2: 0.0345, train_loss3: 0.0109, train_loss4: 0.0000]
Sun 15 Mar 2026 22:37:18 INFO  epoch 155 evaluating [time: 0.15s, valid_score: 0.344800]
Sun 15 Mar 2026 22:37:18 INFO  valid result: 
recall@1 : 0.1358    recall@2 : 0.2157    recall@3 : 0.2785    recall@4 : 0.3297    recall@5 : 0.3719    recall@10 : 0.5093    recall@20 : 0.6447    recall@30 : 0.717    recall@50 : 0.8037    ndcg@1 : 0.2199    ndcg@2 : 0.242    ndcg@3 : 0.2622    ndcg@4 : 0.2796    ndcg@5 : 0.2958    ndcg@10 : 0.3448    ndcg@20 : 0.3855    ndcg@30 : 0.4049    ndcg@50 : 0.4256    precision@1 : 0.2199    precision@2 : 0.1836    precision@3 : 0.1601    precision@4 : 0.1427    precision@5 : 0.1322    precision@10 : 0.0957    precision@20 : 0.0638    precision@30 : 0.0488    precision@50 : 0.0338    map@1 : 0.2199    map@2 : 0.2156    map@3 : 0.2203    map@4 : 0.2266    map@5 : 0.2343    map@10 : 0.2559    map@20 : 0.27    map@30 : 0.2759    map@50 : 0.2808
Sun 15 Mar 2026 22:37:18 INFO  Running E-step ! 
Sun 15 Mar 2026 22:37:18 INFO  epoch 156 training [time: 0.19s, train_loss1: 2.1454, train_loss2: 0.0345, train_loss3: 0.0109, train_loss4: 0.0000]
Sun 15 Mar 2026 22:37:18 INFO  epoch 156 evaluating [time: 0.15s, valid_score: 0.344600]
Sun 15 Mar 2026 22:37:18 INFO  valid result: 
recall@1 : 0.136    recall@2 : 0.2161    recall@3 : 0.2783    recall@4 : 0.3289    recall@5 : 0.3723    recall@10 : 0.5082    recall@20 : 0.6443    recall@30 : 0.7169    recall@50 : 0.8043    ndcg@1 : 0.2211    ndcg@2 : 0.2419    ndcg@3 : 0.2621    ndcg@4 : 0.2794    ndcg@5 : 0.2961    ndcg@10 : 0.3446    ndcg@20 : 0.3855    ndcg@30 : 0.405    ndcg@50 : 0.4259    precision@1 : 0.2211    precision@2 : 0.183    precision@3 : 0.1597    precision@4 : 0.1426    precision@5 : 0.1324    precision@10 : 0.0957    precision@20 : 0.0638    precision@30 : 0.0488    precision@50 : 0.0339    map@1 : 0.2211    map@2 : 0.2156    map@3 : 0.2201    map@4 : 0.2266    map@5 : 0.2345    map@10 : 0.2558    map@20 : 0.2701    map@30 : 0.276    map@50 : 0.2809
Sun 15 Mar 2026 22:37:18 INFO  Running E-step ! 
Sun 15 Mar 2026 22:37:19 INFO  epoch 157 training [time: 0.19s, train_loss1: 2.1130, train_loss2: 0.0344, train_loss3: 0.0109, train_loss4: 0.0000]
Sun 15 Mar 2026 22:37:19 INFO  epoch 157 evaluating [time: 0.15s, valid_score: 0.344600]
Sun 15 Mar 2026 22:37:19 INFO  valid result: 
recall@1 : 0.1357    recall@2 : 0.2162    recall@3 : 0.278    recall@4 : 0.3286    recall@5 : 0.3731    recall@10 : 0.5085    recall@20 : 0.6449    recall@30 : 0.7182    recall@50 : 0.8055    ndcg@1 : 0.2205    ndcg@2 : 0.242    ndcg@3 : 0.2618    ndcg@4 : 0.2792    ndcg@5 : 0.2962    ndcg@10 : 0.3446    ndcg@20 : 0.3855    ndcg@30 : 0.4052    ndcg@50 : 0.426    precision@1 : 0.2205    precision@2 : 0.1833    precision@3 : 0.1597    precision@4 : 0.1427    precision@5 : 0.1325    precision@10 : 0.0958    precision@20 : 0.0638    precision@30 : 0.0488    precision@50 : 0.0339    map@1 : 0.2205    map@2 : 0.2156    map@3 : 0.2198    map@4 : 0.2265    map@5 : 0.2346    map@10 : 0.2558    map@20 : 0.2701    map@30 : 0.276    map@50 : 0.2809
Sun 15 Mar 2026 22:37:19 INFO  Running E-step ! 
Sun 15 Mar 2026 22:37:19 INFO  epoch 158 training [time: 0.16s, train_loss1: 2.1336, train_loss2: 0.0344, train_loss3: 0.0109, train_loss4: 0.0000]
Sun 15 Mar 2026 22:37:19 INFO  epoch 158 evaluating [time: 0.15s, valid_score: 0.345100]
Sun 15 Mar 2026 22:37:19 INFO  valid result: 
recall@1 : 0.1379    recall@2 : 0.2154    recall@3 : 0.2772    recall@4 : 0.3281    recall@5 : 0.3724    recall@10 : 0.5079    recall@20 : 0.6448    recall@30 : 0.7177    recall@50 : 0.8064    ndcg@1 : 0.2223    ndcg@2 : 0.2424    ndcg@3 : 0.2621    ndcg@4 : 0.2797    ndcg@5 : 0.2965    ndcg@10 : 0.3451    ndcg@20 : 0.3862    ndcg@30 : 0.4059    ndcg@50 : 0.4269    precision@1 : 0.2223    precision@2 : 0.183    precision@3 : 0.1593    precision@4 : 0.1427    precision@5 : 0.1323    precision@10 : 0.0958    precision@20 : 0.0638    precision@30 : 0.0489    precision@50 : 0.0339    map@1 : 0.2223    map@2 : 0.2165    map@3 : 0.2206    map@4 : 0.2274    map@5 : 0.2353    map@10 : 0.2567    map@20 : 0.2711    map@30 : 0.277    map@50 : 0.2819
Sun 15 Mar 2026 22:37:19 INFO  Running E-step ! 
Sun 15 Mar 2026 22:37:19 INFO  epoch 159 training [time: 0.16s, train_loss1: 2.1043, train_loss2: 0.0343, train_loss3: 0.0110, train_loss4: 0.0000]
Sun 15 Mar 2026 22:37:19 INFO  epoch 159 evaluating [time: 0.14s, valid_score: 0.346100]
Sun 15 Mar 2026 22:37:19 INFO  valid result: 
recall@1 : 0.1385    recall@2 : 0.2174    recall@3 : 0.2778    recall@4 : 0.3279    recall@5 : 0.3727    recall@10 : 0.5091    recall@20 : 0.6441    recall@30 : 0.7178    recall@50 : 0.8069    ndcg@1 : 0.2229    ndcg@2 : 0.2436    ndcg@3 : 0.2628    ndcg@4 : 0.2801    ndcg@5 : 0.2973    ndcg@10 : 0.3461    ndcg@20 : 0.3866    ndcg@30 : 0.4065    ndcg@50 : 0.4276    precision@1 : 0.2229    precision@2 : 0.1836    precision@3 : 0.1595    precision@4 : 0.1427    precision@5 : 0.1327    precision@10 : 0.0961    precision@20 : 0.0637    precision@30 : 0.0489    precision@50 : 0.0339    map@1 : 0.2229    map@2 : 0.2175    map@3 : 0.2214    map@4 : 0.228    map@5 : 0.2361    map@10 : 0.2577    map@20 : 0.2718    map@30 : 0.2778    map@50 : 0.2827
Sun 15 Mar 2026 22:37:19 INFO  Saving current: saved/SCL-Mar-15-2026_22-36-23.pth
Sun 15 Mar 2026 22:37:19 INFO  Saving current best: saved/SCL-Mar-15-2026_22-36-23.pth
Sun 15 Mar 2026 22:37:19 INFO  Running E-step ! 
Sun 15 Mar 2026 22:37:20 INFO  epoch 160 training [time: 0.19s, train_loss1: 2.1054, train_loss2: 0.0342, train_loss3: 0.0110, train_loss4: 0.0000]
Sun 15 Mar 2026 22:37:20 INFO  epoch 160 evaluating [time: 0.15s, valid_score: 0.346000]
Sun 15 Mar 2026 22:37:20 INFO  valid result: 
recall@1 : 0.138    recall@2 : 0.2169    recall@3 : 0.2782    recall@4 : 0.3266    recall@5 : 0.3731    recall@10 : 0.5097    recall@20 : 0.6439    recall@30 : 0.7178    recall@50 : 0.8074    ndcg@1 : 0.2223    ndcg@2 : 0.2438    ndcg@3 : 0.2628    ndcg@4 : 0.2795    ndcg@5 : 0.2972    ndcg@10 : 0.346    ndcg@20 : 0.3865    ndcg@30 : 0.4064    ndcg@50 : 0.4276    precision@1 : 0.2223    precision@2 : 0.1844    precision@3 : 0.1595    precision@4 : 0.1427    precision@5 : 0.1328    precision@10 : 0.0961    precision@20 : 0.0637    precision@30 : 0.0489    precision@50 : 0.0339    map@1 : 0.2223    map@2 : 0.2174    map@3 : 0.2211    map@4 : 0.2275    map@5 : 0.2358    map@10 : 0.2574    map@20 : 0.2715    map@30 : 0.2775    map@50 : 0.2825
Sun 15 Mar 2026 22:37:20 INFO  Running E-step ! 
Sun 15 Mar 2026 22:37:20 INFO  epoch 161 training [time: 0.16s, train_loss1: 2.0897, train_loss2: 0.0342, train_loss3: 0.0110, train_loss4: 0.0000]
Sun 15 Mar 2026 22:37:20 INFO  epoch 161 evaluating [time: 0.15s, valid_score: 0.346100]
Sun 15 Mar 2026 22:37:20 INFO  valid result: 
recall@1 : 0.138    recall@2 : 0.2164    recall@3 : 0.2789    recall@4 : 0.3272    recall@5 : 0.3735    recall@10 : 0.5095    recall@20 : 0.6446    recall@30 : 0.7173    recall@50 : 0.8077    ndcg@1 : 0.2223    ndcg@2 : 0.2437    ndcg@3 : 0.2632    ndcg@4 : 0.2799    ndcg@5 : 0.2974    ndcg@10 : 0.3461    ndcg@20 : 0.3868    ndcg@30 : 0.4064    ndcg@50 : 0.4277    precision@1 : 0.2223    precision@2 : 0.1844    precision@3 : 0.1599    precision@4 : 0.143    precision@5 : 0.1329    precision@10 : 0.0961    precision@20 : 0.0639    precision@30 : 0.0489    precision@50 : 0.034    map@1 : 0.2223    map@2 : 0.2172    map@3 : 0.2214    map@4 : 0.2277    map@5 : 0.236    map@10 : 0.2574    map@20 : 0.2717    map@30 : 0.2776    map@50 : 0.2826
Sun 15 Mar 2026 22:37:20 INFO  Saving current: saved/SCL-Mar-15-2026_22-36-23.pth
Sun 15 Mar 2026 22:37:20 INFO  Saving current best: saved/SCL-Mar-15-2026_22-36-23.pth
Sun 15 Mar 2026 22:37:20 INFO  Running E-step ! 
Sun 15 Mar 2026 22:37:20 INFO  epoch 162 training [time: 0.19s, train_loss1: 2.0915, train_loss2: 0.0341, train_loss3: 0.0110, train_loss4: 0.0000]
Sun 15 Mar 2026 22:37:20 INFO  epoch 162 evaluating [time: 0.14s, valid_score: 0.346600]
Sun 15 Mar 2026 22:37:20 INFO  valid result: 
recall@1 : 0.1392    recall@2 : 0.2161    recall@3 : 0.2784    recall@4 : 0.3298    recall@5 : 0.3737    recall@10 : 0.5095    recall@20 : 0.6459    recall@30 : 0.7189    recall@50 : 0.8077    ndcg@1 : 0.2235    ndcg@2 : 0.2437    ndcg@3 : 0.2634    ndcg@4 : 0.2814    ndcg@5 : 0.298    ndcg@10 : 0.3466    ndcg@20 : 0.3876    ndcg@30 : 0.4073    ndcg@50 : 0.4284    precision@1 : 0.2235    precision@2 : 0.1841    precision@3 : 0.1599    precision@4 : 0.1438    precision@5 : 0.1331    precision@10 : 0.0961    precision@20 : 0.0639    precision@30 : 0.0489    precision@50 : 0.034    map@1 : 0.2235    map@2 : 0.2174    map@3 : 0.2218    map@4 : 0.2289    map@5 : 0.2366    map@10 : 0.2581    map@20 : 0.2725    map@30 : 0.2784    map@50 : 0.2834
Sun 15 Mar 2026 22:37:20 INFO  Saving current: saved/SCL-Mar-15-2026_22-36-23.pth
Sun 15 Mar 2026 22:37:20 INFO  Saving current best: saved/SCL-Mar-15-2026_22-36-23.pth
Sun 15 Mar 2026 22:37:20 INFO  Running E-step ! 
Sun 15 Mar 2026 22:37:21 INFO  epoch 163 training [time: 0.18s, train_loss1: 2.1051, train_loss2: 0.0341, train_loss3: 0.0110, train_loss4: 0.0000]
Sun 15 Mar 2026 22:37:21 INFO  epoch 163 evaluating [time: 0.15s, valid_score: 0.346700]
Sun 15 Mar 2026 22:37:21 INFO  valid result: 
recall@1 : 0.1395    recall@2 : 0.2159    recall@3 : 0.2798    recall@4 : 0.3299    recall@5 : 0.3729    recall@10 : 0.509    recall@20 : 0.6464    recall@30 : 0.7184    recall@50 : 0.8088    ndcg@1 : 0.2235    ndcg@2 : 0.2434    ndcg@3 : 0.2641    ndcg@4 : 0.2816    ndcg@5 : 0.2978    ndcg@10 : 0.3467    ndcg@20 : 0.3879    ndcg@30 : 0.4074    ndcg@50 : 0.4287    precision@1 : 0.2235    precision@2 : 0.1836    precision@3 : 0.1605    precision@4 : 0.1438    precision@5 : 0.1329    precision@10 : 0.0961    precision@20 : 0.0639    precision@30 : 0.0489    precision@50 : 0.034    map@1 : 0.2235    map@2 : 0.2171    map@3 : 0.2222    map@4 : 0.229    map@5 : 0.2367    map@10 : 0.2584    map@20 : 0.2728    map@30 : 0.2787    map@50 : 0.2837
Sun 15 Mar 2026 22:37:21 INFO  Saving current: saved/SCL-Mar-15-2026_22-36-23.pth
Sun 15 Mar 2026 22:37:21 INFO  Saving current best: saved/SCL-Mar-15-2026_22-36-23.pth
Sun 15 Mar 2026 22:37:21 INFO  Running E-step ! 
Sun 15 Mar 2026 22:37:21 INFO  epoch 164 training [time: 0.19s, train_loss1: 2.0734, train_loss2: 0.0340, train_loss3: 0.0110, train_loss4: 0.0000]
Sun 15 Mar 2026 22:37:21 INFO  epoch 164 evaluating [time: 0.15s, valid_score: 0.346900]
Sun 15 Mar 2026 22:37:21 INFO  valid result: 
recall@1 : 0.139    recall@2 : 0.2171    recall@3 : 0.2798    recall@4 : 0.3306    recall@5 : 0.3709    recall@10 : 0.5098    recall@20 : 0.6451    recall@30 : 0.7203    recall@50 : 0.8084    ndcg@1 : 0.2235    ndcg@2 : 0.244    ndcg@3 : 0.264    ndcg@4 : 0.2819    ndcg@5 : 0.2972    ndcg@10 : 0.3469    ndcg@20 : 0.3876    ndcg@30 : 0.4078    ndcg@50 : 0.4287    precision@1 : 0.2235    precision@2 : 0.1841    precision@3 : 0.1603    precision@4 : 0.1441    precision@5 : 0.1328    precision@10 : 0.0962    precision@20 : 0.0639    precision@30 : 0.049    precision@50 : 0.034    map@1 : 0.2235    map@2 : 0.2175    map@3 : 0.2221    map@4 : 0.2293    map@5 : 0.2364    map@10 : 0.2584    map@20 : 0.2727    map@30 : 0.2787    map@50 : 0.2837
Sun 15 Mar 2026 22:37:21 INFO  Saving current: saved/SCL-Mar-15-2026_22-36-23.pth
Sun 15 Mar 2026 22:37:21 INFO  Saving current best: saved/SCL-Mar-15-2026_22-36-23.pth
Sun 15 Mar 2026 22:37:21 INFO  Running E-step ! 
Sun 15 Mar 2026 22:37:21 INFO  epoch 165 training [time: 0.20s, train_loss1: 2.0586, train_loss2: 0.0339, train_loss3: 0.0110, train_loss4: 0.0000]
Sun 15 Mar 2026 22:37:22 INFO  epoch 165 evaluating [time: 0.15s, valid_score: 0.346900]
Sun 15 Mar 2026 22:37:22 INFO  valid result: 
recall@1 : 0.1392    recall@2 : 0.2172    recall@3 : 0.2806    recall@4 : 0.3303    recall@5 : 0.3692    recall@10 : 0.5094    recall@20 : 0.6447    recall@30 : 0.7198    recall@50 : 0.8078    ndcg@1 : 0.2241    ndcg@2 : 0.2439    ndcg@3 : 0.2644    ndcg@4 : 0.282    ndcg@5 : 0.2966    ndcg@10 : 0.3469    ndcg@20 : 0.3877    ndcg@30 : 0.4078    ndcg@50 : 0.4288    precision@1 : 0.2241    precision@2 : 0.1838    precision@3 : 0.1603    precision@4 : 0.1441    precision@5 : 0.1323    precision@10 : 0.0962    precision@20 : 0.0639    precision@30 : 0.049    precision@50 : 0.034    map@1 : 0.2241    map@2 : 0.2175    map@3 : 0.2224    map@4 : 0.2294    map@5 : 0.2362    map@10 : 0.2585    map@20 : 0.2729    map@30 : 0.2789    map@50 : 0.2838
Sun 15 Mar 2026 22:37:22 INFO  Saving current: saved/SCL-Mar-15-2026_22-36-23.pth
Sun 15 Mar 2026 22:37:22 INFO  Saving current best: saved/SCL-Mar-15-2026_22-36-23.pth
Sun 15 Mar 2026 22:37:22 INFO  Running E-step ! 
Sun 15 Mar 2026 22:37:22 INFO  epoch 166 training [time: 0.21s, train_loss1: 2.0635, train_loss2: 0.0339, train_loss3: 0.0110, train_loss4: 0.0000]
Sun 15 Mar 2026 22:37:22 INFO  epoch 166 evaluating [time: 0.15s, valid_score: 0.347800]
Sun 15 Mar 2026 22:37:22 INFO  valid result: 
recall@1 : 0.1392    recall@2 : 0.2195    recall@3 : 0.2799    recall@4 : 0.3322    recall@5 : 0.3701    recall@10 : 0.5108    recall@20 : 0.6441    recall@30 : 0.7198    recall@50 : 0.8075    ndcg@1 : 0.2235    ndcg@2 : 0.2453    ndcg@3 : 0.2643    ndcg@4 : 0.2829    ndcg@5 : 0.2973    ndcg@10 : 0.3478    ndcg@20 : 0.3879    ndcg@30 : 0.4083    ndcg@50 : 0.4291    precision@1 : 0.2235    precision@2 : 0.185    precision@3 : 0.1601    precision@4 : 0.1444    precision@5 : 0.1327    precision@10 : 0.0965    precision@20 : 0.0638    precision@30 : 0.0491    precision@50 : 0.034    map@1 : 0.2235    map@2 : 0.2187    map@3 : 0.2226    map@4 : 0.2301    map@5 : 0.2369    map@10 : 0.2592    map@20 : 0.2733    map@30 : 0.2795    map@50 : 0.2844
Sun 15 Mar 2026 22:37:22 INFO  Saving current: saved/SCL-Mar-15-2026_22-36-23.pth
Sun 15 Mar 2026 22:37:22 INFO  Saving current best: saved/SCL-Mar-15-2026_22-36-23.pth
Sun 15 Mar 2026 22:37:22 INFO  Running E-step ! 
Sun 15 Mar 2026 22:37:22 INFO  epoch 167 training [time: 0.18s, train_loss1: 2.0808, train_loss2: 0.0338, train_loss3: 0.0110, train_loss4: 0.0000]
Sun 15 Mar 2026 22:37:22 INFO  epoch 167 evaluating [time: 0.15s, valid_score: 0.347800]
Sun 15 Mar 2026 22:37:22 INFO  valid result: 
recall@1 : 0.1396    recall@2 : 0.2187    recall@3 : 0.2798    recall@4 : 0.3326    recall@5 : 0.3703    recall@10 : 0.5103    recall@20 : 0.6446    recall@30 : 0.7193    recall@50 : 0.8075    ndcg@1 : 0.2247    ndcg@2 : 0.245    ndcg@3 : 0.2643    ndcg@4 : 0.2832    ndcg@5 : 0.2974    ndcg@10 : 0.3478    ndcg@20 : 0.3881    ndcg@30 : 0.4084    ndcg@50 : 0.4293    precision@1 : 0.2247    precision@2 : 0.1844    precision@3 : 0.1599    precision@4 : 0.1447    precision@5 : 0.1325    precision@10 : 0.0965    precision@20 : 0.0638    precision@30 : 0.0491    precision@50 : 0.034    map@1 : 0.2247    map@2 : 0.2186    map@3 : 0.2225    map@4 : 0.2303    map@5 : 0.237    map@10 : 0.2593    map@20 : 0.2735    map@30 : 0.2797    map@50 : 0.2846
Sun 15 Mar 2026 22:37:22 INFO  Saving current: saved/SCL-Mar-15-2026_22-36-23.pth
Sun 15 Mar 2026 22:37:22 INFO  Saving current best: saved/SCL-Mar-15-2026_22-36-23.pth
Sun 15 Mar 2026 22:37:22 INFO  Running E-step ! 
Sun 15 Mar 2026 22:37:22 INFO  epoch 168 training [time: 0.19s, train_loss1: 2.0874, train_loss2: 0.0337, train_loss3: 0.0110, train_loss4: 0.0000]
Sun 15 Mar 2026 22:37:23 INFO  epoch 168 evaluating [time: 0.15s, valid_score: 0.346500]
Sun 15 Mar 2026 22:37:23 INFO  valid result: 
recall@1 : 0.1377    recall@2 : 0.218    recall@3 : 0.28    recall@4 : 0.3325    recall@5 : 0.3699    recall@10 : 0.5087    recall@20 : 0.6454    recall@30 : 0.719    recall@50 : 0.8075    ndcg@1 : 0.2229    ndcg@2 : 0.2439    ndcg@3 : 0.2638    ndcg@4 : 0.2824    ndcg@5 : 0.2963    ndcg@10 : 0.3465    ndcg@20 : 0.3875    ndcg@30 : 0.4075    ndcg@50 : 0.4285    precision@1 : 0.2229    precision@2 : 0.1841    precision@3 : 0.1603    precision@4 : 0.1445    precision@5 : 0.1321    precision@10 : 0.0964    precision@20 : 0.0639    precision@30 : 0.0491    precision@50 : 0.034    map@1 : 0.2229    map@2 : 0.2172    map@3 : 0.2217    map@4 : 0.2292    map@5 : 0.2357    map@10 : 0.258    map@20 : 0.2725    map@30 : 0.2785    map@50 : 0.2835
Sun 15 Mar 2026 22:37:23 INFO  Running E-step ! 
Sun 15 Mar 2026 22:37:23 INFO  epoch 169 training [time: 0.17s, train_loss1: 2.0670, train_loss2: 0.0337, train_loss3: 0.0110, train_loss4: 0.0000]
Sun 15 Mar 2026 22:37:23 INFO  epoch 169 evaluating [time: 0.15s, valid_score: 0.347200]
Sun 15 Mar 2026 22:37:23 INFO  valid result: 
recall@1 : 0.1379    recall@2 : 0.2178    recall@3 : 0.2816    recall@4 : 0.334    recall@5 : 0.3707    recall@10 : 0.5101    recall@20 : 0.6437    recall@30 : 0.7193    recall@50 : 0.8083    ndcg@1 : 0.2235    ndcg@2 : 0.2438    ndcg@3 : 0.2647    ndcg@4 : 0.2833    ndcg@5 : 0.2969    ndcg@10 : 0.3472    ndcg@20 : 0.3874    ndcg@30 : 0.4079    ndcg@50 : 0.429    precision@1 : 0.2235    precision@2 : 0.1838    precision@3 : 0.1609    precision@4 : 0.1451    precision@5 : 0.1323    precision@10 : 0.0965    precision@20 : 0.0638    precision@30 : 0.0491    precision@50 : 0.034    map@1 : 0.2235    map@2 : 0.2172    map@3 : 0.2224    map@4 : 0.2299    map@5 : 0.2362    map@10 : 0.2585    map@20 : 0.2728    map@30 : 0.2789    map@50 : 0.2839
Sun 15 Mar 2026 22:37:23 INFO  Running E-step ! 
Sun 15 Mar 2026 22:37:23 INFO  epoch 170 training [time: 0.18s, train_loss1: 2.0421, train_loss2: 0.0336, train_loss3: 0.0110, train_loss4: 0.0000]
Sun 15 Mar 2026 22:37:23 INFO  epoch 170 evaluating [time: 0.15s, valid_score: 0.346700]
Sun 15 Mar 2026 22:37:23 INFO  valid result: 
recall@1 : 0.1373    recall@2 : 0.2179    recall@3 : 0.2812    recall@4 : 0.335    recall@5 : 0.3719    recall@10 : 0.5086    recall@20 : 0.6445    recall@30 : 0.7201    recall@50 : 0.8087    ndcg@1 : 0.2229    ndcg@2 : 0.2438    ndcg@3 : 0.2645    ndcg@4 : 0.2836    ndcg@5 : 0.2973    ndcg@10 : 0.3467    ndcg@20 : 0.3875    ndcg@30 : 0.408    ndcg@50 : 0.4289    precision@1 : 0.2229    precision@2 : 0.1841    precision@3 : 0.1611    precision@4 : 0.1456    precision@5 : 0.1328    precision@10 : 0.0964    precision@20 : 0.0639    precision@30 : 0.0492    precision@50 : 0.0341    map@1 : 0.2229    map@2 : 0.2171    map@3 : 0.222    map@4 : 0.2299    map@5 : 0.2363    map@10 : 0.2581    map@20 : 0.2726    map@30 : 0.2788    map@50 : 0.2837
Sun 15 Mar 2026 22:37:23 INFO  Running E-step ! 
Sun 15 Mar 2026 22:37:23 INFO  epoch 171 training [time: 0.17s, train_loss1: 2.0490, train_loss2: 0.0335, train_loss3: 0.0110, train_loss4: 0.0000]
Sun 15 Mar 2026 22:37:24 INFO  epoch 171 evaluating [time: 0.15s, valid_score: 0.346900]
Sun 15 Mar 2026 22:37:24 INFO  valid result: 
recall@1 : 0.1381    recall@2 : 0.2185    recall@3 : 0.2812    recall@4 : 0.3356    recall@5 : 0.3734    recall@10 : 0.5078    recall@20 : 0.6452    recall@30 : 0.7201    recall@50 : 0.8095    ndcg@1 : 0.2247    ndcg@2 : 0.2447    ndcg@3 : 0.2648    ndcg@4 : 0.2844    ndcg@5 : 0.2985    ndcg@10 : 0.3469    ndcg@20 : 0.3882    ndcg@30 : 0.4085    ndcg@50 : 0.4296    precision@1 : 0.2247    precision@2 : 0.1844    precision@3 : 0.1609    precision@4 : 0.1459    precision@5 : 0.1333    precision@10 : 0.0962    precision@20 : 0.0639    precision@30 : 0.0492    precision@50 : 0.0341    map@1 : 0.2247    map@2 : 0.218    map@3 : 0.2224    map@4 : 0.2307    map@5 : 0.2373    map@10 : 0.2587    map@20 : 0.2733    map@30 : 0.2794    map@50 : 0.2843
Sun 15 Mar 2026 22:37:24 INFO  Running E-step ! 
Sun 15 Mar 2026 22:37:24 INFO  epoch 172 training [time: 0.18s, train_loss1: 2.0504, train_loss2: 0.0335, train_loss3: 0.0110, train_loss4: 0.0000]
Sun 15 Mar 2026 22:37:24 INFO  epoch 172 evaluating [time: 0.15s, valid_score: 0.347900]
Sun 15 Mar 2026 22:37:24 INFO  valid result: 
recall@1 : 0.1389    recall@2 : 0.2196    recall@3 : 0.2824    recall@4 : 0.3359    recall@5 : 0.3721    recall@10 : 0.5085    recall@20 : 0.6446    recall@30 : 0.7209    recall@50 : 0.8099    ndcg@1 : 0.2259    ndcg@2 : 0.2459    ndcg@3 : 0.2661    ndcg@4 : 0.2851    ndcg@5 : 0.2987    ndcg@10 : 0.3479    ndcg@20 : 0.3887    ndcg@30 : 0.4093    ndcg@50 : 0.4304    precision@1 : 0.2259    precision@2 : 0.1853    precision@3 : 0.1617    precision@4 : 0.146    precision@5 : 0.1333    precision@10 : 0.0965    precision@20 : 0.0639    precision@30 : 0.0492    precision@50 : 0.0341    map@1 : 0.2259    map@2 : 0.219    map@3 : 0.2234    map@4 : 0.2315    map@5 : 0.2378    map@10 : 0.2596    map@20 : 0.274    map@30 : 0.2802    map@50 : 0.2851
Sun 15 Mar 2026 22:37:24 INFO  Saving current: saved/SCL-Mar-15-2026_22-36-23.pth
Sun 15 Mar 2026 22:37:24 INFO  Saving current best: saved/SCL-Mar-15-2026_22-36-23.pth
Sun 15 Mar 2026 22:37:24 INFO  Running E-step ! 
Sun 15 Mar 2026 22:37:24 INFO  epoch 173 training [time: 0.18s, train_loss1: 2.0324, train_loss2: 0.0334, train_loss3: 0.0110, train_loss4: 0.0000]
Sun 15 Mar 2026 22:37:24 INFO  epoch 173 evaluating [time: 0.15s, valid_score: 0.348600]
Sun 15 Mar 2026 22:37:24 INFO  valid result: 
recall@1 : 0.1399    recall@2 : 0.2208    recall@3 : 0.2823    recall@4 : 0.3371    recall@5 : 0.3715    recall@10 : 0.5089    recall@20 : 0.6456    recall@30 : 0.7217    recall@50 : 0.8101    ndcg@1 : 0.2265    ndcg@2 : 0.2466    ndcg@3 : 0.2666    ndcg@4 : 0.2861    ndcg@5 : 0.299    ndcg@10 : 0.3486    ndcg@20 : 0.3896    ndcg@30 : 0.4101    ndcg@50 : 0.431    precision@1 : 0.2265    precision@2 : 0.1853    precision@3 : 0.1619    precision@4 : 0.1463    precision@5 : 0.1331    precision@10 : 0.0967    precision@20 : 0.0641    precision@30 : 0.0493    precision@50 : 0.0341    map@1 : 0.2265    map@2 : 0.2199    map@3 : 0.2241    map@4 : 0.2325    map@5 : 0.2385    map@10 : 0.2605    map@20 : 0.275    map@30 : 0.2811    map@50 : 0.286
Sun 15 Mar 2026 22:37:24 INFO  Saving current: saved/SCL-Mar-15-2026_22-36-23.pth
Sun 15 Mar 2026 22:37:24 INFO  Saving current best: saved/SCL-Mar-15-2026_22-36-23.pth
Sun 15 Mar 2026 22:37:24 INFO  Running E-step ! 
Sun 15 Mar 2026 22:37:25 INFO  epoch 174 training [time: 0.17s, train_loss1: 2.0359, train_loss2: 0.0333, train_loss3: 0.0110, train_loss4: 0.0000]
Sun 15 Mar 2026 22:37:25 INFO  epoch 174 evaluating [time: 0.14s, valid_score: 0.348700]
Sun 15 Mar 2026 22:37:25 INFO  valid result: 
recall@1 : 0.1402    recall@2 : 0.2214    recall@3 : 0.2826    recall@4 : 0.337    recall@5 : 0.3738    recall@10 : 0.5082    recall@20 : 0.6458    recall@30 : 0.7216    recall@50 : 0.8112    ndcg@1 : 0.2271    ndcg@2 : 0.2471    ndcg@3 : 0.2673    ndcg@4 : 0.2863    ndcg@5 : 0.3002    ndcg@10 : 0.3487    ndcg@20 : 0.3901    ndcg@30 : 0.4105    ndcg@50 : 0.4316    precision@1 : 0.2271    precision@2 : 0.1856    precision@3 : 0.1625    precision@4 : 0.1463    precision@5 : 0.1338    precision@10 : 0.0966    precision@20 : 0.0641    precision@30 : 0.0493    precision@50 : 0.0342    map@1 : 0.2271    map@2 : 0.2202    map@3 : 0.2246    map@4 : 0.2327    map@5 : 0.2393    map@10 : 0.2608    map@20 : 0.2754    map@30 : 0.2815    map@50 : 0.2865
Sun 15 Mar 2026 22:37:25 INFO  Saving current: saved/SCL-Mar-15-2026_22-36-23.pth
Sun 15 Mar 2026 22:37:25 INFO  Saving current best: saved/SCL-Mar-15-2026_22-36-23.pth
Sun 15 Mar 2026 22:37:25 INFO  Running E-step ! 
Sun 15 Mar 2026 22:37:25 INFO  epoch 175 training [time: 0.19s, train_loss1: 2.0337, train_loss2: 0.0333, train_loss3: 0.0110, train_loss4: 0.0000]
Sun 15 Mar 2026 22:37:25 INFO  epoch 175 evaluating [time: 0.15s, valid_score: 0.349500]
Sun 15 Mar 2026 22:37:25 INFO  valid result: 
recall@1 : 0.1405    recall@2 : 0.2226    recall@3 : 0.2833    recall@4 : 0.3357    recall@5 : 0.3726    recall@10 : 0.5094    recall@20 : 0.6463    recall@30 : 0.7216    recall@50 : 0.812    ndcg@1 : 0.2277    ndcg@2 : 0.2484    ndcg@3 : 0.2681    ndcg@4 : 0.2861    ndcg@5 : 0.3    ndcg@10 : 0.3495    ndcg@20 : 0.3905    ndcg@30 : 0.4108    ndcg@50 : 0.432    precision@1 : 0.2277    precision@2 : 0.1868    precision@3 : 0.1629    precision@4 : 0.1457    precision@5 : 0.1334    precision@10 : 0.097    precision@20 : 0.0642    precision@30 : 0.0493    precision@50 : 0.0342    map@1 : 0.2277    map@2 : 0.2214    map@3 : 0.2254    map@4 : 0.2329    map@5 : 0.2395    map@10 : 0.2614    map@20 : 0.2758    map@30 : 0.2818    map@50 : 0.2868
Sun 15 Mar 2026 22:37:25 INFO  Saving current: saved/SCL-Mar-15-2026_22-36-23.pth
Sun 15 Mar 2026 22:37:25 INFO  Saving current best: saved/SCL-Mar-15-2026_22-36-23.pth
Sun 15 Mar 2026 22:37:25 INFO  Running E-step ! 
Sun 15 Mar 2026 22:37:25 INFO  epoch 176 training [time: 0.20s, train_loss1: 2.0264, train_loss2: 0.0332, train_loss3: 0.0110, train_loss4: 0.0000]
Sun 15 Mar 2026 22:37:25 INFO  epoch 176 evaluating [time: 0.15s, valid_score: 0.349700]
Sun 15 Mar 2026 22:37:25 INFO  valid result: 
recall@1 : 0.1394    recall@2 : 0.224    recall@3 : 0.2839    recall@4 : 0.337    recall@5 : 0.3715    recall@10 : 0.5106    recall@20 : 0.6462    recall@30 : 0.7218    recall@50 : 0.8122    ndcg@1 : 0.2265    ndcg@2 : 0.2487    ndcg@3 : 0.2681    ndcg@4 : 0.2866    ndcg@5 : 0.2994    ndcg@10 : 0.3497    ndcg@20 : 0.3903    ndcg@30 : 0.4106    ndcg@50 : 0.4318    precision@1 : 0.2265    precision@2 : 0.1871    precision@3 : 0.1631    precision@4 : 0.1463    precision@5 : 0.1333    precision@10 : 0.0973    precision@20 : 0.0642    precision@30 : 0.0493    precision@50 : 0.0341    map@1 : 0.2265    map@2 : 0.2214    map@3 : 0.2252    map@4 : 0.233    map@5 : 0.2391    map@10 : 0.2613    map@20 : 0.2756    map@30 : 0.2816    map@50 : 0.2866
Sun 15 Mar 2026 22:37:25 INFO  Saving current: saved/SCL-Mar-15-2026_22-36-23.pth
Sun 15 Mar 2026 22:37:25 INFO  Saving current best: saved/SCL-Mar-15-2026_22-36-23.pth
Sun 15 Mar 2026 22:37:25 INFO  Running E-step ! 
Sun 15 Mar 2026 22:37:26 INFO  epoch 177 training [time: 0.19s, train_loss1: 2.0009, train_loss2: 0.0331, train_loss3: 0.0110, train_loss4: 0.0000]
Sun 15 Mar 2026 22:37:26 INFO  epoch 177 evaluating [time: 0.15s, valid_score: 0.349400]
Sun 15 Mar 2026 22:37:26 INFO  valid result: 
recall@1 : 0.1395    recall@2 : 0.2236    recall@3 : 0.2836    recall@4 : 0.3372    recall@5 : 0.3709    recall@10 : 0.5095    recall@20 : 0.6475    recall@30 : 0.7212    recall@50 : 0.8132    ndcg@1 : 0.2259    ndcg@2 : 0.2485    ndcg@3 : 0.2679    ndcg@4 : 0.2868    ndcg@5 : 0.2991    ndcg@10 : 0.3494    ndcg@20 : 0.3905    ndcg@30 : 0.4104    ndcg@50 : 0.432    precision@1 : 0.2259    precision@2 : 0.1871    precision@3 : 0.1629    precision@4 : 0.1469    precision@5 : 0.133    precision@10 : 0.0972    precision@20 : 0.0643    precision@30 : 0.0493    precision@50 : 0.0342    map@1 : 0.2259    map@2 : 0.2212    map@3 : 0.2251    map@4 : 0.2333    map@5 : 0.239    map@10 : 0.2612    map@20 : 0.2757    map@30 : 0.2816    map@50 : 0.2866
Sun 15 Mar 2026 22:37:26 INFO  Running E-step ! 
Sun 15 Mar 2026 22:37:26 INFO  epoch 178 training [time: 0.19s, train_loss1: 2.0047, train_loss2: 0.0331, train_loss3: 0.0110, train_loss4: 0.0000]
Sun 15 Mar 2026 22:37:26 INFO  epoch 178 evaluating [time: 0.15s, valid_score: 0.349300]
Sun 15 Mar 2026 22:37:26 INFO  valid result: 
recall@1 : 0.1391    recall@2 : 0.2238    recall@3 : 0.2845    recall@4 : 0.3385    recall@5 : 0.3716    recall@10 : 0.5098    recall@20 : 0.6475    recall@30 : 0.7215    recall@50 : 0.8127    ndcg@1 : 0.2247    ndcg@2 : 0.2483    ndcg@3 : 0.2682    ndcg@4 : 0.2875    ndcg@5 : 0.2993    ndcg@10 : 0.3493    ndcg@20 : 0.3905    ndcg@30 : 0.4105    ndcg@50 : 0.4319    precision@1 : 0.2247    precision@2 : 0.1874    precision@3 : 0.1633    precision@4 : 0.1476    precision@5 : 0.133    precision@10 : 0.0971    precision@20 : 0.0643    precision@30 : 0.0493    precision@50 : 0.0342    map@1 : 0.2247    map@2 : 0.2209    map@3 : 0.2251    map@4 : 0.2335    map@5 : 0.2391    map@10 : 0.2612    map@20 : 0.2757    map@30 : 0.2817    map@50 : 0.2866
Sun 15 Mar 2026 22:37:26 INFO  Running E-step ! 
Sun 15 Mar 2026 22:37:26 INFO  epoch 179 training [time: 0.17s, train_loss1: 2.0080, train_loss2: 0.0330, train_loss3: 0.0110, train_loss4: 0.0000]
Sun 15 Mar 2026 22:37:26 INFO  epoch 179 evaluating [time: 0.14s, valid_score: 0.348400]
Sun 15 Mar 2026 22:37:26 INFO  valid result: 
recall@1 : 0.1379    recall@2 : 0.2232    recall@3 : 0.2845    recall@4 : 0.3372    recall@5 : 0.3711    recall@10 : 0.5086    recall@20 : 0.6469    recall@30 : 0.7207    recall@50 : 0.8124    ndcg@1 : 0.2241    ndcg@2 : 0.2477    ndcg@3 : 0.2677    ndcg@4 : 0.2864    ndcg@5 : 0.2985    ndcg@10 : 0.3484    ndcg@20 : 0.3898    ndcg@30 : 0.4098    ndcg@50 : 0.4313    precision@1 : 0.2241    precision@2 : 0.1871    precision@3 : 0.1633    precision@4 : 0.1473    precision@5 : 0.1328    precision@10 : 0.097    precision@20 : 0.0642    precision@30 : 0.0493    precision@50 : 0.0342    map@1 : 0.2241    map@2 : 0.2204    map@3 : 0.2245    map@4 : 0.2325    map@5 : 0.2381    map@10 : 0.2602    map@20 : 0.2748    map@30 : 0.2808    map@50 : 0.2858
Sun 15 Mar 2026 22:37:26 INFO  Running E-step ! 
Sun 15 Mar 2026 22:37:27 INFO  epoch 180 training [time: 0.18s, train_loss1: 1.9888, train_loss2: 0.0329, train_loss3: 0.0110, train_loss4: 0.0000]
Sun 15 Mar 2026 22:37:27 INFO  epoch 180 evaluating [time: 0.14s, valid_score: 0.347900]
Sun 15 Mar 2026 22:37:27 INFO  valid result: 
recall@1 : 0.1367    recall@2 : 0.2232    recall@3 : 0.2847    recall@4 : 0.3373    recall@5 : 0.3714    recall@10 : 0.508    recall@20 : 0.6451    recall@30 : 0.7185    recall@50 : 0.8125    ndcg@1 : 0.2229    ndcg@2 : 0.2472    ndcg@3 : 0.2674    ndcg@4 : 0.286    ndcg@5 : 0.2982    ndcg@10 : 0.3479    ndcg@20 : 0.389    ndcg@30 : 0.4089    ndcg@50 : 0.4309    precision@1 : 0.2229    precision@2 : 0.1871    precision@3 : 0.1635    precision@4 : 0.1472    precision@5 : 0.1329    precision@10 : 0.097    precision@20 : 0.0641    precision@30 : 0.0493    precision@50 : 0.0342    map@1 : 0.2229    map@2 : 0.2198    map@3 : 0.2241    map@4 : 0.2318    map@5 : 0.2376    map@10 : 0.2596    map@20 : 0.2742    map@30 : 0.2802    map@50 : 0.2853
Sun 15 Mar 2026 22:37:27 INFO  Running E-step ! 
Sun 15 Mar 2026 22:37:27 INFO  epoch 181 training [time: 0.16s, train_loss1: 2.0074, train_loss2: 0.0329, train_loss3: 0.0110, train_loss4: 0.0000]
Sun 15 Mar 2026 22:37:27 INFO  epoch 181 evaluating [time: 0.15s, valid_score: 0.348100]
Sun 15 Mar 2026 22:37:27 INFO  valid result: 
recall@1 : 0.1361    recall@2 : 0.2241    recall@3 : 0.2855    recall@4 : 0.3376    recall@5 : 0.3702    recall@10 : 0.5086    recall@20 : 0.644    recall@30 : 0.7189    recall@50 : 0.8129    ndcg@1 : 0.2235    ndcg@2 : 0.2478    ndcg@3 : 0.268    ndcg@4 : 0.2862    ndcg@5 : 0.2977    ndcg@10 : 0.3481    ndcg@20 : 0.3887    ndcg@30 : 0.4091    ndcg@50 : 0.4311    precision@1 : 0.2235    precision@2 : 0.1877    precision@3 : 0.1641    precision@4 : 0.1473    precision@5 : 0.1324    precision@10 : 0.0971    precision@20 : 0.064    precision@30 : 0.0493    precision@50 : 0.0342    map@1 : 0.2235    map@2 : 0.2201    map@3 : 0.2243    map@4 : 0.2319    map@5 : 0.2372    map@10 : 0.2596    map@20 : 0.274    map@30 : 0.2802    map@50 : 0.2853
Sun 15 Mar 2026 22:37:27 INFO  Running E-step ! 
Sun 15 Mar 2026 22:37:27 INFO  epoch 182 training [time: 0.21s, train_loss1: 2.0334, train_loss2: 0.0328, train_loss3: 0.0110, train_loss4: 0.0000]
Sun 15 Mar 2026 22:37:27 INFO  epoch 182 evaluating [time: 0.14s, valid_score: 0.348000]
Sun 15 Mar 2026 22:37:27 INFO  valid result: 
recall@1 : 0.1361    recall@2 : 0.2227    recall@3 : 0.2858    recall@4 : 0.3373    recall@5 : 0.3702    recall@10 : 0.509    recall@20 : 0.6448    recall@30 : 0.7184    recall@50 : 0.8132    ndcg@1 : 0.2241    ndcg@2 : 0.2472    ndcg@3 : 0.2683    ndcg@4 : 0.2861    ndcg@5 : 0.2977    ndcg@10 : 0.348    ndcg@20 : 0.3888    ndcg@30 : 0.4089    ndcg@50 : 0.431    precision@1 : 0.2241    precision@2 : 0.1874    precision@3 : 0.1647    precision@4 : 0.1475    precision@5 : 0.1325    precision@10 : 0.097    precision@20 : 0.0641    precision@30 : 0.0493    precision@50 : 0.0342    map@1 : 0.2241    map@2 : 0.2195    map@3 : 0.2245    map@4 : 0.2319    map@5 : 0.2372    map@10 : 0.2595    map@20 : 0.2739    map@30 : 0.28    map@50 : 0.2851
Sun 15 Mar 2026 22:37:27 INFO  Running E-step ! 
Sun 15 Mar 2026 22:37:28 INFO  epoch 183 training [time: 0.16s, train_loss1: 2.0039, train_loss2: 0.0327, train_loss3: 0.0110, train_loss4: 0.0000]
Sun 15 Mar 2026 22:37:28 INFO  epoch 183 evaluating [time: 0.15s, valid_score: 0.347700]
Sun 15 Mar 2026 22:37:28 INFO  valid result: 
recall@1 : 0.1368    recall@2 : 0.2215    recall@3 : 0.2848    recall@4 : 0.3377    recall@5 : 0.3696    recall@10 : 0.5078    recall@20 : 0.6444    recall@30 : 0.7181    recall@50 : 0.8132    ndcg@1 : 0.2253    ndcg@2 : 0.2468    ndcg@3 : 0.2679    ndcg@4 : 0.2863    ndcg@5 : 0.2975    ndcg@10 : 0.3477    ndcg@20 : 0.3888    ndcg@30 : 0.4089    ndcg@50 : 0.4311    precision@1 : 0.2253    precision@2 : 0.1868    precision@3 : 0.1641    precision@4 : 0.1475    precision@5 : 0.1324    precision@10 : 0.0967    precision@20 : 0.064    precision@30 : 0.0493    precision@50 : 0.0342    map@1 : 0.2253    map@2 : 0.2195    map@3 : 0.2244    map@4 : 0.2321    map@5 : 0.2373    map@10 : 0.2594    map@20 : 0.274    map@30 : 0.2802    map@50 : 0.2853
Sun 15 Mar 2026 22:37:28 INFO  Running E-step ! 
Sun 15 Mar 2026 22:37:28 INFO  epoch 184 training [time: 0.20s, train_loss1: 1.9774, train_loss2: 0.0327, train_loss3: 0.0110, train_loss4: 0.0000]
Sun 15 Mar 2026 22:37:28 INFO  epoch 184 evaluating [time: 0.15s, valid_score: 0.346900]
Sun 15 Mar 2026 22:37:28 INFO  valid result: 
recall@1 : 0.1362    recall@2 : 0.2198    recall@3 : 0.2851    recall@4 : 0.3357    recall@5 : 0.3711    recall@10 : 0.5074    recall@20 : 0.6429    recall@30 : 0.719    recall@50 : 0.8132    ndcg@1 : 0.2235    ndcg@2 : 0.2449    ndcg@3 : 0.2674    ndcg@4 : 0.2847    ndcg@5 : 0.2976    ndcg@10 : 0.3469    ndcg@20 : 0.3878    ndcg@30 : 0.4085    ndcg@50 : 0.4305    precision@1 : 0.2235    precision@2 : 0.1853    precision@3 : 0.1643    precision@4 : 0.1465    precision@5 : 0.1331    precision@10 : 0.0966    precision@20 : 0.0639    precision@30 : 0.0493    precision@50 : 0.0342    map@1 : 0.2235    map@2 : 0.2175    map@3 : 0.2236    map@4 : 0.2307    map@5 : 0.237    map@10 : 0.2586    map@20 : 0.2732    map@30 : 0.2794    map@50 : 0.2845
Sun 15 Mar 2026 22:37:28 INFO  Running E-step ! 
Sun 15 Mar 2026 22:37:28 INFO  epoch 185 training [time: 0.18s, train_loss1: 1.9769, train_loss2: 0.0326, train_loss3: 0.0110, train_loss4: 0.0000]
Sun 15 Mar 2026 22:37:28 INFO  epoch 185 evaluating [time: 0.15s, valid_score: 0.346600]
Sun 15 Mar 2026 22:37:28 INFO  valid result: 
recall@1 : 0.1362    recall@2 : 0.2182    recall@3 : 0.2834    recall@4 : 0.3341    recall@5 : 0.3723    recall@10 : 0.5071    recall@20 : 0.6436    recall@30 : 0.7187    recall@50 : 0.8137    ndcg@1 : 0.2235    ndcg@2 : 0.244    ndcg@3 : 0.2662    ndcg@4 : 0.2836    ndcg@5 : 0.2978    ndcg@10 : 0.3466    ndcg@20 : 0.3876    ndcg@30 : 0.408    ndcg@50 : 0.4302    precision@1 : 0.2235    precision@2 : 0.1847    precision@3 : 0.1633    precision@4 : 0.146    precision@5 : 0.1335    precision@10 : 0.0967    precision@20 : 0.064    precision@30 : 0.0493    precision@50 : 0.0342    map@1 : 0.2235    map@2 : 0.2168    map@3 : 0.2227    map@4 : 0.2299    map@5 : 0.2368    map@10 : 0.2582    map@20 : 0.2728    map@30 : 0.279    map@50 : 0.2841
Sun 15 Mar 2026 22:37:28 INFO  Running E-step ! 
Sun 15 Mar 2026 22:37:29 INFO  epoch 186 training [time: 0.18s, train_loss1: 1.9684, train_loss2: 0.0325, train_loss3: 0.0110, train_loss4: 0.0000]
Sun 15 Mar 2026 22:37:29 INFO  epoch 186 evaluating [time: 0.15s, valid_score: 0.346800]
Sun 15 Mar 2026 22:37:29 INFO  valid result: 
recall@1 : 0.1368    recall@2 : 0.2186    recall@3 : 0.2816    recall@4 : 0.3352    recall@5 : 0.373    recall@10 : 0.5068    recall@20 : 0.6419    recall@30 : 0.7173    recall@50 : 0.8142    ndcg@1 : 0.2241    ndcg@2 : 0.2444    ndcg@3 : 0.2655    ndcg@4 : 0.2842    ndcg@5 : 0.2982    ndcg@10 : 0.3468    ndcg@20 : 0.3876    ndcg@30 : 0.408    ndcg@50 : 0.4306    precision@1 : 0.2241    precision@2 : 0.1847    precision@3 : 0.1627    precision@4 : 0.1462    precision@5 : 0.1336    precision@10 : 0.0968    precision@20 : 0.0639    precision@30 : 0.0492    precision@50 : 0.0343    map@1 : 0.2241    map@2 : 0.2174    map@3 : 0.2225    map@4 : 0.2304    map@5 : 0.2372    map@10 : 0.2586    map@20 : 0.2732    map@30 : 0.2793    map@50 : 0.2846
Sun 15 Mar 2026 22:37:29 INFO  Running E-step ! 
Sun 15 Mar 2026 22:37:29 INFO  epoch 187 training [time: 0.17s, train_loss1: 1.9616, train_loss2: 0.0325, train_loss3: 0.0110, train_loss4: 0.0000]
Sun 15 Mar 2026 22:37:29 INFO  epoch 187 evaluating [time: 0.15s, valid_score: 0.345500]
Sun 15 Mar 2026 22:37:29 INFO  valid result: 
recall@1 : 0.134    recall@2 : 0.2169    recall@3 : 0.2796    recall@4 : 0.3337    recall@5 : 0.3718    recall@10 : 0.5075    recall@20 : 0.6414    recall@30 : 0.7161    recall@50 : 0.8141    ndcg@1 : 0.2205    ndcg@2 : 0.2418    ndcg@3 : 0.2632    ndcg@4 : 0.2821    ndcg@5 : 0.2962    ndcg@10 : 0.3455    ndcg@20 : 0.3859    ndcg@30 : 0.4062    ndcg@50 : 0.429    precision@1 : 0.2205    precision@2 : 0.1833    precision@3 : 0.1621    precision@4 : 0.146    precision@5 : 0.1334    precision@10 : 0.0969    precision@20 : 0.0639    precision@30 : 0.0492    precision@50 : 0.0343    map@1 : 0.2205    map@2 : 0.2148    map@3 : 0.2202    map@4 : 0.2283    map@5 : 0.2351    map@10 : 0.2568    map@20 : 0.2713    map@30 : 0.2774    map@50 : 0.2826
Sun 15 Mar 2026 22:37:29 INFO  Finished training, best eval result in epoch 176
Sun 15 Mar 2026 22:37:29 INFO  Loading model structure and parameters from saved/SCL-Mar-15-2026_22-36-23.pth
Sun 15 Mar 2026 22:37:29 INFO  best valid : OrderedDict([('recall@1', 0.1394), ('recall@2', 0.224), ('recall@3', 0.2839), ('recall@4', 0.337), ('recall@5', 0.3715), ('recall@10', 0.5106), ('recall@20', 0.6462), ('recall@30', 0.7218), ('recall@50', 0.8122), ('ndcg@1', 0.2265), ('ndcg@2', 0.2487), ('ndcg@3', 0.2681), ('ndcg@4', 0.2866), ('ndcg@5', 0.2994), ('ndcg@10', 0.3497), ('ndcg@20', 0.3903), ('ndcg@30', 0.4106), ('ndcg@50', 0.4318), ('precision@1', 0.2265), ('precision@2', 0.1871), ('precision@3', 0.1631), ('precision@4', 0.1463), ('precision@5', 0.1333), ('precision@10', 0.0973), ('precision@20', 0.0642), ('precision@30', 0.0493), ('precision@50', 0.0341), ('map@1', 0.2265), ('map@2', 0.2214), ('map@3', 0.2252), ('map@4', 0.233), ('map@5', 0.2391), ('map@10', 0.2613), ('map@20', 0.2756), ('map@30', 0.2816), ('map@50', 0.2866)])
Sun 15 Mar 2026 22:37:29 INFO  test result: OrderedDict([('recall@1', 0.1697), ('recall@2', 0.2549), ('recall@3', 0.314), ('recall@4', 0.3601), ('recall@5', 0.3995), ('recall@10', 0.5144), ('recall@20', 0.6455), ('recall@30', 0.7147), ('recall@50', 0.8055), ('ndcg@1', 0.2856), ('ndcg@2', 0.298), ('ndcg@3', 0.3122), ('ndcg@4', 0.3264), ('ndcg@5', 0.3393), ('ndcg@10', 0.3766), ('ndcg@20', 0.4141), ('ndcg@30', 0.4321), ('ndcg@50', 0.4528), ('precision@1', 0.2856), ('precision@2', 0.2245), ('precision@3', 0.1895), ('precision@4', 0.1672), ('precision@5', 0.1501), ('precision@10', 0.1001), ('precision@20', 0.0641), ('precision@30', 0.0481), ('precision@50', 0.0329), ('map@1', 0.2856), ('map@2', 0.2713), ('map@3', 0.2721), ('map@4', 0.2768), ('map@5', 0.2817), ('map@10', 0.2958), ('map@20', 0.3079), ('map@30', 0.3131), ('map@50', 0.3176)])
Sun 15 Mar 2026 22:37:29 INFO  training time: 65.2525s
Sun 15 Mar 2026 22:37:29 INFO  result file: results/again/scl_wo_potential_seed2020.json
