Sun 15 Mar 2026 11:27:01 INFO  
General Hyper Parameters:
gpu_id = 0
use_gpu = True
seed = 2027
state = INFO
reproducibility = True
data_path = ./travel
checkpoint_dir = saved
show_progress = True
save_dataset = False
dataset_save_path = None
save_dataloaders = False
dataloaders_save_path = None
log_wandb = False

Training Hyper Parameters:
epochs = 1000
train_batch_size = 4096
learner = adam
learning_rate = 0.001
train_neg_sample_args = {'distribution': 'uniform', 'sample_num': 1, 'alpha': 1.0, 'dynamic': False, 'candidate_num': 0}
eval_step = 1
stopping_step = 20
clip_grad_norm = None
weight_decay = 0.0
loss_decimal_place = 4

Evaluation Hyper Parameters:
eval_args = {'split': {'RS': [0.8, 0.1, 0.1]}, 'order': 'RO', 'group_by': 'user', 'mode': {'valid': 'full', 'test': 'full'}}
repeatable = False
metrics = ['Recall', 'NDCG', 'Precision', 'MAP']
topk = [1, 2, 3, 4, 5, 10, 20, 30, 50]
valid_metric = NDCG@10
valid_metric_bigger = True
eval_batch_size = 4096
metric_decimal_place = 4

Dataset Hyper Parameters:
field_separator = 	
seq_separator =  
USER_ID_FIELD = user_id
ITEM_ID_FIELD = item_id
RATING_FIELD = rating
TIME_FIELD = timestamp
seq_len = None
LABEL_FIELD = label
threshold = None
NEG_PREFIX = neg_
load_col = {'inter': ['user_id', 'item_id', 'rating'], 'user': ['user_id', 'post_num', 'follower', 'following', 'timestamp']}
unload_col = None
unused_col = None
additional_feat_suffix = None
rm_dup_inter = None
val_interval = {'rating': '[0,inf)'}
filter_inter_by_user_or_item = True
user_inter_num_interval = [0,inf)
item_inter_num_interval = [0,inf)
alias_of_user_id = None
alias_of_item_id = None
alias_of_entity_id = None
alias_of_relation_id = None
preload_weight = None
normalize_field = None
normalize_all = None
ITEM_LIST_LENGTH_FIELD = item_length
LIST_SUFFIX = _list
MAX_ITEM_LIST_LENGTH = 50
POSITION_FIELD = position_id
HEAD_ENTITY_ID_FIELD = head_id
TAIL_ENTITY_ID_FIELD = tail_id
RELATION_ID_FIELD = relation_id
ENTITY_ID_FIELD = entity_id
benchmark_filename = None

Other Hyper Parameters: 
worker = 0
wandb_project = recbole
shuffle = True
require_pow = False
enable_amp = False
enable_scaler = False
transform = None
numerical_features = []
discretization = None
kg_reverse_r = False
entity_kg_num_interval = [0,inf)
relation_kg_num_interval = [0,inf)
MODEL_TYPE = ModelType.GENERAL
embedding_size = 64
n_layers = 3
reg_weight = 0.0001
ssl_temp = 0.1
ssl_reg = 1e-07
hyper_layers = 1
alpha = 1
proto_reg = 8e-08
num_clusters = 10
m_step = 1
warm_up_step = 20
user_feature_path = features/roberta_user.npy
item_feature_path = features/roberta_item.npy
MODEL_INPUT_TYPE = InputType.PAIRWISE
eval_type = EvaluatorType.RANKING
single_spec = True
local_rank = 0
device = cuda
valid_neg_sample_args = {'distribution': 'uniform', 'sample_num': 'none'}
test_neg_sample_args = {'distribution': 'uniform', 'sample_num': 'none'}


Sun 15 Mar 2026 11:27:01 INFO  travel
The number of users: 2010
Average actions of users: 18.721254355400696
The number of items: 247
Average actions of items: 152.890243902439
The number of inters: 37611
The sparsity of the dataset: 92.42431566862047%
Remain Fields: ['user_id', 'item_id', 'rating', 'post_num', 'follower', 'following', 'timestamp']
Sun 15 Mar 2026 11:27:01 INFO  [Training]: train_batch_size = [4096] train_neg_sample_args: [{'distribution': 'uniform', 'sample_num': 1, 'alpha': 1.0, 'dynamic': False, 'candidate_num': 0}]
Sun 15 Mar 2026 11:27:01 INFO  [Evaluation]: eval_batch_size = [4096] eval_args: [{'split': {'RS': [0.8, 0.1, 0.1]}, 'order': 'RO', 'group_by': 'user', 'mode': {'valid': 'full', 'test': 'full'}}]
Sun 15 Mar 2026 11:27:03 INFO  SCL(
  (u_MLP): Linear(in_features=1024, out_features=64, bias=True)
  (i_MLP): Linear(in_features=1024, out_features=64, bias=True)
  (user_embedding): Embedding(2010, 64)
  (item_embedding): Embedding(247, 64)
  (mf_loss): BPRLoss()
  (reg_loss): EmbLoss()
)
Trainable parameters: 275648
Sun 15 Mar 2026 11:27:03 INFO  trainable parameters: 275648
Sun 15 Mar 2026 11:27:04 INFO  Running E-step ! 
Sun 15 Mar 2026 11:27:04 INFO  epoch 0 training [time: 0.55s, train_loss1: 5.5428, train_loss2: 0.0199, train_loss3: 0.0117]
Sun 15 Mar 2026 11:27:05 INFO  epoch 0 evaluating [time: 0.33s, valid_score: 0.029800]
Sun 15 Mar 2026 11:27:05 INFO  valid result: 
recall@1 : 0.0075    recall@2 : 0.0125    recall@3 : 0.0152    recall@4 : 0.0197    recall@5 : 0.0249    recall@10 : 0.0522    recall@20 : 0.1019    recall@30 : 0.1406    recall@50 : 0.2226    ndcg@1 : 0.0155    ndcg@2 : 0.0165    ndcg@3 : 0.0167    ndcg@4 : 0.0179    ndcg@5 : 0.0198    ndcg@10 : 0.0298    ndcg@20 : 0.0442    ndcg@30 : 0.0546    ndcg@50 : 0.0735    precision@1 : 0.0155    precision@2 : 0.0137    precision@3 : 0.0115    precision@4 : 0.0106    precision@5 : 0.0104    precision@10 : 0.0116    precision@20 : 0.011    precision@30 : 0.0106    precision@50 : 0.0103    map@1 : 0.0155    map@2 : 0.0136    map@3 : 0.0127    map@4 : 0.013    map@5 : 0.0137    map@10 : 0.0171    map@20 : 0.0204    map@30 : 0.0223    map@50 : 0.025
Sun 15 Mar 2026 11:27:05 INFO  Saving current: saved/SCL-Mar-15-2026_11-27-03.pth
Sun 15 Mar 2026 11:27:05 INFO  Saving current best: saved/SCL-Mar-15-2026_11-27-03.pth
Sun 15 Mar 2026 11:27:05 INFO  Running E-step ! 
Sun 15 Mar 2026 11:27:05 INFO  epoch 1 training [time: 0.20s, train_loss1: 5.5427, train_loss2: 0.0152, train_loss3: 0.0115]
Sun 15 Mar 2026 11:27:05 INFO  epoch 1 evaluating [time: 0.27s, valid_score: 0.029300]
Sun 15 Mar 2026 11:27:05 INFO  valid result: 
recall@1 : 0.0066    recall@2 : 0.0115    recall@3 : 0.0148    recall@4 : 0.0187    recall@5 : 0.0246    recall@10 : 0.0533    recall@20 : 0.1018    recall@30 : 0.1403    recall@50 : 0.2259    ndcg@1 : 0.0137    ndcg@2 : 0.0154    ndcg@3 : 0.0159    ndcg@4 : 0.0168    ndcg@5 : 0.0191    ndcg@10 : 0.0293    ndcg@20 : 0.0435    ndcg@30 : 0.0538    ndcg@50 : 0.0734    precision@1 : 0.0137    precision@2 : 0.0134    precision@3 : 0.0113    precision@4 : 0.01    precision@5 : 0.0105    precision@10 : 0.0111    precision@20 : 0.0108    precision@30 : 0.0104    precision@50 : 0.0103    map@1 : 0.0137    map@2 : 0.0125    map@3 : 0.0119    map@4 : 0.012    map@5 : 0.0129    map@10 : 0.0163    map@20 : 0.0197    map@30 : 0.0215    map@50 : 0.0244
Sun 15 Mar 2026 11:27:05 INFO  Running E-step ! 
Sun 15 Mar 2026 11:27:05 INFO  epoch 2 training [time: 0.22s, train_loss1: 5.5423, train_loss2: 0.0132, train_loss3: 0.0114]
Sun 15 Mar 2026 11:27:06 INFO  epoch 2 evaluating [time: 0.28s, valid_score: 0.029800]
Sun 15 Mar 2026 11:27:06 INFO  valid result: 
recall@1 : 0.0053    recall@2 : 0.011    recall@3 : 0.016    recall@4 : 0.021    recall@5 : 0.029    recall@10 : 0.0547    recall@20 : 0.0987    recall@30 : 0.1419    recall@50 : 0.2272    ndcg@1 : 0.0113    ndcg@2 : 0.0141    ndcg@3 : 0.0157    ndcg@4 : 0.0178    ndcg@5 : 0.0209    ndcg@10 : 0.0298    ndcg@20 : 0.0429    ndcg@30 : 0.0543    ndcg@50 : 0.0739    precision@1 : 0.0113    precision@2 : 0.0125    precision@3 : 0.0115    precision@4 : 0.0118    precision@5 : 0.0123    precision@10 : 0.0116    precision@20 : 0.0109    precision@30 : 0.0107    precision@50 : 0.0105    map@1 : 0.0113    map@2 : 0.0113    map@3 : 0.0115    map@4 : 0.0121    map@5 : 0.0135    map@10 : 0.0163    map@20 : 0.0194    map@30 : 0.0214    map@50 : 0.0243
Sun 15 Mar 2026 11:27:06 INFO  Saving current: saved/SCL-Mar-15-2026_11-27-03.pth
Sun 15 Mar 2026 11:27:06 INFO  Saving current best: saved/SCL-Mar-15-2026_11-27-03.pth
Sun 15 Mar 2026 11:27:06 INFO  Running E-step ! 
Sun 15 Mar 2026 11:27:06 INFO  epoch 3 training [time: 0.21s, train_loss1: 5.5417, train_loss2: 0.0115, train_loss3: 0.0113]
Sun 15 Mar 2026 11:27:06 INFO  epoch 3 evaluating [time: 0.28s, valid_score: 0.030100]
Sun 15 Mar 2026 11:27:06 INFO  valid result: 
recall@1 : 0.0051    recall@2 : 0.0111    recall@3 : 0.0176    recall@4 : 0.0225    recall@5 : 0.0303    recall@10 : 0.0535    recall@20 : 0.0962    recall@30 : 0.1427    recall@50 : 0.2318    ndcg@1 : 0.0119    ndcg@2 : 0.015    ndcg@3 : 0.0173    ndcg@4 : 0.019    ndcg@5 : 0.022    ndcg@10 : 0.0301    ndcg@20 : 0.043    ndcg@30 : 0.0552    ndcg@50 : 0.0757    precision@1 : 0.0119    precision@2 : 0.0137    precision@3 : 0.0135    precision@4 : 0.0128    precision@5 : 0.0131    precision@10 : 0.0118    precision@20 : 0.0109    precision@30 : 0.011    precision@50 : 0.0107    map@1 : 0.0119    map@2 : 0.0121    map@3 : 0.0125    map@4 : 0.0129    map@5 : 0.014    map@10 : 0.0166    map@20 : 0.0197    map@30 : 0.0219    map@50 : 0.0249
Sun 15 Mar 2026 11:27:06 INFO  Saving current: saved/SCL-Mar-15-2026_11-27-03.pth
Sun 15 Mar 2026 11:27:06 INFO  Saving current best: saved/SCL-Mar-15-2026_11-27-03.pth
Sun 15 Mar 2026 11:27:06 INFO  Running E-step ! 
Sun 15 Mar 2026 11:27:06 INFO  epoch 4 training [time: 0.20s, train_loss1: 5.5411, train_loss2: 0.0102, train_loss3: 0.0112]
Sun 15 Mar 2026 11:27:07 INFO  epoch 4 evaluating [time: 0.26s, valid_score: 0.031600]
Sun 15 Mar 2026 11:27:07 INFO  valid result: 
recall@1 : 0.0056    recall@2 : 0.0109    recall@3 : 0.0175    recall@4 : 0.0238    recall@5 : 0.0311    recall@10 : 0.0561    recall@20 : 0.0973    recall@30 : 0.1422    recall@50 : 0.2385    ndcg@1 : 0.0137    ndcg@2 : 0.0158    ndcg@3 : 0.0177    ndcg@4 : 0.0201    ndcg@5 : 0.0229    ndcg@10 : 0.0316    ndcg@20 : 0.044    ndcg@30 : 0.0557    ndcg@50 : 0.0775    precision@1 : 0.0137    precision@2 : 0.0143    precision@3 : 0.0135    precision@4 : 0.0136    precision@5 : 0.0137    precision@10 : 0.0125    precision@20 : 0.0112    precision@30 : 0.0109    precision@50 : 0.0109    map@1 : 0.0137    map@2 : 0.0127    map@3 : 0.0129    map@4 : 0.0135    map@5 : 0.0146    map@10 : 0.0173    map@20 : 0.0202    map@30 : 0.0224    map@50 : 0.0255
Sun 15 Mar 2026 11:27:07 INFO  Saving current: saved/SCL-Mar-15-2026_11-27-03.pth
Sun 15 Mar 2026 11:27:07 INFO  Saving current best: saved/SCL-Mar-15-2026_11-27-03.pth
Sun 15 Mar 2026 11:27:07 INFO  Running E-step ! 
Sun 15 Mar 2026 11:27:07 INFO  epoch 5 training [time: 0.22s, train_loss1: 5.5403, train_loss2: 0.0091, train_loss3: 0.0111]
Sun 15 Mar 2026 11:27:07 INFO  epoch 5 evaluating [time: 0.26s, valid_score: 0.032800]
Sun 15 Mar 2026 11:27:07 INFO  valid result: 
recall@1 : 0.0065    recall@2 : 0.0128    recall@3 : 0.0199    recall@4 : 0.0277    recall@5 : 0.0339    recall@10 : 0.0558    recall@20 : 0.1001    recall@30 : 0.147    recall@50 : 0.2392    ndcg@1 : 0.0155    ndcg@2 : 0.0174    ndcg@3 : 0.0197    ndcg@4 : 0.0227    ndcg@5 : 0.025    ndcg@10 : 0.0328    ndcg@20 : 0.0461    ndcg@30 : 0.0582    ndcg@50 : 0.0793    precision@1 : 0.0155    precision@2 : 0.0152    precision@3 : 0.0147    precision@4 : 0.0149    precision@5 : 0.0144    precision@10 : 0.0126    precision@20 : 0.0116    precision@30 : 0.0113    precision@50 : 0.0111    map@1 : 0.0155    map@2 : 0.0142    map@3 : 0.0145    map@4 : 0.0155    map@5 : 0.0162    map@10 : 0.0186    map@20 : 0.0217    map@30 : 0.0239    map@50 : 0.027
Sun 15 Mar 2026 11:27:07 INFO  Saving current: saved/SCL-Mar-15-2026_11-27-03.pth
Sun 15 Mar 2026 11:27:07 INFO  Saving current best: saved/SCL-Mar-15-2026_11-27-03.pth
Sun 15 Mar 2026 11:27:07 INFO  Running E-step ! 
Sun 15 Mar 2026 11:27:07 INFO  epoch 6 training [time: 0.22s, train_loss1: 5.5394, train_loss2: 0.0081, train_loss3: 0.0110]
Sun 15 Mar 2026 11:27:08 INFO  epoch 6 evaluating [time: 0.27s, valid_score: 0.034900]
Sun 15 Mar 2026 11:27:08 INFO  valid result: 
recall@1 : 0.008    recall@2 : 0.0148    recall@3 : 0.0206    recall@4 : 0.0284    recall@5 : 0.0357    recall@10 : 0.057    recall@20 : 0.1053    recall@30 : 0.152    recall@50 : 0.2404    ndcg@1 : 0.0197    ndcg@2 : 0.0203    ndcg@3 : 0.0217    ndcg@4 : 0.0247    ndcg@5 : 0.0275    ndcg@10 : 0.0349    ndcg@20 : 0.0492    ndcg@30 : 0.0614    ndcg@50 : 0.0819    precision@1 : 0.0197    precision@2 : 0.0173    precision@3 : 0.0161    precision@4 : 0.0159    precision@5 : 0.016    precision@10 : 0.0132    precision@20 : 0.0122    precision@30 : 0.0117    precision@50 : 0.0113    map@1 : 0.0197    map@2 : 0.0167    map@3 : 0.0162    map@4 : 0.017    map@5 : 0.018    map@10 : 0.0202    map@20 : 0.0236    map@30 : 0.0258    map@50 : 0.0288
Sun 15 Mar 2026 11:27:08 INFO  Saving current: saved/SCL-Mar-15-2026_11-27-03.pth
Sun 15 Mar 2026 11:27:08 INFO  Saving current best: saved/SCL-Mar-15-2026_11-27-03.pth
Sun 15 Mar 2026 11:27:08 INFO  Running E-step ! 
Sun 15 Mar 2026 11:27:08 INFO  epoch 7 training [time: 0.22s, train_loss1: 5.5384, train_loss2: 0.0074, train_loss3: 0.0109]
Sun 15 Mar 2026 11:27:08 INFO  epoch 7 evaluating [time: 0.26s, valid_score: 0.037200]
Sun 15 Mar 2026 11:27:08 INFO  valid result: 
recall@1 : 0.009    recall@2 : 0.0152    recall@3 : 0.0216    recall@4 : 0.0289    recall@5 : 0.0363    recall@10 : 0.0607    recall@20 : 0.1104    recall@30 : 0.1585    recall@50 : 0.2456    ndcg@1 : 0.0221    ndcg@2 : 0.0216    ndcg@3 : 0.0235    ndcg@4 : 0.0265    ndcg@5 : 0.029    ndcg@10 : 0.0372    ndcg@20 : 0.0521    ndcg@30 : 0.0645    ndcg@50 : 0.0851    precision@1 : 0.0221    precision@2 : 0.0182    precision@3 : 0.0177    precision@4 : 0.0179    precision@5 : 0.0172    precision@10 : 0.014    precision@20 : 0.0129    precision@30 : 0.0122    precision@50 : 0.0117    map@1 : 0.0221    map@2 : 0.0179    map@3 : 0.0175    map@4 : 0.0182    map@5 : 0.019    map@10 : 0.0215    map@20 : 0.0251    map@30 : 0.0273    map@50 : 0.0304
Sun 15 Mar 2026 11:27:08 INFO  Saving current: saved/SCL-Mar-15-2026_11-27-03.pth
Sun 15 Mar 2026 11:27:08 INFO  Saving current best: saved/SCL-Mar-15-2026_11-27-03.pth
Sun 15 Mar 2026 11:27:08 INFO  Running E-step ! 
Sun 15 Mar 2026 11:27:08 INFO  epoch 8 training [time: 0.21s, train_loss1: 5.5372, train_loss2: 0.0068, train_loss3: 0.0109]
Sun 15 Mar 2026 11:27:09 INFO  epoch 8 evaluating [time: 0.28s, valid_score: 0.040000]
Sun 15 Mar 2026 11:27:09 INFO  valid result: 
recall@1 : 0.0097    recall@2 : 0.0174    recall@3 : 0.0237    recall@4 : 0.0315    recall@5 : 0.0395    recall@10 : 0.0647    recall@20 : 0.1201    recall@30 : 0.1676    recall@50 : 0.2526    ndcg@1 : 0.0238    ndcg@2 : 0.0246    ndcg@3 : 0.0261    ndcg@4 : 0.0292    ndcg@5 : 0.0317    ndcg@10 : 0.04    ndcg@20 : 0.0566    ndcg@30 : 0.0691    ndcg@50 : 0.0888    precision@1 : 0.0238    precision@2 : 0.0212    precision@3 : 0.0197    precision@4 : 0.0198    precision@5 : 0.0186    precision@10 : 0.0149    precision@20 : 0.0139    precision@30 : 0.013    precision@50 : 0.0119    map@1 : 0.0238    map@2 : 0.0204    map@3 : 0.0195    map@4 : 0.0202    map@5 : 0.0209    map@10 : 0.0233    map@20 : 0.0273    map@30 : 0.0296    map@50 : 0.0326
Sun 15 Mar 2026 11:27:09 INFO  Saving current: saved/SCL-Mar-15-2026_11-27-03.pth
Sun 15 Mar 2026 11:27:09 INFO  Saving current best: saved/SCL-Mar-15-2026_11-27-03.pth
Sun 15 Mar 2026 11:27:09 INFO  Running E-step ! 
Sun 15 Mar 2026 11:27:09 INFO  epoch 9 training [time: 0.20s, train_loss1: 5.5357, train_loss2: 0.0064, train_loss3: 0.0108]
Sun 15 Mar 2026 11:27:09 INFO  epoch 9 evaluating [time: 0.26s, valid_score: 0.044000]
Sun 15 Mar 2026 11:27:09 INFO  valid result: 
recall@1 : 0.0104    recall@2 : 0.0184    recall@3 : 0.0266    recall@4 : 0.0339    recall@5 : 0.0443    recall@10 : 0.0708    recall@20 : 0.1284    recall@30 : 0.173    recall@50 : 0.2583    ndcg@1 : 0.0274    ndcg@2 : 0.0267    ndcg@3 : 0.0293    ndcg@4 : 0.0313    ndcg@5 : 0.0351    ndcg@10 : 0.044    ndcg@20 : 0.0616    ndcg@30 : 0.0733    ndcg@50 : 0.093    precision@1 : 0.0274    precision@2 : 0.0226    precision@3 : 0.0226    precision@4 : 0.0206    precision@5 : 0.0204    precision@10 : 0.0165    precision@20 : 0.0152    precision@30 : 0.0137    precision@50 : 0.0122    map@1 : 0.0274    map@2 : 0.0223    map@3 : 0.0216    map@4 : 0.0218    map@5 : 0.0232    map@10 : 0.0256    map@20 : 0.0299    map@30 : 0.0322    map@50 : 0.0352
Sun 15 Mar 2026 11:27:09 INFO  Saving current: saved/SCL-Mar-15-2026_11-27-03.pth
Sun 15 Mar 2026 11:27:09 INFO  Saving current best: saved/SCL-Mar-15-2026_11-27-03.pth
Sun 15 Mar 2026 11:27:09 INFO  Running E-step ! 
Sun 15 Mar 2026 11:27:10 INFO  epoch 10 training [time: 0.31s, train_loss1: 5.5338, train_loss2: 0.0061, train_loss3: 0.0108]
Sun 15 Mar 2026 11:27:10 INFO  epoch 10 evaluating [time: 0.42s, valid_score: 0.051200]
Sun 15 Mar 2026 11:27:10 INFO  valid result: 
recall@1 : 0.0114    recall@2 : 0.0209    recall@3 : 0.0313    recall@4 : 0.0408    recall@5 : 0.0455    recall@10 : 0.085    recall@20 : 0.1413    recall@30 : 0.1863    recall@50 : 0.2786    ndcg@1 : 0.0286    ndcg@2 : 0.0292    ndcg@3 : 0.033    ndcg@4 : 0.0359    ndcg@5 : 0.0372    ndcg@10 : 0.0512    ndcg@20 : 0.0682    ndcg@30 : 0.0799    ndcg@50 : 0.1011    precision@1 : 0.0286    precision@2 : 0.025    precision@3 : 0.0254    precision@4 : 0.0235    precision@5 : 0.0212    precision@10 : 0.0195    precision@20 : 0.0166    precision@30 : 0.0145    precision@50 : 0.0131    map@1 : 0.0286    map@2 : 0.0243    map@3 : 0.0242    map@4 : 0.0249    map@5 : 0.025    map@10 : 0.0296    map@20 : 0.0337    map@30 : 0.036    map@50 : 0.0393
Sun 15 Mar 2026 11:27:10 INFO  Saving current: saved/SCL-Mar-15-2026_11-27-03.pth
Sun 15 Mar 2026 11:27:10 INFO  Saving current best: saved/SCL-Mar-15-2026_11-27-03.pth
Sun 15 Mar 2026 11:27:10 INFO  Running E-step ! 
Sun 15 Mar 2026 11:27:10 INFO  epoch 11 training [time: 0.19s, train_loss1: 5.5317, train_loss2: 0.0059, train_loss3: 0.0107]
Sun 15 Mar 2026 11:27:10 INFO  epoch 11 evaluating [time: 0.21s, valid_score: 0.058300]
Sun 15 Mar 2026 11:27:10 INFO  valid result: 
recall@1 : 0.0149    recall@2 : 0.0262    recall@3 : 0.036    recall@4 : 0.0467    recall@5 : 0.0542    recall@10 : 0.0922    recall@20 : 0.1568    recall@30 : 0.2015    recall@50 : 0.2924    ndcg@1 : 0.0369    ndcg@2 : 0.0365    ndcg@3 : 0.0388    ndcg@4 : 0.0424    ndcg@5 : 0.0448    ndcg@10 : 0.0583    ndcg@20 : 0.0778    ndcg@30 : 0.0897    ndcg@50 : 0.1104    precision@1 : 0.0369    precision@2 : 0.0313    precision@3 : 0.0288    precision@4 : 0.0271    precision@5 : 0.0251    precision@10 : 0.0217    precision@20 : 0.0183    precision@30 : 0.0159    precision@50 : 0.0137    map@1 : 0.0369    map@2 : 0.0301    map@3 : 0.0289    map@4 : 0.0298    map@5 : 0.0305    map@10 : 0.0348    map@20 : 0.0399    map@30 : 0.0423    map@50 : 0.0455
Sun 15 Mar 2026 11:27:10 INFO  Saving current: saved/SCL-Mar-15-2026_11-27-03.pth
Sun 15 Mar 2026 11:27:10 INFO  Saving current best: saved/SCL-Mar-15-2026_11-27-03.pth
Sun 15 Mar 2026 11:27:10 INFO  Running E-step ! 
Sun 15 Mar 2026 11:27:11 INFO  epoch 12 training [time: 0.21s, train_loss1: 5.5289, train_loss2: 0.0059, train_loss3: 0.0107]
Sun 15 Mar 2026 11:27:11 INFO  epoch 12 evaluating [time: 0.27s, valid_score: 0.069400]
Sun 15 Mar 2026 11:27:11 INFO  valid result: 
recall@1 : 0.0173    recall@2 : 0.0312    recall@3 : 0.0434    recall@4 : 0.0557    recall@5 : 0.0684    recall@10 : 0.1102    recall@20 : 0.173    recall@30 : 0.2198    recall@50 : 0.3124    ndcg@1 : 0.0429    ndcg@2 : 0.0435    ndcg@3 : 0.0463    ndcg@4 : 0.05    ndcg@5 : 0.0545    ndcg@10 : 0.0694    ndcg@20 : 0.0883    ndcg@30 : 0.101    ndcg@50 : 0.1221    precision@1 : 0.0429    precision@2 : 0.0381    precision@3 : 0.0346    precision@4 : 0.0317    precision@5 : 0.0304    precision@10 : 0.0253    precision@20 : 0.0201    precision@30 : 0.0175    precision@50 : 0.0147    map@1 : 0.0429    map@2 : 0.0356    map@3 : 0.0347    map@4 : 0.0354    map@5 : 0.037    map@10 : 0.042    map@20 : 0.0469    map@30 : 0.0496    map@50 : 0.0529
Sun 15 Mar 2026 11:27:11 INFO  Saving current: saved/SCL-Mar-15-2026_11-27-03.pth
Sun 15 Mar 2026 11:27:11 INFO  Saving current best: saved/SCL-Mar-15-2026_11-27-03.pth
Sun 15 Mar 2026 11:27:11 INFO  Running E-step ! 
Sun 15 Mar 2026 11:27:11 INFO  epoch 13 training [time: 0.21s, train_loss1: 5.5254, train_loss2: 0.0062, train_loss3: 0.0106]
Sun 15 Mar 2026 11:27:11 INFO  epoch 13 evaluating [time: 0.28s, valid_score: 0.083800]
Sun 15 Mar 2026 11:27:11 INFO  valid result: 
recall@1 : 0.0249    recall@2 : 0.0397    recall@3 : 0.0528    recall@4 : 0.0686    recall@5 : 0.0816    recall@10 : 0.1278    recall@20 : 0.1933    recall@30 : 0.2466    recall@50 : 0.341    ndcg@1 : 0.0584    ndcg@2 : 0.0554    ndcg@3 : 0.057    ndcg@4 : 0.0629    ndcg@5 : 0.0674    ndcg@10 : 0.0838    ndcg@20 : 0.1034    ndcg@30 : 0.1176    ndcg@50 : 0.1391    precision@1 : 0.0584    precision@2 : 0.0468    precision@3 : 0.0403    precision@4 : 0.039    precision@5 : 0.0368    precision@10 : 0.0294    precision@20 : 0.0226    precision@30 : 0.0195    precision@50 : 0.0159    map@1 : 0.0584    map@2 : 0.0465    map@3 : 0.0439    map@4 : 0.046    map@5 : 0.0472    map@10 : 0.0529    map@20 : 0.0582    map@30 : 0.0612    map@50 : 0.0647
Sun 15 Mar 2026 11:27:11 INFO  Saving current: saved/SCL-Mar-15-2026_11-27-03.pth
Sun 15 Mar 2026 11:27:11 INFO  Saving current best: saved/SCL-Mar-15-2026_11-27-03.pth
Sun 15 Mar 2026 11:27:11 INFO  Running E-step ! 
Sun 15 Mar 2026 11:27:12 INFO  epoch 14 training [time: 0.21s, train_loss1: 5.5209, train_loss2: 0.0067, train_loss3: 0.0106]
Sun 15 Mar 2026 11:27:12 INFO  epoch 14 evaluating [time: 0.28s, valid_score: 0.099000]
Sun 15 Mar 2026 11:27:12 INFO  valid result: 
recall@1 : 0.0289    recall@2 : 0.048    recall@3 : 0.0651    recall@4 : 0.0852    recall@5 : 0.0982    recall@10 : 0.1506    recall@20 : 0.2164    recall@30 : 0.2853    recall@50 : 0.3736    ndcg@1 : 0.065    ndcg@2 : 0.0659    ndcg@3 : 0.0692    ndcg@4 : 0.076    ndcg@5 : 0.0805    ndcg@10 : 0.099    ndcg@20 : 0.1192    ndcg@30 : 0.1369    ndcg@50 : 0.1575    precision@1 : 0.065    precision@2 : 0.0563    precision@3 : 0.0505    precision@4 : 0.0472    precision@5 : 0.0441    precision@10 : 0.0341    precision@20 : 0.0257    precision@30 : 0.0222    precision@50 : 0.0176    map@1 : 0.065    map@2 : 0.0554    map@3 : 0.0536    map@4 : 0.0556    map@5 : 0.057    map@10 : 0.0635    map@20 : 0.0693    map@30 : 0.0731    map@50 : 0.0766
Sun 15 Mar 2026 11:27:12 INFO  Saving current: saved/SCL-Mar-15-2026_11-27-03.pth
Sun 15 Mar 2026 11:27:12 INFO  Saving current best: saved/SCL-Mar-15-2026_11-27-03.pth
Sun 15 Mar 2026 11:27:12 INFO  Running E-step ! 
Sun 15 Mar 2026 11:27:12 INFO  epoch 15 training [time: 0.20s, train_loss1: 5.5150, train_loss2: 0.0077, train_loss3: 0.0106]
Sun 15 Mar 2026 11:27:12 INFO  epoch 15 evaluating [time: 0.25s, valid_score: 0.120000]
Sun 15 Mar 2026 11:27:12 INFO  valid result: 
recall@1 : 0.0371    recall@2 : 0.0605    recall@3 : 0.0813    recall@4 : 0.1035    recall@5 : 0.1201    recall@10 : 0.181    recall@20 : 0.2587    recall@30 : 0.3285    recall@50 : 0.4205    ndcg@1 : 0.0799    ndcg@2 : 0.081    ndcg@3 : 0.0848    ndcg@4 : 0.0925    ndcg@5 : 0.0985    ndcg@10 : 0.12    ndcg@20 : 0.1434    ndcg@30 : 0.1616    ndcg@50 : 0.1833    precision@1 : 0.0799    precision@2 : 0.0682    precision@3 : 0.06    precision@4 : 0.0563    precision@5 : 0.0532    precision@10 : 0.0406    precision@20 : 0.03    precision@30 : 0.0254    precision@50 : 0.0199    map@1 : 0.0799    map@2 : 0.0688    map@3 : 0.0663    map@4 : 0.0689    map@5 : 0.0709    map@10 : 0.0788    map@20 : 0.0855    map@30 : 0.0897    map@50 : 0.0937
Sun 15 Mar 2026 11:27:12 INFO  Saving current: saved/SCL-Mar-15-2026_11-27-03.pth
Sun 15 Mar 2026 11:27:12 INFO  Saving current best: saved/SCL-Mar-15-2026_11-27-03.pth
Sun 15 Mar 2026 11:27:12 INFO  Running E-step ! 
Sun 15 Mar 2026 11:27:13 INFO  epoch 16 training [time: 0.20s, train_loss1: 5.5064, train_loss2: 0.0094, train_loss3: 0.0106]
Sun 15 Mar 2026 11:27:13 INFO  epoch 16 evaluating [time: 0.28s, valid_score: 0.143700]
Sun 15 Mar 2026 11:27:13 INFO  valid result: 
recall@1 : 0.0464    recall@2 : 0.0715    recall@3 : 0.0984    recall@4 : 0.121    recall@5 : 0.141    recall@10 : 0.2173    recall@20 : 0.3174    recall@30 : 0.3842    recall@50 : 0.4772    ndcg@1 : 0.0959    ndcg@2 : 0.0935    ndcg@3 : 0.1015    ndcg@4 : 0.1093    ndcg@5 : 0.1166    ndcg@10 : 0.1437    ndcg@20 : 0.1737    ndcg@30 : 0.1916    ndcg@50 : 0.2138    precision@1 : 0.0959    precision@2 : 0.076    precision@3 : 0.0707    precision@4 : 0.066    precision@5 : 0.062    precision@10 : 0.0485    precision@20 : 0.0363    precision@30 : 0.0299    precision@50 : 0.0228    map@1 : 0.0959    map@2 : 0.0802    map@3 : 0.0804    map@4 : 0.0824    map@5 : 0.0852    map@10 : 0.0958    map@20 : 0.1047    map@30 : 0.1092    map@50 : 0.1137
Sun 15 Mar 2026 11:27:13 INFO  Saving current: saved/SCL-Mar-15-2026_11-27-03.pth
Sun 15 Mar 2026 11:27:13 INFO  Saving current best: saved/SCL-Mar-15-2026_11-27-03.pth
Sun 15 Mar 2026 11:27:13 INFO  Running E-step ! 
Sun 15 Mar 2026 11:27:13 INFO  epoch 17 training [time: 0.20s, train_loss1: 5.4933, train_loss2: 0.0120, train_loss3: 0.0105]
Sun 15 Mar 2026 11:27:13 INFO  epoch 17 evaluating [time: 0.26s, valid_score: 0.171500]
Sun 15 Mar 2026 11:27:13 INFO  valid result: 
recall@1 : 0.0519    recall@2 : 0.0864    recall@3 : 0.1182    recall@4 : 0.1489    recall@5 : 0.1762    recall@10 : 0.2615    recall@20 : 0.3769    recall@30 : 0.4451    recall@50 : 0.5517    ndcg@1 : 0.1055    ndcg@2 : 0.1095    ndcg@3 : 0.1188    ndcg@4 : 0.1298    ndcg@5 : 0.1405    ndcg@10 : 0.1715    ndcg@20 : 0.2059    ndcg@30 : 0.2242    ndcg@50 : 0.2493    precision@1 : 0.1055    precision@2 : 0.0909    precision@3 : 0.0834    precision@4 : 0.0776    precision@5 : 0.0751    precision@10 : 0.0585    precision@20 : 0.0425    precision@30 : 0.0341    precision@50 : 0.0259    map@1 : 0.1055    map@2 : 0.0931    map@3 : 0.0939    map@4 : 0.0981    map@5 : 0.1024    map@10 : 0.1151    map@20 : 0.1259    map@30 : 0.1308    map@50 : 0.136
Sun 15 Mar 2026 11:27:13 INFO  Saving current: saved/SCL-Mar-15-2026_11-27-03.pth
Sun 15 Mar 2026 11:27:13 INFO  Saving current best: saved/SCL-Mar-15-2026_11-27-03.pth
Sun 15 Mar 2026 11:27:13 INFO  Running E-step ! 
Sun 15 Mar 2026 11:27:14 INFO  epoch 18 training [time: 0.22s, train_loss1: 5.4730, train_loss2: 0.0158, train_loss3: 0.0105]
Sun 15 Mar 2026 11:27:14 INFO  epoch 18 evaluating [time: 0.28s, valid_score: 0.206300]
Sun 15 Mar 2026 11:27:14 INFO  valid result: 
recall@1 : 0.0596    recall@2 : 0.1064    recall@3 : 0.1483    recall@4 : 0.1854    recall@5 : 0.215    recall@10 : 0.323    recall@20 : 0.4485    recall@30 : 0.5221    recall@50 : 0.6195    ndcg@1 : 0.1103    ndcg@2 : 0.1262    ndcg@3 : 0.1411    ndcg@4 : 0.1559    ndcg@5 : 0.1672    ndcg@10 : 0.2063    ndcg@20 : 0.2441    ndcg@30 : 0.2635    ndcg@50 : 0.2868    precision@1 : 0.1103    precision@2 : 0.104    precision@3 : 0.0969    precision@4 : 0.0931    precision@5 : 0.0882    precision@10 : 0.0688    precision@20 : 0.0493    precision@30 : 0.0388    precision@50 : 0.0285    map@1 : 0.1103    map@2 : 0.1074    map@3 : 0.1123    map@4 : 0.1183    map@5 : 0.1232    map@10 : 0.1394    map@20 : 0.1518    map@30 : 0.1572    map@50 : 0.1624
Sun 15 Mar 2026 11:27:14 INFO  Saving current: saved/SCL-Mar-15-2026_11-27-03.pth
Sun 15 Mar 2026 11:27:14 INFO  Saving current best: saved/SCL-Mar-15-2026_11-27-03.pth
Sun 15 Mar 2026 11:27:14 INFO  Running E-step ! 
Sun 15 Mar 2026 11:27:14 INFO  epoch 19 training [time: 0.22s, train_loss1: 5.4378, train_loss2: 0.0222, train_loss3: 0.0105]
Sun 15 Mar 2026 11:27:14 INFO  epoch 19 evaluating [time: 0.26s, valid_score: 0.254200]
Sun 15 Mar 2026 11:27:14 INFO  valid result: 
recall@1 : 0.0921    recall@2 : 0.1437    recall@3 : 0.1878    recall@4 : 0.2337    recall@5 : 0.2684    recall@10 : 0.3848    recall@20 : 0.5267    recall@30 : 0.5988    recall@50 : 0.6912    ndcg@1 : 0.1544    ndcg@2 : 0.1647    ndcg@3 : 0.1803    ndcg@4 : 0.1991    ndcg@5 : 0.2124    ndcg@10 : 0.2542    ndcg@20 : 0.2971    ndcg@30 : 0.3162    ndcg@50 : 0.3386    precision@1 : 0.1544    precision@2 : 0.1263    precision@3 : 0.1136    precision@4 : 0.1094    precision@5 : 0.1026    precision@10 : 0.0769    precision@20 : 0.055    precision@30 : 0.0425    precision@50 : 0.0305    map@1 : 0.1544    map@2 : 0.1439    map@3 : 0.1486    map@4 : 0.1567    map@5 : 0.1626    map@10 : 0.1805    map@20 : 0.1951    map@30 : 0.2004    map@50 : 0.2056
Sun 15 Mar 2026 11:27:14 INFO  Saving current: saved/SCL-Mar-15-2026_11-27-03.pth
Sun 15 Mar 2026 11:27:14 INFO  Saving current best: saved/SCL-Mar-15-2026_11-27-03.pth
Sun 15 Mar 2026 11:27:14 INFO  Running E-step ! 
Sun 15 Mar 2026 11:27:15 INFO  epoch 20 training [time: 0.23s, train_loss1: 5.3640, train_loss2: 0.0302, train_loss3: 0.0105, train_loss4: 0.0031]
Sun 15 Mar 2026 11:27:15 INFO  epoch 20 evaluating [time: 0.26s, valid_score: 0.289600]
Sun 15 Mar 2026 11:27:15 INFO  valid result: 
recall@1 : 0.1119    recall@2 : 0.1888    recall@3 : 0.2375    recall@4 : 0.2724    recall@5 : 0.306    recall@10 : 0.4306    recall@20 : 0.5833    recall@30 : 0.6441    recall@50 : 0.7249    ndcg@1 : 0.18    ndcg@2 : 0.2034    ndcg@3 : 0.22    ndcg@4 : 0.2325    ndcg@5 : 0.245    ndcg@10 : 0.2896    ndcg@20 : 0.3354    ndcg@30 : 0.352    ndcg@50 : 0.3721    precision@1 : 0.18    precision@2 : 0.1532    precision@3 : 0.1323    precision@4 : 0.1177    precision@5 : 0.108    precision@10 : 0.0808    precision@20 : 0.0577    precision@30 : 0.044    precision@50 : 0.0311    map@1 : 0.18    map@2 : 0.1782    map@3 : 0.1831    map@4 : 0.1874    map@5 : 0.1929    map@10 : 0.2117    map@20 : 0.2271    map@30 : 0.2318    map@50 : 0.2366
Sun 15 Mar 2026 11:27:15 INFO  Saving current: saved/SCL-Mar-15-2026_11-27-03.pth
Sun 15 Mar 2026 11:27:15 INFO  Saving current best: saved/SCL-Mar-15-2026_11-27-03.pth
Sun 15 Mar 2026 11:27:15 INFO  Running E-step ! 
Sun 15 Mar 2026 11:27:15 INFO  epoch 21 training [time: 0.22s, train_loss1: 5.2139, train_loss2: 0.0347, train_loss3: 0.0105, train_loss4: 0.0035]
Sun 15 Mar 2026 11:27:15 INFO  epoch 21 evaluating [time: 0.26s, valid_score: 0.299400]
Sun 15 Mar 2026 11:27:15 INFO  valid result: 
recall@1 : 0.125    recall@2 : 0.1959    recall@3 : 0.2493    recall@4 : 0.2894    recall@5 : 0.3237    recall@10 : 0.4354    recall@20 : 0.5878    recall@30 : 0.6522    recall@50 : 0.7364    ndcg@1 : 0.1931    ndcg@2 : 0.2125    ndcg@3 : 0.232    ndcg@4 : 0.2466    ndcg@5 : 0.2594    ndcg@10 : 0.2994    ndcg@20 : 0.3448    ndcg@30 : 0.3622    ndcg@50 : 0.3831    precision@1 : 0.1931    precision@2 : 0.1561    precision@3 : 0.1373    precision@4 : 0.1229    precision@5 : 0.1119    precision@10 : 0.0803    precision@20 : 0.0572    precision@30 : 0.0438    precision@50 : 0.0311    map@1 : 0.1931    map@2 : 0.1888    map@3 : 0.1951    map@4 : 0.2005    map@5 : 0.206    map@10 : 0.2229    map@20 : 0.2379    map@30 : 0.2428    map@50 : 0.2475
Sun 15 Mar 2026 11:27:15 INFO  Saving current: saved/SCL-Mar-15-2026_11-27-03.pth
Sun 15 Mar 2026 11:27:15 INFO  Saving current best: saved/SCL-Mar-15-2026_11-27-03.pth
Sun 15 Mar 2026 11:27:15 INFO  Running E-step ! 
Sun 15 Mar 2026 11:27:16 INFO  epoch 22 training [time: 0.20s, train_loss1: 4.9699, train_loss2: 0.0364, train_loss3: 0.0105, train_loss4: 0.0045]
Sun 15 Mar 2026 11:27:16 INFO  epoch 22 evaluating [time: 0.26s, valid_score: 0.306700]
Sun 15 Mar 2026 11:27:16 INFO  valid result: 
recall@1 : 0.1262    recall@2 : 0.2108    recall@3 : 0.2639    recall@4 : 0.3038    recall@5 : 0.3321    recall@10 : 0.4439    recall@20 : 0.5875    recall@30 : 0.6653    recall@50 : 0.742    ndcg@1 : 0.1943    ndcg@2 : 0.2239    ndcg@3 : 0.2422    ndcg@4 : 0.2562    ndcg@5 : 0.2667    ndcg@10 : 0.3067    ndcg@20 : 0.3493    ndcg@30 : 0.37    ndcg@50 : 0.3892    precision@1 : 0.1943    precision@2 : 0.1666    precision@3 : 0.1428    precision@4 : 0.126    precision@5 : 0.1132    precision@10 : 0.0806    precision@20 : 0.0564    precision@30 : 0.0441    precision@50 : 0.031    map@1 : 0.1943    map@2 : 0.1976    map@3 : 0.2036    map@4 : 0.2084    map@5 : 0.2126    map@10 : 0.2296    map@20 : 0.2434    map@30 : 0.249    map@50 : 0.2534
Sun 15 Mar 2026 11:27:16 INFO  Saving current: saved/SCL-Mar-15-2026_11-27-03.pth
Sun 15 Mar 2026 11:27:16 INFO  Saving current best: saved/SCL-Mar-15-2026_11-27-03.pth
Sun 15 Mar 2026 11:27:16 INFO  Running E-step ! 
Sun 15 Mar 2026 11:27:16 INFO  epoch 23 training [time: 0.19s, train_loss1: 4.6445, train_loss2: 0.0370, train_loss3: 0.0106, train_loss4: 0.0055]
Sun 15 Mar 2026 11:27:16 INFO  epoch 23 evaluating [time: 0.25s, valid_score: 0.308900]
Sun 15 Mar 2026 11:27:16 INFO  valid result: 
recall@1 : 0.1298    recall@2 : 0.2124    recall@3 : 0.2669    recall@4 : 0.3062    recall@5 : 0.3395    recall@10 : 0.444    recall@20 : 0.585    recall@30 : 0.6675    recall@50 : 0.7462    ndcg@1 : 0.1973    ndcg@2 : 0.2269    ndcg@3 : 0.2453    ndcg@4 : 0.2592    ndcg@5 : 0.2714    ndcg@10 : 0.3089    ndcg@20 : 0.3504    ndcg@30 : 0.3725    ndcg@50 : 0.392    precision@1 : 0.1973    precision@2 : 0.169    precision@3 : 0.1438    precision@4 : 0.1271    precision@5 : 0.1149    precision@10 : 0.0803    precision@20 : 0.0556    precision@30 : 0.044    precision@50 : 0.031    map@1 : 0.1973    map@2 : 0.2007    map@3 : 0.2064    map@4 : 0.2113    map@5 : 0.2165    map@10 : 0.2325    map@20 : 0.2456    map@30 : 0.2516    map@50 : 0.256
Sun 15 Mar 2026 11:27:16 INFO  Saving current: saved/SCL-Mar-15-2026_11-27-03.pth
Sun 15 Mar 2026 11:27:16 INFO  Saving current best: saved/SCL-Mar-15-2026_11-27-03.pth
Sun 15 Mar 2026 11:27:16 INFO  Running E-step ! 
Sun 15 Mar 2026 11:27:17 INFO  epoch 24 training [time: 0.35s, train_loss1: 4.2935, train_loss2: 0.0373, train_loss3: 0.0106, train_loss4: 0.0062]
Sun 15 Mar 2026 11:27:17 INFO  epoch 24 evaluating [time: 0.35s, valid_score: 0.308000]
Sun 15 Mar 2026 11:27:17 INFO  valid result: 
recall@1 : 0.1283    recall@2 : 0.2093    recall@3 : 0.2669    recall@4 : 0.3078    recall@5 : 0.3432    recall@10 : 0.444    recall@20 : 0.5858    recall@30 : 0.6689    recall@50 : 0.748    ndcg@1 : 0.1967    ndcg@2 : 0.2242    ndcg@3 : 0.2443    ndcg@4 : 0.2587    ndcg@5 : 0.272    ndcg@10 : 0.308    ndcg@20 : 0.3498    ndcg@30 : 0.3719    ndcg@50 : 0.3916    precision@1 : 0.1967    precision@2 : 0.1666    precision@3 : 0.1436    precision@4 : 0.1271    precision@5 : 0.1156    precision@10 : 0.0802    precision@20 : 0.0558    precision@30 : 0.044    precision@50 : 0.031    map@1 : 0.1967    map@2 : 0.1982    map@3 : 0.2051    map@4 : 0.2103    map@5 : 0.2162    map@10 : 0.2312    map@20 : 0.2445    map@30 : 0.2504    map@50 : 0.2549
Sun 15 Mar 2026 11:27:17 INFO  Running E-step ! 
Sun 15 Mar 2026 11:27:17 INFO  epoch 25 training [time: 0.17s, train_loss1: 3.9668, train_loss2: 0.0375, train_loss3: 0.0107, train_loss4: 0.0066]
Sun 15 Mar 2026 11:27:17 INFO  epoch 25 evaluating [time: 0.18s, valid_score: 0.309000]
Sun 15 Mar 2026 11:27:17 INFO  valid result: 
recall@1 : 0.1313    recall@2 : 0.2086    recall@3 : 0.2669    recall@4 : 0.3079    recall@5 : 0.3395    recall@10 : 0.445    recall@20 : 0.5835    recall@30 : 0.6661    recall@50 : 0.7512    ndcg@1 : 0.1996    ndcg@2 : 0.2246    ndcg@3 : 0.2452    ndcg@4 : 0.26    ndcg@5 : 0.2714    ndcg@10 : 0.309    ndcg@20 : 0.35    ndcg@30 : 0.3719    ndcg@50 : 0.3929    precision@1 : 0.1996    precision@2 : 0.166    precision@3 : 0.1432    precision@4 : 0.1275    precision@5 : 0.1145    precision@10 : 0.0801    precision@20 : 0.0555    precision@30 : 0.0437    precision@50 : 0.031    map@1 : 0.1996    map@2 : 0.199    map@3 : 0.2065    map@4 : 0.2119    map@5 : 0.2168    map@10 : 0.2325    map@20 : 0.2456    map@30 : 0.2513    map@50 : 0.2561
Sun 15 Mar 2026 11:27:17 INFO  Saving current: saved/SCL-Mar-15-2026_11-27-03.pth
Sun 15 Mar 2026 11:27:17 INFO  Saving current best: saved/SCL-Mar-15-2026_11-27-03.pth
Sun 15 Mar 2026 11:27:17 INFO  Running E-step ! 
Sun 15 Mar 2026 11:27:18 INFO  epoch 26 training [time: 0.23s, train_loss1: 3.7108, train_loss2: 0.0378, train_loss3: 0.0107, train_loss4: 0.0070]
Sun 15 Mar 2026 11:27:18 INFO  epoch 26 evaluating [time: 0.26s, valid_score: 0.308600]
Sun 15 Mar 2026 11:27:18 INFO  valid result: 
recall@1 : 0.1301    recall@2 : 0.2086    recall@3 : 0.2675    recall@4 : 0.3069    recall@5 : 0.3365    recall@10 : 0.4454    recall@20 : 0.5826    recall@30 : 0.6627    recall@50 : 0.7641    ndcg@1 : 0.199    ndcg@2 : 0.2245    ndcg@3 : 0.2452    ndcg@4 : 0.2593    ndcg@5 : 0.2698    ndcg@10 : 0.3086    ndcg@20 : 0.3491    ndcg@30 : 0.3705    ndcg@50 : 0.3946    precision@1 : 0.199    precision@2 : 0.1666    precision@3 : 0.1436    precision@4 : 0.1274    precision@5 : 0.1137    precision@10 : 0.08    precision@20 : 0.0552    precision@30 : 0.0434    precision@50 : 0.0313    map@1 : 0.199    map@2 : 0.1986    map@3 : 0.2063    map@4 : 0.2111    map@5 : 0.2155    map@10 : 0.2318    map@20 : 0.2447    map@30 : 0.2504    map@50 : 0.2555
Sun 15 Mar 2026 11:27:18 INFO  Running E-step ! 
Sun 15 Mar 2026 11:27:18 INFO  epoch 27 training [time: 0.21s, train_loss1: 3.5233, train_loss2: 0.0380, train_loss3: 0.0107, train_loss4: 0.0072]
Sun 15 Mar 2026 11:27:18 INFO  epoch 27 evaluating [time: 0.26s, valid_score: 0.309000]
Sun 15 Mar 2026 11:27:18 INFO  valid result: 
recall@1 : 0.1317    recall@2 : 0.2081    recall@3 : 0.2678    recall@4 : 0.3072    recall@5 : 0.3364    recall@10 : 0.445    recall@20 : 0.5815    recall@30 : 0.663    recall@50 : 0.7639    ndcg@1 : 0.2008    ndcg@2 : 0.2246    ndcg@3 : 0.2458    ndcg@4 : 0.26    ndcg@5 : 0.2702    ndcg@10 : 0.309    ndcg@20 : 0.3494    ndcg@30 : 0.3711    ndcg@50 : 0.3951    precision@1 : 0.2008    precision@2 : 0.166    precision@3 : 0.1436    precision@4 : 0.1277    precision@5 : 0.1135    precision@10 : 0.0799    precision@20 : 0.055    precision@30 : 0.0434    precision@50 : 0.0312    map@1 : 0.2008    map@2 : 0.1992    map@3 : 0.2071    map@4 : 0.2121    map@5 : 0.2162    map@10 : 0.2325    map@20 : 0.2453    map@30 : 0.2511    map@50 : 0.2562
Sun 15 Mar 2026 11:27:18 INFO  Saving current: saved/SCL-Mar-15-2026_11-27-03.pth
Sun 15 Mar 2026 11:27:18 INFO  Saving current best: saved/SCL-Mar-15-2026_11-27-03.pth
Sun 15 Mar 2026 11:27:18 INFO  Running E-step ! 
Sun 15 Mar 2026 11:27:19 INFO  epoch 28 training [time: 0.24s, train_loss1: 3.3783, train_loss2: 0.0383, train_loss3: 0.0107, train_loss4: 0.0074]
Sun 15 Mar 2026 11:27:19 INFO  epoch 28 evaluating [time: 0.27s, valid_score: 0.308800]
Sun 15 Mar 2026 11:27:19 INFO  valid result: 
recall@1 : 0.1308    recall@2 : 0.208    recall@3 : 0.2677    recall@4 : 0.3086    recall@5 : 0.3364    recall@10 : 0.445    recall@20 : 0.58    recall@30 : 0.6607    recall@50 : 0.7629    ndcg@1 : 0.1996    ndcg@2 : 0.224    ndcg@3 : 0.2452    ndcg@4 : 0.2603    ndcg@5 : 0.2699    ndcg@10 : 0.3088    ndcg@20 : 0.3486    ndcg@30 : 0.3703    ndcg@50 : 0.3946    precision@1 : 0.1996    precision@2 : 0.1657    precision@3 : 0.1434    precision@4 : 0.1281    precision@5 : 0.1135    precision@10 : 0.0798    precision@20 : 0.0548    precision@30 : 0.0433    precision@50 : 0.0312    map@1 : 0.1996    map@2 : 0.1986    map@3 : 0.2066    map@4 : 0.2119    map@5 : 0.2158    map@10 : 0.2321    map@20 : 0.2448    map@30 : 0.2507    map@50 : 0.2559
Sun 15 Mar 2026 11:27:19 INFO  Running E-step ! 
Sun 15 Mar 2026 11:27:19 INFO  epoch 29 training [time: 0.22s, train_loss1: 3.2889, train_loss2: 0.0385, train_loss3: 0.0107, train_loss4: 0.0074]
Sun 15 Mar 2026 11:27:19 INFO  epoch 29 evaluating [time: 0.26s, valid_score: 0.309900]
Sun 15 Mar 2026 11:27:19 INFO  valid result: 
recall@1 : 0.1329    recall@2 : 0.2086    recall@3 : 0.268    recall@4 : 0.3088    recall@5 : 0.3361    recall@10 : 0.4456    recall@20 : 0.5795    recall@30 : 0.6615    recall@50 : 0.7626    ndcg@1 : 0.202    ndcg@2 : 0.2253    ndcg@3 : 0.2463    ndcg@4 : 0.2613    ndcg@5 : 0.2707    ndcg@10 : 0.3099    ndcg@20 : 0.3495    ndcg@30 : 0.3715    ndcg@50 : 0.3957    precision@1 : 0.202    precision@2 : 0.1663    precision@3 : 0.1436    precision@4 : 0.1283    precision@5 : 0.1135    precision@10 : 0.0799    precision@20 : 0.0548    precision@30 : 0.0434    precision@50 : 0.0312    map@1 : 0.202    map@2 : 0.1999    map@3 : 0.2078    map@4 : 0.2132    map@5 : 0.217    map@10 : 0.2334    map@20 : 0.2461    map@30 : 0.2519    map@50 : 0.2571
Sun 15 Mar 2026 11:27:19 INFO  Saving current: saved/SCL-Mar-15-2026_11-27-03.pth
Sun 15 Mar 2026 11:27:19 INFO  Saving current best: saved/SCL-Mar-15-2026_11-27-03.pth
Sun 15 Mar 2026 11:27:19 INFO  Running E-step ! 
Sun 15 Mar 2026 11:27:20 INFO  epoch 30 training [time: 0.23s, train_loss1: 3.2699, train_loss2: 0.0386, train_loss3: 0.0108, train_loss4: 0.0074]
Sun 15 Mar 2026 11:27:20 INFO  epoch 30 evaluating [time: 0.26s, valid_score: 0.309300]
Sun 15 Mar 2026 11:27:20 INFO  valid result: 
recall@1 : 0.132    recall@2 : 0.2091    recall@3 : 0.2681    recall@4 : 0.3075    recall@5 : 0.3361    recall@10 : 0.4452    recall@20 : 0.5795    recall@30 : 0.6618    recall@50 : 0.7627    ndcg@1 : 0.2002    ndcg@2 : 0.2249    ndcg@3 : 0.2461    ndcg@4 : 0.2604    ndcg@5 : 0.2703    ndcg@10 : 0.3093    ndcg@20 : 0.3491    ndcg@30 : 0.3713    ndcg@50 : 0.3954    precision@1 : 0.2002    precision@2 : 0.1663    precision@3 : 0.1438    precision@4 : 0.1278    precision@5 : 0.1135    precision@10 : 0.0797    precision@20 : 0.0548    precision@30 : 0.0435    precision@50 : 0.0312    map@1 : 0.2002    map@2 : 0.1995    map@3 : 0.2074    map@4 : 0.2125    map@5 : 0.2165    map@10 : 0.2329    map@20 : 0.2457    map@30 : 0.2516    map@50 : 0.2568
Sun 15 Mar 2026 11:27:20 INFO  Running E-step ! 
Sun 15 Mar 2026 11:27:20 INFO  epoch 31 training [time: 0.21s, train_loss1: 3.2020, train_loss2: 0.0388, train_loss3: 0.0108, train_loss4: 0.0073]
Sun 15 Mar 2026 11:27:20 INFO  epoch 31 evaluating [time: 0.25s, valid_score: 0.309500]
Sun 15 Mar 2026 11:27:20 INFO  valid result: 
recall@1 : 0.132    recall@2 : 0.2091    recall@3 : 0.2681    recall@4 : 0.3075    recall@5 : 0.3362    recall@10 : 0.4457    recall@20 : 0.5795    recall@30 : 0.6617    recall@50 : 0.7621    ndcg@1 : 0.2002    ndcg@2 : 0.2249    ndcg@3 : 0.2461    ndcg@4 : 0.2604    ndcg@5 : 0.2704    ndcg@10 : 0.3095    ndcg@20 : 0.3492    ndcg@30 : 0.3713    ndcg@50 : 0.3953    precision@1 : 0.2002    precision@2 : 0.1663    precision@3 : 0.1438    precision@4 : 0.1278    precision@5 : 0.1136    precision@10 : 0.0797    precision@20 : 0.0549    precision@30 : 0.0435    precision@50 : 0.0312    map@1 : 0.2002    map@2 : 0.1995    map@3 : 0.2074    map@4 : 0.2125    map@5 : 0.2166    map@10 : 0.233    map@20 : 0.2458    map@30 : 0.2517    map@50 : 0.2568
Sun 15 Mar 2026 11:27:20 INFO  Running E-step ! 
Sun 15 Mar 2026 11:27:21 INFO  epoch 32 training [time: 0.23s, train_loss1: 3.2192, train_loss2: 0.0389, train_loss3: 0.0108, train_loss4: 0.0073]
Sun 15 Mar 2026 11:27:21 INFO  epoch 32 evaluating [time: 0.27s, valid_score: 0.310100]
Sun 15 Mar 2026 11:27:21 INFO  valid result: 
recall@1 : 0.1327    recall@2 : 0.2092    recall@3 : 0.2681    recall@4 : 0.3081    recall@5 : 0.3362    recall@10 : 0.4464    recall@20 : 0.5801    recall@30 : 0.6618    recall@50 : 0.7624    ndcg@1 : 0.202    ndcg@2 : 0.2257    ndcg@3 : 0.2464    ndcg@4 : 0.261    ndcg@5 : 0.2708    ndcg@10 : 0.3101    ndcg@20 : 0.3499    ndcg@30 : 0.3717    ndcg@50 : 0.3957    precision@1 : 0.202    precision@2 : 0.1666    precision@3 : 0.1436    precision@4 : 0.128    precision@5 : 0.1136    precision@10 : 0.0798    precision@20 : 0.0551    precision@30 : 0.0435    precision@50 : 0.0312    map@1 : 0.202    map@2 : 0.2002    map@3 : 0.2078    map@4 : 0.2131    map@5 : 0.217    map@10 : 0.2335    map@20 : 0.2463    map@30 : 0.2521    map@50 : 0.2573
Sun 15 Mar 2026 11:27:21 INFO  Saving current: saved/SCL-Mar-15-2026_11-27-03.pth
Sun 15 Mar 2026 11:27:21 INFO  Saving current best: saved/SCL-Mar-15-2026_11-27-03.pth
Sun 15 Mar 2026 11:27:21 INFO  Running E-step ! 
Sun 15 Mar 2026 11:27:21 INFO  epoch 33 training [time: 0.24s, train_loss1: 3.1625, train_loss2: 0.0390, train_loss3: 0.0108, train_loss4: 0.0073]
Sun 15 Mar 2026 11:27:21 INFO  epoch 33 evaluating [time: 0.27s, valid_score: 0.310400]
Sun 15 Mar 2026 11:27:21 INFO  valid result: 
recall@1 : 0.1327    recall@2 : 0.2093    recall@3 : 0.2681    recall@4 : 0.3083    recall@5 : 0.3372    recall@10 : 0.447    recall@20 : 0.5805    recall@30 : 0.6621    recall@50 : 0.7624    ndcg@1 : 0.202    ndcg@2 : 0.2261    ndcg@3 : 0.2465    ndcg@4 : 0.2611    ndcg@5 : 0.2714    ndcg@10 : 0.3104    ndcg@20 : 0.3501    ndcg@30 : 0.372    ndcg@50 : 0.3959    precision@1 : 0.202    precision@2 : 0.1672    precision@3 : 0.1436    precision@4 : 0.128    precision@5 : 0.1139    precision@10 : 0.0799    precision@20 : 0.0551    precision@30 : 0.0435    precision@50 : 0.0312    map@1 : 0.202    map@2 : 0.2005    map@3 : 0.2078    map@4 : 0.2131    map@5 : 0.2175    map@10 : 0.2337    map@20 : 0.2465    map@30 : 0.2523    map@50 : 0.2574
Sun 15 Mar 2026 11:27:21 INFO  Saving current: saved/SCL-Mar-15-2026_11-27-03.pth
Sun 15 Mar 2026 11:27:21 INFO  Saving current best: saved/SCL-Mar-15-2026_11-27-03.pth
Sun 15 Mar 2026 11:27:21 INFO  Running E-step ! 
Sun 15 Mar 2026 11:27:22 INFO  epoch 34 training [time: 0.24s, train_loss1: 3.1951, train_loss2: 0.0392, train_loss3: 0.0108, train_loss4: 0.0072]
Sun 15 Mar 2026 11:27:22 INFO  epoch 34 evaluating [time: 0.26s, valid_score: 0.311200]
Sun 15 Mar 2026 11:27:22 INFO  valid result: 
recall@1 : 0.1341    recall@2 : 0.2084    recall@3 : 0.2683    recall@4 : 0.3083    recall@5 : 0.3368    recall@10 : 0.4482    recall@20 : 0.5801    recall@30 : 0.6603    recall@50 : 0.763    ndcg@1 : 0.2038    ndcg@2 : 0.2259    ndcg@3 : 0.2471    ndcg@4 : 0.2616    ndcg@5 : 0.2716    ndcg@10 : 0.3112    ndcg@20 : 0.3505    ndcg@30 : 0.3719    ndcg@50 : 0.3964    precision@1 : 0.2038    precision@2 : 0.1663    precision@3 : 0.144    precision@4 : 0.128    precision@5 : 0.1139    precision@10 : 0.08    precision@20 : 0.0551    precision@30 : 0.0434    precision@50 : 0.0313    map@1 : 0.2038    map@2 : 0.2005    map@3 : 0.2084    map@4 : 0.2137    map@5 : 0.2179    map@10 : 0.2344    map@20 : 0.2471    map@30 : 0.2528    map@50 : 0.2581
Sun 15 Mar 2026 11:27:22 INFO  Saving current: saved/SCL-Mar-15-2026_11-27-03.pth
Sun 15 Mar 2026 11:27:22 INFO  Saving current best: saved/SCL-Mar-15-2026_11-27-03.pth
Sun 15 Mar 2026 11:27:22 INFO  Running E-step ! 
Sun 15 Mar 2026 11:27:22 INFO  epoch 35 training [time: 0.23s, train_loss1: 3.1722, train_loss2: 0.0393, train_loss3: 0.0108, train_loss4: 0.0070]
Sun 15 Mar 2026 11:27:23 INFO  epoch 35 evaluating [time: 0.28s, valid_score: 0.311100]
Sun 15 Mar 2026 11:27:23 INFO  valid result: 
recall@1 : 0.1341    recall@2 : 0.2085    recall@3 : 0.2682    recall@4 : 0.3085    recall@5 : 0.3375    recall@10 : 0.4477    recall@20 : 0.5793    recall@30 : 0.6603    recall@50 : 0.7621    ndcg@1 : 0.2038    ndcg@2 : 0.2261    ndcg@3 : 0.247    ndcg@4 : 0.2617    ndcg@5 : 0.272    ndcg@10 : 0.3111    ndcg@20 : 0.3503    ndcg@30 : 0.372    ndcg@50 : 0.3963    precision@1 : 0.2038    precision@2 : 0.1666    precision@3 : 0.1438    precision@4 : 0.1281    precision@5 : 0.1143    precision@10 : 0.0799    precision@20 : 0.055    precision@30 : 0.0434    precision@50 : 0.0313    map@1 : 0.2038    map@2 : 0.2007    map@3 : 0.2084    map@4 : 0.2138    map@5 : 0.2181    map@10 : 0.2344    map@20 : 0.2471    map@30 : 0.2528    map@50 : 0.2581
Sun 15 Mar 2026 11:27:23 INFO  Running E-step ! 
Sun 15 Mar 2026 11:27:23 INFO  epoch 36 training [time: 0.23s, train_loss1: 3.1741, train_loss2: 0.0394, train_loss3: 0.0108, train_loss4: 0.0069]
Sun 15 Mar 2026 11:27:23 INFO  epoch 36 evaluating [time: 0.28s, valid_score: 0.310400]
Sun 15 Mar 2026 11:27:23 INFO  valid result: 
recall@1 : 0.1327    recall@2 : 0.2082    recall@3 : 0.2682    recall@4 : 0.3083    recall@5 : 0.3375    recall@10 : 0.4476    recall@20 : 0.5794    recall@30 : 0.662    recall@50 : 0.7628    ndcg@1 : 0.202    ndcg@2 : 0.2255    ndcg@3 : 0.2465    ndcg@4 : 0.261    ndcg@5 : 0.2715    ndcg@10 : 0.3104    ndcg@20 : 0.3498    ndcg@30 : 0.3719    ndcg@50 : 0.3959    precision@1 : 0.202    precision@2 : 0.1666    precision@3 : 0.1438    precision@4 : 0.128    precision@5 : 0.1144    precision@10 : 0.0799    precision@20 : 0.055    precision@30 : 0.0436    precision@50 : 0.0313    map@1 : 0.202    map@2 : 0.1999    map@3 : 0.2077    map@4 : 0.213    map@5 : 0.2174    map@10 : 0.2336    map@20 : 0.2463    map@30 : 0.2522    map@50 : 0.2574
Sun 15 Mar 2026 11:27:23 INFO  Running E-step ! 
Sun 15 Mar 2026 11:27:23 INFO  epoch 37 training [time: 0.31s, train_loss1: 3.1227, train_loss2: 0.0395, train_loss3: 0.0108, train_loss4: 0.0067]
Sun 15 Mar 2026 11:27:24 INFO  epoch 37 evaluating [time: 0.40s, valid_score: 0.311200]
Sun 15 Mar 2026 11:27:24 INFO  valid result: 
recall@1 : 0.1336    recall@2 : 0.2085    recall@3 : 0.2679    recall@4 : 0.3078    recall@5 : 0.3391    recall@10 : 0.449    recall@20 : 0.5799    recall@30 : 0.6622    recall@50 : 0.7586    ndcg@1 : 0.2032    ndcg@2 : 0.226    ndcg@3 : 0.2467    ndcg@4 : 0.2611    ndcg@5 : 0.2725    ndcg@10 : 0.3112    ndcg@20 : 0.3504    ndcg@30 : 0.3724    ndcg@50 : 0.3955    precision@1 : 0.2032    precision@2 : 0.1666    precision@3 : 0.1436    precision@4 : 0.1277    precision@5 : 0.1149    precision@10 : 0.08    precision@20 : 0.0551    precision@30 : 0.0436    precision@50 : 0.0313    map@1 : 0.2032    map@2 : 0.2005    map@3 : 0.2081    map@4 : 0.2133    map@5 : 0.2182    map@10 : 0.2343    map@20 : 0.2469    map@30 : 0.2528    map@50 : 0.2579
Sun 15 Mar 2026 11:27:24 INFO  Saving current: saved/SCL-Mar-15-2026_11-27-03.pth
Sun 15 Mar 2026 11:27:24 INFO  Saving current best: saved/SCL-Mar-15-2026_11-27-03.pth
Sun 15 Mar 2026 11:27:24 INFO  Running E-step ! 
Sun 15 Mar 2026 11:27:24 INFO  epoch 38 training [time: 0.18s, train_loss1: 3.1126, train_loss2: 0.0396, train_loss3: 0.0108, train_loss4: 0.0065]
Sun 15 Mar 2026 11:27:24 INFO  epoch 38 evaluating [time: 0.16s, valid_score: 0.311400]
Sun 15 Mar 2026 11:27:24 INFO  valid result: 
recall@1 : 0.1336    recall@2 : 0.2079    recall@3 : 0.2683    recall@4 : 0.3078    recall@5 : 0.3398    recall@10 : 0.4495    recall@20 : 0.5806    recall@30 : 0.6637    recall@50 : 0.752    ndcg@1 : 0.2032    ndcg@2 : 0.2256    ndcg@3 : 0.2469    ndcg@4 : 0.2611    ndcg@5 : 0.2728    ndcg@10 : 0.3114    ndcg@20 : 0.3506    ndcg@30 : 0.3728    ndcg@50 : 0.3944    precision@1 : 0.2032    precision@2 : 0.1663    precision@3 : 0.144    precision@4 : 0.1278    precision@5 : 0.1151    precision@10 : 0.0802    precision@20 : 0.0552    precision@30 : 0.0437    precision@50 : 0.0312    map@1 : 0.2032    map@2 : 0.2002    map@3 : 0.2082    map@4 : 0.2134    map@5 : 0.2183    map@10 : 0.2343    map@20 : 0.247    map@30 : 0.2529    map@50 : 0.2578
Sun 15 Mar 2026 11:27:24 INFO  Saving current: saved/SCL-Mar-15-2026_11-27-03.pth
Sun 15 Mar 2026 11:27:24 INFO  Saving current best: saved/SCL-Mar-15-2026_11-27-03.pth
Sun 15 Mar 2026 11:27:24 INFO  Running E-step ! 
Sun 15 Mar 2026 11:27:24 INFO  epoch 39 training [time: 0.21s, train_loss1: 3.1234, train_loss2: 0.0397, train_loss3: 0.0108, train_loss4: 0.0064]
Sun 15 Mar 2026 11:27:25 INFO  epoch 39 evaluating [time: 0.26s, valid_score: 0.311900]
Sun 15 Mar 2026 11:27:25 INFO  valid result: 
recall@1 : 0.1342    recall@2 : 0.2085    recall@3 : 0.2685    recall@4 : 0.3083    recall@5 : 0.3397    recall@10 : 0.4499    recall@20 : 0.5812    recall@30 : 0.6635    recall@50 : 0.7517    ndcg@1 : 0.2038    ndcg@2 : 0.2262    ndcg@3 : 0.2474    ndcg@4 : 0.2617    ndcg@5 : 0.2731    ndcg@10 : 0.3119    ndcg@20 : 0.3512    ndcg@30 : 0.3732    ndcg@50 : 0.3948    precision@1 : 0.2038    precision@2 : 0.1666    precision@3 : 0.1442    precision@4 : 0.1281    precision@5 : 0.115    precision@10 : 0.0804    precision@20 : 0.0554    precision@30 : 0.0438    precision@50 : 0.0312    map@1 : 0.2038    map@2 : 0.2008    map@3 : 0.2087    map@4 : 0.214    map@5 : 0.2188    map@10 : 0.2349    map@20 : 0.2476    map@30 : 0.2534    map@50 : 0.2583
Sun 15 Mar 2026 11:27:25 INFO  Saving current: saved/SCL-Mar-15-2026_11-27-03.pth
Sun 15 Mar 2026 11:27:25 INFO  Saving current best: saved/SCL-Mar-15-2026_11-27-03.pth
Sun 15 Mar 2026 11:27:25 INFO  Running E-step ! 
Sun 15 Mar 2026 11:27:25 INFO  epoch 40 training [time: 0.24s, train_loss1: 3.1245, train_loss2: 0.0398, train_loss3: 0.0108, train_loss4: 0.0062]
Sun 15 Mar 2026 11:27:25 INFO  epoch 40 evaluating [time: 0.26s, valid_score: 0.311900]
Sun 15 Mar 2026 11:27:25 INFO  valid result: 
recall@1 : 0.1336    recall@2 : 0.2083    recall@3 : 0.2689    recall@4 : 0.3088    recall@5 : 0.3395    recall@10 : 0.4501    recall@20 : 0.5816    recall@30 : 0.6638    recall@50 : 0.7481    ndcg@1 : 0.2032    ndcg@2 : 0.2261    ndcg@3 : 0.2473    ndcg@4 : 0.2618    ndcg@5 : 0.2728    ndcg@10 : 0.3119    ndcg@20 : 0.3512    ndcg@30 : 0.3732    ndcg@50 : 0.3941    precision@1 : 0.2032    precision@2 : 0.1669    precision@3 : 0.1442    precision@4 : 0.1284    precision@5 : 0.1149    precision@10 : 0.0805    precision@20 : 0.0554    precision@30 : 0.0438    precision@50 : 0.0311    map@1 : 0.2032    map@2 : 0.2007    map@3 : 0.2085    map@4 : 0.2139    map@5 : 0.2185    map@10 : 0.2347    map@20 : 0.2474    map@30 : 0.2533    map@50 : 0.2581
Sun 15 Mar 2026 11:27:25 INFO  Saving current: saved/SCL-Mar-15-2026_11-27-03.pth
Sun 15 Mar 2026 11:27:25 INFO  Saving current best: saved/SCL-Mar-15-2026_11-27-03.pth
Sun 15 Mar 2026 11:27:25 INFO  Running E-step ! 
Sun 15 Mar 2026 11:27:25 INFO  epoch 41 training [time: 0.22s, train_loss1: 3.1122, train_loss2: 0.0399, train_loss3: 0.0108, train_loss4: 0.0060]
Sun 15 Mar 2026 11:27:26 INFO  epoch 41 evaluating [time: 0.28s, valid_score: 0.311900]
Sun 15 Mar 2026 11:27:26 INFO  valid result: 
recall@1 : 0.1336    recall@2 : 0.2089    recall@3 : 0.2687    recall@4 : 0.3088    recall@5 : 0.3397    recall@10 : 0.4501    recall@20 : 0.582    recall@30 : 0.6638    recall@50 : 0.7489    ndcg@1 : 0.2032    ndcg@2 : 0.2265    ndcg@3 : 0.2473    ndcg@4 : 0.2619    ndcg@5 : 0.273    ndcg@10 : 0.3119    ndcg@20 : 0.3514    ndcg@30 : 0.3733    ndcg@50 : 0.3944    precision@1 : 0.2032    precision@2 : 0.1672    precision@3 : 0.1442    precision@4 : 0.1284    precision@5 : 0.115    precision@10 : 0.0805    precision@20 : 0.0555    precision@30 : 0.0438    precision@50 : 0.0312    map@1 : 0.2032    map@2 : 0.201    map@3 : 0.2086    map@4 : 0.214    map@5 : 0.2186    map@10 : 0.2348    map@20 : 0.2476    map@30 : 0.2534    map@50 : 0.2583
Sun 15 Mar 2026 11:27:26 INFO  Saving current: saved/SCL-Mar-15-2026_11-27-03.pth
Sun 15 Mar 2026 11:27:26 INFO  Saving current best: saved/SCL-Mar-15-2026_11-27-03.pth
Sun 15 Mar 2026 11:27:26 INFO  Running E-step ! 
Sun 15 Mar 2026 11:27:26 INFO  epoch 42 training [time: 0.20s, train_loss1: 3.0779, train_loss2: 0.0400, train_loss3: 0.0108, train_loss4: 0.0059]
Sun 15 Mar 2026 11:27:26 INFO  epoch 42 evaluating [time: 0.27s, valid_score: 0.312300]
Sun 15 Mar 2026 11:27:26 INFO  valid result: 
recall@1 : 0.1348    recall@2 : 0.2083    recall@3 : 0.2687    recall@4 : 0.3084    recall@5 : 0.3398    recall@10 : 0.4502    recall@20 : 0.5832    recall@30 : 0.6651    recall@50 : 0.748    ndcg@1 : 0.2044    ndcg@2 : 0.2265    ndcg@3 : 0.2477    ndcg@4 : 0.262    ndcg@5 : 0.2734    ndcg@10 : 0.3123    ndcg@20 : 0.352    ndcg@30 : 0.374    ndcg@50 : 0.3946    precision@1 : 0.2044    precision@2 : 0.1666    precision@3 : 0.1442    precision@4 : 0.1281    precision@5 : 0.1151    precision@10 : 0.0805    precision@20 : 0.0556    precision@30 : 0.0439    precision@50 : 0.0311    map@1 : 0.2044    map@2 : 0.2011    map@3 : 0.2091    map@4 : 0.2143    map@5 : 0.2191    map@10 : 0.2353    map@20 : 0.2481    map@30 : 0.254    map@50 : 0.2587
Sun 15 Mar 2026 11:27:26 INFO  Saving current: saved/SCL-Mar-15-2026_11-27-03.pth
Sun 15 Mar 2026 11:27:26 INFO  Saving current best: saved/SCL-Mar-15-2026_11-27-03.pth
Sun 15 Mar 2026 11:27:26 INFO  Running E-step ! 
Sun 15 Mar 2026 11:27:26 INFO  epoch 43 training [time: 0.21s, train_loss1: 3.1224, train_loss2: 0.0401, train_loss3: 0.0108, train_loss4: 0.0058]
Sun 15 Mar 2026 11:27:27 INFO  epoch 43 evaluating [time: 0.25s, valid_score: 0.312400]
Sun 15 Mar 2026 11:27:27 INFO  valid result: 
recall@1 : 0.1348    recall@2 : 0.2086    recall@3 : 0.2691    recall@4 : 0.3084    recall@5 : 0.3392    recall@10 : 0.4502    recall@20 : 0.5833    recall@30 : 0.6654    recall@50 : 0.7495    ndcg@1 : 0.2044    ndcg@2 : 0.2269    ndcg@3 : 0.2481    ndcg@4 : 0.2621    ndcg@5 : 0.2733    ndcg@10 : 0.3124    ndcg@20 : 0.3522    ndcg@30 : 0.3743    ndcg@50 : 0.3951    precision@1 : 0.2044    precision@2 : 0.1672    precision@3 : 0.1446    precision@4 : 0.1281    precision@5 : 0.115    precision@10 : 0.0805    precision@20 : 0.0557    precision@30 : 0.044    precision@50 : 0.0312    map@1 : 0.2044    map@2 : 0.2014    map@3 : 0.2093    map@4 : 0.2144    map@5 : 0.2191    map@10 : 0.2353    map@20 : 0.2482    map@30 : 0.2541    map@50 : 0.2589
Sun 15 Mar 2026 11:27:27 INFO  Saving current: saved/SCL-Mar-15-2026_11-27-03.pth
Sun 15 Mar 2026 11:27:27 INFO  Saving current best: saved/SCL-Mar-15-2026_11-27-03.pth
Sun 15 Mar 2026 11:27:27 INFO  Running E-step ! 
Sun 15 Mar 2026 11:27:27 INFO  epoch 44 training [time: 0.23s, train_loss1: 3.0501, train_loss2: 0.0402, train_loss3: 0.0108, train_loss4: 0.0056]
Sun 15 Mar 2026 11:27:27 INFO  epoch 44 evaluating [time: 0.26s, valid_score: 0.312600]
Sun 15 Mar 2026 11:27:27 INFO  valid result: 
recall@1 : 0.1348    recall@2 : 0.2089    recall@3 : 0.2695    recall@4 : 0.3088    recall@5 : 0.34    recall@10 : 0.4504    recall@20 : 0.5838    recall@30 : 0.6675    recall@50 : 0.749    ndcg@1 : 0.2044    ndcg@2 : 0.2271    ndcg@3 : 0.2483    ndcg@4 : 0.2624    ndcg@5 : 0.2736    ndcg@10 : 0.3126    ndcg@20 : 0.3526    ndcg@30 : 0.375    ndcg@50 : 0.3952    precision@1 : 0.2044    precision@2 : 0.1675    precision@3 : 0.1448    precision@4 : 0.1284    precision@5 : 0.115    precision@10 : 0.0806    precision@20 : 0.0558    precision@30 : 0.0442    precision@50 : 0.0312    map@1 : 0.2044    map@2 : 0.2016    map@3 : 0.2094    map@4 : 0.2147    map@5 : 0.2192    map@10 : 0.2356    map@20 : 0.2484    map@30 : 0.2544    map@50 : 0.2591
Sun 15 Mar 2026 11:27:27 INFO  Saving current: saved/SCL-Mar-15-2026_11-27-03.pth
Sun 15 Mar 2026 11:27:27 INFO  Saving current best: saved/SCL-Mar-15-2026_11-27-03.pth
Sun 15 Mar 2026 11:27:27 INFO  Running E-step ! 
Sun 15 Mar 2026 11:27:27 INFO  epoch 45 training [time: 0.24s, train_loss1: 3.0562, train_loss2: 0.0403, train_loss3: 0.0108, train_loss4: 0.0054]
Sun 15 Mar 2026 11:27:28 INFO  epoch 45 evaluating [time: 0.26s, valid_score: 0.312200]
Sun 15 Mar 2026 11:27:28 INFO  valid result: 
recall@1 : 0.1342    recall@2 : 0.2089    recall@3 : 0.269    recall@4 : 0.3081    recall@5 : 0.339    recall@10 : 0.4503    recall@20 : 0.5846    recall@30 : 0.6687    recall@50 : 0.7485    ndcg@1 : 0.2038    ndcg@2 : 0.2269    ndcg@3 : 0.2479    ndcg@4 : 0.2619    ndcg@5 : 0.273    ndcg@10 : 0.3122    ndcg@20 : 0.3524    ndcg@30 : 0.375    ndcg@50 : 0.3948    precision@1 : 0.2038    precision@2 : 0.1675    precision@3 : 0.1448    precision@4 : 0.1283    precision@5 : 0.115    precision@10 : 0.0806    precision@20 : 0.0558    precision@30 : 0.0443    precision@50 : 0.0312    map@1 : 0.2038    map@2 : 0.2013    map@3 : 0.209    map@4 : 0.2142    map@5 : 0.2188    map@10 : 0.2351    map@20 : 0.248    map@30 : 0.2541    map@50 : 0.2587
Sun 15 Mar 2026 11:27:28 INFO  Running E-step ! 
Sun 15 Mar 2026 11:27:28 INFO  epoch 46 training [time: 0.22s, train_loss1: 3.0825, train_loss2: 0.0404, train_loss3: 0.0108, train_loss4: 0.0053]
Sun 15 Mar 2026 11:27:28 INFO  epoch 46 evaluating [time: 0.27s, valid_score: 0.312800]
Sun 15 Mar 2026 11:27:28 INFO  valid result: 
recall@1 : 0.1354    recall@2 : 0.2092    recall@3 : 0.2693    recall@4 : 0.3081    recall@5 : 0.3391    recall@10 : 0.4504    recall@20 : 0.5843    recall@30 : 0.6701    recall@50 : 0.7486    ndcg@1 : 0.205    ndcg@2 : 0.2276    ndcg@3 : 0.2486    ndcg@4 : 0.2624    ndcg@5 : 0.2736    ndcg@10 : 0.3128    ndcg@20 : 0.353    ndcg@30 : 0.3759    ndcg@50 : 0.3954    precision@1 : 0.205    precision@2 : 0.1678    precision@3 : 0.145    precision@4 : 0.1283    precision@5 : 0.1151    precision@10 : 0.0806    precision@20 : 0.056    precision@30 : 0.0444    precision@50 : 0.0313    map@1 : 0.205    map@2 : 0.202    map@3 : 0.2098    map@4 : 0.2149    map@5 : 0.2195    map@10 : 0.2358    map@20 : 0.2488    map@30 : 0.2549    map@50 : 0.2595
Sun 15 Mar 2026 11:27:28 INFO  Saving current: saved/SCL-Mar-15-2026_11-27-03.pth
Sun 15 Mar 2026 11:27:28 INFO  Saving current best: saved/SCL-Mar-15-2026_11-27-03.pth
Sun 15 Mar 2026 11:27:28 INFO  Running E-step ! 
Sun 15 Mar 2026 11:27:28 INFO  epoch 47 training [time: 0.22s, train_loss1: 3.0591, train_loss2: 0.0404, train_loss3: 0.0108, train_loss4: 0.0051]
Sun 15 Mar 2026 11:27:29 INFO  epoch 47 evaluating [time: 0.26s, valid_score: 0.312300]
Sun 15 Mar 2026 11:27:29 INFO  valid result: 
recall@1 : 0.1352    recall@2 : 0.2089    recall@3 : 0.269    recall@4 : 0.3083    recall@5 : 0.3391    recall@10 : 0.4492    recall@20 : 0.5846    recall@30 : 0.6711    recall@50 : 0.7483    ndcg@1 : 0.205    ndcg@2 : 0.2274    ndcg@3 : 0.2483    ndcg@4 : 0.2624    ndcg@5 : 0.2735    ndcg@10 : 0.3123    ndcg@20 : 0.353    ndcg@30 : 0.376    ndcg@50 : 0.3953    precision@1 : 0.205    precision@2 : 0.1675    precision@3 : 0.1448    precision@4 : 0.1284    precision@5 : 0.1151    precision@10 : 0.0806    precision@20 : 0.056    precision@30 : 0.0444    precision@50 : 0.0313    map@1 : 0.205    map@2 : 0.2017    map@3 : 0.2095    map@4 : 0.2148    map@5 : 0.2193    map@10 : 0.2355    map@20 : 0.2486    map@30 : 0.2547    map@50 : 0.2593
Sun 15 Mar 2026 11:27:29 INFO  Running E-step ! 
Sun 15 Mar 2026 11:27:29 INFO  epoch 48 training [time: 0.22s, train_loss1: 3.0074, train_loss2: 0.0405, train_loss3: 0.0108, train_loss4: 0.0050]
Sun 15 Mar 2026 11:27:29 INFO  epoch 48 evaluating [time: 0.21s, valid_score: 0.312500]
Sun 15 Mar 2026 11:27:29 INFO  valid result: 
recall@1 : 0.1352    recall@2 : 0.2089    recall@3 : 0.2687    recall@4 : 0.3089    recall@5 : 0.3392    recall@10 : 0.4495    recall@20 : 0.5849    recall@30 : 0.6717    recall@50 : 0.7498    ndcg@1 : 0.205    ndcg@2 : 0.2274    ndcg@3 : 0.2482    ndcg@4 : 0.2626    ndcg@5 : 0.2736    ndcg@10 : 0.3125    ndcg@20 : 0.3531    ndcg@30 : 0.3762    ndcg@50 : 0.3957    precision@1 : 0.205    precision@2 : 0.1675    precision@3 : 0.1446    precision@4 : 0.1286    precision@5 : 0.1153    precision@10 : 0.0808    precision@20 : 0.056    precision@30 : 0.0445    precision@50 : 0.0313    map@1 : 0.205    map@2 : 0.2017    map@3 : 0.2094    map@4 : 0.2149    map@5 : 0.2194    map@10 : 0.2356    map@20 : 0.2487    map@30 : 0.2548    map@50 : 0.2595
Sun 15 Mar 2026 11:27:29 INFO  Running E-step ! 
Sun 15 Mar 2026 11:27:29 INFO  epoch 49 training [time: 0.18s, train_loss1: 3.0326, train_loss2: 0.0406, train_loss3: 0.0108, train_loss4: 0.0049]
Sun 15 Mar 2026 11:27:30 INFO  epoch 49 evaluating [time: 0.27s, valid_score: 0.312300]
Sun 15 Mar 2026 11:27:30 INFO  valid result: 
recall@1 : 0.1352    recall@2 : 0.2089    recall@3 : 0.2691    recall@4 : 0.309    recall@5 : 0.339    recall@10 : 0.4488    recall@20 : 0.5852    recall@30 : 0.672    recall@50 : 0.7505    ndcg@1 : 0.205    ndcg@2 : 0.2274    ndcg@3 : 0.2483    ndcg@4 : 0.2628    ndcg@5 : 0.2736    ndcg@10 : 0.3123    ndcg@20 : 0.3532    ndcg@30 : 0.3763    ndcg@50 : 0.3959    precision@1 : 0.205    precision@2 : 0.1675    precision@3 : 0.1448    precision@4 : 0.1287    precision@5 : 0.1155    precision@10 : 0.0807    precision@20 : 0.0561    precision@30 : 0.0445    precision@50 : 0.0313    map@1 : 0.205    map@2 : 0.2017    map@3 : 0.2095    map@4 : 0.215    map@5 : 0.2194    map@10 : 0.2355    map@20 : 0.2487    map@30 : 0.2549    map@50 : 0.2596
Sun 15 Mar 2026 11:27:30 INFO  Running E-step ! 
Sun 15 Mar 2026 11:27:30 INFO  epoch 50 training [time: 0.21s, train_loss1: 3.0451, train_loss2: 0.0406, train_loss3: 0.0108, train_loss4: 0.0048]
Sun 15 Mar 2026 11:27:30 INFO  epoch 50 evaluating [time: 0.25s, valid_score: 0.313100]
Sun 15 Mar 2026 11:27:30 INFO  valid result: 
recall@1 : 0.1359    recall@2 : 0.2089    recall@3 : 0.2691    recall@4 : 0.3087    recall@5 : 0.3392    recall@10 : 0.45    recall@20 : 0.5859    recall@30 : 0.6717    recall@50 : 0.7501    ndcg@1 : 0.2056    ndcg@2 : 0.2278    ndcg@3 : 0.2486    ndcg@4 : 0.263    ndcg@5 : 0.2741    ndcg@10 : 0.3131    ndcg@20 : 0.3538    ndcg@30 : 0.3766    ndcg@50 : 0.3962    precision@1 : 0.2056    precision@2 : 0.1678    precision@3 : 0.1448    precision@4 : 0.1289    precision@5 : 0.1159    precision@10 : 0.0809    precision@20 : 0.0562    precision@30 : 0.0444    precision@50 : 0.0314    map@1 : 0.2056    map@2 : 0.2022    map@3 : 0.2098    map@4 : 0.2153    map@5 : 0.2199    map@10 : 0.2361    map@20 : 0.2493    map@30 : 0.2554    map@50 : 0.2601
Sun 15 Mar 2026 11:27:30 INFO  Saving current: saved/SCL-Mar-15-2026_11-27-03.pth
Sun 15 Mar 2026 11:27:30 INFO  Saving current best: saved/SCL-Mar-15-2026_11-27-03.pth
Sun 15 Mar 2026 11:27:30 INFO  Running E-step ! 
Sun 15 Mar 2026 11:27:30 INFO  epoch 51 training [time: 0.31s, train_loss1: 2.9930, train_loss2: 0.0407, train_loss3: 0.0108, train_loss4: 0.0045]
Sun 15 Mar 2026 11:27:31 INFO  epoch 51 evaluating [time: 0.35s, valid_score: 0.312900]
Sun 15 Mar 2026 11:27:31 INFO  valid result: 
recall@1 : 0.1359    recall@2 : 0.2092    recall@3 : 0.2694    recall@4 : 0.3085    recall@5 : 0.3395    recall@10 : 0.4493    recall@20 : 0.5862    recall@30 : 0.6724    recall@50 : 0.751    ndcg@1 : 0.2056    ndcg@2 : 0.2283    ndcg@3 : 0.2489    ndcg@4 : 0.263    ndcg@5 : 0.2744    ndcg@10 : 0.3129    ndcg@20 : 0.3541    ndcg@30 : 0.377    ndcg@50 : 0.3966    precision@1 : 0.2056    precision@2 : 0.1684    precision@3 : 0.145    precision@4 : 0.1289    precision@5 : 0.1161    precision@10 : 0.0808    precision@20 : 0.0563    precision@30 : 0.0446    precision@50 : 0.0314    map@1 : 0.2056    map@2 : 0.2026    map@3 : 0.21    map@4 : 0.2153    map@5 : 0.2201    map@10 : 0.2361    map@20 : 0.2494    map@30 : 0.2556    map@50 : 0.2603
Sun 15 Mar 2026 11:27:31 INFO  Running E-step ! 
Sun 15 Mar 2026 11:27:31 INFO  epoch 52 training [time: 0.17s, train_loss1: 3.0270, train_loss2: 0.0407, train_loss3: 0.0108, train_loss4: 0.0044]
Sun 15 Mar 2026 11:27:31 INFO  epoch 52 evaluating [time: 0.19s, valid_score: 0.312900]
Sun 15 Mar 2026 11:27:31 INFO  valid result: 
recall@1 : 0.1359    recall@2 : 0.2094    recall@3 : 0.2693    recall@4 : 0.308    recall@5 : 0.3396    recall@10 : 0.4493    recall@20 : 0.5874    recall@30 : 0.6723    recall@50 : 0.7522    ndcg@1 : 0.2056    ndcg@2 : 0.2285    ndcg@3 : 0.2488    ndcg@4 : 0.2629    ndcg@5 : 0.2744    ndcg@10 : 0.3129    ndcg@20 : 0.3545    ndcg@30 : 0.3771    ndcg@50 : 0.3969    precision@1 : 0.2056    precision@2 : 0.1687    precision@3 : 0.1448    precision@4 : 0.1289    precision@5 : 0.116    precision@10 : 0.0808    precision@20 : 0.0565    precision@30 : 0.0446    precision@50 : 0.0314    map@1 : 0.2056    map@2 : 0.2028    map@3 : 0.2099    map@4 : 0.2152    map@5 : 0.2201    map@10 : 0.2361    map@20 : 0.2496    map@30 : 0.2557    map@50 : 0.2604
Sun 15 Mar 2026 11:27:31 INFO  Running E-step ! 
Sun 15 Mar 2026 11:27:31 INFO  epoch 53 training [time: 0.23s, train_loss1: 3.0269, train_loss2: 0.0408, train_loss3: 0.0108, train_loss4: 0.0042]
Sun 15 Mar 2026 11:27:32 INFO  epoch 53 evaluating [time: 0.27s, valid_score: 0.313200]
Sun 15 Mar 2026 11:27:32 INFO  valid result: 
recall@1 : 0.1365    recall@2 : 0.2091    recall@3 : 0.2698    recall@4 : 0.3086    recall@5 : 0.3396    recall@10 : 0.4495    recall@20 : 0.587    recall@30 : 0.6741    recall@50 : 0.7527    ndcg@1 : 0.2062    ndcg@2 : 0.2285    ndcg@3 : 0.2493    ndcg@4 : 0.2632    ndcg@5 : 0.2745    ndcg@10 : 0.3132    ndcg@20 : 0.3547    ndcg@30 : 0.3778    ndcg@50 : 0.3973    precision@1 : 0.2062    precision@2 : 0.1684    precision@3 : 0.1452    precision@4 : 0.1289    precision@5 : 0.1157    precision@10 : 0.0808    precision@20 : 0.0565    precision@30 : 0.0448    precision@50 : 0.0315    map@1 : 0.2062    map@2 : 0.2029    map@3 : 0.2103    map@4 : 0.2155    map@5 : 0.2203    map@10 : 0.2363    map@20 : 0.2499    map@30 : 0.2561    map@50 : 0.2608
Sun 15 Mar 2026 11:27:32 INFO  Saving current: saved/SCL-Mar-15-2026_11-27-03.pth
Sun 15 Mar 2026 11:27:32 INFO  Saving current best: saved/SCL-Mar-15-2026_11-27-03.pth
Sun 15 Mar 2026 11:27:32 INFO  Running E-step ! 
Sun 15 Mar 2026 11:27:32 INFO  epoch 54 training [time: 0.21s, train_loss1: 2.9641, train_loss2: 0.0408, train_loss3: 0.0108, train_loss4: 0.0041]
Sun 15 Mar 2026 11:27:32 INFO  epoch 54 evaluating [time: 0.26s, valid_score: 0.313600]
Sun 15 Mar 2026 11:27:32 INFO  valid result: 
recall@1 : 0.1365    recall@2 : 0.2097    recall@3 : 0.2698    recall@4 : 0.3083    recall@5 : 0.3401    recall@10 : 0.4508    recall@20 : 0.5878    recall@30 : 0.6745    recall@50 : 0.752    ndcg@1 : 0.2062    ndcg@2 : 0.2289    ndcg@3 : 0.2493    ndcg@4 : 0.2632    ndcg@5 : 0.2748    ndcg@10 : 0.3136    ndcg@20 : 0.355    ndcg@30 : 0.378    ndcg@50 : 0.3974    precision@1 : 0.2062    precision@2 : 0.1687    precision@3 : 0.1452    precision@4 : 0.1287    precision@5 : 0.1159    precision@10 : 0.0809    precision@20 : 0.0566    precision@30 : 0.0448    precision@50 : 0.0315    map@1 : 0.2062    map@2 : 0.2032    map@3 : 0.2104    map@4 : 0.2155    map@5 : 0.2206    map@10 : 0.2365    map@20 : 0.2501    map@30 : 0.2563    map@50 : 0.261
Sun 15 Mar 2026 11:27:32 INFO  Saving current: saved/SCL-Mar-15-2026_11-27-03.pth
Sun 15 Mar 2026 11:27:32 INFO  Saving current best: saved/SCL-Mar-15-2026_11-27-03.pth
Sun 15 Mar 2026 11:27:32 INFO  Running E-step ! 
Sun 15 Mar 2026 11:27:32 INFO  epoch 55 training [time: 0.21s, train_loss1: 2.9639, train_loss2: 0.0408, train_loss3: 0.0108, train_loss4: 0.0041]
Sun 15 Mar 2026 11:27:33 INFO  epoch 55 evaluating [time: 0.26s, valid_score: 0.313500]
Sun 15 Mar 2026 11:27:33 INFO  valid result: 
recall@1 : 0.1365    recall@2 : 0.2097    recall@3 : 0.2696    recall@4 : 0.3086    recall@5 : 0.3399    recall@10 : 0.4504    recall@20 : 0.5889    recall@30 : 0.6753    recall@50 : 0.7525    ndcg@1 : 0.2062    ndcg@2 : 0.2289    ndcg@3 : 0.2492    ndcg@4 : 0.2632    ndcg@5 : 0.2746    ndcg@10 : 0.3135    ndcg@20 : 0.3554    ndcg@30 : 0.3784    ndcg@50 : 0.3976    precision@1 : 0.2062    precision@2 : 0.1687    precision@3 : 0.145    precision@4 : 0.1287    precision@5 : 0.1157    precision@10 : 0.0808    precision@20 : 0.0567    precision@30 : 0.0449    precision@50 : 0.0315    map@1 : 0.2062    map@2 : 0.2032    map@3 : 0.2103    map@4 : 0.2155    map@5 : 0.2205    map@10 : 0.2365    map@20 : 0.2502    map@30 : 0.2565    map@50 : 0.2611
Sun 15 Mar 2026 11:27:33 INFO  Running E-step ! 
Sun 15 Mar 2026 11:27:33 INFO  epoch 56 training [time: 0.22s, train_loss1: 2.9708, train_loss2: 0.0408, train_loss3: 0.0108, train_loss4: 0.0039]
Sun 15 Mar 2026 11:27:33 INFO  epoch 56 evaluating [time: 0.27s, valid_score: 0.314300]
Sun 15 Mar 2026 11:27:33 INFO  valid result: 
recall@1 : 0.1373    recall@2 : 0.2094    recall@3 : 0.2698    recall@4 : 0.3081    recall@5 : 0.3408    recall@10 : 0.4515    recall@20 : 0.5901    recall@30 : 0.6744    recall@50 : 0.7534    ndcg@1 : 0.2074    ndcg@2 : 0.229    ndcg@3 : 0.2496    ndcg@4 : 0.2633    ndcg@5 : 0.2753    ndcg@10 : 0.3143    ndcg@20 : 0.3561    ndcg@30 : 0.3786    ndcg@50 : 0.3983    precision@1 : 0.2074    precision@2 : 0.1684    precision@3 : 0.1452    precision@4 : 0.1286    precision@5 : 0.116    precision@10 : 0.081    precision@20 : 0.0569    precision@30 : 0.0449    precision@50 : 0.0316    map@1 : 0.2074    map@2 : 0.2035    map@3 : 0.2107    map@4 : 0.2158    map@5 : 0.221    map@10 : 0.2371    map@20 : 0.2508    map@30 : 0.2569    map@50 : 0.2617
Sun 15 Mar 2026 11:27:33 INFO  Saving current: saved/SCL-Mar-15-2026_11-27-03.pth
Sun 15 Mar 2026 11:27:33 INFO  Saving current best: saved/SCL-Mar-15-2026_11-27-03.pth
Sun 15 Mar 2026 11:27:33 INFO  Running E-step ! 
Sun 15 Mar 2026 11:27:33 INFO  epoch 57 training [time: 0.23s, train_loss1: 2.9377, train_loss2: 0.0408, train_loss3: 0.0108, train_loss4: 0.0039]
Sun 15 Mar 2026 11:27:34 INFO  epoch 57 evaluating [time: 0.28s, valid_score: 0.314400]
Sun 15 Mar 2026 11:27:34 INFO  valid result: 
recall@1 : 0.1368    recall@2 : 0.2103    recall@3 : 0.2693    recall@4 : 0.3084    recall@5 : 0.3412    recall@10 : 0.4518    recall@20 : 0.5906    recall@30 : 0.6756    recall@50 : 0.752    ndcg@1 : 0.2074    ndcg@2 : 0.2298    ndcg@3 : 0.2493    ndcg@4 : 0.2634    ndcg@5 : 0.2755    ndcg@10 : 0.3144    ndcg@20 : 0.3563    ndcg@30 : 0.379    ndcg@50 : 0.3982    precision@1 : 0.2074    precision@2 : 0.1692    precision@3 : 0.145    precision@4 : 0.1286    precision@5 : 0.1163    precision@10 : 0.081    precision@20 : 0.057    precision@30 : 0.045    precision@50 : 0.0316    map@1 : 0.2074    map@2 : 0.204    map@3 : 0.2103    map@4 : 0.2157    map@5 : 0.221    map@10 : 0.237    map@20 : 0.2509    map@30 : 0.257    map@50 : 0.2617
Sun 15 Mar 2026 11:27:34 INFO  Saving current: saved/SCL-Mar-15-2026_11-27-03.pth
Sun 15 Mar 2026 11:27:34 INFO  Saving current best: saved/SCL-Mar-15-2026_11-27-03.pth
Sun 15 Mar 2026 11:27:34 INFO  Running E-step ! 
Sun 15 Mar 2026 11:27:34 INFO  epoch 58 training [time: 0.21s, train_loss1: 2.9133, train_loss2: 0.0408, train_loss3: 0.0108, train_loss4: 0.0038]
Sun 15 Mar 2026 11:27:34 INFO  epoch 58 evaluating [time: 0.27s, valid_score: 0.314500]
Sun 15 Mar 2026 11:27:34 INFO  valid result: 
recall@1 : 0.1374    recall@2 : 0.2109    recall@3 : 0.2693    recall@4 : 0.3096    recall@5 : 0.3414    recall@10 : 0.4513    recall@20 : 0.5914    recall@30 : 0.6758    recall@50 : 0.7547    ndcg@1 : 0.208    ndcg@2 : 0.2303    ndcg@3 : 0.2496    ndcg@4 : 0.2642    ndcg@5 : 0.2759    ndcg@10 : 0.3145    ndcg@20 : 0.357    ndcg@30 : 0.3795    ndcg@50 : 0.3991    precision@1 : 0.208    precision@2 : 0.1695    precision@3 : 0.145    precision@4 : 0.1289    precision@5 : 0.1163    precision@10 : 0.081    precision@20 : 0.0572    precision@30 : 0.045    precision@50 : 0.0316    map@1 : 0.208    map@2 : 0.2046    map@3 : 0.2107    map@4 : 0.2163    map@5 : 0.2215    map@10 : 0.2374    map@20 : 0.2515    map@30 : 0.2576    map@50 : 0.2624
Sun 15 Mar 2026 11:27:34 INFO  Saving current: saved/SCL-Mar-15-2026_11-27-03.pth
Sun 15 Mar 2026 11:27:34 INFO  Saving current best: saved/SCL-Mar-15-2026_11-27-03.pth
Sun 15 Mar 2026 11:27:34 INFO  Running E-step ! 
Sun 15 Mar 2026 11:27:34 INFO  epoch 59 training [time: 0.21s, train_loss1: 2.9240, train_loss2: 0.0408, train_loss3: 0.0108, train_loss4: 0.0037]
Sun 15 Mar 2026 11:27:35 INFO  epoch 59 evaluating [time: 0.29s, valid_score: 0.314900]
Sun 15 Mar 2026 11:27:35 INFO  valid result: 
recall@1 : 0.1375    recall@2 : 0.2111    recall@3 : 0.269    recall@4 : 0.3111    recall@5 : 0.3421    recall@10 : 0.4517    recall@20 : 0.5922    recall@30 : 0.6774    recall@50 : 0.7562    ndcg@1 : 0.2086    ndcg@2 : 0.2307    ndcg@3 : 0.2496    ndcg@4 : 0.2651    ndcg@5 : 0.2764    ndcg@10 : 0.3149    ndcg@20 : 0.3575    ndcg@30 : 0.3801    ndcg@50 : 0.3997    precision@1 : 0.2086    precision@2 : 0.1698    precision@3 : 0.1448    precision@4 : 0.1295    precision@5 : 0.1167    precision@10 : 0.0812    precision@20 : 0.0572    precision@30 : 0.0451    precision@50 : 0.0317    map@1 : 0.2086    map@2 : 0.2049    map@3 : 0.2107    map@4 : 0.2169    map@5 : 0.2219    map@10 : 0.2376    map@20 : 0.2517    map@30 : 0.2579    map@50 : 0.2627
Sun 15 Mar 2026 11:27:35 INFO  Saving current: saved/SCL-Mar-15-2026_11-27-03.pth
Sun 15 Mar 2026 11:27:35 INFO  Saving current best: saved/SCL-Mar-15-2026_11-27-03.pth
Sun 15 Mar 2026 11:27:35 INFO  Running E-step ! 
Sun 15 Mar 2026 11:27:35 INFO  epoch 60 training [time: 0.23s, train_loss1: 2.9685, train_loss2: 0.0408, train_loss3: 0.0108, train_loss4: 0.0036]
Sun 15 Mar 2026 11:27:35 INFO  epoch 60 evaluating [time: 0.27s, valid_score: 0.314900]
Sun 15 Mar 2026 11:27:35 INFO  valid result: 
recall@1 : 0.1371    recall@2 : 0.2113    recall@3 : 0.269    recall@4 : 0.3111    recall@5 : 0.3422    recall@10 : 0.4519    recall@20 : 0.5931    recall@30 : 0.679    recall@50 : 0.7558    ndcg@1 : 0.2086    ndcg@2 : 0.2309    ndcg@3 : 0.2495    ndcg@4 : 0.2649    ndcg@5 : 0.2765    ndcg@10 : 0.3149    ndcg@20 : 0.3578    ndcg@30 : 0.3806    ndcg@50 : 0.3998    precision@1 : 0.2086    precision@2 : 0.1701    precision@3 : 0.1448    precision@4 : 0.1295    precision@5 : 0.1169    precision@10 : 0.0812    precision@20 : 0.0574    precision@30 : 0.0452    precision@50 : 0.0317    map@1 : 0.2086    map@2 : 0.2049    map@3 : 0.2106    map@4 : 0.2167    map@5 : 0.2217    map@10 : 0.2375    map@20 : 0.2517    map@30 : 0.258    map@50 : 0.2627
Sun 15 Mar 2026 11:27:35 INFO  Saving current: saved/SCL-Mar-15-2026_11-27-03.pth
Sun 15 Mar 2026 11:27:35 INFO  Saving current best: saved/SCL-Mar-15-2026_11-27-03.pth
Sun 15 Mar 2026 11:27:35 INFO  Running E-step ! 
Sun 15 Mar 2026 11:27:35 INFO  epoch 61 training [time: 0.24s, train_loss1: 2.9243, train_loss2: 0.0408, train_loss3: 0.0108, train_loss4: 0.0035]
Sun 15 Mar 2026 11:27:36 INFO  epoch 61 evaluating [time: 0.27s, valid_score: 0.315500]
Sun 15 Mar 2026 11:27:36 INFO  valid result: 
recall@1 : 0.1375    recall@2 : 0.2119    recall@3 : 0.2695    recall@4 : 0.3107    recall@5 : 0.3419    recall@10 : 0.4526    recall@20 : 0.5949    recall@30 : 0.6788    recall@50 : 0.7554    ndcg@1 : 0.2098    ndcg@2 : 0.2315    ndcg@3 : 0.2501    ndcg@4 : 0.2651    ndcg@5 : 0.2766    ndcg@10 : 0.3155    ndcg@20 : 0.3586    ndcg@30 : 0.3809    ndcg@50 : 0.4001    precision@1 : 0.2098    precision@2 : 0.1704    precision@3 : 0.1452    precision@4 : 0.1295    precision@5 : 0.1168    precision@10 : 0.0814    precision@20 : 0.0577    precision@30 : 0.0452    precision@50 : 0.0317    map@1 : 0.2098    map@2 : 0.2055    map@3 : 0.2113    map@4 : 0.217    map@5 : 0.222    map@10 : 0.238    map@20 : 0.2523    map@30 : 0.2584    map@50 : 0.2631
Sun 15 Mar 2026 11:27:36 INFO  Saving current: saved/SCL-Mar-15-2026_11-27-03.pth
Sun 15 Mar 2026 11:27:36 INFO  Saving current best: saved/SCL-Mar-15-2026_11-27-03.pth
Sun 15 Mar 2026 11:27:36 INFO  Running E-step ! 
Sun 15 Mar 2026 11:27:36 INFO  epoch 62 training [time: 0.23s, train_loss1: 2.8813, train_loss2: 0.0408, train_loss3: 0.0108, train_loss4: 0.0035]
Sun 15 Mar 2026 11:27:36 INFO  epoch 62 evaluating [time: 0.27s, valid_score: 0.315800]
Sun 15 Mar 2026 11:27:36 INFO  valid result: 
recall@1 : 0.1376    recall@2 : 0.2128    recall@3 : 0.2702    recall@4 : 0.3108    recall@5 : 0.3418    recall@10 : 0.4521    recall@20 : 0.5966    recall@30 : 0.6801    recall@50 : 0.7563    ndcg@1 : 0.2104    ndcg@2 : 0.2322    ndcg@3 : 0.251    ndcg@4 : 0.2654    ndcg@5 : 0.2769    ndcg@10 : 0.3158    ndcg@20 : 0.3596    ndcg@30 : 0.3818    ndcg@50 : 0.4008    precision@1 : 0.2104    precision@2 : 0.171    precision@3 : 0.146    precision@4 : 0.1295    precision@5 : 0.1168    precision@10 : 0.0815    precision@20 : 0.0579    precision@30 : 0.0454    precision@50 : 0.0318    map@1 : 0.2104    map@2 : 0.206    map@3 : 0.2119    map@4 : 0.2173    map@5 : 0.2223    map@10 : 0.2384    map@20 : 0.2529    map@30 : 0.2591    map@50 : 0.2637
Sun 15 Mar 2026 11:27:36 INFO  Saving current: saved/SCL-Mar-15-2026_11-27-03.pth
Sun 15 Mar 2026 11:27:36 INFO  Saving current best: saved/SCL-Mar-15-2026_11-27-03.pth
Sun 15 Mar 2026 11:27:36 INFO  Running E-step ! 
Sun 15 Mar 2026 11:27:36 INFO  epoch 63 training [time: 0.23s, train_loss1: 2.9084, train_loss2: 0.0408, train_loss3: 0.0108, train_loss4: 0.0034]
Sun 15 Mar 2026 11:27:37 INFO  epoch 63 evaluating [time: 0.25s, valid_score: 0.315800]
Sun 15 Mar 2026 11:27:37 INFO  valid result: 
recall@1 : 0.1377    recall@2 : 0.2139    recall@3 : 0.2702    recall@4 : 0.3103    recall@5 : 0.3399    recall@10 : 0.4521    recall@20 : 0.5975    recall@30 : 0.6812    recall@50 : 0.7569    ndcg@1 : 0.211    ndcg@2 : 0.233    ndcg@3 : 0.2512    ndcg@4 : 0.2654    ndcg@5 : 0.2763    ndcg@10 : 0.3158    ndcg@20 : 0.3599    ndcg@30 : 0.3822    ndcg@50 : 0.4011    precision@1 : 0.211    precision@2 : 0.1716    precision@3 : 0.146    precision@4 : 0.1292    precision@5 : 0.1163    precision@10 : 0.0815    precision@20 : 0.058    precision@30 : 0.0455    precision@50 : 0.0318    map@1 : 0.211    map@2 : 0.2066    map@3 : 0.2122    map@4 : 0.2174    map@5 : 0.2221    map@10 : 0.2383    map@20 : 0.2531    map@30 : 0.2592    map@50 : 0.2639
Sun 15 Mar 2026 11:27:37 INFO  Saving current: saved/SCL-Mar-15-2026_11-27-03.pth
Sun 15 Mar 2026 11:27:37 INFO  Saving current best: saved/SCL-Mar-15-2026_11-27-03.pth
Sun 15 Mar 2026 11:27:37 INFO  Running E-step ! 
Sun 15 Mar 2026 11:27:37 INFO  epoch 64 training [time: 0.39s, train_loss1: 2.8473, train_loss2: 0.0408, train_loss3: 0.0108, train_loss4: 0.0033]
Sun 15 Mar 2026 11:27:37 INFO  epoch 64 evaluating [time: 0.32s, valid_score: 0.316300]
Sun 15 Mar 2026 11:27:37 INFO  valid result: 
recall@1 : 0.1378    recall@2 : 0.2142    recall@3 : 0.27    recall@4 : 0.3094    recall@5 : 0.3419    recall@10 : 0.4532    recall@20 : 0.5983    recall@30 : 0.6808    recall@50 : 0.759    ndcg@1 : 0.2122    ndcg@2 : 0.2335    ndcg@3 : 0.2515    ndcg@4 : 0.2652    ndcg@5 : 0.2775    ndcg@10 : 0.3163    ndcg@20 : 0.3604    ndcg@30 : 0.3824    ndcg@50 : 0.4018    precision@1 : 0.2122    precision@2 : 0.1719    precision@3 : 0.1462    precision@4 : 0.1289    precision@5 : 0.1172    precision@10 : 0.0816    precision@20 : 0.0582    precision@30 : 0.0455    precision@50 : 0.0319    map@1 : 0.2122    map@2 : 0.2071    map@3 : 0.2126    map@4 : 0.2174    map@5 : 0.2228    map@10 : 0.2387    map@20 : 0.2534    map@30 : 0.2595    map@50 : 0.2642
Sun 15 Mar 2026 11:27:37 INFO  Saving current: saved/SCL-Mar-15-2026_11-27-03.pth
Sun 15 Mar 2026 11:27:37 INFO  Saving current best: saved/SCL-Mar-15-2026_11-27-03.pth
Sun 15 Mar 2026 11:27:37 INFO  Running E-step ! 
Sun 15 Mar 2026 11:27:38 INFO  epoch 65 training [time: 0.19s, train_loss1: 2.8559, train_loss2: 0.0407, train_loss3: 0.0108, train_loss4: 0.0032]
Sun 15 Mar 2026 11:27:38 INFO  epoch 65 evaluating [time: 0.25s, valid_score: 0.316400]
Sun 15 Mar 2026 11:27:38 INFO  valid result: 
recall@1 : 0.1378    recall@2 : 0.2127    recall@3 : 0.2698    recall@4 : 0.3091    recall@5 : 0.3413    recall@10 : 0.4539    recall@20 : 0.5994    recall@30 : 0.6809    recall@50 : 0.7594    ndcg@1 : 0.2122    ndcg@2 : 0.2325    ndcg@3 : 0.2513    ndcg@4 : 0.2649    ndcg@5 : 0.277    ndcg@10 : 0.3164    ndcg@20 : 0.3605    ndcg@30 : 0.3823    ndcg@50 : 0.4018    precision@1 : 0.2122    precision@2 : 0.171    precision@3 : 0.1462    precision@4 : 0.1289    precision@5 : 0.117    precision@10 : 0.0819    precision@20 : 0.0583    precision@30 : 0.0456    precision@50 : 0.032    map@1 : 0.2122    map@2 : 0.2063    map@3 : 0.2124    map@4 : 0.2171    map@5 : 0.2224    map@10 : 0.2385    map@20 : 0.2532    map@30 : 0.2593    map@50 : 0.2641
Sun 15 Mar 2026 11:27:38 INFO  Saving current: saved/SCL-Mar-15-2026_11-27-03.pth
Sun 15 Mar 2026 11:27:38 INFO  Saving current best: saved/SCL-Mar-15-2026_11-27-03.pth
Sun 15 Mar 2026 11:27:38 INFO  Running E-step ! 
Sun 15 Mar 2026 11:27:38 INFO  epoch 66 training [time: 0.22s, train_loss1: 2.8782, train_loss2: 0.0407, train_loss3: 0.0108, train_loss4: 0.0033]
Sun 15 Mar 2026 11:27:38 INFO  epoch 66 evaluating [time: 0.28s, valid_score: 0.316500]
Sun 15 Mar 2026 11:27:38 INFO  valid result: 
recall@1 : 0.1379    recall@2 : 0.213    recall@3 : 0.2704    recall@4 : 0.3093    recall@5 : 0.3415    recall@10 : 0.4531    recall@20 : 0.601    recall@30 : 0.6816    recall@50 : 0.7616    ndcg@1 : 0.2128    ndcg@2 : 0.2328    ndcg@3 : 0.2516    ndcg@4 : 0.2652    ndcg@5 : 0.2773    ndcg@10 : 0.3165    ndcg@20 : 0.3613    ndcg@30 : 0.3829    ndcg@50 : 0.4026    precision@1 : 0.2128    precision@2 : 0.171    precision@3 : 0.1462    precision@4 : 0.129    precision@5 : 0.1172    precision@10 : 0.0819    precision@20 : 0.0585    precision@30 : 0.0457    precision@50 : 0.032    map@1 : 0.2128    map@2 : 0.2066    map@3 : 0.2127    map@4 : 0.2173    map@5 : 0.2226    map@10 : 0.2388    map@20 : 0.2537    map@30 : 0.2597    map@50 : 0.2645
Sun 15 Mar 2026 11:27:38 INFO  Saving current: saved/SCL-Mar-15-2026_11-27-03.pth
Sun 15 Mar 2026 11:27:38 INFO  Saving current best: saved/SCL-Mar-15-2026_11-27-03.pth
Sun 15 Mar 2026 11:27:38 INFO  Running E-step ! 
Sun 15 Mar 2026 11:27:39 INFO  epoch 67 training [time: 0.23s, train_loss1: 2.8209, train_loss2: 0.0407, train_loss3: 0.0108, train_loss4: 0.0033]
Sun 15 Mar 2026 11:27:39 INFO  epoch 67 evaluating [time: 0.27s, valid_score: 0.316600]
Sun 15 Mar 2026 11:27:39 INFO  valid result: 
recall@1 : 0.1373    recall@2 : 0.213    recall@3 : 0.2708    recall@4 : 0.3101    recall@5 : 0.3413    recall@10 : 0.454    recall@20 : 0.603    recall@30 : 0.6822    recall@50 : 0.7623    ndcg@1 : 0.2122    ndcg@2 : 0.2326    ndcg@3 : 0.2517    ndcg@4 : 0.2655    ndcg@5 : 0.2771    ndcg@10 : 0.3166    ndcg@20 : 0.3617    ndcg@30 : 0.383    ndcg@50 : 0.4027    precision@1 : 0.2122    precision@2 : 0.171    precision@3 : 0.1466    precision@4 : 0.1296    precision@5 : 0.1172    precision@10 : 0.0819    precision@20 : 0.0587    precision@30 : 0.0458    precision@50 : 0.032    map@1 : 0.2122    map@2 : 0.2063    map@3 : 0.2126    map@4 : 0.2174    map@5 : 0.2225    map@10 : 0.2387    map@20 : 0.2538    map@30 : 0.2598    map@50 : 0.2645
Sun 15 Mar 2026 11:27:39 INFO  Saving current: saved/SCL-Mar-15-2026_11-27-03.pth
Sun 15 Mar 2026 11:27:39 INFO  Saving current best: saved/SCL-Mar-15-2026_11-27-03.pth
Sun 15 Mar 2026 11:27:39 INFO  Running E-step ! 
Sun 15 Mar 2026 11:27:39 INFO  epoch 68 training [time: 0.23s, train_loss1: 2.8475, train_loss2: 0.0406, train_loss3: 0.0108, train_loss4: 0.0032]
Sun 15 Mar 2026 11:27:39 INFO  epoch 68 evaluating [time: 0.27s, valid_score: 0.316700]
Sun 15 Mar 2026 11:27:39 INFO  valid result: 
recall@1 : 0.1373    recall@2 : 0.2122    recall@3 : 0.2721    recall@4 : 0.3099    recall@5 : 0.3413    recall@10 : 0.4544    recall@20 : 0.6043    recall@30 : 0.6817    recall@50 : 0.7632    ndcg@1 : 0.2122    ndcg@2 : 0.2322    ndcg@3 : 0.2523    ndcg@4 : 0.2654    ndcg@5 : 0.2771    ndcg@10 : 0.3167    ndcg@20 : 0.3621    ndcg@30 : 0.383    ndcg@50 : 0.4029    precision@1 : 0.2122    precision@2 : 0.1707    precision@3 : 0.1472    precision@4 : 0.1296    precision@5 : 0.1172    precision@10 : 0.082    precision@20 : 0.0588    precision@30 : 0.0458    precision@50 : 0.0321    map@1 : 0.2122    map@2 : 0.206    map@3 : 0.2131    map@4 : 0.2174    map@5 : 0.2225    map@10 : 0.2387    map@20 : 0.2539    map@30 : 0.2598    map@50 : 0.2646
Sun 15 Mar 2026 11:27:39 INFO  Saving current: saved/SCL-Mar-15-2026_11-27-03.pth
Sun 15 Mar 2026 11:27:39 INFO  Saving current best: saved/SCL-Mar-15-2026_11-27-03.pth
Sun 15 Mar 2026 11:27:39 INFO  Running E-step ! 
Sun 15 Mar 2026 11:27:40 INFO  epoch 69 training [time: 0.23s, train_loss1: 2.8382, train_loss2: 0.0406, train_loss3: 0.0108, train_loss4: 0.0031]
Sun 15 Mar 2026 11:27:40 INFO  epoch 69 evaluating [time: 0.27s, valid_score: 0.317300]
Sun 15 Mar 2026 11:27:40 INFO  valid result: 
recall@1 : 0.1371    recall@2 : 0.2131    recall@3 : 0.2708    recall@4 : 0.3098    recall@5 : 0.3409    recall@10 : 0.4565    recall@20 : 0.6058    recall@30 : 0.682    recall@50 : 0.765    ndcg@1 : 0.2116    ndcg@2 : 0.2327    ndcg@3 : 0.2518    ndcg@4 : 0.2654    ndcg@5 : 0.2769    ndcg@10 : 0.3173    ndcg@20 : 0.3626    ndcg@30 : 0.3831    ndcg@50 : 0.4034    precision@1 : 0.2116    precision@2 : 0.1713    precision@3 : 0.1468    precision@4 : 0.1299    precision@5 : 0.1172    precision@10 : 0.0824    precision@20 : 0.059    precision@30 : 0.0458    precision@50 : 0.0321    map@1 : 0.2116    map@2 : 0.2063    map@3 : 0.2126    map@4 : 0.2174    map@5 : 0.2224    map@10 : 0.2389    map@20 : 0.2541    map@30 : 0.2599    map@50 : 0.2647
Sun 15 Mar 2026 11:27:40 INFO  Saving current: saved/SCL-Mar-15-2026_11-27-03.pth
Sun 15 Mar 2026 11:27:40 INFO  Saving current best: saved/SCL-Mar-15-2026_11-27-03.pth
Sun 15 Mar 2026 11:27:40 INFO  Running E-step ! 
Sun 15 Mar 2026 11:27:40 INFO  epoch 70 training [time: 0.22s, train_loss1: 2.7845, train_loss2: 0.0405, train_loss3: 0.0108, train_loss4: 0.0031]
Sun 15 Mar 2026 11:27:41 INFO  epoch 70 evaluating [time: 0.27s, valid_score: 0.318100]
Sun 15 Mar 2026 11:27:41 INFO  valid result: 
recall@1 : 0.1372    recall@2 : 0.2134    recall@3 : 0.2709    recall@4 : 0.31    recall@5 : 0.3404    recall@10 : 0.4583    recall@20 : 0.6068    recall@30 : 0.6814    recall@50 : 0.7653    ndcg@1 : 0.2122    ndcg@2 : 0.233    ndcg@3 : 0.2519    ndcg@4 : 0.2657    ndcg@5 : 0.2768    ndcg@10 : 0.3181    ndcg@20 : 0.3631    ndcg@30 : 0.3832    ndcg@50 : 0.4037    precision@1 : 0.2122    precision@2 : 0.1716    precision@3 : 0.1468    precision@4 : 0.1301    precision@5 : 0.117    precision@10 : 0.0828    precision@20 : 0.0592    precision@30 : 0.0458    precision@50 : 0.0322    map@1 : 0.2122    map@2 : 0.2068    map@3 : 0.2128    map@4 : 0.2177    map@5 : 0.2224    map@10 : 0.2393    map@20 : 0.2544    map@30 : 0.2601    map@50 : 0.265
Sun 15 Mar 2026 11:27:41 INFO  Saving current: saved/SCL-Mar-15-2026_11-27-03.pth
Sun 15 Mar 2026 11:27:41 INFO  Saving current best: saved/SCL-Mar-15-2026_11-27-03.pth
Sun 15 Mar 2026 11:27:41 INFO  Running E-step ! 
Sun 15 Mar 2026 11:27:41 INFO  epoch 71 training [time: 0.23s, train_loss1: 2.7977, train_loss2: 0.0405, train_loss3: 0.0108, train_loss4: 0.0030]
Sun 15 Mar 2026 11:27:41 INFO  epoch 71 evaluating [time: 0.26s, valid_score: 0.318100]
Sun 15 Mar 2026 11:27:41 INFO  valid result: 
recall@1 : 0.1372    recall@2 : 0.2131    recall@3 : 0.2716    recall@4 : 0.31    recall@5 : 0.3399    recall@10 : 0.4579    recall@20 : 0.6079    recall@30 : 0.6835    recall@50 : 0.768    ndcg@1 : 0.2128    ndcg@2 : 0.233    ndcg@3 : 0.2524    ndcg@4 : 0.2658    ndcg@5 : 0.2768    ndcg@10 : 0.3181    ndcg@20 : 0.3635    ndcg@30 : 0.3837    ndcg@50 : 0.4043    precision@1 : 0.2128    precision@2 : 0.1716    precision@3 : 0.1472    precision@4 : 0.1301    precision@5 : 0.1172    precision@10 : 0.0829    precision@20 : 0.0594    precision@30 : 0.0459    precision@50 : 0.0322    map@1 : 0.2128    map@2 : 0.2068    map@3 : 0.2131    map@4 : 0.2178    map@5 : 0.2225    map@10 : 0.2394    map@20 : 0.2546    map@30 : 0.2603    map@50 : 0.2652
Sun 15 Mar 2026 11:27:41 INFO  Saving current: saved/SCL-Mar-15-2026_11-27-03.pth
Sun 15 Mar 2026 11:27:41 INFO  Saving current best: saved/SCL-Mar-15-2026_11-27-03.pth
Sun 15 Mar 2026 11:27:41 INFO  Running E-step ! 
Sun 15 Mar 2026 11:27:41 INFO  epoch 72 training [time: 0.22s, train_loss1: 2.8260, train_loss2: 0.0404, train_loss3: 0.0108, train_loss4: 0.0030]
Sun 15 Mar 2026 11:27:42 INFO  epoch 72 evaluating [time: 0.26s, valid_score: 0.317700]
Sun 15 Mar 2026 11:27:42 INFO  valid result: 
recall@1 : 0.1357    recall@2 : 0.2128    recall@3 : 0.2711    recall@4 : 0.3099    recall@5 : 0.3388    recall@10 : 0.4583    recall@20 : 0.6076    recall@30 : 0.683    recall@50 : 0.769    ndcg@1 : 0.211    ndcg@2 : 0.2322    ndcg@3 : 0.2514    ndcg@4 : 0.2652    ndcg@5 : 0.2758    ndcg@10 : 0.3177    ndcg@20 : 0.3629    ndcg@30 : 0.3831    ndcg@50 : 0.404    precision@1 : 0.211    precision@2 : 0.1713    precision@3 : 0.1468    precision@4 : 0.1302    precision@5 : 0.117    precision@10 : 0.0831    precision@20 : 0.0594    precision@30 : 0.046    precision@50 : 0.0323    map@1 : 0.211    map@2 : 0.2059    map@3 : 0.2122    map@4 : 0.217    map@5 : 0.2215    map@10 : 0.2387    map@20 : 0.2538    map@30 : 0.2596    map@50 : 0.2645
Sun 15 Mar 2026 11:27:42 INFO  Running E-step ! 
Sun 15 Mar 2026 11:27:42 INFO  epoch 73 training [time: 0.23s, train_loss1: 2.7875, train_loss2: 0.0404, train_loss3: 0.0108, train_loss4: 0.0030]
Sun 15 Mar 2026 11:27:42 INFO  epoch 73 evaluating [time: 0.25s, valid_score: 0.318000]
Sun 15 Mar 2026 11:27:42 INFO  valid result: 
recall@1 : 0.1362    recall@2 : 0.2127    recall@3 : 0.2716    recall@4 : 0.3102    recall@5 : 0.339    recall@10 : 0.4585    recall@20 : 0.6093    recall@30 : 0.6837    recall@50 : 0.7715    ndcg@1 : 0.211    ndcg@2 : 0.2321    ndcg@3 : 0.2521    ndcg@4 : 0.2656    ndcg@5 : 0.2762    ndcg@10 : 0.318    ndcg@20 : 0.3636    ndcg@30 : 0.3836    ndcg@50 : 0.4048    precision@1 : 0.211    precision@2 : 0.171    precision@3 : 0.1476    precision@4 : 0.1307    precision@5 : 0.1173    precision@10 : 0.0832    precision@20 : 0.0596    precision@30 : 0.0461    precision@50 : 0.0324    map@1 : 0.211    map@2 : 0.2059    map@3 : 0.2128    map@4 : 0.2175    map@5 : 0.2218    map@10 : 0.2391    map@20 : 0.2544    map@30 : 0.2601    map@50 : 0.265
Sun 15 Mar 2026 11:27:42 INFO  Running E-step ! 
Sun 15 Mar 2026 11:27:42 INFO  epoch 74 training [time: 0.24s, train_loss1: 2.7537, train_loss2: 0.0403, train_loss3: 0.0108, train_loss4: 0.0029]
Sun 15 Mar 2026 11:27:43 INFO  epoch 74 evaluating [time: 0.27s, valid_score: 0.317800]
Sun 15 Mar 2026 11:27:43 INFO  valid result: 
recall@1 : 0.1359    recall@2 : 0.2125    recall@3 : 0.2714    recall@4 : 0.3099    recall@5 : 0.3387    recall@10 : 0.4584    recall@20 : 0.6093    recall@30 : 0.684    recall@50 : 0.771    ndcg@1 : 0.2104    ndcg@2 : 0.2317    ndcg@3 : 0.2517    ndcg@4 : 0.2653    ndcg@5 : 0.2759    ndcg@10 : 0.3178    ndcg@20 : 0.3635    ndcg@30 : 0.3836    ndcg@50 : 0.4046    precision@1 : 0.2104    precision@2 : 0.1707    precision@3 : 0.1472    precision@4 : 0.1305    precision@5 : 0.1174    precision@10 : 0.0832    precision@20 : 0.0596    precision@30 : 0.0461    precision@50 : 0.0324    map@1 : 0.2104    map@2 : 0.2056    map@3 : 0.2123    map@4 : 0.2171    map@5 : 0.2216    map@10 : 0.2389    map@20 : 0.2542    map@30 : 0.2599    map@50 : 0.2648
Sun 15 Mar 2026 11:27:43 INFO  Running E-step ! 
Sun 15 Mar 2026 11:27:43 INFO  epoch 75 training [time: 0.22s, train_loss1: 2.7701, train_loss2: 0.0403, train_loss3: 0.0108, train_loss4: 0.0029]
Sun 15 Mar 2026 11:27:43 INFO  epoch 75 evaluating [time: 0.27s, valid_score: 0.318200]
Sun 15 Mar 2026 11:27:43 INFO  valid result: 
recall@1 : 0.1356    recall@2 : 0.2125    recall@3 : 0.2708    recall@4 : 0.3107    recall@5 : 0.3391    recall@10 : 0.4599    recall@20 : 0.6101    recall@30 : 0.6839    recall@50 : 0.7722    ndcg@1 : 0.2098    ndcg@2 : 0.2316    ndcg@3 : 0.2511    ndcg@4 : 0.2655    ndcg@5 : 0.276    ndcg@10 : 0.3182    ndcg@20 : 0.3637    ndcg@30 : 0.3835    ndcg@50 : 0.4048    precision@1 : 0.2098    precision@2 : 0.1707    precision@3 : 0.1468    precision@4 : 0.1308    precision@5 : 0.1176    precision@10 : 0.0834    precision@20 : 0.0597    precision@30 : 0.0461    precision@50 : 0.0324    map@1 : 0.2098    map@2 : 0.2055    map@3 : 0.2119    map@4 : 0.2171    map@5 : 0.2215    map@10 : 0.2389    map@20 : 0.2542    map@30 : 0.2599    map@50 : 0.2649
Sun 15 Mar 2026 11:27:43 INFO  Saving current: saved/SCL-Mar-15-2026_11-27-03.pth
Sun 15 Mar 2026 11:27:43 INFO  Saving current best: saved/SCL-Mar-15-2026_11-27-03.pth
Sun 15 Mar 2026 11:27:43 INFO  Running E-step ! 
Sun 15 Mar 2026 11:27:43 INFO  epoch 76 training [time: 0.24s, train_loss1: 2.7211, train_loss2: 0.0402, train_loss3: 0.0108, train_loss4: 0.0028]
Sun 15 Mar 2026 11:27:44 INFO  epoch 76 evaluating [time: 0.27s, valid_score: 0.318500]
Sun 15 Mar 2026 11:27:44 INFO  valid result: 
recall@1 : 0.1356    recall@2 : 0.2128    recall@3 : 0.2714    recall@4 : 0.3116    recall@5 : 0.3396    recall@10 : 0.4598    recall@20 : 0.6118    recall@30 : 0.6834    recall@50 : 0.7728    ndcg@1 : 0.2098    ndcg@2 : 0.232    ndcg@3 : 0.2519    ndcg@4 : 0.266    ndcg@5 : 0.2763    ndcg@10 : 0.3185    ndcg@20 : 0.3645    ndcg@30 : 0.3838    ndcg@50 : 0.4054    precision@1 : 0.2098    precision@2 : 0.1713    precision@3 : 0.1478    precision@4 : 0.1311    precision@5 : 0.1175    precision@10 : 0.0836    precision@20 : 0.06    precision@30 : 0.0461    precision@50 : 0.0325    map@1 : 0.2098    map@2 : 0.2058    map@3 : 0.2124    map@4 : 0.2176    map@5 : 0.2217    map@10 : 0.2393    map@20 : 0.2548    map@30 : 0.2602    map@50 : 0.2653
Sun 15 Mar 2026 11:27:44 INFO  Saving current: saved/SCL-Mar-15-2026_11-27-03.pth
Sun 15 Mar 2026 11:27:44 INFO  Saving current best: saved/SCL-Mar-15-2026_11-27-03.pth
Sun 15 Mar 2026 11:27:44 INFO  Running E-step ! 
Sun 15 Mar 2026 11:27:44 INFO  epoch 77 training [time: 0.37s, train_loss1: 2.7532, train_loss2: 0.0401, train_loss3: 0.0108, train_loss4: 0.0028]
Sun 15 Mar 2026 11:27:44 INFO  epoch 77 evaluating [time: 0.26s, valid_score: 0.318800]
Sun 15 Mar 2026 11:27:44 INFO  valid result: 
recall@1 : 0.1357    recall@2 : 0.2128    recall@3 : 0.2709    recall@4 : 0.3099    recall@5 : 0.3397    recall@10 : 0.4604    recall@20 : 0.6108    recall@30 : 0.6846    recall@50 : 0.7713    ndcg@1 : 0.2098    ndcg@2 : 0.232    ndcg@3 : 0.2516    ndcg@4 : 0.2653    ndcg@5 : 0.2762    ndcg@10 : 0.3188    ndcg@20 : 0.3643    ndcg@30 : 0.3842    ndcg@50 : 0.4052    precision@1 : 0.2098    precision@2 : 0.1713    precision@3 : 0.1476    precision@4 : 0.1308    precision@5 : 0.1175    precision@10 : 0.0838    precision@20 : 0.0599    precision@30 : 0.0461    precision@50 : 0.0325    map@1 : 0.2098    map@2 : 0.2058    map@3 : 0.2122    map@4 : 0.2171    map@5 : 0.2216    map@10 : 0.2394    map@20 : 0.2548    map@30 : 0.2604    map@50 : 0.2654
Sun 15 Mar 2026 11:27:44 INFO  Saving current: saved/SCL-Mar-15-2026_11-27-03.pth
Sun 15 Mar 2026 11:27:44 INFO  Saving current best: saved/SCL-Mar-15-2026_11-27-03.pth
Sun 15 Mar 2026 11:27:44 INFO  Running E-step ! 
Sun 15 Mar 2026 11:27:44 INFO  epoch 78 training [time: 0.18s, train_loss1: 2.7543, train_loss2: 0.0401, train_loss3: 0.0108, train_loss4: 0.0028]
Sun 15 Mar 2026 11:27:45 INFO  epoch 78 evaluating [time: 0.25s, valid_score: 0.319000]
Sun 15 Mar 2026 11:27:45 INFO  valid result: 
recall@1 : 0.1358    recall@2 : 0.2124    recall@3 : 0.2689    recall@4 : 0.3098    recall@5 : 0.3404    recall@10 : 0.4609    recall@20 : 0.6121    recall@30 : 0.6844    recall@50 : 0.7716    ndcg@1 : 0.2104    ndcg@2 : 0.2322    ndcg@3 : 0.2508    ndcg@4 : 0.2656    ndcg@5 : 0.2766    ndcg@10 : 0.319    ndcg@20 : 0.3647    ndcg@30 : 0.3842    ndcg@50 : 0.4054    precision@1 : 0.2104    precision@2 : 0.1716    precision@3 : 0.147    precision@4 : 0.1314    precision@5 : 0.118    precision@10 : 0.084    precision@20 : 0.06    precision@30 : 0.0462    precision@50 : 0.0325    map@1 : 0.2104    map@2 : 0.2062    map@3 : 0.2118    map@4 : 0.2174    map@5 : 0.2218    map@10 : 0.2395    map@20 : 0.2549    map@30 : 0.2604    map@50 : 0.2654
Sun 15 Mar 2026 11:27:45 INFO  Saving current: saved/SCL-Mar-15-2026_11-27-03.pth
Sun 15 Mar 2026 11:27:45 INFO  Saving current best: saved/SCL-Mar-15-2026_11-27-03.pth
Sun 15 Mar 2026 11:27:45 INFO  Running E-step ! 
Sun 15 Mar 2026 11:27:45 INFO  epoch 79 training [time: 0.23s, train_loss1: 2.7482, train_loss2: 0.0400, train_loss3: 0.0108, train_loss4: 0.0027]
Sun 15 Mar 2026 11:27:45 INFO  epoch 79 evaluating [time: 0.28s, valid_score: 0.318900]
Sun 15 Mar 2026 11:27:45 INFO  valid result: 
recall@1 : 0.1358    recall@2 : 0.2131    recall@3 : 0.2692    recall@4 : 0.3104    recall@5 : 0.3402    recall@10 : 0.4597    recall@20 : 0.6124    recall@30 : 0.6847    recall@50 : 0.7727    ndcg@1 : 0.2104    ndcg@2 : 0.2331    ndcg@3 : 0.2513    ndcg@4 : 0.2662    ndcg@5 : 0.2768    ndcg@10 : 0.3189    ndcg@20 : 0.365    ndcg@30 : 0.3846    ndcg@50 : 0.4059    precision@1 : 0.2104    precision@2 : 0.1725    precision@3 : 0.1476    precision@4 : 0.1319    precision@5 : 0.1182    precision@10 : 0.0839    precision@20 : 0.06    precision@30 : 0.0462    precision@50 : 0.0325    map@1 : 0.2104    map@2 : 0.2069    map@3 : 0.2125    map@4 : 0.2179    map@5 : 0.2221    map@10 : 0.2397    map@20 : 0.2552    map@30 : 0.2608    map@50 : 0.2658
Sun 15 Mar 2026 11:27:45 INFO  Running E-step ! 
Sun 15 Mar 2026 11:27:45 INFO  epoch 80 training [time: 0.21s, train_loss1: 2.6862, train_loss2: 0.0399, train_loss3: 0.0108, train_loss4: 0.0027]
Sun 15 Mar 2026 11:27:46 INFO  epoch 80 evaluating [time: 0.14s, valid_score: 0.319300]
Sun 15 Mar 2026 11:27:46 INFO  valid result: 
recall@1 : 0.1358    recall@2 : 0.211    recall@3 : 0.2695    recall@4 : 0.3105    recall@5 : 0.3408    recall@10 : 0.4609    recall@20 : 0.6125    recall@30 : 0.6853    recall@50 : 0.7757    ndcg@1 : 0.2104    ndcg@2 : 0.232    ndcg@3 : 0.2514    ndcg@4 : 0.2662    ndcg@5 : 0.277    ndcg@10 : 0.3193    ndcg@20 : 0.365    ndcg@30 : 0.3847    ndcg@50 : 0.4064    precision@1 : 0.2104    precision@2 : 0.1719    precision@3 : 0.148    precision@4 : 0.1323    precision@5 : 0.1187    precision@10 : 0.0844    precision@20 : 0.06    precision@30 : 0.0463    precision@50 : 0.0326    map@1 : 0.2104    map@2 : 0.2059    map@3 : 0.2124    map@4 : 0.2178    map@5 : 0.2221    map@10 : 0.2397    map@20 : 0.2551    map@30 : 0.2607    map@50 : 0.2658
Sun 15 Mar 2026 11:27:46 INFO  Saving current: saved/SCL-Mar-15-2026_11-27-03.pth
Sun 15 Mar 2026 11:27:46 INFO  Saving current best: saved/SCL-Mar-15-2026_11-27-03.pth
Sun 15 Mar 2026 11:27:46 INFO  Running E-step ! 
Sun 15 Mar 2026 11:27:46 INFO  epoch 81 training [time: 0.22s, train_loss1: 2.7049, train_loss2: 0.0398, train_loss3: 0.0108, train_loss4: 0.0026]
Sun 15 Mar 2026 11:27:46 INFO  epoch 81 evaluating [time: 0.26s, valid_score: 0.319500]
Sun 15 Mar 2026 11:27:46 INFO  valid result: 
recall@1 : 0.1358    recall@2 : 0.2121    recall@3 : 0.2705    recall@4 : 0.3108    recall@5 : 0.3404    recall@10 : 0.4609    recall@20 : 0.6151    recall@30 : 0.6858    recall@50 : 0.776    ndcg@1 : 0.2104    ndcg@2 : 0.2329    ndcg@3 : 0.2523    ndcg@4 : 0.2668    ndcg@5 : 0.2773    ndcg@10 : 0.3195    ndcg@20 : 0.3661    ndcg@30 : 0.3853    ndcg@50 : 0.4069    precision@1 : 0.2104    precision@2 : 0.1728    precision@3 : 0.1488    precision@4 : 0.1327    precision@5 : 0.119    precision@10 : 0.0843    precision@20 : 0.0603    precision@30 : 0.0464    precision@50 : 0.0326    map@1 : 0.2104    map@2 : 0.2065    map@3 : 0.2129    map@4 : 0.2182    map@5 : 0.2225    map@10 : 0.24    map@20 : 0.2557    map@30 : 0.2613    map@50 : 0.2663
Sun 15 Mar 2026 11:27:46 INFO  Saving current: saved/SCL-Mar-15-2026_11-27-03.pth
Sun 15 Mar 2026 11:27:46 INFO  Saving current best: saved/SCL-Mar-15-2026_11-27-03.pth
Sun 15 Mar 2026 11:27:46 INFO  Running E-step ! 
Sun 15 Mar 2026 11:27:46 INFO  epoch 82 training [time: 0.21s, train_loss1: 2.7015, train_loss2: 0.0398, train_loss3: 0.0108, train_loss4: 0.0026]
Sun 15 Mar 2026 11:27:47 INFO  epoch 82 evaluating [time: 0.26s, valid_score: 0.320400]
Sun 15 Mar 2026 11:27:47 INFO  valid result: 
recall@1 : 0.1369    recall@2 : 0.2127    recall@3 : 0.2709    recall@4 : 0.3109    recall@5 : 0.3402    recall@10 : 0.4608    recall@20 : 0.6152    recall@30 : 0.6857    recall@50 : 0.7761    ndcg@1 : 0.2139    ndcg@2 : 0.2341    ndcg@3 : 0.2534    ndcg@4 : 0.2676    ndcg@5 : 0.2781    ndcg@10 : 0.3204    ndcg@20 : 0.367    ndcg@30 : 0.3861    ndcg@50 : 0.4078    precision@1 : 0.2139    precision@2 : 0.1731    precision@3 : 0.1492    precision@4 : 0.1327    precision@5 : 0.1192    precision@10 : 0.0843    precision@20 : 0.0603    precision@30 : 0.0464    precision@50 : 0.0326    map@1 : 0.2139    map@2 : 0.208    map@3 : 0.214    map@4 : 0.2192    map@5 : 0.2233    map@10 : 0.2409    map@20 : 0.2566    map@30 : 0.2622    map@50 : 0.2672
Sun 15 Mar 2026 11:27:47 INFO  Saving current: saved/SCL-Mar-15-2026_11-27-03.pth
Sun 15 Mar 2026 11:27:47 INFO  Saving current best: saved/SCL-Mar-15-2026_11-27-03.pth
Sun 15 Mar 2026 11:27:47 INFO  Running E-step ! 
Sun 15 Mar 2026 11:27:47 INFO  epoch 83 training [time: 0.23s, train_loss1: 2.6772, train_loss2: 0.0397, train_loss3: 0.0108, train_loss4: 0.0026]
Sun 15 Mar 2026 11:27:47 INFO  epoch 83 evaluating [time: 0.26s, valid_score: 0.320700]
Sun 15 Mar 2026 11:27:47 INFO  valid result: 
recall@1 : 0.1372    recall@2 : 0.2124    recall@3 : 0.2716    recall@4 : 0.3094    recall@5 : 0.3401    recall@10 : 0.4614    recall@20 : 0.6156    recall@30 : 0.6858    recall@50 : 0.7769    ndcg@1 : 0.2145    ndcg@2 : 0.2344    ndcg@3 : 0.2541    ndcg@4 : 0.2672    ndcg@5 : 0.278    ndcg@10 : 0.3207    ndcg@20 : 0.3673    ndcg@30 : 0.3863    ndcg@50 : 0.4082    precision@1 : 0.2145    precision@2 : 0.1734    precision@3 : 0.15    precision@4 : 0.1324    precision@5 : 0.1188    precision@10 : 0.0845    precision@20 : 0.0604    precision@30 : 0.0464    precision@50 : 0.0327    map@1 : 0.2145    map@2 : 0.2081    map@3 : 0.2145    map@4 : 0.2191    map@5 : 0.2233    map@10 : 0.2411    map@20 : 0.2569    map@30 : 0.2624    map@50 : 0.2675
Sun 15 Mar 2026 11:27:47 INFO  Saving current: saved/SCL-Mar-15-2026_11-27-03.pth
Sun 15 Mar 2026 11:27:47 INFO  Saving current best: saved/SCL-Mar-15-2026_11-27-03.pth
Sun 15 Mar 2026 11:27:47 INFO  Running E-step ! 
Sun 15 Mar 2026 11:27:47 INFO  epoch 84 training [time: 0.22s, train_loss1: 2.7023, train_loss2: 0.0396, train_loss3: 0.0108, train_loss4: 0.0026]
Sun 15 Mar 2026 11:27:48 INFO  epoch 84 evaluating [time: 0.27s, valid_score: 0.321400]
Sun 15 Mar 2026 11:27:48 INFO  valid result: 
recall@1 : 0.1378    recall@2 : 0.2132    recall@3 : 0.2715    recall@4 : 0.3089    recall@5 : 0.3406    recall@10 : 0.4619    recall@20 : 0.6161    recall@30 : 0.6872    recall@50 : 0.777    ndcg@1 : 0.2151    ndcg@2 : 0.2354    ndcg@3 : 0.2546    ndcg@4 : 0.2675    ndcg@5 : 0.2786    ndcg@10 : 0.3214    ndcg@20 : 0.3678    ndcg@30 : 0.3872    ndcg@50 : 0.4087    precision@1 : 0.2151    precision@2 : 0.1743    precision@3 : 0.1502    precision@4 : 0.1326    precision@5 : 0.1191    precision@10 : 0.0847    precision@20 : 0.0603    precision@30 : 0.0465    precision@50 : 0.0327    map@1 : 0.2151    map@2 : 0.2092    map@3 : 0.2152    map@4 : 0.2196    map@5 : 0.2239    map@10 : 0.2418    map@20 : 0.2574    map@30 : 0.2631    map@50 : 0.2681
Sun 15 Mar 2026 11:27:48 INFO  Saving current: saved/SCL-Mar-15-2026_11-27-03.pth
Sun 15 Mar 2026 11:27:48 INFO  Saving current best: saved/SCL-Mar-15-2026_11-27-03.pth
Sun 15 Mar 2026 11:27:48 INFO  Running E-step ! 
Sun 15 Mar 2026 11:27:48 INFO  epoch 85 training [time: 0.21s, train_loss1: 2.6785, train_loss2: 0.0395, train_loss3: 0.0108, train_loss4: 0.0027]
Sun 15 Mar 2026 11:27:48 INFO  epoch 85 evaluating [time: 0.26s, valid_score: 0.322000]
Sun 15 Mar 2026 11:27:48 INFO  valid result: 
recall@1 : 0.1378    recall@2 : 0.2133    recall@3 : 0.2713    recall@4 : 0.3091    recall@5 : 0.3401    recall@10 : 0.4634    recall@20 : 0.6173    recall@30 : 0.6884    recall@50 : 0.7788    ndcg@1 : 0.2151    ndcg@2 : 0.2356    ndcg@3 : 0.2546    ndcg@4 : 0.2676    ndcg@5 : 0.2786    ndcg@10 : 0.322    ndcg@20 : 0.3683    ndcg@30 : 0.3877    ndcg@50 : 0.4093    precision@1 : 0.2151    precision@2 : 0.1743    precision@3 : 0.1502    precision@4 : 0.1327    precision@5 : 0.1193    precision@10 : 0.085    precision@20 : 0.0603    precision@30 : 0.0466    precision@50 : 0.0327    map@1 : 0.2151    map@2 : 0.2095    map@3 : 0.2153    map@4 : 0.2197    map@5 : 0.224    map@10 : 0.2421    map@20 : 0.2577    map@30 : 0.2634    map@50 : 0.2684
Sun 15 Mar 2026 11:27:48 INFO  Saving current: saved/SCL-Mar-15-2026_11-27-03.pth
Sun 15 Mar 2026 11:27:48 INFO  Saving current best: saved/SCL-Mar-15-2026_11-27-03.pth
Sun 15 Mar 2026 11:27:48 INFO  Running E-step ! 
Sun 15 Mar 2026 11:27:48 INFO  epoch 86 training [time: 0.21s, train_loss1: 2.6903, train_loss2: 0.0395, train_loss3: 0.0108, train_loss4: 0.0027]
Sun 15 Mar 2026 11:27:49 INFO  epoch 86 evaluating [time: 0.28s, valid_score: 0.322400]
Sun 15 Mar 2026 11:27:49 INFO  valid result: 
recall@1 : 0.1378    recall@2 : 0.2135    recall@3 : 0.2715    recall@4 : 0.3094    recall@5 : 0.3411    recall@10 : 0.4639    recall@20 : 0.6176    recall@30 : 0.6895    recall@50 : 0.7804    ndcg@1 : 0.2151    ndcg@2 : 0.236    ndcg@3 : 0.2552    ndcg@4 : 0.2679    ndcg@5 : 0.2792    ndcg@10 : 0.3224    ndcg@20 : 0.3686    ndcg@30 : 0.3882    ndcg@50 : 0.4099    precision@1 : 0.2151    precision@2 : 0.1749    precision@3 : 0.151    precision@4 : 0.1329    precision@5 : 0.1197    precision@10 : 0.0852    precision@20 : 0.0604    precision@30 : 0.0467    precision@50 : 0.0328    map@1 : 0.2151    map@2 : 0.2099    map@3 : 0.2159    map@4 : 0.2201    map@5 : 0.2245    map@10 : 0.2425    map@20 : 0.258    map@30 : 0.2637    map@50 : 0.2687
Sun 15 Mar 2026 11:27:49 INFO  Saving current: saved/SCL-Mar-15-2026_11-27-03.pth
Sun 15 Mar 2026 11:27:49 INFO  Saving current best: saved/SCL-Mar-15-2026_11-27-03.pth
Sun 15 Mar 2026 11:27:49 INFO  Running E-step ! 
Sun 15 Mar 2026 11:27:49 INFO  epoch 87 training [time: 0.22s, train_loss1: 2.6314, train_loss2: 0.0394, train_loss3: 0.0108, train_loss4: 0.0025]
Sun 15 Mar 2026 11:27:49 INFO  epoch 87 evaluating [time: 0.27s, valid_score: 0.322800]
Sun 15 Mar 2026 11:27:49 INFO  valid result: 
recall@1 : 0.1381    recall@2 : 0.2146    recall@3 : 0.272    recall@4 : 0.3087    recall@5 : 0.3405    recall@10 : 0.4642    recall@20 : 0.6184    recall@30 : 0.691    recall@50 : 0.7807    ndcg@1 : 0.2151    ndcg@2 : 0.2372    ndcg@3 : 0.256    ndcg@4 : 0.2678    ndcg@5 : 0.2793    ndcg@10 : 0.3228    ndcg@20 : 0.3692    ndcg@30 : 0.3889    ndcg@50 : 0.4104    precision@1 : 0.2151    precision@2 : 0.1764    precision@3 : 0.1516    precision@4 : 0.1324    precision@5 : 0.1198    precision@10 : 0.0852    precision@20 : 0.0605    precision@30 : 0.0468    precision@50 : 0.0328    map@1 : 0.2151    map@2 : 0.2108    map@3 : 0.2165    map@4 : 0.2201    map@5 : 0.2248    map@10 : 0.2429    map@20 : 0.2585    map@30 : 0.2642    map@50 : 0.2692
Sun 15 Mar 2026 11:27:49 INFO  Saving current: saved/SCL-Mar-15-2026_11-27-03.pth
Sun 15 Mar 2026 11:27:49 INFO  Saving current best: saved/SCL-Mar-15-2026_11-27-03.pth
Sun 15 Mar 2026 11:27:49 INFO  Running E-step ! 
Sun 15 Mar 2026 11:27:49 INFO  epoch 88 training [time: 0.24s, train_loss1: 2.6610, train_loss2: 0.0393, train_loss3: 0.0108, train_loss4: 0.0025]
Sun 15 Mar 2026 11:27:50 INFO  epoch 88 evaluating [time: 0.27s, valid_score: 0.323100]
Sun 15 Mar 2026 11:27:50 INFO  valid result: 
recall@1 : 0.1379    recall@2 : 0.2145    recall@3 : 0.2718    recall@4 : 0.3096    recall@5 : 0.3415    recall@10 : 0.4647    recall@20 : 0.6191    recall@30 : 0.6896    recall@50 : 0.7811    ndcg@1 : 0.2145    ndcg@2 : 0.2373    ndcg@3 : 0.2557    ndcg@4 : 0.2682    ndcg@5 : 0.2796    ndcg@10 : 0.3231    ndcg@20 : 0.3694    ndcg@30 : 0.3887    ndcg@50 : 0.4106    precision@1 : 0.2145    precision@2 : 0.1767    precision@3 : 0.1514    precision@4 : 0.1329    precision@5 : 0.1201    precision@10 : 0.0855    precision@20 : 0.0605    precision@30 : 0.0467    precision@50 : 0.0328    map@1 : 0.2145    map@2 : 0.2108    map@3 : 0.2162    map@4 : 0.2202    map@5 : 0.225    map@10 : 0.2431    map@20 : 0.2586    map@30 : 0.2642    map@50 : 0.2693
Sun 15 Mar 2026 11:27:50 INFO  Saving current: saved/SCL-Mar-15-2026_11-27-03.pth
Sun 15 Mar 2026 11:27:50 INFO  Saving current best: saved/SCL-Mar-15-2026_11-27-03.pth
Sun 15 Mar 2026 11:27:50 INFO  Running E-step ! 
Sun 15 Mar 2026 11:27:50 INFO  epoch 89 training [time: 0.22s, train_loss1: 2.6009, train_loss2: 0.0392, train_loss3: 0.0108, train_loss4: 0.0025]
Sun 15 Mar 2026 11:27:50 INFO  epoch 89 evaluating [time: 0.26s, valid_score: 0.323500]
Sun 15 Mar 2026 11:27:50 INFO  valid result: 
recall@1 : 0.1384    recall@2 : 0.2142    recall@3 : 0.2718    recall@4 : 0.3118    recall@5 : 0.341    recall@10 : 0.4649    recall@20 : 0.6188    recall@30 : 0.6905    recall@50 : 0.7817    ndcg@1 : 0.2145    ndcg@2 : 0.2374    ndcg@3 : 0.2559    ndcg@4 : 0.2694    ndcg@5 : 0.2798    ndcg@10 : 0.3235    ndcg@20 : 0.3696    ndcg@30 : 0.3892    ndcg@50 : 0.411    precision@1 : 0.2145    precision@2 : 0.1767    precision@3 : 0.1516    precision@4 : 0.1338    precision@5 : 0.1201    precision@10 : 0.0856    precision@20 : 0.0605    precision@30 : 0.0468    precision@50 : 0.0329    map@1 : 0.2145    map@2 : 0.2111    map@3 : 0.2164    map@4 : 0.2211    map@5 : 0.2253    map@10 : 0.2435    map@20 : 0.2589    map@30 : 0.2646    map@50 : 0.2697
Sun 15 Mar 2026 11:27:50 INFO  Saving current: saved/SCL-Mar-15-2026_11-27-03.pth
Sun 15 Mar 2026 11:27:50 INFO  Saving current best: saved/SCL-Mar-15-2026_11-27-03.pth
Sun 15 Mar 2026 11:27:50 INFO  Running E-step ! 
Sun 15 Mar 2026 11:27:50 INFO  epoch 90 training [time: 0.24s, train_loss1: 2.6164, train_loss2: 0.0391, train_loss3: 0.0108, train_loss4: 0.0024]
Sun 15 Mar 2026 11:27:51 INFO  epoch 90 evaluating [time: 0.28s, valid_score: 0.323600]
Sun 15 Mar 2026 11:27:51 INFO  valid result: 
recall@1 : 0.1379    recall@2 : 0.2132    recall@3 : 0.2714    recall@4 : 0.3117    recall@5 : 0.3419    recall@10 : 0.4658    recall@20 : 0.6191    recall@30 : 0.6908    recall@50 : 0.7827    ndcg@1 : 0.2139    ndcg@2 : 0.2361    ndcg@3 : 0.2556    ndcg@4 : 0.269    ndcg@5 : 0.2799    ndcg@10 : 0.3236    ndcg@20 : 0.3695    ndcg@30 : 0.389    ndcg@50 : 0.411    precision@1 : 0.2139    precision@2 : 0.1755    precision@3 : 0.152    precision@4 : 0.1338    precision@5 : 0.1206    precision@10 : 0.0859    precision@20 : 0.0606    precision@30 : 0.0468    precision@50 : 0.0329    map@1 : 0.2139    map@2 : 0.2098    map@3 : 0.216    map@4 : 0.2207    map@5 : 0.2252    map@10 : 0.2433    map@20 : 0.2586    map@30 : 0.2643    map@50 : 0.2694
Sun 15 Mar 2026 11:27:51 INFO  Saving current: saved/SCL-Mar-15-2026_11-27-03.pth
Sun 15 Mar 2026 11:27:51 INFO  Saving current best: saved/SCL-Mar-15-2026_11-27-03.pth
Sun 15 Mar 2026 11:27:51 INFO  Running E-step ! 
Sun 15 Mar 2026 11:27:51 INFO  epoch 91 training [time: 0.37s, train_loss1: 2.6045, train_loss2: 0.0391, train_loss3: 0.0108, train_loss4: 0.0024]
Sun 15 Mar 2026 11:27:51 INFO  epoch 91 evaluating [time: 0.24s, valid_score: 0.324400]
Sun 15 Mar 2026 11:27:51 INFO  valid result: 
recall@1 : 0.1395    recall@2 : 0.2132    recall@3 : 0.2708    recall@4 : 0.3121    recall@5 : 0.343    recall@10 : 0.466    recall@20 : 0.62    recall@30 : 0.6913    recall@50 : 0.7825    ndcg@1 : 0.2157    ndcg@2 : 0.2367    ndcg@3 : 0.2559    ndcg@4 : 0.27    ndcg@5 : 0.281    ndcg@10 : 0.3244    ndcg@20 : 0.3705    ndcg@30 : 0.3898    ndcg@50 : 0.4117    precision@1 : 0.2157    precision@2 : 0.1755    precision@3 : 0.1518    precision@4 : 0.1344    precision@5 : 0.121    precision@10 : 0.086    precision@20 : 0.0607    precision@30 : 0.0468    precision@50 : 0.0329    map@1 : 0.2157    map@2 : 0.2107    map@3 : 0.2166    map@4 : 0.2218    map@5 : 0.2263    map@10 : 0.2442    map@20 : 0.2597    map@30 : 0.2653    map@50 : 0.2704
Sun 15 Mar 2026 11:27:51 INFO  Saving current: saved/SCL-Mar-15-2026_11-27-03.pth
Sun 15 Mar 2026 11:27:51 INFO  Saving current best: saved/SCL-Mar-15-2026_11-27-03.pth
Sun 15 Mar 2026 11:27:51 INFO  Running E-step ! 
Sun 15 Mar 2026 11:27:51 INFO  epoch 92 training [time: 0.20s, train_loss1: 2.6105, train_loss2: 0.0390, train_loss3: 0.0108, train_loss4: 0.0023]
Sun 15 Mar 2026 11:27:52 INFO  epoch 92 evaluating [time: 0.26s, valid_score: 0.325100]
Sun 15 Mar 2026 11:27:52 INFO  valid result: 
recall@1 : 0.1399    recall@2 : 0.2131    recall@3 : 0.271    recall@4 : 0.3126    recall@5 : 0.3435    recall@10 : 0.4678    recall@20 : 0.6209    recall@30 : 0.6927    recall@50 : 0.7824    ndcg@1 : 0.2157    ndcg@2 : 0.2368    ndcg@3 : 0.2563    ndcg@4 : 0.2704    ndcg@5 : 0.2814    ndcg@10 : 0.3251    ndcg@20 : 0.3709    ndcg@30 : 0.3905    ndcg@50 : 0.412    precision@1 : 0.2157    precision@2 : 0.1755    precision@3 : 0.1522    precision@4 : 0.1347    precision@5 : 0.1211    precision@10 : 0.0862    precision@20 : 0.0608    precision@30 : 0.0469    precision@50 : 0.0329    map@1 : 0.2157    map@2 : 0.211    map@3 : 0.2172    map@4 : 0.2222    map@5 : 0.2267    map@10 : 0.2447    map@20 : 0.2601    map@30 : 0.2658    map@50 : 0.2708
Sun 15 Mar 2026 11:27:52 INFO  Saving current: saved/SCL-Mar-15-2026_11-27-03.pth
Sun 15 Mar 2026 11:27:52 INFO  Saving current best: saved/SCL-Mar-15-2026_11-27-03.pth
Sun 15 Mar 2026 11:27:52 INFO  Running E-step ! 
Sun 15 Mar 2026 11:27:52 INFO  epoch 93 training [time: 0.21s, train_loss1: 2.5960, train_loss2: 0.0389, train_loss3: 0.0109, train_loss4: 0.0023]
Sun 15 Mar 2026 11:27:52 INFO  epoch 93 evaluating [time: 0.25s, valid_score: 0.325400]
Sun 15 Mar 2026 11:27:52 INFO  valid result: 
recall@1 : 0.1393    recall@2 : 0.2132    recall@3 : 0.2719    recall@4 : 0.3124    recall@5 : 0.3442    recall@10 : 0.469    recall@20 : 0.6207    recall@30 : 0.6926    recall@50 : 0.7823    ndcg@1 : 0.2151    ndcg@2 : 0.2371    ndcg@3 : 0.2568    ndcg@4 : 0.2703    ndcg@5 : 0.2816    ndcg@10 : 0.3254    ndcg@20 : 0.3709    ndcg@30 : 0.3904    ndcg@50 : 0.412    precision@1 : 0.2151    precision@2 : 0.1761    precision@3 : 0.153    precision@4 : 0.1347    precision@5 : 0.1213    precision@10 : 0.0865    precision@20 : 0.0607    precision@30 : 0.0469    precision@50 : 0.0329    map@1 : 0.2151    map@2 : 0.211    map@3 : 0.2174    map@4 : 0.2222    map@5 : 0.2267    map@10 : 0.2447    map@20 : 0.26    map@30 : 0.2658    map@50 : 0.2707
Sun 15 Mar 2026 11:27:52 INFO  Saving current: saved/SCL-Mar-15-2026_11-27-03.pth
Sun 15 Mar 2026 11:27:52 INFO  Saving current best: saved/SCL-Mar-15-2026_11-27-03.pth
Sun 15 Mar 2026 11:27:52 INFO  Running E-step ! 
Sun 15 Mar 2026 11:27:52 INFO  epoch 94 training [time: 0.22s, train_loss1: 2.5562, train_loss2: 0.0388, train_loss3: 0.0109, train_loss4: 0.0024]
Sun 15 Mar 2026 11:27:53 INFO  epoch 94 evaluating [time: 0.27s, valid_score: 0.325500]
Sun 15 Mar 2026 11:27:53 INFO  valid result: 
recall@1 : 0.1381    recall@2 : 0.2144    recall@3 : 0.2724    recall@4 : 0.3123    recall@5 : 0.3456    recall@10 : 0.4695    recall@20 : 0.6216    recall@30 : 0.6931    recall@50 : 0.7828    ndcg@1 : 0.2139    ndcg@2 : 0.2379    ndcg@3 : 0.2572    ndcg@4 : 0.2701    ndcg@5 : 0.2822    ndcg@10 : 0.3255    ndcg@20 : 0.3711    ndcg@30 : 0.3906    ndcg@50 : 0.4121    precision@1 : 0.2139    precision@2 : 0.1776    precision@3 : 0.1538    precision@4 : 0.1345    precision@5 : 0.1221    precision@10 : 0.0865    precision@20 : 0.0608    precision@30 : 0.047    precision@50 : 0.0329    map@1 : 0.2139    map@2 : 0.2114    map@3 : 0.2175    map@4 : 0.2218    map@5 : 0.2267    map@10 : 0.2446    map@20 : 0.2599    map@30 : 0.2657    map@50 : 0.2707
Sun 15 Mar 2026 11:27:53 INFO  Saving current: saved/SCL-Mar-15-2026_11-27-03.pth
Sun 15 Mar 2026 11:27:53 INFO  Saving current best: saved/SCL-Mar-15-2026_11-27-03.pth
Sun 15 Mar 2026 11:27:53 INFO  Running E-step ! 
Sun 15 Mar 2026 11:27:53 INFO  epoch 95 training [time: 0.24s, train_loss1: 2.5619, train_loss2: 0.0387, train_loss3: 0.0109, train_loss4: 0.0024]
Sun 15 Mar 2026 11:27:53 INFO  epoch 95 evaluating [time: 0.28s, valid_score: 0.326300]
Sun 15 Mar 2026 11:27:53 INFO  valid result: 
recall@1 : 0.138    recall@2 : 0.214    recall@3 : 0.2722    recall@4 : 0.3118    recall@5 : 0.3468    recall@10 : 0.472    recall@20 : 0.6218    recall@30 : 0.6931    recall@50 : 0.7822    ndcg@1 : 0.2139    ndcg@2 : 0.2377    ndcg@3 : 0.2569    ndcg@4 : 0.2697    ndcg@5 : 0.2825    ndcg@10 : 0.3263    ndcg@20 : 0.3712    ndcg@30 : 0.3906    ndcg@50 : 0.4121    precision@1 : 0.2139    precision@2 : 0.1776    precision@3 : 0.1538    precision@4 : 0.1342    precision@5 : 0.1224    precision@10 : 0.0869    precision@20 : 0.0609    precision@30 : 0.047    precision@50 : 0.0329    map@1 : 0.2139    map@2 : 0.2111    map@3 : 0.2172    map@4 : 0.2214    map@5 : 0.2268    map@10 : 0.2448    map@20 : 0.26    map@30 : 0.2657    map@50 : 0.2706
Sun 15 Mar 2026 11:27:53 INFO  Saving current: saved/SCL-Mar-15-2026_11-27-03.pth
Sun 15 Mar 2026 11:27:53 INFO  Saving current best: saved/SCL-Mar-15-2026_11-27-03.pth
Sun 15 Mar 2026 11:27:53 INFO  Running E-step ! 
Sun 15 Mar 2026 11:27:54 INFO  epoch 96 training [time: 0.23s, train_loss1: 2.5452, train_loss2: 0.0387, train_loss3: 0.0109, train_loss4: 0.0024]
Sun 15 Mar 2026 11:27:54 INFO  epoch 96 evaluating [time: 0.27s, valid_score: 0.326900]
Sun 15 Mar 2026 11:27:54 INFO  valid result: 
recall@1 : 0.1381    recall@2 : 0.2147    recall@3 : 0.2715    recall@4 : 0.313    recall@5 : 0.3477    recall@10 : 0.4732    recall@20 : 0.6215    recall@30 : 0.6949    recall@50 : 0.7827    ndcg@1 : 0.2139    ndcg@2 : 0.2381    ndcg@3 : 0.2568    ndcg@4 : 0.2704    ndcg@5 : 0.2831    ndcg@10 : 0.3269    ndcg@20 : 0.3715    ndcg@30 : 0.3913    ndcg@50 : 0.4125    precision@1 : 0.2139    precision@2 : 0.1779    precision@3 : 0.1538    precision@4 : 0.1348    precision@5 : 0.1228    precision@10 : 0.0872    precision@20 : 0.061    precision@30 : 0.047    precision@50 : 0.033    map@1 : 0.2139    map@2 : 0.2114    map@3 : 0.2171    map@4 : 0.2219    map@5 : 0.2273    map@10 : 0.2453    map@20 : 0.2603    map@30 : 0.2661    map@50 : 0.271
Sun 15 Mar 2026 11:27:54 INFO  Saving current: saved/SCL-Mar-15-2026_11-27-03.pth
Sun 15 Mar 2026 11:27:54 INFO  Saving current best: saved/SCL-Mar-15-2026_11-27-03.pth
Sun 15 Mar 2026 11:27:54 INFO  Running E-step ! 
Sun 15 Mar 2026 11:27:54 INFO  epoch 97 training [time: 0.23s, train_loss1: 2.5584, train_loss2: 0.0386, train_loss3: 0.0109, train_loss4: 0.0024]
Sun 15 Mar 2026 11:27:54 INFO  epoch 97 evaluating [time: 0.25s, valid_score: 0.326800]
Sun 15 Mar 2026 11:27:54 INFO  valid result: 
recall@1 : 0.1369    recall@2 : 0.2146    recall@3 : 0.2721    recall@4 : 0.3141    recall@5 : 0.3496    recall@10 : 0.4733    recall@20 : 0.6219    recall@30 : 0.6951    recall@50 : 0.7827    ndcg@1 : 0.2133    ndcg@2 : 0.2381    ndcg@3 : 0.2566    ndcg@4 : 0.2707    ndcg@5 : 0.2836    ndcg@10 : 0.3268    ndcg@20 : 0.3716    ndcg@30 : 0.3913    ndcg@50 : 0.4124    precision@1 : 0.2133    precision@2 : 0.1785    precision@3 : 0.1538    precision@4 : 0.1356    precision@5 : 0.1232    precision@10 : 0.0872    precision@20 : 0.0611    precision@30 : 0.0471    precision@50 : 0.033    map@1 : 0.2133    map@2 : 0.2113    map@3 : 0.2167    map@4 : 0.2219    map@5 : 0.2272    map@10 : 0.245    map@20 : 0.2601    map@30 : 0.2659    map@50 : 0.2708
Sun 15 Mar 2026 11:27:54 INFO  Running E-step ! 
Sun 15 Mar 2026 11:27:55 INFO  epoch 98 training [time: 0.23s, train_loss1: 2.5890, train_loss2: 0.0385, train_loss3: 0.0109, train_loss4: 0.0025]
Sun 15 Mar 2026 11:27:55 INFO  epoch 98 evaluating [time: 0.27s, valid_score: 0.327500]
Sun 15 Mar 2026 11:27:55 INFO  valid result: 
recall@1 : 0.1379    recall@2 : 0.2148    recall@3 : 0.2729    recall@4 : 0.3147    recall@5 : 0.351    recall@10 : 0.4729    recall@20 : 0.6215    recall@30 : 0.6946    recall@50 : 0.7841    ndcg@1 : 0.2163    ndcg@2 : 0.2388    ndcg@3 : 0.258    ndcg@4 : 0.2717    ndcg@5 : 0.2849    ndcg@10 : 0.3275    ndcg@20 : 0.3721    ndcg@30 : 0.3919    ndcg@50 : 0.4133    precision@1 : 0.2163    precision@2 : 0.1782    precision@3 : 0.1547    precision@4 : 0.1359    precision@5 : 0.1237    precision@10 : 0.0874    precision@20 : 0.0609    precision@30 : 0.047    precision@50 : 0.033    map@1 : 0.2163    map@2 : 0.2122    map@3 : 0.2181    map@4 : 0.2228    map@5 : 0.2283    map@10 : 0.2458    map@20 : 0.2609    map@30 : 0.2666    map@50 : 0.2716
Sun 15 Mar 2026 11:27:55 INFO  Saving current: saved/SCL-Mar-15-2026_11-27-03.pth
Sun 15 Mar 2026 11:27:55 INFO  Saving current best: saved/SCL-Mar-15-2026_11-27-03.pth
Sun 15 Mar 2026 11:27:55 INFO  Running E-step ! 
Sun 15 Mar 2026 11:27:55 INFO  epoch 99 training [time: 0.24s, train_loss1: 2.5416, train_loss2: 0.0384, train_loss3: 0.0109, train_loss4: 0.0025]
Sun 15 Mar 2026 11:27:55 INFO  epoch 99 evaluating [time: 0.27s, valid_score: 0.327300]
Sun 15 Mar 2026 11:27:55 INFO  valid result: 
recall@1 : 0.137    recall@2 : 0.2158    recall@3 : 0.2738    recall@4 : 0.3163    recall@5 : 0.3503    recall@10 : 0.4718    recall@20 : 0.6212    recall@30 : 0.695    recall@50 : 0.7843    ndcg@1 : 0.2151    ndcg@2 : 0.239    ndcg@3 : 0.2584    ndcg@4 : 0.2724    ndcg@5 : 0.2847    ndcg@10 : 0.3273    ndcg@20 : 0.3721    ndcg@30 : 0.3921    ndcg@50 : 0.4135    precision@1 : 0.2151    precision@2 : 0.1788    precision@3 : 0.1553    precision@4 : 0.1366    precision@5 : 0.124    precision@10 : 0.0875    precision@20 : 0.0609    precision@30 : 0.0471    precision@50 : 0.033    map@1 : 0.2151    map@2 : 0.2122    map@3 : 0.2182    map@4 : 0.2231    map@5 : 0.2282    map@10 : 0.2457    map@20 : 0.2609    map@30 : 0.2668    map@50 : 0.2717
Sun 15 Mar 2026 11:27:55 INFO  Running E-step ! 
Sun 15 Mar 2026 11:27:56 INFO  epoch 100 training [time: 0.25s, train_loss1: 2.5449, train_loss2: 0.0383, train_loss3: 0.0109, train_loss4: 0.0024]
Sun 15 Mar 2026 11:27:56 INFO  epoch 100 evaluating [time: 0.26s, valid_score: 0.328500]
Sun 15 Mar 2026 11:27:56 INFO  valid result: 
recall@1 : 0.1379    recall@2 : 0.2161    recall@3 : 0.2757    recall@4 : 0.3174    recall@5 : 0.3509    recall@10 : 0.4735    recall@20 : 0.6215    recall@30 : 0.6947    recall@50 : 0.7863    ndcg@1 : 0.2163    ndcg@2 : 0.2398    ndcg@3 : 0.26    ndcg@4 : 0.2736    ndcg@5 : 0.2855    ndcg@10 : 0.3285    ndcg@20 : 0.3729    ndcg@30 : 0.3928    ndcg@50 : 0.4147    precision@1 : 0.2163    precision@2 : 0.1794    precision@3 : 0.1565    precision@4 : 0.1374    precision@5 : 0.124    precision@10 : 0.0877    precision@20 : 0.0609    precision@30 : 0.0471    precision@50 : 0.0331    map@1 : 0.2163    map@2 : 0.2129    map@3 : 0.2196    map@4 : 0.2244    map@5 : 0.2292    map@10 : 0.2467    map@20 : 0.2618    map@30 : 0.2677    map@50 : 0.2727
Sun 15 Mar 2026 11:27:56 INFO  Saving current: saved/SCL-Mar-15-2026_11-27-03.pth
Sun 15 Mar 2026 11:27:56 INFO  Saving current best: saved/SCL-Mar-15-2026_11-27-03.pth
Sun 15 Mar 2026 11:27:56 INFO  Running E-step ! 
Sun 15 Mar 2026 11:27:56 INFO  epoch 101 training [time: 0.24s, train_loss1: 2.4957, train_loss2: 0.0383, train_loss3: 0.0109, train_loss4: 0.0024]
Sun 15 Mar 2026 11:27:56 INFO  epoch 101 evaluating [time: 0.27s, valid_score: 0.328100]
Sun 15 Mar 2026 11:27:56 INFO  valid result: 
recall@1 : 0.138    recall@2 : 0.2151    recall@3 : 0.2763    recall@4 : 0.3167    recall@5 : 0.352    recall@10 : 0.4722    recall@20 : 0.6229    recall@30 : 0.6945    recall@50 : 0.7864    ndcg@1 : 0.2169    ndcg@2 : 0.2389    ndcg@3 : 0.2602    ndcg@4 : 0.2733    ndcg@5 : 0.2858    ndcg@10 : 0.3281    ndcg@20 : 0.3733    ndcg@30 : 0.3928    ndcg@50 : 0.4147    precision@1 : 0.2169    precision@2 : 0.1782    precision@3 : 0.1567    precision@4 : 0.1372    precision@5 : 0.1242    precision@10 : 0.0875    precision@20 : 0.0611    precision@30 : 0.0471    precision@50 : 0.0331    map@1 : 0.2169    map@2 : 0.2119    map@3 : 0.2196    map@4 : 0.2242    map@5 : 0.2292    map@10 : 0.2465    map@20 : 0.2619    map@30 : 0.2676    map@50 : 0.2727
Sun 15 Mar 2026 11:27:56 INFO  Running E-step ! 
Sun 15 Mar 2026 11:27:57 INFO  epoch 102 training [time: 0.22s, train_loss1: 2.5308, train_loss2: 0.0382, train_loss3: 0.0109, train_loss4: 0.0024]
Sun 15 Mar 2026 11:27:57 INFO  epoch 102 evaluating [time: 0.27s, valid_score: 0.328500]
Sun 15 Mar 2026 11:27:57 INFO  valid result: 
recall@1 : 0.137    recall@2 : 0.2163    recall@3 : 0.2764    recall@4 : 0.3172    recall@5 : 0.3531    recall@10 : 0.4733    recall@20 : 0.6241    recall@30 : 0.6946    recall@50 : 0.7867    ndcg@1 : 0.2169    ndcg@2 : 0.2392    ndcg@3 : 0.2601    ndcg@4 : 0.2735    ndcg@5 : 0.2863    ndcg@10 : 0.3285    ndcg@20 : 0.3737    ndcg@30 : 0.3929    ndcg@50 : 0.4149    precision@1 : 0.2169    precision@2 : 0.1785    precision@3 : 0.1567    precision@4 : 0.1377    precision@5 : 0.1247    precision@10 : 0.0878    precision@20 : 0.0611    precision@30 : 0.0471    precision@50 : 0.0331    map@1 : 0.2169    map@2 : 0.2122    map@3 : 0.2194    map@4 : 0.2241    map@5 : 0.2293    map@10 : 0.2466    map@20 : 0.2619    map@30 : 0.2676    map@50 : 0.2727
Sun 15 Mar 2026 11:27:57 INFO  Saving current: saved/SCL-Mar-15-2026_11-27-03.pth
Sun 15 Mar 2026 11:27:57 INFO  Saving current best: saved/SCL-Mar-15-2026_11-27-03.pth
Sun 15 Mar 2026 11:27:57 INFO  Running E-step ! 
Sun 15 Mar 2026 11:27:57 INFO  epoch 103 training [time: 0.23s, train_loss1: 2.5106, train_loss2: 0.0381, train_loss3: 0.0109, train_loss4: 0.0024]
Sun 15 Mar 2026 11:27:57 INFO  epoch 103 evaluating [time: 0.31s, valid_score: 0.329200]
Sun 15 Mar 2026 11:27:57 INFO  valid result: 
recall@1 : 0.1376    recall@2 : 0.2165    recall@3 : 0.2773    recall@4 : 0.3172    recall@5 : 0.3532    recall@10 : 0.474    recall@20 : 0.6247    recall@30 : 0.6947    recall@50 : 0.7876    ndcg@1 : 0.2187    ndcg@2 : 0.2399    ndcg@3 : 0.2609    ndcg@4 : 0.2739    ndcg@5 : 0.2867    ndcg@10 : 0.3292    ndcg@20 : 0.3743    ndcg@30 : 0.3934    ndcg@50 : 0.4155    precision@1 : 0.2187    precision@2 : 0.1788    precision@3 : 0.1569    precision@4 : 0.1377    precision@5 : 0.1247    precision@10 : 0.088    precision@20 : 0.0613    precision@30 : 0.0471    precision@50 : 0.0331    map@1 : 0.2187    map@2 : 0.2128    map@3 : 0.2199    map@4 : 0.2244    map@5 : 0.2296    map@10 : 0.2471    map@20 : 0.2624    map@30 : 0.2681    map@50 : 0.2732
Sun 15 Mar 2026 11:27:57 INFO  Saving current: saved/SCL-Mar-15-2026_11-27-03.pth
Sun 15 Mar 2026 11:27:57 INFO  Saving current best: saved/SCL-Mar-15-2026_11-27-03.pth
Sun 15 Mar 2026 11:27:57 INFO  Running E-step ! 
Sun 15 Mar 2026 11:27:58 INFO  epoch 104 training [time: 0.36s, train_loss1: 2.4733, train_loss2: 0.0380, train_loss3: 0.0109, train_loss4: 0.0023]
Sun 15 Mar 2026 11:27:58 INFO  epoch 104 evaluating [time: 0.24s, valid_score: 0.330400]
Sun 15 Mar 2026 11:27:58 INFO  valid result: 
recall@1 : 0.1386    recall@2 : 0.2164    recall@3 : 0.2778    recall@4 : 0.3184    recall@5 : 0.3544    recall@10 : 0.4763    recall@20 : 0.6247    recall@30 : 0.6953    recall@50 : 0.7878    ndcg@1 : 0.2199    ndcg@2 : 0.24    ndcg@3 : 0.2616    ndcg@4 : 0.275    ndcg@5 : 0.2876    ndcg@10 : 0.3304    ndcg@20 : 0.3749    ndcg@30 : 0.3941    ndcg@50 : 0.4162    precision@1 : 0.2199    precision@2 : 0.1785    precision@3 : 0.1573    precision@4 : 0.1384    precision@5 : 0.1249    precision@10 : 0.0883    precision@20 : 0.0612    precision@30 : 0.0471    precision@50 : 0.0331    map@1 : 0.2199    map@2 : 0.2129    map@3 : 0.2204    map@4 : 0.2253    map@5 : 0.2305    map@10 : 0.248    map@20 : 0.2631    map@30 : 0.2688    map@50 : 0.2738
Sun 15 Mar 2026 11:27:58 INFO  Saving current: saved/SCL-Mar-15-2026_11-27-03.pth
Sun 15 Mar 2026 11:27:58 INFO  Saving current best: saved/SCL-Mar-15-2026_11-27-03.pth
Sun 15 Mar 2026 11:27:58 INFO  Running E-step ! 
Sun 15 Mar 2026 11:27:58 INFO  epoch 105 training [time: 0.18s, train_loss1: 2.4853, train_loss2: 0.0380, train_loss3: 0.0109, train_loss4: 0.0023]
Sun 15 Mar 2026 11:27:59 INFO  epoch 105 evaluating [time: 0.27s, valid_score: 0.330900]
Sun 15 Mar 2026 11:27:59 INFO  valid result: 
recall@1 : 0.1397    recall@2 : 0.2167    recall@3 : 0.2779    recall@4 : 0.3175    recall@5 : 0.3546    recall@10 : 0.4764    recall@20 : 0.6243    recall@30 : 0.6953    recall@50 : 0.7887    ndcg@1 : 0.2205    ndcg@2 : 0.2404    ndcg@3 : 0.2621    ndcg@4 : 0.275    ndcg@5 : 0.2882    ndcg@10 : 0.3309    ndcg@20 : 0.3753    ndcg@30 : 0.3945    ndcg@50 : 0.4168    precision@1 : 0.2205    precision@2 : 0.1785    precision@3 : 0.1575    precision@4 : 0.1381    precision@5 : 0.1254    precision@10 : 0.0884    precision@20 : 0.0613    precision@30 : 0.0471    precision@50 : 0.0331    map@1 : 0.2205    map@2 : 0.2135    map@3 : 0.221    map@4 : 0.2256    map@5 : 0.2311    map@10 : 0.2485    map@20 : 0.2636    map@30 : 0.2694    map@50 : 0.2744
Sun 15 Mar 2026 11:27:59 INFO  Saving current: saved/SCL-Mar-15-2026_11-27-03.pth
Sun 15 Mar 2026 11:27:59 INFO  Saving current best: saved/SCL-Mar-15-2026_11-27-03.pth
Sun 15 Mar 2026 11:27:59 INFO  Running E-step ! 
Sun 15 Mar 2026 11:27:59 INFO  epoch 106 training [time: 0.22s, train_loss1: 2.4875, train_loss2: 0.0379, train_loss3: 0.0109, train_loss4: 0.0023]
Sun 15 Mar 2026 11:27:59 INFO  epoch 106 evaluating [time: 0.27s, valid_score: 0.331200]
Sun 15 Mar 2026 11:27:59 INFO  valid result: 
recall@1 : 0.1399    recall@2 : 0.2155    recall@3 : 0.2792    recall@4 : 0.3178    recall@5 : 0.3541    recall@10 : 0.4773    recall@20 : 0.6256    recall@30 : 0.6952    recall@50 : 0.7902    ndcg@1 : 0.2205    ndcg@2 : 0.2397    ndcg@3 : 0.2625    ndcg@4 : 0.275    ndcg@5 : 0.2881    ndcg@10 : 0.3312    ndcg@20 : 0.3757    ndcg@30 : 0.3946    ndcg@50 : 0.4172    precision@1 : 0.2205    precision@2 : 0.1779    precision@3 : 0.1579    precision@4 : 0.1381    precision@5 : 0.1254    precision@10 : 0.0886    precision@20 : 0.0614    precision@30 : 0.0471    precision@50 : 0.0332    map@1 : 0.2205    map@2 : 0.2129    map@3 : 0.2212    map@4 : 0.2256    map@5 : 0.231    map@10 : 0.2487    map@20 : 0.2639    map@30 : 0.2695    map@50 : 0.2747
Sun 15 Mar 2026 11:27:59 INFO  Saving current: saved/SCL-Mar-15-2026_11-27-03.pth
Sun 15 Mar 2026 11:27:59 INFO  Saving current best: saved/SCL-Mar-15-2026_11-27-03.pth
Sun 15 Mar 2026 11:27:59 INFO  Running E-step ! 
Sun 15 Mar 2026 11:27:59 INFO  epoch 107 training [time: 0.23s, train_loss1: 2.4727, train_loss2: 0.0378, train_loss3: 0.0109, train_loss4: 0.0022]
Sun 15 Mar 2026 11:28:00 INFO  epoch 107 evaluating [time: 0.27s, valid_score: 0.332400]
Sun 15 Mar 2026 11:28:00 INFO  valid result: 
recall@1 : 0.1414    recall@2 : 0.2159    recall@3 : 0.2792    recall@4 : 0.3177    recall@5 : 0.3545    recall@10 : 0.4787    recall@20 : 0.6262    recall@30 : 0.6953    recall@50 : 0.7903    ndcg@1 : 0.2223    ndcg@2 : 0.2404    ndcg@3 : 0.2632    ndcg@4 : 0.2759    ndcg@5 : 0.2889    ndcg@10 : 0.3324    ndcg@20 : 0.3766    ndcg@30 : 0.3955    ndcg@50 : 0.4181    precision@1 : 0.2223    precision@2 : 0.1779    precision@3 : 0.1579    precision@4 : 0.1387    precision@5 : 0.1256    precision@10 : 0.0887    precision@20 : 0.0614    precision@30 : 0.0471    precision@50 : 0.0332    map@1 : 0.2223    map@2 : 0.2138    map@3 : 0.2222    map@4 : 0.2267    map@5 : 0.232    map@10 : 0.2499    map@20 : 0.2649    map@30 : 0.2705    map@50 : 0.2757
Sun 15 Mar 2026 11:28:00 INFO  Saving current: saved/SCL-Mar-15-2026_11-27-03.pth
Sun 15 Mar 2026 11:28:00 INFO  Saving current best: saved/SCL-Mar-15-2026_11-27-03.pth
Sun 15 Mar 2026 11:28:00 INFO  Running E-step ! 
Sun 15 Mar 2026 11:28:00 INFO  epoch 108 training [time: 0.23s, train_loss1: 2.5143, train_loss2: 0.0377, train_loss3: 0.0109, train_loss4: 0.0021]
Sun 15 Mar 2026 11:28:00 INFO  epoch 108 evaluating [time: 0.26s, valid_score: 0.333100]
Sun 15 Mar 2026 11:28:00 INFO  valid result: 
recall@1 : 0.1415    recall@2 : 0.2162    recall@3 : 0.2805    recall@4 : 0.3166    recall@5 : 0.3542    recall@10 : 0.4801    recall@20 : 0.6281    recall@30 : 0.6961    recall@50 : 0.7918    ndcg@1 : 0.2229    ndcg@2 : 0.241    ndcg@3 : 0.2641    ndcg@4 : 0.2754    ndcg@5 : 0.2891    ndcg@10 : 0.3331    ndcg@20 : 0.3773    ndcg@30 : 0.3959    ndcg@50 : 0.4187    precision@1 : 0.2229    precision@2 : 0.1785    precision@3 : 0.1585    precision@4 : 0.138    precision@5 : 0.126    precision@10 : 0.089    precision@20 : 0.0614    precision@30 : 0.0471    precision@50 : 0.0333    map@1 : 0.2229    map@2 : 0.2142    map@3 : 0.2228    map@4 : 0.2264    map@5 : 0.2323    map@10 : 0.2502    map@20 : 0.2652    map@30 : 0.2708    map@50 : 0.276
Sun 15 Mar 2026 11:28:00 INFO  Saving current: saved/SCL-Mar-15-2026_11-27-03.pth
Sun 15 Mar 2026 11:28:00 INFO  Saving current best: saved/SCL-Mar-15-2026_11-27-03.pth
Sun 15 Mar 2026 11:28:00 INFO  Running E-step ! 
Sun 15 Mar 2026 11:28:00 INFO  epoch 109 training [time: 0.23s, train_loss1: 2.4591, train_loss2: 0.0376, train_loss3: 0.0109, train_loss4: 0.0022]
Sun 15 Mar 2026 11:28:01 INFO  epoch 109 evaluating [time: 0.18s, valid_score: 0.333900]
Sun 15 Mar 2026 11:28:01 INFO  valid result: 
recall@1 : 0.1414    recall@2 : 0.2173    recall@3 : 0.2812    recall@4 : 0.3161    recall@5 : 0.3556    recall@10 : 0.4817    recall@20 : 0.6284    recall@30 : 0.6971    recall@50 : 0.7919    ndcg@1 : 0.2229    ndcg@2 : 0.2418    ndcg@3 : 0.2647    ndcg@4 : 0.2755    ndcg@5 : 0.2898    ndcg@10 : 0.3339    ndcg@20 : 0.3779    ndcg@30 : 0.3965    ndcg@50 : 0.4191    precision@1 : 0.2229    precision@2 : 0.1791    precision@3 : 0.1591    precision@4 : 0.1378    precision@5 : 0.1261    precision@10 : 0.0893    precision@20 : 0.0616    precision@30 : 0.0471    precision@50 : 0.0333    map@1 : 0.2229    map@2 : 0.215    map@3 : 0.2232    map@4 : 0.2266    map@5 : 0.2327    map@10 : 0.2508    map@20 : 0.2657    map@30 : 0.2713    map@50 : 0.2765
Sun 15 Mar 2026 11:28:01 INFO  Saving current: saved/SCL-Mar-15-2026_11-27-03.pth
Sun 15 Mar 2026 11:28:01 INFO  Saving current best: saved/SCL-Mar-15-2026_11-27-03.pth
Sun 15 Mar 2026 11:28:01 INFO  Running E-step ! 
Sun 15 Mar 2026 11:28:01 INFO  epoch 110 training [time: 0.19s, train_loss1: 2.4366, train_loss2: 0.0376, train_loss3: 0.0109, train_loss4: 0.0022]
Sun 15 Mar 2026 11:28:01 INFO  epoch 110 evaluating [time: 0.26s, valid_score: 0.333800]
Sun 15 Mar 2026 11:28:01 INFO  valid result: 
recall@1 : 0.1405    recall@2 : 0.2178    recall@3 : 0.282    recall@4 : 0.3181    recall@5 : 0.3546    recall@10 : 0.4816    recall@20 : 0.6284    recall@30 : 0.6971    recall@50 : 0.7937    ndcg@1 : 0.2223    ndcg@2 : 0.2418    ndcg@3 : 0.265    ndcg@4 : 0.2763    ndcg@5 : 0.2893    ndcg@10 : 0.3338    ndcg@20 : 0.3778    ndcg@30 : 0.3964    ndcg@50 : 0.4194    precision@1 : 0.2223    precision@2 : 0.1794    precision@3 : 0.1597    precision@4 : 0.1387    precision@5 : 0.1259    precision@10 : 0.0894    precision@20 : 0.0616    precision@30 : 0.0472    precision@50 : 0.0333    map@1 : 0.2223    map@2 : 0.2148    map@3 : 0.2233    map@4 : 0.227    map@5 : 0.2324    map@10 : 0.2507    map@20 : 0.2656    map@30 : 0.2712    map@50 : 0.2764
Sun 15 Mar 2026 11:28:01 INFO  Running E-step ! 
Sun 15 Mar 2026 11:28:01 INFO  epoch 111 training [time: 0.24s, train_loss1: 2.4420, train_loss2: 0.0375, train_loss3: 0.0109, train_loss4: 0.0021]
Sun 15 Mar 2026 11:28:02 INFO  epoch 111 evaluating [time: 0.27s, valid_score: 0.335200]
Sun 15 Mar 2026 11:28:02 INFO  valid result: 
recall@1 : 0.1412    recall@2 : 0.2194    recall@3 : 0.2811    recall@4 : 0.3195    recall@5 : 0.3545    recall@10 : 0.4842    recall@20 : 0.6285    recall@30 : 0.6978    recall@50 : 0.7941    ndcg@1 : 0.2235    ndcg@2 : 0.2431    ndcg@3 : 0.2651    ndcg@4 : 0.2774    ndcg@5 : 0.2897    ndcg@10 : 0.3352    ndcg@20 : 0.3785    ndcg@30 : 0.3972    ndcg@50 : 0.4202    precision@1 : 0.2235    precision@2 : 0.18    precision@3 : 0.1595    precision@4 : 0.1392    precision@5 : 0.1257    precision@10 : 0.0897    precision@20 : 0.0616    precision@30 : 0.0472    precision@50 : 0.0334    map@1 : 0.2235    map@2 : 0.216    map@3 : 0.2239    map@4 : 0.2281    map@5 : 0.2329    map@10 : 0.2517    map@20 : 0.2664    map@30 : 0.272    map@50 : 0.2772
Sun 15 Mar 2026 11:28:02 INFO  Saving current: saved/SCL-Mar-15-2026_11-27-03.pth
Sun 15 Mar 2026 11:28:02 INFO  Saving current best: saved/SCL-Mar-15-2026_11-27-03.pth
Sun 15 Mar 2026 11:28:02 INFO  Running E-step ! 
Sun 15 Mar 2026 11:28:02 INFO  epoch 112 training [time: 0.24s, train_loss1: 2.4583, train_loss2: 0.0374, train_loss3: 0.0109, train_loss4: 0.0021]
Sun 15 Mar 2026 11:28:02 INFO  epoch 112 evaluating [time: 0.28s, valid_score: 0.335400]
Sun 15 Mar 2026 11:28:02 INFO  valid result: 
recall@1 : 0.1416    recall@2 : 0.2189    recall@3 : 0.281    recall@4 : 0.3198    recall@5 : 0.3548    recall@10 : 0.4845    recall@20 : 0.6297    recall@30 : 0.6976    recall@50 : 0.7958    ndcg@1 : 0.2235    ndcg@2 : 0.243    ndcg@3 : 0.2652    ndcg@4 : 0.2775    ndcg@5 : 0.29    ndcg@10 : 0.3354    ndcg@20 : 0.379    ndcg@30 : 0.3973    ndcg@50 : 0.4206    precision@1 : 0.2235    precision@2 : 0.18    precision@3 : 0.1595    precision@4 : 0.1392    precision@5 : 0.1259    precision@10 : 0.0897    precision@20 : 0.0618    precision@30 : 0.0472    precision@50 : 0.0334    map@1 : 0.2235    map@2 : 0.2162    map@3 : 0.2239    map@4 : 0.2282    map@5 : 0.2331    map@10 : 0.252    map@20 : 0.2667    map@30 : 0.2722    map@50 : 0.2775
Sun 15 Mar 2026 11:28:02 INFO  Saving current: saved/SCL-Mar-15-2026_11-27-03.pth
Sun 15 Mar 2026 11:28:02 INFO  Saving current best: saved/SCL-Mar-15-2026_11-27-03.pth
Sun 15 Mar 2026 11:28:02 INFO  Running E-step ! 
Sun 15 Mar 2026 11:28:02 INFO  epoch 113 training [time: 0.23s, train_loss1: 2.4156, train_loss2: 0.0373, train_loss3: 0.0109, train_loss4: 0.0020]
Sun 15 Mar 2026 11:28:03 INFO  epoch 113 evaluating [time: 0.27s, valid_score: 0.335900]
Sun 15 Mar 2026 11:28:03 INFO  valid result: 
recall@1 : 0.1423    recall@2 : 0.2198    recall@3 : 0.28    recall@4 : 0.3199    recall@5 : 0.3562    recall@10 : 0.4843    recall@20 : 0.6298    recall@30 : 0.6965    recall@50 : 0.7952    ndcg@1 : 0.2247    ndcg@2 : 0.2444    ndcg@3 : 0.2651    ndcg@4 : 0.2781    ndcg@5 : 0.291    ndcg@10 : 0.3359    ndcg@20 : 0.3795    ndcg@30 : 0.3976    ndcg@50 : 0.4211    precision@1 : 0.2247    precision@2 : 0.1812    precision@3 : 0.1589    precision@4 : 0.1395    precision@5 : 0.1263    precision@10 : 0.0897    precision@20 : 0.0618    precision@30 : 0.0471    precision@50 : 0.0334    map@1 : 0.2247    map@2 : 0.2177    map@3 : 0.2243    map@4 : 0.229    map@5 : 0.234    map@10 : 0.2526    map@20 : 0.2674    map@30 : 0.2728    map@50 : 0.2782
Sun 15 Mar 2026 11:28:03 INFO  Saving current: saved/SCL-Mar-15-2026_11-27-03.pth
Sun 15 Mar 2026 11:28:03 INFO  Saving current best: saved/SCL-Mar-15-2026_11-27-03.pth
Sun 15 Mar 2026 11:28:03 INFO  Running E-step ! 
Sun 15 Mar 2026 11:28:03 INFO  epoch 114 training [time: 0.22s, train_loss1: 2.3896, train_loss2: 0.0373, train_loss3: 0.0109, train_loss4: 0.0021]
Sun 15 Mar 2026 11:28:03 INFO  epoch 114 evaluating [time: 0.29s, valid_score: 0.336300]
Sun 15 Mar 2026 11:28:03 INFO  valid result: 
recall@1 : 0.1423    recall@2 : 0.2201    recall@3 : 0.2803    recall@4 : 0.3196    recall@5 : 0.3554    recall@10 : 0.4856    recall@20 : 0.6306    recall@30 : 0.6975    recall@50 : 0.7946    ndcg@1 : 0.2247    ndcg@2 : 0.2447    ndcg@3 : 0.2651    ndcg@4 : 0.2779    ndcg@5 : 0.2907    ndcg@10 : 0.3363    ndcg@20 : 0.3797    ndcg@30 : 0.3979    ndcg@50 : 0.421    precision@1 : 0.2247    precision@2 : 0.1815    precision@3 : 0.1587    precision@4 : 0.1392    precision@5 : 0.1261    precision@10 : 0.09    precision@20 : 0.0618    precision@30 : 0.0472    precision@50 : 0.0334    map@1 : 0.2247    map@2 : 0.2178    map@3 : 0.2245    map@4 : 0.2289    map@5 : 0.234    map@10 : 0.2529    map@20 : 0.2675    map@30 : 0.2729    map@50 : 0.2782
Sun 15 Mar 2026 11:28:03 INFO  Saving current: saved/SCL-Mar-15-2026_11-27-03.pth
Sun 15 Mar 2026 11:28:03 INFO  Saving current best: saved/SCL-Mar-15-2026_11-27-03.pth
Sun 15 Mar 2026 11:28:03 INFO  Running E-step ! 
Sun 15 Mar 2026 11:28:03 INFO  epoch 115 training [time: 0.24s, train_loss1: 2.4064, train_loss2: 0.0372, train_loss3: 0.0109, train_loss4: 0.0020]
Sun 15 Mar 2026 11:28:04 INFO  epoch 115 evaluating [time: 0.27s, valid_score: 0.337300]
Sun 15 Mar 2026 11:28:04 INFO  valid result: 
recall@1 : 0.1426    recall@2 : 0.2204    recall@3 : 0.2807    recall@4 : 0.3197    recall@5 : 0.3565    recall@10 : 0.4875    recall@20 : 0.6311    recall@30 : 0.6978    recall@50 : 0.7942    ndcg@1 : 0.2241    ndcg@2 : 0.2449    ndcg@3 : 0.2654    ndcg@4 : 0.278    ndcg@5 : 0.2913    ndcg@10 : 0.3373    ndcg@20 : 0.3802    ndcg@30 : 0.3983    ndcg@50 : 0.4213    precision@1 : 0.2241    precision@2 : 0.1818    precision@3 : 0.1589    precision@4 : 0.1392    precision@5 : 0.1265    precision@10 : 0.0905    precision@20 : 0.0618    precision@30 : 0.0472    precision@50 : 0.0333    map@1 : 0.2241    map@2 : 0.218    map@3 : 0.2248    map@4 : 0.2292    map@5 : 0.2344    map@10 : 0.2536    map@20 : 0.268    map@30 : 0.2735    map@50 : 0.2787
Sun 15 Mar 2026 11:28:04 INFO  Saving current: saved/SCL-Mar-15-2026_11-27-03.pth
Sun 15 Mar 2026 11:28:04 INFO  Saving current best: saved/SCL-Mar-15-2026_11-27-03.pth
Sun 15 Mar 2026 11:28:04 INFO  Running E-step ! 
Sun 15 Mar 2026 11:28:04 INFO  epoch 116 training [time: 0.22s, train_loss1: 2.4681, train_loss2: 0.0371, train_loss3: 0.0109, train_loss4: 0.0021]
Sun 15 Mar 2026 11:28:04 INFO  epoch 116 evaluating [time: 0.28s, valid_score: 0.337900]
Sun 15 Mar 2026 11:28:04 INFO  valid result: 
recall@1 : 0.1428    recall@2 : 0.2202    recall@3 : 0.281    recall@4 : 0.32    recall@5 : 0.3587    recall@10 : 0.4883    recall@20 : 0.6313    recall@30 : 0.6983    recall@50 : 0.7937    ndcg@1 : 0.2247    ndcg@2 : 0.2448    ndcg@3 : 0.2655    ndcg@4 : 0.2782    ndcg@5 : 0.2923    ndcg@10 : 0.3379    ndcg@20 : 0.3804    ndcg@30 : 0.3988    ndcg@50 : 0.4215    precision@1 : 0.2247    precision@2 : 0.1815    precision@3 : 0.1587    precision@4 : 0.139    precision@5 : 0.1269    precision@10 : 0.0908    precision@20 : 0.0618    precision@30 : 0.0473    precision@50 : 0.0333    map@1 : 0.2247    map@2 : 0.218    map@3 : 0.2248    map@4 : 0.2293    map@5 : 0.235    map@10 : 0.254    map@20 : 0.2683    map@30 : 0.2738    map@50 : 0.279
Sun 15 Mar 2026 11:28:04 INFO  Saving current: saved/SCL-Mar-15-2026_11-27-03.pth
Sun 15 Mar 2026 11:28:04 INFO  Saving current best: saved/SCL-Mar-15-2026_11-27-03.pth
Sun 15 Mar 2026 11:28:04 INFO  Running E-step ! 
Sun 15 Mar 2026 11:28:04 INFO  epoch 117 training [time: 0.26s, train_loss1: 2.4464, train_loss2: 0.0370, train_loss3: 0.0109, train_loss4: 0.0020]
Sun 15 Mar 2026 11:28:05 INFO  epoch 117 evaluating [time: 0.41s, valid_score: 0.339500]
Sun 15 Mar 2026 11:28:05 INFO  valid result: 
recall@1 : 0.1421    recall@2 : 0.2211    recall@3 : 0.2814    recall@4 : 0.3203    recall@5 : 0.3595    recall@10 : 0.4932    recall@20 : 0.6312    recall@30 : 0.6984    recall@50 : 0.795    ndcg@1 : 0.2235    ndcg@2 : 0.2452    ndcg@3 : 0.2655    ndcg@4 : 0.2783    ndcg@5 : 0.2925    ndcg@10 : 0.3395    ndcg@20 : 0.3806    ndcg@30 : 0.3989    ndcg@50 : 0.4219    precision@1 : 0.2235    precision@2 : 0.1824    precision@3 : 0.1589    precision@4 : 0.1395    precision@5 : 0.1273    precision@10 : 0.0916    precision@20 : 0.0618    precision@30 : 0.0473    precision@50 : 0.0334    map@1 : 0.2235    map@2 : 0.2184    map@3 : 0.2249    map@4 : 0.2293    map@5 : 0.235    map@10 : 0.2547    map@20 : 0.2684    map@30 : 0.274    map@50 : 0.2792
Sun 15 Mar 2026 11:28:05 INFO  Saving current: saved/SCL-Mar-15-2026_11-27-03.pth
Sun 15 Mar 2026 11:28:05 INFO  Saving current best: saved/SCL-Mar-15-2026_11-27-03.pth
Sun 15 Mar 2026 11:28:05 INFO  Running E-step ! 
Sun 15 Mar 2026 11:28:05 INFO  epoch 118 training [time: 0.23s, train_loss1: 2.3980, train_loss2: 0.0369, train_loss3: 0.0109, train_loss4: 0.0020]
Sun 15 Mar 2026 11:28:05 INFO  epoch 118 evaluating [time: 0.14s, valid_score: 0.339700]
Sun 15 Mar 2026 11:28:05 INFO  valid result: 
recall@1 : 0.1416    recall@2 : 0.2209    recall@3 : 0.2815    recall@4 : 0.3214    recall@5 : 0.3615    recall@10 : 0.4938    recall@20 : 0.631    recall@30 : 0.6983    recall@50 : 0.7954    ndcg@1 : 0.2229    ndcg@2 : 0.245    ndcg@3 : 0.2653    ndcg@4 : 0.2787    ndcg@5 : 0.2934    ndcg@10 : 0.3397    ndcg@20 : 0.3805    ndcg@30 : 0.3989    ndcg@50 : 0.422    precision@1 : 0.2229    precision@2 : 0.1824    precision@3 : 0.1589    precision@4 : 0.14    precision@5 : 0.1282    precision@10 : 0.0917    precision@20 : 0.0617    precision@30 : 0.0473    precision@50 : 0.0334    map@1 : 0.2229    map@2 : 0.218    map@3 : 0.2246    map@4 : 0.2294    map@5 : 0.2354    map@10 : 0.2547    map@20 : 0.2684    map@30 : 0.274    map@50 : 0.2792
Sun 15 Mar 2026 11:28:05 INFO  Saving current: saved/SCL-Mar-15-2026_11-27-03.pth
Sun 15 Mar 2026 11:28:05 INFO  Saving current best: saved/SCL-Mar-15-2026_11-27-03.pth
Sun 15 Mar 2026 11:28:05 INFO  Running E-step ! 
Sun 15 Mar 2026 11:28:05 INFO  epoch 119 training [time: 0.22s, train_loss1: 2.4033, train_loss2: 0.0368, train_loss3: 0.0109, train_loss4: 0.0020]
Sun 15 Mar 2026 11:28:06 INFO  epoch 119 evaluating [time: 0.27s, valid_score: 0.339700]
Sun 15 Mar 2026 11:28:06 INFO  valid result: 
recall@1 : 0.1404    recall@2 : 0.2214    recall@3 : 0.2812    recall@4 : 0.3232    recall@5 : 0.3614    recall@10 : 0.4947    recall@20 : 0.6299    recall@30 : 0.6977    recall@50 : 0.7948    ndcg@1 : 0.2217    ndcg@2 : 0.245    ndcg@3 : 0.2651    ndcg@4 : 0.2791    ndcg@5 : 0.2931    ndcg@10 : 0.3397    ndcg@20 : 0.38    ndcg@30 : 0.3986    ndcg@50 : 0.4217    precision@1 : 0.2217    precision@2 : 0.1827    precision@3 : 0.1593    precision@4 : 0.1408    precision@5 : 0.1284    precision@10 : 0.0918    precision@20 : 0.0616    precision@30 : 0.0472    precision@50 : 0.0334    map@1 : 0.2217    map@2 : 0.2175    map@3 : 0.2241    map@4 : 0.2293    map@5 : 0.235    map@10 : 0.2544    map@20 : 0.2679    map@30 : 0.2736    map@50 : 0.2789
Sun 15 Mar 2026 11:28:06 INFO  Saving current: saved/SCL-Mar-15-2026_11-27-03.pth
Sun 15 Mar 2026 11:28:06 INFO  Saving current best: saved/SCL-Mar-15-2026_11-27-03.pth
Sun 15 Mar 2026 11:28:06 INFO  Running E-step ! 
Sun 15 Mar 2026 11:28:06 INFO  epoch 120 training [time: 0.23s, train_loss1: 2.3495, train_loss2: 0.0368, train_loss3: 0.0109, train_loss4: 0.0020]
Sun 15 Mar 2026 11:28:06 INFO  epoch 120 evaluating [time: 0.26s, valid_score: 0.339300]
Sun 15 Mar 2026 11:28:06 INFO  valid result: 
recall@1 : 0.1398    recall@2 : 0.2215    recall@3 : 0.2812    recall@4 : 0.3243    recall@5 : 0.3612    recall@10 : 0.4934    recall@20 : 0.6304    recall@30 : 0.6977    recall@50 : 0.7943    ndcg@1 : 0.2211    ndcg@2 : 0.245    ndcg@3 : 0.2649    ndcg@4 : 0.2797    ndcg@5 : 0.293    ndcg@10 : 0.3393    ndcg@20 : 0.38    ndcg@30 : 0.3985    ndcg@50 : 0.4215    precision@1 : 0.2211    precision@2 : 0.183    precision@3 : 0.1593    precision@4 : 0.1415    precision@5 : 0.1285    precision@10 : 0.0918    precision@20 : 0.0616    precision@30 : 0.0472    precision@50 : 0.0334    map@1 : 0.2211    map@2 : 0.2174    map@3 : 0.2239    map@4 : 0.2296    map@5 : 0.2348    map@10 : 0.2542    map@20 : 0.2678    map@30 : 0.2734    map@50 : 0.2787
Sun 15 Mar 2026 11:28:06 INFO  Running E-step ! 
Sun 15 Mar 2026 11:28:07 INFO  epoch 121 training [time: 0.23s, train_loss1: 2.4036, train_loss2: 0.0367, train_loss3: 0.0109, train_loss4: 0.0020]
Sun 15 Mar 2026 11:28:07 INFO  epoch 121 evaluating [time: 0.26s, valid_score: 0.339600]
Sun 15 Mar 2026 11:28:07 INFO  valid result: 
recall@1 : 0.1398    recall@2 : 0.2221    recall@3 : 0.2816    recall@4 : 0.3257    recall@5 : 0.3616    recall@10 : 0.4937    recall@20 : 0.6311    recall@30 : 0.6979    recall@50 : 0.7955    ndcg@1 : 0.2211    ndcg@2 : 0.2453    ndcg@3 : 0.2651    ndcg@4 : 0.2804    ndcg@5 : 0.2934    ndcg@10 : 0.3396    ndcg@20 : 0.3805    ndcg@30 : 0.3988    ndcg@50 : 0.422    precision@1 : 0.2211    precision@2 : 0.1833    precision@3 : 0.1595    precision@4 : 0.142    precision@5 : 0.1286    precision@10 : 0.0918    precision@20 : 0.0617    precision@30 : 0.0473    precision@50 : 0.0334    map@1 : 0.2211    map@2 : 0.2177    map@3 : 0.224    map@4 : 0.2301    map@5 : 0.2351    map@10 : 0.2545    map@20 : 0.2682    map@30 : 0.2738    map@50 : 0.2791
Sun 15 Mar 2026 11:28:07 INFO  Running E-step ! 
Sun 15 Mar 2026 11:28:07 INFO  epoch 122 training [time: 0.22s, train_loss1: 2.3381, train_loss2: 0.0366, train_loss3: 0.0109, train_loss4: 0.0020]
Sun 15 Mar 2026 11:28:07 INFO  epoch 122 evaluating [time: 0.26s, valid_score: 0.340100]
Sun 15 Mar 2026 11:28:07 INFO  valid result: 
recall@1 : 0.1393    recall@2 : 0.2223    recall@3 : 0.2814    recall@4 : 0.3276    recall@5 : 0.3635    recall@10 : 0.4952    recall@20 : 0.633    recall@30 : 0.6989    recall@50 : 0.7958    ndcg@1 : 0.2211    ndcg@2 : 0.2455    ndcg@3 : 0.2649    ndcg@4 : 0.2812    ndcg@5 : 0.2942    ndcg@10 : 0.3401    ndcg@20 : 0.3811    ndcg@30 : 0.3991    ndcg@50 : 0.4222    precision@1 : 0.2211    precision@2 : 0.1836    precision@3 : 0.1593    precision@4 : 0.1426    precision@5 : 0.1292    precision@10 : 0.092    precision@20 : 0.0619    precision@30 : 0.0473    precision@50 : 0.0334    map@1 : 0.2211    map@2 : 0.2178    map@3 : 0.2238    map@4 : 0.2305    map@5 : 0.2355    map@10 : 0.2547    map@20 : 0.2684    map@30 : 0.2739    map@50 : 0.2792
Sun 15 Mar 2026 11:28:07 INFO  Saving current: saved/SCL-Mar-15-2026_11-27-03.pth
Sun 15 Mar 2026 11:28:07 INFO  Saving current best: saved/SCL-Mar-15-2026_11-27-03.pth
Sun 15 Mar 2026 11:28:07 INFO  Running E-step ! 
Sun 15 Mar 2026 11:28:08 INFO  epoch 123 training [time: 0.24s, train_loss1: 2.3642, train_loss2: 0.0365, train_loss3: 0.0109, train_loss4: 0.0019]
Sun 15 Mar 2026 11:28:08 INFO  epoch 123 evaluating [time: 0.27s, valid_score: 0.340300]
Sun 15 Mar 2026 11:28:08 INFO  valid result: 
recall@1 : 0.1395    recall@2 : 0.2215    recall@3 : 0.2827    recall@4 : 0.3269    recall@5 : 0.3639    recall@10 : 0.4958    recall@20 : 0.6336    recall@30 : 0.6997    recall@50 : 0.7961    ndcg@1 : 0.2217    ndcg@2 : 0.245    ndcg@3 : 0.2658    ndcg@4 : 0.2809    ndcg@5 : 0.2943    ndcg@10 : 0.3403    ndcg@20 : 0.3814    ndcg@30 : 0.3994    ndcg@50 : 0.4224    precision@1 : 0.2217    precision@2 : 0.183    precision@3 : 0.1603    precision@4 : 0.1423    precision@5 : 0.1292    precision@10 : 0.0921    precision@20 : 0.062    precision@30 : 0.0474    precision@50 : 0.0334    map@1 : 0.2217    map@2 : 0.2175    map@3 : 0.2246    map@4 : 0.2304    map@5 : 0.2357    map@10 : 0.2549    map@20 : 0.2686    map@30 : 0.274    map@50 : 0.2793
Sun 15 Mar 2026 11:28:08 INFO  Saving current: saved/SCL-Mar-15-2026_11-27-03.pth
Sun 15 Mar 2026 11:28:08 INFO  Saving current best: saved/SCL-Mar-15-2026_11-27-03.pth
Sun 15 Mar 2026 11:28:08 INFO  Running E-step ! 
Sun 15 Mar 2026 11:28:08 INFO  epoch 124 training [time: 0.24s, train_loss1: 2.3345, train_loss2: 0.0365, train_loss3: 0.0109, train_loss4: 0.0019]
Sun 15 Mar 2026 11:28:08 INFO  epoch 124 evaluating [time: 0.28s, valid_score: 0.340800]
Sun 15 Mar 2026 11:28:08 INFO  valid result: 
recall@1 : 0.1397    recall@2 : 0.2217    recall@3 : 0.283    recall@4 : 0.3277    recall@5 : 0.3655    recall@10 : 0.4961    recall@20 : 0.6335    recall@30 : 0.7009    recall@50 : 0.7958    ndcg@1 : 0.2229    ndcg@2 : 0.2453    ndcg@3 : 0.2664    ndcg@4 : 0.2817    ndcg@5 : 0.2953    ndcg@10 : 0.3408    ndcg@20 : 0.3817    ndcg@30 : 0.4001    ndcg@50 : 0.4227    precision@1 : 0.2229    precision@2 : 0.183    precision@3 : 0.1607    precision@4 : 0.143    precision@5 : 0.1297    precision@10 : 0.0921    precision@20 : 0.062    precision@30 : 0.0475    precision@50 : 0.0334    map@1 : 0.2229    map@2 : 0.2178    map@3 : 0.2252    map@4 : 0.231    map@5 : 0.2364    map@10 : 0.2553    map@20 : 0.269    map@30 : 0.2745    map@50 : 0.2798
Sun 15 Mar 2026 11:28:08 INFO  Saving current: saved/SCL-Mar-15-2026_11-27-03.pth
Sun 15 Mar 2026 11:28:08 INFO  Saving current best: saved/SCL-Mar-15-2026_11-27-03.pth
Sun 15 Mar 2026 11:28:08 INFO  Running E-step ! 
Sun 15 Mar 2026 11:28:09 INFO  epoch 125 training [time: 0.24s, train_loss1: 2.3312, train_loss2: 0.0364, train_loss3: 0.0109, train_loss4: 0.0019]
Sun 15 Mar 2026 11:28:09 INFO  epoch 125 evaluating [time: 0.27s, valid_score: 0.340900]
Sun 15 Mar 2026 11:28:09 INFO  valid result: 
recall@1 : 0.1391    recall@2 : 0.2218    recall@3 : 0.2838    recall@4 : 0.3268    recall@5 : 0.3666    recall@10 : 0.4972    recall@20 : 0.6338    recall@30 : 0.7012    recall@50 : 0.7961    ndcg@1 : 0.2223    ndcg@2 : 0.2453    ndcg@3 : 0.2667    ndcg@4 : 0.281    ndcg@5 : 0.2956    ndcg@10 : 0.3409    ndcg@20 : 0.3817    ndcg@30 : 0.4001    ndcg@50 : 0.4227    precision@1 : 0.2223    precision@2 : 0.1833    precision@3 : 0.1613    precision@4 : 0.1424    precision@5 : 0.13    precision@10 : 0.0922    precision@20 : 0.062    precision@30 : 0.0475    precision@50 : 0.0335    map@1 : 0.2223    map@2 : 0.2178    map@3 : 0.2254    map@4 : 0.2305    map@5 : 0.2364    map@10 : 0.2552    map@20 : 0.2689    map@30 : 0.2744    map@50 : 0.2797
Sun 15 Mar 2026 11:28:09 INFO  Saving current: saved/SCL-Mar-15-2026_11-27-03.pth
Sun 15 Mar 2026 11:28:09 INFO  Saving current best: saved/SCL-Mar-15-2026_11-27-03.pth
Sun 15 Mar 2026 11:28:09 INFO  Running E-step ! 
Sun 15 Mar 2026 11:28:09 INFO  epoch 126 training [time: 0.23s, train_loss1: 2.3321, train_loss2: 0.0363, train_loss3: 0.0109, train_loss4: 0.0019]
Sun 15 Mar 2026 11:28:09 INFO  epoch 126 evaluating [time: 0.28s, valid_score: 0.341300]
Sun 15 Mar 2026 11:28:09 INFO  valid result: 
recall@1 : 0.1391    recall@2 : 0.2218    recall@3 : 0.2852    recall@4 : 0.3274    recall@5 : 0.3674    recall@10 : 0.4976    recall@20 : 0.634    recall@30 : 0.6995    recall@50 : 0.7959    ndcg@1 : 0.2223    ndcg@2 : 0.2453    ndcg@3 : 0.2675    ndcg@4 : 0.2814    ndcg@5 : 0.2962    ndcg@10 : 0.3413    ndcg@20 : 0.382    ndcg@30 : 0.4    ndcg@50 : 0.4229    precision@1 : 0.2223    precision@2 : 0.1833    precision@3 : 0.1619    precision@4 : 0.1426    precision@5 : 0.1305    precision@10 : 0.0923    precision@20 : 0.062    precision@30 : 0.0474    precision@50 : 0.0334    map@1 : 0.2223    map@2 : 0.2178    map@3 : 0.2259    map@4 : 0.2308    map@5 : 0.2369    map@10 : 0.2556    map@20 : 0.2692    map@30 : 0.2747    map@50 : 0.28
Sun 15 Mar 2026 11:28:09 INFO  Saving current: saved/SCL-Mar-15-2026_11-27-03.pth
Sun 15 Mar 2026 11:28:09 INFO  Saving current best: saved/SCL-Mar-15-2026_11-27-03.pth
Sun 15 Mar 2026 11:28:09 INFO  Running E-step ! 
Sun 15 Mar 2026 11:28:10 INFO  epoch 127 training [time: 0.22s, train_loss1: 2.3198, train_loss2: 0.0363, train_loss3: 0.0109, train_loss4: 0.0019]
Sun 15 Mar 2026 11:28:10 INFO  epoch 127 evaluating [time: 0.28s, valid_score: 0.341900]
Sun 15 Mar 2026 11:28:10 INFO  valid result: 
recall@1 : 0.1399    recall@2 : 0.2227    recall@3 : 0.2852    recall@4 : 0.3279    recall@5 : 0.3671    recall@10 : 0.498    recall@20 : 0.6351    recall@30 : 0.7001    recall@50 : 0.7964    ndcg@1 : 0.2235    ndcg@2 : 0.2465    ndcg@3 : 0.2679    ndcg@4 : 0.2821    ndcg@5 : 0.2966    ndcg@10 : 0.3419    ndcg@20 : 0.3827    ndcg@30 : 0.4006    ndcg@50 : 0.4236    precision@1 : 0.2235    precision@2 : 0.1841    precision@3 : 0.1619    precision@4 : 0.1427    precision@5 : 0.1305    precision@10 : 0.0924    precision@20 : 0.062    precision@30 : 0.0475    precision@50 : 0.0334    map@1 : 0.2235    map@2 : 0.2189    map@3 : 0.2264    map@4 : 0.2314    map@5 : 0.2374    map@10 : 0.2563    map@20 : 0.2698    map@30 : 0.2754    map@50 : 0.2806
Sun 15 Mar 2026 11:28:10 INFO  Saving current: saved/SCL-Mar-15-2026_11-27-03.pth
Sun 15 Mar 2026 11:28:10 INFO  Saving current best: saved/SCL-Mar-15-2026_11-27-03.pth
Sun 15 Mar 2026 11:28:10 INFO  Running E-step ! 
Sun 15 Mar 2026 11:28:10 INFO  epoch 128 training [time: 0.22s, train_loss1: 2.3126, train_loss2: 0.0362, train_loss3: 0.0109, train_loss4: 0.0019]
Sun 15 Mar 2026 11:28:10 INFO  epoch 128 evaluating [time: 0.28s, valid_score: 0.341900]
Sun 15 Mar 2026 11:28:10 INFO  valid result: 
recall@1 : 0.1393    recall@2 : 0.2247    recall@3 : 0.285    recall@4 : 0.3281    recall@5 : 0.3691    recall@10 : 0.4978    recall@20 : 0.6352    recall@30 : 0.6998    recall@50 : 0.7962    ndcg@1 : 0.2229    ndcg@2 : 0.2476    ndcg@3 : 0.268    ndcg@4 : 0.2822    ndcg@5 : 0.2974    ndcg@10 : 0.3419    ndcg@20 : 0.3829    ndcg@30 : 0.4007    ndcg@50 : 0.4236    precision@1 : 0.2229    precision@2 : 0.1853    precision@3 : 0.1621    precision@4 : 0.1427    precision@5 : 0.1311    precision@10 : 0.0923    precision@20 : 0.062    precision@30 : 0.0474    precision@50 : 0.0334    map@1 : 0.2229    map@2 : 0.2196    map@3 : 0.2264    map@4 : 0.2315    map@5 : 0.2378    map@10 : 0.2563    map@20 : 0.2699    map@30 : 0.2754    map@50 : 0.2807
Sun 15 Mar 2026 11:28:10 INFO  Saving current: saved/SCL-Mar-15-2026_11-27-03.pth
Sun 15 Mar 2026 11:28:10 INFO  Saving current best: saved/SCL-Mar-15-2026_11-27-03.pth
Sun 15 Mar 2026 11:28:10 INFO  Running E-step ! 
Sun 15 Mar 2026 11:28:11 INFO  epoch 129 training [time: 0.24s, train_loss1: 2.3480, train_loss2: 0.0361, train_loss3: 0.0109, train_loss4: 0.0019]
Sun 15 Mar 2026 11:28:11 INFO  epoch 129 evaluating [time: 0.27s, valid_score: 0.342200]
Sun 15 Mar 2026 11:28:11 INFO  valid result: 
recall@1 : 0.1387    recall@2 : 0.2251    recall@3 : 0.2841    recall@4 : 0.3283    recall@5 : 0.3696    recall@10 : 0.4988    recall@20 : 0.6352    recall@30 : 0.7017    recall@50 : 0.7975    ndcg@1 : 0.2223    ndcg@2 : 0.2476    ndcg@3 : 0.2675    ndcg@4 : 0.2821    ndcg@5 : 0.2975    ndcg@10 : 0.3422    ndcg@20 : 0.3828    ndcg@30 : 0.4011    ndcg@50 : 0.4238    precision@1 : 0.2223    precision@2 : 0.1856    precision@3 : 0.1621    precision@4 : 0.1427    precision@5 : 0.1312    precision@10 : 0.0926    precision@20 : 0.062    precision@30 : 0.0476    precision@50 : 0.0335    map@1 : 0.2223    map@2 : 0.2192    map@3 : 0.2258    map@4 : 0.2312    map@5 : 0.2376    map@10 : 0.2563    map@20 : 0.2698    map@30 : 0.2753    map@50 : 0.2806
Sun 15 Mar 2026 11:28:11 INFO  Saving current: saved/SCL-Mar-15-2026_11-27-03.pth
Sun 15 Mar 2026 11:28:11 INFO  Saving current best: saved/SCL-Mar-15-2026_11-27-03.pth
Sun 15 Mar 2026 11:28:11 INFO  Running E-step ! 
Sun 15 Mar 2026 11:28:11 INFO  epoch 130 training [time: 0.27s, train_loss1: 2.3102, train_loss2: 0.0360, train_loss3: 0.0109, train_loss4: 0.0018]
Sun 15 Mar 2026 11:28:12 INFO  epoch 130 evaluating [time: 0.40s, valid_score: 0.342100]
Sun 15 Mar 2026 11:28:12 INFO  valid result: 
recall@1 : 0.1393    recall@2 : 0.2252    recall@3 : 0.2851    recall@4 : 0.3291    recall@5 : 0.3693    recall@10 : 0.497    recall@20 : 0.6352    recall@30 : 0.7025    recall@50 : 0.7974    ndcg@1 : 0.2229    ndcg@2 : 0.2481    ndcg@3 : 0.2683    ndcg@4 : 0.2829    ndcg@5 : 0.2977    ndcg@10 : 0.3421    ndcg@20 : 0.3833    ndcg@30 : 0.4017    ndcg@50 : 0.4244    precision@1 : 0.2229    precision@2 : 0.1859    precision@3 : 0.1625    precision@4 : 0.1433    precision@5 : 0.1311    precision@10 : 0.0922    precision@20 : 0.062    precision@30 : 0.0476    precision@50 : 0.0335    map@1 : 0.2229    map@2 : 0.2198    map@3 : 0.2264    map@4 : 0.2319    map@5 : 0.2381    map@10 : 0.2566    map@20 : 0.2703    map@30 : 0.276    map@50 : 0.2812
Sun 15 Mar 2026 11:28:12 INFO  Running E-step ! 
Sun 15 Mar 2026 11:28:12 INFO  epoch 131 training [time: 0.24s, train_loss1: 2.3313, train_loss2: 0.0360, train_loss3: 0.0109, train_loss4: 0.0018]
Sun 15 Mar 2026 11:28:12 INFO  epoch 131 evaluating [time: 0.15s, valid_score: 0.342000]
Sun 15 Mar 2026 11:28:12 INFO  valid result: 
recall@1 : 0.1399    recall@2 : 0.2248    recall@3 : 0.2851    recall@4 : 0.3296    recall@5 : 0.3696    recall@10 : 0.4964    recall@20 : 0.6353    recall@30 : 0.7017    recall@50 : 0.7971    ndcg@1 : 0.2235    ndcg@2 : 0.2481    ndcg@3 : 0.2683    ndcg@4 : 0.2832    ndcg@5 : 0.2979    ndcg@10 : 0.342    ndcg@20 : 0.3835    ndcg@30 : 0.4018    ndcg@50 : 0.4245    precision@1 : 0.2235    precision@2 : 0.1856    precision@3 : 0.1623    precision@4 : 0.1435    precision@5 : 0.1311    precision@10 : 0.0921    precision@20 : 0.062    precision@30 : 0.0476    precision@50 : 0.0335    map@1 : 0.2235    map@2 : 0.2199    map@3 : 0.2266    map@4 : 0.2321    map@5 : 0.2384    map@10 : 0.2568    map@20 : 0.2706    map@30 : 0.2762    map@50 : 0.2815
Sun 15 Mar 2026 11:28:12 INFO  Running E-step ! 
Sun 15 Mar 2026 11:28:12 INFO  epoch 132 training [time: 0.20s, train_loss1: 2.3042, train_loss2: 0.0359, train_loss3: 0.0109, train_loss4: 0.0018]
Sun 15 Mar 2026 11:28:13 INFO  epoch 132 evaluating [time: 0.27s, valid_score: 0.341800]
Sun 15 Mar 2026 11:28:13 INFO  valid result: 
recall@1 : 0.1394    recall@2 : 0.2243    recall@3 : 0.2862    recall@4 : 0.3303    recall@5 : 0.37    recall@10 : 0.4959    recall@20 : 0.6356    recall@30 : 0.7018    recall@50 : 0.7974    ndcg@1 : 0.2223    ndcg@2 : 0.2474    ndcg@3 : 0.2686    ndcg@4 : 0.2834    ndcg@5 : 0.2978    ndcg@10 : 0.3418    ndcg@20 : 0.3834    ndcg@30 : 0.4017    ndcg@50 : 0.4244    precision@1 : 0.2223    precision@2 : 0.1853    precision@3 : 0.1627    precision@4 : 0.1438    precision@5 : 0.131    precision@10 : 0.0921    precision@20 : 0.0621    precision@30 : 0.0476    precision@50 : 0.0335    map@1 : 0.2223    map@2 : 0.2195    map@3 : 0.2267    map@4 : 0.2321    map@5 : 0.2382    map@10 : 0.2566    map@20 : 0.2705    map@30 : 0.2761    map@50 : 0.2814
Sun 15 Mar 2026 11:28:13 INFO  Running E-step ! 
Sun 15 Mar 2026 11:28:13 INFO  epoch 133 training [time: 0.22s, train_loss1: 2.2676, train_loss2: 0.0358, train_loss3: 0.0109, train_loss4: 0.0018]
Sun 15 Mar 2026 11:28:13 INFO  epoch 133 evaluating [time: 0.28s, valid_score: 0.342100]
Sun 15 Mar 2026 11:28:13 INFO  valid result: 
recall@1 : 0.1399    recall@2 : 0.225    recall@3 : 0.2869    recall@4 : 0.3312    recall@5 : 0.3697    recall@10 : 0.4954    recall@20 : 0.6362    recall@30 : 0.7013    recall@50 : 0.7994    ndcg@1 : 0.2241    ndcg@2 : 0.2483    ndcg@3 : 0.2695    ndcg@4 : 0.2841    ndcg@5 : 0.2982    ndcg@10 : 0.3421    ndcg@20 : 0.3841    ndcg@30 : 0.4021    ndcg@50 : 0.4253    precision@1 : 0.2241    precision@2 : 0.1859    precision@3 : 0.1631    precision@4 : 0.1438    precision@5 : 0.131    precision@10 : 0.0921    precision@20 : 0.0621    precision@30 : 0.0475    precision@50 : 0.0335    map@1 : 0.2241    map@2 : 0.2202    map@3 : 0.2275    map@4 : 0.2328    map@5 : 0.2387    map@10 : 0.2571    map@20 : 0.2711    map@30 : 0.2766    map@50 : 0.282
Sun 15 Mar 2026 11:28:13 INFO  Running E-step ! 
Sun 15 Mar 2026 11:28:13 INFO  epoch 134 training [time: 0.23s, train_loss1: 2.2890, train_loss2: 0.0357, train_loss3: 0.0109, train_loss4: 0.0019]
Sun 15 Mar 2026 11:28:14 INFO  epoch 134 evaluating [time: 0.28s, valid_score: 0.343200]
Sun 15 Mar 2026 11:28:14 INFO  valid result: 
recall@1 : 0.1405    recall@2 : 0.2275    recall@3 : 0.2879    recall@4 : 0.3311    recall@5 : 0.3701    recall@10 : 0.4963    recall@20 : 0.6362    recall@30 : 0.702    recall@50 : 0.7985    ndcg@1 : 0.2247    ndcg@2 : 0.2503    ndcg@3 : 0.2706    ndcg@4 : 0.2849    ndcg@5 : 0.2991    ndcg@10 : 0.3432    ndcg@20 : 0.3849    ndcg@30 : 0.4029    ndcg@50 : 0.426    precision@1 : 0.2247    precision@2 : 0.1877    precision@3 : 0.1637    precision@4 : 0.1441    precision@5 : 0.1312    precision@10 : 0.0924    precision@20 : 0.0622    precision@30 : 0.0475    precision@50 : 0.0336    map@1 : 0.2247    map@2 : 0.222    map@3 : 0.2287    map@4 : 0.2337    map@5 : 0.2398    map@10 : 0.2581    map@20 : 0.2721    map@30 : 0.2776    map@50 : 0.283
Sun 15 Mar 2026 11:28:14 INFO  Saving current: saved/SCL-Mar-15-2026_11-27-03.pth
Sun 15 Mar 2026 11:28:14 INFO  Saving current best: saved/SCL-Mar-15-2026_11-27-03.pth
Sun 15 Mar 2026 11:28:14 INFO  Running E-step ! 
Sun 15 Mar 2026 11:28:14 INFO  epoch 135 training [time: 0.21s, train_loss1: 2.3205, train_loss2: 0.0357, train_loss3: 0.0109, train_loss4: 0.0018]
Sun 15 Mar 2026 11:28:14 INFO  epoch 135 evaluating [time: 0.27s, valid_score: 0.343500]
Sun 15 Mar 2026 11:28:14 INFO  valid result: 
recall@1 : 0.1409    recall@2 : 0.2281    recall@3 : 0.289    recall@4 : 0.3333    recall@5 : 0.3681    recall@10 : 0.4962    recall@20 : 0.638    recall@30 : 0.7019    recall@50 : 0.7995    ndcg@1 : 0.2241    ndcg@2 : 0.2507    ndcg@3 : 0.2713    ndcg@4 : 0.2861    ndcg@5 : 0.2985    ndcg@10 : 0.3435    ndcg@20 : 0.3856    ndcg@30 : 0.4033    ndcg@50 : 0.4265    precision@1 : 0.2241    precision@2 : 0.188    precision@3 : 0.1641    precision@4 : 0.1448    precision@5 : 0.1306    precision@10 : 0.0924    precision@20 : 0.0623    precision@30 : 0.0475    precision@50 : 0.0336    map@1 : 0.2241    map@2 : 0.2223    map@3 : 0.2293    map@4 : 0.2347    map@5 : 0.2399    map@10 : 0.2586    map@20 : 0.2727    map@30 : 0.2781    map@50 : 0.2835
Sun 15 Mar 2026 11:28:14 INFO  Saving current: saved/SCL-Mar-15-2026_11-27-03.pth
Sun 15 Mar 2026 11:28:14 INFO  Saving current best: saved/SCL-Mar-15-2026_11-27-03.pth
Sun 15 Mar 2026 11:28:14 INFO  Running E-step ! 
Sun 15 Mar 2026 11:28:14 INFO  epoch 136 training [time: 0.22s, train_loss1: 2.2754, train_loss2: 0.0356, train_loss3: 0.0109, train_loss4: 0.0018]
Sun 15 Mar 2026 11:28:15 INFO  epoch 136 evaluating [time: 0.27s, valid_score: 0.343300]
Sun 15 Mar 2026 11:28:15 INFO  valid result: 
recall@1 : 0.1409    recall@2 : 0.227    recall@3 : 0.2916    recall@4 : 0.3347    recall@5 : 0.3685    recall@10 : 0.4953    recall@20 : 0.6382    recall@30 : 0.7011    recall@50 : 0.797    ndcg@1 : 0.2241    ndcg@2 : 0.2501    ndcg@3 : 0.2725    ndcg@4 : 0.2869    ndcg@5 : 0.299    ndcg@10 : 0.3433    ndcg@20 : 0.3858    ndcg@30 : 0.4032    ndcg@50 : 0.4262    precision@1 : 0.2241    precision@2 : 0.1877    precision@3 : 0.1653    precision@4 : 0.1454    precision@5 : 0.131    precision@10 : 0.0923    precision@20 : 0.0624    precision@30 : 0.0475    precision@50 : 0.0335    map@1 : 0.2241    map@2 : 0.2218    map@3 : 0.23    map@4 : 0.2352    map@5 : 0.2402    map@10 : 0.2587    map@20 : 0.2729    map@30 : 0.2782    map@50 : 0.2836
Sun 15 Mar 2026 11:28:15 INFO  Running E-step ! 
Sun 15 Mar 2026 11:28:15 INFO  epoch 137 training [time: 0.21s, train_loss1: 2.2879, train_loss2: 0.0355, train_loss3: 0.0109, train_loss4: 0.0019]
Sun 15 Mar 2026 11:28:15 INFO  epoch 137 evaluating [time: 0.28s, valid_score: 0.344100]
Sun 15 Mar 2026 11:28:15 INFO  valid result: 
recall@1 : 0.1414    recall@2 : 0.227    recall@3 : 0.2929    recall@4 : 0.3359    recall@5 : 0.3681    recall@10 : 0.4968    recall@20 : 0.6388    recall@30 : 0.7018    recall@50 : 0.796    ndcg@1 : 0.2253    ndcg@2 : 0.2504    ndcg@3 : 0.2735    ndcg@4 : 0.288    ndcg@5 : 0.2993    ndcg@10 : 0.3441    ndcg@20 : 0.3865    ndcg@30 : 0.4039    ndcg@50 : 0.4265    precision@1 : 0.2253    precision@2 : 0.1877    precision@3 : 0.1661    precision@4 : 0.1462    precision@5 : 0.1311    precision@10 : 0.0923    precision@20 : 0.0625    precision@30 : 0.0476    precision@50 : 0.0335    map@1 : 0.2253    map@2 : 0.2221    map@3 : 0.2308    map@4 : 0.2362    map@5 : 0.2408    map@10 : 0.2592    map@20 : 0.2736    map@30 : 0.2789    map@50 : 0.2842
Sun 15 Mar 2026 11:28:15 INFO  Saving current: saved/SCL-Mar-15-2026_11-27-03.pth
Sun 15 Mar 2026 11:28:15 INFO  Saving current best: saved/SCL-Mar-15-2026_11-27-03.pth
Sun 15 Mar 2026 11:28:15 INFO  Running E-step ! 
Sun 15 Mar 2026 11:28:15 INFO  epoch 138 training [time: 0.21s, train_loss1: 2.2710, train_loss2: 0.0354, train_loss3: 0.0109, train_loss4: 0.0019]
Sun 15 Mar 2026 11:28:16 INFO  epoch 138 evaluating [time: 0.27s, valid_score: 0.344100]
Sun 15 Mar 2026 11:28:16 INFO  valid result: 
recall@1 : 0.1408    recall@2 : 0.227    recall@3 : 0.2931    recall@4 : 0.3376    recall@5 : 0.3678    recall@10 : 0.497    recall@20 : 0.6388    recall@30 : 0.702    recall@50 : 0.7965    ndcg@1 : 0.2253    ndcg@2 : 0.2503    ndcg@3 : 0.2735    ndcg@4 : 0.2886    ndcg@5 : 0.2991    ndcg@10 : 0.3441    ndcg@20 : 0.3864    ndcg@30 : 0.4039    ndcg@50 : 0.4265    precision@1 : 0.2253    precision@2 : 0.1877    precision@3 : 0.1663    precision@4 : 0.1466    precision@5 : 0.1311    precision@10 : 0.0924    precision@20 : 0.0625    precision@30 : 0.0476    precision@50 : 0.0335    map@1 : 0.2253    map@2 : 0.222    map@3 : 0.2308    map@4 : 0.2364    map@5 : 0.2405    map@10 : 0.2591    map@20 : 0.2734    map@30 : 0.2787    map@50 : 0.284
Sun 15 Mar 2026 11:28:16 INFO  Saving current: saved/SCL-Mar-15-2026_11-27-03.pth
Sun 15 Mar 2026 11:28:16 INFO  Saving current best: saved/SCL-Mar-15-2026_11-27-03.pth
Sun 15 Mar 2026 11:28:16 INFO  Running E-step ! 
Sun 15 Mar 2026 11:28:16 INFO  epoch 139 training [time: 0.21s, train_loss1: 2.2586, train_loss2: 0.0354, train_loss3: 0.0109, train_loss4: 0.0018]
Sun 15 Mar 2026 11:28:16 INFO  epoch 139 evaluating [time: 0.26s, valid_score: 0.344700]
Sun 15 Mar 2026 11:28:16 INFO  valid result: 
recall@1 : 0.1413    recall@2 : 0.2267    recall@3 : 0.2939    recall@4 : 0.3382    recall@5 : 0.3686    recall@10 : 0.4973    recall@20 : 0.6394    recall@30 : 0.7012    recall@50 : 0.7982    ndcg@1 : 0.2271    ndcg@2 : 0.2505    ndcg@3 : 0.2744    ndcg@4 : 0.2891    ndcg@5 : 0.2998    ndcg@10 : 0.3447    ndcg@20 : 0.3871    ndcg@30 : 0.4042    ndcg@50 : 0.4273    precision@1 : 0.2271    precision@2 : 0.1874    precision@3 : 0.1669    precision@4 : 0.1468    precision@5 : 0.1313    precision@10 : 0.0926    precision@20 : 0.0626    precision@30 : 0.0476    precision@50 : 0.0336    map@1 : 0.2271    map@2 : 0.2223    map@3 : 0.2316    map@4 : 0.2369    map@5 : 0.2411    map@10 : 0.2597    map@20 : 0.274    map@30 : 0.2792    map@50 : 0.2846
Sun 15 Mar 2026 11:28:16 INFO  Saving current: saved/SCL-Mar-15-2026_11-27-03.pth
Sun 15 Mar 2026 11:28:16 INFO  Saving current best: saved/SCL-Mar-15-2026_11-27-03.pth
Sun 15 Mar 2026 11:28:16 INFO  Running E-step ! 
Sun 15 Mar 2026 11:28:16 INFO  epoch 140 training [time: 0.21s, train_loss1: 2.2418, train_loss2: 0.0353, train_loss3: 0.0109, train_loss4: 0.0018]
Sun 15 Mar 2026 11:28:17 INFO  epoch 140 evaluating [time: 0.28s, valid_score: 0.345400]
Sun 15 Mar 2026 11:28:17 INFO  valid result: 
recall@1 : 0.1426    recall@2 : 0.2261    recall@3 : 0.2941    recall@4 : 0.3388    recall@5 : 0.3707    recall@10 : 0.4981    recall@20 : 0.6388    recall@30 : 0.7012    recall@50 : 0.7972    ndcg@1 : 0.2282    ndcg@2 : 0.2506    ndcg@3 : 0.2748    ndcg@4 : 0.2897    ndcg@5 : 0.301    ndcg@10 : 0.3454    ndcg@20 : 0.3874    ndcg@30 : 0.4047    ndcg@50 : 0.4277    precision@1 : 0.2282    precision@2 : 0.1871    precision@3 : 0.1669    precision@4 : 0.1468    precision@5 : 0.1316    precision@10 : 0.0927    precision@20 : 0.0625    precision@30 : 0.0476    precision@50 : 0.0335    map@1 : 0.2282    map@2 : 0.2226    map@3 : 0.232    map@4 : 0.2375    map@5 : 0.242    map@10 : 0.2604    map@20 : 0.2746    map@30 : 0.2799    map@50 : 0.2852
Sun 15 Mar 2026 11:28:17 INFO  Saving current: saved/SCL-Mar-15-2026_11-27-03.pth
Sun 15 Mar 2026 11:28:17 INFO  Saving current best: saved/SCL-Mar-15-2026_11-27-03.pth
Sun 15 Mar 2026 11:28:17 INFO  Running E-step ! 
Sun 15 Mar 2026 11:28:17 INFO  epoch 141 training [time: 0.20s, train_loss1: 2.2432, train_loss2: 0.0352, train_loss3: 0.0109, train_loss4: 0.0018]
Sun 15 Mar 2026 11:28:17 INFO  epoch 141 evaluating [time: 0.26s, valid_score: 0.346100]
Sun 15 Mar 2026 11:28:17 INFO  valid result: 
recall@1 : 0.1426    recall@2 : 0.2275    recall@3 : 0.2954    recall@4 : 0.3382    recall@5 : 0.3705    recall@10 : 0.4993    recall@20 : 0.639    recall@30 : 0.7017    recall@50 : 0.7975    ndcg@1 : 0.2282    ndcg@2 : 0.2516    ndcg@3 : 0.2756    ndcg@4 : 0.2897    ndcg@5 : 0.3011    ndcg@10 : 0.3461    ndcg@20 : 0.3878    ndcg@30 : 0.4051    ndcg@50 : 0.428    precision@1 : 0.2282    precision@2 : 0.1883    precision@3 : 0.1673    precision@4 : 0.1466    precision@5 : 0.1315    precision@10 : 0.0928    precision@20 : 0.0626    precision@30 : 0.0476    precision@50 : 0.0336    map@1 : 0.2282    map@2 : 0.2236    map@3 : 0.2326    map@4 : 0.2377    map@5 : 0.2423    map@10 : 0.2609    map@20 : 0.275    map@30 : 0.2803    map@50 : 0.2856
Sun 15 Mar 2026 11:28:17 INFO  Saving current: saved/SCL-Mar-15-2026_11-27-03.pth
Sun 15 Mar 2026 11:28:17 INFO  Saving current best: saved/SCL-Mar-15-2026_11-27-03.pth
Sun 15 Mar 2026 11:28:17 INFO  Running E-step ! 
Sun 15 Mar 2026 11:28:17 INFO  epoch 142 training [time: 0.20s, train_loss1: 2.2382, train_loss2: 0.0352, train_loss3: 0.0109, train_loss4: 0.0018]
Sun 15 Mar 2026 11:28:18 INFO  epoch 142 evaluating [time: 0.27s, valid_score: 0.346400]
Sun 15 Mar 2026 11:28:18 INFO  valid result: 
recall@1 : 0.1424    recall@2 : 0.2283    recall@3 : 0.296    recall@4 : 0.3383    recall@5 : 0.3711    recall@10 : 0.4996    recall@20 : 0.6385    recall@30 : 0.7024    recall@50 : 0.7983    ndcg@1 : 0.2288    ndcg@2 : 0.2523    ndcg@3 : 0.2761    ndcg@4 : 0.29    ndcg@5 : 0.3016    ndcg@10 : 0.3464    ndcg@20 : 0.388    ndcg@30 : 0.4055    ndcg@50 : 0.4284    precision@1 : 0.2288    precision@2 : 0.1889    precision@3 : 0.1677    precision@4 : 0.1468    precision@5 : 0.1317    precision@10 : 0.0929    precision@20 : 0.0626    precision@30 : 0.0476    precision@50 : 0.0336    map@1 : 0.2288    map@2 : 0.2241    map@3 : 0.2329    map@4 : 0.2379    map@5 : 0.2426    map@10 : 0.2611    map@20 : 0.2752    map@30 : 0.2805    map@50 : 0.2859
Sun 15 Mar 2026 11:28:18 INFO  Saving current: saved/SCL-Mar-15-2026_11-27-03.pth
Sun 15 Mar 2026 11:28:18 INFO  Saving current best: saved/SCL-Mar-15-2026_11-27-03.pth
Sun 15 Mar 2026 11:28:18 INFO  Running E-step ! 
Sun 15 Mar 2026 11:28:18 INFO  epoch 143 training [time: 0.21s, train_loss1: 2.2225, train_loss2: 0.0351, train_loss3: 0.0109, train_loss4: 0.0018]
Sun 15 Mar 2026 11:28:18 INFO  epoch 143 evaluating [time: 0.28s, valid_score: 0.346500]
Sun 15 Mar 2026 11:28:18 INFO  valid result: 
recall@1 : 0.1421    recall@2 : 0.2285    recall@3 : 0.2959    recall@4 : 0.3389    recall@5 : 0.3721    recall@10 : 0.4999    recall@20 : 0.6392    recall@30 : 0.7048    recall@50 : 0.797    ndcg@1 : 0.2282    ndcg@2 : 0.2522    ndcg@3 : 0.276    ndcg@4 : 0.2902    ndcg@5 : 0.3019    ndcg@10 : 0.3465    ndcg@20 : 0.3881    ndcg@30 : 0.406    ndcg@50 : 0.4282    precision@1 : 0.2282    precision@2 : 0.1889    precision@3 : 0.1677    precision@4 : 0.1472    precision@5 : 0.1321    precision@10 : 0.0931    precision@20 : 0.0626    precision@30 : 0.0477    precision@50 : 0.0336    map@1 : 0.2282    map@2 : 0.2238    map@3 : 0.2327    map@4 : 0.238    map@5 : 0.2426    map@10 : 0.2612    map@20 : 0.2752    map@30 : 0.2806    map@50 : 0.2859
Sun 15 Mar 2026 11:28:18 INFO  Saving current: saved/SCL-Mar-15-2026_11-27-03.pth
Sun 15 Mar 2026 11:28:18 INFO  Saving current best: saved/SCL-Mar-15-2026_11-27-03.pth
Sun 15 Mar 2026 11:28:18 INFO  Running E-step ! 
Sun 15 Mar 2026 11:28:18 INFO  epoch 144 training [time: 0.25s, train_loss1: 2.2422, train_loss2: 0.0350, train_loss3: 0.0109, train_loss4: 0.0017]
Sun 15 Mar 2026 11:28:19 INFO  epoch 144 evaluating [time: 0.42s, valid_score: 0.347000]
Sun 15 Mar 2026 11:28:19 INFO  valid result: 
recall@1 : 0.1419    recall@2 : 0.23    recall@3 : 0.2961    recall@4 : 0.3407    recall@5 : 0.3721    recall@10 : 0.5007    recall@20 : 0.6387    recall@30 : 0.705    recall@50 : 0.7969    ndcg@1 : 0.2277    ndcg@2 : 0.253    ndcg@3 : 0.2763    ndcg@4 : 0.2913    ndcg@5 : 0.3022    ndcg@10 : 0.347    ndcg@20 : 0.3883    ndcg@30 : 0.4064    ndcg@50 : 0.4285    precision@1 : 0.2277    precision@2 : 0.1898    precision@3 : 0.1681    precision@4 : 0.1479    precision@5 : 0.1322    precision@10 : 0.0931    precision@20 : 0.0626    precision@30 : 0.0477    precision@50 : 0.0336    map@1 : 0.2277    map@2 : 0.2245    map@3 : 0.2331    map@4 : 0.2387    map@5 : 0.2431    map@10 : 0.2616    map@20 : 0.2756    map@30 : 0.281    map@50 : 0.2863
Sun 15 Mar 2026 11:28:19 INFO  Saving current: saved/SCL-Mar-15-2026_11-27-03.pth
Sun 15 Mar 2026 11:28:19 INFO  Saving current best: saved/SCL-Mar-15-2026_11-27-03.pth
Sun 15 Mar 2026 11:28:19 INFO  Running E-step ! 
Sun 15 Mar 2026 11:28:19 INFO  epoch 145 training [time: 0.24s, train_loss1: 2.2217, train_loss2: 0.0350, train_loss3: 0.0109, train_loss4: 0.0017]
Sun 15 Mar 2026 11:28:19 INFO  epoch 145 evaluating [time: 0.14s, valid_score: 0.347100]
Sun 15 Mar 2026 11:28:19 INFO  valid result: 
recall@1 : 0.1427    recall@2 : 0.2285    recall@3 : 0.2957    recall@4 : 0.3409    recall@5 : 0.3713    recall@10 : 0.5008    recall@20 : 0.6392    recall@30 : 0.7044    recall@50 : 0.7966    ndcg@1 : 0.2288    ndcg@2 : 0.2525    ndcg@3 : 0.2763    ndcg@4 : 0.2915    ndcg@5 : 0.3021    ndcg@10 : 0.3471    ndcg@20 : 0.3886    ndcg@30 : 0.4064    ndcg@50 : 0.4287    precision@1 : 0.2288    precision@2 : 0.1892    precision@3 : 0.1681    precision@4 : 0.1481    precision@5 : 0.1321    precision@10 : 0.0932    precision@20 : 0.0627    precision@30 : 0.0477    precision@50 : 0.0336    map@1 : 0.2288    map@2 : 0.2244    map@3 : 0.2332    map@4 : 0.239    map@5 : 0.2431    map@10 : 0.2619    map@20 : 0.2758    map@30 : 0.2812    map@50 : 0.2865
Sun 15 Mar 2026 11:28:19 INFO  Saving current: saved/SCL-Mar-15-2026_11-27-03.pth
Sun 15 Mar 2026 11:28:19 INFO  Saving current best: saved/SCL-Mar-15-2026_11-27-03.pth
Sun 15 Mar 2026 11:28:19 INFO  Running E-step ! 
Sun 15 Mar 2026 11:28:19 INFO  epoch 146 training [time: 0.23s, train_loss1: 2.2367, train_loss2: 0.0349, train_loss3: 0.0109, train_loss4: 0.0018]
Sun 15 Mar 2026 11:28:20 INFO  epoch 146 evaluating [time: 0.26s, valid_score: 0.347600]
Sun 15 Mar 2026 11:28:20 INFO  valid result: 
recall@1 : 0.1433    recall@2 : 0.2285    recall@3 : 0.296    recall@4 : 0.3411    recall@5 : 0.3716    recall@10 : 0.5015    recall@20 : 0.6394    recall@30 : 0.704    recall@50 : 0.7975    ndcg@1 : 0.23    ndcg@2 : 0.2528    ndcg@3 : 0.2765    ndcg@4 : 0.2919    ndcg@5 : 0.3024    ndcg@10 : 0.3476    ndcg@20 : 0.389    ndcg@30 : 0.4066    ndcg@50 : 0.4291    precision@1 : 0.23    precision@2 : 0.1892    precision@3 : 0.1677    precision@4 : 0.1482    precision@5 : 0.1321    precision@10 : 0.0933    precision@20 : 0.0628    precision@30 : 0.0477    precision@50 : 0.0336    map@1 : 0.23    map@2 : 0.2248    map@3 : 0.2334    map@4 : 0.2393    map@5 : 0.2435    map@10 : 0.2622    map@20 : 0.2762    map@30 : 0.2815    map@50 : 0.2869
Sun 15 Mar 2026 11:28:20 INFO  Saving current: saved/SCL-Mar-15-2026_11-27-03.pth
Sun 15 Mar 2026 11:28:20 INFO  Saving current best: saved/SCL-Mar-15-2026_11-27-03.pth
Sun 15 Mar 2026 11:28:20 INFO  Running E-step ! 
Sun 15 Mar 2026 11:28:20 INFO  epoch 147 training [time: 0.23s, train_loss1: 2.1854, train_loss2: 0.0348, train_loss3: 0.0109, train_loss4: 0.0017]
Sun 15 Mar 2026 11:28:20 INFO  epoch 147 evaluating [time: 0.28s, valid_score: 0.348200]
Sun 15 Mar 2026 11:28:20 INFO  valid result: 
recall@1 : 0.1442    recall@2 : 0.2291    recall@3 : 0.2974    recall@4 : 0.3409    recall@5 : 0.3712    recall@10 : 0.5017    recall@20 : 0.6392    recall@30 : 0.7036    recall@50 : 0.797    ndcg@1 : 0.2312    ndcg@2 : 0.2536    ndcg@3 : 0.2776    ndcg@4 : 0.2924    ndcg@5 : 0.3029    ndcg@10 : 0.3482    ndcg@20 : 0.3894    ndcg@30 : 0.4071    ndcg@50 : 0.4296    precision@1 : 0.2312    precision@2 : 0.1895    precision@3 : 0.1681    precision@4 : 0.1481    precision@5 : 0.1322    precision@10 : 0.0934    precision@20 : 0.0627    precision@30 : 0.0477    precision@50 : 0.0336    map@1 : 0.2312    map@2 : 0.2256    map@3 : 0.2344    map@4 : 0.2399    map@5 : 0.2441    map@10 : 0.2629    map@20 : 0.2769    map@30 : 0.2822    map@50 : 0.2875
Sun 15 Mar 2026 11:28:20 INFO  Saving current: saved/SCL-Mar-15-2026_11-27-03.pth
Sun 15 Mar 2026 11:28:20 INFO  Saving current best: saved/SCL-Mar-15-2026_11-27-03.pth
Sun 15 Mar 2026 11:28:20 INFO  Running E-step ! 
Sun 15 Mar 2026 11:28:20 INFO  epoch 148 training [time: 0.21s, train_loss1: 2.2127, train_loss2: 0.0348, train_loss3: 0.0110, train_loss4: 0.0017]
Sun 15 Mar 2026 11:28:21 INFO  epoch 148 evaluating [time: 0.27s, valid_score: 0.347900]
Sun 15 Mar 2026 11:28:21 INFO  valid result: 
recall@1 : 0.1433    recall@2 : 0.2294    recall@3 : 0.2962    recall@4 : 0.3402    recall@5 : 0.3719    recall@10 : 0.5018    recall@20 : 0.6393    recall@30 : 0.7026    recall@50 : 0.7974    ndcg@1 : 0.2294    ndcg@2 : 0.2533    ndcg@3 : 0.2767    ndcg@4 : 0.2917    ndcg@5 : 0.3027    ndcg@10 : 0.3479    ndcg@20 : 0.3891    ndcg@30 : 0.4066    ndcg@50 : 0.4293    precision@1 : 0.2294    precision@2 : 0.1898    precision@3 : 0.1677    precision@4 : 0.1481    precision@5 : 0.1322    precision@10 : 0.0934    precision@20 : 0.0627    precision@30 : 0.0477    precision@50 : 0.0336    map@1 : 0.2294    map@2 : 0.2251    map@3 : 0.2336    map@4 : 0.2393    map@5 : 0.2437    map@10 : 0.2624    map@20 : 0.2764    map@30 : 0.2817    map@50 : 0.2871
Sun 15 Mar 2026 11:28:21 INFO  Running E-step ! 
Sun 15 Mar 2026 11:28:21 INFO  epoch 149 training [time: 0.22s, train_loss1: 2.1889, train_loss2: 0.0347, train_loss3: 0.0110, train_loss4: 0.0017]
Sun 15 Mar 2026 11:28:21 INFO  epoch 149 evaluating [time: 0.27s, valid_score: 0.348400]
Sun 15 Mar 2026 11:28:21 INFO  valid result: 
recall@1 : 0.1429    recall@2 : 0.2289    recall@3 : 0.2974    recall@4 : 0.3414    recall@5 : 0.3709    recall@10 : 0.5036    recall@20 : 0.6381    recall@30 : 0.7043    recall@50 : 0.7973    ndcg@1 : 0.2294    ndcg@2 : 0.2531    ndcg@3 : 0.2771    ndcg@4 : 0.2923    ndcg@5 : 0.3022    ndcg@10 : 0.3484    ndcg@20 : 0.3888    ndcg@30 : 0.407    ndcg@50 : 0.4293    precision@1 : 0.2294    precision@2 : 0.1898    precision@3 : 0.1683    precision@4 : 0.1487    precision@5 : 0.1318    precision@10 : 0.0936    precision@20 : 0.0627    precision@30 : 0.0478    precision@50 : 0.0336    map@1 : 0.2294    map@2 : 0.225    map@3 : 0.2337    map@4 : 0.2395    map@5 : 0.2432    map@10 : 0.2625    map@20 : 0.2763    map@30 : 0.2818    map@50 : 0.287
Sun 15 Mar 2026 11:28:21 INFO  Saving current: saved/SCL-Mar-15-2026_11-27-03.pth
Sun 15 Mar 2026 11:28:21 INFO  Saving current best: saved/SCL-Mar-15-2026_11-27-03.pth
Sun 15 Mar 2026 11:28:21 INFO  Running E-step ! 
Sun 15 Mar 2026 11:28:21 INFO  epoch 150 training [time: 0.23s, train_loss1: 2.1790, train_loss2: 0.0346, train_loss3: 0.0110, train_loss4: 0.0017]
Sun 15 Mar 2026 11:28:22 INFO  epoch 150 evaluating [time: 0.26s, valid_score: 0.348600]
Sun 15 Mar 2026 11:28:22 INFO  valid result: 
recall@1 : 0.1426    recall@2 : 0.2289    recall@3 : 0.2972    recall@4 : 0.3406    recall@5 : 0.3726    recall@10 : 0.5046    recall@20 : 0.6396    recall@30 : 0.7045    recall@50 : 0.7992    ndcg@1 : 0.2288    ndcg@2 : 0.2529    ndcg@3 : 0.277    ndcg@4 : 0.2917    ndcg@5 : 0.3027    ndcg@10 : 0.3486    ndcg@20 : 0.3891    ndcg@30 : 0.4069    ndcg@50 : 0.4295    precision@1 : 0.2288    precision@2 : 0.1898    precision@3 : 0.1683    precision@4 : 0.1484    precision@5 : 0.1323    precision@10 : 0.0939    precision@20 : 0.0628    precision@30 : 0.0478    precision@50 : 0.0336    map@1 : 0.2288    map@2 : 0.2248    map@3 : 0.2334    map@4 : 0.2392    map@5 : 0.2434    map@10 : 0.2625    map@20 : 0.2763    map@30 : 0.2817    map@50 : 0.287
Sun 15 Mar 2026 11:28:22 INFO  Saving current: saved/SCL-Mar-15-2026_11-27-03.pth
Sun 15 Mar 2026 11:28:22 INFO  Saving current best: saved/SCL-Mar-15-2026_11-27-03.pth
Sun 15 Mar 2026 11:28:22 INFO  Running E-step ! 
Sun 15 Mar 2026 11:28:22 INFO  epoch 151 training [time: 0.23s, train_loss1: 2.2220, train_loss2: 0.0346, train_loss3: 0.0110, train_loss4: 0.0017]
Sun 15 Mar 2026 11:28:22 INFO  epoch 151 evaluating [time: 0.26s, valid_score: 0.348400]
Sun 15 Mar 2026 11:28:22 INFO  valid result: 
recall@1 : 0.1422    recall@2 : 0.2297    recall@3 : 0.2974    recall@4 : 0.3412    recall@5 : 0.3727    recall@10 : 0.5037    recall@20 : 0.6398    recall@30 : 0.7048    recall@50 : 0.7984    ndcg@1 : 0.2277    ndcg@2 : 0.2533    ndcg@3 : 0.277    ndcg@4 : 0.292    ndcg@5 : 0.3027    ndcg@10 : 0.3484    ndcg@20 : 0.3891    ndcg@30 : 0.407    ndcg@50 : 0.4294    precision@1 : 0.2277    precision@2 : 0.1904    precision@3 : 0.1687    precision@4 : 0.1487    precision@5 : 0.1324    precision@10 : 0.0939    precision@20 : 0.0628    precision@30 : 0.0478    precision@50 : 0.0336    map@1 : 0.2277    map@2 : 0.2251    map@3 : 0.2335    map@4 : 0.2393    map@5 : 0.2435    map@10 : 0.2625    map@20 : 0.2763    map@30 : 0.2817    map@50 : 0.287
Sun 15 Mar 2026 11:28:22 INFO  Running E-step ! 
Sun 15 Mar 2026 11:28:22 INFO  epoch 152 training [time: 0.23s, train_loss1: 2.1750, train_loss2: 0.0345, train_loss3: 0.0110, train_loss4: 0.0017]
Sun 15 Mar 2026 11:28:23 INFO  epoch 152 evaluating [time: 0.27s, valid_score: 0.348600]
Sun 15 Mar 2026 11:28:23 INFO  valid result: 
recall@1 : 0.1422    recall@2 : 0.23    recall@3 : 0.2971    recall@4 : 0.3418    recall@5 : 0.3723    recall@10 : 0.5041    recall@20 : 0.6396    recall@30 : 0.7054    recall@50 : 0.7979    ndcg@1 : 0.2277    ndcg@2 : 0.2537    ndcg@3 : 0.277    ndcg@4 : 0.2923    ndcg@5 : 0.3027    ndcg@10 : 0.3486    ndcg@20 : 0.3892    ndcg@30 : 0.4072    ndcg@50 : 0.4294    precision@1 : 0.2277    precision@2 : 0.191    precision@3 : 0.1685    precision@4 : 0.1488    precision@5 : 0.1323    precision@10 : 0.094    precision@20 : 0.0628    precision@30 : 0.0478    precision@50 : 0.0336    map@1 : 0.2277    map@2 : 0.2256    map@3 : 0.2337    map@4 : 0.2396    map@5 : 0.2436    map@10 : 0.2627    map@20 : 0.2765    map@30 : 0.2819    map@50 : 0.2872
Sun 15 Mar 2026 11:28:23 INFO  Saving current: saved/SCL-Mar-15-2026_11-27-03.pth
Sun 15 Mar 2026 11:28:23 INFO  Saving current best: saved/SCL-Mar-15-2026_11-27-03.pth
Sun 15 Mar 2026 11:28:23 INFO  Running E-step ! 
Sun 15 Mar 2026 11:28:23 INFO  epoch 153 training [time: 0.21s, train_loss1: 2.1413, train_loss2: 0.0344, train_loss3: 0.0110, train_loss4: 0.0017]
Sun 15 Mar 2026 11:28:23 INFO  epoch 153 evaluating [time: 0.26s, valid_score: 0.348600]
Sun 15 Mar 2026 11:28:23 INFO  valid result: 
recall@1 : 0.1425    recall@2 : 0.23    recall@3 : 0.2983    recall@4 : 0.3421    recall@5 : 0.3732    recall@10 : 0.5032    recall@20 : 0.6393    recall@30 : 0.7051    recall@50 : 0.7999    ndcg@1 : 0.2277    ndcg@2 : 0.2538    ndcg@3 : 0.2776    ndcg@4 : 0.2927    ndcg@5 : 0.3033    ndcg@10 : 0.3486    ndcg@20 : 0.3894    ndcg@30 : 0.4074    ndcg@50 : 0.4301    precision@1 : 0.2277    precision@2 : 0.191    precision@3 : 0.1689    precision@4 : 0.1491    precision@5 : 0.1328    precision@10 : 0.0938    precision@20 : 0.0628    precision@30 : 0.0478    precision@50 : 0.0337    map@1 : 0.2277    map@2 : 0.2257    map@3 : 0.2341    map@4 : 0.2399    map@5 : 0.2442    map@10 : 0.2629    map@20 : 0.2768    map@30 : 0.2822    map@50 : 0.2876
Sun 15 Mar 2026 11:28:23 INFO  Saving current: saved/SCL-Mar-15-2026_11-27-03.pth
Sun 15 Mar 2026 11:28:23 INFO  Saving current best: saved/SCL-Mar-15-2026_11-27-03.pth
Sun 15 Mar 2026 11:28:23 INFO  Running E-step ! 
Sun 15 Mar 2026 11:28:23 INFO  epoch 154 training [time: 0.23s, train_loss1: 2.1445, train_loss2: 0.0344, train_loss3: 0.0110, train_loss4: 0.0017]
Sun 15 Mar 2026 11:28:24 INFO  epoch 154 evaluating [time: 0.26s, valid_score: 0.349100]
Sun 15 Mar 2026 11:28:24 INFO  valid result: 
recall@1 : 0.1425    recall@2 : 0.2304    recall@3 : 0.2987    recall@4 : 0.3424    recall@5 : 0.3733    recall@10 : 0.5045    recall@20 : 0.64    recall@30 : 0.7068    recall@50 : 0.8008    ndcg@1 : 0.2277    ndcg@2 : 0.254    ndcg@3 : 0.278    ndcg@4 : 0.293    ndcg@5 : 0.3034    ndcg@10 : 0.3491    ndcg@20 : 0.3898    ndcg@30 : 0.408    ndcg@50 : 0.4305    precision@1 : 0.2277    precision@2 : 0.1913    precision@3 : 0.1691    precision@4 : 0.1494    precision@5 : 0.1328    precision@10 : 0.094    precision@20 : 0.0629    precision@30 : 0.0479    precision@50 : 0.0337    map@1 : 0.2277    map@2 : 0.2256    map@3 : 0.2344    map@4 : 0.2401    map@5 : 0.2442    map@10 : 0.2632    map@20 : 0.277    map@30 : 0.2825    map@50 : 0.2878
Sun 15 Mar 2026 11:28:24 INFO  Saving current: saved/SCL-Mar-15-2026_11-27-03.pth
Sun 15 Mar 2026 11:28:24 INFO  Saving current best: saved/SCL-Mar-15-2026_11-27-03.pth
Sun 15 Mar 2026 11:28:24 INFO  Running E-step ! 
Sun 15 Mar 2026 11:28:24 INFO  epoch 155 training [time: 0.22s, train_loss1: 2.1944, train_loss2: 0.0343, train_loss3: 0.0110, train_loss4: 0.0017]
Sun 15 Mar 2026 11:28:24 INFO  epoch 155 evaluating [time: 0.26s, valid_score: 0.349000]
Sun 15 Mar 2026 11:28:24 INFO  valid result: 
recall@1 : 0.1425    recall@2 : 0.2299    recall@3 : 0.2956    recall@4 : 0.3414    recall@5 : 0.374    recall@10 : 0.505    recall@20 : 0.642    recall@30 : 0.7079    recall@50 : 0.8002    ndcg@1 : 0.2277    ndcg@2 : 0.2537    ndcg@3 : 0.2763    ndcg@4 : 0.2923    ndcg@5 : 0.3035    ndcg@10 : 0.349    ndcg@20 : 0.3901    ndcg@30 : 0.4081    ndcg@50 : 0.4302    precision@1 : 0.2277    precision@2 : 0.191    precision@3 : 0.1679    precision@4 : 0.1493    precision@5 : 0.1331    precision@10 : 0.0942    precision@20 : 0.0631    precision@30 : 0.048    precision@50 : 0.0337    map@1 : 0.2277    map@2 : 0.2253    map@3 : 0.2332    map@4 : 0.2395    map@5 : 0.2441    map@10 : 0.2629    map@20 : 0.2769    map@30 : 0.2823    map@50 : 0.2875
Sun 15 Mar 2026 11:28:24 INFO  Running E-step ! 
Sun 15 Mar 2026 11:28:24 INFO  epoch 156 training [time: 0.20s, train_loss1: 2.1688, train_loss2: 0.0342, train_loss3: 0.0110, train_loss4: 0.0017]
Sun 15 Mar 2026 11:28:25 INFO  epoch 156 evaluating [time: 0.29s, valid_score: 0.349300]
Sun 15 Mar 2026 11:28:25 INFO  valid result: 
recall@1 : 0.1434    recall@2 : 0.229    recall@3 : 0.2955    recall@4 : 0.3411    recall@5 : 0.3737    recall@10 : 0.5047    recall@20 : 0.6425    recall@30 : 0.7075    recall@50 : 0.801    ndcg@1 : 0.2288    ndcg@2 : 0.2534    ndcg@3 : 0.2765    ndcg@4 : 0.2924    ndcg@5 : 0.3036    ndcg@10 : 0.3493    ndcg@20 : 0.3905    ndcg@30 : 0.4083    ndcg@50 : 0.4307    precision@1 : 0.2288    precision@2 : 0.1904    precision@3 : 0.1679    precision@4 : 0.1491    precision@5 : 0.133    precision@10 : 0.0942    precision@20 : 0.0631    precision@30 : 0.0479    precision@50 : 0.0337    map@1 : 0.2288    map@2 : 0.2251    map@3 : 0.2333    map@4 : 0.2397    map@5 : 0.2443    map@10 : 0.2633    map@20 : 0.2772    map@30 : 0.2826    map@50 : 0.2879
Sun 15 Mar 2026 11:28:25 INFO  Saving current: saved/SCL-Mar-15-2026_11-27-03.pth
Sun 15 Mar 2026 11:28:25 INFO  Saving current best: saved/SCL-Mar-15-2026_11-27-03.pth
Sun 15 Mar 2026 11:28:25 INFO  Running E-step ! 
Sun 15 Mar 2026 11:28:25 INFO  epoch 157 training [time: 0.23s, train_loss1: 2.1339, train_loss2: 0.0341, train_loss3: 0.0110, train_loss4: 0.0017]
Sun 15 Mar 2026 11:28:25 INFO  epoch 157 evaluating [time: 0.41s, valid_score: 0.349600]
Sun 15 Mar 2026 11:28:25 INFO  valid result: 
recall@1 : 0.1434    recall@2 : 0.2308    recall@3 : 0.2955    recall@4 : 0.341    recall@5 : 0.3755    recall@10 : 0.5044    recall@20 : 0.643    recall@30 : 0.7075    recall@50 : 0.8009    ndcg@1 : 0.2294    ndcg@2 : 0.2547    ndcg@3 : 0.2768    ndcg@4 : 0.2926    ndcg@5 : 0.3046    ndcg@10 : 0.3496    ndcg@20 : 0.3911    ndcg@30 : 0.4087    ndcg@50 : 0.4311    precision@1 : 0.2294    precision@2 : 0.1916    precision@3 : 0.1681    precision@4 : 0.149    precision@5 : 0.1335    precision@10 : 0.0942    precision@20 : 0.0632    precision@30 : 0.0479    precision@50 : 0.0337    map@1 : 0.2294    map@2 : 0.2262    map@3 : 0.2337    map@4 : 0.24    map@5 : 0.2451    map@10 : 0.2637    map@20 : 0.2778    map@30 : 0.2831    map@50 : 0.2884
Sun 15 Mar 2026 11:28:25 INFO  Saving current: saved/SCL-Mar-15-2026_11-27-03.pth
Sun 15 Mar 2026 11:28:25 INFO  Saving current best: saved/SCL-Mar-15-2026_11-27-03.pth
Sun 15 Mar 2026 11:28:25 INFO  Running E-step ! 
Sun 15 Mar 2026 11:28:26 INFO  epoch 158 training [time: 0.28s, train_loss1: 2.1386, train_loss2: 0.0341, train_loss3: 0.0110, train_loss4: 0.0017]
Sun 15 Mar 2026 11:28:26 INFO  epoch 158 evaluating [time: 0.14s, valid_score: 0.349700]
Sun 15 Mar 2026 11:28:26 INFO  valid result: 
recall@1 : 0.1429    recall@2 : 0.2317    recall@3 : 0.2955    recall@4 : 0.3415    recall@5 : 0.3743    recall@10 : 0.5053    recall@20 : 0.644    recall@30 : 0.7075    recall@50 : 0.8003    ndcg@1 : 0.2288    ndcg@2 : 0.2551    ndcg@3 : 0.2768    ndcg@4 : 0.2927    ndcg@5 : 0.304    ndcg@10 : 0.3497    ndcg@20 : 0.3913    ndcg@30 : 0.4087    ndcg@50 : 0.4309    precision@1 : 0.2288    precision@2 : 0.1922    precision@3 : 0.1683    precision@4 : 0.149    precision@5 : 0.133    precision@10 : 0.0942    precision@20 : 0.0633    precision@30 : 0.0479    precision@50 : 0.0336    map@1 : 0.2288    map@2 : 0.2263    map@3 : 0.2336    map@4 : 0.24    map@5 : 0.2447    map@10 : 0.2637    map@20 : 0.2778    map@30 : 0.283    map@50 : 0.2883
Sun 15 Mar 2026 11:28:26 INFO  Saving current: saved/SCL-Mar-15-2026_11-27-03.pth
Sun 15 Mar 2026 11:28:26 INFO  Saving current best: saved/SCL-Mar-15-2026_11-27-03.pth
Sun 15 Mar 2026 11:28:26 INFO  Running E-step ! 
Sun 15 Mar 2026 11:28:26 INFO  epoch 159 training [time: 0.21s, train_loss1: 2.1416, train_loss2: 0.0340, train_loss3: 0.0110, train_loss4: 0.0017]
Sun 15 Mar 2026 11:28:26 INFO  epoch 159 evaluating [time: 0.27s, valid_score: 0.349900]
Sun 15 Mar 2026 11:28:26 INFO  valid result: 
recall@1 : 0.1435    recall@2 : 0.2306    recall@3 : 0.2962    recall@4 : 0.3411    recall@5 : 0.3738    recall@10 : 0.5054    recall@20 : 0.6444    recall@30 : 0.7088    recall@50 : 0.8003    ndcg@1 : 0.2306    ndcg@2 : 0.2546    ndcg@3 : 0.2774    ndcg@4 : 0.2928    ndcg@5 : 0.304    ndcg@10 : 0.3499    ndcg@20 : 0.3916    ndcg@30 : 0.4091    ndcg@50 : 0.4311    precision@1 : 0.2306    precision@2 : 0.1913    precision@3 : 0.1687    precision@4 : 0.1491    precision@5 : 0.133    precision@10 : 0.0942    precision@20 : 0.0633    precision@30 : 0.048    precision@50 : 0.0336    map@1 : 0.2306    map@2 : 0.226    map@3 : 0.2339    map@4 : 0.2401    map@5 : 0.2447    map@10 : 0.2638    map@20 : 0.278    map@30 : 0.2832    map@50 : 0.2884
Sun 15 Mar 2026 11:28:26 INFO  Saving current: saved/SCL-Mar-15-2026_11-27-03.pth
Sun 15 Mar 2026 11:28:26 INFO  Saving current best: saved/SCL-Mar-15-2026_11-27-03.pth
Sun 15 Mar 2026 11:28:26 INFO  Running E-step ! 
Sun 15 Mar 2026 11:28:27 INFO  epoch 160 training [time: 0.22s, train_loss1: 2.1054, train_loss2: 0.0339, train_loss3: 0.0110, train_loss4: 0.0017]
Sun 15 Mar 2026 11:28:27 INFO  epoch 160 evaluating [time: 0.27s, valid_score: 0.350000]
Sun 15 Mar 2026 11:28:27 INFO  valid result: 
recall@1 : 0.1445    recall@2 : 0.2319    recall@3 : 0.2954    recall@4 : 0.3404    recall@5 : 0.3735    recall@10 : 0.5044    recall@20 : 0.6445    recall@30 : 0.7108    recall@50 : 0.8018    ndcg@1 : 0.2306    ndcg@2 : 0.2558    ndcg@3 : 0.2776    ndcg@4 : 0.2928    ndcg@5 : 0.3043    ndcg@10 : 0.35    ndcg@20 : 0.3921    ndcg@30 : 0.4101    ndcg@50 : 0.4319    precision@1 : 0.2306    precision@2 : 0.1922    precision@3 : 0.1689    precision@4 : 0.1488    precision@5 : 0.1329    precision@10 : 0.094    precision@20 : 0.0634    precision@30 : 0.0482    precision@50 : 0.0337    map@1 : 0.2306    map@2 : 0.2272    map@3 : 0.2345    map@4 : 0.2405    map@5 : 0.2453    map@10 : 0.2643    map@20 : 0.2787    map@30 : 0.2841    map@50 : 0.2892
Sun 15 Mar 2026 11:28:27 INFO  Saving current: saved/SCL-Mar-15-2026_11-27-03.pth
Sun 15 Mar 2026 11:28:27 INFO  Saving current best: saved/SCL-Mar-15-2026_11-27-03.pth
Sun 15 Mar 2026 11:28:27 INFO  Running E-step ! 
Sun 15 Mar 2026 11:28:27 INFO  epoch 161 training [time: 0.22s, train_loss1: 2.1308, train_loss2: 0.0339, train_loss3: 0.0110, train_loss4: 0.0017]
Sun 15 Mar 2026 11:28:27 INFO  epoch 161 evaluating [time: 0.27s, valid_score: 0.349800]
Sun 15 Mar 2026 11:28:27 INFO  valid result: 
recall@1 : 0.1445    recall@2 : 0.2329    recall@3 : 0.2944    recall@4 : 0.3398    recall@5 : 0.3755    recall@10 : 0.5027    recall@20 : 0.6445    recall@30 : 0.7101    recall@50 : 0.8026    ndcg@1 : 0.2306    ndcg@2 : 0.2566    ndcg@3 : 0.2772    ndcg@4 : 0.2928    ndcg@5 : 0.3052    ndcg@10 : 0.3498    ndcg@20 : 0.3923    ndcg@30 : 0.4102    ndcg@50 : 0.4323    precision@1 : 0.2306    precision@2 : 0.1931    precision@3 : 0.1685    precision@4 : 0.1488    precision@5 : 0.1334    precision@10 : 0.0939    precision@20 : 0.0633    precision@30 : 0.0481    precision@50 : 0.0337    map@1 : 0.2306    map@2 : 0.2278    map@3 : 0.2342    map@4 : 0.2405    map@5 : 0.2458    map@10 : 0.2644    map@20 : 0.2789    map@30 : 0.2842    map@50 : 0.2894
Sun 15 Mar 2026 11:28:27 INFO  Running E-step ! 
Sun 15 Mar 2026 11:28:28 INFO  epoch 162 training [time: 0.22s, train_loss1: 2.1223, train_loss2: 0.0338, train_loss3: 0.0110, train_loss4: 0.0017]
Sun 15 Mar 2026 11:28:28 INFO  epoch 162 evaluating [time: 0.27s, valid_score: 0.350200]
Sun 15 Mar 2026 11:28:28 INFO  valid result: 
recall@1 : 0.1455    recall@2 : 0.232    recall@3 : 0.2939    recall@4 : 0.34    recall@5 : 0.3759    recall@10 : 0.5032    recall@20 : 0.6435    recall@30 : 0.7115    recall@50 : 0.8034    ndcg@1 : 0.2324    ndcg@2 : 0.2563    ndcg@3 : 0.2773    ndcg@4 : 0.2931    ndcg@5 : 0.3056    ndcg@10 : 0.3502    ndcg@20 : 0.3925    ndcg@30 : 0.4109    ndcg@50 : 0.4328    precision@1 : 0.2324    precision@2 : 0.1922    precision@3 : 0.1683    precision@4 : 0.149    precision@5 : 0.1335    precision@10 : 0.0939    precision@20 : 0.0634    precision@30 : 0.0483    precision@50 : 0.0338    map@1 : 0.2324    map@2 : 0.2278    map@3 : 0.2344    map@4 : 0.241    map@5 : 0.2462    map@10 : 0.2648    map@20 : 0.2794    map@30 : 0.2848    map@50 : 0.2899
Sun 15 Mar 2026 11:28:28 INFO  Saving current: saved/SCL-Mar-15-2026_11-27-03.pth
Sun 15 Mar 2026 11:28:28 INFO  Saving current best: saved/SCL-Mar-15-2026_11-27-03.pth
Sun 15 Mar 2026 11:28:28 INFO  Running E-step ! 
Sun 15 Mar 2026 11:28:28 INFO  epoch 163 training [time: 0.22s, train_loss1: 2.1094, train_loss2: 0.0337, train_loss3: 0.0110, train_loss4: 0.0017]
Sun 15 Mar 2026 11:28:28 INFO  epoch 163 evaluating [time: 0.26s, valid_score: 0.350600]
Sun 15 Mar 2026 11:28:28 INFO  valid result: 
recall@1 : 0.1457    recall@2 : 0.2324    recall@3 : 0.2945    recall@4 : 0.3394    recall@5 : 0.376    recall@10 : 0.5037    recall@20 : 0.6435    recall@30 : 0.7114    recall@50 : 0.8036    ndcg@1 : 0.233    ndcg@2 : 0.2569    ndcg@3 : 0.2778    ndcg@4 : 0.2932    ndcg@5 : 0.3059    ndcg@10 : 0.3506    ndcg@20 : 0.3928    ndcg@30 : 0.4112    ndcg@50 : 0.4331    precision@1 : 0.233    precision@2 : 0.1928    precision@3 : 0.1685    precision@4 : 0.149    precision@5 : 0.1336    precision@10 : 0.0939    precision@20 : 0.0634    precision@30 : 0.0483    precision@50 : 0.0338    map@1 : 0.233    map@2 : 0.2284    map@3 : 0.2348    map@4 : 0.2412    map@5 : 0.2465    map@10 : 0.2652    map@20 : 0.2797    map@30 : 0.2851    map@50 : 0.2903
Sun 15 Mar 2026 11:28:28 INFO  Saving current: saved/SCL-Mar-15-2026_11-27-03.pth
Sun 15 Mar 2026 11:28:28 INFO  Saving current best: saved/SCL-Mar-15-2026_11-27-03.pth
Sun 15 Mar 2026 11:28:28 INFO  Running E-step ! 
Sun 15 Mar 2026 11:28:29 INFO  epoch 164 training [time: 0.21s, train_loss1: 2.1127, train_loss2: 0.0337, train_loss3: 0.0110, train_loss4: 0.0017]
Sun 15 Mar 2026 11:28:29 INFO  epoch 164 evaluating [time: 0.27s, valid_score: 0.351000]
Sun 15 Mar 2026 11:28:29 INFO  valid result: 
recall@1 : 0.1469    recall@2 : 0.2329    recall@3 : 0.2943    recall@4 : 0.341    recall@5 : 0.3774    recall@10 : 0.503    recall@20 : 0.6441    recall@30 : 0.7111    recall@50 : 0.8028    ndcg@1 : 0.2342    ndcg@2 : 0.2578    ndcg@3 : 0.278    ndcg@4 : 0.2944    ndcg@5 : 0.3071    ndcg@10 : 0.351    ndcg@20 : 0.3935    ndcg@30 : 0.4117    ndcg@50 : 0.4337    precision@1 : 0.2342    precision@2 : 0.1934    precision@3 : 0.1681    precision@4 : 0.1496    precision@5 : 0.1341    precision@10 : 0.0938    precision@20 : 0.0634    precision@30 : 0.0482    precision@50 : 0.0338    map@1 : 0.2342    map@2 : 0.2294    map@3 : 0.2353    map@4 : 0.2423    map@5 : 0.2477    map@10 : 0.2659    map@20 : 0.2806    map@30 : 0.2859    map@50 : 0.2911
Sun 15 Mar 2026 11:28:29 INFO  Saving current: saved/SCL-Mar-15-2026_11-27-03.pth
Sun 15 Mar 2026 11:28:29 INFO  Saving current best: saved/SCL-Mar-15-2026_11-27-03.pth
Sun 15 Mar 2026 11:28:29 INFO  Running E-step ! 
Sun 15 Mar 2026 11:28:29 INFO  epoch 165 training [time: 0.23s, train_loss1: 2.1332, train_loss2: 0.0336, train_loss3: 0.0110, train_loss4: 0.0017]
Sun 15 Mar 2026 11:28:29 INFO  epoch 165 evaluating [time: 0.28s, valid_score: 0.351100]
Sun 15 Mar 2026 11:28:29 INFO  valid result: 
recall@1 : 0.1475    recall@2 : 0.2337    recall@3 : 0.2947    recall@4 : 0.3404    recall@5 : 0.3748    recall@10 : 0.5023    recall@20 : 0.6445    recall@30 : 0.7103    recall@50 : 0.8019    ndcg@1 : 0.2354    ndcg@2 : 0.2587    ndcg@3 : 0.2789    ndcg@4 : 0.2945    ndcg@5 : 0.3064    ndcg@10 : 0.3511    ndcg@20 : 0.3939    ndcg@30 : 0.4119    ndcg@50 : 0.4338    precision@1 : 0.2354    precision@2 : 0.194    precision@3 : 0.1687    precision@4 : 0.1491    precision@5 : 0.1335    precision@10 : 0.0937    precision@20 : 0.0634    precision@30 : 0.0482    precision@50 : 0.0338    map@1 : 0.2354    map@2 : 0.2303    map@3 : 0.2362    map@4 : 0.2425    map@5 : 0.2476    map@10 : 0.2663    map@20 : 0.281    map@30 : 0.2863    map@50 : 0.2915
Sun 15 Mar 2026 11:28:29 INFO  Saving current: saved/SCL-Mar-15-2026_11-27-03.pth
Sun 15 Mar 2026 11:28:29 INFO  Saving current best: saved/SCL-Mar-15-2026_11-27-03.pth
Sun 15 Mar 2026 11:28:29 INFO  Running E-step ! 
Sun 15 Mar 2026 11:28:30 INFO  epoch 166 training [time: 0.21s, train_loss1: 2.0882, train_loss2: 0.0335, train_loss3: 0.0110, train_loss4: 0.0017]
Sun 15 Mar 2026 11:28:30 INFO  epoch 166 evaluating [time: 0.16s, valid_score: 0.350800]
Sun 15 Mar 2026 11:28:30 INFO  valid result: 
recall@1 : 0.1485    recall@2 : 0.2303    recall@3 : 0.2914    recall@4 : 0.3418    recall@5 : 0.3731    recall@10 : 0.5022    recall@20 : 0.6453    recall@30 : 0.7117    recall@50 : 0.8019    ndcg@1 : 0.2372    ndcg@2 : 0.2572    ndcg@3 : 0.2772    ndcg@4 : 0.2948    ndcg@5 : 0.3056    ndcg@10 : 0.3508    ndcg@20 : 0.3938    ndcg@30 : 0.4119    ndcg@50 : 0.4335    precision@1 : 0.2372    precision@2 : 0.1925    precision@3 : 0.1675    precision@4 : 0.1494    precision@5 : 0.133    precision@10 : 0.0939    precision@20 : 0.0635    precision@30 : 0.0483    precision@50 : 0.0338    map@1 : 0.2372    map@2 : 0.2293    map@3 : 0.235    map@4 : 0.2426    map@5 : 0.2469    map@10 : 0.2659    map@20 : 0.2806    map@30 : 0.286    map@50 : 0.2912
Sun 15 Mar 2026 11:28:30 INFO  Running E-step ! 
Sun 15 Mar 2026 11:28:30 INFO  epoch 167 training [time: 0.23s, train_loss1: 2.0999, train_loss2: 0.0335, train_loss3: 0.0110, train_loss4: 0.0017]
Sun 15 Mar 2026 11:28:30 INFO  epoch 167 evaluating [time: 0.26s, valid_score: 0.350500]
Sun 15 Mar 2026 11:28:30 INFO  valid result: 
recall@1 : 0.1479    recall@2 : 0.23    recall@3 : 0.2917    recall@4 : 0.342    recall@5 : 0.3737    recall@10 : 0.5022    recall@20 : 0.6453    recall@30 : 0.7121    recall@50 : 0.8018    ndcg@1 : 0.236    ndcg@2 : 0.2568    ndcg@3 : 0.2771    ndcg@4 : 0.2945    ndcg@5 : 0.3054    ndcg@10 : 0.3505    ndcg@20 : 0.3935    ndcg@30 : 0.4117    ndcg@50 : 0.4332    precision@1 : 0.236    precision@2 : 0.1925    precision@3 : 0.1677    precision@4 : 0.1493    precision@5 : 0.133    precision@10 : 0.0938    precision@20 : 0.0635    precision@30 : 0.0483    precision@50 : 0.0338    map@1 : 0.236    map@2 : 0.2288    map@3 : 0.2348    map@4 : 0.2422    map@5 : 0.2466    map@10 : 0.2655    map@20 : 0.2802    map@30 : 0.2857    map@50 : 0.2908
Sun 15 Mar 2026 11:28:30 INFO  Running E-step ! 
Sun 15 Mar 2026 11:28:30 INFO  epoch 168 training [time: 0.23s, train_loss1: 2.0564, train_loss2: 0.0334, train_loss3: 0.0110, train_loss4: 0.0017]
Sun 15 Mar 2026 11:28:31 INFO  epoch 168 evaluating [time: 0.26s, valid_score: 0.350200]
Sun 15 Mar 2026 11:28:31 INFO  valid result: 
recall@1 : 0.1466    recall@2 : 0.2309    recall@3 : 0.2915    recall@4 : 0.3414    recall@5 : 0.3736    recall@10 : 0.5027    recall@20 : 0.6443    recall@30 : 0.7127    recall@50 : 0.8019    ndcg@1 : 0.2336    ndcg@2 : 0.2568    ndcg@3 : 0.2765    ndcg@4 : 0.2939    ndcg@5 : 0.3049    ndcg@10 : 0.3502    ndcg@20 : 0.3928    ndcg@30 : 0.4114    ndcg@50 : 0.4329    precision@1 : 0.2336    precision@2 : 0.1931    precision@3 : 0.1675    precision@4 : 0.1493    precision@5 : 0.133    precision@10 : 0.0939    precision@20 : 0.0634    precision@30 : 0.0484    precision@50 : 0.0338    map@1 : 0.2336    map@2 : 0.2285    map@3 : 0.2342    map@4 : 0.2415    map@5 : 0.2461    map@10 : 0.2651    map@20 : 0.2797    map@30 : 0.2852    map@50 : 0.2903
Sun 15 Mar 2026 11:28:31 INFO  Running E-step ! 
Sun 15 Mar 2026 11:28:31 INFO  epoch 169 training [time: 0.23s, train_loss1: 2.0788, train_loss2: 0.0333, train_loss3: 0.0110, train_loss4: 0.0017]
Sun 15 Mar 2026 11:28:31 INFO  epoch 169 evaluating [time: 0.26s, valid_score: 0.350400]
Sun 15 Mar 2026 11:28:31 INFO  valid result: 
recall@1 : 0.1469    recall@2 : 0.2307    recall@3 : 0.29    recall@4 : 0.3407    recall@5 : 0.3726    recall@10 : 0.5034    recall@20 : 0.6445    recall@30 : 0.7138    recall@50 : 0.8019    ndcg@1 : 0.233    ndcg@2 : 0.2569    ndcg@3 : 0.2757    ndcg@4 : 0.2936    ndcg@5 : 0.3045    ndcg@10 : 0.3504    ndcg@20 : 0.3928    ndcg@30 : 0.4117    ndcg@50 : 0.4328    precision@1 : 0.233    precision@2 : 0.1937    precision@3 : 0.1669    precision@4 : 0.1491    precision@5 : 0.1329    precision@10 : 0.0941    precision@20 : 0.0634    precision@30 : 0.0484    precision@50 : 0.0338    map@1 : 0.233    map@2 : 0.2288    map@3 : 0.2337    map@4 : 0.2414    map@5 : 0.2459    map@10 : 0.2653    map@20 : 0.2797    map@30 : 0.2854    map@50 : 0.2904
Sun 15 Mar 2026 11:28:31 INFO  Running E-step ! 
Sun 15 Mar 2026 11:28:31 INFO  epoch 170 training [time: 0.23s, train_loss1: 2.0762, train_loss2: 0.0332, train_loss3: 0.0110, train_loss4: 0.0018]
Sun 15 Mar 2026 11:28:32 INFO  epoch 170 evaluating [time: 0.28s, valid_score: 0.350500]
Sun 15 Mar 2026 11:28:32 INFO  valid result: 
recall@1 : 0.1467    recall@2 : 0.2316    recall@3 : 0.2908    recall@4 : 0.3412    recall@5 : 0.3726    recall@10 : 0.5031    recall@20 : 0.6456    recall@30 : 0.7146    recall@50 : 0.8008    ndcg@1 : 0.233    ndcg@2 : 0.2575    ndcg@3 : 0.2764    ndcg@4 : 0.294    ndcg@5 : 0.3047    ndcg@10 : 0.3505    ndcg@20 : 0.3932    ndcg@30 : 0.412    ndcg@50 : 0.4328    precision@1 : 0.233    precision@2 : 0.1943    precision@3 : 0.1677    precision@4 : 0.1493    precision@5 : 0.1329    precision@10 : 0.0942    precision@20 : 0.0634    precision@30 : 0.0485    precision@50 : 0.0337    map@1 : 0.233    map@2 : 0.2293    map@3 : 0.2344    map@4 : 0.2418    map@5 : 0.2461    map@10 : 0.2656    map@20 : 0.28    map@30 : 0.2857    map@50 : 0.2906
Sun 15 Mar 2026 11:28:32 INFO  Running E-step ! 
Sun 15 Mar 2026 11:28:32 INFO  epoch 171 training [time: 0.30s, train_loss1: 2.0426, train_loss2: 0.0332, train_loss3: 0.0110, train_loss4: 0.0018]
Sun 15 Mar 2026 11:28:32 INFO  epoch 171 evaluating [time: 0.41s, valid_score: 0.350800]
Sun 15 Mar 2026 11:28:32 INFO  valid result: 
recall@1 : 0.1472    recall@2 : 0.2327    recall@3 : 0.2909    recall@4 : 0.3406    recall@5 : 0.3734    recall@10 : 0.5028    recall@20 : 0.6465    recall@30 : 0.7151    recall@50 : 0.801    ndcg@1 : 0.233    ndcg@2 : 0.2584    ndcg@3 : 0.2767    ndcg@4 : 0.2939    ndcg@5 : 0.3053    ndcg@10 : 0.3508    ndcg@20 : 0.3938    ndcg@30 : 0.4125    ndcg@50 : 0.4332    precision@1 : 0.233    precision@2 : 0.1952    precision@3 : 0.1675    precision@4 : 0.149    precision@5 : 0.1331    precision@10 : 0.0942    precision@20 : 0.0636    precision@30 : 0.0485    precision@50 : 0.0337    map@1 : 0.233    map@2 : 0.23    map@3 : 0.2346    map@4 : 0.242    map@5 : 0.2466    map@10 : 0.266    map@20 : 0.2805    map@30 : 0.2862    map@50 : 0.2911
Sun 15 Mar 2026 11:28:32 INFO  Running E-step ! 
Sun 15 Mar 2026 11:28:33 INFO  epoch 172 training [time: 0.18s, train_loss1: 2.0337, train_loss2: 0.0331, train_loss3: 0.0110, train_loss4: 0.0018]
Sun 15 Mar 2026 11:28:33 INFO  epoch 172 evaluating [time: 0.18s, valid_score: 0.350700]
Sun 15 Mar 2026 11:28:33 INFO  valid result: 
recall@1 : 0.1466    recall@2 : 0.2315    recall@3 : 0.29    recall@4 : 0.3409    recall@5 : 0.373    recall@10 : 0.504    recall@20 : 0.6465    recall@30 : 0.715    recall@50 : 0.8016    ndcg@1 : 0.2324    ndcg@2 : 0.2574    ndcg@3 : 0.2761    ndcg@4 : 0.2937    ndcg@5 : 0.3048    ndcg@10 : 0.3507    ndcg@20 : 0.3935    ndcg@30 : 0.4121    ndcg@50 : 0.4329    precision@1 : 0.2324    precision@2 : 0.1943    precision@3 : 0.1677    precision@4 : 0.1493    precision@5 : 0.1333    precision@10 : 0.0945    precision@20 : 0.0636    precision@30 : 0.0486    precision@50 : 0.0337    map@1 : 0.2324    map@2 : 0.229    map@3 : 0.2342    map@4 : 0.2416    map@5 : 0.2461    map@10 : 0.2655    map@20 : 0.28    map@30 : 0.2856    map@50 : 0.2906
Sun 15 Mar 2026 11:28:33 INFO  Running E-step ! 
Sun 15 Mar 2026 11:28:33 INFO  epoch 173 training [time: 0.23s, train_loss1: 2.0729, train_loss2: 0.0331, train_loss3: 0.0110, train_loss4: 0.0018]
Sun 15 Mar 2026 11:28:33 INFO  epoch 173 evaluating [time: 0.27s, valid_score: 0.350500]
Sun 15 Mar 2026 11:28:33 INFO  valid result: 
recall@1 : 0.1463    recall@2 : 0.2309    recall@3 : 0.2893    recall@4 : 0.3397    recall@5 : 0.3732    recall@10 : 0.5039    recall@20 : 0.6476    recall@30 : 0.7149    recall@50 : 0.8016    ndcg@1 : 0.2324    ndcg@2 : 0.2567    ndcg@3 : 0.2755    ndcg@4 : 0.2929    ndcg@5 : 0.3045    ndcg@10 : 0.3505    ndcg@20 : 0.3935    ndcg@30 : 0.4118    ndcg@50 : 0.4326    precision@1 : 0.2324    precision@2 : 0.1937    precision@3 : 0.1673    precision@4 : 0.1487    precision@5 : 0.1333    precision@10 : 0.0945    precision@20 : 0.0638    precision@30 : 0.0485    precision@50 : 0.0337    map@1 : 0.2324    map@2 : 0.2284    map@3 : 0.2335    map@4 : 0.2408    map@5 : 0.2457    map@10 : 0.2652    map@20 : 0.2797    map@30 : 0.2852    map@50 : 0.2902
Sun 15 Mar 2026 11:28:33 INFO  Running E-step ! 
Sun 15 Mar 2026 11:28:34 INFO  epoch 174 training [time: 0.22s, train_loss1: 2.0514, train_loss2: 0.0330, train_loss3: 0.0110, train_loss4: 0.0018]
Sun 15 Mar 2026 11:28:34 INFO  epoch 174 evaluating [time: 0.27s, valid_score: 0.350500]
Sun 15 Mar 2026 11:28:34 INFO  valid result: 
recall@1 : 0.1467    recall@2 : 0.2299    recall@3 : 0.2902    recall@4 : 0.3387    recall@5 : 0.3738    recall@10 : 0.5035    recall@20 : 0.6483    recall@30 : 0.7148    recall@50 : 0.8026    ndcg@1 : 0.233    ndcg@2 : 0.256    ndcg@3 : 0.2759    ndcg@4 : 0.2925    ndcg@5 : 0.3049    ndcg@10 : 0.3505    ndcg@20 : 0.3938    ndcg@30 : 0.4119    ndcg@50 : 0.4329    precision@1 : 0.233    precision@2 : 0.1928    precision@3 : 0.1677    precision@4 : 0.1485    precision@5 : 0.1335    precision@10 : 0.0946    precision@20 : 0.0639    precision@30 : 0.0485    precision@50 : 0.0338    map@1 : 0.233    map@2 : 0.2278    map@3 : 0.2337    map@4 : 0.2405    map@5 : 0.2458    map@10 : 0.2653    map@20 : 0.2798    map@30 : 0.2853    map@50 : 0.2903
Sun 15 Mar 2026 11:28:34 INFO  Running E-step ! 
Sun 15 Mar 2026 11:28:34 INFO  epoch 175 training [time: 0.21s, train_loss1: 2.0207, train_loss2: 0.0329, train_loss3: 0.0110, train_loss4: 0.0018]
Sun 15 Mar 2026 11:28:34 INFO  epoch 175 evaluating [time: 0.26s, valid_score: 0.350500]
Sun 15 Mar 2026 11:28:34 INFO  valid result: 
recall@1 : 0.1465    recall@2 : 0.2295    recall@3 : 0.2906    recall@4 : 0.3384    recall@5 : 0.3742    recall@10 : 0.5038    recall@20 : 0.649    recall@30 : 0.7145    recall@50 : 0.8041    ndcg@1 : 0.2324    ndcg@2 : 0.2554    ndcg@3 : 0.2757    ndcg@4 : 0.2922    ndcg@5 : 0.3049    ndcg@10 : 0.3505    ndcg@20 : 0.3939    ndcg@30 : 0.4117    ndcg@50 : 0.4331    precision@1 : 0.2324    precision@2 : 0.1925    precision@3 : 0.1675    precision@4 : 0.1484    precision@5 : 0.1337    precision@10 : 0.0946    precision@20 : 0.0639    precision@30 : 0.0485    precision@50 : 0.0338    map@1 : 0.2324    map@2 : 0.2275    map@3 : 0.2334    map@4 : 0.2403    map@5 : 0.2458    map@10 : 0.2652    map@20 : 0.2798    map@30 : 0.2852    map@50 : 0.2903
Sun 15 Mar 2026 11:28:34 INFO  Running E-step ! 
Sun 15 Mar 2026 11:28:35 INFO  epoch 176 training [time: 0.22s, train_loss1: 2.0125, train_loss2: 0.0328, train_loss3: 0.0110, train_loss4: 0.0018]
Sun 15 Mar 2026 11:28:35 INFO  epoch 176 evaluating [time: 0.25s, valid_score: 0.350100]
Sun 15 Mar 2026 11:28:35 INFO  valid result: 
recall@1 : 0.146    recall@2 : 0.2299    recall@3 : 0.2902    recall@4 : 0.3394    recall@5 : 0.3746    recall@10 : 0.5028    recall@20 : 0.6487    recall@30 : 0.7147    recall@50 : 0.8049    ndcg@1 : 0.2318    ndcg@2 : 0.2557    ndcg@3 : 0.2752    ndcg@4 : 0.2925    ndcg@5 : 0.305    ndcg@10 : 0.3501    ndcg@20 : 0.3938    ndcg@30 : 0.4118    ndcg@50 : 0.4332    precision@1 : 0.2318    precision@2 : 0.1931    precision@3 : 0.1669    precision@4 : 0.1488    precision@5 : 0.1338    precision@10 : 0.0944    precision@20 : 0.064    precision@30 : 0.0486    precision@50 : 0.0338    map@1 : 0.2318    map@2 : 0.2277    map@3 : 0.2329    map@4 : 0.2403    map@5 : 0.2458    map@10 : 0.265    map@20 : 0.2798    map@30 : 0.2852    map@50 : 0.2902
Sun 15 Mar 2026 11:28:35 INFO  Running E-step ! 
Sun 15 Mar 2026 11:28:35 INFO  epoch 177 training [time: 0.23s, train_loss1: 2.0544, train_loss2: 0.0328, train_loss3: 0.0110, train_loss4: 0.0018]
Sun 15 Mar 2026 11:28:35 INFO  epoch 177 evaluating [time: 0.25s, valid_score: 0.350500]
Sun 15 Mar 2026 11:28:35 INFO  valid result: 
recall@1 : 0.1479    recall@2 : 0.2279    recall@3 : 0.2895    recall@4 : 0.338    recall@5 : 0.3755    recall@10 : 0.5031    recall@20 : 0.6491    recall@30 : 0.7161    recall@50 : 0.8053    ndcg@1 : 0.233    ndcg@2 : 0.2549    ndcg@3 : 0.2748    ndcg@4 : 0.2921    ndcg@5 : 0.3055    ndcg@10 : 0.3505    ndcg@20 : 0.3942    ndcg@30 : 0.4124    ndcg@50 : 0.4336    precision@1 : 0.233    precision@2 : 0.1919    precision@3 : 0.1661    precision@4 : 0.1484    precision@5 : 0.1338    precision@10 : 0.0945    precision@20 : 0.064    precision@30 : 0.0487    precision@50 : 0.0338    map@1 : 0.233    map@2 : 0.2274    map@3 : 0.2329    map@4 : 0.2404    map@5 : 0.2463    map@10 : 0.2655    map@20 : 0.2803    map@30 : 0.2858    map@50 : 0.2907
Sun 15 Mar 2026 11:28:35 INFO  Running E-step ! 
Sun 15 Mar 2026 11:28:36 INFO  epoch 178 training [time: 0.21s, train_loss1: 2.0627, train_loss2: 0.0327, train_loss3: 0.0110, train_loss4: 0.0018]
Sun 15 Mar 2026 11:28:36 INFO  epoch 178 evaluating [time: 0.28s, valid_score: 0.350400]
Sun 15 Mar 2026 11:28:36 INFO  valid result: 
recall@1 : 0.1469    recall@2 : 0.2281    recall@3 : 0.2887    recall@4 : 0.3395    recall@5 : 0.3746    recall@10 : 0.5037    recall@20 : 0.6497    recall@30 : 0.7156    recall@50 : 0.8057    ndcg@1 : 0.2312    ndcg@2 : 0.2544    ndcg@3 : 0.2739    ndcg@4 : 0.2923    ndcg@5 : 0.3046    ndcg@10 : 0.3504    ndcg@20 : 0.394    ndcg@30 : 0.4119    ndcg@50 : 0.4332    precision@1 : 0.2312    precision@2 : 0.1919    precision@3 : 0.1657    precision@4 : 0.1488    precision@5 : 0.1334    precision@10 : 0.0948    precision@20 : 0.064    precision@30 : 0.0486    precision@50 : 0.0338    map@1 : 0.2312    map@2 : 0.2268    map@3 : 0.2321    map@4 : 0.2402    map@5 : 0.2455    map@10 : 0.2651    map@20 : 0.2798    map@30 : 0.2853    map@50 : 0.2902
Sun 15 Mar 2026 11:28:36 INFO  Running E-step ! 
Sun 15 Mar 2026 11:28:36 INFO  epoch 179 training [time: 0.20s, train_loss1: 2.0103, train_loss2: 0.0326, train_loss3: 0.0110, train_loss4: 0.0018]
Sun 15 Mar 2026 11:28:36 INFO  epoch 179 evaluating [time: 0.26s, valid_score: 0.350100]
Sun 15 Mar 2026 11:28:36 INFO  valid result: 
recall@1 : 0.1465    recall@2 : 0.2277    recall@3 : 0.2872    recall@4 : 0.3403    recall@5 : 0.3734    recall@10 : 0.5037    recall@20 : 0.65    recall@30 : 0.7153    recall@50 : 0.8073    ndcg@1 : 0.2318    ndcg@2 : 0.2543    ndcg@3 : 0.2732    ndcg@4 : 0.2925    ndcg@5 : 0.304    ndcg@10 : 0.3501    ndcg@20 : 0.3937    ndcg@30 : 0.4116    ndcg@50 : 0.4333    precision@1 : 0.2318    precision@2 : 0.1919    precision@3 : 0.1653    precision@4 : 0.149    precision@5 : 0.1333    precision@10 : 0.0947    precision@20 : 0.064    precision@30 : 0.0486    precision@50 : 0.0339    map@1 : 0.2318    map@2 : 0.2266    map@3 : 0.2316    map@4 : 0.2401    map@5 : 0.245    map@10 : 0.2647    map@20 : 0.2794    map@30 : 0.2848    map@50 : 0.2898
Sun 15 Mar 2026 11:28:36 INFO  Running E-step ! 
Sun 15 Mar 2026 11:28:37 INFO  epoch 180 training [time: 0.20s, train_loss1: 1.9740, train_loss2: 0.0325, train_loss3: 0.0110, train_loss4: 0.0018]
Sun 15 Mar 2026 11:28:37 INFO  epoch 180 evaluating [time: 0.27s, valid_score: 0.349900]
Sun 15 Mar 2026 11:28:37 INFO  valid result: 
recall@1 : 0.1456    recall@2 : 0.2283    recall@3 : 0.2869    recall@4 : 0.3402    recall@5 : 0.372    recall@10 : 0.5044    recall@20 : 0.6496    recall@30 : 0.7149    recall@50 : 0.808    ndcg@1 : 0.23    ndcg@2 : 0.2539    ndcg@3 : 0.2727    ndcg@4 : 0.2919    ndcg@5 : 0.3031    ndcg@10 : 0.3499    ndcg@20 : 0.3933    ndcg@30 : 0.4111    ndcg@50 : 0.4331    precision@1 : 0.23    precision@2 : 0.1919    precision@3 : 0.1651    precision@4 : 0.1488    precision@5 : 0.133    precision@10 : 0.0948    precision@20 : 0.064    precision@30 : 0.0486    precision@50 : 0.0339    map@1 : 0.23    map@2 : 0.226    map@3 : 0.231    map@4 : 0.2396    map@5 : 0.2444    map@10 : 0.2643    map@20 : 0.279    map@30 : 0.2844    map@50 : 0.2895
Sun 15 Mar 2026 11:28:37 INFO  Running E-step ! 
Sun 15 Mar 2026 11:28:37 INFO  epoch 181 training [time: 0.20s, train_loss1: 2.0267, train_loss2: 0.0325, train_loss3: 0.0110, train_loss4: 0.0018]
Sun 15 Mar 2026 11:28:37 INFO  epoch 181 evaluating [time: 0.27s, valid_score: 0.350100]
Sun 15 Mar 2026 11:28:37 INFO  valid result: 
recall@1 : 0.1462    recall@2 : 0.2283    recall@3 : 0.2869    recall@4 : 0.3406    recall@5 : 0.3731    recall@10 : 0.5043    recall@20 : 0.65    recall@30 : 0.7156    recall@50 : 0.8081    ndcg@1 : 0.2306    ndcg@2 : 0.2544    ndcg@3 : 0.2729    ndcg@4 : 0.2925    ndcg@5 : 0.3039    ndcg@10 : 0.3501    ndcg@20 : 0.3937    ndcg@30 : 0.4116    ndcg@50 : 0.4335    precision@1 : 0.2306    precision@2 : 0.1922    precision@3 : 0.1651    precision@4 : 0.1493    precision@5 : 0.1334    precision@10 : 0.0947    precision@20 : 0.064    precision@30 : 0.0486    precision@50 : 0.0339    map@1 : 0.2306    map@2 : 0.2265    map@3 : 0.2314    map@4 : 0.2402    map@5 : 0.245    map@10 : 0.2647    map@20 : 0.2794    map@30 : 0.2849    map@50 : 0.29
Sun 15 Mar 2026 11:28:37 INFO  Running E-step ! 
Sun 15 Mar 2026 11:28:37 INFO  epoch 182 training [time: 0.22s, train_loss1: 1.9907, train_loss2: 0.0324, train_loss3: 0.0110, train_loss4: 0.0018]
Sun 15 Mar 2026 11:28:38 INFO  epoch 182 evaluating [time: 0.26s, valid_score: 0.350800]
Sun 15 Mar 2026 11:28:38 INFO  valid result: 
recall@1 : 0.1461    recall@2 : 0.2284    recall@3 : 0.2875    recall@4 : 0.3392    recall@5 : 0.3754    recall@10 : 0.506    recall@20 : 0.65    recall@30 : 0.7159    recall@50 : 0.8082    ndcg@1 : 0.2306    ndcg@2 : 0.2543    ndcg@3 : 0.2733    ndcg@4 : 0.2919    ndcg@5 : 0.3048    ndcg@10 : 0.3508    ndcg@20 : 0.3938    ndcg@30 : 0.4118    ndcg@50 : 0.4336    precision@1 : 0.2306    precision@2 : 0.1919    precision@3 : 0.1655    precision@4 : 0.1488    precision@5 : 0.134    precision@10 : 0.095    precision@20 : 0.0639    precision@30 : 0.0486    precision@50 : 0.0339    map@1 : 0.2306    map@2 : 0.2263    map@3 : 0.2316    map@4 : 0.2399    map@5 : 0.2454    map@10 : 0.265    map@20 : 0.2795    map@30 : 0.285    map@50 : 0.2901
Sun 15 Mar 2026 11:28:38 INFO  Running E-step ! 
Sun 15 Mar 2026 11:28:38 INFO  epoch 183 training [time: 0.23s, train_loss1: 1.9900, train_loss2: 0.0324, train_loss3: 0.0110, train_loss4: 0.0018]
Sun 15 Mar 2026 11:28:38 INFO  epoch 183 evaluating [time: 0.27s, valid_score: 0.351100]
Sun 15 Mar 2026 11:28:38 INFO  valid result: 
recall@1 : 0.1461    recall@2 : 0.2286    recall@3 : 0.29    recall@4 : 0.3395    recall@5 : 0.3758    recall@10 : 0.5064    recall@20 : 0.6499    recall@30 : 0.7162    recall@50 : 0.8088    ndcg@1 : 0.23    ndcg@2 : 0.2544    ndcg@3 : 0.2745    ndcg@4 : 0.2922    ndcg@5 : 0.3051    ndcg@10 : 0.3511    ndcg@20 : 0.394    ndcg@30 : 0.4121    ndcg@50 : 0.4339    precision@1 : 0.23    precision@2 : 0.1922    precision@3 : 0.1665    precision@4 : 0.149    precision@5 : 0.1342    precision@10 : 0.0951    precision@20 : 0.0639    precision@30 : 0.0487    precision@50 : 0.0339    map@1 : 0.23    map@2 : 0.2263    map@3 : 0.2325    map@4 : 0.2401    map@5 : 0.2458    map@10 : 0.2653    map@20 : 0.2798    map@30 : 0.2854    map@50 : 0.2904
Sun 15 Mar 2026 11:28:38 INFO  Saving current: saved/SCL-Mar-15-2026_11-27-03.pth
Sun 15 Mar 2026 11:28:38 INFO  Saving current best: saved/SCL-Mar-15-2026_11-27-03.pth
Sun 15 Mar 2026 11:28:38 INFO  Running E-step ! 
Sun 15 Mar 2026 11:28:39 INFO  epoch 184 training [time: 0.23s, train_loss1: 1.9746, train_loss2: 0.0323, train_loss3: 0.0110, train_loss4: 0.0018]
Sun 15 Mar 2026 11:28:39 INFO  epoch 184 evaluating [time: 0.32s, valid_score: 0.351100]
Sun 15 Mar 2026 11:28:39 INFO  valid result: 
recall@1 : 0.1459    recall@2 : 0.2282    recall@3 : 0.2881    recall@4 : 0.3379    recall@5 : 0.3768    recall@10 : 0.5074    recall@20 : 0.65    recall@30 : 0.7144    recall@50 : 0.8088    ndcg@1 : 0.2294    ndcg@2 : 0.2541    ndcg@3 : 0.2732    ndcg@4 : 0.2911    ndcg@5 : 0.3052    ndcg@10 : 0.3511    ndcg@20 : 0.3937    ndcg@30 : 0.4114    ndcg@50 : 0.4336    precision@1 : 0.2294    precision@2 : 0.1922    precision@3 : 0.1653    precision@4 : 0.1484    precision@5 : 0.1346    precision@10 : 0.0952    precision@20 : 0.0639    precision@30 : 0.0486    precision@50 : 0.0339    map@1 : 0.2294    map@2 : 0.226    map@3 : 0.2315    map@4 : 0.2392    map@5 : 0.2457    map@10 : 0.2651    map@20 : 0.2795    map@30 : 0.285    map@50 : 0.2901
Sun 15 Mar 2026 11:28:39 INFO  Saving current: saved/SCL-Mar-15-2026_11-27-03.pth
Sun 15 Mar 2026 11:28:39 INFO  Saving current best: saved/SCL-Mar-15-2026_11-27-03.pth
Sun 15 Mar 2026 11:28:39 INFO  Running E-step ! 
Sun 15 Mar 2026 11:28:39 INFO  epoch 185 training [time: 0.36s, train_loss1: 1.9869, train_loss2: 0.0322, train_loss3: 0.0110, train_loss4: 0.0018]
Sun 15 Mar 2026 11:28:39 INFO  epoch 185 evaluating [time: 0.21s, valid_score: 0.350400]
Sun 15 Mar 2026 11:28:39 INFO  valid result: 
recall@1 : 0.1446    recall@2 : 0.2271    recall@3 : 0.287    recall@4 : 0.3398    recall@5 : 0.3765    recall@10 : 0.5072    recall@20 : 0.6493    recall@30 : 0.715    recall@50 : 0.8083    ndcg@1 : 0.2277    ndcg@2 : 0.2528    ndcg@3 : 0.2722    ndcg@4 : 0.2912    ndcg@5 : 0.3046    ndcg@10 : 0.3504    ndcg@20 : 0.3929    ndcg@30 : 0.4109    ndcg@50 : 0.4329    precision@1 : 0.2277    precision@2 : 0.1916    precision@3 : 0.1655    precision@4 : 0.149    precision@5 : 0.1347    precision@10 : 0.0953    precision@20 : 0.064    precision@30 : 0.0486    precision@50 : 0.0339    map@1 : 0.2277    map@2 : 0.2245    map@3 : 0.2304    map@4 : 0.2388    map@5 : 0.2448    map@10 : 0.2642    map@20 : 0.2787    map@30 : 0.2842    map@50 : 0.2893
Sun 15 Mar 2026 11:28:39 INFO  Running E-step ! 
Sun 15 Mar 2026 11:28:40 INFO  epoch 186 training [time: 0.17s, train_loss1: 1.9596, train_loss2: 0.0322, train_loss3: 0.0110, train_loss4: 0.0018]
Sun 15 Mar 2026 11:28:40 INFO  epoch 186 evaluating [time: 0.27s, valid_score: 0.350600]
Sun 15 Mar 2026 11:28:40 INFO  valid result: 
recall@1 : 0.1437    recall@2 : 0.2284    recall@3 : 0.2876    recall@4 : 0.3382    recall@5 : 0.3771    recall@10 : 0.5082    recall@20 : 0.6498    recall@30 : 0.7164    recall@50 : 0.8076    ndcg@1 : 0.2265    ndcg@2 : 0.2536    ndcg@3 : 0.2724    ndcg@4 : 0.2905    ndcg@5 : 0.3045    ndcg@10 : 0.3506    ndcg@20 : 0.3928    ndcg@30 : 0.4111    ndcg@50 : 0.4327    precision@1 : 0.2265    precision@2 : 0.1928    precision@3 : 0.1657    precision@4 : 0.1487    precision@5 : 0.1346    precision@10 : 0.0955    precision@20 : 0.0639    precision@30 : 0.0487    precision@50 : 0.0339    map@1 : 0.2265    map@2 : 0.225    map@3 : 0.2304    map@4 : 0.2383    map@5 : 0.2446    map@10 : 0.2641    map@20 : 0.2784    map@30 : 0.284    map@50 : 0.289
Sun 15 Mar 2026 11:28:40 INFO  Running E-step ! 
Sun 15 Mar 2026 11:28:40 INFO  epoch 187 training [time: 0.21s, train_loss1: 1.9561, train_loss2: 0.0321, train_loss3: 0.0110, train_loss4: 0.0018]
Sun 15 Mar 2026 11:28:40 INFO  epoch 187 evaluating [time: 0.26s, valid_score: 0.351200]
Sun 15 Mar 2026 11:28:40 INFO  valid result: 
recall@1 : 0.1445    recall@2 : 0.228    recall@3 : 0.2879    recall@4 : 0.338    recall@5 : 0.3779    recall@10 : 0.5092    recall@20 : 0.6487    recall@30 : 0.7164    recall@50 : 0.808    ndcg@1 : 0.2277    ndcg@2 : 0.2533    ndcg@3 : 0.2726    ndcg@4 : 0.2907    ndcg@5 : 0.3051    ndcg@10 : 0.3512    ndcg@20 : 0.3929    ndcg@30 : 0.4114    ndcg@50 : 0.4331    precision@1 : 0.2277    precision@2 : 0.1919    precision@3 : 0.1657    precision@4 : 0.1488    precision@5 : 0.1348    precision@10 : 0.0957    precision@20 : 0.0639    precision@30 : 0.0488    precision@50 : 0.0339    map@1 : 0.2277    map@2 : 0.225    map@3 : 0.2309    map@4 : 0.2387    map@5 : 0.2453    map@10 : 0.2647    map@20 : 0.2789    map@30 : 0.2845    map@50 : 0.2895
Sun 15 Mar 2026 11:28:40 INFO  Saving current: saved/SCL-Mar-15-2026_11-27-03.pth
Sun 15 Mar 2026 11:28:40 INFO  Saving current best: saved/SCL-Mar-15-2026_11-27-03.pth
Sun 15 Mar 2026 11:28:40 INFO  Running E-step ! 
Sun 15 Mar 2026 11:28:41 INFO  epoch 188 training [time: 0.22s, train_loss1: 1.9456, train_loss2: 0.0320, train_loss3: 0.0110, train_loss4: 0.0018]
Sun 15 Mar 2026 11:28:41 INFO  epoch 188 evaluating [time: 0.28s, valid_score: 0.351000]
Sun 15 Mar 2026 11:28:41 INFO  valid result: 
recall@1 : 0.144    recall@2 : 0.2279    recall@3 : 0.2883    recall@4 : 0.3382    recall@5 : 0.3774    recall@10 : 0.5094    recall@20 : 0.6483    recall@30 : 0.7157    recall@50 : 0.8078    ndcg@1 : 0.2271    ndcg@2 : 0.2533    ndcg@3 : 0.2726    ndcg@4 : 0.2906    ndcg@5 : 0.3048    ndcg@10 : 0.351    ndcg@20 : 0.3926    ndcg@30 : 0.4112    ndcg@50 : 0.4329    precision@1 : 0.2271    precision@2 : 0.1922    precision@3 : 0.1657    precision@4 : 0.1488    precision@5 : 0.1346    precision@10 : 0.0955    precision@20 : 0.0638    precision@30 : 0.0488    precision@50 : 0.0339    map@1 : 0.2271    map@2 : 0.2248    map@3 : 0.2308    map@4 : 0.2385    map@5 : 0.2449    map@10 : 0.2644    map@20 : 0.2786    map@30 : 0.2843    map@50 : 0.2893
Sun 15 Mar 2026 11:28:41 INFO  Running E-step ! 
Sun 15 Mar 2026 11:28:41 INFO  epoch 189 training [time: 0.22s, train_loss1: 1.9662, train_loss2: 0.0320, train_loss3: 0.0110, train_loss4: 0.0017]
Sun 15 Mar 2026 11:28:41 INFO  epoch 189 evaluating [time: 0.25s, valid_score: 0.351300]
Sun 15 Mar 2026 11:28:41 INFO  valid result: 
recall@1 : 0.1432    recall@2 : 0.2283    recall@3 : 0.2879    recall@4 : 0.3381    recall@5 : 0.3779    recall@10 : 0.5107    recall@20 : 0.6473    recall@30 : 0.7156    recall@50 : 0.8078    ndcg@1 : 0.2265    ndcg@2 : 0.2536    ndcg@3 : 0.2723    ndcg@4 : 0.2902    ndcg@5 : 0.3046    ndcg@10 : 0.3513    ndcg@20 : 0.3921    ndcg@30 : 0.411    ndcg@50 : 0.4327    precision@1 : 0.2265    precision@2 : 0.1928    precision@3 : 0.1657    precision@4 : 0.1485    precision@5 : 0.1347    precision@10 : 0.0958    precision@20 : 0.0637    precision@30 : 0.0488    precision@50 : 0.0339    map@1 : 0.2265    map@2 : 0.2248    map@3 : 0.2303    map@4 : 0.2379    map@5 : 0.2445    map@10 : 0.2642    map@20 : 0.2781    map@30 : 0.2839    map@50 : 0.2889
Sun 15 Mar 2026 11:28:41 INFO  Saving current: saved/SCL-Mar-15-2026_11-27-03.pth
Sun 15 Mar 2026 11:28:41 INFO  Saving current best: saved/SCL-Mar-15-2026_11-27-03.pth
Sun 15 Mar 2026 11:28:41 INFO  Running E-step ! 
Sun 15 Mar 2026 11:28:42 INFO  epoch 190 training [time: 0.22s, train_loss1: 1.9216, train_loss2: 0.0319, train_loss3: 0.0110, train_loss4: 0.0017]
Sun 15 Mar 2026 11:28:42 INFO  epoch 190 evaluating [time: 0.27s, valid_score: 0.352000]
Sun 15 Mar 2026 11:28:42 INFO  valid result: 
recall@1 : 0.1435    recall@2 : 0.2279    recall@3 : 0.2879    recall@4 : 0.3383    recall@5 : 0.3793    recall@10 : 0.5128    recall@20 : 0.6467    recall@30 : 0.7152    recall@50 : 0.8077    ndcg@1 : 0.2259    ndcg@2 : 0.253    ndcg@3 : 0.272    ndcg@4 : 0.2903    ndcg@5 : 0.3052    ndcg@10 : 0.352    ndcg@20 : 0.3921    ndcg@30 : 0.411    ndcg@50 : 0.4328    precision@1 : 0.2259    precision@2 : 0.1922    precision@3 : 0.1655    precision@4 : 0.1487    precision@5 : 0.135    precision@10 : 0.096    precision@20 : 0.0636    precision@30 : 0.0488    precision@50 : 0.0339    map@1 : 0.2259    map@2 : 0.2244    map@3 : 0.2302    map@4 : 0.238    map@5 : 0.2449    map@10 : 0.2646    map@20 : 0.2783    map@30 : 0.2842    map@50 : 0.2892
Sun 15 Mar 2026 11:28:42 INFO  Saving current: saved/SCL-Mar-15-2026_11-27-03.pth
Sun 15 Mar 2026 11:28:42 INFO  Saving current best: saved/SCL-Mar-15-2026_11-27-03.pth
Sun 15 Mar 2026 11:28:42 INFO  Running E-step ! 
Sun 15 Mar 2026 11:28:42 INFO  epoch 191 training [time: 0.23s, train_loss1: 1.9425, train_loss2: 0.0318, train_loss3: 0.0110, train_loss4: 0.0017]
Sun 15 Mar 2026 11:28:42 INFO  epoch 191 evaluating [time: 0.26s, valid_score: 0.351700]
Sun 15 Mar 2026 11:28:42 INFO  valid result: 
recall@1 : 0.1427    recall@2 : 0.228    recall@3 : 0.2863    recall@4 : 0.3386    recall@5 : 0.3788    recall@10 : 0.513    recall@20 : 0.6478    recall@30 : 0.7157    recall@50 : 0.8079    ndcg@1 : 0.2247    ndcg@2 : 0.2527    ndcg@3 : 0.2708    ndcg@4 : 0.29    ndcg@5 : 0.3046    ndcg@10 : 0.3517    ndcg@20 : 0.3919    ndcg@30 : 0.4107    ndcg@50 : 0.4324    precision@1 : 0.2247    precision@2 : 0.1922    precision@3 : 0.1647    precision@4 : 0.1488    precision@5 : 0.1349    precision@10 : 0.0962    precision@20 : 0.0637    precision@30 : 0.0488    precision@50 : 0.0339    map@1 : 0.2247    map@2 : 0.2241    map@3 : 0.2291    map@4 : 0.2376    map@5 : 0.2443    map@10 : 0.2642    map@20 : 0.2779    map@30 : 0.2837    map@50 : 0.2887
Sun 15 Mar 2026 11:28:42 INFO  Running E-step ! 
Sun 15 Mar 2026 11:28:43 INFO  epoch 192 training [time: 0.23s, train_loss1: 1.9329, train_loss2: 0.0317, train_loss3: 0.0110, train_loss4: 0.0017]
Sun 15 Mar 2026 11:28:43 INFO  epoch 192 evaluating [time: 0.27s, valid_score: 0.351800]
Sun 15 Mar 2026 11:28:43 INFO  valid result: 
recall@1 : 0.1427    recall@2 : 0.2289    recall@3 : 0.286    recall@4 : 0.3379    recall@5 : 0.379    recall@10 : 0.5126    recall@20 : 0.648    recall@30 : 0.7162    recall@50 : 0.8076    ndcg@1 : 0.2247    ndcg@2 : 0.2533    ndcg@3 : 0.2707    ndcg@4 : 0.2897    ndcg@5 : 0.3048    ndcg@10 : 0.3518    ndcg@20 : 0.3921    ndcg@30 : 0.411    ndcg@50 : 0.4325    precision@1 : 0.2247    precision@2 : 0.1928    precision@3 : 0.1645    precision@4 : 0.1485    precision@5 : 0.135    precision@10 : 0.0964    precision@20 : 0.0637    precision@30 : 0.0488    precision@50 : 0.034    map@1 : 0.2247    map@2 : 0.2244    map@3 : 0.2291    map@4 : 0.2375    map@5 : 0.2444    map@10 : 0.2644    map@20 : 0.2781    map@30 : 0.2839    map@50 : 0.2889
Sun 15 Mar 2026 11:28:43 INFO  Running E-step ! 
Sun 15 Mar 2026 11:28:43 INFO  epoch 193 training [time: 0.23s, train_loss1: 1.9056, train_loss2: 0.0317, train_loss3: 0.0110, train_loss4: 0.0017]
Sun 15 Mar 2026 11:28:43 INFO  epoch 193 evaluating [time: 0.26s, valid_score: 0.351400]
Sun 15 Mar 2026 11:28:43 INFO  valid result: 
recall@1 : 0.1427    recall@2 : 0.2298    recall@3 : 0.2847    recall@4 : 0.3374    recall@5 : 0.3791    recall@10 : 0.5113    recall@20 : 0.6475    recall@30 : 0.7161    recall@50 : 0.8061    ndcg@1 : 0.2247    ndcg@2 : 0.2539    ndcg@3 : 0.2701    ndcg@4 : 0.2896    ndcg@5 : 0.3049    ndcg@10 : 0.3514    ndcg@20 : 0.3921    ndcg@30 : 0.411    ndcg@50 : 0.4323    precision@1 : 0.2247    precision@2 : 0.1934    precision@3 : 0.1639    precision@4 : 0.1485    precision@5 : 0.1352    precision@10 : 0.0962    precision@20 : 0.0636    precision@30 : 0.0488    precision@50 : 0.0339    map@1 : 0.2247    map@2 : 0.225    map@3 : 0.2287    map@4 : 0.2375    map@5 : 0.2445    map@10 : 0.2643    map@20 : 0.2781    map@30 : 0.2839    map@50 : 0.2889
Sun 15 Mar 2026 11:28:43 INFO  Running E-step ! 
Sun 15 Mar 2026 11:28:44 INFO  epoch 194 training [time: 0.22s, train_loss1: 1.9409, train_loss2: 0.0316, train_loss3: 0.0110, train_loss4: 0.0017]
Sun 15 Mar 2026 11:28:44 INFO  epoch 194 evaluating [time: 0.27s, valid_score: 0.351100]
Sun 15 Mar 2026 11:28:44 INFO  valid result: 
recall@1 : 0.1421    recall@2 : 0.2296    recall@3 : 0.282    recall@4 : 0.3379    recall@5 : 0.3783    recall@10 : 0.5116    recall@20 : 0.6477    recall@30 : 0.7174    recall@50 : 0.806    ndcg@1 : 0.2235    ndcg@2 : 0.2533    ndcg@3 : 0.2682    ndcg@4 : 0.2894    ndcg@5 : 0.3042    ndcg@10 : 0.3511    ndcg@20 : 0.3917    ndcg@30 : 0.4109    ndcg@50 : 0.4319    precision@1 : 0.2235    precision@2 : 0.1931    precision@3 : 0.1627    precision@4 : 0.149    precision@5 : 0.1353    precision@10 : 0.0962    precision@20 : 0.0637    precision@30 : 0.0489    precision@50 : 0.0339    map@1 : 0.2235    map@2 : 0.2242    map@3 : 0.2272    map@4 : 0.237    map@5 : 0.2439    map@10 : 0.2638    map@20 : 0.2776    map@30 : 0.2835    map@50 : 0.2884
Sun 15 Mar 2026 11:28:44 INFO  Running E-step ! 
Sun 15 Mar 2026 11:28:44 INFO  epoch 195 training [time: 0.23s, train_loss1: 1.9168, train_loss2: 0.0315, train_loss3: 0.0110, train_loss4: 0.0017]
Sun 15 Mar 2026 11:28:44 INFO  epoch 195 evaluating [time: 0.27s, valid_score: 0.351400]
Sun 15 Mar 2026 11:28:44 INFO  valid result: 
recall@1 : 0.1427    recall@2 : 0.2305    recall@3 : 0.2828    recall@4 : 0.3385    recall@5 : 0.3785    recall@10 : 0.5113    recall@20 : 0.6483    recall@30 : 0.7176    recall@50 : 0.8038    ndcg@1 : 0.2241    ndcg@2 : 0.2539    ndcg@3 : 0.269    ndcg@4 : 0.2901    ndcg@5 : 0.3048    ndcg@10 : 0.3514    ndcg@20 : 0.3923    ndcg@30 : 0.4114    ndcg@50 : 0.4319    precision@1 : 0.2241    precision@2 : 0.1934    precision@3 : 0.1631    precision@4 : 0.1491    precision@5 : 0.1355    precision@10 : 0.0962    precision@20 : 0.0638    precision@30 : 0.049    precision@50 : 0.0339    map@1 : 0.2241    map@2 : 0.2248    map@3 : 0.2279    map@4 : 0.2377    map@5 : 0.2445    map@10 : 0.2643    map@20 : 0.2782    map@30 : 0.2841    map@50 : 0.2889
Sun 15 Mar 2026 11:28:44 INFO  Running E-step ! 
Sun 15 Mar 2026 11:28:45 INFO  epoch 196 training [time: 0.19s, train_loss1: 1.9648, train_loss2: 0.0315, train_loss3: 0.0110, train_loss4: 0.0017]
Sun 15 Mar 2026 11:28:45 INFO  epoch 196 evaluating [time: 0.20s, valid_score: 0.351700]
Sun 15 Mar 2026 11:28:45 INFO  valid result: 
recall@1 : 0.1428    recall@2 : 0.2308    recall@3 : 0.2825    recall@4 : 0.337    recall@5 : 0.3801    recall@10 : 0.5121    recall@20 : 0.6478    recall@30 : 0.7176    recall@50 : 0.8038    ndcg@1 : 0.2247    ndcg@2 : 0.2543    ndcg@3 : 0.269    ndcg@4 : 0.2896    ndcg@5 : 0.3054    ndcg@10 : 0.3517    ndcg@20 : 0.3923    ndcg@30 : 0.4115    ndcg@50 : 0.432    precision@1 : 0.2247    precision@2 : 0.1937    precision@3 : 0.1629    precision@4 : 0.149    precision@5 : 0.1359    precision@10 : 0.0963    precision@20 : 0.0638    precision@30 : 0.049    precision@50 : 0.0339    map@1 : 0.2247    map@2 : 0.2251    map@3 : 0.2279    map@4 : 0.2375    map@5 : 0.2448    map@10 : 0.2645    map@20 : 0.2783    map@30 : 0.2842    map@50 : 0.289
Sun 15 Mar 2026 11:28:45 INFO  Running E-step ! 
Sun 15 Mar 2026 11:28:45 INFO  epoch 197 training [time: 0.23s, train_loss1: 1.9205, train_loss2: 0.0314, train_loss3: 0.0110, train_loss4: 0.0017]
Sun 15 Mar 2026 11:28:45 INFO  epoch 197 evaluating [time: 0.28s, valid_score: 0.351700]
Sun 15 Mar 2026 11:28:45 INFO  valid result: 
recall@1 : 0.1426    recall@2 : 0.2302    recall@3 : 0.2831    recall@4 : 0.3367    recall@5 : 0.3801    recall@10 : 0.5123    recall@20 : 0.6484    recall@30 : 0.7183    recall@50 : 0.8042    ndcg@1 : 0.2247    ndcg@2 : 0.2538    ndcg@3 : 0.2692    ndcg@4 : 0.2894    ndcg@5 : 0.3054    ndcg@10 : 0.3517    ndcg@20 : 0.3924    ndcg@30 : 0.4117    ndcg@50 : 0.432    precision@1 : 0.2247    precision@2 : 0.1934    precision@3 : 0.1633    precision@4 : 0.1488    precision@5 : 0.136    precision@10 : 0.0962    precision@20 : 0.0638    precision@30 : 0.049    precision@50 : 0.0339    map@1 : 0.2247    map@2 : 0.2247    map@3 : 0.2279    map@4 : 0.2373    map@5 : 0.2447    map@10 : 0.2644    map@20 : 0.2782    map@30 : 0.2841    map@50 : 0.2889
Sun 15 Mar 2026 11:28:45 INFO  Running E-step ! 
Sun 15 Mar 2026 11:28:46 INFO  epoch 198 training [time: 0.21s, train_loss1: 1.9159, train_loss2: 0.0313, train_loss3: 0.0110, train_loss4: 0.0017]
Sun 15 Mar 2026 11:28:46 INFO  epoch 198 evaluating [time: 0.34s, valid_score: 0.351100]
Sun 15 Mar 2026 11:28:46 INFO  valid result: 
recall@1 : 0.1417    recall@2 : 0.2305    recall@3 : 0.284    recall@4 : 0.3366    recall@5 : 0.3788    recall@10 : 0.5111    recall@20 : 0.6486    recall@30 : 0.7181    recall@50 : 0.8035    ndcg@1 : 0.2241    ndcg@2 : 0.2537    ndcg@3 : 0.2692    ndcg@4 : 0.2889    ndcg@5 : 0.3045    ndcg@10 : 0.3511    ndcg@20 : 0.3921    ndcg@30 : 0.4113    ndcg@50 : 0.4316    precision@1 : 0.2241    precision@2 : 0.1937    precision@3 : 0.1635    precision@4 : 0.1485    precision@5 : 0.1353    precision@10 : 0.0961    precision@20 : 0.0639    precision@30 : 0.049    precision@50 : 0.0339    map@1 : 0.2241    map@2 : 0.2242    map@3 : 0.2277    map@4 : 0.2367    map@5 : 0.2439    map@10 : 0.2638    map@20 : 0.2777    map@30 : 0.2836    map@50 : 0.2884
Sun 15 Mar 2026 11:28:46 INFO  Running E-step ! 
Sun 15 Mar 2026 11:28:46 INFO  epoch 199 training [time: 0.34s, train_loss1: 1.8925, train_loss2: 0.0312, train_loss3: 0.0110, train_loss4: 0.0017]
Sun 15 Mar 2026 11:28:46 INFO  epoch 199 evaluating [time: 0.14s, valid_score: 0.351300]
Sun 15 Mar 2026 11:28:46 INFO  valid result: 
recall@1 : 0.1417    recall@2 : 0.2296    recall@3 : 0.2858    recall@4 : 0.338    recall@5 : 0.3791    recall@10 : 0.5115    recall@20 : 0.6473    recall@30 : 0.7176    recall@50 : 0.8043    ndcg@1 : 0.2247    ndcg@2 : 0.253    ndcg@3 : 0.2701    ndcg@4 : 0.2896    ndcg@5 : 0.3048    ndcg@10 : 0.3513    ndcg@20 : 0.392    ndcg@30 : 0.4113    ndcg@50 : 0.4319    precision@1 : 0.2247    precision@2 : 0.1928    precision@3 : 0.1643    precision@4 : 0.1488    precision@5 : 0.1354    precision@10 : 0.0961    precision@20 : 0.0639    precision@30 : 0.049    precision@50 : 0.0339    map@1 : 0.2247    map@2 : 0.2239    map@3 : 0.2283    map@4 : 0.2373    map@5 : 0.2442    map@10 : 0.264    map@20 : 0.2779    map@30 : 0.2838    map@50 : 0.2887
Sun 15 Mar 2026 11:28:46 INFO  Running E-step ! 
Sun 15 Mar 2026 11:28:47 INFO  epoch 200 training [time: 0.22s, train_loss1: 1.9091, train_loss2: 0.0312, train_loss3: 0.0110, train_loss4: 0.0018]
Sun 15 Mar 2026 11:28:47 INFO  epoch 200 evaluating [time: 0.39s, valid_score: 0.351300]
Sun 15 Mar 2026 11:28:47 INFO  valid result: 
recall@1 : 0.1419    recall@2 : 0.2305    recall@3 : 0.2861    recall@4 : 0.3376    recall@5 : 0.3786    recall@10 : 0.5105    recall@20 : 0.6481    recall@30 : 0.7179    recall@50 : 0.8049    ndcg@1 : 0.2247    ndcg@2 : 0.2536    ndcg@3 : 0.2705    ndcg@4 : 0.2896    ndcg@5 : 0.3047    ndcg@10 : 0.3513    ndcg@20 : 0.3924    ndcg@30 : 0.4116    ndcg@50 : 0.4323    precision@1 : 0.2247    precision@2 : 0.1931    precision@3 : 0.1645    precision@4 : 0.1487    precision@5 : 0.135    precision@10 : 0.0961    precision@20 : 0.0639    precision@30 : 0.049    precision@50 : 0.0339    map@1 : 0.2247    map@2 : 0.2244    map@3 : 0.2287    map@4 : 0.2374    map@5 : 0.2441    map@10 : 0.2642    map@20 : 0.2782    map@30 : 0.2841    map@50 : 0.289
Sun 15 Mar 2026 11:28:47 INFO  Running E-step ! 
Sun 15 Mar 2026 11:28:47 INFO  epoch 201 training [time: 0.37s, train_loss1: 1.8879, train_loss2: 0.0311, train_loss3: 0.0110, train_loss4: 0.0018]
Sun 15 Mar 2026 11:28:48 INFO  epoch 201 evaluating [time: 0.40s, valid_score: 0.351600]
Sun 15 Mar 2026 11:28:48 INFO  valid result: 
recall@1 : 0.1423    recall@2 : 0.2301    recall@3 : 0.2857    recall@4 : 0.3371    recall@5 : 0.3793    recall@10 : 0.511    recall@20 : 0.6489    recall@30 : 0.7182    recall@50 : 0.805    ndcg@1 : 0.2265    ndcg@2 : 0.2535    ndcg@3 : 0.2707    ndcg@4 : 0.2896    ndcg@5 : 0.3051    ndcg@10 : 0.3516    ndcg@20 : 0.3927    ndcg@30 : 0.4118    ndcg@50 : 0.4324    precision@1 : 0.2265    precision@2 : 0.1925    precision@3 : 0.1647    precision@4 : 0.1485    precision@5 : 0.1352    precision@10 : 0.0962    precision@20 : 0.0639    precision@30 : 0.049    precision@50 : 0.034    map@1 : 0.2265    map@2 : 0.2244    map@3 : 0.2288    map@4 : 0.2375    map@5 : 0.2444    map@10 : 0.2644    map@20 : 0.2784    map@30 : 0.2842    map@50 : 0.2891
Sun 15 Mar 2026 11:28:48 INFO  Running E-step ! 
Sun 15 Mar 2026 11:28:48 INFO  epoch 202 training [time: 0.36s, train_loss1: 1.8669, train_loss2: 0.0310, train_loss3: 0.0110, train_loss4: 0.0017]
Sun 15 Mar 2026 11:28:48 INFO  epoch 202 evaluating [time: 0.27s, valid_score: 0.351800]
Sun 15 Mar 2026 11:28:48 INFO  valid result: 
recall@1 : 0.1427    recall@2 : 0.2295    recall@3 : 0.2847    recall@4 : 0.3371    recall@5 : 0.3792    recall@10 : 0.5115    recall@20 : 0.6495    recall@30 : 0.7189    recall@50 : 0.8052    ndcg@1 : 0.2265    ndcg@2 : 0.2532    ndcg@3 : 0.2701    ndcg@4 : 0.2896    ndcg@5 : 0.3051    ndcg@10 : 0.3518    ndcg@20 : 0.3928    ndcg@30 : 0.4119    ndcg@50 : 0.4324    precision@1 : 0.2265    precision@2 : 0.1922    precision@3 : 0.1641    precision@4 : 0.1485    precision@5 : 0.1353    precision@10 : 0.0963    precision@20 : 0.064    precision@30 : 0.0491    precision@50 : 0.034    map@1 : 0.2265    map@2 : 0.2242    map@3 : 0.2285    map@4 : 0.2374    map@5 : 0.2444    map@10 : 0.2645    map@20 : 0.2785    map@30 : 0.2843    map@50 : 0.2891
Sun 15 Mar 2026 11:28:48 INFO  Running E-step ! 
Sun 15 Mar 2026 11:28:49 INFO  epoch 203 training [time: 0.18s, train_loss1: 1.8745, train_loss2: 0.0310, train_loss3: 0.0110, train_loss4: 0.0017]
Sun 15 Mar 2026 11:28:49 INFO  epoch 203 evaluating [time: 0.29s, valid_score: 0.351800]
Sun 15 Mar 2026 11:28:49 INFO  valid result: 
recall@1 : 0.1423    recall@2 : 0.231    recall@3 : 0.2853    recall@4 : 0.337    recall@5 : 0.3793    recall@10 : 0.5114    recall@20 : 0.6485    recall@30 : 0.717    recall@50 : 0.8051    ndcg@1 : 0.2259    ndcg@2 : 0.254    ndcg@3 : 0.2704    ndcg@4 : 0.2896    ndcg@5 : 0.3051    ndcg@10 : 0.3518    ndcg@20 : 0.3927    ndcg@30 : 0.4116    ndcg@50 : 0.4325    precision@1 : 0.2259    precision@2 : 0.1931    precision@3 : 0.1643    precision@4 : 0.1484    precision@5 : 0.1353    precision@10 : 0.0963    precision@20 : 0.064    precision@30 : 0.049    precision@50 : 0.0339    map@1 : 0.2259    map@2 : 0.2247    map@3 : 0.2287    map@4 : 0.2375    map@5 : 0.2444    map@10 : 0.2645    map@20 : 0.2785    map@30 : 0.2843    map@50 : 0.2892
Sun 15 Mar 2026 11:28:49 INFO  Running E-step ! 
Sun 15 Mar 2026 11:28:49 INFO  epoch 204 training [time: 0.19s, train_loss1: 1.8338, train_loss2: 0.0309, train_loss3: 0.0110, train_loss4: 0.0017]
Sun 15 Mar 2026 11:28:49 INFO  epoch 204 evaluating [time: 0.14s, valid_score: 0.352000]
Sun 15 Mar 2026 11:28:49 INFO  valid result: 
recall@1 : 0.1426    recall@2 : 0.2301    recall@3 : 0.2853    recall@4 : 0.3366    recall@5 : 0.3781    recall@10 : 0.5126    recall@20 : 0.6474    recall@30 : 0.7183    recall@50 : 0.8051    ndcg@1 : 0.2259    ndcg@2 : 0.2535    ndcg@3 : 0.2704    ndcg@4 : 0.2892    ndcg@5 : 0.3047    ndcg@10 : 0.352    ndcg@20 : 0.3924    ndcg@30 : 0.4118    ndcg@50 : 0.4324    precision@1 : 0.2259    precision@2 : 0.1925    precision@3 : 0.1643    precision@4 : 0.1481    precision@5 : 0.1352    precision@10 : 0.0964    precision@20 : 0.064    precision@30 : 0.0491    precision@50 : 0.0339    map@1 : 0.2259    map@2 : 0.2244    map@3 : 0.2287    map@4 : 0.2372    map@5 : 0.2442    map@10 : 0.2646    map@20 : 0.2784    map@30 : 0.2843    map@50 : 0.2891
Sun 15 Mar 2026 11:28:49 INFO  Saving current: saved/SCL-Mar-15-2026_11-27-03.pth
Sun 15 Mar 2026 11:28:49 INFO  Saving current best: saved/SCL-Mar-15-2026_11-27-03.pth
Sun 15 Mar 2026 11:28:49 INFO  Running E-step ! 
Sun 15 Mar 2026 11:28:49 INFO  epoch 205 training [time: 0.16s, train_loss1: 1.8473, train_loss2: 0.0309, train_loss3: 0.0110, train_loss4: 0.0017]
Sun 15 Mar 2026 11:28:50 INFO  epoch 205 evaluating [time: 0.14s, valid_score: 0.352200]
Sun 15 Mar 2026 11:28:50 INFO  valid result: 
recall@1 : 0.1427    recall@2 : 0.2312    recall@3 : 0.2857    recall@4 : 0.3364    recall@5 : 0.3786    recall@10 : 0.5122    recall@20 : 0.6473    recall@30 : 0.7181    recall@50 : 0.8048    ndcg@1 : 0.2265    ndcg@2 : 0.2541    ndcg@3 : 0.2708    ndcg@4 : 0.2893    ndcg@5 : 0.3051    ndcg@10 : 0.3522    ndcg@20 : 0.3926    ndcg@30 : 0.412    ndcg@50 : 0.4326    precision@1 : 0.2265    precision@2 : 0.1928    precision@3 : 0.1643    precision@4 : 0.1479    precision@5 : 0.1353    precision@10 : 0.0964    precision@20 : 0.0639    precision@30 : 0.049    precision@50 : 0.0339    map@1 : 0.2265    map@2 : 0.2253    map@3 : 0.2291    map@4 : 0.2375    map@5 : 0.2447    map@10 : 0.2649    map@20 : 0.2788    map@30 : 0.2847    map@50 : 0.2895
Sun 15 Mar 2026 11:28:50 INFO  Saving current: saved/SCL-Mar-15-2026_11-27-03.pth
Sun 15 Mar 2026 11:28:50 INFO  Saving current best: saved/SCL-Mar-15-2026_11-27-03.pth
Sun 15 Mar 2026 11:28:50 INFO  Running E-step ! 
Sun 15 Mar 2026 11:28:50 INFO  epoch 206 training [time: 0.19s, train_loss1: 1.8545, train_loss2: 0.0308, train_loss3: 0.0110, train_loss4: 0.0017]
Sun 15 Mar 2026 11:28:50 INFO  epoch 206 evaluating [time: 0.14s, valid_score: 0.352500]
Sun 15 Mar 2026 11:28:50 INFO  valid result: 
recall@1 : 0.1427    recall@2 : 0.2318    recall@3 : 0.287    recall@4 : 0.3362    recall@5 : 0.3793    recall@10 : 0.5126    recall@20 : 0.6469    recall@30 : 0.7183    recall@50 : 0.8045    ndcg@1 : 0.2265    ndcg@2 : 0.2545    ndcg@3 : 0.2714    ndcg@4 : 0.2895    ndcg@5 : 0.3055    ndcg@10 : 0.3525    ndcg@20 : 0.3928    ndcg@30 : 0.4123    ndcg@50 : 0.4327    precision@1 : 0.2265    precision@2 : 0.1931    precision@3 : 0.1647    precision@4 : 0.1481    precision@5 : 0.1354    precision@10 : 0.0964    precision@20 : 0.0639    precision@30 : 0.0491    precision@50 : 0.0339    map@1 : 0.2265    map@2 : 0.2256    map@3 : 0.2296    map@4 : 0.2377    map@5 : 0.2451    map@10 : 0.2652    map@20 : 0.279    map@30 : 0.285    map@50 : 0.2897
Sun 15 Mar 2026 11:28:50 INFO  Saving current: saved/SCL-Mar-15-2026_11-27-03.pth
Sun 15 Mar 2026 11:28:50 INFO  Saving current best: saved/SCL-Mar-15-2026_11-27-03.pth
Sun 15 Mar 2026 11:28:50 INFO  Running E-step ! 
Sun 15 Mar 2026 11:28:50 INFO  epoch 207 training [time: 0.18s, train_loss1: 1.8605, train_loss2: 0.0307, train_loss3: 0.0110, train_loss4: 0.0017]
Sun 15 Mar 2026 11:28:50 INFO  epoch 207 evaluating [time: 0.14s, valid_score: 0.351700]
Sun 15 Mar 2026 11:28:50 INFO  valid result: 
recall@1 : 0.1413    recall@2 : 0.2321    recall@3 : 0.2884    recall@4 : 0.3354    recall@5 : 0.3795    recall@10 : 0.5117    recall@20 : 0.6473    recall@30 : 0.7189    recall@50 : 0.8024    ndcg@1 : 0.2235    ndcg@2 : 0.254    ndcg@3 : 0.2716    ndcg@4 : 0.2886    ndcg@5 : 0.3052    ndcg@10 : 0.3517    ndcg@20 : 0.3924    ndcg@30 : 0.412    ndcg@50 : 0.4319    precision@1 : 0.2235    precision@2 : 0.1934    precision@3 : 0.1653    precision@4 : 0.1478    precision@5 : 0.1358    precision@10 : 0.0963    precision@20 : 0.064    precision@30 : 0.0492    precision@50 : 0.0339    map@1 : 0.2235    map@2 : 0.225    map@3 : 0.2294    map@4 : 0.237    map@5 : 0.2448    map@10 : 0.2646    map@20 : 0.2786    map@30 : 0.2845    map@50 : 0.2892
Sun 15 Mar 2026 11:28:50 INFO  Running E-step ! 
Sun 15 Mar 2026 11:28:50 INFO  epoch 208 training [time: 0.19s, train_loss1: 1.8638, train_loss2: 0.0307, train_loss3: 0.0110, train_loss4: 0.0017]
Sun 15 Mar 2026 11:28:51 INFO  epoch 208 evaluating [time: 0.14s, valid_score: 0.351300]
Sun 15 Mar 2026 11:28:51 INFO  valid result: 
recall@1 : 0.1413    recall@2 : 0.2321    recall@3 : 0.29    recall@4 : 0.3335    recall@5 : 0.3785    recall@10 : 0.5106    recall@20 : 0.6468    recall@30 : 0.7179    recall@50 : 0.8017    ndcg@1 : 0.2235    ndcg@2 : 0.2538    ndcg@3 : 0.2725    ndcg@4 : 0.2878    ndcg@5 : 0.3049    ndcg@10 : 0.3513    ndcg@20 : 0.3923    ndcg@30 : 0.4118    ndcg@50 : 0.4318    precision@1 : 0.2235    precision@2 : 0.1934    precision@3 : 0.1661    precision@4 : 0.1471    precision@5 : 0.1358    precision@10 : 0.096    precision@20 : 0.0639    precision@30 : 0.0492    precision@50 : 0.0339    map@1 : 0.2235    map@2 : 0.2247    map@3 : 0.2299    map@4 : 0.2365    map@5 : 0.2446    map@10 : 0.2644    map@20 : 0.2785    map@30 : 0.2845    map@50 : 0.2892
Sun 15 Mar 2026 11:28:51 INFO  Running E-step ! 
Sun 15 Mar 2026 11:28:51 INFO  epoch 209 training [time: 0.18s, train_loss1: 1.8200, train_loss2: 0.0306, train_loss3: 0.0110, train_loss4: 0.0017]
Sun 15 Mar 2026 11:28:51 INFO  epoch 209 evaluating [time: 0.14s, valid_score: 0.351100]
Sun 15 Mar 2026 11:28:51 INFO  valid result: 
recall@1 : 0.1415    recall@2 : 0.2326    recall@3 : 0.2898    recall@4 : 0.3339    recall@5 : 0.3765    recall@10 : 0.5097    recall@20 : 0.6471    recall@30 : 0.7174    recall@50 : 0.802    ndcg@1 : 0.2235    ndcg@2 : 0.2541    ndcg@3 : 0.2725    ndcg@4 : 0.2882    ndcg@5 : 0.3043    ndcg@10 : 0.3511    ndcg@20 : 0.3924    ndcg@30 : 0.4117    ndcg@50 : 0.4319    precision@1 : 0.2235    precision@2 : 0.1934    precision@3 : 0.1661    precision@4 : 0.1473    precision@5 : 0.1353    precision@10 : 0.0959    precision@20 : 0.064    precision@30 : 0.0491    precision@50 : 0.0339    map@1 : 0.2235    map@2 : 0.2248    map@3 : 0.2301    map@4 : 0.2368    map@5 : 0.2443    map@10 : 0.2643    map@20 : 0.2786    map@30 : 0.2844    map@50 : 0.2893
Sun 15 Mar 2026 11:28:51 INFO  Running E-step ! 
Sun 15 Mar 2026 11:28:51 INFO  epoch 210 training [time: 0.19s, train_loss1: 1.8425, train_loss2: 0.0305, train_loss3: 0.0110, train_loss4: 0.0016]
Sun 15 Mar 2026 11:28:51 INFO  epoch 210 evaluating [time: 0.14s, valid_score: 0.350800]
Sun 15 Mar 2026 11:28:51 INFO  valid result: 
recall@1 : 0.1411    recall@2 : 0.2316    recall@3 : 0.2902    recall@4 : 0.3345    recall@5 : 0.3773    recall@10 : 0.5095    recall@20 : 0.6468    recall@30 : 0.717    recall@50 : 0.8007    ndcg@1 : 0.2235    ndcg@2 : 0.2532    ndcg@3 : 0.2725    ndcg@4 : 0.2884    ndcg@5 : 0.3044    ndcg@10 : 0.3508    ndcg@20 : 0.3921    ndcg@30 : 0.4114    ndcg@50 : 0.4315    precision@1 : 0.2235    precision@2 : 0.1925    precision@3 : 0.1665    precision@4 : 0.1478    precision@5 : 0.1355    precision@10 : 0.0959    precision@20 : 0.064    precision@30 : 0.0491    precision@50 : 0.0339    map@1 : 0.2235    map@2 : 0.2239    map@3 : 0.2298    map@4 : 0.2368    map@5 : 0.2442    map@10 : 0.264    map@20 : 0.2782    map@30 : 0.2841    map@50 : 0.2889
Sun 15 Mar 2026 11:28:51 INFO  Running E-step ! 
Sun 15 Mar 2026 11:28:52 INFO  epoch 211 training [time: 0.26s, train_loss1: 1.8344, train_loss2: 0.0305, train_loss3: 0.0110, train_loss4: 0.0017]
Sun 15 Mar 2026 11:28:52 INFO  epoch 211 evaluating [time: 0.14s, valid_score: 0.350900]
Sun 15 Mar 2026 11:28:52 INFO  valid result: 
recall@1 : 0.1408    recall@2 : 0.2325    recall@3 : 0.2899    recall@4 : 0.337    recall@5 : 0.379    recall@10 : 0.5093    recall@20 : 0.6469    recall@30 : 0.7173    recall@50 : 0.8018    ndcg@1 : 0.2229    ndcg@2 : 0.2534    ndcg@3 : 0.2722    ndcg@4 : 0.2895    ndcg@5 : 0.3051    ndcg@10 : 0.3509    ndcg@20 : 0.3923    ndcg@30 : 0.4116    ndcg@50 : 0.4318    precision@1 : 0.2229    precision@2 : 0.1928    precision@3 : 0.1661    precision@4 : 0.1487    precision@5 : 0.1358    precision@10 : 0.0959    precision@20 : 0.0641    precision@30 : 0.0491    precision@50 : 0.0339    map@1 : 0.2229    map@2 : 0.2241    map@3 : 0.2296    map@4 : 0.2376    map@5 : 0.2446    map@10 : 0.2642    map@20 : 0.2785    map@30 : 0.2844    map@50 : 0.2891
Sun 15 Mar 2026 11:28:52 INFO  Running E-step ! 
Sun 15 Mar 2026 11:28:52 INFO  epoch 212 training [time: 0.21s, train_loss1: 1.7890, train_loss2: 0.0304, train_loss3: 0.0110, train_loss4: 0.0017]
Sun 15 Mar 2026 11:28:52 INFO  epoch 212 evaluating [time: 0.14s, valid_score: 0.351000]
Sun 15 Mar 2026 11:28:52 INFO  valid result: 
recall@1 : 0.1406    recall@2 : 0.2316    recall@3 : 0.2912    recall@4 : 0.3364    recall@5 : 0.3794    recall@10 : 0.5101    recall@20 : 0.6472    recall@30 : 0.7163    recall@50 : 0.802    ndcg@1 : 0.2223    ndcg@2 : 0.2527    ndcg@3 : 0.2727    ndcg@4 : 0.289    ndcg@5 : 0.3052    ndcg@10 : 0.351    ndcg@20 : 0.3923    ndcg@30 : 0.4113    ndcg@50 : 0.4317    precision@1 : 0.2223    precision@2 : 0.1922    precision@3 : 0.1667    precision@4 : 0.1484    precision@5 : 0.1361    precision@10 : 0.096    precision@20 : 0.0642    precision@30 : 0.0491    precision@50 : 0.0339    map@1 : 0.2223    map@2 : 0.2233    map@3 : 0.2298    map@4 : 0.2371    map@5 : 0.2446    map@10 : 0.2641    map@20 : 0.2784    map@30 : 0.2842    map@50 : 0.289
Sun 15 Mar 2026 11:28:52 INFO  Running E-step ! 
Sun 15 Mar 2026 11:28:52 INFO  epoch 213 training [time: 0.20s, train_loss1: 1.8355, train_loss2: 0.0303, train_loss3: 0.0110, train_loss4: 0.0017]
Sun 15 Mar 2026 11:28:52 INFO  epoch 213 evaluating [time: 0.14s, valid_score: 0.351300]
Sun 15 Mar 2026 11:28:52 INFO  valid result: 
recall@1 : 0.1412    recall@2 : 0.2316    recall@3 : 0.2926    recall@4 : 0.3378    recall@5 : 0.3791    recall@10 : 0.51    recall@20 : 0.6475    recall@30 : 0.7156    recall@50 : 0.8019    ndcg@1 : 0.2229    ndcg@2 : 0.253    ndcg@3 : 0.2736    ndcg@4 : 0.2899    ndcg@5 : 0.3054    ndcg@10 : 0.3513    ndcg@20 : 0.3928    ndcg@30 : 0.4115    ndcg@50 : 0.4321    precision@1 : 0.2229    precision@2 : 0.1922    precision@3 : 0.1673    precision@4 : 0.1487    precision@5 : 0.136    precision@10 : 0.096    precision@20 : 0.0642    precision@30 : 0.049    precision@50 : 0.0339    map@1 : 0.2229    map@2 : 0.2238    map@3 : 0.2305    map@4 : 0.2378    map@5 : 0.2449    map@10 : 0.2645    map@20 : 0.2789    map@30 : 0.2846    map@50 : 0.2895
Sun 15 Mar 2026 11:28:52 INFO  Running E-step ! 
Sun 15 Mar 2026 11:28:53 INFO  epoch 214 training [time: 0.20s, train_loss1: 1.8303, train_loss2: 0.0303, train_loss3: 0.0110, train_loss4: 0.0017]
Sun 15 Mar 2026 11:28:53 INFO  epoch 214 evaluating [time: 0.14s, valid_score: 0.351500]
Sun 15 Mar 2026 11:28:53 INFO  valid result: 
recall@1 : 0.1412    recall@2 : 0.2302    recall@3 : 0.2925    recall@4 : 0.3388    recall@5 : 0.3797    recall@10 : 0.5109    recall@20 : 0.6472    recall@30 : 0.7161    recall@50 : 0.8017    ndcg@1 : 0.2229    ndcg@2 : 0.2521    ndcg@3 : 0.2733    ndcg@4 : 0.2902    ndcg@5 : 0.3055    ndcg@10 : 0.3515    ndcg@20 : 0.3926    ndcg@30 : 0.4116    ndcg@50 : 0.432    precision@1 : 0.2229    precision@2 : 0.1913    precision@3 : 0.1671    precision@4 : 0.1491    precision@5 : 0.1361    precision@10 : 0.0962    precision@20 : 0.0642    precision@30 : 0.0491    precision@50 : 0.0339    map@1 : 0.2229    map@2 : 0.2229    map@3 : 0.2302    map@4 : 0.2378    map@5 : 0.2449    map@10 : 0.2645    map@20 : 0.2787    map@30 : 0.2845    map@50 : 0.2893
Sun 15 Mar 2026 11:28:53 INFO  Running E-step ! 
Sun 15 Mar 2026 11:28:53 INFO  epoch 215 training [time: 0.22s, train_loss1: 1.8087, train_loss2: 0.0302, train_loss3: 0.0110, train_loss4: 0.0017]
Sun 15 Mar 2026 11:28:53 INFO  epoch 215 evaluating [time: 0.14s, valid_score: 0.351000]
Sun 15 Mar 2026 11:28:53 INFO  valid result: 
recall@1 : 0.1403    recall@2 : 0.2295    recall@3 : 0.2918    recall@4 : 0.3376    recall@5 : 0.3793    recall@10 : 0.511    recall@20 : 0.648    recall@30 : 0.7163    recall@50 : 0.8012    ndcg@1 : 0.2217    ndcg@2 : 0.2511    ndcg@3 : 0.2724    ndcg@4 : 0.2891    ndcg@5 : 0.3048    ndcg@10 : 0.351    ndcg@20 : 0.3923    ndcg@30 : 0.4111    ndcg@50 : 0.4313    precision@1 : 0.2217    precision@2 : 0.1907    precision@3 : 0.1667    precision@4 : 0.1488    precision@5 : 0.136    precision@10 : 0.0962    precision@20 : 0.0642    precision@30 : 0.0491    precision@50 : 0.0339    map@1 : 0.2217    map@2 : 0.222    map@3 : 0.2294    map@4 : 0.2368    map@5 : 0.2441    map@10 : 0.2638    map@20 : 0.2781    map@30 : 0.2838    map@50 : 0.2887
Sun 15 Mar 2026 11:28:53 INFO  Running E-step ! 
Sun 15 Mar 2026 11:28:53 INFO  epoch 216 training [time: 0.17s, train_loss1: 1.7908, train_loss2: 0.0301, train_loss3: 0.0110, train_loss4: 0.0017]
Sun 15 Mar 2026 11:28:53 INFO  epoch 216 evaluating [time: 0.14s, valid_score: 0.350900]
Sun 15 Mar 2026 11:28:53 INFO  valid result: 
recall@1 : 0.1408    recall@2 : 0.2293    recall@3 : 0.2929    recall@4 : 0.3368    recall@5 : 0.3791    recall@10 : 0.5099    recall@20 : 0.6488    recall@30 : 0.7151    recall@50 : 0.8016    ndcg@1 : 0.2223    ndcg@2 : 0.2513    ndcg@3 : 0.273    ndcg@4 : 0.2891    ndcg@5 : 0.3049    ndcg@10 : 0.3509    ndcg@20 : 0.3928    ndcg@30 : 0.4111    ndcg@50 : 0.4317    precision@1 : 0.2223    precision@2 : 0.1907    precision@3 : 0.1669    precision@4 : 0.1488    precision@5 : 0.1359    precision@10 : 0.0961    precision@20 : 0.0644    precision@30 : 0.0491    precision@50 : 0.034    map@1 : 0.2223    map@2 : 0.2223    map@3 : 0.2299    map@4 : 0.2369    map@5 : 0.2443    map@10 : 0.264    map@20 : 0.2785    map@30 : 0.2841    map@50 : 0.289
Sun 15 Mar 2026 11:28:53 INFO  Running E-step ! 
Sun 15 Mar 2026 11:28:54 INFO  epoch 217 training [time: 0.25s, train_loss1: 1.8123, train_loss2: 0.0301, train_loss3: 0.0110, train_loss4: 0.0017]
Sun 15 Mar 2026 11:28:54 INFO  epoch 217 evaluating [time: 0.14s, valid_score: 0.351400]
Sun 15 Mar 2026 11:28:54 INFO  valid result: 
recall@1 : 0.1408    recall@2 : 0.2311    recall@3 : 0.2931    recall@4 : 0.3377    recall@5 : 0.3804    recall@10 : 0.5103    recall@20 : 0.6495    recall@30 : 0.7144    recall@50 : 0.8013    ndcg@1 : 0.2223    ndcg@2 : 0.2525    ndcg@3 : 0.2734    ndcg@4 : 0.2898    ndcg@5 : 0.3056    ndcg@10 : 0.3514    ndcg@20 : 0.3933    ndcg@30 : 0.4113    ndcg@50 : 0.432    precision@1 : 0.2223    precision@2 : 0.1916    precision@3 : 0.1671    precision@4 : 0.1491    precision@5 : 0.136    precision@10 : 0.0961    precision@20 : 0.0644    precision@30 : 0.049    precision@50 : 0.034    map@1 : 0.2223    map@2 : 0.2232    map@3 : 0.2303    map@4 : 0.2375    map@5 : 0.2448    map@10 : 0.2644    map@20 : 0.279    map@30 : 0.2845    map@50 : 0.2894
Sun 15 Mar 2026 11:28:54 INFO  Running E-step ! 
Sun 15 Mar 2026 11:28:54 INFO  epoch 218 training [time: 0.20s, train_loss1: 1.7747, train_loss2: 0.0300, train_loss3: 0.0110, train_loss4: 0.0016]
Sun 15 Mar 2026 11:28:54 INFO  epoch 218 evaluating [time: 0.14s, valid_score: 0.352000]
Sun 15 Mar 2026 11:28:54 INFO  valid result: 
recall@1 : 0.1411    recall@2 : 0.2324    recall@3 : 0.2937    recall@4 : 0.338    recall@5 : 0.3806    recall@10 : 0.5108    recall@20 : 0.6501    recall@30 : 0.7152    recall@50 : 0.8022    ndcg@1 : 0.2235    ndcg@2 : 0.2537    ndcg@3 : 0.2741    ndcg@4 : 0.2903    ndcg@5 : 0.3061    ndcg@10 : 0.352    ndcg@20 : 0.3939    ndcg@30 : 0.412    ndcg@50 : 0.4326    precision@1 : 0.2235    precision@2 : 0.1925    precision@3 : 0.1673    precision@4 : 0.1493    precision@5 : 0.136    precision@10 : 0.0962    precision@20 : 0.0645    precision@30 : 0.0491    precision@50 : 0.034    map@1 : 0.2235    map@2 : 0.2244    map@3 : 0.231    map@4 : 0.2381    map@5 : 0.2453    map@10 : 0.265    map@20 : 0.2796    map@30 : 0.2851    map@50 : 0.29
Sun 15 Mar 2026 11:28:54 INFO  Running E-step ! 
Sun 15 Mar 2026 11:28:54 INFO  epoch 219 training [time: 0.19s, train_loss1: 1.7702, train_loss2: 0.0299, train_loss3: 0.0110, train_loss4: 0.0016]
Sun 15 Mar 2026 11:28:55 INFO  epoch 219 evaluating [time: 0.14s, valid_score: 0.351200]
Sun 15 Mar 2026 11:28:55 INFO  valid result: 
recall@1 : 0.1406    recall@2 : 0.2312    recall@3 : 0.2937    recall@4 : 0.338    recall@5 : 0.3799    recall@10 : 0.5095    recall@20 : 0.6514    recall@30 : 0.7147    recall@50 : 0.803    ndcg@1 : 0.2223    ndcg@2 : 0.2527    ndcg@3 : 0.2737    ndcg@4 : 0.2899    ndcg@5 : 0.3053    ndcg@10 : 0.3512    ndcg@20 : 0.3939    ndcg@30 : 0.4115    ndcg@50 : 0.4324    precision@1 : 0.2223    precision@2 : 0.1919    precision@3 : 0.1673    precision@4 : 0.1493    precision@5 : 0.1358    precision@10 : 0.0961    precision@20 : 0.0646    precision@30 : 0.0491    precision@50 : 0.034    map@1 : 0.2223    map@2 : 0.2235    map@3 : 0.2305    map@4 : 0.2376    map@5 : 0.2447    map@10 : 0.2643    map@20 : 0.2792    map@30 : 0.2846    map@50 : 0.2896
Sun 15 Mar 2026 11:28:55 INFO  Running E-step ! 
Sun 15 Mar 2026 11:28:55 INFO  epoch 220 training [time: 0.20s, train_loss1: 1.7749, train_loss2: 0.0299, train_loss3: 0.0110, train_loss4: 0.0017]
Sun 15 Mar 2026 11:28:55 INFO  epoch 220 evaluating [time: 0.14s, valid_score: 0.351800]
Sun 15 Mar 2026 11:28:55 INFO  valid result: 
recall@1 : 0.1416    recall@2 : 0.2317    recall@3 : 0.2938    recall@4 : 0.3381    recall@5 : 0.3801    recall@10 : 0.5098    recall@20 : 0.6519    recall@30 : 0.7148    recall@50 : 0.8039    ndcg@1 : 0.2235    ndcg@2 : 0.253    ndcg@3 : 0.2742    ndcg@4 : 0.2904    ndcg@5 : 0.3058    ndcg@10 : 0.3518    ndcg@20 : 0.3945    ndcg@30 : 0.4119    ndcg@50 : 0.4331    precision@1 : 0.2235    precision@2 : 0.1916    precision@3 : 0.1673    precision@4 : 0.1491    precision@5 : 0.1358    precision@10 : 0.0962    precision@20 : 0.0647    precision@30 : 0.0491    precision@50 : 0.034    map@1 : 0.2235    map@2 : 0.2239    map@3 : 0.2311    map@4 : 0.2381    map@5 : 0.2453    map@10 : 0.265    map@20 : 0.2799    map@30 : 0.2853    map@50 : 0.2902
Sun 15 Mar 2026 11:28:55 INFO  Running E-step ! 
Sun 15 Mar 2026 11:28:55 INFO  epoch 221 training [time: 0.18s, train_loss1: 1.7754, train_loss2: 0.0298, train_loss3: 0.0110, train_loss4: 0.0016]
Sun 15 Mar 2026 11:28:55 INFO  epoch 221 evaluating [time: 0.15s, valid_score: 0.352000]
Sun 15 Mar 2026 11:28:55 INFO  valid result: 
recall@1 : 0.1412    recall@2 : 0.2322    recall@3 : 0.2938    recall@4 : 0.3394    recall@5 : 0.3799    recall@10 : 0.5109    recall@20 : 0.6514    recall@30 : 0.715    recall@50 : 0.8037    ndcg@1 : 0.2229    ndcg@2 : 0.253    ndcg@3 : 0.2741    ndcg@4 : 0.2909    ndcg@5 : 0.3057    ndcg@10 : 0.352    ndcg@20 : 0.3943    ndcg@30 : 0.4119    ndcg@50 : 0.433    precision@1 : 0.2229    precision@2 : 0.1916    precision@3 : 0.1673    precision@4 : 0.1496    precision@5 : 0.1356    precision@10 : 0.0963    precision@20 : 0.0646    precision@30 : 0.0491    precision@50 : 0.0341    map@1 : 0.2229    map@2 : 0.2238    map@3 : 0.2308    map@4 : 0.2384    map@5 : 0.2452    map@10 : 0.2651    map@20 : 0.2798    map@30 : 0.2852    map@50 : 0.2902
Sun 15 Mar 2026 11:28:55 INFO  Running E-step ! 
Sun 15 Mar 2026 11:28:55 INFO  epoch 222 training [time: 0.19s, train_loss1: 1.7937, train_loss2: 0.0297, train_loss3: 0.0110, train_loss4: 0.0017]
Sun 15 Mar 2026 11:28:56 INFO  epoch 222 evaluating [time: 0.14s, valid_score: 0.352600]
Sun 15 Mar 2026 11:28:56 INFO  valid result: 
recall@1 : 0.1425    recall@2 : 0.2325    recall@3 : 0.2937    recall@4 : 0.342    recall@5 : 0.3807    recall@10 : 0.5104    recall@20 : 0.6525    recall@30 : 0.7155    recall@50 : 0.8022    ndcg@1 : 0.2247    ndcg@2 : 0.254    ndcg@3 : 0.2746    ndcg@4 : 0.2925    ndcg@5 : 0.3066    ndcg@10 : 0.3526    ndcg@20 : 0.3953    ndcg@30 : 0.4127    ndcg@50 : 0.4334    precision@1 : 0.2247    precision@2 : 0.1922    precision@3 : 0.1671    precision@4 : 0.1502    precision@5 : 0.1356    precision@10 : 0.0962    precision@20 : 0.0647    precision@30 : 0.0491    precision@50 : 0.034    map@1 : 0.2247    map@2 : 0.225    map@3 : 0.2315    map@4 : 0.2399    map@5 : 0.2462    map@10 : 0.2659    map@20 : 0.2808    map@30 : 0.2862    map@50 : 0.2911
Sun 15 Mar 2026 11:28:56 INFO  Saving current: saved/SCL-Mar-15-2026_11-27-03.pth
Sun 15 Mar 2026 11:28:56 INFO  Saving current best: saved/SCL-Mar-15-2026_11-27-03.pth
Sun 15 Mar 2026 11:28:56 INFO  Running E-step ! 
Sun 15 Mar 2026 11:28:56 INFO  epoch 223 training [time: 0.19s, train_loss1: 1.7724, train_loss2: 0.0296, train_loss3: 0.0110, train_loss4: 0.0017]
Sun 15 Mar 2026 11:28:56 INFO  epoch 223 evaluating [time: 0.15s, valid_score: 0.352500]
Sun 15 Mar 2026 11:28:56 INFO  valid result: 
recall@1 : 0.1426    recall@2 : 0.2326    recall@3 : 0.2932    recall@4 : 0.3421    recall@5 : 0.3808    recall@10 : 0.51    recall@20 : 0.6521    recall@30 : 0.715    recall@50 : 0.8003    ndcg@1 : 0.2247    ndcg@2 : 0.254    ndcg@3 : 0.2744    ndcg@4 : 0.2925    ndcg@5 : 0.3066    ndcg@10 : 0.3525    ndcg@20 : 0.3952    ndcg@30 : 0.4127    ndcg@50 : 0.4331    precision@1 : 0.2247    precision@2 : 0.1922    precision@3 : 0.1671    precision@4 : 0.1502    precision@5 : 0.1356    precision@10 : 0.0962    precision@20 : 0.0647    precision@30 : 0.0491    precision@50 : 0.0339    map@1 : 0.2247    map@2 : 0.2248    map@3 : 0.2313    map@4 : 0.2399    map@5 : 0.2462    map@10 : 0.2659    map@20 : 0.2808    map@30 : 0.2861    map@50 : 0.291
Sun 15 Mar 2026 11:28:56 INFO  Running E-step ! 
Sun 15 Mar 2026 11:28:56 INFO  epoch 224 training [time: 0.19s, train_loss1: 1.7687, train_loss2: 0.0296, train_loss3: 0.0110, train_loss4: 0.0017]
Sun 15 Mar 2026 11:28:56 INFO  epoch 224 evaluating [time: 0.14s, valid_score: 0.352900]
Sun 15 Mar 2026 11:28:56 INFO  valid result: 
recall@1 : 0.1429    recall@2 : 0.2325    recall@3 : 0.2927    recall@4 : 0.3424    recall@5 : 0.3813    recall@10 : 0.5109    recall@20 : 0.6523    recall@30 : 0.7145    recall@50 : 0.7997    ndcg@1 : 0.2253    ndcg@2 : 0.2539    ndcg@3 : 0.2743    ndcg@4 : 0.2927    ndcg@5 : 0.3069    ndcg@10 : 0.3529    ndcg@20 : 0.3954    ndcg@30 : 0.4128    ndcg@50 : 0.4332    precision@1 : 0.2253    precision@2 : 0.1919    precision@3 : 0.1671    precision@4 : 0.15    precision@5 : 0.1359    precision@10 : 0.0962    precision@20 : 0.0647    precision@30 : 0.0491    precision@50 : 0.0339    map@1 : 0.2253    map@2 : 0.2247    map@3 : 0.2313    map@4 : 0.2399    map@5 : 0.2464    map@10 : 0.2662    map@20 : 0.281    map@30 : 0.2863    map@50 : 0.2912
Sun 15 Mar 2026 11:28:56 INFO  Saving current: saved/SCL-Mar-15-2026_11-27-03.pth
Sun 15 Mar 2026 11:28:56 INFO  Saving current best: saved/SCL-Mar-15-2026_11-27-03.pth
Sun 15 Mar 2026 11:28:56 INFO  Running E-step ! 
Sun 15 Mar 2026 11:28:57 INFO  epoch 225 training [time: 0.20s, train_loss1: 1.7398, train_loss2: 0.0295, train_loss3: 0.0110, train_loss4: 0.0017]
Sun 15 Mar 2026 11:28:57 INFO  epoch 225 evaluating [time: 0.14s, valid_score: 0.352900]
Sun 15 Mar 2026 11:28:57 INFO  valid result: 
recall@1 : 0.1429    recall@2 : 0.2311    recall@3 : 0.2926    recall@4 : 0.3415    recall@5 : 0.3814    recall@10 : 0.5116    recall@20 : 0.6526    recall@30 : 0.7143    recall@50 : 0.7988    ndcg@1 : 0.2253    ndcg@2 : 0.2532    ndcg@3 : 0.2741    ndcg@4 : 0.2919    ndcg@5 : 0.3068    ndcg@10 : 0.3529    ndcg@20 : 0.3954    ndcg@30 : 0.4125    ndcg@50 : 0.4328    precision@1 : 0.2253    precision@2 : 0.1916    precision@3 : 0.1671    precision@4 : 0.1494    precision@5 : 0.136    precision@10 : 0.0962    precision@20 : 0.0648    precision@30 : 0.049    precision@50 : 0.0339    map@1 : 0.2253    map@2 : 0.2244    map@3 : 0.2312    map@4 : 0.2393    map@5 : 0.2462    map@10 : 0.266    map@20 : 0.2808    map@30 : 0.2861    map@50 : 0.291
Sun 15 Mar 2026 11:28:57 INFO  Saving current: saved/SCL-Mar-15-2026_11-27-03.pth
Sun 15 Mar 2026 11:28:57 INFO  Saving current best: saved/SCL-Mar-15-2026_11-27-03.pth
Sun 15 Mar 2026 11:28:57 INFO  Running E-step ! 
Sun 15 Mar 2026 11:28:57 INFO  epoch 226 training [time: 0.18s, train_loss1: 1.7474, train_loss2: 0.0294, train_loss3: 0.0110, train_loss4: 0.0017]
Sun 15 Mar 2026 11:28:57 INFO  epoch 226 evaluating [time: 0.14s, valid_score: 0.352900]
Sun 15 Mar 2026 11:28:57 INFO  valid result: 
recall@1 : 0.1426    recall@2 : 0.2311    recall@3 : 0.2934    recall@4 : 0.3423    recall@5 : 0.3811    recall@10 : 0.5115    recall@20 : 0.6518    recall@30 : 0.7139    recall@50 : 0.7991    ndcg@1 : 0.2259    ndcg@2 : 0.2533    ndcg@3 : 0.2747    ndcg@4 : 0.2924    ndcg@5 : 0.3068    ndcg@10 : 0.3529    ndcg@20 : 0.3953    ndcg@30 : 0.4125    ndcg@50 : 0.433    precision@1 : 0.2259    precision@2 : 0.1916    precision@3 : 0.1677    precision@4 : 0.1497    precision@5 : 0.1359    precision@10 : 0.0961    precision@20 : 0.0647    precision@30 : 0.049    precision@50 : 0.0339    map@1 : 0.2259    map@2 : 0.2244    map@3 : 0.2315    map@4 : 0.2396    map@5 : 0.2462    map@10 : 0.266    map@20 : 0.2808    map@30 : 0.2861    map@50 : 0.291
Sun 15 Mar 2026 11:28:57 INFO  Saving current: saved/SCL-Mar-15-2026_11-27-03.pth
Sun 15 Mar 2026 11:28:57 INFO  Saving current best: saved/SCL-Mar-15-2026_11-27-03.pth
Sun 15 Mar 2026 11:28:57 INFO  Running E-step ! 
Sun 15 Mar 2026 11:28:57 INFO  epoch 227 training [time: 0.19s, train_loss1: 1.7282, train_loss2: 0.0294, train_loss3: 0.0110, train_loss4: 0.0017]
Sun 15 Mar 2026 11:28:57 INFO  epoch 227 evaluating [time: 0.14s, valid_score: 0.352800]
Sun 15 Mar 2026 11:28:57 INFO  valid result: 
recall@1 : 0.1428    recall@2 : 0.2305    recall@3 : 0.2939    recall@4 : 0.3424    recall@5 : 0.3818    recall@10 : 0.5107    recall@20 : 0.6517    recall@30 : 0.7137    recall@50 : 0.7998    ndcg@1 : 0.2265    ndcg@2 : 0.253    ndcg@3 : 0.2749    ndcg@4 : 0.2924    ndcg@5 : 0.3072    ndcg@10 : 0.3528    ndcg@20 : 0.3955    ndcg@30 : 0.4126    ndcg@50 : 0.4333    precision@1 : 0.2265    precision@2 : 0.1913    precision@3 : 0.1677    precision@4 : 0.1497    precision@5 : 0.1362    precision@10 : 0.096    precision@20 : 0.0648    precision@30 : 0.049    precision@50 : 0.0339    map@1 : 0.2265    map@2 : 0.2242    map@3 : 0.2316    map@4 : 0.2395    map@5 : 0.2464    map@10 : 0.266    map@20 : 0.281    map@30 : 0.2863    map@50 : 0.2912
Sun 15 Mar 2026 11:28:57 INFO  Running E-step ! 
Sun 15 Mar 2026 11:28:58 INFO  epoch 228 training [time: 0.17s, train_loss1: 1.7455, train_loss2: 0.0293, train_loss3: 0.0110, train_loss4: 0.0017]
Sun 15 Mar 2026 11:28:58 INFO  epoch 228 evaluating [time: 0.14s, valid_score: 0.353400]
Sun 15 Mar 2026 11:28:58 INFO  valid result: 
recall@1 : 0.1434    recall@2 : 0.2298    recall@3 : 0.2922    recall@4 : 0.3417    recall@5 : 0.3824    recall@10 : 0.5127    recall@20 : 0.6514    recall@30 : 0.7141    recall@50 : 0.7994    ndcg@1 : 0.2271    ndcg@2 : 0.2523    ndcg@3 : 0.2741    ndcg@4 : 0.2921    ndcg@5 : 0.3074    ndcg@10 : 0.3534    ndcg@20 : 0.3955    ndcg@30 : 0.4127    ndcg@50 : 0.4332    precision@1 : 0.2271    precision@2 : 0.1901    precision@3 : 0.1669    precision@4 : 0.1496    precision@5 : 0.1364    precision@10 : 0.0963    precision@20 : 0.0649    precision@30 : 0.049    precision@50 : 0.0339    map@1 : 0.2271    map@2 : 0.2238    map@3 : 0.2311    map@4 : 0.2394    map@5 : 0.2465    map@10 : 0.2663    map@20 : 0.2811    map@30 : 0.2863    map@50 : 0.2913
Sun 15 Mar 2026 11:28:58 INFO  Saving current: saved/SCL-Mar-15-2026_11-27-03.pth
Sun 15 Mar 2026 11:28:58 INFO  Saving current best: saved/SCL-Mar-15-2026_11-27-03.pth
Sun 15 Mar 2026 11:28:58 INFO  Running E-step ! 
Sun 15 Mar 2026 11:28:58 INFO  epoch 229 training [time: 0.18s, train_loss1: 1.7662, train_loss2: 0.0292, train_loss3: 0.0110, train_loss4: 0.0017]
Sun 15 Mar 2026 11:28:58 INFO  epoch 229 evaluating [time: 0.15s, valid_score: 0.353900]
Sun 15 Mar 2026 11:28:58 INFO  valid result: 
recall@1 : 0.1438    recall@2 : 0.2296    recall@3 : 0.2921    recall@4 : 0.3424    recall@5 : 0.3837    recall@10 : 0.5136    recall@20 : 0.652    recall@30 : 0.7139    recall@50 : 0.7993    ndcg@1 : 0.2277    ndcg@2 : 0.2523    ndcg@3 : 0.2741    ndcg@4 : 0.2925    ndcg@5 : 0.308    ndcg@10 : 0.3539    ndcg@20 : 0.3959    ndcg@30 : 0.4129    ndcg@50 : 0.4334    precision@1 : 0.2277    precision@2 : 0.1901    precision@3 : 0.1667    precision@4 : 0.1499    precision@5 : 0.1367    precision@10 : 0.0964    precision@20 : 0.0649    precision@30 : 0.049    precision@50 : 0.0339    map@1 : 0.2277    map@2 : 0.2238    map@3 : 0.231    map@4 : 0.2396    map@5 : 0.2469    map@10 : 0.2665    map@20 : 0.2814    map@30 : 0.2866    map@50 : 0.2915
Sun 15 Mar 2026 11:28:58 INFO  Saving current: saved/SCL-Mar-15-2026_11-27-03.pth
Sun 15 Mar 2026 11:28:58 INFO  Saving current best: saved/SCL-Mar-15-2026_11-27-03.pth
Sun 15 Mar 2026 11:28:58 INFO  Running E-step ! 
Sun 15 Mar 2026 11:28:58 INFO  epoch 230 training [time: 0.20s, train_loss1: 1.7053, train_loss2: 0.0292, train_loss3: 0.0110, train_loss4: 0.0017]
Sun 15 Mar 2026 11:28:58 INFO  epoch 230 evaluating [time: 0.14s, valid_score: 0.354200]
Sun 15 Mar 2026 11:28:58 INFO  valid result: 
recall@1 : 0.1439    recall@2 : 0.2302    recall@3 : 0.2912    recall@4 : 0.3425    recall@5 : 0.3845    recall@10 : 0.5137    recall@20 : 0.6512    recall@30 : 0.714    recall@50 : 0.7995    ndcg@1 : 0.2282    ndcg@2 : 0.2528    ndcg@3 : 0.2738    ndcg@4 : 0.2926    ndcg@5 : 0.3085    ndcg@10 : 0.3542    ndcg@20 : 0.3959    ndcg@30 : 0.4131    ndcg@50 : 0.4337    precision@1 : 0.2282    precision@2 : 0.1904    precision@3 : 0.1663    precision@4 : 0.1497    precision@5 : 0.1369    precision@10 : 0.0965    precision@20 : 0.0649    precision@30 : 0.049    precision@50 : 0.0339    map@1 : 0.2282    map@2 : 0.2242    map@3 : 0.2309    map@4 : 0.2398    map@5 : 0.2472    map@10 : 0.2668    map@20 : 0.2816    map@30 : 0.2868    map@50 : 0.2917
Sun 15 Mar 2026 11:28:58 INFO  Saving current: saved/SCL-Mar-15-2026_11-27-03.pth
Sun 15 Mar 2026 11:28:58 INFO  Saving current best: saved/SCL-Mar-15-2026_11-27-03.pth
Sun 15 Mar 2026 11:28:58 INFO  Running E-step ! 
Sun 15 Mar 2026 11:28:59 INFO  epoch 231 training [time: 0.21s, train_loss1: 1.7261, train_loss2: 0.0291, train_loss3: 0.0110, train_loss4: 0.0017]
Sun 15 Mar 2026 11:28:59 INFO  epoch 231 evaluating [time: 0.14s, valid_score: 0.354600]
Sun 15 Mar 2026 11:28:59 INFO  valid result: 
recall@1 : 0.1439    recall@2 : 0.2302    recall@3 : 0.2925    recall@4 : 0.3433    recall@5 : 0.3836    recall@10 : 0.5147    recall@20 : 0.6511    recall@30 : 0.7153    recall@50 : 0.8    ndcg@1 : 0.2282    ndcg@2 : 0.2528    ndcg@3 : 0.2745    ndcg@4 : 0.2931    ndcg@5 : 0.3082    ndcg@10 : 0.3546    ndcg@20 : 0.396    ndcg@30 : 0.4136    ndcg@50 : 0.434    precision@1 : 0.2282    precision@2 : 0.1904    precision@3 : 0.1669    precision@4 : 0.15    precision@5 : 0.1366    precision@10 : 0.0966    precision@20 : 0.0649    precision@30 : 0.0491    precision@50 : 0.034    map@1 : 0.2282    map@2 : 0.2244    map@3 : 0.2315    map@4 : 0.2401    map@5 : 0.2472    map@10 : 0.2671    map@20 : 0.2818    map@30 : 0.2871    map@50 : 0.292
Sun 15 Mar 2026 11:28:59 INFO  Saving current: saved/SCL-Mar-15-2026_11-27-03.pth
Sun 15 Mar 2026 11:28:59 INFO  Saving current best: saved/SCL-Mar-15-2026_11-27-03.pth
Sun 15 Mar 2026 11:28:59 INFO  Running E-step ! 
Sun 15 Mar 2026 11:28:59 INFO  epoch 232 training [time: 0.20s, train_loss1: 1.6933, train_loss2: 0.0290, train_loss3: 0.0110, train_loss4: 0.0017]
Sun 15 Mar 2026 11:28:59 INFO  epoch 232 evaluating [time: 0.15s, valid_score: 0.355100]
Sun 15 Mar 2026 11:28:59 INFO  valid result: 
recall@1 : 0.1442    recall@2 : 0.2304    recall@3 : 0.2921    recall@4 : 0.3434    recall@5 : 0.3842    recall@10 : 0.5156    recall@20 : 0.6509    recall@30 : 0.7155    recall@50 : 0.7989    ndcg@1 : 0.2288    ndcg@2 : 0.2527    ndcg@3 : 0.2746    ndcg@4 : 0.2934    ndcg@5 : 0.3086    ndcg@10 : 0.3551    ndcg@20 : 0.3961    ndcg@30 : 0.4137    ndcg@50 : 0.4339    precision@1 : 0.2288    precision@2 : 0.1901    precision@3 : 0.1671    precision@4 : 0.1503    precision@5 : 0.1367    precision@10 : 0.0968    precision@20 : 0.0648    precision@30 : 0.0491    precision@50 : 0.0339    map@1 : 0.2288    map@2 : 0.2244    map@3 : 0.2316    map@4 : 0.2404    map@5 : 0.2475    map@10 : 0.2675    map@20 : 0.2819    map@30 : 0.2872    map@50 : 0.2921
Sun 15 Mar 2026 11:28:59 INFO  Saving current: saved/SCL-Mar-15-2026_11-27-03.pth
Sun 15 Mar 2026 11:28:59 INFO  Saving current best: saved/SCL-Mar-15-2026_11-27-03.pth
Sun 15 Mar 2026 11:28:59 INFO  Running E-step ! 
Sun 15 Mar 2026 11:28:59 INFO  epoch 233 training [time: 0.18s, train_loss1: 1.7213, train_loss2: 0.0290, train_loss3: 0.0110, train_loss4: 0.0017]
Sun 15 Mar 2026 11:28:59 INFO  epoch 233 evaluating [time: 0.14s, valid_score: 0.355200]
Sun 15 Mar 2026 11:28:59 INFO  valid result: 
recall@1 : 0.1444    recall@2 : 0.2317    recall@3 : 0.2939    recall@4 : 0.3437    recall@5 : 0.3825    recall@10 : 0.5154    recall@20 : 0.6509    recall@30 : 0.7166    recall@50 : 0.7977    ndcg@1 : 0.2282    ndcg@2 : 0.2537    ndcg@3 : 0.2757    ndcg@4 : 0.2939    ndcg@5 : 0.3081    ndcg@10 : 0.3552    ndcg@20 : 0.3963    ndcg@30 : 0.4141    ndcg@50 : 0.4339    precision@1 : 0.2282    precision@2 : 0.191    precision@3 : 0.1677    precision@4 : 0.1505    precision@5 : 0.136    precision@10 : 0.0968    precision@20 : 0.0648    precision@30 : 0.0491    precision@50 : 0.0339    map@1 : 0.2282    map@2 : 0.2251    map@3 : 0.2325    map@4 : 0.241    map@5 : 0.2475    map@10 : 0.2678    map@20 : 0.2823    map@30 : 0.2876    map@50 : 0.2924
Sun 15 Mar 2026 11:28:59 INFO  Saving current: saved/SCL-Mar-15-2026_11-27-03.pth
Sun 15 Mar 2026 11:28:59 INFO  Saving current best: saved/SCL-Mar-15-2026_11-27-03.pth
Sun 15 Mar 2026 11:28:59 INFO  Running E-step ! 
Sun 15 Mar 2026 11:29:00 INFO  epoch 234 training [time: 0.17s, train_loss1: 1.7219, train_loss2: 0.0289, train_loss3: 0.0110, train_loss4: 0.0017]
Sun 15 Mar 2026 11:29:00 INFO  epoch 234 evaluating [time: 0.14s, valid_score: 0.355400]
Sun 15 Mar 2026 11:29:00 INFO  valid result: 
recall@1 : 0.1445    recall@2 : 0.2319    recall@3 : 0.2932    recall@4 : 0.3431    recall@5 : 0.3828    recall@10 : 0.5157    recall@20 : 0.6488    recall@30 : 0.7165    recall@50 : 0.7976    ndcg@1 : 0.2282    ndcg@2 : 0.2539    ndcg@3 : 0.2754    ndcg@4 : 0.2935    ndcg@5 : 0.3082    ndcg@10 : 0.3554    ndcg@20 : 0.3958    ndcg@30 : 0.4141    ndcg@50 : 0.4339    precision@1 : 0.2282    precision@2 : 0.1913    precision@3 : 0.1675    precision@4 : 0.15    precision@5 : 0.136    precision@10 : 0.0969    precision@20 : 0.0647    precision@30 : 0.0491    precision@50 : 0.0339    map@1 : 0.2282    map@2 : 0.2253    map@3 : 0.2323    map@4 : 0.2407    map@5 : 0.2475    map@10 : 0.2679    map@20 : 0.2822    map@30 : 0.2876    map@50 : 0.2924
Sun 15 Mar 2026 11:29:00 INFO  Saving current: saved/SCL-Mar-15-2026_11-27-03.pth
Sun 15 Mar 2026 11:29:00 INFO  Saving current best: saved/SCL-Mar-15-2026_11-27-03.pth
Sun 15 Mar 2026 11:29:00 INFO  Running E-step ! 
Sun 15 Mar 2026 11:29:00 INFO  epoch 235 training [time: 0.18s, train_loss1: 1.7012, train_loss2: 0.0288, train_loss3: 0.0110, train_loss4: 0.0017]
Sun 15 Mar 2026 11:29:00 INFO  epoch 235 evaluating [time: 0.14s, valid_score: 0.355500]
Sun 15 Mar 2026 11:29:00 INFO  valid result: 
recall@1 : 0.1446    recall@2 : 0.2311    recall@3 : 0.293    recall@4 : 0.3447    recall@5 : 0.3819    recall@10 : 0.5161    recall@20 : 0.6485    recall@30 : 0.716    recall@50 : 0.7977    ndcg@1 : 0.2288    ndcg@2 : 0.2532    ndcg@3 : 0.2752    ndcg@4 : 0.294    ndcg@5 : 0.3078    ndcg@10 : 0.3555    ndcg@20 : 0.3958    ndcg@30 : 0.414    ndcg@50 : 0.4339    precision@1 : 0.2288    precision@2 : 0.1904    precision@3 : 0.1673    precision@4 : 0.1502    precision@5 : 0.1358    precision@10 : 0.097    precision@20 : 0.0647    precision@30 : 0.0491    precision@50 : 0.0339    map@1 : 0.2288    map@2 : 0.2248    map@3 : 0.2323    map@4 : 0.241    map@5 : 0.2472    map@10 : 0.268    map@20 : 0.2822    map@30 : 0.2876    map@50 : 0.2925
Sun 15 Mar 2026 11:29:00 INFO  Saving current: saved/SCL-Mar-15-2026_11-27-03.pth
Sun 15 Mar 2026 11:29:00 INFO  Saving current best: saved/SCL-Mar-15-2026_11-27-03.pth
Sun 15 Mar 2026 11:29:00 INFO  Running E-step ! 
Sun 15 Mar 2026 11:29:00 INFO  epoch 236 training [time: 0.20s, train_loss1: 1.6941, train_loss2: 0.0288, train_loss3: 0.0110, train_loss4: 0.0017]
Sun 15 Mar 2026 11:29:01 INFO  epoch 236 evaluating [time: 0.14s, valid_score: 0.355900]
Sun 15 Mar 2026 11:29:01 INFO  valid result: 
recall@1 : 0.1446    recall@2 : 0.2304    recall@3 : 0.2922    recall@4 : 0.3461    recall@5 : 0.3844    recall@10 : 0.5171    recall@20 : 0.6496    recall@30 : 0.7162    recall@50 : 0.7976    ndcg@1 : 0.2288    ndcg@2 : 0.2528    ndcg@3 : 0.2747    ndcg@4 : 0.2944    ndcg@5 : 0.3087    ndcg@10 : 0.3559    ndcg@20 : 0.3962    ndcg@30 : 0.4142    ndcg@50 : 0.434    precision@1 : 0.2288    precision@2 : 0.1901    precision@3 : 0.1669    precision@4 : 0.1505    precision@5 : 0.1364    precision@10 : 0.0973    precision@20 : 0.0648    precision@30 : 0.0491    precision@50 : 0.0339    map@1 : 0.2288    map@2 : 0.2245    map@3 : 0.2319    map@4 : 0.2411    map@5 : 0.2476    map@10 : 0.2681    map@20 : 0.2823    map@30 : 0.2877    map@50 : 0.2925
Sun 15 Mar 2026 11:29:01 INFO  Saving current: saved/SCL-Mar-15-2026_11-27-03.pth
Sun 15 Mar 2026 11:29:01 INFO  Saving current best: saved/SCL-Mar-15-2026_11-27-03.pth
Sun 15 Mar 2026 11:29:01 INFO  Running E-step ! 
Sun 15 Mar 2026 11:29:01 INFO  epoch 237 training [time: 0.19s, train_loss1: 1.6790, train_loss2: 0.0287, train_loss3: 0.0110, train_loss4: 0.0017]
Sun 15 Mar 2026 11:29:01 INFO  epoch 237 evaluating [time: 0.14s, valid_score: 0.356300]
Sun 15 Mar 2026 11:29:01 INFO  valid result: 
recall@1 : 0.1444    recall@2 : 0.2305    recall@3 : 0.2927    recall@4 : 0.348    recall@5 : 0.3854    recall@10 : 0.5179    recall@20 : 0.6493    recall@30 : 0.7158    recall@50 : 0.7978    ndcg@1 : 0.2288    ndcg@2 : 0.2527    ndcg@3 : 0.2748    ndcg@4 : 0.2952    ndcg@5 : 0.3091    ndcg@10 : 0.3563    ndcg@20 : 0.3962    ndcg@30 : 0.4142    ndcg@50 : 0.4342    precision@1 : 0.2288    precision@2 : 0.1901    precision@3 : 0.1669    precision@4 : 0.1508    precision@5 : 0.1365    precision@10 : 0.0973    precision@20 : 0.0648    precision@30 : 0.0491    precision@50 : 0.0339    map@1 : 0.2288    map@2 : 0.2244    map@3 : 0.2318    map@4 : 0.2415    map@5 : 0.2478    map@10 : 0.2683    map@20 : 0.2824    map@30 : 0.2878    map@50 : 0.2926
Sun 15 Mar 2026 11:29:01 INFO  Saving current: saved/SCL-Mar-15-2026_11-27-03.pth
Sun 15 Mar 2026 11:29:01 INFO  Saving current best: saved/SCL-Mar-15-2026_11-27-03.pth
Sun 15 Mar 2026 11:29:01 INFO  Running E-step ! 
Sun 15 Mar 2026 11:29:01 INFO  epoch 238 training [time: 0.19s, train_loss1: 1.6884, train_loss2: 0.0287, train_loss3: 0.0110, train_loss4: 0.0017]
Sun 15 Mar 2026 11:29:01 INFO  epoch 238 evaluating [time: 0.14s, valid_score: 0.356900]
Sun 15 Mar 2026 11:29:01 INFO  valid result: 
recall@1 : 0.1457    recall@2 : 0.2311    recall@3 : 0.2934    recall@4 : 0.3492    recall@5 : 0.3858    recall@10 : 0.5173    recall@20 : 0.6507    recall@30 : 0.7163    recall@50 : 0.7969    ndcg@1 : 0.2306    ndcg@2 : 0.2535    ndcg@3 : 0.2758    ndcg@4 : 0.2964    ndcg@5 : 0.31    ndcg@10 : 0.3569    ndcg@20 : 0.3973    ndcg@30 : 0.4151    ndcg@50 : 0.4348    precision@1 : 0.2306    precision@2 : 0.1901    precision@3 : 0.1673    precision@4 : 0.1512    precision@5 : 0.1367    precision@10 : 0.0973    precision@20 : 0.0649    precision@30 : 0.0491    precision@50 : 0.0339    map@1 : 0.2306    map@2 : 0.2251    map@3 : 0.2328    map@4 : 0.2426    map@5 : 0.2487    map@10 : 0.2692    map@20 : 0.2835    map@30 : 0.2887    map@50 : 0.2935
Sun 15 Mar 2026 11:29:01 INFO  Saving current: saved/SCL-Mar-15-2026_11-27-03.pth
Sun 15 Mar 2026 11:29:01 INFO  Saving current best: saved/SCL-Mar-15-2026_11-27-03.pth
Sun 15 Mar 2026 11:29:01 INFO  Running E-step ! 
Sun 15 Mar 2026 11:29:01 INFO  epoch 239 training [time: 0.19s, train_loss1: 1.6811, train_loss2: 0.0286, train_loss3: 0.0110, train_loss4: 0.0016]
Sun 15 Mar 2026 11:29:02 INFO  epoch 239 evaluating [time: 0.15s, valid_score: 0.356500]
Sun 15 Mar 2026 11:29:02 INFO  valid result: 
recall@1 : 0.1445    recall@2 : 0.2317    recall@3 : 0.2941    recall@4 : 0.3489    recall@5 : 0.3853    recall@10 : 0.5169    recall@20 : 0.6501    recall@30 : 0.7168    recall@50 : 0.7975    ndcg@1 : 0.2294    ndcg@2 : 0.2536    ndcg@3 : 0.2758    ndcg@4 : 0.296    ndcg@5 : 0.3095    ndcg@10 : 0.3565    ndcg@20 : 0.397    ndcg@30 : 0.415    ndcg@50 : 0.4346    precision@1 : 0.2294    precision@2 : 0.1907    precision@3 : 0.1675    precision@4 : 0.1512    precision@5 : 0.1367    precision@10 : 0.0973    precision@20 : 0.0649    precision@30 : 0.0491    precision@50 : 0.0339    map@1 : 0.2294    map@2 : 0.2251    map@3 : 0.2325    map@4 : 0.2421    map@5 : 0.2482    map@10 : 0.2688    map@20 : 0.283    map@30 : 0.2883    map@50 : 0.2931
Sun 15 Mar 2026 11:29:02 INFO  Running E-step ! 
Sun 15 Mar 2026 11:29:02 INFO  epoch 240 training [time: 0.21s, train_loss1: 1.6628, train_loss2: 0.0286, train_loss3: 0.0110, train_loss4: 0.0016]
Sun 15 Mar 2026 11:29:02 INFO  epoch 240 evaluating [time: 0.15s, valid_score: 0.356100]
Sun 15 Mar 2026 11:29:02 INFO  valid result: 
recall@1 : 0.1445    recall@2 : 0.2308    recall@3 : 0.2936    recall@4 : 0.3479    recall@5 : 0.3852    recall@10 : 0.5163    recall@20 : 0.6513    recall@30 : 0.7167    recall@50 : 0.7979    ndcg@1 : 0.2294    ndcg@2 : 0.253    ndcg@3 : 0.2753    ndcg@4 : 0.2954    ndcg@5 : 0.3093    ndcg@10 : 0.3561    ndcg@20 : 0.3971    ndcg@30 : 0.4148    ndcg@50 : 0.4346    precision@1 : 0.2294    precision@2 : 0.1901    precision@3 : 0.1671    precision@4 : 0.1509    precision@5 : 0.1367    precision@10 : 0.0971    precision@20 : 0.065    precision@30 : 0.0491    precision@50 : 0.0339    map@1 : 0.2294    map@2 : 0.2247    map@3 : 0.232    map@4 : 0.2417    map@5 : 0.248    map@10 : 0.2685    map@20 : 0.2829    map@30 : 0.2882    map@50 : 0.293
Sun 15 Mar 2026 11:29:02 INFO  Running E-step ! 
Sun 15 Mar 2026 11:29:02 INFO  epoch 241 training [time: 0.19s, train_loss1: 1.6752, train_loss2: 0.0285, train_loss3: 0.0110, train_loss4: 0.0016]
Sun 15 Mar 2026 11:29:02 INFO  epoch 241 evaluating [time: 0.14s, valid_score: 0.356300]
Sun 15 Mar 2026 11:29:02 INFO  valid result: 
recall@1 : 0.1451    recall@2 : 0.2307    recall@3 : 0.2928    recall@4 : 0.3491    recall@5 : 0.3872    recall@10 : 0.5167    recall@20 : 0.6511    recall@30 : 0.7171    recall@50 : 0.7977    ndcg@1 : 0.23    ndcg@2 : 0.253    ndcg@3 : 0.275    ndcg@4 : 0.2959    ndcg@5 : 0.3102    ndcg@10 : 0.3563    ndcg@20 : 0.3972    ndcg@30 : 0.415    ndcg@50 : 0.4348    precision@1 : 0.23    precision@2 : 0.1898    precision@3 : 0.1667    precision@4 : 0.1511    precision@5 : 0.1371    precision@10 : 0.097    precision@20 : 0.065    precision@30 : 0.0491    precision@50 : 0.0339    map@1 : 0.23    map@2 : 0.2247    map@3 : 0.2319    map@4 : 0.2421    map@5 : 0.2485    map@10 : 0.2687    map@20 : 0.2831    map@30 : 0.2884    map@50 : 0.2932
Sun 15 Mar 2026 11:29:02 INFO  Running E-step ! 
Sun 15 Mar 2026 11:29:02 INFO  epoch 242 training [time: 0.19s, train_loss1: 1.6639, train_loss2: 0.0284, train_loss3: 0.0110, train_loss4: 0.0016]
Sun 15 Mar 2026 11:29:03 INFO  epoch 242 evaluating [time: 0.14s, valid_score: 0.356000]
Sun 15 Mar 2026 11:29:03 INFO  valid result: 
recall@1 : 0.1449    recall@2 : 0.2306    recall@3 : 0.2937    recall@4 : 0.3482    recall@5 : 0.387    recall@10 : 0.5162    recall@20 : 0.6517    recall@30 : 0.7182    recall@50 : 0.7971    ndcg@1 : 0.23    ndcg@2 : 0.2528    ndcg@3 : 0.2754    ndcg@4 : 0.2954    ndcg@5 : 0.3101    ndcg@10 : 0.356    ndcg@20 : 0.3973    ndcg@30 : 0.4152    ndcg@50 : 0.4346    precision@1 : 0.23    precision@2 : 0.1895    precision@3 : 0.1671    precision@4 : 0.1506    precision@5 : 0.1369    precision@10 : 0.0968    precision@20 : 0.065    precision@30 : 0.0492    precision@50 : 0.0339    map@1 : 0.23    map@2 : 0.2245    map@3 : 0.2322    map@4 : 0.2418    map@5 : 0.2484    map@10 : 0.2685    map@20 : 0.2831    map@30 : 0.2883    map@50 : 0.2931
Sun 15 Mar 2026 11:29:03 INFO  Running E-step ! 
Sun 15 Mar 2026 11:29:03 INFO  epoch 243 training [time: 0.20s, train_loss1: 1.6524, train_loss2: 0.0284, train_loss3: 0.0110, train_loss4: 0.0017]
Sun 15 Mar 2026 11:29:03 INFO  epoch 243 evaluating [time: 0.14s, valid_score: 0.356100]
Sun 15 Mar 2026 11:29:03 INFO  valid result: 
recall@1 : 0.1449    recall@2 : 0.2311    recall@3 : 0.2921    recall@4 : 0.3496    recall@5 : 0.3883    recall@10 : 0.5163    recall@20 : 0.6513    recall@30 : 0.7191    recall@50 : 0.7959    ndcg@1 : 0.2294    ndcg@2 : 0.253    ndcg@3 : 0.2744    ndcg@4 : 0.2959    ndcg@5 : 0.3106    ndcg@10 : 0.3561    ndcg@20 : 0.3972    ndcg@30 : 0.4154    ndcg@50 : 0.4344    precision@1 : 0.2294    precision@2 : 0.1898    precision@3 : 0.1661    precision@4 : 0.1511    precision@5 : 0.1373    precision@10 : 0.0969    precision@20 : 0.065    precision@30 : 0.0492    precision@50 : 0.0339    map@1 : 0.2294    map@2 : 0.2247    map@3 : 0.2315    map@4 : 0.242    map@5 : 0.2487    map@10 : 0.2685    map@20 : 0.2831    map@30 : 0.2884    map@50 : 0.2931
Sun 15 Mar 2026 11:29:03 INFO  Running E-step ! 
Sun 15 Mar 2026 11:29:03 INFO  epoch 244 training [time: 0.19s, train_loss1: 1.6617, train_loss2: 0.0283, train_loss3: 0.0110, train_loss4: 0.0017]
Sun 15 Mar 2026 11:29:03 INFO  epoch 244 evaluating [time: 0.14s, valid_score: 0.356600]
Sun 15 Mar 2026 11:29:03 INFO  valid result: 
recall@1 : 0.1465    recall@2 : 0.2314    recall@3 : 0.2926    recall@4 : 0.3494    recall@5 : 0.3881    recall@10 : 0.5158    recall@20 : 0.6504    recall@30 : 0.7203    recall@50 : 0.7975    ndcg@1 : 0.2306    ndcg@2 : 0.254    ndcg@3 : 0.275    ndcg@4 : 0.2966    ndcg@5 : 0.311    ndcg@10 : 0.3566    ndcg@20 : 0.3977    ndcg@30 : 0.4163    ndcg@50 : 0.4354    precision@1 : 0.2306    precision@2 : 0.1904    precision@3 : 0.1659    precision@4 : 0.1511    precision@5 : 0.1371    precision@10 : 0.0969    precision@20 : 0.065    precision@30 : 0.0493    precision@50 : 0.034    map@1 : 0.2306    map@2 : 0.2257    map@3 : 0.2323    map@4 : 0.2429    map@5 : 0.2494    map@10 : 0.2693    map@20 : 0.2839    map@30 : 0.2893    map@50 : 0.294
Sun 15 Mar 2026 11:29:03 INFO  Running E-step ! 
Sun 15 Mar 2026 11:29:04 INFO  epoch 245 training [time: 0.19s, train_loss1: 1.6230, train_loss2: 0.0283, train_loss3: 0.0110, train_loss4: 0.0016]
Sun 15 Mar 2026 11:29:04 INFO  epoch 245 evaluating [time: 0.14s, valid_score: 0.356100]
Sun 15 Mar 2026 11:29:04 INFO  valid result: 
recall@1 : 0.1453    recall@2 : 0.2308    recall@3 : 0.2933    recall@4 : 0.349    recall@5 : 0.3874    recall@10 : 0.5159    recall@20 : 0.649    recall@30 : 0.7217    recall@50 : 0.7969    ndcg@1 : 0.2294    ndcg@2 : 0.2532    ndcg@3 : 0.2749    ndcg@4 : 0.2959    ndcg@5 : 0.3102    ndcg@10 : 0.3561    ndcg@20 : 0.3968    ndcg@30 : 0.4161    ndcg@50 : 0.4347    precision@1 : 0.2294    precision@2 : 0.1901    precision@3 : 0.1661    precision@4 : 0.1509    precision@5 : 0.1368    precision@10 : 0.097    precision@20 : 0.0649    precision@30 : 0.0493    precision@50 : 0.0339    map@1 : 0.2294    map@2 : 0.2248    map@3 : 0.2318    map@4 : 0.2421    map@5 : 0.2485    map@10 : 0.2686    map@20 : 0.2831    map@30 : 0.2886    map@50 : 0.2933
Sun 15 Mar 2026 11:29:04 INFO  Running E-step ! 
Sun 15 Mar 2026 11:29:04 INFO  epoch 246 training [time: 0.19s, train_loss1: 1.6336, train_loss2: 0.0282, train_loss3: 0.0110, train_loss4: 0.0017]
Sun 15 Mar 2026 11:29:04 INFO  epoch 246 evaluating [time: 0.14s, valid_score: 0.355500]
Sun 15 Mar 2026 11:29:04 INFO  valid result: 
recall@1 : 0.144    recall@2 : 0.2315    recall@3 : 0.2936    recall@4 : 0.3485    recall@5 : 0.3865    recall@10 : 0.5149    recall@20 : 0.6498    recall@30 : 0.7214    recall@50 : 0.7966    ndcg@1 : 0.2277    ndcg@2 : 0.253    ndcg@3 : 0.2746    ndcg@4 : 0.2952    ndcg@5 : 0.3095    ndcg@10 : 0.3555    ndcg@20 : 0.3966    ndcg@30 : 0.4156    ndcg@50 : 0.4342    precision@1 : 0.2277    precision@2 : 0.1904    precision@3 : 0.1663    precision@4 : 0.1508    precision@5 : 0.1368    precision@10 : 0.097    precision@20 : 0.065    precision@30 : 0.0494    precision@50 : 0.0339    map@1 : 0.2277    map@2 : 0.2242    map@3 : 0.2312    map@4 : 0.2414    map@5 : 0.2478    map@10 : 0.2679    map@20 : 0.2826    map@30 : 0.288    map@50 : 0.2927
Sun 15 Mar 2026 11:29:04 INFO  Running E-step ! 
Sun 15 Mar 2026 11:29:04 INFO  epoch 247 training [time: 0.18s, train_loss1: 1.6402, train_loss2: 0.0281, train_loss3: 0.0110, train_loss4: 0.0017]
Sun 15 Mar 2026 11:29:04 INFO  epoch 247 evaluating [time: 0.15s, valid_score: 0.356600]
Sun 15 Mar 2026 11:29:04 INFO  valid result: 
recall@1 : 0.1453    recall@2 : 0.2327    recall@3 : 0.2934    recall@4 : 0.3476    recall@5 : 0.387    recall@10 : 0.5167    recall@20 : 0.6499    recall@30 : 0.7222    recall@50 : 0.7969    ndcg@1 : 0.2294    ndcg@2 : 0.2546    ndcg@3 : 0.2752    ndcg@4 : 0.2954    ndcg@5 : 0.3103    ndcg@10 : 0.3566    ndcg@20 : 0.3972    ndcg@30 : 0.4164    ndcg@50 : 0.4349    precision@1 : 0.2294    precision@2 : 0.1913    precision@3 : 0.1661    precision@4 : 0.1503    precision@5 : 0.1369    precision@10 : 0.0972    precision@20 : 0.065    precision@30 : 0.0494    precision@50 : 0.0339    map@1 : 0.2294    map@2 : 0.226    map@3 : 0.232    map@4 : 0.2419    map@5 : 0.2487    map@10 : 0.2689    map@20 : 0.2833    map@30 : 0.2889    map@50 : 0.2935
Sun 15 Mar 2026 11:29:04 INFO  Running E-step ! 
Sun 15 Mar 2026 11:29:05 INFO  epoch 248 training [time: 0.19s, train_loss1: 1.6398, train_loss2: 0.0281, train_loss3: 0.0110, train_loss4: 0.0017]
Sun 15 Mar 2026 11:29:05 INFO  epoch 248 evaluating [time: 0.14s, valid_score: 0.357100]
Sun 15 Mar 2026 11:29:05 INFO  valid result: 
recall@1 : 0.1459    recall@2 : 0.2321    recall@3 : 0.2945    recall@4 : 0.3476    recall@5 : 0.388    recall@10 : 0.5175    recall@20 : 0.65    recall@30 : 0.7221    recall@50 : 0.7961    ndcg@1 : 0.23    ndcg@2 : 0.2544    ndcg@3 : 0.276    ndcg@4 : 0.2956    ndcg@5 : 0.3109    ndcg@10 : 0.3571    ndcg@20 : 0.3975    ndcg@30 : 0.4167    ndcg@50 : 0.4351    precision@1 : 0.23    precision@2 : 0.191    precision@3 : 0.1667    precision@4 : 0.1502    precision@5 : 0.1371    precision@10 : 0.0973    precision@20 : 0.065    precision@30 : 0.0494    precision@50 : 0.0339    map@1 : 0.23    map@2 : 0.226    map@3 : 0.2327    map@4 : 0.2422    map@5 : 0.2491    map@10 : 0.2693    map@20 : 0.2837    map@30 : 0.2892    map@50 : 0.2938
Sun 15 Mar 2026 11:29:05 INFO  Saving current: saved/SCL-Mar-15-2026_11-27-03.pth
Sun 15 Mar 2026 11:29:05 INFO  Saving current best: saved/SCL-Mar-15-2026_11-27-03.pth
Sun 15 Mar 2026 11:29:05 INFO  Running E-step ! 
Sun 15 Mar 2026 11:29:05 INFO  epoch 249 training [time: 0.19s, train_loss1: 1.6165, train_loss2: 0.0280, train_loss3: 0.0110, train_loss4: 0.0017]
Sun 15 Mar 2026 11:29:05 INFO  epoch 249 evaluating [time: 0.14s, valid_score: 0.356700]
Sun 15 Mar 2026 11:29:05 INFO  valid result: 
recall@1 : 0.1457    recall@2 : 0.2311    recall@3 : 0.2937    recall@4 : 0.3462    recall@5 : 0.3866    recall@10 : 0.5172    recall@20 : 0.6499    recall@30 : 0.7232    recall@50 : 0.7973    ndcg@1 : 0.2294    ndcg@2 : 0.2534    ndcg@3 : 0.2752    ndcg@4 : 0.2947    ndcg@5 : 0.3099    ndcg@10 : 0.3567    ndcg@20 : 0.3971    ndcg@30 : 0.4165    ndcg@50 : 0.4349    precision@1 : 0.2294    precision@2 : 0.1901    precision@3 : 0.1661    precision@4 : 0.1497    precision@5 : 0.1366    precision@10 : 0.0973    precision@20 : 0.065    precision@30 : 0.0494    precision@50 : 0.034    map@1 : 0.2294    map@2 : 0.2253    map@3 : 0.2321    map@4 : 0.2415    map@5 : 0.2485    map@10 : 0.2689    map@20 : 0.2833    map@30 : 0.2889    map@50 : 0.2935
Sun 15 Mar 2026 11:29:05 INFO  Running E-step ! 
Sun 15 Mar 2026 11:29:05 INFO  epoch 250 training [time: 0.19s, train_loss1: 1.6276, train_loss2: 0.0280, train_loss3: 0.0110, train_loss4: 0.0017]
Sun 15 Mar 2026 11:29:05 INFO  epoch 250 evaluating [time: 0.14s, valid_score: 0.356200]
Sun 15 Mar 2026 11:29:05 INFO  valid result: 
recall@1 : 0.1449    recall@2 : 0.2304    recall@3 : 0.2948    recall@4 : 0.3461    recall@5 : 0.3869    recall@10 : 0.5166    recall@20 : 0.6505    recall@30 : 0.7226    recall@50 : 0.7985    ndcg@1 : 0.2277    ndcg@2 : 0.2526    ndcg@3 : 0.275    ndcg@4 : 0.2941    ndcg@5 : 0.3096    ndcg@10 : 0.3562    ndcg@20 : 0.397    ndcg@30 : 0.4161    ndcg@50 : 0.4348    precision@1 : 0.2277    precision@2 : 0.1898    precision@3 : 0.1661    precision@4 : 0.1496    precision@5 : 0.1367    precision@10 : 0.0973    precision@20 : 0.0651    precision@30 : 0.0494    precision@50 : 0.034    map@1 : 0.2277    map@2 : 0.2242    map@3 : 0.2317    map@4 : 0.2409    map@5 : 0.248    map@10 : 0.2685    map@20 : 0.283    map@30 : 0.2884    map@50 : 0.2931
Sun 15 Mar 2026 11:29:05 INFO  Running E-step ! 
Sun 15 Mar 2026 11:29:06 INFO  epoch 251 training [time: 0.19s, train_loss1: 1.5953, train_loss2: 0.0279, train_loss3: 0.0110, train_loss4: 0.0017]
Sun 15 Mar 2026 11:29:06 INFO  epoch 251 evaluating [time: 0.14s, valid_score: 0.355900]
Sun 15 Mar 2026 11:29:06 INFO  valid result: 
recall@1 : 0.145    recall@2 : 0.2296    recall@3 : 0.2942    recall@4 : 0.3457    recall@5 : 0.3871    recall@10 : 0.5159    recall@20 : 0.6509    recall@30 : 0.7226    recall@50 : 0.7975    ndcg@1 : 0.2282    ndcg@2 : 0.2521    ndcg@3 : 0.2746    ndcg@4 : 0.294    ndcg@5 : 0.3095    ndcg@10 : 0.3559    ndcg@20 : 0.3969    ndcg@30 : 0.4159    ndcg@50 : 0.4345    precision@1 : 0.2282    precision@2 : 0.1892    precision@3 : 0.1657    precision@4 : 0.1499    precision@5 : 0.1366    precision@10 : 0.0974    precision@20 : 0.0651    precision@30 : 0.0494    precision@50 : 0.034    map@1 : 0.2282    map@2 : 0.2241    map@3 : 0.2313    map@4 : 0.2408    map@5 : 0.2478    map@10 : 0.2682    map@20 : 0.2828    map@30 : 0.2883    map@50 : 0.2929
Sun 15 Mar 2026 11:29:06 INFO  Running E-step ! 
Sun 15 Mar 2026 11:29:06 INFO  epoch 252 training [time: 0.19s, train_loss1: 1.5972, train_loss2: 0.0278, train_loss3: 0.0111, train_loss4: 0.0017]
Sun 15 Mar 2026 11:29:06 INFO  epoch 252 evaluating [time: 0.14s, valid_score: 0.355400]
Sun 15 Mar 2026 11:29:06 INFO  valid result: 
recall@1 : 0.1443    recall@2 : 0.2292    recall@3 : 0.2921    recall@4 : 0.3462    recall@5 : 0.3875    recall@10 : 0.5157    recall@20 : 0.6506    recall@30 : 0.7231    recall@50 : 0.7979    ndcg@1 : 0.2271    ndcg@2 : 0.2513    ndcg@3 : 0.2732    ndcg@4 : 0.2939    ndcg@5 : 0.3092    ndcg@10 : 0.3554    ndcg@20 : 0.3964    ndcg@30 : 0.4156    ndcg@50 : 0.4341    precision@1 : 0.2271    precision@2 : 0.1886    precision@3 : 0.1651    precision@4 : 0.1503    precision@5 : 0.1366    precision@10 : 0.0973    precision@20 : 0.065    precision@30 : 0.0494    precision@50 : 0.034    map@1 : 0.2271    map@2 : 0.2232    map@3 : 0.2301    map@4 : 0.2403    map@5 : 0.2473    map@10 : 0.2677    map@20 : 0.2822    map@30 : 0.2877    map@50 : 0.2924
Sun 15 Mar 2026 11:29:06 INFO  Running E-step ! 
Sun 15 Mar 2026 11:29:06 INFO  epoch 253 training [time: 0.19s, train_loss1: 1.6105, train_loss2: 0.0278, train_loss3: 0.0111, train_loss4: 0.0017]
Sun 15 Mar 2026 11:29:06 INFO  epoch 253 evaluating [time: 0.14s, valid_score: 0.355100]
Sun 15 Mar 2026 11:29:06 INFO  valid result: 
recall@1 : 0.1442    recall@2 : 0.2289    recall@3 : 0.2924    recall@4 : 0.3453    recall@5 : 0.3891    recall@10 : 0.5146    recall@20 : 0.6497    recall@30 : 0.7219    recall@50 : 0.7987    ndcg@1 : 0.2282    ndcg@2 : 0.251    ndcg@3 : 0.2733    ndcg@4 : 0.2935    ndcg@5 : 0.3099    ndcg@10 : 0.3551    ndcg@20 : 0.3962    ndcg@30 : 0.4154    ndcg@50 : 0.4344    precision@1 : 0.2282    precision@2 : 0.188    precision@3 : 0.1651    precision@4 : 0.15    precision@5 : 0.1373    precision@10 : 0.0972    precision@20 : 0.0649    precision@30 : 0.0493    precision@50 : 0.034    map@1 : 0.2282    map@2 : 0.223    map@3 : 0.2302    map@4 : 0.24    map@5 : 0.2476    map@10 : 0.2675    map@20 : 0.2821    map@30 : 0.2877    map@50 : 0.2924
Sun 15 Mar 2026 11:29:06 INFO  Running E-step ! 
Sun 15 Mar 2026 11:29:07 INFO  epoch 254 training [time: 0.20s, train_loss1: 1.6000, train_loss2: 0.0277, train_loss3: 0.0111, train_loss4: 0.0017]
Sun 15 Mar 2026 11:29:07 INFO  epoch 254 evaluating [time: 0.14s, valid_score: 0.355400]
Sun 15 Mar 2026 11:29:07 INFO  valid result: 
recall@1 : 0.1442    recall@2 : 0.229    recall@3 : 0.2929    recall@4 : 0.3478    recall@5 : 0.39    recall@10 : 0.5146    recall@20 : 0.6491    recall@30 : 0.7225    recall@50 : 0.7984    ndcg@1 : 0.2282    ndcg@2 : 0.251    ndcg@3 : 0.2735    ndcg@4 : 0.2947    ndcg@5 : 0.3105    ndcg@10 : 0.3554    ndcg@20 : 0.3962    ndcg@30 : 0.4158    ndcg@50 : 0.4345    precision@1 : 0.2282    precision@2 : 0.188    precision@3 : 0.1651    precision@4 : 0.1509    precision@5 : 0.1375    precision@10 : 0.0972    precision@20 : 0.0649    precision@30 : 0.0494    precision@50 : 0.034    map@1 : 0.2282    map@2 : 0.2229    map@3 : 0.2303    map@4 : 0.2409    map@5 : 0.248    map@10 : 0.2678    map@20 : 0.2824    map@30 : 0.288    map@50 : 0.2927
Sun 15 Mar 2026 11:29:07 INFO  Running E-step ! 
Sun 15 Mar 2026 11:29:07 INFO  epoch 255 training [time: 0.20s, train_loss1: 1.5998, train_loss2: 0.0277, train_loss3: 0.0111, train_loss4: 0.0016]
Sun 15 Mar 2026 11:29:07 INFO  epoch 255 evaluating [time: 0.14s, valid_score: 0.355600]
Sun 15 Mar 2026 11:29:07 INFO  valid result: 
recall@1 : 0.1447    recall@2 : 0.2289    recall@3 : 0.2937    recall@4 : 0.347    recall@5 : 0.3887    recall@10 : 0.5148    recall@20 : 0.6495    recall@30 : 0.7214    recall@50 : 0.7987    ndcg@1 : 0.2282    ndcg@2 : 0.2511    ndcg@3 : 0.2742    ndcg@4 : 0.2945    ndcg@5 : 0.3102    ndcg@10 : 0.3556    ndcg@20 : 0.3964    ndcg@30 : 0.4156    ndcg@50 : 0.4347    precision@1 : 0.2282    precision@2 : 0.188    precision@3 : 0.1657    precision@4 : 0.1505    precision@5 : 0.1374    precision@10 : 0.0973    precision@20 : 0.0649    precision@30 : 0.0493    precision@50 : 0.034    map@1 : 0.2282    map@2 : 0.223    map@3 : 0.2309    map@4 : 0.2409    map@5 : 0.2481    map@10 : 0.2681    map@20 : 0.2827    map@30 : 0.2881    map@50 : 0.2929
Sun 15 Mar 2026 11:29:07 INFO  Running E-step ! 
Sun 15 Mar 2026 11:29:07 INFO  epoch 256 training [time: 0.19s, train_loss1: 1.5871, train_loss2: 0.0276, train_loss3: 0.0111, train_loss4: 0.0016]
Sun 15 Mar 2026 11:29:07 INFO  epoch 256 evaluating [time: 0.15s, valid_score: 0.355600]
Sun 15 Mar 2026 11:29:07 INFO  valid result: 
recall@1 : 0.1463    recall@2 : 0.2268    recall@3 : 0.2921    recall@4 : 0.3477    recall@5 : 0.3882    recall@10 : 0.5137    recall@20 : 0.6492    recall@30 : 0.7226    recall@50 : 0.7987    ndcg@1 : 0.2318    ndcg@2 : 0.2499    ndcg@3 : 0.2739    ndcg@4 : 0.2951    ndcg@5 : 0.3102    ndcg@10 : 0.3556    ndcg@20 : 0.3967    ndcg@30 : 0.4162    ndcg@50 : 0.435    precision@1 : 0.2318    precision@2 : 0.1859    precision@3 : 0.1653    precision@4 : 0.1506    precision@5 : 0.1371    precision@10 : 0.0971    precision@20 : 0.0648    precision@30 : 0.0493    precision@50 : 0.034    map@1 : 0.2318    map@2 : 0.2223    map@3 : 0.2309    map@4 : 0.2413    map@5 : 0.2482    map@10 : 0.2682    map@20 : 0.2829    map@30 : 0.2884    map@50 : 0.2932
Sun 15 Mar 2026 11:29:07 INFO  Running E-step ! 
Sun 15 Mar 2026 11:29:08 INFO  epoch 257 training [time: 0.20s, train_loss1: 1.5774, train_loss2: 0.0275, train_loss3: 0.0111, train_loss4: 0.0017]
Sun 15 Mar 2026 11:29:08 INFO  epoch 257 evaluating [time: 0.15s, valid_score: 0.355900]
Sun 15 Mar 2026 11:29:08 INFO  valid result: 
recall@1 : 0.1463    recall@2 : 0.2266    recall@3 : 0.2914    recall@4 : 0.3473    recall@5 : 0.3884    recall@10 : 0.5147    recall@20 : 0.6477    recall@30 : 0.7219    recall@50 : 0.799    ndcg@1 : 0.2318    ndcg@2 : 0.25    ndcg@3 : 0.2735    ndcg@4 : 0.2949    ndcg@5 : 0.3103    ndcg@10 : 0.3559    ndcg@20 : 0.3963    ndcg@30 : 0.4159    ndcg@50 : 0.435    precision@1 : 0.2318    precision@2 : 0.1862    precision@3 : 0.1649    precision@4 : 0.1506    precision@5 : 0.1373    precision@10 : 0.0973    precision@20 : 0.0647    precision@30 : 0.0493    precision@50 : 0.034    map@1 : 0.2318    map@2 : 0.2223    map@3 : 0.2305    map@4 : 0.2411    map@5 : 0.2481    map@10 : 0.2682    map@20 : 0.2827    map@30 : 0.2883    map@50 : 0.2931
Sun 15 Mar 2026 11:29:08 INFO  Running E-step ! 
Sun 15 Mar 2026 11:29:08 INFO  epoch 258 training [time: 0.20s, train_loss1: 1.5742, train_loss2: 0.0275, train_loss3: 0.0111, train_loss4: 0.0017]
Sun 15 Mar 2026 11:29:08 INFO  epoch 258 evaluating [time: 0.14s, valid_score: 0.355300]
Sun 15 Mar 2026 11:29:08 INFO  valid result: 
recall@1 : 0.1457    recall@2 : 0.2246    recall@3 : 0.2917    recall@4 : 0.349    recall@5 : 0.388    recall@10 : 0.5143    recall@20 : 0.6474    recall@30 : 0.722    recall@50 : 0.7989    ndcg@1 : 0.2312    ndcg@2 : 0.2482    ndcg@3 : 0.2732    ndcg@4 : 0.2951    ndcg@5 : 0.3097    ndcg@10 : 0.3553    ndcg@20 : 0.3958    ndcg@30 : 0.4155    ndcg@50 : 0.4346    precision@1 : 0.2312    precision@2 : 0.1847    precision@3 : 0.1651    precision@4 : 0.1511    precision@5 : 0.1371    precision@10 : 0.0973    precision@20 : 0.0647    precision@30 : 0.0493    precision@50 : 0.034    map@1 : 0.2312    map@2 : 0.2206    map@3 : 0.2299    map@4 : 0.2408    map@5 : 0.2474    map@10 : 0.2676    map@20 : 0.2821    map@30 : 0.2877    map@50 : 0.2925
Sun 15 Mar 2026 11:29:08 INFO  Running E-step ! 
Sun 15 Mar 2026 11:29:08 INFO  epoch 259 training [time: 0.19s, train_loss1: 1.5748, train_loss2: 0.0274, train_loss3: 0.0111, train_loss4: 0.0017]
Sun 15 Mar 2026 11:29:09 INFO  epoch 259 evaluating [time: 0.20s, valid_score: 0.355500]
Sun 15 Mar 2026 11:29:09 INFO  valid result: 
recall@1 : 0.146    recall@2 : 0.2247    recall@3 : 0.2928    recall@4 : 0.348    recall@5 : 0.3876    recall@10 : 0.5145    recall@20 : 0.6473    recall@30 : 0.7247    recall@50 : 0.7989    ndcg@1 : 0.2318    ndcg@2 : 0.2483    ndcg@3 : 0.2739    ndcg@4 : 0.295    ndcg@5 : 0.3097    ndcg@10 : 0.3555    ndcg@20 : 0.3959    ndcg@30 : 0.4163    ndcg@50 : 0.4348    precision@1 : 0.2318    precision@2 : 0.1844    precision@3 : 0.1655    precision@4 : 0.1509    precision@5 : 0.1369    precision@10 : 0.0973    precision@20 : 0.0647    precision@30 : 0.0494    precision@50 : 0.034    map@1 : 0.2318    map@2 : 0.2208    map@3 : 0.2304    map@4 : 0.2409    map@5 : 0.2476    map@10 : 0.2678    map@20 : 0.2823    map@30 : 0.2881    map@50 : 0.2928
Sun 15 Mar 2026 11:29:09 INFO  Running E-step ! 
Sun 15 Mar 2026 11:29:09 INFO  epoch 260 training [time: 0.22s, train_loss1: 1.5618, train_loss2: 0.0274, train_loss3: 0.0111, train_loss4: 0.0016]
Sun 15 Mar 2026 11:29:09 INFO  epoch 260 evaluating [time: 0.32s, valid_score: 0.355800]
Sun 15 Mar 2026 11:29:09 INFO  valid result: 
recall@1 : 0.1467    recall@2 : 0.2238    recall@3 : 0.2945    recall@4 : 0.3482    recall@5 : 0.3874    recall@10 : 0.5142    recall@20 : 0.6466    recall@30 : 0.7238    recall@50 : 0.7992    ndcg@1 : 0.2324    ndcg@2 : 0.2482    ndcg@3 : 0.275    ndcg@4 : 0.2952    ndcg@5 : 0.3097    ndcg@10 : 0.3558    ndcg@20 : 0.396    ndcg@30 : 0.4164    ndcg@50 : 0.4352    precision@1 : 0.2324    precision@2 : 0.1844    precision@3 : 0.1663    precision@4 : 0.1508    precision@5 : 0.1366    precision@10 : 0.0973    precision@20 : 0.0646    precision@30 : 0.0494    precision@50 : 0.034    map@1 : 0.2324    map@2 : 0.2208    map@3 : 0.2312    map@4 : 0.2412    map@5 : 0.2478    map@10 : 0.2681    map@20 : 0.2826    map@30 : 0.2884    map@50 : 0.2931
Sun 15 Mar 2026 11:29:09 INFO  Running E-step ! 
Sun 15 Mar 2026 11:29:09 INFO  epoch 261 training [time: 0.23s, train_loss1: 1.5761, train_loss2: 0.0273, train_loss3: 0.0111, train_loss4: 0.0016]
Sun 15 Mar 2026 11:29:10 INFO  epoch 261 evaluating [time: 0.32s, valid_score: 0.355700]
Sun 15 Mar 2026 11:29:10 INFO  valid result: 
recall@1 : 0.1466    recall@2 : 0.2237    recall@3 : 0.2945    recall@4 : 0.3479    recall@5 : 0.3874    recall@10 : 0.5143    recall@20 : 0.6459    recall@30 : 0.7245    recall@50 : 0.7994    ndcg@1 : 0.2318    ndcg@2 : 0.2484    ndcg@3 : 0.2749    ndcg@4 : 0.295    ndcg@5 : 0.3096    ndcg@10 : 0.3557    ndcg@20 : 0.3957    ndcg@30 : 0.4165    ndcg@50 : 0.4351    precision@1 : 0.2318    precision@2 : 0.185    precision@3 : 0.1663    precision@4 : 0.1506    precision@5 : 0.1366    precision@10 : 0.0973    precision@20 : 0.0645    precision@30 : 0.0494    precision@50 : 0.034    map@1 : 0.2318    map@2 : 0.2211    map@3 : 0.2312    map@4 : 0.241    map@5 : 0.2478    map@10 : 0.2681    map@20 : 0.2826    map@30 : 0.2884    map@50 : 0.2931
Sun 15 Mar 2026 11:29:10 INFO  Running E-step ! 
Sun 15 Mar 2026 11:29:10 INFO  epoch 262 training [time: 0.24s, train_loss1: 1.5679, train_loss2: 0.0273, train_loss3: 0.0111, train_loss4: 0.0016]
Sun 15 Mar 2026 11:29:10 INFO  epoch 262 evaluating [time: 0.33s, valid_score: 0.355800]
Sun 15 Mar 2026 11:29:10 INFO  valid result: 
recall@1 : 0.1462    recall@2 : 0.2241    recall@3 : 0.2953    recall@4 : 0.3476    recall@5 : 0.3873    recall@10 : 0.5146    recall@20 : 0.6456    recall@30 : 0.7243    recall@50 : 0.7988    ndcg@1 : 0.2318    ndcg@2 : 0.2482    ndcg@3 : 0.2751    ndcg@4 : 0.2947    ndcg@5 : 0.3096    ndcg@10 : 0.3558    ndcg@20 : 0.3957    ndcg@30 : 0.4164    ndcg@50 : 0.435    precision@1 : 0.2318    precision@2 : 0.1847    precision@3 : 0.1663    precision@4 : 0.1503    precision@5 : 0.1366    precision@10 : 0.0975    precision@20 : 0.0646    precision@30 : 0.0494    precision@50 : 0.034    map@1 : 0.2318    map@2 : 0.2209    map@3 : 0.2313    map@4 : 0.2408    map@5 : 0.2476    map@10 : 0.2681    map@20 : 0.2825    map@30 : 0.2883    map@50 : 0.293
Sun 15 Mar 2026 11:29:10 INFO  Running E-step ! 
Sun 15 Mar 2026 11:29:11 INFO  epoch 263 training [time: 0.23s, train_loss1: 1.5289, train_loss2: 0.0272, train_loss3: 0.0111, train_loss4: 0.0017]
Sun 15 Mar 2026 11:29:11 INFO  epoch 263 evaluating [time: 0.33s, valid_score: 0.355800]
Sun 15 Mar 2026 11:29:11 INFO  valid result: 
recall@1 : 0.1465    recall@2 : 0.2238    recall@3 : 0.2953    recall@4 : 0.3465    recall@5 : 0.3873    recall@10 : 0.5144    recall@20 : 0.6456    recall@30 : 0.7255    recall@50 : 0.7985    ndcg@1 : 0.2318    ndcg@2 : 0.2481    ndcg@3 : 0.2751    ndcg@4 : 0.2943    ndcg@5 : 0.3097    ndcg@10 : 0.3558    ndcg@20 : 0.3957    ndcg@30 : 0.4167    ndcg@50 : 0.435    precision@1 : 0.2318    precision@2 : 0.1847    precision@3 : 0.1663    precision@4 : 0.15    precision@5 : 0.1368    precision@10 : 0.0973    precision@20 : 0.0646    precision@30 : 0.0495    precision@50 : 0.034    map@1 : 0.2318    map@2 : 0.2209    map@3 : 0.2314    map@4 : 0.2406    map@5 : 0.2478    map@10 : 0.2681    map@20 : 0.2826    map@30 : 0.2885    map@50 : 0.2931
Sun 15 Mar 2026 11:29:11 INFO  Running E-step ! 
Sun 15 Mar 2026 11:29:11 INFO  epoch 264 training [time: 0.22s, train_loss1: 1.5422, train_loss2: 0.0272, train_loss3: 0.0111, train_loss4: 0.0017]
Sun 15 Mar 2026 11:29:11 INFO  epoch 264 evaluating [time: 0.30s, valid_score: 0.355100]
Sun 15 Mar 2026 11:29:11 INFO  valid result: 
recall@1 : 0.145    recall@2 : 0.2231    recall@3 : 0.2953    recall@4 : 0.3464    recall@5 : 0.387    recall@10 : 0.5149    recall@20 : 0.6451    recall@30 : 0.725    recall@50 : 0.7986    ndcg@1 : 0.2288    ndcg@2 : 0.2468    ndcg@3 : 0.2743    ndcg@4 : 0.2935    ndcg@5 : 0.3087    ndcg@10 : 0.3551    ndcg@20 : 0.3947    ndcg@30 : 0.4158    ndcg@50 : 0.4341    precision@1 : 0.2288    precision@2 : 0.1841    precision@3 : 0.1663    precision@4 : 0.15    precision@5 : 0.1367    precision@10 : 0.0975    precision@20 : 0.0645    precision@30 : 0.0495    precision@50 : 0.034    map@1 : 0.2288    map@2 : 0.2198    map@3 : 0.2306    map@4 : 0.2398    map@5 : 0.2469    map@10 : 0.2673    map@20 : 0.2816    map@30 : 0.2875    map@50 : 0.2922
Sun 15 Mar 2026 11:29:11 INFO  Running E-step ! 
Sun 15 Mar 2026 11:29:12 INFO  epoch 265 training [time: 0.22s, train_loss1: 1.5551, train_loss2: 0.0271, train_loss3: 0.0111, train_loss4: 0.0016]
Sun 15 Mar 2026 11:29:12 INFO  epoch 265 evaluating [time: 0.33s, valid_score: 0.353900]
Sun 15 Mar 2026 11:29:12 INFO  valid result: 
recall@1 : 0.1419    recall@2 : 0.2228    recall@3 : 0.2942    recall@4 : 0.3469    recall@5 : 0.387    recall@10 : 0.515    recall@20 : 0.6449    recall@30 : 0.7258    recall@50 : 0.798    ndcg@1 : 0.2253    ndcg@2 : 0.2453    ndcg@3 : 0.2723    ndcg@4 : 0.2925    ndcg@5 : 0.3075    ndcg@10 : 0.3539    ndcg@20 : 0.3934    ndcg@30 : 0.4147    ndcg@50 : 0.4327    precision@1 : 0.2253    precision@2 : 0.1838    precision@3 : 0.1655    precision@4 : 0.1505    precision@5 : 0.1368    precision@10 : 0.0976    precision@20 : 0.0645    precision@30 : 0.0496    precision@50 : 0.034    map@1 : 0.2253    map@2 : 0.2181    map@3 : 0.2285    map@4 : 0.2384    map@5 : 0.2453    map@10 : 0.2657    map@20 : 0.28    map@30 : 0.286    map@50 : 0.2905
Sun 15 Mar 2026 11:29:12 INFO  Running E-step ! 
Sun 15 Mar 2026 11:29:12 INFO  epoch 266 training [time: 0.23s, train_loss1: 1.5471, train_loss2: 0.0270, train_loss3: 0.0111, train_loss4: 0.0017]
Sun 15 Mar 2026 11:29:12 INFO  epoch 266 evaluating [time: 0.31s, valid_score: 0.354000]
Sun 15 Mar 2026 11:29:12 INFO  valid result: 
recall@1 : 0.1414    recall@2 : 0.2228    recall@3 : 0.2934    recall@4 : 0.3482    recall@5 : 0.3862    recall@10 : 0.5156    recall@20 : 0.6456    recall@30 : 0.725    recall@50 : 0.7976    ndcg@1 : 0.2253    ndcg@2 : 0.2454    ndcg@3 : 0.272    ndcg@4 : 0.293    ndcg@5 : 0.3071    ndcg@10 : 0.354    ndcg@20 : 0.3935    ndcg@30 : 0.4145    ndcg@50 : 0.4326    precision@1 : 0.2253    precision@2 : 0.1841    precision@3 : 0.1655    precision@4 : 0.1509    precision@5 : 0.1367    precision@10 : 0.0976    precision@20 : 0.0645    precision@30 : 0.0495    precision@50 : 0.0339    map@1 : 0.2253    map@2 : 0.2181    map@3 : 0.2282    map@4 : 0.2384    map@5 : 0.245    map@10 : 0.2656    map@20 : 0.2798    map@30 : 0.2858    map@50 : 0.2904
Sun 15 Mar 2026 11:29:12 INFO  Running E-step ! 
Sun 15 Mar 2026 11:29:13 INFO  epoch 267 training [time: 0.22s, train_loss1: 1.5260, train_loss2: 0.0270, train_loss3: 0.0111, train_loss4: 0.0017]
Sun 15 Mar 2026 11:29:13 INFO  epoch 267 evaluating [time: 0.31s, valid_score: 0.353900]
Sun 15 Mar 2026 11:29:13 INFO  valid result: 
recall@1 : 0.1413    recall@2 : 0.2228    recall@3 : 0.293    recall@4 : 0.3471    recall@5 : 0.3862    recall@10 : 0.5158    recall@20 : 0.6452    recall@30 : 0.7249    recall@50 : 0.7972    ndcg@1 : 0.2247    ndcg@2 : 0.2453    ndcg@3 : 0.2715    ndcg@4 : 0.2924    ndcg@5 : 0.3069    ndcg@10 : 0.3539    ndcg@20 : 0.3933    ndcg@30 : 0.4144    ndcg@50 : 0.4323    precision@1 : 0.2247    precision@2 : 0.1841    precision@3 : 0.1649    precision@4 : 0.1508    precision@5 : 0.1367    precision@10 : 0.0977    precision@20 : 0.0645    precision@30 : 0.0496    precision@50 : 0.0339    map@1 : 0.2247    map@2 : 0.218    map@3 : 0.2278    map@4 : 0.2381    map@5 : 0.2448    map@10 : 0.2655    map@20 : 0.2797    map@30 : 0.2857    map@50 : 0.2902
Sun 15 Mar 2026 11:29:13 INFO  Running E-step ! 
Sun 15 Mar 2026 11:29:13 INFO  epoch 268 training [time: 0.24s, train_loss1: 1.5116, train_loss2: 0.0269, train_loss3: 0.0111, train_loss4: 0.0017]
Sun 15 Mar 2026 11:29:14 INFO  epoch 268 evaluating [time: 0.32s, valid_score: 0.354000]
Sun 15 Mar 2026 11:29:14 INFO  valid result: 
recall@1 : 0.141    recall@2 : 0.2231    recall@3 : 0.2944    recall@4 : 0.3473    recall@5 : 0.3862    recall@10 : 0.5157    recall@20 : 0.6455    recall@30 : 0.725    recall@50 : 0.7975    ndcg@1 : 0.2247    ndcg@2 : 0.2455    ndcg@3 : 0.2723    ndcg@4 : 0.2926    ndcg@5 : 0.3069    ndcg@10 : 0.354    ndcg@20 : 0.3934    ndcg@30 : 0.4145    ndcg@50 : 0.4324    precision@1 : 0.2247    precision@2 : 0.1844    precision@3 : 0.1659    precision@4 : 0.1508    precision@5 : 0.1366    precision@10 : 0.0976    precision@20 : 0.0646    precision@30 : 0.0496    precision@50 : 0.0339    map@1 : 0.2247    map@2 : 0.218    map@3 : 0.2284    map@4 : 0.2381    map@5 : 0.2447    map@10 : 0.2655    map@20 : 0.2797    map@30 : 0.2857    map@50 : 0.2902
Sun 15 Mar 2026 11:29:14 INFO  Running E-step ! 
Sun 15 Mar 2026 11:29:14 INFO  epoch 269 training [time: 0.22s, train_loss1: 1.4923, train_loss2: 0.0269, train_loss3: 0.0111, train_loss4: 0.0017]
Sun 15 Mar 2026 11:29:14 INFO  epoch 269 evaluating [time: 0.31s, valid_score: 0.354000]
Sun 15 Mar 2026 11:29:14 INFO  valid result: 
recall@1 : 0.1415    recall@2 : 0.2222    recall@3 : 0.2938    recall@4 : 0.347    recall@5 : 0.3871    recall@10 : 0.5155    recall@20 : 0.6455    recall@30 : 0.7255    recall@50 : 0.7976    ndcg@1 : 0.2253    ndcg@2 : 0.2454    ndcg@3 : 0.2722    ndcg@4 : 0.2924    ndcg@5 : 0.3075    ndcg@10 : 0.354    ndcg@20 : 0.3935    ndcg@30 : 0.4146    ndcg@50 : 0.4325    precision@1 : 0.2253    precision@2 : 0.1844    precision@3 : 0.1659    precision@4 : 0.1505    precision@5 : 0.1371    precision@10 : 0.0976    precision@20 : 0.0646    precision@30 : 0.0496    precision@50 : 0.0339    map@1 : 0.2253    map@2 : 0.218    map@3 : 0.2285    map@4 : 0.2379    map@5 : 0.2451    map@10 : 0.2656    map@20 : 0.2798    map@30 : 0.2858    map@50 : 0.2903
Sun 15 Mar 2026 11:29:14 INFO  Finished training, best eval result in epoch 248
Sun 15 Mar 2026 11:29:14 INFO  Loading model structure and parameters from saved/SCL-Mar-15-2026_11-27-03.pth
Sun 15 Mar 2026 11:29:15 INFO  best valid : OrderedDict([('recall@1', 0.1459), ('recall@2', 0.2321), ('recall@3', 0.2945), ('recall@4', 0.3476), ('recall@5', 0.388), ('recall@10', 0.5175), ('recall@20', 0.65), ('recall@30', 0.7221), ('recall@50', 0.7961), ('ndcg@1', 0.23), ('ndcg@2', 0.2544), ('ndcg@3', 0.276), ('ndcg@4', 0.2956), ('ndcg@5', 0.3109), ('ndcg@10', 0.3571), ('ndcg@20', 0.3975), ('ndcg@30', 0.4167), ('ndcg@50', 0.4351), ('precision@1', 0.23), ('precision@2', 0.191), ('precision@3', 0.1667), ('precision@4', 0.1502), ('precision@5', 0.1371), ('precision@10', 0.0973), ('precision@20', 0.065), ('precision@30', 0.0494), ('precision@50', 0.0339), ('map@1', 0.23), ('map@2', 0.226), ('map@3', 0.2327), ('map@4', 0.2422), ('map@5', 0.2491), ('map@10', 0.2693), ('map@20', 0.2837), ('map@30', 0.2892), ('map@50', 0.2938)])
Sun 15 Mar 2026 11:29:15 INFO  test result: OrderedDict([('recall@1', 0.167), ('recall@2', 0.2509), ('recall@3', 0.3166), ('recall@4', 0.3604), ('recall@5', 0.4007), ('recall@10', 0.5327), ('recall@20', 0.6619), ('recall@30', 0.7385), ('recall@50', 0.8179), ('ndcg@1', 0.2906), ('ndcg@2', 0.2973), ('ndcg@3', 0.3138), ('ndcg@4', 0.3262), ('ndcg@5', 0.34), ('ndcg@10', 0.3843), ('ndcg@20', 0.4216), ('ndcg@30', 0.4416), ('ndcg@50', 0.4593), ('precision@1', 0.2906), ('precision@2', 0.2254), ('precision@3', 0.1926), ('precision@4', 0.1683), ('precision@5', 0.1528), ('precision@10', 0.1053), ('precision@20', 0.067), ('precision@30', 0.0506), ('precision@50', 0.0337), ('map@1', 0.2906), ('map@2', 0.2719), ('map@3', 0.2728), ('map@4', 0.2752), ('map@5', 0.2806), ('map@10', 0.2992), ('map@20', 0.3121), ('map@30', 0.3181), ('map@50', 0.3218)])
Sun 15 Mar 2026 11:29:15 INFO  training time: 130.3621s
Sun 15 Mar 2026 11:29:15 INFO  result file: results/scl_seed2027.json
