Sun 15 Mar 2026 21:50:58 INFO  
General Hyper Parameters:
gpu_id = 0
use_gpu = True
seed = 2020
state = INFO
reproducibility = True
data_path = ./travel
checkpoint_dir = saved
show_progress = True
save_dataset = False
dataset_save_path = None
save_dataloaders = False
dataloaders_save_path = None
log_wandb = False

Training Hyper Parameters:
epochs = 1000
train_batch_size = 4096
learner = adam
learning_rate = 0.001
train_neg_sample_args = {'distribution': 'uniform', 'sample_num': 1, 'alpha': 1.0, 'dynamic': False, 'candidate_num': 0}
eval_step = 1
stopping_step = 20
clip_grad_norm = None
weight_decay = 0.0
loss_decimal_place = 4

Evaluation Hyper Parameters:
eval_args = {'split': {'RS': [0.8, 0.1, 0.1]}, 'order': 'RO', 'group_by': 'user', 'mode': {'valid': 'full', 'test': 'full'}}
repeatable = False
metrics = ['Recall', 'NDCG', 'Precision', 'MAP']
topk = [1, 2, 3, 4, 5, 10, 20, 30, 50]
valid_metric = NDCG@10
valid_metric_bigger = True
eval_batch_size = 4096
metric_decimal_place = 4

Dataset Hyper Parameters:
field_separator = 	
seq_separator =  
USER_ID_FIELD = user_id
ITEM_ID_FIELD = item_id
RATING_FIELD = rating
TIME_FIELD = timestamp
seq_len = None
LABEL_FIELD = label
threshold = None
NEG_PREFIX = neg_
load_col = {'inter': ['user_id', 'item_id', 'rating'], 'user': ['user_id', 'post_num', 'follower', 'following', 'timestamp']}
unload_col = None
unused_col = None
additional_feat_suffix = None
rm_dup_inter = None
val_interval = {'rating': '[0,inf)'}
filter_inter_by_user_or_item = True
user_inter_num_interval = [0,inf)
item_inter_num_interval = [0,inf)
alias_of_user_id = None
alias_of_item_id = None
alias_of_entity_id = None
alias_of_relation_id = None
preload_weight = None
normalize_field = None
normalize_all = None
ITEM_LIST_LENGTH_FIELD = item_length
LIST_SUFFIX = _list
MAX_ITEM_LIST_LENGTH = 50
POSITION_FIELD = position_id
HEAD_ENTITY_ID_FIELD = head_id
TAIL_ENTITY_ID_FIELD = tail_id
RELATION_ID_FIELD = relation_id
ENTITY_ID_FIELD = entity_id
benchmark_filename = None

Other Hyper Parameters: 
worker = 0
wandb_project = recbole
shuffle = True
require_pow = False
enable_amp = False
enable_scaler = False
transform = None
numerical_features = []
discretization = None
kg_reverse_r = False
entity_kg_num_interval = [0,inf)
relation_kg_num_interval = [0,inf)
MODEL_TYPE = ModelType.GENERAL
embedding_size = 64
n_layers = 3
reg_weight = 0.0001
smt_latent_dim = 64
ssl_temp = 0.1
ssl_reg = 1e-07
hyper_layers = 1
alpha = 1
potential_reg = 8e-08
semantic_reg = 8e-08
num_clusters = 10
m_step = 1
warm_up_step = 20
user_feature_path = features/roberta_user.npy
item_feature_path = features/roberta_item.npy
MODEL_INPUT_TYPE = InputType.PAIRWISE
eval_type = EvaluatorType.RANKING
single_spec = True
local_rank = 0
device = cuda
valid_neg_sample_args = {'distribution': 'uniform', 'sample_num': 'none'}
test_neg_sample_args = {'distribution': 'uniform', 'sample_num': 'none'}


Sun 15 Mar 2026 21:50:58 INFO  travel
The number of users: 2010
Average actions of users: 18.721254355400696
The number of items: 247
Average actions of items: 152.890243902439
The number of inters: 37611
The sparsity of the dataset: 92.42431566862047%
Remain Fields: ['user_id', 'item_id', 'rating', 'post_num', 'follower', 'following', 'timestamp']
Sun 15 Mar 2026 21:50:59 INFO  [Training]: train_batch_size = [4096] train_neg_sample_args: [{'distribution': 'uniform', 'sample_num': 1, 'alpha': 1.0, 'dynamic': False, 'candidate_num': 0}]
Sun 15 Mar 2026 21:50:59 INFO  [Evaluation]: eval_batch_size = [4096] eval_args: [{'split': {'RS': [0.8, 0.1, 0.1]}, 'order': 'RO', 'group_by': 'user', 'mode': {'valid': 'full', 'test': 'full'}}]
Sun 15 Mar 2026 21:50:59 INFO  SCL(
  (u_MLP): Linear(in_features=1024, out_features=64, bias=True)
  (i_MLP): Linear(in_features=1024, out_features=64, bias=True)
  (user_embedding): Embedding(2010, 64)
  (item_embedding): Embedding(247, 64)
  (mf_loss): BPRLoss()
  (reg_loss): EmbLoss()
)
Trainable parameters: 144448
Sun 15 Mar 2026 21:50:59 INFO  trainable parameters: 144448
Sun 15 Mar 2026 21:51:00 INFO  Running E-step ! 
Sun 15 Mar 2026 21:51:01 INFO  epoch 0 training [time: 0.55s, train_loss1: 5.5429, train_loss2: 0.0191, train_loss3: 0.0115]
Sun 15 Mar 2026 21:51:01 INFO  epoch 0 evaluating [time: 0.32s, valid_score: 0.028300]
Sun 15 Mar 2026 21:51:01 INFO  valid result: 
recall@1 : 0.0056    recall@2 : 0.0107    recall@3 : 0.0171    recall@4 : 0.0206    recall@5 : 0.0265    recall@10 : 0.049    recall@20 : 0.0943    recall@30 : 0.1433    recall@50 : 0.235    ndcg@1 : 0.0143    ndcg@2 : 0.0143    ndcg@3 : 0.0163    ndcg@4 : 0.0179    ndcg@5 : 0.0203    ndcg@10 : 0.0283    ndcg@20 : 0.0418    ndcg@30 : 0.0548    ndcg@50 : 0.076    precision@1 : 0.0143    precision@2 : 0.0119    precision@3 : 0.0117    precision@4 : 0.0119    precision@5 : 0.0122    precision@10 : 0.0108    precision@20 : 0.0108    precision@30 : 0.0112    precision@50 : 0.0111    map@1 : 0.0143    map@2 : 0.0118    map@3 : 0.0121    map@4 : 0.0122    map@5 : 0.0132    map@10 : 0.0158    map@20 : 0.019    map@30 : 0.0214    map@50 : 0.0246
Sun 15 Mar 2026 21:51:01 INFO  Saving current: saved/SCL-Mar-15-2026_21-50-59.pth
Sun 15 Mar 2026 21:51:01 INFO  Saving current best: saved/SCL-Mar-15-2026_21-50-59.pth
Sun 15 Mar 2026 21:51:01 INFO  Running E-step ! 
Sun 15 Mar 2026 21:51:02 INFO  epoch 1 training [time: 0.21s, train_loss1: 5.5427, train_loss2: 0.0149, train_loss3: 0.0114]
Sun 15 Mar 2026 21:51:02 INFO  epoch 1 evaluating [time: 0.30s, valid_score: 0.029100]
Sun 15 Mar 2026 21:51:02 INFO  valid result: 
recall@1 : 0.0055    recall@2 : 0.0107    recall@3 : 0.016    recall@4 : 0.0218    recall@5 : 0.0297    recall@10 : 0.0508    recall@20 : 0.1    recall@30 : 0.1417    recall@50 : 0.2335    ndcg@1 : 0.0137    ndcg@2 : 0.0141    ndcg@3 : 0.0156    ndcg@4 : 0.0182    ndcg@5 : 0.0216    ndcg@10 : 0.0291    ndcg@20 : 0.0434    ndcg@30 : 0.0547    ndcg@50 : 0.0757    precision@1 : 0.0137    precision@2 : 0.0119    precision@3 : 0.0111    precision@4 : 0.0121    precision@5 : 0.0132    precision@10 : 0.0113    precision@20 : 0.0111    precision@30 : 0.0111    precision@50 : 0.011    map@1 : 0.0137    map@2 : 0.0116    map@3 : 0.0116    map@4 : 0.0123    map@5 : 0.0136    map@10 : 0.0161    map@20 : 0.0196    map@30 : 0.0216    map@50 : 0.0247
Sun 15 Mar 2026 21:51:02 INFO  Saving current: saved/SCL-Mar-15-2026_21-50-59.pth
Sun 15 Mar 2026 21:51:02 INFO  Saving current best: saved/SCL-Mar-15-2026_21-50-59.pth
Sun 15 Mar 2026 21:51:02 INFO  Running E-step ! 
Sun 15 Mar 2026 21:51:02 INFO  epoch 2 training [time: 0.20s, train_loss1: 5.5421, train_loss2: 0.0131, train_loss3: 0.0113]
Sun 15 Mar 2026 21:51:02 INFO  epoch 2 evaluating [time: 0.29s, valid_score: 0.030300]
Sun 15 Mar 2026 21:51:02 INFO  valid result: 
recall@1 : 0.0053    recall@2 : 0.0125    recall@3 : 0.0176    recall@4 : 0.0252    recall@5 : 0.0306    recall@10 : 0.0521    recall@20 : 0.1027    recall@30 : 0.1454    recall@50 : 0.2391    ndcg@1 : 0.0137    ndcg@2 : 0.0155    ndcg@3 : 0.0171    ndcg@4 : 0.0201    ndcg@5 : 0.0227    ndcg@10 : 0.0303    ndcg@20 : 0.045    ndcg@30 : 0.0565    ndcg@50 : 0.0779    precision@1 : 0.0137    precision@2 : 0.0131    precision@3 : 0.0123    precision@4 : 0.0131    precision@5 : 0.0136    precision@10 : 0.0118    precision@20 : 0.0115    precision@30 : 0.0114    precision@50 : 0.0113    map@1 : 0.0137    map@2 : 0.0127    map@3 : 0.0126    map@4 : 0.0136    map@5 : 0.0145    map@10 : 0.0171    map@20 : 0.0205    map@30 : 0.0227    map@50 : 0.0258
Sun 15 Mar 2026 21:51:02 INFO  Saving current: saved/SCL-Mar-15-2026_21-50-59.pth
Sun 15 Mar 2026 21:51:02 INFO  Saving current best: saved/SCL-Mar-15-2026_21-50-59.pth
Sun 15 Mar 2026 21:51:02 INFO  Running E-step ! 
Sun 15 Mar 2026 21:51:03 INFO  epoch 3 training [time: 0.21s, train_loss1: 5.5415, train_loss2: 0.0115, train_loss3: 0.0112]
Sun 15 Mar 2026 21:51:03 INFO  epoch 3 evaluating [time: 0.28s, valid_score: 0.032200]
Sun 15 Mar 2026 21:51:03 INFO  valid result: 
recall@1 : 0.0065    recall@2 : 0.0136    recall@3 : 0.0204    recall@4 : 0.0274    recall@5 : 0.034    recall@10 : 0.054    recall@20 : 0.1035    recall@30 : 0.1486    recall@50 : 0.2404    ndcg@1 : 0.0143    ndcg@2 : 0.0168    ndcg@3 : 0.0192    ndcg@4 : 0.0221    ndcg@5 : 0.0249    ndcg@10 : 0.0322    ndcg@20 : 0.0468    ndcg@30 : 0.0589    ndcg@50 : 0.08    precision@1 : 0.0143    precision@2 : 0.0143    precision@3 : 0.0137    precision@4 : 0.0142    precision@5 : 0.0143    precision@10 : 0.0123    precision@20 : 0.0119    precision@30 : 0.0117    precision@50 : 0.0115    map@1 : 0.0143    map@2 : 0.0139    map@3 : 0.0143    map@4 : 0.0153    map@5 : 0.0163    map@10 : 0.0187    map@20 : 0.0221    map@30 : 0.0244    map@50 : 0.0276
Sun 15 Mar 2026 21:51:03 INFO  Saving current: saved/SCL-Mar-15-2026_21-50-59.pth
Sun 15 Mar 2026 21:51:03 INFO  Saving current best: saved/SCL-Mar-15-2026_21-50-59.pth
Sun 15 Mar 2026 21:51:03 INFO  Running E-step ! 
Sun 15 Mar 2026 21:51:03 INFO  epoch 4 training [time: 0.20s, train_loss1: 5.5409, train_loss2: 0.0102, train_loss3: 0.0111]
Sun 15 Mar 2026 21:51:03 INFO  epoch 4 evaluating [time: 0.27s, valid_score: 0.034200]
Sun 15 Mar 2026 21:51:03 INFO  valid result: 
recall@1 : 0.0061    recall@2 : 0.0157    recall@3 : 0.0203    recall@4 : 0.0287    recall@5 : 0.0353    recall@10 : 0.0586    recall@20 : 0.1075    recall@30 : 0.1533    recall@50 : 0.2428    ndcg@1 : 0.0149    ndcg@2 : 0.0194    ndcg@3 : 0.0199    ndcg@4 : 0.0234    ndcg@5 : 0.0259    ndcg@10 : 0.0342    ndcg@20 : 0.0487    ndcg@30 : 0.061    ndcg@50 : 0.0814    precision@1 : 0.0149    precision@2 : 0.0173    precision@3 : 0.0143    precision@4 : 0.015    precision@5 : 0.0145    precision@10 : 0.0131    precision@20 : 0.0123    precision@30 : 0.0122    precision@50 : 0.0115    map@1 : 0.0149    map@2 : 0.0155    map@3 : 0.0148    map@4 : 0.016    map@5 : 0.0169    map@10 : 0.0195    map@20 : 0.0229    map@30 : 0.0253    map@50 : 0.0283
Sun 15 Mar 2026 21:51:03 INFO  Saving current: saved/SCL-Mar-15-2026_21-50-59.pth
Sun 15 Mar 2026 21:51:03 INFO  Saving current best: saved/SCL-Mar-15-2026_21-50-59.pth
Sun 15 Mar 2026 21:51:03 INFO  Running E-step ! 
Sun 15 Mar 2026 21:51:04 INFO  epoch 5 training [time: 0.22s, train_loss1: 5.5401, train_loss2: 0.0091, train_loss3: 0.0111]
Sun 15 Mar 2026 21:51:04 INFO  epoch 5 evaluating [time: 0.27s, valid_score: 0.036200]
Sun 15 Mar 2026 21:51:04 INFO  valid result: 
recall@1 : 0.0065    recall@2 : 0.0133    recall@3 : 0.0223    recall@4 : 0.0307    recall@5 : 0.0363    recall@10 : 0.0626    recall@20 : 0.1121    recall@30 : 0.1579    recall@50 : 0.2455    ndcg@1 : 0.0173    ndcg@2 : 0.0186    ndcg@3 : 0.0216    ndcg@4 : 0.025    ndcg@5 : 0.027    ndcg@10 : 0.0362    ndcg@20 : 0.0508    ndcg@30 : 0.063    ndcg@50 : 0.0831    precision@1 : 0.0173    precision@2 : 0.0164    precision@3 : 0.0161    precision@4 : 0.0167    precision@5 : 0.0156    precision@10 : 0.0142    precision@20 : 0.0129    precision@30 : 0.0126    precision@50 : 0.0118    map@1 : 0.0173    map@2 : 0.0153    map@3 : 0.0159    map@4 : 0.0168    map@5 : 0.0175    map@10 : 0.0203    map@20 : 0.0237    map@30 : 0.0261    map@50 : 0.0291
Sun 15 Mar 2026 21:51:04 INFO  Saving current: saved/SCL-Mar-15-2026_21-50-59.pth
Sun 15 Mar 2026 21:51:04 INFO  Saving current best: saved/SCL-Mar-15-2026_21-50-59.pth
Sun 15 Mar 2026 21:51:04 INFO  Running E-step ! 
Sun 15 Mar 2026 21:51:04 INFO  epoch 6 training [time: 0.19s, train_loss1: 5.5393, train_loss2: 0.0082, train_loss3: 0.0110]
Sun 15 Mar 2026 21:51:04 INFO  epoch 6 evaluating [time: 0.26s, valid_score: 0.039300]
Sun 15 Mar 2026 21:51:04 INFO  valid result: 
recall@1 : 0.0077    recall@2 : 0.0147    recall@3 : 0.0258    recall@4 : 0.0336    recall@5 : 0.0393    recall@10 : 0.0673    recall@20 : 0.1153    recall@30 : 0.16    recall@50 : 0.2529    ndcg@1 : 0.0179    ndcg@2 : 0.02    ndcg@3 : 0.0242    ndcg@4 : 0.0274    ndcg@5 : 0.0295    ndcg@10 : 0.0393    ndcg@20 : 0.0539    ndcg@30 : 0.0657    ndcg@50 : 0.0872    precision@1 : 0.0179    precision@2 : 0.0176    precision@3 : 0.0181    precision@4 : 0.018    precision@5 : 0.0168    precision@10 : 0.015    precision@20 : 0.0136    precision@30 : 0.0128    precision@50 : 0.0122    map@1 : 0.0179    map@2 : 0.0167    map@3 : 0.018    map@4 : 0.0188    map@5 : 0.0195    map@10 : 0.0226    map@20 : 0.0261    map@30 : 0.0284    map@50 : 0.0317
Sun 15 Mar 2026 21:51:04 INFO  Saving current: saved/SCL-Mar-15-2026_21-50-59.pth
Sun 15 Mar 2026 21:51:04 INFO  Saving current best: saved/SCL-Mar-15-2026_21-50-59.pth
Sun 15 Mar 2026 21:51:04 INFO  Running E-step ! 
Sun 15 Mar 2026 21:51:05 INFO  epoch 7 training [time: 0.22s, train_loss1: 5.5382, train_loss2: 0.0075, train_loss3: 0.0110]
Sun 15 Mar 2026 21:51:05 INFO  epoch 7 evaluating [time: 0.28s, valid_score: 0.043000]
Sun 15 Mar 2026 21:51:05 INFO  valid result: 
recall@1 : 0.0087    recall@2 : 0.0182    recall@3 : 0.0297    recall@4 : 0.0365    recall@5 : 0.0421    recall@10 : 0.0726    recall@20 : 0.1193    recall@30 : 0.1688    recall@50 : 0.2578    ndcg@1 : 0.0197    ndcg@2 : 0.0233    ndcg@3 : 0.0281    ndcg@4 : 0.0302    ndcg@5 : 0.0323    ndcg@10 : 0.043    ndcg@20 : 0.0575    ndcg@30 : 0.0704    ndcg@50 : 0.0912    precision@1 : 0.0197    precision@2 : 0.0203    precision@3 : 0.0213    precision@4 : 0.0194    precision@5 : 0.0181    precision@10 : 0.0159    precision@20 : 0.0142    precision@30 : 0.0134    precision@50 : 0.0125    map@1 : 0.0197    map@2 : 0.0194    map@3 : 0.0208    map@4 : 0.0211    map@5 : 0.0219    map@10 : 0.0253    map@20 : 0.0287    map@30 : 0.0313    map@50 : 0.0345
Sun 15 Mar 2026 21:51:05 INFO  Saving current: saved/SCL-Mar-15-2026_21-50-59.pth
Sun 15 Mar 2026 21:51:05 INFO  Saving current best: saved/SCL-Mar-15-2026_21-50-59.pth
Sun 15 Mar 2026 21:51:05 INFO  Running E-step ! 
Sun 15 Mar 2026 21:51:05 INFO  epoch 8 training [time: 0.21s, train_loss1: 5.5368, train_loss2: 0.0069, train_loss3: 0.0109]
Sun 15 Mar 2026 21:51:05 INFO  epoch 8 evaluating [time: 0.27s, valid_score: 0.046100]
Sun 15 Mar 2026 21:51:05 INFO  valid result: 
recall@1 : 0.0097    recall@2 : 0.0222    recall@3 : 0.0307    recall@4 : 0.0387    recall@5 : 0.0495    recall@10 : 0.0751    recall@20 : 0.1296    recall@30 : 0.1749    recall@50 : 0.2638    ndcg@1 : 0.0226    ndcg@2 : 0.0278    ndcg@3 : 0.0302    ndcg@4 : 0.0329    ndcg@5 : 0.037    ndcg@10 : 0.0461    ndcg@20 : 0.0627    ndcg@30 : 0.0747    ndcg@50 : 0.0957    precision@1 : 0.0226    precision@2 : 0.0247    precision@3 : 0.0224    precision@4 : 0.0207    precision@5 : 0.0204    precision@10 : 0.017    precision@20 : 0.0155    precision@30 : 0.0141    precision@50 : 0.013    map@1 : 0.0226    map@2 : 0.0229    map@3 : 0.0226    map@4 : 0.0233    map@5 : 0.0251    map@10 : 0.0276    map@20 : 0.0316    map@30 : 0.0341    map@50 : 0.0374
Sun 15 Mar 2026 21:51:05 INFO  Saving current: saved/SCL-Mar-15-2026_21-50-59.pth
Sun 15 Mar 2026 21:51:05 INFO  Saving current best: saved/SCL-Mar-15-2026_21-50-59.pth
Sun 15 Mar 2026 21:51:05 INFO  Running E-step ! 
Sun 15 Mar 2026 21:51:06 INFO  epoch 9 training [time: 0.19s, train_loss1: 5.5354, train_loss2: 0.0065, train_loss3: 0.0109]
Sun 15 Mar 2026 21:51:06 INFO  epoch 9 evaluating [time: 0.27s, valid_score: 0.051100]
Sun 15 Mar 2026 21:51:06 INFO  valid result: 
recall@1 : 0.013    recall@2 : 0.0255    recall@3 : 0.0327    recall@4 : 0.0434    recall@5 : 0.0528    recall@10 : 0.0804    recall@20 : 0.1406    recall@30 : 0.1883    recall@50 : 0.2757    ndcg@1 : 0.0292    ndcg@2 : 0.0323    ndcg@3 : 0.0336    ndcg@4 : 0.0378    ndcg@5 : 0.0413    ndcg@10 : 0.0511    ndcg@20 : 0.0694    ndcg@30 : 0.0821    ndcg@50 : 0.1029    precision@1 : 0.0292    precision@2 : 0.0277    precision@3 : 0.0236    precision@4 : 0.0234    precision@5 : 0.0225    precision@10 : 0.0185    precision@20 : 0.0168    precision@30 : 0.0152    precision@50 : 0.0137    map@1 : 0.0292    map@2 : 0.0273    map@3 : 0.026    map@4 : 0.0274    map@5 : 0.0287    map@10 : 0.0315    map@20 : 0.0361    map@30 : 0.0387    map@50 : 0.0421
Sun 15 Mar 2026 21:51:06 INFO  Saving current: saved/SCL-Mar-15-2026_21-50-59.pth
Sun 15 Mar 2026 21:51:06 INFO  Saving current best: saved/SCL-Mar-15-2026_21-50-59.pth
Sun 15 Mar 2026 21:51:06 INFO  Running E-step ! 
Sun 15 Mar 2026 21:51:06 INFO  epoch 10 training [time: 0.20s, train_loss1: 5.5335, train_loss2: 0.0062, train_loss3: 0.0108]
Sun 15 Mar 2026 21:51:06 INFO  epoch 10 evaluating [time: 0.29s, valid_score: 0.059500]
Sun 15 Mar 2026 21:51:06 INFO  valid result: 
recall@1 : 0.0155    recall@2 : 0.0298    recall@3 : 0.0402    recall@4 : 0.0509    recall@5 : 0.057    recall@10 : 0.0938    recall@20 : 0.1559    recall@30 : 0.2043    recall@50 : 0.2932    ndcg@1 : 0.0328    ndcg@2 : 0.0367    ndcg@3 : 0.0404    ndcg@4 : 0.044    ndcg@5 : 0.0465    ndcg@10 : 0.0595    ndcg@20 : 0.0783    ndcg@30 : 0.0912    ndcg@50 : 0.1123    precision@1 : 0.0328    precision@2 : 0.031    precision@3 : 0.029    precision@4 : 0.027    precision@5 : 0.0254    precision@10 : 0.0215    precision@20 : 0.0187    precision@30 : 0.0166    precision@50 : 0.0146    map@1 : 0.0328    map@2 : 0.0311    map@3 : 0.0312    map@4 : 0.0323    map@5 : 0.033    map@10 : 0.0371    map@20 : 0.0418    map@30 : 0.0446    map@50 : 0.0481
Sun 15 Mar 2026 21:51:06 INFO  Saving current: saved/SCL-Mar-15-2026_21-50-59.pth
Sun 15 Mar 2026 21:51:06 INFO  Saving current best: saved/SCL-Mar-15-2026_21-50-59.pth
Sun 15 Mar 2026 21:51:06 INFO  Running E-step ! 
Sun 15 Mar 2026 21:51:07 INFO  epoch 11 training [time: 0.20s, train_loss1: 5.5311, train_loss2: 0.0060, train_loss3: 0.0108]
Sun 15 Mar 2026 21:51:07 INFO  epoch 11 evaluating [time: 0.26s, valid_score: 0.070000]
Sun 15 Mar 2026 21:51:07 INFO  valid result: 
recall@1 : 0.019    recall@2 : 0.0365    recall@3 : 0.0457    recall@4 : 0.0596    recall@5 : 0.0663    recall@10 : 0.1098    recall@20 : 0.172    recall@30 : 0.2217    recall@50 : 0.3082    ndcg@1 : 0.0399    ndcg@2 : 0.0448    ndcg@3 : 0.0467    ndcg@4 : 0.052    ndcg@5 : 0.0544    ndcg@10 : 0.07    ndcg@20 : 0.0891    ndcg@30 : 0.1025    ndcg@50 : 0.1231    precision@1 : 0.0399    precision@2 : 0.0378    precision@3 : 0.0326    precision@4 : 0.0316    precision@5 : 0.0292    precision@10 : 0.025    precision@20 : 0.0207    precision@30 : 0.0181    precision@50 : 0.0155    map@1 : 0.0399    map@2 : 0.0378    map@3 : 0.0367    map@4 : 0.0385    map@5 : 0.0391    map@10 : 0.0442    map@20 : 0.0491    map@30 : 0.0521    map@50 : 0.0557
Sun 15 Mar 2026 21:51:07 INFO  Saving current: saved/SCL-Mar-15-2026_21-50-59.pth
Sun 15 Mar 2026 21:51:07 INFO  Saving current best: saved/SCL-Mar-15-2026_21-50-59.pth
Sun 15 Mar 2026 21:51:07 INFO  Running E-step ! 
Sun 15 Mar 2026 21:51:07 INFO  epoch 12 training [time: 0.23s, train_loss1: 5.5283, train_loss2: 0.0061, train_loss3: 0.0107]
Sun 15 Mar 2026 21:51:07 INFO  epoch 12 evaluating [time: 0.28s, valid_score: 0.081100]
Sun 15 Mar 2026 21:51:07 INFO  valid result: 
recall@1 : 0.022    recall@2 : 0.0412    recall@3 : 0.0563    recall@4 : 0.0711    recall@5 : 0.0814    recall@10 : 0.1245    recall@20 : 0.1933    recall@30 : 0.2429    recall@50 : 0.3263    ndcg@1 : 0.0483    ndcg@2 : 0.0519    ndcg@3 : 0.0565    ndcg@4 : 0.0618    ndcg@5 : 0.0656    ndcg@10 : 0.0811    ndcg@20 : 0.1024    ndcg@30 : 0.1155    ndcg@50 : 0.1356    precision@1 : 0.0483    precision@2 : 0.0438    precision@3 : 0.0401    precision@4 : 0.038    precision@5 : 0.0356    precision@10 : 0.0289    precision@20 : 0.0235    precision@30 : 0.0199    precision@50 : 0.0164    map@1 : 0.0483    map@2 : 0.0437    map@3 : 0.044    map@4 : 0.0454    map@5 : 0.0467    map@10 : 0.0519    map@20 : 0.0577    map@30 : 0.0607    map@50 : 0.0643
Sun 15 Mar 2026 21:51:07 INFO  Saving current: saved/SCL-Mar-15-2026_21-50-59.pth
Sun 15 Mar 2026 21:51:07 INFO  Saving current best: saved/SCL-Mar-15-2026_21-50-59.pth
Sun 15 Mar 2026 21:51:07 INFO  Running E-step ! 
Sun 15 Mar 2026 21:51:08 INFO  epoch 13 training [time: 0.21s, train_loss1: 5.5244, train_loss2: 0.0064, train_loss3: 0.0107]
Sun 15 Mar 2026 21:51:08 INFO  epoch 13 evaluating [time: 0.26s, valid_score: 0.098100]
Sun 15 Mar 2026 21:51:08 INFO  valid result: 
recall@1 : 0.0278    recall@2 : 0.049    recall@3 : 0.0713    recall@4 : 0.0853    recall@5 : 0.0979    recall@10 : 0.1499    recall@20 : 0.2184    recall@30 : 0.268    recall@50 : 0.3599    ndcg@1 : 0.0578    ndcg@2 : 0.0617    ndcg@3 : 0.0697    ndcg@4 : 0.0747    ndcg@5 : 0.0793    ndcg@10 : 0.0981    ndcg@20 : 0.1192    ndcg@30 : 0.1326    ndcg@50 : 0.1543    precision@1 : 0.0578    precision@2 : 0.0515    precision@3 : 0.0495    precision@4 : 0.0459    precision@5 : 0.0429    precision@10 : 0.0349    precision@20 : 0.0265    precision@30 : 0.0223    precision@50 : 0.0181    map@1 : 0.0578    map@2 : 0.0526    map@3 : 0.0543    map@4 : 0.0555    map@5 : 0.0571    map@10 : 0.0637    map@20 : 0.0697    map@30 : 0.0731    map@50 : 0.077
Sun 15 Mar 2026 21:51:08 INFO  Saving current: saved/SCL-Mar-15-2026_21-50-59.pth
Sun 15 Mar 2026 21:51:08 INFO  Saving current best: saved/SCL-Mar-15-2026_21-50-59.pth
Sun 15 Mar 2026 21:51:08 INFO  Running E-step ! 
Sun 15 Mar 2026 21:51:08 INFO  epoch 14 training [time: 0.23s, train_loss1: 5.5194, train_loss2: 0.0072, train_loss3: 0.0107]
Sun 15 Mar 2026 21:51:08 INFO  epoch 14 evaluating [time: 0.27s, valid_score: 0.118200]
Sun 15 Mar 2026 21:51:08 INFO  valid result: 
recall@1 : 0.0358    recall@2 : 0.0635    recall@3 : 0.0825    recall@4 : 0.105    recall@5 : 0.1181    recall@10 : 0.1759    recall@20 : 0.2474    recall@30 : 0.3065    recall@50 : 0.3933    ndcg@1 : 0.0727    ndcg@2 : 0.0789    ndcg@3 : 0.0838    ndcg@4 : 0.0922    ndcg@5 : 0.0965    ndcg@10 : 0.1182    ndcg@20 : 0.1402    ndcg@30 : 0.1563    ndcg@50 : 0.1769    precision@1 : 0.0727    precision@2 : 0.0664    precision@3 : 0.0588    precision@4 : 0.0563    precision@5 : 0.051    precision@10 : 0.0414    precision@20 : 0.0303    precision@30 : 0.0256    precision@50 : 0.0198    map@1 : 0.0727    map@2 : 0.0672    map@3 : 0.0665    map@4 : 0.0692    map@5 : 0.0705    map@10 : 0.0787    map@20 : 0.0854    map@30 : 0.0894    map@50 : 0.0934
Sun 15 Mar 2026 21:51:08 INFO  Saving current: saved/SCL-Mar-15-2026_21-50-59.pth
Sun 15 Mar 2026 21:51:08 INFO  Saving current best: saved/SCL-Mar-15-2026_21-50-59.pth
Sun 15 Mar 2026 21:51:08 INFO  Running E-step ! 
Sun 15 Mar 2026 21:51:09 INFO  epoch 15 training [time: 0.22s, train_loss1: 5.5124, train_loss2: 0.0085, train_loss3: 0.0107]
Sun 15 Mar 2026 21:51:09 INFO  epoch 15 evaluating [time: 0.28s, valid_score: 0.139800]
Sun 15 Mar 2026 21:51:09 INFO  valid result: 
recall@1 : 0.0438    recall@2 : 0.0741    recall@3 : 0.1008    recall@4 : 0.1235    recall@5 : 0.1424    recall@10 : 0.2058    recall@20 : 0.2948    recall@30 : 0.3534    recall@50 : 0.453    ndcg@1 : 0.0846    ndcg@2 : 0.0925    ndcg@3 : 0.101    ndcg@4 : 0.1087    ndcg@5 : 0.1159    ndcg@10 : 0.1398    ndcg@20 : 0.167    ndcg@30 : 0.183    ndcg@50 : 0.206    precision@1 : 0.0846    precision@2 : 0.0781    precision@3 : 0.0715    precision@4 : 0.0662    precision@5 : 0.0621    precision@10 : 0.0483    precision@20 : 0.0356    precision@30 : 0.0291    precision@50 : 0.0222    map@1 : 0.0846    map@2 : 0.0794    map@3 : 0.0803    map@4 : 0.0822    map@5 : 0.0851    map@10 : 0.0951    map@20 : 0.1036    map@30 : 0.1078    map@50 : 0.1122
Sun 15 Mar 2026 21:51:09 INFO  Saving current: saved/SCL-Mar-15-2026_21-50-59.pth
Sun 15 Mar 2026 21:51:09 INFO  Saving current best: saved/SCL-Mar-15-2026_21-50-59.pth
Sun 15 Mar 2026 21:51:09 INFO  Running E-step ! 
Sun 15 Mar 2026 21:51:09 INFO  epoch 16 training [time: 0.23s, train_loss1: 5.5017, train_loss2: 0.0106, train_loss3: 0.0106]
Sun 15 Mar 2026 21:51:09 INFO  epoch 16 evaluating [time: 0.26s, valid_score: 0.168200]
Sun 15 Mar 2026 21:51:09 INFO  valid result: 
recall@1 : 0.0502    recall@2 : 0.0907    recall@3 : 0.1267    recall@4 : 0.1464    recall@5 : 0.1724    recall@10 : 0.25    recall@20 : 0.3529    recall@30 : 0.4245    recall@50 : 0.5259    ndcg@1 : 0.1013    ndcg@2 : 0.1118    ndcg@3 : 0.1241    ndcg@4 : 0.1304    ndcg@5 : 0.1398    ndcg@10 : 0.1682    ndcg@20 : 0.1995    ndcg@30 : 0.2184    ndcg@50 : 0.242    precision@1 : 0.1013    precision@2 : 0.0945    precision@3 : 0.0888    precision@4 : 0.0806    precision@5 : 0.0753    precision@10 : 0.0573    precision@20 : 0.0414    precision@30 : 0.0336    precision@50 : 0.0251    map@1 : 0.1013    map@2 : 0.0955    map@3 : 0.0981    map@4 : 0.0992    map@5 : 0.103    map@10 : 0.1149    map@20 : 0.125    map@30 : 0.1301    map@50 : 0.1349
Sun 15 Mar 2026 21:51:09 INFO  Saving current: saved/SCL-Mar-15-2026_21-50-59.pth
Sun 15 Mar 2026 21:51:09 INFO  Saving current best: saved/SCL-Mar-15-2026_21-50-59.pth
Sun 15 Mar 2026 21:51:09 INFO  Running E-step ! 
Sun 15 Mar 2026 21:51:10 INFO  epoch 17 training [time: 0.22s, train_loss1: 5.4849, train_loss2: 0.0141, train_loss3: 0.0106]
Sun 15 Mar 2026 21:51:10 INFO  epoch 17 evaluating [time: 0.27s, valid_score: 0.206000]
Sun 15 Mar 2026 21:51:10 INFO  valid result: 
recall@1 : 0.0613    recall@2 : 0.1131    recall@3 : 0.1534    recall@4 : 0.1842    recall@5 : 0.2144    recall@10 : 0.3109    recall@20 : 0.4259    recall@30 : 0.5084    recall@50 : 0.6043    ndcg@1 : 0.1216    ndcg@2 : 0.136    ndcg@3 : 0.1495    ndcg@4 : 0.1599    ndcg@5 : 0.1711    ndcg@10 : 0.206    ndcg@20 : 0.2409    ndcg@30 : 0.2625    ndcg@50 : 0.2849    precision@1 : 0.1216    precision@2 : 0.1135    precision@3 : 0.1057    precision@4 : 0.0968    precision@5 : 0.0905    precision@10 : 0.0682    precision@20 : 0.0482    precision@30 : 0.0387    precision@50 : 0.0279    map@1 : 0.1216    map@2 : 0.1168    map@3 : 0.1189    map@4 : 0.1219    map@5 : 0.1269    map@10 : 0.1418    map@20 : 0.1538    map@30 : 0.1597    map@50 : 0.1645
Sun 15 Mar 2026 21:51:10 INFO  Saving current: saved/SCL-Mar-15-2026_21-50-59.pth
Sun 15 Mar 2026 21:51:10 INFO  Saving current best: saved/SCL-Mar-15-2026_21-50-59.pth
Sun 15 Mar 2026 21:51:10 INFO  Running E-step ! 
Sun 15 Mar 2026 21:51:10 INFO  epoch 18 training [time: 0.22s, train_loss1: 5.4570, train_loss2: 0.0194, train_loss3: 0.0106]
Sun 15 Mar 2026 21:51:10 INFO  epoch 18 evaluating [time: 0.27s, valid_score: 0.250900]
Sun 15 Mar 2026 21:51:10 INFO  valid result: 
recall@1 : 0.0807    recall@2 : 0.1431    recall@3 : 0.188    recall@4 : 0.2206    recall@5 : 0.2578    recall@10 : 0.3852    recall@20 : 0.5127    recall@30 : 0.5851    recall@50 : 0.6735    ndcg@1 : 0.1472    ndcg@2 : 0.1657    ndcg@3 : 0.18    ndcg@4 : 0.1912    ndcg@5 : 0.2056    ndcg@10 : 0.2509    ndcg@20 : 0.2898    ndcg@30 : 0.3091    ndcg@50 : 0.3298    precision@1 : 0.1472    precision@2 : 0.1335    precision@3 : 0.1202    precision@4 : 0.1088    precision@5 : 0.1033    precision@10 : 0.0788    precision@20 : 0.0546    precision@30 : 0.0426    precision@50 : 0.03    map@1 : 0.1472    map@2 : 0.1436    map@3 : 0.1461    map@4 : 0.1499    map@5 : 0.1565    map@10 : 0.1761    map@20 : 0.1895    map@30 : 0.195    map@50 : 0.1995
Sun 15 Mar 2026 21:51:10 INFO  Saving current: saved/SCL-Mar-15-2026_21-50-59.pth
Sun 15 Mar 2026 21:51:10 INFO  Saving current best: saved/SCL-Mar-15-2026_21-50-59.pth
Sun 15 Mar 2026 21:51:10 INFO  Running E-step ! 
Sun 15 Mar 2026 21:51:11 INFO  epoch 19 training [time: 0.21s, train_loss1: 5.4013, train_loss2: 0.0272, train_loss3: 0.0106]
Sun 15 Mar 2026 21:51:11 INFO  epoch 19 evaluating [time: 0.26s, valid_score: 0.287300]
Sun 15 Mar 2026 21:51:11 INFO  valid result: 
recall@1 : 0.1086    recall@2 : 0.1723    recall@3 : 0.2209    recall@4 : 0.2638    recall@5 : 0.2924    recall@10 : 0.4354    recall@20 : 0.5807    recall@30 : 0.6465    recall@50 : 0.7246    ndcg@1 : 0.1853    ndcg@2 : 0.197    ndcg@3 : 0.2123    ndcg@4 : 0.2271    ndcg@5 : 0.2369    ndcg@10 : 0.2873    ndcg@20 : 0.3319    ndcg@30 : 0.3494    ndcg@50 : 0.3682    precision@1 : 0.1853    precision@2 : 0.1493    precision@3 : 0.1317    precision@4 : 0.1189    precision@5 : 0.1069    precision@10 : 0.0825    precision@20 : 0.0586    precision@30 : 0.0448    precision@50 : 0.0311    map@1 : 0.1853    map@2 : 0.1746    map@3 : 0.1771    map@4 : 0.1821    map@5 : 0.1857    map@10 : 0.2063    map@20 : 0.2222    map@30 : 0.2272    map@50 : 0.2317
Sun 15 Mar 2026 21:51:11 INFO  Saving current: saved/SCL-Mar-15-2026_21-50-59.pth
Sun 15 Mar 2026 21:51:11 INFO  Saving current best: saved/SCL-Mar-15-2026_21-50-59.pth
Sun 15 Mar 2026 21:51:11 INFO  Running E-step ! 
Sun 15 Mar 2026 21:51:11 INFO  epoch 20 training [time: 0.22s, train_loss1: 5.2827, train_loss2: 0.0331, train_loss3: 0.0106, train_loss4: 0.0032]
Sun 15 Mar 2026 21:51:11 INFO  epoch 20 evaluating [time: 0.27s, valid_score: 0.301300]
Sun 15 Mar 2026 21:51:11 INFO  valid result: 
recall@1 : 0.1142    recall@2 : 0.1962    recall@3 : 0.2459    recall@4 : 0.2865    recall@5 : 0.3166    recall@10 : 0.453    recall@20 : 0.6083    recall@30 : 0.6644    recall@50 : 0.7417    ndcg@1 : 0.1883    ndcg@2 : 0.2136    ndcg@3 : 0.2295    ndcg@4 : 0.2431    ndcg@5 : 0.2533    ndcg@10 : 0.3013    ndcg@20 : 0.3483    ndcg@30 : 0.3638    ndcg@50 : 0.3826    precision@1 : 0.1883    precision@2 : 0.1612    precision@3 : 0.1395    precision@4 : 0.1238    precision@5 : 0.1105    precision@10 : 0.0822    precision@20 : 0.0591    precision@30 : 0.0448    precision@50 : 0.0312    map@1 : 0.1883    map@2 : 0.1882    map@3 : 0.1916    map@4 : 0.1956    map@5 : 0.1995    map@10 : 0.2191    map@20 : 0.2353    map@30 : 0.2399    map@50 : 0.2443
Sun 15 Mar 2026 21:51:11 INFO  Saving current: saved/SCL-Mar-15-2026_21-50-59.pth
Sun 15 Mar 2026 21:51:11 INFO  Saving current best: saved/SCL-Mar-15-2026_21-50-59.pth
Sun 15 Mar 2026 21:51:11 INFO  Running E-step ! 
Sun 15 Mar 2026 21:51:12 INFO  epoch 21 training [time: 0.20s, train_loss1: 5.0763, train_loss2: 0.0357, train_loss3: 0.0106, train_loss4: 0.0040]
Sun 15 Mar 2026 21:51:12 INFO  epoch 21 evaluating [time: 0.29s, valid_score: 0.308300]
Sun 15 Mar 2026 21:51:12 INFO  valid result: 
recall@1 : 0.114    recall@2 : 0.1998    recall@3 : 0.259    recall@4 : 0.2981    recall@5 : 0.3403    recall@10 : 0.4656    recall@20 : 0.6075    recall@30 : 0.6801    recall@50 : 0.7546    ndcg@1 : 0.1895    ndcg@2 : 0.2148    ndcg@3 : 0.2356    ndcg@4 : 0.2488    ndcg@5 : 0.2643    ndcg@10 : 0.3083    ndcg@20 : 0.3511    ndcg@30 : 0.3706    ndcg@50 : 0.3889    precision@1 : 0.1895    precision@2 : 0.1612    precision@3 : 0.1422    precision@4 : 0.1256    precision@5 : 0.1157    precision@10 : 0.0831    precision@20 : 0.0581    precision@30 : 0.0449    precision@50 : 0.0312    map@1 : 0.1895    map@2 : 0.1897    map@3 : 0.1956    map@4 : 0.1998    map@5 : 0.2063    map@10 : 0.2244    map@20 : 0.2388    map@30 : 0.2442    map@50 : 0.2484
Sun 15 Mar 2026 21:51:12 INFO  Saving current: saved/SCL-Mar-15-2026_21-50-59.pth
Sun 15 Mar 2026 21:51:12 INFO  Saving current best: saved/SCL-Mar-15-2026_21-50-59.pth
Sun 15 Mar 2026 21:51:12 INFO  Running E-step ! 
Sun 15 Mar 2026 21:51:12 INFO  epoch 22 training [time: 0.21s, train_loss1: 4.7840, train_loss2: 0.0366, train_loss3: 0.0106, train_loss4: 0.0050]
Sun 15 Mar 2026 21:51:12 INFO  epoch 22 evaluating [time: 0.27s, valid_score: 0.309300]
Sun 15 Mar 2026 21:51:12 INFO  valid result: 
recall@1 : 0.1103    recall@2 : 0.2035    recall@3 : 0.2679    recall@4 : 0.3059    recall@5 : 0.3404    recall@10 : 0.4688    recall@20 : 0.6027    recall@30 : 0.6836    recall@50 : 0.751    ndcg@1 : 0.1853    ndcg@2 : 0.2162    ndcg@3 : 0.2389    ndcg@4 : 0.2515    ndcg@5 : 0.2642    ndcg@10 : 0.3093    ndcg@20 : 0.3495    ndcg@30 : 0.3709    ndcg@50 : 0.3876    precision@1 : 0.1853    precision@2 : 0.1636    precision@3 : 0.1444    precision@4 : 0.1269    precision@5 : 0.1154    precision@10 : 0.0831    precision@20 : 0.0572    precision@30 : 0.0447    precision@50 : 0.0308    map@1 : 0.1853    map@2 : 0.1898    map@3 : 0.1972    map@4 : 0.2008    map@5 : 0.206    map@10 : 0.2246    map@20 : 0.238    map@30 : 0.2437    map@50 : 0.2476
Sun 15 Mar 2026 21:51:12 INFO  Saving current: saved/SCL-Mar-15-2026_21-50-59.pth
Sun 15 Mar 2026 21:51:12 INFO  Saving current best: saved/SCL-Mar-15-2026_21-50-59.pth
Sun 15 Mar 2026 21:51:12 INFO  Running E-step ! 
Sun 15 Mar 2026 21:51:13 INFO  epoch 23 training [time: 0.23s, train_loss1: 4.4380, train_loss2: 0.0371, train_loss3: 0.0107, train_loss4: 0.0056]
Sun 15 Mar 2026 21:51:13 INFO  epoch 23 evaluating [time: 0.27s, valid_score: 0.310200]
Sun 15 Mar 2026 21:51:13 INFO  valid result: 
recall@1 : 0.1132    recall@2 : 0.2006    recall@3 : 0.2669    recall@4 : 0.3048    recall@5 : 0.3432    recall@10 : 0.4709    recall@20 : 0.5971    recall@30 : 0.6835    recall@50 : 0.7544    ndcg@1 : 0.1883    ndcg@2 : 0.2152    ndcg@3 : 0.2386    ndcg@4 : 0.2515    ndcg@5 : 0.2657    ndcg@10 : 0.3102    ndcg@20 : 0.3483    ndcg@30 : 0.3709    ndcg@50 : 0.3884    precision@1 : 0.1883    precision@2 : 0.1621    precision@3 : 0.1432    precision@4 : 0.1263    precision@5 : 0.1159    precision@10 : 0.0828    precision@20 : 0.0564    precision@30 : 0.0444    precision@50 : 0.0308    map@1 : 0.1883    map@2 : 0.1894    map@3 : 0.1975    map@4 : 0.2011    map@5 : 0.2073    map@10 : 0.2255    map@20 : 0.2381    map@30 : 0.2441    map@50 : 0.2481
Sun 15 Mar 2026 21:51:13 INFO  Saving current: saved/SCL-Mar-15-2026_21-50-59.pth
Sun 15 Mar 2026 21:51:13 INFO  Saving current best: saved/SCL-Mar-15-2026_21-50-59.pth
Sun 15 Mar 2026 21:51:13 INFO  Running E-step ! 
Sun 15 Mar 2026 21:51:13 INFO  epoch 24 training [time: 0.21s, train_loss1: 4.0945, train_loss2: 0.0374, train_loss3: 0.0107, train_loss4: 0.0062]
Sun 15 Mar 2026 21:51:13 INFO  epoch 24 evaluating [time: 0.26s, valid_score: 0.311500]
Sun 15 Mar 2026 21:51:13 INFO  valid result: 
recall@1 : 0.1165    recall@2 : 0.1999    recall@3 : 0.264    recall@4 : 0.3054    recall@5 : 0.3407    recall@10 : 0.4727    recall@20 : 0.5961    recall@30 : 0.6803    recall@50 : 0.7557    ndcg@1 : 0.1913    ndcg@2 : 0.2157    ndcg@3 : 0.2379    ndcg@4 : 0.2526    ndcg@5 : 0.2654    ndcg@10 : 0.3115    ndcg@20 : 0.3485    ndcg@30 : 0.3708    ndcg@50 : 0.3892    precision@1 : 0.1913    precision@2 : 0.1615    precision@3 : 0.1414    precision@4 : 0.1266    precision@5 : 0.1149    precision@10 : 0.0829    precision@20 : 0.056    precision@30 : 0.0442    precision@50 : 0.0307    map@1 : 0.1913    map@2 : 0.1904    map@3 : 0.198    map@4 : 0.2026    map@5 : 0.208    map@10 : 0.2268    map@20 : 0.2389    map@30 : 0.2449    map@50 : 0.2491
Sun 15 Mar 2026 21:51:13 INFO  Saving current: saved/SCL-Mar-15-2026_21-50-59.pth
Sun 15 Mar 2026 21:51:13 INFO  Saving current best: saved/SCL-Mar-15-2026_21-50-59.pth
Sun 15 Mar 2026 21:51:13 INFO  Running E-step ! 
Sun 15 Mar 2026 21:51:14 INFO  epoch 25 training [time: 0.22s, train_loss1: 3.8089, train_loss2: 0.0377, train_loss3: 0.0107, train_loss4: 0.0066]
Sun 15 Mar 2026 21:51:14 INFO  epoch 25 evaluating [time: 0.28s, valid_score: 0.312200]
Sun 15 Mar 2026 21:51:14 INFO  valid result: 
recall@1 : 0.1192    recall@2 : 0.1996    recall@3 : 0.2638    recall@4 : 0.3046    recall@5 : 0.3414    recall@10 : 0.4723    recall@20 : 0.5939    recall@30 : 0.676    recall@50 : 0.7619    ndcg@1 : 0.1931    ndcg@2 : 0.216    ndcg@3 : 0.2385    ndcg@4 : 0.253    ndcg@5 : 0.2665    ndcg@10 : 0.3122    ndcg@20 : 0.3485    ndcg@30 : 0.3705    ndcg@50 : 0.3909    precision@1 : 0.1931    precision@2 : 0.1609    precision@3 : 0.1412    precision@4 : 0.1262    precision@5 : 0.1149    precision@10 : 0.083    precision@20 : 0.0555    precision@30 : 0.0439    precision@50 : 0.0308    map@1 : 0.1931    map@2 : 0.191    map@3 : 0.199    map@4 : 0.2037    map@5 : 0.2093    map@10 : 0.228    map@20 : 0.2398    map@30 : 0.2458    map@50 : 0.2502
Sun 15 Mar 2026 21:51:14 INFO  Saving current: saved/SCL-Mar-15-2026_21-50-59.pth
Sun 15 Mar 2026 21:51:14 INFO  Saving current best: saved/SCL-Mar-15-2026_21-50-59.pth
Sun 15 Mar 2026 21:51:14 INFO  Running E-step ! 
Sun 15 Mar 2026 21:51:14 INFO  epoch 26 training [time: 0.20s, train_loss1: 3.5956, train_loss2: 0.0380, train_loss3: 0.0108, train_loss4: 0.0070]
Sun 15 Mar 2026 21:51:14 INFO  epoch 26 evaluating [time: 0.26s, valid_score: 0.312700]
Sun 15 Mar 2026 21:51:14 INFO  valid result: 
recall@1 : 0.1204    recall@2 : 0.2006    recall@3 : 0.2639    recall@4 : 0.3031    recall@5 : 0.3424    recall@10 : 0.4723    recall@20 : 0.592    recall@30 : 0.673    recall@50 : 0.7676    ndcg@1 : 0.1931    ndcg@2 : 0.2171    ndcg@3 : 0.239    ndcg@4 : 0.253    ndcg@5 : 0.2674    ndcg@10 : 0.3127    ndcg@20 : 0.3483    ndcg@30 : 0.3701    ndcg@50 : 0.3922    precision@1 : 0.1931    precision@2 : 0.1618    precision@3 : 0.1412    precision@4 : 0.126    precision@5 : 0.1153    precision@10 : 0.0829    precision@20 : 0.0552    precision@30 : 0.0437    precision@50 : 0.0309    map@1 : 0.1931    map@2 : 0.192    map@3 : 0.1998    map@4 : 0.2041    map@5 : 0.2102    map@10 : 0.2287    map@20 : 0.2403    map@30 : 0.2462    map@50 : 0.2509
Sun 15 Mar 2026 21:51:14 INFO  Saving current: saved/SCL-Mar-15-2026_21-50-59.pth
Sun 15 Mar 2026 21:51:14 INFO  Saving current best: saved/SCL-Mar-15-2026_21-50-59.pth
Sun 15 Mar 2026 21:51:14 INFO  Running E-step ! 
Sun 15 Mar 2026 21:51:15 INFO  epoch 27 training [time: 0.21s, train_loss1: 3.4240, train_loss2: 0.0382, train_loss3: 0.0108, train_loss4: 0.0070]
Sun 15 Mar 2026 21:51:15 INFO  epoch 27 evaluating [time: 0.20s, valid_score: 0.312700]
Sun 15 Mar 2026 21:51:15 INFO  valid result: 
recall@1 : 0.121    recall@2 : 0.2003    recall@3 : 0.264    recall@4 : 0.3036    recall@5 : 0.3418    recall@10 : 0.4722    recall@20 : 0.5915    recall@30 : 0.6726    recall@50 : 0.7671    ndcg@1 : 0.1937    ndcg@2 : 0.2169    ndcg@3 : 0.2391    ndcg@4 : 0.2534    ndcg@5 : 0.2673    ndcg@10 : 0.3127    ndcg@20 : 0.3482    ndcg@30 : 0.37    ndcg@50 : 0.3922    precision@1 : 0.1937    precision@2 : 0.1612    precision@3 : 0.141    precision@4 : 0.1263    precision@5 : 0.1151    precision@10 : 0.0828    precision@20 : 0.0551    precision@30 : 0.0436    precision@50 : 0.0309    map@1 : 0.1937    map@2 : 0.192    map@3 : 0.1999    map@4 : 0.2046    map@5 : 0.2104    map@10 : 0.2289    map@20 : 0.2404    map@30 : 0.2463    map@50 : 0.251
Sun 15 Mar 2026 21:51:15 INFO  Saving current: saved/SCL-Mar-15-2026_21-50-59.pth
Sun 15 Mar 2026 21:51:15 INFO  Saving current best: saved/SCL-Mar-15-2026_21-50-59.pth
Sun 15 Mar 2026 21:51:15 INFO  Running E-step ! 
Sun 15 Mar 2026 21:51:15 INFO  epoch 28 training [time: 0.21s, train_loss1: 3.3132, train_loss2: 0.0384, train_loss3: 0.0108, train_loss4: 0.0070]
Sun 15 Mar 2026 21:51:15 INFO  epoch 28 evaluating [time: 0.28s, valid_score: 0.313100]
Sun 15 Mar 2026 21:51:15 INFO  valid result: 
recall@1 : 0.1222    recall@2 : 0.1999    recall@3 : 0.264    recall@4 : 0.3037    recall@5 : 0.3418    recall@10 : 0.4721    recall@20 : 0.5914    recall@30 : 0.6724    recall@50 : 0.7676    ndcg@1 : 0.1949    ndcg@2 : 0.2169    ndcg@3 : 0.2395    ndcg@4 : 0.2538    ndcg@5 : 0.2677    ndcg@10 : 0.3131    ndcg@20 : 0.3485    ndcg@30 : 0.3703    ndcg@50 : 0.3927    precision@1 : 0.1949    precision@2 : 0.1606    precision@3 : 0.141    precision@4 : 0.1263    precision@5 : 0.1151    precision@10 : 0.0827    precision@20 : 0.055    precision@30 : 0.0436    precision@50 : 0.0309    map@1 : 0.1949    map@2 : 0.1922    map@3 : 0.2002    map@4 : 0.2051    map@5 : 0.2108    map@10 : 0.2293    map@20 : 0.2408    map@30 : 0.2468    map@50 : 0.2515
Sun 15 Mar 2026 21:51:15 INFO  Saving current: saved/SCL-Mar-15-2026_21-50-59.pth
Sun 15 Mar 2026 21:51:15 INFO  Saving current best: saved/SCL-Mar-15-2026_21-50-59.pth
Sun 15 Mar 2026 21:51:15 INFO  Running E-step ! 
Sun 15 Mar 2026 21:51:16 INFO  epoch 29 training [time: 0.19s, train_loss1: 3.2629, train_loss2: 0.0386, train_loss3: 0.0108, train_loss4: 0.0071]
Sun 15 Mar 2026 21:51:16 INFO  epoch 29 evaluating [time: 0.27s, valid_score: 0.313200]
Sun 15 Mar 2026 21:51:16 INFO  valid result: 
recall@1 : 0.1223    recall@2 : 0.2002    recall@3 : 0.2639    recall@4 : 0.3051    recall@5 : 0.343    recall@10 : 0.4718    recall@20 : 0.5913    recall@30 : 0.6716    recall@50 : 0.7677    ndcg@1 : 0.1955    ndcg@2 : 0.2175    ndcg@3 : 0.2395    ndcg@4 : 0.2546    ndcg@5 : 0.2684    ndcg@10 : 0.3132    ndcg@20 : 0.3487    ndcg@30 : 0.3703    ndcg@50 : 0.3929    precision@1 : 0.1955    precision@2 : 0.1612    precision@3 : 0.141    precision@4 : 0.1268    precision@5 : 0.1154    precision@10 : 0.0828    precision@20 : 0.055    precision@30 : 0.0435    precision@50 : 0.0309    map@1 : 0.1955    map@2 : 0.1926    map@3 : 0.2003    map@4 : 0.2056    map@5 : 0.2113    map@10 : 0.2296    map@20 : 0.241    map@30 : 0.2469    map@50 : 0.2518
Sun 15 Mar 2026 21:51:16 INFO  Saving current: saved/SCL-Mar-15-2026_21-50-59.pth
Sun 15 Mar 2026 21:51:16 INFO  Saving current best: saved/SCL-Mar-15-2026_21-50-59.pth
Sun 15 Mar 2026 21:51:16 INFO  Running E-step ! 
Sun 15 Mar 2026 21:51:16 INFO  epoch 30 training [time: 0.20s, train_loss1: 3.1995, train_loss2: 0.0387, train_loss3: 0.0108, train_loss4: 0.0071]
Sun 15 Mar 2026 21:51:16 INFO  epoch 30 evaluating [time: 0.29s, valid_score: 0.313100]
Sun 15 Mar 2026 21:51:16 INFO  valid result: 
recall@1 : 0.1223    recall@2 : 0.1993    recall@3 : 0.2642    recall@4 : 0.3053    recall@5 : 0.3439    recall@10 : 0.4717    recall@20 : 0.5908    recall@30 : 0.6717    recall@50 : 0.7672    ndcg@1 : 0.1955    ndcg@2 : 0.2169    ndcg@3 : 0.2396    ndcg@4 : 0.2546    ndcg@5 : 0.2686    ndcg@10 : 0.3131    ndcg@20 : 0.3485    ndcg@30 : 0.3703    ndcg@50 : 0.3928    precision@1 : 0.1955    precision@2 : 0.1606    precision@3 : 0.1412    precision@4 : 0.1269    precision@5 : 0.1155    precision@10 : 0.0827    precision@20 : 0.055    precision@30 : 0.0435    precision@50 : 0.0309    map@1 : 0.1955    map@2 : 0.1922    map@3 : 0.2003    map@4 : 0.2055    map@5 : 0.2113    map@10 : 0.2295    map@20 : 0.2409    map@30 : 0.2468    map@50 : 0.2517
Sun 15 Mar 2026 21:51:16 INFO  Running E-step ! 
Sun 15 Mar 2026 21:51:17 INFO  epoch 31 training [time: 0.23s, train_loss1: 3.1876, train_loss2: 0.0389, train_loss3: 0.0108, train_loss4: 0.0071]
Sun 15 Mar 2026 21:51:17 INFO  epoch 31 evaluating [time: 0.27s, valid_score: 0.313400]
Sun 15 Mar 2026 21:51:17 INFO  valid result: 
recall@1 : 0.1232    recall@2 : 0.1993    recall@3 : 0.2642    recall@4 : 0.3053    recall@5 : 0.3445    recall@10 : 0.4713    recall@20 : 0.5919    recall@30 : 0.6727    recall@50 : 0.7675    ndcg@1 : 0.1967    ndcg@2 : 0.2172    ndcg@3 : 0.2399    ndcg@4 : 0.255    ndcg@5 : 0.2692    ndcg@10 : 0.3134    ndcg@20 : 0.3492    ndcg@30 : 0.3709    ndcg@50 : 0.3932    precision@1 : 0.1967    precision@2 : 0.1606    precision@3 : 0.1412    precision@4 : 0.1269    precision@5 : 0.1156    precision@10 : 0.0827    precision@20 : 0.0552    precision@30 : 0.0436    precision@50 : 0.0309    map@1 : 0.1967    map@2 : 0.1926    map@3 : 0.2007    map@4 : 0.206    map@5 : 0.2119    map@10 : 0.2299    map@20 : 0.2414    map@30 : 0.2474    map@50 : 0.2521
Sun 15 Mar 2026 21:51:17 INFO  Saving current: saved/SCL-Mar-15-2026_21-50-59.pth
Sun 15 Mar 2026 21:51:17 INFO  Saving current best: saved/SCL-Mar-15-2026_21-50-59.pth
Sun 15 Mar 2026 21:51:17 INFO  Running E-step ! 
Sun 15 Mar 2026 21:51:17 INFO  epoch 32 training [time: 0.21s, train_loss1: 3.1945, train_loss2: 0.0390, train_loss3: 0.0108, train_loss4: 0.0071]
Sun 15 Mar 2026 21:51:17 INFO  epoch 32 evaluating [time: 0.28s, valid_score: 0.313300]
Sun 15 Mar 2026 21:51:17 INFO  valid result: 
recall@1 : 0.1232    recall@2 : 0.1993    recall@3 : 0.264    recall@4 : 0.3042    recall@5 : 0.3445    recall@10 : 0.4713    recall@20 : 0.5929    recall@30 : 0.6733    recall@50 : 0.7668    ndcg@1 : 0.1967    ndcg@2 : 0.2172    ndcg@3 : 0.2398    ndcg@4 : 0.2545    ndcg@5 : 0.269    ndcg@10 : 0.3133    ndcg@20 : 0.3495    ndcg@30 : 0.3709    ndcg@50 : 0.393    precision@1 : 0.1967    precision@2 : 0.1606    precision@3 : 0.141    precision@4 : 0.1266    precision@5 : 0.1155    precision@10 : 0.0827    precision@20 : 0.0554    precision@30 : 0.0436    precision@50 : 0.0309    map@1 : 0.1967    map@2 : 0.1926    map@3 : 0.2007    map@4 : 0.2056    map@5 : 0.2118    map@10 : 0.2298    map@20 : 0.2415    map@30 : 0.2473    map@50 : 0.2521
Sun 15 Mar 2026 21:51:17 INFO  Running E-step ! 
Sun 15 Mar 2026 21:51:18 INFO  epoch 33 training [time: 0.21s, train_loss1: 3.1631, train_loss2: 0.0391, train_loss3: 0.0108, train_loss4: 0.0070]
Sun 15 Mar 2026 21:51:18 INFO  epoch 33 evaluating [time: 0.27s, valid_score: 0.313300]
Sun 15 Mar 2026 21:51:18 INFO  valid result: 
recall@1 : 0.1232    recall@2 : 0.1993    recall@3 : 0.2645    recall@4 : 0.3041    recall@5 : 0.3439    recall@10 : 0.4713    recall@20 : 0.5932    recall@30 : 0.6734    recall@50 : 0.7667    ndcg@1 : 0.1967    ndcg@2 : 0.2172    ndcg@3 : 0.2403    ndcg@4 : 0.2544    ndcg@5 : 0.2689    ndcg@10 : 0.3133    ndcg@20 : 0.3497    ndcg@30 : 0.3711    ndcg@50 : 0.3931    precision@1 : 0.1967    precision@2 : 0.1606    precision@3 : 0.1416    precision@4 : 0.1265    precision@5 : 0.1155    precision@10 : 0.0827    precision@20 : 0.0555    precision@30 : 0.0437    precision@50 : 0.0309    map@1 : 0.1967    map@2 : 0.1926    map@3 : 0.201    map@4 : 0.2056    map@5 : 0.2117    map@10 : 0.2299    map@20 : 0.2416    map@30 : 0.2474    map@50 : 0.2521
Sun 15 Mar 2026 21:51:18 INFO  Running E-step ! 
Sun 15 Mar 2026 21:51:18 INFO  epoch 34 training [time: 0.22s, train_loss1: 3.1451, train_loss2: 0.0392, train_loss3: 0.0108, train_loss4: 0.0068]
Sun 15 Mar 2026 21:51:18 INFO  epoch 34 evaluating [time: 0.26s, valid_score: 0.313200]
Sun 15 Mar 2026 21:51:18 INFO  valid result: 
recall@1 : 0.1229    recall@2 : 0.1993    recall@3 : 0.2645    recall@4 : 0.3041    recall@5 : 0.3442    recall@10 : 0.4713    recall@20 : 0.5933    recall@30 : 0.6737    recall@50 : 0.7674    ndcg@1 : 0.1961    ndcg@2 : 0.2171    ndcg@3 : 0.2401    ndcg@4 : 0.2543    ndcg@5 : 0.2689    ndcg@10 : 0.3132    ndcg@20 : 0.3496    ndcg@30 : 0.3711    ndcg@50 : 0.3932    precision@1 : 0.1961    precision@2 : 0.1606    precision@3 : 0.1416    precision@4 : 0.1265    precision@5 : 0.1156    precision@10 : 0.0828    precision@20 : 0.0555    precision@30 : 0.0437    precision@50 : 0.031    map@1 : 0.1961    map@2 : 0.1925    map@3 : 0.2009    map@4 : 0.2054    map@5 : 0.2117    map@10 : 0.2297    map@20 : 0.2415    map@30 : 0.2474    map@50 : 0.2521
Sun 15 Mar 2026 21:51:18 INFO  Running E-step ! 
Sun 15 Mar 2026 21:51:19 INFO  epoch 35 training [time: 0.25s, train_loss1: 3.1182, train_loss2: 0.0393, train_loss3: 0.0108, train_loss4: 0.0068]
Sun 15 Mar 2026 21:51:19 INFO  epoch 35 evaluating [time: 0.25s, valid_score: 0.313400]
Sun 15 Mar 2026 21:51:19 INFO  valid result: 
recall@1 : 0.1229    recall@2 : 0.1993    recall@3 : 0.2642    recall@4 : 0.3041    recall@5 : 0.3434    recall@10 : 0.472    recall@20 : 0.5933    recall@30 : 0.6759    recall@50 : 0.7669    ndcg@1 : 0.1961    ndcg@2 : 0.2171    ndcg@3 : 0.24    ndcg@4 : 0.2544    ndcg@5 : 0.2686    ndcg@10 : 0.3134    ndcg@20 : 0.3497    ndcg@30 : 0.3717    ndcg@50 : 0.3931    precision@1 : 0.1961    precision@2 : 0.1606    precision@3 : 0.1414    precision@4 : 0.1266    precision@5 : 0.1154    precision@10 : 0.0828    precision@20 : 0.0557    precision@30 : 0.0439    precision@50 : 0.031    map@1 : 0.1961    map@2 : 0.1925    map@3 : 0.2008    map@4 : 0.2055    map@5 : 0.2114    map@10 : 0.2297    map@20 : 0.2416    map@30 : 0.2475    map@50 : 0.2521
Sun 15 Mar 2026 21:51:19 INFO  Saving current: saved/SCL-Mar-15-2026_21-50-59.pth
Sun 15 Mar 2026 21:51:19 INFO  Saving current best: saved/SCL-Mar-15-2026_21-50-59.pth
Sun 15 Mar 2026 21:51:19 INFO  Running E-step ! 
Sun 15 Mar 2026 21:51:19 INFO  epoch 36 training [time: 0.22s, train_loss1: 3.1178, train_loss2: 0.0394, train_loss3: 0.0108, train_loss4: 0.0066]
Sun 15 Mar 2026 21:51:19 INFO  epoch 36 evaluating [time: 0.28s, valid_score: 0.313800]
Sun 15 Mar 2026 21:51:19 INFO  valid result: 
recall@1 : 0.1231    recall@2 : 0.1996    recall@3 : 0.2642    recall@4 : 0.3043    recall@5 : 0.3434    recall@10 : 0.4725    recall@20 : 0.5951    recall@30 : 0.6773    recall@50 : 0.7663    ndcg@1 : 0.1973    ndcg@2 : 0.2176    ndcg@3 : 0.2402    ndcg@4 : 0.2546    ndcg@5 : 0.2687    ndcg@10 : 0.3138    ndcg@20 : 0.3503    ndcg@30 : 0.3722    ndcg@50 : 0.3932    precision@1 : 0.1973    precision@2 : 0.1609    precision@3 : 0.1414    precision@4 : 0.1265    precision@5 : 0.1153    precision@10 : 0.083    precision@20 : 0.0558    precision@30 : 0.044    precision@50 : 0.031    map@1 : 0.1973    map@2 : 0.1929    map@3 : 0.201    map@4 : 0.2057    map@5 : 0.2116    map@10 : 0.23    map@20 : 0.2419    map@30 : 0.2478    map@50 : 0.2523
Sun 15 Mar 2026 21:51:19 INFO  Saving current: saved/SCL-Mar-15-2026_21-50-59.pth
Sun 15 Mar 2026 21:51:19 INFO  Saving current best: saved/SCL-Mar-15-2026_21-50-59.pth
Sun 15 Mar 2026 21:51:19 INFO  Running E-step ! 
Sun 15 Mar 2026 21:51:20 INFO  epoch 37 training [time: 0.21s, train_loss1: 3.1602, train_loss2: 0.0395, train_loss3: 0.0108, train_loss4: 0.0065]
Sun 15 Mar 2026 21:51:20 INFO  epoch 37 evaluating [time: 0.29s, valid_score: 0.313600]
Sun 15 Mar 2026 21:51:20 INFO  valid result: 
recall@1 : 0.1228    recall@2 : 0.199    recall@3 : 0.2639    recall@4 : 0.3055    recall@5 : 0.344    recall@10 : 0.4725    recall@20 : 0.5948    recall@30 : 0.6776    recall@50 : 0.7657    ndcg@1 : 0.1967    ndcg@2 : 0.2171    ndcg@3 : 0.24    ndcg@4 : 0.2549    ndcg@5 : 0.2687    ndcg@10 : 0.3136    ndcg@20 : 0.3502    ndcg@30 : 0.3722    ndcg@50 : 0.393    precision@1 : 0.1967    precision@2 : 0.1606    precision@3 : 0.1414    precision@4 : 0.1268    precision@5 : 0.1154    precision@10 : 0.0829    precision@20 : 0.0558    precision@30 : 0.044    precision@50 : 0.031    map@1 : 0.1967    map@2 : 0.1925    map@3 : 0.2006    map@4 : 0.2057    map@5 : 0.2115    map@10 : 0.2298    map@20 : 0.2417    map@30 : 0.2476    map@50 : 0.2521
Sun 15 Mar 2026 21:51:20 INFO  Running E-step ! 
Sun 15 Mar 2026 21:51:20 INFO  epoch 38 training [time: 0.22s, train_loss1: 3.1261, train_loss2: 0.0396, train_loss3: 0.0108, train_loss4: 0.0063]
Sun 15 Mar 2026 21:51:20 INFO  epoch 38 evaluating [time: 0.26s, valid_score: 0.313700]
Sun 15 Mar 2026 21:51:20 INFO  valid result: 
recall@1 : 0.1228    recall@2 : 0.1989    recall@3 : 0.2636    recall@4 : 0.3065    recall@5 : 0.3441    recall@10 : 0.4731    recall@20 : 0.5969    recall@30 : 0.6772    recall@50 : 0.7665    ndcg@1 : 0.1967    ndcg@2 : 0.2168    ndcg@3 : 0.2397    ndcg@4 : 0.2553    ndcg@5 : 0.2688    ndcg@10 : 0.3137    ndcg@20 : 0.3508    ndcg@30 : 0.3722    ndcg@50 : 0.3932    precision@1 : 0.1967    precision@2 : 0.1603    precision@3 : 0.1412    precision@4 : 0.1272    precision@5 : 0.1155    precision@10 : 0.083    precision@20 : 0.056    precision@30 : 0.044    precision@50 : 0.031    map@1 : 0.1967    map@2 : 0.1923    map@3 : 0.2005    map@4 : 0.2059    map@5 : 0.2115    map@10 : 0.2298    map@20 : 0.2419    map@30 : 0.2478    map@50 : 0.2523
Sun 15 Mar 2026 21:51:20 INFO  Running E-step ! 
Sun 15 Mar 2026 21:51:21 INFO  epoch 39 training [time: 0.20s, train_loss1: 3.1254, train_loss2: 0.0397, train_loss3: 0.0108, train_loss4: 0.0062]
Sun 15 Mar 2026 21:51:21 INFO  epoch 39 evaluating [time: 0.27s, valid_score: 0.314000]
Sun 15 Mar 2026 21:51:21 INFO  valid result: 
recall@1 : 0.1228    recall@2 : 0.1989    recall@3 : 0.2636    recall@4 : 0.3073    recall@5 : 0.3447    recall@10 : 0.4737    recall@20 : 0.5974    recall@30 : 0.6776    recall@50 : 0.7644    ndcg@1 : 0.1967    ndcg@2 : 0.2168    ndcg@3 : 0.2397    ndcg@4 : 0.2557    ndcg@5 : 0.2693    ndcg@10 : 0.314    ndcg@20 : 0.3511    ndcg@30 : 0.3724    ndcg@50 : 0.393    precision@1 : 0.1967    precision@2 : 0.1603    precision@3 : 0.1412    precision@4 : 0.1275    precision@5 : 0.116    precision@10 : 0.083    precision@20 : 0.0563    precision@30 : 0.0441    precision@50 : 0.031    map@1 : 0.1967    map@2 : 0.1923    map@3 : 0.2005    map@4 : 0.2061    map@5 : 0.2117    map@10 : 0.2299    map@20 : 0.2421    map@30 : 0.2479    map@50 : 0.2524
Sun 15 Mar 2026 21:51:21 INFO  Saving current: saved/SCL-Mar-15-2026_21-50-59.pth
Sun 15 Mar 2026 21:51:21 INFO  Saving current best: saved/SCL-Mar-15-2026_21-50-59.pth
Sun 15 Mar 2026 21:51:21 INFO  Running E-step ! 
Sun 15 Mar 2026 21:51:21 INFO  epoch 40 training [time: 0.22s, train_loss1: 3.0976, train_loss2: 0.0398, train_loss3: 0.0108, train_loss4: 0.0062]
Sun 15 Mar 2026 21:51:22 INFO  epoch 40 evaluating [time: 0.28s, valid_score: 0.313800]
Sun 15 Mar 2026 21:51:22 INFO  valid result: 
recall@1 : 0.1222    recall@2 : 0.199    recall@3 : 0.2627    recall@4 : 0.3076    recall@5 : 0.3446    recall@10 : 0.4738    recall@20 : 0.5964    recall@30 : 0.6773    recall@50 : 0.7627    ndcg@1 : 0.1961    ndcg@2 : 0.2166    ndcg@3 : 0.2389    ndcg@4 : 0.2556    ndcg@5 : 0.269    ndcg@10 : 0.3138    ndcg@20 : 0.3507    ndcg@30 : 0.3721    ndcg@50 : 0.3925    precision@1 : 0.1961    precision@2 : 0.1603    precision@3 : 0.1406    precision@4 : 0.1277    precision@5 : 0.116    precision@10 : 0.0831    precision@20 : 0.0563    precision@30 : 0.044    precision@50 : 0.031    map@1 : 0.1961    map@2 : 0.192    map@3 : 0.1999    map@4 : 0.2058    map@5 : 0.2114    map@10 : 0.2297    map@20 : 0.2418    map@30 : 0.2476    map@50 : 0.2521
Sun 15 Mar 2026 21:51:22 INFO  Running E-step ! 
Sun 15 Mar 2026 21:51:22 INFO  epoch 41 training [time: 0.23s, train_loss1: 3.0743, train_loss2: 0.0399, train_loss3: 0.0108, train_loss4: 0.0060]
Sun 15 Mar 2026 21:51:22 INFO  epoch 41 evaluating [time: 0.28s, valid_score: 0.313900]
Sun 15 Mar 2026 21:51:22 INFO  valid result: 
recall@1 : 0.1228    recall@2 : 0.199    recall@3 : 0.2621    recall@4 : 0.3074    recall@5 : 0.3455    recall@10 : 0.4736    recall@20 : 0.5971    recall@30 : 0.6771    recall@50 : 0.7623    ndcg@1 : 0.1961    ndcg@2 : 0.2167    ndcg@3 : 0.2388    ndcg@4 : 0.2555    ndcg@5 : 0.2694    ndcg@10 : 0.3139    ndcg@20 : 0.3512    ndcg@30 : 0.3723    ndcg@50 : 0.3927    precision@1 : 0.1961    precision@2 : 0.1603    precision@3 : 0.1404    precision@4 : 0.1275    precision@5 : 0.1162    precision@10 : 0.0831    precision@20 : 0.0565    precision@30 : 0.044    precision@50 : 0.031    map@1 : 0.1961    map@2 : 0.1922    map@3 : 0.1999    map@4 : 0.206    map@5 : 0.2117    map@10 : 0.2299    map@20 : 0.2422    map@30 : 0.2479    map@50 : 0.2524
Sun 15 Mar 2026 21:51:22 INFO  Running E-step ! 
Sun 15 Mar 2026 21:51:22 INFO  epoch 42 training [time: 0.23s, train_loss1: 3.0805, train_loss2: 0.0399, train_loss3: 0.0108, train_loss4: 0.0059]
Sun 15 Mar 2026 21:51:23 INFO  epoch 42 evaluating [time: 0.27s, valid_score: 0.314000]
Sun 15 Mar 2026 21:51:23 INFO  valid result: 
recall@1 : 0.1228    recall@2 : 0.1997    recall@3 : 0.2627    recall@4 : 0.3082    recall@5 : 0.3455    recall@10 : 0.4731    recall@20 : 0.5984    recall@30 : 0.6789    recall@50 : 0.7643    ndcg@1 : 0.1961    ndcg@2 : 0.2173    ndcg@3 : 0.2392    ndcg@4 : 0.2561    ndcg@5 : 0.2697    ndcg@10 : 0.314    ndcg@20 : 0.3518    ndcg@30 : 0.373    ndcg@50 : 0.3934    precision@1 : 0.1961    precision@2 : 0.1609    precision@3 : 0.1408    precision@4 : 0.1278    precision@5 : 0.1163    precision@10 : 0.0831    precision@20 : 0.0566    precision@30 : 0.0442    precision@50 : 0.0311    map@1 : 0.1961    map@2 : 0.1926    map@3 : 0.2002    map@4 : 0.2064    map@5 : 0.212    map@10 : 0.2301    map@20 : 0.2426    map@30 : 0.2483    map@50 : 0.2528
Sun 15 Mar 2026 21:51:23 INFO  Saving current: saved/SCL-Mar-15-2026_21-50-59.pth
Sun 15 Mar 2026 21:51:23 INFO  Saving current best: saved/SCL-Mar-15-2026_21-50-59.pth
Sun 15 Mar 2026 21:51:23 INFO  Running E-step ! 
Sun 15 Mar 2026 21:51:23 INFO  epoch 43 training [time: 0.22s, train_loss1: 3.1026, train_loss2: 0.0400, train_loss3: 0.0108, train_loss4: 0.0058]
Sun 15 Mar 2026 21:51:23 INFO  epoch 43 evaluating [time: 0.27s, valid_score: 0.313600]
Sun 15 Mar 2026 21:51:23 INFO  valid result: 
recall@1 : 0.1222    recall@2 : 0.2001    recall@3 : 0.2628    recall@4 : 0.3084    recall@5 : 0.3458    recall@10 : 0.4719    recall@20 : 0.5984    recall@30 : 0.6793    recall@50 : 0.764    ndcg@1 : 0.1955    ndcg@2 : 0.2178    ndcg@3 : 0.2393    ndcg@4 : 0.256    ndcg@5 : 0.2698    ndcg@10 : 0.3136    ndcg@20 : 0.3517    ndcg@30 : 0.373    ndcg@50 : 0.3932    precision@1 : 0.1955    precision@2 : 0.1618    precision@3 : 0.141    precision@4 : 0.1277    precision@5 : 0.1166    precision@10 : 0.083    precision@20 : 0.0567    precision@30 : 0.0443    precision@50 : 0.0311    map@1 : 0.1955    map@2 : 0.1931    map@3 : 0.2002    map@4 : 0.2063    map@5 : 0.2119    map@10 : 0.2298    map@20 : 0.2424    map@30 : 0.2481    map@50 : 0.2526
Sun 15 Mar 2026 21:51:23 INFO  Running E-step ! 
Sun 15 Mar 2026 21:51:23 INFO  epoch 44 training [time: 0.21s, train_loss1: 3.0816, train_loss2: 0.0401, train_loss3: 0.0108, train_loss4: 0.0056]
Sun 15 Mar 2026 21:51:24 INFO  epoch 44 evaluating [time: 0.26s, valid_score: 0.314000]
Sun 15 Mar 2026 21:51:24 INFO  valid result: 
recall@1 : 0.1223    recall@2 : 0.2002    recall@3 : 0.2636    recall@4 : 0.3084    recall@5 : 0.3464    recall@10 : 0.4724    recall@20 : 0.598    recall@30 : 0.6792    recall@50 : 0.7631    ndcg@1 : 0.1961    ndcg@2 : 0.2181    ndcg@3 : 0.2399    ndcg@4 : 0.2562    ndcg@5 : 0.2702    ndcg@10 : 0.314    ndcg@20 : 0.3518    ndcg@30 : 0.3732    ndcg@50 : 0.3933    precision@1 : 0.1961    precision@2 : 0.1621    precision@3 : 0.1414    precision@4 : 0.1277    precision@5 : 0.1168    precision@10 : 0.0832    precision@20 : 0.0566    precision@30 : 0.0443    precision@50 : 0.0311    map@1 : 0.1961    map@2 : 0.1934    map@3 : 0.2006    map@4 : 0.2064    map@5 : 0.2122    map@10 : 0.2301    map@20 : 0.2426    map@30 : 0.2483    map@50 : 0.2528
Sun 15 Mar 2026 21:51:24 INFO  Saving current: saved/SCL-Mar-15-2026_21-50-59.pth
Sun 15 Mar 2026 21:51:24 INFO  Saving current best: saved/SCL-Mar-15-2026_21-50-59.pth
Sun 15 Mar 2026 21:51:24 INFO  Running E-step ! 
Sun 15 Mar 2026 21:51:24 INFO  epoch 45 training [time: 0.22s, train_loss1: 3.0437, train_loss2: 0.0402, train_loss3: 0.0108, train_loss4: 0.0055]
Sun 15 Mar 2026 21:51:24 INFO  epoch 45 evaluating [time: 0.27s, valid_score: 0.314200]
Sun 15 Mar 2026 21:51:24 INFO  valid result: 
recall@1 : 0.1223    recall@2 : 0.2001    recall@3 : 0.2647    recall@4 : 0.3081    recall@5 : 0.3471    recall@10 : 0.4728    recall@20 : 0.598    recall@30 : 0.6793    recall@50 : 0.7626    ndcg@1 : 0.1961    ndcg@2 : 0.2179    ndcg@3 : 0.2405    ndcg@4 : 0.2561    ndcg@5 : 0.2706    ndcg@10 : 0.3142    ndcg@20 : 0.3519    ndcg@30 : 0.3734    ndcg@50 : 0.3934    precision@1 : 0.1961    precision@2 : 0.1618    precision@3 : 0.142    precision@4 : 0.1275    precision@5 : 0.117    precision@10 : 0.0833    precision@20 : 0.0567    precision@30 : 0.0443    precision@50 : 0.0311    map@1 : 0.1961    map@2 : 0.1931    map@3 : 0.2009    map@4 : 0.2063    map@5 : 0.2124    map@10 : 0.2302    map@20 : 0.2427    map@30 : 0.2484    map@50 : 0.2529
Sun 15 Mar 2026 21:51:24 INFO  Saving current: saved/SCL-Mar-15-2026_21-50-59.pth
Sun 15 Mar 2026 21:51:24 INFO  Saving current best: saved/SCL-Mar-15-2026_21-50-59.pth
Sun 15 Mar 2026 21:51:24 INFO  Running E-step ! 
Sun 15 Mar 2026 21:51:24 INFO  epoch 46 training [time: 0.22s, train_loss1: 3.0450, train_loss2: 0.0402, train_loss3: 0.0108, train_loss4: 0.0053]
Sun 15 Mar 2026 21:51:25 INFO  epoch 46 evaluating [time: 0.27s, valid_score: 0.314300]
Sun 15 Mar 2026 21:51:25 INFO  valid result: 
recall@1 : 0.1222    recall@2 : 0.2003    recall@3 : 0.2646    recall@4 : 0.3087    recall@5 : 0.3465    recall@10 : 0.4728    recall@20 : 0.5985    recall@30 : 0.6801    recall@50 : 0.764    ndcg@1 : 0.1967    ndcg@2 : 0.2182    ndcg@3 : 0.2405    ndcg@4 : 0.2564    ndcg@5 : 0.2704    ndcg@10 : 0.3143    ndcg@20 : 0.3521    ndcg@30 : 0.3737    ndcg@50 : 0.3938    precision@1 : 0.1967    precision@2 : 0.1621    precision@3 : 0.142    precision@4 : 0.1277    precision@5 : 0.1169    precision@10 : 0.0833    precision@20 : 0.0568    precision@30 : 0.0444    precision@50 : 0.0311    map@1 : 0.1967    map@2 : 0.1932    map@3 : 0.2009    map@4 : 0.2064    map@5 : 0.2123    map@10 : 0.2302    map@20 : 0.2427    map@30 : 0.2486    map@50 : 0.253
Sun 15 Mar 2026 21:51:25 INFO  Saving current: saved/SCL-Mar-15-2026_21-50-59.pth
Sun 15 Mar 2026 21:51:25 INFO  Saving current best: saved/SCL-Mar-15-2026_21-50-59.pth
Sun 15 Mar 2026 21:51:25 INFO  Running E-step ! 
Sun 15 Mar 2026 21:51:25 INFO  epoch 47 training [time: 0.21s, train_loss1: 3.0414, train_loss2: 0.0403, train_loss3: 0.0108, train_loss4: 0.0052]
Sun 15 Mar 2026 21:51:25 INFO  epoch 47 evaluating [time: 0.27s, valid_score: 0.315100]
Sun 15 Mar 2026 21:51:25 INFO  valid result: 
recall@1 : 0.1235    recall@2 : 0.2001    recall@3 : 0.2654    recall@4 : 0.3099    recall@5 : 0.3472    recall@10 : 0.4734    recall@20 : 0.5998    recall@30 : 0.6823    recall@50 : 0.7663    ndcg@1 : 0.199    ndcg@2 : 0.2186    ndcg@3 : 0.2415    ndcg@4 : 0.2576    ndcg@5 : 0.2714    ndcg@10 : 0.3151    ndcg@20 : 0.3532    ndcg@30 : 0.375    ndcg@50 : 0.395    precision@1 : 0.199    precision@2 : 0.1618    precision@3 : 0.1424    precision@4 : 0.1283    precision@5 : 0.1173    precision@10 : 0.0834    precision@20 : 0.057    precision@30 : 0.0446    precision@50 : 0.0312    map@1 : 0.199    map@2 : 0.1938    map@3 : 0.2018    map@4 : 0.2075    map@5 : 0.2133    map@10 : 0.231    map@20 : 0.2437    map@30 : 0.2496    map@50 : 0.2539
Sun 15 Mar 2026 21:51:25 INFO  Saving current: saved/SCL-Mar-15-2026_21-50-59.pth
Sun 15 Mar 2026 21:51:25 INFO  Saving current best: saved/SCL-Mar-15-2026_21-50-59.pth
Sun 15 Mar 2026 21:51:25 INFO  Running E-step ! 
Sun 15 Mar 2026 21:51:25 INFO  epoch 48 training [time: 0.21s, train_loss1: 2.9651, train_loss2: 0.0403, train_loss3: 0.0108, train_loss4: 0.0051]
Sun 15 Mar 2026 21:51:26 INFO  epoch 48 evaluating [time: 0.29s, valid_score: 0.315200]
Sun 15 Mar 2026 21:51:26 INFO  valid result: 
recall@1 : 0.124    recall@2 : 0.2001    recall@3 : 0.2659    recall@4 : 0.3101    recall@5 : 0.3462    recall@10 : 0.4724    recall@20 : 0.6013    recall@30 : 0.6828    recall@50 : 0.7673    ndcg@1 : 0.1996    ndcg@2 : 0.2188    ndcg@3 : 0.2421    ndcg@4 : 0.258    ndcg@5 : 0.2713    ndcg@10 : 0.3152    ndcg@20 : 0.3539    ndcg@30 : 0.3754    ndcg@50 : 0.3955    precision@1 : 0.1996    precision@2 : 0.1618    precision@3 : 0.1428    precision@4 : 0.1284    precision@5 : 0.1172    precision@10 : 0.0834    precision@20 : 0.0571    precision@30 : 0.0446    precision@50 : 0.0312    map@1 : 0.1996    map@2 : 0.1941    map@3 : 0.2022    map@4 : 0.2079    map@5 : 0.2134    map@10 : 0.2313    map@20 : 0.2441    map@30 : 0.2499    map@50 : 0.2544
Sun 15 Mar 2026 21:51:26 INFO  Saving current: saved/SCL-Mar-15-2026_21-50-59.pth
Sun 15 Mar 2026 21:51:26 INFO  Saving current best: saved/SCL-Mar-15-2026_21-50-59.pth
Sun 15 Mar 2026 21:51:26 INFO  Running E-step ! 
Sun 15 Mar 2026 21:51:26 INFO  epoch 49 training [time: 0.22s, train_loss1: 2.9885, train_loss2: 0.0404, train_loss3: 0.0108, train_loss4: 0.0049]
Sun 15 Mar 2026 21:51:26 INFO  epoch 49 evaluating [time: 0.28s, valid_score: 0.315200]
Sun 15 Mar 2026 21:51:26 INFO  valid result: 
recall@1 : 0.1242    recall@2 : 0.2003    recall@3 : 0.2651    recall@4 : 0.3124    recall@5 : 0.3462    recall@10 : 0.472    recall@20 : 0.6023    recall@30 : 0.6827    recall@50 : 0.7665    ndcg@1 : 0.2002    ndcg@2 : 0.2192    ndcg@3 : 0.2416    ndcg@4 : 0.2591    ndcg@5 : 0.2715    ndcg@10 : 0.3152    ndcg@20 : 0.3545    ndcg@30 : 0.3756    ndcg@50 : 0.3957    precision@1 : 0.2002    precision@2 : 0.1621    precision@3 : 0.1422    precision@4 : 0.1292    precision@5 : 0.1172    precision@10 : 0.0833    precision@20 : 0.0573    precision@30 : 0.0446    precision@50 : 0.0313    map@1 : 0.2002    map@2 : 0.1944    map@3 : 0.2019    map@4 : 0.2085    map@5 : 0.2136    map@10 : 0.2314    map@20 : 0.2444    map@30 : 0.2502    map@50 : 0.2547
Sun 15 Mar 2026 21:51:26 INFO  Saving current: saved/SCL-Mar-15-2026_21-50-59.pth
Sun 15 Mar 2026 21:51:26 INFO  Saving current best: saved/SCL-Mar-15-2026_21-50-59.pth
Sun 15 Mar 2026 21:51:26 INFO  Running E-step ! 
Sun 15 Mar 2026 21:51:26 INFO  epoch 50 training [time: 0.20s, train_loss1: 2.9937, train_loss2: 0.0404, train_loss3: 0.0108, train_loss4: 0.0049]
Sun 15 Mar 2026 21:51:27 INFO  epoch 50 evaluating [time: 0.26s, valid_score: 0.315000]
Sun 15 Mar 2026 21:51:27 INFO  valid result: 
recall@1 : 0.1245    recall@2 : 0.1998    recall@3 : 0.2651    recall@4 : 0.3124    recall@5 : 0.3463    recall@10 : 0.471    recall@20 : 0.6028    recall@30 : 0.684    recall@50 : 0.7658    ndcg@1 : 0.2002    ndcg@2 : 0.2186    ndcg@3 : 0.2416    ndcg@4 : 0.2591    ndcg@5 : 0.2717    ndcg@10 : 0.315    ndcg@20 : 0.3547    ndcg@30 : 0.3761    ndcg@50 : 0.3957    precision@1 : 0.2002    precision@2 : 0.1612    precision@3 : 0.1422    precision@4 : 0.1293    precision@5 : 0.1174    precision@10 : 0.0833    precision@20 : 0.0574    precision@30 : 0.0447    precision@50 : 0.0313    map@1 : 0.2002    map@2 : 0.194    map@3 : 0.2019    map@4 : 0.2086    map@5 : 0.2137    map@10 : 0.2314    map@20 : 0.2446    map@30 : 0.2504    map@50 : 0.2548
Sun 15 Mar 2026 21:51:27 INFO  Running E-step ! 
Sun 15 Mar 2026 21:51:27 INFO  epoch 51 training [time: 0.23s, train_loss1: 2.9888, train_loss2: 0.0405, train_loss3: 0.0108, train_loss4: 0.0048]
Sun 15 Mar 2026 21:51:27 INFO  epoch 51 evaluating [time: 0.28s, valid_score: 0.315700]
Sun 15 Mar 2026 21:51:27 INFO  valid result: 
recall@1 : 0.1251    recall@2 : 0.2    recall@3 : 0.266    recall@4 : 0.3117    recall@5 : 0.3468    recall@10 : 0.4721    recall@20 : 0.6038    recall@30 : 0.6849    recall@50 : 0.7671    ndcg@1 : 0.2014    ndcg@2 : 0.2192    ndcg@3 : 0.2424    ndcg@4 : 0.2593    ndcg@5 : 0.2722    ndcg@10 : 0.3157    ndcg@20 : 0.3554    ndcg@30 : 0.3769    ndcg@50 : 0.3965    precision@1 : 0.2014    precision@2 : 0.1615    precision@3 : 0.1426    precision@4 : 0.1292    precision@5 : 0.1174    precision@10 : 0.0834    precision@20 : 0.0574    precision@30 : 0.0448    precision@50 : 0.0313    map@1 : 0.2014    map@2 : 0.1946    map@3 : 0.2025    map@4 : 0.2089    map@5 : 0.2141    map@10 : 0.232    map@20 : 0.2452    map@30 : 0.251    map@50 : 0.2554
Sun 15 Mar 2026 21:51:27 INFO  Saving current: saved/SCL-Mar-15-2026_21-50-59.pth
Sun 15 Mar 2026 21:51:27 INFO  Saving current best: saved/SCL-Mar-15-2026_21-50-59.pth
Sun 15 Mar 2026 21:51:27 INFO  Running E-step ! 
Sun 15 Mar 2026 21:51:27 INFO  epoch 52 training [time: 0.21s, train_loss1: 2.9897, train_loss2: 0.0405, train_loss3: 0.0108, train_loss4: 0.0048]
Sun 15 Mar 2026 21:51:28 INFO  epoch 52 evaluating [time: 0.26s, valid_score: 0.315900]
Sun 15 Mar 2026 21:51:28 INFO  valid result: 
recall@1 : 0.1254    recall@2 : 0.2001    recall@3 : 0.2653    recall@4 : 0.3116    recall@5 : 0.3464    recall@10 : 0.4721    recall@20 : 0.6049    recall@30 : 0.6855    recall@50 : 0.7684    ndcg@1 : 0.202    ndcg@2 : 0.2195    ndcg@3 : 0.2421    ndcg@4 : 0.2594    ndcg@5 : 0.2722    ndcg@10 : 0.3159    ndcg@20 : 0.356    ndcg@30 : 0.3773    ndcg@50 : 0.3971    precision@1 : 0.202    precision@2 : 0.1618    precision@3 : 0.1422    precision@4 : 0.1295    precision@5 : 0.1175    precision@10 : 0.0836    precision@20 : 0.0576    precision@30 : 0.0449    precision@50 : 0.0314    map@1 : 0.202    map@2 : 0.1949    map@3 : 0.2024    map@4 : 0.209    map@5 : 0.2143    map@10 : 0.2321    map@20 : 0.2455    map@30 : 0.2513    map@50 : 0.2558
Sun 15 Mar 2026 21:51:28 INFO  Saving current: saved/SCL-Mar-15-2026_21-50-59.pth
Sun 15 Mar 2026 21:51:28 INFO  Saving current best: saved/SCL-Mar-15-2026_21-50-59.pth
Sun 15 Mar 2026 21:51:28 INFO  Running E-step ! 
Sun 15 Mar 2026 21:51:28 INFO  epoch 53 training [time: 0.21s, train_loss1: 2.9307, train_loss2: 0.0405, train_loss3: 0.0108, train_loss4: 0.0047]
Sun 15 Mar 2026 21:51:28 INFO  epoch 53 evaluating [time: 0.26s, valid_score: 0.316600]
Sun 15 Mar 2026 21:51:28 INFO  valid result: 
recall@1 : 0.1259    recall@2 : 0.2001    recall@3 : 0.2656    recall@4 : 0.3122    recall@5 : 0.3474    recall@10 : 0.4731    recall@20 : 0.6059    recall@30 : 0.6865    recall@50 : 0.7701    ndcg@1 : 0.2032    ndcg@2 : 0.2198    ndcg@3 : 0.2426    ndcg@4 : 0.2599    ndcg@5 : 0.273    ndcg@10 : 0.3166    ndcg@20 : 0.3567    ndcg@30 : 0.3779    ndcg@50 : 0.3979    precision@1 : 0.2032    precision@2 : 0.1618    precision@3 : 0.1426    precision@4 : 0.1296    precision@5 : 0.1179    precision@10 : 0.0839    precision@20 : 0.0578    precision@30 : 0.045    precision@50 : 0.0315    map@1 : 0.2032    map@2 : 0.1952    map@3 : 0.2028    map@4 : 0.2094    map@5 : 0.2148    map@10 : 0.2326    map@20 : 0.246    map@30 : 0.2518    map@50 : 0.2563
Sun 15 Mar 2026 21:51:28 INFO  Saving current: saved/SCL-Mar-15-2026_21-50-59.pth
Sun 15 Mar 2026 21:51:28 INFO  Saving current best: saved/SCL-Mar-15-2026_21-50-59.pth
Sun 15 Mar 2026 21:51:28 INFO  Running E-step ! 
Sun 15 Mar 2026 21:51:28 INFO  epoch 54 training [time: 0.22s, train_loss1: 2.9565, train_loss2: 0.0405, train_loss3: 0.0108, train_loss4: 0.0046]
Sun 15 Mar 2026 21:51:28 INFO  epoch 54 evaluating [time: 0.15s, valid_score: 0.316600]
Sun 15 Mar 2026 21:51:28 INFO  valid result: 
recall@1 : 0.1259    recall@2 : 0.1999    recall@3 : 0.2656    recall@4 : 0.3119    recall@5 : 0.3469    recall@10 : 0.4727    recall@20 : 0.6061    recall@30 : 0.6878    recall@50 : 0.7695    ndcg@1 : 0.2032    ndcg@2 : 0.2198    ndcg@3 : 0.2428    ndcg@4 : 0.2597    ndcg@5 : 0.2728    ndcg@10 : 0.3166    ndcg@20 : 0.3568    ndcg@30 : 0.3783    ndcg@50 : 0.398    precision@1 : 0.2032    precision@2 : 0.1618    precision@3 : 0.143    precision@4 : 0.1292    precision@5 : 0.1179    precision@10 : 0.084    precision@20 : 0.0579    precision@30 : 0.0451    precision@50 : 0.0315    map@1 : 0.2032    map@2 : 0.1952    map@3 : 0.2028    map@4 : 0.2091    map@5 : 0.2145    map@10 : 0.2326    map@20 : 0.2461    map@30 : 0.2519    map@50 : 0.2564
Sun 15 Mar 2026 21:51:28 INFO  Saving current: saved/SCL-Mar-15-2026_21-50-59.pth
Sun 15 Mar 2026 21:51:28 INFO  Saving current best: saved/SCL-Mar-15-2026_21-50-59.pth
Sun 15 Mar 2026 21:51:28 INFO  Running E-step ! 
Sun 15 Mar 2026 21:51:29 INFO  epoch 55 training [time: 0.21s, train_loss1: 2.9457, train_loss2: 0.0405, train_loss3: 0.0108, train_loss4: 0.0045]
Sun 15 Mar 2026 21:51:29 INFO  epoch 55 evaluating [time: 0.27s, valid_score: 0.316700]
Sun 15 Mar 2026 21:51:29 INFO  valid result: 
recall@1 : 0.1259    recall@2 : 0.2001    recall@3 : 0.2657    recall@4 : 0.3124    recall@5 : 0.3461    recall@10 : 0.4727    recall@20 : 0.6067    recall@30 : 0.6898    recall@50 : 0.7701    ndcg@1 : 0.2032    ndcg@2 : 0.2198    ndcg@3 : 0.2431    ndcg@4 : 0.2601    ndcg@5 : 0.2727    ndcg@10 : 0.3167    ndcg@20 : 0.3571    ndcg@30 : 0.379    ndcg@50 : 0.3984    precision@1 : 0.2032    precision@2 : 0.1618    precision@3 : 0.1436    precision@4 : 0.1296    precision@5 : 0.118    precision@10 : 0.084    precision@20 : 0.0579    precision@30 : 0.0453    precision@50 : 0.0316    map@1 : 0.2032    map@2 : 0.1952    map@3 : 0.203    map@4 : 0.2095    map@5 : 0.2145    map@10 : 0.2326    map@20 : 0.2462    map@30 : 0.2523    map@50 : 0.2566
Sun 15 Mar 2026 21:51:29 INFO  Saving current: saved/SCL-Mar-15-2026_21-50-59.pth
Sun 15 Mar 2026 21:51:29 INFO  Saving current best: saved/SCL-Mar-15-2026_21-50-59.pth
Sun 15 Mar 2026 21:51:29 INFO  Running E-step ! 
Sun 15 Mar 2026 21:51:29 INFO  epoch 56 training [time: 0.21s, train_loss1: 2.9274, train_loss2: 0.0405, train_loss3: 0.0108, train_loss4: 0.0043]
Sun 15 Mar 2026 21:51:29 INFO  epoch 56 evaluating [time: 0.28s, valid_score: 0.316800]
Sun 15 Mar 2026 21:51:29 INFO  valid result: 
recall@1 : 0.1265    recall@2 : 0.2    recall@3 : 0.264    recall@4 : 0.3095    recall@5 : 0.3444    recall@10 : 0.4734    recall@20 : 0.6077    recall@30 : 0.6911    recall@50 : 0.7713    ndcg@1 : 0.2038    ndcg@2 : 0.22    ndcg@3 : 0.2425    ndcg@4 : 0.259    ndcg@5 : 0.2719    ndcg@10 : 0.3168    ndcg@20 : 0.3574    ndcg@30 : 0.3794    ndcg@50 : 0.3987    precision@1 : 0.2038    precision@2 : 0.1618    precision@3 : 0.143    precision@4 : 0.1289    precision@5 : 0.1174    precision@10 : 0.084    precision@20 : 0.058    precision@30 : 0.0454    precision@50 : 0.0317    map@1 : 0.2038    map@2 : 0.1955    map@3 : 0.2027    map@4 : 0.209    map@5 : 0.2142    map@10 : 0.2327    map@20 : 0.2464    map@30 : 0.2524    map@50 : 0.2568
Sun 15 Mar 2026 21:51:29 INFO  Saving current: saved/SCL-Mar-15-2026_21-50-59.pth
Sun 15 Mar 2026 21:51:29 INFO  Saving current best: saved/SCL-Mar-15-2026_21-50-59.pth
Sun 15 Mar 2026 21:51:29 INFO  Running E-step ! 
Sun 15 Mar 2026 21:51:30 INFO  epoch 57 training [time: 0.21s, train_loss1: 2.9349, train_loss2: 0.0405, train_loss3: 0.0108, train_loss4: 0.0042]
Sun 15 Mar 2026 21:51:30 INFO  epoch 57 evaluating [time: 0.27s, valid_score: 0.317300]
Sun 15 Mar 2026 21:51:30 INFO  valid result: 
recall@1 : 0.1268    recall@2 : 0.2    recall@3 : 0.2641    recall@4 : 0.3113    recall@5 : 0.3449    recall@10 : 0.4742    recall@20 : 0.6085    recall@30 : 0.6915    recall@50 : 0.7717    ndcg@1 : 0.2038    ndcg@2 : 0.2201    ndcg@3 : 0.2428    ndcg@4 : 0.2599    ndcg@5 : 0.2724    ndcg@10 : 0.3173    ndcg@20 : 0.3579    ndcg@30 : 0.3798    ndcg@50 : 0.3991    precision@1 : 0.2038    precision@2 : 0.1618    precision@3 : 0.1434    precision@4 : 0.1293    precision@5 : 0.1179    precision@10 : 0.0841    precision@20 : 0.0582    precision@30 : 0.0455    precision@50 : 0.0318    map@1 : 0.2038    map@2 : 0.1956    map@3 : 0.2031    map@4 : 0.2096    map@5 : 0.2146    map@10 : 0.2331    map@20 : 0.2468    map@30 : 0.2528    map@50 : 0.2573
Sun 15 Mar 2026 21:51:30 INFO  Saving current: saved/SCL-Mar-15-2026_21-50-59.pth
Sun 15 Mar 2026 21:51:30 INFO  Saving current best: saved/SCL-Mar-15-2026_21-50-59.pth
Sun 15 Mar 2026 21:51:30 INFO  Running E-step ! 
Sun 15 Mar 2026 21:51:30 INFO  epoch 58 training [time: 0.22s, train_loss1: 2.9320, train_loss2: 0.0405, train_loss3: 0.0108, train_loss4: 0.0041]
Sun 15 Mar 2026 21:51:30 INFO  epoch 58 evaluating [time: 0.26s, valid_score: 0.317800]
Sun 15 Mar 2026 21:51:30 INFO  valid result: 
recall@1 : 0.1276    recall@2 : 0.2    recall@3 : 0.2645    recall@4 : 0.3114    recall@5 : 0.3451    recall@10 : 0.4743    recall@20 : 0.6099    recall@30 : 0.6909    recall@50 : 0.7741    ndcg@1 : 0.205    ndcg@2 : 0.2205    ndcg@3 : 0.2434    ndcg@4 : 0.2605    ndcg@5 : 0.2729    ndcg@10 : 0.3178    ndcg@20 : 0.3589    ndcg@30 : 0.3802    ndcg@50 : 0.4002    precision@1 : 0.205    precision@2 : 0.1618    precision@3 : 0.1438    precision@4 : 0.1296    precision@5 : 0.1179    precision@10 : 0.0842    precision@20 : 0.0584    precision@30 : 0.0455    precision@50 : 0.0319    map@1 : 0.205    map@2 : 0.1961    map@3 : 0.2036    map@4 : 0.2102    map@5 : 0.215    map@10 : 0.2335    map@20 : 0.2475    map@30 : 0.2534    map@50 : 0.258
Sun 15 Mar 2026 21:51:30 INFO  Saving current: saved/SCL-Mar-15-2026_21-50-59.pth
Sun 15 Mar 2026 21:51:30 INFO  Saving current best: saved/SCL-Mar-15-2026_21-50-59.pth
Sun 15 Mar 2026 21:51:30 INFO  Running E-step ! 
Sun 15 Mar 2026 21:51:31 INFO  epoch 59 training [time: 0.22s, train_loss1: 2.8794, train_loss2: 0.0405, train_loss3: 0.0108, train_loss4: 0.0040]
Sun 15 Mar 2026 21:51:31 INFO  epoch 59 evaluating [time: 0.26s, valid_score: 0.317200]
Sun 15 Mar 2026 21:51:31 INFO  valid result: 
recall@1 : 0.1263    recall@2 : 0.2004    recall@3 : 0.2646    recall@4 : 0.3116    recall@5 : 0.3455    recall@10 : 0.4737    recall@20 : 0.6117    recall@30 : 0.6923    recall@50 : 0.7736    ndcg@1 : 0.2032    ndcg@2 : 0.2206    ndcg@3 : 0.2432    ndcg@4 : 0.2603    ndcg@5 : 0.2727    ndcg@10 : 0.3172    ndcg@20 : 0.359    ndcg@30 : 0.3803    ndcg@50 : 0.3998    precision@1 : 0.2032    precision@2 : 0.1627    precision@3 : 0.144    precision@4 : 0.1299    precision@5 : 0.1181    precision@10 : 0.0842    precision@20 : 0.0587    precision@30 : 0.0456    precision@50 : 0.0319    map@1 : 0.2032    map@2 : 0.1959    map@3 : 0.2031    map@4 : 0.2098    map@5 : 0.2147    map@10 : 0.233    map@20 : 0.2472    map@30 : 0.2531    map@50 : 0.2576
Sun 15 Mar 2026 21:51:31 INFO  Running E-step ! 
Sun 15 Mar 2026 21:51:31 INFO  epoch 60 training [time: 0.22s, train_loss1: 2.8637, train_loss2: 0.0405, train_loss3: 0.0108, train_loss4: 0.0039]
Sun 15 Mar 2026 21:51:31 INFO  epoch 60 evaluating [time: 0.28s, valid_score: 0.316700]
Sun 15 Mar 2026 21:51:31 INFO  valid result: 
recall@1 : 0.1246    recall@2 : 0.2001    recall@3 : 0.2653    recall@4 : 0.3124    recall@5 : 0.3452    recall@10 : 0.4735    recall@20 : 0.6121    recall@30 : 0.6929    recall@50 : 0.7737    ndcg@1 : 0.2008    ndcg@2 : 0.2194    ndcg@3 : 0.2428    ndcg@4 : 0.26    ndcg@5 : 0.2721    ndcg@10 : 0.3167    ndcg@20 : 0.3586    ndcg@30 : 0.38    ndcg@50 : 0.3994    precision@1 : 0.2008    precision@2 : 0.1621    precision@3 : 0.1444    precision@4 : 0.1304    precision@5 : 0.1185    precision@10 : 0.0845    precision@20 : 0.0588    precision@30 : 0.0457    precision@50 : 0.0319    map@1 : 0.2008    map@2 : 0.1946    map@3 : 0.2024    map@4 : 0.2093    map@5 : 0.214    map@10 : 0.2324    map@20 : 0.2466    map@30 : 0.2525    map@50 : 0.257
Sun 15 Mar 2026 21:51:31 INFO  Running E-step ! 
Sun 15 Mar 2026 21:51:32 INFO  epoch 61 training [time: 0.22s, train_loss1: 2.8338, train_loss2: 0.0404, train_loss3: 0.0108, train_loss4: 0.0039]
Sun 15 Mar 2026 21:51:32 INFO  epoch 61 evaluating [time: 0.29s, valid_score: 0.317100]
Sun 15 Mar 2026 21:51:32 INFO  valid result: 
recall@1 : 0.1255    recall@2 : 0.1999    recall@3 : 0.2656    recall@4 : 0.3121    recall@5 : 0.346    recall@10 : 0.4732    recall@20 : 0.6118    recall@30 : 0.692    recall@50 : 0.7744    ndcg@1 : 0.2014    ndcg@2 : 0.2197    ndcg@3 : 0.2437    ndcg@4 : 0.2603    ndcg@5 : 0.2728    ndcg@10 : 0.3171    ndcg@20 : 0.359    ndcg@30 : 0.3803    ndcg@50 : 0.4001    precision@1 : 0.2014    precision@2 : 0.1621    precision@3 : 0.1452    precision@4 : 0.1304    precision@5 : 0.1186    precision@10 : 0.0846    precision@20 : 0.0588    precision@30 : 0.0458    precision@50 : 0.032    map@1 : 0.2014    map@2 : 0.1952    map@3 : 0.2034    map@4 : 0.2097    map@5 : 0.2146    map@10 : 0.2329    map@20 : 0.2472    map@30 : 0.2531    map@50 : 0.2577
Sun 15 Mar 2026 21:51:32 INFO  Running E-step ! 
Sun 15 Mar 2026 21:51:32 INFO  epoch 62 training [time: 0.22s, train_loss1: 2.8658, train_loss2: 0.0404, train_loss3: 0.0108, train_loss4: 0.0038]
Sun 15 Mar 2026 21:51:33 INFO  epoch 62 evaluating [time: 0.27s, valid_score: 0.317700]
Sun 15 Mar 2026 21:51:33 INFO  valid result: 
recall@1 : 0.1264    recall@2 : 0.2    recall@3 : 0.266    recall@4 : 0.311    recall@5 : 0.3464    recall@10 : 0.4735    recall@20 : 0.6126    recall@30 : 0.6941    recall@50 : 0.7752    ndcg@1 : 0.2026    ndcg@2 : 0.2203    ndcg@3 : 0.2444    ndcg@4 : 0.2603    ndcg@5 : 0.2733    ndcg@10 : 0.3177    ndcg@20 : 0.3598    ndcg@30 : 0.3813    ndcg@50 : 0.4008    precision@1 : 0.2026    precision@2 : 0.1624    precision@3 : 0.1456    precision@4 : 0.1304    precision@5 : 0.1187    precision@10 : 0.0847    precision@20 : 0.0589    precision@30 : 0.0459    precision@50 : 0.0321    map@1 : 0.2026    map@2 : 0.1958    map@3 : 0.2041    map@4 : 0.2101    map@5 : 0.2152    map@10 : 0.2336    map@20 : 0.2479    map@30 : 0.2539    map@50 : 0.2585
Sun 15 Mar 2026 21:51:33 INFO  Running E-step ! 
Sun 15 Mar 2026 21:51:33 INFO  epoch 63 training [time: 0.21s, train_loss1: 2.8125, train_loss2: 0.0404, train_loss3: 0.0109, train_loss4: 0.0038]
Sun 15 Mar 2026 21:51:33 INFO  epoch 63 evaluating [time: 0.27s, valid_score: 0.318200]
Sun 15 Mar 2026 21:51:33 INFO  valid result: 
recall@1 : 0.1265    recall@2 : 0.1999    recall@3 : 0.2656    recall@4 : 0.3108    recall@5 : 0.3459    recall@10 : 0.475    recall@20 : 0.6131    recall@30 : 0.6925    recall@50 : 0.7754    ndcg@1 : 0.2032    ndcg@2 : 0.2204    ndcg@3 : 0.2445    ndcg@4 : 0.2605    ndcg@5 : 0.2732    ndcg@10 : 0.3182    ndcg@20 : 0.36    ndcg@30 : 0.3811    ndcg@50 : 0.401    precision@1 : 0.2032    precision@2 : 0.1624    precision@3 : 0.1458    precision@4 : 0.1307    precision@5 : 0.1187    precision@10 : 0.085    precision@20 : 0.059    precision@30 : 0.0458    precision@50 : 0.0321    map@1 : 0.2032    map@2 : 0.1959    map@3 : 0.2043    map@4 : 0.2102    map@5 : 0.2153    map@10 : 0.2338    map@20 : 0.248    map@30 : 0.2539    map@50 : 0.2586
Sun 15 Mar 2026 21:51:33 INFO  Saving current: saved/SCL-Mar-15-2026_21-50-59.pth
Sun 15 Mar 2026 21:51:33 INFO  Saving current best: saved/SCL-Mar-15-2026_21-50-59.pth
Sun 15 Mar 2026 21:51:33 INFO  Running E-step ! 
Sun 15 Mar 2026 21:51:33 INFO  epoch 64 training [time: 0.21s, train_loss1: 2.8714, train_loss2: 0.0404, train_loss3: 0.0109, train_loss4: 0.0037]
Sun 15 Mar 2026 21:51:34 INFO  epoch 64 evaluating [time: 0.26s, valid_score: 0.318500]
Sun 15 Mar 2026 21:51:34 INFO  valid result: 
recall@1 : 0.1265    recall@2 : 0.2005    recall@3 : 0.2656    recall@4 : 0.311    recall@5 : 0.3468    recall@10 : 0.4752    recall@20 : 0.6149    recall@30 : 0.6922    recall@50 : 0.7765    ndcg@1 : 0.2032    ndcg@2 : 0.2208    ndcg@3 : 0.2445    ndcg@4 : 0.2606    ndcg@5 : 0.2738    ndcg@10 : 0.3185    ndcg@20 : 0.3607    ndcg@30 : 0.3812    ndcg@50 : 0.4015    precision@1 : 0.2032    precision@2 : 0.1627    precision@3 : 0.1458    precision@4 : 0.1307    precision@5 : 0.1191    precision@10 : 0.0852    precision@20 : 0.0593    precision@30 : 0.0458    precision@50 : 0.0322    map@1 : 0.2032    map@2 : 0.1962    map@3 : 0.2044    map@4 : 0.2104    map@5 : 0.2156    map@10 : 0.234    map@20 : 0.2484    map@30 : 0.2541    map@50 : 0.2589
Sun 15 Mar 2026 21:51:34 INFO  Saving current: saved/SCL-Mar-15-2026_21-50-59.pth
Sun 15 Mar 2026 21:51:34 INFO  Saving current best: saved/SCL-Mar-15-2026_21-50-59.pth
Sun 15 Mar 2026 21:51:34 INFO  Running E-step ! 
Sun 15 Mar 2026 21:51:34 INFO  epoch 65 training [time: 0.22s, train_loss1: 2.8298, train_loss2: 0.0403, train_loss3: 0.0109, train_loss4: 0.0037]
Sun 15 Mar 2026 21:51:34 INFO  epoch 65 evaluating [time: 0.26s, valid_score: 0.319000]
Sun 15 Mar 2026 21:51:34 INFO  valid result: 
recall@1 : 0.1271    recall@2 : 0.201    recall@3 : 0.2665    recall@4 : 0.3104    recall@5 : 0.3467    recall@10 : 0.4758    recall@20 : 0.6162    recall@30 : 0.6924    recall@50 : 0.7768    ndcg@1 : 0.2038    ndcg@2 : 0.2215    ndcg@3 : 0.2454    ndcg@4 : 0.2605    ndcg@5 : 0.2742    ndcg@10 : 0.319    ndcg@20 : 0.3615    ndcg@30 : 0.3818    ndcg@50 : 0.4021    precision@1 : 0.2038    precision@2 : 0.1633    precision@3 : 0.1464    precision@4 : 0.1301    precision@5 : 0.1193    precision@10 : 0.0853    precision@20 : 0.0594    precision@30 : 0.0459    precision@50 : 0.0322    map@1 : 0.2038    map@2 : 0.1968    map@3 : 0.2051    map@4 : 0.2106    map@5 : 0.2162    map@10 : 0.2345    map@20 : 0.249    map@30 : 0.2547    map@50 : 0.2595
Sun 15 Mar 2026 21:51:34 INFO  Saving current: saved/SCL-Mar-15-2026_21-50-59.pth
Sun 15 Mar 2026 21:51:34 INFO  Saving current best: saved/SCL-Mar-15-2026_21-50-59.pth
Sun 15 Mar 2026 21:51:34 INFO  Running E-step ! 
Sun 15 Mar 2026 21:51:34 INFO  epoch 66 training [time: 0.23s, train_loss1: 2.8328, train_loss2: 0.0403, train_loss3: 0.0109, train_loss4: 0.0037]
Sun 15 Mar 2026 21:51:35 INFO  epoch 66 evaluating [time: 0.28s, valid_score: 0.319400]
Sun 15 Mar 2026 21:51:35 INFO  valid result: 
recall@1 : 0.1267    recall@2 : 0.2016    recall@3 : 0.2672    recall@4 : 0.3114    recall@5 : 0.3475    recall@10 : 0.4765    recall@20 : 0.6168    recall@30 : 0.6938    recall@50 : 0.7784    ndcg@1 : 0.2026    ndcg@2 : 0.2218    ndcg@3 : 0.2459    ndcg@4 : 0.261    ndcg@5 : 0.2745    ndcg@10 : 0.3194    ndcg@20 : 0.3617    ndcg@30 : 0.3823    ndcg@50 : 0.4026    precision@1 : 0.2026    precision@2 : 0.1639    precision@3 : 0.1472    precision@4 : 0.1305    precision@5 : 0.1194    precision@10 : 0.0855    precision@20 : 0.0594    precision@30 : 0.046    precision@50 : 0.0323    map@1 : 0.2026    map@2 : 0.197    map@3 : 0.2055    map@4 : 0.2108    map@5 : 0.2164    map@10 : 0.2347    map@20 : 0.2492    map@30 : 0.255    map@50 : 0.2598
Sun 15 Mar 2026 21:51:35 INFO  Saving current: saved/SCL-Mar-15-2026_21-50-59.pth
Sun 15 Mar 2026 21:51:35 INFO  Saving current best: saved/SCL-Mar-15-2026_21-50-59.pth
Sun 15 Mar 2026 21:51:35 INFO  Running E-step ! 
Sun 15 Mar 2026 21:51:35 INFO  epoch 67 training [time: 0.23s, train_loss1: 2.8291, train_loss2: 0.0402, train_loss3: 0.0109, train_loss4: 0.0036]
Sun 15 Mar 2026 21:51:35 INFO  epoch 67 evaluating [time: 0.25s, valid_score: 0.320300]
Sun 15 Mar 2026 21:51:35 INFO  valid result: 
recall@1 : 0.1282    recall@2 : 0.2026    recall@3 : 0.268    recall@4 : 0.3116    recall@5 : 0.3465    recall@10 : 0.4769    recall@20 : 0.6175    recall@30 : 0.6951    recall@50 : 0.7798    ndcg@1 : 0.205    ndcg@2 : 0.2233    ndcg@3 : 0.2471    ndcg@4 : 0.2621    ndcg@5 : 0.275    ndcg@10 : 0.3203    ndcg@20 : 0.3628    ndcg@30 : 0.3835    ndcg@50 : 0.4038    precision@1 : 0.205    precision@2 : 0.1645    precision@3 : 0.1476    precision@4 : 0.1308    precision@5 : 0.1194    precision@10 : 0.0856    precision@20 : 0.0595    precision@30 : 0.0461    precision@50 : 0.0323    map@1 : 0.205    map@2 : 0.1985    map@3 : 0.2067    map@4 : 0.212    map@5 : 0.2173    map@10 : 0.2357    map@20 : 0.2504    map@30 : 0.2561    map@50 : 0.2609
Sun 15 Mar 2026 21:51:35 INFO  Saving current: saved/SCL-Mar-15-2026_21-50-59.pth
Sun 15 Mar 2026 21:51:35 INFO  Saving current best: saved/SCL-Mar-15-2026_21-50-59.pth
Sun 15 Mar 2026 21:51:35 INFO  Running E-step ! 
Sun 15 Mar 2026 21:51:35 INFO  epoch 68 training [time: 0.28s, train_loss1: 2.7979, train_loss2: 0.0402, train_loss3: 0.0109, train_loss4: 0.0035]
Sun 15 Mar 2026 21:51:36 INFO  epoch 68 evaluating [time: 0.27s, valid_score: 0.320600]
Sun 15 Mar 2026 21:51:36 INFO  valid result: 
recall@1 : 0.1288    recall@2 : 0.2034    recall@3 : 0.2679    recall@4 : 0.3091    recall@5 : 0.3464    recall@10 : 0.4769    recall@20 : 0.6175    recall@30 : 0.696    recall@50 : 0.7822    ndcg@1 : 0.2056    ndcg@2 : 0.224    ndcg@3 : 0.2478    ndcg@4 : 0.2614    ndcg@5 : 0.2752    ndcg@10 : 0.3206    ndcg@20 : 0.3631    ndcg@30 : 0.384    ndcg@50 : 0.4046    precision@1 : 0.2056    precision@2 : 0.1648    precision@3 : 0.1484    precision@4 : 0.1302    precision@5 : 0.1194    precision@10 : 0.0857    precision@20 : 0.0596    precision@30 : 0.0461    precision@50 : 0.0324    map@1 : 0.2056    map@2 : 0.1992    map@3 : 0.2075    map@4 : 0.2118    map@5 : 0.2176    map@10 : 0.2361    map@20 : 0.2507    map@30 : 0.2566    map@50 : 0.2615
Sun 15 Mar 2026 21:51:36 INFO  Saving current: saved/SCL-Mar-15-2026_21-50-59.pth
Sun 15 Mar 2026 21:51:36 INFO  Saving current best: saved/SCL-Mar-15-2026_21-50-59.pth
Sun 15 Mar 2026 21:51:36 INFO  Running E-step ! 
Sun 15 Mar 2026 21:51:36 INFO  epoch 69 training [time: 0.19s, train_loss1: 2.8129, train_loss2: 0.0401, train_loss3: 0.0109, train_loss4: 0.0035]
Sun 15 Mar 2026 21:51:36 INFO  epoch 69 evaluating [time: 0.27s, valid_score: 0.320800]
Sun 15 Mar 2026 21:51:36 INFO  valid result: 
recall@1 : 0.1292    recall@2 : 0.2028    recall@3 : 0.267    recall@4 : 0.309    recall@5 : 0.3435    recall@10 : 0.4771    recall@20 : 0.6184    recall@30 : 0.6972    recall@50 : 0.7832    ndcg@1 : 0.2068    ndcg@2 : 0.2238    ndcg@3 : 0.2475    ndcg@4 : 0.2615    ndcg@5 : 0.2742    ndcg@10 : 0.3208    ndcg@20 : 0.3634    ndcg@30 : 0.3843    ndcg@50 : 0.4049    precision@1 : 0.2068    precision@2 : 0.1642    precision@3 : 0.148    precision@4 : 0.1304    precision@5 : 0.119    precision@10 : 0.0858    precision@20 : 0.0597    precision@30 : 0.0462    precision@50 : 0.0324    map@1 : 0.2068    map@2 : 0.1992    map@3 : 0.2074    map@4 : 0.2121    map@5 : 0.2171    map@10 : 0.2362    map@20 : 0.2509    map@30 : 0.2567    map@50 : 0.2616
Sun 15 Mar 2026 21:51:36 INFO  Saving current: saved/SCL-Mar-15-2026_21-50-59.pth
Sun 15 Mar 2026 21:51:36 INFO  Saving current best: saved/SCL-Mar-15-2026_21-50-59.pth
Sun 15 Mar 2026 21:51:36 INFO  Running E-step ! 
Sun 15 Mar 2026 21:51:36 INFO  epoch 70 training [time: 0.20s, train_loss1: 2.7679, train_loss2: 0.0401, train_loss3: 0.0109, train_loss4: 0.0034]
Sun 15 Mar 2026 21:51:37 INFO  epoch 70 evaluating [time: 0.29s, valid_score: 0.320300]
Sun 15 Mar 2026 21:51:37 INFO  valid result: 
recall@1 : 0.129    recall@2 : 0.2038    recall@3 : 0.2651    recall@4 : 0.3075    recall@5 : 0.3438    recall@10 : 0.4761    recall@20 : 0.6201    recall@30 : 0.6977    recall@50 : 0.7852    ndcg@1 : 0.2056    ndcg@2 : 0.2239    ndcg@3 : 0.2465    ndcg@4 : 0.2606    ndcg@5 : 0.2742    ndcg@10 : 0.3203    ndcg@20 : 0.3637    ndcg@30 : 0.3844    ndcg@50 : 0.4052    precision@1 : 0.2056    precision@2 : 0.1642    precision@3 : 0.1474    precision@4 : 0.1298    precision@5 : 0.1192    precision@10 : 0.0858    precision@20 : 0.0599    precision@30 : 0.0463    precision@50 : 0.0325    map@1 : 0.2056    map@2 : 0.199    map@3 : 0.2067    map@4 : 0.2115    map@5 : 0.217    map@10 : 0.2359    map@20 : 0.2509    map@30 : 0.2567    map@50 : 0.2616
Sun 15 Mar 2026 21:51:37 INFO  Running E-step ! 
Sun 15 Mar 2026 21:51:37 INFO  epoch 71 training [time: 0.20s, train_loss1: 2.7911, train_loss2: 0.0400, train_loss3: 0.0109, train_loss4: 0.0033]
Sun 15 Mar 2026 21:51:37 INFO  epoch 71 evaluating [time: 0.27s, valid_score: 0.320800]
Sun 15 Mar 2026 21:51:37 INFO  valid result: 
recall@1 : 0.1292    recall@2 : 0.2048    recall@3 : 0.2644    recall@4 : 0.3075    recall@5 : 0.3439    recall@10 : 0.4772    recall@20 : 0.6204    recall@30 : 0.699    recall@50 : 0.7842    ndcg@1 : 0.2062    ndcg@2 : 0.2248    ndcg@3 : 0.2465    ndcg@4 : 0.2609    ndcg@5 : 0.2745    ndcg@10 : 0.3208    ndcg@20 : 0.3641    ndcg@30 : 0.385    ndcg@50 : 0.4054    precision@1 : 0.2062    precision@2 : 0.1651    precision@3 : 0.1472    precision@4 : 0.1299    precision@5 : 0.1195    precision@10 : 0.0859    precision@20 : 0.06    precision@30 : 0.0464    precision@50 : 0.0326    map@1 : 0.2062    map@2 : 0.1998    map@3 : 0.2069    map@4 : 0.2118    map@5 : 0.2175    map@10 : 0.2363    map@20 : 0.2513    map@30 : 0.2571    map@50 : 0.262
Sun 15 Mar 2026 21:51:37 INFO  Saving current: saved/SCL-Mar-15-2026_21-50-59.pth
Sun 15 Mar 2026 21:51:37 INFO  Saving current best: saved/SCL-Mar-15-2026_21-50-59.pth
Sun 15 Mar 2026 21:51:37 INFO  Running E-step ! 
Sun 15 Mar 2026 21:51:37 INFO  epoch 72 training [time: 0.21s, train_loss1: 2.7325, train_loss2: 0.0400, train_loss3: 0.0109, train_loss4: 0.0034]
Sun 15 Mar 2026 21:51:38 INFO  epoch 72 evaluating [time: 0.26s, valid_score: 0.321500]
Sun 15 Mar 2026 21:51:38 INFO  valid result: 
recall@1 : 0.1292    recall@2 : 0.206    recall@3 : 0.2668    recall@4 : 0.3078    recall@5 : 0.3443    recall@10 : 0.4775    recall@20 : 0.6212    recall@30 : 0.7    recall@50 : 0.7855    ndcg@1 : 0.2062    ndcg@2 : 0.2259    ndcg@3 : 0.2479    ndcg@4 : 0.2614    ndcg@5 : 0.2751    ndcg@10 : 0.3215    ndcg@20 : 0.3648    ndcg@30 : 0.3858    ndcg@50 : 0.4062    precision@1 : 0.2062    precision@2 : 0.1663    precision@3 : 0.1482    precision@4 : 0.1301    precision@5 : 0.1198    precision@10 : 0.0862    precision@20 : 0.0601    precision@30 : 0.0465    precision@50 : 0.0326    map@1 : 0.2062    map@2 : 0.2007    map@3 : 0.2078    map@4 : 0.2123    map@5 : 0.218    map@10 : 0.237    map@20 : 0.2519    map@30 : 0.2578    map@50 : 0.2627
Sun 15 Mar 2026 21:51:38 INFO  Saving current: saved/SCL-Mar-15-2026_21-50-59.pth
Sun 15 Mar 2026 21:51:38 INFO  Saving current best: saved/SCL-Mar-15-2026_21-50-59.pth
Sun 15 Mar 2026 21:51:38 INFO  Running E-step ! 
Sun 15 Mar 2026 21:51:38 INFO  epoch 73 training [time: 0.24s, train_loss1: 2.7174, train_loss2: 0.0399, train_loss3: 0.0109, train_loss4: 0.0034]
Sun 15 Mar 2026 21:51:38 INFO  epoch 73 evaluating [time: 0.26s, valid_score: 0.321500]
Sun 15 Mar 2026 21:51:38 INFO  valid result: 
recall@1 : 0.1282    recall@2 : 0.2069    recall@3 : 0.2666    recall@4 : 0.3076    recall@5 : 0.3449    recall@10 : 0.4775    recall@20 : 0.6221    recall@30 : 0.7007    recall@50 : 0.7879    ndcg@1 : 0.205    ndcg@2 : 0.2265    ndcg@3 : 0.2477    ndcg@4 : 0.2613    ndcg@5 : 0.2753    ndcg@10 : 0.3215    ndcg@20 : 0.365    ndcg@30 : 0.386    ndcg@50 : 0.4067    precision@1 : 0.205    precision@2 : 0.1675    precision@3 : 0.1484    precision@4 : 0.1305    precision@5 : 0.1203    precision@10 : 0.0865    precision@20 : 0.0602    precision@30 : 0.0466    precision@50 : 0.0327    map@1 : 0.205    map@2 : 0.201    map@3 : 0.2076    map@4 : 0.2121    map@5 : 0.2179    map@10 : 0.2369    map@20 : 0.2518    map@30 : 0.2577    map@50 : 0.2626
Sun 15 Mar 2026 21:51:38 INFO  Saving current: saved/SCL-Mar-15-2026_21-50-59.pth
Sun 15 Mar 2026 21:51:38 INFO  Saving current best: saved/SCL-Mar-15-2026_21-50-59.pth
Sun 15 Mar 2026 21:51:38 INFO  Running E-step ! 
Sun 15 Mar 2026 21:51:38 INFO  epoch 74 training [time: 0.22s, train_loss1: 2.7229, train_loss2: 0.0399, train_loss3: 0.0109, train_loss4: 0.0033]
Sun 15 Mar 2026 21:51:39 INFO  epoch 74 evaluating [time: 0.27s, valid_score: 0.322000]
Sun 15 Mar 2026 21:51:39 INFO  valid result: 
recall@1 : 0.1282    recall@2 : 0.2078    recall@3 : 0.2669    recall@4 : 0.309    recall@5 : 0.346    recall@10 : 0.4781    recall@20 : 0.6228    recall@30 : 0.6998    recall@50 : 0.7887    ndcg@1 : 0.205    ndcg@2 : 0.2274    ndcg@3 : 0.248    ndcg@4 : 0.2621    ndcg@5 : 0.276    ndcg@10 : 0.322    ndcg@20 : 0.3655    ndcg@30 : 0.3863    ndcg@50 : 0.4073    precision@1 : 0.205    precision@2 : 0.1687    precision@3 : 0.1486    precision@4 : 0.131    precision@5 : 0.1206    precision@10 : 0.0867    precision@20 : 0.0602    precision@30 : 0.0467    precision@50 : 0.0328    map@1 : 0.205    map@2 : 0.2019    map@3 : 0.2078    map@4 : 0.2126    map@5 : 0.2184    map@10 : 0.2374    map@20 : 0.2524    map@30 : 0.2582    map@50 : 0.2632
Sun 15 Mar 2026 21:51:39 INFO  Saving current: saved/SCL-Mar-15-2026_21-50-59.pth
Sun 15 Mar 2026 21:51:39 INFO  Saving current best: saved/SCL-Mar-15-2026_21-50-59.pth
Sun 15 Mar 2026 21:51:39 INFO  Running E-step ! 
Sun 15 Mar 2026 21:51:39 INFO  epoch 75 training [time: 0.22s, train_loss1: 2.7061, train_loss2: 0.0398, train_loss3: 0.0109, train_loss4: 0.0032]
Sun 15 Mar 2026 21:51:39 INFO  epoch 75 evaluating [time: 0.27s, valid_score: 0.321400]
Sun 15 Mar 2026 21:51:39 INFO  valid result: 
recall@1 : 0.1276    recall@2 : 0.2073    recall@3 : 0.2655    recall@4 : 0.3075    recall@5 : 0.3456    recall@10 : 0.4777    recall@20 : 0.6249    recall@30 : 0.7002    recall@50 : 0.7905    ndcg@1 : 0.2044    ndcg@2 : 0.2268    ndcg@3 : 0.2472    ndcg@4 : 0.2613    ndcg@5 : 0.2755    ndcg@10 : 0.3214    ndcg@20 : 0.3656    ndcg@30 : 0.3859    ndcg@50 : 0.4072    precision@1 : 0.2044    precision@2 : 0.1684    precision@3 : 0.1484    precision@4 : 0.131    precision@5 : 0.1207    precision@10 : 0.0867    precision@20 : 0.0605    precision@30 : 0.0468    precision@50 : 0.0328    map@1 : 0.2044    map@2 : 0.2013    map@3 : 0.2071    map@4 : 0.2119    map@5 : 0.2179    map@10 : 0.2368    map@20 : 0.2519    map@30 : 0.2577    map@50 : 0.2627
Sun 15 Mar 2026 21:51:39 INFO  Running E-step ! 
Sun 15 Mar 2026 21:51:39 INFO  epoch 76 training [time: 0.21s, train_loss1: 2.7225, train_loss2: 0.0397, train_loss3: 0.0109, train_loss4: 0.0033]
Sun 15 Mar 2026 21:51:40 INFO  epoch 76 evaluating [time: 0.29s, valid_score: 0.321700]
Sun 15 Mar 2026 21:51:40 INFO  valid result: 
recall@1 : 0.1277    recall@2 : 0.2076    recall@3 : 0.2664    recall@4 : 0.3066    recall@5 : 0.3459    recall@10 : 0.4784    recall@20 : 0.6257    recall@30 : 0.7011    recall@50 : 0.7909    ndcg@1 : 0.205    ndcg@2 : 0.2272    ndcg@3 : 0.2478    ndcg@4 : 0.2612    ndcg@5 : 0.2759    ndcg@10 : 0.3217    ndcg@20 : 0.366    ndcg@30 : 0.3862    ndcg@50 : 0.4074    precision@1 : 0.205    precision@2 : 0.1687    precision@3 : 0.1488    precision@4 : 0.131    precision@5 : 0.121    precision@10 : 0.0868    precision@20 : 0.0605    precision@30 : 0.0468    precision@50 : 0.0328    map@1 : 0.205    map@2 : 0.2016    map@3 : 0.2075    map@4 : 0.2119    map@5 : 0.2182    map@10 : 0.2369    map@20 : 0.2521    map@30 : 0.2579    map@50 : 0.2629
Sun 15 Mar 2026 21:51:40 INFO  Running E-step ! 
Sun 15 Mar 2026 21:51:40 INFO  epoch 77 training [time: 0.22s, train_loss1: 2.7028, train_loss2: 0.0397, train_loss3: 0.0109, train_loss4: 0.0032]
Sun 15 Mar 2026 21:51:40 INFO  epoch 77 evaluating [time: 0.28s, valid_score: 0.322800]
Sun 15 Mar 2026 21:51:40 INFO  valid result: 
recall@1 : 0.128    recall@2 : 0.2098    recall@3 : 0.2666    recall@4 : 0.308    recall@5 : 0.3463    recall@10 : 0.4795    recall@20 : 0.6272    recall@30 : 0.7001    recall@50 : 0.7912    ndcg@1 : 0.2056    ndcg@2 : 0.2289    ndcg@3 : 0.2484    ndcg@4 : 0.2623    ndcg@5 : 0.2765    ndcg@10 : 0.3228    ndcg@20 : 0.3671    ndcg@30 : 0.3867    ndcg@50 : 0.4082    precision@1 : 0.2056    precision@2 : 0.1701    precision@3 : 0.149    precision@4 : 0.1314    precision@5 : 0.121    precision@10 : 0.0872    precision@20 : 0.0608    precision@30 : 0.0467    precision@50 : 0.0328    map@1 : 0.2056    map@2 : 0.2029    map@3 : 0.2081    map@4 : 0.2128    map@5 : 0.2189    map@10 : 0.238    map@20 : 0.2531    map@30 : 0.2586    map@50 : 0.2637
Sun 15 Mar 2026 21:51:40 INFO  Saving current: saved/SCL-Mar-15-2026_21-50-59.pth
Sun 15 Mar 2026 21:51:40 INFO  Saving current best: saved/SCL-Mar-15-2026_21-50-59.pth
Sun 15 Mar 2026 21:51:40 INFO  Running E-step ! 
Sun 15 Mar 2026 21:51:40 INFO  epoch 78 training [time: 0.23s, train_loss1: 2.6772, train_loss2: 0.0396, train_loss3: 0.0109, train_loss4: 0.0032]
Sun 15 Mar 2026 21:51:41 INFO  epoch 78 evaluating [time: 0.27s, valid_score: 0.323000]
Sun 15 Mar 2026 21:51:41 INFO  valid result: 
recall@1 : 0.1288    recall@2 : 0.2104    recall@3 : 0.2674    recall@4 : 0.3078    recall@5 : 0.3473    recall@10 : 0.4783    recall@20 : 0.627    recall@30 : 0.7001    recall@50 : 0.7934    ndcg@1 : 0.2068    ndcg@2 : 0.2292    ndcg@3 : 0.249    ndcg@4 : 0.2627    ndcg@5 : 0.2773    ndcg@10 : 0.323    ndcg@20 : 0.3676    ndcg@30 : 0.3873    ndcg@50 : 0.4092    precision@1 : 0.2068    precision@2 : 0.1698    precision@3 : 0.1492    precision@4 : 0.1316    precision@5 : 0.1211    precision@10 : 0.0872    precision@20 : 0.0609    precision@30 : 0.0468    precision@50 : 0.0329    map@1 : 0.2068    map@2 : 0.2032    map@3 : 0.2087    map@4 : 0.2133    map@5 : 0.2195    map@10 : 0.2386    map@20 : 0.2538    map@30 : 0.2594    map@50 : 0.2645
Sun 15 Mar 2026 21:51:41 INFO  Saving current: saved/SCL-Mar-15-2026_21-50-59.pth
Sun 15 Mar 2026 21:51:41 INFO  Saving current best: saved/SCL-Mar-15-2026_21-50-59.pth
Sun 15 Mar 2026 21:51:41 INFO  Running E-step ! 
Sun 15 Mar 2026 21:51:41 INFO  epoch 79 training [time: 0.20s, train_loss1: 2.6497, train_loss2: 0.0395, train_loss3: 0.0109, train_loss4: 0.0032]
Sun 15 Mar 2026 21:51:41 INFO  epoch 79 evaluating [time: 0.17s, valid_score: 0.323100]
Sun 15 Mar 2026 21:51:41 INFO  valid result: 
recall@1 : 0.1289    recall@2 : 0.2108    recall@3 : 0.267    recall@4 : 0.3072    recall@5 : 0.3462    recall@10 : 0.4778    recall@20 : 0.6279    recall@30 : 0.7001    recall@50 : 0.7952    ndcg@1 : 0.2074    ndcg@2 : 0.2299    ndcg@3 : 0.2492    ndcg@4 : 0.2627    ndcg@5 : 0.2769    ndcg@10 : 0.3231    ndcg@20 : 0.3679    ndcg@30 : 0.3874    ndcg@50 : 0.4097    precision@1 : 0.2074    precision@2 : 0.1704    precision@3 : 0.1494    precision@4 : 0.1316    precision@5 : 0.1207    precision@10 : 0.0873    precision@20 : 0.0609    precision@30 : 0.0468    precision@50 : 0.0329    map@1 : 0.2074    map@2 : 0.2038    map@3 : 0.209    map@4 : 0.2135    map@5 : 0.2193    map@10 : 0.2387    map@20 : 0.2539    map@30 : 0.2595    map@50 : 0.2647
Sun 15 Mar 2026 21:51:41 INFO  Saving current: saved/SCL-Mar-15-2026_21-50-59.pth
Sun 15 Mar 2026 21:51:41 INFO  Saving current best: saved/SCL-Mar-15-2026_21-50-59.pth
Sun 15 Mar 2026 21:51:41 INFO  Running E-step ! 
Sun 15 Mar 2026 21:51:41 INFO  epoch 80 training [time: 0.22s, train_loss1: 2.6614, train_loss2: 0.0395, train_loss3: 0.0109, train_loss4: 0.0031]
Sun 15 Mar 2026 21:51:42 INFO  epoch 80 evaluating [time: 0.27s, valid_score: 0.323200]
Sun 15 Mar 2026 21:51:42 INFO  valid result: 
recall@1 : 0.1287    recall@2 : 0.2105    recall@3 : 0.2674    recall@4 : 0.3072    recall@5 : 0.3462    recall@10 : 0.4777    recall@20 : 0.6276    recall@30 : 0.7004    recall@50 : 0.7971    ndcg@1 : 0.208    ndcg@2 : 0.2296    ndcg@3 : 0.2496    ndcg@4 : 0.2627    ndcg@5 : 0.277    ndcg@10 : 0.3232    ndcg@20 : 0.368    ndcg@30 : 0.3876    ndcg@50 : 0.4101    precision@1 : 0.208    precision@2 : 0.1698    precision@3 : 0.15    precision@4 : 0.1317    precision@5 : 0.1209    precision@10 : 0.0875    precision@20 : 0.061    precision@30 : 0.0468    precision@50 : 0.033    map@1 : 0.208    map@2 : 0.2037    map@3 : 0.2092    map@4 : 0.2134    map@5 : 0.2193    map@10 : 0.2387    map@20 : 0.254    map@30 : 0.2596    map@50 : 0.2648
Sun 15 Mar 2026 21:51:42 INFO  Saving current: saved/SCL-Mar-15-2026_21-50-59.pth
Sun 15 Mar 2026 21:51:42 INFO  Saving current best: saved/SCL-Mar-15-2026_21-50-59.pth
Sun 15 Mar 2026 21:51:42 INFO  Running E-step ! 
Sun 15 Mar 2026 21:51:42 INFO  epoch 81 training [time: 0.23s, train_loss1: 2.6377, train_loss2: 0.0394, train_loss3: 0.0109, train_loss4: 0.0031]
Sun 15 Mar 2026 21:51:42 INFO  epoch 81 evaluating [time: 0.27s, valid_score: 0.323100]
Sun 15 Mar 2026 21:51:42 INFO  valid result: 
recall@1 : 0.1291    recall@2 : 0.2106    recall@3 : 0.2685    recall@4 : 0.3055    recall@5 : 0.3463    recall@10 : 0.4768    recall@20 : 0.6286    recall@30 : 0.7002    recall@50 : 0.7971    ndcg@1 : 0.208    ndcg@2 : 0.2299    ndcg@3 : 0.2501    ndcg@4 : 0.2623    ndcg@5 : 0.2772    ndcg@10 : 0.3231    ndcg@20 : 0.3685    ndcg@30 : 0.3878    ndcg@50 : 0.4104    precision@1 : 0.208    precision@2 : 0.1701    precision@3 : 0.15    precision@4 : 0.1314    precision@5 : 0.121    precision@10 : 0.0874    precision@20 : 0.0611    precision@30 : 0.0469    precision@50 : 0.033    map@1 : 0.208    map@2 : 0.2041    map@3 : 0.2097    map@4 : 0.2134    map@5 : 0.2197    map@10 : 0.239    map@20 : 0.2545    map@30 : 0.26    map@50 : 0.2652
Sun 15 Mar 2026 21:51:42 INFO  Running E-step ! 
Sun 15 Mar 2026 21:51:42 INFO  epoch 82 training [time: 0.22s, train_loss1: 2.6700, train_loss2: 0.0393, train_loss3: 0.0109, train_loss4: 0.0030]
Sun 15 Mar 2026 21:51:43 INFO  epoch 82 evaluating [time: 0.27s, valid_score: 0.324100]
Sun 15 Mar 2026 21:51:43 INFO  valid result: 
recall@1 : 0.1296    recall@2 : 0.2125    recall@3 : 0.2687    recall@4 : 0.3053    recall@5 : 0.3462    recall@10 : 0.4783    recall@20 : 0.6291    recall@30 : 0.7006    recall@50 : 0.7972    ndcg@1 : 0.2092    ndcg@2 : 0.2316    ndcg@3 : 0.2508    ndcg@4 : 0.2628    ndcg@5 : 0.2777    ndcg@10 : 0.3241    ndcg@20 : 0.3692    ndcg@30 : 0.3885    ndcg@50 : 0.411    precision@1 : 0.2092    precision@2 : 0.1716    precision@3 : 0.1502    precision@4 : 0.1316    precision@5 : 0.121    precision@10 : 0.0878    precision@20 : 0.0611    precision@30 : 0.0469    precision@50 : 0.033    map@1 : 0.2092    map@2 : 0.2055    map@3 : 0.2103    map@4 : 0.2139    map@5 : 0.2202    map@10 : 0.2398    map@20 : 0.2551    map@30 : 0.2607    map@50 : 0.2658
Sun 15 Mar 2026 21:51:43 INFO  Saving current: saved/SCL-Mar-15-2026_21-50-59.pth
Sun 15 Mar 2026 21:51:43 INFO  Saving current best: saved/SCL-Mar-15-2026_21-50-59.pth
Sun 15 Mar 2026 21:51:43 INFO  Running E-step ! 
Sun 15 Mar 2026 21:51:43 INFO  epoch 83 training [time: 0.22s, train_loss1: 2.6384, train_loss2: 0.0393, train_loss3: 0.0109, train_loss4: 0.0030]
Sun 15 Mar 2026 21:51:43 INFO  epoch 83 evaluating [time: 0.28s, valid_score: 0.325400]
Sun 15 Mar 2026 21:51:43 INFO  valid result: 
recall@1 : 0.1306    recall@2 : 0.2133    recall@3 : 0.2689    recall@4 : 0.306    recall@5 : 0.3455    recall@10 : 0.4802    recall@20 : 0.6294    recall@30 : 0.7005    recall@50 : 0.7984    ndcg@1 : 0.2098    ndcg@2 : 0.2326    ndcg@3 : 0.2517    ndcg@4 : 0.2635    ndcg@5 : 0.2779    ndcg@10 : 0.3254    ndcg@20 : 0.3699    ndcg@30 : 0.3891    ndcg@50 : 0.412    precision@1 : 0.2098    precision@2 : 0.1722    precision@3 : 0.1508    precision@4 : 0.1317    precision@5 : 0.1207    precision@10 : 0.0882    precision@20 : 0.0611    precision@30 : 0.0469    precision@50 : 0.0331    map@1 : 0.2098    map@2 : 0.2065    map@3 : 0.2114    map@4 : 0.2148    map@5 : 0.2208    map@10 : 0.2409    map@20 : 0.256    map@30 : 0.2616    map@50 : 0.2668
Sun 15 Mar 2026 21:51:43 INFO  Saving current: saved/SCL-Mar-15-2026_21-50-59.pth
Sun 15 Mar 2026 21:51:43 INFO  Saving current best: saved/SCL-Mar-15-2026_21-50-59.pth
Sun 15 Mar 2026 21:51:43 INFO  Running E-step ! 
Sun 15 Mar 2026 21:51:43 INFO  epoch 84 training [time: 0.22s, train_loss1: 2.6268, train_loss2: 0.0392, train_loss3: 0.0109, train_loss4: 0.0030]
Sun 15 Mar 2026 21:51:44 INFO  epoch 84 evaluating [time: 0.26s, valid_score: 0.325800]
Sun 15 Mar 2026 21:51:44 INFO  valid result: 
recall@1 : 0.1308    recall@2 : 0.2142    recall@3 : 0.2696    recall@4 : 0.3066    recall@5 : 0.3462    recall@10 : 0.4802    recall@20 : 0.6295    recall@30 : 0.7006    recall@50 : 0.7979    ndcg@1 : 0.2098    ndcg@2 : 0.2332    ndcg@3 : 0.2524    ndcg@4 : 0.264    ndcg@5 : 0.2786    ndcg@10 : 0.3258    ndcg@20 : 0.3703    ndcg@30 : 0.3895    ndcg@50 : 0.4123    precision@1 : 0.2098    precision@2 : 0.1728    precision@3 : 0.1514    precision@4 : 0.1317    precision@5 : 0.1213    precision@10 : 0.0884    precision@20 : 0.0611    precision@30 : 0.047    precision@50 : 0.0331    map@1 : 0.2098    map@2 : 0.2069    map@3 : 0.2119    map@4 : 0.2152    map@5 : 0.2215    map@10 : 0.2413    map@20 : 0.2564    map@30 : 0.2621    map@50 : 0.2673
Sun 15 Mar 2026 21:51:44 INFO  Saving current: saved/SCL-Mar-15-2026_21-50-59.pth
Sun 15 Mar 2026 21:51:44 INFO  Saving current best: saved/SCL-Mar-15-2026_21-50-59.pth
Sun 15 Mar 2026 21:51:44 INFO  Running E-step ! 
Sun 15 Mar 2026 21:51:44 INFO  epoch 85 training [time: 0.20s, train_loss1: 2.6284, train_loss2: 0.0391, train_loss3: 0.0109, train_loss4: 0.0031]
Sun 15 Mar 2026 21:51:44 INFO  epoch 85 evaluating [time: 0.27s, valid_score: 0.326800]
Sun 15 Mar 2026 21:51:44 INFO  valid result: 
recall@1 : 0.1314    recall@2 : 0.2162    recall@3 : 0.2695    recall@4 : 0.3076    recall@5 : 0.3467    recall@10 : 0.4815    recall@20 : 0.6294    recall@30 : 0.7005    recall@50 : 0.7984    ndcg@1 : 0.2116    ndcg@2 : 0.2349    ndcg@3 : 0.2527    ndcg@4 : 0.2652    ndcg@5 : 0.2796    ndcg@10 : 0.3268    ndcg@20 : 0.371    ndcg@30 : 0.3903    ndcg@50 : 0.4132    precision@1 : 0.2116    precision@2 : 0.174    precision@3 : 0.151    precision@4 : 0.1324    precision@5 : 0.1218    precision@10 : 0.0884    precision@20 : 0.0611    precision@30 : 0.047    precision@50 : 0.0331    map@1 : 0.2116    map@2 : 0.2084    map@3 : 0.2125    map@4 : 0.2163    map@5 : 0.2226    map@10 : 0.2423    map@20 : 0.2573    map@30 : 0.263    map@50 : 0.2682
Sun 15 Mar 2026 21:51:44 INFO  Saving current: saved/SCL-Mar-15-2026_21-50-59.pth
Sun 15 Mar 2026 21:51:44 INFO  Saving current best: saved/SCL-Mar-15-2026_21-50-59.pth
Sun 15 Mar 2026 21:51:44 INFO  Running E-step ! 
Sun 15 Mar 2026 21:51:44 INFO  epoch 86 training [time: 0.20s, train_loss1: 2.6228, train_loss2: 0.0391, train_loss3: 0.0109, train_loss4: 0.0030]
Sun 15 Mar 2026 21:51:45 INFO  epoch 86 evaluating [time: 0.28s, valid_score: 0.327500]
Sun 15 Mar 2026 21:51:45 INFO  valid result: 
recall@1 : 0.1314    recall@2 : 0.217    recall@3 : 0.2693    recall@4 : 0.3073    recall@5 : 0.3458    recall@10 : 0.4832    recall@20 : 0.6289    recall@30 : 0.7002    recall@50 : 0.7994    ndcg@1 : 0.2116    ndcg@2 : 0.2351    ndcg@3 : 0.2527    ndcg@4 : 0.2651    ndcg@5 : 0.2792    ndcg@10 : 0.3275    ndcg@20 : 0.3711    ndcg@30 : 0.3905    ndcg@50 : 0.4136    precision@1 : 0.2116    precision@2 : 0.174    precision@3 : 0.151    precision@4 : 0.1324    precision@5 : 0.1215    precision@10 : 0.0889    precision@20 : 0.0611    precision@30 : 0.0471    precision@50 : 0.0331    map@1 : 0.2116    map@2 : 0.2084    map@3 : 0.2125    map@4 : 0.2163    map@5 : 0.2224    map@10 : 0.2428    map@20 : 0.2575    map@30 : 0.2633    map@50 : 0.2685
Sun 15 Mar 2026 21:51:45 INFO  Saving current: saved/SCL-Mar-15-2026_21-50-59.pth
Sun 15 Mar 2026 21:51:45 INFO  Saving current best: saved/SCL-Mar-15-2026_21-50-59.pth
Sun 15 Mar 2026 21:51:45 INFO  Running E-step ! 
Sun 15 Mar 2026 21:51:45 INFO  epoch 87 training [time: 0.21s, train_loss1: 2.5885, train_loss2: 0.0390, train_loss3: 0.0109, train_loss4: 0.0029]
Sun 15 Mar 2026 21:51:45 INFO  epoch 87 evaluating [time: 0.27s, valid_score: 0.328200]
Sun 15 Mar 2026 21:51:45 INFO  valid result: 
recall@1 : 0.132    recall@2 : 0.2179    recall@3 : 0.2692    recall@4 : 0.3071    recall@5 : 0.3459    recall@10 : 0.4836    recall@20 : 0.6285    recall@30 : 0.6989    recall@50 : 0.802    ndcg@1 : 0.2122    ndcg@2 : 0.2364    ndcg@3 : 0.253    ndcg@4 : 0.2655    ndcg@5 : 0.2796    ndcg@10 : 0.3282    ndcg@20 : 0.3715    ndcg@30 : 0.3908    ndcg@50 : 0.4146    precision@1 : 0.2122    precision@2 : 0.1752    precision@3 : 0.1508    precision@4 : 0.1326    precision@5 : 0.1216    precision@10 : 0.089    precision@20 : 0.0611    precision@30 : 0.0471    precision@50 : 0.0332    map@1 : 0.2122    map@2 : 0.2096    map@3 : 0.2129    map@4 : 0.2169    map@5 : 0.2229    map@10 : 0.2434    map@20 : 0.2581    map@30 : 0.2639    map@50 : 0.2692
Sun 15 Mar 2026 21:51:45 INFO  Saving current: saved/SCL-Mar-15-2026_21-50-59.pth
Sun 15 Mar 2026 21:51:45 INFO  Saving current best: saved/SCL-Mar-15-2026_21-50-59.pth
Sun 15 Mar 2026 21:51:45 INFO  Running E-step ! 
Sun 15 Mar 2026 21:51:45 INFO  epoch 88 training [time: 0.19s, train_loss1: 2.5714, train_loss2: 0.0389, train_loss3: 0.0109, train_loss4: 0.0029]
Sun 15 Mar 2026 21:51:46 INFO  epoch 88 evaluating [time: 0.27s, valid_score: 0.327600]
Sun 15 Mar 2026 21:51:46 INFO  valid result: 
recall@1 : 0.1309    recall@2 : 0.2177    recall@3 : 0.2683    recall@4 : 0.307    recall@5 : 0.346    recall@10 : 0.4833    recall@20 : 0.6287    recall@30 : 0.6983    recall@50 : 0.8029    ndcg@1 : 0.2104    ndcg@2 : 0.2356    ndcg@3 : 0.252    ndcg@4 : 0.265    ndcg@5 : 0.2792    ndcg@10 : 0.3276    ndcg@20 : 0.3712    ndcg@30 : 0.3903    ndcg@50 : 0.4144    precision@1 : 0.2104    precision@2 : 0.1749    precision@3 : 0.1504    precision@4 : 0.1329    precision@5 : 0.1217    precision@10 : 0.089    precision@20 : 0.0611    precision@30 : 0.047    precision@50 : 0.0333    map@1 : 0.2104    map@2 : 0.2087    map@3 : 0.212    map@4 : 0.2163    map@5 : 0.2224    map@10 : 0.2428    map@20 : 0.2576    map@30 : 0.2634    map@50 : 0.2688
Sun 15 Mar 2026 21:51:46 INFO  Running E-step ! 
Sun 15 Mar 2026 21:51:46 INFO  epoch 89 training [time: 0.22s, train_loss1: 2.5948, train_loss2: 0.0389, train_loss3: 0.0109, train_loss4: 0.0026]
Sun 15 Mar 2026 21:51:46 INFO  epoch 89 evaluating [time: 0.26s, valid_score: 0.328100]
Sun 15 Mar 2026 21:51:46 INFO  valid result: 
recall@1 : 0.1315    recall@2 : 0.2187    recall@3 : 0.2676    recall@4 : 0.3073    recall@5 : 0.346    recall@10 : 0.4838    recall@20 : 0.6293    recall@30 : 0.6988    recall@50 : 0.8018    ndcg@1 : 0.211    ndcg@2 : 0.2364    ndcg@3 : 0.2519    ndcg@4 : 0.2656    ndcg@5 : 0.2797    ndcg@10 : 0.3281    ndcg@20 : 0.3717    ndcg@30 : 0.3908    ndcg@50 : 0.4146    precision@1 : 0.211    precision@2 : 0.1752    precision@3 : 0.15    precision@4 : 0.1333    precision@5 : 0.1221    precision@10 : 0.0891    precision@20 : 0.0612    precision@30 : 0.0471    precision@50 : 0.0332    map@1 : 0.211    map@2 : 0.2095    map@3 : 0.2122    map@4 : 0.2171    map@5 : 0.223    map@10 : 0.2434    map@20 : 0.2582    map@30 : 0.264    map@50 : 0.2693
Sun 15 Mar 2026 21:51:46 INFO  Running E-step ! 
Sun 15 Mar 2026 21:51:46 INFO  epoch 90 training [time: 0.22s, train_loss1: 2.6199, train_loss2: 0.0388, train_loss3: 0.0109, train_loss4: 0.0025]
Sun 15 Mar 2026 21:51:47 INFO  epoch 90 evaluating [time: 0.27s, valid_score: 0.328300]
Sun 15 Mar 2026 21:51:47 INFO  valid result: 
recall@1 : 0.1314    recall@2 : 0.2171    recall@3 : 0.2688    recall@4 : 0.3083    recall@5 : 0.3468    recall@10 : 0.4839    recall@20 : 0.6289    recall@30 : 0.699    recall@50 : 0.8023    ndcg@1 : 0.211    ndcg@2 : 0.2355    ndcg@3 : 0.2525    ndcg@4 : 0.2662    ndcg@5 : 0.2799    ndcg@10 : 0.3283    ndcg@20 : 0.3718    ndcg@30 : 0.3909    ndcg@50 : 0.4148    precision@1 : 0.211    precision@2 : 0.1746    precision@3 : 0.1508    precision@4 : 0.1341    precision@5 : 0.1222    precision@10 : 0.0892    precision@20 : 0.0612    precision@30 : 0.0471    precision@50 : 0.0333    map@1 : 0.211    map@2 : 0.2089    map@3 : 0.2124    map@4 : 0.2174    map@5 : 0.2231    map@10 : 0.2435    map@20 : 0.2583    map@30 : 0.2641    map@50 : 0.2694
Sun 15 Mar 2026 21:51:47 INFO  Saving current: saved/SCL-Mar-15-2026_21-50-59.pth
Sun 15 Mar 2026 21:51:47 INFO  Saving current best: saved/SCL-Mar-15-2026_21-50-59.pth
Sun 15 Mar 2026 21:51:47 INFO  Running E-step ! 
Sun 15 Mar 2026 21:51:47 INFO  epoch 91 training [time: 0.21s, train_loss1: 2.5634, train_loss2: 0.0388, train_loss3: 0.0109, train_loss4: 0.0025]
Sun 15 Mar 2026 21:51:47 INFO  epoch 91 evaluating [time: 0.27s, valid_score: 0.328800]
Sun 15 Mar 2026 21:51:47 INFO  valid result: 
recall@1 : 0.1314    recall@2 : 0.2165    recall@3 : 0.2686    recall@4 : 0.3108    recall@5 : 0.3476    recall@10 : 0.4852    recall@20 : 0.6297    recall@30 : 0.6987    recall@50 : 0.8022    ndcg@1 : 0.2104    ndcg@2 : 0.2352    ndcg@3 : 0.252    ndcg@4 : 0.2674    ndcg@5 : 0.28    ndcg@10 : 0.3288    ndcg@20 : 0.3721    ndcg@30 : 0.391    ndcg@50 : 0.415    precision@1 : 0.2104    precision@2 : 0.1746    precision@3 : 0.1504    precision@4 : 0.1356    precision@5 : 0.1222    precision@10 : 0.0895    precision@20 : 0.0612    precision@30 : 0.0471    precision@50 : 0.0333    map@1 : 0.2104    map@2 : 0.2086    map@3 : 0.2119    map@4 : 0.2183    map@5 : 0.2232    map@10 : 0.2438    map@20 : 0.2586    map@30 : 0.2643    map@50 : 0.2697
Sun 15 Mar 2026 21:51:47 INFO  Saving current: saved/SCL-Mar-15-2026_21-50-59.pth
Sun 15 Mar 2026 21:51:47 INFO  Saving current best: saved/SCL-Mar-15-2026_21-50-59.pth
Sun 15 Mar 2026 21:51:47 INFO  Running E-step ! 
Sun 15 Mar 2026 21:51:47 INFO  epoch 92 training [time: 0.21s, train_loss1: 2.5581, train_loss2: 0.0387, train_loss3: 0.0109, train_loss4: 0.0025]
Sun 15 Mar 2026 21:51:48 INFO  epoch 92 evaluating [time: 0.27s, valid_score: 0.329300]
Sun 15 Mar 2026 21:51:48 INFO  valid result: 
recall@1 : 0.1313    recall@2 : 0.2148    recall@3 : 0.2683    recall@4 : 0.3114    recall@5 : 0.3476    recall@10 : 0.4871    recall@20 : 0.6307    recall@30 : 0.6983    recall@50 : 0.803    ndcg@1 : 0.2098    ndcg@2 : 0.2339    ndcg@3 : 0.2514    ndcg@4 : 0.2673    ndcg@5 : 0.2797    ndcg@10 : 0.3293    ndcg@20 : 0.3722    ndcg@30 : 0.3908    ndcg@50 : 0.415    precision@1 : 0.2098    precision@2 : 0.1734    precision@3 : 0.1502    precision@4 : 0.1357    precision@5 : 0.1221    precision@10 : 0.0899    precision@20 : 0.0614    precision@30 : 0.0471    precision@50 : 0.0333    map@1 : 0.2098    map@2 : 0.2075    map@3 : 0.2114    map@4 : 0.2181    map@5 : 0.2229    map@10 : 0.2438    map@20 : 0.2585    map@30 : 0.2641    map@50 : 0.2695
Sun 15 Mar 2026 21:51:48 INFO  Saving current: saved/SCL-Mar-15-2026_21-50-59.pth
Sun 15 Mar 2026 21:51:48 INFO  Saving current best: saved/SCL-Mar-15-2026_21-50-59.pth
Sun 15 Mar 2026 21:51:48 INFO  Running E-step ! 
Sun 15 Mar 2026 21:51:48 INFO  epoch 93 training [time: 0.21s, train_loss1: 2.5596, train_loss2: 0.0386, train_loss3: 0.0109, train_loss4: 0.0025]
Sun 15 Mar 2026 21:51:48 INFO  epoch 93 evaluating [time: 0.28s, valid_score: 0.329700]
Sun 15 Mar 2026 21:51:48 INFO  valid result: 
recall@1 : 0.1314    recall@2 : 0.2148    recall@3 : 0.2687    recall@4 : 0.3124    recall@5 : 0.3477    recall@10 : 0.4876    recall@20 : 0.6319    recall@30 : 0.6993    recall@50 : 0.802    ndcg@1 : 0.2104    ndcg@2 : 0.234    ndcg@3 : 0.252    ndcg@4 : 0.268    ndcg@5 : 0.2799    ndcg@10 : 0.3297    ndcg@20 : 0.3728    ndcg@30 : 0.3913    ndcg@50 : 0.4152    precision@1 : 0.2104    precision@2 : 0.1734    precision@3 : 0.1508    precision@4 : 0.1363    precision@5 : 0.1222    precision@10 : 0.09    precision@20 : 0.0615    precision@30 : 0.0471    precision@50 : 0.0333    map@1 : 0.2104    map@2 : 0.2077    map@3 : 0.2118    map@4 : 0.2186    map@5 : 0.2231    map@10 : 0.2441    map@20 : 0.2588    map@30 : 0.2645    map@50 : 0.2698
Sun 15 Mar 2026 21:51:48 INFO  Saving current: saved/SCL-Mar-15-2026_21-50-59.pth
Sun 15 Mar 2026 21:51:48 INFO  Saving current best: saved/SCL-Mar-15-2026_21-50-59.pth
Sun 15 Mar 2026 21:51:48 INFO  Running E-step ! 
Sun 15 Mar 2026 21:51:48 INFO  epoch 94 training [time: 0.21s, train_loss1: 2.5415, train_loss2: 0.0386, train_loss3: 0.0109, train_loss4: 0.0024]
Sun 15 Mar 2026 21:51:49 INFO  epoch 94 evaluating [time: 0.28s, valid_score: 0.330300]
Sun 15 Mar 2026 21:51:49 INFO  valid result: 
recall@1 : 0.1317    recall@2 : 0.2142    recall@3 : 0.2684    recall@4 : 0.3113    recall@5 : 0.3486    recall@10 : 0.4893    recall@20 : 0.6324    recall@30 : 0.7005    recall@50 : 0.8009    ndcg@1 : 0.211    ndcg@2 : 0.2338    ndcg@3 : 0.2519    ndcg@4 : 0.2675    ndcg@5 : 0.2803    ndcg@10 : 0.3303    ndcg@20 : 0.3731    ndcg@30 : 0.3918    ndcg@50 : 0.4152    precision@1 : 0.211    precision@2 : 0.1731    precision@3 : 0.1508    precision@4 : 0.1357    precision@5 : 0.1224    precision@10 : 0.0902    precision@20 : 0.0616    precision@30 : 0.0472    precision@50 : 0.0333    map@1 : 0.211    map@2 : 0.2075    map@3 : 0.2117    map@4 : 0.2182    map@5 : 0.2233    map@10 : 0.2444    map@20 : 0.259    map@30 : 0.2647    map@50 : 0.27
Sun 15 Mar 2026 21:51:49 INFO  Saving current: saved/SCL-Mar-15-2026_21-50-59.pth
Sun 15 Mar 2026 21:51:49 INFO  Saving current best: saved/SCL-Mar-15-2026_21-50-59.pth
Sun 15 Mar 2026 21:51:49 INFO  Running E-step ! 
Sun 15 Mar 2026 21:51:49 INFO  epoch 95 training [time: 0.23s, train_loss1: 2.5619, train_loss2: 0.0385, train_loss3: 0.0109, train_loss4: 0.0024]
Sun 15 Mar 2026 21:51:49 INFO  epoch 95 evaluating [time: 0.26s, valid_score: 0.330400]
Sun 15 Mar 2026 21:51:49 INFO  valid result: 
recall@1 : 0.1326    recall@2 : 0.2144    recall@3 : 0.2687    recall@4 : 0.3123    recall@5 : 0.3493    recall@10 : 0.4878    recall@20 : 0.6316    recall@30 : 0.7009    recall@50 : 0.8009    ndcg@1 : 0.2116    ndcg@2 : 0.2343    ndcg@3 : 0.2524    ndcg@4 : 0.2682    ndcg@5 : 0.2809    ndcg@10 : 0.3304    ndcg@20 : 0.3734    ndcg@30 : 0.3923    ndcg@50 : 0.4157    precision@1 : 0.2116    precision@2 : 0.1734    precision@3 : 0.151    precision@4 : 0.1359    precision@5 : 0.1225    precision@10 : 0.0902    precision@20 : 0.0616    precision@30 : 0.0472    precision@50 : 0.0333    map@1 : 0.2116    map@2 : 0.2081    map@3 : 0.2123    map@4 : 0.219    map@5 : 0.224    map@10 : 0.2449    map@20 : 0.2597    map@30 : 0.2653    map@50 : 0.2706
Sun 15 Mar 2026 21:51:49 INFO  Saving current: saved/SCL-Mar-15-2026_21-50-59.pth
Sun 15 Mar 2026 21:51:49 INFO  Saving current best: saved/SCL-Mar-15-2026_21-50-59.pth
Sun 15 Mar 2026 21:51:49 INFO  Running E-step ! 
Sun 15 Mar 2026 21:51:49 INFO  epoch 96 training [time: 0.22s, train_loss1: 2.5350, train_loss2: 0.0384, train_loss3: 0.0109, train_loss4: 0.0024]
Sun 15 Mar 2026 21:51:50 INFO  epoch 96 evaluating [time: 0.27s, valid_score: 0.330500]
Sun 15 Mar 2026 21:51:50 INFO  valid result: 
recall@1 : 0.1324    recall@2 : 0.2143    recall@3 : 0.268    recall@4 : 0.3116    recall@5 : 0.3499    recall@10 : 0.4878    recall@20 : 0.6313    recall@30 : 0.7012    recall@50 : 0.8014    ndcg@1 : 0.2122    ndcg@2 : 0.2341    ndcg@3 : 0.2519    ndcg@4 : 0.2678    ndcg@5 : 0.2812    ndcg@10 : 0.3305    ndcg@20 : 0.3734    ndcg@30 : 0.3925    ndcg@50 : 0.4158    precision@1 : 0.2122    precision@2 : 0.1731    precision@3 : 0.1506    precision@4 : 0.1356    precision@5 : 0.123    precision@10 : 0.0903    precision@20 : 0.0616    precision@30 : 0.0473    precision@50 : 0.0333    map@1 : 0.2122    map@2 : 0.208    map@3 : 0.2119    map@4 : 0.2185    map@5 : 0.224    map@10 : 0.2449    map@20 : 0.2597    map@30 : 0.2654    map@50 : 0.2706
Sun 15 Mar 2026 21:51:50 INFO  Saving current: saved/SCL-Mar-15-2026_21-50-59.pth
Sun 15 Mar 2026 21:51:50 INFO  Saving current best: saved/SCL-Mar-15-2026_21-50-59.pth
Sun 15 Mar 2026 21:51:50 INFO  Running E-step ! 
Sun 15 Mar 2026 21:51:50 INFO  epoch 97 training [time: 0.22s, train_loss1: 2.5355, train_loss2: 0.0384, train_loss3: 0.0109, train_loss4: 0.0023]
Sun 15 Mar 2026 21:51:50 INFO  epoch 97 evaluating [time: 0.26s, valid_score: 0.330700]
Sun 15 Mar 2026 21:51:50 INFO  valid result: 
recall@1 : 0.1328    recall@2 : 0.214    recall@3 : 0.269    recall@4 : 0.312    recall@5 : 0.3512    recall@10 : 0.4878    recall@20 : 0.6318    recall@30 : 0.7016    recall@50 : 0.8022    ndcg@1 : 0.2122    ndcg@2 : 0.234    ndcg@3 : 0.2525    ndcg@4 : 0.2682    ndcg@5 : 0.2817    ndcg@10 : 0.3307    ndcg@20 : 0.3738    ndcg@30 : 0.3928    ndcg@50 : 0.4163    precision@1 : 0.2122    precision@2 : 0.1728    precision@3 : 0.1508    precision@4 : 0.1359    precision@5 : 0.1229    precision@10 : 0.0903    precision@20 : 0.0617    precision@30 : 0.0473    precision@50 : 0.0334    map@1 : 0.2122    map@2 : 0.2078    map@3 : 0.2124    map@4 : 0.2189    map@5 : 0.2243    map@10 : 0.2453    map@20 : 0.26    map@30 : 0.2657    map@50 : 0.271
Sun 15 Mar 2026 21:51:50 INFO  Saving current: saved/SCL-Mar-15-2026_21-50-59.pth
Sun 15 Mar 2026 21:51:50 INFO  Saving current best: saved/SCL-Mar-15-2026_21-50-59.pth
Sun 15 Mar 2026 21:51:50 INFO  Running E-step ! 
Sun 15 Mar 2026 21:51:50 INFO  epoch 98 training [time: 0.23s, train_loss1: 2.5402, train_loss2: 0.0383, train_loss3: 0.0109, train_loss4: 0.0023]
Sun 15 Mar 2026 21:51:51 INFO  epoch 98 evaluating [time: 0.27s, valid_score: 0.331400]
Sun 15 Mar 2026 21:51:51 INFO  valid result: 
recall@1 : 0.1333    recall@2 : 0.2157    recall@3 : 0.2695    recall@4 : 0.3123    recall@5 : 0.352    recall@10 : 0.4881    recall@20 : 0.6316    recall@30 : 0.7013    recall@50 : 0.8026    ndcg@1 : 0.2128    ndcg@2 : 0.2352    ndcg@3 : 0.2532    ndcg@4 : 0.2687    ndcg@5 : 0.2826    ndcg@10 : 0.3314    ndcg@20 : 0.3745    ndcg@30 : 0.3935    ndcg@50 : 0.417    precision@1 : 0.2128    precision@2 : 0.1737    precision@3 : 0.1512    precision@4 : 0.136    precision@5 : 0.1232    precision@10 : 0.0903    precision@20 : 0.0617    precision@30 : 0.0474    precision@50 : 0.0334    map@1 : 0.2128    map@2 : 0.209    map@3 : 0.2132    map@4 : 0.2195    map@5 : 0.2252    map@10 : 0.2461    map@20 : 0.2609    map@30 : 0.2666    map@50 : 0.2719
Sun 15 Mar 2026 21:51:51 INFO  Saving current: saved/SCL-Mar-15-2026_21-50-59.pth
Sun 15 Mar 2026 21:51:51 INFO  Saving current best: saved/SCL-Mar-15-2026_21-50-59.pth
Sun 15 Mar 2026 21:51:51 INFO  Running E-step ! 
Sun 15 Mar 2026 21:51:51 INFO  epoch 99 training [time: 0.21s, train_loss1: 2.5447, train_loss2: 0.0382, train_loss3: 0.0109, train_loss4: 0.0023]
Sun 15 Mar 2026 21:51:51 INFO  epoch 99 evaluating [time: 0.26s, valid_score: 0.331700]
Sun 15 Mar 2026 21:51:51 INFO  valid result: 
recall@1 : 0.1333    recall@2 : 0.2167    recall@3 : 0.2689    recall@4 : 0.3138    recall@5 : 0.3535    recall@10 : 0.4885    recall@20 : 0.6321    recall@30 : 0.7011    recall@50 : 0.8034    ndcg@1 : 0.2128    ndcg@2 : 0.2356    ndcg@3 : 0.2528    ndcg@4 : 0.2694    ndcg@5 : 0.2833    ndcg@10 : 0.3317    ndcg@20 : 0.3749    ndcg@30 : 0.3937    ndcg@50 : 0.4175    precision@1 : 0.2128    precision@2 : 0.174    precision@3 : 0.1506    precision@4 : 0.1363    precision@5 : 0.1235    precision@10 : 0.0905    precision@20 : 0.0618    precision@30 : 0.0474    precision@50 : 0.0334    map@1 : 0.2128    map@2 : 0.2095    map@3 : 0.2131    map@4 : 0.2198    map@5 : 0.2256    map@10 : 0.2464    map@20 : 0.2613    map@30 : 0.267    map@50 : 0.2723
Sun 15 Mar 2026 21:51:51 INFO  Saving current: saved/SCL-Mar-15-2026_21-50-59.pth
Sun 15 Mar 2026 21:51:51 INFO  Saving current best: saved/SCL-Mar-15-2026_21-50-59.pth
Sun 15 Mar 2026 21:51:51 INFO  Running E-step ! 
Sun 15 Mar 2026 21:51:51 INFO  epoch 100 training [time: 0.24s, train_loss1: 2.4675, train_loss2: 0.0381, train_loss3: 0.0109, train_loss4: 0.0022]
Sun 15 Mar 2026 21:51:52 INFO  epoch 100 evaluating [time: 0.31s, valid_score: 0.333000]
Sun 15 Mar 2026 21:51:52 INFO  valid result: 
recall@1 : 0.1356    recall@2 : 0.2182    recall@3 : 0.2692    recall@4 : 0.3144    recall@5 : 0.3524    recall@10 : 0.4885    recall@20 : 0.6332    recall@30 : 0.7012    recall@50 : 0.8038    ndcg@1 : 0.2157    ndcg@2 : 0.2377    ndcg@3 : 0.2542    ndcg@4 : 0.2709    ndcg@5 : 0.284    ndcg@10 : 0.333    ndcg@20 : 0.3764    ndcg@30 : 0.3949    ndcg@50 : 0.4187    precision@1 : 0.2157    precision@2 : 0.1752    precision@3 : 0.151    precision@4 : 0.1366    precision@5 : 0.1234    precision@10 : 0.0906    precision@20 : 0.0619    precision@30 : 0.0474    precision@50 : 0.0335    map@1 : 0.2157    map@2 : 0.2117    map@3 : 0.2146    map@4 : 0.2214    map@5 : 0.2268    map@10 : 0.248    map@20 : 0.2628    map@30 : 0.2685    map@50 : 0.2738
Sun 15 Mar 2026 21:51:52 INFO  Saving current: saved/SCL-Mar-15-2026_21-50-59.pth
Sun 15 Mar 2026 21:51:52 INFO  Saving current best: saved/SCL-Mar-15-2026_21-50-59.pth
Sun 15 Mar 2026 21:51:52 INFO  Running E-step ! 
Sun 15 Mar 2026 21:51:52 INFO  epoch 101 training [time: 0.22s, train_loss1: 2.5183, train_loss2: 0.0381, train_loss3: 0.0109, train_loss4: 0.0022]
Sun 15 Mar 2026 21:51:52 INFO  epoch 101 evaluating [time: 0.29s, valid_score: 0.333600]
Sun 15 Mar 2026 21:51:52 INFO  valid result: 
recall@1 : 0.1355    recall@2 : 0.2191    recall@3 : 0.2699    recall@4 : 0.3157    recall@5 : 0.3532    recall@10 : 0.49    recall@20 : 0.6331    recall@30 : 0.7015    recall@50 : 0.8035    ndcg@1 : 0.2151    ndcg@2 : 0.2382    ndcg@3 : 0.2546    ndcg@4 : 0.2714    ndcg@5 : 0.2846    ndcg@10 : 0.3336    ndcg@20 : 0.3766    ndcg@30 : 0.3953    ndcg@50 : 0.419    precision@1 : 0.2151    precision@2 : 0.1758    precision@3 : 0.1512    precision@4 : 0.1369    precision@5 : 0.1237    precision@10 : 0.0908    precision@20 : 0.062    precision@30 : 0.0475    precision@50 : 0.0335    map@1 : 0.2151    map@2 : 0.2119    map@3 : 0.2147    map@4 : 0.2218    map@5 : 0.2272    map@10 : 0.2483    map@20 : 0.2631    map@30 : 0.2688    map@50 : 0.274
Sun 15 Mar 2026 21:51:52 INFO  Saving current: saved/SCL-Mar-15-2026_21-50-59.pth
Sun 15 Mar 2026 21:51:52 INFO  Saving current best: saved/SCL-Mar-15-2026_21-50-59.pth
Sun 15 Mar 2026 21:51:52 INFO  Running E-step ! 
Sun 15 Mar 2026 21:51:53 INFO  epoch 102 training [time: 0.24s, train_loss1: 2.5151, train_loss2: 0.0380, train_loss3: 0.0109, train_loss4: 0.0022]
Sun 15 Mar 2026 21:51:53 INFO  epoch 102 evaluating [time: 0.28s, valid_score: 0.334100]
Sun 15 Mar 2026 21:51:53 INFO  valid result: 
recall@1 : 0.1367    recall@2 : 0.2189    recall@3 : 0.2707    recall@4 : 0.3154    recall@5 : 0.3542    recall@10 : 0.4899    recall@20 : 0.6331    recall@30 : 0.7003    recall@50 : 0.8033    ndcg@1 : 0.2163    ndcg@2 : 0.2384    ndcg@3 : 0.2556    ndcg@4 : 0.2717    ndcg@5 : 0.2855    ndcg@10 : 0.3341    ndcg@20 : 0.3772    ndcg@30 : 0.3956    ndcg@50 : 0.4195    precision@1 : 0.2163    precision@2 : 0.1755    precision@3 : 0.152    precision@4 : 0.1366    precision@5 : 0.1241    precision@10 : 0.0907    precision@20 : 0.062    precision@30 : 0.0474    precision@50 : 0.0335    map@1 : 0.2163    map@2 : 0.212    map@3 : 0.2156    map@4 : 0.2221    map@5 : 0.2281    map@10 : 0.2489    map@20 : 0.2638    map@30 : 0.2694    map@50 : 0.2747
Sun 15 Mar 2026 21:51:53 INFO  Saving current: saved/SCL-Mar-15-2026_21-50-59.pth
Sun 15 Mar 2026 21:51:53 INFO  Saving current best: saved/SCL-Mar-15-2026_21-50-59.pth
Sun 15 Mar 2026 21:51:53 INFO  Running E-step ! 
Sun 15 Mar 2026 21:51:53 INFO  epoch 103 training [time: 0.23s, train_loss1: 2.5291, train_loss2: 0.0380, train_loss3: 0.0109, train_loss4: 0.0022]
Sun 15 Mar 2026 21:51:53 INFO  epoch 103 evaluating [time: 0.26s, valid_score: 0.334400]
Sun 15 Mar 2026 21:51:53 INFO  valid result: 
recall@1 : 0.137    recall@2 : 0.2174    recall@3 : 0.2721    recall@4 : 0.3156    recall@5 : 0.3536    recall@10 : 0.4905    recall@20 : 0.6323    recall@30 : 0.7009    recall@50 : 0.804    ndcg@1 : 0.2163    ndcg@2 : 0.2375    ndcg@3 : 0.2562    ndcg@4 : 0.2719    ndcg@5 : 0.2853    ndcg@10 : 0.3344    ndcg@20 : 0.3771    ndcg@30 : 0.3959    ndcg@50 : 0.4198    precision@1 : 0.2163    precision@2 : 0.1746    precision@3 : 0.1526    precision@4 : 0.1368    precision@5 : 0.1241    precision@10 : 0.0909    precision@20 : 0.062    precision@30 : 0.0475    precision@50 : 0.0335    map@1 : 0.2163    map@2 : 0.2114    map@3 : 0.2159    map@4 : 0.2223    map@5 : 0.228    map@10 : 0.2492    map@20 : 0.2639    map@30 : 0.2696    map@50 : 0.2749
Sun 15 Mar 2026 21:51:53 INFO  Saving current: saved/SCL-Mar-15-2026_21-50-59.pth
Sun 15 Mar 2026 21:51:53 INFO  Saving current best: saved/SCL-Mar-15-2026_21-50-59.pth
Sun 15 Mar 2026 21:51:53 INFO  Running E-step ! 
Sun 15 Mar 2026 21:51:54 INFO  epoch 104 training [time: 0.21s, train_loss1: 2.5098, train_loss2: 0.0379, train_loss3: 0.0109, train_loss4: 0.0022]
Sun 15 Mar 2026 21:51:54 INFO  epoch 104 evaluating [time: 0.16s, valid_score: 0.334500]
Sun 15 Mar 2026 21:51:54 INFO  valid result: 
recall@1 : 0.1372    recall@2 : 0.2174    recall@3 : 0.2725    recall@4 : 0.3159    recall@5 : 0.3545    recall@10 : 0.4905    recall@20 : 0.633    recall@30 : 0.7008    recall@50 : 0.8038    ndcg@1 : 0.2169    ndcg@2 : 0.2377    ndcg@3 : 0.2566    ndcg@4 : 0.2721    ndcg@5 : 0.2859    ndcg@10 : 0.3345    ndcg@20 : 0.3775    ndcg@30 : 0.396    ndcg@50 : 0.42    precision@1 : 0.2169    precision@2 : 0.1746    precision@3 : 0.153    precision@4 : 0.1369    precision@5 : 0.1244    precision@10 : 0.0908    precision@20 : 0.062    precision@30 : 0.0474    precision@50 : 0.0335    map@1 : 0.2169    map@2 : 0.2116    map@3 : 0.2161    map@4 : 0.2225    map@5 : 0.2284    map@10 : 0.2493    map@20 : 0.2641    map@30 : 0.2698    map@50 : 0.2752
Sun 15 Mar 2026 21:51:54 INFO  Saving current: saved/SCL-Mar-15-2026_21-50-59.pth
Sun 15 Mar 2026 21:51:54 INFO  Saving current best: saved/SCL-Mar-15-2026_21-50-59.pth
Sun 15 Mar 2026 21:51:54 INFO  Running E-step ! 
Sun 15 Mar 2026 21:51:54 INFO  epoch 105 training [time: 0.23s, train_loss1: 2.4402, train_loss2: 0.0378, train_loss3: 0.0109, train_loss4: 0.0022]
Sun 15 Mar 2026 21:51:54 INFO  epoch 105 evaluating [time: 0.27s, valid_score: 0.335000]
Sun 15 Mar 2026 21:51:54 INFO  valid result: 
recall@1 : 0.137    recall@2 : 0.2174    recall@3 : 0.2732    recall@4 : 0.3151    recall@5 : 0.3541    recall@10 : 0.4919    recall@20 : 0.6335    recall@30 : 0.7012    recall@50 : 0.8043    ndcg@1 : 0.2169    ndcg@2 : 0.2379    ndcg@3 : 0.2571    ndcg@4 : 0.2719    ndcg@5 : 0.2858    ndcg@10 : 0.335    ndcg@20 : 0.3777    ndcg@30 : 0.3962    ndcg@50 : 0.4202    precision@1 : 0.2169    precision@2 : 0.1749    precision@3 : 0.1536    precision@4 : 0.1369    precision@5 : 0.1246    precision@10 : 0.0911    precision@20 : 0.0621    precision@30 : 0.0475    precision@50 : 0.0335    map@1 : 0.2169    map@2 : 0.2119    map@3 : 0.2164    map@4 : 0.2225    map@5 : 0.2284    map@10 : 0.2497    map@20 : 0.2643    map@30 : 0.27    map@50 : 0.2753
Sun 15 Mar 2026 21:51:54 INFO  Saving current: saved/SCL-Mar-15-2026_21-50-59.pth
Sun 15 Mar 2026 21:51:54 INFO  Saving current best: saved/SCL-Mar-15-2026_21-50-59.pth
Sun 15 Mar 2026 21:51:54 INFO  Running E-step ! 
Sun 15 Mar 2026 21:51:54 INFO  epoch 106 training [time: 0.23s, train_loss1: 2.4723, train_loss2: 0.0378, train_loss3: 0.0109, train_loss4: 0.0022]
Sun 15 Mar 2026 21:51:55 INFO  epoch 106 evaluating [time: 0.26s, valid_score: 0.335200]
Sun 15 Mar 2026 21:51:55 INFO  valid result: 
recall@1 : 0.1372    recall@2 : 0.2174    recall@3 : 0.274    recall@4 : 0.3145    recall@5 : 0.3543    recall@10 : 0.4915    recall@20 : 0.6331    recall@30 : 0.7014    recall@50 : 0.8044    ndcg@1 : 0.2175    ndcg@2 : 0.238    ndcg@3 : 0.2578    ndcg@4 : 0.2718    ndcg@5 : 0.286    ndcg@10 : 0.3352    ndcg@20 : 0.3778    ndcg@30 : 0.3965    ndcg@50 : 0.4204    precision@1 : 0.2175    precision@2 : 0.1749    precision@3 : 0.1542    precision@4 : 0.1368    precision@5 : 0.1247    precision@10 : 0.0911    precision@20 : 0.0621    precision@30 : 0.0475    precision@50 : 0.0336    map@1 : 0.2175    map@2 : 0.212    map@3 : 0.2171    map@4 : 0.2225    map@5 : 0.2286    map@10 : 0.2499    map@20 : 0.2645    map@30 : 0.2702    map@50 : 0.2756
Sun 15 Mar 2026 21:51:55 INFO  Saving current: saved/SCL-Mar-15-2026_21-50-59.pth
Sun 15 Mar 2026 21:51:55 INFO  Saving current best: saved/SCL-Mar-15-2026_21-50-59.pth
Sun 15 Mar 2026 21:51:55 INFO  Running E-step ! 
Sun 15 Mar 2026 21:51:55 INFO  epoch 107 training [time: 0.20s, train_loss1: 2.4882, train_loss2: 0.0377, train_loss3: 0.0109, train_loss4: 0.0022]
Sun 15 Mar 2026 21:51:55 INFO  epoch 107 evaluating [time: 0.27s, valid_score: 0.335500]
Sun 15 Mar 2026 21:51:55 INFO  valid result: 
recall@1 : 0.1374    recall@2 : 0.2176    recall@3 : 0.2744    recall@4 : 0.3151    recall@5 : 0.3549    recall@10 : 0.492    recall@20 : 0.6347    recall@30 : 0.701    recall@50 : 0.8032    ndcg@1 : 0.2175    ndcg@2 : 0.238    ndcg@3 : 0.2579    ndcg@4 : 0.272    ndcg@5 : 0.2864    ndcg@10 : 0.3355    ndcg@20 : 0.3784    ndcg@30 : 0.3965    ndcg@50 : 0.4204    precision@1 : 0.2175    precision@2 : 0.1749    precision@3 : 0.1542    precision@4 : 0.1369    precision@5 : 0.125    precision@10 : 0.0912    precision@20 : 0.0622    precision@30 : 0.0475    precision@50 : 0.0335    map@1 : 0.2175    map@2 : 0.212    map@3 : 0.2172    map@4 : 0.2226    map@5 : 0.229    map@10 : 0.2501    map@20 : 0.2649    map@30 : 0.2705    map@50 : 0.2758
Sun 15 Mar 2026 21:51:55 INFO  Saving current: saved/SCL-Mar-15-2026_21-50-59.pth
Sun 15 Mar 2026 21:51:55 INFO  Saving current best: saved/SCL-Mar-15-2026_21-50-59.pth
Sun 15 Mar 2026 21:51:55 INFO  Running E-step ! 
Sun 15 Mar 2026 21:51:55 INFO  epoch 108 training [time: 0.22s, train_loss1: 2.4678, train_loss2: 0.0376, train_loss3: 0.0109, train_loss4: 0.0022]
Sun 15 Mar 2026 21:51:56 INFO  epoch 108 evaluating [time: 0.28s, valid_score: 0.335000]
Sun 15 Mar 2026 21:51:56 INFO  valid result: 
recall@1 : 0.1372    recall@2 : 0.2175    recall@3 : 0.2745    recall@4 : 0.3141    recall@5 : 0.3565    recall@10 : 0.4906    recall@20 : 0.6342    recall@30 : 0.7019    recall@50 : 0.8035    ndcg@1 : 0.2169    ndcg@2 : 0.2382    ndcg@3 : 0.2578    ndcg@4 : 0.2714    ndcg@5 : 0.2868    ndcg@10 : 0.335    ndcg@20 : 0.3783    ndcg@30 : 0.3968    ndcg@50 : 0.4204    precision@1 : 0.2169    precision@2 : 0.1755    precision@3 : 0.1542    precision@4 : 0.1365    precision@5 : 0.125    precision@10 : 0.091    precision@20 : 0.0622    precision@30 : 0.0476    precision@50 : 0.0335    map@1 : 0.2169    map@2 : 0.2122    map@3 : 0.2172    map@4 : 0.2223    map@5 : 0.2291    map@10 : 0.25    map@20 : 0.2649    map@30 : 0.2705    map@50 : 0.2758
Sun 15 Mar 2026 21:51:56 INFO  Running E-step ! 
Sun 15 Mar 2026 21:51:56 INFO  epoch 109 training [time: 0.21s, train_loss1: 2.4663, train_loss2: 0.0376, train_loss3: 0.0109, train_loss4: 0.0022]
Sun 15 Mar 2026 21:51:56 INFO  epoch 109 evaluating [time: 0.27s, valid_score: 0.335000]
Sun 15 Mar 2026 21:51:56 INFO  valid result: 
recall@1 : 0.1372    recall@2 : 0.2159    recall@3 : 0.276    recall@4 : 0.3162    recall@5 : 0.3579    recall@10 : 0.4902    recall@20 : 0.6348    recall@30 : 0.7019    recall@50 : 0.803    ndcg@1 : 0.2175    ndcg@2 : 0.2374    ndcg@3 : 0.2585    ndcg@4 : 0.2725    ndcg@5 : 0.2875    ndcg@10 : 0.335    ndcg@20 : 0.3785    ndcg@30 : 0.397    ndcg@50 : 0.4206    precision@1 : 0.2175    precision@2 : 0.1749    precision@3 : 0.1549    precision@4 : 0.1374    precision@5 : 0.1256    precision@10 : 0.0908    precision@20 : 0.0621    precision@30 : 0.0476    precision@50 : 0.0336    map@1 : 0.2175    map@2 : 0.2114    map@3 : 0.2177    map@4 : 0.2228    map@5 : 0.2294    map@10 : 0.25    map@20 : 0.2649    map@30 : 0.2707    map@50 : 0.276
Sun 15 Mar 2026 21:51:56 INFO  Running E-step ! 
Sun 15 Mar 2026 21:51:56 INFO  epoch 110 training [time: 0.19s, train_loss1: 2.4357, train_loss2: 0.0375, train_loss3: 0.0109, train_loss4: 0.0022]
Sun 15 Mar 2026 21:51:57 INFO  epoch 110 evaluating [time: 0.27s, valid_score: 0.335000]
Sun 15 Mar 2026 21:51:57 INFO  valid result: 
recall@1 : 0.1378    recall@2 : 0.2148    recall@3 : 0.2763    recall@4 : 0.3174    recall@5 : 0.3586    recall@10 : 0.4894    recall@20 : 0.6348    recall@30 : 0.7017    recall@50 : 0.8029    ndcg@1 : 0.2181    ndcg@2 : 0.2367    ndcg@3 : 0.2588    ndcg@4 : 0.2731    ndcg@5 : 0.2881    ndcg@10 : 0.335    ndcg@20 : 0.3788    ndcg@30 : 0.3973    ndcg@50 : 0.4208    precision@1 : 0.2181    precision@2 : 0.174    precision@3 : 0.1551    precision@4 : 0.1377    precision@5 : 0.126    precision@10 : 0.0908    precision@20 : 0.0621    precision@30 : 0.0476    precision@50 : 0.0336    map@1 : 0.2181    map@2 : 0.2111    map@3 : 0.2179    map@4 : 0.2232    map@5 : 0.2298    map@10 : 0.2502    map@20 : 0.2653    map@30 : 0.2711    map@50 : 0.2763
Sun 15 Mar 2026 21:51:57 INFO  Running E-step ! 
Sun 15 Mar 2026 21:51:57 INFO  epoch 111 training [time: 0.21s, train_loss1: 2.4234, train_loss2: 0.0374, train_loss3: 0.0109, train_loss4: 0.0022]
Sun 15 Mar 2026 21:51:57 INFO  epoch 111 evaluating [time: 0.29s, valid_score: 0.335000]
Sun 15 Mar 2026 21:51:57 INFO  valid result: 
recall@1 : 0.1381    recall@2 : 0.2131    recall@3 : 0.2757    recall@4 : 0.3156    recall@5 : 0.3593    recall@10 : 0.4899    recall@20 : 0.6345    recall@30 : 0.7009    recall@50 : 0.8034    ndcg@1 : 0.2187    ndcg@2 : 0.2357    ndcg@3 : 0.2584    ndcg@4 : 0.272    ndcg@5 : 0.2881    ndcg@10 : 0.335    ndcg@20 : 0.3786    ndcg@30 : 0.397    ndcg@50 : 0.4207    precision@1 : 0.2187    precision@2 : 0.1731    precision@3 : 0.1549    precision@4 : 0.1369    precision@5 : 0.1262    precision@10 : 0.0908    precision@20 : 0.0622    precision@30 : 0.0476    precision@50 : 0.0336    map@1 : 0.2187    map@2 : 0.2105    map@3 : 0.2175    map@4 : 0.2225    map@5 : 0.2297    map@10 : 0.25    map@20 : 0.2651    map@30 : 0.2708    map@50 : 0.2761
Sun 15 Mar 2026 21:51:57 INFO  Running E-step ! 
Sun 15 Mar 2026 21:51:57 INFO  epoch 112 training [time: 0.21s, train_loss1: 2.4368, train_loss2: 0.0374, train_loss3: 0.0109, train_loss4: 0.0021]
Sun 15 Mar 2026 21:51:58 INFO  epoch 112 evaluating [time: 0.27s, valid_score: 0.335200]
Sun 15 Mar 2026 21:51:58 INFO  valid result: 
recall@1 : 0.1378    recall@2 : 0.2139    recall@3 : 0.2754    recall@4 : 0.315    recall@5 : 0.3616    recall@10 : 0.4904    recall@20 : 0.6351    recall@30 : 0.701    recall@50 : 0.8036    ndcg@1 : 0.2181    ndcg@2 : 0.2362    ndcg@3 : 0.2582    ndcg@4 : 0.2717    ndcg@5 : 0.2891    ndcg@10 : 0.3352    ndcg@20 : 0.3788    ndcg@30 : 0.3971    ndcg@50 : 0.421    precision@1 : 0.2181    precision@2 : 0.1737    precision@3 : 0.1547    precision@4 : 0.1368    precision@5 : 0.1269    precision@10 : 0.0909    precision@20 : 0.0622    precision@30 : 0.0476    precision@50 : 0.0336    map@1 : 0.2181    map@2 : 0.211    map@3 : 0.2173    map@4 : 0.2224    map@5 : 0.2302    map@10 : 0.2502    map@20 : 0.2653    map@30 : 0.271    map@50 : 0.2764
Sun 15 Mar 2026 21:51:58 INFO  Running E-step ! 
Sun 15 Mar 2026 21:51:58 INFO  epoch 113 training [time: 0.23s, train_loss1: 2.4129, train_loss2: 0.0373, train_loss3: 0.0109, train_loss4: 0.0021]
Sun 15 Mar 2026 21:51:58 INFO  epoch 113 evaluating [time: 0.28s, valid_score: 0.335000]
Sun 15 Mar 2026 21:51:58 INFO  valid result: 
recall@1 : 0.1372    recall@2 : 0.2138    recall@3 : 0.2735    recall@4 : 0.3144    recall@5 : 0.3615    recall@10 : 0.491    recall@20 : 0.6351    recall@30 : 0.7008    recall@50 : 0.8044    ndcg@1 : 0.2169    ndcg@2 : 0.2363    ndcg@3 : 0.2566    ndcg@4 : 0.271    ndcg@5 : 0.2885    ndcg@10 : 0.335    ndcg@20 : 0.3785    ndcg@30 : 0.3967    ndcg@50 : 0.4208    precision@1 : 0.2169    precision@2 : 0.1743    precision@3 : 0.1534    precision@4 : 0.1366    precision@5 : 0.1268    precision@10 : 0.091    precision@20 : 0.0622    precision@30 : 0.0476    precision@50 : 0.0336    map@1 : 0.2169    map@2 : 0.2113    map@3 : 0.216    map@4 : 0.2216    map@5 : 0.2296    map@10 : 0.2498    map@20 : 0.2648    map@30 : 0.2705    map@50 : 0.2759
Sun 15 Mar 2026 21:51:58 INFO  Running E-step ! 
Sun 15 Mar 2026 21:51:58 INFO  epoch 114 training [time: 0.21s, train_loss1: 2.4328, train_loss2: 0.0373, train_loss3: 0.0109, train_loss4: 0.0021]
Sun 15 Mar 2026 21:51:59 INFO  epoch 114 evaluating [time: 0.26s, valid_score: 0.334900]
Sun 15 Mar 2026 21:51:59 INFO  valid result: 
recall@1 : 0.1372    recall@2 : 0.2131    recall@3 : 0.274    recall@4 : 0.3157    recall@5 : 0.3625    recall@10 : 0.49    recall@20 : 0.6358    recall@30 : 0.7015    recall@50 : 0.8035    ndcg@1 : 0.2169    ndcg@2 : 0.236    ndcg@3 : 0.2568    ndcg@4 : 0.2716    ndcg@5 : 0.289    ndcg@10 : 0.3349    ndcg@20 : 0.3787    ndcg@30 : 0.397    ndcg@50 : 0.4208    precision@1 : 0.2169    precision@2 : 0.1743    precision@3 : 0.1536    precision@4 : 0.1371    precision@5 : 0.1272    precision@10 : 0.0909    precision@20 : 0.0622    precision@30 : 0.0476    precision@50 : 0.0336    map@1 : 0.2169    map@2 : 0.211    map@3 : 0.2162    map@4 : 0.222    map@5 : 0.23    map@10 : 0.2499    map@20 : 0.265    map@30 : 0.2707    map@50 : 0.2761
Sun 15 Mar 2026 21:51:59 INFO  Running E-step ! 
Sun 15 Mar 2026 21:51:59 INFO  epoch 115 training [time: 0.19s, train_loss1: 2.3780, train_loss2: 0.0372, train_loss3: 0.0109, train_loss4: 0.0021]
Sun 15 Mar 2026 21:51:59 INFO  epoch 115 evaluating [time: 0.28s, valid_score: 0.335600]
Sun 15 Mar 2026 21:51:59 INFO  valid result: 
recall@1 : 0.1372    recall@2 : 0.2129    recall@3 : 0.2727    recall@4 : 0.316    recall@5 : 0.3615    recall@10 : 0.4927    recall@20 : 0.6362    recall@30 : 0.7027    recall@50 : 0.8031    ndcg@1 : 0.2163    ndcg@2 : 0.236    ndcg@3 : 0.2559    ndcg@4 : 0.2715    ndcg@5 : 0.2886    ndcg@10 : 0.3356    ndcg@20 : 0.3788    ndcg@30 : 0.3972    ndcg@50 : 0.4206    precision@1 : 0.2163    precision@2 : 0.1746    precision@3 : 0.153    precision@4 : 0.1371    precision@5 : 0.1272    precision@10 : 0.0914    precision@20 : 0.0623    precision@30 : 0.0477    precision@50 : 0.0336    map@1 : 0.2163    map@2 : 0.2108    map@3 : 0.2156    map@4 : 0.2218    map@5 : 0.2297    map@10 : 0.2501    map@20 : 0.2649    map@30 : 0.2707    map@50 : 0.276
Sun 15 Mar 2026 21:51:59 INFO  Saving current: saved/SCL-Mar-15-2026_21-50-59.pth
Sun 15 Mar 2026 21:51:59 INFO  Saving current best: saved/SCL-Mar-15-2026_21-50-59.pth
Sun 15 Mar 2026 21:51:59 INFO  Running E-step ! 
Sun 15 Mar 2026 21:51:59 INFO  epoch 116 training [time: 0.23s, train_loss1: 2.4497, train_loss2: 0.0371, train_loss3: 0.0109, train_loss4: 0.0021]
Sun 15 Mar 2026 21:52:00 INFO  epoch 116 evaluating [time: 0.28s, valid_score: 0.336500]
Sun 15 Mar 2026 21:52:00 INFO  valid result: 
recall@1 : 0.1372    recall@2 : 0.2147    recall@3 : 0.2733    recall@4 : 0.3173    recall@5 : 0.3616    recall@10 : 0.494    recall@20 : 0.6368    recall@30 : 0.7029    recall@50 : 0.8033    ndcg@1 : 0.2163    ndcg@2 : 0.2371    ndcg@3 : 0.2566    ndcg@4 : 0.2722    ndcg@5 : 0.2889    ndcg@10 : 0.3365    ndcg@20 : 0.3793    ndcg@30 : 0.3976    ndcg@50 : 0.4211    precision@1 : 0.2163    precision@2 : 0.1755    precision@3 : 0.1536    precision@4 : 0.1372    precision@5 : 0.1272    precision@10 : 0.0917    precision@20 : 0.0623    precision@30 : 0.0477    precision@50 : 0.0336    map@1 : 0.2163    map@2 : 0.2117    map@3 : 0.2163    map@4 : 0.2224    map@5 : 0.2301    map@10 : 0.2508    map@20 : 0.2654    map@30 : 0.2712    map@50 : 0.2765
Sun 15 Mar 2026 21:52:00 INFO  Saving current: saved/SCL-Mar-15-2026_21-50-59.pth
Sun 15 Mar 2026 21:52:00 INFO  Saving current best: saved/SCL-Mar-15-2026_21-50-59.pth
Sun 15 Mar 2026 21:52:00 INFO  Running E-step ! 
Sun 15 Mar 2026 21:52:00 INFO  epoch 117 training [time: 0.23s, train_loss1: 2.3852, train_loss2: 0.0371, train_loss3: 0.0109, train_loss4: 0.0020]
Sun 15 Mar 2026 21:52:00 INFO  epoch 117 evaluating [time: 0.29s, valid_score: 0.336500]
Sun 15 Mar 2026 21:52:00 INFO  valid result: 
recall@1 : 0.1369    recall@2 : 0.2158    recall@3 : 0.2722    recall@4 : 0.3172    recall@5 : 0.3612    recall@10 : 0.4941    recall@20 : 0.6366    recall@30 : 0.7027    recall@50 : 0.8025    ndcg@1 : 0.2157    ndcg@2 : 0.2378    ndcg@3 : 0.256    ndcg@4 : 0.2722    ndcg@5 : 0.2886    ndcg@10 : 0.3365    ndcg@20 : 0.3793    ndcg@30 : 0.3976    ndcg@50 : 0.4209    precision@1 : 0.2157    precision@2 : 0.1764    precision@3 : 0.1532    precision@4 : 0.1374    precision@5 : 0.1268    precision@10 : 0.0917    precision@20 : 0.0624    precision@30 : 0.0477    precision@50 : 0.0336    map@1 : 0.2157    map@2 : 0.2122    map@3 : 0.2158    map@4 : 0.2224    map@5 : 0.2299    map@10 : 0.2507    map@20 : 0.2655    map@30 : 0.2712    map@50 : 0.2764
Sun 15 Mar 2026 21:52:00 INFO  Saving current: saved/SCL-Mar-15-2026_21-50-59.pth
Sun 15 Mar 2026 21:52:00 INFO  Saving current best: saved/SCL-Mar-15-2026_21-50-59.pth
Sun 15 Mar 2026 21:52:00 INFO  Running E-step ! 
Sun 15 Mar 2026 21:52:01 INFO  epoch 118 training [time: 0.22s, train_loss1: 2.3944, train_loss2: 0.0370, train_loss3: 0.0109, train_loss4: 0.0020]
Sun 15 Mar 2026 21:52:01 INFO  epoch 118 evaluating [time: 0.28s, valid_score: 0.336800]
Sun 15 Mar 2026 21:52:01 INFO  valid result: 
recall@1 : 0.1366    recall@2 : 0.2154    recall@3 : 0.2716    recall@4 : 0.3175    recall@5 : 0.3623    recall@10 : 0.4955    recall@20 : 0.6365    recall@30 : 0.7034    recall@50 : 0.8024    ndcg@1 : 0.2151    ndcg@2 : 0.2373    ndcg@3 : 0.2554    ndcg@4 : 0.2721    ndcg@5 : 0.2889    ndcg@10 : 0.3368    ndcg@20 : 0.3792    ndcg@30 : 0.3976    ndcg@50 : 0.4208    precision@1 : 0.2151    precision@2 : 0.1761    precision@3 : 0.1528    precision@4 : 0.1374    precision@5 : 0.1272    precision@10 : 0.092    precision@20 : 0.0625    precision@30 : 0.0478    precision@50 : 0.0336    map@1 : 0.2151    map@2 : 0.2117    map@3 : 0.2153    map@4 : 0.2222    map@5 : 0.2299    map@10 : 0.2507    map@20 : 0.2654    map@30 : 0.271    map@50 : 0.2763
Sun 15 Mar 2026 21:52:01 INFO  Saving current: saved/SCL-Mar-15-2026_21-50-59.pth
Sun 15 Mar 2026 21:52:01 INFO  Saving current best: saved/SCL-Mar-15-2026_21-50-59.pth
Sun 15 Mar 2026 21:52:01 INFO  Running E-step ! 
Sun 15 Mar 2026 21:52:01 INFO  epoch 119 training [time: 0.22s, train_loss1: 2.4143, train_loss2: 0.0369, train_loss3: 0.0109, train_loss4: 0.0020]
Sun 15 Mar 2026 21:52:01 INFO  epoch 119 evaluating [time: 0.29s, valid_score: 0.336800]
Sun 15 Mar 2026 21:52:01 INFO  valid result: 
recall@1 : 0.1363    recall@2 : 0.2148    recall@3 : 0.2722    recall@4 : 0.3193    recall@5 : 0.3625    recall@10 : 0.4952    recall@20 : 0.6368    recall@30 : 0.7042    recall@50 : 0.8025    ndcg@1 : 0.2151    ndcg@2 : 0.2373    ndcg@3 : 0.2558    ndcg@4 : 0.2729    ndcg@5 : 0.2889    ndcg@10 : 0.3368    ndcg@20 : 0.3793    ndcg@30 : 0.3979    ndcg@50 : 0.4209    precision@1 : 0.2151    precision@2 : 0.1764    precision@3 : 0.1534    precision@4 : 0.138    precision@5 : 0.1272    precision@10 : 0.0921    precision@20 : 0.0624    precision@30 : 0.0478    precision@50 : 0.0336    map@1 : 0.2151    map@2 : 0.2117    map@3 : 0.2155    map@4 : 0.2227    map@5 : 0.23    map@10 : 0.2508    map@20 : 0.2654    map@30 : 0.2712    map@50 : 0.2764
Sun 15 Mar 2026 21:52:01 INFO  Saving current: saved/SCL-Mar-15-2026_21-50-59.pth
Sun 15 Mar 2026 21:52:01 INFO  Saving current best: saved/SCL-Mar-15-2026_21-50-59.pth
Sun 15 Mar 2026 21:52:01 INFO  Running E-step ! 
Sun 15 Mar 2026 21:52:02 INFO  epoch 120 training [time: 0.22s, train_loss1: 2.3695, train_loss2: 0.0369, train_loss3: 0.0109, train_loss4: 0.0020]
Sun 15 Mar 2026 21:52:02 INFO  epoch 120 evaluating [time: 0.28s, valid_score: 0.337000]
Sun 15 Mar 2026 21:52:02 INFO  valid result: 
recall@1 : 0.1358    recall@2 : 0.2146    recall@3 : 0.2719    recall@4 : 0.3208    recall@5 : 0.3617    recall@10 : 0.4959    recall@20 : 0.6369    recall@30 : 0.704    recall@50 : 0.8027    ndcg@1 : 0.2151    ndcg@2 : 0.2371    ndcg@3 : 0.2555    ndcg@4 : 0.2734    ndcg@5 : 0.2886    ndcg@10 : 0.337    ndcg@20 : 0.3794    ndcg@30 : 0.3978    ndcg@50 : 0.421    precision@1 : 0.2151    precision@2 : 0.1764    precision@3 : 0.1534    precision@4 : 0.1386    precision@5 : 0.1271    precision@10 : 0.0922    precision@20 : 0.0625    precision@30 : 0.0478    precision@50 : 0.0336    map@1 : 0.2151    map@2 : 0.2114    map@3 : 0.2151    map@4 : 0.2228    map@5 : 0.2297    map@10 : 0.2507    map@20 : 0.2653    map@30 : 0.2711    map@50 : 0.2763
Sun 15 Mar 2026 21:52:02 INFO  Saving current: saved/SCL-Mar-15-2026_21-50-59.pth
Sun 15 Mar 2026 21:52:02 INFO  Saving current best: saved/SCL-Mar-15-2026_21-50-59.pth
Sun 15 Mar 2026 21:52:02 INFO  Running E-step ! 
Sun 15 Mar 2026 21:52:02 INFO  epoch 121 training [time: 0.22s, train_loss1: 2.3494, train_loss2: 0.0368, train_loss3: 0.0109, train_loss4: 0.0020]
Sun 15 Mar 2026 21:52:02 INFO  epoch 121 evaluating [time: 0.29s, valid_score: 0.337900]
Sun 15 Mar 2026 21:52:02 INFO  valid result: 
recall@1 : 0.1364    recall@2 : 0.214    recall@3 : 0.273    recall@4 : 0.3228    recall@5 : 0.3628    recall@10 : 0.4973    recall@20 : 0.6363    recall@30 : 0.7058    recall@50 : 0.8026    ndcg@1 : 0.2157    ndcg@2 : 0.2371    ndcg@3 : 0.2564    ndcg@4 : 0.2747    ndcg@5 : 0.2893    ndcg@10 : 0.3379    ndcg@20 : 0.3797    ndcg@30 : 0.3987    ndcg@50 : 0.4214    precision@1 : 0.2157    precision@2 : 0.1764    precision@3 : 0.1542    precision@4 : 0.1393    precision@5 : 0.1273    precision@10 : 0.0924    precision@20 : 0.0625    precision@30 : 0.0478    precision@50 : 0.0336    map@1 : 0.2157    map@2 : 0.2116    map@3 : 0.2157    map@4 : 0.2237    map@5 : 0.2303    map@10 : 0.2515    map@20 : 0.2659    map@30 : 0.2716    map@50 : 0.2769
Sun 15 Mar 2026 21:52:02 INFO  Saving current: saved/SCL-Mar-15-2026_21-50-59.pth
Sun 15 Mar 2026 21:52:02 INFO  Saving current best: saved/SCL-Mar-15-2026_21-50-59.pth
Sun 15 Mar 2026 21:52:02 INFO  Running E-step ! 
Sun 15 Mar 2026 21:52:03 INFO  epoch 122 training [time: 0.22s, train_loss1: 2.3465, train_loss2: 0.0367, train_loss3: 0.0109, train_loss4: 0.0021]
Sun 15 Mar 2026 21:52:03 INFO  epoch 122 evaluating [time: 0.30s, valid_score: 0.338300]
Sun 15 Mar 2026 21:52:03 INFO  valid result: 
recall@1 : 0.137    recall@2 : 0.2134    recall@3 : 0.273    recall@4 : 0.3234    recall@5 : 0.3639    recall@10 : 0.4977    recall@20 : 0.6364    recall@30 : 0.7041    recall@50 : 0.8024    ndcg@1 : 0.2163    ndcg@2 : 0.237    ndcg@3 : 0.2566    ndcg@4 : 0.275    ndcg@5 : 0.2899    ndcg@10 : 0.3383    ndcg@20 : 0.38    ndcg@30 : 0.3985    ndcg@50 : 0.4217    precision@1 : 0.2163    precision@2 : 0.1761    precision@3 : 0.1542    precision@4 : 0.1393    precision@5 : 0.1274    precision@10 : 0.0926    precision@20 : 0.0624    precision@30 : 0.0477    precision@50 : 0.0336    map@1 : 0.2163    map@2 : 0.2116    map@3 : 0.2159    map@4 : 0.2238    map@5 : 0.2307    map@10 : 0.2518    map@20 : 0.2661    map@30 : 0.2719    map@50 : 0.2772
Sun 15 Mar 2026 21:52:03 INFO  Saving current: saved/SCL-Mar-15-2026_21-50-59.pth
Sun 15 Mar 2026 21:52:03 INFO  Saving current best: saved/SCL-Mar-15-2026_21-50-59.pth
Sun 15 Mar 2026 21:52:03 INFO  Running E-step ! 
Sun 15 Mar 2026 21:52:03 INFO  epoch 123 training [time: 0.21s, train_loss1: 2.3654, train_loss2: 0.0367, train_loss3: 0.0109, train_loss4: 0.0020]
Sun 15 Mar 2026 21:52:03 INFO  epoch 123 evaluating [time: 0.29s, valid_score: 0.339300]
Sun 15 Mar 2026 21:52:03 INFO  valid result: 
recall@1 : 0.1388    recall@2 : 0.2136    recall@3 : 0.2721    recall@4 : 0.3221    recall@5 : 0.365    recall@10 : 0.4987    recall@20 : 0.638    recall@30 : 0.7041    recall@50 : 0.8024    ndcg@1 : 0.2175    ndcg@2 : 0.2375    ndcg@3 : 0.2568    ndcg@4 : 0.2749    ndcg@5 : 0.2909    ndcg@10 : 0.3393    ndcg@20 : 0.381    ndcg@30 : 0.3992    ndcg@50 : 0.4223    precision@1 : 0.2175    precision@2 : 0.1761    precision@3 : 0.154    precision@4 : 0.1389    precision@5 : 0.1278    precision@10 : 0.0929    precision@20 : 0.0625    precision@30 : 0.0477    precision@50 : 0.0336    map@1 : 0.2175    map@2 : 0.2123    map@3 : 0.2165    map@4 : 0.2242    map@5 : 0.2317    map@10 : 0.2528    map@20 : 0.2672    map@30 : 0.2728    map@50 : 0.2781
Sun 15 Mar 2026 21:52:03 INFO  Saving current: saved/SCL-Mar-15-2026_21-50-59.pth
Sun 15 Mar 2026 21:52:03 INFO  Saving current best: saved/SCL-Mar-15-2026_21-50-59.pth
Sun 15 Mar 2026 21:52:03 INFO  Running E-step ! 
Sun 15 Mar 2026 21:52:04 INFO  epoch 124 training [time: 0.22s, train_loss1: 2.3458, train_loss2: 0.0366, train_loss3: 0.0109, train_loss4: 0.0021]
Sun 15 Mar 2026 21:52:04 INFO  epoch 124 evaluating [time: 0.28s, valid_score: 0.340100]
Sun 15 Mar 2026 21:52:04 INFO  valid result: 
recall@1 : 0.1394    recall@2 : 0.2148    recall@3 : 0.2734    recall@4 : 0.3226    recall@5 : 0.3652    recall@10 : 0.4995    recall@20 : 0.6382    recall@30 : 0.7051    recall@50 : 0.8024    ndcg@1 : 0.2181    ndcg@2 : 0.2385    ndcg@3 : 0.258    ndcg@4 : 0.2756    ndcg@5 : 0.2914    ndcg@10 : 0.3401    ndcg@20 : 0.3816    ndcg@30 : 0.4    ndcg@50 : 0.4229    precision@1 : 0.2181    precision@2 : 0.1767    precision@3 : 0.1549    precision@4 : 0.139    precision@5 : 0.1277    precision@10 : 0.0932    precision@20 : 0.0626    precision@30 : 0.0478    precision@50 : 0.0336    map@1 : 0.2181    map@2 : 0.2131    map@3 : 0.2174    map@4 : 0.2251    map@5 : 0.2322    map@10 : 0.2537    map@20 : 0.2679    map@30 : 0.2736    map@50 : 0.2788
Sun 15 Mar 2026 21:52:04 INFO  Saving current: saved/SCL-Mar-15-2026_21-50-59.pth
Sun 15 Mar 2026 21:52:04 INFO  Saving current best: saved/SCL-Mar-15-2026_21-50-59.pth
Sun 15 Mar 2026 21:52:04 INFO  Running E-step ! 
Sun 15 Mar 2026 21:52:04 INFO  epoch 125 training [time: 0.22s, train_loss1: 2.3584, train_loss2: 0.0365, train_loss3: 0.0109, train_loss4: 0.0020]
Sun 15 Mar 2026 21:52:04 INFO  epoch 125 evaluating [time: 0.26s, valid_score: 0.340800]
Sun 15 Mar 2026 21:52:04 INFO  valid result: 
recall@1 : 0.14    recall@2 : 0.2155    recall@3 : 0.2734    recall@4 : 0.3229    recall@5 : 0.3663    recall@10 : 0.5002    recall@20 : 0.6388    recall@30 : 0.7078    recall@50 : 0.8027    ndcg@1 : 0.2187    ndcg@2 : 0.2393    ndcg@3 : 0.2582    ndcg@4 : 0.2761    ndcg@5 : 0.2924    ndcg@10 : 0.3408    ndcg@20 : 0.3822    ndcg@30 : 0.401    ndcg@50 : 0.4234    precision@1 : 0.2187    precision@2 : 0.1773    precision@3 : 0.1545    precision@4 : 0.1393    precision@5 : 0.1285    precision@10 : 0.0934    precision@20 : 0.0626    precision@30 : 0.048    precision@50 : 0.0336    map@1 : 0.2187    map@2 : 0.2139    map@3 : 0.2179    map@4 : 0.2257    map@5 : 0.2331    map@10 : 0.2543    map@20 : 0.2684    map@30 : 0.2742    map@50 : 0.2794
Sun 15 Mar 2026 21:52:04 INFO  Saving current: saved/SCL-Mar-15-2026_21-50-59.pth
Sun 15 Mar 2026 21:52:04 INFO  Saving current best: saved/SCL-Mar-15-2026_21-50-59.pth
Sun 15 Mar 2026 21:52:04 INFO  Running E-step ! 
Sun 15 Mar 2026 21:52:05 INFO  epoch 126 training [time: 0.22s, train_loss1: 2.3215, train_loss2: 0.0364, train_loss3: 0.0109, train_loss4: 0.0020]
Sun 15 Mar 2026 21:52:05 INFO  epoch 126 evaluating [time: 0.27s, valid_score: 0.340900]
Sun 15 Mar 2026 21:52:05 INFO  valid result: 
recall@1 : 0.1395    recall@2 : 0.2151    recall@3 : 0.2732    recall@4 : 0.3225    recall@5 : 0.3677    recall@10 : 0.5008    recall@20 : 0.6396    recall@30 : 0.7076    recall@50 : 0.8017    ndcg@1 : 0.2187    ndcg@2 : 0.2389    ndcg@3 : 0.258    ndcg@4 : 0.2758    ndcg@5 : 0.2929    ndcg@10 : 0.3409    ndcg@20 : 0.3822    ndcg@30 : 0.4009    ndcg@50 : 0.4231    precision@1 : 0.2187    precision@2 : 0.177    precision@3 : 0.1547    precision@4 : 0.1392    precision@5 : 0.1291    precision@10 : 0.0937    precision@20 : 0.0627    precision@30 : 0.048    precision@50 : 0.0336    map@1 : 0.2187    map@2 : 0.2133    map@3 : 0.2178    map@4 : 0.2252    map@5 : 0.2331    map@10 : 0.2542    map@20 : 0.2682    map@30 : 0.274    map@50 : 0.2791
Sun 15 Mar 2026 21:52:05 INFO  Saving current: saved/SCL-Mar-15-2026_21-50-59.pth
Sun 15 Mar 2026 21:52:05 INFO  Saving current best: saved/SCL-Mar-15-2026_21-50-59.pth
Sun 15 Mar 2026 21:52:05 INFO  Running E-step ! 
Sun 15 Mar 2026 21:52:05 INFO  epoch 127 training [time: 0.23s, train_loss1: 2.3378, train_loss2: 0.0364, train_loss3: 0.0109, train_loss4: 0.0020]
Sun 15 Mar 2026 21:52:05 INFO  epoch 127 evaluating [time: 0.26s, valid_score: 0.342000]
Sun 15 Mar 2026 21:52:05 INFO  valid result: 
recall@1 : 0.141    recall@2 : 0.2157    recall@3 : 0.2726    recall@4 : 0.3236    recall@5 : 0.3663    recall@10 : 0.502    recall@20 : 0.6408    recall@30 : 0.7083    recall@50 : 0.8026    ndcg@1 : 0.2211    ndcg@2 : 0.2399    ndcg@3 : 0.2583    ndcg@4 : 0.277    ndcg@5 : 0.2931    ndcg@10 : 0.342    ndcg@20 : 0.3833    ndcg@30 : 0.4018    ndcg@50 : 0.424    precision@1 : 0.2211    precision@2 : 0.1773    precision@3 : 0.1545    precision@4 : 0.1397    precision@5 : 0.1291    precision@10 : 0.0939    precision@20 : 0.0628    precision@30 : 0.048    precision@50 : 0.0336    map@1 : 0.2211    map@2 : 0.2144    map@3 : 0.2184    map@4 : 0.2262    map@5 : 0.2337    map@10 : 0.2552    map@20 : 0.2692    map@30 : 0.2749    map@50 : 0.28
Sun 15 Mar 2026 21:52:05 INFO  Saving current: saved/SCL-Mar-15-2026_21-50-59.pth
Sun 15 Mar 2026 21:52:05 INFO  Saving current best: saved/SCL-Mar-15-2026_21-50-59.pth
Sun 15 Mar 2026 21:52:05 INFO  Running E-step ! 
Sun 15 Mar 2026 21:52:06 INFO  epoch 128 training [time: 0.22s, train_loss1: 2.3360, train_loss2: 0.0363, train_loss3: 0.0109, train_loss4: 0.0020]
Sun 15 Mar 2026 21:52:06 INFO  epoch 128 evaluating [time: 0.25s, valid_score: 0.342200]
Sun 15 Mar 2026 21:52:06 INFO  valid result: 
recall@1 : 0.1398    recall@2 : 0.2159    recall@3 : 0.2725    recall@4 : 0.3232    recall@5 : 0.3654    recall@10 : 0.504    recall@20 : 0.6408    recall@30 : 0.7086    recall@50 : 0.8028    ndcg@1 : 0.2199    ndcg@2 : 0.2395    ndcg@3 : 0.2579    ndcg@4 : 0.2764    ndcg@5 : 0.2924    ndcg@10 : 0.3422    ndcg@20 : 0.3829    ndcg@30 : 0.4015    ndcg@50 : 0.4236    precision@1 : 0.2199    precision@2 : 0.1773    precision@3 : 0.1545    precision@4 : 0.1396    precision@5 : 0.129    precision@10 : 0.0943    precision@20 : 0.0629    precision@30 : 0.0481    precision@50 : 0.0336    map@1 : 0.2199    map@2 : 0.2136    map@3 : 0.2178    map@4 : 0.2254    map@5 : 0.2329    map@10 : 0.2549    map@20 : 0.2686    map@30 : 0.2743    map@50 : 0.2794
Sun 15 Mar 2026 21:52:06 INFO  Saving current: saved/SCL-Mar-15-2026_21-50-59.pth
Sun 15 Mar 2026 21:52:06 INFO  Saving current best: saved/SCL-Mar-15-2026_21-50-59.pth
Sun 15 Mar 2026 21:52:06 INFO  Running E-step ! 
Sun 15 Mar 2026 21:52:06 INFO  epoch 129 training [time: 0.20s, train_loss1: 2.3251, train_loss2: 0.0363, train_loss3: 0.0109, train_loss4: 0.0019]
Sun 15 Mar 2026 21:52:06 INFO  epoch 129 evaluating [time: 0.28s, valid_score: 0.342500]
Sun 15 Mar 2026 21:52:06 INFO  valid result: 
recall@1 : 0.1395    recall@2 : 0.2158    recall@3 : 0.272    recall@4 : 0.3235    recall@5 : 0.3671    recall@10 : 0.5047    recall@20 : 0.6415    recall@30 : 0.7091    recall@50 : 0.8032    ndcg@1 : 0.2205    ndcg@2 : 0.2396    ndcg@3 : 0.2577    ndcg@4 : 0.2765    ndcg@5 : 0.293    ndcg@10 : 0.3425    ndcg@20 : 0.3831    ndcg@30 : 0.4016    ndcg@50 : 0.4237    precision@1 : 0.2205    precision@2 : 0.1776    precision@3 : 0.1545    precision@4 : 0.1397    precision@5 : 0.1294    precision@10 : 0.0945    precision@20 : 0.0629    precision@30 : 0.0481    precision@50 : 0.0336    map@1 : 0.2205    map@2 : 0.2138    map@3 : 0.2176    map@4 : 0.2254    map@5 : 0.233    map@10 : 0.2549    map@20 : 0.2686    map@30 : 0.2743    map@50 : 0.2794
Sun 15 Mar 2026 21:52:06 INFO  Saving current: saved/SCL-Mar-15-2026_21-50-59.pth
Sun 15 Mar 2026 21:52:06 INFO  Saving current best: saved/SCL-Mar-15-2026_21-50-59.pth
Sun 15 Mar 2026 21:52:06 INFO  Running E-step ! 
Sun 15 Mar 2026 21:52:07 INFO  epoch 130 training [time: 0.23s, train_loss1: 2.3093, train_loss2: 0.0362, train_loss3: 0.0109, train_loss4: 0.0020]
Sun 15 Mar 2026 21:52:07 INFO  epoch 130 evaluating [time: 0.28s, valid_score: 0.342700]
Sun 15 Mar 2026 21:52:07 INFO  valid result: 
recall@1 : 0.1392    recall@2 : 0.2159    recall@3 : 0.2721    recall@4 : 0.3241    recall@5 : 0.3668    recall@10 : 0.5047    recall@20 : 0.642    recall@30 : 0.7097    recall@50 : 0.803    ndcg@1 : 0.2211    ndcg@2 : 0.2401    ndcg@3 : 0.258    ndcg@4 : 0.2768    ndcg@5 : 0.2929    ndcg@10 : 0.3427    ndcg@20 : 0.3834    ndcg@30 : 0.402    ndcg@50 : 0.4239    precision@1 : 0.2211    precision@2 : 0.1785    precision@3 : 0.1549    precision@4 : 0.1399    precision@5 : 0.1293    precision@10 : 0.0945    precision@20 : 0.063    precision@30 : 0.0482    precision@50 : 0.0337    map@1 : 0.2211    map@2 : 0.2141    map@3 : 0.2177    map@4 : 0.2254    map@5 : 0.233    map@10 : 0.255    map@20 : 0.2687    map@30 : 0.2745    map@50 : 0.2795
Sun 15 Mar 2026 21:52:07 INFO  Saving current: saved/SCL-Mar-15-2026_21-50-59.pth
Sun 15 Mar 2026 21:52:07 INFO  Saving current best: saved/SCL-Mar-15-2026_21-50-59.pth
Sun 15 Mar 2026 21:52:07 INFO  Running E-step ! 
Sun 15 Mar 2026 21:52:07 INFO  epoch 131 training [time: 0.21s, train_loss1: 2.2531, train_loss2: 0.0361, train_loss3: 0.0109, train_loss4: 0.0020]
Sun 15 Mar 2026 21:52:08 INFO  epoch 131 evaluating [time: 0.26s, valid_score: 0.342500]
Sun 15 Mar 2026 21:52:08 INFO  valid result: 
recall@1 : 0.1378    recall@2 : 0.2164    recall@3 : 0.273    recall@4 : 0.3253    recall@5 : 0.3667    recall@10 : 0.5053    recall@20 : 0.6427    recall@30 : 0.7094    recall@50 : 0.8032    ndcg@1 : 0.2187    ndcg@2 : 0.2398    ndcg@3 : 0.2578    ndcg@4 : 0.277    ndcg@5 : 0.2925    ndcg@10 : 0.3425    ndcg@20 : 0.3831    ndcg@30 : 0.4015    ndcg@50 : 0.4236    precision@1 : 0.2187    precision@2 : 0.1788    precision@3 : 0.1549    precision@4 : 0.1405    precision@5 : 0.1293    precision@10 : 0.0946    precision@20 : 0.063    precision@30 : 0.0482    precision@50 : 0.0337    map@1 : 0.2187    map@2 : 0.2136    map@3 : 0.2173    map@4 : 0.2253    map@5 : 0.2324    map@10 : 0.2546    map@20 : 0.2683    map@30 : 0.274    map@50 : 0.2791
Sun 15 Mar 2026 21:52:08 INFO  Running E-step ! 
Sun 15 Mar 2026 21:52:08 INFO  epoch 132 training [time: 0.20s, train_loss1: 2.2923, train_loss2: 0.0361, train_loss3: 0.0109, train_loss4: 0.0019]
Sun 15 Mar 2026 21:52:08 INFO  epoch 132 evaluating [time: 0.27s, valid_score: 0.342400]
Sun 15 Mar 2026 21:52:08 INFO  valid result: 
recall@1 : 0.1384    recall@2 : 0.2164    recall@3 : 0.2734    recall@4 : 0.3262    recall@5 : 0.3664    recall@10 : 0.5044    recall@20 : 0.6428    recall@30 : 0.7093    recall@50 : 0.8037    ndcg@1 : 0.2193    ndcg@2 : 0.24    ndcg@3 : 0.2582    ndcg@4 : 0.2776    ndcg@5 : 0.2928    ndcg@10 : 0.3424    ndcg@20 : 0.3834    ndcg@30 : 0.4018    ndcg@50 : 0.424    precision@1 : 0.2193    precision@2 : 0.1788    precision@3 : 0.1549    precision@4 : 0.1406    precision@5 : 0.1296    precision@10 : 0.0945    precision@20 : 0.063    precision@30 : 0.0482    precision@50 : 0.0337    map@1 : 0.2193    map@2 : 0.2139    map@3 : 0.2177    map@4 : 0.2258    map@5 : 0.2329    map@10 : 0.2548    map@20 : 0.2686    map@30 : 0.2743    map@50 : 0.2794
Sun 15 Mar 2026 21:52:08 INFO  Running E-step ! 
Sun 15 Mar 2026 21:52:08 INFO  epoch 133 training [time: 0.22s, train_loss1: 2.2818, train_loss2: 0.0360, train_loss3: 0.0109, train_loss4: 0.0019]
Sun 15 Mar 2026 21:52:09 INFO  epoch 133 evaluating [time: 0.29s, valid_score: 0.342600]
Sun 15 Mar 2026 21:52:09 INFO  valid result: 
recall@1 : 0.139    recall@2 : 0.216    recall@3 : 0.2746    recall@4 : 0.3276    recall@5 : 0.3656    recall@10 : 0.504    recall@20 : 0.6434    recall@30 : 0.7107    recall@50 : 0.8033    ndcg@1 : 0.2199    ndcg@2 : 0.2398    ndcg@3 : 0.2589    ndcg@4 : 0.2784    ndcg@5 : 0.2928    ndcg@10 : 0.3426    ndcg@20 : 0.3839    ndcg@30 : 0.4024    ndcg@50 : 0.4243    precision@1 : 0.2199    precision@2 : 0.1782    precision@3 : 0.1553    precision@4 : 0.1411    precision@5 : 0.1294    precision@10 : 0.0945    precision@20 : 0.063    precision@30 : 0.0483    precision@50 : 0.0337    map@1 : 0.2199    map@2 : 0.2139    map@3 : 0.2182    map@4 : 0.2264    map@5 : 0.2331    map@10 : 0.2552    map@20 : 0.2691    map@30 : 0.2748    map@50 : 0.2799
Sun 15 Mar 2026 21:52:09 INFO  Running E-step ! 
Sun 15 Mar 2026 21:52:09 INFO  epoch 134 training [time: 0.21s, train_loss1: 2.2702, train_loss2: 0.0360, train_loss3: 0.0109, train_loss4: 0.0019]
Sun 15 Mar 2026 21:52:09 INFO  epoch 134 evaluating [time: 0.16s, valid_score: 0.343000]
Sun 15 Mar 2026 21:52:09 INFO  valid result: 
recall@1 : 0.1397    recall@2 : 0.216    recall@3 : 0.2746    recall@4 : 0.3267    recall@5 : 0.3648    recall@10 : 0.5042    recall@20 : 0.6447    recall@30 : 0.7108    recall@50 : 0.8035    ndcg@1 : 0.2211    ndcg@2 : 0.2402    ndcg@3 : 0.2594    ndcg@4 : 0.2783    ndcg@5 : 0.2929    ndcg@10 : 0.343    ndcg@20 : 0.3846    ndcg@30 : 0.4028    ndcg@50 : 0.4246    precision@1 : 0.2211    precision@2 : 0.1785    precision@3 : 0.1557    precision@4 : 0.1408    precision@5 : 0.1294    precision@10 : 0.0945    precision@20 : 0.0633    precision@30 : 0.0483    precision@50 : 0.0337    map@1 : 0.2211    map@2 : 0.2144    map@3 : 0.2188    map@4 : 0.2266    map@5 : 0.2334    map@10 : 0.2556    map@20 : 0.2696    map@30 : 0.2752    map@50 : 0.2803
Sun 15 Mar 2026 21:52:09 INFO  Saving current: saved/SCL-Mar-15-2026_21-50-59.pth
Sun 15 Mar 2026 21:52:09 INFO  Saving current best: saved/SCL-Mar-15-2026_21-50-59.pth
Sun 15 Mar 2026 21:52:09 INFO  Running E-step ! 
Sun 15 Mar 2026 21:52:09 INFO  epoch 135 training [time: 0.21s, train_loss1: 2.2560, train_loss2: 0.0359, train_loss3: 0.0109, train_loss4: 0.0020]
Sun 15 Mar 2026 21:52:09 INFO  epoch 135 evaluating [time: 0.26s, valid_score: 0.343600]
Sun 15 Mar 2026 21:52:09 INFO  valid result: 
recall@1 : 0.1403    recall@2 : 0.2173    recall@3 : 0.275    recall@4 : 0.3271    recall@5 : 0.3641    recall@10 : 0.5047    recall@20 : 0.6444    recall@30 : 0.7111    recall@50 : 0.8033    ndcg@1 : 0.2217    ndcg@2 : 0.2415    ndcg@3 : 0.2602    ndcg@4 : 0.2791    ndcg@5 : 0.2931    ndcg@10 : 0.3436    ndcg@20 : 0.385    ndcg@30 : 0.4034    ndcg@50 : 0.4251    precision@1 : 0.2217    precision@2 : 0.1797    precision@3 : 0.1563    precision@4 : 0.1411    precision@5 : 0.1293    precision@10 : 0.0945    precision@20 : 0.0632    precision@30 : 0.0483    precision@50 : 0.0337    map@1 : 0.2217    map@2 : 0.2154    map@3 : 0.2197    map@4 : 0.2274    map@5 : 0.2339    map@10 : 0.2563    map@20 : 0.2703    map@30 : 0.2759    map@50 : 0.281
Sun 15 Mar 2026 21:52:09 INFO  Saving current: saved/SCL-Mar-15-2026_21-50-59.pth
Sun 15 Mar 2026 21:52:09 INFO  Saving current best: saved/SCL-Mar-15-2026_21-50-59.pth
Sun 15 Mar 2026 21:52:09 INFO  Running E-step ! 
Sun 15 Mar 2026 21:52:10 INFO  epoch 136 training [time: 0.22s, train_loss1: 2.2563, train_loss2: 0.0358, train_loss3: 0.0109, train_loss4: 0.0020]
Sun 15 Mar 2026 21:52:10 INFO  epoch 136 evaluating [time: 0.27s, valid_score: 0.343700]
Sun 15 Mar 2026 21:52:10 INFO  valid result: 
recall@1 : 0.1407    recall@2 : 0.2167    recall@3 : 0.2747    recall@4 : 0.3273    recall@5 : 0.3653    recall@10 : 0.5051    recall@20 : 0.6436    recall@30 : 0.7122    recall@50 : 0.8027    ndcg@1 : 0.2217    ndcg@2 : 0.2412    ndcg@3 : 0.2601    ndcg@4 : 0.2793    ndcg@5 : 0.2937    ndcg@10 : 0.3437    ndcg@20 : 0.3849    ndcg@30 : 0.4037    ndcg@50 : 0.4251    precision@1 : 0.2217    precision@2 : 0.1794    precision@3 : 0.1561    precision@4 : 0.1414    precision@5 : 0.1297    precision@10 : 0.0945    precision@20 : 0.0632    precision@30 : 0.0484    precision@50 : 0.0337    map@1 : 0.2217    map@2 : 0.2153    map@3 : 0.2196    map@4 : 0.2276    map@5 : 0.2342    map@10 : 0.2564    map@20 : 0.2703    map@30 : 0.2761    map@50 : 0.2811
Sun 15 Mar 2026 21:52:10 INFO  Saving current: saved/SCL-Mar-15-2026_21-50-59.pth
Sun 15 Mar 2026 21:52:10 INFO  Saving current best: saved/SCL-Mar-15-2026_21-50-59.pth
Sun 15 Mar 2026 21:52:10 INFO  Running E-step ! 
Sun 15 Mar 2026 21:52:10 INFO  epoch 137 training [time: 0.22s, train_loss1: 2.2788, train_loss2: 0.0358, train_loss3: 0.0109, train_loss4: 0.0019]
Sun 15 Mar 2026 21:52:10 INFO  epoch 137 evaluating [time: 0.27s, valid_score: 0.344300]
Sun 15 Mar 2026 21:52:10 INFO  valid result: 
recall@1 : 0.1414    recall@2 : 0.2173    recall@3 : 0.2765    recall@4 : 0.3271    recall@5 : 0.3651    recall@10 : 0.5052    recall@20 : 0.6441    recall@30 : 0.7118    recall@50 : 0.8036    ndcg@1 : 0.2241    ndcg@2 : 0.2419    ndcg@3 : 0.2615    ndcg@4 : 0.2798    ndcg@5 : 0.2941    ndcg@10 : 0.3443    ndcg@20 : 0.3856    ndcg@30 : 0.4043    ndcg@50 : 0.4259    precision@1 : 0.2241    precision@2 : 0.1794    precision@3 : 0.1567    precision@4 : 0.1414    precision@5 : 0.1296    precision@10 : 0.0945    precision@20 : 0.0632    precision@30 : 0.0484    precision@50 : 0.0337    map@1 : 0.2241    map@2 : 0.2162    map@3 : 0.2208    map@4 : 0.2282    map@5 : 0.2349    map@10 : 0.257    map@20 : 0.271    map@30 : 0.2768    map@50 : 0.2818
Sun 15 Mar 2026 21:52:10 INFO  Saving current: saved/SCL-Mar-15-2026_21-50-59.pth
Sun 15 Mar 2026 21:52:10 INFO  Saving current best: saved/SCL-Mar-15-2026_21-50-59.pth
Sun 15 Mar 2026 21:52:10 INFO  Running E-step ! 
Sun 15 Mar 2026 21:52:11 INFO  epoch 138 training [time: 0.20s, train_loss1: 2.2891, train_loss2: 0.0357, train_loss3: 0.0109, train_loss4: 0.0019]
Sun 15 Mar 2026 21:52:11 INFO  epoch 138 evaluating [time: 0.27s, valid_score: 0.344700]
Sun 15 Mar 2026 21:52:11 INFO  valid result: 
recall@1 : 0.1413    recall@2 : 0.2178    recall@3 : 0.2751    recall@4 : 0.3272    recall@5 : 0.3671    recall@10 : 0.5062    recall@20 : 0.6436    recall@30 : 0.7121    recall@50 : 0.8034    ndcg@1 : 0.2235    ndcg@2 : 0.2422    ndcg@3 : 0.2609    ndcg@4 : 0.2798    ndcg@5 : 0.2948    ndcg@10 : 0.3447    ndcg@20 : 0.3856    ndcg@30 : 0.4044    ndcg@50 : 0.426    precision@1 : 0.2235    precision@2 : 0.18    precision@3 : 0.1563    precision@4 : 0.1415    precision@5 : 0.13    precision@10 : 0.0948    precision@20 : 0.0632    precision@30 : 0.0484    precision@50 : 0.0337    map@1 : 0.2235    map@2 : 0.2163    map@3 : 0.2204    map@4 : 0.2282    map@5 : 0.2353    map@10 : 0.2573    map@20 : 0.2712    map@30 : 0.277    map@50 : 0.282
Sun 15 Mar 2026 21:52:11 INFO  Saving current: saved/SCL-Mar-15-2026_21-50-59.pth
Sun 15 Mar 2026 21:52:11 INFO  Saving current best: saved/SCL-Mar-15-2026_21-50-59.pth
Sun 15 Mar 2026 21:52:11 INFO  Running E-step ! 
Sun 15 Mar 2026 21:52:11 INFO  epoch 139 training [time: 0.22s, train_loss1: 2.2129, train_loss2: 0.0356, train_loss3: 0.0109, train_loss4: 0.0019]
Sun 15 Mar 2026 21:52:11 INFO  epoch 139 evaluating [time: 0.28s, valid_score: 0.344700]
Sun 15 Mar 2026 21:52:11 INFO  valid result: 
recall@1 : 0.1407    recall@2 : 0.2173    recall@3 : 0.2769    recall@4 : 0.3268    recall@5 : 0.3669    recall@10 : 0.5065    recall@20 : 0.6429    recall@30 : 0.7125    recall@50 : 0.8043    ndcg@1 : 0.2229    ndcg@2 : 0.2416    ndcg@3 : 0.2616    ndcg@4 : 0.2796    ndcg@5 : 0.2946    ndcg@10 : 0.3447    ndcg@20 : 0.3853    ndcg@30 : 0.4044    ndcg@50 : 0.426    precision@1 : 0.2229    precision@2 : 0.1797    precision@3 : 0.1571    precision@4 : 0.1415    precision@5 : 0.13    precision@10 : 0.0948    precision@20 : 0.0632    precision@30 : 0.0485    precision@50 : 0.0338    map@1 : 0.2229    map@2 : 0.2156    map@3 : 0.2206    map@4 : 0.228    map@5 : 0.2349    map@10 : 0.2571    map@20 : 0.2709    map@30 : 0.2768    map@50 : 0.2818
Sun 15 Mar 2026 21:52:11 INFO  Saving current: saved/SCL-Mar-15-2026_21-50-59.pth
Sun 15 Mar 2026 21:52:11 INFO  Saving current best: saved/SCL-Mar-15-2026_21-50-59.pth
Sun 15 Mar 2026 21:52:11 INFO  Running E-step ! 
Sun 15 Mar 2026 21:52:12 INFO  epoch 140 training [time: 0.22s, train_loss1: 2.2467, train_loss2: 0.0356, train_loss3: 0.0109, train_loss4: 0.0019]
Sun 15 Mar 2026 21:52:12 INFO  epoch 140 evaluating [time: 0.29s, valid_score: 0.345300]
Sun 15 Mar 2026 21:52:12 INFO  valid result: 
recall@1 : 0.1406    recall@2 : 0.2178    recall@3 : 0.2787    recall@4 : 0.3282    recall@5 : 0.3668    recall@10 : 0.5075    recall@20 : 0.6415    recall@30 : 0.7135    recall@50 : 0.8043    ndcg@1 : 0.2223    ndcg@2 : 0.242    ndcg@3 : 0.2628    ndcg@4 : 0.2803    ndcg@5 : 0.2948    ndcg@10 : 0.3453    ndcg@20 : 0.3852    ndcg@30 : 0.4049    ndcg@50 : 0.4263    precision@1 : 0.2223    precision@2 : 0.1803    precision@3 : 0.1583    precision@4 : 0.1418    precision@5 : 0.1299    precision@10 : 0.0951    precision@20 : 0.0631    precision@30 : 0.0485    precision@50 : 0.0338    map@1 : 0.2223    map@2 : 0.2159    map@3 : 0.2216    map@4 : 0.2286    map@5 : 0.2352    map@10 : 0.2576    map@20 : 0.2712    map@30 : 0.2772    map@50 : 0.2822
Sun 15 Mar 2026 21:52:12 INFO  Saving current: saved/SCL-Mar-15-2026_21-50-59.pth
Sun 15 Mar 2026 21:52:12 INFO  Saving current best: saved/SCL-Mar-15-2026_21-50-59.pth
Sun 15 Mar 2026 21:52:12 INFO  Running E-step ! 
Sun 15 Mar 2026 21:52:12 INFO  epoch 141 training [time: 0.22s, train_loss1: 2.2198, train_loss2: 0.0355, train_loss3: 0.0109, train_loss4: 0.0019]
Sun 15 Mar 2026 21:52:12 INFO  epoch 141 evaluating [time: 0.28s, valid_score: 0.345000]
Sun 15 Mar 2026 21:52:12 INFO  valid result: 
recall@1 : 0.1397    recall@2 : 0.2174    recall@3 : 0.2794    recall@4 : 0.328    recall@5 : 0.3691    recall@10 : 0.5071    recall@20 : 0.642    recall@30 : 0.7137    recall@50 : 0.8026    ndcg@1 : 0.2223    ndcg@2 : 0.2421    ndcg@3 : 0.2629    ndcg@4 : 0.28    ndcg@5 : 0.2955    ndcg@10 : 0.345    ndcg@20 : 0.3852    ndcg@30 : 0.4048    ndcg@50 : 0.4259    precision@1 : 0.2223    precision@2 : 0.1809    precision@3 : 0.1585    precision@4 : 0.142    precision@5 : 0.1305    precision@10 : 0.095    precision@20 : 0.0631    precision@30 : 0.0485    precision@50 : 0.0337    map@1 : 0.2223    map@2 : 0.216    map@3 : 0.2215    map@4 : 0.2283    map@5 : 0.2353    map@10 : 0.2572    map@20 : 0.2709    map@30 : 0.277    map@50 : 0.2819
Sun 15 Mar 2026 21:52:12 INFO  Running E-step ! 
Sun 15 Mar 2026 21:52:13 INFO  epoch 142 training [time: 0.19s, train_loss1: 2.2540, train_loss2: 0.0354, train_loss3: 0.0109, train_loss4: 0.0019]
Sun 15 Mar 2026 21:52:13 INFO  epoch 142 evaluating [time: 0.28s, valid_score: 0.344600]
Sun 15 Mar 2026 21:52:13 INFO  valid result: 
recall@1 : 0.1389    recall@2 : 0.2159    recall@3 : 0.2792    recall@4 : 0.3291    recall@5 : 0.3683    recall@10 : 0.5074    recall@20 : 0.6423    recall@30 : 0.7134    recall@50 : 0.8014    ndcg@1 : 0.2211    ndcg@2 : 0.2405    ndcg@3 : 0.2623    ndcg@4 : 0.28    ndcg@5 : 0.2946    ndcg@10 : 0.3446    ndcg@20 : 0.3849    ndcg@30 : 0.4043    ndcg@50 : 0.4252    precision@1 : 0.2211    precision@2 : 0.1797    precision@3 : 0.1587    precision@4 : 0.1424    precision@5 : 0.1303    precision@10 : 0.0951    precision@20 : 0.0632    precision@30 : 0.0485    precision@50 : 0.0337    map@1 : 0.2211    map@2 : 0.2147    map@3 : 0.2208    map@4 : 0.2279    map@5 : 0.2346    map@10 : 0.2566    map@20 : 0.2705    map@30 : 0.2764    map@50 : 0.2813
Sun 15 Mar 2026 21:52:13 INFO  Running E-step ! 
Sun 15 Mar 2026 21:52:13 INFO  epoch 143 training [time: 0.20s, train_loss1: 2.2003, train_loss2: 0.0354, train_loss3: 0.0109, train_loss4: 0.0019]
Sun 15 Mar 2026 21:52:13 INFO  epoch 143 evaluating [time: 0.27s, valid_score: 0.345400]
Sun 15 Mar 2026 21:52:13 INFO  valid result: 
recall@1 : 0.1395    recall@2 : 0.217    recall@3 : 0.2807    recall@4 : 0.3284    recall@5 : 0.3679    recall@10 : 0.5084    recall@20 : 0.6429    recall@30 : 0.7125    recall@50 : 0.8013    ndcg@1 : 0.2223    ndcg@2 : 0.242    ndcg@3 : 0.2637    ndcg@4 : 0.2804    ndcg@5 : 0.295    ndcg@10 : 0.3454    ndcg@20 : 0.3857    ndcg@30 : 0.4046    ndcg@50 : 0.4258    precision@1 : 0.2223    precision@2 : 0.1809    precision@3 : 0.1593    precision@4 : 0.1424    precision@5 : 0.1302    precision@10 : 0.0952    precision@20 : 0.0633    precision@30 : 0.0484    precision@50 : 0.0337    map@1 : 0.2223    map@2 : 0.2162    map@3 : 0.2221    map@4 : 0.2285    map@5 : 0.2351    map@10 : 0.2574    map@20 : 0.2712    map@30 : 0.2771    map@50 : 0.282
Sun 15 Mar 2026 21:52:13 INFO  Saving current: saved/SCL-Mar-15-2026_21-50-59.pth
Sun 15 Mar 2026 21:52:13 INFO  Saving current best: saved/SCL-Mar-15-2026_21-50-59.pth
Sun 15 Mar 2026 21:52:13 INFO  Running E-step ! 
Sun 15 Mar 2026 21:52:14 INFO  epoch 144 training [time: 0.20s, train_loss1: 2.1918, train_loss2: 0.0353, train_loss3: 0.0109, train_loss4: 0.0019]
Sun 15 Mar 2026 21:52:14 INFO  epoch 144 evaluating [time: 0.27s, valid_score: 0.345300]
Sun 15 Mar 2026 21:52:14 INFO  valid result: 
recall@1 : 0.1395    recall@2 : 0.2169    recall@3 : 0.2809    recall@4 : 0.3286    recall@5 : 0.3676    recall@10 : 0.5078    recall@20 : 0.644    recall@30 : 0.7126    recall@50 : 0.8009    ndcg@1 : 0.2223    ndcg@2 : 0.242    ndcg@3 : 0.2641    ndcg@4 : 0.2806    ndcg@5 : 0.2949    ndcg@10 : 0.3453    ndcg@20 : 0.3859    ndcg@30 : 0.4048    ndcg@50 : 0.4258    precision@1 : 0.2223    precision@2 : 0.1809    precision@3 : 0.1601    precision@4 : 0.1426    precision@5 : 0.1302    precision@10 : 0.0952    precision@20 : 0.0633    precision@30 : 0.0485    precision@50 : 0.0337    map@1 : 0.2223    map@2 : 0.2162    map@3 : 0.2223    map@4 : 0.2286    map@5 : 0.2352    map@10 : 0.2574    map@20 : 0.2713    map@30 : 0.2772    map@50 : 0.2821
Sun 15 Mar 2026 21:52:14 INFO  Running E-step ! 
Sun 15 Mar 2026 21:52:14 INFO  epoch 145 training [time: 0.21s, train_loss1: 2.2007, train_loss2: 0.0352, train_loss3: 0.0109, train_loss4: 0.0019]
Sun 15 Mar 2026 21:52:14 INFO  epoch 145 evaluating [time: 0.26s, valid_score: 0.344700]
Sun 15 Mar 2026 21:52:14 INFO  valid result: 
recall@1 : 0.1381    recall@2 : 0.2171    recall@3 : 0.28    recall@4 : 0.3297    recall@5 : 0.3668    recall@10 : 0.5072    recall@20 : 0.6443    recall@30 : 0.7125    recall@50 : 0.8009    ndcg@1 : 0.2217    ndcg@2 : 0.2416    ndcg@3 : 0.2633    ndcg@4 : 0.2806    ndcg@5 : 0.2942    ndcg@10 : 0.3447    ndcg@20 : 0.3856    ndcg@30 : 0.4043    ndcg@50 : 0.4254    precision@1 : 0.2217    precision@2 : 0.1809    precision@3 : 0.1601    precision@4 : 0.143    precision@5 : 0.13    precision@10 : 0.0952    precision@20 : 0.0634    precision@30 : 0.0485    precision@50 : 0.0337    map@1 : 0.2217    map@2 : 0.2154    map@3 : 0.2214    map@4 : 0.2282    map@5 : 0.2343    map@10 : 0.2567    map@20 : 0.2707    map@30 : 0.2765    map@50 : 0.2815
Sun 15 Mar 2026 21:52:14 INFO  Running E-step ! 
Sun 15 Mar 2026 21:52:15 INFO  epoch 146 training [time: 0.19s, train_loss1: 2.2060, train_loss2: 0.0352, train_loss3: 0.0109, train_loss4: 0.0019]
Sun 15 Mar 2026 21:52:15 INFO  epoch 146 evaluating [time: 0.27s, valid_score: 0.344700]
Sun 15 Mar 2026 21:52:15 INFO  valid result: 
recall@1 : 0.1379    recall@2 : 0.2153    recall@3 : 0.2824    recall@4 : 0.3304    recall@5 : 0.3682    recall@10 : 0.5069    recall@20 : 0.6436    recall@30 : 0.7127    recall@50 : 0.8003    ndcg@1 : 0.2229    ndcg@2 : 0.2409    ndcg@3 : 0.2644    ndcg@4 : 0.281    ndcg@5 : 0.2948    ndcg@10 : 0.3447    ndcg@20 : 0.3855    ndcg@30 : 0.4044    ndcg@50 : 0.4253    precision@1 : 0.2229    precision@2 : 0.1803    precision@3 : 0.1609    precision@4 : 0.1433    precision@5 : 0.1304    precision@10 : 0.0952    precision@20 : 0.0633    precision@30 : 0.0485    precision@50 : 0.0337    map@1 : 0.2229    map@2 : 0.215    map@3 : 0.2219    map@4 : 0.2283    map@5 : 0.2345    map@10 : 0.2565    map@20 : 0.2705    map@30 : 0.2764    map@50 : 0.2814
Sun 15 Mar 2026 21:52:15 INFO  Running E-step ! 
Sun 15 Mar 2026 21:52:15 INFO  epoch 147 training [time: 0.19s, train_loss1: 2.1940, train_loss2: 0.0351, train_loss3: 0.0109, train_loss4: 0.0019]
Sun 15 Mar 2026 21:52:15 INFO  epoch 147 evaluating [time: 0.26s, valid_score: 0.344600]
Sun 15 Mar 2026 21:52:15 INFO  valid result: 
recall@1 : 0.1378    recall@2 : 0.215    recall@3 : 0.2791    recall@4 : 0.3314    recall@5 : 0.3683    recall@10 : 0.5074    recall@20 : 0.6434    recall@30 : 0.712    recall@50 : 0.7998    ndcg@1 : 0.2223    ndcg@2 : 0.2408    ndcg@3 : 0.2626    ndcg@4 : 0.2811    ndcg@5 : 0.2947    ndcg@10 : 0.3446    ndcg@20 : 0.3852    ndcg@30 : 0.4041    ndcg@50 : 0.4251    precision@1 : 0.2223    precision@2 : 0.1806    precision@3 : 0.1597    precision@4 : 0.1436    precision@5 : 0.1306    precision@10 : 0.0954    precision@20 : 0.0633    precision@30 : 0.0485    precision@50 : 0.0337    map@1 : 0.2223    map@2 : 0.215    map@3 : 0.2207    map@4 : 0.2281    map@5 : 0.2342    map@10 : 0.2564    map@20 : 0.2703    map@30 : 0.2762    map@50 : 0.2811
Sun 15 Mar 2026 21:52:15 INFO  Running E-step ! 
Sun 15 Mar 2026 21:52:16 INFO  epoch 148 training [time: 0.23s, train_loss1: 2.1755, train_loss2: 0.0350, train_loss3: 0.0109, train_loss4: 0.0019]
Sun 15 Mar 2026 21:52:16 INFO  epoch 148 evaluating [time: 0.27s, valid_score: 0.344600]
Sun 15 Mar 2026 21:52:16 INFO  valid result: 
recall@1 : 0.1377    recall@2 : 0.215    recall@3 : 0.2789    recall@4 : 0.33    recall@5 : 0.369    recall@10 : 0.5075    recall@20 : 0.6428    recall@30 : 0.7127    recall@50 : 0.8016    ndcg@1 : 0.2217    ndcg@2 : 0.2411    ndcg@3 : 0.2626    ndcg@4 : 0.2804    ndcg@5 : 0.2948    ndcg@10 : 0.3446    ndcg@20 : 0.385    ndcg@30 : 0.4041    ndcg@50 : 0.4253    precision@1 : 0.2217    precision@2 : 0.1812    precision@3 : 0.1597    precision@4 : 0.143    precision@5 : 0.1308    precision@10 : 0.0954    precision@20 : 0.0633    precision@30 : 0.0485    precision@50 : 0.0337    map@1 : 0.2217    map@2 : 0.2153    map@3 : 0.2207    map@4 : 0.2276    map@5 : 0.2342    map@10 : 0.2564    map@20 : 0.2702    map@30 : 0.2761    map@50 : 0.2811
Sun 15 Mar 2026 21:52:16 INFO  Running E-step ! 
Sun 15 Mar 2026 21:52:16 INFO  epoch 149 training [time: 0.22s, train_loss1: 2.1838, train_loss2: 0.0350, train_loss3: 0.0109, train_loss4: 0.0019]
Sun 15 Mar 2026 21:52:16 INFO  epoch 149 evaluating [time: 0.26s, valid_score: 0.344400]
Sun 15 Mar 2026 21:52:16 INFO  valid result: 
recall@1 : 0.1372    recall@2 : 0.2149    recall@3 : 0.2782    recall@4 : 0.33    recall@5 : 0.3696    recall@10 : 0.5077    recall@20 : 0.6426    recall@30 : 0.7127    recall@50 : 0.8015    ndcg@1 : 0.2211    ndcg@2 : 0.2407    ndcg@3 : 0.2619    ndcg@4 : 0.28    ndcg@5 : 0.2947    ndcg@10 : 0.3444    ndcg@20 : 0.3848    ndcg@30 : 0.404    ndcg@50 : 0.4251    precision@1 : 0.2211    precision@2 : 0.1809    precision@3 : 0.1593    precision@4 : 0.143    precision@5 : 0.1309    precision@10 : 0.0954    precision@20 : 0.0634    precision@30 : 0.0485    precision@50 : 0.0337    map@1 : 0.2211    map@2 : 0.2148    map@3 : 0.2201    map@4 : 0.2273    map@5 : 0.2339    map@10 : 0.256    map@20 : 0.27    map@30 : 0.2758    map@50 : 0.2808
Sun 15 Mar 2026 21:52:16 INFO  Running E-step ! 
Sun 15 Mar 2026 21:52:17 INFO  epoch 150 training [time: 0.19s, train_loss1: 2.1910, train_loss2: 0.0349, train_loss3: 0.0109, train_loss4: 0.0018]
Sun 15 Mar 2026 21:52:17 INFO  epoch 150 evaluating [time: 0.27s, valid_score: 0.344700]
Sun 15 Mar 2026 21:52:17 INFO  valid result: 
recall@1 : 0.1374    recall@2 : 0.2153    recall@3 : 0.2775    recall@4 : 0.3306    recall@5 : 0.3718    recall@10 : 0.5076    recall@20 : 0.6424    recall@30 : 0.7136    recall@50 : 0.8024    ndcg@1 : 0.2217    ndcg@2 : 0.2418    ndcg@3 : 0.2618    ndcg@4 : 0.2807    ndcg@5 : 0.2959    ndcg@10 : 0.3447    ndcg@20 : 0.3851    ndcg@30 : 0.4044    ndcg@50 : 0.4256    precision@1 : 0.2217    precision@2 : 0.1824    precision@3 : 0.1591    precision@4 : 0.1435    precision@5 : 0.1315    precision@10 : 0.0954    precision@20 : 0.0635    precision@30 : 0.0486    precision@50 : 0.0338    map@1 : 0.2217    map@2 : 0.2157    map@3 : 0.2202    map@4 : 0.2278    map@5 : 0.2346    map@10 : 0.2563    map@20 : 0.2703    map@30 : 0.2762    map@50 : 0.2812
Sun 15 Mar 2026 21:52:17 INFO  Running E-step ! 
Sun 15 Mar 2026 21:52:17 INFO  epoch 151 training [time: 0.19s, train_loss1: 2.1604, train_loss2: 0.0348, train_loss3: 0.0109, train_loss4: 0.0018]
Sun 15 Mar 2026 21:52:17 INFO  epoch 151 evaluating [time: 0.28s, valid_score: 0.345100]
Sun 15 Mar 2026 21:52:17 INFO  valid result: 
recall@1 : 0.1378    recall@2 : 0.2155    recall@3 : 0.2778    recall@4 : 0.3309    recall@5 : 0.3732    recall@10 : 0.5083    recall@20 : 0.6422    recall@30 : 0.7135    recall@50 : 0.8027    ndcg@1 : 0.2223    ndcg@2 : 0.2422    ndcg@3 : 0.2622    ndcg@4 : 0.2809    ndcg@5 : 0.2967    ndcg@10 : 0.3451    ndcg@20 : 0.3853    ndcg@30 : 0.4047    ndcg@50 : 0.4259    precision@1 : 0.2223    precision@2 : 0.1827    precision@3 : 0.1593    precision@4 : 0.1433    precision@5 : 0.1318    precision@10 : 0.0954    precision@20 : 0.0635    precision@30 : 0.0486    precision@50 : 0.0338    map@1 : 0.2223    map@2 : 0.216    map@3 : 0.2206    map@4 : 0.228    map@5 : 0.2351    map@10 : 0.2566    map@20 : 0.2706    map@30 : 0.2765    map@50 : 0.2815
Sun 15 Mar 2026 21:52:17 INFO  Running E-step ! 
Sun 15 Mar 2026 21:52:18 INFO  epoch 152 training [time: 0.21s, train_loss1: 2.1529, train_loss2: 0.0348, train_loss3: 0.0109, train_loss4: 0.0018]
Sun 15 Mar 2026 21:52:18 INFO  epoch 152 evaluating [time: 0.27s, valid_score: 0.345500]
Sun 15 Mar 2026 21:52:18 INFO  valid result: 
recall@1 : 0.1385    recall@2 : 0.2168    recall@3 : 0.2786    recall@4 : 0.3284    recall@5 : 0.3722    recall@10 : 0.5089    recall@20 : 0.6437    recall@30 : 0.7139    recall@50 : 0.8038    ndcg@1 : 0.2217    ndcg@2 : 0.243    ndcg@3 : 0.2629    ndcg@4 : 0.2802    ndcg@5 : 0.2966    ndcg@10 : 0.3455    ndcg@20 : 0.3859    ndcg@30 : 0.4051    ndcg@50 : 0.4263    precision@1 : 0.2217    precision@2 : 0.1833    precision@3 : 0.1597    precision@4 : 0.1426    precision@5 : 0.1317    precision@10 : 0.0956    precision@20 : 0.0636    precision@30 : 0.0486    precision@50 : 0.0338    map@1 : 0.2217    map@2 : 0.2166    map@3 : 0.2213    map@4 : 0.2278    map@5 : 0.2355    map@10 : 0.2571    map@20 : 0.2711    map@30 : 0.277    map@50 : 0.2819
Sun 15 Mar 2026 21:52:18 INFO  Saving current: saved/SCL-Mar-15-2026_21-50-59.pth
Sun 15 Mar 2026 21:52:18 INFO  Saving current best: saved/SCL-Mar-15-2026_21-50-59.pth
Sun 15 Mar 2026 21:52:18 INFO  Running E-step ! 
Sun 15 Mar 2026 21:52:18 INFO  epoch 153 training [time: 0.20s, train_loss1: 2.1636, train_loss2: 0.0347, train_loss3: 0.0109, train_loss4: 0.0018]
Sun 15 Mar 2026 21:52:18 INFO  epoch 153 evaluating [time: 0.27s, valid_score: 0.345900]
Sun 15 Mar 2026 21:52:18 INFO  valid result: 
recall@1 : 0.1379    recall@2 : 0.2154    recall@3 : 0.2787    recall@4 : 0.3283    recall@5 : 0.3715    recall@10 : 0.5114    recall@20 : 0.6439    recall@30 : 0.7144    recall@50 : 0.8026    ndcg@1 : 0.2211    ndcg@2 : 0.242    ndcg@3 : 0.2627    ndcg@4 : 0.2797    ndcg@5 : 0.296    ndcg@10 : 0.3459    ndcg@20 : 0.3856    ndcg@30 : 0.4048    ndcg@50 : 0.4258    precision@1 : 0.2211    precision@2 : 0.1827    precision@3 : 0.1599    precision@4 : 0.1424    precision@5 : 0.1316    precision@10 : 0.096    precision@20 : 0.0636    precision@30 : 0.0486    precision@50 : 0.0338    map@1 : 0.2211    map@2 : 0.2157    map@3 : 0.2209    map@4 : 0.2272    map@5 : 0.2348    map@10 : 0.2569    map@20 : 0.2706    map@30 : 0.2765    map@50 : 0.2814
Sun 15 Mar 2026 21:52:18 INFO  Saving current: saved/SCL-Mar-15-2026_21-50-59.pth
Sun 15 Mar 2026 21:52:18 INFO  Saving current best: saved/SCL-Mar-15-2026_21-50-59.pth
Sun 15 Mar 2026 21:52:18 INFO  Running E-step ! 
Sun 15 Mar 2026 21:52:19 INFO  epoch 154 training [time: 0.21s, train_loss1: 2.1666, train_loss2: 0.0346, train_loss3: 0.0109, train_loss4: 0.0018]
Sun 15 Mar 2026 21:52:19 INFO  epoch 154 evaluating [time: 0.28s, valid_score: 0.345000]
Sun 15 Mar 2026 21:52:19 INFO  valid result: 
recall@1 : 0.1375    recall@2 : 0.2148    recall@3 : 0.2775    recall@4 : 0.3279    recall@5 : 0.3711    recall@10 : 0.5093    recall@20 : 0.6443    recall@30 : 0.716    recall@50 : 0.8029    ndcg@1 : 0.2217    ndcg@2 : 0.2415    ndcg@3 : 0.2619    ndcg@4 : 0.2793    ndcg@5 : 0.2955    ndcg@10 : 0.345    ndcg@20 : 0.3855    ndcg@30 : 0.4049    ndcg@50 : 0.4256    precision@1 : 0.2217    precision@2 : 0.1821    precision@3 : 0.1593    precision@4 : 0.1424    precision@5 : 0.1315    precision@10 : 0.0958    precision@20 : 0.0637    precision@30 : 0.0488    precision@50 : 0.0338    map@1 : 0.2217    map@2 : 0.2156    map@3 : 0.2203    map@4 : 0.2268    map@5 : 0.2344    map@10 : 0.2563    map@20 : 0.2704    map@30 : 0.2763    map@50 : 0.2811
Sun 15 Mar 2026 21:52:19 INFO  Running E-step ! 
Sun 15 Mar 2026 21:52:19 INFO  epoch 155 training [time: 0.22s, train_loss1: 2.1554, train_loss2: 0.0346, train_loss3: 0.0109, train_loss4: 0.0018]
Sun 15 Mar 2026 21:52:19 INFO  epoch 155 evaluating [time: 0.28s, valid_score: 0.345100]
Sun 15 Mar 2026 21:52:19 INFO  valid result: 
recall@1 : 0.137    recall@2 : 0.2154    recall@3 : 0.2781    recall@4 : 0.328    recall@5 : 0.3711    recall@10 : 0.5092    recall@20 : 0.6444    recall@30 : 0.7163    recall@50 : 0.8044    ndcg@1 : 0.2217    ndcg@2 : 0.2417    ndcg@3 : 0.2622    ndcg@4 : 0.2793    ndcg@5 : 0.2956    ndcg@10 : 0.3451    ndcg@20 : 0.3856    ndcg@30 : 0.4051    ndcg@50 : 0.426    precision@1 : 0.2217    precision@2 : 0.1824    precision@3 : 0.1595    precision@4 : 0.1426    precision@5 : 0.1317    precision@10 : 0.0959    precision@20 : 0.0638    precision@30 : 0.0488    precision@50 : 0.0338    map@1 : 0.2217    map@2 : 0.2157    map@3 : 0.2204    map@4 : 0.2269    map@5 : 0.2344    map@10 : 0.2563    map@20 : 0.2704    map@30 : 0.2763    map@50 : 0.2812
Sun 15 Mar 2026 21:52:19 INFO  Running E-step ! 
Sun 15 Mar 2026 21:52:20 INFO  epoch 156 training [time: 0.21s, train_loss1: 2.1445, train_loss2: 0.0345, train_loss3: 0.0109, train_loss4: 0.0018]
Sun 15 Mar 2026 21:52:20 INFO  epoch 156 evaluating [time: 0.25s, valid_score: 0.345100]
Sun 15 Mar 2026 21:52:20 INFO  valid result: 
recall@1 : 0.1363    recall@2 : 0.2156    recall@3 : 0.278    recall@4 : 0.328    recall@5 : 0.3728    recall@10 : 0.5098    recall@20 : 0.6439    recall@30 : 0.7175    recall@50 : 0.8048    ndcg@1 : 0.2205    ndcg@2 : 0.2419    ndcg@3 : 0.2619    ndcg@4 : 0.2791    ndcg@5 : 0.2962    ndcg@10 : 0.3451    ndcg@20 : 0.3854    ndcg@30 : 0.4052    ndcg@50 : 0.426    precision@1 : 0.2205    precision@2 : 0.183    precision@3 : 0.1595    precision@4 : 0.1426    precision@5 : 0.1325    precision@10 : 0.096    precision@20 : 0.0637    precision@30 : 0.0488    precision@50 : 0.0339    map@1 : 0.2205    map@2 : 0.2156    map@3 : 0.22    map@4 : 0.2265    map@5 : 0.2346    map@10 : 0.2561    map@20 : 0.2702    map@30 : 0.2761    map@50 : 0.281
Sun 15 Mar 2026 21:52:20 INFO  Running E-step ! 
Sun 15 Mar 2026 21:52:20 INFO  epoch 157 training [time: 0.20s, train_loss1: 2.1123, train_loss2: 0.0344, train_loss3: 0.0109, train_loss4: 0.0018]
Sun 15 Mar 2026 21:52:20 INFO  epoch 157 evaluating [time: 0.28s, valid_score: 0.345400]
Sun 15 Mar 2026 21:52:20 INFO  valid result: 
recall@1 : 0.1374    recall@2 : 0.2162    recall@3 : 0.2775    recall@4 : 0.3281    recall@5 : 0.3725    recall@10 : 0.5093    recall@20 : 0.644    recall@30 : 0.7175    recall@50 : 0.8065    ndcg@1 : 0.2211    ndcg@2 : 0.2423    ndcg@3 : 0.262    ndcg@4 : 0.2795    ndcg@5 : 0.2965    ndcg@10 : 0.3454    ndcg@20 : 0.3859    ndcg@30 : 0.4057    ndcg@50 : 0.4268    precision@1 : 0.2211    precision@2 : 0.183    precision@3 : 0.1593    precision@4 : 0.1427    precision@5 : 0.1325    precision@10 : 0.0959    precision@20 : 0.0637    precision@30 : 0.0488    precision@50 : 0.0339    map@1 : 0.2211    map@2 : 0.2162    map@3 : 0.2203    map@4 : 0.2272    map@5 : 0.2352    map@10 : 0.2568    map@20 : 0.2709    map@30 : 0.2769    map@50 : 0.2818
Sun 15 Mar 2026 21:52:20 INFO  Running E-step ! 
Sun 15 Mar 2026 21:52:20 INFO  epoch 158 training [time: 0.20s, train_loss1: 2.1329, train_loss2: 0.0344, train_loss3: 0.0109, train_loss4: 0.0018]
Sun 15 Mar 2026 21:52:21 INFO  epoch 158 evaluating [time: 0.28s, valid_score: 0.345600]
Sun 15 Mar 2026 21:52:21 INFO  valid result: 
recall@1 : 0.138    recall@2 : 0.2154    recall@3 : 0.278    recall@4 : 0.3269    recall@5 : 0.3715    recall@10 : 0.509    recall@20 : 0.6433    recall@30 : 0.7175    recall@50 : 0.8072    ndcg@1 : 0.2217    ndcg@2 : 0.2424    ndcg@3 : 0.2623    ndcg@4 : 0.2794    ndcg@5 : 0.2964    ndcg@10 : 0.3456    ndcg@20 : 0.3859    ndcg@30 : 0.4059    ndcg@50 : 0.4271    precision@1 : 0.2217    precision@2 : 0.183    precision@3 : 0.1593    precision@4 : 0.1429    precision@5 : 0.1325    precision@10 : 0.0961    precision@20 : 0.0636    precision@30 : 0.0488    precision@50 : 0.0339    map@1 : 0.2217    map@2 : 0.2165    map@3 : 0.2208    map@4 : 0.2273    map@5 : 0.2354    map@10 : 0.257    map@20 : 0.2711    map@30 : 0.2771    map@50 : 0.2821
Sun 15 Mar 2026 21:52:21 INFO  Running E-step ! 
Sun 15 Mar 2026 21:52:21 INFO  epoch 159 training [time: 0.21s, train_loss1: 2.1036, train_loss2: 0.0343, train_loss3: 0.0110, train_loss4: 0.0017]
Sun 15 Mar 2026 21:52:21 INFO  epoch 159 evaluating [time: 0.27s, valid_score: 0.346300]
Sun 15 Mar 2026 21:52:21 INFO  valid result: 
recall@1 : 0.138    recall@2 : 0.2158    recall@3 : 0.2782    recall@4 : 0.3282    recall@5 : 0.3719    recall@10 : 0.5104    recall@20 : 0.6439    recall@30 : 0.7176    recall@50 : 0.8078    ndcg@1 : 0.2223    ndcg@2 : 0.2427    ndcg@3 : 0.2625    ndcg@4 : 0.2801    ndcg@5 : 0.2967    ndcg@10 : 0.3463    ndcg@20 : 0.3863    ndcg@30 : 0.4062    ndcg@50 : 0.4275    precision@1 : 0.2223    precision@2 : 0.1833    precision@3 : 0.1591    precision@4 : 0.1433    precision@5 : 0.1327    precision@10 : 0.0963    precision@20 : 0.0637    precision@30 : 0.0489    precision@50 : 0.0339    map@1 : 0.2223    map@2 : 0.2165    map@3 : 0.2207    map@4 : 0.2277    map@5 : 0.2356    map@10 : 0.2574    map@20 : 0.2714    map@30 : 0.2774    map@50 : 0.2824
Sun 15 Mar 2026 21:52:21 INFO  Saving current: saved/SCL-Mar-15-2026_21-50-59.pth
Sun 15 Mar 2026 21:52:21 INFO  Saving current best: saved/SCL-Mar-15-2026_21-50-59.pth
Sun 15 Mar 2026 21:52:21 INFO  Running E-step ! 
Sun 15 Mar 2026 21:52:21 INFO  epoch 160 training [time: 0.23s, train_loss1: 2.1049, train_loss2: 0.0343, train_loss3: 0.0110, train_loss4: 0.0017]
Sun 15 Mar 2026 21:52:22 INFO  epoch 160 evaluating [time: 0.27s, valid_score: 0.346300]
Sun 15 Mar 2026 21:52:22 INFO  valid result: 
recall@1 : 0.1385    recall@2 : 0.2162    recall@3 : 0.2784    recall@4 : 0.3282    recall@5 : 0.3716    recall@10 : 0.5098    recall@20 : 0.6442    recall@30 : 0.7183    recall@50 : 0.808    ndcg@1 : 0.2229    ndcg@2 : 0.2434    ndcg@3 : 0.2629    ndcg@4 : 0.2804    ndcg@5 : 0.2968    ndcg@10 : 0.3463    ndcg@20 : 0.3867    ndcg@30 : 0.4067    ndcg@50 : 0.4279    precision@1 : 0.2229    precision@2 : 0.1838    precision@3 : 0.1593    precision@4 : 0.1433    precision@5 : 0.1324    precision@10 : 0.0962    precision@20 : 0.0637    precision@30 : 0.0489    precision@50 : 0.034    map@1 : 0.2229    map@2 : 0.2171    map@3 : 0.2212    map@4 : 0.2281    map@5 : 0.2358    map@10 : 0.2576    map@20 : 0.2718    map@30 : 0.2778    map@50 : 0.2828
Sun 15 Mar 2026 21:52:22 INFO  Saving current: saved/SCL-Mar-15-2026_21-50-59.pth
Sun 15 Mar 2026 21:52:22 INFO  Saving current best: saved/SCL-Mar-15-2026_21-50-59.pth
Sun 15 Mar 2026 21:52:22 INFO  Running E-step ! 
Sun 15 Mar 2026 21:52:22 INFO  epoch 161 training [time: 0.21s, train_loss1: 2.0892, train_loss2: 0.0342, train_loss3: 0.0110, train_loss4: 0.0017]
Sun 15 Mar 2026 21:52:22 INFO  epoch 161 evaluating [time: 0.27s, valid_score: 0.346600]
Sun 15 Mar 2026 21:52:22 INFO  valid result: 
recall@1 : 0.1387    recall@2 : 0.2159    recall@3 : 0.2787    recall@4 : 0.3293    recall@5 : 0.3716    recall@10 : 0.5103    recall@20 : 0.6445    recall@30 : 0.7192    recall@50 : 0.8083    ndcg@1 : 0.2235    ndcg@2 : 0.2434    ndcg@3 : 0.2632    ndcg@4 : 0.281    ndcg@5 : 0.297    ndcg@10 : 0.3466    ndcg@20 : 0.3869    ndcg@30 : 0.4071    ndcg@50 : 0.4282    precision@1 : 0.2235    precision@2 : 0.1838    precision@3 : 0.1595    precision@4 : 0.1436    precision@5 : 0.1325    precision@10 : 0.0962    precision@20 : 0.0637    precision@30 : 0.049    precision@50 : 0.034    map@1 : 0.2235    map@2 : 0.2171    map@3 : 0.2214    map@4 : 0.2284    map@5 : 0.2359    map@10 : 0.2578    map@20 : 0.272    map@30 : 0.278    map@50 : 0.283
Sun 15 Mar 2026 21:52:22 INFO  Saving current: saved/SCL-Mar-15-2026_21-50-59.pth
Sun 15 Mar 2026 21:52:22 INFO  Saving current best: saved/SCL-Mar-15-2026_21-50-59.pth
Sun 15 Mar 2026 21:52:22 INFO  Running E-step ! 
Sun 15 Mar 2026 21:52:22 INFO  epoch 162 training [time: 0.20s, train_loss1: 2.0909, train_loss2: 0.0341, train_loss3: 0.0110, train_loss4: 0.0018]
Sun 15 Mar 2026 21:52:23 INFO  epoch 162 evaluating [time: 0.27s, valid_score: 0.346200]
Sun 15 Mar 2026 21:52:23 INFO  valid result: 
recall@1 : 0.1387    recall@2 : 0.2155    recall@3 : 0.2792    recall@4 : 0.3297    recall@5 : 0.3712    recall@10 : 0.5091    recall@20 : 0.6445    recall@30 : 0.719    recall@50 : 0.8084    ndcg@1 : 0.2235    ndcg@2 : 0.2433    ndcg@3 : 0.2634    ndcg@4 : 0.2811    ndcg@5 : 0.2968    ndcg@10 : 0.3462    ndcg@20 : 0.387    ndcg@30 : 0.407    ndcg@50 : 0.4282    precision@1 : 0.2235    precision@2 : 0.1838    precision@3 : 0.1597    precision@4 : 0.1436    precision@5 : 0.1325    precision@10 : 0.0961    precision@20 : 0.0639    precision@30 : 0.049    precision@50 : 0.034    map@1 : 0.2235    map@2 : 0.2169    map@3 : 0.2215    map@4 : 0.2285    map@5 : 0.2359    map@10 : 0.2577    map@20 : 0.272    map@30 : 0.278    map@50 : 0.283
Sun 15 Mar 2026 21:52:23 INFO  Running E-step ! 
Sun 15 Mar 2026 21:52:23 INFO  epoch 163 training [time: 0.21s, train_loss1: 2.1044, train_loss2: 0.0341, train_loss3: 0.0110, train_loss4: 0.0018]
Sun 15 Mar 2026 21:52:23 INFO  epoch 163 evaluating [time: 0.26s, valid_score: 0.346700]
Sun 15 Mar 2026 21:52:23 INFO  valid result: 
recall@1 : 0.1392    recall@2 : 0.216    recall@3 : 0.281    recall@4 : 0.3306    recall@5 : 0.3702    recall@10 : 0.5096    recall@20 : 0.6446    recall@30 : 0.7198    recall@50 : 0.8089    ndcg@1 : 0.2235    ndcg@2 : 0.2435    ndcg@3 : 0.2644    ndcg@4 : 0.2818    ndcg@5 : 0.2968    ndcg@10 : 0.3467    ndcg@20 : 0.3873    ndcg@30 : 0.4076    ndcg@50 : 0.4287    precision@1 : 0.2235    precision@2 : 0.1838    precision@3 : 0.1603    precision@4 : 0.1439    precision@5 : 0.1324    precision@10 : 0.0961    precision@20 : 0.0638    precision@30 : 0.049    precision@50 : 0.034    map@1 : 0.2235    map@2 : 0.2172    map@3 : 0.2222    map@4 : 0.2291    map@5 : 0.2362    map@10 : 0.2582    map@20 : 0.2725    map@30 : 0.2786    map@50 : 0.2835
Sun 15 Mar 2026 21:52:23 INFO  Saving current: saved/SCL-Mar-15-2026_21-50-59.pth
Sun 15 Mar 2026 21:52:23 INFO  Saving current best: saved/SCL-Mar-15-2026_21-50-59.pth
Sun 15 Mar 2026 21:52:23 INFO  Running E-step ! 
Sun 15 Mar 2026 21:52:23 INFO  epoch 164 training [time: 0.21s, train_loss1: 2.0728, train_loss2: 0.0340, train_loss3: 0.0110, train_loss4: 0.0018]
Sun 15 Mar 2026 21:52:24 INFO  epoch 164 evaluating [time: 0.27s, valid_score: 0.347100]
Sun 15 Mar 2026 21:52:24 INFO  valid result: 
recall@1 : 0.1393    recall@2 : 0.2166    recall@3 : 0.2803    recall@4 : 0.3317    recall@5 : 0.37    recall@10 : 0.5103    recall@20 : 0.6456    recall@30 : 0.7202    recall@50 : 0.8088    ndcg@1 : 0.2235    ndcg@2 : 0.2439    ndcg@3 : 0.264    ndcg@4 : 0.2824    ndcg@5 : 0.2968    ndcg@10 : 0.3471    ndcg@20 : 0.3877    ndcg@30 : 0.4078    ndcg@50 : 0.4289    precision@1 : 0.2235    precision@2 : 0.1841    precision@3 : 0.1599    precision@4 : 0.1444    precision@5 : 0.1324    precision@10 : 0.0962    precision@20 : 0.0638    precision@30 : 0.049    precision@50 : 0.034    map@1 : 0.2235    map@2 : 0.2175    map@3 : 0.2221    map@4 : 0.2296    map@5 : 0.2363    map@10 : 0.2585    map@20 : 0.2728    map@30 : 0.2788    map@50 : 0.2838
Sun 15 Mar 2026 21:52:24 INFO  Saving current: saved/SCL-Mar-15-2026_21-50-59.pth
Sun 15 Mar 2026 21:52:24 INFO  Saving current best: saved/SCL-Mar-15-2026_21-50-59.pth
Sun 15 Mar 2026 21:52:24 INFO  Running E-step ! 
Sun 15 Mar 2026 21:52:24 INFO  epoch 165 training [time: 0.20s, train_loss1: 2.0578, train_loss2: 0.0339, train_loss3: 0.0110, train_loss4: 0.0018]
Sun 15 Mar 2026 21:52:24 INFO  epoch 165 evaluating [time: 0.27s, valid_score: 0.347400]
Sun 15 Mar 2026 21:52:24 INFO  valid result: 
recall@1 : 0.1395    recall@2 : 0.2168    recall@3 : 0.2801    recall@4 : 0.3334    recall@5 : 0.3706    recall@10 : 0.5104    recall@20 : 0.6461    recall@30 : 0.7189    recall@50 : 0.8082    ndcg@1 : 0.2247    ndcg@2 : 0.2441    ndcg@3 : 0.2641    ndcg@4 : 0.2834    ndcg@5 : 0.2973    ndcg@10 : 0.3474    ndcg@20 : 0.3882    ndcg@30 : 0.4079    ndcg@50 : 0.4291    precision@1 : 0.2247    precision@2 : 0.1838    precision@3 : 0.1597    precision@4 : 0.145    precision@5 : 0.1324    precision@10 : 0.0964    precision@20 : 0.0639    precision@30 : 0.049    precision@50 : 0.034    map@1 : 0.2247    map@2 : 0.2178    map@3 : 0.2221    map@4 : 0.2302    map@5 : 0.2366    map@10 : 0.2588    map@20 : 0.2732    map@30 : 0.2791    map@50 : 0.2841
Sun 15 Mar 2026 21:52:24 INFO  Saving current: saved/SCL-Mar-15-2026_21-50-59.pth
Sun 15 Mar 2026 21:52:24 INFO  Saving current best: saved/SCL-Mar-15-2026_21-50-59.pth
Sun 15 Mar 2026 21:52:24 INFO  Running E-step ! 
Sun 15 Mar 2026 21:52:24 INFO  epoch 166 training [time: 0.24s, train_loss1: 2.0628, train_loss2: 0.0339, train_loss3: 0.0110, train_loss4: 0.0018]
Sun 15 Mar 2026 21:52:25 INFO  epoch 166 evaluating [time: 0.28s, valid_score: 0.347900]
Sun 15 Mar 2026 21:52:25 INFO  valid result: 
recall@1 : 0.1398    recall@2 : 0.2189    recall@3 : 0.279    recall@4 : 0.3326    recall@5 : 0.3705    recall@10 : 0.5108    recall@20 : 0.6458    recall@30 : 0.7187    recall@50 : 0.8087    ndcg@1 : 0.2247    ndcg@2 : 0.2455    ndcg@3 : 0.2641    ndcg@4 : 0.2832    ndcg@5 : 0.2974    ndcg@10 : 0.3479    ndcg@20 : 0.3884    ndcg@30 : 0.4081    ndcg@50 : 0.4294    precision@1 : 0.2247    precision@2 : 0.185    precision@3 : 0.1597    precision@4 : 0.1445    precision@5 : 0.1323    precision@10 : 0.0965    precision@20 : 0.0639    precision@30 : 0.049    precision@50 : 0.034    map@1 : 0.2247    map@2 : 0.219    map@3 : 0.2224    map@4 : 0.2304    map@5 : 0.237    map@10 : 0.2593    map@20 : 0.2736    map@30 : 0.2795    map@50 : 0.2845
Sun 15 Mar 2026 21:52:25 INFO  Saving current: saved/SCL-Mar-15-2026_21-50-59.pth
Sun 15 Mar 2026 21:52:25 INFO  Saving current best: saved/SCL-Mar-15-2026_21-50-59.pth
Sun 15 Mar 2026 21:52:25 INFO  Running E-step ! 
Sun 15 Mar 2026 21:52:25 INFO  epoch 167 training [time: 0.21s, train_loss1: 2.0803, train_loss2: 0.0338, train_loss3: 0.0110, train_loss4: 0.0018]
Sun 15 Mar 2026 21:52:25 INFO  epoch 167 evaluating [time: 0.27s, valid_score: 0.347900]
Sun 15 Mar 2026 21:52:25 INFO  valid result: 
recall@1 : 0.1396    recall@2 : 0.2186    recall@3 : 0.2796    recall@4 : 0.3331    recall@5 : 0.371    recall@10 : 0.5109    recall@20 : 0.6451    recall@30 : 0.7186    recall@50 : 0.8093    ndcg@1 : 0.2253    ndcg@2 : 0.2451    ndcg@3 : 0.2643    ndcg@4 : 0.2833    ndcg@5 : 0.2976    ndcg@10 : 0.3479    ndcg@20 : 0.3883    ndcg@30 : 0.4082    ndcg@50 : 0.4296    precision@1 : 0.2253    precision@2 : 0.1844    precision@3 : 0.1599    precision@4 : 0.1445    precision@5 : 0.1324    precision@10 : 0.0965    precision@20 : 0.0639    precision@30 : 0.049    precision@50 : 0.034    map@1 : 0.2253    map@2 : 0.2187    map@3 : 0.2225    map@4 : 0.2303    map@5 : 0.2371    map@10 : 0.2593    map@20 : 0.2736    map@30 : 0.2795    map@50 : 0.2846
Sun 15 Mar 2026 21:52:25 INFO  Saving current: saved/SCL-Mar-15-2026_21-50-59.pth
Sun 15 Mar 2026 21:52:25 INFO  Saving current best: saved/SCL-Mar-15-2026_21-50-59.pth
Sun 15 Mar 2026 21:52:25 INFO  Running E-step ! 
Sun 15 Mar 2026 21:52:26 INFO  epoch 168 training [time: 0.25s, train_loss1: 2.0868, train_loss2: 0.0337, train_loss3: 0.0110, train_loss4: 0.0018]
Sun 15 Mar 2026 21:52:26 INFO  epoch 168 evaluating [time: 0.26s, valid_score: 0.347500]
Sun 15 Mar 2026 21:52:26 INFO  valid result: 
recall@1 : 0.1384    recall@2 : 0.2186    recall@3 : 0.2808    recall@4 : 0.3326    recall@5 : 0.3704    recall@10 : 0.511    recall@20 : 0.6455    recall@30 : 0.7182    recall@50 : 0.8095    ndcg@1 : 0.2241    ndcg@2 : 0.2447    ndcg@3 : 0.2643    ndcg@4 : 0.2829    ndcg@5 : 0.2969    ndcg@10 : 0.3475    ndcg@20 : 0.388    ndcg@30 : 0.4077    ndcg@50 : 0.4292    precision@1 : 0.2241    precision@2 : 0.1844    precision@3 : 0.1601    precision@4 : 0.1448    precision@5 : 0.1322    precision@10 : 0.0965    precision@20 : 0.0639    precision@30 : 0.049    precision@50 : 0.0341    map@1 : 0.2241    map@2 : 0.218    map@3 : 0.2222    map@4 : 0.2298    map@5 : 0.2363    map@10 : 0.2587    map@20 : 0.273    map@30 : 0.279    map@50 : 0.284
Sun 15 Mar 2026 21:52:26 INFO  Running E-step ! 
Sun 15 Mar 2026 21:52:26 INFO  epoch 169 training [time: 0.22s, train_loss1: 2.0666, train_loss2: 0.0337, train_loss3: 0.0110, train_loss4: 0.0018]
Sun 15 Mar 2026 21:52:26 INFO  epoch 169 evaluating [time: 0.29s, valid_score: 0.346700]
Sun 15 Mar 2026 21:52:26 INFO  valid result: 
recall@1 : 0.1372    recall@2 : 0.2189    recall@3 : 0.2819    recall@4 : 0.3333    recall@5 : 0.3721    recall@10 : 0.5089    recall@20 : 0.6447    recall@30 : 0.7182    recall@50 : 0.8104    ndcg@1 : 0.2229    ndcg@2 : 0.2444    ndcg@3 : 0.2648    ndcg@4 : 0.283    ndcg@5 : 0.2975    ndcg@10 : 0.3467    ndcg@20 : 0.3876    ndcg@30 : 0.4076    ndcg@50 : 0.4293    precision@1 : 0.2229    precision@2 : 0.1847    precision@3 : 0.1611    precision@4 : 0.145    precision@5 : 0.1329    precision@10 : 0.0963    precision@20 : 0.0638    precision@30 : 0.049    precision@50 : 0.0341    map@1 : 0.2229    map@2 : 0.2175    map@3 : 0.2221    map@4 : 0.2296    map@5 : 0.2364    map@10 : 0.2582    map@20 : 0.2727    map@30 : 0.2787    map@50 : 0.2838
Sun 15 Mar 2026 21:52:26 INFO  Running E-step ! 
Sun 15 Mar 2026 21:52:27 INFO  epoch 170 training [time: 0.22s, train_loss1: 2.0417, train_loss2: 0.0336, train_loss3: 0.0110, train_loss4: 0.0018]
Sun 15 Mar 2026 21:52:27 INFO  epoch 170 evaluating [time: 0.28s, valid_score: 0.346800]
Sun 15 Mar 2026 21:52:27 INFO  valid result: 
recall@1 : 0.1376    recall@2 : 0.2192    recall@3 : 0.2821    recall@4 : 0.3346    recall@5 : 0.3733    recall@10 : 0.508    recall@20 : 0.6459    recall@30 : 0.7186    recall@50 : 0.8091    ndcg@1 : 0.2223    ndcg@2 : 0.2449    ndcg@3 : 0.265    ndcg@4 : 0.2838    ndcg@5 : 0.2983    ndcg@10 : 0.3468    ndcg@20 : 0.3882    ndcg@30 : 0.4081    ndcg@50 : 0.4294    precision@1 : 0.2223    precision@2 : 0.1853    precision@3 : 0.1613    precision@4 : 0.1457    precision@5 : 0.1334    precision@10 : 0.0963    precision@20 : 0.0639    precision@30 : 0.0491    precision@50 : 0.0341    map@1 : 0.2223    map@2 : 0.2178    map@3 : 0.2224    map@4 : 0.2304    map@5 : 0.2371    map@10 : 0.2586    map@20 : 0.2732    map@30 : 0.2793    map@50 : 0.2842
Sun 15 Mar 2026 21:52:27 INFO  Running E-step ! 
Sun 15 Mar 2026 21:52:27 INFO  epoch 171 training [time: 0.22s, train_loss1: 2.0484, train_loss2: 0.0335, train_loss3: 0.0110, train_loss4: 0.0017]
Sun 15 Mar 2026 21:52:27 INFO  epoch 171 evaluating [time: 0.27s, valid_score: 0.347100]
Sun 15 Mar 2026 21:52:27 INFO  valid result: 
recall@1 : 0.1375    recall@2 : 0.2195    recall@3 : 0.2819    recall@4 : 0.3356    recall@5 : 0.3721    recall@10 : 0.5086    recall@20 : 0.6459    recall@30 : 0.7199    recall@50 : 0.8096    ndcg@1 : 0.2223    ndcg@2 : 0.245    ndcg@3 : 0.265    ndcg@4 : 0.2843    ndcg@5 : 0.2979    ndcg@10 : 0.3471    ndcg@20 : 0.3883    ndcg@30 : 0.4084    ndcg@50 : 0.4296    precision@1 : 0.2223    precision@2 : 0.1853    precision@3 : 0.1613    precision@4 : 0.1462    precision@5 : 0.1333    precision@10 : 0.0964    precision@20 : 0.0639    precision@30 : 0.0492    precision@50 : 0.0341    map@1 : 0.2223    map@2 : 0.218    map@3 : 0.2222    map@4 : 0.2306    map@5 : 0.237    map@10 : 0.2587    map@20 : 0.2733    map@30 : 0.2794    map@50 : 0.2843
Sun 15 Mar 2026 21:52:27 INFO  Running E-step ! 
Sun 15 Mar 2026 21:52:28 INFO  epoch 172 training [time: 0.22s, train_loss1: 2.0500, train_loss2: 0.0335, train_loss3: 0.0110, train_loss4: 0.0018]
Sun 15 Mar 2026 21:52:28 INFO  epoch 172 evaluating [time: 0.26s, valid_score: 0.348200]
Sun 15 Mar 2026 21:52:28 INFO  valid result: 
recall@1 : 0.1399    recall@2 : 0.2211    recall@3 : 0.283    recall@4 : 0.336    recall@5 : 0.3704    recall@10 : 0.5077    recall@20 : 0.6454    recall@30 : 0.7202    recall@50 : 0.8101    ndcg@1 : 0.2265    ndcg@2 : 0.2471    ndcg@3 : 0.2669    ndcg@4 : 0.2859    ndcg@5 : 0.2986    ndcg@10 : 0.3482    ndcg@20 : 0.3895    ndcg@30 : 0.4097    ndcg@50 : 0.4309    precision@1 : 0.2265    precision@2 : 0.1859    precision@3 : 0.1619    precision@4 : 0.1465    precision@5 : 0.1329    precision@10 : 0.0964    precision@20 : 0.0639    precision@30 : 0.0492    precision@50 : 0.0341    map@1 : 0.2265    map@2 : 0.2202    map@3 : 0.2243    map@4 : 0.2324    map@5 : 0.2383    map@10 : 0.2603    map@20 : 0.2748    map@30 : 0.2809    map@50 : 0.2859
Sun 15 Mar 2026 21:52:28 INFO  Saving current: saved/SCL-Mar-15-2026_21-50-59.pth
Sun 15 Mar 2026 21:52:28 INFO  Saving current best: saved/SCL-Mar-15-2026_21-50-59.pth
Sun 15 Mar 2026 21:52:28 INFO  Running E-step ! 
Sun 15 Mar 2026 21:52:28 INFO  epoch 173 training [time: 0.22s, train_loss1: 2.0321, train_loss2: 0.0334, train_loss3: 0.0110, train_loss4: 0.0018]
Sun 15 Mar 2026 21:52:28 INFO  epoch 173 evaluating [time: 0.27s, valid_score: 0.348100]
Sun 15 Mar 2026 21:52:28 INFO  valid result: 
recall@1 : 0.1399    recall@2 : 0.2212    recall@3 : 0.282    recall@4 : 0.3356    recall@5 : 0.3712    recall@10 : 0.5076    recall@20 : 0.6456    recall@30 : 0.721    recall@50 : 0.8105    ndcg@1 : 0.2265    ndcg@2 : 0.2471    ndcg@3 : 0.2666    ndcg@4 : 0.2857    ndcg@5 : 0.2989    ndcg@10 : 0.3481    ndcg@20 : 0.3895    ndcg@30 : 0.4099    ndcg@50 : 0.431    precision@1 : 0.2265    precision@2 : 0.1859    precision@3 : 0.1617    precision@4 : 0.1463    precision@5 : 0.133    precision@10 : 0.0964    precision@20 : 0.0639    precision@30 : 0.0493    precision@50 : 0.0341    map@1 : 0.2265    map@2 : 0.2202    map@3 : 0.224    map@4 : 0.2323    map@5 : 0.2384    map@10 : 0.2602    map@20 : 0.2748    map@30 : 0.2809    map@50 : 0.2859
Sun 15 Mar 2026 21:52:28 INFO  Running E-step ! 
Sun 15 Mar 2026 21:52:29 INFO  epoch 174 training [time: 0.21s, train_loss1: 2.0355, train_loss2: 0.0333, train_loss3: 0.0110, train_loss4: 0.0017]
Sun 15 Mar 2026 21:52:29 INFO  epoch 174 evaluating [time: 0.28s, valid_score: 0.348600]
Sun 15 Mar 2026 21:52:29 INFO  valid result: 
recall@1 : 0.1397    recall@2 : 0.2222    recall@3 : 0.2816    recall@4 : 0.3361    recall@5 : 0.3707    recall@10 : 0.5086    recall@20 : 0.6466    recall@30 : 0.7215    recall@50 : 0.8111    ndcg@1 : 0.2265    ndcg@2 : 0.2479    ndcg@3 : 0.2666    ndcg@4 : 0.286    ndcg@5 : 0.2987    ndcg@10 : 0.3486    ndcg@20 : 0.39    ndcg@30 : 0.4102    ndcg@50 : 0.4313    precision@1 : 0.2265    precision@2 : 0.1868    precision@3 : 0.1617    precision@4 : 0.1463    precision@5 : 0.1328    precision@10 : 0.0967    precision@20 : 0.0641    precision@30 : 0.0493    precision@50 : 0.0342    map@1 : 0.2265    map@2 : 0.2208    map@3 : 0.224    map@4 : 0.2325    map@5 : 0.2383    map@10 : 0.2605    map@20 : 0.2751    map@30 : 0.2812    map@50 : 0.2861
Sun 15 Mar 2026 21:52:29 INFO  Saving current: saved/SCL-Mar-15-2026_21-50-59.pth
Sun 15 Mar 2026 21:52:29 INFO  Saving current best: saved/SCL-Mar-15-2026_21-50-59.pth
Sun 15 Mar 2026 21:52:29 INFO  Running E-step ! 
Sun 15 Mar 2026 21:52:29 INFO  epoch 175 training [time: 0.22s, train_loss1: 2.0335, train_loss2: 0.0333, train_loss3: 0.0110, train_loss4: 0.0017]
Sun 15 Mar 2026 21:52:29 INFO  epoch 175 evaluating [time: 0.28s, valid_score: 0.348600]
Sun 15 Mar 2026 21:52:29 INFO  valid result: 
recall@1 : 0.1393    recall@2 : 0.2227    recall@3 : 0.2822    recall@4 : 0.3362    recall@5 : 0.3712    recall@10 : 0.5088    recall@20 : 0.6469    recall@30 : 0.7224    recall@50 : 0.8121    ndcg@1 : 0.2259    ndcg@2 : 0.2482    ndcg@3 : 0.2669    ndcg@4 : 0.286    ndcg@5 : 0.2989    ndcg@10 : 0.3486    ndcg@20 : 0.39    ndcg@30 : 0.4104    ndcg@50 : 0.4314    precision@1 : 0.2259    precision@2 : 0.1874    precision@3 : 0.1621    precision@4 : 0.1463    precision@5 : 0.1331    precision@10 : 0.0968    precision@20 : 0.0642    precision@30 : 0.0494    precision@50 : 0.0342    map@1 : 0.2259    map@2 : 0.2208    map@3 : 0.224    map@4 : 0.2325    map@5 : 0.2384    map@10 : 0.2604    map@20 : 0.275    map@30 : 0.2811    map@50 : 0.286
Sun 15 Mar 2026 21:52:29 INFO  Saving current: saved/SCL-Mar-15-2026_21-50-59.pth
Sun 15 Mar 2026 21:52:29 INFO  Saving current best: saved/SCL-Mar-15-2026_21-50-59.pth
Sun 15 Mar 2026 21:52:29 INFO  Running E-step ! 
Sun 15 Mar 2026 21:52:30 INFO  epoch 176 training [time: 0.22s, train_loss1: 2.0260, train_loss2: 0.0332, train_loss3: 0.0110, train_loss4: 0.0017]
Sun 15 Mar 2026 21:52:30 INFO  epoch 176 evaluating [time: 0.29s, valid_score: 0.348700]
Sun 15 Mar 2026 21:52:30 INFO  valid result: 
recall@1 : 0.1376    recall@2 : 0.2238    recall@3 : 0.2836    recall@4 : 0.3386    recall@5 : 0.3718    recall@10 : 0.5096    recall@20 : 0.6471    recall@30 : 0.7223    recall@50 : 0.812    ndcg@1 : 0.2235    ndcg@2 : 0.2478    ndcg@3 : 0.267    ndcg@4 : 0.2867    ndcg@5 : 0.2988    ndcg@10 : 0.3487    ndcg@20 : 0.3898    ndcg@30 : 0.41    ndcg@50 : 0.4311    precision@1 : 0.2235    precision@2 : 0.1874    precision@3 : 0.1625    precision@4 : 0.1473    precision@5 : 0.1333    precision@10 : 0.0971    precision@20 : 0.0642    precision@30 : 0.0494    precision@50 : 0.0342    map@1 : 0.2235    map@2 : 0.2202    map@3 : 0.2237    map@4 : 0.2327    map@5 : 0.2382    map@10 : 0.2603    map@20 : 0.2747    map@30 : 0.2808    map@50 : 0.2857
Sun 15 Mar 2026 21:52:30 INFO  Saving current: saved/SCL-Mar-15-2026_21-50-59.pth
Sun 15 Mar 2026 21:52:30 INFO  Saving current best: saved/SCL-Mar-15-2026_21-50-59.pth
Sun 15 Mar 2026 21:52:30 INFO  Running E-step ! 
Sun 15 Mar 2026 21:52:30 INFO  epoch 177 training [time: 0.22s, train_loss1: 2.0008, train_loss2: 0.0331, train_loss3: 0.0110, train_loss4: 0.0017]
Sun 15 Mar 2026 21:52:30 INFO  epoch 177 evaluating [time: 0.28s, valid_score: 0.348600]
Sun 15 Mar 2026 21:52:30 INFO  valid result: 
recall@1 : 0.1376    recall@2 : 0.2229    recall@3 : 0.2835    recall@4 : 0.3375    recall@5 : 0.3721    recall@10 : 0.5097    recall@20 : 0.6479    recall@30 : 0.721    recall@50 : 0.8119    ndcg@1 : 0.2235    ndcg@2 : 0.2474    ndcg@3 : 0.2668    ndcg@4 : 0.2862    ndcg@5 : 0.2988    ndcg@10 : 0.3486    ndcg@20 : 0.3898    ndcg@30 : 0.4096    ndcg@50 : 0.4309    precision@1 : 0.2235    precision@2 : 0.1871    precision@3 : 0.1625    precision@4 : 0.1471    precision@5 : 0.1334    precision@10 : 0.0971    precision@20 : 0.0643    precision@30 : 0.0493    precision@50 : 0.0341    map@1 : 0.2235    map@2 : 0.2199    map@3 : 0.2236    map@4 : 0.2323    map@5 : 0.2381    map@10 : 0.2602    map@20 : 0.2746    map@30 : 0.2806    map@50 : 0.2855
Sun 15 Mar 2026 21:52:30 INFO  Running E-step ! 
Sun 15 Mar 2026 21:52:31 INFO  epoch 178 training [time: 0.23s, train_loss1: 2.0042, train_loss2: 0.0331, train_loss3: 0.0110, train_loss4: 0.0017]
Sun 15 Mar 2026 21:52:31 INFO  epoch 178 evaluating [time: 0.28s, valid_score: 0.348200]
Sun 15 Mar 2026 21:52:31 INFO  valid result: 
recall@1 : 0.1373    recall@2 : 0.2225    recall@3 : 0.2836    recall@4 : 0.3373    recall@5 : 0.3721    recall@10 : 0.5089    recall@20 : 0.6479    recall@30 : 0.7217    recall@50 : 0.8128    ndcg@1 : 0.2229    ndcg@2 : 0.2473    ndcg@3 : 0.2668    ndcg@4 : 0.286    ndcg@5 : 0.2986    ndcg@10 : 0.3482    ndcg@20 : 0.3897    ndcg@30 : 0.4096    ndcg@50 : 0.431    precision@1 : 0.2229    precision@2 : 0.1874    precision@3 : 0.1627    precision@4 : 0.1472    precision@5 : 0.1331    precision@10 : 0.097    precision@20 : 0.0642    precision@30 : 0.0494    precision@50 : 0.0342    map@1 : 0.2229    map@2 : 0.2199    map@3 : 0.2236    map@4 : 0.2322    map@5 : 0.2379    map@10 : 0.2599    map@20 : 0.2745    map@30 : 0.2805    map@50 : 0.2854
Sun 15 Mar 2026 21:52:31 INFO  Running E-step ! 
Sun 15 Mar 2026 21:52:31 INFO  epoch 179 training [time: 0.23s, train_loss1: 2.0080, train_loss2: 0.0330, train_loss3: 0.0110, train_loss4: 0.0017]
Sun 15 Mar 2026 21:52:31 INFO  epoch 179 evaluating [time: 0.28s, valid_score: 0.348700]
Sun 15 Mar 2026 21:52:31 INFO  valid result: 
recall@1 : 0.1381    recall@2 : 0.2225    recall@3 : 0.283    recall@4 : 0.3372    recall@5 : 0.3725    recall@10 : 0.5095    recall@20 : 0.6478    recall@30 : 0.7223    recall@50 : 0.8129    ndcg@1 : 0.2247    ndcg@2 : 0.2475    ndcg@3 : 0.2668    ndcg@4 : 0.2863    ndcg@5 : 0.2989    ndcg@10 : 0.3487    ndcg@20 : 0.39    ndcg@30 : 0.4101    ndcg@50 : 0.4314    precision@1 : 0.2247    precision@2 : 0.1871    precision@3 : 0.1625    precision@4 : 0.1473    precision@5 : 0.1331    precision@10 : 0.0971    precision@20 : 0.0643    precision@30 : 0.0494    precision@50 : 0.0342    map@1 : 0.2247    map@2 : 0.2202    map@3 : 0.2237    map@4 : 0.2325    map@5 : 0.2382    map@10 : 0.2603    map@20 : 0.2749    map@30 : 0.2809    map@50 : 0.2858
Sun 15 Mar 2026 21:52:31 INFO  Saving current: saved/SCL-Mar-15-2026_21-50-59.pth
Sun 15 Mar 2026 21:52:31 INFO  Saving current best: saved/SCL-Mar-15-2026_21-50-59.pth
Sun 15 Mar 2026 21:52:31 INFO  Running E-step ! 
Sun 15 Mar 2026 21:52:32 INFO  epoch 180 training [time: 0.21s, train_loss1: 1.9886, train_loss2: 0.0329, train_loss3: 0.0110, train_loss4: 0.0017]
Sun 15 Mar 2026 21:52:32 INFO  epoch 180 evaluating [time: 0.26s, valid_score: 0.349000]
Sun 15 Mar 2026 21:52:32 INFO  valid result: 
recall@1 : 0.1381    recall@2 : 0.2249    recall@3 : 0.2836    recall@4 : 0.3386    recall@5 : 0.3711    recall@10 : 0.5091    recall@20 : 0.6457    recall@30 : 0.72    recall@50 : 0.8132    ndcg@1 : 0.2253    ndcg@2 : 0.2491    ndcg@3 : 0.2675    ndcg@4 : 0.2874    ndcg@5 : 0.2988    ndcg@10 : 0.349    ndcg@20 : 0.39    ndcg@30 : 0.4101    ndcg@50 : 0.4318    precision@1 : 0.2253    precision@2 : 0.1883    precision@3 : 0.1627    precision@4 : 0.1479    precision@5 : 0.1327    precision@10 : 0.0971    precision@20 : 0.0642    precision@30 : 0.0493    precision@50 : 0.0342    map@1 : 0.2253    map@2 : 0.2212    map@3 : 0.2242    map@4 : 0.2332    map@5 : 0.2384    map@10 : 0.2606    map@20 : 0.2752    map@30 : 0.2812    map@50 : 0.2862
Sun 15 Mar 2026 21:52:32 INFO  Saving current: saved/SCL-Mar-15-2026_21-50-59.pth
Sun 15 Mar 2026 21:52:32 INFO  Saving current best: saved/SCL-Mar-15-2026_21-50-59.pth
Sun 15 Mar 2026 21:52:32 INFO  Running E-step ! 
Sun 15 Mar 2026 21:52:32 INFO  epoch 181 training [time: 0.19s, train_loss1: 2.0073, train_loss2: 0.0329, train_loss3: 0.0110, train_loss4: 0.0017]
Sun 15 Mar 2026 21:52:32 INFO  epoch 181 evaluating [time: 0.28s, valid_score: 0.348300]
Sun 15 Mar 2026 21:52:32 INFO  valid result: 
recall@1 : 0.136    recall@2 : 0.2237    recall@3 : 0.2861    recall@4 : 0.3384    recall@5 : 0.3702    recall@10 : 0.5091    recall@20 : 0.6458    recall@30 : 0.7192    recall@50 : 0.8128    ndcg@1 : 0.2241    ndcg@2 : 0.2477    ndcg@3 : 0.2683    ndcg@4 : 0.2867    ndcg@5 : 0.2977    ndcg@10 : 0.3483    ndcg@20 : 0.3892    ndcg@30 : 0.4093    ndcg@50 : 0.4311    precision@1 : 0.2241    precision@2 : 0.1877    precision@3 : 0.1643    precision@4 : 0.1478    precision@5 : 0.1323    precision@10 : 0.0971    precision@20 : 0.0642    precision@30 : 0.0494    precision@50 : 0.0342    map@1 : 0.2241    map@2 : 0.2196    map@3 : 0.2242    map@4 : 0.2321    map@5 : 0.2371    map@10 : 0.2596    map@20 : 0.2741    map@30 : 0.2802    map@50 : 0.2852
Sun 15 Mar 2026 21:52:32 INFO  Running E-step ! 
Sun 15 Mar 2026 21:52:33 INFO  epoch 182 training [time: 0.21s, train_loss1: 2.0332, train_loss2: 0.0328, train_loss3: 0.0110, train_loss4: 0.0017]
Sun 15 Mar 2026 21:52:33 INFO  epoch 182 evaluating [time: 0.29s, valid_score: 0.347900]
Sun 15 Mar 2026 21:52:33 INFO  valid result: 
recall@1 : 0.1358    recall@2 : 0.2234    recall@3 : 0.2861    recall@4 : 0.3387    recall@5 : 0.3695    recall@10 : 0.5085    recall@20 : 0.6454    recall@30 : 0.7191    recall@50 : 0.8133    ndcg@1 : 0.2235    ndcg@2 : 0.2474    ndcg@3 : 0.2682    ndcg@4 : 0.2866    ndcg@5 : 0.2973    ndcg@10 : 0.3479    ndcg@20 : 0.389    ndcg@30 : 0.4091    ndcg@50 : 0.431    precision@1 : 0.2235    precision@2 : 0.1877    precision@3 : 0.1643    precision@4 : 0.1478    precision@5 : 0.1321    precision@10 : 0.0969    precision@20 : 0.0641    precision@30 : 0.0494    precision@50 : 0.0342    map@1 : 0.2235    map@2 : 0.2193    map@3 : 0.2241    map@4 : 0.232    map@5 : 0.2369    map@10 : 0.2593    map@20 : 0.2739    map@30 : 0.28    map@50 : 0.285
Sun 15 Mar 2026 21:52:33 INFO  Running E-step ! 
Sun 15 Mar 2026 21:52:33 INFO  epoch 183 training [time: 0.21s, train_loss1: 2.0039, train_loss2: 0.0327, train_loss3: 0.0110, train_loss4: 0.0017]
Sun 15 Mar 2026 21:52:33 INFO  epoch 183 evaluating [time: 0.19s, valid_score: 0.347000]
Sun 15 Mar 2026 21:52:33 INFO  valid result: 
recall@1 : 0.1353    recall@2 : 0.2216    recall@3 : 0.2841    recall@4 : 0.3369    recall@5 : 0.3699    recall@10 : 0.508    recall@20 : 0.6433    recall@30 : 0.7181    recall@50 : 0.8136    ndcg@1 : 0.2229    ndcg@2 : 0.2463    ndcg@3 : 0.2667    ndcg@4 : 0.2853    ndcg@5 : 0.297    ndcg@10 : 0.347    ndcg@20 : 0.3878    ndcg@30 : 0.4082    ndcg@50 : 0.4304    precision@1 : 0.2229    precision@2 : 0.1871    precision@3 : 0.1635    precision@4 : 0.1472    precision@5 : 0.1324    precision@10 : 0.0967    precision@20 : 0.064    precision@30 : 0.0493    precision@50 : 0.0342    map@1 : 0.2229    map@2 : 0.2183    map@3 : 0.223    map@4 : 0.231    map@5 : 0.2363    map@10 : 0.2584    map@20 : 0.273    map@30 : 0.2792    map@50 : 0.2843
Sun 15 Mar 2026 21:52:33 INFO  Running E-step ! 
Sun 15 Mar 2026 21:52:34 INFO  epoch 184 training [time: 0.21s, train_loss1: 1.9773, train_loss2: 0.0327, train_loss3: 0.0110, train_loss4: 0.0017]
Sun 15 Mar 2026 21:52:34 INFO  epoch 184 evaluating [time: 0.28s, valid_score: 0.346300]
Sun 15 Mar 2026 21:52:34 INFO  valid result: 
recall@1 : 0.1344    recall@2 : 0.2197    recall@3 : 0.2854    recall@4 : 0.3348    recall@5 : 0.3709    recall@10 : 0.5076    recall@20 : 0.6425    recall@30 : 0.719    recall@50 : 0.8137    ndcg@1 : 0.2217    ndcg@2 : 0.2448    ndcg@3 : 0.2668    ndcg@4 : 0.2837    ndcg@5 : 0.2968    ndcg@10 : 0.3463    ndcg@20 : 0.387    ndcg@30 : 0.4078    ndcg@50 : 0.4298    precision@1 : 0.2217    precision@2 : 0.1862    precision@3 : 0.1641    precision@4 : 0.1463    precision@5 : 0.1328    precision@10 : 0.0966    precision@20 : 0.0639    precision@30 : 0.0494    precision@50 : 0.0342    map@1 : 0.2217    map@2 : 0.2172    map@3 : 0.2228    map@4 : 0.2298    map@5 : 0.2359    map@10 : 0.2577    map@20 : 0.2723    map@30 : 0.2785    map@50 : 0.2836
Sun 15 Mar 2026 21:52:34 INFO  Running E-step ! 
Sun 15 Mar 2026 21:52:34 INFO  epoch 185 training [time: 0.22s, train_loss1: 1.9770, train_loss2: 0.0326, train_loss3: 0.0110, train_loss4: 0.0017]
Sun 15 Mar 2026 21:52:34 INFO  epoch 185 evaluating [time: 0.28s, valid_score: 0.346600]
Sun 15 Mar 2026 21:52:34 INFO  valid result: 
recall@1 : 0.1356    recall@2 : 0.2202    recall@3 : 0.2831    recall@4 : 0.335    recall@5 : 0.3721    recall@10 : 0.5068    recall@20 : 0.6428    recall@30 : 0.7184    recall@50 : 0.813    ndcg@1 : 0.2229    ndcg@2 : 0.2454    ndcg@3 : 0.2663    ndcg@4 : 0.2841    ndcg@5 : 0.2977    ndcg@10 : 0.3466    ndcg@20 : 0.3875    ndcg@30 : 0.4081    ndcg@50 : 0.4302    precision@1 : 0.2229    precision@2 : 0.1862    precision@3 : 0.1635    precision@4 : 0.1465    precision@5 : 0.1334    precision@10 : 0.0967    precision@20 : 0.0639    precision@30 : 0.0493    precision@50 : 0.0342    map@1 : 0.2229    map@2 : 0.218    map@3 : 0.2228    map@4 : 0.2303    map@5 : 0.2368    map@10 : 0.2582    map@20 : 0.2729    map@30 : 0.2791    map@50 : 0.2842
Sun 15 Mar 2026 21:52:34 INFO  Running E-step ! 
Sun 15 Mar 2026 21:52:35 INFO  epoch 186 training [time: 0.20s, train_loss1: 1.9684, train_loss2: 0.0325, train_loss3: 0.0110, train_loss4: 0.0017]
Sun 15 Mar 2026 21:52:35 INFO  epoch 186 evaluating [time: 0.27s, valid_score: 0.345600]
Sun 15 Mar 2026 21:52:35 INFO  valid result: 
recall@1 : 0.1338    recall@2 : 0.2199    recall@3 : 0.2822    recall@4 : 0.3332    recall@5 : 0.3719    recall@10 : 0.5066    recall@20 : 0.6432    recall@30 : 0.7168    recall@50 : 0.8151    ndcg@1 : 0.2199    ndcg@2 : 0.2441    ndcg@3 : 0.2648    ndcg@4 : 0.2825    ndcg@5 : 0.2968    ndcg@10 : 0.3456    ndcg@20 : 0.3868    ndcg@30 : 0.4068    ndcg@50 : 0.4297    precision@1 : 0.2199    precision@2 : 0.1856    precision@3 : 0.1629    precision@4 : 0.146    precision@5 : 0.1335    precision@10 : 0.0967    precision@20 : 0.064    precision@30 : 0.0493    precision@50 : 0.0343    map@1 : 0.2199    map@2 : 0.2166    map@3 : 0.2214    map@4 : 0.2288    map@5 : 0.2357    map@10 : 0.2572    map@20 : 0.2719    map@30 : 0.278    map@50 : 0.2832
Sun 15 Mar 2026 21:52:35 INFO  Running E-step ! 
Sun 15 Mar 2026 21:52:35 INFO  epoch 187 training [time: 0.22s, train_loss1: 1.9617, train_loss2: 0.0325, train_loss3: 0.0110, train_loss4: 0.0017]
Sun 15 Mar 2026 21:52:35 INFO  epoch 187 evaluating [time: 0.27s, valid_score: 0.345000]
Sun 15 Mar 2026 21:52:35 INFO  valid result: 
recall@1 : 0.1332    recall@2 : 0.2172    recall@3 : 0.2807    recall@4 : 0.3342    recall@5 : 0.3716    recall@10 : 0.5063    recall@20 : 0.6417    recall@30 : 0.7158    recall@50 : 0.8147    ndcg@1 : 0.2193    ndcg@2 : 0.2416    ndcg@3 : 0.2635    ndcg@4 : 0.2821    ndcg@5 : 0.296    ndcg@10 : 0.345    ndcg@20 : 0.3858    ndcg@30 : 0.406    ndcg@50 : 0.429    precision@1 : 0.2193    precision@2 : 0.1833    precision@3 : 0.1625    precision@4 : 0.1462    precision@5 : 0.1335    precision@10 : 0.0967    precision@20 : 0.0639    precision@30 : 0.0492    precision@50 : 0.0343    map@1 : 0.2193    map@2 : 0.2147    map@3 : 0.2202    map@4 : 0.2282    map@5 : 0.2348    map@10 : 0.2565    map@20 : 0.2711    map@30 : 0.2772    map@50 : 0.2824
Sun 15 Mar 2026 21:52:35 INFO  Running E-step ! 
Sun 15 Mar 2026 21:52:36 INFO  epoch 188 training [time: 0.21s, train_loss1: 1.9372, train_loss2: 0.0324, train_loss3: 0.0110, train_loss4: 0.0017]
Sun 15 Mar 2026 21:52:36 INFO  epoch 188 evaluating [time: 0.27s, valid_score: 0.345100]
Sun 15 Mar 2026 21:52:36 INFO  valid result: 
recall@1 : 0.1326    recall@2 : 0.2162    recall@3 : 0.2808    recall@4 : 0.3337    recall@5 : 0.371    recall@10 : 0.5077    recall@20 : 0.6416    recall@30 : 0.7168    recall@50 : 0.8143    ndcg@1 : 0.2187    ndcg@2 : 0.2406    ndcg@3 : 0.2633    ndcg@4 : 0.2816    ndcg@5 : 0.2954    ndcg@10 : 0.3451    ndcg@20 : 0.3855    ndcg@30 : 0.4059    ndcg@50 : 0.4285    precision@1 : 0.2187    precision@2 : 0.1827    precision@3 : 0.1627    precision@4 : 0.1463    precision@5 : 0.1334    precision@10 : 0.097    precision@20 : 0.0639    precision@30 : 0.0493    precision@50 : 0.0343    map@1 : 0.2187    map@2 : 0.2138    map@3 : 0.2198    map@4 : 0.2276    map@5 : 0.2342    map@10 : 0.2562    map@20 : 0.2706    map@30 : 0.2768    map@50 : 0.282
Sun 15 Mar 2026 21:52:36 INFO  Running E-step ! 
Sun 15 Mar 2026 21:52:36 INFO  epoch 189 training [time: 0.21s, train_loss1: 1.9346, train_loss2: 0.0323, train_loss3: 0.0110, train_loss4: 0.0017]
Sun 15 Mar 2026 21:52:36 INFO  epoch 189 evaluating [time: 0.28s, valid_score: 0.344800]
Sun 15 Mar 2026 21:52:36 INFO  valid result: 
recall@1 : 0.1322    recall@2 : 0.2162    recall@3 : 0.2795    recall@4 : 0.3328    recall@5 : 0.3689    recall@10 : 0.5079    recall@20 : 0.6411    recall@30 : 0.7148    recall@50 : 0.8146    ndcg@1 : 0.2187    ndcg@2 : 0.2405    ndcg@3 : 0.2625    ndcg@4 : 0.2811    ndcg@5 : 0.2943    ndcg@10 : 0.3448    ndcg@20 : 0.385    ndcg@30 : 0.4052    ndcg@50 : 0.4282    precision@1 : 0.2187    precision@2 : 0.1827    precision@3 : 0.1621    precision@4 : 0.1463    precision@5 : 0.133    precision@10 : 0.0971    precision@20 : 0.0638    precision@30 : 0.0492    precision@50 : 0.0343    map@1 : 0.2187    map@2 : 0.2135    map@3 : 0.2189    map@4 : 0.227    map@5 : 0.2334    map@10 : 0.2557    map@20 : 0.2701    map@30 : 0.2763    map@50 : 0.2815
Sun 15 Mar 2026 21:52:36 INFO  Running E-step ! 
Sun 15 Mar 2026 21:52:37 INFO  epoch 190 training [time: 0.19s, train_loss1: 1.9588, train_loss2: 0.0323, train_loss3: 0.0110, train_loss4: 0.0017]
Sun 15 Mar 2026 21:52:37 INFO  epoch 190 evaluating [time: 0.28s, valid_score: 0.344700]
Sun 15 Mar 2026 21:52:37 INFO  valid result: 
recall@1 : 0.1322    recall@2 : 0.216    recall@3 : 0.2809    recall@4 : 0.3318    recall@5 : 0.3687    recall@10 : 0.5077    recall@20 : 0.642    recall@30 : 0.7144    recall@50 : 0.8137    ndcg@1 : 0.2187    ndcg@2 : 0.2403    ndcg@3 : 0.2632    ndcg@4 : 0.2807    ndcg@5 : 0.2943    ndcg@10 : 0.3447    ndcg@20 : 0.3852    ndcg@30 : 0.405    ndcg@50 : 0.428    precision@1 : 0.2187    precision@2 : 0.1824    precision@3 : 0.1629    precision@4 : 0.146    precision@5 : 0.1329    precision@10 : 0.0971    precision@20 : 0.0639    precision@30 : 0.0491    precision@50 : 0.0342    map@1 : 0.2187    map@2 : 0.2133    map@3 : 0.2195    map@4 : 0.2269    map@5 : 0.2334    map@10 : 0.2557    map@20 : 0.2702    map@30 : 0.2762    map@50 : 0.2815
Sun 15 Mar 2026 21:52:37 INFO  Running E-step ! 
Sun 15 Mar 2026 21:52:37 INFO  epoch 191 training [time: 0.21s, train_loss1: 1.9628, train_loss2: 0.0322, train_loss3: 0.0110, train_loss4: 0.0017]
Sun 15 Mar 2026 21:52:37 INFO  epoch 191 evaluating [time: 0.27s, valid_score: 0.344900]
Sun 15 Mar 2026 21:52:37 INFO  valid result: 
recall@1 : 0.1322    recall@2 : 0.2163    recall@3 : 0.2817    recall@4 : 0.3318    recall@5 : 0.3684    recall@10 : 0.5082    recall@20 : 0.6428    recall@30 : 0.7142    recall@50 : 0.8137    ndcg@1 : 0.2187    ndcg@2 : 0.2408    ndcg@3 : 0.2638    ndcg@4 : 0.2809    ndcg@5 : 0.2944    ndcg@10 : 0.3449    ndcg@20 : 0.3855    ndcg@30 : 0.4051    ndcg@50 : 0.4281    precision@1 : 0.2187    precision@2 : 0.183    precision@3 : 0.1635    precision@4 : 0.1462    precision@5 : 0.133    precision@10 : 0.0971    precision@20 : 0.064    precision@30 : 0.0492    precision@50 : 0.0342    map@1 : 0.2187    map@2 : 0.2136    map@3 : 0.2199    map@4 : 0.2271    map@5 : 0.2336    map@10 : 0.2559    map@20 : 0.2703    map@30 : 0.2764    map@50 : 0.2816
Sun 15 Mar 2026 21:52:37 INFO  Running E-step ! 
Sun 15 Mar 2026 21:52:38 INFO  epoch 192 training [time: 0.20s, train_loss1: 1.9242, train_loss2: 0.0322, train_loss3: 0.0110, train_loss4: 0.0017]
Sun 15 Mar 2026 21:52:38 INFO  epoch 192 evaluating [time: 0.27s, valid_score: 0.344600]
Sun 15 Mar 2026 21:52:38 INFO  valid result: 
recall@1 : 0.132    recall@2 : 0.217    recall@3 : 0.2783    recall@4 : 0.3323    recall@5 : 0.3688    recall@10 : 0.5077    recall@20 : 0.6414    recall@30 : 0.715    recall@50 : 0.8144    ndcg@1 : 0.2181    ndcg@2 : 0.2412    ndcg@3 : 0.262    ndcg@4 : 0.2809    ndcg@5 : 0.2942    ndcg@10 : 0.3446    ndcg@20 : 0.3849    ndcg@30 : 0.405    ndcg@50 : 0.428    precision@1 : 0.2181    precision@2 : 0.1833    precision@3 : 0.1621    precision@4 : 0.1465    precision@5 : 0.1329    precision@10 : 0.0973    precision@20 : 0.0639    precision@30 : 0.0492    precision@50 : 0.0343    map@1 : 0.2181    map@2 : 0.2141    map@3 : 0.2189    map@4 : 0.2271    map@5 : 0.2334    map@10 : 0.2557    map@20 : 0.2701    map@30 : 0.2762    map@50 : 0.2814
Sun 15 Mar 2026 21:52:38 INFO  Running E-step ! 
Sun 15 Mar 2026 21:52:38 INFO  epoch 193 training [time: 0.21s, train_loss1: 1.8993, train_loss2: 0.0321, train_loss3: 0.0110, train_loss4: 0.0017]
Sun 15 Mar 2026 21:52:38 INFO  epoch 193 evaluating [time: 0.27s, valid_score: 0.344900]
Sun 15 Mar 2026 21:52:38 INFO  valid result: 
recall@1 : 0.1322    recall@2 : 0.2181    recall@3 : 0.2783    recall@4 : 0.3323    recall@5 : 0.3707    recall@10 : 0.5075    recall@20 : 0.6419    recall@30 : 0.7154    recall@50 : 0.8144    ndcg@1 : 0.2181    ndcg@2 : 0.242    ndcg@3 : 0.2624    ndcg@4 : 0.2812    ndcg@5 : 0.2953    ndcg@10 : 0.3449    ndcg@20 : 0.3853    ndcg@30 : 0.4053    ndcg@50 : 0.4282    precision@1 : 0.2181    precision@2 : 0.1841    precision@3 : 0.1625    precision@4 : 0.1465    precision@5 : 0.1335    precision@10 : 0.0973    precision@20 : 0.0639    precision@30 : 0.0492    precision@50 : 0.0343    map@1 : 0.2181    map@2 : 0.2147    map@3 : 0.2192    map@4 : 0.2273    map@5 : 0.2341    map@10 : 0.256    map@20 : 0.2704    map@30 : 0.2765    map@50 : 0.2817
Sun 15 Mar 2026 21:52:38 INFO  Running E-step ! 
Sun 15 Mar 2026 21:52:38 INFO  epoch 194 training [time: 0.21s, train_loss1: 1.8981, train_loss2: 0.0320, train_loss3: 0.0110, train_loss4: 0.0017]
Sun 15 Mar 2026 21:52:39 INFO  epoch 194 evaluating [time: 0.28s, valid_score: 0.345300]
Sun 15 Mar 2026 21:52:39 INFO  valid result: 
recall@1 : 0.1327    recall@2 : 0.2177    recall@3 : 0.2777    recall@4 : 0.3327    recall@5 : 0.3711    recall@10 : 0.5089    recall@20 : 0.6415    recall@30 : 0.7168    recall@50 : 0.8146    ndcg@1 : 0.2187    ndcg@2 : 0.2418    ndcg@3 : 0.2622    ndcg@4 : 0.2815    ndcg@5 : 0.2956    ndcg@10 : 0.3453    ndcg@20 : 0.3853    ndcg@30 : 0.4057    ndcg@50 : 0.4284    precision@1 : 0.2187    precision@2 : 0.1838    precision@3 : 0.1623    precision@4 : 0.1466    precision@5 : 0.1337    precision@10 : 0.0974    precision@20 : 0.0639    precision@30 : 0.0492    precision@50 : 0.0343    map@1 : 0.2187    map@2 : 0.2145    map@3 : 0.2193    map@4 : 0.2276    map@5 : 0.2346    map@10 : 0.2562    map@20 : 0.2705    map@30 : 0.2767    map@50 : 0.2819
Sun 15 Mar 2026 21:52:39 INFO  Running E-step ! 
Sun 15 Mar 2026 21:52:39 INFO  epoch 195 training [time: 0.22s, train_loss1: 1.9025, train_loss2: 0.0320, train_loss3: 0.0110, train_loss4: 0.0017]
Sun 15 Mar 2026 21:52:39 INFO  epoch 195 evaluating [time: 0.29s, valid_score: 0.346200]
Sun 15 Mar 2026 21:52:39 INFO  valid result: 
recall@1 : 0.1335    recall@2 : 0.2187    recall@3 : 0.2777    recall@4 : 0.3332    recall@5 : 0.3733    recall@10 : 0.5097    recall@20 : 0.641    recall@30 : 0.718    recall@50 : 0.8146    ndcg@1 : 0.2199    ndcg@2 : 0.2429    ndcg@3 : 0.2627    ndcg@4 : 0.2822    ndcg@5 : 0.2972    ndcg@10 : 0.3462    ndcg@20 : 0.3858    ndcg@30 : 0.4066    ndcg@50 : 0.4291    precision@1 : 0.2199    precision@2 : 0.1844    precision@3 : 0.1623    precision@4 : 0.1469    precision@5 : 0.1347    precision@10 : 0.0975    precision@20 : 0.0639    precision@30 : 0.0493    precision@50 : 0.0343    map@1 : 0.2199    map@2 : 0.2157    map@3 : 0.2199    map@4 : 0.2283    map@5 : 0.2357    map@10 : 0.2571    map@20 : 0.2713    map@30 : 0.2776    map@50 : 0.2827
Sun 15 Mar 2026 21:52:39 INFO  Running E-step ! 
Sun 15 Mar 2026 21:52:40 INFO  epoch 196 training [time: 0.22s, train_loss1: 1.8950, train_loss2: 0.0319, train_loss3: 0.0110, train_loss4: 0.0017]
Sun 15 Mar 2026 21:52:40 INFO  epoch 196 evaluating [time: 0.28s, valid_score: 0.346900]
Sun 15 Mar 2026 21:52:40 INFO  valid result: 
recall@1 : 0.134    recall@2 : 0.2195    recall@3 : 0.2772    recall@4 : 0.3332    recall@5 : 0.3727    recall@10 : 0.5113    recall@20 : 0.6411    recall@30 : 0.7182    recall@50 : 0.8145    ndcg@1 : 0.2199    ndcg@2 : 0.2439    ndcg@3 : 0.2629    ndcg@4 : 0.2825    ndcg@5 : 0.2972    ndcg@10 : 0.3469    ndcg@20 : 0.3861    ndcg@30 : 0.4069    ndcg@50 : 0.4293    precision@1 : 0.2199    precision@2 : 0.1853    precision@3 : 0.1627    precision@4 : 0.1469    precision@5 : 0.1344    precision@10 : 0.0976    precision@20 : 0.0639    precision@30 : 0.0494    precision@50 : 0.0343    map@1 : 0.2199    map@2 : 0.2166    map@3 : 0.2204    map@4 : 0.2287    map@5 : 0.236    map@10 : 0.2575    map@20 : 0.2717    map@30 : 0.278    map@50 : 0.2831
Sun 15 Mar 2026 21:52:40 INFO  Running E-step ! 
Sun 15 Mar 2026 21:52:40 INFO  epoch 197 training [time: 0.23s, train_loss1: 1.8971, train_loss2: 0.0318, train_loss3: 0.0110, train_loss4: 0.0016]
Sun 15 Mar 2026 21:52:40 INFO  epoch 197 evaluating [time: 0.29s, valid_score: 0.347200]
Sun 15 Mar 2026 21:52:40 INFO  valid result: 
recall@1 : 0.1346    recall@2 : 0.2183    recall@3 : 0.279    recall@4 : 0.3333    recall@5 : 0.3729    recall@10 : 0.5116    recall@20 : 0.6419    recall@30 : 0.7192    recall@50 : 0.8155    ndcg@1 : 0.2205    ndcg@2 : 0.2431    ndcg@3 : 0.2639    ndcg@4 : 0.2829    ndcg@5 : 0.2975    ndcg@10 : 0.3472    ndcg@20 : 0.3865    ndcg@30 : 0.4074    ndcg@50 : 0.4297    precision@1 : 0.2205    precision@2 : 0.1844    precision@3 : 0.1633    precision@4 : 0.1473    precision@5 : 0.1347    precision@10 : 0.0977    precision@20 : 0.064    precision@30 : 0.0495    precision@50 : 0.0343    map@1 : 0.2205    map@2 : 0.2162    map@3 : 0.2211    map@4 : 0.2291    map@5 : 0.2363    map@10 : 0.2579    map@20 : 0.272    map@30 : 0.2784    map@50 : 0.2834
Sun 15 Mar 2026 21:52:40 INFO  Running E-step ! 
Sun 15 Mar 2026 21:52:41 INFO  epoch 198 training [time: 0.23s, train_loss1: 1.8728, train_loss2: 0.0318, train_loss3: 0.0110, train_loss4: 0.0016]
Sun 15 Mar 2026 21:52:41 INFO  epoch 198 evaluating [time: 0.28s, valid_score: 0.348000]
Sun 15 Mar 2026 21:52:41 INFO  valid result: 
recall@1 : 0.1347    recall@2 : 0.2187    recall@3 : 0.2786    recall@4 : 0.3334    recall@5 : 0.3729    recall@10 : 0.5133    recall@20 : 0.6429    recall@30 : 0.7187    recall@50 : 0.8159    ndcg@1 : 0.2223    ndcg@2 : 0.2441    ndcg@3 : 0.2639    ndcg@4 : 0.2833    ndcg@5 : 0.2977    ndcg@10 : 0.348    ndcg@20 : 0.3871    ndcg@30 : 0.4076    ndcg@50 : 0.4301    precision@1 : 0.2223    precision@2 : 0.1853    precision@3 : 0.1629    precision@4 : 0.1476    precision@5 : 0.1347    precision@10 : 0.098    precision@20 : 0.0641    precision@30 : 0.0494    precision@50 : 0.0343    map@1 : 0.2223    map@2 : 0.2169    map@3 : 0.221    map@4 : 0.2293    map@5 : 0.2364    map@10 : 0.2582    map@20 : 0.2722    map@30 : 0.2784    map@50 : 0.2836
Sun 15 Mar 2026 21:52:41 INFO  Running E-step ! 
Sun 15 Mar 2026 21:52:41 INFO  epoch 199 training [time: 0.22s, train_loss1: 1.8850, train_loss2: 0.0317, train_loss3: 0.0110, train_loss4: 0.0016]
Sun 15 Mar 2026 21:52:41 INFO  epoch 199 evaluating [time: 0.29s, valid_score: 0.347500]
Sun 15 Mar 2026 21:52:41 INFO  valid result: 
recall@1 : 0.1348    recall@2 : 0.218    recall@3 : 0.2779    recall@4 : 0.3306    recall@5 : 0.3721    recall@10 : 0.5123    recall@20 : 0.6429    recall@30 : 0.7185    recall@50 : 0.8148    ndcg@1 : 0.2223    ndcg@2 : 0.2435    ndcg@3 : 0.2634    ndcg@4 : 0.282    ndcg@5 : 0.2972    ndcg@10 : 0.3475    ndcg@20 : 0.3869    ndcg@30 : 0.4073    ndcg@50 : 0.4296    precision@1 : 0.2223    precision@2 : 0.1847    precision@3 : 0.1625    precision@4 : 0.1471    precision@5 : 0.1344    precision@10 : 0.0979    precision@20 : 0.0641    precision@30 : 0.0494    precision@50 : 0.0343    map@1 : 0.2223    map@2 : 0.2163    map@3 : 0.2206    map@4 : 0.2284    map@5 : 0.236    map@10 : 0.2577    map@20 : 0.2719    map@30 : 0.2782    map@50 : 0.2832
Sun 15 Mar 2026 21:52:41 INFO  Running E-step ! 
Sun 15 Mar 2026 21:52:42 INFO  epoch 200 training [time: 0.22s, train_loss1: 1.8929, train_loss2: 0.0317, train_loss3: 0.0110, train_loss4: 0.0016]
Sun 15 Mar 2026 21:52:42 INFO  epoch 200 evaluating [time: 0.29s, valid_score: 0.347600]
Sun 15 Mar 2026 21:52:42 INFO  valid result: 
recall@1 : 0.1347    recall@2 : 0.2183    recall@3 : 0.278    recall@4 : 0.3318    recall@5 : 0.3724    recall@10 : 0.5121    recall@20 : 0.6427    recall@30 : 0.7191    recall@50 : 0.8141    ndcg@1 : 0.2229    ndcg@2 : 0.2438    ndcg@3 : 0.2637    ndcg@4 : 0.2827    ndcg@5 : 0.2975    ndcg@10 : 0.3476    ndcg@20 : 0.387    ndcg@30 : 0.4076    ndcg@50 : 0.4297    precision@1 : 0.2229    precision@2 : 0.185    precision@3 : 0.1629    precision@4 : 0.1476    precision@5 : 0.1347    precision@10 : 0.098    precision@20 : 0.0642    precision@30 : 0.0495    precision@50 : 0.0343    map@1 : 0.2229    map@2 : 0.2165    map@3 : 0.2209    map@4 : 0.229    map@5 : 0.2362    map@10 : 0.258    map@20 : 0.2721    map@30 : 0.2783    map@50 : 0.2834
Sun 15 Mar 2026 21:52:42 INFO  Running E-step ! 
Sun 15 Mar 2026 21:52:42 INFO  epoch 201 training [time: 0.29s, train_loss1: 1.8923, train_loss2: 0.0316, train_loss3: 0.0110, train_loss4: 0.0016]
Sun 15 Mar 2026 21:52:42 INFO  epoch 201 evaluating [time: 0.19s, valid_score: 0.348600]
Sun 15 Mar 2026 21:52:42 INFO  valid result: 
recall@1 : 0.1376    recall@2 : 0.2192    recall@3 : 0.2776    recall@4 : 0.331    recall@5 : 0.3722    recall@10 : 0.5115    recall@20 : 0.6433    recall@30 : 0.7196    recall@50 : 0.8128    ndcg@1 : 0.2259    ndcg@2 : 0.2457    ndcg@3 : 0.2647    ndcg@4 : 0.2836    ndcg@5 : 0.2986    ndcg@10 : 0.3486    ndcg@20 : 0.3882    ndcg@30 : 0.4088    ndcg@50 : 0.4306    precision@1 : 0.2259    precision@2 : 0.1859    precision@3 : 0.1627    precision@4 : 0.1473    precision@5 : 0.1346    precision@10 : 0.0979    precision@20 : 0.0642    precision@30 : 0.0495    precision@50 : 0.0343    map@1 : 0.2259    map@2 : 0.2186    map@3 : 0.2225    map@4 : 0.2304    map@5 : 0.2377    map@10 : 0.2595    map@20 : 0.2736    map@30 : 0.2799    map@50 : 0.2849
Sun 15 Mar 2026 21:52:42 INFO  Finished training, best eval result in epoch 180
Sun 15 Mar 2026 21:52:42 INFO  Loading model structure and parameters from saved/SCL-Mar-15-2026_21-50-59.pth
Sun 15 Mar 2026 21:52:43 INFO  best valid : OrderedDict([('recall@1', 0.1381), ('recall@2', 0.2249), ('recall@3', 0.2836), ('recall@4', 0.3386), ('recall@5', 0.3711), ('recall@10', 0.5091), ('recall@20', 0.6457), ('recall@30', 0.72), ('recall@50', 0.8132), ('ndcg@1', 0.2253), ('ndcg@2', 0.2491), ('ndcg@3', 0.2675), ('ndcg@4', 0.2874), ('ndcg@5', 0.2988), ('ndcg@10', 0.349), ('ndcg@20', 0.39), ('ndcg@30', 0.4101), ('ndcg@50', 0.4318), ('precision@1', 0.2253), ('precision@2', 0.1883), ('precision@3', 0.1627), ('precision@4', 0.1479), ('precision@5', 0.1327), ('precision@10', 0.0971), ('precision@20', 0.0642), ('precision@30', 0.0493), ('precision@50', 0.0342), ('map@1', 0.2253), ('map@2', 0.2212), ('map@3', 0.2242), ('map@4', 0.2332), ('map@5', 0.2384), ('map@10', 0.2606), ('map@20', 0.2752), ('map@30', 0.2812), ('map@50', 0.2862)])
Sun 15 Mar 2026 21:52:43 INFO  test result: OrderedDict([('recall@1', 0.1699), ('recall@2', 0.2554), ('recall@3', 0.3145), ('recall@4', 0.3602), ('recall@5', 0.4019), ('recall@10', 0.5109), ('recall@20', 0.6482), ('recall@30', 0.7154), ('recall@50', 0.8058), ('ndcg@1', 0.2862), ('ndcg@2', 0.2989), ('ndcg@3', 0.3126), ('ndcg@4', 0.3268), ('ndcg@5', 0.3407), ('ndcg@10', 0.3759), ('ndcg@20', 0.415), ('ndcg@30', 0.4326), ('ndcg@50', 0.4531), ('precision@1', 0.2862), ('precision@2', 0.2256), ('precision@3', 0.1895), ('precision@4', 0.1673), ('precision@5', 0.1512), ('precision@10', 0.0998), ('precision@20', 0.0644), ('precision@30', 0.0482), ('precision@50', 0.0329), ('map@1', 0.2862), ('map@2', 0.2722), ('map@3', 0.2725), ('map@4', 0.2772), ('map@5', 0.2826), ('map@10', 0.2958), ('map@20', 0.3084), ('map@30', 0.3136), ('map@50', 0.318)])
Sun 15 Mar 2026 21:52:43 INFO  training time: 101.9927s
Sun 15 Mar 2026 21:52:43 INFO  result file: results/again/scl_scl_seed2020.json
