Sun 15 Mar 2026 22:56:10 INFO  
General Hyper Parameters:
gpu_id = 0
use_gpu = True
seed = 2030
state = INFO
reproducibility = True
data_path = ./travel
checkpoint_dir = saved
show_progress = True
save_dataset = False
dataset_save_path = None
save_dataloaders = False
dataloaders_save_path = None
log_wandb = False

Training Hyper Parameters:
epochs = 1000
train_batch_size = 4096
learner = adam
learning_rate = 0.001
train_neg_sample_args = {'distribution': 'uniform', 'sample_num': 1, 'alpha': 1.0, 'dynamic': False, 'candidate_num': 0}
eval_step = 1
stopping_step = 10
clip_grad_norm = None
weight_decay = 0.0
loss_decimal_place = 4

Evaluation Hyper Parameters:
eval_args = {'split': {'RS': [0.8, 0.1, 0.1]}, 'order': 'RO', 'group_by': 'user', 'mode': {'valid': 'full', 'test': 'full'}}
repeatable = False
metrics = ['Recall', 'NDCG', 'Precision', 'MAP']
topk = [1, 2, 3, 4, 5, 10, 20, 30, 50]
valid_metric = NDCG@10
valid_metric_bigger = True
eval_batch_size = 4096
metric_decimal_place = 4

Dataset Hyper Parameters:
field_separator = 	
seq_separator =  
USER_ID_FIELD = user_id
ITEM_ID_FIELD = item_id
RATING_FIELD = rating
TIME_FIELD = timestamp
seq_len = None
LABEL_FIELD = label
threshold = None
NEG_PREFIX = neg_
load_col = {'inter': ['user_id', 'item_id', 'rating'], 'user': ['user_id', 'post_num', 'follower', 'following', 'timestamp']}
unload_col = None
unused_col = None
additional_feat_suffix = None
rm_dup_inter = None
val_interval = {'rating': '[0,inf)'}
filter_inter_by_user_or_item = True
user_inter_num_interval = [0,inf)
item_inter_num_interval = [0,inf)
alias_of_user_id = None
alias_of_item_id = None
alias_of_entity_id = None
alias_of_relation_id = None
preload_weight = None
normalize_field = None
normalize_all = None
ITEM_LIST_LENGTH_FIELD = item_length
LIST_SUFFIX = _list
MAX_ITEM_LIST_LENGTH = 50
POSITION_FIELD = position_id
HEAD_ENTITY_ID_FIELD = head_id
TAIL_ENTITY_ID_FIELD = tail_id
RELATION_ID_FIELD = relation_id
ENTITY_ID_FIELD = entity_id
benchmark_filename = None

Other Hyper Parameters: 
worker = 0
wandb_project = recbole
shuffle = True
require_pow = False
enable_amp = False
enable_scaler = False
transform = None
numerical_features = []
discretization = None
kg_reverse_r = False
entity_kg_num_interval = [0,inf)
relation_kg_num_interval = [0,inf)
MODEL_TYPE = ModelType.GENERAL
embedding_size = 64
n_layers = 3
reg_weight = 0.0001
smt_latent_dim = 64
ssl_temp = 0.1
ssl_reg = 1e-07
hyper_layers = 1
alpha = 1
potential_reg = 8e-08
semantic_reg = 0.0
num_clusters = 10
m_step = 1
warm_up_step = 20
user_feature_path = features/roberta_user.npy
item_feature_path = features/roberta_item.npy
MODEL_INPUT_TYPE = InputType.PAIRWISE
eval_type = EvaluatorType.RANKING
single_spec = True
local_rank = 0
device = cuda
valid_neg_sample_args = {'distribution': 'uniform', 'sample_num': 'none'}
test_neg_sample_args = {'distribution': 'uniform', 'sample_num': 'none'}


Sun 15 Mar 2026 22:56:10 INFO  travel
The number of users: 2010
Average actions of users: 18.721254355400696
The number of items: 247
Average actions of items: 152.890243902439
The number of inters: 37611
The sparsity of the dataset: 92.42431566862047%
Remain Fields: ['user_id', 'item_id', 'rating', 'post_num', 'follower', 'following', 'timestamp']
Sun 15 Mar 2026 22:56:10 INFO  [Training]: train_batch_size = [4096] train_neg_sample_args: [{'distribution': 'uniform', 'sample_num': 1, 'alpha': 1.0, 'dynamic': False, 'candidate_num': 0}]
Sun 15 Mar 2026 22:56:10 INFO  [Evaluation]: eval_batch_size = [4096] eval_args: [{'split': {'RS': [0.8, 0.1, 0.1]}, 'order': 'RO', 'group_by': 'user', 'mode': {'valid': 'full', 'test': 'full'}}]
Sun 15 Mar 2026 22:56:11 INFO  SCL(
  (u_MLP): Linear(in_features=1024, out_features=64, bias=True)
  (i_MLP): Linear(in_features=1024, out_features=64, bias=True)
  (user_embedding): Embedding(2010, 64)
  (item_embedding): Embedding(247, 64)
  (mf_loss): BPRLoss()
  (reg_loss): EmbLoss()
)
Trainable parameters: 144448
Sun 15 Mar 2026 22:56:11 INFO  trainable parameters: 144448
Sun 15 Mar 2026 22:56:12 INFO  Running E-step ! 
Sun 15 Mar 2026 22:56:12 INFO  epoch 0 training [time: 0.50s, train_loss1: 5.5427, train_loss2: 0.0188, train_loss3: 0.0000]
Sun 15 Mar 2026 22:56:12 INFO  epoch 0 evaluating [time: 0.19s, valid_score: 0.024000]
Sun 15 Mar 2026 22:56:12 INFO  valid result: 
recall@1 : 0.0032    recall@2 : 0.0083    recall@3 : 0.0149    recall@4 : 0.0185    recall@5 : 0.0217    recall@10 : 0.0424    recall@20 : 0.0914    recall@30 : 0.1358    recall@50 : 0.2236    ndcg@1 : 0.0101    ndcg@2 : 0.0116    ndcg@3 : 0.0142    ndcg@4 : 0.0154    ndcg@5 : 0.0166    ndcg@10 : 0.024    ndcg@20 : 0.0386    ndcg@30 : 0.0502    ndcg@50 : 0.0701    precision@1 : 0.0101    precision@2 : 0.0104    precision@3 : 0.0115    precision@4 : 0.0109    precision@5 : 0.0103    precision@10 : 0.0101    precision@20 : 0.0106    precision@30 : 0.0106    precision@50 : 0.0104    map@1 : 0.0101    map@2 : 0.0091    map@3 : 0.0098    map@4 : 0.0101    map@5 : 0.0105    map@10 : 0.0127    map@20 : 0.016    map@30 : 0.0181    map@50 : 0.0209
Sun 15 Mar 2026 22:56:12 INFO  Saving current: saved/SCL-Mar-15-2026_22-56-11.pth
Sun 15 Mar 2026 22:56:12 INFO  Saving current best: saved/SCL-Mar-15-2026_22-56-11.pth
Sun 15 Mar 2026 22:56:12 INFO  Running E-step ! 
Sun 15 Mar 2026 22:56:13 INFO  epoch 1 training [time: 0.17s, train_loss1: 5.5426, train_loss2: 0.0148, train_loss3: 0.0000]
Sun 15 Mar 2026 22:56:13 INFO  epoch 1 evaluating [time: 0.15s, valid_score: 0.025300]
Sun 15 Mar 2026 22:56:13 INFO  valid result: 
recall@1 : 0.0036    recall@2 : 0.0093    recall@3 : 0.0157    recall@4 : 0.0208    recall@5 : 0.0239    recall@10 : 0.0445    recall@20 : 0.0923    recall@30 : 0.1349    recall@50 : 0.2176    ndcg@1 : 0.0101    ndcg@2 : 0.0122    ndcg@3 : 0.0149    ndcg@4 : 0.0169    ndcg@5 : 0.018    ndcg@10 : 0.0253    ndcg@20 : 0.0395    ndcg@30 : 0.0508    ndcg@50 : 0.0696    precision@1 : 0.0101    precision@2 : 0.0107    precision@3 : 0.0119    precision@4 : 0.0119    precision@5 : 0.0111    precision@10 : 0.0104    precision@20 : 0.0107    precision@30 : 0.0106    precision@50 : 0.0102    map@1 : 0.0101    map@2 : 0.0098    map@3 : 0.0107    map@4 : 0.0114    map@5 : 0.0115    map@10 : 0.0137    map@20 : 0.0169    map@30 : 0.0189    map@50 : 0.0216
Sun 15 Mar 2026 22:56:13 INFO  Saving current: saved/SCL-Mar-15-2026_22-56-11.pth
Sun 15 Mar 2026 22:56:13 INFO  Saving current best: saved/SCL-Mar-15-2026_22-56-11.pth
Sun 15 Mar 2026 22:56:13 INFO  Running E-step ! 
Sun 15 Mar 2026 22:56:13 INFO  epoch 2 training [time: 0.17s, train_loss1: 5.5420, train_loss2: 0.0129, train_loss3: 0.0000]
Sun 15 Mar 2026 22:56:13 INFO  epoch 2 evaluating [time: 0.15s, valid_score: 0.028000]
Sun 15 Mar 2026 22:56:13 INFO  valid result: 
recall@1 : 0.0043    recall@2 : 0.0114    recall@3 : 0.016    recall@4 : 0.0223    recall@5 : 0.0263    recall@10 : 0.0492    recall@20 : 0.0971    recall@30 : 0.1362    recall@50 : 0.2193    ndcg@1 : 0.0107    ndcg@2 : 0.0138    ndcg@3 : 0.0157    ndcg@4 : 0.0184    ndcg@5 : 0.0198    ndcg@10 : 0.028    ndcg@20 : 0.0422    ndcg@30 : 0.0526    ndcg@50 : 0.0716    precision@1 : 0.0107    precision@2 : 0.0122    precision@3 : 0.0123    precision@4 : 0.013    precision@5 : 0.012    precision@10 : 0.0115    precision@20 : 0.0112    precision@30 : 0.0108    precision@50 : 0.0103    map@1 : 0.0107    map@2 : 0.011    map@3 : 0.0114    map@4 : 0.0124    map@5 : 0.0128    map@10 : 0.0152    map@20 : 0.0184    map@30 : 0.0203    map@50 : 0.023
Sun 15 Mar 2026 22:56:13 INFO  Saving current: saved/SCL-Mar-15-2026_22-56-11.pth
Sun 15 Mar 2026 22:56:13 INFO  Saving current best: saved/SCL-Mar-15-2026_22-56-11.pth
Sun 15 Mar 2026 22:56:13 INFO  Running E-step ! 
Sun 15 Mar 2026 22:56:13 INFO  epoch 3 training [time: 0.17s, train_loss1: 5.5415, train_loss2: 0.0113, train_loss3: 0.0000]
Sun 15 Mar 2026 22:56:13 INFO  epoch 3 evaluating [time: 0.15s, valid_score: 0.029200]
Sun 15 Mar 2026 22:56:13 INFO  valid result: 
recall@1 : 0.0049    recall@2 : 0.0118    recall@3 : 0.0185    recall@4 : 0.0211    recall@5 : 0.0287    recall@10 : 0.0498    recall@20 : 0.0981    recall@30 : 0.1403    recall@50 : 0.2235    ndcg@1 : 0.0119    ndcg@2 : 0.0143    ndcg@3 : 0.0173    ndcg@4 : 0.0182    ndcg@5 : 0.0213    ndcg@10 : 0.0292    ndcg@20 : 0.0438    ndcg@30 : 0.0548    ndcg@50 : 0.0737    precision@1 : 0.0119    precision@2 : 0.0122    precision@3 : 0.0135    precision@4 : 0.0124    precision@5 : 0.0128    precision@10 : 0.012    precision@20 : 0.0118    precision@30 : 0.0111    precision@50 : 0.0105    map@1 : 0.0119    map@2 : 0.0116    map@3 : 0.0125    map@4 : 0.0126    map@5 : 0.0138    map@10 : 0.0161    map@20 : 0.0195    map@30 : 0.0215    map@50 : 0.0242
Sun 15 Mar 2026 22:56:13 INFO  Saving current: saved/SCL-Mar-15-2026_22-56-11.pth
Sun 15 Mar 2026 22:56:13 INFO  Saving current best: saved/SCL-Mar-15-2026_22-56-11.pth
Sun 15 Mar 2026 22:56:13 INFO  Running E-step ! 
Sun 15 Mar 2026 22:56:14 INFO  epoch 4 training [time: 0.18s, train_loss1: 5.5407, train_loss2: 0.0100, train_loss3: 0.0000]
Sun 15 Mar 2026 22:56:14 INFO  epoch 4 evaluating [time: 0.15s, valid_score: 0.032100]
Sun 15 Mar 2026 22:56:14 INFO  valid result: 
recall@1 : 0.0066    recall@2 : 0.0132    recall@3 : 0.0176    recall@4 : 0.0247    recall@5 : 0.0284    recall@10 : 0.0548    recall@20 : 0.1    recall@30 : 0.1471    recall@50 : 0.2311    ndcg@1 : 0.0143    ndcg@2 : 0.0162    ndcg@3 : 0.0179    ndcg@4 : 0.021    ndcg@5 : 0.0226    ndcg@10 : 0.0321    ndcg@20 : 0.046    ndcg@30 : 0.058    ndcg@50 : 0.0771    precision@1 : 0.0143    precision@2 : 0.0134    precision@3 : 0.0133    precision@4 : 0.0142    precision@5 : 0.0136    precision@10 : 0.0128    precision@20 : 0.0122    precision@30 : 0.0116    precision@50 : 0.0108    map@1 : 0.0143    map@2 : 0.0134    map@3 : 0.0134    map@4 : 0.0145    map@5 : 0.015    map@10 : 0.018    map@20 : 0.0212    map@30 : 0.0234    map@50 : 0.0261
Sun 15 Mar 2026 22:56:14 INFO  Saving current: saved/SCL-Mar-15-2026_22-56-11.pth
Sun 15 Mar 2026 22:56:14 INFO  Saving current best: saved/SCL-Mar-15-2026_22-56-11.pth
Sun 15 Mar 2026 22:56:14 INFO  Running E-step ! 
Sun 15 Mar 2026 22:56:14 INFO  epoch 5 training [time: 0.18s, train_loss1: 5.5398, train_loss2: 0.0089, train_loss3: 0.0000]
Sun 15 Mar 2026 22:56:14 INFO  epoch 5 evaluating [time: 0.15s, valid_score: 0.033600]
Sun 15 Mar 2026 22:56:14 INFO  valid result: 
recall@1 : 0.0069    recall@2 : 0.0142    recall@3 : 0.0198    recall@4 : 0.0265    recall@5 : 0.0321    recall@10 : 0.0565    recall@20 : 0.1054    recall@30 : 0.1479    recall@50 : 0.232    ndcg@1 : 0.0155    ndcg@2 : 0.0173    ndcg@3 : 0.0198    ndcg@4 : 0.0225    ndcg@5 : 0.0249    ndcg@10 : 0.0336    ndcg@20 : 0.0484    ndcg@30 : 0.0594    ndcg@50 : 0.0788    precision@1 : 0.0155    precision@2 : 0.0146    precision@3 : 0.0151    precision@4 : 0.015    precision@5 : 0.015    precision@10 : 0.0132    precision@20 : 0.0126    precision@30 : 0.0116    precision@50 : 0.011    map@1 : 0.0155    map@2 : 0.0142    map@3 : 0.0145    map@4 : 0.0153    map@5 : 0.0162    map@10 : 0.0189    map@20 : 0.0223    map@30 : 0.0244    map@50 : 0.0272
Sun 15 Mar 2026 22:56:14 INFO  Saving current: saved/SCL-Mar-15-2026_22-56-11.pth
Sun 15 Mar 2026 22:56:14 INFO  Saving current best: saved/SCL-Mar-15-2026_22-56-11.pth
Sun 15 Mar 2026 22:56:14 INFO  Running E-step ! 
Sun 15 Mar 2026 22:56:14 INFO  epoch 6 training [time: 0.19s, train_loss1: 5.5389, train_loss2: 0.0080, train_loss3: 0.0000]
Sun 15 Mar 2026 22:56:15 INFO  epoch 6 evaluating [time: 0.15s, valid_score: 0.036400]
Sun 15 Mar 2026 22:56:15 INFO  valid result: 
recall@1 : 0.0084    recall@2 : 0.0152    recall@3 : 0.023    recall@4 : 0.028    recall@5 : 0.0323    recall@10 : 0.0591    recall@20 : 0.11    recall@30 : 0.1511    recall@50 : 0.237    ndcg@1 : 0.0185    ndcg@2 : 0.0199    ndcg@3 : 0.0231    ndcg@4 : 0.0246    ndcg@5 : 0.0264    ndcg@10 : 0.0364    ndcg@20 : 0.0515    ndcg@30 : 0.0622    ndcg@50 : 0.082    precision@1 : 0.0185    precision@2 : 0.017    precision@3 : 0.0177    precision@4 : 0.0159    precision@5 : 0.0154    precision@10 : 0.0145    precision@20 : 0.0131    precision@30 : 0.0119    precision@50 : 0.0111    map@1 : 0.0185    map@2 : 0.0165    map@3 : 0.0169    map@4 : 0.0172    map@5 : 0.0177    map@10 : 0.0208    map@20 : 0.0244    map@30 : 0.0264    map@50 : 0.0293
Sun 15 Mar 2026 22:56:15 INFO  Saving current: saved/SCL-Mar-15-2026_22-56-11.pth
Sun 15 Mar 2026 22:56:15 INFO  Saving current best: saved/SCL-Mar-15-2026_22-56-11.pth
Sun 15 Mar 2026 22:56:15 INFO  Running E-step ! 
Sun 15 Mar 2026 22:56:15 INFO  epoch 7 training [time: 0.17s, train_loss1: 5.5377, train_loss2: 0.0072, train_loss3: 0.0000]
Sun 15 Mar 2026 22:56:15 INFO  epoch 7 evaluating [time: 0.15s, valid_score: 0.040200]
Sun 15 Mar 2026 22:56:15 INFO  valid result: 
recall@1 : 0.01    recall@2 : 0.0175    recall@3 : 0.025    recall@4 : 0.0308    recall@5 : 0.0345    recall@10 : 0.0651    recall@20 : 0.1154    recall@30 : 0.1568    recall@50 : 0.2471    ndcg@1 : 0.0209    ndcg@2 : 0.0224    ndcg@3 : 0.0255    ndcg@4 : 0.0277    ndcg@5 : 0.0291    ndcg@10 : 0.0402    ndcg@20 : 0.055    ndcg@30 : 0.0662    ndcg@50 : 0.0867    precision@1 : 0.0209    precision@2 : 0.0188    precision@3 : 0.0193    precision@4 : 0.0185    precision@5 : 0.0169    precision@10 : 0.0157    precision@20 : 0.0135    precision@30 : 0.0125    precision@50 : 0.0115    map@1 : 0.0209    map@2 : 0.0188    map@3 : 0.019    map@4 : 0.0194    map@5 : 0.0198    map@10 : 0.0233    map@20 : 0.0269    map@30 : 0.029    map@50 : 0.032
Sun 15 Mar 2026 22:56:15 INFO  Saving current: saved/SCL-Mar-15-2026_22-56-11.pth
Sun 15 Mar 2026 22:56:15 INFO  Saving current best: saved/SCL-Mar-15-2026_22-56-11.pth
Sun 15 Mar 2026 22:56:15 INFO  Running E-step ! 
Sun 15 Mar 2026 22:56:15 INFO  epoch 8 training [time: 0.17s, train_loss1: 5.5362, train_loss2: 0.0067, train_loss3: 0.0000]
Sun 15 Mar 2026 22:56:15 INFO  epoch 8 evaluating [time: 0.15s, valid_score: 0.045000]
Sun 15 Mar 2026 22:56:15 INFO  valid result: 
recall@1 : 0.012    recall@2 : 0.0207    recall@3 : 0.0259    recall@4 : 0.033    recall@5 : 0.0375    recall@10 : 0.0727    recall@20 : 0.1235    recall@30 : 0.1716    recall@50 : 0.2554    ndcg@1 : 0.0238    ndcg@2 : 0.0268    ndcg@3 : 0.0278    ndcg@4 : 0.0306    ndcg@5 : 0.0324    ndcg@10 : 0.045    ndcg@20 : 0.0601    ndcg@30 : 0.0728    ndcg@50 : 0.0921    precision@1 : 0.0238    precision@2 : 0.0229    precision@3 : 0.0205    precision@4 : 0.0201    precision@5 : 0.019    precision@10 : 0.0173    precision@20 : 0.0145    precision@30 : 0.0135    precision@50 : 0.0121    map@1 : 0.0238    map@2 : 0.0222    map@3 : 0.021    map@4 : 0.0217    map@5 : 0.0222    map@10 : 0.0263    map@20 : 0.03    map@30 : 0.0324    map@50 : 0.0353
Sun 15 Mar 2026 22:56:15 INFO  Saving current: saved/SCL-Mar-15-2026_22-56-11.pth
Sun 15 Mar 2026 22:56:15 INFO  Saving current best: saved/SCL-Mar-15-2026_22-56-11.pth
Sun 15 Mar 2026 22:56:15 INFO  Running E-step ! 
Sun 15 Mar 2026 22:56:15 INFO  epoch 9 training [time: 0.18s, train_loss1: 5.5344, train_loss2: 0.0063, train_loss3: 0.0000]
Sun 15 Mar 2026 22:56:16 INFO  epoch 9 evaluating [time: 0.15s, valid_score: 0.052100]
Sun 15 Mar 2026 22:56:16 INFO  valid result: 
recall@1 : 0.0144    recall@2 : 0.0248    recall@3 : 0.0311    recall@4 : 0.0383    recall@5 : 0.0441    recall@10 : 0.083    recall@20 : 0.1334    recall@30 : 0.18    recall@50 : 0.2668    ndcg@1 : 0.0292    ndcg@2 : 0.0326    ndcg@3 : 0.0338    ndcg@4 : 0.0361    ndcg@5 : 0.038    ndcg@10 : 0.0521    ndcg@20 : 0.0674    ndcg@30 : 0.0797    ndcg@50 : 0.0997    precision@1 : 0.0292    precision@2 : 0.0286    precision@3 : 0.0254    precision@4 : 0.0234    precision@5 : 0.0213    precision@10 : 0.0194    precision@20 : 0.016    precision@30 : 0.0143    precision@50 : 0.0126    map@1 : 0.0292    map@2 : 0.0268    map@3 : 0.0253    map@4 : 0.0255    map@5 : 0.0262    map@10 : 0.0309    map@20 : 0.0347    map@30 : 0.0371    map@50 : 0.0402
Sun 15 Mar 2026 22:56:16 INFO  Saving current: saved/SCL-Mar-15-2026_22-56-11.pth
Sun 15 Mar 2026 22:56:16 INFO  Saving current best: saved/SCL-Mar-15-2026_22-56-11.pth
Sun 15 Mar 2026 22:56:16 INFO  Running E-step ! 
Sun 15 Mar 2026 22:56:16 INFO  epoch 10 training [time: 0.18s, train_loss1: 5.5323, train_loss2: 0.0060, train_loss3: 0.0000]
Sun 15 Mar 2026 22:56:16 INFO  epoch 10 evaluating [time: 0.15s, valid_score: 0.060000]
Sun 15 Mar 2026 22:56:16 INFO  valid result: 
recall@1 : 0.0179    recall@2 : 0.0275    recall@3 : 0.038    recall@4 : 0.0451    recall@5 : 0.0521    recall@10 : 0.0936    recall@20 : 0.1504    recall@30 : 0.1962    recall@50 : 0.2857    ndcg@1 : 0.0399    ndcg@2 : 0.039    ndcg@3 : 0.041    ndcg@4 : 0.0432    ndcg@5 : 0.0455    ndcg@10 : 0.06    ndcg@20 : 0.0777    ndcg@30 : 0.0898    ndcg@50 : 0.1102    precision@1 : 0.0399    precision@2 : 0.0334    precision@3 : 0.03    precision@4 : 0.0277    precision@5 : 0.0255    precision@10 : 0.0215    precision@20 : 0.0181    precision@30 : 0.0158    precision@50 : 0.0136    map@1 : 0.0399    map@2 : 0.0325    map@3 : 0.0308    map@4 : 0.0307    map@5 : 0.0313    map@10 : 0.0363    map@20 : 0.0408    map@30 : 0.0433    map@50 : 0.0465
Sun 15 Mar 2026 22:56:16 INFO  Saving current: saved/SCL-Mar-15-2026_22-56-11.pth
Sun 15 Mar 2026 22:56:16 INFO  Saving current best: saved/SCL-Mar-15-2026_22-56-11.pth
Sun 15 Mar 2026 22:56:16 INFO  Running E-step ! 
Sun 15 Mar 2026 22:56:16 INFO  epoch 11 training [time: 0.17s, train_loss1: 5.5296, train_loss2: 0.0060, train_loss3: 0.0000]
Sun 15 Mar 2026 22:56:16 INFO  epoch 11 evaluating [time: 0.15s, valid_score: 0.072000]
Sun 15 Mar 2026 22:56:16 INFO  valid result: 
recall@1 : 0.0208    recall@2 : 0.0351    recall@3 : 0.047    recall@4 : 0.0578    recall@5 : 0.0636    recall@10 : 0.1111    recall@20 : 0.1702    recall@30 : 0.218    recall@50 : 0.3102    ndcg@1 : 0.0459    ndcg@2 : 0.0474    ndcg@3 : 0.0503    ndcg@4 : 0.0535    ndcg@5 : 0.055    ndcg@10 : 0.072    ndcg@20 : 0.0903    ndcg@30 : 0.1027    ndcg@50 : 0.1239    precision@1 : 0.0459    precision@2 : 0.0414    precision@3 : 0.0373    precision@4 : 0.0341    precision@5 : 0.0302    precision@10 : 0.0256    precision@20 : 0.0204    precision@30 : 0.0172    precision@50 : 0.0146    map@1 : 0.0459    map@2 : 0.0392    map@3 : 0.0378    map@4 : 0.0381    map@5 : 0.0382    map@10 : 0.0442    map@20 : 0.0491    map@30 : 0.0517    map@50 : 0.055
Sun 15 Mar 2026 22:56:16 INFO  Saving current: saved/SCL-Mar-15-2026_22-56-11.pth
Sun 15 Mar 2026 22:56:16 INFO  Saving current best: saved/SCL-Mar-15-2026_22-56-11.pth
Sun 15 Mar 2026 22:56:16 INFO  Running E-step ! 
Sun 15 Mar 2026 22:56:16 INFO  epoch 12 training [time: 0.16s, train_loss1: 5.5263, train_loss2: 0.0062, train_loss3: 0.0000]
Sun 15 Mar 2026 22:56:17 INFO  epoch 12 evaluating [time: 0.14s, valid_score: 0.086900]
Sun 15 Mar 2026 22:56:17 INFO  valid result: 
recall@1 : 0.0271    recall@2 : 0.0434    recall@3 : 0.0579    recall@4 : 0.0698    recall@5 : 0.0807    recall@10 : 0.1295    recall@20 : 0.1937    recall@30 : 0.2407    recall@50 : 0.3318    ndcg@1 : 0.0578    ndcg@2 : 0.0594    ndcg@3 : 0.062    ndcg@4 : 0.0652    ndcg@5 : 0.0689    ndcg@10 : 0.0869    ndcg@20 : 0.1064    ndcg@30 : 0.119    ndcg@50 : 0.1398    precision@1 : 0.0578    precision@2 : 0.0521    precision@3 : 0.0457    precision@4 : 0.0407    precision@5 : 0.0373    precision@10 : 0.0301    precision@20 : 0.0229    precision@30 : 0.0193    precision@50 : 0.0157    map@1 : 0.0578    map@2 : 0.0492    map@3 : 0.047    map@4 : 0.0474    map@5 : 0.0487    map@10 : 0.0551    map@20 : 0.0605    map@30 : 0.0632    map@50 : 0.0666
Sun 15 Mar 2026 22:56:17 INFO  Saving current: saved/SCL-Mar-15-2026_22-56-11.pth
Sun 15 Mar 2026 22:56:17 INFO  Saving current best: saved/SCL-Mar-15-2026_22-56-11.pth
Sun 15 Mar 2026 22:56:17 INFO  Running E-step ! 
Sun 15 Mar 2026 22:56:17 INFO  epoch 13 training [time: 0.18s, train_loss1: 5.5218, train_loss2: 0.0066, train_loss3: 0.0000]
Sun 15 Mar 2026 22:56:17 INFO  epoch 13 evaluating [time: 0.15s, valid_score: 0.104700]
Sun 15 Mar 2026 22:56:17 INFO  valid result: 
recall@1 : 0.0313    recall@2 : 0.0521    recall@3 : 0.0725    recall@4 : 0.084    recall@5 : 0.0988    recall@10 : 0.1576    recall@20 : 0.2223    recall@30 : 0.2809    recall@50 : 0.3674    ndcg@1 : 0.0662    ndcg@2 : 0.0695    ndcg@3 : 0.0751    ndcg@4 : 0.078    ndcg@5 : 0.0832    ndcg@10 : 0.1047    ndcg@20 : 0.1247    ndcg@30 : 0.1399    ndcg@50 : 0.1597    precision@1 : 0.0662    precision@2 : 0.0611    precision@3 : 0.0564    precision@4 : 0.0495    precision@5 : 0.046    precision@10 : 0.0364    precision@20 : 0.0268    precision@30 : 0.0224    precision@50 : 0.0174    map@1 : 0.0662    map@2 : 0.0572    map@3 : 0.0571    map@4 : 0.0573    map@5 : 0.0593    map@10 : 0.0671    map@20 : 0.0728    map@30 : 0.0761    map@50 : 0.0795
Sun 15 Mar 2026 22:56:17 INFO  Saving current: saved/SCL-Mar-15-2026_22-56-11.pth
Sun 15 Mar 2026 22:56:17 INFO  Saving current best: saved/SCL-Mar-15-2026_22-56-11.pth
Sun 15 Mar 2026 22:56:17 INFO  Running E-step ! 
Sun 15 Mar 2026 22:56:17 INFO  epoch 14 training [time: 0.19s, train_loss1: 5.5158, train_loss2: 0.0076, train_loss3: 0.0000]
Sun 15 Mar 2026 22:56:17 INFO  epoch 14 evaluating [time: 0.15s, valid_score: 0.122700]
Sun 15 Mar 2026 22:56:17 INFO  valid result: 
recall@1 : 0.0358    recall@2 : 0.063    recall@3 : 0.0835    recall@4 : 0.1064    recall@5 : 0.1241    recall@10 : 0.1829    recall@20 : 0.2574    recall@30 : 0.3184    recall@50 : 0.4162    ndcg@1 : 0.0775    ndcg@2 : 0.0816    ndcg@3 : 0.0866    ndcg@4 : 0.0945    ndcg@5 : 0.101    ndcg@10 : 0.1227    ndcg@20 : 0.1463    ndcg@30 : 0.1622    ndcg@50 : 0.185    precision@1 : 0.0775    precision@2 : 0.0715    precision@3 : 0.0644    precision@4 : 0.06    precision@5 : 0.0559    precision@10 : 0.0422    precision@20 : 0.031    precision@30 : 0.0254    precision@50 : 0.02    map@1 : 0.0775    map@2 : 0.0675    map@3 : 0.0664    map@4 : 0.0696    map@5 : 0.072    map@10 : 0.0802    map@20 : 0.0874    map@30 : 0.0911    map@50 : 0.0953
Sun 15 Mar 2026 22:56:17 INFO  Saving current: saved/SCL-Mar-15-2026_22-56-11.pth
Sun 15 Mar 2026 22:56:17 INFO  Saving current best: saved/SCL-Mar-15-2026_22-56-11.pth
Sun 15 Mar 2026 22:56:17 INFO  Running E-step ! 
Sun 15 Mar 2026 22:56:18 INFO  epoch 15 training [time: 0.20s, train_loss1: 5.5075, train_loss2: 0.0092, train_loss3: 0.0000]
Sun 15 Mar 2026 22:56:18 INFO  epoch 15 evaluating [time: 0.15s, valid_score: 0.148900]
Sun 15 Mar 2026 22:56:18 INFO  valid result: 
recall@1 : 0.0446    recall@2 : 0.0782    recall@3 : 0.1103    recall@4 : 0.1351    recall@5 : 0.1533    recall@10 : 0.2176    recall@20 : 0.3189    recall@30 : 0.3835    recall@50 : 0.4779    ndcg@1 : 0.093    ndcg@2 : 0.0992    ndcg@3 : 0.1094    ndcg@4 : 0.1178    ndcg@5 : 0.125    ndcg@10 : 0.1489    ndcg@20 : 0.1798    ndcg@30 : 0.1969    ndcg@50 : 0.2188    precision@1 : 0.093    precision@2 : 0.0861    precision@3 : 0.0801    precision@4 : 0.0733    precision@5 : 0.0687    precision@10 : 0.0506    precision@20 : 0.0374    precision@30 : 0.0303    precision@50 : 0.0227    map@1 : 0.093    map@2 : 0.0833    map@3 : 0.0851    map@4 : 0.0876    map@5 : 0.0905    map@10 : 0.1001    map@20 : 0.1098    map@30 : 0.114    map@50 : 0.1183
Sun 15 Mar 2026 22:56:18 INFO  Saving current: saved/SCL-Mar-15-2026_22-56-11.pth
Sun 15 Mar 2026 22:56:18 INFO  Saving current best: saved/SCL-Mar-15-2026_22-56-11.pth
Sun 15 Mar 2026 22:56:18 INFO  Running E-step ! 
Sun 15 Mar 2026 22:56:18 INFO  epoch 16 training [time: 0.19s, train_loss1: 5.4947, train_loss2: 0.0117, train_loss3: 0.0000]
Sun 15 Mar 2026 22:56:18 INFO  epoch 16 evaluating [time: 0.15s, valid_score: 0.184700]
Sun 15 Mar 2026 22:56:18 INFO  valid result: 
recall@1 : 0.0552    recall@2 : 0.0968    recall@3 : 0.1317    recall@4 : 0.1676    recall@5 : 0.1898    recall@10 : 0.2758    recall@20 : 0.3849    recall@30 : 0.4574    recall@50 : 0.5611    ndcg@1 : 0.1132    ndcg@2 : 0.1211    ndcg@3 : 0.1316    ndcg@4 : 0.1447    ndcg@5 : 0.1533    ndcg@10 : 0.1847    ndcg@20 : 0.218    ndcg@30 : 0.2369    ndcg@50 : 0.2605    precision@1 : 0.1132    precision@2 : 0.1031    precision@3 : 0.0946    precision@4 : 0.0897    precision@5 : 0.0837    precision@10 : 0.0623    precision@20 : 0.0443    precision@30 : 0.0354    precision@50 : 0.026    map@1 : 0.1132    map@2 : 0.1022    map@3 : 0.103    map@4 : 0.1084    map@5 : 0.112    map@10 : 0.1249    map@20 : 0.1359    map@30 : 0.1408    map@50 : 0.1455
Sun 15 Mar 2026 22:56:18 INFO  Saving current: saved/SCL-Mar-15-2026_22-56-11.pth
Sun 15 Mar 2026 22:56:18 INFO  Saving current best: saved/SCL-Mar-15-2026_22-56-11.pth
Sun 15 Mar 2026 22:56:18 INFO  Running E-step ! 
Sun 15 Mar 2026 22:56:18 INFO  epoch 17 training [time: 0.16s, train_loss1: 5.4741, train_loss2: 0.0157, train_loss3: 0.0000]
Sun 15 Mar 2026 22:56:18 INFO  epoch 17 evaluating [time: 0.14s, valid_score: 0.226600]
Sun 15 Mar 2026 22:56:18 INFO  valid result: 
recall@1 : 0.0665    recall@2 : 0.1221    recall@3 : 0.1635    recall@4 : 0.2008    recall@5 : 0.2348    recall@10 : 0.3502    recall@20 : 0.4704    recall@30 : 0.5433    recall@50 : 0.6454    ndcg@1 : 0.1335    ndcg@2 : 0.1447    ndcg@3 : 0.1577    ndcg@4 : 0.172    ndcg@5 : 0.1854    ndcg@10 : 0.2266    ndcg@20 : 0.2636    ndcg@30 : 0.2828    ndcg@50 : 0.3064    precision@1 : 0.1335    precision@2 : 0.1198    precision@3 : 0.1097    precision@4 : 0.1031    precision@5 : 0.0982    precision@10 : 0.0739    precision@20 : 0.0516    precision@30 : 0.0405    precision@50 : 0.0292    map@1 : 0.1335    map@2 : 0.1235    map@3 : 0.1249    map@4 : 0.1308    map@5 : 0.1372    map@10 : 0.1545    map@20 : 0.1672    map@30 : 0.1724    map@50 : 0.1775
Sun 15 Mar 2026 22:56:18 INFO  Saving current: saved/SCL-Mar-15-2026_22-56-11.pth
Sun 15 Mar 2026 22:56:18 INFO  Saving current best: saved/SCL-Mar-15-2026_22-56-11.pth
Sun 15 Mar 2026 22:56:18 INFO  Running E-step ! 
Sun 15 Mar 2026 22:56:19 INFO  epoch 18 training [time: 0.18s, train_loss1: 5.4392, train_loss2: 0.0220, train_loss3: 0.0000]
Sun 15 Mar 2026 22:56:19 INFO  epoch 18 evaluating [time: 0.15s, valid_score: 0.274200]
Sun 15 Mar 2026 22:56:19 INFO  valid result: 
recall@1 : 0.088    recall@2 : 0.1507    recall@3 : 0.2039    recall@4 : 0.2499    recall@5 : 0.2856    recall@10 : 0.4245    recall@20 : 0.5517    recall@30 : 0.6148    recall@50 : 0.6998    ndcg@1 : 0.1657    ndcg@2 : 0.1756    ndcg@3 : 0.1941    ndcg@4 : 0.2111    ndcg@5 : 0.224    ndcg@10 : 0.2742    ndcg@20 : 0.3129    ndcg@30 : 0.3299    ndcg@50 : 0.35    precision@1 : 0.1657    precision@2 : 0.14    precision@3 : 0.1291    precision@4 : 0.1193    precision@5 : 0.1095    precision@10 : 0.0844    precision@20 : 0.0576    precision@30 : 0.0439    precision@50 : 0.0307    map@1 : 0.1657    map@2 : 0.1523    map@3 : 0.1569    map@4 : 0.1638    map@5 : 0.1693    map@10 : 0.1911    map@20 : 0.2043    map@30 : 0.2092    map@50 : 0.2138
Sun 15 Mar 2026 22:56:19 INFO  Saving current: saved/SCL-Mar-15-2026_22-56-11.pth
Sun 15 Mar 2026 22:56:19 INFO  Saving current best: saved/SCL-Mar-15-2026_22-56-11.pth
Sun 15 Mar 2026 22:56:19 INFO  Running E-step ! 
Sun 15 Mar 2026 22:56:19 INFO  epoch 19 training [time: 0.18s, train_loss1: 5.3654, train_loss2: 0.0304, train_loss3: 0.0000]
Sun 15 Mar 2026 22:56:19 INFO  epoch 19 evaluating [time: 0.15s, valid_score: 0.299700]
Sun 15 Mar 2026 22:56:19 INFO  valid result: 
recall@1 : 0.1064    recall@2 : 0.1868    recall@3 : 0.2429    recall@4 : 0.2875    recall@5 : 0.3255    recall@10 : 0.4504    recall@20 : 0.5937    recall@30 : 0.6498    recall@50 : 0.739    ndcg@1 : 0.1853    ndcg@2 : 0.2078    ndcg@3 : 0.2259    ndcg@4 : 0.2421    ndcg@5 : 0.256    ndcg@10 : 0.2997    ndcg@20 : 0.3436    ndcg@30 : 0.359    ndcg@50 : 0.3798    precision@1 : 0.1853    precision@2 : 0.1621    precision@3 : 0.1424    precision@4 : 0.1287    precision@5 : 0.1179    precision@10 : 0.0849    precision@20 : 0.0594    precision@30 : 0.0449    precision@50 : 0.0313    map@1 : 0.1853    map@2 : 0.1815    map@3 : 0.1862    map@4 : 0.1924    map@5 : 0.1982    map@10 : 0.2159    map@20 : 0.2311    map@30 : 0.2356    map@50 : 0.2402
Sun 15 Mar 2026 22:56:19 INFO  Saving current: saved/SCL-Mar-15-2026_22-56-11.pth
Sun 15 Mar 2026 22:56:19 INFO  Saving current best: saved/SCL-Mar-15-2026_22-56-11.pth
Sun 15 Mar 2026 22:56:19 INFO  Running E-step ! 
Sun 15 Mar 2026 22:56:19 INFO  epoch 20 training [time: 0.19s, train_loss1: 5.2135, train_loss2: 0.0354, train_loss3: 0.0000, train_loss4: 0.0039]
Sun 15 Mar 2026 22:56:19 INFO  epoch 20 evaluating [time: 0.15s, valid_score: 0.308500]
Sun 15 Mar 2026 22:56:19 INFO  valid result: 
recall@1 : 0.1092    recall@2 : 0.2011    recall@3 : 0.2643    recall@4 : 0.3041    recall@5 : 0.3429    recall@10 : 0.461    recall@20 : 0.6073    recall@30 : 0.6709    recall@50 : 0.7536    ndcg@1 : 0.1865    ndcg@2 : 0.216    ndcg@3 : 0.2387    ndcg@4 : 0.2535    ndcg@5 : 0.2673    ndcg@10 : 0.3085    ndcg@20 : 0.3526    ndcg@30 : 0.3696    ndcg@50 : 0.3894    precision@1 : 0.1865    precision@2 : 0.1666    precision@3 : 0.1486    precision@4 : 0.1332    precision@5 : 0.1207    precision@10 : 0.0851    precision@20 : 0.0596    precision@30 : 0.045    precision@50 : 0.0315    map@1 : 0.1865    map@2 : 0.1879    map@3 : 0.1957    map@4 : 0.2016    map@5 : 0.2073    map@10 : 0.224    map@20 : 0.2387    map@30 : 0.2435    map@50 : 0.248
Sun 15 Mar 2026 22:56:19 INFO  Saving current: saved/SCL-Mar-15-2026_22-56-11.pth
Sun 15 Mar 2026 22:56:19 INFO  Saving current best: saved/SCL-Mar-15-2026_22-56-11.pth
Sun 15 Mar 2026 22:56:19 INFO  Running E-step ! 
Sun 15 Mar 2026 22:56:20 INFO  epoch 21 training [time: 0.19s, train_loss1: 4.9631, train_loss2: 0.0372, train_loss3: 0.0000, train_loss4: 0.0046]
Sun 15 Mar 2026 22:56:20 INFO  epoch 21 evaluating [time: 0.15s, valid_score: 0.314200]
Sun 15 Mar 2026 22:56:20 INFO  valid result: 
recall@1 : 0.1084    recall@2 : 0.2113    recall@3 : 0.2698    recall@4 : 0.3154    recall@5 : 0.3514    recall@10 : 0.4729    recall@20 : 0.6034    recall@30 : 0.6761    recall@50 : 0.756    ndcg@1 : 0.1841    ndcg@2 : 0.2216    ndcg@3 : 0.2419    ndcg@4 : 0.2591    ndcg@5 : 0.2722    ndcg@10 : 0.3142    ndcg@20 : 0.3532    ndcg@30 : 0.3726    ndcg@50 : 0.3919    precision@1 : 0.1841    precision@2 : 0.1707    precision@3 : 0.1496    precision@4 : 0.1351    precision@5 : 0.1223    precision@10 : 0.0863    precision@20 : 0.0585    precision@30 : 0.045    precision@50 : 0.0314    map@1 : 0.1841    map@2 : 0.1919    map@3 : 0.1984    map@4 : 0.2056    map@5 : 0.2112    map@10 : 0.2279    map@20 : 0.2407    map@30 : 0.2461    map@50 : 0.2504
Sun 15 Mar 2026 22:56:20 INFO  Saving current: saved/SCL-Mar-15-2026_22-56-11.pth
Sun 15 Mar 2026 22:56:20 INFO  Saving current best: saved/SCL-Mar-15-2026_22-56-11.pth
Sun 15 Mar 2026 22:56:20 INFO  Running E-step ! 
Sun 15 Mar 2026 22:56:20 INFO  epoch 22 training [time: 0.19s, train_loss1: 4.6289, train_loss2: 0.0376, train_loss3: 0.0000, train_loss4: 0.0056]
Sun 15 Mar 2026 22:56:20 INFO  epoch 22 evaluating [time: 0.15s, valid_score: 0.314200]
Sun 15 Mar 2026 22:56:20 INFO  valid result: 
recall@1 : 0.1071    recall@2 : 0.2139    recall@3 : 0.2719    recall@4 : 0.3123    recall@5 : 0.349    recall@10 : 0.4742    recall@20 : 0.6014    recall@30 : 0.6791    recall@50 : 0.7557    ndcg@1 : 0.1824    ndcg@2 : 0.223    ndcg@3 : 0.2428    ndcg@4 : 0.258    ndcg@5 : 0.2709    ndcg@10 : 0.3142    ndcg@20 : 0.3522    ndcg@30 : 0.3728    ndcg@50 : 0.3914    precision@1 : 0.1824    precision@2 : 0.1728    precision@3 : 0.15    precision@4 : 0.1347    precision@5 : 0.1212    precision@10 : 0.0862    precision@20 : 0.058    precision@30 : 0.045    precision@50 : 0.0313    map@1 : 0.1824    map@2 : 0.1929    map@3 : 0.1987    map@4 : 0.2049    map@5 : 0.2104    map@10 : 0.2276    map@20 : 0.2401    map@30 : 0.2457    map@50 : 0.2499
Sun 15 Mar 2026 22:56:20 INFO  Saving current: saved/SCL-Mar-15-2026_22-56-11.pth
Sun 15 Mar 2026 22:56:20 INFO  Saving current best: saved/SCL-Mar-15-2026_22-56-11.pth
Sun 15 Mar 2026 22:56:20 INFO  Running E-step ! 
Sun 15 Mar 2026 22:56:20 INFO  epoch 23 training [time: 0.18s, train_loss1: 4.2815, train_loss2: 0.0378, train_loss3: 0.0000, train_loss4: 0.0066]
Sun 15 Mar 2026 22:56:20 INFO  epoch 23 evaluating [time: 0.15s, valid_score: 0.315300]
Sun 15 Mar 2026 22:56:20 INFO  valid result: 
recall@1 : 0.108    recall@2 : 0.214    recall@3 : 0.272    recall@4 : 0.3095    recall@5 : 0.3477    recall@10 : 0.4772    recall@20 : 0.599    recall@30 : 0.6759    recall@50 : 0.7576    ndcg@1 : 0.183    ndcg@2 : 0.2233    ndcg@3 : 0.243    ndcg@4 : 0.2568    ndcg@5 : 0.2706    ndcg@10 : 0.3153    ndcg@20 : 0.3519    ndcg@30 : 0.3723    ndcg@50 : 0.392    precision@1 : 0.183    precision@2 : 0.1725    precision@3 : 0.1496    precision@4 : 0.1335    precision@5 : 0.1212    precision@10 : 0.0864    precision@20 : 0.0578    precision@30 : 0.0449    precision@50 : 0.0313    map@1 : 0.183    map@2 : 0.1934    map@3 : 0.199    map@4 : 0.2044    map@5 : 0.2105    map@10 : 0.2282    map@20 : 0.2403    map@30 : 0.2458    map@50 : 0.2502
Sun 15 Mar 2026 22:56:20 INFO  Saving current: saved/SCL-Mar-15-2026_22-56-11.pth
Sun 15 Mar 2026 22:56:20 INFO  Saving current best: saved/SCL-Mar-15-2026_22-56-11.pth
Sun 15 Mar 2026 22:56:20 INFO  Running E-step ! 
Sun 15 Mar 2026 22:56:21 INFO  epoch 24 training [time: 0.18s, train_loss1: 3.9414, train_loss2: 0.0380, train_loss3: 0.0000, train_loss4: 0.0071]
Sun 15 Mar 2026 22:56:21 INFO  epoch 24 evaluating [time: 0.15s, valid_score: 0.315600]
Sun 15 Mar 2026 22:56:21 INFO  valid result: 
recall@1 : 0.1083    recall@2 : 0.2143    recall@3 : 0.2717    recall@4 : 0.3105    recall@5 : 0.3473    recall@10 : 0.4776    recall@20 : 0.5987    recall@30 : 0.6736    recall@50 : 0.7653    ndcg@1 : 0.1836    ndcg@2 : 0.2234    ndcg@3 : 0.243    ndcg@4 : 0.2574    ndcg@5 : 0.2707    ndcg@10 : 0.3156    ndcg@20 : 0.3518    ndcg@30 : 0.3718    ndcg@50 : 0.3934    precision@1 : 0.1836    precision@2 : 0.1725    precision@3 : 0.1494    precision@4 : 0.1336    precision@5 : 0.1212    precision@10 : 0.0866    precision@20 : 0.0576    precision@30 : 0.0446    precision@50 : 0.0314    map@1 : 0.1836    map@2 : 0.1934    map@3 : 0.199    map@4 : 0.2047    map@5 : 0.2106    map@10 : 0.2285    map@20 : 0.2403    map@30 : 0.2457    map@50 : 0.2504
Sun 15 Mar 2026 22:56:21 INFO  Saving current: saved/SCL-Mar-15-2026_22-56-11.pth
Sun 15 Mar 2026 22:56:21 INFO  Saving current best: saved/SCL-Mar-15-2026_22-56-11.pth
Sun 15 Mar 2026 22:56:21 INFO  Running E-step ! 
Sun 15 Mar 2026 22:56:21 INFO  epoch 25 training [time: 0.17s, train_loss1: 3.6885, train_loss2: 0.0382, train_loss3: 0.0000, train_loss4: 0.0074]
Sun 15 Mar 2026 22:56:21 INFO  epoch 25 evaluating [time: 0.15s, valid_score: 0.315700]
Sun 15 Mar 2026 22:56:21 INFO  valid result: 
recall@1 : 0.1087    recall@2 : 0.2139    recall@3 : 0.2716    recall@4 : 0.31    recall@5 : 0.3464    recall@10 : 0.478    recall@20 : 0.5963    recall@30 : 0.6715    recall@50 : 0.7703    ndcg@1 : 0.1841    ndcg@2 : 0.2231    ndcg@3 : 0.243    ndcg@4 : 0.2572    ndcg@5 : 0.2703    ndcg@10 : 0.3157    ndcg@20 : 0.3511    ndcg@30 : 0.3712    ndcg@50 : 0.3942    precision@1 : 0.1841    precision@2 : 0.1719    precision@3 : 0.1494    precision@4 : 0.1335    precision@5 : 0.121    precision@10 : 0.0867    precision@20 : 0.0573    precision@30 : 0.0445    precision@50 : 0.0315    map@1 : 0.1841    map@2 : 0.1932    map@3 : 0.1991    map@4 : 0.2047    map@5 : 0.2105    map@10 : 0.2286    map@20 : 0.2402    map@30 : 0.2455    map@50 : 0.2504
Sun 15 Mar 2026 22:56:21 INFO  Saving current: saved/SCL-Mar-15-2026_22-56-11.pth
Sun 15 Mar 2026 22:56:21 INFO  Saving current best: saved/SCL-Mar-15-2026_22-56-11.pth
Sun 15 Mar 2026 22:56:21 INFO  Running E-step ! 
Sun 15 Mar 2026 22:56:21 INFO  epoch 26 training [time: 0.18s, train_loss1: 3.5158, train_loss2: 0.0384, train_loss3: 0.0000, train_loss4: 0.0076]
Sun 15 Mar 2026 22:56:21 INFO  epoch 26 evaluating [time: 0.15s, valid_score: 0.315900]
Sun 15 Mar 2026 22:56:21 INFO  valid result: 
recall@1 : 0.1091    recall@2 : 0.2139    recall@3 : 0.2713    recall@4 : 0.31    recall@5 : 0.3461    recall@10 : 0.4782    recall@20 : 0.5954    recall@30 : 0.6709    recall@50 : 0.7713    ndcg@1 : 0.1847    ndcg@2 : 0.2232    ndcg@3 : 0.2429    ndcg@4 : 0.2574    ndcg@5 : 0.2704    ndcg@10 : 0.3159    ndcg@20 : 0.3511    ndcg@30 : 0.3712    ndcg@50 : 0.3945    precision@1 : 0.1847    precision@2 : 0.1719    precision@3 : 0.149    precision@4 : 0.1335    precision@5 : 0.1209    precision@10 : 0.0867    precision@20 : 0.0573    precision@30 : 0.0444    precision@50 : 0.0315    map@1 : 0.1847    map@2 : 0.1934    map@3 : 0.1991    map@4 : 0.2049    map@5 : 0.2106    map@10 : 0.2287    map@20 : 0.2403    map@30 : 0.2457    map@50 : 0.2506
Sun 15 Mar 2026 22:56:21 INFO  Saving current: saved/SCL-Mar-15-2026_22-56-11.pth
Sun 15 Mar 2026 22:56:21 INFO  Saving current best: saved/SCL-Mar-15-2026_22-56-11.pth
Sun 15 Mar 2026 22:56:21 INFO  Running E-step ! 
Sun 15 Mar 2026 22:56:22 INFO  epoch 27 training [time: 0.18s, train_loss1: 3.3826, train_loss2: 0.0386, train_loss3: 0.0000, train_loss4: 0.0078]
Sun 15 Mar 2026 22:56:22 INFO  epoch 27 evaluating [time: 0.15s, valid_score: 0.315500]
Sun 15 Mar 2026 22:56:22 INFO  valid result: 
recall@1 : 0.1094    recall@2 : 0.2137    recall@3 : 0.2715    recall@4 : 0.3101    recall@5 : 0.3459    recall@10 : 0.4768    recall@20 : 0.5944    recall@30 : 0.6708    recall@50 : 0.7694    ndcg@1 : 0.1847    ndcg@2 : 0.223    ndcg@3 : 0.243    ndcg@4 : 0.2575    ndcg@5 : 0.2704    ndcg@10 : 0.3155    ndcg@20 : 0.3508    ndcg@30 : 0.3712    ndcg@50 : 0.3942    precision@1 : 0.1847    precision@2 : 0.1716    precision@3 : 0.1492    precision@4 : 0.1336    precision@5 : 0.1209    precision@10 : 0.0865    precision@20 : 0.0571    precision@30 : 0.0444    precision@50 : 0.0315    map@1 : 0.1847    map@2 : 0.1932    map@3 : 0.1992    map@4 : 0.2051    map@5 : 0.2107    map@10 : 0.2287    map@20 : 0.2403    map@30 : 0.2457    map@50 : 0.2507
Sun 15 Mar 2026 22:56:22 INFO  Running E-step ! 
Sun 15 Mar 2026 22:56:22 INFO  epoch 28 training [time: 0.18s, train_loss1: 3.3105, train_loss2: 0.0388, train_loss3: 0.0000, train_loss4: 0.0079]
Sun 15 Mar 2026 22:56:22 INFO  epoch 28 evaluating [time: 0.15s, valid_score: 0.316300]
Sun 15 Mar 2026 22:56:22 INFO  valid result: 
recall@1 : 0.1116    recall@2 : 0.2137    recall@3 : 0.2719    recall@4 : 0.3101    recall@5 : 0.3457    recall@10 : 0.4766    recall@20 : 0.5935    recall@30 : 0.67    recall@50 : 0.7659    ndcg@1 : 0.1865    ndcg@2 : 0.2237    ndcg@3 : 0.2441    ndcg@4 : 0.2583    ndcg@5 : 0.2711    ndcg@10 : 0.3163    ndcg@20 : 0.3513    ndcg@30 : 0.3718    ndcg@50 : 0.3943    precision@1 : 0.1865    precision@2 : 0.1716    precision@3 : 0.1496    precision@4 : 0.1336    precision@5 : 0.1207    precision@10 : 0.0865    precision@20 : 0.057    precision@30 : 0.0444    precision@50 : 0.0314    map@1 : 0.1865    map@2 : 0.1943    map@3 : 0.2006    map@4 : 0.2062    map@5 : 0.2118    map@10 : 0.2298    map@20 : 0.2413    map@30 : 0.2468    map@50 : 0.2517
Sun 15 Mar 2026 22:56:22 INFO  Saving current: saved/SCL-Mar-15-2026_22-56-11.pth
Sun 15 Mar 2026 22:56:22 INFO  Saving current best: saved/SCL-Mar-15-2026_22-56-11.pth
Sun 15 Mar 2026 22:56:22 INFO  Running E-step ! 
Sun 15 Mar 2026 22:56:22 INFO  epoch 29 training [time: 0.19s, train_loss1: 3.2633, train_loss2: 0.0390, train_loss3: 0.0000, train_loss4: 0.0079]
Sun 15 Mar 2026 22:56:23 INFO  epoch 29 evaluating [time: 0.15s, valid_score: 0.317800]
Sun 15 Mar 2026 22:56:23 INFO  valid result: 
recall@1 : 0.1162    recall@2 : 0.2137    recall@3 : 0.2718    recall@4 : 0.3099    recall@5 : 0.3456    recall@10 : 0.4761    recall@20 : 0.594    recall@30 : 0.6694    recall@50 : 0.765    ndcg@1 : 0.1913    ndcg@2 : 0.2255    ndcg@3 : 0.2457    ndcg@4 : 0.2599    ndcg@5 : 0.2728    ndcg@10 : 0.3178    ndcg@20 : 0.3531    ndcg@30 : 0.3733    ndcg@50 : 0.3958    precision@1 : 0.1913    precision@2 : 0.1716    precision@3 : 0.1494    precision@4 : 0.1335    precision@5 : 0.1207    precision@10 : 0.0865    precision@20 : 0.0571    precision@30 : 0.0444    precision@50 : 0.0314    map@1 : 0.1913    map@2 : 0.1967    map@3 : 0.2028    map@4 : 0.2085    map@5 : 0.2141    map@10 : 0.232    map@20 : 0.2436    map@30 : 0.2491    map@50 : 0.2539
Sun 15 Mar 2026 22:56:23 INFO  Saving current: saved/SCL-Mar-15-2026_22-56-11.pth
Sun 15 Mar 2026 22:56:23 INFO  Saving current best: saved/SCL-Mar-15-2026_22-56-11.pth
Sun 15 Mar 2026 22:56:23 INFO  Running E-step ! 
Sun 15 Mar 2026 22:56:23 INFO  epoch 30 training [time: 0.20s, train_loss1: 3.2289, train_loss2: 0.0391, train_loss3: 0.0000, train_loss4: 0.0079]
Sun 15 Mar 2026 22:56:23 INFO  epoch 30 evaluating [time: 0.15s, valid_score: 0.318400]
Sun 15 Mar 2026 22:56:23 INFO  valid result: 
recall@1 : 0.1186    recall@2 : 0.2131    recall@3 : 0.2712    recall@4 : 0.3093    recall@5 : 0.3452    recall@10 : 0.476    recall@20 : 0.5931    recall@30 : 0.6685    recall@50 : 0.7641    ndcg@1 : 0.1937    ndcg@2 : 0.226    ndcg@3 : 0.2462    ndcg@4 : 0.2604    ndcg@5 : 0.2734    ndcg@10 : 0.3184    ndcg@20 : 0.3536    ndcg@30 : 0.3738    ndcg@50 : 0.3963    precision@1 : 0.1937    precision@2 : 0.1713    precision@3 : 0.1492    precision@4 : 0.1333    precision@5 : 0.1207    precision@10 : 0.0864    precision@20 : 0.057    precision@30 : 0.0443    precision@50 : 0.0314    map@1 : 0.1937    map@2 : 0.1976    map@3 : 0.2037    map@4 : 0.2094    map@5 : 0.215    map@10 : 0.2329    map@20 : 0.2445    map@30 : 0.25    map@50 : 0.2549
Sun 15 Mar 2026 22:56:23 INFO  Saving current: saved/SCL-Mar-15-2026_22-56-11.pth
Sun 15 Mar 2026 22:56:23 INFO  Saving current best: saved/SCL-Mar-15-2026_22-56-11.pth
Sun 15 Mar 2026 22:56:23 INFO  Running E-step ! 
Sun 15 Mar 2026 22:56:23 INFO  epoch 31 training [time: 0.19s, train_loss1: 3.2512, train_loss2: 0.0393, train_loss3: 0.0000, train_loss4: 0.0078]
Sun 15 Mar 2026 22:56:23 INFO  epoch 31 evaluating [time: 0.15s, valid_score: 0.318100]
Sun 15 Mar 2026 22:56:23 INFO  valid result: 
recall@1 : 0.118    recall@2 : 0.2131    recall@3 : 0.2712    recall@4 : 0.3095    recall@5 : 0.3447    recall@10 : 0.4754    recall@20 : 0.5935    recall@30 : 0.6689    recall@50 : 0.7633    ndcg@1 : 0.1931    ndcg@2 : 0.2258    ndcg@3 : 0.246    ndcg@4 : 0.2603    ndcg@5 : 0.273    ndcg@10 : 0.3181    ndcg@20 : 0.3535    ndcg@30 : 0.3737    ndcg@50 : 0.3959    precision@1 : 0.1931    precision@2 : 0.1713    precision@3 : 0.1492    precision@4 : 0.1335    precision@5 : 0.1207    precision@10 : 0.0864    precision@20 : 0.0571    precision@30 : 0.0443    precision@50 : 0.0314    map@1 : 0.1931    map@2 : 0.1973    map@3 : 0.2034    map@4 : 0.2092    map@5 : 0.2147    map@10 : 0.2326    map@20 : 0.2443    map@30 : 0.2497    map@50 : 0.2546
Sun 15 Mar 2026 22:56:23 INFO  Running E-step ! 
Sun 15 Mar 2026 22:56:23 INFO  epoch 32 training [time: 0.17s, train_loss1: 3.2162, train_loss2: 0.0395, train_loss3: 0.0000, train_loss4: 0.0078]
Sun 15 Mar 2026 22:56:24 INFO  epoch 32 evaluating [time: 0.15s, valid_score: 0.318400]
Sun 15 Mar 2026 22:56:24 INFO  valid result: 
recall@1 : 0.118    recall@2 : 0.2131    recall@3 : 0.2713    recall@4 : 0.3095    recall@5 : 0.3449    recall@10 : 0.4764    recall@20 : 0.5938    recall@30 : 0.6684    recall@50 : 0.7635    ndcg@1 : 0.1931    ndcg@2 : 0.2258    ndcg@3 : 0.2461    ndcg@4 : 0.2603    ndcg@5 : 0.2731    ndcg@10 : 0.3184    ndcg@20 : 0.3536    ndcg@30 : 0.3736    ndcg@50 : 0.396    precision@1 : 0.1931    precision@2 : 0.1713    precision@3 : 0.1494    precision@4 : 0.1335    precision@5 : 0.1209    precision@10 : 0.0864    precision@20 : 0.0571    precision@30 : 0.0443    precision@50 : 0.0314    map@1 : 0.1931    map@2 : 0.1973    map@3 : 0.2035    map@4 : 0.2092    map@5 : 0.2147    map@10 : 0.2327    map@20 : 0.2444    map@30 : 0.2498    map@50 : 0.2546
Sun 15 Mar 2026 22:56:24 INFO  Saving current: saved/SCL-Mar-15-2026_22-56-11.pth
Sun 15 Mar 2026 22:56:24 INFO  Saving current best: saved/SCL-Mar-15-2026_22-56-11.pth
Sun 15 Mar 2026 22:56:24 INFO  Running E-step ! 
Sun 15 Mar 2026 22:56:24 INFO  epoch 33 training [time: 0.20s, train_loss1: 3.1989, train_loss2: 0.0396, train_loss3: 0.0000, train_loss4: 0.0077]
Sun 15 Mar 2026 22:56:24 INFO  epoch 33 evaluating [time: 0.15s, valid_score: 0.318200]
Sun 15 Mar 2026 22:56:24 INFO  valid result: 
recall@1 : 0.1186    recall@2 : 0.2131    recall@3 : 0.2713    recall@4 : 0.3094    recall@5 : 0.3449    recall@10 : 0.4752    recall@20 : 0.5942    recall@30 : 0.6686    recall@50 : 0.764    ndcg@1 : 0.1937    ndcg@2 : 0.226    ndcg@3 : 0.2464    ndcg@4 : 0.2605    ndcg@5 : 0.2733    ndcg@10 : 0.3182    ndcg@20 : 0.354    ndcg@30 : 0.3738    ndcg@50 : 0.3964    precision@1 : 0.1937    precision@2 : 0.1713    precision@3 : 0.1494    precision@4 : 0.1333    precision@5 : 0.1209    precision@10 : 0.0863    precision@20 : 0.0572    precision@30 : 0.0443    precision@50 : 0.0315    map@1 : 0.1937    map@2 : 0.1976    map@3 : 0.2038    map@4 : 0.2094    map@5 : 0.215    map@10 : 0.2329    map@20 : 0.2447    map@30 : 0.25    map@50 : 0.255
Sun 15 Mar 2026 22:56:24 INFO  Running E-step ! 
Sun 15 Mar 2026 22:56:24 INFO  epoch 34 training [time: 0.18s, train_loss1: 3.1493, train_loss2: 0.0398, train_loss3: 0.0000, train_loss4: 0.0077]
Sun 15 Mar 2026 22:56:24 INFO  epoch 34 evaluating [time: 0.15s, valid_score: 0.318700]
Sun 15 Mar 2026 22:56:24 INFO  valid result: 
recall@1 : 0.1192    recall@2 : 0.2131    recall@3 : 0.2713    recall@4 : 0.3097    recall@5 : 0.3446    recall@10 : 0.4759    recall@20 : 0.5942    recall@30 : 0.6695    recall@50 : 0.7638    ndcg@1 : 0.1943    ndcg@2 : 0.2262    ndcg@3 : 0.2466    ndcg@4 : 0.2609    ndcg@5 : 0.2734    ndcg@10 : 0.3187    ndcg@20 : 0.3543    ndcg@30 : 0.3743    ndcg@50 : 0.3966    precision@1 : 0.1943    precision@2 : 0.1713    precision@3 : 0.1494    precision@4 : 0.1336    precision@5 : 0.1206    precision@10 : 0.0864    precision@20 : 0.0572    precision@30 : 0.0443    precision@50 : 0.0314    map@1 : 0.1943    map@2 : 0.1979    map@3 : 0.2041    map@4 : 0.2098    map@5 : 0.2152    map@10 : 0.2333    map@20 : 0.2451    map@30 : 0.2504    map@50 : 0.2553
Sun 15 Mar 2026 22:56:24 INFO  Saving current: saved/SCL-Mar-15-2026_22-56-11.pth
Sun 15 Mar 2026 22:56:24 INFO  Saving current best: saved/SCL-Mar-15-2026_22-56-11.pth
Sun 15 Mar 2026 22:56:24 INFO  Running E-step ! 
Sun 15 Mar 2026 22:56:25 INFO  epoch 35 training [time: 0.19s, train_loss1: 3.1552, train_loss2: 0.0399, train_loss3: 0.0000, train_loss4: 0.0077]
Sun 15 Mar 2026 22:56:25 INFO  epoch 35 evaluating [time: 0.15s, valid_score: 0.319200]
Sun 15 Mar 2026 22:56:25 INFO  valid result: 
recall@1 : 0.1198    recall@2 : 0.2131    recall@3 : 0.2716    recall@4 : 0.3098    recall@5 : 0.3445    recall@10 : 0.4763    recall@20 : 0.5947    recall@30 : 0.6713    recall@50 : 0.7591    ndcg@1 : 0.1949    ndcg@2 : 0.2264    ndcg@3 : 0.247    ndcg@4 : 0.2613    ndcg@5 : 0.2736    ndcg@10 : 0.3192    ndcg@20 : 0.3548    ndcg@30 : 0.3751    ndcg@50 : 0.3961    precision@1 : 0.1949    precision@2 : 0.1713    precision@3 : 0.1496    precision@4 : 0.1338    precision@5 : 0.1205    precision@10 : 0.0865    precision@20 : 0.0574    precision@30 : 0.0444    precision@50 : 0.0313    map@1 : 0.1949    map@2 : 0.1982    map@3 : 0.2045    map@4 : 0.2103    map@5 : 0.2155    map@10 : 0.2338    map@20 : 0.2456    map@30 : 0.251    map@50 : 0.2557
Sun 15 Mar 2026 22:56:25 INFO  Saving current: saved/SCL-Mar-15-2026_22-56-11.pth
Sun 15 Mar 2026 22:56:25 INFO  Saving current best: saved/SCL-Mar-15-2026_22-56-11.pth
Sun 15 Mar 2026 22:56:25 INFO  Running E-step ! 
Sun 15 Mar 2026 22:56:25 INFO  epoch 36 training [time: 0.19s, train_loss1: 3.1646, train_loss2: 0.0401, train_loss3: 0.0000, train_loss4: 0.0076]
Sun 15 Mar 2026 22:56:25 INFO  epoch 36 evaluating [time: 0.15s, valid_score: 0.318800]
Sun 15 Mar 2026 22:56:25 INFO  valid result: 
recall@1 : 0.1198    recall@2 : 0.2131    recall@3 : 0.2715    recall@4 : 0.3099    recall@5 : 0.3439    recall@10 : 0.475    recall@20 : 0.5947    recall@30 : 0.6724    recall@50 : 0.758    ndcg@1 : 0.1949    ndcg@2 : 0.2264    ndcg@3 : 0.2468    ndcg@4 : 0.2613    ndcg@5 : 0.2733    ndcg@10 : 0.3188    ndcg@20 : 0.3547    ndcg@30 : 0.3753    ndcg@50 : 0.3959    precision@1 : 0.1949    precision@2 : 0.1713    precision@3 : 0.1494    precision@4 : 0.1339    precision@5 : 0.1203    precision@10 : 0.0863    precision@20 : 0.0573    precision@30 : 0.0445    precision@50 : 0.0313    map@1 : 0.1949    map@2 : 0.1982    map@3 : 0.2045    map@4 : 0.2104    map@5 : 0.2154    map@10 : 0.2336    map@20 : 0.2455    map@30 : 0.251    map@50 : 0.2556
Sun 15 Mar 2026 22:56:25 INFO  Running E-step ! 
Sun 15 Mar 2026 22:56:25 INFO  epoch 37 training [time: 0.18s, train_loss1: 3.1785, train_loss2: 0.0402, train_loss3: 0.0000, train_loss4: 0.0068]
Sun 15 Mar 2026 22:56:25 INFO  epoch 37 evaluating [time: 0.15s, valid_score: 0.318900]
Sun 15 Mar 2026 22:56:25 INFO  valid result: 
recall@1 : 0.1198    recall@2 : 0.2131    recall@3 : 0.2717    recall@4 : 0.3102    recall@5 : 0.3433    recall@10 : 0.4754    recall@20 : 0.5946    recall@30 : 0.6725    recall@50 : 0.7574    ndcg@1 : 0.1949    ndcg@2 : 0.2264    ndcg@3 : 0.247    ndcg@4 : 0.2616    ndcg@5 : 0.273    ndcg@10 : 0.3189    ndcg@20 : 0.3547    ndcg@30 : 0.3753    ndcg@50 : 0.3958    precision@1 : 0.1949    precision@2 : 0.1713    precision@3 : 0.1496    precision@4 : 0.1342    precision@5 : 0.12    precision@10 : 0.0865    precision@20 : 0.0574    precision@30 : 0.0445    precision@50 : 0.0313    map@1 : 0.1949    map@2 : 0.1982    map@3 : 0.2045    map@4 : 0.2105    map@5 : 0.2153    map@10 : 0.2337    map@20 : 0.2455    map@30 : 0.251    map@50 : 0.2557
Sun 15 Mar 2026 22:56:25 INFO  Running E-step ! 
Sun 15 Mar 2026 22:56:26 INFO  epoch 38 training [time: 0.18s, train_loss1: 3.1164, train_loss2: 0.0403, train_loss3: 0.0000, train_loss4: 0.0067]
Sun 15 Mar 2026 22:56:26 INFO  epoch 38 evaluating [time: 0.15s, valid_score: 0.319000]
Sun 15 Mar 2026 22:56:26 INFO  valid result: 
recall@1 : 0.1204    recall@2 : 0.2133    recall@3 : 0.272    recall@4 : 0.3102    recall@5 : 0.343    recall@10 : 0.4749    recall@20 : 0.5962    recall@30 : 0.6726    recall@50 : 0.7567    ndcg@1 : 0.1955    ndcg@2 : 0.2269    ndcg@3 : 0.2475    ndcg@4 : 0.2619    ndcg@5 : 0.2732    ndcg@10 : 0.319    ndcg@20 : 0.3553    ndcg@30 : 0.3756    ndcg@50 : 0.3958    precision@1 : 0.1955    precision@2 : 0.1716    precision@3 : 0.15    precision@4 : 0.1342    precision@5 : 0.1199    precision@10 : 0.0864    precision@20 : 0.0575    precision@30 : 0.0446    precision@50 : 0.0313    map@1 : 0.1955    map@2 : 0.1986    map@3 : 0.2051    map@4 : 0.2109    map@5 : 0.2155    map@10 : 0.234    map@20 : 0.246    map@30 : 0.2514    map@50 : 0.256
Sun 15 Mar 2026 22:56:26 INFO  Running E-step ! 
Sun 15 Mar 2026 22:56:26 INFO  epoch 39 training [time: 0.17s, train_loss1: 3.1654, train_loss2: 0.0405, train_loss3: 0.0000, train_loss4: 0.0067]
Sun 15 Mar 2026 22:56:26 INFO  epoch 39 evaluating [time: 0.15s, valid_score: 0.319300]
Sun 15 Mar 2026 22:56:26 INFO  valid result: 
recall@1 : 0.121    recall@2 : 0.2133    recall@3 : 0.2718    recall@4 : 0.3102    recall@5 : 0.343    recall@10 : 0.4749    recall@20 : 0.5955    recall@30 : 0.6719    recall@50 : 0.7577    ndcg@1 : 0.1961    ndcg@2 : 0.2271    ndcg@3 : 0.2476    ndcg@4 : 0.2621    ndcg@5 : 0.2734    ndcg@10 : 0.3193    ndcg@20 : 0.3554    ndcg@30 : 0.3757    ndcg@50 : 0.3963    precision@1 : 0.1961    precision@2 : 0.1716    precision@3 : 0.1498    precision@4 : 0.1342    precision@5 : 0.1199    precision@10 : 0.0865    precision@20 : 0.0575    precision@30 : 0.0446    precision@50 : 0.0313    map@1 : 0.1961    map@2 : 0.1989    map@3 : 0.2054    map@4 : 0.2112    map@5 : 0.2158    map@10 : 0.2343    map@20 : 0.2462    map@30 : 0.2517    map@50 : 0.2563
Sun 15 Mar 2026 22:56:26 INFO  Saving current: saved/SCL-Mar-15-2026_22-56-11.pth
Sun 15 Mar 2026 22:56:26 INFO  Saving current best: saved/SCL-Mar-15-2026_22-56-11.pth
Sun 15 Mar 2026 22:56:26 INFO  Running E-step ! 
Sun 15 Mar 2026 22:56:26 INFO  epoch 40 training [time: 0.18s, train_loss1: 3.1160, train_loss2: 0.0406, train_loss3: 0.0000, train_loss4: 0.0064]
Sun 15 Mar 2026 22:56:26 INFO  epoch 40 evaluating [time: 0.15s, valid_score: 0.319900]
Sun 15 Mar 2026 22:56:26 INFO  valid result: 
recall@1 : 0.1225    recall@2 : 0.2134    recall@3 : 0.2721    recall@4 : 0.3097    recall@5 : 0.3431    recall@10 : 0.475    recall@20 : 0.5963    recall@30 : 0.6724    recall@50 : 0.7578    ndcg@1 : 0.1979    ndcg@2 : 0.2279    ndcg@3 : 0.2485    ndcg@4 : 0.2624    ndcg@5 : 0.2739    ndcg@10 : 0.3199    ndcg@20 : 0.3563    ndcg@30 : 0.3765    ndcg@50 : 0.397    precision@1 : 0.1979    precision@2 : 0.1719    precision@3 : 0.1502    precision@4 : 0.1339    precision@5 : 0.1198    precision@10 : 0.0865    precision@20 : 0.0576    precision@30 : 0.0446    precision@50 : 0.0313    map@1 : 0.1979    map@2 : 0.1998    map@3 : 0.2063    map@4 : 0.2118    map@5 : 0.2166    map@10 : 0.2351    map@20 : 0.2471    map@30 : 0.2525    map@50 : 0.2571
Sun 15 Mar 2026 22:56:26 INFO  Saving current: saved/SCL-Mar-15-2026_22-56-11.pth
Sun 15 Mar 2026 22:56:26 INFO  Saving current best: saved/SCL-Mar-15-2026_22-56-11.pth
Sun 15 Mar 2026 22:56:26 INFO  Running E-step ! 
Sun 15 Mar 2026 22:56:27 INFO  epoch 41 training [time: 0.22s, train_loss1: 3.1239, train_loss2: 0.0407, train_loss3: 0.0000, train_loss4: 0.0062]
Sun 15 Mar 2026 22:56:27 INFO  epoch 41 evaluating [time: 0.15s, valid_score: 0.320300]
Sun 15 Mar 2026 22:56:27 INFO  valid result: 
recall@1 : 0.1225    recall@2 : 0.2134    recall@3 : 0.2723    recall@4 : 0.3097    recall@5 : 0.3433    recall@10 : 0.4761    recall@20 : 0.5976    recall@30 : 0.6731    recall@50 : 0.7576    ndcg@1 : 0.1979    ndcg@2 : 0.2279    ndcg@3 : 0.2486    ndcg@4 : 0.2624    ndcg@5 : 0.2741    ndcg@10 : 0.3203    ndcg@20 : 0.3567    ndcg@30 : 0.3767    ndcg@50 : 0.397    precision@1 : 0.1979    precision@2 : 0.1719    precision@3 : 0.1504    precision@4 : 0.1339    precision@5 : 0.12    precision@10 : 0.0866    precision@20 : 0.0577    precision@30 : 0.0446    precision@50 : 0.0313    map@1 : 0.1979    map@2 : 0.1998    map@3 : 0.2063    map@4 : 0.2118    map@5 : 0.2167    map@10 : 0.2352    map@20 : 0.2473    map@30 : 0.2526    map@50 : 0.2572
Sun 15 Mar 2026 22:56:27 INFO  Saving current: saved/SCL-Mar-15-2026_22-56-11.pth
Sun 15 Mar 2026 22:56:27 INFO  Saving current best: saved/SCL-Mar-15-2026_22-56-11.pth
Sun 15 Mar 2026 22:56:27 INFO  Running E-step ! 
Sun 15 Mar 2026 22:56:27 INFO  epoch 42 training [time: 0.16s, train_loss1: 3.0934, train_loss2: 0.0409, train_loss3: 0.0000, train_loss4: 0.0060]
Sun 15 Mar 2026 22:56:27 INFO  epoch 42 evaluating [time: 0.15s, valid_score: 0.320100]
Sun 15 Mar 2026 22:56:27 INFO  valid result: 
recall@1 : 0.1225    recall@2 : 0.2134    recall@3 : 0.2721    recall@4 : 0.3097    recall@5 : 0.3437    recall@10 : 0.4755    recall@20 : 0.5979    recall@30 : 0.6723    recall@50 : 0.7572    ndcg@1 : 0.1979    ndcg@2 : 0.2279    ndcg@3 : 0.2485    ndcg@4 : 0.2624    ndcg@5 : 0.2743    ndcg@10 : 0.3201    ndcg@20 : 0.3569    ndcg@30 : 0.3765    ndcg@50 : 0.397    precision@1 : 0.1979    precision@2 : 0.1719    precision@3 : 0.1502    precision@4 : 0.1339    precision@5 : 0.1203    precision@10 : 0.0865    precision@20 : 0.0578    precision@30 : 0.0446    precision@50 : 0.0314    map@1 : 0.1979    map@2 : 0.1998    map@3 : 0.2063    map@4 : 0.2118    map@5 : 0.2168    map@10 : 0.2352    map@20 : 0.2473    map@30 : 0.2526    map@50 : 0.2573
Sun 15 Mar 2026 22:56:27 INFO  Running E-step ! 
Sun 15 Mar 2026 22:56:27 INFO  epoch 43 training [time: 0.16s, train_loss1: 3.1036, train_loss2: 0.0410, train_loss3: 0.0000, train_loss4: 0.0059]
Sun 15 Mar 2026 22:56:27 INFO  epoch 43 evaluating [time: 0.15s, valid_score: 0.320300]
Sun 15 Mar 2026 22:56:27 INFO  valid result: 
recall@1 : 0.1231    recall@2 : 0.2134    recall@3 : 0.2723    recall@4 : 0.3107    recall@5 : 0.3436    recall@10 : 0.4755    recall@20 : 0.5976    recall@30 : 0.672    recall@50 : 0.756    ndcg@1 : 0.1985    ndcg@2 : 0.2281    ndcg@3 : 0.2489    ndcg@4 : 0.263    ndcg@5 : 0.2745    ndcg@10 : 0.3203    ndcg@20 : 0.3571    ndcg@30 : 0.3768    ndcg@50 : 0.3971    precision@1 : 0.1985    precision@2 : 0.1719    precision@3 : 0.1504    precision@4 : 0.1341    precision@5 : 0.1201    precision@10 : 0.0865    precision@20 : 0.0578    precision@30 : 0.0446    precision@50 : 0.0313    map@1 : 0.1985    map@2 : 0.2001    map@3 : 0.2066    map@4 : 0.2124    map@5 : 0.2171    map@10 : 0.2355    map@20 : 0.2477    map@30 : 0.253    map@50 : 0.2576
Sun 15 Mar 2026 22:56:27 INFO  Saving current: saved/SCL-Mar-15-2026_22-56-11.pth
Sun 15 Mar 2026 22:56:27 INFO  Saving current best: saved/SCL-Mar-15-2026_22-56-11.pth
Sun 15 Mar 2026 22:56:27 INFO  Running E-step ! 
Sun 15 Mar 2026 22:56:28 INFO  epoch 44 training [time: 0.18s, train_loss1: 3.1187, train_loss2: 0.0411, train_loss3: 0.0000, train_loss4: 0.0057]
Sun 15 Mar 2026 22:56:28 INFO  epoch 44 evaluating [time: 0.15s, valid_score: 0.320200]
Sun 15 Mar 2026 22:56:28 INFO  valid result: 
recall@1 : 0.1231    recall@2 : 0.2134    recall@3 : 0.2723    recall@4 : 0.3108    recall@5 : 0.3436    recall@10 : 0.4749    recall@20 : 0.5984    recall@30 : 0.6717    recall@50 : 0.7555    ndcg@1 : 0.1985    ndcg@2 : 0.2281    ndcg@3 : 0.2489    ndcg@4 : 0.2631    ndcg@5 : 0.2746    ndcg@10 : 0.3202    ndcg@20 : 0.3573    ndcg@30 : 0.3767    ndcg@50 : 0.397    precision@1 : 0.1985    precision@2 : 0.1719    precision@3 : 0.1504    precision@4 : 0.1342    precision@5 : 0.1201    precision@10 : 0.0864    precision@20 : 0.0579    precision@30 : 0.0446    precision@50 : 0.0313    map@1 : 0.1985    map@2 : 0.2001    map@3 : 0.2066    map@4 : 0.2123    map@5 : 0.217    map@10 : 0.2354    map@20 : 0.2477    map@30 : 0.253    map@50 : 0.2576
Sun 15 Mar 2026 22:56:28 INFO  Running E-step ! 
Sun 15 Mar 2026 22:56:28 INFO  epoch 45 training [time: 0.17s, train_loss1: 3.0860, train_loss2: 0.0412, train_loss3: 0.0000, train_loss4: 0.0058]
Sun 15 Mar 2026 22:56:28 INFO  epoch 45 evaluating [time: 0.15s, valid_score: 0.319800]
Sun 15 Mar 2026 22:56:28 INFO  valid result: 
recall@1 : 0.1219    recall@2 : 0.2135    recall@3 : 0.2727    recall@4 : 0.3105    recall@5 : 0.3444    recall@10 : 0.4749    recall@20 : 0.5981    recall@30 : 0.6716    recall@50 : 0.7558    ndcg@1 : 0.1973    ndcg@2 : 0.2279    ndcg@3 : 0.2488    ndcg@4 : 0.2627    ndcg@5 : 0.2746    ndcg@10 : 0.3198    ndcg@20 : 0.3569    ndcg@30 : 0.3764    ndcg@50 : 0.3968    precision@1 : 0.1973    precision@2 : 0.1722    precision@3 : 0.1508    precision@4 : 0.1342    precision@5 : 0.1205    precision@10 : 0.0865    precision@20 : 0.058    precision@30 : 0.0446    precision@50 : 0.0314    map@1 : 0.1973    map@2 : 0.1998    map@3 : 0.2063    map@4 : 0.2118    map@5 : 0.2168    map@10 : 0.235    map@20 : 0.2473    map@30 : 0.2525    map@50 : 0.2572
Sun 15 Mar 2026 22:56:28 INFO  Running E-step ! 
Sun 15 Mar 2026 22:56:28 INFO  epoch 46 training [time: 0.18s, train_loss1: 3.1131, train_loss2: 0.0413, train_loss3: 0.0000, train_loss4: 0.0057]
Sun 15 Mar 2026 22:56:28 INFO  epoch 46 evaluating [time: 0.14s, valid_score: 0.319900]
Sun 15 Mar 2026 22:56:28 INFO  valid result: 
recall@1 : 0.1219    recall@2 : 0.2135    recall@3 : 0.2723    recall@4 : 0.3113    recall@5 : 0.3444    recall@10 : 0.4751    recall@20 : 0.6005    recall@30 : 0.6723    recall@50 : 0.7557    ndcg@1 : 0.1973    ndcg@2 : 0.2279    ndcg@3 : 0.2485    ndcg@4 : 0.263    ndcg@5 : 0.2745    ndcg@10 : 0.3199    ndcg@20 : 0.3576    ndcg@30 : 0.3767    ndcg@50 : 0.3968    precision@1 : 0.1973    precision@2 : 0.1722    precision@3 : 0.1504    precision@4 : 0.1345    precision@5 : 0.1205    precision@10 : 0.0865    precision@20 : 0.0582    precision@30 : 0.0447    precision@50 : 0.0314    map@1 : 0.1973    map@2 : 0.1998    map@3 : 0.2061    map@4 : 0.212    map@5 : 0.2167    map@10 : 0.235    map@20 : 0.2475    map@30 : 0.2526    map@50 : 0.2573
Sun 15 Mar 2026 22:56:28 INFO  Running E-step ! 
Sun 15 Mar 2026 22:56:29 INFO  epoch 47 training [time: 0.18s, train_loss1: 3.0736, train_loss2: 0.0414, train_loss3: 0.0000, train_loss4: 0.0057]
Sun 15 Mar 2026 22:56:29 INFO  epoch 47 evaluating [time: 0.15s, valid_score: 0.320100]
Sun 15 Mar 2026 22:56:29 INFO  valid result: 
recall@1 : 0.1219    recall@2 : 0.2135    recall@3 : 0.2723    recall@4 : 0.3119    recall@5 : 0.3438    recall@10 : 0.4754    recall@20 : 0.6011    recall@30 : 0.6725    recall@50 : 0.7557    ndcg@1 : 0.1973    ndcg@2 : 0.2279    ndcg@3 : 0.2485    ndcg@4 : 0.2632    ndcg@5 : 0.2743    ndcg@10 : 0.3201    ndcg@20 : 0.3578    ndcg@30 : 0.3768    ndcg@50 : 0.3969    precision@1 : 0.1973    precision@2 : 0.1722    precision@3 : 0.1504    precision@4 : 0.1347    precision@5 : 0.1204    precision@10 : 0.0867    precision@20 : 0.0583    precision@30 : 0.0447    precision@50 : 0.0314    map@1 : 0.1973    map@2 : 0.1998    map@3 : 0.2061    map@4 : 0.2121    map@5 : 0.2167    map@10 : 0.2351    map@20 : 0.2476    map@30 : 0.2527    map@50 : 0.2574
Sun 15 Mar 2026 22:56:29 INFO  Running E-step ! 
Sun 15 Mar 2026 22:56:29 INFO  epoch 48 training [time: 0.19s, train_loss1: 3.0862, train_loss2: 0.0414, train_loss3: 0.0000, train_loss4: 0.0054]
Sun 15 Mar 2026 22:56:29 INFO  epoch 48 evaluating [time: 0.15s, valid_score: 0.320200]
Sun 15 Mar 2026 22:56:29 INFO  valid result: 
recall@1 : 0.1219    recall@2 : 0.2135    recall@3 : 0.2731    recall@4 : 0.3126    recall@5 : 0.3436    recall@10 : 0.4755    recall@20 : 0.6013    recall@30 : 0.6728    recall@50 : 0.7566    ndcg@1 : 0.1973    ndcg@2 : 0.2279    ndcg@3 : 0.2489    ndcg@4 : 0.2637    ndcg@5 : 0.2743    ndcg@10 : 0.3202    ndcg@20 : 0.358    ndcg@30 : 0.377    ndcg@50 : 0.3972    precision@1 : 0.1973    precision@2 : 0.1722    precision@3 : 0.1508    precision@4 : 0.135    precision@5 : 0.1203    precision@10 : 0.0867    precision@20 : 0.0583    precision@30 : 0.0447    precision@50 : 0.0314    map@1 : 0.1973    map@2 : 0.1998    map@3 : 0.2064    map@4 : 0.2124    map@5 : 0.2167    map@10 : 0.2353    map@20 : 0.2478    map@30 : 0.2529    map@50 : 0.2576
Sun 15 Mar 2026 22:56:29 INFO  Running E-step ! 
Sun 15 Mar 2026 22:56:29 INFO  epoch 49 training [time: 0.16s, train_loss1: 3.0309, train_loss2: 0.0415, train_loss3: 0.0000, train_loss4: 0.0053]
Sun 15 Mar 2026 22:56:29 INFO  epoch 49 evaluating [time: 0.14s, valid_score: 0.320400]
Sun 15 Mar 2026 22:56:29 INFO  valid result: 
recall@1 : 0.1218    recall@2 : 0.2136    recall@3 : 0.2738    recall@4 : 0.3132    recall@5 : 0.3446    recall@10 : 0.4757    recall@20 : 0.6017    recall@30 : 0.6736    recall@50 : 0.7571    ndcg@1 : 0.1967    ndcg@2 : 0.228    ndcg@3 : 0.2493    ndcg@4 : 0.2639    ndcg@5 : 0.2748    ndcg@10 : 0.3204    ndcg@20 : 0.3583    ndcg@30 : 0.3773    ndcg@50 : 0.3975    precision@1 : 0.1967    precision@2 : 0.1725    precision@3 : 0.1512    precision@4 : 0.1351    precision@5 : 0.1206    precision@10 : 0.0868    precision@20 : 0.0584    precision@30 : 0.0448    precision@50 : 0.0314    map@1 : 0.1967    map@2 : 0.1998    map@3 : 0.2066    map@4 : 0.2126    map@5 : 0.217    map@10 : 0.2354    map@20 : 0.2479    map@30 : 0.253    map@50 : 0.2577
Sun 15 Mar 2026 22:56:29 INFO  Saving current: saved/SCL-Mar-15-2026_22-56-11.pth
Sun 15 Mar 2026 22:56:29 INFO  Saving current best: saved/SCL-Mar-15-2026_22-56-11.pth
Sun 15 Mar 2026 22:56:29 INFO  Running E-step ! 
Sun 15 Mar 2026 22:56:30 INFO  epoch 50 training [time: 0.18s, train_loss1: 3.0315, train_loss2: 0.0416, train_loss3: 0.0000, train_loss4: 0.0052]
Sun 15 Mar 2026 22:56:30 INFO  epoch 50 evaluating [time: 0.14s, valid_score: 0.320400]
Sun 15 Mar 2026 22:56:30 INFO  valid result: 
recall@1 : 0.1218    recall@2 : 0.2138    recall@3 : 0.2732    recall@4 : 0.3131    recall@5 : 0.345    recall@10 : 0.4752    recall@20 : 0.6027    recall@30 : 0.6741    recall@50 : 0.7576    ndcg@1 : 0.1973    ndcg@2 : 0.2284    ndcg@3 : 0.249    ndcg@4 : 0.264    ndcg@5 : 0.275    ndcg@10 : 0.3204    ndcg@20 : 0.3586    ndcg@30 : 0.3775    ndcg@50 : 0.3977    precision@1 : 0.1973    precision@2 : 0.1728    precision@3 : 0.1508    precision@4 : 0.1351    precision@5 : 0.1207    precision@10 : 0.0869    precision@20 : 0.0585    precision@30 : 0.0448    precision@50 : 0.0315    map@1 : 0.1973    map@2 : 0.2001    map@3 : 0.2064    map@4 : 0.2126    map@5 : 0.2171    map@10 : 0.2354    map@20 : 0.248    map@30 : 0.2531    map@50 : 0.2578
Sun 15 Mar 2026 22:56:30 INFO  Saving current: saved/SCL-Mar-15-2026_22-56-11.pth
Sun 15 Mar 2026 22:56:30 INFO  Saving current best: saved/SCL-Mar-15-2026_22-56-11.pth
Sun 15 Mar 2026 22:56:30 INFO  Running E-step ! 
Sun 15 Mar 2026 22:56:30 INFO  epoch 51 training [time: 0.18s, train_loss1: 3.0495, train_loss2: 0.0416, train_loss3: 0.0000, train_loss4: 0.0051]
Sun 15 Mar 2026 22:56:30 INFO  epoch 51 evaluating [time: 0.14s, valid_score: 0.320600]
Sun 15 Mar 2026 22:56:30 INFO  valid result: 
recall@1 : 0.1218    recall@2 : 0.2144    recall@3 : 0.2732    recall@4 : 0.3137    recall@5 : 0.3452    recall@10 : 0.4752    recall@20 : 0.6027    recall@30 : 0.6741    recall@50 : 0.7579    ndcg@1 : 0.1973    ndcg@2 : 0.2291    ndcg@3 : 0.2491    ndcg@4 : 0.2643    ndcg@5 : 0.2752    ndcg@10 : 0.3206    ndcg@20 : 0.3588    ndcg@30 : 0.3777    ndcg@50 : 0.398    precision@1 : 0.1973    precision@2 : 0.1737    precision@3 : 0.1508    precision@4 : 0.1353    precision@5 : 0.1207    precision@10 : 0.0869    precision@20 : 0.0585    precision@30 : 0.0448    precision@50 : 0.0315    map@1 : 0.1973    map@2 : 0.2007    map@3 : 0.2065    map@4 : 0.2129    map@5 : 0.2173    map@10 : 0.2356    map@20 : 0.2482    map@30 : 0.2533    map@50 : 0.258
Sun 15 Mar 2026 22:56:30 INFO  Saving current: saved/SCL-Mar-15-2026_22-56-11.pth
Sun 15 Mar 2026 22:56:30 INFO  Saving current best: saved/SCL-Mar-15-2026_22-56-11.pth
Sun 15 Mar 2026 22:56:30 INFO  Running E-step ! 
Sun 15 Mar 2026 22:56:30 INFO  epoch 52 training [time: 0.18s, train_loss1: 3.0304, train_loss2: 0.0416, train_loss3: 0.0000, train_loss4: 0.0050]
Sun 15 Mar 2026 22:56:30 INFO  epoch 52 evaluating [time: 0.15s, valid_score: 0.320900]
Sun 15 Mar 2026 22:56:30 INFO  valid result: 
recall@1 : 0.122    recall@2 : 0.2144    recall@3 : 0.2717    recall@4 : 0.314    recall@5 : 0.3454    recall@10 : 0.4758    recall@20 : 0.6044    recall@30 : 0.6754    recall@50 : 0.7586    ndcg@1 : 0.1979    ndcg@2 : 0.2292    ndcg@3 : 0.2485    ndcg@4 : 0.2644    ndcg@5 : 0.2754    ndcg@10 : 0.3209    ndcg@20 : 0.3593    ndcg@30 : 0.3781    ndcg@50 : 0.3983    precision@1 : 0.1979    precision@2 : 0.1737    precision@3 : 0.1504    precision@4 : 0.1353    precision@5 : 0.121    precision@10 : 0.0872    precision@20 : 0.0586    precision@30 : 0.045    precision@50 : 0.0316    map@1 : 0.1979    map@2 : 0.2008    map@3 : 0.2062    map@4 : 0.213    map@5 : 0.2174    map@10 : 0.2358    map@20 : 0.2484    map@30 : 0.2535    map@50 : 0.2582
Sun 15 Mar 2026 22:56:30 INFO  Saving current: saved/SCL-Mar-15-2026_22-56-11.pth
Sun 15 Mar 2026 22:56:30 INFO  Saving current best: saved/SCL-Mar-15-2026_22-56-11.pth
Sun 15 Mar 2026 22:56:30 INFO  Running E-step ! 
Sun 15 Mar 2026 22:56:31 INFO  epoch 53 training [time: 0.20s, train_loss1: 3.0139, train_loss2: 0.0417, train_loss3: 0.0000, train_loss4: 0.0049]
Sun 15 Mar 2026 22:56:31 INFO  epoch 53 evaluating [time: 0.15s, valid_score: 0.321100]
Sun 15 Mar 2026 22:56:31 INFO  valid result: 
recall@1 : 0.122    recall@2 : 0.2144    recall@3 : 0.2706    recall@4 : 0.3147    recall@5 : 0.3459    recall@10 : 0.4764    recall@20 : 0.6045    recall@30 : 0.6755    recall@50 : 0.7593    ndcg@1 : 0.1979    ndcg@2 : 0.2292    ndcg@3 : 0.2482    ndcg@4 : 0.2647    ndcg@5 : 0.2756    ndcg@10 : 0.3211    ndcg@20 : 0.3594    ndcg@30 : 0.3783    ndcg@50 : 0.3985    precision@1 : 0.1979    precision@2 : 0.1737    precision@3 : 0.1506    precision@4 : 0.1354    precision@5 : 0.121    precision@10 : 0.0872    precision@20 : 0.0587    precision@30 : 0.045    precision@50 : 0.0316    map@1 : 0.1979    map@2 : 0.2008    map@3 : 0.2062    map@4 : 0.2132    map@5 : 0.2175    map@10 : 0.2359    map@20 : 0.2485    map@30 : 0.2536    map@50 : 0.2584
Sun 15 Mar 2026 22:56:31 INFO  Saving current: saved/SCL-Mar-15-2026_22-56-11.pth
Sun 15 Mar 2026 22:56:31 INFO  Saving current best: saved/SCL-Mar-15-2026_22-56-11.pth
Sun 15 Mar 2026 22:56:31 INFO  Running E-step ! 
Sun 15 Mar 2026 22:56:31 INFO  epoch 54 training [time: 0.19s, train_loss1: 3.0207, train_loss2: 0.0417, train_loss3: 0.0000, train_loss4: 0.0046]
Sun 15 Mar 2026 22:56:31 INFO  epoch 54 evaluating [time: 0.15s, valid_score: 0.320900]
Sun 15 Mar 2026 22:56:31 INFO  valid result: 
recall@1 : 0.122    recall@2 : 0.2144    recall@3 : 0.2707    recall@4 : 0.3155    recall@5 : 0.3455    recall@10 : 0.4758    recall@20 : 0.6053    recall@30 : 0.6772    recall@50 : 0.7603    ndcg@1 : 0.1979    ndcg@2 : 0.2292    ndcg@3 : 0.2484    ndcg@4 : 0.2651    ndcg@5 : 0.2755    ndcg@10 : 0.3209    ndcg@20 : 0.3597    ndcg@30 : 0.3787    ndcg@50 : 0.3988    precision@1 : 0.1979    precision@2 : 0.1737    precision@3 : 0.1508    precision@4 : 0.1357    precision@5 : 0.121    precision@10 : 0.0871    precision@20 : 0.0588    precision@30 : 0.0451    precision@50 : 0.0316    map@1 : 0.1979    map@2 : 0.2008    map@3 : 0.2063    map@4 : 0.2134    map@5 : 0.2175    map@10 : 0.2359    map@20 : 0.2486    map@30 : 0.2538    map@50 : 0.2585
Sun 15 Mar 2026 22:56:31 INFO  Running E-step ! 
Sun 15 Mar 2026 22:56:31 INFO  epoch 55 training [time: 0.16s, train_loss1: 3.0042, train_loss2: 0.0417, train_loss3: 0.0000, train_loss4: 0.0044]
Sun 15 Mar 2026 22:56:32 INFO  epoch 55 evaluating [time: 0.15s, valid_score: 0.321500]
Sun 15 Mar 2026 22:56:32 INFO  valid result: 
recall@1 : 0.1222    recall@2 : 0.2143    recall@3 : 0.2706    recall@4 : 0.3158    recall@5 : 0.3464    recall@10 : 0.4773    recall@20 : 0.6058    recall@30 : 0.6772    recall@50 : 0.7597    ndcg@1 : 0.1985    ndcg@2 : 0.2293    ndcg@3 : 0.2483    ndcg@4 : 0.2653    ndcg@5 : 0.276    ndcg@10 : 0.3215    ndcg@20 : 0.36    ndcg@30 : 0.3789    ndcg@50 : 0.3989    precision@1 : 0.1985    precision@2 : 0.1737    precision@3 : 0.1506    precision@4 : 0.1359    precision@5 : 0.1215    precision@10 : 0.0874    precision@20 : 0.0588    precision@30 : 0.0451    precision@50 : 0.0316    map@1 : 0.1985    map@2 : 0.201    map@3 : 0.2063    map@4 : 0.2135    map@5 : 0.2178    map@10 : 0.2361    map@20 : 0.2488    map@30 : 0.254    map@50 : 0.2587
Sun 15 Mar 2026 22:56:32 INFO  Saving current: saved/SCL-Mar-15-2026_22-56-11.pth
Sun 15 Mar 2026 22:56:32 INFO  Saving current best: saved/SCL-Mar-15-2026_22-56-11.pth
Sun 15 Mar 2026 22:56:32 INFO  Running E-step ! 
Sun 15 Mar 2026 22:56:32 INFO  epoch 56 training [time: 0.19s, train_loss1: 2.9868, train_loss2: 0.0417, train_loss3: 0.0000, train_loss4: 0.0043]
Sun 15 Mar 2026 22:56:32 INFO  epoch 56 evaluating [time: 0.15s, valid_score: 0.321700]
Sun 15 Mar 2026 22:56:32 INFO  valid result: 
recall@1 : 0.1222    recall@2 : 0.2144    recall@3 : 0.2712    recall@4 : 0.3156    recall@5 : 0.3473    recall@10 : 0.4772    recall@20 : 0.6059    recall@30 : 0.6769    recall@50 : 0.7615    ndcg@1 : 0.1985    ndcg@2 : 0.2296    ndcg@3 : 0.2486    ndcg@4 : 0.2653    ndcg@5 : 0.2765    ndcg@10 : 0.3217    ndcg@20 : 0.3602    ndcg@30 : 0.379    ndcg@50 : 0.3994    precision@1 : 0.1985    precision@2 : 0.174    precision@3 : 0.1508    precision@4 : 0.1357    precision@5 : 0.1218    precision@10 : 0.0874    precision@20 : 0.0588    precision@30 : 0.0451    precision@50 : 0.0317    map@1 : 0.1985    map@2 : 0.2011    map@3 : 0.2065    map@4 : 0.2135    map@5 : 0.218    map@10 : 0.2363    map@20 : 0.249    map@30 : 0.2541    map@50 : 0.2589
Sun 15 Mar 2026 22:56:32 INFO  Saving current: saved/SCL-Mar-15-2026_22-56-11.pth
Sun 15 Mar 2026 22:56:32 INFO  Saving current best: saved/SCL-Mar-15-2026_22-56-11.pth
Sun 15 Mar 2026 22:56:32 INFO  Running E-step ! 
Sun 15 Mar 2026 22:56:32 INFO  epoch 57 training [time: 0.18s, train_loss1: 2.9387, train_loss2: 0.0417, train_loss3: 0.0000, train_loss4: 0.0044]
Sun 15 Mar 2026 22:56:32 INFO  epoch 57 evaluating [time: 0.15s, valid_score: 0.321800]
Sun 15 Mar 2026 22:56:32 INFO  valid result: 
recall@1 : 0.1222    recall@2 : 0.2144    recall@3 : 0.2723    recall@4 : 0.3161    recall@5 : 0.3474    recall@10 : 0.4772    recall@20 : 0.6064    recall@30 : 0.6774    recall@50 : 0.7616    ndcg@1 : 0.1985    ndcg@2 : 0.2296    ndcg@3 : 0.2494    ndcg@4 : 0.2655    ndcg@5 : 0.2766    ndcg@10 : 0.3218    ndcg@20 : 0.3605    ndcg@30 : 0.3793    ndcg@50 : 0.3997    precision@1 : 0.1985    precision@2 : 0.174    precision@3 : 0.1516    precision@4 : 0.1357    precision@5 : 0.1218    precision@10 : 0.0874    precision@20 : 0.0589    precision@30 : 0.0451    precision@50 : 0.0317    map@1 : 0.1985    map@2 : 0.2011    map@3 : 0.207    map@4 : 0.2137    map@5 : 0.2182    map@10 : 0.2364    map@20 : 0.2492    map@30 : 0.2543    map@50 : 0.2592
Sun 15 Mar 2026 22:56:32 INFO  Saving current: saved/SCL-Mar-15-2026_22-56-11.pth
Sun 15 Mar 2026 22:56:32 INFO  Saving current best: saved/SCL-Mar-15-2026_22-56-11.pth
Sun 15 Mar 2026 22:56:32 INFO  Running E-step ! 
Sun 15 Mar 2026 22:56:32 INFO  epoch 58 training [time: 0.19s, train_loss1: 2.9813, train_loss2: 0.0417, train_loss3: 0.0000, train_loss4: 0.0043]
Sun 15 Mar 2026 22:56:33 INFO  epoch 58 evaluating [time: 0.15s, valid_score: 0.321900]
Sun 15 Mar 2026 22:56:33 INFO  valid result: 
recall@1 : 0.1224    recall@2 : 0.2144    recall@3 : 0.272    recall@4 : 0.3169    recall@5 : 0.3472    recall@10 : 0.4767    recall@20 : 0.6069    recall@30 : 0.6789    recall@50 : 0.7619    ndcg@1 : 0.199    ndcg@2 : 0.2297    ndcg@3 : 0.2493    ndcg@4 : 0.2661    ndcg@5 : 0.2768    ndcg@10 : 0.3219    ndcg@20 : 0.3609    ndcg@30 : 0.3798    ndcg@50 : 0.4    precision@1 : 0.199    precision@2 : 0.174    precision@3 : 0.1514    precision@4 : 0.1363    precision@5 : 0.1219    precision@10 : 0.0874    precision@20 : 0.0591    precision@30 : 0.0452    precision@50 : 0.0318    map@1 : 0.199    map@2 : 0.2013    map@3 : 0.2069    map@4 : 0.214    map@5 : 0.2184    map@10 : 0.2366    map@20 : 0.2494    map@30 : 0.2546    map@50 : 0.2594
Sun 15 Mar 2026 22:56:33 INFO  Saving current: saved/SCL-Mar-15-2026_22-56-11.pth
Sun 15 Mar 2026 22:56:33 INFO  Saving current best: saved/SCL-Mar-15-2026_22-56-11.pth
Sun 15 Mar 2026 22:56:33 INFO  Running E-step ! 
Sun 15 Mar 2026 22:56:33 INFO  epoch 59 training [time: 0.18s, train_loss1: 2.9334, train_loss2: 0.0417, train_loss3: 0.0000, train_loss4: 0.0042]
Sun 15 Mar 2026 22:56:33 INFO  epoch 59 evaluating [time: 0.15s, valid_score: 0.321900]
Sun 15 Mar 2026 22:56:33 INFO  valid result: 
recall@1 : 0.123    recall@2 : 0.2138    recall@3 : 0.2717    recall@4 : 0.3156    recall@5 : 0.3487    recall@10 : 0.4764    recall@20 : 0.6077    recall@30 : 0.6792    recall@50 : 0.7624    ndcg@1 : 0.1996    ndcg@2 : 0.2298    ndcg@3 : 0.2492    ndcg@4 : 0.2658    ndcg@5 : 0.2774    ndcg@10 : 0.3219    ndcg@20 : 0.3612    ndcg@30 : 0.3802    ndcg@50 : 0.4004    precision@1 : 0.1996    precision@2 : 0.174    precision@3 : 0.151    precision@4 : 0.1363    precision@5 : 0.1223    precision@10 : 0.0874    precision@20 : 0.0591    precision@30 : 0.0453    precision@50 : 0.0318    map@1 : 0.1996    map@2 : 0.2014    map@3 : 0.2068    map@4 : 0.2139    map@5 : 0.2187    map@10 : 0.2367    map@20 : 0.2496    map@30 : 0.2548    map@50 : 0.2596
Sun 15 Mar 2026 22:56:33 INFO  Saving current: saved/SCL-Mar-15-2026_22-56-11.pth
Sun 15 Mar 2026 22:56:33 INFO  Saving current best: saved/SCL-Mar-15-2026_22-56-11.pth
Sun 15 Mar 2026 22:56:33 INFO  Running E-step ! 
Sun 15 Mar 2026 22:56:33 INFO  epoch 60 training [time: 0.18s, train_loss1: 2.9231, train_loss2: 0.0417, train_loss3: 0.0000, train_loss4: 0.0040]
Sun 15 Mar 2026 22:56:33 INFO  epoch 60 evaluating [time: 0.15s, valid_score: 0.322000]
Sun 15 Mar 2026 22:56:33 INFO  valid result: 
recall@1 : 0.1231    recall@2 : 0.2138    recall@3 : 0.2722    recall@4 : 0.314    recall@5 : 0.3487    recall@10 : 0.4759    recall@20 : 0.6081    recall@30 : 0.6786    recall@50 : 0.7636    ndcg@1 : 0.2008    ndcg@2 : 0.2304    ndcg@3 : 0.2499    ndcg@4 : 0.2654    ndcg@5 : 0.2776    ndcg@10 : 0.322    ndcg@20 : 0.3616    ndcg@30 : 0.3803    ndcg@50 : 0.4008    precision@1 : 0.2008    precision@2 : 0.1746    precision@3 : 0.1516    precision@4 : 0.136    precision@5 : 0.1222    precision@10 : 0.0874    precision@20 : 0.0593    precision@30 : 0.0454    precision@50 : 0.0318    map@1 : 0.2008    map@2 : 0.2022    map@3 : 0.2074    map@4 : 0.2138    map@5 : 0.2189    map@10 : 0.2368    map@20 : 0.2499    map@30 : 0.2551    map@50 : 0.2599
Sun 15 Mar 2026 22:56:33 INFO  Saving current: saved/SCL-Mar-15-2026_22-56-11.pth
Sun 15 Mar 2026 22:56:33 INFO  Saving current best: saved/SCL-Mar-15-2026_22-56-11.pth
Sun 15 Mar 2026 22:56:33 INFO  Running E-step ! 
Sun 15 Mar 2026 22:56:33 INFO  epoch 61 training [time: 0.17s, train_loss1: 2.9286, train_loss2: 0.0417, train_loss3: 0.0000, train_loss4: 0.0039]
Sun 15 Mar 2026 22:56:34 INFO  epoch 61 evaluating [time: 0.15s, valid_score: 0.322100]
Sun 15 Mar 2026 22:56:34 INFO  valid result: 
recall@1 : 0.1231    recall@2 : 0.2136    recall@3 : 0.2724    recall@4 : 0.3136    recall@5 : 0.3488    recall@10 : 0.4761    recall@20 : 0.6101    recall@30 : 0.6794    recall@50 : 0.7659    ndcg@1 : 0.2008    ndcg@2 : 0.2301    ndcg@3 : 0.25    ndcg@4 : 0.2652    ndcg@5 : 0.2776    ndcg@10 : 0.3221    ndcg@20 : 0.362    ndcg@30 : 0.3806    ndcg@50 : 0.4013    precision@1 : 0.2008    precision@2 : 0.1743    precision@3 : 0.1518    precision@4 : 0.136    precision@5 : 0.1223    precision@10 : 0.0875    precision@20 : 0.0593    precision@30 : 0.0455    precision@50 : 0.0319    map@1 : 0.2008    map@2 : 0.202    map@3 : 0.2075    map@4 : 0.2137    map@5 : 0.2189    map@10 : 0.2368    map@20 : 0.25    map@30 : 0.2552    map@50 : 0.26
Sun 15 Mar 2026 22:56:34 INFO  Saving current: saved/SCL-Mar-15-2026_22-56-11.pth
Sun 15 Mar 2026 22:56:34 INFO  Saving current best: saved/SCL-Mar-15-2026_22-56-11.pth
Sun 15 Mar 2026 22:56:34 INFO  Running E-step ! 
Sun 15 Mar 2026 22:56:34 INFO  epoch 62 training [time: 0.19s, train_loss1: 2.9103, train_loss2: 0.0417, train_loss3: 0.0000, train_loss4: 0.0038]
Sun 15 Mar 2026 22:56:34 INFO  epoch 62 evaluating [time: 0.15s, valid_score: 0.322300]
Sun 15 Mar 2026 22:56:34 INFO  valid result: 
recall@1 : 0.1231    recall@2 : 0.2141    recall@3 : 0.2728    recall@4 : 0.3139    recall@5 : 0.349    recall@10 : 0.4766    recall@20 : 0.6101    recall@30 : 0.6804    recall@50 : 0.7662    ndcg@1 : 0.2008    ndcg@2 : 0.2303    ndcg@3 : 0.2505    ndcg@4 : 0.2655    ndcg@5 : 0.2777    ndcg@10 : 0.3223    ndcg@20 : 0.3623    ndcg@30 : 0.381    ndcg@50 : 0.4016    precision@1 : 0.2008    precision@2 : 0.1743    precision@3 : 0.1524    precision@4 : 0.1362    precision@5 : 0.1221    precision@10 : 0.0875    precision@20 : 0.0594    precision@30 : 0.0455    precision@50 : 0.0319    map@1 : 0.2008    map@2 : 0.2022    map@3 : 0.2079    map@4 : 0.2139    map@5 : 0.219    map@10 : 0.237    map@20 : 0.2502    map@30 : 0.2554    map@50 : 0.2603
Sun 15 Mar 2026 22:56:34 INFO  Saving current: saved/SCL-Mar-15-2026_22-56-11.pth
Sun 15 Mar 2026 22:56:34 INFO  Saving current best: saved/SCL-Mar-15-2026_22-56-11.pth
Sun 15 Mar 2026 22:56:34 INFO  Running E-step ! 
Sun 15 Mar 2026 22:56:34 INFO  epoch 63 training [time: 0.20s, train_loss1: 2.9174, train_loss2: 0.0416, train_loss3: 0.0000, train_loss4: 0.0037]
Sun 15 Mar 2026 22:56:34 INFO  epoch 63 evaluating [time: 0.15s, valid_score: 0.322500]
Sun 15 Mar 2026 22:56:34 INFO  valid result: 
recall@1 : 0.1227    recall@2 : 0.2142    recall@3 : 0.2723    recall@4 : 0.3146    recall@5 : 0.35    recall@10 : 0.4774    recall@20 : 0.6113    recall@30 : 0.6801    recall@50 : 0.7663    ndcg@1 : 0.2008    ndcg@2 : 0.2304    ndcg@3 : 0.2501    ndcg@4 : 0.2656    ndcg@5 : 0.2781    ndcg@10 : 0.3225    ndcg@20 : 0.3626    ndcg@30 : 0.381    ndcg@50 : 0.4017    precision@1 : 0.2008    precision@2 : 0.1746    precision@3 : 0.1522    precision@4 : 0.1363    precision@5 : 0.1224    precision@10 : 0.0876    precision@20 : 0.0596    precision@30 : 0.0455    precision@50 : 0.032    map@1 : 0.2008    map@2 : 0.202    map@3 : 0.2075    map@4 : 0.2138    map@5 : 0.2191    map@10 : 0.2369    map@20 : 0.2502    map@30 : 0.2554    map@50 : 0.2603
Sun 15 Mar 2026 22:56:34 INFO  Saving current: saved/SCL-Mar-15-2026_22-56-11.pth
Sun 15 Mar 2026 22:56:34 INFO  Saving current best: saved/SCL-Mar-15-2026_22-56-11.pth
Sun 15 Mar 2026 22:56:34 INFO  Running E-step ! 
Sun 15 Mar 2026 22:56:35 INFO  epoch 64 training [time: 0.19s, train_loss1: 2.9218, train_loss2: 0.0416, train_loss3: 0.0000, train_loss4: 0.0037]
Sun 15 Mar 2026 22:56:35 INFO  epoch 64 evaluating [time: 0.15s, valid_score: 0.322200]
Sun 15 Mar 2026 22:56:35 INFO  valid result: 
recall@1 : 0.1227    recall@2 : 0.2136    recall@3 : 0.2718    recall@4 : 0.3158    recall@5 : 0.3494    recall@10 : 0.4764    recall@20 : 0.6122    recall@30 : 0.682    recall@50 : 0.766    ndcg@1 : 0.2008    ndcg@2 : 0.23    ndcg@3 : 0.2498    ndcg@4 : 0.2662    ndcg@5 : 0.2778    ndcg@10 : 0.3222    ndcg@20 : 0.3629    ndcg@30 : 0.3814    ndcg@50 : 0.4017    precision@1 : 0.2008    precision@2 : 0.1743    precision@3 : 0.1522    precision@4 : 0.1371    precision@5 : 0.1223    precision@10 : 0.0875    precision@20 : 0.0598    precision@30 : 0.0456    precision@50 : 0.032    map@1 : 0.2008    map@2 : 0.2017    map@3 : 0.2073    map@4 : 0.2141    map@5 : 0.2188    map@10 : 0.2369    map@20 : 0.2503    map@30 : 0.2555    map@50 : 0.2603
Sun 15 Mar 2026 22:56:35 INFO  Running E-step ! 
Sun 15 Mar 2026 22:56:35 INFO  epoch 65 training [time: 0.20s, train_loss1: 2.8718, train_loss2: 0.0416, train_loss3: 0.0000, train_loss4: 0.0036]
Sun 15 Mar 2026 22:56:35 INFO  epoch 65 evaluating [time: 0.15s, valid_score: 0.322100]
Sun 15 Mar 2026 22:56:35 INFO  valid result: 
recall@1 : 0.1227    recall@2 : 0.2136    recall@3 : 0.2717    recall@4 : 0.3159    recall@5 : 0.3493    recall@10 : 0.4761    recall@20 : 0.6118    recall@30 : 0.6834    recall@50 : 0.7657    ndcg@1 : 0.2008    ndcg@2 : 0.23    ndcg@3 : 0.2497    ndcg@4 : 0.2662    ndcg@5 : 0.2777    ndcg@10 : 0.3221    ndcg@20 : 0.3628    ndcg@30 : 0.3818    ndcg@50 : 0.4018    precision@1 : 0.2008    precision@2 : 0.1743    precision@3 : 0.152    precision@4 : 0.1369    precision@5 : 0.1222    precision@10 : 0.0875    precision@20 : 0.0597    precision@30 : 0.0457    precision@50 : 0.032    map@1 : 0.2008    map@2 : 0.2017    map@3 : 0.2072    map@4 : 0.214    map@5 : 0.2187    map@10 : 0.2369    map@20 : 0.2504    map@30 : 0.2556    map@50 : 0.2604
Sun 15 Mar 2026 22:56:35 INFO  Running E-step ! 
Sun 15 Mar 2026 22:56:35 INFO  epoch 66 training [time: 0.18s, train_loss1: 2.8853, train_loss2: 0.0415, train_loss3: 0.0000, train_loss4: 0.0035]
Sun 15 Mar 2026 22:56:35 INFO  epoch 66 evaluating [time: 0.15s, valid_score: 0.321900]
Sun 15 Mar 2026 22:56:35 INFO  valid result: 
recall@1 : 0.1225    recall@2 : 0.2142    recall@3 : 0.2702    recall@4 : 0.3165    recall@5 : 0.3496    recall@10 : 0.4756    recall@20 : 0.6133    recall@30 : 0.6856    recall@50 : 0.7681    ndcg@1 : 0.2008    ndcg@2 : 0.2304    ndcg@3 : 0.249    ndcg@4 : 0.2664    ndcg@5 : 0.2778    ndcg@10 : 0.3219    ndcg@20 : 0.3631    ndcg@30 : 0.3824    ndcg@50 : 0.4022    precision@1 : 0.2008    precision@2 : 0.1746    precision@3 : 0.1514    precision@4 : 0.1372    precision@5 : 0.1223    precision@10 : 0.0874    precision@20 : 0.0598    precision@30 : 0.0459    precision@50 : 0.0321    map@1 : 0.2008    map@2 : 0.202    map@3 : 0.2068    map@4 : 0.2141    map@5 : 0.2187    map@10 : 0.2367    map@20 : 0.2504    map@30 : 0.2558    map@50 : 0.2605
Sun 15 Mar 2026 22:56:35 INFO  Running E-step ! 
Sun 15 Mar 2026 22:56:36 INFO  epoch 67 training [time: 0.18s, train_loss1: 2.8671, train_loss2: 0.0415, train_loss3: 0.0000, train_loss4: 0.0035]
Sun 15 Mar 2026 22:56:36 INFO  epoch 67 evaluating [time: 0.15s, valid_score: 0.322200]
Sun 15 Mar 2026 22:56:36 INFO  valid result: 
recall@1 : 0.1225    recall@2 : 0.2148    recall@3 : 0.2703    recall@4 : 0.3171    recall@5 : 0.3496    recall@10 : 0.476    recall@20 : 0.6147    recall@30 : 0.6876    recall@50 : 0.7686    ndcg@1 : 0.2008    ndcg@2 : 0.2308    ndcg@3 : 0.249    ndcg@4 : 0.2667    ndcg@5 : 0.278    ndcg@10 : 0.3222    ndcg@20 : 0.3637    ndcg@30 : 0.383    ndcg@50 : 0.4025    precision@1 : 0.2008    precision@2 : 0.1749    precision@3 : 0.1512    precision@4 : 0.1374    precision@5 : 0.1225    precision@10 : 0.0877    precision@20 : 0.06    precision@30 : 0.046    precision@50 : 0.0321    map@1 : 0.2008    map@2 : 0.2023    map@3 : 0.207    map@4 : 0.2144    map@5 : 0.2189    map@10 : 0.237    map@20 : 0.2507    map@30 : 0.2561    map@50 : 0.2608
Sun 15 Mar 2026 22:56:36 INFO  Running E-step ! 
Sun 15 Mar 2026 22:56:36 INFO  epoch 68 training [time: 0.18s, train_loss1: 2.8686, train_loss2: 0.0414, train_loss3: 0.0000, train_loss4: 0.0034]
Sun 15 Mar 2026 22:56:36 INFO  epoch 68 evaluating [time: 0.15s, valid_score: 0.322300]
Sun 15 Mar 2026 22:56:36 INFO  valid result: 
recall@1 : 0.1225    recall@2 : 0.2148    recall@3 : 0.2695    recall@4 : 0.3169    recall@5 : 0.3494    recall@10 : 0.4762    recall@20 : 0.6151    recall@30 : 0.6881    recall@50 : 0.7691    ndcg@1 : 0.2008    ndcg@2 : 0.2308    ndcg@3 : 0.2487    ndcg@4 : 0.2666    ndcg@5 : 0.2778    ndcg@10 : 0.3223    ndcg@20 : 0.3638    ndcg@30 : 0.3831    ndcg@50 : 0.4027    precision@1 : 0.2008    precision@2 : 0.1749    precision@3 : 0.1512    precision@4 : 0.1372    precision@5 : 0.1224    precision@10 : 0.0878    precision@20 : 0.0602    precision@30 : 0.046    precision@50 : 0.0321    map@1 : 0.2008    map@2 : 0.2023    map@3 : 0.2066    map@4 : 0.2142    map@5 : 0.2187    map@10 : 0.237    map@20 : 0.2507    map@30 : 0.2561    map@50 : 0.2608
Sun 15 Mar 2026 22:56:36 INFO  Running E-step ! 
Sun 15 Mar 2026 22:56:36 INFO  epoch 69 training [time: 0.18s, train_loss1: 2.8670, train_loss2: 0.0414, train_loss3: 0.0000, train_loss4: 0.0033]
Sun 15 Mar 2026 22:56:36 INFO  epoch 69 evaluating [time: 0.15s, valid_score: 0.322200]
Sun 15 Mar 2026 22:56:36 INFO  valid result: 
recall@1 : 0.1225    recall@2 : 0.2148    recall@3 : 0.2691    recall@4 : 0.3168    recall@5 : 0.3494    recall@10 : 0.4755    recall@20 : 0.6178    recall@30 : 0.6884    recall@50 : 0.7699    ndcg@1 : 0.2008    ndcg@2 : 0.2308    ndcg@3 : 0.2487    ndcg@4 : 0.2665    ndcg@5 : 0.278    ndcg@10 : 0.3222    ndcg@20 : 0.3646    ndcg@30 : 0.3833    ndcg@50 : 0.4029    precision@1 : 0.2008    precision@2 : 0.1749    precision@3 : 0.1514    precision@4 : 0.1372    precision@5 : 0.1228    precision@10 : 0.0878    precision@20 : 0.0605    precision@30 : 0.0461    precision@50 : 0.0321    map@1 : 0.2008    map@2 : 0.2023    map@3 : 0.2066    map@4 : 0.2142    map@5 : 0.2188    map@10 : 0.237    map@20 : 0.2511    map@30 : 0.2563    map@50 : 0.2609
Sun 15 Mar 2026 22:56:36 INFO  Running E-step ! 
Sun 15 Mar 2026 22:56:37 INFO  epoch 70 training [time: 0.18s, train_loss1: 2.8342, train_loss2: 0.0413, train_loss3: 0.0000, train_loss4: 0.0032]
Sun 15 Mar 2026 22:56:37 INFO  epoch 70 evaluating [time: 0.15s, valid_score: 0.322200]
Sun 15 Mar 2026 22:56:37 INFO  valid result: 
recall@1 : 0.123    recall@2 : 0.2148    recall@3 : 0.2683    recall@4 : 0.3167    recall@5 : 0.3496    recall@10 : 0.475    recall@20 : 0.6173    recall@30 : 0.6879    recall@50 : 0.7698    ndcg@1 : 0.202    ndcg@2 : 0.2311    ndcg@3 : 0.2484    ndcg@4 : 0.2666    ndcg@5 : 0.2782    ndcg@10 : 0.3222    ndcg@20 : 0.3647    ndcg@30 : 0.3835    ndcg@50 : 0.4032    precision@1 : 0.202    precision@2 : 0.1749    precision@3 : 0.1508    precision@4 : 0.1371    precision@5 : 0.1229    precision@10 : 0.0879    precision@20 : 0.0604    precision@30 : 0.0461    precision@50 : 0.0321    map@1 : 0.202    map@2 : 0.2026    map@3 : 0.2065    map@4 : 0.2143    map@5 : 0.219    map@10 : 0.2371    map@20 : 0.2512    map@30 : 0.2565    map@50 : 0.2611
Sun 15 Mar 2026 22:56:37 INFO  Running E-step ! 
Sun 15 Mar 2026 22:56:37 INFO  epoch 71 training [time: 0.17s, train_loss1: 2.8388, train_loss2: 0.0413, train_loss3: 0.0000, train_loss4: 0.0032]
Sun 15 Mar 2026 22:56:37 INFO  epoch 71 evaluating [time: 0.15s, valid_score: 0.322000]
Sun 15 Mar 2026 22:56:37 INFO  valid result: 
recall@1 : 0.1221    recall@2 : 0.2146    recall@3 : 0.2683    recall@4 : 0.3158    recall@5 : 0.3502    recall@10 : 0.4755    recall@20 : 0.6175    recall@30 : 0.6886    recall@50 : 0.7718    ndcg@1 : 0.2008    ndcg@2 : 0.2307    ndcg@3 : 0.2481    ndcg@4 : 0.266    ndcg@5 : 0.2781    ndcg@10 : 0.322    ndcg@20 : 0.3645    ndcg@30 : 0.3834    ndcg@50 : 0.4034    precision@1 : 0.2008    precision@2 : 0.1749    precision@3 : 0.1508    precision@4 : 0.1372    precision@5 : 0.123    precision@10 : 0.0879    precision@20 : 0.0605    precision@30 : 0.0462    precision@50 : 0.0322    map@1 : 0.2008    map@2 : 0.2023    map@3 : 0.2061    map@4 : 0.2138    map@5 : 0.2187    map@10 : 0.2367    map@20 : 0.2509    map@30 : 0.2562    map@50 : 0.2609
Sun 15 Mar 2026 22:56:37 INFO  Running E-step ! 
Sun 15 Mar 2026 22:56:37 INFO  epoch 72 training [time: 0.19s, train_loss1: 2.8057, train_loss2: 0.0412, train_loss3: 0.0000, train_loss4: 0.0031]
Sun 15 Mar 2026 22:56:37 INFO  epoch 72 evaluating [time: 0.15s, valid_score: 0.322200]
Sun 15 Mar 2026 22:56:37 INFO  valid result: 
recall@1 : 0.1222    recall@2 : 0.2149    recall@3 : 0.2684    recall@4 : 0.3157    recall@5 : 0.3509    recall@10 : 0.4754    recall@20 : 0.6177    recall@30 : 0.6901    recall@50 : 0.7736    ndcg@1 : 0.2014    ndcg@2 : 0.2311    ndcg@3 : 0.2485    ndcg@4 : 0.2661    ndcg@5 : 0.2785    ndcg@10 : 0.3222    ndcg@20 : 0.3648    ndcg@30 : 0.384    ndcg@50 : 0.404    precision@1 : 0.2014    precision@2 : 0.1752    precision@3 : 0.1514    precision@4 : 0.1371    precision@5 : 0.1232    precision@10 : 0.0879    precision@20 : 0.0606    precision@30 : 0.0464    precision@50 : 0.0323    map@1 : 0.2014    map@2 : 0.2028    map@3 : 0.2066    map@4 : 0.2139    map@5 : 0.2189    map@10 : 0.237    map@20 : 0.2512    map@30 : 0.2566    map@50 : 0.2613
Sun 15 Mar 2026 22:56:37 INFO  Running E-step ! 
Sun 15 Mar 2026 22:56:38 INFO  epoch 73 training [time: 0.22s, train_loss1: 2.8408, train_loss2: 0.0411, train_loss3: 0.0000, train_loss4: 0.0031]
Sun 15 Mar 2026 22:56:38 INFO  epoch 73 evaluating [time: 0.16s, valid_score: 0.322500]
Sun 15 Mar 2026 22:56:38 INFO  valid result: 
recall@1 : 0.122    recall@2 : 0.2155    recall@3 : 0.2677    recall@4 : 0.3151    recall@5 : 0.3506    recall@10 : 0.4765    recall@20 : 0.6182    recall@30 : 0.6907    recall@50 : 0.7745    ndcg@1 : 0.2008    ndcg@2 : 0.2311    ndcg@3 : 0.2482    ndcg@4 : 0.2656    ndcg@5 : 0.2784    ndcg@10 : 0.3225    ndcg@20 : 0.3649    ndcg@30 : 0.3842    ndcg@50 : 0.4042    precision@1 : 0.2008    precision@2 : 0.1752    precision@3 : 0.1512    precision@4 : 0.1368    precision@5 : 0.1235    precision@10 : 0.0882    precision@20 : 0.0607    precision@30 : 0.0464    precision@50 : 0.0324    map@1 : 0.2008    map@2 : 0.2026    map@3 : 0.2064    map@4 : 0.2136    map@5 : 0.2188    map@10 : 0.2371    map@20 : 0.2512    map@30 : 0.2567    map@50 : 0.2614
Sun 15 Mar 2026 22:56:38 INFO  Saving current: saved/SCL-Mar-15-2026_22-56-11.pth
Sun 15 Mar 2026 22:56:38 INFO  Saving current best: saved/SCL-Mar-15-2026_22-56-11.pth
Sun 15 Mar 2026 22:56:38 INFO  Running E-step ! 
Sun 15 Mar 2026 22:56:38 INFO  epoch 74 training [time: 0.21s, train_loss1: 2.7689, train_loss2: 0.0411, train_loss3: 0.0000, train_loss4: 0.0030]
Sun 15 Mar 2026 22:56:38 INFO  epoch 74 evaluating [time: 0.14s, valid_score: 0.323200]
Sun 15 Mar 2026 22:56:38 INFO  valid result: 
recall@1 : 0.1226    recall@2 : 0.2162    recall@3 : 0.2689    recall@4 : 0.3149    recall@5 : 0.3508    recall@10 : 0.4768    recall@20 : 0.6193    recall@30 : 0.6916    recall@50 : 0.7759    ndcg@1 : 0.2026    ndcg@2 : 0.2321    ndcg@3 : 0.2492    ndcg@4 : 0.2662    ndcg@5 : 0.279    ndcg@10 : 0.3232    ndcg@20 : 0.3658    ndcg@30 : 0.3851    ndcg@50 : 0.4051    precision@1 : 0.2026    precision@2 : 0.1758    precision@3 : 0.1516    precision@4 : 0.1371    precision@5 : 0.1235    precision@10 : 0.0884    precision@20 : 0.0608    precision@30 : 0.0466    precision@50 : 0.0324    map@1 : 0.2026    map@2 : 0.2035    map@3 : 0.2074    map@4 : 0.2142    map@5 : 0.2194    map@10 : 0.2378    map@20 : 0.252    map@30 : 0.2575    map@50 : 0.2621
Sun 15 Mar 2026 22:56:38 INFO  Saving current: saved/SCL-Mar-15-2026_22-56-11.pth
Sun 15 Mar 2026 22:56:38 INFO  Saving current best: saved/SCL-Mar-15-2026_22-56-11.pth
Sun 15 Mar 2026 22:56:38 INFO  Running E-step ! 
Sun 15 Mar 2026 22:56:38 INFO  epoch 75 training [time: 0.20s, train_loss1: 2.8098, train_loss2: 0.0410, train_loss3: 0.0000, train_loss4: 0.0030]
Sun 15 Mar 2026 22:56:39 INFO  epoch 75 evaluating [time: 0.15s, valid_score: 0.323500]
Sun 15 Mar 2026 22:56:39 INFO  valid result: 
recall@1 : 0.1226    recall@2 : 0.2164    recall@3 : 0.2689    recall@4 : 0.3142    recall@5 : 0.3511    recall@10 : 0.4772    recall@20 : 0.6205    recall@30 : 0.6908    recall@50 : 0.7772    ndcg@1 : 0.2026    ndcg@2 : 0.2321    ndcg@3 : 0.2493    ndcg@4 : 0.266    ndcg@5 : 0.2792    ndcg@10 : 0.3235    ndcg@20 : 0.3662    ndcg@30 : 0.3851    ndcg@50 : 0.4055    precision@1 : 0.2026    precision@2 : 0.1758    precision@3 : 0.1518    precision@4 : 0.1371    precision@5 : 0.1237    precision@10 : 0.0886    precision@20 : 0.0608    precision@30 : 0.0466    precision@50 : 0.0324    map@1 : 0.2026    map@2 : 0.2034    map@3 : 0.2074    map@4 : 0.2141    map@5 : 0.2195    map@10 : 0.238    map@20 : 0.2522    map@30 : 0.2576    map@50 : 0.2624
Sun 15 Mar 2026 22:56:39 INFO  Saving current: saved/SCL-Mar-15-2026_22-56-11.pth
Sun 15 Mar 2026 22:56:39 INFO  Saving current best: saved/SCL-Mar-15-2026_22-56-11.pth
Sun 15 Mar 2026 22:56:39 INFO  Running E-step ! 
Sun 15 Mar 2026 22:56:39 INFO  epoch 76 training [time: 0.21s, train_loss1: 2.7755, train_loss2: 0.0409, train_loss3: 0.0000, train_loss4: 0.0030]
Sun 15 Mar 2026 22:56:39 INFO  epoch 76 evaluating [time: 0.15s, valid_score: 0.323700]
Sun 15 Mar 2026 22:56:39 INFO  valid result: 
recall@1 : 0.1222    recall@2 : 0.2168    recall@3 : 0.2692    recall@4 : 0.3142    recall@5 : 0.3508    recall@10 : 0.478    recall@20 : 0.621    recall@30 : 0.6911    recall@50 : 0.7772    ndcg@1 : 0.2026    ndcg@2 : 0.2325    ndcg@3 : 0.2495    ndcg@4 : 0.2659    ndcg@5 : 0.279    ndcg@10 : 0.3237    ndcg@20 : 0.3664    ndcg@30 : 0.3852    ndcg@50 : 0.4056    precision@1 : 0.2026    precision@2 : 0.1764    precision@3 : 0.1522    precision@4 : 0.1369    precision@5 : 0.1236    precision@10 : 0.0887    precision@20 : 0.061    precision@30 : 0.0466    precision@50 : 0.0324    map@1 : 0.2026    map@2 : 0.2037    map@3 : 0.2076    map@4 : 0.2139    map@5 : 0.2194    map@10 : 0.238    map@20 : 0.2523    map@30 : 0.2577    map@50 : 0.2624
Sun 15 Mar 2026 22:56:39 INFO  Saving current: saved/SCL-Mar-15-2026_22-56-11.pth
Sun 15 Mar 2026 22:56:39 INFO  Saving current best: saved/SCL-Mar-15-2026_22-56-11.pth
Sun 15 Mar 2026 22:56:39 INFO  Running E-step ! 
Sun 15 Mar 2026 22:56:39 INFO  epoch 77 training [time: 0.21s, train_loss1: 2.7707, train_loss2: 0.0409, train_loss3: 0.0000, train_loss4: 0.0030]
Sun 15 Mar 2026 22:56:39 INFO  epoch 77 evaluating [time: 0.15s, valid_score: 0.324200]
Sun 15 Mar 2026 22:56:39 INFO  valid result: 
recall@1 : 0.1223    recall@2 : 0.2174    recall@3 : 0.2709    recall@4 : 0.3145    recall@5 : 0.3523    recall@10 : 0.4786    recall@20 : 0.6231    recall@30 : 0.6923    recall@50 : 0.7777    ndcg@1 : 0.2032    ndcg@2 : 0.233    ndcg@3 : 0.2506    ndcg@4 : 0.2664    ndcg@5 : 0.2802    ndcg@10 : 0.3242    ndcg@20 : 0.3674    ndcg@30 : 0.3859    ndcg@50 : 0.4061    precision@1 : 0.2032    precision@2 : 0.1767    precision@3 : 0.153    precision@4 : 0.1372    precision@5 : 0.1246    precision@10 : 0.0887    precision@20 : 0.0613    precision@30 : 0.0467    precision@50 : 0.0325    map@1 : 0.2032    map@2 : 0.2041    map@3 : 0.2083    map@4 : 0.2144    map@5 : 0.2203    map@10 : 0.2384    map@20 : 0.2529    map@30 : 0.2582    map@50 : 0.2629
Sun 15 Mar 2026 22:56:39 INFO  Saving current: saved/SCL-Mar-15-2026_22-56-11.pth
Sun 15 Mar 2026 22:56:39 INFO  Saving current best: saved/SCL-Mar-15-2026_22-56-11.pth
Sun 15 Mar 2026 22:56:39 INFO  Running E-step ! 
Sun 15 Mar 2026 22:56:40 INFO  epoch 78 training [time: 0.21s, train_loss1: 2.7708, train_loss2: 0.0408, train_loss3: 0.0000, train_loss4: 0.0029]
Sun 15 Mar 2026 22:56:40 INFO  epoch 78 evaluating [time: 0.15s, valid_score: 0.324700]
Sun 15 Mar 2026 22:56:40 INFO  valid result: 
recall@1 : 0.1223    recall@2 : 0.2176    recall@3 : 0.2713    recall@4 : 0.3152    recall@5 : 0.3524    recall@10 : 0.4795    recall@20 : 0.6235    recall@30 : 0.693    recall@50 : 0.7776    ndcg@1 : 0.2032    ndcg@2 : 0.2334    ndcg@3 : 0.2508    ndcg@4 : 0.2669    ndcg@5 : 0.2804    ndcg@10 : 0.3247    ndcg@20 : 0.3677    ndcg@30 : 0.3863    ndcg@50 : 0.4064    precision@1 : 0.2032    precision@2 : 0.1773    precision@3 : 0.1532    precision@4 : 0.1377    precision@5 : 0.1247    precision@10 : 0.0889    precision@20 : 0.0614    precision@30 : 0.0468    precision@50 : 0.0325    map@1 : 0.2032    map@2 : 0.2047    map@3 : 0.2083    map@4 : 0.2148    map@5 : 0.2205    map@10 : 0.2387    map@20 : 0.2531    map@30 : 0.2585    map@50 : 0.2632
Sun 15 Mar 2026 22:56:40 INFO  Saving current: saved/SCL-Mar-15-2026_22-56-11.pth
Sun 15 Mar 2026 22:56:40 INFO  Saving current best: saved/SCL-Mar-15-2026_22-56-11.pth
Sun 15 Mar 2026 22:56:40 INFO  Running E-step ! 
Sun 15 Mar 2026 22:56:40 INFO  epoch 79 training [time: 0.21s, train_loss1: 2.7393, train_loss2: 0.0407, train_loss3: 0.0000, train_loss4: 0.0029]
Sun 15 Mar 2026 22:56:40 INFO  epoch 79 evaluating [time: 0.15s, valid_score: 0.325000]
Sun 15 Mar 2026 22:56:40 INFO  valid result: 
recall@1 : 0.1224    recall@2 : 0.2182    recall@3 : 0.2711    recall@4 : 0.3156    recall@5 : 0.3531    recall@10 : 0.4801    recall@20 : 0.6238    recall@30 : 0.6927    recall@50 : 0.7799    ndcg@1 : 0.2032    ndcg@2 : 0.2338    ndcg@3 : 0.2509    ndcg@4 : 0.2672    ndcg@5 : 0.2809    ndcg@10 : 0.325    ndcg@20 : 0.3681    ndcg@30 : 0.3865    ndcg@50 : 0.407    precision@1 : 0.2032    precision@2 : 0.1776    precision@3 : 0.1532    precision@4 : 0.1377    precision@5 : 0.1249    precision@10 : 0.089    precision@20 : 0.0615    precision@30 : 0.0468    precision@50 : 0.0326    map@1 : 0.2032    map@2 : 0.205    map@3 : 0.2085    map@4 : 0.2151    map@5 : 0.2209    map@10 : 0.239    map@20 : 0.2534    map@30 : 0.2588    map@50 : 0.2635
Sun 15 Mar 2026 22:56:40 INFO  Saving current: saved/SCL-Mar-15-2026_22-56-11.pth
Sun 15 Mar 2026 22:56:40 INFO  Saving current best: saved/SCL-Mar-15-2026_22-56-11.pth
Sun 15 Mar 2026 22:56:40 INFO  Running E-step ! 
Sun 15 Mar 2026 22:56:40 INFO  epoch 80 training [time: 0.20s, train_loss1: 2.7082, train_loss2: 0.0406, train_loss3: 0.0000, train_loss4: 0.0028]
Sun 15 Mar 2026 22:56:40 INFO  epoch 80 evaluating [time: 0.15s, valid_score: 0.325300]
Sun 15 Mar 2026 22:56:40 INFO  valid result: 
recall@1 : 0.1229    recall@2 : 0.2178    recall@3 : 0.2727    recall@4 : 0.3158    recall@5 : 0.3529    recall@10 : 0.4799    recall@20 : 0.6254    recall@30 : 0.6924    recall@50 : 0.7815    ndcg@1 : 0.2044    ndcg@2 : 0.2342    ndcg@3 : 0.252    ndcg@4 : 0.2677    ndcg@5 : 0.2812    ndcg@10 : 0.3253    ndcg@20 : 0.3688    ndcg@30 : 0.3869    ndcg@50 : 0.4078    precision@1 : 0.2044    precision@2 : 0.1779    precision@3 : 0.1542    precision@4 : 0.138    precision@5 : 0.125    precision@10 : 0.089    precision@20 : 0.0616    precision@30 : 0.0468    precision@50 : 0.0326    map@1 : 0.2044    map@2 : 0.2055    map@3 : 0.2092    map@4 : 0.2156    map@5 : 0.2213    map@10 : 0.2393    map@20 : 0.254    map@30 : 0.2593    map@50 : 0.2641
Sun 15 Mar 2026 22:56:40 INFO  Saving current: saved/SCL-Mar-15-2026_22-56-11.pth
Sun 15 Mar 2026 22:56:40 INFO  Saving current best: saved/SCL-Mar-15-2026_22-56-11.pth
Sun 15 Mar 2026 22:56:40 INFO  Running E-step ! 
Sun 15 Mar 2026 22:56:41 INFO  epoch 81 training [time: 0.20s, train_loss1: 2.7457, train_loss2: 0.0405, train_loss3: 0.0000, train_loss4: 0.0028]
Sun 15 Mar 2026 22:56:41 INFO  epoch 81 evaluating [time: 0.15s, valid_score: 0.325700]
Sun 15 Mar 2026 22:56:41 INFO  valid result: 
recall@1 : 0.1234    recall@2 : 0.2183    recall@3 : 0.2726    recall@4 : 0.3162    recall@5 : 0.3536    recall@10 : 0.4801    recall@20 : 0.6263    recall@30 : 0.6941    recall@50 : 0.7823    ndcg@1 : 0.2044    ndcg@2 : 0.2347    ndcg@3 : 0.2523    ndcg@4 : 0.2681    ndcg@5 : 0.2817    ndcg@10 : 0.3257    ndcg@20 : 0.3694    ndcg@30 : 0.3877    ndcg@50 : 0.4084    precision@1 : 0.2044    precision@2 : 0.1785    precision@3 : 0.1542    precision@4 : 0.1381    precision@5 : 0.1253    precision@10 : 0.0891    precision@20 : 0.0617    precision@30 : 0.047    precision@50 : 0.0326    map@1 : 0.2044    map@2 : 0.2059    map@3 : 0.2097    map@4 : 0.216    map@5 : 0.2218    map@10 : 0.2398    map@20 : 0.2545    map@30 : 0.2599    map@50 : 0.2646
Sun 15 Mar 2026 22:56:41 INFO  Saving current: saved/SCL-Mar-15-2026_22-56-11.pth
Sun 15 Mar 2026 22:56:41 INFO  Saving current best: saved/SCL-Mar-15-2026_22-56-11.pth
Sun 15 Mar 2026 22:56:41 INFO  Running E-step ! 
Sun 15 Mar 2026 22:56:41 INFO  epoch 82 training [time: 0.19s, train_loss1: 2.7306, train_loss2: 0.0405, train_loss3: 0.0000, train_loss4: 0.0028]
Sun 15 Mar 2026 22:56:41 INFO  epoch 82 evaluating [time: 0.15s, valid_score: 0.326000]
Sun 15 Mar 2026 22:56:41 INFO  valid result: 
recall@1 : 0.1228    recall@2 : 0.2185    recall@3 : 0.2719    recall@4 : 0.3168    recall@5 : 0.3547    recall@10 : 0.4815    recall@20 : 0.6276    recall@30 : 0.6943    recall@50 : 0.7827    ndcg@1 : 0.2038    ndcg@2 : 0.235    ndcg@3 : 0.2514    ndcg@4 : 0.2682    ndcg@5 : 0.2818    ndcg@10 : 0.326    ndcg@20 : 0.3696    ndcg@30 : 0.3876    ndcg@50 : 0.4084    precision@1 : 0.2038    precision@2 : 0.1791    precision@3 : 0.1534    precision@4 : 0.1384    precision@5 : 0.1253    precision@10 : 0.0895    precision@20 : 0.0618    precision@30 : 0.047    precision@50 : 0.0327    map@1 : 0.2038    map@2 : 0.2059    map@3 : 0.2089    map@4 : 0.2158    map@5 : 0.2216    map@10 : 0.2397    map@20 : 0.2544    map@30 : 0.2597    map@50 : 0.2644
Sun 15 Mar 2026 22:56:41 INFO  Saving current: saved/SCL-Mar-15-2026_22-56-11.pth
Sun 15 Mar 2026 22:56:41 INFO  Saving current best: saved/SCL-Mar-15-2026_22-56-11.pth
Sun 15 Mar 2026 22:56:41 INFO  Running E-step ! 
Sun 15 Mar 2026 22:56:41 INFO  epoch 83 training [time: 0.19s, train_loss1: 2.7362, train_loss2: 0.0404, train_loss3: 0.0000, train_loss4: 0.0027]
Sun 15 Mar 2026 22:56:41 INFO  epoch 83 evaluating [time: 0.15s, valid_score: 0.326600]
Sun 15 Mar 2026 22:56:41 INFO  valid result: 
recall@1 : 0.1232    recall@2 : 0.2189    recall@3 : 0.2719    recall@4 : 0.3169    recall@5 : 0.3539    recall@10 : 0.4821    recall@20 : 0.6278    recall@30 : 0.6949    recall@50 : 0.7832    ndcg@1 : 0.205    ndcg@2 : 0.2351    ndcg@3 : 0.2516    ndcg@4 : 0.2684    ndcg@5 : 0.2818    ndcg@10 : 0.3266    ndcg@20 : 0.3701    ndcg@30 : 0.3882    ndcg@50 : 0.4089    precision@1 : 0.205    precision@2 : 0.1788    precision@3 : 0.1534    precision@4 : 0.1384    precision@5 : 0.1251    precision@10 : 0.0895    precision@20 : 0.0619    precision@30 : 0.0471    precision@50 : 0.0327    map@1 : 0.205    map@2 : 0.2062    map@3 : 0.2092    map@4 : 0.2161    map@5 : 0.2218    map@10 : 0.2402    map@20 : 0.2548    map@30 : 0.2601    map@50 : 0.2649
Sun 15 Mar 2026 22:56:41 INFO  Saving current: saved/SCL-Mar-15-2026_22-56-11.pth
Sun 15 Mar 2026 22:56:41 INFO  Saving current best: saved/SCL-Mar-15-2026_22-56-11.pth
Sun 15 Mar 2026 22:56:41 INFO  Running E-step ! 
Sun 15 Mar 2026 22:56:42 INFO  epoch 84 training [time: 0.21s, train_loss1: 2.7021, train_loss2: 0.0403, train_loss3: 0.0000, train_loss4: 0.0026]
Sun 15 Mar 2026 22:56:42 INFO  epoch 84 evaluating [time: 0.15s, valid_score: 0.326100]
Sun 15 Mar 2026 22:56:42 INFO  valid result: 
recall@1 : 0.1229    recall@2 : 0.2187    recall@3 : 0.2721    recall@4 : 0.3156    recall@5 : 0.355    recall@10 : 0.4811    recall@20 : 0.6289    recall@30 : 0.695    recall@50 : 0.7837    ndcg@1 : 0.2056    ndcg@2 : 0.235    ndcg@3 : 0.2516    ndcg@4 : 0.2678    ndcg@5 : 0.282    ndcg@10 : 0.3261    ndcg@20 : 0.3704    ndcg@30 : 0.3882    ndcg@50 : 0.409    precision@1 : 0.2056    precision@2 : 0.1785    precision@3 : 0.1534    precision@4 : 0.1381    precision@5 : 0.1253    precision@10 : 0.0893    precision@20 : 0.062    precision@30 : 0.0471    precision@50 : 0.0327    map@1 : 0.2056    map@2 : 0.206    map@3 : 0.209    map@4 : 0.2157    map@5 : 0.2217    map@10 : 0.2398    map@20 : 0.2548    map@30 : 0.26    map@50 : 0.2648
Sun 15 Mar 2026 22:56:42 INFO  Running E-step ! 
Sun 15 Mar 2026 22:56:42 INFO  epoch 85 training [time: 0.20s, train_loss1: 2.7029, train_loss2: 0.0402, train_loss3: 0.0000, train_loss4: 0.0026]
Sun 15 Mar 2026 22:56:42 INFO  epoch 85 evaluating [time: 0.15s, valid_score: 0.326100]
Sun 15 Mar 2026 22:56:42 INFO  valid result: 
recall@1 : 0.123    recall@2 : 0.2189    recall@3 : 0.2716    recall@4 : 0.3174    recall@5 : 0.3551    recall@10 : 0.4803    recall@20 : 0.6299    recall@30 : 0.697    recall@50 : 0.784    ndcg@1 : 0.2062    ndcg@2 : 0.2356    ndcg@3 : 0.2516    ndcg@4 : 0.2686    ndcg@5 : 0.2822    ndcg@10 : 0.3261    ndcg@20 : 0.3709    ndcg@30 : 0.3889    ndcg@50 : 0.4093    precision@1 : 0.2062    precision@2 : 0.1791    precision@3 : 0.1532    precision@4 : 0.1384    precision@5 : 0.1253    precision@10 : 0.0893    precision@20 : 0.0622    precision@30 : 0.0472    precision@50 : 0.0327    map@1 : 0.2062    map@2 : 0.2065    map@3 : 0.2091    map@4 : 0.2161    map@5 : 0.2219    map@10 : 0.2398    map@20 : 0.2551    map@30 : 0.2603    map@50 : 0.2651
Sun 15 Mar 2026 22:56:42 INFO  Running E-step ! 
Sun 15 Mar 2026 22:56:42 INFO  epoch 86 training [time: 0.21s, train_loss1: 2.6662, train_loss2: 0.0401, train_loss3: 0.0000, train_loss4: 0.0025]
Sun 15 Mar 2026 22:56:43 INFO  epoch 86 evaluating [time: 0.15s, valid_score: 0.326000]
Sun 15 Mar 2026 22:56:43 INFO  valid result: 
recall@1 : 0.123    recall@2 : 0.2189    recall@3 : 0.2725    recall@4 : 0.3171    recall@5 : 0.3543    recall@10 : 0.4798    recall@20 : 0.629    recall@30 : 0.6971    recall@50 : 0.7846    ndcg@1 : 0.2062    ndcg@2 : 0.2353    ndcg@3 : 0.2522    ndcg@4 : 0.2685    ndcg@5 : 0.2818    ndcg@10 : 0.326    ndcg@20 : 0.3707    ndcg@30 : 0.389    ndcg@50 : 0.4095    precision@1 : 0.2062    precision@2 : 0.1788    precision@3 : 0.1538    precision@4 : 0.1383    precision@5 : 0.1249    precision@10 : 0.0893    precision@20 : 0.0621    precision@30 : 0.0472    precision@50 : 0.0328    map@1 : 0.2062    map@2 : 0.2063    map@3 : 0.2096    map@4 : 0.2163    map@5 : 0.2218    map@10 : 0.2398    map@20 : 0.2551    map@30 : 0.2604    map@50 : 0.2652
Sun 15 Mar 2026 22:56:43 INFO  Running E-step ! 
Sun 15 Mar 2026 22:56:43 INFO  epoch 87 training [time: 0.20s, train_loss1: 2.6836, train_loss2: 0.0400, train_loss3: 0.0000, train_loss4: 0.0025]
Sun 15 Mar 2026 22:56:43 INFO  epoch 87 evaluating [time: 0.15s, valid_score: 0.326200]
Sun 15 Mar 2026 22:56:43 INFO  valid result: 
recall@1 : 0.123    recall@2 : 0.2191    recall@3 : 0.2727    recall@4 : 0.3164    recall@5 : 0.3535    recall@10 : 0.4803    recall@20 : 0.6304    recall@30 : 0.6981    recall@50 : 0.7835    ndcg@1 : 0.2062    ndcg@2 : 0.2358    ndcg@3 : 0.2523    ndcg@4 : 0.2683    ndcg@5 : 0.2816    ndcg@10 : 0.3262    ndcg@20 : 0.3711    ndcg@30 : 0.3892    ndcg@50 : 0.4094    precision@1 : 0.2062    precision@2 : 0.1794    precision@3 : 0.1538    precision@4 : 0.1381    precision@5 : 0.1248    precision@10 : 0.0896    precision@20 : 0.0623    precision@30 : 0.0472    precision@50 : 0.0327    map@1 : 0.2062    map@2 : 0.2068    map@3 : 0.2096    map@4 : 0.2161    map@5 : 0.2218    map@10 : 0.2399    map@20 : 0.2553    map@30 : 0.2605    map@50 : 0.2652
Sun 15 Mar 2026 22:56:43 INFO  Running E-step ! 
Sun 15 Mar 2026 22:56:43 INFO  epoch 88 training [time: 0.21s, train_loss1: 2.6587, train_loss2: 0.0399, train_loss3: 0.0000, train_loss4: 0.0025]
Sun 15 Mar 2026 22:56:43 INFO  epoch 88 evaluating [time: 0.15s, valid_score: 0.326400]
Sun 15 Mar 2026 22:56:43 INFO  valid result: 
recall@1 : 0.1236    recall@2 : 0.2189    recall@3 : 0.2724    recall@4 : 0.317    recall@5 : 0.3545    recall@10 : 0.4801    recall@20 : 0.6308    recall@30 : 0.6965    recall@50 : 0.7838    ndcg@1 : 0.2068    ndcg@2 : 0.2355    ndcg@3 : 0.2522    ndcg@4 : 0.2689    ndcg@5 : 0.2822    ndcg@10 : 0.3264    ndcg@20 : 0.3716    ndcg@30 : 0.3892    ndcg@50 : 0.4098    precision@1 : 0.2068    precision@2 : 0.1788    precision@3 : 0.1536    precision@4 : 0.1387    precision@5 : 0.125    precision@10 : 0.0896    precision@20 : 0.0624    precision@30 : 0.0472    precision@50 : 0.0327    map@1 : 0.2068    map@2 : 0.2068    map@3 : 0.2097    map@4 : 0.2166    map@5 : 0.2222    map@10 : 0.2404    map@20 : 0.2558    map@30 : 0.2609    map@50 : 0.2657
Sun 15 Mar 2026 22:56:43 INFO  Running E-step ! 
Sun 15 Mar 2026 22:56:44 INFO  epoch 89 training [time: 0.20s, train_loss1: 2.6365, train_loss2: 0.0399, train_loss3: 0.0000, train_loss4: 0.0024]
Sun 15 Mar 2026 22:56:44 INFO  epoch 89 evaluating [time: 0.15s, valid_score: 0.327300]
Sun 15 Mar 2026 22:56:44 INFO  valid result: 
recall@1 : 0.1245    recall@2 : 0.2182    recall@3 : 0.2719    recall@4 : 0.3176    recall@5 : 0.3546    recall@10 : 0.4815    recall@20 : 0.6307    recall@30 : 0.6969    recall@50 : 0.7854    ndcg@1 : 0.2086    ndcg@2 : 0.2357    ndcg@3 : 0.2523    ndcg@4 : 0.2694    ndcg@5 : 0.2825    ndcg@10 : 0.3273    ndcg@20 : 0.372    ndcg@30 : 0.3898    ndcg@50 : 0.4106    precision@1 : 0.2086    precision@2 : 0.1785    precision@3 : 0.1534    precision@4 : 0.1389    precision@5 : 0.125    precision@10 : 0.0899    precision@20 : 0.0624    precision@30 : 0.0473    precision@50 : 0.0328    map@1 : 0.2086    map@2 : 0.2071    map@3 : 0.2099    map@4 : 0.2171    map@5 : 0.2225    map@10 : 0.241    map@20 : 0.2563    map@30 : 0.2614    map@50 : 0.2662
Sun 15 Mar 2026 22:56:44 INFO  Saving current: saved/SCL-Mar-15-2026_22-56-11.pth
Sun 15 Mar 2026 22:56:44 INFO  Saving current best: saved/SCL-Mar-15-2026_22-56-11.pth
Sun 15 Mar 2026 22:56:44 INFO  Running E-step ! 
Sun 15 Mar 2026 22:56:44 INFO  epoch 90 training [time: 0.23s, train_loss1: 2.6368, train_loss2: 0.0398, train_loss3: 0.0000, train_loss4: 0.0025]
Sun 15 Mar 2026 22:56:44 INFO  epoch 90 evaluating [time: 0.15s, valid_score: 0.326900]
Sun 15 Mar 2026 22:56:44 INFO  valid result: 
recall@1 : 0.1246    recall@2 : 0.2187    recall@3 : 0.271    recall@4 : 0.3173    recall@5 : 0.3555    recall@10 : 0.4797    recall@20 : 0.6311    recall@30 : 0.6977    recall@50 : 0.7847    ndcg@1 : 0.2092    ndcg@2 : 0.2363    ndcg@3 : 0.2519    ndcg@4 : 0.2694    ndcg@5 : 0.2828    ndcg@10 : 0.3269    ndcg@20 : 0.3722    ndcg@30 : 0.3901    ndcg@50 : 0.4106    precision@1 : 0.2092    precision@2 : 0.1791    precision@3 : 0.1528    precision@4 : 0.1389    precision@5 : 0.1251    precision@10 : 0.0897    precision@20 : 0.0624    precision@30 : 0.0473    precision@50 : 0.0328    map@1 : 0.2092    map@2 : 0.2075    map@3 : 0.2095    map@4 : 0.217    map@5 : 0.2226    map@10 : 0.2408    map@20 : 0.2564    map@30 : 0.2616    map@50 : 0.2664
Sun 15 Mar 2026 22:56:44 INFO  Running E-step ! 
Sun 15 Mar 2026 22:56:44 INFO  epoch 91 training [time: 0.17s, train_loss1: 2.6389, train_loss2: 0.0397, train_loss3: 0.0000, train_loss4: 0.0024]
Sun 15 Mar 2026 22:56:44 INFO  epoch 91 evaluating [time: 0.15s, valid_score: 0.327000]
Sun 15 Mar 2026 22:56:44 INFO  valid result: 
recall@1 : 0.1252    recall@2 : 0.2191    recall@3 : 0.2712    recall@4 : 0.3185    recall@5 : 0.3547    recall@10 : 0.4791    recall@20 : 0.6315    recall@30 : 0.6986    recall@50 : 0.7852    ndcg@1 : 0.2098    ndcg@2 : 0.2369    ndcg@3 : 0.2525    ndcg@4 : 0.2701    ndcg@5 : 0.2828    ndcg@10 : 0.327    ndcg@20 : 0.3727    ndcg@30 : 0.3907    ndcg@50 : 0.4111    precision@1 : 0.2098    precision@2 : 0.1797    precision@3 : 0.1532    precision@4 : 0.139    precision@5 : 0.1248    precision@10 : 0.0896    precision@20 : 0.0625    precision@30 : 0.0473    precision@50 : 0.0328    map@1 : 0.2098    map@2 : 0.2083    map@3 : 0.2101    map@4 : 0.2175    map@5 : 0.2228    map@10 : 0.2411    map@20 : 0.2569    map@30 : 0.2621    map@50 : 0.2669
Sun 15 Mar 2026 22:56:44 INFO  Running E-step ! 
Sun 15 Mar 2026 22:56:45 INFO  epoch 92 training [time: 0.20s, train_loss1: 2.6577, train_loss2: 0.0396, train_loss3: 0.0000, train_loss4: 0.0024]
Sun 15 Mar 2026 22:56:45 INFO  epoch 92 evaluating [time: 0.15s, valid_score: 0.327200]
Sun 15 Mar 2026 22:56:45 INFO  valid result: 
recall@1 : 0.1258    recall@2 : 0.2192    recall@3 : 0.2717    recall@4 : 0.319    recall@5 : 0.3542    recall@10 : 0.4787    recall@20 : 0.6322    recall@30 : 0.6995    recall@50 : 0.7865    ndcg@1 : 0.2104    ndcg@2 : 0.2377    ndcg@3 : 0.2535    ndcg@4 : 0.2707    ndcg@5 : 0.283    ndcg@10 : 0.3272    ndcg@20 : 0.3733    ndcg@30 : 0.3913    ndcg@50 : 0.4118    precision@1 : 0.2104    precision@2 : 0.1806    precision@3 : 0.1542    precision@4 : 0.1392    precision@5 : 0.1247    precision@10 : 0.0896    precision@20 : 0.0626    precision@30 : 0.0474    precision@50 : 0.0328    map@1 : 0.2104    map@2 : 0.2089    map@3 : 0.211    map@4 : 0.218    map@5 : 0.2231    map@10 : 0.2415    map@20 : 0.2575    map@30 : 0.2626    map@50 : 0.2674
Sun 15 Mar 2026 22:56:45 INFO  Running E-step ! 
Sun 15 Mar 2026 22:56:45 INFO  epoch 93 training [time: 0.19s, train_loss1: 2.6312, train_loss2: 0.0395, train_loss3: 0.0000, train_loss4: 0.0023]
Sun 15 Mar 2026 22:56:45 INFO  epoch 93 evaluating [time: 0.15s, valid_score: 0.327500]
Sun 15 Mar 2026 22:56:45 INFO  valid result: 
recall@1 : 0.1255    recall@2 : 0.2192    recall@3 : 0.2717    recall@4 : 0.3215    recall@5 : 0.3556    recall@10 : 0.479    recall@20 : 0.6322    recall@30 : 0.6999    recall@50 : 0.7863    ndcg@1 : 0.2104    ndcg@2 : 0.2378    ndcg@3 : 0.2536    ndcg@4 : 0.2717    ndcg@5 : 0.2837    ndcg@10 : 0.3275    ndcg@20 : 0.3735    ndcg@30 : 0.3916    ndcg@50 : 0.412    precision@1 : 0.2104    precision@2 : 0.1809    precision@3 : 0.1545    precision@4 : 0.1397    precision@5 : 0.1251    precision@10 : 0.0897    precision@20 : 0.0625    precision@30 : 0.0474    precision@50 : 0.0328    map@1 : 0.2104    map@2 : 0.209    map@3 : 0.2109    map@4 : 0.2185    map@5 : 0.2235    map@10 : 0.2417    map@20 : 0.2576    map@30 : 0.2628    map@50 : 0.2676
Sun 15 Mar 2026 22:56:45 INFO  Saving current: saved/SCL-Mar-15-2026_22-56-11.pth
Sun 15 Mar 2026 22:56:45 INFO  Saving current best: saved/SCL-Mar-15-2026_22-56-11.pth
Sun 15 Mar 2026 22:56:45 INFO  Running E-step ! 
Sun 15 Mar 2026 22:56:45 INFO  epoch 94 training [time: 0.23s, train_loss1: 2.6052, train_loss2: 0.0394, train_loss3: 0.0000, train_loss4: 0.0023]
Sun 15 Mar 2026 22:56:46 INFO  epoch 94 evaluating [time: 0.15s, valid_score: 0.327500]
Sun 15 Mar 2026 22:56:46 INFO  valid result: 
recall@1 : 0.1254    recall@2 : 0.2206    recall@3 : 0.2715    recall@4 : 0.3219    recall@5 : 0.3557    recall@10 : 0.4782    recall@20 : 0.6317    recall@30 : 0.6993    recall@50 : 0.7863    ndcg@1 : 0.2098    ndcg@2 : 0.2389    ndcg@3 : 0.2534    ndcg@4 : 0.272    ndcg@5 : 0.284    ndcg@10 : 0.3275    ndcg@20 : 0.3735    ndcg@30 : 0.3917    ndcg@50 : 0.4122    precision@1 : 0.2098    precision@2 : 0.1821    precision@3 : 0.1542    precision@4 : 0.1399    precision@5 : 0.1255    precision@10 : 0.0897    precision@20 : 0.0624    precision@30 : 0.0474    precision@50 : 0.0328    map@1 : 0.2098    map@2 : 0.2101    map@3 : 0.2111    map@4 : 0.2189    map@5 : 0.2239    map@10 : 0.242    map@20 : 0.2579    map@30 : 0.2631    map@50 : 0.2679
Sun 15 Mar 2026 22:56:46 INFO  Saving current: saved/SCL-Mar-15-2026_22-56-11.pth
Sun 15 Mar 2026 22:56:46 INFO  Saving current best: saved/SCL-Mar-15-2026_22-56-11.pth
Sun 15 Mar 2026 22:56:46 INFO  Running E-step ! 
Sun 15 Mar 2026 22:56:46 INFO  epoch 95 training [time: 0.20s, train_loss1: 2.5918, train_loss2: 0.0393, train_loss3: 0.0000, train_loss4: 0.0022]
Sun 15 Mar 2026 22:56:46 INFO  epoch 95 evaluating [time: 0.15s, valid_score: 0.327900]
Sun 15 Mar 2026 22:56:46 INFO  valid result: 
recall@1 : 0.1255    recall@2 : 0.2197    recall@3 : 0.2725    recall@4 : 0.3225    recall@5 : 0.3568    recall@10 : 0.4792    recall@20 : 0.6323    recall@30 : 0.7001    recall@50 : 0.7876    ndcg@1 : 0.2098    ndcg@2 : 0.2384    ndcg@3 : 0.2539    ndcg@4 : 0.2723    ndcg@5 : 0.2845    ndcg@10 : 0.3279    ndcg@20 : 0.3738    ndcg@30 : 0.392    ndcg@50 : 0.4125    precision@1 : 0.2098    precision@2 : 0.1818    precision@3 : 0.1547    precision@4 : 0.14    precision@5 : 0.1259    precision@10 : 0.0899    precision@20 : 0.0625    precision@30 : 0.0475    precision@50 : 0.0328    map@1 : 0.2098    map@2 : 0.2096    map@3 : 0.2115    map@4 : 0.2191    map@5 : 0.2241    map@10 : 0.2422    map@20 : 0.258    map@30 : 0.2633    map@50 : 0.2681
Sun 15 Mar 2026 22:56:46 INFO  Saving current: saved/SCL-Mar-15-2026_22-56-11.pth
Sun 15 Mar 2026 22:56:46 INFO  Saving current best: saved/SCL-Mar-15-2026_22-56-11.pth
Sun 15 Mar 2026 22:56:46 INFO  Running E-step ! 
Sun 15 Mar 2026 22:56:46 INFO  epoch 96 training [time: 0.17s, train_loss1: 2.5806, train_loss2: 0.0392, train_loss3: 0.0000, train_loss4: 0.0022]
Sun 15 Mar 2026 22:56:46 INFO  epoch 96 evaluating [time: 0.15s, valid_score: 0.329200]
Sun 15 Mar 2026 22:56:46 INFO  valid result: 
recall@1 : 0.1268    recall@2 : 0.2204    recall@3 : 0.2736    recall@4 : 0.3221    recall@5 : 0.3576    recall@10 : 0.4811    recall@20 : 0.6326    recall@30 : 0.7005    recall@50 : 0.7888    ndcg@1 : 0.2128    ndcg@2 : 0.2401    ndcg@3 : 0.2553    ndcg@4 : 0.2729    ndcg@5 : 0.2855    ndcg@10 : 0.3292    ndcg@20 : 0.3747    ndcg@30 : 0.393    ndcg@50 : 0.4136    precision@1 : 0.2128    precision@2 : 0.183    precision@3 : 0.1551    precision@4 : 0.1397    precision@5 : 0.1259    precision@10 : 0.0901    precision@20 : 0.0625    precision@30 : 0.0475    precision@50 : 0.0329    map@1 : 0.2128    map@2 : 0.2113    map@3 : 0.2128    map@4 : 0.2198    map@5 : 0.2252    map@10 : 0.2432    map@20 : 0.259    map@30 : 0.2643    map@50 : 0.269
Sun 15 Mar 2026 22:56:46 INFO  Saving current: saved/SCL-Mar-15-2026_22-56-11.pth
Sun 15 Mar 2026 22:56:46 INFO  Saving current best: saved/SCL-Mar-15-2026_22-56-11.pth
Sun 15 Mar 2026 22:56:46 INFO  Running E-step ! 
Sun 15 Mar 2026 22:56:46 INFO  epoch 97 training [time: 0.17s, train_loss1: 2.5954, train_loss2: 0.0391, train_loss3: 0.0000, train_loss4: 0.0022]
Sun 15 Mar 2026 22:56:47 INFO  epoch 97 evaluating [time: 0.15s, valid_score: 0.329600]
Sun 15 Mar 2026 22:56:47 INFO  valid result: 
recall@1 : 0.1261    recall@2 : 0.2203    recall@3 : 0.2735    recall@4 : 0.3215    recall@5 : 0.3588    recall@10 : 0.483    recall@20 : 0.6323    recall@30 : 0.7016    recall@50 : 0.7886    ndcg@1 : 0.2133    ndcg@2 : 0.2398    ndcg@3 : 0.2552    ndcg@4 : 0.2725    ndcg@5 : 0.2858    ndcg@10 : 0.3296    ndcg@20 : 0.3746    ndcg@30 : 0.3931    ndcg@50 : 0.4135    precision@1 : 0.2133    precision@2 : 0.1827    precision@3 : 0.1553    precision@4 : 0.1396    precision@5 : 0.1262    precision@10 : 0.0903    precision@20 : 0.0625    precision@30 : 0.0475    precision@50 : 0.0329    map@1 : 0.2133    map@2 : 0.211    map@3 : 0.2123    map@4 : 0.2194    map@5 : 0.225    map@10 : 0.2431    map@20 : 0.2587    map@30 : 0.2641    map@50 : 0.2688
Sun 15 Mar 2026 22:56:47 INFO  Saving current: saved/SCL-Mar-15-2026_22-56-11.pth
Sun 15 Mar 2026 22:56:47 INFO  Saving current best: saved/SCL-Mar-15-2026_22-56-11.pth
Sun 15 Mar 2026 22:56:47 INFO  Running E-step ! 
Sun 15 Mar 2026 22:56:47 INFO  epoch 98 training [time: 0.18s, train_loss1: 2.5682, train_loss2: 0.0391, train_loss3: 0.0000, train_loss4: 0.0022]
Sun 15 Mar 2026 22:56:47 INFO  epoch 98 evaluating [time: 0.15s, valid_score: 0.330700]
Sun 15 Mar 2026 22:56:47 INFO  valid result: 
recall@1 : 0.1261    recall@2 : 0.2218    recall@3 : 0.2728    recall@4 : 0.3216    recall@5 : 0.3585    recall@10 : 0.485    recall@20 : 0.6325    recall@30 : 0.7017    recall@50 : 0.7894    ndcg@1 : 0.2133    ndcg@2 : 0.2413    ndcg@3 : 0.2555    ndcg@4 : 0.2729    ndcg@5 : 0.286    ndcg@10 : 0.3307    ndcg@20 : 0.375    ndcg@30 : 0.3936    ndcg@50 : 0.4141    precision@1 : 0.2133    precision@2 : 0.1844    precision@3 : 0.1557    precision@4 : 0.14    precision@5 : 0.1262    precision@10 : 0.0908    precision@20 : 0.0626    precision@30 : 0.0476    precision@50 : 0.0329    map@1 : 0.2133    map@2 : 0.2125    map@3 : 0.2128    map@4 : 0.2199    map@5 : 0.2253    map@10 : 0.2439    map@20 : 0.2593    map@30 : 0.2646    map@50 : 0.2694
Sun 15 Mar 2026 22:56:47 INFO  Saving current: saved/SCL-Mar-15-2026_22-56-11.pth
Sun 15 Mar 2026 22:56:47 INFO  Saving current best: saved/SCL-Mar-15-2026_22-56-11.pth
Sun 15 Mar 2026 22:56:47 INFO  Running E-step ! 
Sun 15 Mar 2026 22:56:47 INFO  epoch 99 training [time: 0.16s, train_loss1: 2.5470, train_loss2: 0.0390, train_loss3: 0.0000, train_loss4: 0.0022]
Sun 15 Mar 2026 22:56:47 INFO  epoch 99 evaluating [time: 0.15s, valid_score: 0.330700]
Sun 15 Mar 2026 22:56:47 INFO  valid result: 
recall@1 : 0.1262    recall@2 : 0.2215    recall@3 : 0.274    recall@4 : 0.3207    recall@5 : 0.3587    recall@10 : 0.4844    recall@20 : 0.6325    recall@30 : 0.7015    recall@50 : 0.7895    ndcg@1 : 0.2139    ndcg@2 : 0.241    ndcg@3 : 0.2564    ndcg@4 : 0.2729    ndcg@5 : 0.2862    ndcg@10 : 0.3307    ndcg@20 : 0.3752    ndcg@30 : 0.3937    ndcg@50 : 0.4143    precision@1 : 0.2139    precision@2 : 0.1838    precision@3 : 0.1565    precision@4 : 0.1402    precision@5 : 0.1263    precision@10 : 0.0909    precision@20 : 0.0626    precision@30 : 0.0476    precision@50 : 0.033    map@1 : 0.2139    map@2 : 0.2119    map@3 : 0.2133    map@4 : 0.2199    map@5 : 0.2254    map@10 : 0.244    map@20 : 0.2594    map@30 : 0.2647    map@50 : 0.2695
Sun 15 Mar 2026 22:56:47 INFO  Saving current: saved/SCL-Mar-15-2026_22-56-11.pth
Sun 15 Mar 2026 22:56:47 INFO  Saving current best: saved/SCL-Mar-15-2026_22-56-11.pth
Sun 15 Mar 2026 22:56:47 INFO  Running E-step ! 
Sun 15 Mar 2026 22:56:47 INFO  epoch 100 training [time: 0.17s, train_loss1: 2.5561, train_loss2: 0.0389, train_loss3: 0.0000, train_loss4: 0.0021]
Sun 15 Mar 2026 22:56:48 INFO  epoch 100 evaluating [time: 0.15s, valid_score: 0.330900]
Sun 15 Mar 2026 22:56:48 INFO  valid result: 
recall@1 : 0.1268    recall@2 : 0.2213    recall@3 : 0.2739    recall@4 : 0.3206    recall@5 : 0.3596    recall@10 : 0.4839    recall@20 : 0.6322    recall@30 : 0.7033    recall@50 : 0.79    ndcg@1 : 0.2151    ndcg@2 : 0.2417    ndcg@3 : 0.2566    ndcg@4 : 0.2732    ndcg@5 : 0.2868    ndcg@10 : 0.3309    ndcg@20 : 0.3755    ndcg@30 : 0.3944    ndcg@50 : 0.4148    precision@1 : 0.2151    precision@2 : 0.1844    precision@3 : 0.1563    precision@4 : 0.1403    precision@5 : 0.1266    precision@10 : 0.091    precision@20 : 0.0626    precision@30 : 0.0477    precision@50 : 0.033    map@1 : 0.2151    map@2 : 0.2126    map@3 : 0.2136    map@4 : 0.2204    map@5 : 0.2259    map@10 : 0.2445    map@20 : 0.2598    map@30 : 0.2652    map@50 : 0.27
Sun 15 Mar 2026 22:56:48 INFO  Saving current: saved/SCL-Mar-15-2026_22-56-11.pth
Sun 15 Mar 2026 22:56:48 INFO  Saving current best: saved/SCL-Mar-15-2026_22-56-11.pth
Sun 15 Mar 2026 22:56:48 INFO  Running E-step ! 
Sun 15 Mar 2026 22:56:48 INFO  epoch 101 training [time: 0.18s, train_loss1: 2.5848, train_loss2: 0.0388, train_loss3: 0.0000, train_loss4: 0.0021]
Sun 15 Mar 2026 22:56:48 INFO  epoch 101 evaluating [time: 0.15s, valid_score: 0.331700]
Sun 15 Mar 2026 22:56:48 INFO  valid result: 
recall@1 : 0.1274    recall@2 : 0.2223    recall@3 : 0.2755    recall@4 : 0.32    recall@5 : 0.3598    recall@10 : 0.4843    recall@20 : 0.6326    recall@30 : 0.7036    recall@50 : 0.7906    ndcg@1 : 0.2163    ndcg@2 : 0.2426    ndcg@3 : 0.2579    ndcg@4 : 0.2733    ndcg@5 : 0.2875    ndcg@10 : 0.3317    ndcg@20 : 0.3762    ndcg@30 : 0.395    ndcg@50 : 0.4154    precision@1 : 0.2163    precision@2 : 0.185    precision@3 : 0.1573    precision@4 : 0.1399    precision@5 : 0.1268    precision@10 : 0.0912    precision@20 : 0.0627    precision@30 : 0.0477    precision@50 : 0.033    map@1 : 0.2163    map@2 : 0.2133    map@3 : 0.2146    map@4 : 0.2206    map@5 : 0.2266    map@10 : 0.2452    map@20 : 0.2605    map@30 : 0.2659    map@50 : 0.2707
Sun 15 Mar 2026 22:56:48 INFO  Saving current: saved/SCL-Mar-15-2026_22-56-11.pth
Sun 15 Mar 2026 22:56:48 INFO  Saving current best: saved/SCL-Mar-15-2026_22-56-11.pth
Sun 15 Mar 2026 22:56:48 INFO  Running E-step ! 
Sun 15 Mar 2026 22:56:48 INFO  epoch 102 training [time: 0.20s, train_loss1: 2.5409, train_loss2: 0.0387, train_loss3: 0.0000, train_loss4: 0.0021]
Sun 15 Mar 2026 22:56:48 INFO  epoch 102 evaluating [time: 0.15s, valid_score: 0.331900]
Sun 15 Mar 2026 22:56:48 INFO  valid result: 
recall@1 : 0.1271    recall@2 : 0.2227    recall@3 : 0.2758    recall@4 : 0.3204    recall@5 : 0.3605    recall@10 : 0.4844    recall@20 : 0.6345    recall@30 : 0.7042    recall@50 : 0.7915    ndcg@1 : 0.2163    ndcg@2 : 0.2429    ndcg@3 : 0.2579    ndcg@4 : 0.2738    ndcg@5 : 0.2878    ndcg@10 : 0.3319    ndcg@20 : 0.3767    ndcg@30 : 0.3953    ndcg@50 : 0.4158    precision@1 : 0.2163    precision@2 : 0.1856    precision@3 : 0.1573    precision@4 : 0.1405    precision@5 : 0.1269    precision@10 : 0.0914    precision@20 : 0.0628    precision@30 : 0.0477    precision@50 : 0.033    map@1 : 0.2163    map@2 : 0.2136    map@3 : 0.2146    map@4 : 0.2211    map@5 : 0.2268    map@10 : 0.2455    map@20 : 0.2608    map@30 : 0.2661    map@50 : 0.2709
Sun 15 Mar 2026 22:56:48 INFO  Saving current: saved/SCL-Mar-15-2026_22-56-11.pth
Sun 15 Mar 2026 22:56:48 INFO  Saving current best: saved/SCL-Mar-15-2026_22-56-11.pth
Sun 15 Mar 2026 22:56:48 INFO  Running E-step ! 
Sun 15 Mar 2026 22:56:48 INFO  epoch 103 training [time: 0.18s, train_loss1: 2.5535, train_loss2: 0.0386, train_loss3: 0.0000, train_loss4: 0.0021]
Sun 15 Mar 2026 22:56:49 INFO  epoch 103 evaluating [time: 0.15s, valid_score: 0.331600]
Sun 15 Mar 2026 22:56:49 INFO  valid result: 
recall@1 : 0.1262    recall@2 : 0.2226    recall@3 : 0.2756    recall@4 : 0.3201    recall@5 : 0.3599    recall@10 : 0.4846    recall@20 : 0.6349    recall@30 : 0.7046    recall@50 : 0.7937    ndcg@1 : 0.2157    ndcg@2 : 0.2424    ndcg@3 : 0.2577    ndcg@4 : 0.2732    ndcg@5 : 0.2873    ndcg@10 : 0.3316    ndcg@20 : 0.3765    ndcg@30 : 0.3952    ndcg@50 : 0.416    precision@1 : 0.2157    precision@2 : 0.1853    precision@3 : 0.1577    precision@4 : 0.14    precision@5 : 0.1271    precision@10 : 0.0915    precision@20 : 0.0628    precision@30 : 0.0478    precision@50 : 0.0331    map@1 : 0.2157    map@2 : 0.2129    map@3 : 0.2141    map@4 : 0.2204    map@5 : 0.2262    map@10 : 0.245    map@20 : 0.2604    map@30 : 0.2658    map@50 : 0.2706
Sun 15 Mar 2026 22:56:49 INFO  Running E-step ! 
Sun 15 Mar 2026 22:56:49 INFO  epoch 104 training [time: 0.17s, train_loss1: 2.4992, train_loss2: 0.0385, train_loss3: 0.0000, train_loss4: 0.0021]
Sun 15 Mar 2026 22:56:49 INFO  epoch 104 evaluating [time: 0.15s, valid_score: 0.331900]
Sun 15 Mar 2026 22:56:49 INFO  valid result: 
recall@1 : 0.1264    recall@2 : 0.2226    recall@3 : 0.2766    recall@4 : 0.3188    recall@5 : 0.3586    recall@10 : 0.4853    recall@20 : 0.635    recall@30 : 0.7043    recall@50 : 0.7938    ndcg@1 : 0.2163    ndcg@2 : 0.2425    ndcg@3 : 0.2583    ndcg@4 : 0.2727    ndcg@5 : 0.2868    ndcg@10 : 0.3319    ndcg@20 : 0.3767    ndcg@30 : 0.3953    ndcg@50 : 0.4162    precision@1 : 0.2163    precision@2 : 0.1853    precision@3 : 0.1579    precision@4 : 0.1396    precision@5 : 0.1266    precision@10 : 0.0915    precision@20 : 0.0628    precision@30 : 0.0478    precision@50 : 0.0331    map@1 : 0.2163    map@2 : 0.2131    map@3 : 0.2145    map@4 : 0.2203    map@5 : 0.226    map@10 : 0.2451    map@20 : 0.2605    map@30 : 0.2659    map@50 : 0.2707
Sun 15 Mar 2026 22:56:49 INFO  Saving current: saved/SCL-Mar-15-2026_22-56-11.pth
Sun 15 Mar 2026 22:56:49 INFO  Saving current best: saved/SCL-Mar-15-2026_22-56-11.pth
Sun 15 Mar 2026 22:56:49 INFO  Running E-step ! 
Sun 15 Mar 2026 22:56:49 INFO  epoch 105 training [time: 0.19s, train_loss1: 2.5127, train_loss2: 0.0385, train_loss3: 0.0000, train_loss4: 0.0020]
Sun 15 Mar 2026 22:56:49 INFO  epoch 105 evaluating [time: 0.15s, valid_score: 0.332200]
Sun 15 Mar 2026 22:56:49 INFO  valid result: 
recall@1 : 0.127    recall@2 : 0.2215    recall@3 : 0.2772    recall@4 : 0.3198    recall@5 : 0.3584    recall@10 : 0.4859    recall@20 : 0.6369    recall@30 : 0.7057    recall@50 : 0.7947    ndcg@1 : 0.2169    ndcg@2 : 0.242    ndcg@3 : 0.2587    ndcg@4 : 0.2733    ndcg@5 : 0.287    ndcg@10 : 0.3322    ndcg@20 : 0.3773    ndcg@30 : 0.3958    ndcg@50 : 0.4166    precision@1 : 0.2169    precision@2 : 0.1847    precision@3 : 0.1583    precision@4 : 0.14    precision@5 : 0.1268    precision@10 : 0.0915    precision@20 : 0.063    precision@30 : 0.0479    precision@50 : 0.0331    map@1 : 0.2169    map@2 : 0.2128    map@3 : 0.215    map@4 : 0.2208    map@5 : 0.2263    map@10 : 0.2454    map@20 : 0.2609    map@30 : 0.2663    map@50 : 0.271
Sun 15 Mar 2026 22:56:49 INFO  Saving current: saved/SCL-Mar-15-2026_22-56-11.pth
Sun 15 Mar 2026 22:56:49 INFO  Saving current best: saved/SCL-Mar-15-2026_22-56-11.pth
Sun 15 Mar 2026 22:56:49 INFO  Running E-step ! 
Sun 15 Mar 2026 22:56:50 INFO  epoch 106 training [time: 0.19s, train_loss1: 2.5072, train_loss2: 0.0384, train_loss3: 0.0000, train_loss4: 0.0020]
Sun 15 Mar 2026 22:56:50 INFO  epoch 106 evaluating [time: 0.15s, valid_score: 0.332600]
Sun 15 Mar 2026 22:56:50 INFO  valid result: 
recall@1 : 0.127    recall@2 : 0.2214    recall@3 : 0.2774    recall@4 : 0.3216    recall@5 : 0.3578    recall@10 : 0.4869    recall@20 : 0.6371    recall@30 : 0.705    recall@50 : 0.7945    ndcg@1 : 0.2169    ndcg@2 : 0.2418    ndcg@3 : 0.259    ndcg@4 : 0.2742    ndcg@5 : 0.2869    ndcg@10 : 0.3326    ndcg@20 : 0.3775    ndcg@30 : 0.3957    ndcg@50 : 0.4167    precision@1 : 0.2169    precision@2 : 0.1844    precision@3 : 0.1587    precision@4 : 0.1406    precision@5 : 0.1267    precision@10 : 0.0917    precision@20 : 0.063    precision@30 : 0.0478    precision@50 : 0.0332    map@1 : 0.2169    map@2 : 0.2123    map@3 : 0.215    map@4 : 0.2211    map@5 : 0.2262    map@10 : 0.2456    map@20 : 0.261    map@30 : 0.2663    map@50 : 0.2712
Sun 15 Mar 2026 22:56:50 INFO  Saving current: saved/SCL-Mar-15-2026_22-56-11.pth
Sun 15 Mar 2026 22:56:50 INFO  Saving current best: saved/SCL-Mar-15-2026_22-56-11.pth
Sun 15 Mar 2026 22:56:50 INFO  Running E-step ! 
Sun 15 Mar 2026 22:56:50 INFO  epoch 107 training [time: 0.19s, train_loss1: 2.5208, train_loss2: 0.0383, train_loss3: 0.0000, train_loss4: 0.0020]
Sun 15 Mar 2026 22:56:50 INFO  epoch 107 evaluating [time: 0.15s, valid_score: 0.332900]
Sun 15 Mar 2026 22:56:50 INFO  valid result: 
recall@1 : 0.1267    recall@2 : 0.2215    recall@3 : 0.2777    recall@4 : 0.3218    recall@5 : 0.3575    recall@10 : 0.4878    recall@20 : 0.6377    recall@30 : 0.7053    recall@50 : 0.7949    ndcg@1 : 0.2163    ndcg@2 : 0.2418    ndcg@3 : 0.2592    ndcg@4 : 0.2743    ndcg@5 : 0.2867    ndcg@10 : 0.3329    ndcg@20 : 0.3777    ndcg@30 : 0.3959    ndcg@50 : 0.4168    precision@1 : 0.2163    precision@2 : 0.1847    precision@3 : 0.1593    precision@4 : 0.1409    precision@5 : 0.1267    precision@10 : 0.0919    precision@20 : 0.0631    precision@30 : 0.0479    precision@50 : 0.0331    map@1 : 0.2163    map@2 : 0.2122    map@3 : 0.2149    map@4 : 0.221    map@5 : 0.2259    map@10 : 0.2456    map@20 : 0.261    map@30 : 0.2663    map@50 : 0.2711
Sun 15 Mar 2026 22:56:50 INFO  Saving current: saved/SCL-Mar-15-2026_22-56-11.pth
Sun 15 Mar 2026 22:56:50 INFO  Saving current best: saved/SCL-Mar-15-2026_22-56-11.pth
Sun 15 Mar 2026 22:56:50 INFO  Running E-step ! 
Sun 15 Mar 2026 22:56:50 INFO  epoch 108 training [time: 0.18s, train_loss1: 2.4911, train_loss2: 0.0382, train_loss3: 0.0000, train_loss4: 0.0020]
Sun 15 Mar 2026 22:56:50 INFO  epoch 108 evaluating [time: 0.15s, valid_score: 0.333300]
Sun 15 Mar 2026 22:56:50 INFO  valid result: 
recall@1 : 0.1261    recall@2 : 0.2214    recall@3 : 0.2787    recall@4 : 0.3227    recall@5 : 0.3583    recall@10 : 0.4894    recall@20 : 0.6383    recall@30 : 0.7066    recall@50 : 0.7957    ndcg@1 : 0.2151    ndcg@2 : 0.241    ndcg@3 : 0.2591    ndcg@4 : 0.2743    ndcg@5 : 0.2868    ndcg@10 : 0.3333    ndcg@20 : 0.3778    ndcg@30 : 0.3961    ndcg@50 : 0.4169    precision@1 : 0.2151    precision@2 : 0.1841    precision@3 : 0.1593    precision@4 : 0.1412    precision@5 : 0.1269    precision@10 : 0.0921    precision@20 : 0.0631    precision@30 : 0.048    precision@50 : 0.0332    map@1 : 0.2151    map@2 : 0.2113    map@3 : 0.2147    map@4 : 0.2209    map@5 : 0.2259    map@10 : 0.2457    map@20 : 0.261    map@30 : 0.2664    map@50 : 0.2711
Sun 15 Mar 2026 22:56:50 INFO  Saving current: saved/SCL-Mar-15-2026_22-56-11.pth
Sun 15 Mar 2026 22:56:50 INFO  Saving current best: saved/SCL-Mar-15-2026_22-56-11.pth
Sun 15 Mar 2026 22:56:50 INFO  Running E-step ! 
Sun 15 Mar 2026 22:56:51 INFO  epoch 109 training [time: 0.18s, train_loss1: 2.4896, train_loss2: 0.0381, train_loss3: 0.0000, train_loss4: 0.0020]
Sun 15 Mar 2026 22:56:51 INFO  epoch 109 evaluating [time: 0.15s, valid_score: 0.333300]
Sun 15 Mar 2026 22:56:51 INFO  valid result: 
recall@1 : 0.1262    recall@2 : 0.2215    recall@3 : 0.2791    recall@4 : 0.3233    recall@5 : 0.3593    recall@10 : 0.4887    recall@20 : 0.6383    recall@30 : 0.7063    recall@50 : 0.7955    ndcg@1 : 0.2145    ndcg@2 : 0.2412    ndcg@3 : 0.2594    ndcg@4 : 0.2748    ndcg@5 : 0.2875    ndcg@10 : 0.3333    ndcg@20 : 0.378    ndcg@30 : 0.3963    ndcg@50 : 0.4172    precision@1 : 0.2145    precision@2 : 0.1844    precision@3 : 0.1595    precision@4 : 0.1417    precision@5 : 0.1277    precision@10 : 0.0921    precision@20 : 0.0631    precision@30 : 0.0479    precision@50 : 0.0332    map@1 : 0.2145    map@2 : 0.2114    map@3 : 0.2149    map@4 : 0.2213    map@5 : 0.2266    map@10 : 0.246    map@20 : 0.2614    map@30 : 0.2668    map@50 : 0.2716
Sun 15 Mar 2026 22:56:51 INFO  Saving current: saved/SCL-Mar-15-2026_22-56-11.pth
Sun 15 Mar 2026 22:56:51 INFO  Saving current best: saved/SCL-Mar-15-2026_22-56-11.pth
Sun 15 Mar 2026 22:56:51 INFO  Running E-step ! 
Sun 15 Mar 2026 22:56:51 INFO  epoch 110 training [time: 0.20s, train_loss1: 2.4791, train_loss2: 0.0381, train_loss3: 0.0000, train_loss4: 0.0019]
Sun 15 Mar 2026 22:56:51 INFO  epoch 110 evaluating [time: 0.15s, valid_score: 0.333300]
Sun 15 Mar 2026 22:56:51 INFO  valid result: 
recall@1 : 0.1271    recall@2 : 0.2211    recall@3 : 0.279    recall@4 : 0.3229    recall@5 : 0.3595    recall@10 : 0.4876    recall@20 : 0.638    recall@30 : 0.7055    recall@50 : 0.7949    ndcg@1 : 0.2157    ndcg@2 : 0.2411    ndcg@3 : 0.2594    ndcg@4 : 0.275    ndcg@5 : 0.2878    ndcg@10 : 0.3333    ndcg@20 : 0.3783    ndcg@30 : 0.3965    ndcg@50 : 0.4175    precision@1 : 0.2157    precision@2 : 0.1841    precision@3 : 0.1591    precision@4 : 0.142    precision@5 : 0.1278    precision@10 : 0.0918    precision@20 : 0.0631    precision@30 : 0.0479    precision@50 : 0.0332    map@1 : 0.2157    map@2 : 0.2116    map@3 : 0.2151    map@4 : 0.2217    map@5 : 0.227    map@10 : 0.2463    map@20 : 0.2619    map@30 : 0.2673    map@50 : 0.2721
Sun 15 Mar 2026 22:56:51 INFO  Saving current: saved/SCL-Mar-15-2026_22-56-11.pth
Sun 15 Mar 2026 22:56:51 INFO  Saving current best: saved/SCL-Mar-15-2026_22-56-11.pth
Sun 15 Mar 2026 22:56:51 INFO  Running E-step ! 
Sun 15 Mar 2026 22:56:51 INFO  epoch 111 training [time: 0.20s, train_loss1: 2.4574, train_loss2: 0.0380, train_loss3: 0.0000, train_loss4: 0.0019]
Sun 15 Mar 2026 22:56:51 INFO  epoch 111 evaluating [time: 0.15s, valid_score: 0.333700]
Sun 15 Mar 2026 22:56:51 INFO  valid result: 
recall@1 : 0.1271    recall@2 : 0.221    recall@3 : 0.2806    recall@4 : 0.3239    recall@5 : 0.3606    recall@10 : 0.4876    recall@20 : 0.6382    recall@30 : 0.7058    recall@50 : 0.7955    ndcg@1 : 0.2151    ndcg@2 : 0.2408    ndcg@3 : 0.2603    ndcg@4 : 0.2757    ndcg@5 : 0.2884    ndcg@10 : 0.3337    ndcg@20 : 0.3786    ndcg@30 : 0.3968    ndcg@50 : 0.4178    precision@1 : 0.2151    precision@2 : 0.1838    precision@3 : 0.1601    precision@4 : 0.1427    precision@5 : 0.128    precision@10 : 0.0921    precision@20 : 0.0631    precision@30 : 0.048    precision@50 : 0.0332    map@1 : 0.2151    map@2 : 0.2113    map@3 : 0.2157    map@4 : 0.2222    map@5 : 0.2274    map@10 : 0.2467    map@20 : 0.2622    map@30 : 0.2676    map@50 : 0.2724
Sun 15 Mar 2026 22:56:51 INFO  Saving current: saved/SCL-Mar-15-2026_22-56-11.pth
Sun 15 Mar 2026 22:56:51 INFO  Saving current best: saved/SCL-Mar-15-2026_22-56-11.pth
Sun 15 Mar 2026 22:56:51 INFO  Running E-step ! 
Sun 15 Mar 2026 22:56:52 INFO  epoch 112 training [time: 0.19s, train_loss1: 2.4776, train_loss2: 0.0379, train_loss3: 0.0000, train_loss4: 0.0019]
Sun 15 Mar 2026 22:56:52 INFO  epoch 112 evaluating [time: 0.15s, valid_score: 0.334000]
Sun 15 Mar 2026 22:56:52 INFO  valid result: 
recall@1 : 0.1262    recall@2 : 0.2222    recall@3 : 0.2816    recall@4 : 0.3232    recall@5 : 0.3615    recall@10 : 0.4886    recall@20 : 0.6382    recall@30 : 0.7059    recall@50 : 0.796    ndcg@1 : 0.2139    ndcg@2 : 0.2415    ndcg@3 : 0.2606    ndcg@4 : 0.2752    ndcg@5 : 0.2887    ndcg@10 : 0.334    ndcg@20 : 0.3785    ndcg@30 : 0.3968    ndcg@50 : 0.418    precision@1 : 0.2139    precision@2 : 0.185    precision@3 : 0.1603    precision@4 : 0.1424    precision@5 : 0.1284    precision@10 : 0.0923    precision@20 : 0.0631    precision@30 : 0.048    precision@50 : 0.0332    map@1 : 0.2139    map@2 : 0.2116    map@3 : 0.2157    map@4 : 0.2217    map@5 : 0.2275    map@10 : 0.2468    map@20 : 0.2621    map@30 : 0.2676    map@50 : 0.2724
Sun 15 Mar 2026 22:56:52 INFO  Saving current: saved/SCL-Mar-15-2026_22-56-11.pth
Sun 15 Mar 2026 22:56:52 INFO  Saving current best: saved/SCL-Mar-15-2026_22-56-11.pth
Sun 15 Mar 2026 22:56:52 INFO  Running E-step ! 
Sun 15 Mar 2026 22:56:52 INFO  epoch 113 training [time: 0.18s, train_loss1: 2.4512, train_loss2: 0.0378, train_loss3: 0.0000, train_loss4: 0.0019]
Sun 15 Mar 2026 22:56:52 INFO  epoch 113 evaluating [time: 0.15s, valid_score: 0.334200]
Sun 15 Mar 2026 22:56:52 INFO  valid result: 
recall@1 : 0.1268    recall@2 : 0.2224    recall@3 : 0.2822    recall@4 : 0.3236    recall@5 : 0.3622    recall@10 : 0.4879    recall@20 : 0.6377    recall@30 : 0.7068    recall@50 : 0.7964    ndcg@1 : 0.2145    ndcg@2 : 0.2417    ndcg@3 : 0.2611    ndcg@4 : 0.2757    ndcg@5 : 0.2893    ndcg@10 : 0.3342    ndcg@20 : 0.3788    ndcg@30 : 0.3975    ndcg@50 : 0.4184    precision@1 : 0.2145    precision@2 : 0.185    precision@3 : 0.1605    precision@4 : 0.1426    precision@5 : 0.1287    precision@10 : 0.0923    precision@20 : 0.0629    precision@30 : 0.048    precision@50 : 0.0332    map@1 : 0.2145    map@2 : 0.2117    map@3 : 0.2163    map@4 : 0.2223    map@5 : 0.2281    map@10 : 0.2473    map@20 : 0.2626    map@30 : 0.2682    map@50 : 0.273
Sun 15 Mar 2026 22:56:52 INFO  Saving current: saved/SCL-Mar-15-2026_22-56-11.pth
Sun 15 Mar 2026 22:56:52 INFO  Saving current best: saved/SCL-Mar-15-2026_22-56-11.pth
Sun 15 Mar 2026 22:56:52 INFO  Running E-step ! 
Sun 15 Mar 2026 22:56:52 INFO  epoch 114 training [time: 0.18s, train_loss1: 2.4192, train_loss2: 0.0377, train_loss3: 0.0000, train_loss4: 0.0018]
Sun 15 Mar 2026 22:56:53 INFO  epoch 114 evaluating [time: 0.15s, valid_score: 0.334800]
Sun 15 Mar 2026 22:56:53 INFO  valid result: 
recall@1 : 0.1271    recall@2 : 0.2221    recall@3 : 0.2825    recall@4 : 0.3236    recall@5 : 0.3633    recall@10 : 0.4886    recall@20 : 0.6374    recall@30 : 0.7068    recall@50 : 0.7956    ndcg@1 : 0.2157    ndcg@2 : 0.2417    ndcg@3 : 0.2615    ndcg@4 : 0.2757    ndcg@5 : 0.2901    ndcg@10 : 0.3348    ndcg@20 : 0.379    ndcg@30 : 0.3977    ndcg@50 : 0.4185    precision@1 : 0.2157    precision@2 : 0.1847    precision@3 : 0.1609    precision@4 : 0.1423    precision@5 : 0.1294    precision@10 : 0.0926    precision@20 : 0.063    precision@30 : 0.048    precision@50 : 0.0332    map@1 : 0.2157    map@2 : 0.2119    map@3 : 0.2166    map@4 : 0.2224    map@5 : 0.2285    map@10 : 0.2478    map@20 : 0.263    map@30 : 0.2685    map@50 : 0.2732
Sun 15 Mar 2026 22:56:53 INFO  Saving current: saved/SCL-Mar-15-2026_22-56-11.pth
Sun 15 Mar 2026 22:56:53 INFO  Saving current best: saved/SCL-Mar-15-2026_22-56-11.pth
Sun 15 Mar 2026 22:56:53 INFO  Running E-step ! 
Sun 15 Mar 2026 22:56:53 INFO  epoch 115 training [time: 0.19s, train_loss1: 2.4252, train_loss2: 0.0377, train_loss3: 0.0000, train_loss4: 0.0018]
Sun 15 Mar 2026 22:56:53 INFO  epoch 115 evaluating [time: 0.15s, valid_score: 0.335000]
Sun 15 Mar 2026 22:56:53 INFO  valid result: 
recall@1 : 0.1277    recall@2 : 0.2222    recall@3 : 0.2831    recall@4 : 0.3236    recall@5 : 0.3634    recall@10 : 0.488    recall@20 : 0.637    recall@30 : 0.7078    recall@50 : 0.7963    ndcg@1 : 0.2163    ndcg@2 : 0.2422    ndcg@3 : 0.2621    ndcg@4 : 0.2759    ndcg@5 : 0.2906    ndcg@10 : 0.335    ndcg@20 : 0.3793    ndcg@30 : 0.3983    ndcg@50 : 0.4191    precision@1 : 0.2163    precision@2 : 0.185    precision@3 : 0.1611    precision@4 : 0.1421    precision@5 : 0.1297    precision@10 : 0.0927    precision@20 : 0.0631    precision@30 : 0.0481    precision@50 : 0.0332    map@1 : 0.2163    map@2 : 0.2123    map@3 : 0.217    map@4 : 0.2226    map@5 : 0.229    map@10 : 0.2482    map@20 : 0.2634    map@30 : 0.269    map@50 : 0.2737
Sun 15 Mar 2026 22:56:53 INFO  Saving current: saved/SCL-Mar-15-2026_22-56-11.pth
Sun 15 Mar 2026 22:56:53 INFO  Saving current best: saved/SCL-Mar-15-2026_22-56-11.pth
Sun 15 Mar 2026 22:56:53 INFO  Running E-step ! 
Sun 15 Mar 2026 22:56:53 INFO  epoch 116 training [time: 0.20s, train_loss1: 2.4833, train_loss2: 0.0376, train_loss3: 0.0000, train_loss4: 0.0018]
Sun 15 Mar 2026 22:56:53 INFO  epoch 116 evaluating [time: 0.15s, valid_score: 0.335200]
Sun 15 Mar 2026 22:56:53 INFO  valid result: 
recall@1 : 0.1278    recall@2 : 0.2231    recall@3 : 0.2832    recall@4 : 0.3237    recall@5 : 0.3641    recall@10 : 0.4877    recall@20 : 0.6381    recall@30 : 0.7075    recall@50 : 0.7974    ndcg@1 : 0.2169    ndcg@2 : 0.2429    ndcg@3 : 0.2625    ndcg@4 : 0.2761    ndcg@5 : 0.2912    ndcg@10 : 0.3352    ndcg@20 : 0.3799    ndcg@30 : 0.3986    ndcg@50 : 0.4196    precision@1 : 0.2169    precision@2 : 0.1856    precision@3 : 0.1615    precision@4 : 0.142    precision@5 : 0.1302    precision@10 : 0.0926    precision@20 : 0.0631    precision@30 : 0.0481    precision@50 : 0.0333    map@1 : 0.2169    map@2 : 0.2128    map@3 : 0.2174    map@4 : 0.2228    map@5 : 0.2296    map@10 : 0.2485    map@20 : 0.2638    map@30 : 0.2694    map@50 : 0.2741
Sun 15 Mar 2026 22:56:53 INFO  Saving current: saved/SCL-Mar-15-2026_22-56-11.pth
Sun 15 Mar 2026 22:56:53 INFO  Saving current best: saved/SCL-Mar-15-2026_22-56-11.pth
Sun 15 Mar 2026 22:56:53 INFO  Running E-step ! 
Sun 15 Mar 2026 22:56:53 INFO  epoch 117 training [time: 0.18s, train_loss1: 2.3940, train_loss2: 0.0375, train_loss3: 0.0000, train_loss4: 0.0018]
Sun 15 Mar 2026 22:56:54 INFO  epoch 117 evaluating [time: 0.15s, valid_score: 0.335600]
Sun 15 Mar 2026 22:56:54 INFO  valid result: 
recall@1 : 0.128    recall@2 : 0.2233    recall@3 : 0.2824    recall@4 : 0.3246    recall@5 : 0.365    recall@10 : 0.4885    recall@20 : 0.6376    recall@30 : 0.7078    recall@50 : 0.7983    ndcg@1 : 0.2169    ndcg@2 : 0.2432    ndcg@3 : 0.2618    ndcg@4 : 0.2764    ndcg@5 : 0.2916    ndcg@10 : 0.3356    ndcg@20 : 0.38    ndcg@30 : 0.3988    ndcg@50 : 0.42    precision@1 : 0.2169    precision@2 : 0.1859    precision@3 : 0.1605    precision@4 : 0.142    precision@5 : 0.1305    precision@10 : 0.0928    precision@20 : 0.0632    precision@30 : 0.0481    precision@50 : 0.0333    map@1 : 0.2169    map@2 : 0.2131    map@3 : 0.2168    map@4 : 0.2228    map@5 : 0.2298    map@10 : 0.2488    map@20 : 0.2641    map@30 : 0.2696    map@50 : 0.2744
Sun 15 Mar 2026 22:56:54 INFO  Saving current: saved/SCL-Mar-15-2026_22-56-11.pth
Sun 15 Mar 2026 22:56:54 INFO  Saving current best: saved/SCL-Mar-15-2026_22-56-11.pth
Sun 15 Mar 2026 22:56:54 INFO  Running E-step ! 
Sun 15 Mar 2026 22:56:54 INFO  epoch 118 training [time: 0.16s, train_loss1: 2.4104, train_loss2: 0.0374, train_loss3: 0.0000, train_loss4: 0.0018]
Sun 15 Mar 2026 22:56:54 INFO  epoch 118 evaluating [time: 0.15s, valid_score: 0.336000]
Sun 15 Mar 2026 22:56:54 INFO  valid result: 
recall@1 : 0.1281    recall@2 : 0.2238    recall@3 : 0.283    recall@4 : 0.3248    recall@5 : 0.3659    recall@10 : 0.4885    recall@20 : 0.6377    recall@30 : 0.7073    recall@50 : 0.7983    ndcg@1 : 0.2169    ndcg@2 : 0.2436    ndcg@3 : 0.2624    ndcg@4 : 0.2768    ndcg@5 : 0.2923    ndcg@10 : 0.336    ndcg@20 : 0.3803    ndcg@30 : 0.3989    ndcg@50 : 0.4203    precision@1 : 0.2169    precision@2 : 0.1865    precision@3 : 0.1611    precision@4 : 0.1423    precision@5 : 0.131    precision@10 : 0.093    precision@20 : 0.0631    precision@30 : 0.048    precision@50 : 0.0333    map@1 : 0.2169    map@2 : 0.2135    map@3 : 0.2174    map@4 : 0.2231    map@5 : 0.2304    map@10 : 0.2493    map@20 : 0.2645    map@30 : 0.2699    map@50 : 0.2748
Sun 15 Mar 2026 22:56:54 INFO  Saving current: saved/SCL-Mar-15-2026_22-56-11.pth
Sun 15 Mar 2026 22:56:54 INFO  Saving current best: saved/SCL-Mar-15-2026_22-56-11.pth
Sun 15 Mar 2026 22:56:54 INFO  Running E-step ! 
Sun 15 Mar 2026 22:56:54 INFO  epoch 119 training [time: 0.18s, train_loss1: 2.4009, train_loss2: 0.0374, train_loss3: 0.0000, train_loss4: 0.0017]
Sun 15 Mar 2026 22:56:54 INFO  epoch 119 evaluating [time: 0.15s, valid_score: 0.336100]
Sun 15 Mar 2026 22:56:54 INFO  valid result: 
recall@1 : 0.1281    recall@2 : 0.2242    recall@3 : 0.2837    recall@4 : 0.3253    recall@5 : 0.3643    recall@10 : 0.4882    recall@20 : 0.6391    recall@30 : 0.7062    recall@50 : 0.799    ndcg@1 : 0.2169    ndcg@2 : 0.2438    ndcg@3 : 0.2627    ndcg@4 : 0.2771    ndcg@5 : 0.2917    ndcg@10 : 0.3361    ndcg@20 : 0.3808    ndcg@30 : 0.3989    ndcg@50 : 0.4206    precision@1 : 0.2169    precision@2 : 0.1865    precision@3 : 0.1613    precision@4 : 0.1424    precision@5 : 0.1305    precision@10 : 0.0932    precision@20 : 0.0633    precision@30 : 0.048    precision@50 : 0.0333    map@1 : 0.2169    map@2 : 0.2136    map@3 : 0.2175    map@4 : 0.2234    map@5 : 0.2302    map@10 : 0.2495    map@20 : 0.2648    map@30 : 0.2701    map@50 : 0.275
Sun 15 Mar 2026 22:56:54 INFO  Saving current: saved/SCL-Mar-15-2026_22-56-11.pth
Sun 15 Mar 2026 22:56:54 INFO  Saving current best: saved/SCL-Mar-15-2026_22-56-11.pth
Sun 15 Mar 2026 22:56:54 INFO  Running E-step ! 
Sun 15 Mar 2026 22:56:54 INFO  epoch 120 training [time: 0.18s, train_loss1: 2.4065, train_loss2: 0.0373, train_loss3: 0.0000, train_loss4: 0.0017]
Sun 15 Mar 2026 22:56:55 INFO  epoch 120 evaluating [time: 0.15s, valid_score: 0.336200]
Sun 15 Mar 2026 22:56:55 INFO  valid result: 
recall@1 : 0.1281    recall@2 : 0.2237    recall@3 : 0.2836    recall@4 : 0.3273    recall@5 : 0.3643    recall@10 : 0.4882    recall@20 : 0.639    recall@30 : 0.7054    recall@50 : 0.7989    ndcg@1 : 0.2169    ndcg@2 : 0.2431    ndcg@3 : 0.2623    ndcg@4 : 0.2779    ndcg@5 : 0.2916    ndcg@10 : 0.3362    ndcg@20 : 0.3809    ndcg@30 : 0.3988    ndcg@50 : 0.4207    precision@1 : 0.2169    precision@2 : 0.1856    precision@3 : 0.1609    precision@4 : 0.1432    precision@5 : 0.1304    precision@10 : 0.0932    precision@20 : 0.0633    precision@30 : 0.048    precision@50 : 0.0334    map@1 : 0.2169    map@2 : 0.2132    map@3 : 0.2171    map@4 : 0.2238    map@5 : 0.2301    map@10 : 0.2496    map@20 : 0.2649    map@30 : 0.2702    map@50 : 0.2752
Sun 15 Mar 2026 22:56:55 INFO  Saving current: saved/SCL-Mar-15-2026_22-56-11.pth
Sun 15 Mar 2026 22:56:55 INFO  Saving current best: saved/SCL-Mar-15-2026_22-56-11.pth
Sun 15 Mar 2026 22:56:55 INFO  Running E-step ! 
Sun 15 Mar 2026 22:56:55 INFO  epoch 121 training [time: 0.19s, train_loss1: 2.3739, train_loss2: 0.0372, train_loss3: 0.0000, train_loss4: 0.0017]
Sun 15 Mar 2026 22:56:55 INFO  epoch 121 evaluating [time: 0.15s, valid_score: 0.336700]
Sun 15 Mar 2026 22:56:55 INFO  valid result: 
recall@1 : 0.128    recall@2 : 0.2242    recall@3 : 0.285    recall@4 : 0.3274    recall@5 : 0.3636    recall@10 : 0.4894    recall@20 : 0.6404    recall@30 : 0.7052    recall@50 : 0.7986    ndcg@1 : 0.2163    ndcg@2 : 0.2433    ndcg@3 : 0.2632    ndcg@4 : 0.278    ndcg@5 : 0.2916    ndcg@10 : 0.3367    ndcg@20 : 0.3814    ndcg@30 : 0.399    ndcg@50 : 0.4209    precision@1 : 0.2163    precision@2 : 0.1859    precision@3 : 0.1619    precision@4 : 0.1432    precision@5 : 0.1305    precision@10 : 0.0934    precision@20 : 0.0633    precision@30 : 0.048    precision@50 : 0.0334    map@1 : 0.2163    map@2 : 0.2133    map@3 : 0.2178    map@4 : 0.2241    map@5 : 0.2303    map@10 : 0.25    map@20 : 0.2652    map@30 : 0.2705    map@50 : 0.2755
Sun 15 Mar 2026 22:56:55 INFO  Saving current: saved/SCL-Mar-15-2026_22-56-11.pth
Sun 15 Mar 2026 22:56:55 INFO  Saving current best: saved/SCL-Mar-15-2026_22-56-11.pth
Sun 15 Mar 2026 22:56:55 INFO  Running E-step ! 
Sun 15 Mar 2026 22:56:55 INFO  epoch 122 training [time: 0.18s, train_loss1: 2.3885, train_loss2: 0.0372, train_loss3: 0.0000, train_loss4: 0.0017]
Sun 15 Mar 2026 22:56:55 INFO  epoch 122 evaluating [time: 0.15s, valid_score: 0.336500]
Sun 15 Mar 2026 22:56:55 INFO  valid result: 
recall@1 : 0.1277    recall@2 : 0.2246    recall@3 : 0.2857    recall@4 : 0.3271    recall@5 : 0.3636    recall@10 : 0.4887    recall@20 : 0.6418    recall@30 : 0.7055    recall@50 : 0.8009    ndcg@1 : 0.2157    ndcg@2 : 0.2434    ndcg@3 : 0.2633    ndcg@4 : 0.2778    ndcg@5 : 0.2916    ndcg@10 : 0.3365    ndcg@20 : 0.3817    ndcg@30 : 0.3991    ndcg@50 : 0.4213    precision@1 : 0.2157    precision@2 : 0.1862    precision@3 : 0.1619    precision@4 : 0.143    precision@5 : 0.1305    precision@10 : 0.0934    precision@20 : 0.0635    precision@30 : 0.0481    precision@50 : 0.0334    map@1 : 0.2157    map@2 : 0.2135    map@3 : 0.2179    map@4 : 0.2238    map@5 : 0.2302    map@10 : 0.25    map@20 : 0.2653    map@30 : 0.2706    map@50 : 0.2756
Sun 15 Mar 2026 22:56:55 INFO  Running E-step ! 
Sun 15 Mar 2026 22:56:56 INFO  epoch 123 training [time: 0.19s, train_loss1: 2.3818, train_loss2: 0.0371, train_loss3: 0.0000, train_loss4: 0.0017]
Sun 15 Mar 2026 22:56:56 INFO  epoch 123 evaluating [time: 0.15s, valid_score: 0.336200]
Sun 15 Mar 2026 22:56:56 INFO  valid result: 
recall@1 : 0.1271    recall@2 : 0.2242    recall@3 : 0.286    recall@4 : 0.3279    recall@5 : 0.3637    recall@10 : 0.4882    recall@20 : 0.641    recall@30 : 0.7059    recall@50 : 0.8015    ndcg@1 : 0.2151    ndcg@2 : 0.2427    ndcg@3 : 0.2632    ndcg@4 : 0.278    ndcg@5 : 0.2914    ndcg@10 : 0.3362    ndcg@20 : 0.3814    ndcg@30 : 0.399    ndcg@50 : 0.4213    precision@1 : 0.2151    precision@2 : 0.1856    precision@3 : 0.1621    precision@4 : 0.1435    precision@5 : 0.1306    precision@10 : 0.0933    precision@20 : 0.0635    precision@30 : 0.048    precision@50 : 0.0335    map@1 : 0.2151    map@2 : 0.2129    map@3 : 0.2178    map@4 : 0.2239    map@5 : 0.23    map@10 : 0.2497    map@20 : 0.2652    map@30 : 0.2704    map@50 : 0.2755
Sun 15 Mar 2026 22:56:56 INFO  Running E-step ! 
Sun 15 Mar 2026 22:56:56 INFO  epoch 124 training [time: 0.19s, train_loss1: 2.3907, train_loss2: 0.0370, train_loss3: 0.0000, train_loss4: 0.0017]
Sun 15 Mar 2026 22:56:56 INFO  epoch 124 evaluating [time: 0.15s, valid_score: 0.336300]
Sun 15 Mar 2026 22:56:56 INFO  valid result: 
recall@1 : 0.1265    recall@2 : 0.2254    recall@3 : 0.2866    recall@4 : 0.3257    recall@5 : 0.3651    recall@10 : 0.4886    recall@20 : 0.6422    recall@30 : 0.706    recall@50 : 0.8012    ndcg@1 : 0.2145    ndcg@2 : 0.2435    ndcg@3 : 0.2636    ndcg@4 : 0.2772    ndcg@5 : 0.2919    ndcg@10 : 0.3363    ndcg@20 : 0.3818    ndcg@30 : 0.3991    ndcg@50 : 0.4213    precision@1 : 0.2145    precision@2 : 0.1865    precision@3 : 0.1625    precision@4 : 0.1433    precision@5 : 0.131    precision@10 : 0.0934    precision@20 : 0.0636    precision@30 : 0.048    precision@50 : 0.0335    map@1 : 0.2145    map@2 : 0.2133    map@3 : 0.2181    map@4 : 0.2234    map@5 : 0.2302    map@10 : 0.2498    map@20 : 0.2653    map@30 : 0.2705    map@50 : 0.2756
Sun 15 Mar 2026 22:56:56 INFO  Running E-step ! 
Sun 15 Mar 2026 22:56:56 INFO  epoch 125 training [time: 0.19s, train_loss1: 2.3670, train_loss2: 0.0369, train_loss3: 0.0000, train_loss4: 0.0017]
Sun 15 Mar 2026 22:56:56 INFO  epoch 125 evaluating [time: 0.15s, valid_score: 0.336700]
Sun 15 Mar 2026 22:56:56 INFO  valid result: 
recall@1 : 0.1263    recall@2 : 0.2265    recall@3 : 0.2881    recall@4 : 0.3271    recall@5 : 0.3653    recall@10 : 0.4888    recall@20 : 0.6425    recall@30 : 0.7055    recall@50 : 0.8021    ndcg@1 : 0.2139    ndcg@2 : 0.2439    ndcg@3 : 0.2645    ndcg@4 : 0.278    ndcg@5 : 0.2922    ndcg@10 : 0.3367    ndcg@20 : 0.3822    ndcg@30 : 0.3992    ndcg@50 : 0.4219    precision@1 : 0.2139    precision@2 : 0.1868    precision@3 : 0.1633    precision@4 : 0.1438    precision@5 : 0.131    precision@10 : 0.0935    precision@20 : 0.0637    precision@30 : 0.048    precision@50 : 0.0335    map@1 : 0.2139    map@2 : 0.2135    map@3 : 0.2187    map@4 : 0.2239    map@5 : 0.2306    map@10 : 0.2502    map@20 : 0.2657    map@30 : 0.2708    map@50 : 0.276
Sun 15 Mar 2026 22:56:56 INFO  Saving current: saved/SCL-Mar-15-2026_22-56-11.pth
Sun 15 Mar 2026 22:56:56 INFO  Saving current best: saved/SCL-Mar-15-2026_22-56-11.pth
Sun 15 Mar 2026 22:56:56 INFO  Running E-step ! 
Sun 15 Mar 2026 22:56:57 INFO  epoch 126 training [time: 0.17s, train_loss1: 2.3268, train_loss2: 0.0368, train_loss3: 0.0000, train_loss4: 0.0017]
Sun 15 Mar 2026 22:56:57 INFO  epoch 126 evaluating [time: 0.15s, valid_score: 0.336600]
Sun 15 Mar 2026 22:56:57 INFO  valid result: 
recall@1 : 0.1263    recall@2 : 0.2258    recall@3 : 0.2883    recall@4 : 0.3269    recall@5 : 0.3662    recall@10 : 0.4888    recall@20 : 0.6437    recall@30 : 0.7072    recall@50 : 0.8015    ndcg@1 : 0.2139    ndcg@2 : 0.2435    ndcg@3 : 0.2646    ndcg@4 : 0.2778    ndcg@5 : 0.2923    ndcg@10 : 0.3366    ndcg@20 : 0.3825    ndcg@30 : 0.3996    ndcg@50 : 0.4218    precision@1 : 0.2139    precision@2 : 0.1865    precision@3 : 0.1637    precision@4 : 0.1436    precision@5 : 0.131    precision@10 : 0.0935    precision@20 : 0.0638    precision@30 : 0.048    precision@50 : 0.0335    map@1 : 0.2139    map@2 : 0.2132    map@3 : 0.2186    map@4 : 0.2236    map@5 : 0.2305    map@10 : 0.2501    map@20 : 0.2657    map@30 : 0.2708    map@50 : 0.2759
Sun 15 Mar 2026 22:56:57 INFO  Running E-step ! 
Sun 15 Mar 2026 22:56:57 INFO  epoch 127 training [time: 0.16s, train_loss1: 2.3461, train_loss2: 0.0368, train_loss3: 0.0000, train_loss4: 0.0017]
Sun 15 Mar 2026 22:56:57 INFO  epoch 127 evaluating [time: 0.15s, valid_score: 0.336500]
Sun 15 Mar 2026 22:56:57 INFO  valid result: 
recall@1 : 0.1251    recall@2 : 0.2267    recall@3 : 0.2886    recall@4 : 0.3265    recall@5 : 0.366    recall@10 : 0.4893    recall@20 : 0.6442    recall@30 : 0.7091    recall@50 : 0.8017    ndcg@1 : 0.2128    ndcg@2 : 0.2437    ndcg@3 : 0.2645    ndcg@4 : 0.2773    ndcg@5 : 0.292    ndcg@10 : 0.3365    ndcg@20 : 0.3824    ndcg@30 : 0.3998    ndcg@50 : 0.4216    precision@1 : 0.2128    precision@2 : 0.1871    precision@3 : 0.1639    precision@4 : 0.1436    precision@5 : 0.131    precision@10 : 0.0936    precision@20 : 0.0638    precision@30 : 0.0482    precision@50 : 0.0335    map@1 : 0.2128    map@2 : 0.2131    map@3 : 0.2183    map@4 : 0.2231    map@5 : 0.2301    map@10 : 0.2497    map@20 : 0.2654    map@30 : 0.2706    map@50 : 0.2756
Sun 15 Mar 2026 22:56:57 INFO  Running E-step ! 
Sun 15 Mar 2026 22:56:57 INFO  epoch 128 training [time: 0.18s, train_loss1: 2.3677, train_loss2: 0.0367, train_loss3: 0.0000, train_loss4: 0.0017]
Sun 15 Mar 2026 22:56:57 INFO  epoch 128 evaluating [time: 0.15s, valid_score: 0.337300]
Sun 15 Mar 2026 22:56:57 INFO  valid result: 
recall@1 : 0.1262    recall@2 : 0.2279    recall@3 : 0.2893    recall@4 : 0.3275    recall@5 : 0.3666    recall@10 : 0.4895    recall@20 : 0.6445    recall@30 : 0.7102    recall@50 : 0.8016    ndcg@1 : 0.2133    ndcg@2 : 0.2448    ndcg@3 : 0.2654    ndcg@4 : 0.2783    ndcg@5 : 0.293    ndcg@10 : 0.3373    ndcg@20 : 0.3832    ndcg@30 : 0.4007    ndcg@50 : 0.4223    precision@1 : 0.2133    precision@2 : 0.188    precision@3 : 0.1643    precision@4 : 0.1439    precision@5 : 0.1313    precision@10 : 0.0937    precision@20 : 0.0639    precision@30 : 0.0483    precision@50 : 0.0335    map@1 : 0.2133    map@2 : 0.2142    map@3 : 0.2194    map@4 : 0.2243    map@5 : 0.2313    map@10 : 0.2508    map@20 : 0.2664    map@30 : 0.2716    map@50 : 0.2766
Sun 15 Mar 2026 22:56:57 INFO  Saving current: saved/SCL-Mar-15-2026_22-56-11.pth
Sun 15 Mar 2026 22:56:57 INFO  Saving current best: saved/SCL-Mar-15-2026_22-56-11.pth
Sun 15 Mar 2026 22:56:57 INFO  Running E-step ! 
Sun 15 Mar 2026 22:56:58 INFO  epoch 129 training [time: 0.19s, train_loss1: 2.3075, train_loss2: 0.0366, train_loss3: 0.0000, train_loss4: 0.0017]
Sun 15 Mar 2026 22:56:58 INFO  epoch 129 evaluating [time: 0.15s, valid_score: 0.337400]
Sun 15 Mar 2026 22:56:58 INFO  valid result: 
recall@1 : 0.1253    recall@2 : 0.2285    recall@3 : 0.2894    recall@4 : 0.328    recall@5 : 0.3675    recall@10 : 0.4909    recall@20 : 0.6452    recall@30 : 0.7115    recall@50 : 0.8018    ndcg@1 : 0.2122    ndcg@2 : 0.2446    ndcg@3 : 0.2653    ndcg@4 : 0.2783    ndcg@5 : 0.2931    ndcg@10 : 0.3374    ndcg@20 : 0.3831    ndcg@30 : 0.4008    ndcg@50 : 0.4222    precision@1 : 0.2122    precision@2 : 0.188    precision@3 : 0.1645    precision@4 : 0.1441    precision@5 : 0.1316    precision@10 : 0.0938    precision@20 : 0.0639    precision@30 : 0.0483    precision@50 : 0.0335    map@1 : 0.2122    map@2 : 0.2138    map@3 : 0.219    map@4 : 0.224    map@5 : 0.2312    map@10 : 0.2506    map@20 : 0.2662    map@30 : 0.2714    map@50 : 0.2764
Sun 15 Mar 2026 22:56:58 INFO  Saving current: saved/SCL-Mar-15-2026_22-56-11.pth
Sun 15 Mar 2026 22:56:58 INFO  Saving current best: saved/SCL-Mar-15-2026_22-56-11.pth
Sun 15 Mar 2026 22:56:58 INFO  Running E-step ! 
Sun 15 Mar 2026 22:56:58 INFO  epoch 130 training [time: 0.18s, train_loss1: 2.3307, train_loss2: 0.0365, train_loss3: 0.0000, train_loss4: 0.0017]
Sun 15 Mar 2026 22:56:58 INFO  epoch 130 evaluating [time: 0.15s, valid_score: 0.337200]
Sun 15 Mar 2026 22:56:58 INFO  valid result: 
recall@1 : 0.1244    recall@2 : 0.228    recall@3 : 0.2884    recall@4 : 0.3282    recall@5 : 0.3681    recall@10 : 0.4918    recall@20 : 0.6452    recall@30 : 0.7115    recall@50 : 0.8027    ndcg@1 : 0.2116    ndcg@2 : 0.2436    ndcg@3 : 0.2643    ndcg@4 : 0.2778    ndcg@5 : 0.2929    ndcg@10 : 0.3372    ndcg@20 : 0.3827    ndcg@30 : 0.4004    ndcg@50 : 0.4219    precision@1 : 0.2116    precision@2 : 0.1871    precision@3 : 0.1639    precision@4 : 0.1439    precision@5 : 0.1319    precision@10 : 0.0939    precision@20 : 0.0639    precision@30 : 0.0483    precision@50 : 0.0336    map@1 : 0.2116    map@2 : 0.2126    map@3 : 0.2181    map@4 : 0.2232    map@5 : 0.2307    map@10 : 0.2501    map@20 : 0.2656    map@30 : 0.2708    map@50 : 0.2758
Sun 15 Mar 2026 22:56:58 INFO  Running E-step ! 
Sun 15 Mar 2026 22:56:58 INFO  epoch 131 training [time: 0.19s, train_loss1: 2.3387, train_loss2: 0.0365, train_loss3: 0.0000, train_loss4: 0.0017]
Sun 15 Mar 2026 22:56:58 INFO  epoch 131 evaluating [time: 0.15s, valid_score: 0.337700]
Sun 15 Mar 2026 22:56:58 INFO  valid result: 
recall@1 : 0.1245    recall@2 : 0.2278    recall@3 : 0.2887    recall@4 : 0.3281    recall@5 : 0.3689    recall@10 : 0.4927    recall@20 : 0.6453    recall@30 : 0.7107    recall@50 : 0.8025    ndcg@1 : 0.2122    ndcg@2 : 0.2437    ndcg@3 : 0.2645    ndcg@4 : 0.2779    ndcg@5 : 0.2934    ndcg@10 : 0.3377    ndcg@20 : 0.3828    ndcg@30 : 0.4003    ndcg@50 : 0.422    precision@1 : 0.2122    precision@2 : 0.1871    precision@3 : 0.1641    precision@4 : 0.1439    precision@5 : 0.1324    precision@10 : 0.0942    precision@20 : 0.0639    precision@30 : 0.0482    precision@50 : 0.0335    map@1 : 0.2122    map@2 : 0.2126    map@3 : 0.2184    map@4 : 0.2233    map@5 : 0.2309    map@10 : 0.2504    map@20 : 0.2657    map@30 : 0.2709    map@50 : 0.2759
Sun 15 Mar 2026 22:56:58 INFO  Saving current: saved/SCL-Mar-15-2026_22-56-11.pth
Sun 15 Mar 2026 22:56:58 INFO  Saving current best: saved/SCL-Mar-15-2026_22-56-11.pth
Sun 15 Mar 2026 22:56:58 INFO  Running E-step ! 
Sun 15 Mar 2026 22:56:59 INFO  epoch 132 training [time: 0.19s, train_loss1: 2.3127, train_loss2: 0.0364, train_loss3: 0.0000, train_loss4: 0.0016]
Sun 15 Mar 2026 22:56:59 INFO  epoch 132 evaluating [time: 0.15s, valid_score: 0.337500]
Sun 15 Mar 2026 22:56:59 INFO  valid result: 
recall@1 : 0.1231    recall@2 : 0.2286    recall@3 : 0.2894    recall@4 : 0.3277    recall@5 : 0.3687    recall@10 : 0.4933    recall@20 : 0.6437    recall@30 : 0.7099    recall@50 : 0.8023    ndcg@1 : 0.2104    ndcg@2 : 0.244    ndcg@3 : 0.2645    ndcg@4 : 0.2775    ndcg@5 : 0.293    ndcg@10 : 0.3375    ndcg@20 : 0.3822    ndcg@30 : 0.3999    ndcg@50 : 0.4217    precision@1 : 0.2104    precision@2 : 0.188    precision@3 : 0.1643    precision@4 : 0.1441    precision@5 : 0.1324    precision@10 : 0.0943    precision@20 : 0.0638    precision@30 : 0.0482    precision@50 : 0.0336    map@1 : 0.2104    map@2 : 0.2126    map@3 : 0.2181    map@4 : 0.223    map@5 : 0.2305    map@10 : 0.25    map@20 : 0.2652    map@30 : 0.2705    map@50 : 0.2756
Sun 15 Mar 2026 22:56:59 INFO  Running E-step ! 
Sun 15 Mar 2026 22:56:59 INFO  epoch 133 training [time: 0.19s, train_loss1: 2.3108, train_loss2: 0.0363, train_loss3: 0.0000, train_loss4: 0.0016]
Sun 15 Mar 2026 22:56:59 INFO  epoch 133 evaluating [time: 0.15s, valid_score: 0.338200]
Sun 15 Mar 2026 22:56:59 INFO  valid result: 
recall@1 : 0.1233    recall@2 : 0.2274    recall@3 : 0.2899    recall@4 : 0.3262    recall@5 : 0.3691    recall@10 : 0.4951    recall@20 : 0.6432    recall@30 : 0.7109    recall@50 : 0.8029    ndcg@1 : 0.211    ndcg@2 : 0.2434    ndcg@3 : 0.2648    ndcg@4 : 0.2767    ndcg@5 : 0.2932    ndcg@10 : 0.3382    ndcg@20 : 0.3821    ndcg@30 : 0.4001    ndcg@50 : 0.4218    precision@1 : 0.211    precision@2 : 0.1874    precision@3 : 0.1647    precision@4 : 0.1435    precision@5 : 0.1328    precision@10 : 0.0946    precision@20 : 0.0638    precision@30 : 0.0483    precision@50 : 0.0336    map@1 : 0.211    map@2 : 0.212    map@3 : 0.218    map@4 : 0.2224    map@5 : 0.2304    map@10 : 0.2502    map@20 : 0.2651    map@30 : 0.2705    map@50 : 0.2755
Sun 15 Mar 2026 22:56:59 INFO  Saving current: saved/SCL-Mar-15-2026_22-56-11.pth
Sun 15 Mar 2026 22:56:59 INFO  Saving current best: saved/SCL-Mar-15-2026_22-56-11.pth
Sun 15 Mar 2026 22:56:59 INFO  Running E-step ! 
Sun 15 Mar 2026 22:56:59 INFO  epoch 134 training [time: 0.17s, train_loss1: 2.2824, train_loss2: 0.0362, train_loss3: 0.0000, train_loss4: 0.0017]
Sun 15 Mar 2026 22:56:59 INFO  epoch 134 evaluating [time: 0.15s, valid_score: 0.339400]
Sun 15 Mar 2026 22:56:59 INFO  valid result: 
recall@1 : 0.124    recall@2 : 0.2267    recall@3 : 0.29    recall@4 : 0.3262    recall@5 : 0.3684    recall@10 : 0.4987    recall@20 : 0.6429    recall@30 : 0.7109    recall@50 : 0.8041    ndcg@1 : 0.2122    ndcg@2 : 0.2431    ndcg@3 : 0.2648    ndcg@4 : 0.277    ndcg@5 : 0.2931    ndcg@10 : 0.3394    ndcg@20 : 0.3823    ndcg@30 : 0.4004    ndcg@50 : 0.4223    precision@1 : 0.2122    precision@2 : 0.1868    precision@3 : 0.1643    precision@4 : 0.1438    precision@5 : 0.1328    precision@10 : 0.0951    precision@20 : 0.0638    precision@30 : 0.0483    precision@50 : 0.0336    map@1 : 0.2122    map@2 : 0.212    map@3 : 0.2182    map@4 : 0.2227    map@5 : 0.2305    map@10 : 0.2507    map@20 : 0.2654    map@30 : 0.2708    map@50 : 0.2758
Sun 15 Mar 2026 22:56:59 INFO  Saving current: saved/SCL-Mar-15-2026_22-56-11.pth
Sun 15 Mar 2026 22:56:59 INFO  Saving current best: saved/SCL-Mar-15-2026_22-56-11.pth
Sun 15 Mar 2026 22:56:59 INFO  Running E-step ! 
Sun 15 Mar 2026 22:57:00 INFO  epoch 135 training [time: 0.18s, train_loss1: 2.3060, train_loss2: 0.0362, train_loss3: 0.0000, train_loss4: 0.0017]
Sun 15 Mar 2026 22:57:00 INFO  epoch 135 evaluating [time: 0.15s, valid_score: 0.339800]
Sun 15 Mar 2026 22:57:00 INFO  valid result: 
recall@1 : 0.1248    recall@2 : 0.2255    recall@3 : 0.2907    recall@4 : 0.3264    recall@5 : 0.3688    recall@10 : 0.4991    recall@20 : 0.6429    recall@30 : 0.7123    recall@50 : 0.8042    ndcg@1 : 0.2133    ndcg@2 : 0.2431    ndcg@3 : 0.2655    ndcg@4 : 0.2774    ndcg@5 : 0.2937    ndcg@10 : 0.3398    ndcg@20 : 0.3826    ndcg@30 : 0.4011    ndcg@50 : 0.4227    precision@1 : 0.2133    precision@2 : 0.1871    precision@3 : 0.1647    precision@4 : 0.1439    precision@5 : 0.133    precision@10 : 0.0951    precision@20 : 0.0638    precision@30 : 0.0484    precision@50 : 0.0336    map@1 : 0.2133    map@2 : 0.2122    map@3 : 0.2187    map@4 : 0.223    map@5 : 0.2309    map@10 : 0.2511    map@20 : 0.2658    map@30 : 0.2712    map@50 : 0.2762
Sun 15 Mar 2026 22:57:00 INFO  Saving current: saved/SCL-Mar-15-2026_22-56-11.pth
Sun 15 Mar 2026 22:57:00 INFO  Saving current best: saved/SCL-Mar-15-2026_22-56-11.pth
Sun 15 Mar 2026 22:57:00 INFO  Running E-step ! 
Sun 15 Mar 2026 22:57:00 INFO  epoch 136 training [time: 0.17s, train_loss1: 2.2962, train_loss2: 0.0361, train_loss3: 0.0000, train_loss4: 0.0017]
Sun 15 Mar 2026 22:57:00 INFO  epoch 136 evaluating [time: 0.15s, valid_score: 0.340400]
Sun 15 Mar 2026 22:57:00 INFO  valid result: 
recall@1 : 0.1252    recall@2 : 0.2265    recall@3 : 0.289    recall@4 : 0.3264    recall@5 : 0.3684    recall@10 : 0.5003    recall@20 : 0.6424    recall@30 : 0.7125    recall@50 : 0.8035    ndcg@1 : 0.2133    ndcg@2 : 0.244    ndcg@3 : 0.2648    ndcg@4 : 0.2776    ndcg@5 : 0.2937    ndcg@10 : 0.3404    ndcg@20 : 0.3828    ndcg@30 : 0.4014    ndcg@50 : 0.4229    precision@1 : 0.2133    precision@2 : 0.1877    precision@3 : 0.1639    precision@4 : 0.1439    precision@5 : 0.1331    precision@10 : 0.0952    precision@20 : 0.0638    precision@30 : 0.0484    precision@50 : 0.0336    map@1 : 0.2133    map@2 : 0.2129    map@3 : 0.2186    map@4 : 0.2233    map@5 : 0.2312    map@10 : 0.2515    map@20 : 0.2661    map@30 : 0.2716    map@50 : 0.2766
Sun 15 Mar 2026 22:57:00 INFO  Saving current: saved/SCL-Mar-15-2026_22-56-11.pth
Sun 15 Mar 2026 22:57:00 INFO  Saving current best: saved/SCL-Mar-15-2026_22-56-11.pth
Sun 15 Mar 2026 22:57:00 INFO  Running E-step ! 
Sun 15 Mar 2026 22:57:00 INFO  epoch 137 training [time: 0.17s, train_loss1: 2.2686, train_loss2: 0.0360, train_loss3: 0.0000, train_loss4: 0.0016]
Sun 15 Mar 2026 22:57:00 INFO  epoch 137 evaluating [time: 0.15s, valid_score: 0.340300]
Sun 15 Mar 2026 22:57:00 INFO  valid result: 
recall@1 : 0.1255    recall@2 : 0.2267    recall@3 : 0.2883    recall@4 : 0.3265    recall@5 : 0.3684    recall@10 : 0.4995    recall@20 : 0.6415    recall@30 : 0.712    recall@50 : 0.8046    ndcg@1 : 0.2139    ndcg@2 : 0.2443    ndcg@3 : 0.2644    ndcg@4 : 0.2779    ndcg@5 : 0.2938    ndcg@10 : 0.3403    ndcg@20 : 0.3828    ndcg@30 : 0.4014    ndcg@50 : 0.4233    precision@1 : 0.2139    precision@2 : 0.188    precision@3 : 0.1631    precision@4 : 0.1444    precision@5 : 0.1331    precision@10 : 0.0951    precision@20 : 0.0637    precision@30 : 0.0484    precision@50 : 0.0337    map@1 : 0.2139    map@2 : 0.2133    map@3 : 0.2182    map@4 : 0.2237    map@5 : 0.2312    map@10 : 0.2516    map@20 : 0.2663    map@30 : 0.2718    map@50 : 0.2768
Sun 15 Mar 2026 22:57:00 INFO  Running E-step ! 
Sun 15 Mar 2026 22:57:01 INFO  epoch 138 training [time: 0.18s, train_loss1: 2.2895, train_loss2: 0.0359, train_loss3: 0.0000, train_loss4: 0.0017]
Sun 15 Mar 2026 22:57:01 INFO  epoch 138 evaluating [time: 0.15s, valid_score: 0.341600]
Sun 15 Mar 2026 22:57:01 INFO  valid result: 
recall@1 : 0.1265    recall@2 : 0.227    recall@3 : 0.2877    recall@4 : 0.3277    recall@5 : 0.3686    recall@10 : 0.5017    recall@20 : 0.6414    recall@30 : 0.7117    recall@50 : 0.8039    ndcg@1 : 0.2151    ndcg@2 : 0.2449    ndcg@3 : 0.2646    ndcg@4 : 0.2789    ndcg@5 : 0.2944    ndcg@10 : 0.3416    ndcg@20 : 0.3834    ndcg@30 : 0.402    ndcg@50 : 0.4237    precision@1 : 0.2151    precision@2 : 0.1883    precision@3 : 0.1633    precision@4 : 0.145    precision@5 : 0.1331    precision@10 : 0.0955    precision@20 : 0.0638    precision@30 : 0.0484    precision@50 : 0.0336    map@1 : 0.2151    map@2 : 0.2138    map@3 : 0.2188    map@4 : 0.2246    map@5 : 0.2318    map@10 : 0.2526    map@20 : 0.267    map@30 : 0.2725    map@50 : 0.2775
Sun 15 Mar 2026 22:57:01 INFO  Saving current: saved/SCL-Mar-15-2026_22-56-11.pth
Sun 15 Mar 2026 22:57:01 INFO  Saving current best: saved/SCL-Mar-15-2026_22-56-11.pth
Sun 15 Mar 2026 22:57:01 INFO  Running E-step ! 
Sun 15 Mar 2026 22:57:01 INFO  epoch 139 training [time: 0.17s, train_loss1: 2.2428, train_loss2: 0.0359, train_loss3: 0.0000, train_loss4: 0.0016]
Sun 15 Mar 2026 22:57:01 INFO  epoch 139 evaluating [time: 0.15s, valid_score: 0.341900]
Sun 15 Mar 2026 22:57:01 INFO  valid result: 
recall@1 : 0.1272    recall@2 : 0.2263    recall@3 : 0.2864    recall@4 : 0.3278    recall@5 : 0.3687    recall@10 : 0.5023    recall@20 : 0.6409    recall@30 : 0.711    recall@50 : 0.8041    ndcg@1 : 0.2151    ndcg@2 : 0.2444    ndcg@3 : 0.264    ndcg@4 : 0.2789    ndcg@5 : 0.2944    ndcg@10 : 0.3419    ndcg@20 : 0.3834    ndcg@30 : 0.402    ndcg@50 : 0.4239    precision@1 : 0.2151    precision@2 : 0.1877    precision@3 : 0.1629    precision@4 : 0.145    precision@5 : 0.1333    precision@10 : 0.0958    precision@20 : 0.0638    precision@30 : 0.0484    precision@50 : 0.0336    map@1 : 0.2151    map@2 : 0.2135    map@3 : 0.2186    map@4 : 0.2247    map@5 : 0.232    map@10 : 0.253    map@20 : 0.2673    map@30 : 0.2728    map@50 : 0.2778
Sun 15 Mar 2026 22:57:01 INFO  Saving current: saved/SCL-Mar-15-2026_22-56-11.pth
Sun 15 Mar 2026 22:57:01 INFO  Saving current best: saved/SCL-Mar-15-2026_22-56-11.pth
Sun 15 Mar 2026 22:57:01 INFO  Running E-step ! 
Sun 15 Mar 2026 22:57:01 INFO  epoch 140 training [time: 0.19s, train_loss1: 2.2685, train_loss2: 0.0358, train_loss3: 0.0000, train_loss4: 0.0016]
Sun 15 Mar 2026 22:57:02 INFO  epoch 140 evaluating [time: 0.15s, valid_score: 0.342400]
Sun 15 Mar 2026 22:57:02 INFO  valid result: 
recall@1 : 0.1282    recall@2 : 0.2263    recall@3 : 0.2873    recall@4 : 0.3278    recall@5 : 0.368    recall@10 : 0.5026    recall@20 : 0.6418    recall@30 : 0.7116    recall@50 : 0.804    ndcg@1 : 0.2163    ndcg@2 : 0.2448    ndcg@3 : 0.265    ndcg@4 : 0.2795    ndcg@5 : 0.2947    ndcg@10 : 0.3424    ndcg@20 : 0.3841    ndcg@30 : 0.4026    ndcg@50 : 0.4244    precision@1 : 0.2163    precision@2 : 0.1877    precision@3 : 0.1635    precision@4 : 0.1451    precision@5 : 0.1331    precision@10 : 0.0957    precision@20 : 0.0639    precision@30 : 0.0484    precision@50 : 0.0336    map@1 : 0.2163    map@2 : 0.2141    map@3 : 0.2196    map@4 : 0.2254    map@5 : 0.2325    map@10 : 0.2536    map@20 : 0.268    map@30 : 0.2734    map@50 : 0.2785
Sun 15 Mar 2026 22:57:02 INFO  Saving current: saved/SCL-Mar-15-2026_22-56-11.pth
Sun 15 Mar 2026 22:57:02 INFO  Saving current best: saved/SCL-Mar-15-2026_22-56-11.pth
Sun 15 Mar 2026 22:57:02 INFO  Running E-step ! 
Sun 15 Mar 2026 22:57:02 INFO  epoch 141 training [time: 0.18s, train_loss1: 2.2429, train_loss2: 0.0357, train_loss3: 0.0000, train_loss4: 0.0016]
Sun 15 Mar 2026 22:57:02 INFO  epoch 141 evaluating [time: 0.15s, valid_score: 0.342200]
Sun 15 Mar 2026 22:57:02 INFO  valid result: 
recall@1 : 0.1272    recall@2 : 0.2262    recall@3 : 0.2874    recall@4 : 0.3279    recall@5 : 0.368    recall@10 : 0.503    recall@20 : 0.6422    recall@30 : 0.7119    recall@50 : 0.8039    ndcg@1 : 0.2145    ndcg@2 : 0.2447    ndcg@3 : 0.2646    ndcg@4 : 0.2792    ndcg@5 : 0.2943    ndcg@10 : 0.3422    ndcg@20 : 0.3839    ndcg@30 : 0.4023    ndcg@50 : 0.424    precision@1 : 0.2145    precision@2 : 0.1883    precision@3 : 0.1635    precision@4 : 0.1453    precision@5 : 0.133    precision@10 : 0.0958    precision@20 : 0.064    precision@30 : 0.0484    precision@50 : 0.0336    map@1 : 0.2145    map@2 : 0.2136    map@3 : 0.2192    map@4 : 0.225    map@5 : 0.2322    map@10 : 0.2532    map@20 : 0.2677    map@30 : 0.2731    map@50 : 0.2781
Sun 15 Mar 2026 22:57:02 INFO  Running E-step ! 
Sun 15 Mar 2026 22:57:02 INFO  epoch 142 training [time: 0.17s, train_loss1: 2.2395, train_loss2: 0.0357, train_loss3: 0.0000, train_loss4: 0.0017]
Sun 15 Mar 2026 22:57:02 INFO  epoch 142 evaluating [time: 0.15s, valid_score: 0.343000]
Sun 15 Mar 2026 22:57:02 INFO  valid result: 
recall@1 : 0.1283    recall@2 : 0.2268    recall@3 : 0.2878    recall@4 : 0.327    recall@5 : 0.369    recall@10 : 0.504    recall@20 : 0.641    recall@30 : 0.7114    recall@50 : 0.8049    ndcg@1 : 0.2151    ndcg@2 : 0.2454    ndcg@3 : 0.2653    ndcg@4 : 0.2792    ndcg@5 : 0.2952    ndcg@10 : 0.343    ndcg@20 : 0.3842    ndcg@30 : 0.4028    ndcg@50 : 0.4248    precision@1 : 0.2151    precision@2 : 0.1886    precision@3 : 0.1639    precision@4 : 0.145    precision@5 : 0.1335    precision@10 : 0.0959    precision@20 : 0.0639    precision@30 : 0.0485    precision@50 : 0.0337    map@1 : 0.2151    map@2 : 0.2144    map@3 : 0.2199    map@4 : 0.2255    map@5 : 0.2331    map@10 : 0.2541    map@20 : 0.2684    map@30 : 0.2738    map@50 : 0.2789
Sun 15 Mar 2026 22:57:02 INFO  Saving current: saved/SCL-Mar-15-2026_22-56-11.pth
Sun 15 Mar 2026 22:57:02 INFO  Saving current best: saved/SCL-Mar-15-2026_22-56-11.pth
Sun 15 Mar 2026 22:57:02 INFO  Running E-step ! 
Sun 15 Mar 2026 22:57:02 INFO  epoch 143 training [time: 0.18s, train_loss1: 2.2386, train_loss2: 0.0356, train_loss3: 0.0000, train_loss4: 0.0016]
Sun 15 Mar 2026 22:57:03 INFO  epoch 143 evaluating [time: 0.15s, valid_score: 0.344100]
Sun 15 Mar 2026 22:57:03 INFO  valid result: 
recall@1 : 0.1299    recall@2 : 0.2264    recall@3 : 0.2893    recall@4 : 0.3266    recall@5 : 0.3691    recall@10 : 0.5052    recall@20 : 0.6426    recall@30 : 0.7118    recall@50 : 0.8048    ndcg@1 : 0.2175    ndcg@2 : 0.2462    ndcg@3 : 0.2666    ndcg@4 : 0.2798    ndcg@5 : 0.296    ndcg@10 : 0.3441    ndcg@20 : 0.3853    ndcg@30 : 0.4037    ndcg@50 : 0.4256    precision@1 : 0.2175    precision@2 : 0.1889    precision@3 : 0.1641    precision@4 : 0.1448    precision@5 : 0.1335    precision@10 : 0.0961    precision@20 : 0.064    precision@30 : 0.0485    precision@50 : 0.0337    map@1 : 0.2175    map@2 : 0.2154    map@3 : 0.2211    map@4 : 0.2264    map@5 : 0.2341    map@10 : 0.2551    map@20 : 0.2694    map@30 : 0.2748    map@50 : 0.2798
Sun 15 Mar 2026 22:57:03 INFO  Saving current: saved/SCL-Mar-15-2026_22-56-11.pth
Sun 15 Mar 2026 22:57:03 INFO  Saving current best: saved/SCL-Mar-15-2026_22-56-11.pth
Sun 15 Mar 2026 22:57:03 INFO  Running E-step ! 
Sun 15 Mar 2026 22:57:03 INFO  epoch 144 training [time: 0.16s, train_loss1: 2.2150, train_loss2: 0.0355, train_loss3: 0.0000, train_loss4: 0.0017]
Sun 15 Mar 2026 22:57:03 INFO  epoch 144 evaluating [time: 0.15s, valid_score: 0.344700]
Sun 15 Mar 2026 22:57:03 INFO  valid result: 
recall@1 : 0.1303    recall@2 : 0.2261    recall@3 : 0.29    recall@4 : 0.3281    recall@5 : 0.3703    recall@10 : 0.5062    recall@20 : 0.642    recall@30 : 0.7125    recall@50 : 0.8037    ndcg@1 : 0.2169    ndcg@2 : 0.246    ndcg@3 : 0.267    ndcg@4 : 0.2807    ndcg@5 : 0.2965    ndcg@10 : 0.3447    ndcg@20 : 0.3855    ndcg@30 : 0.4041    ndcg@50 : 0.4256    precision@1 : 0.2169    precision@2 : 0.1886    precision@3 : 0.1645    precision@4 : 0.1457    precision@5 : 0.1336    precision@10 : 0.0963    precision@20 : 0.064    precision@30 : 0.0485    precision@50 : 0.0337    map@1 : 0.2169    map@2 : 0.2154    map@3 : 0.2215    map@4 : 0.2272    map@5 : 0.2346    map@10 : 0.2557    map@20 : 0.2698    map@30 : 0.2753    map@50 : 0.2803
Sun 15 Mar 2026 22:57:03 INFO  Saving current: saved/SCL-Mar-15-2026_22-56-11.pth
Sun 15 Mar 2026 22:57:03 INFO  Saving current best: saved/SCL-Mar-15-2026_22-56-11.pth
Sun 15 Mar 2026 22:57:03 INFO  Running E-step ! 
Sun 15 Mar 2026 22:57:03 INFO  epoch 145 training [time: 0.19s, train_loss1: 2.2658, train_loss2: 0.0355, train_loss3: 0.0000, train_loss4: 0.0016]
Sun 15 Mar 2026 22:57:03 INFO  epoch 145 evaluating [time: 0.15s, valid_score: 0.344600]
Sun 15 Mar 2026 22:57:03 INFO  valid result: 
recall@1 : 0.1299    recall@2 : 0.2258    recall@3 : 0.2891    recall@4 : 0.3283    recall@5 : 0.3683    recall@10 : 0.5064    recall@20 : 0.6425    recall@30 : 0.7117    recall@50 : 0.8037    ndcg@1 : 0.2169    ndcg@2 : 0.2456    ndcg@3 : 0.2666    ndcg@4 : 0.2806    ndcg@5 : 0.2956    ndcg@10 : 0.3446    ndcg@20 : 0.3854    ndcg@30 : 0.4038    ndcg@50 : 0.4255    precision@1 : 0.2169    precision@2 : 0.1883    precision@3 : 0.1645    precision@4 : 0.1459    precision@5 : 0.1333    precision@10 : 0.0964    precision@20 : 0.064    precision@30 : 0.0485    precision@50 : 0.0337    map@1 : 0.2169    map@2 : 0.2151    map@3 : 0.2211    map@4 : 0.2269    map@5 : 0.2339    map@10 : 0.2555    map@20 : 0.2696    map@30 : 0.275    map@50 : 0.28
Sun 15 Mar 2026 22:57:03 INFO  Running E-step ! 
Sun 15 Mar 2026 22:57:03 INFO  epoch 146 training [time: 0.16s, train_loss1: 2.2169, train_loss2: 0.0354, train_loss3: 0.0000, train_loss4: 0.0017]
Sun 15 Mar 2026 22:57:04 INFO  epoch 146 evaluating [time: 0.15s, valid_score: 0.344900]
Sun 15 Mar 2026 22:57:04 INFO  valid result: 
recall@1 : 0.1305    recall@2 : 0.2257    recall@3 : 0.2888    recall@4 : 0.3294    recall@5 : 0.368    recall@10 : 0.5065    recall@20 : 0.6425    recall@30 : 0.7137    recall@50 : 0.8039    ndcg@1 : 0.2175    ndcg@2 : 0.2459    ndcg@3 : 0.2663    ndcg@4 : 0.2813    ndcg@5 : 0.2957    ndcg@10 : 0.3449    ndcg@20 : 0.3857    ndcg@30 : 0.4045    ndcg@50 : 0.4259    precision@1 : 0.2175    precision@2 : 0.1883    precision@3 : 0.1639    precision@4 : 0.1463    precision@5 : 0.1334    precision@10 : 0.0964    precision@20 : 0.064    precision@30 : 0.0485    precision@50 : 0.0337    map@1 : 0.2175    map@2 : 0.2154    map@3 : 0.2211    map@4 : 0.2275    map@5 : 0.2343    map@10 : 0.2558    map@20 : 0.27    map@30 : 0.2755    map@50 : 0.2805
Sun 15 Mar 2026 22:57:04 INFO  Saving current: saved/SCL-Mar-15-2026_22-56-11.pth
Sun 15 Mar 2026 22:57:04 INFO  Saving current best: saved/SCL-Mar-15-2026_22-56-11.pth
Sun 15 Mar 2026 22:57:04 INFO  Running E-step ! 
Sun 15 Mar 2026 22:57:04 INFO  epoch 147 training [time: 0.18s, train_loss1: 2.2214, train_loss2: 0.0353, train_loss3: 0.0000, train_loss4: 0.0017]
Sun 15 Mar 2026 22:57:04 INFO  epoch 147 evaluating [time: 0.15s, valid_score: 0.345900]
Sun 15 Mar 2026 22:57:04 INFO  valid result: 
recall@1 : 0.1317    recall@2 : 0.2259    recall@3 : 0.2895    recall@4 : 0.3297    recall@5 : 0.3692    recall@10 : 0.5077    recall@20 : 0.6428    recall@30 : 0.7138    recall@50 : 0.8043    ndcg@1 : 0.2187    ndcg@2 : 0.2465    ndcg@3 : 0.2673    ndcg@4 : 0.2819    ndcg@5 : 0.2968    ndcg@10 : 0.3459    ndcg@20 : 0.3865    ndcg@30 : 0.4052    ndcg@50 : 0.4266    precision@1 : 0.2187    precision@2 : 0.1886    precision@3 : 0.1643    precision@4 : 0.1463    precision@5 : 0.1337    precision@10 : 0.0965    precision@20 : 0.0641    precision@30 : 0.0485    precision@50 : 0.0337    map@1 : 0.2187    map@2 : 0.2162    map@3 : 0.2221    map@4 : 0.2281    map@5 : 0.2353    map@10 : 0.2567    map@20 : 0.2708    map@30 : 0.2763    map@50 : 0.2813
Sun 15 Mar 2026 22:57:04 INFO  Saving current: saved/SCL-Mar-15-2026_22-56-11.pth
Sun 15 Mar 2026 22:57:04 INFO  Saving current best: saved/SCL-Mar-15-2026_22-56-11.pth
Sun 15 Mar 2026 22:57:04 INFO  Running E-step ! 
Sun 15 Mar 2026 22:57:04 INFO  epoch 148 training [time: 0.18s, train_loss1: 2.2365, train_loss2: 0.0352, train_loss3: 0.0000, train_loss4: 0.0017]
Sun 15 Mar 2026 22:57:04 INFO  epoch 148 evaluating [time: 0.15s, valid_score: 0.346200]
Sun 15 Mar 2026 22:57:04 INFO  valid result: 
recall@1 : 0.1316    recall@2 : 0.2271    recall@3 : 0.2887    recall@4 : 0.3298    recall@5 : 0.3698    recall@10 : 0.5085    recall@20 : 0.6429    recall@30 : 0.7143    recall@50 : 0.8044    ndcg@1 : 0.2181    ndcg@2 : 0.2471    ndcg@3 : 0.267    ndcg@4 : 0.282    ndcg@5 : 0.2971    ndcg@10 : 0.3462    ndcg@20 : 0.3866    ndcg@30 : 0.4054    ndcg@50 : 0.4268    precision@1 : 0.2181    precision@2 : 0.1892    precision@3 : 0.1641    precision@4 : 0.1465    precision@5 : 0.1338    precision@10 : 0.0967    precision@20 : 0.064    precision@30 : 0.0486    precision@50 : 0.0337    map@1 : 0.2181    map@2 : 0.2166    map@3 : 0.2219    map@4 : 0.2283    map@5 : 0.2355    map@10 : 0.257    map@20 : 0.271    map@30 : 0.2765    map@50 : 0.2815
Sun 15 Mar 2026 22:57:04 INFO  Saving current: saved/SCL-Mar-15-2026_22-56-11.pth
Sun 15 Mar 2026 22:57:04 INFO  Saving current best: saved/SCL-Mar-15-2026_22-56-11.pth
Sun 15 Mar 2026 22:57:04 INFO  Running E-step ! 
Sun 15 Mar 2026 22:57:04 INFO  epoch 149 training [time: 0.19s, train_loss1: 2.2159, train_loss2: 0.0352, train_loss3: 0.0000, train_loss4: 0.0016]
Sun 15 Mar 2026 22:57:05 INFO  epoch 149 evaluating [time: 0.15s, valid_score: 0.346200]
Sun 15 Mar 2026 22:57:05 INFO  valid result: 
recall@1 : 0.1313    recall@2 : 0.2272    recall@3 : 0.2885    recall@4 : 0.3288    recall@5 : 0.3708    recall@10 : 0.5088    recall@20 : 0.6426    recall@30 : 0.7149    recall@50 : 0.8047    ndcg@1 : 0.2175    ndcg@2 : 0.247    ndcg@3 : 0.2668    ndcg@4 : 0.2813    ndcg@5 : 0.2973    ndcg@10 : 0.3462    ndcg@20 : 0.3864    ndcg@30 : 0.4054    ndcg@50 : 0.4268    precision@1 : 0.2175    precision@2 : 0.1892    precision@3 : 0.1641    precision@4 : 0.1457    precision@5 : 0.1342    precision@10 : 0.0967    precision@20 : 0.064    precision@30 : 0.0486    precision@50 : 0.0337    map@1 : 0.2175    map@2 : 0.2165    map@3 : 0.2219    map@4 : 0.2277    map@5 : 0.2355    map@10 : 0.2568    map@20 : 0.2708    map@30 : 0.2764    map@50 : 0.2814
Sun 15 Mar 2026 22:57:05 INFO  Saving current: saved/SCL-Mar-15-2026_22-56-11.pth
Sun 15 Mar 2026 22:57:05 INFO  Saving current best: saved/SCL-Mar-15-2026_22-56-11.pth
Sun 15 Mar 2026 22:57:05 INFO  Running E-step ! 
Sun 15 Mar 2026 22:57:05 INFO  epoch 150 training [time: 0.18s, train_loss1: 2.2141, train_loss2: 0.0351, train_loss3: 0.0000, train_loss4: 0.0016]
Sun 15 Mar 2026 22:57:05 INFO  epoch 150 evaluating [time: 0.15s, valid_score: 0.347200]
Sun 15 Mar 2026 22:57:05 INFO  valid result: 
recall@1 : 0.1319    recall@2 : 0.228    recall@3 : 0.2879    recall@4 : 0.3294    recall@5 : 0.3705    recall@10 : 0.5101    recall@20 : 0.6442    recall@30 : 0.7145    recall@50 : 0.8062    ndcg@1 : 0.2193    ndcg@2 : 0.248    ndcg@3 : 0.267    ndcg@4 : 0.2819    ndcg@5 : 0.2977    ndcg@10 : 0.3472    ndcg@20 : 0.3874    ndcg@30 : 0.4058    ndcg@50 : 0.4276    precision@1 : 0.2193    precision@2 : 0.1898    precision@3 : 0.1641    precision@4 : 0.1459    precision@5 : 0.1342    precision@10 : 0.0971    precision@20 : 0.0642    precision@30 : 0.0485    precision@50 : 0.0338    map@1 : 0.2193    map@2 : 0.2174    map@3 : 0.2221    map@4 : 0.2283    map@5 : 0.2359    map@10 : 0.2575    map@20 : 0.2715    map@30 : 0.2769    map@50 : 0.282
Sun 15 Mar 2026 22:57:05 INFO  Saving current: saved/SCL-Mar-15-2026_22-56-11.pth
Sun 15 Mar 2026 22:57:05 INFO  Saving current best: saved/SCL-Mar-15-2026_22-56-11.pth
Sun 15 Mar 2026 22:57:05 INFO  Running E-step ! 
Sun 15 Mar 2026 22:57:05 INFO  epoch 151 training [time: 0.19s, train_loss1: 2.2020, train_loss2: 0.0350, train_loss3: 0.0000, train_loss4: 0.0016]
Sun 15 Mar 2026 22:57:05 INFO  epoch 151 evaluating [time: 0.15s, valid_score: 0.347500]
Sun 15 Mar 2026 22:57:05 INFO  valid result: 
recall@1 : 0.1319    recall@2 : 0.2298    recall@3 : 0.2881    recall@4 : 0.331    recall@5 : 0.37    recall@10 : 0.5102    recall@20 : 0.6446    recall@30 : 0.7161    recall@50 : 0.8058    ndcg@1 : 0.2193    ndcg@2 : 0.2492    ndcg@3 : 0.2674    ndcg@4 : 0.283    ndcg@5 : 0.2977    ndcg@10 : 0.3475    ndcg@20 : 0.3879    ndcg@30 : 0.4066    ndcg@50 : 0.4278    precision@1 : 0.2193    precision@2 : 0.191    precision@3 : 0.1643    precision@4 : 0.1465    precision@5 : 0.134    precision@10 : 0.0972    precision@20 : 0.0643    precision@30 : 0.0487    precision@50 : 0.0338    map@1 : 0.2193    map@2 : 0.2183    map@3 : 0.2225    map@4 : 0.2292    map@5 : 0.2361    map@10 : 0.258    map@20 : 0.272    map@30 : 0.2774    map@50 : 0.2824
Sun 15 Mar 2026 22:57:05 INFO  Saving current: saved/SCL-Mar-15-2026_22-56-11.pth
Sun 15 Mar 2026 22:57:05 INFO  Saving current best: saved/SCL-Mar-15-2026_22-56-11.pth
Sun 15 Mar 2026 22:57:05 INFO  Running E-step ! 
Sun 15 Mar 2026 22:57:05 INFO  epoch 152 training [time: 0.19s, train_loss1: 2.1595, train_loss2: 0.0349, train_loss3: 0.0000, train_loss4: 0.0016]
Sun 15 Mar 2026 22:57:06 INFO  epoch 152 evaluating [time: 0.15s, valid_score: 0.347700]
Sun 15 Mar 2026 22:57:06 INFO  valid result: 
recall@1 : 0.1323    recall@2 : 0.2298    recall@3 : 0.2892    recall@4 : 0.331    recall@5 : 0.3688    recall@10 : 0.5103    recall@20 : 0.6454    recall@30 : 0.7166    recall@50 : 0.8064    ndcg@1 : 0.2193    ndcg@2 : 0.2493    ndcg@3 : 0.2678    ndcg@4 : 0.2831    ndcg@5 : 0.2974    ndcg@10 : 0.3477    ndcg@20 : 0.3883    ndcg@30 : 0.407    ndcg@50 : 0.4282    precision@1 : 0.2193    precision@2 : 0.191    precision@3 : 0.1643    precision@4 : 0.1465    precision@5 : 0.1337    precision@10 : 0.0971    precision@20 : 0.0643    precision@30 : 0.0487    precision@50 : 0.0337    map@1 : 0.2193    map@2 : 0.2184    map@3 : 0.223    map@4 : 0.2294    map@5 : 0.2362    map@10 : 0.2582    map@20 : 0.2723    map@30 : 0.2778    map@50 : 0.2827
Sun 15 Mar 2026 22:57:06 INFO  Saving current: saved/SCL-Mar-15-2026_22-56-11.pth
Sun 15 Mar 2026 22:57:06 INFO  Saving current best: saved/SCL-Mar-15-2026_22-56-11.pth
Sun 15 Mar 2026 22:57:06 INFO  Running E-step ! 
Sun 15 Mar 2026 22:57:06 INFO  epoch 153 training [time: 0.19s, train_loss1: 2.1997, train_loss2: 0.0349, train_loss3: 0.0000, train_loss4: 0.0016]
Sun 15 Mar 2026 22:57:06 INFO  epoch 153 evaluating [time: 0.15s, valid_score: 0.347200]
Sun 15 Mar 2026 22:57:06 INFO  valid result: 
recall@1 : 0.1317    recall@2 : 0.2306    recall@3 : 0.2904    recall@4 : 0.3304    recall@5 : 0.3686    recall@10 : 0.5084    recall@20 : 0.6452    recall@30 : 0.7176    recall@50 : 0.8057    ndcg@1 : 0.2187    ndcg@2 : 0.2497    ndcg@3 : 0.2684    ndcg@4 : 0.2829    ndcg@5 : 0.2974    ndcg@10 : 0.3472    ndcg@20 : 0.3883    ndcg@30 : 0.4073    ndcg@50 : 0.4281    precision@1 : 0.2187    precision@2 : 0.1916    precision@3 : 0.1649    precision@4 : 0.1463    precision@5 : 0.1338    precision@10 : 0.097    precision@20 : 0.0644    precision@30 : 0.0488    precision@50 : 0.0337    map@1 : 0.2187    map@2 : 0.2186    map@3 : 0.2231    map@4 : 0.2292    map@5 : 0.2361    map@10 : 0.258    map@20 : 0.2723    map@30 : 0.2778    map@50 : 0.2827
Sun 15 Mar 2026 22:57:06 INFO  Running E-step ! 
Sun 15 Mar 2026 22:57:06 INFO  epoch 154 training [time: 0.17s, train_loss1: 2.1738, train_loss2: 0.0348, train_loss3: 0.0000, train_loss4: 0.0016]
Sun 15 Mar 2026 22:57:06 INFO  epoch 154 evaluating [time: 0.15s, valid_score: 0.347900]
Sun 15 Mar 2026 22:57:06 INFO  valid result: 
recall@1 : 0.132    recall@2 : 0.231    recall@3 : 0.2899    recall@4 : 0.3299    recall@5 : 0.3685    recall@10 : 0.5101    recall@20 : 0.6458    recall@30 : 0.7179    recall@50 : 0.8066    ndcg@1 : 0.2199    ndcg@2 : 0.2501    ndcg@3 : 0.2683    ndcg@4 : 0.2829    ndcg@5 : 0.2977    ndcg@10 : 0.3479    ndcg@20 : 0.3887    ndcg@30 : 0.4075    ndcg@50 : 0.4285    precision@1 : 0.2199    precision@2 : 0.1916    precision@3 : 0.1647    precision@4 : 0.1463    precision@5 : 0.1341    precision@10 : 0.0971    precision@20 : 0.0645    precision@30 : 0.0487    precision@50 : 0.0338    map@1 : 0.2199    map@2 : 0.2189    map@3 : 0.223    map@4 : 0.2293    map@5 : 0.2361    map@10 : 0.2583    map@20 : 0.2726    map@30 : 0.278    map@50 : 0.2829
Sun 15 Mar 2026 22:57:06 INFO  Saving current: saved/SCL-Mar-15-2026_22-56-11.pth
Sun 15 Mar 2026 22:57:06 INFO  Saving current best: saved/SCL-Mar-15-2026_22-56-11.pth
Sun 15 Mar 2026 22:57:06 INFO  Running E-step ! 
Sun 15 Mar 2026 22:57:07 INFO  epoch 155 training [time: 0.19s, train_loss1: 2.1771, train_loss2: 0.0347, train_loss3: 0.0000, train_loss4: 0.0016]
Sun 15 Mar 2026 22:57:07 INFO  epoch 155 evaluating [time: 0.15s, valid_score: 0.348600]
Sun 15 Mar 2026 22:57:07 INFO  valid result: 
recall@1 : 0.1333    recall@2 : 0.2316    recall@3 : 0.2907    recall@4 : 0.3312    recall@5 : 0.369    recall@10 : 0.5102    recall@20 : 0.6473    recall@30 : 0.7186    recall@50 : 0.8075    ndcg@1 : 0.2211    ndcg@2 : 0.2509    ndcg@3 : 0.2694    ndcg@4 : 0.2843    ndcg@5 : 0.2985    ndcg@10 : 0.3486    ndcg@20 : 0.3898    ndcg@30 : 0.4085    ndcg@50 : 0.4294    precision@1 : 0.2211    precision@2 : 0.1919    precision@3 : 0.1653    precision@4 : 0.1471    precision@5 : 0.1342    precision@10 : 0.0971    precision@20 : 0.0645    precision@30 : 0.0488    precision@50 : 0.0338    map@1 : 0.2211    map@2 : 0.2198    map@3 : 0.224    map@4 : 0.2304    map@5 : 0.2371    map@10 : 0.2592    map@20 : 0.2736    map@30 : 0.279    map@50 : 0.2839
Sun 15 Mar 2026 22:57:07 INFO  Saving current: saved/SCL-Mar-15-2026_22-56-11.pth
Sun 15 Mar 2026 22:57:07 INFO  Saving current best: saved/SCL-Mar-15-2026_22-56-11.pth
Sun 15 Mar 2026 22:57:07 INFO  Running E-step ! 
Sun 15 Mar 2026 22:57:07 INFO  epoch 156 training [time: 0.18s, train_loss1: 2.1690, train_loss2: 0.0347, train_loss3: 0.0000, train_loss4: 0.0016]
Sun 15 Mar 2026 22:57:07 INFO  epoch 156 evaluating [time: 0.15s, valid_score: 0.348700]
Sun 15 Mar 2026 22:57:07 INFO  valid result: 
recall@1 : 0.1327    recall@2 : 0.2324    recall@3 : 0.2907    recall@4 : 0.3316    recall@5 : 0.3693    recall@10 : 0.5106    recall@20 : 0.6481    recall@30 : 0.7198    recall@50 : 0.8068    ndcg@1 : 0.2205    ndcg@2 : 0.2513    ndcg@3 : 0.2693    ndcg@4 : 0.2843    ndcg@5 : 0.2985    ndcg@10 : 0.3487    ndcg@20 : 0.39    ndcg@30 : 0.4087    ndcg@50 : 0.4293    precision@1 : 0.2205    precision@2 : 0.1925    precision@3 : 0.1653    precision@4 : 0.1472    precision@5 : 0.1342    precision@10 : 0.0972    precision@20 : 0.0646    precision@30 : 0.0489    precision@50 : 0.0338    map@1 : 0.2205    map@2 : 0.2201    map@3 : 0.2239    map@4 : 0.2304    map@5 : 0.2371    map@10 : 0.2592    map@20 : 0.2736    map@30 : 0.279    map@50 : 0.2839
Sun 15 Mar 2026 22:57:07 INFO  Saving current: saved/SCL-Mar-15-2026_22-56-11.pth
Sun 15 Mar 2026 22:57:07 INFO  Saving current best: saved/SCL-Mar-15-2026_22-56-11.pth
Sun 15 Mar 2026 22:57:07 INFO  Running E-step ! 
Sun 15 Mar 2026 22:57:07 INFO  epoch 157 training [time: 0.18s, train_loss1: 2.1824, train_loss2: 0.0346, train_loss3: 0.0000, train_loss4: 0.0016]
Sun 15 Mar 2026 22:57:07 INFO  epoch 157 evaluating [time: 0.15s, valid_score: 0.348000]
Sun 15 Mar 2026 22:57:07 INFO  valid result: 
recall@1 : 0.1309    recall@2 : 0.232    recall@3 : 0.291    recall@4 : 0.3313    recall@5 : 0.3685    recall@10 : 0.5107    recall@20 : 0.6473    recall@30 : 0.7208    recall@50 : 0.8061    ndcg@1 : 0.2187    ndcg@2 : 0.2502    ndcg@3 : 0.2687    ndcg@4 : 0.2836    ndcg@5 : 0.2975    ndcg@10 : 0.348    ndcg@20 : 0.389    ndcg@30 : 0.4082    ndcg@50 : 0.4285    precision@1 : 0.2187    precision@2 : 0.1919    precision@3 : 0.1655    precision@4 : 0.1475    precision@5 : 0.1341    precision@10 : 0.0972    precision@20 : 0.0645    precision@30 : 0.0489    precision@50 : 0.0338    map@1 : 0.2187    map@2 : 0.2189    map@3 : 0.2231    map@4 : 0.2296    map@5 : 0.236    map@10 : 0.2583    map@20 : 0.2726    map@30 : 0.2782    map@50 : 0.2829
Sun 15 Mar 2026 22:57:07 INFO  Running E-step ! 
Sun 15 Mar 2026 22:57:08 INFO  epoch 158 training [time: 0.18s, train_loss1: 2.1539, train_loss2: 0.0345, train_loss3: 0.0000, train_loss4: 0.0016]
Sun 15 Mar 2026 22:57:08 INFO  epoch 158 evaluating [time: 0.15s, valid_score: 0.347700]
Sun 15 Mar 2026 22:57:08 INFO  valid result: 
recall@1 : 0.1303    recall@2 : 0.2318    recall@3 : 0.2909    recall@4 : 0.3317    recall@5 : 0.3677    recall@10 : 0.5105    recall@20 : 0.6475    recall@30 : 0.7209    recall@50 : 0.8065    ndcg@1 : 0.2181    ndcg@2 : 0.2504    ndcg@3 : 0.2685    ndcg@4 : 0.2838    ndcg@5 : 0.2971    ndcg@10 : 0.3477    ndcg@20 : 0.389    ndcg@30 : 0.4081    ndcg@50 : 0.4284    precision@1 : 0.2181    precision@2 : 0.1928    precision@3 : 0.1655    precision@4 : 0.1481    precision@5 : 0.134    precision@10 : 0.0971    precision@20 : 0.0646    precision@30 : 0.049    precision@50 : 0.0338    map@1 : 0.2181    map@2 : 0.2187    map@3 : 0.2227    map@4 : 0.2296    map@5 : 0.2356    map@10 : 0.2578    map@20 : 0.2724    map@30 : 0.2779    map@50 : 0.2827
Sun 15 Mar 2026 22:57:08 INFO  Running E-step ! 
Sun 15 Mar 2026 22:57:08 INFO  epoch 159 training [time: 0.18s, train_loss1: 2.1547, train_loss2: 0.0344, train_loss3: 0.0000, train_loss4: 0.0017]
Sun 15 Mar 2026 22:57:08 INFO  epoch 159 evaluating [time: 0.15s, valid_score: 0.347900]
Sun 15 Mar 2026 22:57:08 INFO  valid result: 
recall@1 : 0.1315    recall@2 : 0.2305    recall@3 : 0.29    recall@4 : 0.3332    recall@5 : 0.3671    recall@10 : 0.5105    recall@20 : 0.6482    recall@30 : 0.7219    recall@50 : 0.8073    ndcg@1 : 0.2193    ndcg@2 : 0.2498    ndcg@3 : 0.2681    ndcg@4 : 0.2847    ndcg@5 : 0.2971    ndcg@10 : 0.3479    ndcg@20 : 0.3894    ndcg@30 : 0.4087    ndcg@50 : 0.4289    precision@1 : 0.2193    precision@2 : 0.1919    precision@3 : 0.1649    precision@4 : 0.1487    precision@5 : 0.1338    precision@10 : 0.0971    precision@20 : 0.0647    precision@30 : 0.0491    precision@50 : 0.0338    map@1 : 0.2193    map@2 : 0.2186    map@3 : 0.2227    map@4 : 0.2302    map@5 : 0.2358    map@10 : 0.2582    map@20 : 0.2728    map@30 : 0.2784    map@50 : 0.2831
Sun 15 Mar 2026 22:57:08 INFO  Running E-step ! 
Sun 15 Mar 2026 22:57:08 INFO  epoch 160 training [time: 0.19s, train_loss1: 2.1340, train_loss2: 0.0344, train_loss3: 0.0000, train_loss4: 0.0017]
Sun 15 Mar 2026 22:57:08 INFO  epoch 160 evaluating [time: 0.15s, valid_score: 0.348500]
Sun 15 Mar 2026 22:57:08 INFO  valid result: 
recall@1 : 0.1309    recall@2 : 0.2299    recall@3 : 0.2898    recall@4 : 0.3351    recall@5 : 0.3678    recall@10 : 0.5132    recall@20 : 0.6482    recall@30 : 0.722    recall@50 : 0.8075    ndcg@1 : 0.2187    ndcg@2 : 0.249    ndcg@3 : 0.2678    ndcg@4 : 0.2851    ndcg@5 : 0.2972    ndcg@10 : 0.3485    ndcg@20 : 0.3893    ndcg@30 : 0.4085    ndcg@50 : 0.4288    precision@1 : 0.2187    precision@2 : 0.1913    precision@3 : 0.1651    precision@4 : 0.1491    precision@5 : 0.1341    precision@10 : 0.0974    precision@20 : 0.0647    precision@30 : 0.0491    precision@50 : 0.0338    map@1 : 0.2187    map@2 : 0.2178    map@3 : 0.2223    map@4 : 0.2304    map@5 : 0.2357    map@10 : 0.2583    map@20 : 0.2727    map@30 : 0.2782    map@50 : 0.2829
Sun 15 Mar 2026 22:57:08 INFO  Running E-step ! 
Sun 15 Mar 2026 22:57:09 INFO  epoch 161 training [time: 0.19s, train_loss1: 2.1182, train_loss2: 0.0343, train_loss3: 0.0000, train_loss4: 0.0017]
Sun 15 Mar 2026 22:57:09 INFO  epoch 161 evaluating [time: 0.15s, valid_score: 0.348600]
Sun 15 Mar 2026 22:57:09 INFO  valid result: 
recall@1 : 0.1315    recall@2 : 0.2272    recall@3 : 0.2907    recall@4 : 0.3341    recall@5 : 0.3665    recall@10 : 0.5137    recall@20 : 0.6466    recall@30 : 0.722    recall@50 : 0.8082    ndcg@1 : 0.2205    ndcg@2 : 0.248    ndcg@3 : 0.2683    ndcg@4 : 0.2847    ndcg@5 : 0.2966    ndcg@10 : 0.3486    ndcg@20 : 0.3889    ndcg@30 : 0.4085    ndcg@50 : 0.4289    precision@1 : 0.2205    precision@2 : 0.1904    precision@3 : 0.1655    precision@4 : 0.1485    precision@5 : 0.1337    precision@10 : 0.0975    precision@20 : 0.0647    precision@30 : 0.0491    precision@50 : 0.0339    map@1 : 0.2205    map@2 : 0.2171    map@3 : 0.2225    map@4 : 0.23    map@5 : 0.2351    map@10 : 0.2581    map@20 : 0.2724    map@30 : 0.278    map@50 : 0.2827
Sun 15 Mar 2026 22:57:09 INFO  Running E-step ! 
Sun 15 Mar 2026 22:57:09 INFO  epoch 162 training [time: 0.20s, train_loss1: 2.1097, train_loss2: 0.0342, train_loss3: 0.0000, train_loss4: 0.0017]
Sun 15 Mar 2026 22:57:09 INFO  epoch 162 evaluating [time: 0.15s, valid_score: 0.348500]
Sun 15 Mar 2026 22:57:09 INFO  valid result: 
recall@1 : 0.131    recall@2 : 0.2276    recall@3 : 0.2896    recall@4 : 0.3338    recall@5 : 0.3669    recall@10 : 0.5137    recall@20 : 0.6461    recall@30 : 0.7225    recall@50 : 0.8083    ndcg@1 : 0.2205    ndcg@2 : 0.2481    ndcg@3 : 0.2678    ndcg@4 : 0.2843    ndcg@5 : 0.2966    ndcg@10 : 0.3485    ndcg@20 : 0.3887    ndcg@30 : 0.4086    ndcg@50 : 0.4288    precision@1 : 0.2205    precision@2 : 0.1907    precision@3 : 0.1653    precision@4 : 0.1484    precision@5 : 0.1338    precision@10 : 0.0975    precision@20 : 0.0647    precision@30 : 0.0492    precision@50 : 0.0339    map@1 : 0.2205    map@2 : 0.2172    map@3 : 0.2222    map@4 : 0.2297    map@5 : 0.235    map@10 : 0.2579    map@20 : 0.2722    map@30 : 0.2779    map@50 : 0.2826
Sun 15 Mar 2026 22:57:09 INFO  Running E-step ! 
Sun 15 Mar 2026 22:57:09 INFO  epoch 163 training [time: 0.17s, train_loss1: 2.1237, train_loss2: 0.0342, train_loss3: 0.0000, train_loss4: 0.0017]
Sun 15 Mar 2026 22:57:09 INFO  epoch 163 evaluating [time: 0.15s, valid_score: 0.347900]
Sun 15 Mar 2026 22:57:09 INFO  valid result: 
recall@1 : 0.1293    recall@2 : 0.2271    recall@3 : 0.2897    recall@4 : 0.3347    recall@5 : 0.367    recall@10 : 0.514    recall@20 : 0.6473    recall@30 : 0.7228    recall@50 : 0.8095    ndcg@1 : 0.2181    ndcg@2 : 0.2473    ndcg@3 : 0.2669    ndcg@4 : 0.284    ndcg@5 : 0.2959    ndcg@10 : 0.3479    ndcg@20 : 0.3883    ndcg@30 : 0.408    ndcg@50 : 0.4284    precision@1 : 0.2181    precision@2 : 0.1907    precision@3 : 0.1649    precision@4 : 0.1487    precision@5 : 0.1338    precision@10 : 0.0976    precision@20 : 0.0647    precision@30 : 0.0492    precision@50 : 0.0339    map@1 : 0.2181    map@2 : 0.2162    map@3 : 0.2211    map@4 : 0.229    map@5 : 0.2341    map@10 : 0.257    map@20 : 0.2714    map@30 : 0.2771    map@50 : 0.2818
Sun 15 Mar 2026 22:57:09 INFO  Running E-step ! 
Sun 15 Mar 2026 22:57:10 INFO  epoch 164 training [time: 0.18s, train_loss1: 2.1520, train_loss2: 0.0341, train_loss3: 0.0000, train_loss4: 0.0017]
Sun 15 Mar 2026 22:57:10 INFO  epoch 164 evaluating [time: 0.15s, valid_score: 0.347200]
Sun 15 Mar 2026 22:57:10 INFO  valid result: 
recall@1 : 0.1293    recall@2 : 0.2256    recall@3 : 0.2894    recall@4 : 0.3337    recall@5 : 0.3667    recall@10 : 0.5125    recall@20 : 0.6471    recall@30 : 0.7237    recall@50 : 0.8101    ndcg@1 : 0.2181    ndcg@2 : 0.2462    ndcg@3 : 0.2665    ndcg@4 : 0.2834    ndcg@5 : 0.2955    ndcg@10 : 0.3472    ndcg@20 : 0.388    ndcg@30 : 0.4079    ndcg@50 : 0.4283    precision@1 : 0.2181    precision@2 : 0.1898    precision@3 : 0.1649    precision@4 : 0.1485    precision@5 : 0.1336    precision@10 : 0.0974    precision@20 : 0.0647    precision@30 : 0.0492    precision@50 : 0.034    map@1 : 0.2181    map@2 : 0.2151    map@3 : 0.2207    map@4 : 0.2284    map@5 : 0.2336    map@10 : 0.2565    map@20 : 0.271    map@30 : 0.2767    map@50 : 0.2815
Sun 15 Mar 2026 22:57:10 INFO  Running E-step ! 
Sun 15 Mar 2026 22:57:10 INFO  epoch 165 training [time: 0.16s, train_loss1: 2.1022, train_loss2: 0.0340, train_loss3: 0.0000, train_loss4: 0.0017]
Sun 15 Mar 2026 22:57:10 INFO  epoch 165 evaluating [time: 0.15s, valid_score: 0.347800]
Sun 15 Mar 2026 22:57:10 INFO  valid result: 
recall@1 : 0.1302    recall@2 : 0.2259    recall@3 : 0.29    recall@4 : 0.334    recall@5 : 0.3676    recall@10 : 0.5124    recall@20 : 0.648    recall@30 : 0.7238    recall@50 : 0.8102    ndcg@1 : 0.2193    ndcg@2 : 0.2471    ndcg@3 : 0.2674    ndcg@4 : 0.2842    ndcg@5 : 0.2964    ndcg@10 : 0.3478    ndcg@20 : 0.3888    ndcg@30 : 0.4085    ndcg@50 : 0.429    precision@1 : 0.2193    precision@2 : 0.1907    precision@3 : 0.1655    precision@4 : 0.149    precision@5 : 0.134    precision@10 : 0.0974    precision@20 : 0.0647    precision@30 : 0.0492    precision@50 : 0.034    map@1 : 0.2193    map@2 : 0.2159    map@3 : 0.2214    map@4 : 0.229    map@5 : 0.2345    map@10 : 0.2572    map@20 : 0.2718    map@30 : 0.2774    map@50 : 0.2822
Sun 15 Mar 2026 22:57:10 INFO  Running E-step ! 
Sun 15 Mar 2026 22:57:10 INFO  epoch 166 training [time: 0.18s, train_loss1: 2.0847, train_loss2: 0.0340, train_loss3: 0.0000, train_loss4: 0.0017]
Sun 15 Mar 2026 22:57:10 INFO  epoch 166 evaluating [time: 0.15s, valid_score: 0.347500]
Sun 15 Mar 2026 22:57:10 INFO  valid result: 
recall@1 : 0.1294    recall@2 : 0.226    recall@3 : 0.2898    recall@4 : 0.3335    recall@5 : 0.3663    recall@10 : 0.5128    recall@20 : 0.6479    recall@30 : 0.7233    recall@50 : 0.8103    ndcg@1 : 0.2181    ndcg@2 : 0.247    ndcg@3 : 0.2668    ndcg@4 : 0.2837    ndcg@5 : 0.2956    ndcg@10 : 0.3475    ndcg@20 : 0.3884    ndcg@30 : 0.4081    ndcg@50 : 0.4287    precision@1 : 0.2181    precision@2 : 0.1913    precision@3 : 0.1651    precision@4 : 0.1491    precision@5 : 0.1337    precision@10 : 0.0976    precision@20 : 0.0647    precision@30 : 0.0492    precision@50 : 0.034    map@1 : 0.2181    map@2 : 0.216    map@3 : 0.2208    map@4 : 0.2286    map@5 : 0.2338    map@10 : 0.2569    map@20 : 0.2714    map@30 : 0.2771    map@50 : 0.2818
Sun 15 Mar 2026 22:57:10 INFO  Running E-step ! 
Sun 15 Mar 2026 22:57:11 INFO  epoch 167 training [time: 0.19s, train_loss1: 2.0829, train_loss2: 0.0339, train_loss3: 0.0000, train_loss4: 0.0017]
Sun 15 Mar 2026 22:57:11 INFO  epoch 167 evaluating [time: 0.15s, valid_score: 0.347300]
Sun 15 Mar 2026 22:57:11 INFO  valid result: 
recall@1 : 0.1294    recall@2 : 0.2254    recall@3 : 0.2894    recall@4 : 0.3321    recall@5 : 0.3655    recall@10 : 0.5133    recall@20 : 0.6473    recall@30 : 0.7233    recall@50 : 0.8115    ndcg@1 : 0.2169    ndcg@2 : 0.2465    ndcg@3 : 0.2665    ndcg@4 : 0.2829    ndcg@5 : 0.2951    ndcg@10 : 0.3473    ndcg@20 : 0.3879    ndcg@30 : 0.4078    ndcg@50 : 0.4286    precision@1 : 0.2169    precision@2 : 0.191    precision@3 : 0.1651    precision@4 : 0.1487    precision@5 : 0.1337    precision@10 : 0.0976    precision@20 : 0.0646    precision@30 : 0.0492    precision@50 : 0.0341    map@1 : 0.2169    map@2 : 0.2156    map@3 : 0.2205    map@4 : 0.228    map@5 : 0.2334    map@10 : 0.2566    map@20 : 0.271    map@30 : 0.2768    map@50 : 0.2816
Sun 15 Mar 2026 22:57:11 INFO  Finished training, best eval result in epoch 156
Sun 15 Mar 2026 22:57:11 INFO  Loading model structure and parameters from saved/SCL-Mar-15-2026_22-56-11.pth
Sun 15 Mar 2026 22:57:11 INFO  best valid : OrderedDict([('recall@1', 0.1327), ('recall@2', 0.2324), ('recall@3', 0.2907), ('recall@4', 0.3316), ('recall@5', 0.3693), ('recall@10', 0.5106), ('recall@20', 0.6481), ('recall@30', 0.7198), ('recall@50', 0.8068), ('ndcg@1', 0.2205), ('ndcg@2', 0.2513), ('ndcg@3', 0.2693), ('ndcg@4', 0.2843), ('ndcg@5', 0.2985), ('ndcg@10', 0.3487), ('ndcg@20', 0.39), ('ndcg@30', 0.4087), ('ndcg@50', 0.4293), ('precision@1', 0.2205), ('precision@2', 0.1925), ('precision@3', 0.1653), ('precision@4', 0.1472), ('precision@5', 0.1342), ('precision@10', 0.0972), ('precision@20', 0.0646), ('precision@30', 0.0489), ('precision@50', 0.0338), ('map@1', 0.2205), ('map@2', 0.2201), ('map@3', 0.2239), ('map@4', 0.2304), ('map@5', 0.2371), ('map@10', 0.2592), ('map@20', 0.2736), ('map@30', 0.279), ('map@50', 0.2839)])
Sun 15 Mar 2026 22:57:11 INFO  test result: OrderedDict([('recall@1', 0.161), ('recall@2', 0.2605), ('recall@3', 0.3166), ('recall@4', 0.3639), ('recall@5', 0.3991), ('recall@10', 0.5247), ('recall@20', 0.6535), ('recall@30', 0.7244), ('recall@50', 0.8078), ('ndcg@1', 0.2691), ('ndcg@2', 0.2969), ('ndcg@3', 0.3107), ('ndcg@4', 0.3247), ('ndcg@5', 0.3353), ('ndcg@10', 0.3762), ('ndcg@20', 0.4131), ('ndcg@30', 0.4317), ('ndcg@50', 0.4511), ('precision@1', 0.2691), ('precision@2', 0.2256), ('precision@3', 0.1893), ('precision@4', 0.167), ('precision@5', 0.1484), ('precision@10', 0.1002), ('precision@20', 0.0641), ('precision@30', 0.0482), ('precision@50', 0.0328), ('map@1', 0.2691), ('map@2', 0.2687), ('map@3', 0.2693), ('map@4', 0.2736), ('map@5', 0.2769), ('map@10', 0.2927), ('map@20', 0.3048), ('map@30', 0.3101), ('map@50', 0.3144)])
Sun 15 Mar 2026 22:57:11 INFO  training time: 59.0880s
Sun 15 Mar 2026 22:57:11 INFO  result file: results/again2/scl_wo_semantic_seed2030.json
