Sun 15 Mar 2026 11:24:14 INFO  
General Hyper Parameters:
gpu_id = 0
use_gpu = True
seed = 2026
state = INFO
reproducibility = True
data_path = ./travel
checkpoint_dir = saved
show_progress = True
save_dataset = False
dataset_save_path = None
save_dataloaders = False
dataloaders_save_path = None
log_wandb = False

Training Hyper Parameters:
epochs = 1000
train_batch_size = 4096
learner = adam
learning_rate = 0.001
train_neg_sample_args = {'distribution': 'uniform', 'sample_num': 1, 'alpha': 1.0, 'dynamic': False, 'candidate_num': 0}
eval_step = 1
stopping_step = 20
clip_grad_norm = None
weight_decay = 0.0
loss_decimal_place = 4

Evaluation Hyper Parameters:
eval_args = {'split': {'RS': [0.8, 0.1, 0.1]}, 'order': 'RO', 'group_by': 'user', 'mode': {'valid': 'full', 'test': 'full'}}
repeatable = False
metrics = ['Recall', 'NDCG', 'Precision', 'MAP']
topk = [1, 2, 3, 4, 5, 10, 20, 30, 50]
valid_metric = NDCG@10
valid_metric_bigger = True
eval_batch_size = 4096
metric_decimal_place = 4

Dataset Hyper Parameters:
field_separator = 	
seq_separator =  
USER_ID_FIELD = user_id
ITEM_ID_FIELD = item_id
RATING_FIELD = rating
TIME_FIELD = timestamp
seq_len = None
LABEL_FIELD = label
threshold = None
NEG_PREFIX = neg_
load_col = {'inter': ['user_id', 'item_id', 'rating'], 'user': ['user_id', 'post_num', 'follower', 'following', 'timestamp']}
unload_col = None
unused_col = None
additional_feat_suffix = None
rm_dup_inter = None
val_interval = {'rating': '[0,inf)'}
filter_inter_by_user_or_item = True
user_inter_num_interval = [0,inf)
item_inter_num_interval = [0,inf)
alias_of_user_id = None
alias_of_item_id = None
alias_of_entity_id = None
alias_of_relation_id = None
preload_weight = None
normalize_field = None
normalize_all = None
ITEM_LIST_LENGTH_FIELD = item_length
LIST_SUFFIX = _list
MAX_ITEM_LIST_LENGTH = 50
POSITION_FIELD = position_id
HEAD_ENTITY_ID_FIELD = head_id
TAIL_ENTITY_ID_FIELD = tail_id
RELATION_ID_FIELD = relation_id
ENTITY_ID_FIELD = entity_id
benchmark_filename = None

Other Hyper Parameters: 
worker = 0
wandb_project = recbole
shuffle = True
require_pow = False
enable_amp = False
enable_scaler = False
transform = None
numerical_features = []
discretization = None
kg_reverse_r = False
entity_kg_num_interval = [0,inf)
relation_kg_num_interval = [0,inf)
MODEL_TYPE = ModelType.GENERAL
embedding_size = 64
n_layers = 3
reg_weight = 0.0001
ssl_temp = 0.1
ssl_reg = 1e-07
hyper_layers = 1
alpha = 1
proto_reg = 8e-08
num_clusters = 10
m_step = 1
warm_up_step = 20
user_feature_path = features/roberta_user.npy
item_feature_path = features/roberta_item.npy
MODEL_INPUT_TYPE = InputType.PAIRWISE
eval_type = EvaluatorType.RANKING
single_spec = True
local_rank = 0
device = cuda
valid_neg_sample_args = {'distribution': 'uniform', 'sample_num': 'none'}
test_neg_sample_args = {'distribution': 'uniform', 'sample_num': 'none'}


Sun 15 Mar 2026 11:24:15 INFO  travel
The number of users: 2010
Average actions of users: 18.721254355400696
The number of items: 247
Average actions of items: 152.890243902439
The number of inters: 37611
The sparsity of the dataset: 92.42431566862047%
Remain Fields: ['user_id', 'item_id', 'rating', 'post_num', 'follower', 'following', 'timestamp']
Sun 15 Mar 2026 11:24:15 INFO  [Training]: train_batch_size = [4096] train_neg_sample_args: [{'distribution': 'uniform', 'sample_num': 1, 'alpha': 1.0, 'dynamic': False, 'candidate_num': 0}]
Sun 15 Mar 2026 11:24:15 INFO  [Evaluation]: eval_batch_size = [4096] eval_args: [{'split': {'RS': [0.8, 0.1, 0.1]}, 'order': 'RO', 'group_by': 'user', 'mode': {'valid': 'full', 'test': 'full'}}]
Sun 15 Mar 2026 11:24:17 INFO  SCL(
  (u_MLP): Linear(in_features=1024, out_features=64, bias=True)
  (i_MLP): Linear(in_features=1024, out_features=64, bias=True)
  (user_embedding): Embedding(2010, 64)
  (item_embedding): Embedding(247, 64)
  (mf_loss): BPRLoss()
  (reg_loss): EmbLoss()
)
Trainable parameters: 275648
Sun 15 Mar 2026 11:24:17 INFO  trainable parameters: 275648
Sun 15 Mar 2026 11:24:17 INFO  Running E-step ! 
Sun 15 Mar 2026 11:24:18 INFO  epoch 0 training [time: 0.68s, train_loss1: 5.5430, train_loss2: 0.0188, train_loss3: 0.0117]
Sun 15 Mar 2026 11:24:18 INFO  epoch 0 evaluating [time: 0.32s, valid_score: 0.031000]
Sun 15 Mar 2026 11:24:18 INFO  valid result: 
recall@1 : 0.006    recall@2 : 0.0123    recall@3 : 0.019    recall@4 : 0.0225    recall@5 : 0.0269    recall@10 : 0.0563    recall@20 : 0.0982    recall@30 : 0.1404    recall@50 : 0.2326    ndcg@1 : 0.0131    ndcg@2 : 0.0151    ndcg@3 : 0.0182    ndcg@4 : 0.0195    ndcg@5 : 0.0211    ndcg@10 : 0.031    ndcg@20 : 0.0432    ndcg@30 : 0.0538    ndcg@50 : 0.0746    precision@1 : 0.0131    precision@2 : 0.0125    precision@3 : 0.0133    precision@4 : 0.0125    precision@5 : 0.0122    precision@10 : 0.0116    precision@20 : 0.0106    precision@30 : 0.01    precision@50 : 0.0102    map@1 : 0.0131    map@2 : 0.0125    map@3 : 0.0135    map@4 : 0.0137    map@5 : 0.0142    map@10 : 0.0175    map@20 : 0.0202    map@30 : 0.0221    map@50 : 0.0251
Sun 15 Mar 2026 11:24:18 INFO  Saving current: saved/SCL-Mar-15-2026_11-24-17.pth
Sun 15 Mar 2026 11:24:18 INFO  Saving current best: saved/SCL-Mar-15-2026_11-24-17.pth
Sun 15 Mar 2026 11:24:18 INFO  Running E-step ! 
Sun 15 Mar 2026 11:24:19 INFO  epoch 1 training [time: 0.18s, train_loss1: 5.5427, train_loss2: 0.0150, train_loss3: 0.0115]
Sun 15 Mar 2026 11:24:19 INFO  epoch 1 evaluating [time: 0.26s, valid_score: 0.031400]
Sun 15 Mar 2026 11:24:19 INFO  valid result: 
recall@1 : 0.0067    recall@2 : 0.0132    recall@3 : 0.0186    recall@4 : 0.0236    recall@5 : 0.0286    recall@10 : 0.0547    recall@20 : 0.1042    recall@30 : 0.1435    recall@50 : 0.2315    ndcg@1 : 0.0137    ndcg@2 : 0.0163    ndcg@3 : 0.0188    ndcg@4 : 0.0205    ndcg@5 : 0.0223    ndcg@10 : 0.0314    ndcg@20 : 0.0456    ndcg@30 : 0.0557    ndcg@50 : 0.0756    precision@1 : 0.0137    precision@2 : 0.0137    precision@3 : 0.0139    precision@4 : 0.0131    precision@5 : 0.0126    precision@10 : 0.0118    precision@20 : 0.0111    precision@30 : 0.0103    precision@50 : 0.0101    map@1 : 0.0137    map@2 : 0.0136    map@3 : 0.0141    map@4 : 0.0144    map@5 : 0.0151    map@10 : 0.0181    map@20 : 0.0214    map@30 : 0.0232    map@50 : 0.026
Sun 15 Mar 2026 11:24:19 INFO  Saving current: saved/SCL-Mar-15-2026_11-24-17.pth
Sun 15 Mar 2026 11:24:19 INFO  Saving current best: saved/SCL-Mar-15-2026_11-24-17.pth
Sun 15 Mar 2026 11:24:19 INFO  Running E-step ! 
Sun 15 Mar 2026 11:24:19 INFO  epoch 2 training [time: 0.21s, train_loss1: 5.5423, train_loss2: 0.0131, train_loss3: 0.0114]
Sun 15 Mar 2026 11:24:19 INFO  epoch 2 evaluating [time: 0.27s, valid_score: 0.032300]
Sun 15 Mar 2026 11:24:19 INFO  valid result: 
recall@1 : 0.0068    recall@2 : 0.0135    recall@3 : 0.0216    recall@4 : 0.0269    recall@5 : 0.0331    recall@10 : 0.0546    recall@20 : 0.1099    recall@30 : 0.1493    recall@50 : 0.2346    ndcg@1 : 0.0149    ndcg@2 : 0.0166    ndcg@3 : 0.0205    ndcg@4 : 0.0225    ndcg@5 : 0.0248    ndcg@10 : 0.0323    ndcg@20 : 0.0479    ndcg@30 : 0.0581    ndcg@50 : 0.0773    precision@1 : 0.0149    precision@2 : 0.0137    precision@3 : 0.0149    precision@4 : 0.0143    precision@5 : 0.0139    precision@10 : 0.0119    precision@20 : 0.0116    precision@30 : 0.0108    precision@50 : 0.0103    map@1 : 0.0149    map@2 : 0.0139    map@3 : 0.0152    map@4 : 0.0157    map@5 : 0.0166    map@10 : 0.0189    map@20 : 0.0225    map@30 : 0.0244    map@50 : 0.0271
Sun 15 Mar 2026 11:24:19 INFO  Saving current: saved/SCL-Mar-15-2026_11-24-17.pth
Sun 15 Mar 2026 11:24:19 INFO  Saving current best: saved/SCL-Mar-15-2026_11-24-17.pth
Sun 15 Mar 2026 11:24:19 INFO  Running E-step ! 
Sun 15 Mar 2026 11:24:20 INFO  epoch 3 training [time: 0.22s, train_loss1: 5.5417, train_loss2: 0.0114, train_loss3: 0.0112]
Sun 15 Mar 2026 11:24:20 INFO  epoch 3 evaluating [time: 0.26s, valid_score: 0.033400]
Sun 15 Mar 2026 11:24:20 INFO  valid result: 
recall@1 : 0.0077    recall@2 : 0.0156    recall@3 : 0.0232    recall@4 : 0.0286    recall@5 : 0.034    recall@10 : 0.0553    recall@20 : 0.1077    recall@30 : 0.1529    recall@50 : 0.2391    ndcg@1 : 0.0161    ndcg@2 : 0.0182    ndcg@3 : 0.0219    ndcg@4 : 0.0238    ndcg@5 : 0.0259    ndcg@10 : 0.0334    ndcg@20 : 0.0484    ndcg@30 : 0.0601    ndcg@50 : 0.0795    precision@1 : 0.0161    precision@2 : 0.0146    precision@3 : 0.0155    precision@4 : 0.0145    precision@5 : 0.0141    precision@10 : 0.012    precision@20 : 0.0114    precision@30 : 0.011    precision@50 : 0.0105    map@1 : 0.0161    map@2 : 0.0153    map@3 : 0.0166    map@4 : 0.017    map@5 : 0.0178    map@10 : 0.0201    map@20 : 0.0236    map@30 : 0.0257    map@50 : 0.0285
Sun 15 Mar 2026 11:24:20 INFO  Saving current: saved/SCL-Mar-15-2026_11-24-17.pth
Sun 15 Mar 2026 11:24:20 INFO  Saving current best: saved/SCL-Mar-15-2026_11-24-17.pth
Sun 15 Mar 2026 11:24:20 INFO  Running E-step ! 
Sun 15 Mar 2026 11:24:20 INFO  epoch 4 training [time: 0.19s, train_loss1: 5.5411, train_loss2: 0.0101, train_loss3: 0.0111]
Sun 15 Mar 2026 11:24:20 INFO  epoch 4 evaluating [time: 0.28s, valid_score: 0.036600]
Sun 15 Mar 2026 11:24:20 INFO  valid result: 
recall@1 : 0.0093    recall@2 : 0.0179    recall@3 : 0.0253    recall@4 : 0.0287    recall@5 : 0.0363    recall@10 : 0.0614    recall@20 : 0.1078    recall@30 : 0.1567    recall@50 : 0.2391    ndcg@1 : 0.0173    ndcg@2 : 0.0203    ndcg@3 : 0.0237    ndcg@4 : 0.0248    ndcg@5 : 0.0278    ndcg@10 : 0.0366    ndcg@20 : 0.0501    ndcg@30 : 0.0625    ndcg@50 : 0.0814    precision@1 : 0.0173    precision@2 : 0.0158    precision@3 : 0.0159    precision@4 : 0.0143    precision@5 : 0.0145    precision@10 : 0.013    precision@20 : 0.0116    precision@30 : 0.0112    precision@50 : 0.0107    map@1 : 0.0173    map@2 : 0.0171    map@3 : 0.0184    map@4 : 0.0184    map@5 : 0.0196    map@10 : 0.0223    map@20 : 0.0254    map@30 : 0.0277    map@50 : 0.0304
Sun 15 Mar 2026 11:24:20 INFO  Saving current: saved/SCL-Mar-15-2026_11-24-17.pth
Sun 15 Mar 2026 11:24:20 INFO  Saving current best: saved/SCL-Mar-15-2026_11-24-17.pth
Sun 15 Mar 2026 11:24:20 INFO  Running E-step ! 
Sun 15 Mar 2026 11:24:21 INFO  epoch 5 training [time: 0.20s, train_loss1: 5.5404, train_loss2: 0.0090, train_loss3: 0.0110]
Sun 15 Mar 2026 11:24:21 INFO  epoch 5 evaluating [time: 0.27s, valid_score: 0.037100]
Sun 15 Mar 2026 11:24:21 INFO  valid result: 
recall@1 : 0.009    recall@2 : 0.0198    recall@3 : 0.0267    recall@4 : 0.0312    recall@5 : 0.0358    recall@10 : 0.0614    recall@20 : 0.1123    recall@30 : 0.156    recall@50 : 0.2442    ndcg@1 : 0.0179    ndcg@2 : 0.0217    ndcg@3 : 0.0252    ndcg@4 : 0.0266    ndcg@5 : 0.0283    ndcg@10 : 0.0371    ndcg@20 : 0.0519    ndcg@30 : 0.0631    ndcg@50 : 0.0833    precision@1 : 0.0179    precision@2 : 0.017    precision@3 : 0.0173    precision@4 : 0.0155    precision@5 : 0.0145    precision@10 : 0.0132    precision@20 : 0.0121    precision@30 : 0.0114    precision@50 : 0.0109    map@1 : 0.0179    map@2 : 0.0182    map@3 : 0.0193    map@4 : 0.0195    map@5 : 0.0201    map@10 : 0.0226    map@20 : 0.0261    map@30 : 0.0282    map@50 : 0.0311
Sun 15 Mar 2026 11:24:21 INFO  Saving current: saved/SCL-Mar-15-2026_11-24-17.pth
Sun 15 Mar 2026 11:24:21 INFO  Saving current best: saved/SCL-Mar-15-2026_11-24-17.pth
Sun 15 Mar 2026 11:24:21 INFO  Running E-step ! 
Sun 15 Mar 2026 11:24:21 INFO  epoch 6 training [time: 0.21s, train_loss1: 5.5396, train_loss2: 0.0081, train_loss3: 0.0109]
Sun 15 Mar 2026 11:24:21 INFO  epoch 6 evaluating [time: 0.26s, valid_score: 0.039100]
Sun 15 Mar 2026 11:24:21 INFO  valid result: 
recall@1 : 0.0114    recall@2 : 0.02    recall@3 : 0.0272    recall@4 : 0.0334    recall@5 : 0.037    recall@10 : 0.0636    recall@20 : 0.1162    recall@30 : 0.1625    recall@50 : 0.2496    ndcg@1 : 0.0197    ndcg@2 : 0.0231    ndcg@3 : 0.0265    ndcg@4 : 0.0287    ndcg@5 : 0.0299    ndcg@10 : 0.0391    ndcg@20 : 0.0545    ndcg@30 : 0.0662    ndcg@50 : 0.0862    precision@1 : 0.0197    precision@2 : 0.0179    precision@3 : 0.0177    precision@4 : 0.0167    precision@5 : 0.0153    precision@10 : 0.0137    precision@20 : 0.0127    precision@30 : 0.0118    precision@50 : 0.0112    map@1 : 0.0197    map@2 : 0.0197    map@3 : 0.0207    map@4 : 0.0214    map@5 : 0.0216    map@10 : 0.0244    map@20 : 0.028    map@30 : 0.0302    map@50 : 0.0331
Sun 15 Mar 2026 11:24:21 INFO  Saving current: saved/SCL-Mar-15-2026_11-24-17.pth
Sun 15 Mar 2026 11:24:21 INFO  Saving current best: saved/SCL-Mar-15-2026_11-24-17.pth
Sun 15 Mar 2026 11:24:21 INFO  Running E-step ! 
Sun 15 Mar 2026 11:24:22 INFO  epoch 7 training [time: 0.22s, train_loss1: 5.5385, train_loss2: 0.0074, train_loss3: 0.0109]
Sun 15 Mar 2026 11:24:22 INFO  epoch 7 evaluating [time: 0.27s, valid_score: 0.040700]
Sun 15 Mar 2026 11:24:22 INFO  valid result: 
recall@1 : 0.0132    recall@2 : 0.0201    recall@3 : 0.0269    recall@4 : 0.0342    recall@5 : 0.0378    recall@10 : 0.0651    recall@20 : 0.1216    recall@30 : 0.1715    recall@50 : 0.2555    ndcg@1 : 0.0226    ndcg@2 : 0.0242    ndcg@3 : 0.0273    ndcg@4 : 0.03    ndcg@5 : 0.0314    ndcg@10 : 0.0407    ndcg@20 : 0.0572    ndcg@30 : 0.0701    ndcg@50 : 0.0891    precision@1 : 0.0226    precision@2 : 0.0179    precision@3 : 0.0179    precision@4 : 0.0173    precision@5 : 0.0161    precision@10 : 0.0141    precision@20 : 0.0133    precision@30 : 0.0126    precision@50 : 0.0115    map@1 : 0.0226    map@2 : 0.0212    map@3 : 0.0218    map@4 : 0.0226    map@5 : 0.0229    map@10 : 0.0258    map@20 : 0.0296    map@30 : 0.0321    map@50 : 0.0349
Sun 15 Mar 2026 11:24:22 INFO  Saving current: saved/SCL-Mar-15-2026_11-24-17.pth
Sun 15 Mar 2026 11:24:22 INFO  Saving current best: saved/SCL-Mar-15-2026_11-24-17.pth
Sun 15 Mar 2026 11:24:22 INFO  Running E-step ! 
Sun 15 Mar 2026 11:24:22 INFO  epoch 8 training [time: 0.18s, train_loss1: 5.5374, train_loss2: 0.0068, train_loss3: 0.0108]
Sun 15 Mar 2026 11:24:22 INFO  epoch 8 evaluating [time: 0.19s, valid_score: 0.044600]
Sun 15 Mar 2026 11:24:22 INFO  valid result: 
recall@1 : 0.0155    recall@2 : 0.0225    recall@3 : 0.0313    recall@4 : 0.0362    recall@5 : 0.0406    recall@10 : 0.0708    recall@20 : 0.1327    recall@30 : 0.1766    recall@50 : 0.262    ndcg@1 : 0.0238    ndcg@2 : 0.0273    ndcg@3 : 0.0306    ndcg@4 : 0.0324    ndcg@5 : 0.0342    ndcg@10 : 0.0446    ndcg@20 : 0.0627    ndcg@30 : 0.0741    ndcg@50 : 0.0937    precision@1 : 0.0238    precision@2 : 0.0206    precision@3 : 0.0195    precision@4 : 0.018    precision@5 : 0.017    precision@10 : 0.0151    precision@20 : 0.0143    precision@30 : 0.013    precision@50 : 0.0118    map@1 : 0.0238    map@2 : 0.0241    map@3 : 0.0248    map@4 : 0.025    map@5 : 0.0255    map@10 : 0.0287    map@20 : 0.033    map@30 : 0.0352    map@50 : 0.0381
Sun 15 Mar 2026 11:24:22 INFO  Saving current: saved/SCL-Mar-15-2026_11-24-17.pth
Sun 15 Mar 2026 11:24:22 INFO  Saving current best: saved/SCL-Mar-15-2026_11-24-17.pth
Sun 15 Mar 2026 11:24:22 INFO  Running E-step ! 
Sun 15 Mar 2026 11:24:22 INFO  epoch 9 training [time: 0.21s, train_loss1: 5.5360, train_loss2: 0.0063, train_loss3: 0.0107]
Sun 15 Mar 2026 11:24:23 INFO  epoch 9 evaluating [time: 0.27s, valid_score: 0.048900]
Sun 15 Mar 2026 11:24:23 INFO  valid result: 
recall@1 : 0.0166    recall@2 : 0.0252    recall@3 : 0.0324    recall@4 : 0.0392    recall@5 : 0.0436    recall@10 : 0.0782    recall@20 : 0.1424    recall@30 : 0.188    recall@50 : 0.2706    ndcg@1 : 0.0262    ndcg@2 : 0.03    ndcg@3 : 0.0323    ndcg@4 : 0.0354    ndcg@5 : 0.037    ndcg@10 : 0.0489    ndcg@20 : 0.0677    ndcg@30 : 0.0795    ndcg@50 : 0.0985    precision@1 : 0.0262    precision@2 : 0.0226    precision@3 : 0.0203    precision@4 : 0.0203    precision@5 : 0.0188    precision@10 : 0.0167    precision@20 : 0.0154    precision@30 : 0.0138    precision@50 : 0.0123    map@1 : 0.0262    map@2 : 0.0264    map@3 : 0.0263    map@4 : 0.027    map@5 : 0.0275    map@10 : 0.0312    map@20 : 0.0359    map@30 : 0.0381    map@50 : 0.041
Sun 15 Mar 2026 11:24:23 INFO  Saving current: saved/SCL-Mar-15-2026_11-24-17.pth
Sun 15 Mar 2026 11:24:23 INFO  Saving current best: saved/SCL-Mar-15-2026_11-24-17.pth
Sun 15 Mar 2026 11:24:23 INFO  Running E-step ! 
Sun 15 Mar 2026 11:24:23 INFO  epoch 10 training [time: 0.22s, train_loss1: 5.5342, train_loss2: 0.0060, train_loss3: 0.0106]
Sun 15 Mar 2026 11:24:23 INFO  epoch 10 evaluating [time: 0.28s, valid_score: 0.054100]
Sun 15 Mar 2026 11:24:23 INFO  valid result: 
recall@1 : 0.0169    recall@2 : 0.028    recall@3 : 0.0363    recall@4 : 0.0417    recall@5 : 0.0508    recall@10 : 0.0877    recall@20 : 0.1552    recall@30 : 0.1985    recall@50 : 0.2847    ndcg@1 : 0.0274    ndcg@2 : 0.0332    ndcg@3 : 0.0357    ndcg@4 : 0.0377    ndcg@5 : 0.0416    ndcg@10 : 0.0541    ndcg@20 : 0.0738    ndcg@30 : 0.0854    ndcg@50 : 0.1051    precision@1 : 0.0274    precision@2 : 0.0262    precision@3 : 0.0234    precision@4 : 0.0216    precision@5 : 0.0218    precision@10 : 0.0185    precision@20 : 0.0165    precision@30 : 0.0147    precision@50 : 0.0129    map@1 : 0.0274    map@2 : 0.0286    map@3 : 0.0286    map@4 : 0.0288    map@5 : 0.0303    map@10 : 0.0342    map@20 : 0.0392    map@30 : 0.0414    map@50 : 0.0445
Sun 15 Mar 2026 11:24:23 INFO  Saving current: saved/SCL-Mar-15-2026_11-24-17.pth
Sun 15 Mar 2026 11:24:23 INFO  Saving current best: saved/SCL-Mar-15-2026_11-24-17.pth
Sun 15 Mar 2026 11:24:23 INFO  Running E-step ! 
Sun 15 Mar 2026 11:24:23 INFO  epoch 11 training [time: 0.20s, train_loss1: 5.5322, train_loss2: 0.0058, train_loss3: 0.0106]
Sun 15 Mar 2026 11:24:24 INFO  epoch 11 evaluating [time: 0.27s, valid_score: 0.062700]
Sun 15 Mar 2026 11:24:24 INFO  valid result: 
recall@1 : 0.0182    recall@2 : 0.0303    recall@3 : 0.0402    recall@4 : 0.0493    recall@5 : 0.0582    recall@10 : 0.1041    recall@20 : 0.1654    recall@30 : 0.2125    recall@50 : 0.3033    ndcg@1 : 0.0322    ndcg@2 : 0.0366    ndcg@3 : 0.0396    ndcg@4 : 0.0434    ndcg@5 : 0.0471    ndcg@10 : 0.0627    ndcg@20 : 0.0808    ndcg@30 : 0.0931    ndcg@50 : 0.1139    precision@1 : 0.0322    precision@2 : 0.0292    precision@3 : 0.0262    precision@4 : 0.0256    precision@5 : 0.0251    precision@10 : 0.0216    precision@20 : 0.0178    precision@30 : 0.0157    precision@50 : 0.0137    map@1 : 0.0322    map@2 : 0.0314    map@3 : 0.0317    map@4 : 0.0325    map@5 : 0.0338    map@10 : 0.039    map@20 : 0.0434    map@30 : 0.0459    map@50 : 0.0491
Sun 15 Mar 2026 11:24:24 INFO  Saving current: saved/SCL-Mar-15-2026_11-24-17.pth
Sun 15 Mar 2026 11:24:24 INFO  Saving current best: saved/SCL-Mar-15-2026_11-24-17.pth
Sun 15 Mar 2026 11:24:24 INFO  Running E-step ! 
Sun 15 Mar 2026 11:24:24 INFO  epoch 12 training [time: 0.21s, train_loss1: 5.5296, train_loss2: 0.0058, train_loss3: 0.0105]
Sun 15 Mar 2026 11:24:24 INFO  epoch 12 evaluating [time: 0.26s, valid_score: 0.071500]
Sun 15 Mar 2026 11:24:24 INFO  valid result: 
recall@1 : 0.0209    recall@2 : 0.0365    recall@3 : 0.0501    recall@4 : 0.0607    recall@5 : 0.0703    recall@10 : 0.1138    recall@20 : 0.1784    recall@30 : 0.2357    recall@50 : 0.3244    ndcg@1 : 0.0375    ndcg@2 : 0.0441    ndcg@3 : 0.0486    ndcg@4 : 0.0523    ndcg@5 : 0.056    ndcg@10 : 0.0715    ndcg@20 : 0.0905    ndcg@30 : 0.1052    ndcg@50 : 0.1257    precision@1 : 0.0375    precision@2 : 0.0361    precision@3 : 0.0334    precision@4 : 0.0305    precision@5 : 0.0288    precision@10 : 0.0243    precision@20 : 0.0194    precision@30 : 0.0172    precision@50 : 0.0146    map@1 : 0.0375    map@2 : 0.0374    map@3 : 0.0383    map@4 : 0.0392    map@5 : 0.0404    map@10 : 0.0456    map@20 : 0.0504    map@30 : 0.0534    map@50 : 0.0566
Sun 15 Mar 2026 11:24:24 INFO  Saving current: saved/SCL-Mar-15-2026_11-24-17.pth
Sun 15 Mar 2026 11:24:24 INFO  Saving current best: saved/SCL-Mar-15-2026_11-24-17.pth
Sun 15 Mar 2026 11:24:24 INFO  Running E-step ! 
Sun 15 Mar 2026 11:24:24 INFO  epoch 13 training [time: 0.20s, train_loss1: 5.5265, train_loss2: 0.0059, train_loss3: 0.0105]
Sun 15 Mar 2026 11:24:25 INFO  epoch 13 evaluating [time: 0.30s, valid_score: 0.084100]
Sun 15 Mar 2026 11:24:25 INFO  valid result: 
recall@1 : 0.0245    recall@2 : 0.0429    recall@3 : 0.0576    recall@4 : 0.0723    recall@5 : 0.0849    recall@10 : 0.1337    recall@20 : 0.2036    recall@30 : 0.2599    recall@50 : 0.3525    ndcg@1 : 0.0459    ndcg@2 : 0.0519    ndcg@3 : 0.0568    ndcg@4 : 0.0623    ndcg@5 : 0.0669    ndcg@10 : 0.0841    ndcg@20 : 0.1045    ndcg@30 : 0.1193    ndcg@50 : 0.1408    precision@1 : 0.0459    precision@2 : 0.0429    precision@3 : 0.0391    precision@4 : 0.0369    precision@5 : 0.0346    precision@10 : 0.028    precision@20 : 0.0218    precision@30 : 0.0191    precision@50 : 0.0159    map@1 : 0.0459    map@2 : 0.0437    map@3 : 0.0445    map@4 : 0.0462    map@5 : 0.048    map@10 : 0.0539    map@20 : 0.059    map@30 : 0.0622    map@50 : 0.0656
Sun 15 Mar 2026 11:24:25 INFO  Saving current: saved/SCL-Mar-15-2026_11-24-17.pth
Sun 15 Mar 2026 11:24:25 INFO  Saving current best: saved/SCL-Mar-15-2026_11-24-17.pth
Sun 15 Mar 2026 11:24:25 INFO  Running E-step ! 
Sun 15 Mar 2026 11:24:25 INFO  epoch 14 training [time: 0.34s, train_loss1: 5.5224, train_loss2: 0.0063, train_loss3: 0.0105]
Sun 15 Mar 2026 11:24:25 INFO  epoch 14 evaluating [time: 0.24s, valid_score: 0.100300]
Sun 15 Mar 2026 11:24:25 INFO  valid result: 
recall@1 : 0.0304    recall@2 : 0.0542    recall@3 : 0.0746    recall@4 : 0.0911    recall@5 : 0.101    recall@10 : 0.1563    recall@20 : 0.2298    recall@30 : 0.289    recall@50 : 0.3842    ndcg@1 : 0.0572    ndcg@2 : 0.0645    ndcg@3 : 0.072    ndcg@4 : 0.0778    ndcg@5 : 0.0813    ndcg@10 : 0.1003    ndcg@20 : 0.1221    ndcg@30 : 0.1381    ndcg@50 : 0.1602    precision@1 : 0.0572    precision@2 : 0.0536    precision@3 : 0.0497    precision@4 : 0.0453    precision@5 : 0.0414    precision@10 : 0.0321    precision@20 : 0.0246    precision@30 : 0.0215    precision@50 : 0.0175    map@1 : 0.0572    map@2 : 0.0544    map@3 : 0.0565    map@4 : 0.0582    map@5 : 0.0594    map@10 : 0.0659    map@20 : 0.0715    map@30 : 0.0751    map@50 : 0.0789
Sun 15 Mar 2026 11:24:25 INFO  Saving current: saved/SCL-Mar-15-2026_11-24-17.pth
Sun 15 Mar 2026 11:24:25 INFO  Saving current best: saved/SCL-Mar-15-2026_11-24-17.pth
Sun 15 Mar 2026 11:24:25 INFO  Running E-step ! 
Sun 15 Mar 2026 11:24:26 INFO  epoch 15 training [time: 0.18s, train_loss1: 5.5169, train_loss2: 0.0071, train_loss3: 0.0104]
Sun 15 Mar 2026 11:24:26 INFO  epoch 15 evaluating [time: 0.26s, valid_score: 0.121500]
Sun 15 Mar 2026 11:24:26 INFO  valid result: 
recall@1 : 0.0382    recall@2 : 0.0636    recall@3 : 0.0951    recall@4 : 0.1113    recall@5 : 0.1261    recall@10 : 0.187    recall@20 : 0.265    recall@30 : 0.3366    recall@50 : 0.4183    ndcg@1 : 0.0739    ndcg@2 : 0.0778    ndcg@3 : 0.0898    ndcg@4 : 0.0953    ndcg@5 : 0.1005    ndcg@10 : 0.1215    ndcg@20 : 0.1452    ndcg@30 : 0.1639    ndcg@50 : 0.1832    precision@1 : 0.0739    precision@2 : 0.0638    precision@3 : 0.0614    precision@4 : 0.0556    precision@5 : 0.0508    precision@10 : 0.0385    precision@20 : 0.029    precision@30 : 0.0249    precision@50 : 0.0191    map@1 : 0.0739    map@2 : 0.0659    map@3 : 0.0702    map@4 : 0.0716    map@5 : 0.0734    map@10 : 0.0807    map@20 : 0.0871    map@30 : 0.0913    map@50 : 0.095
Sun 15 Mar 2026 11:24:26 INFO  Saving current: saved/SCL-Mar-15-2026_11-24-17.pth
Sun 15 Mar 2026 11:24:26 INFO  Saving current best: saved/SCL-Mar-15-2026_11-24-17.pth
Sun 15 Mar 2026 11:24:26 INFO  Running E-step ! 
Sun 15 Mar 2026 11:24:26 INFO  epoch 16 training [time: 0.20s, train_loss1: 5.5093, train_loss2: 0.0086, train_loss3: 0.0104]
Sun 15 Mar 2026 11:24:26 INFO  epoch 16 evaluating [time: 0.27s, valid_score: 0.144500]
Sun 15 Mar 2026 11:24:26 INFO  valid result: 
recall@1 : 0.043    recall@2 : 0.0779    recall@3 : 0.1089    recall@4 : 0.1293    recall@5 : 0.1499    recall@10 : 0.2234    recall@20 : 0.3171    recall@30 : 0.3856    recall@50 : 0.4766    ndcg@1 : 0.0858    ndcg@2 : 0.0944    ndcg@3 : 0.104    ndcg@4 : 0.1109    ndcg@5 : 0.1183    ndcg@10 : 0.1445    ndcg@20 : 0.1727    ndcg@30 : 0.1911    ndcg@50 : 0.2125    precision@1 : 0.0858    precision@2 : 0.0793    precision@3 : 0.0715    precision@4 : 0.0644    precision@5 : 0.0597    precision@10 : 0.0469    precision@20 : 0.0346    precision@30 : 0.0289    precision@50 : 0.0219    map@1 : 0.0858    map@2 : 0.0796    map@3 : 0.0813    map@4 : 0.0835    map@5 : 0.0864    map@10 : 0.0958    map@20 : 0.1037    map@30 : 0.1083    map@50 : 0.1126
Sun 15 Mar 2026 11:24:26 INFO  Saving current: saved/SCL-Mar-15-2026_11-24-17.pth
Sun 15 Mar 2026 11:24:26 INFO  Saving current best: saved/SCL-Mar-15-2026_11-24-17.pth
Sun 15 Mar 2026 11:24:26 INFO  Running E-step ! 
Sun 15 Mar 2026 11:24:27 INFO  epoch 17 training [time: 0.21s, train_loss1: 5.4981, train_loss2: 0.0109, train_loss3: 0.0104]
Sun 15 Mar 2026 11:24:27 INFO  epoch 17 evaluating [time: 0.28s, valid_score: 0.172000]
Sun 15 Mar 2026 11:24:27 INFO  valid result: 
recall@1 : 0.0478    recall@2 : 0.0889    recall@3 : 0.1274    recall@4 : 0.1546    recall@5 : 0.1766    recall@10 : 0.2712    recall@20 : 0.3783    recall@30 : 0.4586    recall@50 : 0.5615    ndcg@1 : 0.0971    ndcg@2 : 0.1067    ndcg@3 : 0.1199    ndcg@4 : 0.1297    ndcg@5 : 0.1382    ndcg@10 : 0.172    ndcg@20 : 0.2049    ndcg@30 : 0.2258    ndcg@50 : 0.2498    precision@1 : 0.0971    precision@2 : 0.0894    precision@3 : 0.083    precision@4 : 0.0767    precision@5 : 0.0718    precision@10 : 0.0569    precision@20 : 0.0419    precision@30 : 0.0343    precision@50 : 0.0256    map@1 : 0.0971    map@2 : 0.0898    map@3 : 0.0935    map@4 : 0.0967    map@5 : 0.1    map@10 : 0.1132    map@20 : 0.1235    map@30 : 0.1288    map@50 : 0.1338
Sun 15 Mar 2026 11:24:27 INFO  Saving current: saved/SCL-Mar-15-2026_11-24-17.pth
Sun 15 Mar 2026 11:24:27 INFO  Saving current best: saved/SCL-Mar-15-2026_11-24-17.pth
Sun 15 Mar 2026 11:24:27 INFO  Running E-step ! 
Sun 15 Mar 2026 11:24:27 INFO  epoch 18 training [time: 0.22s, train_loss1: 5.4805, train_loss2: 0.0142, train_loss3: 0.0103]
Sun 15 Mar 2026 11:24:27 INFO  epoch 18 evaluating [time: 0.27s, valid_score: 0.205100]
Sun 15 Mar 2026 11:24:27 INFO  valid result: 
recall@1 : 0.0616    recall@2 : 0.1058    recall@3 : 0.1412    recall@4 : 0.1789    recall@5 : 0.2093    recall@10 : 0.3225    recall@20 : 0.4599    recall@30 : 0.534    recall@50 : 0.6328    ndcg@1 : 0.1198    ndcg@2 : 0.1264    ndcg@3 : 0.1379    ndcg@4 : 0.1525    ndcg@5 : 0.1642    ndcg@10 : 0.2051    ndcg@20 : 0.2467    ndcg@30 : 0.2662    ndcg@50 : 0.2893    precision@1 : 0.1198    precision@2 : 0.1028    precision@3 : 0.0932    precision@4 : 0.0892    precision@5 : 0.0845    precision@10 : 0.0675    precision@20 : 0.0501    precision@30 : 0.0394    precision@50 : 0.0285    map@1 : 0.1198    map@2 : 0.1074    map@3 : 0.1091    map@4 : 0.1152    map@5 : 0.1204    map@10 : 0.137    map@20 : 0.1508    map@30 : 0.1562    map@50 : 0.1612
Sun 15 Mar 2026 11:24:27 INFO  Saving current: saved/SCL-Mar-15-2026_11-24-17.pth
Sun 15 Mar 2026 11:24:27 INFO  Saving current best: saved/SCL-Mar-15-2026_11-24-17.pth
Sun 15 Mar 2026 11:24:27 INFO  Running E-step ! 
Sun 15 Mar 2026 11:24:28 INFO  epoch 19 training [time: 0.22s, train_loss1: 5.4514, train_loss2: 0.0196, train_loss3: 0.0103]
Sun 15 Mar 2026 11:24:28 INFO  epoch 19 evaluating [time: 0.28s, valid_score: 0.238300]
Sun 15 Mar 2026 11:24:28 INFO  valid result: 
recall@1 : 0.0793    recall@2 : 0.1277    recall@3 : 0.1679    recall@4 : 0.2091    recall@5 : 0.2409    recall@10 : 0.3716    recall@20 : 0.5428    recall@30 : 0.6142    recall@50 : 0.7098    ndcg@1 : 0.1412    ndcg@2 : 0.1508    ndcg@3 : 0.1634    ndcg@4 : 0.1785    ndcg@5 : 0.1905    ndcg@10 : 0.2383    ndcg@20 : 0.2893    ndcg@30 : 0.3084    ndcg@50 : 0.3308    precision@1 : 0.1412    precision@2 : 0.1195    precision@3 : 0.1069    precision@4 : 0.0994    precision@5 : 0.0926    precision@10 : 0.0754    precision@20 : 0.0563    precision@30 : 0.0437    precision@50 : 0.031    map@1 : 0.1412    map@2 : 0.1296    map@3 : 0.1318    map@4 : 0.1378    map@5 : 0.143    map@10 : 0.1629    map@20 : 0.1802    map@30 : 0.1857    map@50 : 0.1909
Sun 15 Mar 2026 11:24:28 INFO  Saving current: saved/SCL-Mar-15-2026_11-24-17.pth
Sun 15 Mar 2026 11:24:28 INFO  Saving current best: saved/SCL-Mar-15-2026_11-24-17.pth
Sun 15 Mar 2026 11:24:28 INFO  Running E-step ! 
Sun 15 Mar 2026 11:24:28 INFO  epoch 20 training [time: 0.21s, train_loss1: 5.3953, train_loss2: 0.0277, train_loss3: 0.0103, train_loss4: 0.0028]
Sun 15 Mar 2026 11:24:28 INFO  epoch 20 evaluating [time: 0.28s, valid_score: 0.277400]
Sun 15 Mar 2026 11:24:28 INFO  valid result: 
recall@1 : 0.0972    recall@2 : 0.1714    recall@3 : 0.2235    recall@4 : 0.2593    recall@5 : 0.2917    recall@10 : 0.4207    recall@20 : 0.5918    recall@30 : 0.6691    recall@50 : 0.76    ndcg@1 : 0.1698    ndcg@2 : 0.1886    ndcg@3 : 0.2065    ndcg@4 : 0.2194    ndcg@5 : 0.2313    ndcg@10 : 0.2774    ndcg@20 : 0.3283    ndcg@30 : 0.3489    ndcg@50 : 0.3707    precision@1 : 0.1698    precision@2 : 0.146    precision@3 : 0.1297    precision@4 : 0.1164    precision@5 : 0.1058    precision@10 : 0.0803    precision@20 : 0.0591    precision@30 : 0.0457    precision@50 : 0.0323    map@1 : 0.1698    map@2 : 0.1643    map@3 : 0.1684    map@4 : 0.1729    map@5 : 0.178    map@10 : 0.1972    map@20 : 0.2141    map@30 : 0.2202    map@50 : 0.2252
Sun 15 Mar 2026 11:24:28 INFO  Saving current: saved/SCL-Mar-15-2026_11-24-17.pth
Sun 15 Mar 2026 11:24:28 INFO  Saving current best: saved/SCL-Mar-15-2026_11-24-17.pth
Sun 15 Mar 2026 11:24:28 INFO  Running E-step ! 
Sun 15 Mar 2026 11:24:29 INFO  epoch 21 training [time: 0.21s, train_loss1: 5.2747, train_loss2: 0.0337, train_loss3: 0.0103, train_loss4: 0.0031]
Sun 15 Mar 2026 11:24:29 INFO  epoch 21 evaluating [time: 0.28s, valid_score: 0.300700]
Sun 15 Mar 2026 11:24:29 INFO  valid result: 
recall@1 : 0.1073    recall@2 : 0.1969    recall@3 : 0.2576    recall@4 : 0.2936    recall@5 : 0.3211    recall@10 : 0.4518    recall@20 : 0.611    recall@30 : 0.689    recall@50 : 0.7764    ndcg@1 : 0.1836    ndcg@2 : 0.2114    ndcg@3 : 0.2326    ndcg@4 : 0.2447    ndcg@5 : 0.2546    ndcg@10 : 0.3007    ndcg@20 : 0.3476    ndcg@30 : 0.3684    ndcg@50 : 0.3895    precision@1 : 0.1836    precision@2 : 0.163    precision@3 : 0.144    precision@4 : 0.1254    precision@5 : 0.1124    precision@10 : 0.0827    precision@20 : 0.059    precision@30 : 0.0459    precision@50 : 0.0323    map@1 : 0.1836    map@2 : 0.1843    map@3 : 0.1907    map@4 : 0.1946    map@5 : 0.1985    map@10 : 0.2176    map@20 : 0.2326    map@30 : 0.2386    map@50 : 0.2434
Sun 15 Mar 2026 11:24:29 INFO  Saving current: saved/SCL-Mar-15-2026_11-24-17.pth
Sun 15 Mar 2026 11:24:29 INFO  Saving current best: saved/SCL-Mar-15-2026_11-24-17.pth
Sun 15 Mar 2026 11:24:29 INFO  Running E-step ! 
Sun 15 Mar 2026 11:24:29 INFO  epoch 22 training [time: 0.22s, train_loss1: 5.0603, train_loss2: 0.0361, train_loss3: 0.0103, train_loss4: 0.0039]
Sun 15 Mar 2026 11:24:29 INFO  epoch 22 evaluating [time: 0.27s, valid_score: 0.304500]
Sun 15 Mar 2026 11:24:29 INFO  valid result: 
recall@1 : 0.1096    recall@2 : 0.202    recall@3 : 0.2666    recall@4 : 0.3056    recall@5 : 0.333    recall@10 : 0.4543    recall@20 : 0.5971    recall@30 : 0.6849    recall@50 : 0.7727    ndcg@1 : 0.1853    ndcg@2 : 0.2152    ndcg@3 : 0.2385    ndcg@4 : 0.2519    ndcg@5 : 0.2617    ndcg@10 : 0.3045    ndcg@20 : 0.347    ndcg@30 : 0.3699    ndcg@50 : 0.3914    precision@1 : 0.1853    precision@2 : 0.1657    precision@3 : 0.147    precision@4 : 0.1286    precision@5 : 0.1145    precision@10 : 0.0822    precision@20 : 0.0574    precision@30 : 0.0451    precision@50 : 0.032    map@1 : 0.1853    map@2 : 0.1877    map@3 : 0.1956    map@4 : 0.2001    map@5 : 0.2041    map@10 : 0.2215    map@20 : 0.2353    map@30 : 0.2416    map@50 : 0.2467
Sun 15 Mar 2026 11:24:29 INFO  Saving current: saved/SCL-Mar-15-2026_11-24-17.pth
Sun 15 Mar 2026 11:24:29 INFO  Saving current best: saved/SCL-Mar-15-2026_11-24-17.pth
Sun 15 Mar 2026 11:24:29 INFO  Running E-step ! 
Sun 15 Mar 2026 11:24:30 INFO  epoch 23 training [time: 0.21s, train_loss1: 4.7672, train_loss2: 0.0370, train_loss3: 0.0103, train_loss4: 0.0050]
Sun 15 Mar 2026 11:24:30 INFO  epoch 23 evaluating [time: 0.27s, valid_score: 0.304900]
Sun 15 Mar 2026 11:24:30 INFO  valid result: 
recall@1 : 0.1084    recall@2 : 0.1997    recall@3 : 0.2652    recall@4 : 0.3074    recall@5 : 0.3377    recall@10 : 0.4583    recall@20 : 0.5932    recall@30 : 0.6835    recall@50 : 0.7719    ndcg@1 : 0.183    ndcg@2 : 0.2125    ndcg@3 : 0.237    ndcg@4 : 0.2519    ndcg@5 : 0.2628    ndcg@10 : 0.3049    ndcg@20 : 0.3448    ndcg@30 : 0.3682    ndcg@50 : 0.3899    precision@1 : 0.183    precision@2 : 0.1636    precision@3 : 0.1468    precision@4 : 0.1295    precision@5 : 0.1159    precision@10 : 0.0825    precision@20 : 0.0567    precision@30 : 0.0447    precision@50 : 0.0318    map@1 : 0.183    map@2 : 0.1853    map@3 : 0.1941    map@4 : 0.1997    map@5 : 0.2043    map@10 : 0.2211    map@20 : 0.234    map@30 : 0.2403    map@50 : 0.2453
Sun 15 Mar 2026 11:24:30 INFO  Saving current: saved/SCL-Mar-15-2026_11-24-17.pth
Sun 15 Mar 2026 11:24:30 INFO  Saving current best: saved/SCL-Mar-15-2026_11-24-17.pth
Sun 15 Mar 2026 11:24:30 INFO  Running E-step ! 
Sun 15 Mar 2026 11:24:30 INFO  epoch 24 training [time: 0.22s, train_loss1: 4.4219, train_loss2: 0.0374, train_loss3: 0.0104, train_loss4: 0.0060]
Sun 15 Mar 2026 11:24:30 INFO  epoch 24 evaluating [time: 0.26s, valid_score: 0.302900]
Sun 15 Mar 2026 11:24:30 INFO  valid result: 
recall@1 : 0.1059    recall@2 : 0.1986    recall@3 : 0.2641    recall@4 : 0.3041    recall@5 : 0.3369    recall@10 : 0.4568    recall@20 : 0.5895    recall@30 : 0.6782    recall@50 : 0.7722    ndcg@1 : 0.18    ndcg@2 : 0.2107    ndcg@3 : 0.2352    ndcg@4 : 0.2491    ndcg@5 : 0.2612    ndcg@10 : 0.3029    ndcg@20 : 0.3421    ndcg@30 : 0.3653    ndcg@50 : 0.3882    precision@1 : 0.18    precision@2 : 0.1627    precision@3 : 0.146    precision@4 : 0.1283    precision@5 : 0.1159    precision@10 : 0.082    precision@20 : 0.056    precision@30 : 0.0443    precision@50 : 0.0317    map@1 : 0.18    map@2 : 0.1837    map@3 : 0.1921    map@4 : 0.1973    map@5 : 0.2025    map@10 : 0.2192    map@20 : 0.2318    map@30 : 0.2381    map@50 : 0.2432
Sun 15 Mar 2026 11:24:30 INFO  Running E-step ! 
Sun 15 Mar 2026 11:24:31 INFO  epoch 25 training [time: 0.24s, train_loss1: 4.0660, train_loss2: 0.0377, train_loss3: 0.0104, train_loss4: 0.0065]
Sun 15 Mar 2026 11:24:31 INFO  epoch 25 evaluating [time: 0.26s, valid_score: 0.302200]
Sun 15 Mar 2026 11:24:31 INFO  valid result: 
recall@1 : 0.1054    recall@2 : 0.1981    recall@3 : 0.2631    recall@4 : 0.3036    recall@5 : 0.3382    recall@10 : 0.4558    recall@20 : 0.5876    recall@30 : 0.6817    recall@50 : 0.7726    ndcg@1 : 0.18    ndcg@2 : 0.2105    ndcg@3 : 0.2345    ndcg@4 : 0.2486    ndcg@5 : 0.2614    ndcg@10 : 0.3022    ndcg@20 : 0.341    ndcg@30 : 0.3654    ndcg@50 : 0.3877    precision@1 : 0.18    precision@2 : 0.1627    precision@3 : 0.1456    precision@4 : 0.128    precision@5 : 0.1162    precision@10 : 0.0818    precision@20 : 0.0556    precision@30 : 0.0443    precision@50 : 0.0316    map@1 : 0.18    map@2 : 0.1834    map@3 : 0.1915    map@4 : 0.1967    map@5 : 0.2023    map@10 : 0.2186    map@20 : 0.2311    map@30 : 0.2375    map@50 : 0.2425
Sun 15 Mar 2026 11:24:31 INFO  Running E-step ! 
Sun 15 Mar 2026 11:24:31 INFO  epoch 26 training [time: 0.22s, train_loss1: 3.7793, train_loss2: 0.0379, train_loss3: 0.0105, train_loss4: 0.0070]
Sun 15 Mar 2026 11:24:31 INFO  epoch 26 evaluating [time: 0.26s, valid_score: 0.302100]
Sun 15 Mar 2026 11:24:31 INFO  valid result: 
recall@1 : 0.105    recall@2 : 0.1985    recall@3 : 0.2637    recall@4 : 0.3041    recall@5 : 0.3386    recall@10 : 0.4555    recall@20 : 0.5871    recall@30 : 0.6795    recall@50 : 0.7714    ndcg@1 : 0.18    ndcg@2 : 0.2105    ndcg@3 : 0.2347    ndcg@4 : 0.2486    ndcg@5 : 0.2614    ndcg@10 : 0.3021    ndcg@20 : 0.3407    ndcg@30 : 0.3649    ndcg@50 : 0.3874    precision@1 : 0.18    precision@2 : 0.1627    precision@3 : 0.1458    precision@4 : 0.1278    precision@5 : 0.116    precision@10 : 0.0816    precision@20 : 0.0554    precision@30 : 0.0442    precision@50 : 0.0316    map@1 : 0.18    map@2 : 0.1833    map@3 : 0.1915    map@4 : 0.1965    map@5 : 0.2021    map@10 : 0.2185    map@20 : 0.2309    map@30 : 0.2372    map@50 : 0.2423
Sun 15 Mar 2026 11:24:31 INFO  Running E-step ! 
Sun 15 Mar 2026 11:24:32 INFO  epoch 27 training [time: 0.38s, train_loss1: 3.5667, train_loss2: 0.0382, train_loss3: 0.0106, train_loss4: 0.0074]
Sun 15 Mar 2026 11:24:32 INFO  epoch 27 evaluating [time: 0.36s, valid_score: 0.301600]
Sun 15 Mar 2026 11:24:32 INFO  valid result: 
recall@1 : 0.105    recall@2 : 0.1984    recall@3 : 0.2635    recall@4 : 0.3036    recall@5 : 0.3379    recall@10 : 0.4543    recall@20 : 0.5867    recall@30 : 0.68    recall@50 : 0.7721    ndcg@1 : 0.18    ndcg@2 : 0.2103    ndcg@3 : 0.2345    ndcg@4 : 0.2483    ndcg@5 : 0.2611    ndcg@10 : 0.3016    ndcg@20 : 0.3405    ndcg@30 : 0.3648    ndcg@50 : 0.3873    precision@1 : 0.18    precision@2 : 0.1624    precision@3 : 0.1456    precision@4 : 0.1275    precision@5 : 0.1159    precision@10 : 0.0816    precision@20 : 0.0554    precision@30 : 0.0442    precision@50 : 0.0316    map@1 : 0.18    map@2 : 0.183    map@3 : 0.1913    map@4 : 0.1964    map@5 : 0.2018    map@10 : 0.2182    map@20 : 0.2306    map@30 : 0.237    map@50 : 0.2421
Sun 15 Mar 2026 11:24:32 INFO  Running E-step ! 
Sun 15 Mar 2026 11:24:32 INFO  epoch 28 training [time: 0.17s, train_loss1: 3.4360, train_loss2: 0.0384, train_loss3: 0.0106, train_loss4: 0.0075]
Sun 15 Mar 2026 11:24:32 INFO  epoch 28 evaluating [time: 0.14s, valid_score: 0.301700]
Sun 15 Mar 2026 11:24:32 INFO  valid result: 
recall@1 : 0.1055    recall@2 : 0.1985    recall@3 : 0.2635    recall@4 : 0.3036    recall@5 : 0.3383    recall@10 : 0.4537    recall@20 : 0.586    recall@30 : 0.6799    recall@50 : 0.7732    ndcg@1 : 0.18    ndcg@2 : 0.2106    ndcg@3 : 0.2347    ndcg@4 : 0.2485    ndcg@5 : 0.2613    ndcg@10 : 0.3017    ndcg@20 : 0.3405    ndcg@30 : 0.3648    ndcg@50 : 0.3877    precision@1 : 0.18    precision@2 : 0.1627    precision@3 : 0.1456    precision@4 : 0.1275    precision@5 : 0.1157    precision@10 : 0.0816    precision@20 : 0.0553    precision@30 : 0.0441    precision@50 : 0.0316    map@1 : 0.18    map@2 : 0.1834    map@3 : 0.1916    map@4 : 0.1966    map@5 : 0.2021    map@10 : 0.2185    map@20 : 0.2308    map@30 : 0.2373    map@50 : 0.2424
Sun 15 Mar 2026 11:24:32 INFO  Running E-step ! 
Sun 15 Mar 2026 11:24:33 INFO  epoch 29 training [time: 0.22s, train_loss1: 3.3031, train_loss2: 0.0386, train_loss3: 0.0106, train_loss4: 0.0074]
Sun 15 Mar 2026 11:24:33 INFO  epoch 29 evaluating [time: 0.26s, valid_score: 0.301600]
Sun 15 Mar 2026 11:24:33 INFO  valid result: 
recall@1 : 0.1045    recall@2 : 0.1979    recall@3 : 0.2638    recall@4 : 0.3038    recall@5 : 0.3377    recall@10 : 0.455    recall@20 : 0.5858    recall@30 : 0.6787    recall@50 : 0.7726    ndcg@1 : 0.1788    ndcg@2 : 0.21    ndcg@3 : 0.2343    ndcg@4 : 0.248    ndcg@5 : 0.2606    ndcg@10 : 0.3016    ndcg@20 : 0.3401    ndcg@30 : 0.3642    ndcg@50 : 0.3872    precision@1 : 0.1788    precision@2 : 0.1627    precision@3 : 0.1456    precision@4 : 0.1275    precision@5 : 0.1156    precision@10 : 0.0818    precision@20 : 0.0552    precision@30 : 0.044    precision@50 : 0.0316    map@1 : 0.1788    map@2 : 0.1828    map@3 : 0.1911    map@4 : 0.196    map@5 : 0.2014    map@10 : 0.2181    map@20 : 0.2303    map@30 : 0.2367    map@50 : 0.2419
Sun 15 Mar 2026 11:24:33 INFO  Running E-step ! 
Sun 15 Mar 2026 11:24:33 INFO  epoch 30 training [time: 0.20s, train_loss1: 3.3018, train_loss2: 0.0388, train_loss3: 0.0107, train_loss4: 0.0077]
Sun 15 Mar 2026 11:24:33 INFO  epoch 30 evaluating [time: 0.27s, valid_score: 0.301800]
Sun 15 Mar 2026 11:24:33 INFO  valid result: 
recall@1 : 0.1056    recall@2 : 0.198    recall@3 : 0.2632    recall@4 : 0.3033    recall@5 : 0.3377    recall@10 : 0.4542    recall@20 : 0.5855    recall@30 : 0.6772    recall@50 : 0.7726    ndcg@1 : 0.1806    ndcg@2 : 0.2108    ndcg@3 : 0.2346    ndcg@4 : 0.2484    ndcg@5 : 0.2611    ndcg@10 : 0.3018    ndcg@20 : 0.3404    ndcg@30 : 0.3642    ndcg@50 : 0.3876    precision@1 : 0.1806    precision@2 : 0.163    precision@3 : 0.1454    precision@4 : 0.1277    precision@5 : 0.1156    precision@10 : 0.0817    precision@20 : 0.0552    precision@30 : 0.044    precision@50 : 0.0317    map@1 : 0.1806    map@2 : 0.1838    map@3 : 0.1916    map@4 : 0.1967    map@5 : 0.202    map@10 : 0.2185    map@20 : 0.2308    map@30 : 0.2371    map@50 : 0.2423
Sun 15 Mar 2026 11:24:33 INFO  Running E-step ! 
Sun 15 Mar 2026 11:24:34 INFO  epoch 31 training [time: 0.23s, train_loss1: 3.2291, train_loss2: 0.0390, train_loss3: 0.0107, train_loss4: 0.0075]
Sun 15 Mar 2026 11:24:34 INFO  epoch 31 evaluating [time: 0.28s, valid_score: 0.302200]
Sun 15 Mar 2026 11:24:34 INFO  valid result: 
recall@1 : 0.1067    recall@2 : 0.198    recall@3 : 0.2635    recall@4 : 0.3033    recall@5 : 0.3386    recall@10 : 0.454    recall@20 : 0.5858    recall@30 : 0.6727    recall@50 : 0.7718    ndcg@1 : 0.1818    ndcg@2 : 0.2113    ndcg@3 : 0.2352    ndcg@4 : 0.2489    ndcg@5 : 0.262    ndcg@10 : 0.3022    ndcg@20 : 0.341    ndcg@30 : 0.3638    ndcg@50 : 0.3878    precision@1 : 0.1818    precision@2 : 0.163    precision@3 : 0.1456    precision@4 : 0.1277    precision@5 : 0.1161    precision@10 : 0.0818    precision@20 : 0.0554    precision@30 : 0.0439    precision@50 : 0.0317    map@1 : 0.1818    map@2 : 0.1844    map@3 : 0.1923    map@4 : 0.1973    map@5 : 0.2029    map@10 : 0.2191    map@20 : 0.2314    map@30 : 0.2376    map@50 : 0.2429
Sun 15 Mar 2026 11:24:34 INFO  Running E-step ! 
Sun 15 Mar 2026 11:24:34 INFO  epoch 32 training [time: 0.23s, train_loss1: 3.1843, train_loss2: 0.0391, train_loss3: 0.0107, train_loss4: 0.0074]
Sun 15 Mar 2026 11:24:34 INFO  epoch 32 evaluating [time: 0.28s, valid_score: 0.303000]
Sun 15 Mar 2026 11:24:34 INFO  valid result: 
recall@1 : 0.1083    recall@2 : 0.1986    recall@3 : 0.264    recall@4 : 0.3027    recall@5 : 0.3412    recall@10 : 0.4541    recall@20 : 0.5862    recall@30 : 0.6717    recall@50 : 0.7701    ndcg@1 : 0.1824    ndcg@2 : 0.2121    ndcg@3 : 0.2359    ndcg@4 : 0.2492    ndcg@5 : 0.2637    ndcg@10 : 0.303    ndcg@20 : 0.3418    ndcg@30 : 0.3643    ndcg@50 : 0.3882    precision@1 : 0.1824    precision@2 : 0.1633    precision@3 : 0.1456    precision@4 : 0.1275    precision@5 : 0.1168    precision@10 : 0.0818    precision@20 : 0.0555    precision@30 : 0.0438    precision@50 : 0.0316    map@1 : 0.1824    map@2 : 0.1855    map@3 : 0.1933    map@4 : 0.198    map@5 : 0.2044    map@10 : 0.2201    map@20 : 0.2325    map@30 : 0.2385    map@50 : 0.2439
Sun 15 Mar 2026 11:24:34 INFO  Running E-step ! 
Sun 15 Mar 2026 11:24:35 INFO  epoch 33 training [time: 0.22s, train_loss1: 3.1622, train_loss2: 0.0393, train_loss3: 0.0107, train_loss4: 0.0075]
Sun 15 Mar 2026 11:24:35 INFO  epoch 33 evaluating [time: 0.28s, valid_score: 0.303400]
Sun 15 Mar 2026 11:24:35 INFO  valid result: 
recall@1 : 0.1093    recall@2 : 0.1989    recall@3 : 0.2638    recall@4 : 0.3025    recall@5 : 0.3414    recall@10 : 0.454    recall@20 : 0.5859    recall@30 : 0.6703    recall@50 : 0.77    ndcg@1 : 0.183    ndcg@2 : 0.2126    ndcg@3 : 0.2361    ndcg@4 : 0.2495    ndcg@5 : 0.2641    ndcg@10 : 0.3034    ndcg@20 : 0.3421    ndcg@30 : 0.3644    ndcg@50 : 0.3886    precision@1 : 0.183    precision@2 : 0.1636    precision@3 : 0.1454    precision@4 : 0.1274    precision@5 : 0.1168    precision@10 : 0.0819    precision@20 : 0.0554    precision@30 : 0.0438    precision@50 : 0.0316    map@1 : 0.183    map@2 : 0.1861    map@3 : 0.1936    map@4 : 0.1985    map@5 : 0.205    map@10 : 0.2207    map@20 : 0.2331    map@30 : 0.2391    map@50 : 0.2444
Sun 15 Mar 2026 11:24:35 INFO  Running E-step ! 
Sun 15 Mar 2026 11:24:35 INFO  epoch 34 training [time: 0.23s, train_loss1: 3.1931, train_loss2: 0.0394, train_loss3: 0.0107, train_loss4: 0.0075]
Sun 15 Mar 2026 11:24:35 INFO  epoch 34 evaluating [time: 0.29s, valid_score: 0.304200]
Sun 15 Mar 2026 11:24:35 INFO  valid result: 
recall@1 : 0.112    recall@2 : 0.198    recall@3 : 0.2634    recall@4 : 0.303    recall@5 : 0.3415    recall@10 : 0.454    recall@20 : 0.5868    recall@30 : 0.6657    recall@50 : 0.7704    ndcg@1 : 0.1853    ndcg@2 : 0.2128    ndcg@3 : 0.2367    ndcg@4 : 0.2504    ndcg@5 : 0.265    ndcg@10 : 0.3042    ndcg@20 : 0.3433    ndcg@30 : 0.3644    ndcg@50 : 0.3895    precision@1 : 0.1853    precision@2 : 0.1627    precision@3 : 0.1452    precision@4 : 0.1274    precision@5 : 0.1169    precision@10 : 0.0819    precision@20 : 0.0556    precision@30 : 0.0437    precision@50 : 0.0317    map@1 : 0.1853    map@2 : 0.1867    map@3 : 0.1946    map@4 : 0.1997    map@5 : 0.2062    map@10 : 0.2219    map@20 : 0.2344    map@30 : 0.2402    map@50 : 0.2457
Sun 15 Mar 2026 11:24:35 INFO  Running E-step ! 
Sun 15 Mar 2026 11:24:36 INFO  epoch 35 training [time: 0.24s, train_loss1: 3.2051, train_loss2: 0.0395, train_loss3: 0.0107, train_loss4: 0.0074]
Sun 15 Mar 2026 11:24:36 INFO  epoch 35 evaluating [time: 0.28s, valid_score: 0.304100]
Sun 15 Mar 2026 11:24:36 INFO  valid result: 
recall@1 : 0.1116    recall@2 : 0.1974    recall@3 : 0.2634    recall@4 : 0.303    recall@5 : 0.3427    recall@10 : 0.4546    recall@20 : 0.5881    recall@30 : 0.6658    recall@50 : 0.7701    ndcg@1 : 0.1841    ndcg@2 : 0.2121    ndcg@3 : 0.2365    ndcg@4 : 0.2501    ndcg@5 : 0.2652    ndcg@10 : 0.3041    ndcg@20 : 0.3435    ndcg@30 : 0.3643    ndcg@50 : 0.3892    precision@1 : 0.1841    precision@2 : 0.1624    precision@3 : 0.1454    precision@4 : 0.1274    precision@5 : 0.1172    precision@10 : 0.082    precision@20 : 0.0558    precision@30 : 0.0438    precision@50 : 0.0316    map@1 : 0.1841    map@2 : 0.1859    map@3 : 0.1942    map@4 : 0.1994    map@5 : 0.2061    map@10 : 0.2216    map@20 : 0.2343    map@30 : 0.24    map@50 : 0.2454
Sun 15 Mar 2026 11:24:36 INFO  Running E-step ! 
Sun 15 Mar 2026 11:24:36 INFO  epoch 36 training [time: 0.20s, train_loss1: 3.1824, train_loss2: 0.0397, train_loss3: 0.0107, train_loss4: 0.0072]
Sun 15 Mar 2026 11:24:36 INFO  epoch 36 evaluating [time: 0.26s, valid_score: 0.304500]
Sun 15 Mar 2026 11:24:36 INFO  valid result: 
recall@1 : 0.1141    recall@2 : 0.1974    recall@3 : 0.2637    recall@4 : 0.3032    recall@5 : 0.3412    recall@10 : 0.4533    recall@20 : 0.5879    recall@30 : 0.6662    recall@50 : 0.7699    ndcg@1 : 0.1859    ndcg@2 : 0.213    ndcg@3 : 0.2375    ndcg@4 : 0.2512    ndcg@5 : 0.2654    ndcg@10 : 0.3045    ndcg@20 : 0.3443    ndcg@30 : 0.3652    ndcg@50 : 0.39    precision@1 : 0.1859    precision@2 : 0.1624    precision@3 : 0.1456    precision@4 : 0.1275    precision@5 : 0.1167    precision@10 : 0.0818    precision@20 : 0.0559    precision@30 : 0.0438    precision@50 : 0.0317    map@1 : 0.1859    map@2 : 0.1871    map@3 : 0.1956    map@4 : 0.2007    map@5 : 0.207    map@10 : 0.2226    map@20 : 0.2355    map@30 : 0.2412    map@50 : 0.2466
Sun 15 Mar 2026 11:24:36 INFO  Running E-step ! 
Sun 15 Mar 2026 11:24:37 INFO  epoch 37 training [time: 0.24s, train_loss1: 3.2165, train_loss2: 0.0398, train_loss3: 0.0107, train_loss4: 0.0068]
Sun 15 Mar 2026 11:24:37 INFO  epoch 37 evaluating [time: 0.27s, valid_score: 0.305100]
Sun 15 Mar 2026 11:24:37 INFO  valid result: 
recall@1 : 0.1159    recall@2 : 0.1968    recall@3 : 0.2631    recall@4 : 0.302    recall@5 : 0.3407    recall@10 : 0.4536    recall@20 : 0.588    recall@30 : 0.6659    recall@50 : 0.768    ndcg@1 : 0.1877    ndcg@2 : 0.2132    ndcg@3 : 0.2378    ndcg@4 : 0.2512    ndcg@5 : 0.2657    ndcg@10 : 0.3051    ndcg@20 : 0.3448    ndcg@30 : 0.3656    ndcg@50 : 0.39    precision@1 : 0.1877    precision@2 : 0.1621    precision@3 : 0.1454    precision@4 : 0.1272    precision@5 : 0.1164    precision@10 : 0.0819    precision@20 : 0.056    precision@30 : 0.0438    precision@50 : 0.0316    map@1 : 0.1877    map@2 : 0.1877    map@3 : 0.1962    map@4 : 0.2011    map@5 : 0.2076    map@10 : 0.2234    map@20 : 0.2362    map@30 : 0.2419    map@50 : 0.2472
Sun 15 Mar 2026 11:24:37 INFO  Saving current: saved/SCL-Mar-15-2026_11-24-17.pth
Sun 15 Mar 2026 11:24:37 INFO  Saving current best: saved/SCL-Mar-15-2026_11-24-17.pth
Sun 15 Mar 2026 11:24:37 INFO  Running E-step ! 
Sun 15 Mar 2026 11:24:37 INFO  epoch 38 training [time: 0.23s, train_loss1: 3.1203, train_loss2: 0.0399, train_loss3: 0.0107, train_loss4: 0.0069]
Sun 15 Mar 2026 11:24:38 INFO  epoch 38 evaluating [time: 0.28s, valid_score: 0.305000]
Sun 15 Mar 2026 11:24:38 INFO  valid result: 
recall@1 : 0.1159    recall@2 : 0.1968    recall@3 : 0.2631    recall@4 : 0.302    recall@5 : 0.3402    recall@10 : 0.4531    recall@20 : 0.5874    recall@30 : 0.6654    recall@50 : 0.7669    ndcg@1 : 0.1877    ndcg@2 : 0.2132    ndcg@3 : 0.2378    ndcg@4 : 0.2512    ndcg@5 : 0.2655    ndcg@10 : 0.305    ndcg@20 : 0.3446    ndcg@30 : 0.3654    ndcg@50 : 0.3897    precision@1 : 0.1877    precision@2 : 0.1621    precision@3 : 0.1454    precision@4 : 0.1272    precision@5 : 0.1164    precision@10 : 0.0819    precision@20 : 0.0559    precision@30 : 0.0438    precision@50 : 0.0316    map@1 : 0.1877    map@2 : 0.1877    map@3 : 0.1962    map@4 : 0.2011    map@5 : 0.2075    map@10 : 0.2233    map@20 : 0.2361    map@30 : 0.2418    map@50 : 0.2471
Sun 15 Mar 2026 11:24:38 INFO  Running E-step ! 
Sun 15 Mar 2026 11:24:38 INFO  epoch 39 training [time: 0.23s, train_loss1: 3.1115, train_loss2: 0.0401, train_loss3: 0.0107, train_loss4: 0.0068]
Sun 15 Mar 2026 11:24:38 INFO  epoch 39 evaluating [time: 0.29s, valid_score: 0.305100]
Sun 15 Mar 2026 11:24:38 INFO  valid result: 
recall@1 : 0.1159    recall@2 : 0.1962    recall@3 : 0.2631    recall@4 : 0.3024    recall@5 : 0.341    recall@10 : 0.4533    recall@20 : 0.5872    recall@30 : 0.6653    recall@50 : 0.7642    ndcg@1 : 0.1877    ndcg@2 : 0.2129    ndcg@3 : 0.2377    ndcg@4 : 0.2514    ndcg@5 : 0.2658    ndcg@10 : 0.3051    ndcg@20 : 0.3446    ndcg@30 : 0.3655    ndcg@50 : 0.3893    precision@1 : 0.1877    precision@2 : 0.1618    precision@3 : 0.1454    precision@4 : 0.1275    precision@5 : 0.1167    precision@10 : 0.0821    precision@20 : 0.0559    precision@30 : 0.0438    precision@50 : 0.0315    map@1 : 0.1877    map@2 : 0.1874    map@3 : 0.1961    map@4 : 0.2012    map@5 : 0.2076    map@10 : 0.2234    map@20 : 0.2361    map@30 : 0.2418    map@50 : 0.2471
Sun 15 Mar 2026 11:24:38 INFO  Saving current: saved/SCL-Mar-15-2026_11-24-17.pth
Sun 15 Mar 2026 11:24:38 INFO  Saving current best: saved/SCL-Mar-15-2026_11-24-17.pth
Sun 15 Mar 2026 11:24:38 INFO  Running E-step ! 
Sun 15 Mar 2026 11:24:38 INFO  epoch 40 training [time: 0.22s, train_loss1: 3.1717, train_loss2: 0.0402, train_loss3: 0.0107, train_loss4: 0.0066]
Sun 15 Mar 2026 11:24:39 INFO  epoch 40 evaluating [time: 0.26s, valid_score: 0.305300]
Sun 15 Mar 2026 11:24:39 INFO  valid result: 
recall@1 : 0.1159    recall@2 : 0.1962    recall@3 : 0.2626    recall@4 : 0.3024    recall@5 : 0.3406    recall@10 : 0.4539    recall@20 : 0.5879    recall@30 : 0.6648    recall@50 : 0.7632    ndcg@1 : 0.1877    ndcg@2 : 0.2129    ndcg@3 : 0.2376    ndcg@4 : 0.2514    ndcg@5 : 0.2656    ndcg@10 : 0.3053    ndcg@20 : 0.3449    ndcg@30 : 0.3654    ndcg@50 : 0.3892    precision@1 : 0.1877    precision@2 : 0.1618    precision@3 : 0.1454    precision@4 : 0.1275    precision@5 : 0.1164    precision@10 : 0.0822    precision@20 : 0.056    precision@30 : 0.0437    precision@50 : 0.0315    map@1 : 0.1877    map@2 : 0.1874    map@3 : 0.196    map@4 : 0.2011    map@5 : 0.2074    map@10 : 0.2234    map@20 : 0.2362    map@30 : 0.2418    map@50 : 0.2471
Sun 15 Mar 2026 11:24:39 INFO  Saving current: saved/SCL-Mar-15-2026_11-24-17.pth
Sun 15 Mar 2026 11:24:39 INFO  Saving current best: saved/SCL-Mar-15-2026_11-24-17.pth
Sun 15 Mar 2026 11:24:39 INFO  Running E-step ! 
Sun 15 Mar 2026 11:24:39 INFO  epoch 41 training [time: 0.36s, train_loss1: 3.1238, train_loss2: 0.0403, train_loss3: 0.0107, train_loss4: 0.0064]
Sun 15 Mar 2026 11:24:39 INFO  epoch 41 evaluating [time: 0.25s, valid_score: 0.305100]
Sun 15 Mar 2026 11:24:39 INFO  valid result: 
recall@1 : 0.1159    recall@2 : 0.1962    recall@3 : 0.2632    recall@4 : 0.3025    recall@5 : 0.34    recall@10 : 0.4534    recall@20 : 0.5879    recall@30 : 0.6639    recall@50 : 0.7638    ndcg@1 : 0.1877    ndcg@2 : 0.2129    ndcg@3 : 0.2379    ndcg@4 : 0.2514    ndcg@5 : 0.2653    ndcg@10 : 0.3051    ndcg@20 : 0.345    ndcg@30 : 0.3653    ndcg@50 : 0.3894    precision@1 : 0.1877    precision@2 : 0.1618    precision@3 : 0.1456    precision@4 : 0.1275    precision@5 : 0.1162    precision@10 : 0.082    precision@20 : 0.0561    precision@30 : 0.0437    precision@50 : 0.0316    map@1 : 0.1877    map@2 : 0.1874    map@3 : 0.1961    map@4 : 0.2011    map@5 : 0.2073    map@10 : 0.2234    map@20 : 0.2363    map@30 : 0.2419    map@50 : 0.2472
Sun 15 Mar 2026 11:24:39 INFO  Running E-step ! 
Sun 15 Mar 2026 11:24:39 INFO  epoch 42 training [time: 0.16s, train_loss1: 3.0958, train_loss2: 0.0404, train_loss3: 0.0107, train_loss4: 0.0063]
Sun 15 Mar 2026 11:24:40 INFO  epoch 42 evaluating [time: 0.20s, valid_score: 0.305200]
Sun 15 Mar 2026 11:24:40 INFO  valid result: 
recall@1 : 0.1159    recall@2 : 0.1963    recall@3 : 0.263    recall@4 : 0.3025    recall@5 : 0.3401    recall@10 : 0.4535    recall@20 : 0.5892    recall@30 : 0.6645    recall@50 : 0.7629    ndcg@1 : 0.1877    ndcg@2 : 0.2131    ndcg@3 : 0.2376    ndcg@4 : 0.2514    ndcg@5 : 0.2653    ndcg@10 : 0.3052    ndcg@20 : 0.3454    ndcg@30 : 0.3655    ndcg@50 : 0.3893    precision@1 : 0.1877    precision@2 : 0.1621    precision@3 : 0.1452    precision@4 : 0.1275    precision@5 : 0.1162    precision@10 : 0.0821    precision@20 : 0.0563    precision@30 : 0.0438    precision@50 : 0.0316    map@1 : 0.1877    map@2 : 0.1876    map@3 : 0.196    map@4 : 0.2011    map@5 : 0.2072    map@10 : 0.2234    map@20 : 0.2365    map@30 : 0.242    map@50 : 0.2473
Sun 15 Mar 2026 11:24:40 INFO  Running E-step ! 
Sun 15 Mar 2026 11:24:40 INFO  epoch 43 training [time: 0.21s, train_loss1: 3.1475, train_loss2: 0.0405, train_loss3: 0.0107, train_loss4: 0.0062]
Sun 15 Mar 2026 11:24:40 INFO  epoch 43 evaluating [time: 0.27s, valid_score: 0.305300]
Sun 15 Mar 2026 11:24:40 INFO  valid result: 
recall@1 : 0.1159    recall@2 : 0.1963    recall@3 : 0.263    recall@4 : 0.3028    recall@5 : 0.3405    recall@10 : 0.4536    recall@20 : 0.5899    recall@30 : 0.665    recall@50 : 0.7626    ndcg@1 : 0.1877    ndcg@2 : 0.2131    ndcg@3 : 0.2376    ndcg@4 : 0.2516    ndcg@5 : 0.2655    ndcg@10 : 0.3053    ndcg@20 : 0.3458    ndcg@30 : 0.3658    ndcg@50 : 0.3894    precision@1 : 0.1877    precision@2 : 0.1621    precision@3 : 0.1452    precision@4 : 0.1278    precision@5 : 0.1163    precision@10 : 0.0821    precision@20 : 0.0565    precision@30 : 0.0439    precision@50 : 0.0316    map@1 : 0.1877    map@2 : 0.1876    map@3 : 0.196    map@4 : 0.2012    map@5 : 0.2073    map@10 : 0.2235    map@20 : 0.2366    map@30 : 0.2421    map@50 : 0.2474
Sun 15 Mar 2026 11:24:40 INFO  Saving current: saved/SCL-Mar-15-2026_11-24-17.pth
Sun 15 Mar 2026 11:24:40 INFO  Saving current best: saved/SCL-Mar-15-2026_11-24-17.pth
Sun 15 Mar 2026 11:24:40 INFO  Running E-step ! 
Sun 15 Mar 2026 11:24:40 INFO  epoch 44 training [time: 0.23s, train_loss1: 3.1330, train_loss2: 0.0406, train_loss3: 0.0107, train_loss4: 0.0061]
Sun 15 Mar 2026 11:24:41 INFO  epoch 44 evaluating [time: 0.28s, valid_score: 0.305500]
Sun 15 Mar 2026 11:24:41 INFO  valid result: 
recall@1 : 0.1165    recall@2 : 0.1963    recall@3 : 0.263    recall@4 : 0.3022    recall@5 : 0.34    recall@10 : 0.4536    recall@20 : 0.59    recall@30 : 0.6662    recall@50 : 0.7621    ndcg@1 : 0.1883    ndcg@2 : 0.2133    ndcg@3 : 0.2377    ndcg@4 : 0.2515    ndcg@5 : 0.2655    ndcg@10 : 0.3055    ndcg@20 : 0.346    ndcg@30 : 0.3663    ndcg@50 : 0.3896    precision@1 : 0.1883    precision@2 : 0.1621    precision@3 : 0.145    precision@4 : 0.1275    precision@5 : 0.1163    precision@10 : 0.0822    precision@20 : 0.0566    precision@30 : 0.044    precision@50 : 0.0316    map@1 : 0.1883    map@2 : 0.1879    map@3 : 0.1961    map@4 : 0.2013    map@5 : 0.2075    map@10 : 0.2238    map@20 : 0.237    map@30 : 0.2425    map@50 : 0.2478
Sun 15 Mar 2026 11:24:41 INFO  Saving current: saved/SCL-Mar-15-2026_11-24-17.pth
Sun 15 Mar 2026 11:24:41 INFO  Saving current best: saved/SCL-Mar-15-2026_11-24-17.pth
Sun 15 Mar 2026 11:24:41 INFO  Running E-step ! 
Sun 15 Mar 2026 11:24:41 INFO  epoch 45 training [time: 0.22s, train_loss1: 3.0912, train_loss2: 0.0407, train_loss3: 0.0107, train_loss4: 0.0059]
Sun 15 Mar 2026 11:24:41 INFO  epoch 45 evaluating [time: 0.28s, valid_score: 0.305800]
Sun 15 Mar 2026 11:24:41 INFO  valid result: 
recall@1 : 0.1165    recall@2 : 0.1965    recall@3 : 0.2631    recall@4 : 0.303    recall@5 : 0.3395    recall@10 : 0.4543    recall@20 : 0.59    recall@30 : 0.6674    recall@50 : 0.7631    ndcg@1 : 0.1883    ndcg@2 : 0.2133    ndcg@3 : 0.2378    ndcg@4 : 0.2519    ndcg@5 : 0.2653    ndcg@10 : 0.3058    ndcg@20 : 0.3461    ndcg@30 : 0.3668    ndcg@50 : 0.39    precision@1 : 0.1883    precision@2 : 0.1621    precision@3 : 0.1452    precision@4 : 0.1278    precision@5 : 0.1161    precision@10 : 0.0823    precision@20 : 0.0565    precision@30 : 0.0441    precision@50 : 0.0317    map@1 : 0.1883    map@2 : 0.188    map@3 : 0.1962    map@4 : 0.2015    map@5 : 0.2075    map@10 : 0.224    map@20 : 0.2371    map@30 : 0.2428    map@50 : 0.248
Sun 15 Mar 2026 11:24:41 INFO  Saving current: saved/SCL-Mar-15-2026_11-24-17.pth
Sun 15 Mar 2026 11:24:41 INFO  Saving current best: saved/SCL-Mar-15-2026_11-24-17.pth
Sun 15 Mar 2026 11:24:41 INFO  Running E-step ! 
Sun 15 Mar 2026 11:24:41 INFO  epoch 46 training [time: 0.22s, train_loss1: 3.1075, train_loss2: 0.0408, train_loss3: 0.0107, train_loss4: 0.0058]
Sun 15 Mar 2026 11:24:42 INFO  epoch 46 evaluating [time: 0.27s, valid_score: 0.306300]
Sun 15 Mar 2026 11:24:42 INFO  valid result: 
recall@1 : 0.1165    recall@2 : 0.1965    recall@3 : 0.2632    recall@4 : 0.3035    recall@5 : 0.3395    recall@10 : 0.4557    recall@20 : 0.59    recall@30 : 0.6678    recall@50 : 0.7637    ndcg@1 : 0.1883    ndcg@2 : 0.2133    ndcg@3 : 0.238    ndcg@4 : 0.2521    ndcg@5 : 0.2654    ndcg@10 : 0.3063    ndcg@20 : 0.3462    ndcg@30 : 0.367    ndcg@50 : 0.3902    precision@1 : 0.1883    precision@2 : 0.1621    precision@3 : 0.1454    precision@4 : 0.1278    precision@5 : 0.1161    precision@10 : 0.0824    precision@20 : 0.0565    precision@30 : 0.0442    precision@50 : 0.0317    map@1 : 0.1883    map@2 : 0.188    map@3 : 0.1963    map@4 : 0.2016    map@5 : 0.2075    map@10 : 0.2243    map@20 : 0.2372    map@30 : 0.243    map@50 : 0.2482
Sun 15 Mar 2026 11:24:42 INFO  Saving current: saved/SCL-Mar-15-2026_11-24-17.pth
Sun 15 Mar 2026 11:24:42 INFO  Saving current best: saved/SCL-Mar-15-2026_11-24-17.pth
Sun 15 Mar 2026 11:24:42 INFO  Running E-step ! 
Sun 15 Mar 2026 11:24:42 INFO  epoch 47 training [time: 0.24s, train_loss1: 3.0861, train_loss2: 0.0409, train_loss3: 0.0107, train_loss4: 0.0056]
Sun 15 Mar 2026 11:24:42 INFO  epoch 47 evaluating [time: 0.27s, valid_score: 0.305800]
Sun 15 Mar 2026 11:24:42 INFO  valid result: 
recall@1 : 0.1159    recall@2 : 0.196    recall@3 : 0.2626    recall@4 : 0.3021    recall@5 : 0.3392    recall@10 : 0.4552    recall@20 : 0.5899    recall@30 : 0.6695    recall@50 : 0.7637    ndcg@1 : 0.1877    ndcg@2 : 0.2129    ndcg@3 : 0.2374    ndcg@4 : 0.2511    ndcg@5 : 0.265    ndcg@10 : 0.3058    ndcg@20 : 0.3458    ndcg@30 : 0.367    ndcg@50 : 0.3898    precision@1 : 0.1877    precision@2 : 0.1621    precision@3 : 0.1452    precision@4 : 0.1274    precision@5 : 0.1163    precision@10 : 0.0824    precision@20 : 0.0565    precision@30 : 0.0443    precision@50 : 0.0317    map@1 : 0.1877    map@2 : 0.1876    map@3 : 0.1958    map@4 : 0.2008    map@5 : 0.207    map@10 : 0.2237    map@20 : 0.2366    map@30 : 0.2425    map@50 : 0.2477
Sun 15 Mar 2026 11:24:42 INFO  Running E-step ! 
Sun 15 Mar 2026 11:24:42 INFO  epoch 48 training [time: 0.23s, train_loss1: 3.0898, train_loss2: 0.0410, train_loss3: 0.0107, train_loss4: 0.0055]
Sun 15 Mar 2026 11:24:43 INFO  epoch 48 evaluating [time: 0.28s, valid_score: 0.305900]
Sun 15 Mar 2026 11:24:43 INFO  valid result: 
recall@1 : 0.1159    recall@2 : 0.196    recall@3 : 0.2623    recall@4 : 0.3024    recall@5 : 0.3393    recall@10 : 0.4554    recall@20 : 0.5896    recall@30 : 0.6696    recall@50 : 0.7625    ndcg@1 : 0.1877    ndcg@2 : 0.2129    ndcg@3 : 0.2372    ndcg@4 : 0.2513    ndcg@5 : 0.2651    ndcg@10 : 0.3059    ndcg@20 : 0.3457    ndcg@30 : 0.3671    ndcg@50 : 0.3896    precision@1 : 0.1877    precision@2 : 0.1621    precision@3 : 0.145    precision@4 : 0.1275    precision@5 : 0.1164    precision@10 : 0.0826    precision@20 : 0.0566    precision@30 : 0.0443    precision@50 : 0.0317    map@1 : 0.1877    map@2 : 0.1876    map@3 : 0.1957    map@4 : 0.2008    map@5 : 0.207    map@10 : 0.2237    map@20 : 0.2366    map@30 : 0.2425    map@50 : 0.2476
Sun 15 Mar 2026 11:24:43 INFO  Running E-step ! 
Sun 15 Mar 2026 11:24:43 INFO  epoch 49 training [time: 0.22s, train_loss1: 3.0366, train_loss2: 0.0411, train_loss3: 0.0107, train_loss4: 0.0053]
Sun 15 Mar 2026 11:24:43 INFO  epoch 49 evaluating [time: 0.29s, valid_score: 0.305400]
Sun 15 Mar 2026 11:24:43 INFO  valid result: 
recall@1 : 0.1153    recall@2 : 0.1954    recall@3 : 0.262    recall@4 : 0.3021    recall@5 : 0.3385    recall@10 : 0.4551    recall@20 : 0.5902    recall@30 : 0.6694    recall@50 : 0.7621    ndcg@1 : 0.1871    ndcg@2 : 0.2124    ndcg@3 : 0.237    ndcg@4 : 0.2509    ndcg@5 : 0.2645    ndcg@10 : 0.3054    ndcg@20 : 0.3457    ndcg@30 : 0.3667    ndcg@50 : 0.3892    precision@1 : 0.1871    precision@2 : 0.1618    precision@3 : 0.1452    precision@4 : 0.1275    precision@5 : 0.1163    precision@10 : 0.0825    precision@20 : 0.0568    precision@30 : 0.0444    precision@50 : 0.0317    map@1 : 0.1871    map@2 : 0.187    map@3 : 0.1954    map@4 : 0.2004    map@5 : 0.2064    map@10 : 0.2232    map@20 : 0.2363    map@30 : 0.2421    map@50 : 0.2472
Sun 15 Mar 2026 11:24:43 INFO  Running E-step ! 
Sun 15 Mar 2026 11:24:43 INFO  epoch 50 training [time: 0.21s, train_loss1: 3.0469, train_loss2: 0.0411, train_loss3: 0.0107, train_loss4: 0.0052]
Sun 15 Mar 2026 11:24:44 INFO  epoch 50 evaluating [time: 0.26s, valid_score: 0.305100]
Sun 15 Mar 2026 11:24:44 INFO  valid result: 
recall@1 : 0.1153    recall@2 : 0.1952    recall@3 : 0.2614    recall@4 : 0.3013    recall@5 : 0.3383    recall@10 : 0.4543    recall@20 : 0.5899    recall@30 : 0.6683    recall@50 : 0.7616    ndcg@1 : 0.1871    ndcg@2 : 0.2121    ndcg@3 : 0.2368    ndcg@4 : 0.2504    ndcg@5 : 0.2644    ndcg@10 : 0.3051    ndcg@20 : 0.3455    ndcg@30 : 0.3664    ndcg@50 : 0.3891    precision@1 : 0.1871    precision@2 : 0.1615    precision@3 : 0.1452    precision@4 : 0.1272    precision@5 : 0.1164    precision@10 : 0.0825    precision@20 : 0.0568    precision@30 : 0.0443    precision@50 : 0.0317    map@1 : 0.1871    map@2 : 0.1867    map@3 : 0.1952    map@4 : 0.2001    map@5 : 0.2063    map@10 : 0.223    map@20 : 0.2362    map@30 : 0.2419    map@50 : 0.2471
Sun 15 Mar 2026 11:24:44 INFO  Running E-step ! 
Sun 15 Mar 2026 11:24:44 INFO  epoch 51 training [time: 0.21s, train_loss1: 3.0156, train_loss2: 0.0412, train_loss3: 0.0107, train_loss4: 0.0051]
Sun 15 Mar 2026 11:24:44 INFO  epoch 51 evaluating [time: 0.27s, valid_score: 0.305300]
Sun 15 Mar 2026 11:24:44 INFO  valid result: 
recall@1 : 0.1153    recall@2 : 0.1952    recall@3 : 0.2615    recall@4 : 0.3013    recall@5 : 0.338    recall@10 : 0.4545    recall@20 : 0.59    recall@30 : 0.6697    recall@50 : 0.7607    ndcg@1 : 0.1871    ndcg@2 : 0.2121    ndcg@3 : 0.2369    ndcg@4 : 0.2505    ndcg@5 : 0.2642    ndcg@10 : 0.3053    ndcg@20 : 0.3455    ndcg@30 : 0.3667    ndcg@50 : 0.389    precision@1 : 0.1871    precision@2 : 0.1615    precision@3 : 0.1454    precision@4 : 0.1272    precision@5 : 0.1163    precision@10 : 0.0827    precision@20 : 0.0568    precision@30 : 0.0444    precision@50 : 0.0317    map@1 : 0.1871    map@2 : 0.1867    map@3 : 0.1954    map@4 : 0.2001    map@5 : 0.2062    map@10 : 0.2231    map@20 : 0.2362    map@30 : 0.242    map@50 : 0.2471
Sun 15 Mar 2026 11:24:44 INFO  Running E-step ! 
Sun 15 Mar 2026 11:24:44 INFO  epoch 52 training [time: 0.21s, train_loss1: 3.0249, train_loss2: 0.0413, train_loss3: 0.0107, train_loss4: 0.0049]
Sun 15 Mar 2026 11:24:45 INFO  epoch 52 evaluating [time: 0.26s, valid_score: 0.305300]
Sun 15 Mar 2026 11:24:45 INFO  valid result: 
recall@1 : 0.1153    recall@2 : 0.1952    recall@3 : 0.2616    recall@4 : 0.3017    recall@5 : 0.338    recall@10 : 0.4545    recall@20 : 0.5898    recall@30 : 0.6693    recall@50 : 0.7611    ndcg@1 : 0.1871    ndcg@2 : 0.2121    ndcg@3 : 0.2369    ndcg@4 : 0.2507    ndcg@5 : 0.2642    ndcg@10 : 0.3053    ndcg@20 : 0.3456    ndcg@30 : 0.3667    ndcg@50 : 0.3891    precision@1 : 0.1871    precision@2 : 0.1615    precision@3 : 0.1454    precision@4 : 0.1275    precision@5 : 0.1163    precision@10 : 0.0827    precision@20 : 0.0569    precision@30 : 0.0444    precision@50 : 0.0317    map@1 : 0.1871    map@2 : 0.1867    map@3 : 0.1955    map@4 : 0.2003    map@5 : 0.2063    map@10 : 0.2232    map@20 : 0.2363    map@30 : 0.2421    map@50 : 0.2472
Sun 15 Mar 2026 11:24:45 INFO  Running E-step ! 
Sun 15 Mar 2026 11:24:45 INFO  epoch 53 training [time: 0.22s, train_loss1: 3.0209, train_loss2: 0.0413, train_loss3: 0.0108, train_loss4: 0.0048]
Sun 15 Mar 2026 11:24:45 INFO  epoch 53 evaluating [time: 0.27s, valid_score: 0.305300]
Sun 15 Mar 2026 11:24:45 INFO  valid result: 
recall@1 : 0.1152    recall@2 : 0.1952    recall@3 : 0.2616    recall@4 : 0.3017    recall@5 : 0.3375    recall@10 : 0.4546    recall@20 : 0.5909    recall@30 : 0.6696    recall@50 : 0.7604    ndcg@1 : 0.1865    ndcg@2 : 0.212    ndcg@3 : 0.2369    ndcg@4 : 0.2506    ndcg@5 : 0.264    ndcg@10 : 0.3053    ndcg@20 : 0.3458    ndcg@30 : 0.3668    ndcg@50 : 0.389    precision@1 : 0.1865    precision@2 : 0.1615    precision@3 : 0.1456    precision@4 : 0.1275    precision@5 : 0.1162    precision@10 : 0.0827    precision@20 : 0.057    precision@30 : 0.0445    precision@50 : 0.0317    map@1 : 0.1865    map@2 : 0.1865    map@3 : 0.1955    map@4 : 0.2002    map@5 : 0.2061    map@10 : 0.2231    map@20 : 0.2364    map@30 : 0.2421    map@50 : 0.2472
Sun 15 Mar 2026 11:24:45 INFO  Running E-step ! 
Sun 15 Mar 2026 11:24:45 INFO  epoch 54 training [time: 0.24s, train_loss1: 3.0299, train_loss2: 0.0413, train_loss3: 0.0108, train_loss4: 0.0047]
Sun 15 Mar 2026 11:24:46 INFO  epoch 54 evaluating [time: 0.41s, valid_score: 0.305300]
Sun 15 Mar 2026 11:24:46 INFO  valid result: 
recall@1 : 0.1154    recall@2 : 0.1952    recall@3 : 0.2607    recall@4 : 0.3017    recall@5 : 0.3376    recall@10 : 0.4546    recall@20 : 0.592    recall@30 : 0.6705    recall@50 : 0.7616    ndcg@1 : 0.1871    ndcg@2 : 0.2121    ndcg@3 : 0.2366    ndcg@4 : 0.2506    ndcg@5 : 0.2641    ndcg@10 : 0.3053    ndcg@20 : 0.3461    ndcg@30 : 0.3671    ndcg@50 : 0.3893    precision@1 : 0.1871    precision@2 : 0.1615    precision@3 : 0.1452    precision@4 : 0.1275    precision@5 : 0.1163    precision@10 : 0.0827    precision@20 : 0.057    precision@30 : 0.0445    precision@50 : 0.0318    map@1 : 0.1871    map@2 : 0.1867    map@3 : 0.1953    map@4 : 0.2002    map@5 : 0.2061    map@10 : 0.2231    map@20 : 0.2364    map@30 : 0.2422    map@50 : 0.2473
Sun 15 Mar 2026 11:24:46 INFO  Running E-step ! 
Sun 15 Mar 2026 11:24:46 INFO  epoch 55 training [time: 0.26s, train_loss1: 2.9767, train_loss2: 0.0413, train_loss3: 0.0108, train_loss4: 0.0044]
Sun 15 Mar 2026 11:24:46 INFO  epoch 55 evaluating [time: 0.15s, valid_score: 0.304900]
Sun 15 Mar 2026 11:24:46 INFO  valid result: 
recall@1 : 0.1154    recall@2 : 0.1952    recall@3 : 0.2604    recall@4 : 0.3026    recall@5 : 0.3377    recall@10 : 0.4532    recall@20 : 0.5922    recall@30 : 0.6716    recall@50 : 0.7632    ndcg@1 : 0.1871    ndcg@2 : 0.2121    ndcg@3 : 0.2364    ndcg@4 : 0.2512    ndcg@5 : 0.2641    ndcg@10 : 0.3049    ndcg@20 : 0.3463    ndcg@30 : 0.3674    ndcg@50 : 0.3898    precision@1 : 0.1871    precision@2 : 0.1615    precision@3 : 0.145    precision@4 : 0.1281    precision@5 : 0.1163    precision@10 : 0.0825    precision@20 : 0.0571    precision@30 : 0.0446    precision@50 : 0.0318    map@1 : 0.1871    map@2 : 0.1867    map@3 : 0.1952    map@4 : 0.2005    map@5 : 0.2062    map@10 : 0.223    map@20 : 0.2365    map@30 : 0.2424    map@50 : 0.2475
Sun 15 Mar 2026 11:24:46 INFO  Running E-step ! 
Sun 15 Mar 2026 11:24:46 INFO  epoch 56 training [time: 0.22s, train_loss1: 2.9901, train_loss2: 0.0413, train_loss3: 0.0108, train_loss4: 0.0043]
Sun 15 Mar 2026 11:24:47 INFO  epoch 56 evaluating [time: 0.28s, valid_score: 0.305400]
Sun 15 Mar 2026 11:24:47 INFO  valid result: 
recall@1 : 0.1154    recall@2 : 0.1954    recall@3 : 0.2604    recall@4 : 0.3043    recall@5 : 0.3368    recall@10 : 0.4545    recall@20 : 0.5925    recall@30 : 0.6733    recall@50 : 0.7645    ndcg@1 : 0.1871    ndcg@2 : 0.2124    ndcg@3 : 0.2364    ndcg@4 : 0.2521    ndcg@5 : 0.2639    ndcg@10 : 0.3054    ndcg@20 : 0.3466    ndcg@30 : 0.368    ndcg@50 : 0.3903    precision@1 : 0.1871    precision@2 : 0.1618    precision@3 : 0.145    precision@4 : 0.129    precision@5 : 0.1161    precision@10 : 0.0826    precision@20 : 0.0572    precision@30 : 0.0447    precision@50 : 0.0319    map@1 : 0.1871    map@2 : 0.1868    map@3 : 0.1953    map@4 : 0.201    map@5 : 0.2062    map@10 : 0.2233    map@20 : 0.2368    map@30 : 0.2427    map@50 : 0.2478
Sun 15 Mar 2026 11:24:47 INFO  Running E-step ! 
Sun 15 Mar 2026 11:24:47 INFO  epoch 57 training [time: 0.22s, train_loss1: 2.9650, train_loss2: 0.0413, train_loss3: 0.0108, train_loss4: 0.0042]
Sun 15 Mar 2026 11:24:47 INFO  epoch 57 evaluating [time: 0.28s, valid_score: 0.305700]
Sun 15 Mar 2026 11:24:47 INFO  valid result: 
recall@1 : 0.1154    recall@2 : 0.1954    recall@3 : 0.2605    recall@4 : 0.3043    recall@5 : 0.3369    recall@10 : 0.4553    recall@20 : 0.5929    recall@30 : 0.673    recall@50 : 0.7634    ndcg@1 : 0.1871    ndcg@2 : 0.2124    ndcg@3 : 0.2366    ndcg@4 : 0.2521    ndcg@5 : 0.264    ndcg@10 : 0.3057    ndcg@20 : 0.3468    ndcg@30 : 0.3682    ndcg@50 : 0.3903    precision@1 : 0.1871    precision@2 : 0.1618    precision@3 : 0.1452    precision@4 : 0.129    precision@5 : 0.1162    precision@10 : 0.0827    precision@20 : 0.0572    precision@30 : 0.0447    precision@50 : 0.0319    map@1 : 0.1871    map@2 : 0.1868    map@3 : 0.1953    map@4 : 0.201    map@5 : 0.2062    map@10 : 0.2234    map@20 : 0.2369    map@30 : 0.2428    map@50 : 0.248
Sun 15 Mar 2026 11:24:47 INFO  Running E-step ! 
Sun 15 Mar 2026 11:24:47 INFO  epoch 58 training [time: 0.22s, train_loss1: 2.9859, train_loss2: 0.0413, train_loss3: 0.0108, train_loss4: 0.0041]
Sun 15 Mar 2026 11:24:48 INFO  epoch 58 evaluating [time: 0.27s, valid_score: 0.306000]
Sun 15 Mar 2026 11:24:48 INFO  valid result: 
recall@1 : 0.1151    recall@2 : 0.1956    recall@3 : 0.2606    recall@4 : 0.3038    recall@5 : 0.3364    recall@10 : 0.4563    recall@20 : 0.5933    recall@30 : 0.6757    recall@50 : 0.7636    ndcg@1 : 0.1865    ndcg@2 : 0.2124    ndcg@3 : 0.2366    ndcg@4 : 0.2519    ndcg@5 : 0.2638    ndcg@10 : 0.306    ndcg@20 : 0.3469    ndcg@30 : 0.3688    ndcg@50 : 0.3904    precision@1 : 0.1865    precision@2 : 0.1621    precision@3 : 0.1454    precision@4 : 0.129    precision@5 : 0.1162    precision@10 : 0.0829    precision@20 : 0.0573    precision@30 : 0.0449    precision@50 : 0.0319    map@1 : 0.1865    map@2 : 0.1868    map@3 : 0.1953    map@4 : 0.2008    map@5 : 0.206    map@10 : 0.2234    map@20 : 0.2369    map@30 : 0.2429    map@50 : 0.248
Sun 15 Mar 2026 11:24:48 INFO  Running E-step ! 
Sun 15 Mar 2026 11:24:48 INFO  epoch 59 training [time: 0.22s, train_loss1: 2.9541, train_loss2: 0.0413, train_loss3: 0.0108, train_loss4: 0.0041]
Sun 15 Mar 2026 11:24:48 INFO  epoch 59 evaluating [time: 0.27s, valid_score: 0.306200]
Sun 15 Mar 2026 11:24:48 INFO  valid result: 
recall@1 : 0.1151    recall@2 : 0.1962    recall@3 : 0.2613    recall@4 : 0.3039    recall@5 : 0.3372    recall@10 : 0.4562    recall@20 : 0.5937    recall@30 : 0.6776    recall@50 : 0.7662    ndcg@1 : 0.1865    ndcg@2 : 0.2128    ndcg@3 : 0.2371    ndcg@4 : 0.252    ndcg@5 : 0.2642    ndcg@10 : 0.3062    ndcg@20 : 0.3473    ndcg@30 : 0.3695    ndcg@50 : 0.3911    precision@1 : 0.1865    precision@2 : 0.1624    precision@3 : 0.1458    precision@4 : 0.129    precision@5 : 0.1164    precision@10 : 0.0831    precision@20 : 0.0575    precision@30 : 0.0451    precision@50 : 0.032    map@1 : 0.1865    map@2 : 0.1871    map@3 : 0.1957    map@4 : 0.2009    map@5 : 0.2064    map@10 : 0.2237    map@20 : 0.2373    map@30 : 0.2433    map@50 : 0.2484
Sun 15 Mar 2026 11:24:48 INFO  Running E-step ! 
Sun 15 Mar 2026 11:24:48 INFO  epoch 60 training [time: 0.21s, train_loss1: 2.9684, train_loss2: 0.0413, train_loss3: 0.0108, train_loss4: 0.0040]
Sun 15 Mar 2026 11:24:49 INFO  epoch 60 evaluating [time: 0.27s, valid_score: 0.306500]
Sun 15 Mar 2026 11:24:49 INFO  valid result: 
recall@1 : 0.115    recall@2 : 0.1965    recall@3 : 0.2618    recall@4 : 0.3047    recall@5 : 0.3376    recall@10 : 0.4568    recall@20 : 0.5936    recall@30 : 0.6788    recall@50 : 0.7668    ndcg@1 : 0.1859    ndcg@2 : 0.2134    ndcg@3 : 0.2373    ndcg@4 : 0.2524    ndcg@5 : 0.2644    ndcg@10 : 0.3065    ndcg@20 : 0.3475    ndcg@30 : 0.37    ndcg@50 : 0.3915    precision@1 : 0.1859    precision@2 : 0.1633    precision@3 : 0.146    precision@4 : 0.1293    precision@5 : 0.1164    precision@10 : 0.0831    precision@20 : 0.0575    precision@30 : 0.0452    precision@50 : 0.0321    map@1 : 0.1859    map@2 : 0.1877    map@3 : 0.1959    map@4 : 0.2012    map@5 : 0.2065    map@10 : 0.2239    map@20 : 0.2375    map@30 : 0.2436    map@50 : 0.2487
Sun 15 Mar 2026 11:24:49 INFO  Saving current: saved/SCL-Mar-15-2026_11-24-17.pth
Sun 15 Mar 2026 11:24:49 INFO  Saving current best: saved/SCL-Mar-15-2026_11-24-17.pth
Sun 15 Mar 2026 11:24:49 INFO  Running E-step ! 
Sun 15 Mar 2026 11:24:49 INFO  epoch 61 training [time: 0.23s, train_loss1: 2.9567, train_loss2: 0.0413, train_loss3: 0.0108, train_loss4: 0.0039]
Sun 15 Mar 2026 11:24:49 INFO  epoch 61 evaluating [time: 0.27s, valid_score: 0.307100]
Sun 15 Mar 2026 11:24:49 INFO  valid result: 
recall@1 : 0.115    recall@2 : 0.1966    recall@3 : 0.2618    recall@4 : 0.3047    recall@5 : 0.338    recall@10 : 0.4582    recall@20 : 0.5938    recall@30 : 0.6807    recall@50 : 0.7665    ndcg@1 : 0.1859    ndcg@2 : 0.2136    ndcg@3 : 0.2373    ndcg@4 : 0.2526    ndcg@5 : 0.2646    ndcg@10 : 0.3071    ndcg@20 : 0.3476    ndcg@30 : 0.3706    ndcg@50 : 0.3916    precision@1 : 0.1859    precision@2 : 0.1636    precision@3 : 0.146    precision@4 : 0.1295    precision@5 : 0.1166    precision@10 : 0.0834    precision@20 : 0.0576    precision@30 : 0.0453    precision@50 : 0.0321    map@1 : 0.1859    map@2 : 0.1879    map@3 : 0.1959    map@4 : 0.2013    map@5 : 0.2066    map@10 : 0.2241    map@20 : 0.2376    map@30 : 0.2438    map@50 : 0.2488
Sun 15 Mar 2026 11:24:49 INFO  Saving current: saved/SCL-Mar-15-2026_11-24-17.pth
Sun 15 Mar 2026 11:24:49 INFO  Saving current best: saved/SCL-Mar-15-2026_11-24-17.pth
Sun 15 Mar 2026 11:24:49 INFO  Running E-step ! 
Sun 15 Mar 2026 11:24:49 INFO  epoch 62 training [time: 0.21s, train_loss1: 2.9160, train_loss2: 0.0413, train_loss3: 0.0108, train_loss4: 0.0040]
Sun 15 Mar 2026 11:24:50 INFO  epoch 62 evaluating [time: 0.27s, valid_score: 0.307400]
Sun 15 Mar 2026 11:24:50 INFO  valid result: 
recall@1 : 0.115    recall@2 : 0.1968    recall@3 : 0.2627    recall@4 : 0.3055    recall@5 : 0.3382    recall@10 : 0.4587    recall@20 : 0.5961    recall@30 : 0.6814    recall@50 : 0.7675    ndcg@1 : 0.1859    ndcg@2 : 0.2138    ndcg@3 : 0.238    ndcg@4 : 0.2531    ndcg@5 : 0.2648    ndcg@10 : 0.3074    ndcg@20 : 0.3485    ndcg@30 : 0.371    ndcg@50 : 0.3922    precision@1 : 0.1859    precision@2 : 0.1639    precision@3 : 0.1466    precision@4 : 0.1298    precision@5 : 0.1166    precision@10 : 0.0836    precision@20 : 0.0578    precision@30 : 0.0454    precision@50 : 0.0321    map@1 : 0.1859    map@2 : 0.188    map@3 : 0.1963    map@4 : 0.2016    map@5 : 0.2068    map@10 : 0.2244    map@20 : 0.2381    map@30 : 0.2442    map@50 : 0.2492
Sun 15 Mar 2026 11:24:50 INFO  Saving current: saved/SCL-Mar-15-2026_11-24-17.pth
Sun 15 Mar 2026 11:24:50 INFO  Saving current best: saved/SCL-Mar-15-2026_11-24-17.pth
Sun 15 Mar 2026 11:24:50 INFO  Running E-step ! 
Sun 15 Mar 2026 11:24:50 INFO  epoch 63 training [time: 0.22s, train_loss1: 2.8861, train_loss2: 0.0413, train_loss3: 0.0108, train_loss4: 0.0039]
Sun 15 Mar 2026 11:24:50 INFO  epoch 63 evaluating [time: 0.26s, valid_score: 0.308400]
Sun 15 Mar 2026 11:24:50 INFO  valid result: 
recall@1 : 0.115    recall@2 : 0.1968    recall@3 : 0.2626    recall@4 : 0.3063    recall@5 : 0.339    recall@10 : 0.4616    recall@20 : 0.5971    recall@30 : 0.6846    recall@50 : 0.769    ndcg@1 : 0.1859    ndcg@2 : 0.2138    ndcg@3 : 0.238    ndcg@4 : 0.2535    ndcg@5 : 0.2651    ndcg@10 : 0.3084    ndcg@20 : 0.3489    ndcg@30 : 0.3718    ndcg@50 : 0.3927    precision@1 : 0.1859    precision@2 : 0.1639    precision@3 : 0.1466    precision@4 : 0.1302    precision@5 : 0.1167    precision@10 : 0.0841    precision@20 : 0.058    precision@30 : 0.0455    precision@50 : 0.0322    map@1 : 0.1859    map@2 : 0.188    map@3 : 0.1963    map@4 : 0.202    map@5 : 0.207    map@10 : 0.2248    map@20 : 0.2382    map@30 : 0.2445    map@50 : 0.2494
Sun 15 Mar 2026 11:24:50 INFO  Saving current: saved/SCL-Mar-15-2026_11-24-17.pth
Sun 15 Mar 2026 11:24:50 INFO  Saving current best: saved/SCL-Mar-15-2026_11-24-17.pth
Sun 15 Mar 2026 11:24:50 INFO  Running E-step ! 
Sun 15 Mar 2026 11:24:50 INFO  epoch 64 training [time: 0.22s, train_loss1: 2.8497, train_loss2: 0.0412, train_loss3: 0.0108, train_loss4: 0.0038]
Sun 15 Mar 2026 11:24:51 INFO  epoch 64 evaluating [time: 0.27s, valid_score: 0.308300]
Sun 15 Mar 2026 11:24:51 INFO  valid result: 
recall@1 : 0.115    recall@2 : 0.197    recall@3 : 0.2616    recall@4 : 0.3054    recall@5 : 0.3387    recall@10 : 0.4614    recall@20 : 0.5992    recall@30 : 0.6843    recall@50 : 0.7696    ndcg@1 : 0.1859    ndcg@2 : 0.2141    ndcg@3 : 0.2375    ndcg@4 : 0.2531    ndcg@5 : 0.2651    ndcg@10 : 0.3083    ndcg@20 : 0.3495    ndcg@30 : 0.3719    ndcg@50 : 0.3929    precision@1 : 0.1859    precision@2 : 0.1642    precision@3 : 0.1464    precision@4 : 0.1301    precision@5 : 0.1169    precision@10 : 0.0841    precision@20 : 0.0582    precision@30 : 0.0455    precision@50 : 0.0322    map@1 : 0.1859    map@2 : 0.1882    map@3 : 0.196    map@4 : 0.2017    map@5 : 0.2069    map@10 : 0.2248    map@20 : 0.2384    map@30 : 0.2445    map@50 : 0.2496
Sun 15 Mar 2026 11:24:51 INFO  Running E-step ! 
Sun 15 Mar 2026 11:24:51 INFO  epoch 65 training [time: 0.21s, train_loss1: 2.8599, train_loss2: 0.0412, train_loss3: 0.0108, train_loss4: 0.0038]
Sun 15 Mar 2026 11:24:51 INFO  epoch 65 evaluating [time: 0.21s, valid_score: 0.309000]
Sun 15 Mar 2026 11:24:51 INFO  valid result: 
recall@1 : 0.1157    recall@2 : 0.198    recall@3 : 0.2627    recall@4 : 0.306    recall@5 : 0.3396    recall@10 : 0.4616    recall@20 : 0.5998    recall@30 : 0.6848    recall@50 : 0.7712    ndcg@1 : 0.1865    ndcg@2 : 0.2151    ndcg@3 : 0.2384    ndcg@4 : 0.2538    ndcg@5 : 0.2658    ndcg@10 : 0.309    ndcg@20 : 0.3503    ndcg@30 : 0.3726    ndcg@50 : 0.3939    precision@1 : 0.1865    precision@2 : 0.1651    precision@3 : 0.1466    precision@4 : 0.1302    precision@5 : 0.1169    precision@10 : 0.0842    precision@20 : 0.0582    precision@30 : 0.0455    precision@50 : 0.0323    map@1 : 0.1865    map@2 : 0.1891    map@3 : 0.1968    map@4 : 0.2024    map@5 : 0.2076    map@10 : 0.2255    map@20 : 0.2392    map@30 : 0.2453    map@50 : 0.2504
Sun 15 Mar 2026 11:24:51 INFO  Saving current: saved/SCL-Mar-15-2026_11-24-17.pth
Sun 15 Mar 2026 11:24:51 INFO  Saving current best: saved/SCL-Mar-15-2026_11-24-17.pth
Sun 15 Mar 2026 11:24:51 INFO  Running E-step ! 
Sun 15 Mar 2026 11:24:51 INFO  epoch 66 training [time: 0.21s, train_loss1: 2.9291, train_loss2: 0.0411, train_loss3: 0.0108, train_loss4: 0.0036]
Sun 15 Mar 2026 11:24:52 INFO  epoch 66 evaluating [time: 0.27s, valid_score: 0.309500]
Sun 15 Mar 2026 11:24:52 INFO  valid result: 
recall@1 : 0.1162    recall@2 : 0.1981    recall@3 : 0.2629    recall@4 : 0.3063    recall@5 : 0.3387    recall@10 : 0.4623    recall@20 : 0.6006    recall@30 : 0.6854    recall@50 : 0.771    ndcg@1 : 0.1877    ndcg@2 : 0.2154    ndcg@3 : 0.2386    ndcg@4 : 0.2543    ndcg@5 : 0.2657    ndcg@10 : 0.3095    ndcg@20 : 0.3508    ndcg@30 : 0.3732    ndcg@50 : 0.3943    precision@1 : 0.1877    precision@2 : 0.1651    precision@3 : 0.1464    precision@4 : 0.1305    precision@5 : 0.1167    precision@10 : 0.0843    precision@20 : 0.0583    precision@30 : 0.0456    precision@50 : 0.0323    map@1 : 0.1877    map@2 : 0.1895    map@3 : 0.197    map@4 : 0.2028    map@5 : 0.2077    map@10 : 0.2259    map@20 : 0.2397    map@30 : 0.2458    map@50 : 0.2509
Sun 15 Mar 2026 11:24:52 INFO  Saving current: saved/SCL-Mar-15-2026_11-24-17.pth
Sun 15 Mar 2026 11:24:52 INFO  Saving current best: saved/SCL-Mar-15-2026_11-24-17.pth
Sun 15 Mar 2026 11:24:52 INFO  Running E-step ! 
Sun 15 Mar 2026 11:24:52 INFO  epoch 67 training [time: 0.21s, train_loss1: 2.8566, train_loss2: 0.0411, train_loss3: 0.0108, train_loss4: 0.0034]
Sun 15 Mar 2026 11:24:52 INFO  epoch 67 evaluating [time: 0.26s, valid_score: 0.309600]
Sun 15 Mar 2026 11:24:52 INFO  valid result: 
recall@1 : 0.1162    recall@2 : 0.1984    recall@3 : 0.2629    recall@4 : 0.3064    recall@5 : 0.3388    recall@10 : 0.4621    recall@20 : 0.6009    recall@30 : 0.6856    recall@50 : 0.772    ndcg@1 : 0.1877    ndcg@2 : 0.2159    ndcg@3 : 0.2387    ndcg@4 : 0.2546    ndcg@5 : 0.266    ndcg@10 : 0.3096    ndcg@20 : 0.3511    ndcg@30 : 0.3735    ndcg@50 : 0.3948    precision@1 : 0.1877    precision@2 : 0.1657    precision@3 : 0.1464    precision@4 : 0.1308    precision@5 : 0.117    precision@10 : 0.0843    precision@20 : 0.0583    precision@30 : 0.0457    precision@50 : 0.0323    map@1 : 0.1877    map@2 : 0.1898    map@3 : 0.1971    map@4 : 0.203    map@5 : 0.2079    map@10 : 0.226    map@20 : 0.2399    map@30 : 0.2461    map@50 : 0.2512
Sun 15 Mar 2026 11:24:52 INFO  Saving current: saved/SCL-Mar-15-2026_11-24-17.pth
Sun 15 Mar 2026 11:24:52 INFO  Saving current best: saved/SCL-Mar-15-2026_11-24-17.pth
Sun 15 Mar 2026 11:24:52 INFO  Running E-step ! 
Sun 15 Mar 2026 11:24:53 INFO  epoch 68 training [time: 0.35s, train_loss1: 2.8231, train_loss2: 0.0410, train_loss3: 0.0108, train_loss4: 0.0035]
Sun 15 Mar 2026 11:24:53 INFO  epoch 68 evaluating [time: 0.36s, valid_score: 0.309600]
Sun 15 Mar 2026 11:24:53 INFO  valid result: 
recall@1 : 0.1159    recall@2 : 0.1969    recall@3 : 0.2637    recall@4 : 0.3071    recall@5 : 0.3386    recall@10 : 0.4625    recall@20 : 0.6004    recall@30 : 0.6874    recall@50 : 0.7731    ndcg@1 : 0.1877    ndcg@2 : 0.2148    ndcg@3 : 0.239    ndcg@4 : 0.2547    ndcg@5 : 0.2659    ndcg@10 : 0.3096    ndcg@20 : 0.3509    ndcg@30 : 0.3739    ndcg@50 : 0.3949    precision@1 : 0.1877    precision@2 : 0.1648    precision@3 : 0.1472    precision@4 : 0.1311    precision@5 : 0.1172    precision@10 : 0.0844    precision@20 : 0.0583    precision@30 : 0.0459    precision@50 : 0.0324    map@1 : 0.1877    map@2 : 0.1889    map@3 : 0.197    map@4 : 0.2029    map@5 : 0.2077    map@10 : 0.2258    map@20 : 0.2397    map@30 : 0.246    map@50 : 0.2511
Sun 15 Mar 2026 11:24:53 INFO  Saving current: saved/SCL-Mar-15-2026_11-24-17.pth
Sun 15 Mar 2026 11:24:53 INFO  Saving current best: saved/SCL-Mar-15-2026_11-24-17.pth
Sun 15 Mar 2026 11:24:53 INFO  Running E-step ! 
Sun 15 Mar 2026 11:24:53 INFO  epoch 69 training [time: 0.20s, train_loss1: 2.8447, train_loss2: 0.0410, train_loss3: 0.0108, train_loss4: 0.0035]
Sun 15 Mar 2026 11:24:53 INFO  epoch 69 evaluating [time: 0.25s, valid_score: 0.310100]
Sun 15 Mar 2026 11:24:53 INFO  valid result: 
recall@1 : 0.1156    recall@2 : 0.1972    recall@3 : 0.2637    recall@4 : 0.3071    recall@5 : 0.3393    recall@10 : 0.464    recall@20 : 0.6016    recall@30 : 0.6881    recall@50 : 0.7739    ndcg@1 : 0.1871    ndcg@2 : 0.2149    ndcg@3 : 0.2389    ndcg@4 : 0.2546    ndcg@5 : 0.2661    ndcg@10 : 0.3101    ndcg@20 : 0.3513    ndcg@30 : 0.3742    ndcg@50 : 0.3952    precision@1 : 0.1871    precision@2 : 0.1651    precision@3 : 0.1472    precision@4 : 0.1311    precision@5 : 0.1174    precision@10 : 0.0849    precision@20 : 0.0585    precision@30 : 0.046    precision@50 : 0.0324    map@1 : 0.1871    map@2 : 0.1889    map@3 : 0.1969    map@4 : 0.2028    map@5 : 0.2077    map@10 : 0.226    map@20 : 0.2398    map@30 : 0.2461    map@50 : 0.2512
Sun 15 Mar 2026 11:24:53 INFO  Saving current: saved/SCL-Mar-15-2026_11-24-17.pth
Sun 15 Mar 2026 11:24:53 INFO  Saving current best: saved/SCL-Mar-15-2026_11-24-17.pth
Sun 15 Mar 2026 11:24:53 INFO  Running E-step ! 
Sun 15 Mar 2026 11:24:54 INFO  epoch 70 training [time: 0.23s, train_loss1: 2.8849, train_loss2: 0.0409, train_loss3: 0.0108, train_loss4: 0.0034]
Sun 15 Mar 2026 11:24:54 INFO  epoch 70 evaluating [time: 0.29s, valid_score: 0.310400]
Sun 15 Mar 2026 11:24:54 INFO  valid result: 
recall@1 : 0.1162    recall@2 : 0.1976    recall@3 : 0.2637    recall@4 : 0.3053    recall@5 : 0.3399    recall@10 : 0.464    recall@20 : 0.6031    recall@30 : 0.6916    recall@50 : 0.7753    ndcg@1 : 0.1877    ndcg@2 : 0.2155    ndcg@3 : 0.2392    ndcg@4 : 0.2541    ndcg@5 : 0.2665    ndcg@10 : 0.3104    ndcg@20 : 0.3521    ndcg@30 : 0.3753    ndcg@50 : 0.3959    precision@1 : 0.1877    precision@2 : 0.1654    precision@3 : 0.1472    precision@4 : 0.1307    precision@5 : 0.1175    precision@10 : 0.0849    precision@20 : 0.0587    precision@30 : 0.0462    precision@50 : 0.0325    map@1 : 0.1877    map@2 : 0.1897    map@3 : 0.1973    map@4 : 0.2027    map@5 : 0.2082    map@10 : 0.2263    map@20 : 0.2404    map@30 : 0.2468    map@50 : 0.2518
Sun 15 Mar 2026 11:24:54 INFO  Saving current: saved/SCL-Mar-15-2026_11-24-17.pth
Sun 15 Mar 2026 11:24:54 INFO  Saving current best: saved/SCL-Mar-15-2026_11-24-17.pth
Sun 15 Mar 2026 11:24:54 INFO  Running E-step ! 
Sun 15 Mar 2026 11:24:54 INFO  epoch 71 training [time: 0.23s, train_loss1: 2.8140, train_loss2: 0.0409, train_loss3: 0.0108, train_loss4: 0.0033]
Sun 15 Mar 2026 11:24:54 INFO  epoch 71 evaluating [time: 0.27s, valid_score: 0.310200]
Sun 15 Mar 2026 11:24:54 INFO  valid result: 
recall@1 : 0.1162    recall@2 : 0.1979    recall@3 : 0.264    recall@4 : 0.3055    recall@5 : 0.3396    recall@10 : 0.4633    recall@20 : 0.6041    recall@30 : 0.6936    recall@50 : 0.7769    ndcg@1 : 0.1877    ndcg@2 : 0.2159    ndcg@3 : 0.2394    ndcg@4 : 0.2543    ndcg@5 : 0.2665    ndcg@10 : 0.3102    ndcg@20 : 0.3525    ndcg@30 : 0.3761    ndcg@50 : 0.3965    precision@1 : 0.1877    precision@2 : 0.166    precision@3 : 0.1472    precision@4 : 0.1308    precision@5 : 0.1175    precision@10 : 0.0847    precision@20 : 0.0588    precision@30 : 0.0464    precision@50 : 0.0326    map@1 : 0.1877    map@2 : 0.1901    map@3 : 0.1974    map@4 : 0.2029    map@5 : 0.2082    map@10 : 0.2263    map@20 : 0.2406    map@30 : 0.2472    map@50 : 0.2521
Sun 15 Mar 2026 11:24:54 INFO  Running E-step ! 
Sun 15 Mar 2026 11:24:55 INFO  epoch 72 training [time: 0.23s, train_loss1: 2.8463, train_loss2: 0.0408, train_loss3: 0.0108, train_loss4: 0.0032]
Sun 15 Mar 2026 11:24:55 INFO  epoch 72 evaluating [time: 0.28s, valid_score: 0.310500]
Sun 15 Mar 2026 11:24:55 INFO  valid result: 
recall@1 : 0.1168    recall@2 : 0.1975    recall@3 : 0.265    recall@4 : 0.3051    recall@5 : 0.3398    recall@10 : 0.4634    recall@20 : 0.6054    recall@30 : 0.6955    recall@50 : 0.7776    ndcg@1 : 0.1883    ndcg@2 : 0.2157    ndcg@3 : 0.2401    ndcg@4 : 0.2544    ndcg@5 : 0.2668    ndcg@10 : 0.3105    ndcg@20 : 0.3531    ndcg@30 : 0.3768    ndcg@50 : 0.3969    precision@1 : 0.1883    precision@2 : 0.1654    precision@3 : 0.1478    precision@4 : 0.1308    precision@5 : 0.1176    precision@10 : 0.0849    precision@20 : 0.059    precision@30 : 0.0466    precision@50 : 0.0326    map@1 : 0.1883    map@2 : 0.1898    map@3 : 0.198    map@4 : 0.2031    map@5 : 0.2085    map@10 : 0.2266    map@20 : 0.241    map@30 : 0.2476    map@50 : 0.2524
Sun 15 Mar 2026 11:24:55 INFO  Saving current: saved/SCL-Mar-15-2026_11-24-17.pth
Sun 15 Mar 2026 11:24:55 INFO  Saving current best: saved/SCL-Mar-15-2026_11-24-17.pth
Sun 15 Mar 2026 11:24:55 INFO  Running E-step ! 
Sun 15 Mar 2026 11:24:55 INFO  epoch 73 training [time: 0.23s, train_loss1: 2.8440, train_loss2: 0.0407, train_loss3: 0.0108, train_loss4: 0.0032]
Sun 15 Mar 2026 11:24:55 INFO  epoch 73 evaluating [time: 0.26s, valid_score: 0.311100]
Sun 15 Mar 2026 11:24:55 INFO  valid result: 
recall@1 : 0.1168    recall@2 : 0.1983    recall@3 : 0.2651    recall@4 : 0.3051    recall@5 : 0.3408    recall@10 : 0.4642    recall@20 : 0.6064    recall@30 : 0.6969    recall@50 : 0.7781    ndcg@1 : 0.1883    ndcg@2 : 0.2163    ndcg@3 : 0.2406    ndcg@4 : 0.2546    ndcg@5 : 0.2675    ndcg@10 : 0.3111    ndcg@20 : 0.3537    ndcg@30 : 0.3776    ndcg@50 : 0.3975    precision@1 : 0.1883    precision@2 : 0.166    precision@3 : 0.1484    precision@4 : 0.1308    precision@5 : 0.118    precision@10 : 0.0853    precision@20 : 0.0591    precision@30 : 0.0468    precision@50 : 0.0326    map@1 : 0.1883    map@2 : 0.1903    map@3 : 0.1982    map@4 : 0.2032    map@5 : 0.2089    map@10 : 0.227    map@20 : 0.2414    map@30 : 0.2481    map@50 : 0.2528
Sun 15 Mar 2026 11:24:55 INFO  Saving current: saved/SCL-Mar-15-2026_11-24-17.pth
Sun 15 Mar 2026 11:24:55 INFO  Saving current best: saved/SCL-Mar-15-2026_11-24-17.pth
Sun 15 Mar 2026 11:24:55 INFO  Running E-step ! 
Sun 15 Mar 2026 11:24:56 INFO  epoch 74 training [time: 0.23s, train_loss1: 2.8071, train_loss2: 0.0406, train_loss3: 0.0108, train_loss4: 0.0030]
Sun 15 Mar 2026 11:24:56 INFO  epoch 74 evaluating [time: 0.27s, valid_score: 0.311800]
Sun 15 Mar 2026 11:24:56 INFO  valid result: 
recall@1 : 0.1171    recall@2 : 0.1993    recall@3 : 0.2651    recall@4 : 0.304    recall@5 : 0.3402    recall@10 : 0.4656    recall@20 : 0.6082    recall@30 : 0.6955    recall@50 : 0.7788    ndcg@1 : 0.1889    ndcg@2 : 0.2174    ndcg@3 : 0.2409    ndcg@4 : 0.2544    ndcg@5 : 0.2675    ndcg@10 : 0.3118    ndcg@20 : 0.3544    ndcg@30 : 0.3776    ndcg@50 : 0.398    precision@1 : 0.1889    precision@2 : 0.1672    precision@3 : 0.1484    precision@4 : 0.1307    precision@5 : 0.1179    precision@10 : 0.0856    precision@20 : 0.0593    precision@30 : 0.0467    precision@50 : 0.0327    map@1 : 0.1889    map@2 : 0.1909    map@3 : 0.1983    map@4 : 0.2032    map@5 : 0.209    map@10 : 0.2274    map@20 : 0.2417    map@30 : 0.2484    map@50 : 0.2532
Sun 15 Mar 2026 11:24:56 INFO  Saving current: saved/SCL-Mar-15-2026_11-24-17.pth
Sun 15 Mar 2026 11:24:56 INFO  Saving current best: saved/SCL-Mar-15-2026_11-24-17.pth
Sun 15 Mar 2026 11:24:56 INFO  Running E-step ! 
Sun 15 Mar 2026 11:24:56 INFO  epoch 75 training [time: 0.22s, train_loss1: 2.8094, train_loss2: 0.0406, train_loss3: 0.0108, train_loss4: 0.0030]
Sun 15 Mar 2026 11:24:57 INFO  epoch 75 evaluating [time: 0.27s, valid_score: 0.311600]
Sun 15 Mar 2026 11:24:57 INFO  valid result: 
recall@1 : 0.1166    recall@2 : 0.1991    recall@3 : 0.2645    recall@4 : 0.3033    recall@5 : 0.3399    recall@10 : 0.4657    recall@20 : 0.6089    recall@30 : 0.696    recall@50 : 0.7801    ndcg@1 : 0.1883    ndcg@2 : 0.2175    ndcg@3 : 0.2403    ndcg@4 : 0.2538    ndcg@5 : 0.2671    ndcg@10 : 0.3116    ndcg@20 : 0.3545    ndcg@30 : 0.3775    ndcg@50 : 0.3981    precision@1 : 0.1883    precision@2 : 0.1678    precision@3 : 0.148    precision@4 : 0.1304    precision@5 : 0.1179    precision@10 : 0.0856    precision@20 : 0.0594    precision@30 : 0.0468    precision@50 : 0.0327    map@1 : 0.1883    map@2 : 0.1909    map@3 : 0.1978    map@4 : 0.2027    map@5 : 0.2086    map@10 : 0.2271    map@20 : 0.2415    map@30 : 0.2481    map@50 : 0.253
Sun 15 Mar 2026 11:24:57 INFO  Running E-step ! 
Sun 15 Mar 2026 11:24:57 INFO  epoch 76 training [time: 0.24s, train_loss1: 2.7552, train_loss2: 0.0405, train_loss3: 0.0108, train_loss4: 0.0030]
Sun 15 Mar 2026 11:24:57 INFO  epoch 76 evaluating [time: 0.27s, valid_score: 0.311600]
Sun 15 Mar 2026 11:24:57 INFO  valid result: 
recall@1 : 0.1172    recall@2 : 0.1986    recall@3 : 0.2654    recall@4 : 0.3018    recall@5 : 0.3405    recall@10 : 0.4648    recall@20 : 0.6108    recall@30 : 0.6957    recall@50 : 0.7813    ndcg@1 : 0.1889    ndcg@2 : 0.2175    ndcg@3 : 0.241    ndcg@4 : 0.2534    ndcg@5 : 0.2675    ndcg@10 : 0.3116    ndcg@20 : 0.3553    ndcg@30 : 0.3778    ndcg@50 : 0.3987    precision@1 : 0.1889    precision@2 : 0.1675    precision@3 : 0.1486    precision@4 : 0.1299    precision@5 : 0.1181    precision@10 : 0.0857    precision@20 : 0.0597    precision@30 : 0.0468    precision@50 : 0.0328    map@1 : 0.1889    map@2 : 0.191    map@3 : 0.1984    map@4 : 0.2025    map@5 : 0.2089    map@10 : 0.2274    map@20 : 0.242    map@30 : 0.2485    map@50 : 0.2535
Sun 15 Mar 2026 11:24:57 INFO  Running E-step ! 
Sun 15 Mar 2026 11:24:57 INFO  epoch 77 training [time: 0.23s, train_loss1: 2.7635, train_loss2: 0.0404, train_loss3: 0.0108, train_loss4: 0.0029]
Sun 15 Mar 2026 11:24:58 INFO  epoch 77 evaluating [time: 0.26s, valid_score: 0.312000]
Sun 15 Mar 2026 11:24:58 INFO  valid result: 
recall@1 : 0.1174    recall@2 : 0.1998    recall@3 : 0.2649    recall@4 : 0.3006    recall@5 : 0.341    recall@10 : 0.4653    recall@20 : 0.611    recall@30 : 0.6946    recall@50 : 0.7824    ndcg@1 : 0.1895    ndcg@2 : 0.2186    ndcg@3 : 0.2412    ndcg@4 : 0.253    ndcg@5 : 0.2678    ndcg@10 : 0.312    ndcg@20 : 0.3555    ndcg@30 : 0.3778    ndcg@50 : 0.3993    precision@1 : 0.1895    precision@2 : 0.1684    precision@3 : 0.1486    precision@4 : 0.1295    precision@5 : 0.1181    precision@10 : 0.0858    precision@20 : 0.0597    precision@30 : 0.0467    precision@50 : 0.0329    map@1 : 0.1895    map@2 : 0.192    map@3 : 0.1987    map@4 : 0.2024    map@5 : 0.2092    map@10 : 0.2276    map@20 : 0.2423    map@30 : 0.2488    map@50 : 0.2538
Sun 15 Mar 2026 11:24:58 INFO  Saving current: saved/SCL-Mar-15-2026_11-24-17.pth
Sun 15 Mar 2026 11:24:58 INFO  Saving current best: saved/SCL-Mar-15-2026_11-24-17.pth
Sun 15 Mar 2026 11:24:58 INFO  Running E-step ! 
Sun 15 Mar 2026 11:24:58 INFO  epoch 78 training [time: 0.22s, train_loss1: 2.7537, train_loss2: 0.0403, train_loss3: 0.0108, train_loss4: 0.0029]
Sun 15 Mar 2026 11:24:58 INFO  epoch 78 evaluating [time: 0.26s, valid_score: 0.312700]
Sun 15 Mar 2026 11:24:58 INFO  valid result: 
recall@1 : 0.1192    recall@2 : 0.2023    recall@3 : 0.2648    recall@4 : 0.2993    recall@5 : 0.3405    recall@10 : 0.4642    recall@20 : 0.6126    recall@30 : 0.6954    recall@50 : 0.7832    ndcg@1 : 0.1919    ndcg@2 : 0.2206    ndcg@3 : 0.2425    ndcg@4 : 0.2536    ndcg@5 : 0.2687    ndcg@10 : 0.3127    ndcg@20 : 0.3571    ndcg@30 : 0.3791    ndcg@50 : 0.4006    precision@1 : 0.1919    precision@2 : 0.1692    precision@3 : 0.1492    precision@4 : 0.1292    precision@5 : 0.1181    precision@10 : 0.0857    precision@20 : 0.0599    precision@30 : 0.0468    precision@50 : 0.0329    map@1 : 0.1919    map@2 : 0.1941    map@3 : 0.2004    map@4 : 0.2035    map@5 : 0.2104    map@10 : 0.2289    map@20 : 0.2439    map@30 : 0.2503    map@50 : 0.2553
Sun 15 Mar 2026 11:24:58 INFO  Saving current: saved/SCL-Mar-15-2026_11-24-17.pth
Sun 15 Mar 2026 11:24:58 INFO  Saving current best: saved/SCL-Mar-15-2026_11-24-17.pth
Sun 15 Mar 2026 11:24:58 INFO  Running E-step ! 
Sun 15 Mar 2026 11:24:58 INFO  epoch 79 training [time: 0.23s, train_loss1: 2.7483, train_loss2: 0.0402, train_loss3: 0.0108, train_loss4: 0.0028]
Sun 15 Mar 2026 11:24:59 INFO  epoch 79 evaluating [time: 0.27s, valid_score: 0.313100]
Sun 15 Mar 2026 11:24:59 INFO  valid result: 
recall@1 : 0.1189    recall@2 : 0.2037    recall@3 : 0.2642    recall@4 : 0.3006    recall@5 : 0.3412    recall@10 : 0.4646    recall@20 : 0.612    recall@30 : 0.6982    recall@50 : 0.7839    ndcg@1 : 0.1931    ndcg@2 : 0.2217    ndcg@3 : 0.2426    ndcg@4 : 0.2543    ndcg@5 : 0.2694    ndcg@10 : 0.3131    ndcg@20 : 0.3573    ndcg@30 : 0.38    ndcg@50 : 0.4011    precision@1 : 0.1931    precision@2 : 0.1698    precision@3 : 0.1494    precision@4 : 0.1295    precision@5 : 0.1186    precision@10 : 0.0858    precision@20 : 0.06    precision@30 : 0.047    precision@50 : 0.033    map@1 : 0.1931    map@2 : 0.1949    map@3 : 0.2006    map@4 : 0.2039    map@5 : 0.211    map@10 : 0.2292    map@20 : 0.2441    map@30 : 0.2506    map@50 : 0.2556
Sun 15 Mar 2026 11:24:59 INFO  Saving current: saved/SCL-Mar-15-2026_11-24-17.pth
Sun 15 Mar 2026 11:24:59 INFO  Saving current best: saved/SCL-Mar-15-2026_11-24-17.pth
Sun 15 Mar 2026 11:24:59 INFO  Running E-step ! 
Sun 15 Mar 2026 11:24:59 INFO  epoch 80 training [time: 0.23s, train_loss1: 2.7101, train_loss2: 0.0401, train_loss3: 0.0108, train_loss4: 0.0028]
Sun 15 Mar 2026 11:24:59 INFO  epoch 80 evaluating [time: 0.28s, valid_score: 0.313900]
Sun 15 Mar 2026 11:24:59 INFO  valid result: 
recall@1 : 0.1194    recall@2 : 0.2061    recall@3 : 0.2651    recall@4 : 0.3003    recall@5 : 0.3411    recall@10 : 0.4653    recall@20 : 0.6139    recall@30 : 0.7005    recall@50 : 0.7844    ndcg@1 : 0.1931    ndcg@2 : 0.2233    ndcg@3 : 0.2435    ndcg@4 : 0.2547    ndcg@5 : 0.2698    ndcg@10 : 0.3139    ndcg@20 : 0.3584    ndcg@30 : 0.3813    ndcg@50 : 0.4018    precision@1 : 0.1931    precision@2 : 0.171    precision@3 : 0.1498    precision@4 : 0.1293    precision@5 : 0.1186    precision@10 : 0.0859    precision@20 : 0.0601    precision@30 : 0.0471    precision@50 : 0.033    map@1 : 0.1931    map@2 : 0.1961    map@3 : 0.2014    map@4 : 0.2045    map@5 : 0.2115    map@10 : 0.23    map@20 : 0.2451    map@30 : 0.2516    map@50 : 0.2565
Sun 15 Mar 2026 11:24:59 INFO  Saving current: saved/SCL-Mar-15-2026_11-24-17.pth
Sun 15 Mar 2026 11:24:59 INFO  Saving current best: saved/SCL-Mar-15-2026_11-24-17.pth
Sun 15 Mar 2026 11:24:59 INFO  Running E-step ! 
Sun 15 Mar 2026 11:25:00 INFO  epoch 81 training [time: 0.40s, train_loss1: 2.7314, train_loss2: 0.0401, train_loss3: 0.0108, train_loss4: 0.0027]
Sun 15 Mar 2026 11:25:00 INFO  epoch 81 evaluating [time: 0.21s, valid_score: 0.314200]
Sun 15 Mar 2026 11:25:00 INFO  valid result: 
recall@1 : 0.1191    recall@2 : 0.207    recall@3 : 0.2651    recall@4 : 0.3008    recall@5 : 0.34    recall@10 : 0.4662    recall@20 : 0.6139    recall@30 : 0.7003    recall@50 : 0.7847    ndcg@1 : 0.1925    ndcg@2 : 0.2238    ndcg@3 : 0.2434    ndcg@4 : 0.2549    ndcg@5 : 0.2694    ndcg@10 : 0.3142    ndcg@20 : 0.3585    ndcg@30 : 0.3814    ndcg@50 : 0.4021    precision@1 : 0.1925    precision@2 : 0.1716    precision@3 : 0.1496    precision@4 : 0.1293    precision@5 : 0.1184    precision@10 : 0.086    precision@20 : 0.0601    precision@30 : 0.0471    precision@50 : 0.033    map@1 : 0.1925    map@2 : 0.1964    map@3 : 0.2013    map@4 : 0.2046    map@5 : 0.2112    map@10 : 0.2301    map@20 : 0.2452    map@30 : 0.2518    map@50 : 0.2567
Sun 15 Mar 2026 11:25:00 INFO  Saving current: saved/SCL-Mar-15-2026_11-24-17.pth
Sun 15 Mar 2026 11:25:00 INFO  Saving current best: saved/SCL-Mar-15-2026_11-24-17.pth
Sun 15 Mar 2026 11:25:00 INFO  Running E-step ! 
Sun 15 Mar 2026 11:25:00 INFO  epoch 82 training [time: 0.19s, train_loss1: 2.7103, train_loss2: 0.0400, train_loss3: 0.0108, train_loss4: 0.0027]
Sun 15 Mar 2026 11:25:00 INFO  epoch 82 evaluating [time: 0.26s, valid_score: 0.314900]
Sun 15 Mar 2026 11:25:00 INFO  valid result: 
recall@1 : 0.1193    recall@2 : 0.2067    recall@3 : 0.265    recall@4 : 0.3012    recall@5 : 0.34    recall@10 : 0.4678    recall@20 : 0.6155    recall@30 : 0.7011    recall@50 : 0.7873    ndcg@1 : 0.1919    ndcg@2 : 0.2237    ndcg@3 : 0.2434    ndcg@4 : 0.2551    ndcg@5 : 0.2695    ndcg@10 : 0.3149    ndcg@20 : 0.3591    ndcg@30 : 0.3817    ndcg@50 : 0.4028    precision@1 : 0.1919    precision@2 : 0.1716    precision@3 : 0.1496    precision@4 : 0.1296    precision@5 : 0.1185    precision@10 : 0.0865    precision@20 : 0.0603    precision@30 : 0.0472    precision@50 : 0.0331    map@1 : 0.1919    map@2 : 0.1964    map@3 : 0.2014    map@4 : 0.2049    map@5 : 0.2114    map@10 : 0.2306    map@20 : 0.2456    map@30 : 0.2521    map@50 : 0.257
Sun 15 Mar 2026 11:25:00 INFO  Saving current: saved/SCL-Mar-15-2026_11-24-17.pth
Sun 15 Mar 2026 11:25:00 INFO  Saving current best: saved/SCL-Mar-15-2026_11-24-17.pth
Sun 15 Mar 2026 11:25:00 INFO  Running E-step ! 
Sun 15 Mar 2026 11:25:00 INFO  epoch 83 training [time: 0.21s, train_loss1: 2.7051, train_loss2: 0.0399, train_loss3: 0.0108, train_loss4: 0.0026]
Sun 15 Mar 2026 11:25:01 INFO  epoch 83 evaluating [time: 0.26s, valid_score: 0.314700]
Sun 15 Mar 2026 11:25:01 INFO  valid result: 
recall@1 : 0.1189    recall@2 : 0.2064    recall@3 : 0.2648    recall@4 : 0.3026    recall@5 : 0.3401    recall@10 : 0.4675    recall@20 : 0.6181    recall@30 : 0.7016    recall@50 : 0.7864    ndcg@1 : 0.1919    ndcg@2 : 0.2232    ndcg@3 : 0.243    ndcg@4 : 0.2556    ndcg@5 : 0.2694    ndcg@10 : 0.3147    ndcg@20 : 0.3597    ndcg@30 : 0.3818    ndcg@50 : 0.4026    precision@1 : 0.1919    precision@2 : 0.171    precision@3 : 0.1494    precision@4 : 0.1301    precision@5 : 0.1188    precision@10 : 0.0865    precision@20 : 0.0605    precision@30 : 0.0472    precision@50 : 0.033    map@1 : 0.1919    map@2 : 0.1961    map@3 : 0.2011    map@4 : 0.205    map@5 : 0.2114    map@10 : 0.2304    map@20 : 0.2457    map@30 : 0.252    map@50 : 0.257
Sun 15 Mar 2026 11:25:01 INFO  Running E-step ! 
Sun 15 Mar 2026 11:25:01 INFO  epoch 84 training [time: 0.23s, train_loss1: 2.7021, train_loss2: 0.0398, train_loss3: 0.0108, train_loss4: 0.0026]
Sun 15 Mar 2026 11:25:01 INFO  epoch 84 evaluating [time: 0.27s, valid_score: 0.314800]
Sun 15 Mar 2026 11:25:01 INFO  valid result: 
recall@1 : 0.1197    recall@2 : 0.2065    recall@3 : 0.2633    recall@4 : 0.3027    recall@5 : 0.3403    recall@10 : 0.4666    recall@20 : 0.6193    recall@30 : 0.7031    recall@50 : 0.7873    ndcg@1 : 0.1937    ndcg@2 : 0.2236    ndcg@3 : 0.2426    ndcg@4 : 0.256    ndcg@5 : 0.2698    ndcg@10 : 0.3148    ndcg@20 : 0.3605    ndcg@30 : 0.3825    ndcg@50 : 0.4032    precision@1 : 0.1937    precision@2 : 0.171    precision@3 : 0.149    precision@4 : 0.1304    precision@5 : 0.1188    precision@10 : 0.0864    precision@20 : 0.0607    precision@30 : 0.0472    precision@50 : 0.0331    map@1 : 0.1937    map@2 : 0.1965    map@3 : 0.2009    map@4 : 0.2054    map@5 : 0.2116    map@10 : 0.2306    map@20 : 0.2462    map@30 : 0.2525    map@50 : 0.2574
Sun 15 Mar 2026 11:25:01 INFO  Running E-step ! 
Sun 15 Mar 2026 11:25:01 INFO  epoch 85 training [time: 0.24s, train_loss1: 2.6957, train_loss2: 0.0397, train_loss3: 0.0109, train_loss4: 0.0026]
Sun 15 Mar 2026 11:25:02 INFO  epoch 85 evaluating [time: 0.26s, valid_score: 0.315600]
Sun 15 Mar 2026 11:25:02 INFO  valid result: 
recall@1 : 0.1201    recall@2 : 0.2069    recall@3 : 0.2646    recall@4 : 0.3029    recall@5 : 0.34    recall@10 : 0.4676    recall@20 : 0.6189    recall@30 : 0.7035    recall@50 : 0.7866    ndcg@1 : 0.1949    ndcg@2 : 0.2242    ndcg@3 : 0.2437    ndcg@4 : 0.2564    ndcg@5 : 0.2701    ndcg@10 : 0.3156    ndcg@20 : 0.3608    ndcg@30 : 0.383    ndcg@50 : 0.4035    precision@1 : 0.1949    precision@2 : 0.1713    precision@3 : 0.1496    precision@4 : 0.1304    precision@5 : 0.119    precision@10 : 0.0867    precision@20 : 0.0607    precision@30 : 0.0472    precision@50 : 0.033    map@1 : 0.1949    map@2 : 0.1973    map@3 : 0.2017    map@4 : 0.2058    map@5 : 0.2121    map@10 : 0.2313    map@20 : 0.2467    map@30 : 0.253    map@50 : 0.258
Sun 15 Mar 2026 11:25:02 INFO  Saving current: saved/SCL-Mar-15-2026_11-24-17.pth
Sun 15 Mar 2026 11:25:02 INFO  Saving current best: saved/SCL-Mar-15-2026_11-24-17.pth
Sun 15 Mar 2026 11:25:02 INFO  Running E-step ! 
Sun 15 Mar 2026 11:25:02 INFO  epoch 86 training [time: 0.22s, train_loss1: 2.6471, train_loss2: 0.0396, train_loss3: 0.0109, train_loss4: 0.0025]
Sun 15 Mar 2026 11:25:02 INFO  epoch 86 evaluating [time: 0.26s, valid_score: 0.316500]
Sun 15 Mar 2026 11:25:02 INFO  valid result: 
recall@1 : 0.1212    recall@2 : 0.2077    recall@3 : 0.265    recall@4 : 0.3026    recall@5 : 0.3395    recall@10 : 0.4686    recall@20 : 0.6196    recall@30 : 0.7043    recall@50 : 0.7881    ndcg@1 : 0.1961    ndcg@2 : 0.2257    ndcg@3 : 0.2446    ndcg@4 : 0.2569    ndcg@5 : 0.2706    ndcg@10 : 0.3165    ndcg@20 : 0.3617    ndcg@30 : 0.3839    ndcg@50 : 0.4045    precision@1 : 0.1961    precision@2 : 0.1725    precision@3 : 0.15    precision@4 : 0.1304    precision@5 : 0.1191    precision@10 : 0.0869    precision@20 : 0.0607    precision@30 : 0.0473    precision@50 : 0.0331    map@1 : 0.1961    map@2 : 0.1989    map@3 : 0.2028    map@4 : 0.2066    map@5 : 0.2129    map@10 : 0.2322    map@20 : 0.2477    map@30 : 0.254    map@50 : 0.2589
Sun 15 Mar 2026 11:25:02 INFO  Saving current: saved/SCL-Mar-15-2026_11-24-17.pth
Sun 15 Mar 2026 11:25:02 INFO  Saving current best: saved/SCL-Mar-15-2026_11-24-17.pth
Sun 15 Mar 2026 11:25:02 INFO  Running E-step ! 
Sun 15 Mar 2026 11:25:02 INFO  epoch 87 training [time: 0.22s, train_loss1: 2.6579, train_loss2: 0.0395, train_loss3: 0.0109, train_loss4: 0.0025]
Sun 15 Mar 2026 11:25:03 INFO  epoch 87 evaluating [time: 0.26s, valid_score: 0.317000]
Sun 15 Mar 2026 11:25:03 INFO  valid result: 
recall@1 : 0.1212    recall@2 : 0.2072    recall@3 : 0.2656    recall@4 : 0.3034    recall@5 : 0.3395    recall@10 : 0.4698    recall@20 : 0.62    recall@30 : 0.7045    recall@50 : 0.7885    ndcg@1 : 0.1955    ndcg@2 : 0.2255    ndcg@3 : 0.245    ndcg@4 : 0.2573    ndcg@5 : 0.2705    ndcg@10 : 0.317    ndcg@20 : 0.3619    ndcg@30 : 0.3841    ndcg@50 : 0.4048    precision@1 : 0.1955    precision@2 : 0.1725    precision@3 : 0.1506    precision@4 : 0.1308    precision@5 : 0.119    precision@10 : 0.0872    precision@20 : 0.0608    precision@30 : 0.0473    precision@50 : 0.0331    map@1 : 0.1955    map@2 : 0.1985    map@3 : 0.203    map@4 : 0.2069    map@5 : 0.2128    map@10 : 0.2325    map@20 : 0.2479    map@30 : 0.2542    map@50 : 0.2591
Sun 15 Mar 2026 11:25:03 INFO  Saving current: saved/SCL-Mar-15-2026_11-24-17.pth
Sun 15 Mar 2026 11:25:03 INFO  Saving current best: saved/SCL-Mar-15-2026_11-24-17.pth
Sun 15 Mar 2026 11:25:03 INFO  Running E-step ! 
Sun 15 Mar 2026 11:25:03 INFO  epoch 88 training [time: 0.23s, train_loss1: 2.6357, train_loss2: 0.0395, train_loss3: 0.0109, train_loss4: 0.0025]
Sun 15 Mar 2026 11:25:03 INFO  epoch 88 evaluating [time: 0.27s, valid_score: 0.317600]
Sun 15 Mar 2026 11:25:03 INFO  valid result: 
recall@1 : 0.1221    recall@2 : 0.208    recall@3 : 0.2649    recall@4 : 0.3045    recall@5 : 0.3398    recall@10 : 0.4699    recall@20 : 0.6203    recall@30 : 0.7049    recall@50 : 0.7884    ndcg@1 : 0.1973    ndcg@2 : 0.2263    ndcg@3 : 0.245    ndcg@4 : 0.2583    ndcg@5 : 0.2713    ndcg@10 : 0.3176    ndcg@20 : 0.3625    ndcg@30 : 0.3848    ndcg@50 : 0.4054    precision@1 : 0.1973    precision@2 : 0.1728    precision@3 : 0.15    precision@4 : 0.1313    precision@5 : 0.1193    precision@10 : 0.0872    precision@20 : 0.0608    precision@30 : 0.0474    precision@50 : 0.0331    map@1 : 0.1973    map@2 : 0.1992    map@3 : 0.2032    map@4 : 0.2077    map@5 : 0.2136    map@10 : 0.2332    map@20 : 0.2486    map@30 : 0.2549    map@50 : 0.2599
Sun 15 Mar 2026 11:25:03 INFO  Saving current: saved/SCL-Mar-15-2026_11-24-17.pth
Sun 15 Mar 2026 11:25:03 INFO  Saving current best: saved/SCL-Mar-15-2026_11-24-17.pth
Sun 15 Mar 2026 11:25:03 INFO  Running E-step ! 
Sun 15 Mar 2026 11:25:03 INFO  epoch 89 training [time: 0.24s, train_loss1: 2.6534, train_loss2: 0.0394, train_loss3: 0.0109, train_loss4: 0.0024]
Sun 15 Mar 2026 11:25:04 INFO  epoch 89 evaluating [time: 0.28s, valid_score: 0.318100]
Sun 15 Mar 2026 11:25:04 INFO  valid result: 
recall@1 : 0.1221    recall@2 : 0.2083    recall@3 : 0.2658    recall@4 : 0.3043    recall@5 : 0.3391    recall@10 : 0.4712    recall@20 : 0.6205    recall@30 : 0.7059    recall@50 : 0.7883    ndcg@1 : 0.1973    ndcg@2 : 0.2266    ndcg@3 : 0.2456    ndcg@4 : 0.2582    ndcg@5 : 0.2712    ndcg@10 : 0.3181    ndcg@20 : 0.3627    ndcg@30 : 0.3852    ndcg@50 : 0.4056    precision@1 : 0.1973    precision@2 : 0.1731    precision@3 : 0.1506    precision@4 : 0.131    precision@5 : 0.1193    precision@10 : 0.0874    precision@20 : 0.0607    precision@30 : 0.0474    precision@50 : 0.0331    map@1 : 0.1973    map@2 : 0.1992    map@3 : 0.2036    map@4 : 0.2077    map@5 : 0.2136    map@10 : 0.2334    map@20 : 0.2487    map@30 : 0.2552    map@50 : 0.26
Sun 15 Mar 2026 11:25:04 INFO  Saving current: saved/SCL-Mar-15-2026_11-24-17.pth
Sun 15 Mar 2026 11:25:04 INFO  Saving current best: saved/SCL-Mar-15-2026_11-24-17.pth
Sun 15 Mar 2026 11:25:04 INFO  Running E-step ! 
Sun 15 Mar 2026 11:25:04 INFO  epoch 90 training [time: 0.22s, train_loss1: 2.6295, train_loss2: 0.0393, train_loss3: 0.0109, train_loss4: 0.0024]
Sun 15 Mar 2026 11:25:04 INFO  epoch 90 evaluating [time: 0.28s, valid_score: 0.318000]
Sun 15 Mar 2026 11:25:04 INFO  valid result: 
recall@1 : 0.1225    recall@2 : 0.2087    recall@3 : 0.2665    recall@4 : 0.3046    recall@5 : 0.3386    recall@10 : 0.4702    recall@20 : 0.6212    recall@30 : 0.7064    recall@50 : 0.7898    ndcg@1 : 0.1979    ndcg@2 : 0.2274    ndcg@3 : 0.2462    ndcg@4 : 0.2586    ndcg@5 : 0.2712    ndcg@10 : 0.318    ndcg@20 : 0.3632    ndcg@30 : 0.3857    ndcg@50 : 0.4063    precision@1 : 0.1979    precision@2 : 0.174    precision@3 : 0.1508    precision@4 : 0.1311    precision@5 : 0.1191    precision@10 : 0.0872    precision@20 : 0.0608    precision@30 : 0.0474    precision@50 : 0.0332    map@1 : 0.1979    map@2 : 0.1998    map@3 : 0.204    map@4 : 0.208    map@5 : 0.2137    map@10 : 0.2335    map@20 : 0.2491    map@30 : 0.2555    map@50 : 0.2605
Sun 15 Mar 2026 11:25:04 INFO  Running E-step ! 
Sun 15 Mar 2026 11:25:05 INFO  epoch 91 training [time: 0.22s, train_loss1: 2.6401, train_loss2: 0.0392, train_loss3: 0.0109, train_loss4: 0.0024]
Sun 15 Mar 2026 11:25:05 INFO  epoch 91 evaluating [time: 0.28s, valid_score: 0.319200]
Sun 15 Mar 2026 11:25:05 INFO  valid result: 
recall@1 : 0.1229    recall@2 : 0.2087    recall@3 : 0.267    recall@4 : 0.3056    recall@5 : 0.3381    recall@10 : 0.4729    recall@20 : 0.6223    recall@30 : 0.7065    recall@50 : 0.7903    ndcg@1 : 0.1979    ndcg@2 : 0.2275    ndcg@3 : 0.2467    ndcg@4 : 0.2592    ndcg@5 : 0.2711    ndcg@10 : 0.3192    ndcg@20 : 0.3639    ndcg@30 : 0.3861    ndcg@50 : 0.4068    precision@1 : 0.1979    precision@2 : 0.174    precision@3 : 0.1512    precision@4 : 0.1316    precision@5 : 0.1188    precision@10 : 0.0877    precision@20 : 0.0609    precision@30 : 0.0474    precision@50 : 0.0332    map@1 : 0.1979    map@2 : 0.1999    map@3 : 0.2046    map@4 : 0.2087    map@5 : 0.2139    map@10 : 0.2343    map@20 : 0.2497    map@30 : 0.2561    map@50 : 0.261
Sun 15 Mar 2026 11:25:05 INFO  Saving current: saved/SCL-Mar-15-2026_11-24-17.pth
Sun 15 Mar 2026 11:25:05 INFO  Saving current best: saved/SCL-Mar-15-2026_11-24-17.pth
Sun 15 Mar 2026 11:25:05 INFO  Running E-step ! 
Sun 15 Mar 2026 11:25:05 INFO  epoch 92 training [time: 0.24s, train_loss1: 2.6010, train_loss2: 0.0391, train_loss3: 0.0109, train_loss4: 0.0024]
Sun 15 Mar 2026 11:25:05 INFO  epoch 92 evaluating [time: 0.27s, valid_score: 0.319900]
Sun 15 Mar 2026 11:25:05 INFO  valid result: 
recall@1 : 0.123    recall@2 : 0.2087    recall@3 : 0.2674    recall@4 : 0.3062    recall@5 : 0.3388    recall@10 : 0.4745    recall@20 : 0.6226    recall@30 : 0.7074    recall@50 : 0.7911    ndcg@1 : 0.1985    ndcg@2 : 0.2276    ndcg@3 : 0.2471    ndcg@4 : 0.2597    ndcg@5 : 0.2716    ndcg@10 : 0.3199    ndcg@20 : 0.3642    ndcg@30 : 0.3866    ndcg@50 : 0.4072    precision@1 : 0.1985    precision@2 : 0.174    precision@3 : 0.1514    precision@4 : 0.132    precision@5 : 0.119    precision@10 : 0.088    precision@20 : 0.0609    precision@30 : 0.0476    precision@50 : 0.0332    map@1 : 0.1985    map@2 : 0.2001    map@3 : 0.205    map@4 : 0.2092    map@5 : 0.2141    map@10 : 0.2348    map@20 : 0.25    map@30 : 0.2565    map@50 : 0.2614
Sun 15 Mar 2026 11:25:05 INFO  Saving current: saved/SCL-Mar-15-2026_11-24-17.pth
Sun 15 Mar 2026 11:25:05 INFO  Saving current best: saved/SCL-Mar-15-2026_11-24-17.pth
Sun 15 Mar 2026 11:25:05 INFO  Running E-step ! 
Sun 15 Mar 2026 11:25:06 INFO  epoch 93 training [time: 0.24s, train_loss1: 2.5904, train_loss2: 0.0390, train_loss3: 0.0109, train_loss4: 0.0024]
Sun 15 Mar 2026 11:25:06 INFO  epoch 93 evaluating [time: 0.30s, valid_score: 0.320200]
Sun 15 Mar 2026 11:25:06 INFO  valid result: 
recall@1 : 0.1225    recall@2 : 0.2092    recall@3 : 0.2677    recall@4 : 0.3064    recall@5 : 0.3403    recall@10 : 0.4754    recall@20 : 0.6232    recall@30 : 0.7074    recall@50 : 0.7921    ndcg@1 : 0.1973    ndcg@2 : 0.2275    ndcg@3 : 0.247    ndcg@4 : 0.2596    ndcg@5 : 0.272    ndcg@10 : 0.3202    ndcg@20 : 0.3644    ndcg@30 : 0.3866    ndcg@50 : 0.4074    precision@1 : 0.1973    precision@2 : 0.174    precision@3 : 0.1516    precision@4 : 0.132    precision@5 : 0.1194    precision@10 : 0.0883    precision@20 : 0.0611    precision@30 : 0.0475    precision@50 : 0.0332    map@1 : 0.1973    map@2 : 0.1999    map@3 : 0.2049    map@4 : 0.209    map@5 : 0.2143    map@10 : 0.2349    map@20 : 0.2501    map@30 : 0.2565    map@50 : 0.2614
Sun 15 Mar 2026 11:25:06 INFO  Saving current: saved/SCL-Mar-15-2026_11-24-17.pth
Sun 15 Mar 2026 11:25:06 INFO  Saving current best: saved/SCL-Mar-15-2026_11-24-17.pth
Sun 15 Mar 2026 11:25:06 INFO  Running E-step ! 
Sun 15 Mar 2026 11:25:06 INFO  epoch 94 training [time: 0.39s, train_loss1: 2.6329, train_loss2: 0.0389, train_loss3: 0.0109, train_loss4: 0.0024]
Sun 15 Mar 2026 11:25:06 INFO  epoch 94 evaluating [time: 0.18s, valid_score: 0.320800]
Sun 15 Mar 2026 11:25:06 INFO  valid result: 
recall@1 : 0.123    recall@2 : 0.2096    recall@3 : 0.2671    recall@4 : 0.3065    recall@5 : 0.3421    recall@10 : 0.4757    recall@20 : 0.6235    recall@30 : 0.7078    recall@50 : 0.7932    ndcg@1 : 0.1979    ndcg@2 : 0.2282    ndcg@3 : 0.247    ndcg@4 : 0.2598    ndcg@5 : 0.2731    ndcg@10 : 0.3208    ndcg@20 : 0.3649    ndcg@30 : 0.3871    ndcg@50 : 0.4081    precision@1 : 0.1979    precision@2 : 0.1746    precision@3 : 0.1514    precision@4 : 0.132    precision@5 : 0.1201    precision@10 : 0.0886    precision@20 : 0.0611    precision@30 : 0.0476    precision@50 : 0.0333    map@1 : 0.1979    map@2 : 0.2005    map@3 : 0.2051    map@4 : 0.2094    map@5 : 0.2152    map@10 : 0.2354    map@20 : 0.2507    map@30 : 0.257    map@50 : 0.262
Sun 15 Mar 2026 11:25:06 INFO  Saving current: saved/SCL-Mar-15-2026_11-24-17.pth
Sun 15 Mar 2026 11:25:06 INFO  Saving current best: saved/SCL-Mar-15-2026_11-24-17.pth
Sun 15 Mar 2026 11:25:06 INFO  Running E-step ! 
Sun 15 Mar 2026 11:25:07 INFO  epoch 95 training [time: 0.19s, train_loss1: 2.6051, train_loss2: 0.0388, train_loss3: 0.0109, train_loss4: 0.0023]
Sun 15 Mar 2026 11:25:07 INFO  epoch 95 evaluating [time: 0.26s, valid_score: 0.321900]
Sun 15 Mar 2026 11:25:07 INFO  valid result: 
recall@1 : 0.1241    recall@2 : 0.2108    recall@3 : 0.2669    recall@4 : 0.3082    recall@5 : 0.3422    recall@10 : 0.4771    recall@20 : 0.6261    recall@30 : 0.7078    recall@50 : 0.7942    ndcg@1 : 0.1985    ndcg@2 : 0.2295    ndcg@3 : 0.2474    ndcg@4 : 0.2612    ndcg@5 : 0.2738    ndcg@10 : 0.3219    ndcg@20 : 0.3663    ndcg@30 : 0.3879    ndcg@50 : 0.4091    precision@1 : 0.1985    precision@2 : 0.1758    precision@3 : 0.1514    precision@4 : 0.1326    precision@5 : 0.1203    precision@10 : 0.0887    precision@20 : 0.0613    precision@30 : 0.0476    precision@50 : 0.0333    map@1 : 0.1985    map@2 : 0.202    map@3 : 0.2058    map@4 : 0.2105    map@5 : 0.2161    map@10 : 0.2365    map@20 : 0.2518    map@30 : 0.2581    map@50 : 0.2631
Sun 15 Mar 2026 11:25:07 INFO  Saving current: saved/SCL-Mar-15-2026_11-24-17.pth
Sun 15 Mar 2026 11:25:07 INFO  Saving current best: saved/SCL-Mar-15-2026_11-24-17.pth
Sun 15 Mar 2026 11:25:07 INFO  Running E-step ! 
Sun 15 Mar 2026 11:25:07 INFO  epoch 96 training [time: 0.23s, train_loss1: 2.5877, train_loss2: 0.0387, train_loss3: 0.0109, train_loss4: 0.0023]
Sun 15 Mar 2026 11:25:07 INFO  epoch 96 evaluating [time: 0.14s, valid_score: 0.322200]
Sun 15 Mar 2026 11:25:07 INFO  valid result: 
recall@1 : 0.1242    recall@2 : 0.2113    recall@3 : 0.2676    recall@4 : 0.3079    recall@5 : 0.3411    recall@10 : 0.4771    recall@20 : 0.6262    recall@30 : 0.7082    recall@50 : 0.7938    ndcg@1 : 0.199    ndcg@2 : 0.2304    ndcg@3 : 0.2482    ndcg@4 : 0.2614    ndcg@5 : 0.2736    ndcg@10 : 0.3222    ndcg@20 : 0.3666    ndcg@30 : 0.3883    ndcg@50 : 0.4093    precision@1 : 0.199    precision@2 : 0.1767    precision@3 : 0.152    precision@4 : 0.1326    precision@5 : 0.1199    precision@10 : 0.0889    precision@20 : 0.0613    precision@30 : 0.0476    precision@50 : 0.0333    map@1 : 0.199    map@2 : 0.2028    map@3 : 0.2063    map@4 : 0.2108    map@5 : 0.216    map@10 : 0.2368    map@20 : 0.2521    map@30 : 0.2584    map@50 : 0.2634
Sun 15 Mar 2026 11:25:07 INFO  Saving current: saved/SCL-Mar-15-2026_11-24-17.pth
Sun 15 Mar 2026 11:25:07 INFO  Saving current best: saved/SCL-Mar-15-2026_11-24-17.pth
Sun 15 Mar 2026 11:25:07 INFO  Running E-step ! 
Sun 15 Mar 2026 11:25:08 INFO  epoch 97 training [time: 0.23s, train_loss1: 2.5540, train_loss2: 0.0386, train_loss3: 0.0109, train_loss4: 0.0023]
Sun 15 Mar 2026 11:25:08 INFO  epoch 97 evaluating [time: 0.27s, valid_score: 0.322800]
Sun 15 Mar 2026 11:25:08 INFO  valid result: 
recall@1 : 0.1248    recall@2 : 0.2122    recall@3 : 0.2685    recall@4 : 0.3068    recall@5 : 0.3412    recall@10 : 0.4778    recall@20 : 0.6272    recall@30 : 0.7083    recall@50 : 0.7953    ndcg@1 : 0.1996    ndcg@2 : 0.2309    ndcg@3 : 0.2491    ndcg@4 : 0.2612    ndcg@5 : 0.274    ndcg@10 : 0.3228    ndcg@20 : 0.3673    ndcg@30 : 0.3888    ndcg@50 : 0.41    precision@1 : 0.1996    precision@2 : 0.1767    precision@3 : 0.1524    precision@4 : 0.1322    precision@5 : 0.1201    precision@10 : 0.089    precision@20 : 0.0614    precision@30 : 0.0477    precision@50 : 0.0333    map@1 : 0.1996    map@2 : 0.2034    map@3 : 0.2073    map@4 : 0.211    map@5 : 0.2166    map@10 : 0.2374    map@20 : 0.2528    map@30 : 0.259    map@50 : 0.264
Sun 15 Mar 2026 11:25:08 INFO  Saving current: saved/SCL-Mar-15-2026_11-24-17.pth
Sun 15 Mar 2026 11:25:08 INFO  Saving current best: saved/SCL-Mar-15-2026_11-24-17.pth
Sun 15 Mar 2026 11:25:08 INFO  Running E-step ! 
Sun 15 Mar 2026 11:25:08 INFO  epoch 98 training [time: 0.22s, train_loss1: 2.5733, train_loss2: 0.0385, train_loss3: 0.0109, train_loss4: 0.0023]
Sun 15 Mar 2026 11:25:08 INFO  epoch 98 evaluating [time: 0.27s, valid_score: 0.323400]
Sun 15 Mar 2026 11:25:08 INFO  valid result: 
recall@1 : 0.126    recall@2 : 0.2113    recall@3 : 0.2693    recall@4 : 0.3085    recall@5 : 0.3436    recall@10 : 0.478    recall@20 : 0.627    recall@30 : 0.7081    recall@50 : 0.7966    ndcg@1 : 0.2008    ndcg@2 : 0.231    ndcg@3 : 0.2499    ndcg@4 : 0.2624    ndcg@5 : 0.2754    ndcg@10 : 0.3234    ndcg@20 : 0.3679    ndcg@30 : 0.3894    ndcg@50 : 0.4109    precision@1 : 0.2008    precision@2 : 0.1767    precision@3 : 0.1528    precision@4 : 0.1327    precision@5 : 0.1206    precision@10 : 0.0889    precision@20 : 0.0614    precision@30 : 0.0477    precision@50 : 0.0334    map@1 : 0.2008    map@2 : 0.2037    map@3 : 0.208    map@4 : 0.212    map@5 : 0.2178    map@10 : 0.2381    map@20 : 0.2536    map@30 : 0.2598    map@50 : 0.2648
Sun 15 Mar 2026 11:25:08 INFO  Saving current: saved/SCL-Mar-15-2026_11-24-17.pth
Sun 15 Mar 2026 11:25:08 INFO  Saving current best: saved/SCL-Mar-15-2026_11-24-17.pth
Sun 15 Mar 2026 11:25:08 INFO  Running E-step ! 
Sun 15 Mar 2026 11:25:09 INFO  epoch 99 training [time: 0.22s, train_loss1: 2.5687, train_loss2: 0.0384, train_loss3: 0.0109, train_loss4: 0.0022]
Sun 15 Mar 2026 11:25:09 INFO  epoch 99 evaluating [time: 0.27s, valid_score: 0.323700]
Sun 15 Mar 2026 11:25:09 INFO  valid result: 
recall@1 : 0.126    recall@2 : 0.2101    recall@3 : 0.2699    recall@4 : 0.3102    recall@5 : 0.3439    recall@10 : 0.4787    recall@20 : 0.6275    recall@30 : 0.7089    recall@50 : 0.7961    ndcg@1 : 0.2008    ndcg@2 : 0.23    ndcg@3 : 0.2497    ndcg@4 : 0.263    ndcg@5 : 0.2757    ndcg@10 : 0.3237    ndcg@20 : 0.3682    ndcg@30 : 0.3897    ndcg@50 : 0.4109    precision@1 : 0.2008    precision@2 : 0.1758    precision@3 : 0.1526    precision@4 : 0.1333    precision@5 : 0.1211    precision@10 : 0.0891    precision@20 : 0.0615    precision@30 : 0.0477    precision@50 : 0.0334    map@1 : 0.2008    map@2 : 0.2029    map@3 : 0.2076    map@4 : 0.2122    map@5 : 0.2178    map@10 : 0.2382    map@20 : 0.2537    map@30 : 0.2599    map@50 : 0.2649
Sun 15 Mar 2026 11:25:09 INFO  Saving current: saved/SCL-Mar-15-2026_11-24-17.pth
Sun 15 Mar 2026 11:25:09 INFO  Saving current best: saved/SCL-Mar-15-2026_11-24-17.pth
Sun 15 Mar 2026 11:25:09 INFO  Running E-step ! 
Sun 15 Mar 2026 11:25:09 INFO  epoch 100 training [time: 0.22s, train_loss1: 2.5352, train_loss2: 0.0383, train_loss3: 0.0109, train_loss4: 0.0022]
Sun 15 Mar 2026 11:25:09 INFO  epoch 100 evaluating [time: 0.27s, valid_score: 0.323700]
Sun 15 Mar 2026 11:25:09 INFO  valid result: 
recall@1 : 0.1259    recall@2 : 0.2095    recall@3 : 0.2702    recall@4 : 0.31    recall@5 : 0.3427    recall@10 : 0.4792    recall@20 : 0.6281    recall@30 : 0.7091    recall@50 : 0.7966    ndcg@1 : 0.2008    ndcg@2 : 0.2297    ndcg@3 : 0.2497    ndcg@4 : 0.2629    ndcg@5 : 0.275    ndcg@10 : 0.3237    ndcg@20 : 0.3683    ndcg@30 : 0.3897    ndcg@50 : 0.411    precision@1 : 0.2008    precision@2 : 0.1755    precision@3 : 0.1526    precision@4 : 0.1335    precision@5 : 0.1206    precision@10 : 0.0892    precision@20 : 0.0617    precision@30 : 0.0477    precision@50 : 0.0334    map@1 : 0.2008    map@2 : 0.2026    map@3 : 0.2077    map@4 : 0.2121    map@5 : 0.2173    map@10 : 0.2382    map@20 : 0.2538    map@30 : 0.2599    map@50 : 0.2649
Sun 15 Mar 2026 11:25:09 INFO  Saving current: saved/SCL-Mar-15-2026_11-24-17.pth
Sun 15 Mar 2026 11:25:09 INFO  Saving current best: saved/SCL-Mar-15-2026_11-24-17.pth
Sun 15 Mar 2026 11:25:09 INFO  Running E-step ! 
Sun 15 Mar 2026 11:25:10 INFO  epoch 101 training [time: 0.24s, train_loss1: 2.5393, train_loss2: 0.0383, train_loss3: 0.0109, train_loss4: 0.0022]
Sun 15 Mar 2026 11:25:10 INFO  epoch 101 evaluating [time: 0.25s, valid_score: 0.323700]
Sun 15 Mar 2026 11:25:10 INFO  valid result: 
recall@1 : 0.1259    recall@2 : 0.2094    recall@3 : 0.27    recall@4 : 0.3099    recall@5 : 0.3431    recall@10 : 0.4789    recall@20 : 0.629    recall@30 : 0.7094    recall@50 : 0.7972    ndcg@1 : 0.2008    ndcg@2 : 0.2297    ndcg@3 : 0.2495    ndcg@4 : 0.263    ndcg@5 : 0.2751    ndcg@10 : 0.3237    ndcg@20 : 0.3686    ndcg@30 : 0.3899    ndcg@50 : 0.4113    precision@1 : 0.2008    precision@2 : 0.1758    precision@3 : 0.1526    precision@4 : 0.1338    precision@5 : 0.1206    precision@10 : 0.0892    precision@20 : 0.0617    precision@30 : 0.0477    precision@50 : 0.0334    map@1 : 0.2008    map@2 : 0.2028    map@3 : 0.2075    map@4 : 0.2121    map@5 : 0.2173    map@10 : 0.2382    map@20 : 0.254    map@30 : 0.26    map@50 : 0.2651
Sun 15 Mar 2026 11:25:10 INFO  Saving current: saved/SCL-Mar-15-2026_11-24-17.pth
Sun 15 Mar 2026 11:25:10 INFO  Saving current best: saved/SCL-Mar-15-2026_11-24-17.pth
Sun 15 Mar 2026 11:25:10 INFO  Running E-step ! 
Sun 15 Mar 2026 11:25:10 INFO  epoch 102 training [time: 0.23s, train_loss1: 2.5230, train_loss2: 0.0382, train_loss3: 0.0109, train_loss4: 0.0022]
Sun 15 Mar 2026 11:25:10 INFO  epoch 102 evaluating [time: 0.27s, valid_score: 0.324400]
Sun 15 Mar 2026 11:25:10 INFO  valid result: 
recall@1 : 0.1271    recall@2 : 0.2094    recall@3 : 0.2713    recall@4 : 0.3102    recall@5 : 0.3436    recall@10 : 0.4789    recall@20 : 0.6298    recall@30 : 0.7109    recall@50 : 0.7975    ndcg@1 : 0.202    ndcg@2 : 0.2302    ndcg@3 : 0.2507    ndcg@4 : 0.264    ndcg@5 : 0.276    ndcg@10 : 0.3244    ndcg@20 : 0.3695    ndcg@30 : 0.3908    ndcg@50 : 0.412    precision@1 : 0.202    precision@2 : 0.1758    precision@3 : 0.1532    precision@4 : 0.1347    precision@5 : 0.1211    precision@10 : 0.0893    precision@20 : 0.0618    precision@30 : 0.0478    precision@50 : 0.0334    map@1 : 0.202    map@2 : 0.2034    map@3 : 0.2084    map@4 : 0.2132    map@5 : 0.2183    map@10 : 0.239    map@20 : 0.2548    map@30 : 0.2608    map@50 : 0.2659
Sun 15 Mar 2026 11:25:10 INFO  Saving current: saved/SCL-Mar-15-2026_11-24-17.pth
Sun 15 Mar 2026 11:25:10 INFO  Saving current best: saved/SCL-Mar-15-2026_11-24-17.pth
Sun 15 Mar 2026 11:25:10 INFO  Running E-step ! 
Sun 15 Mar 2026 11:25:11 INFO  epoch 103 training [time: 0.24s, train_loss1: 2.4904, train_loss2: 0.0381, train_loss3: 0.0109, train_loss4: 0.0021]
Sun 15 Mar 2026 11:25:11 INFO  epoch 103 evaluating [time: 0.27s, valid_score: 0.324400]
Sun 15 Mar 2026 11:25:11 INFO  valid result: 
recall@1 : 0.1267    recall@2 : 0.2088    recall@3 : 0.2721    recall@4 : 0.3095    recall@5 : 0.3431    recall@10 : 0.4794    recall@20 : 0.63    recall@30 : 0.7112    recall@50 : 0.7981    ndcg@1 : 0.2026    ndcg@2 : 0.2299    ndcg@3 : 0.2511    ndcg@4 : 0.2636    ndcg@5 : 0.2758    ndcg@10 : 0.3244    ndcg@20 : 0.3694    ndcg@30 : 0.3909    ndcg@50 : 0.4121    precision@1 : 0.2026    precision@2 : 0.1755    precision@3 : 0.1538    precision@4 : 0.1344    precision@5 : 0.1211    precision@10 : 0.0894    precision@20 : 0.0618    precision@30 : 0.0479    precision@50 : 0.0335    map@1 : 0.2026    map@2 : 0.2031    map@3 : 0.2086    map@4 : 0.2129    map@5 : 0.218    map@10 : 0.2389    map@20 : 0.2546    map@30 : 0.2607    map@50 : 0.2657
Sun 15 Mar 2026 11:25:11 INFO  Saving current: saved/SCL-Mar-15-2026_11-24-17.pth
Sun 15 Mar 2026 11:25:11 INFO  Saving current best: saved/SCL-Mar-15-2026_11-24-17.pth
Sun 15 Mar 2026 11:25:11 INFO  Running E-step ! 
Sun 15 Mar 2026 11:25:11 INFO  epoch 104 training [time: 0.22s, train_loss1: 2.5259, train_loss2: 0.0380, train_loss3: 0.0109, train_loss4: 0.0021]
Sun 15 Mar 2026 11:25:11 INFO  epoch 104 evaluating [time: 0.28s, valid_score: 0.325000]
Sun 15 Mar 2026 11:25:11 INFO  valid result: 
recall@1 : 0.1261    recall@2 : 0.2094    recall@3 : 0.2734    recall@4 : 0.311    recall@5 : 0.3419    recall@10 : 0.4808    recall@20 : 0.6303    recall@30 : 0.7128    recall@50 : 0.7983    ndcg@1 : 0.202    ndcg@2 : 0.23    ndcg@3 : 0.2518    ndcg@4 : 0.2642    ndcg@5 : 0.2753    ndcg@10 : 0.325    ndcg@20 : 0.3696    ndcg@30 : 0.3915    ndcg@50 : 0.4123    precision@1 : 0.202    precision@2 : 0.1758    precision@3 : 0.1545    precision@4 : 0.1347    precision@5 : 0.1207    precision@10 : 0.0898    precision@20 : 0.0618    precision@30 : 0.048    precision@50 : 0.0335    map@1 : 0.202    map@2 : 0.2031    map@3 : 0.2087    map@4 : 0.2131    map@5 : 0.2177    map@10 : 0.2391    map@20 : 0.2547    map@30 : 0.2609    map@50 : 0.2658
Sun 15 Mar 2026 11:25:11 INFO  Saving current: saved/SCL-Mar-15-2026_11-24-17.pth
Sun 15 Mar 2026 11:25:11 INFO  Saving current best: saved/SCL-Mar-15-2026_11-24-17.pth
Sun 15 Mar 2026 11:25:11 INFO  Running E-step ! 
Sun 15 Mar 2026 11:25:12 INFO  epoch 105 training [time: 0.21s, train_loss1: 2.4814, train_loss2: 0.0379, train_loss3: 0.0109, train_loss4: 0.0021]
Sun 15 Mar 2026 11:25:12 INFO  epoch 105 evaluating [time: 0.27s, valid_score: 0.325200]
Sun 15 Mar 2026 11:25:12 INFO  valid result: 
recall@1 : 0.1249    recall@2 : 0.2096    recall@3 : 0.2752    recall@4 : 0.3121    recall@5 : 0.342    recall@10 : 0.4817    recall@20 : 0.6312    recall@30 : 0.7129    recall@50 : 0.7984    ndcg@1 : 0.2008    ndcg@2 : 0.2298    ndcg@3 : 0.2524    ndcg@4 : 0.2645    ndcg@5 : 0.2752    ndcg@10 : 0.3252    ndcg@20 : 0.3699    ndcg@30 : 0.3915    ndcg@50 : 0.4123    precision@1 : 0.2008    precision@2 : 0.1761    precision@3 : 0.1555    precision@4 : 0.1351    precision@5 : 0.1209    precision@10 : 0.09    precision@20 : 0.0619    precision@30 : 0.048    precision@50 : 0.0335    map@1 : 0.2008    map@2 : 0.2025    map@3 : 0.2089    map@4 : 0.2131    map@5 : 0.2174    map@10 : 0.239    map@20 : 0.2546    map@30 : 0.2608    map@50 : 0.2657
Sun 15 Mar 2026 11:25:12 INFO  Saving current: saved/SCL-Mar-15-2026_11-24-17.pth
Sun 15 Mar 2026 11:25:12 INFO  Saving current best: saved/SCL-Mar-15-2026_11-24-17.pth
Sun 15 Mar 2026 11:25:12 INFO  Running E-step ! 
Sun 15 Mar 2026 11:25:12 INFO  epoch 106 training [time: 0.23s, train_loss1: 2.4926, train_loss2: 0.0378, train_loss3: 0.0109, train_loss4: 0.0021]
Sun 15 Mar 2026 11:25:12 INFO  epoch 106 evaluating [time: 0.26s, valid_score: 0.325900]
Sun 15 Mar 2026 11:25:12 INFO  valid result: 
recall@1 : 0.1249    recall@2 : 0.2096    recall@3 : 0.2753    recall@4 : 0.3124    recall@5 : 0.344    recall@10 : 0.4834    recall@20 : 0.6323    recall@30 : 0.7126    recall@50 : 0.7984    ndcg@1 : 0.2008    ndcg@2 : 0.2298    ndcg@3 : 0.2525    ndcg@4 : 0.2647    ndcg@5 : 0.276    ndcg@10 : 0.3259    ndcg@20 : 0.3702    ndcg@30 : 0.3916    ndcg@50 : 0.4125    precision@1 : 0.2008    precision@2 : 0.1761    precision@3 : 0.1555    precision@4 : 0.1354    precision@5 : 0.1213    precision@10 : 0.0902    precision@20 : 0.0619    precision@30 : 0.048    precision@50 : 0.0335    map@1 : 0.2008    map@2 : 0.2025    map@3 : 0.209    map@4 : 0.2133    map@5 : 0.2179    map@10 : 0.2395    map@20 : 0.2549    map@30 : 0.2611    map@50 : 0.266
Sun 15 Mar 2026 11:25:12 INFO  Saving current: saved/SCL-Mar-15-2026_11-24-17.pth
Sun 15 Mar 2026 11:25:12 INFO  Saving current best: saved/SCL-Mar-15-2026_11-24-17.pth
Sun 15 Mar 2026 11:25:12 INFO  Running E-step ! 
Sun 15 Mar 2026 11:25:13 INFO  epoch 107 training [time: 0.32s, train_loss1: 2.4718, train_loss2: 0.0378, train_loss3: 0.0109, train_loss4: 0.0020]
Sun 15 Mar 2026 11:25:13 INFO  epoch 107 evaluating [time: 0.40s, valid_score: 0.325700]
Sun 15 Mar 2026 11:25:13 INFO  valid result: 
recall@1 : 0.1249    recall@2 : 0.2098    recall@3 : 0.2746    recall@4 : 0.3141    recall@5 : 0.3449    recall@10 : 0.4824    recall@20 : 0.6319    recall@30 : 0.7136    recall@50 : 0.7995    ndcg@1 : 0.2008    ndcg@2 : 0.23    ndcg@3 : 0.2519    ndcg@4 : 0.2655    ndcg@5 : 0.2765    ndcg@10 : 0.3257    ndcg@20 : 0.3704    ndcg@30 : 0.392    ndcg@50 : 0.4129    precision@1 : 0.2008    precision@2 : 0.1764    precision@3 : 0.1549    precision@4 : 0.1362    precision@5 : 0.1217    precision@10 : 0.0901    precision@20 : 0.062    precision@30 : 0.0481    precision@50 : 0.0335    map@1 : 0.2008    map@2 : 0.2028    map@3 : 0.2086    map@4 : 0.2138    map@5 : 0.2182    map@10 : 0.2396    map@20 : 0.2552    map@30 : 0.2613    map@50 : 0.2663
Sun 15 Mar 2026 11:25:13 INFO  Running E-step ! 
Sun 15 Mar 2026 11:25:13 INFO  epoch 108 training [time: 0.21s, train_loss1: 2.4946, train_loss2: 0.0377, train_loss3: 0.0109, train_loss4: 0.0020]
Sun 15 Mar 2026 11:25:14 INFO  epoch 108 evaluating [time: 0.16s, valid_score: 0.325800]
Sun 15 Mar 2026 11:25:14 INFO  valid result: 
recall@1 : 0.1251    recall@2 : 0.21    recall@3 : 0.2749    recall@4 : 0.3142    recall@5 : 0.345    recall@10 : 0.4819    recall@20 : 0.6315    recall@30 : 0.7145    recall@50 : 0.8    ndcg@1 : 0.2014    ndcg@2 : 0.2306    ndcg@3 : 0.2523    ndcg@4 : 0.2659    ndcg@5 : 0.2768    ndcg@10 : 0.3258    ndcg@20 : 0.3705    ndcg@30 : 0.3925    ndcg@50 : 0.4133    precision@1 : 0.2014    precision@2 : 0.177    precision@3 : 0.1551    precision@4 : 0.1366    precision@5 : 0.1219    precision@10 : 0.0901    precision@20 : 0.0619    precision@30 : 0.0481    precision@50 : 0.0335    map@1 : 0.2014    map@2 : 0.2034    map@3 : 0.2089    map@4 : 0.2141    map@5 : 0.2185    map@10 : 0.2397    map@20 : 0.2554    map@30 : 0.2616    map@50 : 0.2666
Sun 15 Mar 2026 11:25:14 INFO  Running E-step ! 
Sun 15 Mar 2026 11:25:14 INFO  epoch 109 training [time: 0.23s, train_loss1: 2.4494, train_loss2: 0.0376, train_loss3: 0.0109, train_loss4: 0.0020]
Sun 15 Mar 2026 11:25:14 INFO  epoch 109 evaluating [time: 0.26s, valid_score: 0.327000]
Sun 15 Mar 2026 11:25:14 INFO  valid result: 
recall@1 : 0.1258    recall@2 : 0.2107    recall@3 : 0.2745    recall@4 : 0.3144    recall@5 : 0.3443    recall@10 : 0.4842    recall@20 : 0.6322    recall@30 : 0.7157    recall@50 : 0.8027    ndcg@1 : 0.2026    ndcg@2 : 0.2311    ndcg@3 : 0.2523    ndcg@4 : 0.2663    ndcg@5 : 0.2768    ndcg@10 : 0.327    ndcg@20 : 0.3712    ndcg@30 : 0.3931    ndcg@50 : 0.4142    precision@1 : 0.2026    precision@2 : 0.177    precision@3 : 0.1547    precision@4 : 0.1368    precision@5 : 0.1217    precision@10 : 0.0906    precision@20 : 0.062    precision@30 : 0.0481    precision@50 : 0.0336    map@1 : 0.2026    map@2 : 0.2038    map@3 : 0.2092    map@4 : 0.2146    map@5 : 0.2188    map@10 : 0.2406    map@20 : 0.256    map@30 : 0.2622    map@50 : 0.2672
Sun 15 Mar 2026 11:25:14 INFO  Saving current: saved/SCL-Mar-15-2026_11-24-17.pth
Sun 15 Mar 2026 11:25:14 INFO  Saving current best: saved/SCL-Mar-15-2026_11-24-17.pth
Sun 15 Mar 2026 11:25:14 INFO  Running E-step ! 
Sun 15 Mar 2026 11:25:14 INFO  epoch 110 training [time: 0.23s, train_loss1: 2.4471, train_loss2: 0.0375, train_loss3: 0.0109, train_loss4: 0.0019]
Sun 15 Mar 2026 11:25:15 INFO  epoch 110 evaluating [time: 0.27s, valid_score: 0.327500]
Sun 15 Mar 2026 11:25:15 INFO  valid result: 
recall@1 : 0.1265    recall@2 : 0.2107    recall@3 : 0.2732    recall@4 : 0.3149    recall@5 : 0.3446    recall@10 : 0.4848    recall@20 : 0.6321    recall@30 : 0.7159    recall@50 : 0.8022    ndcg@1 : 0.2038    ndcg@2 : 0.2315    ndcg@3 : 0.2519    ndcg@4 : 0.2668    ndcg@5 : 0.2772    ndcg@10 : 0.3275    ndcg@20 : 0.3715    ndcg@30 : 0.3935    ndcg@50 : 0.4144    precision@1 : 0.2038    precision@2 : 0.177    precision@3 : 0.1542    precision@4 : 0.1371    precision@5 : 0.1218    precision@10 : 0.0908    precision@20 : 0.0621    precision@30 : 0.0482    precision@50 : 0.0336    map@1 : 0.2038    map@2 : 0.2043    map@3 : 0.2092    map@4 : 0.2151    map@5 : 0.2192    map@10 : 0.2411    map@20 : 0.2564    map@30 : 0.2626    map@50 : 0.2676
Sun 15 Mar 2026 11:25:15 INFO  Saving current: saved/SCL-Mar-15-2026_11-24-17.pth
Sun 15 Mar 2026 11:25:15 INFO  Saving current best: saved/SCL-Mar-15-2026_11-24-17.pth
Sun 15 Mar 2026 11:25:15 INFO  Running E-step ! 
Sun 15 Mar 2026 11:25:15 INFO  epoch 111 training [time: 0.24s, train_loss1: 2.4452, train_loss2: 0.0374, train_loss3: 0.0109, train_loss4: 0.0019]
Sun 15 Mar 2026 11:25:15 INFO  epoch 111 evaluating [time: 0.28s, valid_score: 0.328200]
Sun 15 Mar 2026 11:25:15 INFO  valid result: 
recall@1 : 0.1273    recall@2 : 0.2106    recall@3 : 0.2748    recall@4 : 0.3155    recall@5 : 0.3458    recall@10 : 0.4851    recall@20 : 0.6335    recall@30 : 0.7157    recall@50 : 0.8029    ndcg@1 : 0.2056    ndcg@2 : 0.2317    ndcg@3 : 0.2533    ndcg@4 : 0.2677    ndcg@5 : 0.2782    ndcg@10 : 0.3282    ndcg@20 : 0.3724    ndcg@30 : 0.3941    ndcg@50 : 0.4152    precision@1 : 0.2056    precision@2 : 0.1767    precision@3 : 0.1551    precision@4 : 0.1377    precision@5 : 0.1223    precision@10 : 0.0909    precision@20 : 0.0622    precision@30 : 0.0482    precision@50 : 0.0336    map@1 : 0.2056    map@2 : 0.2046    map@3 : 0.2103    map@4 : 0.2159    map@5 : 0.2201    map@10 : 0.2418    map@20 : 0.2572    map@30 : 0.2634    map@50 : 0.2683
Sun 15 Mar 2026 11:25:15 INFO  Saving current: saved/SCL-Mar-15-2026_11-24-17.pth
Sun 15 Mar 2026 11:25:15 INFO  Saving current best: saved/SCL-Mar-15-2026_11-24-17.pth
Sun 15 Mar 2026 11:25:15 INFO  Running E-step ! 
Sun 15 Mar 2026 11:25:15 INFO  epoch 112 training [time: 0.23s, train_loss1: 2.4370, train_loss2: 0.0374, train_loss3: 0.0109, train_loss4: 0.0019]
Sun 15 Mar 2026 11:25:16 INFO  epoch 112 evaluating [time: 0.27s, valid_score: 0.327600]
Sun 15 Mar 2026 11:25:16 INFO  valid result: 
recall@1 : 0.1255    recall@2 : 0.2106    recall@3 : 0.2744    recall@4 : 0.3152    recall@5 : 0.3454    recall@10 : 0.4849    recall@20 : 0.6343    recall@30 : 0.7171    recall@50 : 0.8032    ndcg@1 : 0.2038    ndcg@2 : 0.2313    ndcg@3 : 0.2524    ndcg@4 : 0.2668    ndcg@5 : 0.2774    ndcg@10 : 0.3276    ndcg@20 : 0.3721    ndcg@30 : 0.3938    ndcg@50 : 0.4148    precision@1 : 0.2038    precision@2 : 0.177    precision@3 : 0.1549    precision@4 : 0.1374    precision@5 : 0.1222    precision@10 : 0.091    precision@20 : 0.0623    precision@30 : 0.0482    precision@50 : 0.0336    map@1 : 0.2038    map@2 : 0.204    map@3 : 0.2092    map@4 : 0.2149    map@5 : 0.2191    map@10 : 0.2409    map@20 : 0.2564    map@30 : 0.2626    map@50 : 0.2675
Sun 15 Mar 2026 11:25:16 INFO  Running E-step ! 
Sun 15 Mar 2026 11:25:16 INFO  epoch 113 training [time: 0.22s, train_loss1: 2.4563, train_loss2: 0.0373, train_loss3: 0.0109, train_loss4: 0.0019]
Sun 15 Mar 2026 11:25:16 INFO  epoch 113 evaluating [time: 0.26s, valid_score: 0.328400]
Sun 15 Mar 2026 11:25:16 INFO  valid result: 
recall@1 : 0.1261    recall@2 : 0.2106    recall@3 : 0.2762    recall@4 : 0.3152    recall@5 : 0.3464    recall@10 : 0.4859    recall@20 : 0.6344    recall@30 : 0.7164    recall@50 : 0.8027    ndcg@1 : 0.2044    ndcg@2 : 0.2315    ndcg@3 : 0.2535    ndcg@4 : 0.2672    ndcg@5 : 0.2782    ndcg@10 : 0.3284    ndcg@20 : 0.3725    ndcg@30 : 0.3942    ndcg@50 : 0.4152    precision@1 : 0.2044    precision@2 : 0.177    precision@3 : 0.1553    precision@4 : 0.1375    precision@5 : 0.1225    precision@10 : 0.0912    precision@20 : 0.0623    precision@30 : 0.0482    precision@50 : 0.0336    map@1 : 0.2044    map@2 : 0.2043    map@3 : 0.21    map@4 : 0.2154    map@5 : 0.2197    map@10 : 0.2416    map@20 : 0.257    map@30 : 0.2632    map@50 : 0.2682
Sun 15 Mar 2026 11:25:16 INFO  Saving current: saved/SCL-Mar-15-2026_11-24-17.pth
Sun 15 Mar 2026 11:25:16 INFO  Saving current best: saved/SCL-Mar-15-2026_11-24-17.pth
Sun 15 Mar 2026 11:25:16 INFO  Running E-step ! 
Sun 15 Mar 2026 11:25:16 INFO  epoch 114 training [time: 0.22s, train_loss1: 2.4179, train_loss2: 0.0372, train_loss3: 0.0109, train_loss4: 0.0018]
Sun 15 Mar 2026 11:25:17 INFO  epoch 114 evaluating [time: 0.26s, valid_score: 0.329800]
Sun 15 Mar 2026 11:25:17 INFO  valid result: 
recall@1 : 0.1279    recall@2 : 0.212    recall@3 : 0.276    recall@4 : 0.3153    recall@5 : 0.3479    recall@10 : 0.4866    recall@20 : 0.6358    recall@30 : 0.7176    recall@50 : 0.8038    ndcg@1 : 0.2062    ndcg@2 : 0.233    ndcg@3 : 0.2542    ndcg@4 : 0.2681    ndcg@5 : 0.2797    ndcg@10 : 0.3298    ndcg@20 : 0.374    ndcg@30 : 0.3956    ndcg@50 : 0.4166    precision@1 : 0.2062    precision@2 : 0.1779    precision@3 : 0.1553    precision@4 : 0.1375    precision@5 : 0.1231    precision@10 : 0.0914    precision@20 : 0.0624    precision@30 : 0.0483    precision@50 : 0.0337    map@1 : 0.2062    map@2 : 0.2058    map@3 : 0.2111    map@4 : 0.2166    map@5 : 0.2213    map@10 : 0.2432    map@20 : 0.2586    map@30 : 0.2647    map@50 : 0.2697
Sun 15 Mar 2026 11:25:17 INFO  Saving current: saved/SCL-Mar-15-2026_11-24-17.pth
Sun 15 Mar 2026 11:25:17 INFO  Saving current best: saved/SCL-Mar-15-2026_11-24-17.pth
Sun 15 Mar 2026 11:25:17 INFO  Running E-step ! 
Sun 15 Mar 2026 11:25:17 INFO  epoch 115 training [time: 0.21s, train_loss1: 2.3983, train_loss2: 0.0371, train_loss3: 0.0109, train_loss4: 0.0018]
Sun 15 Mar 2026 11:25:17 INFO  epoch 115 evaluating [time: 0.28s, valid_score: 0.329800]
Sun 15 Mar 2026 11:25:17 INFO  valid result: 
recall@1 : 0.126    recall@2 : 0.2123    recall@3 : 0.276    recall@4 : 0.3164    recall@5 : 0.3484    recall@10 : 0.4882    recall@20 : 0.6371    recall@30 : 0.7185    recall@50 : 0.8043    ndcg@1 : 0.2038    ndcg@2 : 0.2324    ndcg@3 : 0.2536    ndcg@4 : 0.2679    ndcg@5 : 0.2793    ndcg@10 : 0.3298    ndcg@20 : 0.3738    ndcg@30 : 0.3953    ndcg@50 : 0.4162    precision@1 : 0.2038    precision@2 : 0.1779    precision@3 : 0.1555    precision@4 : 0.1378    precision@5 : 0.1234    precision@10 : 0.0918    precision@20 : 0.0625    precision@30 : 0.0484    precision@50 : 0.0337    map@1 : 0.2038    map@2 : 0.2049    map@3 : 0.2104    map@4 : 0.216    map@5 : 0.2208    map@10 : 0.2427    map@20 : 0.258    map@30 : 0.2641    map@50 : 0.2691
Sun 15 Mar 2026 11:25:17 INFO  Saving current: saved/SCL-Mar-15-2026_11-24-17.pth
Sun 15 Mar 2026 11:25:17 INFO  Saving current best: saved/SCL-Mar-15-2026_11-24-17.pth
Sun 15 Mar 2026 11:25:17 INFO  Running E-step ! 
Sun 15 Mar 2026 11:25:17 INFO  epoch 116 training [time: 0.23s, train_loss1: 2.3884, train_loss2: 0.0370, train_loss3: 0.0109, train_loss4: 0.0018]
Sun 15 Mar 2026 11:25:18 INFO  epoch 116 evaluating [time: 0.28s, valid_score: 0.330100]
Sun 15 Mar 2026 11:25:18 INFO  valid result: 
recall@1 : 0.1261    recall@2 : 0.2128    recall@3 : 0.2761    recall@4 : 0.3167    recall@5 : 0.3487    recall@10 : 0.4886    recall@20 : 0.6366    recall@30 : 0.7202    recall@50 : 0.8042    ndcg@1 : 0.2044    ndcg@2 : 0.2327    ndcg@3 : 0.2539    ndcg@4 : 0.2682    ndcg@5 : 0.2797    ndcg@10 : 0.3301    ndcg@20 : 0.3739    ndcg@30 : 0.396    ndcg@50 : 0.4164    precision@1 : 0.2044    precision@2 : 0.1779    precision@3 : 0.1557    precision@4 : 0.1381    precision@5 : 0.1236    precision@10 : 0.092    precision@20 : 0.0625    precision@30 : 0.0485    precision@50 : 0.0337    map@1 : 0.2044    map@2 : 0.2052    map@3 : 0.2107    map@4 : 0.2163    map@5 : 0.221    map@10 : 0.2429    map@20 : 0.2582    map@30 : 0.2645    map@50 : 0.2693
Sun 15 Mar 2026 11:25:18 INFO  Saving current: saved/SCL-Mar-15-2026_11-24-17.pth
Sun 15 Mar 2026 11:25:18 INFO  Saving current best: saved/SCL-Mar-15-2026_11-24-17.pth
Sun 15 Mar 2026 11:25:18 INFO  Running E-step ! 
Sun 15 Mar 2026 11:25:18 INFO  epoch 117 training [time: 0.21s, train_loss1: 2.4002, train_loss2: 0.0370, train_loss3: 0.0109, train_loss4: 0.0018]
Sun 15 Mar 2026 11:25:18 INFO  epoch 117 evaluating [time: 0.27s, valid_score: 0.330800]
Sun 15 Mar 2026 11:25:18 INFO  valid result: 
recall@1 : 0.1266    recall@2 : 0.2136    recall@3 : 0.2763    recall@4 : 0.3175    recall@5 : 0.3476    recall@10 : 0.4899    recall@20 : 0.6366    recall@30 : 0.7216    recall@50 : 0.8042    ndcg@1 : 0.2044    ndcg@2 : 0.2336    ndcg@3 : 0.2543    ndcg@4 : 0.2689    ndcg@5 : 0.2796    ndcg@10 : 0.3308    ndcg@20 : 0.3743    ndcg@30 : 0.3967    ndcg@50 : 0.4168    precision@1 : 0.2044    precision@2 : 0.1788    precision@3 : 0.1559    precision@4 : 0.1384    precision@5 : 0.1235    precision@10 : 0.092    precision@20 : 0.0625    precision@30 : 0.0486    precision@50 : 0.0337    map@1 : 0.2044    map@2 : 0.206    map@3 : 0.2111    map@4 : 0.2169    map@5 : 0.2213    map@10 : 0.2435    map@20 : 0.2587    map@30 : 0.265    map@50 : 0.2698
Sun 15 Mar 2026 11:25:18 INFO  Saving current: saved/SCL-Mar-15-2026_11-24-17.pth
Sun 15 Mar 2026 11:25:18 INFO  Saving current best: saved/SCL-Mar-15-2026_11-24-17.pth
Sun 15 Mar 2026 11:25:18 INFO  Running E-step ! 
Sun 15 Mar 2026 11:25:18 INFO  epoch 118 training [time: 0.22s, train_loss1: 2.3455, train_loss2: 0.0369, train_loss3: 0.0109, train_loss4: 0.0018]
Sun 15 Mar 2026 11:25:19 INFO  epoch 118 evaluating [time: 0.27s, valid_score: 0.331400]
Sun 15 Mar 2026 11:25:19 INFO  valid result: 
recall@1 : 0.1266    recall@2 : 0.2145    recall@3 : 0.2762    recall@4 : 0.3179    recall@5 : 0.3495    recall@10 : 0.4907    recall@20 : 0.6372    recall@30 : 0.7219    recall@50 : 0.8043    ndcg@1 : 0.2044    ndcg@2 : 0.2344    ndcg@3 : 0.2544    ndcg@4 : 0.2692    ndcg@5 : 0.2806    ndcg@10 : 0.3314    ndcg@20 : 0.3748    ndcg@30 : 0.3971    ndcg@50 : 0.4172    precision@1 : 0.2044    precision@2 : 0.1797    precision@3 : 0.1559    precision@4 : 0.1386    precision@5 : 0.1242    precision@10 : 0.0921    precision@20 : 0.0627    precision@30 : 0.0486    precision@50 : 0.0337    map@1 : 0.2044    map@2 : 0.2068    map@3 : 0.2114    map@4 : 0.2172    map@5 : 0.222    map@10 : 0.244    map@20 : 0.2592    map@30 : 0.2654    map@50 : 0.2702
Sun 15 Mar 2026 11:25:19 INFO  Saving current: saved/SCL-Mar-15-2026_11-24-17.pth
Sun 15 Mar 2026 11:25:19 INFO  Saving current best: saved/SCL-Mar-15-2026_11-24-17.pth
Sun 15 Mar 2026 11:25:19 INFO  Running E-step ! 
Sun 15 Mar 2026 11:25:19 INFO  epoch 119 training [time: 0.20s, train_loss1: 2.3716, train_loss2: 0.0368, train_loss3: 0.0109, train_loss4: 0.0018]
Sun 15 Mar 2026 11:25:19 INFO  epoch 119 evaluating [time: 0.27s, valid_score: 0.332000]
Sun 15 Mar 2026 11:25:19 INFO  valid result: 
recall@1 : 0.1268    recall@2 : 0.2159    recall@3 : 0.2769    recall@4 : 0.318    recall@5 : 0.3498    recall@10 : 0.4914    recall@20 : 0.6362    recall@30 : 0.722    recall@50 : 0.806    ndcg@1 : 0.205    ndcg@2 : 0.2353    ndcg@3 : 0.2552    ndcg@4 : 0.2696    ndcg@5 : 0.2812    ndcg@10 : 0.332    ndcg@20 : 0.375    ndcg@30 : 0.3975    ndcg@50 : 0.4179    precision@1 : 0.205    precision@2 : 0.1803    precision@3 : 0.1565    precision@4 : 0.1387    precision@5 : 0.1244    precision@10 : 0.0924    precision@20 : 0.0626    precision@30 : 0.0485    precision@50 : 0.0337    map@1 : 0.205    map@2 : 0.2075    map@3 : 0.2121    map@4 : 0.2177    map@5 : 0.2225    map@10 : 0.2446    map@20 : 0.2595    map@30 : 0.2659    map@50 : 0.2708
Sun 15 Mar 2026 11:25:19 INFO  Saving current: saved/SCL-Mar-15-2026_11-24-17.pth
Sun 15 Mar 2026 11:25:19 INFO  Saving current best: saved/SCL-Mar-15-2026_11-24-17.pth
Sun 15 Mar 2026 11:25:19 INFO  Running E-step ! 
Sun 15 Mar 2026 11:25:19 INFO  epoch 120 training [time: 0.21s, train_loss1: 2.3655, train_loss2: 0.0367, train_loss3: 0.0109, train_loss4: 0.0018]
Sun 15 Mar 2026 11:25:20 INFO  epoch 120 evaluating [time: 0.34s, valid_score: 0.332400]
Sun 15 Mar 2026 11:25:20 INFO  valid result: 
recall@1 : 0.1282    recall@2 : 0.2152    recall@3 : 0.277    recall@4 : 0.3179    recall@5 : 0.3497    recall@10 : 0.4908    recall@20 : 0.6381    recall@30 : 0.722    recall@50 : 0.8054    ndcg@1 : 0.2068    ndcg@2 : 0.2353    ndcg@3 : 0.256    ndcg@4 : 0.2702    ndcg@5 : 0.2817    ndcg@10 : 0.3324    ndcg@20 : 0.376    ndcg@30 : 0.3981    ndcg@50 : 0.4183    precision@1 : 0.2068    precision@2 : 0.1797    precision@3 : 0.1571    precision@4 : 0.139    precision@5 : 0.1247    precision@10 : 0.0923    precision@20 : 0.0628    precision@30 : 0.0485    precision@50 : 0.0337    map@1 : 0.2068    map@2 : 0.2077    map@3 : 0.2129    map@4 : 0.2184    map@5 : 0.2232    map@10 : 0.2452    map@20 : 0.2603    map@30 : 0.2666    map@50 : 0.2714
Sun 15 Mar 2026 11:25:20 INFO  Saving current: saved/SCL-Mar-15-2026_11-24-17.pth
Sun 15 Mar 2026 11:25:20 INFO  Saving current best: saved/SCL-Mar-15-2026_11-24-17.pth
Sun 15 Mar 2026 11:25:20 INFO  Running E-step ! 
Sun 15 Mar 2026 11:25:20 INFO  epoch 121 training [time: 0.37s, train_loss1: 2.3605, train_loss2: 0.0367, train_loss3: 0.0109, train_loss4: 0.0018]
Sun 15 Mar 2026 11:25:20 INFO  epoch 121 evaluating [time: 0.14s, valid_score: 0.332900]
Sun 15 Mar 2026 11:25:20 INFO  valid result: 
recall@1 : 0.1291    recall@2 : 0.2155    recall@3 : 0.2776    recall@4 : 0.3178    recall@5 : 0.3504    recall@10 : 0.4909    recall@20 : 0.6394    recall@30 : 0.7219    recall@50 : 0.8055    ndcg@1 : 0.208    ndcg@2 : 0.2359    ndcg@3 : 0.2567    ndcg@4 : 0.2706    ndcg@5 : 0.2825    ndcg@10 : 0.3329    ndcg@20 : 0.3769    ndcg@30 : 0.3986    ndcg@50 : 0.4189    precision@1 : 0.208    precision@2 : 0.18    precision@3 : 0.1573    precision@4 : 0.139    precision@5 : 0.125    precision@10 : 0.0923    precision@20 : 0.0628    precision@30 : 0.0485    precision@50 : 0.0337    map@1 : 0.208    map@2 : 0.2083    map@3 : 0.2136    map@4 : 0.2189    map@5 : 0.2239    map@10 : 0.2458    map@20 : 0.2611    map@30 : 0.2672    map@50 : 0.2721
Sun 15 Mar 2026 11:25:20 INFO  Saving current: saved/SCL-Mar-15-2026_11-24-17.pth
Sun 15 Mar 2026 11:25:20 INFO  Saving current best: saved/SCL-Mar-15-2026_11-24-17.pth
Sun 15 Mar 2026 11:25:20 INFO  Running E-step ! 
Sun 15 Mar 2026 11:25:21 INFO  epoch 122 training [time: 0.19s, train_loss1: 2.3699, train_loss2: 0.0366, train_loss3: 0.0109, train_loss4: 0.0018]
Sun 15 Mar 2026 11:25:21 INFO  epoch 122 evaluating [time: 0.28s, valid_score: 0.332800]
Sun 15 Mar 2026 11:25:21 INFO  valid result: 
recall@1 : 0.1279    recall@2 : 0.2161    recall@3 : 0.2782    recall@4 : 0.3178    recall@5 : 0.3518    recall@10 : 0.4912    recall@20 : 0.6403    recall@30 : 0.7227    recall@50 : 0.8063    ndcg@1 : 0.2068    ndcg@2 : 0.2358    ndcg@3 : 0.2566    ndcg@4 : 0.2704    ndcg@5 : 0.2828    ndcg@10 : 0.3328    ndcg@20 : 0.3769    ndcg@30 : 0.3987    ndcg@50 : 0.419    precision@1 : 0.2068    precision@2 : 0.1803    precision@3 : 0.1575    precision@4 : 0.1392    precision@5 : 0.1254    precision@10 : 0.0925    precision@20 : 0.0629    precision@30 : 0.0486    precision@50 : 0.0337    map@1 : 0.2068    map@2 : 0.208    map@3 : 0.2133    map@4 : 0.2185    map@5 : 0.2238    map@10 : 0.2456    map@20 : 0.2608    map@30 : 0.2671    map@50 : 0.2719
Sun 15 Mar 2026 11:25:21 INFO  Running E-step ! 
Sun 15 Mar 2026 11:25:21 INFO  epoch 123 training [time: 0.21s, train_loss1: 2.4070, train_loss2: 0.0365, train_loss3: 0.0109, train_loss4: 0.0018]
Sun 15 Mar 2026 11:25:21 INFO  epoch 123 evaluating [time: 0.26s, valid_score: 0.333600]
Sun 15 Mar 2026 11:25:21 INFO  valid result: 
recall@1 : 0.1273    recall@2 : 0.2179    recall@3 : 0.2783    recall@4 : 0.3173    recall@5 : 0.3514    recall@10 : 0.4934    recall@20 : 0.6398    recall@30 : 0.7218    recall@50 : 0.8064    ndcg@1 : 0.2062    ndcg@2 : 0.2367    ndcg@3 : 0.2567    ndcg@4 : 0.2703    ndcg@5 : 0.2825    ndcg@10 : 0.3336    ndcg@20 : 0.3769    ndcg@30 : 0.3987    ndcg@50 : 0.4192    precision@1 : 0.2062    precision@2 : 0.1812    precision@3 : 0.1577    precision@4 : 0.1393    precision@5 : 0.125    precision@10 : 0.0927    precision@20 : 0.0628    precision@30 : 0.0486    precision@50 : 0.0337    map@1 : 0.2062    map@2 : 0.2086    map@3 : 0.2135    map@4 : 0.2186    map@5 : 0.2236    map@10 : 0.2459    map@20 : 0.2609    map@30 : 0.2672    map@50 : 0.2721
Sun 15 Mar 2026 11:25:21 INFO  Saving current: saved/SCL-Mar-15-2026_11-24-17.pth
Sun 15 Mar 2026 11:25:21 INFO  Saving current best: saved/SCL-Mar-15-2026_11-24-17.pth
Sun 15 Mar 2026 11:25:21 INFO  Running E-step ! 
Sun 15 Mar 2026 11:25:22 INFO  epoch 124 training [time: 0.21s, train_loss1: 2.3335, train_loss2: 0.0364, train_loss3: 0.0109, train_loss4: 0.0018]
Sun 15 Mar 2026 11:25:22 INFO  epoch 124 evaluating [time: 0.27s, valid_score: 0.334200]
Sun 15 Mar 2026 11:25:22 INFO  valid result: 
recall@1 : 0.1275    recall@2 : 0.2176    recall@3 : 0.2782    recall@4 : 0.3181    recall@5 : 0.3531    recall@10 : 0.4945    recall@20 : 0.6407    recall@30 : 0.7234    recall@50 : 0.8066    ndcg@1 : 0.2074    ndcg@2 : 0.2368    ndcg@3 : 0.2569    ndcg@4 : 0.2709    ndcg@5 : 0.2834    ndcg@10 : 0.3342    ndcg@20 : 0.3774    ndcg@30 : 0.3993    ndcg@50 : 0.4195    precision@1 : 0.2074    precision@2 : 0.1809    precision@3 : 0.1579    precision@4 : 0.1399    precision@5 : 0.1256    precision@10 : 0.093    precision@20 : 0.0629    precision@30 : 0.0487    precision@50 : 0.0338    map@1 : 0.2074    map@2 : 0.2086    map@3 : 0.2136    map@4 : 0.2189    map@5 : 0.2241    map@10 : 0.2463    map@20 : 0.2613    map@30 : 0.2675    map@50 : 0.2723
Sun 15 Mar 2026 11:25:22 INFO  Saving current: saved/SCL-Mar-15-2026_11-24-17.pth
Sun 15 Mar 2026 11:25:22 INFO  Saving current best: saved/SCL-Mar-15-2026_11-24-17.pth
Sun 15 Mar 2026 11:25:22 INFO  Running E-step ! 
Sun 15 Mar 2026 11:25:22 INFO  epoch 125 training [time: 0.22s, train_loss1: 2.3366, train_loss2: 0.0363, train_loss3: 0.0109, train_loss4: 0.0018]
Sun 15 Mar 2026 11:25:22 INFO  epoch 125 evaluating [time: 0.25s, valid_score: 0.334700]
Sun 15 Mar 2026 11:25:22 INFO  valid result: 
recall@1 : 0.1282    recall@2 : 0.2179    recall@3 : 0.2786    recall@4 : 0.3193    recall@5 : 0.3531    recall@10 : 0.4947    recall@20 : 0.6405    recall@30 : 0.7236    recall@50 : 0.8075    ndcg@1 : 0.208    ndcg@2 : 0.2372    ndcg@3 : 0.2574    ndcg@4 : 0.2719    ndcg@5 : 0.2839    ndcg@10 : 0.3347    ndcg@20 : 0.3779    ndcg@30 : 0.4    ndcg@50 : 0.4202    precision@1 : 0.208    precision@2 : 0.1812    precision@3 : 0.1583    precision@4 : 0.1405    precision@5 : 0.1259    precision@10 : 0.093    precision@20 : 0.0629    precision@30 : 0.0488    precision@50 : 0.0338    map@1 : 0.208    map@2 : 0.209    map@3 : 0.2142    map@4 : 0.2197    map@5 : 0.2247    map@10 : 0.2469    map@20 : 0.2619    map@30 : 0.2683    map@50 : 0.273
Sun 15 Mar 2026 11:25:22 INFO  Saving current: saved/SCL-Mar-15-2026_11-24-17.pth
Sun 15 Mar 2026 11:25:22 INFO  Saving current best: saved/SCL-Mar-15-2026_11-24-17.pth
Sun 15 Mar 2026 11:25:22 INFO  Running E-step ! 
Sun 15 Mar 2026 11:25:22 INFO  epoch 126 training [time: 0.20s, train_loss1: 2.3041, train_loss2: 0.0363, train_loss3: 0.0109, train_loss4: 0.0018]
Sun 15 Mar 2026 11:25:23 INFO  epoch 126 evaluating [time: 0.28s, valid_score: 0.334700]
Sun 15 Mar 2026 11:25:23 INFO  valid result: 
recall@1 : 0.1276    recall@2 : 0.218    recall@3 : 0.2784    recall@4 : 0.3218    recall@5 : 0.3534    recall@10 : 0.4947    recall@20 : 0.641    recall@30 : 0.724    recall@50 : 0.8071    ndcg@1 : 0.2074    ndcg@2 : 0.237    ndcg@3 : 0.2571    ndcg@4 : 0.2729    ndcg@5 : 0.284    ndcg@10 : 0.3347    ndcg@20 : 0.378    ndcg@30 : 0.4001    ndcg@50 : 0.4202    precision@1 : 0.2074    precision@2 : 0.1812    precision@3 : 0.1581    precision@4 : 0.1417    precision@5 : 0.1262    precision@10 : 0.093    precision@20 : 0.063    precision@30 : 0.0489    precision@50 : 0.0338    map@1 : 0.2074    map@2 : 0.2087    map@3 : 0.2138    map@4 : 0.2201    map@5 : 0.2246    map@10 : 0.2468    map@20 : 0.2618    map@30 : 0.2683    map@50 : 0.2729
Sun 15 Mar 2026 11:25:23 INFO  Saving current: saved/SCL-Mar-15-2026_11-24-17.pth
Sun 15 Mar 2026 11:25:23 INFO  Saving current best: saved/SCL-Mar-15-2026_11-24-17.pth
Sun 15 Mar 2026 11:25:23 INFO  Running E-step ! 
Sun 15 Mar 2026 11:25:23 INFO  epoch 127 training [time: 0.22s, train_loss1: 2.3737, train_loss2: 0.0362, train_loss3: 0.0109, train_loss4: 0.0017]
Sun 15 Mar 2026 11:25:23 INFO  epoch 127 evaluating [time: 0.28s, valid_score: 0.335300]
Sun 15 Mar 2026 11:25:23 INFO  valid result: 
recall@1 : 0.1277    recall@2 : 0.2171    recall@3 : 0.2787    recall@4 : 0.3236    recall@5 : 0.3548    recall@10 : 0.4962    recall@20 : 0.6417    recall@30 : 0.7233    recall@50 : 0.8076    ndcg@1 : 0.2068    ndcg@2 : 0.2363    ndcg@3 : 0.257    ndcg@4 : 0.2736    ndcg@5 : 0.2846    ndcg@10 : 0.3353    ndcg@20 : 0.3784    ndcg@30 : 0.4001    ndcg@50 : 0.4204    precision@1 : 0.2068    precision@2 : 0.1809    precision@3 : 0.1583    precision@4 : 0.1423    precision@5 : 0.1267    precision@10 : 0.0933    precision@20 : 0.063    precision@30 : 0.0488    precision@50 : 0.0338    map@1 : 0.2068    map@2 : 0.2081    map@3 : 0.2136    map@4 : 0.2204    map@5 : 0.2249    map@10 : 0.2471    map@20 : 0.262    map@30 : 0.2684    map@50 : 0.2731
Sun 15 Mar 2026 11:25:23 INFO  Saving current: saved/SCL-Mar-15-2026_11-24-17.pth
Sun 15 Mar 2026 11:25:23 INFO  Saving current best: saved/SCL-Mar-15-2026_11-24-17.pth
Sun 15 Mar 2026 11:25:23 INFO  Running E-step ! 
Sun 15 Mar 2026 11:25:24 INFO  epoch 128 training [time: 0.23s, train_loss1: 2.3388, train_loss2: 0.0361, train_loss3: 0.0109, train_loss4: 0.0018]
Sun 15 Mar 2026 11:25:24 INFO  epoch 128 evaluating [time: 0.28s, valid_score: 0.335500]
Sun 15 Mar 2026 11:25:24 INFO  valid result: 
recall@1 : 0.1277    recall@2 : 0.2174    recall@3 : 0.2794    recall@4 : 0.3229    recall@5 : 0.3543    recall@10 : 0.4969    recall@20 : 0.6421    recall@30 : 0.7228    recall@50 : 0.8065    ndcg@1 : 0.2056    ndcg@2 : 0.2364    ndcg@3 : 0.2573    ndcg@4 : 0.2733    ndcg@5 : 0.2844    ndcg@10 : 0.3355    ndcg@20 : 0.3785    ndcg@30 : 0.4002    ndcg@50 : 0.4204    precision@1 : 0.2056    precision@2 : 0.1812    precision@3 : 0.1585    precision@4 : 0.1421    precision@5 : 0.1267    precision@10 : 0.0933    precision@20 : 0.063    precision@30 : 0.0488    precision@50 : 0.0338    map@1 : 0.2056    map@2 : 0.2081    map@3 : 0.2139    map@4 : 0.2204    map@5 : 0.2249    map@10 : 0.2473    map@20 : 0.2623    map@30 : 0.2686    map@50 : 0.2733
Sun 15 Mar 2026 11:25:24 INFO  Saving current: saved/SCL-Mar-15-2026_11-24-17.pth
Sun 15 Mar 2026 11:25:24 INFO  Saving current best: saved/SCL-Mar-15-2026_11-24-17.pth
Sun 15 Mar 2026 11:25:24 INFO  Running E-step ! 
Sun 15 Mar 2026 11:25:24 INFO  epoch 129 training [time: 0.22s, train_loss1: 2.3697, train_loss2: 0.0360, train_loss3: 0.0109, train_loss4: 0.0017]
Sun 15 Mar 2026 11:25:24 INFO  epoch 129 evaluating [time: 0.28s, valid_score: 0.335600]
Sun 15 Mar 2026 11:25:24 INFO  valid result: 
recall@1 : 0.1281    recall@2 : 0.217    recall@3 : 0.2806    recall@4 : 0.3218    recall@5 : 0.3549    recall@10 : 0.4968    recall@20 : 0.6417    recall@30 : 0.724    recall@50 : 0.8068    ndcg@1 : 0.2056    ndcg@2 : 0.236    ndcg@3 : 0.2581    ndcg@4 : 0.2729    ndcg@5 : 0.2848    ndcg@10 : 0.3356    ndcg@20 : 0.3787    ndcg@30 : 0.4006    ndcg@50 : 0.4207    precision@1 : 0.2056    precision@2 : 0.1806    precision@3 : 0.1593    precision@4 : 0.1418    precision@5 : 0.1271    precision@10 : 0.0932    precision@20 : 0.063    precision@30 : 0.0489    precision@50 : 0.0338    map@1 : 0.2056    map@2 : 0.2077    map@3 : 0.2143    map@4 : 0.2202    map@5 : 0.2252    map@10 : 0.2475    map@20 : 0.2625    map@30 : 0.2689    map@50 : 0.2736
Sun 15 Mar 2026 11:25:24 INFO  Saving current: saved/SCL-Mar-15-2026_11-24-17.pth
Sun 15 Mar 2026 11:25:24 INFO  Saving current best: saved/SCL-Mar-15-2026_11-24-17.pth
Sun 15 Mar 2026 11:25:24 INFO  Running E-step ! 
Sun 15 Mar 2026 11:25:25 INFO  epoch 130 training [time: 0.23s, train_loss1: 2.2915, train_loss2: 0.0360, train_loss3: 0.0109, train_loss4: 0.0017]
Sun 15 Mar 2026 11:25:25 INFO  epoch 130 evaluating [time: 0.28s, valid_score: 0.335400]
Sun 15 Mar 2026 11:25:25 INFO  valid result: 
recall@1 : 0.1271    recall@2 : 0.2178    recall@3 : 0.2813    recall@4 : 0.3216    recall@5 : 0.3565    recall@10 : 0.4961    recall@20 : 0.6429    recall@30 : 0.7241    recall@50 : 0.8084    ndcg@1 : 0.205    ndcg@2 : 0.2358    ndcg@3 : 0.2582    ndcg@4 : 0.2725    ndcg@5 : 0.2854    ndcg@10 : 0.3354    ndcg@20 : 0.3789    ndcg@30 : 0.4006    ndcg@50 : 0.421    precision@1 : 0.205    precision@2 : 0.1803    precision@3 : 0.1597    precision@4 : 0.1415    precision@5 : 0.1278    precision@10 : 0.0931    precision@20 : 0.0631    precision@30 : 0.0489    precision@50 : 0.0339    map@1 : 0.205    map@2 : 0.2071    map@3 : 0.2141    map@4 : 0.2196    map@5 : 0.2253    map@10 : 0.2473    map@20 : 0.2624    map@30 : 0.2688    map@50 : 0.2735
Sun 15 Mar 2026 11:25:25 INFO  Running E-step ! 
Sun 15 Mar 2026 11:25:25 INFO  epoch 131 training [time: 0.22s, train_loss1: 2.3212, train_loss2: 0.0359, train_loss3: 0.0109, train_loss4: 0.0017]
Sun 15 Mar 2026 11:25:25 INFO  epoch 131 evaluating [time: 0.29s, valid_score: 0.335500]
Sun 15 Mar 2026 11:25:25 INFO  valid result: 
recall@1 : 0.1274    recall@2 : 0.2182    recall@3 : 0.2823    recall@4 : 0.3221    recall@5 : 0.3561    recall@10 : 0.4957    recall@20 : 0.6437    recall@30 : 0.7247    recall@50 : 0.8082    ndcg@1 : 0.205    ndcg@2 : 0.2363    ndcg@3 : 0.2589    ndcg@4 : 0.273    ndcg@5 : 0.2854    ndcg@10 : 0.3355    ndcg@20 : 0.3794    ndcg@30 : 0.401    ndcg@50 : 0.4212    precision@1 : 0.205    precision@2 : 0.1809    precision@3 : 0.1601    precision@4 : 0.1417    precision@5 : 0.1275    precision@10 : 0.0931    precision@20 : 0.0632    precision@30 : 0.0489    precision@50 : 0.0338    map@1 : 0.205    map@2 : 0.2077    map@3 : 0.2147    map@4 : 0.22    map@5 : 0.2254    map@10 : 0.2476    map@20 : 0.2628    map@30 : 0.2691    map@50 : 0.2738
Sun 15 Mar 2026 11:25:25 INFO  Running E-step ! 
Sun 15 Mar 2026 11:25:26 INFO  epoch 132 training [time: 0.20s, train_loss1: 2.2788, train_loss2: 0.0358, train_loss3: 0.0109, train_loss4: 0.0017]
Sun 15 Mar 2026 11:25:26 INFO  epoch 132 evaluating [time: 0.26s, valid_score: 0.335600]
Sun 15 Mar 2026 11:25:26 INFO  valid result: 
recall@1 : 0.1267    recall@2 : 0.2198    recall@3 : 0.2808    recall@4 : 0.3224    recall@5 : 0.3571    recall@10 : 0.4962    recall@20 : 0.6436    recall@30 : 0.7247    recall@50 : 0.8089    ndcg@1 : 0.2044    ndcg@2 : 0.2375    ndcg@3 : 0.2583    ndcg@4 : 0.2729    ndcg@5 : 0.2858    ndcg@10 : 0.3356    ndcg@20 : 0.3794    ndcg@30 : 0.4011    ndcg@50 : 0.4213    precision@1 : 0.2044    precision@2 : 0.1824    precision@3 : 0.1599    precision@4 : 0.1417    precision@5 : 0.128    precision@10 : 0.0931    precision@20 : 0.0632    precision@30 : 0.0489    precision@50 : 0.0339    map@1 : 0.2044    map@2 : 0.2087    map@3 : 0.2143    map@4 : 0.2198    map@5 : 0.2256    map@10 : 0.2476    map@20 : 0.2628    map@30 : 0.2691    map@50 : 0.2738
Sun 15 Mar 2026 11:25:26 INFO  Saving current: saved/SCL-Mar-15-2026_11-24-17.pth
Sun 15 Mar 2026 11:25:26 INFO  Saving current best: saved/SCL-Mar-15-2026_11-24-17.pth
Sun 15 Mar 2026 11:25:26 INFO  Running E-step ! 
Sun 15 Mar 2026 11:25:26 INFO  epoch 133 training [time: 0.20s, train_loss1: 2.2677, train_loss2: 0.0358, train_loss3: 0.0109, train_loss4: 0.0017]
Sun 15 Mar 2026 11:25:26 INFO  epoch 133 evaluating [time: 0.27s, valid_score: 0.336600]
Sun 15 Mar 2026 11:25:26 INFO  valid result: 
recall@1 : 0.1273    recall@2 : 0.22    recall@3 : 0.281    recall@4 : 0.3217    recall@5 : 0.357    recall@10 : 0.4987    recall@20 : 0.643    recall@30 : 0.7258    recall@50 : 0.809    ndcg@1 : 0.205    ndcg@2 : 0.2379    ndcg@3 : 0.2587    ndcg@4 : 0.273    ndcg@5 : 0.2861    ndcg@10 : 0.3366    ndcg@20 : 0.3796    ndcg@30 : 0.4016    ndcg@50 : 0.4217    precision@1 : 0.205    precision@2 : 0.1824    precision@3 : 0.1601    precision@4 : 0.1417    precision@5 : 0.1281    precision@10 : 0.0934    precision@20 : 0.0632    precision@30 : 0.049    precision@50 : 0.0339    map@1 : 0.205    map@2 : 0.2092    map@3 : 0.2147    map@4 : 0.22    map@5 : 0.226    map@10 : 0.2482    map@20 : 0.2632    map@30 : 0.2695    map@50 : 0.2743
Sun 15 Mar 2026 11:25:26 INFO  Saving current: saved/SCL-Mar-15-2026_11-24-17.pth
Sun 15 Mar 2026 11:25:26 INFO  Saving current best: saved/SCL-Mar-15-2026_11-24-17.pth
Sun 15 Mar 2026 11:25:26 INFO  Running E-step ! 
Sun 15 Mar 2026 11:25:27 INFO  epoch 134 training [time: 0.21s, train_loss1: 2.2872, train_loss2: 0.0357, train_loss3: 0.0109, train_loss4: 0.0017]
Sun 15 Mar 2026 11:25:27 INFO  epoch 134 evaluating [time: 0.35s, valid_score: 0.337000]
Sun 15 Mar 2026 11:25:27 INFO  valid result: 
recall@1 : 0.1267    recall@2 : 0.2202    recall@3 : 0.2818    recall@4 : 0.323    recall@5 : 0.357    recall@10 : 0.5002    recall@20 : 0.6428    recall@30 : 0.7255    recall@50 : 0.8093    ndcg@1 : 0.2038    ndcg@2 : 0.2375    ndcg@3 : 0.2588    ndcg@4 : 0.2734    ndcg@5 : 0.286    ndcg@10 : 0.337    ndcg@20 : 0.3795    ndcg@30 : 0.4015    ndcg@50 : 0.4217    precision@1 : 0.2038    precision@2 : 0.1821    precision@3 : 0.1605    precision@4 : 0.1423    precision@5 : 0.1282    precision@10 : 0.0936    precision@20 : 0.0632    precision@30 : 0.049    precision@50 : 0.0339    map@1 : 0.2038    map@2 : 0.2087    map@3 : 0.2147    map@4 : 0.2202    map@5 : 0.2258    map@10 : 0.2483    map@20 : 0.2631    map@30 : 0.2694    map@50 : 0.2742
Sun 15 Mar 2026 11:25:27 INFO  Saving current: saved/SCL-Mar-15-2026_11-24-17.pth
Sun 15 Mar 2026 11:25:27 INFO  Saving current best: saved/SCL-Mar-15-2026_11-24-17.pth
Sun 15 Mar 2026 11:25:27 INFO  Running E-step ! 
Sun 15 Mar 2026 11:25:27 INFO  epoch 135 training [time: 0.31s, train_loss1: 2.2494, train_loss2: 0.0356, train_loss3: 0.0109, train_loss4: 0.0017]
Sun 15 Mar 2026 11:25:27 INFO  epoch 135 evaluating [time: 0.14s, valid_score: 0.337300]
Sun 15 Mar 2026 11:25:27 INFO  valid result: 
recall@1 : 0.1278    recall@2 : 0.2195    recall@3 : 0.2814    recall@4 : 0.3241    recall@5 : 0.3564    recall@10 : 0.4997    recall@20 : 0.6423    recall@30 : 0.7254    recall@50 : 0.8104    ndcg@1 : 0.2056    ndcg@2 : 0.2376    ndcg@3 : 0.2589    ndcg@4 : 0.2742    ndcg@5 : 0.2861    ndcg@10 : 0.3373    ndcg@20 : 0.3798    ndcg@30 : 0.4019    ndcg@50 : 0.4224    precision@1 : 0.2056    precision@2 : 0.1815    precision@3 : 0.1603    precision@4 : 0.1426    precision@5 : 0.128    precision@10 : 0.0936    precision@20 : 0.0631    precision@30 : 0.049    precision@50 : 0.0339    map@1 : 0.2056    map@2 : 0.2089    map@3 : 0.2147    map@4 : 0.2207    map@5 : 0.226    map@10 : 0.2487    map@20 : 0.2634    map@30 : 0.2699    map@50 : 0.2747
Sun 15 Mar 2026 11:25:27 INFO  Saving current: saved/SCL-Mar-15-2026_11-24-17.pth
Sun 15 Mar 2026 11:25:27 INFO  Saving current best: saved/SCL-Mar-15-2026_11-24-17.pth
Sun 15 Mar 2026 11:25:27 INFO  Running E-step ! 
Sun 15 Mar 2026 11:25:28 INFO  epoch 136 training [time: 0.21s, train_loss1: 2.2766, train_loss2: 0.0356, train_loss3: 0.0109, train_loss4: 0.0017]
Sun 15 Mar 2026 11:25:28 INFO  epoch 136 evaluating [time: 0.26s, valid_score: 0.337400]
Sun 15 Mar 2026 11:25:28 INFO  valid result: 
recall@1 : 0.1285    recall@2 : 0.2198    recall@3 : 0.2823    recall@4 : 0.3249    recall@5 : 0.3561    recall@10 : 0.4985    recall@20 : 0.6439    recall@30 : 0.7255    recall@50 : 0.8106    ndcg@1 : 0.2074    ndcg@2 : 0.2382    ndcg@3 : 0.2601    ndcg@4 : 0.2751    ndcg@5 : 0.2865    ndcg@10 : 0.3374    ndcg@20 : 0.3806    ndcg@30 : 0.4024    ndcg@50 : 0.4229    precision@1 : 0.2074    precision@2 : 0.1815    precision@3 : 0.1611    precision@4 : 0.1429    precision@5 : 0.128    precision@10 : 0.0935    precision@20 : 0.0633    precision@30 : 0.049    precision@50 : 0.0339    map@1 : 0.2074    map@2 : 0.2095    map@3 : 0.2157    map@4 : 0.2216    map@5 : 0.2265    map@10 : 0.249    map@20 : 0.2641    map@30 : 0.2704    map@50 : 0.2752
Sun 15 Mar 2026 11:25:28 INFO  Saving current: saved/SCL-Mar-15-2026_11-24-17.pth
Sun 15 Mar 2026 11:25:28 INFO  Saving current best: saved/SCL-Mar-15-2026_11-24-17.pth
Sun 15 Mar 2026 11:25:28 INFO  Running E-step ! 
Sun 15 Mar 2026 11:25:28 INFO  epoch 137 training [time: 0.22s, train_loss1: 2.2441, train_loss2: 0.0355, train_loss3: 0.0109, train_loss4: 0.0017]
Sun 15 Mar 2026 11:25:28 INFO  epoch 137 evaluating [time: 0.26s, valid_score: 0.337500]
Sun 15 Mar 2026 11:25:28 INFO  valid result: 
recall@1 : 0.1285    recall@2 : 0.2207    recall@3 : 0.281    recall@4 : 0.3267    recall@5 : 0.3569    recall@10 : 0.4984    recall@20 : 0.645    recall@30 : 0.7254    recall@50 : 0.8111    ndcg@1 : 0.2074    ndcg@2 : 0.2388    ndcg@3 : 0.2596    ndcg@4 : 0.276    ndcg@5 : 0.2869    ndcg@10 : 0.3375    ndcg@20 : 0.3811    ndcg@30 : 0.4026    ndcg@50 : 0.4232    precision@1 : 0.2074    precision@2 : 0.1821    precision@3 : 0.1607    precision@4 : 0.1436    precision@5 : 0.1282    precision@10 : 0.0934    precision@20 : 0.0633    precision@30 : 0.049    precision@50 : 0.0339    map@1 : 0.2074    map@2 : 0.2099    map@3 : 0.2156    map@4 : 0.2223    map@5 : 0.2269    map@10 : 0.2493    map@20 : 0.2644    map@30 : 0.2707    map@50 : 0.2755
Sun 15 Mar 2026 11:25:28 INFO  Saving current: saved/SCL-Mar-15-2026_11-24-17.pth
Sun 15 Mar 2026 11:25:28 INFO  Saving current best: saved/SCL-Mar-15-2026_11-24-17.pth
Sun 15 Mar 2026 11:25:28 INFO  Running E-step ! 
Sun 15 Mar 2026 11:25:29 INFO  epoch 138 training [time: 0.24s, train_loss1: 2.2621, train_loss2: 0.0354, train_loss3: 0.0109, train_loss4: 0.0017]
Sun 15 Mar 2026 11:25:29 INFO  epoch 138 evaluating [time: 0.25s, valid_score: 0.337700]
Sun 15 Mar 2026 11:25:29 INFO  valid result: 
recall@1 : 0.1289    recall@2 : 0.2214    recall@3 : 0.2801    recall@4 : 0.3266    recall@5 : 0.358    recall@10 : 0.4986    recall@20 : 0.6453    recall@30 : 0.725    recall@50 : 0.811    ndcg@1 : 0.2074    ndcg@2 : 0.2395    ndcg@3 : 0.2595    ndcg@4 : 0.2761    ndcg@5 : 0.2876    ndcg@10 : 0.3377    ndcg@20 : 0.3814    ndcg@30 : 0.4028    ndcg@50 : 0.4234    precision@1 : 0.2074    precision@2 : 0.1827    precision@3 : 0.1605    precision@4 : 0.1436    precision@5 : 0.1287    precision@10 : 0.0935    precision@20 : 0.0634    precision@30 : 0.049    precision@50 : 0.0339    map@1 : 0.2074    map@2 : 0.2105    map@3 : 0.2158    map@4 : 0.2225    map@5 : 0.2274    map@10 : 0.2496    map@20 : 0.2648    map@30 : 0.2711    map@50 : 0.2759
Sun 15 Mar 2026 11:25:29 INFO  Saving current: saved/SCL-Mar-15-2026_11-24-17.pth
Sun 15 Mar 2026 11:25:29 INFO  Saving current best: saved/SCL-Mar-15-2026_11-24-17.pth
Sun 15 Mar 2026 11:25:29 INFO  Running E-step ! 
Sun 15 Mar 2026 11:25:29 INFO  epoch 139 training [time: 0.23s, train_loss1: 2.2410, train_loss2: 0.0354, train_loss3: 0.0109, train_loss4: 0.0017]
Sun 15 Mar 2026 11:25:29 INFO  epoch 139 evaluating [time: 0.26s, valid_score: 0.338500]
Sun 15 Mar 2026 11:25:29 INFO  valid result: 
recall@1 : 0.1293    recall@2 : 0.2222    recall@3 : 0.2792    recall@4 : 0.3234    recall@5 : 0.3583    recall@10 : 0.5007    recall@20 : 0.6454    recall@30 : 0.7254    recall@50 : 0.8129    ndcg@1 : 0.2086    ndcg@2 : 0.2404    ndcg@3 : 0.2592    ndcg@4 : 0.275    ndcg@5 : 0.2879    ndcg@10 : 0.3385    ndcg@20 : 0.3817    ndcg@30 : 0.4032    ndcg@50 : 0.424    precision@1 : 0.2086    precision@2 : 0.1833    precision@3 : 0.1599    precision@4 : 0.1427    precision@5 : 0.129    precision@10 : 0.0937    precision@20 : 0.0634    precision@30 : 0.0491    precision@50 : 0.034    map@1 : 0.2086    map@2 : 0.2113    map@3 : 0.2158    map@4 : 0.2219    map@5 : 0.2277    map@10 : 0.25    map@20 : 0.265    map@30 : 0.2713    map@50 : 0.2761
Sun 15 Mar 2026 11:25:29 INFO  Saving current: saved/SCL-Mar-15-2026_11-24-17.pth
Sun 15 Mar 2026 11:25:29 INFO  Saving current best: saved/SCL-Mar-15-2026_11-24-17.pth
Sun 15 Mar 2026 11:25:29 INFO  Running E-step ! 
Sun 15 Mar 2026 11:25:30 INFO  epoch 140 training [time: 0.22s, train_loss1: 2.2353, train_loss2: 0.0353, train_loss3: 0.0109, train_loss4: 0.0017]
Sun 15 Mar 2026 11:25:30 INFO  epoch 140 evaluating [time: 0.27s, valid_score: 0.338900]
Sun 15 Mar 2026 11:25:30 INFO  valid result: 
recall@1 : 0.1287    recall@2 : 0.2228    recall@3 : 0.2787    recall@4 : 0.3238    recall@5 : 0.3577    recall@10 : 0.5021    recall@20 : 0.6464    recall@30 : 0.7252    recall@50 : 0.8131    ndcg@1 : 0.208    ndcg@2 : 0.2405    ndcg@3 : 0.2588    ndcg@4 : 0.275    ndcg@5 : 0.2875    ndcg@10 : 0.3389    ndcg@20 : 0.3819    ndcg@30 : 0.403    ndcg@50 : 0.4239    precision@1 : 0.208    precision@2 : 0.1836    precision@3 : 0.1597    precision@4 : 0.1429    precision@5 : 0.1288    precision@10 : 0.094    precision@20 : 0.0635    precision@30 : 0.0491    precision@50 : 0.034    map@1 : 0.208    map@2 : 0.2113    map@3 : 0.2155    map@4 : 0.2218    map@5 : 0.2273    map@10 : 0.2501    map@20 : 0.265    map@30 : 0.2712    map@50 : 0.276
Sun 15 Mar 2026 11:25:30 INFO  Saving current: saved/SCL-Mar-15-2026_11-24-17.pth
Sun 15 Mar 2026 11:25:30 INFO  Saving current best: saved/SCL-Mar-15-2026_11-24-17.pth
Sun 15 Mar 2026 11:25:30 INFO  Running E-step ! 
Sun 15 Mar 2026 11:25:30 INFO  epoch 141 training [time: 0.24s, train_loss1: 2.2495, train_loss2: 0.0352, train_loss3: 0.0109, train_loss4: 0.0017]
Sun 15 Mar 2026 11:25:30 INFO  epoch 141 evaluating [time: 0.27s, valid_score: 0.339400]
Sun 15 Mar 2026 11:25:30 INFO  valid result: 
recall@1 : 0.1299    recall@2 : 0.2223    recall@3 : 0.2774    recall@4 : 0.3244    recall@5 : 0.3566    recall@10 : 0.5028    recall@20 : 0.646    recall@30 : 0.724    recall@50 : 0.8138    ndcg@1 : 0.2092    ndcg@2 : 0.2408    ndcg@3 : 0.2585    ndcg@4 : 0.2756    ndcg@5 : 0.2873    ndcg@10 : 0.3394    ndcg@20 : 0.3821    ndcg@30 : 0.4032    ndcg@50 : 0.4244    precision@1 : 0.2092    precision@2 : 0.1836    precision@3 : 0.1591    precision@4 : 0.1432    precision@5 : 0.1284    precision@10 : 0.0941    precision@20 : 0.0635    precision@30 : 0.049    precision@50 : 0.034    map@1 : 0.2092    map@2 : 0.2116    map@3 : 0.2155    map@4 : 0.2223    map@5 : 0.2274    map@10 : 0.2505    map@20 : 0.2654    map@30 : 0.2716    map@50 : 0.2765
Sun 15 Mar 2026 11:25:30 INFO  Saving current: saved/SCL-Mar-15-2026_11-24-17.pth
Sun 15 Mar 2026 11:25:30 INFO  Saving current best: saved/SCL-Mar-15-2026_11-24-17.pth
Sun 15 Mar 2026 11:25:30 INFO  Running E-step ! 
Sun 15 Mar 2026 11:25:31 INFO  epoch 142 training [time: 0.23s, train_loss1: 2.2371, train_loss2: 0.0351, train_loss3: 0.0109, train_loss4: 0.0017]
Sun 15 Mar 2026 11:25:31 INFO  epoch 142 evaluating [time: 0.27s, valid_score: 0.339600]
Sun 15 Mar 2026 11:25:31 INFO  valid result: 
recall@1 : 0.1295    recall@2 : 0.2225    recall@3 : 0.2765    recall@4 : 0.3245    recall@5 : 0.3572    recall@10 : 0.5039    recall@20 : 0.6466    recall@30 : 0.723    recall@50 : 0.8138    ndcg@1 : 0.208    ndcg@2 : 0.241    ndcg@3 : 0.2578    ndcg@4 : 0.2755    ndcg@5 : 0.2873    ndcg@10 : 0.3396    ndcg@20 : 0.3821    ndcg@30 : 0.4027    ndcg@50 : 0.4242    precision@1 : 0.208    precision@2 : 0.1841    precision@3 : 0.1585    precision@4 : 0.1433    precision@5 : 0.1282    precision@10 : 0.0945    precision@20 : 0.0636    precision@30 : 0.049    precision@50 : 0.034    map@1 : 0.208    map@2 : 0.2117    map@3 : 0.2151    map@4 : 0.2222    map@5 : 0.2272    map@10 : 0.2505    map@20 : 0.2652    map@30 : 0.2714    map@50 : 0.2763
Sun 15 Mar 2026 11:25:31 INFO  Saving current: saved/SCL-Mar-15-2026_11-24-17.pth
Sun 15 Mar 2026 11:25:31 INFO  Saving current best: saved/SCL-Mar-15-2026_11-24-17.pth
Sun 15 Mar 2026 11:25:31 INFO  Running E-step ! 
Sun 15 Mar 2026 11:25:31 INFO  epoch 143 training [time: 0.21s, train_loss1: 2.2110, train_loss2: 0.0351, train_loss3: 0.0109, train_loss4: 0.0017]
Sun 15 Mar 2026 11:25:31 INFO  epoch 143 evaluating [time: 0.26s, valid_score: 0.339500]
Sun 15 Mar 2026 11:25:31 INFO  valid result: 
recall@1 : 0.1283    recall@2 : 0.2225    recall@3 : 0.2753    recall@4 : 0.3261    recall@5 : 0.3596    recall@10 : 0.5045    recall@20 : 0.6467    recall@30 : 0.7234    recall@50 : 0.8147    ndcg@1 : 0.2068    ndcg@2 : 0.2406    ndcg@3 : 0.2566    ndcg@4 : 0.2757    ndcg@5 : 0.2879    ndcg@10 : 0.3395    ndcg@20 : 0.3818    ndcg@30 : 0.4025    ndcg@50 : 0.4241    precision@1 : 0.2068    precision@2 : 0.1841    precision@3 : 0.1577    precision@4 : 0.1438    precision@5 : 0.1291    precision@10 : 0.0947    precision@20 : 0.0636    precision@30 : 0.049    precision@50 : 0.034    map@1 : 0.2068    map@2 : 0.2111    map@3 : 0.214    map@4 : 0.2218    map@5 : 0.2271    map@10 : 0.25    map@20 : 0.2647    map@30 : 0.2708    map@50 : 0.2758
Sun 15 Mar 2026 11:25:31 INFO  Running E-step ! 
Sun 15 Mar 2026 11:25:32 INFO  epoch 144 training [time: 0.21s, train_loss1: 2.2295, train_loss2: 0.0350, train_loss3: 0.0109, train_loss4: 0.0017]
Sun 15 Mar 2026 11:25:32 INFO  epoch 144 evaluating [time: 0.28s, valid_score: 0.338900]
Sun 15 Mar 2026 11:25:32 INFO  valid result: 
recall@1 : 0.1274    recall@2 : 0.2228    recall@3 : 0.2755    recall@4 : 0.3253    recall@5 : 0.3603    recall@10 : 0.5036    recall@20 : 0.6456    recall@30 : 0.7238    recall@50 : 0.8139    ndcg@1 : 0.2068    ndcg@2 : 0.2403    ndcg@3 : 0.2564    ndcg@4 : 0.2753    ndcg@5 : 0.288    ndcg@10 : 0.3389    ndcg@20 : 0.3813    ndcg@30 : 0.4024    ndcg@50 : 0.4237    precision@1 : 0.2068    precision@2 : 0.1838    precision@3 : 0.1577    precision@4 : 0.1439    precision@5 : 0.1296    precision@10 : 0.0945    precision@20 : 0.0635    precision@30 : 0.049    precision@50 : 0.034    map@1 : 0.2068    map@2 : 0.2108    map@3 : 0.2137    map@4 : 0.2214    map@5 : 0.2269    map@10 : 0.2495    map@20 : 0.2643    map@30 : 0.2705    map@50 : 0.2754
Sun 15 Mar 2026 11:25:32 INFO  Running E-step ! 
Sun 15 Mar 2026 11:25:32 INFO  epoch 145 training [time: 0.22s, train_loss1: 2.2023, train_loss2: 0.0349, train_loss3: 0.0109, train_loss4: 0.0017]
Sun 15 Mar 2026 11:25:32 INFO  epoch 145 evaluating [time: 0.28s, valid_score: 0.339000]
Sun 15 Mar 2026 11:25:32 INFO  valid result: 
recall@1 : 0.1271    recall@2 : 0.2227    recall@3 : 0.2782    recall@4 : 0.3259    recall@5 : 0.3598    recall@10 : 0.5029    recall@20 : 0.6468    recall@30 : 0.724    recall@50 : 0.8136    ndcg@1 : 0.2068    ndcg@2 : 0.2405    ndcg@3 : 0.2578    ndcg@4 : 0.2756    ndcg@5 : 0.2881    ndcg@10 : 0.339    ndcg@20 : 0.3819    ndcg@30 : 0.4027    ndcg@50 : 0.424    precision@1 : 0.2068    precision@2 : 0.1844    precision@3 : 0.1587    precision@4 : 0.1439    precision@5 : 0.1297    precision@10 : 0.0946    precision@20 : 0.0637    precision@30 : 0.049    precision@50 : 0.034    map@1 : 0.2068    map@2 : 0.211    map@3 : 0.2144    map@4 : 0.2216    map@5 : 0.227    map@10 : 0.2498    map@20 : 0.2647    map@30 : 0.2708    map@50 : 0.2757
Sun 15 Mar 2026 11:25:32 INFO  Running E-step ! 
Sun 15 Mar 2026 11:25:33 INFO  epoch 146 training [time: 0.23s, train_loss1: 2.2044, train_loss2: 0.0349, train_loss3: 0.0109, train_loss4: 0.0017]
Sun 15 Mar 2026 11:25:33 INFO  epoch 146 evaluating [time: 0.27s, valid_score: 0.339900]
Sun 15 Mar 2026 11:25:33 INFO  valid result: 
recall@1 : 0.1275    recall@2 : 0.2231    recall@3 : 0.2789    recall@4 : 0.3272    recall@5 : 0.361    recall@10 : 0.5041    recall@20 : 0.6493    recall@30 : 0.724    recall@50 : 0.8137    ndcg@1 : 0.208    ndcg@2 : 0.2413    ndcg@3 : 0.2584    ndcg@4 : 0.2766    ndcg@5 : 0.2889    ndcg@10 : 0.3399    ndcg@20 : 0.3831    ndcg@30 : 0.4032    ndcg@50 : 0.4245    precision@1 : 0.208    precision@2 : 0.185    precision@3 : 0.1589    precision@4 : 0.1447    precision@5 : 0.1299    precision@10 : 0.0947    precision@20 : 0.0639    precision@30 : 0.049    precision@50 : 0.034    map@1 : 0.208    map@2 : 0.2114    map@3 : 0.2149    map@4 : 0.2223    map@5 : 0.2277    map@10 : 0.2503    map@20 : 0.2654    map@30 : 0.2713    map@50 : 0.2762
Sun 15 Mar 2026 11:25:33 INFO  Saving current: saved/SCL-Mar-15-2026_11-24-17.pth
Sun 15 Mar 2026 11:25:33 INFO  Saving current best: saved/SCL-Mar-15-2026_11-24-17.pth
Sun 15 Mar 2026 11:25:33 INFO  Running E-step ! 
Sun 15 Mar 2026 11:25:33 INFO  epoch 147 training [time: 0.23s, train_loss1: 2.2213, train_loss2: 0.0348, train_loss3: 0.0109, train_loss4: 0.0017]
Sun 15 Mar 2026 11:25:33 INFO  epoch 147 evaluating [time: 0.29s, valid_score: 0.340300]
Sun 15 Mar 2026 11:25:33 INFO  valid result: 
recall@1 : 0.1278    recall@2 : 0.2246    recall@3 : 0.2788    recall@4 : 0.3272    recall@5 : 0.3622    recall@10 : 0.5041    recall@20 : 0.6488    recall@30 : 0.7243    recall@50 : 0.813    ndcg@1 : 0.2086    ndcg@2 : 0.2424    ndcg@3 : 0.2589    ndcg@4 : 0.277    ndcg@5 : 0.2897    ndcg@10 : 0.3403    ndcg@20 : 0.3834    ndcg@30 : 0.4037    ndcg@50 : 0.4249    precision@1 : 0.2086    precision@2 : 0.1859    precision@3 : 0.1593    precision@4 : 0.1447    precision@5 : 0.13    precision@10 : 0.0947    precision@20 : 0.0639    precision@30 : 0.0491    precision@50 : 0.034    map@1 : 0.2086    map@2 : 0.2122    map@3 : 0.2152    map@4 : 0.2226    map@5 : 0.2283    map@10 : 0.2508    map@20 : 0.2658    map@30 : 0.2718    map@50 : 0.2767
Sun 15 Mar 2026 11:25:34 INFO  Saving current: saved/SCL-Mar-15-2026_11-24-17.pth
Sun 15 Mar 2026 11:25:34 INFO  Saving current best: saved/SCL-Mar-15-2026_11-24-17.pth
Sun 15 Mar 2026 11:25:34 INFO  Running E-step ! 
Sun 15 Mar 2026 11:25:34 INFO  epoch 148 training [time: 0.31s, train_loss1: 2.2074, train_loss2: 0.0347, train_loss3: 0.0109, train_loss4: 0.0017]
Sun 15 Mar 2026 11:25:34 INFO  epoch 148 evaluating [time: 0.27s, valid_score: 0.339600]
Sun 15 Mar 2026 11:25:34 INFO  valid result: 
recall@1 : 0.1271    recall@2 : 0.2217    recall@3 : 0.2783    recall@4 : 0.3283    recall@5 : 0.3626    recall@10 : 0.5041    recall@20 : 0.6491    recall@30 : 0.7241    recall@50 : 0.8137    ndcg@1 : 0.2074    ndcg@2 : 0.2396    ndcg@3 : 0.2578    ndcg@4 : 0.2767    ndcg@5 : 0.2892    ndcg@10 : 0.3396    ndcg@20 : 0.3829    ndcg@30 : 0.403    ndcg@50 : 0.4244    precision@1 : 0.2074    precision@2 : 0.1836    precision@3 : 0.1591    precision@4 : 0.145    precision@5 : 0.1304    precision@10 : 0.0948    precision@20 : 0.0639    precision@30 : 0.049    precision@50 : 0.034    map@1 : 0.2074    map@2 : 0.2098    map@3 : 0.2141    map@4 : 0.222    map@5 : 0.2276    map@10 : 0.25    map@20 : 0.2651    map@30 : 0.271    map@50 : 0.276
Sun 15 Mar 2026 11:25:34 INFO  Running E-step ! 
Sun 15 Mar 2026 11:25:34 INFO  epoch 149 training [time: 0.20s, train_loss1: 2.1939, train_loss2: 0.0346, train_loss3: 0.0109, train_loss4: 0.0017]
Sun 15 Mar 2026 11:25:35 INFO  epoch 149 evaluating [time: 0.26s, valid_score: 0.338800]
Sun 15 Mar 2026 11:25:35 INFO  valid result: 
recall@1 : 0.1256    recall@2 : 0.2209    recall@3 : 0.2811    recall@4 : 0.3273    recall@5 : 0.3636    recall@10 : 0.5028    recall@20 : 0.6488    recall@30 : 0.7242    recall@50 : 0.8139    ndcg@1 : 0.2056    ndcg@2 : 0.2384    ndcg@3 : 0.2588    ndcg@4 : 0.2757    ndcg@5 : 0.2891    ndcg@10 : 0.3388    ndcg@20 : 0.3823    ndcg@30 : 0.4026    ndcg@50 : 0.424    precision@1 : 0.2056    precision@2 : 0.183    precision@3 : 0.1605    precision@4 : 0.1447    precision@5 : 0.1306    precision@10 : 0.0946    precision@20 : 0.0639    precision@30 : 0.0491    precision@50 : 0.034    map@1 : 0.2056    map@2 : 0.2086    map@3 : 0.2143    map@4 : 0.2211    map@5 : 0.2271    map@10 : 0.2493    map@20 : 0.2645    map@30 : 0.2704    map@50 : 0.2753
Sun 15 Mar 2026 11:25:35 INFO  Running E-step ! 
Sun 15 Mar 2026 11:25:35 INFO  epoch 150 training [time: 0.23s, train_loss1: 2.1872, train_loss2: 0.0346, train_loss3: 0.0109, train_loss4: 0.0017]
Sun 15 Mar 2026 11:25:35 INFO  epoch 150 evaluating [time: 0.27s, valid_score: 0.339000]
Sun 15 Mar 2026 11:25:35 INFO  valid result: 
recall@1 : 0.1259    recall@2 : 0.2207    recall@3 : 0.2816    recall@4 : 0.3286    recall@5 : 0.3637    recall@10 : 0.5027    recall@20 : 0.6489    recall@30 : 0.7253    recall@50 : 0.8146    ndcg@1 : 0.2068    ndcg@2 : 0.2382    ndcg@3 : 0.259    ndcg@4 : 0.2765    ndcg@5 : 0.2893    ndcg@10 : 0.339    ndcg@20 : 0.3826    ndcg@30 : 0.4032    ndcg@50 : 0.4244    precision@1 : 0.2068    precision@2 : 0.1824    precision@3 : 0.1603    precision@4 : 0.1451    precision@5 : 0.1306    precision@10 : 0.0947    precision@20 : 0.0639    precision@30 : 0.0492    precision@50 : 0.034    map@1 : 0.2068    map@2 : 0.2086    map@3 : 0.2146    map@4 : 0.2216    map@5 : 0.2274    map@10 : 0.2495    map@20 : 0.2648    map@30 : 0.2708    map@50 : 0.2757
Sun 15 Mar 2026 11:25:35 INFO  Running E-step ! 
Sun 15 Mar 2026 11:25:35 INFO  epoch 151 training [time: 0.22s, train_loss1: 2.1692, train_loss2: 0.0345, train_loss3: 0.0109, train_loss4: 0.0017]
Sun 15 Mar 2026 11:25:36 INFO  epoch 151 evaluating [time: 0.27s, valid_score: 0.339600]
Sun 15 Mar 2026 11:25:36 INFO  valid result: 
recall@1 : 0.1263    recall@2 : 0.2214    recall@3 : 0.2811    recall@4 : 0.3273    recall@5 : 0.3648    recall@10 : 0.5038    recall@20 : 0.6499    recall@30 : 0.7255    recall@50 : 0.8156    ndcg@1 : 0.208    ndcg@2 : 0.2389    ndcg@3 : 0.2592    ndcg@4 : 0.2762    ndcg@5 : 0.29    ndcg@10 : 0.3396    ndcg@20 : 0.3832    ndcg@30 : 0.4035    ndcg@50 : 0.4249    precision@1 : 0.208    precision@2 : 0.1827    precision@3 : 0.1605    precision@4 : 0.1447    precision@5 : 0.131    precision@10 : 0.0949    precision@20 : 0.064    precision@30 : 0.0491    precision@50 : 0.0341    map@1 : 0.208    map@2 : 0.2092    map@3 : 0.2149    map@4 : 0.2216    map@5 : 0.2279    map@10 : 0.25    map@20 : 0.2652    map@30 : 0.2711    map@50 : 0.2761
Sun 15 Mar 2026 11:25:36 INFO  Running E-step ! 
Sun 15 Mar 2026 11:25:36 INFO  epoch 152 training [time: 0.23s, train_loss1: 2.1912, train_loss2: 0.0344, train_loss3: 0.0109, train_loss4: 0.0017]
Sun 15 Mar 2026 11:25:36 INFO  epoch 152 evaluating [time: 0.27s, valid_score: 0.340300]
Sun 15 Mar 2026 11:25:36 INFO  valid result: 
recall@1 : 0.1264    recall@2 : 0.221    recall@3 : 0.2813    recall@4 : 0.3278    recall@5 : 0.3646    recall@10 : 0.5057    recall@20 : 0.65    recall@30 : 0.7263    recall@50 : 0.8158    ndcg@1 : 0.208    ndcg@2 : 0.2387    ndcg@3 : 0.2593    ndcg@4 : 0.2765    ndcg@5 : 0.29    ndcg@10 : 0.3403    ndcg@20 : 0.3833    ndcg@30 : 0.4037    ndcg@50 : 0.4251    precision@1 : 0.208    precision@2 : 0.1824    precision@3 : 0.1607    precision@4 : 0.1451    precision@5 : 0.131    precision@10 : 0.0952    precision@20 : 0.064    precision@30 : 0.0491    precision@50 : 0.0341    map@1 : 0.208    map@2 : 0.2092    map@3 : 0.2152    map@4 : 0.2219    map@5 : 0.2279    map@10 : 0.2504    map@20 : 0.2654    map@30 : 0.2713    map@50 : 0.2763
Sun 15 Mar 2026 11:25:36 INFO  Saving current: saved/SCL-Mar-15-2026_11-24-17.pth
Sun 15 Mar 2026 11:25:36 INFO  Saving current best: saved/SCL-Mar-15-2026_11-24-17.pth
Sun 15 Mar 2026 11:25:36 INFO  Running E-step ! 
Sun 15 Mar 2026 11:25:36 INFO  epoch 153 training [time: 0.23s, train_loss1: 2.1527, train_loss2: 0.0344, train_loss3: 0.0109, train_loss4: 0.0017]
Sun 15 Mar 2026 11:25:37 INFO  epoch 153 evaluating [time: 0.17s, valid_score: 0.340300]
Sun 15 Mar 2026 11:25:37 INFO  valid result: 
recall@1 : 0.1257    recall@2 : 0.2226    recall@3 : 0.2797    recall@4 : 0.3283    recall@5 : 0.3646    recall@10 : 0.5059    recall@20 : 0.6491    recall@30 : 0.7237    recall@50 : 0.8151    ndcg@1 : 0.208    ndcg@2 : 0.2392    ndcg@3 : 0.2583    ndcg@4 : 0.2767    ndcg@5 : 0.2899    ndcg@10 : 0.3403    ndcg@20 : 0.3831    ndcg@30 : 0.4032    ndcg@50 : 0.4249    precision@1 : 0.208    precision@2 : 0.1827    precision@3 : 0.1599    precision@4 : 0.1454    precision@5 : 0.131    precision@10 : 0.0953    precision@20 : 0.0639    precision@30 : 0.0491    precision@50 : 0.0341    map@1 : 0.208    map@2 : 0.2095    map@3 : 0.2144    map@4 : 0.2218    map@5 : 0.2277    map@10 : 0.2502    map@20 : 0.2652    map@30 : 0.2711    map@50 : 0.2761
Sun 15 Mar 2026 11:25:37 INFO  Saving current: saved/SCL-Mar-15-2026_11-24-17.pth
Sun 15 Mar 2026 11:25:37 INFO  Saving current best: saved/SCL-Mar-15-2026_11-24-17.pth
Sun 15 Mar 2026 11:25:37 INFO  Running E-step ! 
Sun 15 Mar 2026 11:25:37 INFO  epoch 154 training [time: 0.22s, train_loss1: 2.1521, train_loss2: 0.0343, train_loss3: 0.0109, train_loss4: 0.0017]
Sun 15 Mar 2026 11:25:37 INFO  epoch 154 evaluating [time: 0.27s, valid_score: 0.341000]
Sun 15 Mar 2026 11:25:37 INFO  valid result: 
recall@1 : 0.1272    recall@2 : 0.2243    recall@3 : 0.2805    recall@4 : 0.3279    recall@5 : 0.3655    recall@10 : 0.5054    recall@20 : 0.6498    recall@30 : 0.724    recall@50 : 0.8155    ndcg@1 : 0.2098    ndcg@2 : 0.2415    ndcg@3 : 0.2599    ndcg@4 : 0.2775    ndcg@5 : 0.2912    ndcg@10 : 0.341    ndcg@20 : 0.3842    ndcg@30 : 0.4042    ndcg@50 : 0.426    precision@1 : 0.2098    precision@2 : 0.1844    precision@3 : 0.1607    precision@4 : 0.1453    precision@5 : 0.1313    precision@10 : 0.0951    precision@20 : 0.064    precision@30 : 0.049    precision@50 : 0.0341    map@1 : 0.2098    map@2 : 0.2116    map@3 : 0.216    map@4 : 0.223    map@5 : 0.2291    map@10 : 0.2513    map@20 : 0.2664    map@30 : 0.2723    map@50 : 0.2774
Sun 15 Mar 2026 11:25:37 INFO  Saving current: saved/SCL-Mar-15-2026_11-24-17.pth
Sun 15 Mar 2026 11:25:37 INFO  Saving current best: saved/SCL-Mar-15-2026_11-24-17.pth
Sun 15 Mar 2026 11:25:37 INFO  Running E-step ! 
Sun 15 Mar 2026 11:25:37 INFO  epoch 155 training [time: 0.23s, train_loss1: 2.1416, train_loss2: 0.0342, train_loss3: 0.0109, train_loss4: 0.0017]
Sun 15 Mar 2026 11:25:38 INFO  epoch 155 evaluating [time: 0.27s, valid_score: 0.341600]
Sun 15 Mar 2026 11:25:38 INFO  valid result: 
recall@1 : 0.1269    recall@2 : 0.2244    recall@3 : 0.2807    recall@4 : 0.3304    recall@5 : 0.3656    recall@10 : 0.5074    recall@20 : 0.6497    recall@30 : 0.7244    recall@50 : 0.8157    ndcg@1 : 0.2092    ndcg@2 : 0.2413    ndcg@3 : 0.2601    ndcg@4 : 0.2784    ndcg@5 : 0.2913    ndcg@10 : 0.3416    ndcg@20 : 0.3842    ndcg@30 : 0.4043    ndcg@50 : 0.4261    precision@1 : 0.2092    precision@2 : 0.1841    precision@3 : 0.1611    precision@4 : 0.146    precision@5 : 0.1315    precision@10 : 0.0952    precision@20 : 0.0639    precision@30 : 0.0491    precision@50 : 0.0341    map@1 : 0.2092    map@2 : 0.2114    map@3 : 0.216    map@4 : 0.2234    map@5 : 0.2292    map@10 : 0.2514    map@20 : 0.2664    map@30 : 0.2724    map@50 : 0.2774
Sun 15 Mar 2026 11:25:38 INFO  Saving current: saved/SCL-Mar-15-2026_11-24-17.pth
Sun 15 Mar 2026 11:25:38 INFO  Saving current best: saved/SCL-Mar-15-2026_11-24-17.pth
Sun 15 Mar 2026 11:25:38 INFO  Running E-step ! 
Sun 15 Mar 2026 11:25:38 INFO  epoch 156 training [time: 0.24s, train_loss1: 2.1364, train_loss2: 0.0342, train_loss3: 0.0109, train_loss4: 0.0017]
Sun 15 Mar 2026 11:25:38 INFO  epoch 156 evaluating [time: 0.26s, valid_score: 0.341500]
Sun 15 Mar 2026 11:25:38 INFO  valid result: 
recall@1 : 0.1268    recall@2 : 0.2244    recall@3 : 0.2816    recall@4 : 0.3305    recall@5 : 0.366    recall@10 : 0.5072    recall@20 : 0.6499    recall@30 : 0.7245    recall@50 : 0.8159    ndcg@1 : 0.2086    ndcg@2 : 0.2411    ndcg@3 : 0.2604    ndcg@4 : 0.2784    ndcg@5 : 0.2915    ndcg@10 : 0.3415    ndcg@20 : 0.3842    ndcg@30 : 0.4044    ndcg@50 : 0.4262    precision@1 : 0.2086    precision@2 : 0.1841    precision@3 : 0.1615    precision@4 : 0.146    precision@5 : 0.1317    precision@10 : 0.0952    precision@20 : 0.0639    precision@30 : 0.0491    precision@50 : 0.0341    map@1 : 0.2086    map@2 : 0.2113    map@3 : 0.2162    map@4 : 0.2234    map@5 : 0.2294    map@10 : 0.2515    map@20 : 0.2665    map@30 : 0.2725    map@50 : 0.2775
Sun 15 Mar 2026 11:25:38 INFO  Running E-step ! 
Sun 15 Mar 2026 11:25:38 INFO  epoch 157 training [time: 0.22s, train_loss1: 2.1253, train_loss2: 0.0341, train_loss3: 0.0109, train_loss4: 0.0017]
Sun 15 Mar 2026 11:25:39 INFO  epoch 157 evaluating [time: 0.27s, valid_score: 0.341900]
Sun 15 Mar 2026 11:25:39 INFO  valid result: 
recall@1 : 0.1274    recall@2 : 0.224    recall@3 : 0.2814    recall@4 : 0.3311    recall@5 : 0.3659    recall@10 : 0.5081    recall@20 : 0.6505    recall@30 : 0.7252    recall@50 : 0.816    ndcg@1 : 0.2092    ndcg@2 : 0.241    ndcg@3 : 0.2604    ndcg@4 : 0.2789    ndcg@5 : 0.2916    ndcg@10 : 0.3419    ndcg@20 : 0.3846    ndcg@30 : 0.4048    ndcg@50 : 0.4264    precision@1 : 0.2092    precision@2 : 0.1838    precision@3 : 0.1613    precision@4 : 0.1463    precision@5 : 0.1317    precision@10 : 0.0952    precision@20 : 0.064    precision@30 : 0.0491    precision@50 : 0.0341    map@1 : 0.2092    map@2 : 0.2113    map@3 : 0.2164    map@4 : 0.2237    map@5 : 0.2295    map@10 : 0.2518    map@20 : 0.2668    map@30 : 0.2728    map@50 : 0.2778
Sun 15 Mar 2026 11:25:39 INFO  Saving current: saved/SCL-Mar-15-2026_11-24-17.pth
Sun 15 Mar 2026 11:25:39 INFO  Saving current best: saved/SCL-Mar-15-2026_11-24-17.pth
Sun 15 Mar 2026 11:25:39 INFO  Running E-step ! 
Sun 15 Mar 2026 11:25:39 INFO  epoch 158 training [time: 0.23s, train_loss1: 2.1505, train_loss2: 0.0341, train_loss3: 0.0109, train_loss4: 0.0016]
Sun 15 Mar 2026 11:25:39 INFO  epoch 158 evaluating [time: 0.25s, valid_score: 0.342500]
Sun 15 Mar 2026 11:25:39 INFO  valid result: 
recall@1 : 0.128    recall@2 : 0.2234    recall@3 : 0.2817    recall@4 : 0.3314    recall@5 : 0.3658    recall@10 : 0.5089    recall@20 : 0.6515    recall@30 : 0.7261    recall@50 : 0.8148    ndcg@1 : 0.2098    ndcg@2 : 0.2408    ndcg@3 : 0.2606    ndcg@4 : 0.2794    ndcg@5 : 0.2918    ndcg@10 : 0.3425    ndcg@20 : 0.3851    ndcg@30 : 0.4052    ndcg@50 : 0.4265    precision@1 : 0.2098    precision@2 : 0.1836    precision@3 : 0.1613    precision@4 : 0.1468    precision@5 : 0.1316    precision@10 : 0.0954    precision@20 : 0.0641    precision@30 : 0.0492    precision@50 : 0.0341    map@1 : 0.2098    map@2 : 0.2113    map@3 : 0.2165    map@4 : 0.2241    map@5 : 0.2298    map@10 : 0.2522    map@20 : 0.2672    map@30 : 0.2732    map@50 : 0.2781
Sun 15 Mar 2026 11:25:39 INFO  Saving current: saved/SCL-Mar-15-2026_11-24-17.pth
Sun 15 Mar 2026 11:25:39 INFO  Saving current best: saved/SCL-Mar-15-2026_11-24-17.pth
Sun 15 Mar 2026 11:25:39 INFO  Running E-step ! 
Sun 15 Mar 2026 11:25:39 INFO  epoch 159 training [time: 0.23s, train_loss1: 2.1257, train_loss2: 0.0340, train_loss3: 0.0109, train_loss4: 0.0016]
Sun 15 Mar 2026 11:25:40 INFO  epoch 159 evaluating [time: 0.25s, valid_score: 0.342400]
Sun 15 Mar 2026 11:25:40 INFO  valid result: 
recall@1 : 0.1274    recall@2 : 0.2238    recall@3 : 0.2811    recall@4 : 0.3325    recall@5 : 0.3648    recall@10 : 0.5094    recall@20 : 0.6517    recall@30 : 0.7256    recall@50 : 0.8147    ndcg@1 : 0.2092    ndcg@2 : 0.2408    ndcg@3 : 0.2602    ndcg@4 : 0.2797    ndcg@5 : 0.2911    ndcg@10 : 0.3424    ndcg@20 : 0.3851    ndcg@30 : 0.405    ndcg@50 : 0.4264    precision@1 : 0.2092    precision@2 : 0.1838    precision@3 : 0.1611    precision@4 : 0.1471    precision@5 : 0.1312    precision@10 : 0.0954    precision@20 : 0.0642    precision@30 : 0.0491    precision@50 : 0.0341    map@1 : 0.2092    map@2 : 0.2111    map@3 : 0.2161    map@4 : 0.2242    map@5 : 0.2293    map@10 : 0.252    map@20 : 0.2671    map@30 : 0.273    map@50 : 0.278
Sun 15 Mar 2026 11:25:40 INFO  Running E-step ! 
Sun 15 Mar 2026 11:25:40 INFO  epoch 160 training [time: 0.23s, train_loss1: 2.1453, train_loss2: 0.0340, train_loss3: 0.0109, train_loss4: 0.0016]
Sun 15 Mar 2026 11:25:40 INFO  epoch 160 evaluating [time: 0.28s, valid_score: 0.342800]
Sun 15 Mar 2026 11:25:40 INFO  valid result: 
recall@1 : 0.1274    recall@2 : 0.2247    recall@3 : 0.2816    recall@4 : 0.3319    recall@5 : 0.3661    recall@10 : 0.5099    recall@20 : 0.6532    recall@30 : 0.7251    recall@50 : 0.8153    ndcg@1 : 0.2092    ndcg@2 : 0.2417    ndcg@3 : 0.2604    ndcg@4 : 0.2796    ndcg@5 : 0.2919    ndcg@10 : 0.3428    ndcg@20 : 0.3857    ndcg@30 : 0.4052    ndcg@50 : 0.4268    precision@1 : 0.2092    precision@2 : 0.1847    precision@3 : 0.1609    precision@4 : 0.1469    precision@5 : 0.1318    precision@10 : 0.0955    precision@20 : 0.0642    precision@30 : 0.0491    precision@50 : 0.0341    map@1 : 0.2092    map@2 : 0.2117    map@3 : 0.2163    map@4 : 0.2242    map@5 : 0.2298    map@10 : 0.2523    map@20 : 0.2675    map@30 : 0.2733    map@50 : 0.2783
Sun 15 Mar 2026 11:25:40 INFO  Saving current: saved/SCL-Mar-15-2026_11-24-17.pth
Sun 15 Mar 2026 11:25:40 INFO  Saving current best: saved/SCL-Mar-15-2026_11-24-17.pth
Sun 15 Mar 2026 11:25:40 INFO  Running E-step ! 
Sun 15 Mar 2026 11:25:40 INFO  epoch 161 training [time: 0.23s, train_loss1: 2.1263, train_loss2: 0.0339, train_loss3: 0.0109, train_loss4: 0.0016]
Sun 15 Mar 2026 11:25:41 INFO  epoch 161 evaluating [time: 0.41s, valid_score: 0.342600]
Sun 15 Mar 2026 11:25:41 INFO  valid result: 
recall@1 : 0.1271    recall@2 : 0.2251    recall@3 : 0.2826    recall@4 : 0.3316    recall@5 : 0.3674    recall@10 : 0.5081    recall@20 : 0.6541    recall@30 : 0.7264    recall@50 : 0.8174    ndcg@1 : 0.2092    ndcg@2 : 0.242    ndcg@3 : 0.2612    ndcg@4 : 0.2794    ndcg@5 : 0.2925    ndcg@10 : 0.3426    ndcg@20 : 0.3861    ndcg@30 : 0.4056    ndcg@50 : 0.4273    precision@1 : 0.2092    precision@2 : 0.1853    precision@3 : 0.1617    precision@4 : 0.1465    precision@5 : 0.1323    precision@10 : 0.0956    precision@20 : 0.0643    precision@30 : 0.0492    precision@50 : 0.0341    map@1 : 0.2092    map@2 : 0.2119    map@3 : 0.2169    map@4 : 0.2241    map@5 : 0.2301    map@10 : 0.2524    map@20 : 0.2676    map@30 : 0.2734    map@50 : 0.2785
Sun 15 Mar 2026 11:25:41 INFO  Running E-step ! 
Sun 15 Mar 2026 11:25:41 INFO  epoch 162 training [time: 0.28s, train_loss1: 2.0807, train_loss2: 0.0338, train_loss3: 0.0109, train_loss4: 0.0016]
Sun 15 Mar 2026 11:25:41 INFO  epoch 162 evaluating [time: 0.14s, valid_score: 0.342800]
Sun 15 Mar 2026 11:25:41 INFO  valid result: 
recall@1 : 0.129    recall@2 : 0.2252    recall@3 : 0.2822    recall@4 : 0.3325    recall@5 : 0.3668    recall@10 : 0.5063    recall@20 : 0.6547    recall@30 : 0.7279    recall@50 : 0.8185    ndcg@1 : 0.2116    ndcg@2 : 0.2431    ndcg@3 : 0.2618    ndcg@4 : 0.2806    ndcg@5 : 0.2931    ndcg@10 : 0.3428    ndcg@20 : 0.387    ndcg@30 : 0.4067    ndcg@50 : 0.4282    precision@1 : 0.2116    precision@2 : 0.1856    precision@3 : 0.1617    precision@4 : 0.1469    precision@5 : 0.1322    precision@10 : 0.0955    precision@20 : 0.0644    precision@30 : 0.0493    precision@50 : 0.0342    map@1 : 0.2116    map@2 : 0.2132    map@3 : 0.2179    map@4 : 0.2255    map@5 : 0.2311    map@10 : 0.2531    map@20 : 0.2687    map@30 : 0.2745    map@50 : 0.2795
Sun 15 Mar 2026 11:25:41 INFO  Saving current: saved/SCL-Mar-15-2026_11-24-17.pth
Sun 15 Mar 2026 11:25:41 INFO  Saving current best: saved/SCL-Mar-15-2026_11-24-17.pth
Sun 15 Mar 2026 11:25:41 INFO  Running E-step ! 
Sun 15 Mar 2026 11:25:41 INFO  epoch 163 training [time: 0.22s, train_loss1: 2.0916, train_loss2: 0.0338, train_loss3: 0.0109, train_loss4: 0.0016]
Sun 15 Mar 2026 11:25:42 INFO  epoch 163 evaluating [time: 0.27s, valid_score: 0.342200]
Sun 15 Mar 2026 11:25:42 INFO  valid result: 
recall@1 : 0.129    recall@2 : 0.2245    recall@3 : 0.2824    recall@4 : 0.3325    recall@5 : 0.3673    recall@10 : 0.5044    recall@20 : 0.6542    recall@30 : 0.7279    recall@50 : 0.819    ndcg@1 : 0.2116    ndcg@2 : 0.2428    ndcg@3 : 0.262    ndcg@4 : 0.2806    ndcg@5 : 0.2932    ndcg@10 : 0.3422    ndcg@20 : 0.3868    ndcg@30 : 0.4067    ndcg@50 : 0.4283    precision@1 : 0.2116    precision@2 : 0.1856    precision@3 : 0.1621    precision@4 : 0.1469    precision@5 : 0.1323    precision@10 : 0.0954    precision@20 : 0.0643    precision@30 : 0.0492    precision@50 : 0.0342    map@1 : 0.2116    map@2 : 0.2129    map@3 : 0.218    map@4 : 0.2254    map@5 : 0.2311    map@10 : 0.2529    map@20 : 0.2685    map@30 : 0.2744    map@50 : 0.2794
Sun 15 Mar 2026 11:25:42 INFO  Running E-step ! 
Sun 15 Mar 2026 11:25:42 INFO  epoch 164 training [time: 0.20s, train_loss1: 2.1360, train_loss2: 0.0337, train_loss3: 0.0109, train_loss4: 0.0016]
Sun 15 Mar 2026 11:25:42 INFO  epoch 164 evaluating [time: 0.27s, valid_score: 0.342600]
Sun 15 Mar 2026 11:25:42 INFO  valid result: 
recall@1 : 0.129    recall@2 : 0.2265    recall@3 : 0.2837    recall@4 : 0.3331    recall@5 : 0.3675    recall@10 : 0.5039    recall@20 : 0.6542    recall@30 : 0.7285    recall@50 : 0.8201    ndcg@1 : 0.2116    ndcg@2 : 0.2439    ndcg@3 : 0.2633    ndcg@4 : 0.2812    ndcg@5 : 0.2936    ndcg@10 : 0.3426    ndcg@20 : 0.3873    ndcg@30 : 0.4073    ndcg@50 : 0.429    precision@1 : 0.2116    precision@2 : 0.1865    precision@3 : 0.1633    precision@4 : 0.1471    precision@5 : 0.1321    precision@10 : 0.0954    precision@20 : 0.0643    precision@30 : 0.0493    precision@50 : 0.0342    map@1 : 0.2116    map@2 : 0.2136    map@3 : 0.2188    map@4 : 0.226    map@5 : 0.2315    map@10 : 0.2534    map@20 : 0.2691    map@30 : 0.2749    map@50 : 0.28
Sun 15 Mar 2026 11:25:42 INFO  Running E-step ! 
Sun 15 Mar 2026 11:25:42 INFO  epoch 165 training [time: 0.22s, train_loss1: 2.0960, train_loss2: 0.0336, train_loss3: 0.0109, train_loss4: 0.0016]
Sun 15 Mar 2026 11:25:43 INFO  epoch 165 evaluating [time: 0.25s, valid_score: 0.343300]
Sun 15 Mar 2026 11:25:43 INFO  valid result: 
recall@1 : 0.1305    recall@2 : 0.2261    recall@3 : 0.2842    recall@4 : 0.333    recall@5 : 0.3662    recall@10 : 0.5043    recall@20 : 0.6553    recall@30 : 0.7291    recall@50 : 0.8194    ndcg@1 : 0.2133    ndcg@2 : 0.244    ndcg@3 : 0.2642    ndcg@4 : 0.2818    ndcg@5 : 0.2937    ndcg@10 : 0.3433    ndcg@20 : 0.3881    ndcg@30 : 0.408    ndcg@50 : 0.4294    precision@1 : 0.2133    precision@2 : 0.1859    precision@3 : 0.1637    precision@4 : 0.1471    precision@5 : 0.1318    precision@10 : 0.0954    precision@20 : 0.0644    precision@30 : 0.0494    precision@50 : 0.0342    map@1 : 0.2133    map@2 : 0.2141    map@3 : 0.2198    map@4 : 0.2267    map@5 : 0.2319    map@10 : 0.2541    map@20 : 0.2699    map@30 : 0.2757    map@50 : 0.2807
Sun 15 Mar 2026 11:25:43 INFO  Saving current: saved/SCL-Mar-15-2026_11-24-17.pth
Sun 15 Mar 2026 11:25:43 INFO  Saving current best: saved/SCL-Mar-15-2026_11-24-17.pth
Sun 15 Mar 2026 11:25:43 INFO  Running E-step ! 
Sun 15 Mar 2026 11:25:43 INFO  epoch 166 training [time: 0.23s, train_loss1: 2.1051, train_loss2: 0.0336, train_loss3: 0.0109, train_loss4: 0.0016]
Sun 15 Mar 2026 11:25:43 INFO  epoch 166 evaluating [time: 0.26s, valid_score: 0.343000]
Sun 15 Mar 2026 11:25:43 INFO  valid result: 
recall@1 : 0.1297    recall@2 : 0.2262    recall@3 : 0.2823    recall@4 : 0.3335    recall@5 : 0.3654    recall@10 : 0.5045    recall@20 : 0.6556    recall@30 : 0.7295    recall@50 : 0.819    ndcg@1 : 0.2122    ndcg@2 : 0.2441    ndcg@3 : 0.2629    ndcg@4 : 0.2816    ndcg@5 : 0.2929    ndcg@10 : 0.343    ndcg@20 : 0.3878    ndcg@30 : 0.4078    ndcg@50 : 0.429    precision@1 : 0.2122    precision@2 : 0.1865    precision@3 : 0.1629    precision@4 : 0.1471    precision@5 : 0.1316    precision@10 : 0.0954    precision@20 : 0.0644    precision@30 : 0.0494    precision@50 : 0.0341    map@1 : 0.2122    map@2 : 0.2141    map@3 : 0.2187    map@4 : 0.2262    map@5 : 0.2312    map@10 : 0.2537    map@20 : 0.2694    map@30 : 0.2753    map@50 : 0.2802
Sun 15 Mar 2026 11:25:43 INFO  Running E-step ! 
Sun 15 Mar 2026 11:25:43 INFO  epoch 167 training [time: 0.22s, train_loss1: 2.1063, train_loss2: 0.0335, train_loss3: 0.0109, train_loss4: 0.0016]
Sun 15 Mar 2026 11:25:44 INFO  epoch 167 evaluating [time: 0.28s, valid_score: 0.342900]
Sun 15 Mar 2026 11:25:44 INFO  valid result: 
recall@1 : 0.1288    recall@2 : 0.2263    recall@3 : 0.2829    recall@4 : 0.3329    recall@5 : 0.3654    recall@10 : 0.5052    recall@20 : 0.6562    recall@30 : 0.7298    recall@50 : 0.8174    ndcg@1 : 0.211    ndcg@2 : 0.2439    ndcg@3 : 0.2629    ndcg@4 : 0.2811    ndcg@5 : 0.2926    ndcg@10 : 0.3429    ndcg@20 : 0.3878    ndcg@30 : 0.4077    ndcg@50 : 0.4285    precision@1 : 0.211    precision@2 : 0.1865    precision@3 : 0.1631    precision@4 : 0.1472    precision@5 : 0.1316    precision@10 : 0.0955    precision@20 : 0.0645    precision@30 : 0.0494    precision@50 : 0.0341    map@1 : 0.211    map@2 : 0.2138    map@3 : 0.2185    map@4 : 0.2257    map@5 : 0.2308    map@10 : 0.2534    map@20 : 0.2692    map@30 : 0.275    map@50 : 0.2799
Sun 15 Mar 2026 11:25:44 INFO  Running E-step ! 
Sun 15 Mar 2026 11:25:44 INFO  epoch 168 training [time: 0.21s, train_loss1: 2.0590, train_loss2: 0.0334, train_loss3: 0.0109, train_loss4: 0.0016]
Sun 15 Mar 2026 11:25:44 INFO  epoch 168 evaluating [time: 0.27s, valid_score: 0.343200]
Sun 15 Mar 2026 11:25:44 INFO  valid result: 
recall@1 : 0.1296    recall@2 : 0.2266    recall@3 : 0.2837    recall@4 : 0.3321    recall@5 : 0.3654    recall@10 : 0.5046    recall@20 : 0.6577    recall@30 : 0.7304    recall@50 : 0.8177    ndcg@1 : 0.2122    ndcg@2 : 0.2447    ndcg@3 : 0.2639    ndcg@4 : 0.2812    ndcg@5 : 0.293    ndcg@10 : 0.3432    ndcg@20 : 0.3886    ndcg@30 : 0.4082    ndcg@50 : 0.429    precision@1 : 0.2122    precision@2 : 0.1871    precision@3 : 0.1637    precision@4 : 0.1469    precision@5 : 0.1315    precision@10 : 0.0955    precision@20 : 0.0646    precision@30 : 0.0494    precision@50 : 0.0341    map@1 : 0.2122    map@2 : 0.2147    map@3 : 0.2195    map@4 : 0.2262    map@5 : 0.2312    map@10 : 0.2539    map@20 : 0.2697    map@30 : 0.2756    map@50 : 0.2804
Sun 15 Mar 2026 11:25:44 INFO  Running E-step ! 
Sun 15 Mar 2026 11:25:44 INFO  epoch 169 training [time: 0.21s, train_loss1: 2.0698, train_loss2: 0.0334, train_loss3: 0.0109, train_loss4: 0.0016]
Sun 15 Mar 2026 11:25:45 INFO  epoch 169 evaluating [time: 0.28s, valid_score: 0.344000]
Sun 15 Mar 2026 11:25:45 INFO  valid result: 
recall@1 : 0.1304    recall@2 : 0.2263    recall@3 : 0.2852    recall@4 : 0.3327    recall@5 : 0.3649    recall@10 : 0.5055    recall@20 : 0.6589    recall@30 : 0.7306    recall@50 : 0.8179    ndcg@1 : 0.2133    ndcg@2 : 0.2452    ndcg@3 : 0.265    ndcg@4 : 0.2818    ndcg@5 : 0.2934    ndcg@10 : 0.344    ndcg@20 : 0.3895    ndcg@30 : 0.4088    ndcg@50 : 0.4296    precision@1 : 0.2133    precision@2 : 0.1874    precision@3 : 0.1643    precision@4 : 0.1468    precision@5 : 0.1316    precision@10 : 0.0956    precision@20 : 0.0647    precision@30 : 0.0494    precision@50 : 0.0341    map@1 : 0.2133    map@2 : 0.2151    map@3 : 0.2204    map@4 : 0.2268    map@5 : 0.2318    map@10 : 0.2546    map@20 : 0.2705    map@30 : 0.2763    map@50 : 0.2811
Sun 15 Mar 2026 11:25:45 INFO  Saving current: saved/SCL-Mar-15-2026_11-24-17.pth
Sun 15 Mar 2026 11:25:45 INFO  Saving current best: saved/SCL-Mar-15-2026_11-24-17.pth
Sun 15 Mar 2026 11:25:45 INFO  Running E-step ! 
Sun 15 Mar 2026 11:25:45 INFO  epoch 170 training [time: 0.23s, train_loss1: 2.0578, train_loss2: 0.0333, train_loss3: 0.0109, train_loss4: 0.0016]
Sun 15 Mar 2026 11:25:45 INFO  epoch 170 evaluating [time: 0.28s, valid_score: 0.343600]
Sun 15 Mar 2026 11:25:45 INFO  valid result: 
recall@1 : 0.1293    recall@2 : 0.2266    recall@3 : 0.2841    recall@4 : 0.3326    recall@5 : 0.3654    recall@10 : 0.5058    recall@20 : 0.6603    recall@30 : 0.7317    recall@50 : 0.818    ndcg@1 : 0.2128    ndcg@2 : 0.2446    ndcg@3 : 0.2638    ndcg@4 : 0.2813    ndcg@5 : 0.2932    ndcg@10 : 0.3436    ndcg@20 : 0.3893    ndcg@30 : 0.4086    ndcg@50 : 0.4292    precision@1 : 0.2128    precision@2 : 0.1871    precision@3 : 0.1631    precision@4 : 0.1468    precision@5 : 0.1319    precision@10 : 0.0956    precision@20 : 0.0649    precision@30 : 0.0495    precision@50 : 0.0341    map@1 : 0.2128    map@2 : 0.2147    map@3 : 0.2194    map@4 : 0.2262    map@5 : 0.2315    map@10 : 0.2541    map@20 : 0.27    map@30 : 0.2757    map@50 : 0.2806
Sun 15 Mar 2026 11:25:45 INFO  Running E-step ! 
Sun 15 Mar 2026 11:25:45 INFO  epoch 171 training [time: 0.21s, train_loss1: 2.0399, train_loss2: 0.0333, train_loss3: 0.0109, train_loss4: 0.0016]
Sun 15 Mar 2026 11:25:46 INFO  epoch 171 evaluating [time: 0.26s, valid_score: 0.343500]
Sun 15 Mar 2026 11:25:46 INFO  valid result: 
recall@1 : 0.1293    recall@2 : 0.2247    recall@3 : 0.2847    recall@4 : 0.3327    recall@5 : 0.3676    recall@10 : 0.5061    recall@20 : 0.6608    recall@30 : 0.7324    recall@50 : 0.8175    ndcg@1 : 0.2128    ndcg@2 : 0.2437    ndcg@3 : 0.264    ndcg@4 : 0.2813    ndcg@5 : 0.2939    ndcg@10 : 0.3435    ndcg@20 : 0.3893    ndcg@30 : 0.4087    ndcg@50 : 0.429    precision@1 : 0.2128    precision@2 : 0.1865    precision@3 : 0.1635    precision@4 : 0.1471    precision@5 : 0.1325    precision@10 : 0.0956    precision@20 : 0.0648    precision@30 : 0.0495    precision@50 : 0.0341    map@1 : 0.2128    map@2 : 0.2141    map@3 : 0.2195    map@4 : 0.226    map@5 : 0.2317    map@10 : 0.2539    map@20 : 0.2699    map@30 : 0.2756    map@50 : 0.2804
Sun 15 Mar 2026 11:25:46 INFO  Running E-step ! 
Sun 15 Mar 2026 11:25:46 INFO  epoch 172 training [time: 0.23s, train_loss1: 2.0107, train_loss2: 0.0332, train_loss3: 0.0109, train_loss4: 0.0016]
Sun 15 Mar 2026 11:25:46 INFO  epoch 172 evaluating [time: 0.27s, valid_score: 0.343600]
Sun 15 Mar 2026 11:25:46 INFO  valid result: 
recall@1 : 0.1292    recall@2 : 0.2242    recall@3 : 0.2841    recall@4 : 0.3331    recall@5 : 0.3688    recall@10 : 0.5063    recall@20 : 0.6611    recall@30 : 0.7322    recall@50 : 0.8184    ndcg@1 : 0.2122    ndcg@2 : 0.2435    ndcg@3 : 0.2635    ndcg@4 : 0.2814    ndcg@5 : 0.2942    ndcg@10 : 0.3436    ndcg@20 : 0.3893    ndcg@30 : 0.4085    ndcg@50 : 0.4291    precision@1 : 0.2122    precision@2 : 0.1865    precision@3 : 0.1633    precision@4 : 0.1473    precision@5 : 0.1328    precision@10 : 0.0959    precision@20 : 0.0649    precision@30 : 0.0496    precision@50 : 0.0342    map@1 : 0.2122    map@2 : 0.2138    map@3 : 0.2191    map@4 : 0.226    map@5 : 0.2319    map@10 : 0.2538    map@20 : 0.2697    map@30 : 0.2755    map@50 : 0.2803
Sun 15 Mar 2026 11:25:46 INFO  Running E-step ! 
Sun 15 Mar 2026 11:25:46 INFO  epoch 173 training [time: 0.22s, train_loss1: 2.0309, train_loss2: 0.0332, train_loss3: 0.0109, train_loss4: 0.0016]
Sun 15 Mar 2026 11:25:47 INFO  epoch 173 evaluating [time: 0.26s, valid_score: 0.343500]
Sun 15 Mar 2026 11:25:47 INFO  valid result: 
recall@1 : 0.1293    recall@2 : 0.2232    recall@3 : 0.2845    recall@4 : 0.3337    recall@5 : 0.3695    recall@10 : 0.5057    recall@20 : 0.661    recall@30 : 0.7336    recall@50 : 0.8187    ndcg@1 : 0.2128    ndcg@2 : 0.2425    ndcg@3 : 0.2635    ndcg@4 : 0.2816    ndcg@5 : 0.2944    ndcg@10 : 0.3435    ndcg@20 : 0.3893    ndcg@30 : 0.4089    ndcg@50 : 0.4292    precision@1 : 0.2128    precision@2 : 0.1853    precision@3 : 0.1631    precision@4 : 0.1475    precision@5 : 0.1329    precision@10 : 0.0959    precision@20 : 0.0649    precision@30 : 0.0496    precision@50 : 0.0342    map@1 : 0.2128    map@2 : 0.2131    map@3 : 0.2189    map@4 : 0.226    map@5 : 0.2319    map@10 : 0.2538    map@20 : 0.2697    map@30 : 0.2755    map@50 : 0.2803
Sun 15 Mar 2026 11:25:47 INFO  Running E-step ! 
Sun 15 Mar 2026 11:25:47 INFO  epoch 174 training [time: 0.23s, train_loss1: 2.0030, train_loss2: 0.0331, train_loss3: 0.0109, train_loss4: 0.0016]
Sun 15 Mar 2026 11:25:47 INFO  epoch 174 evaluating [time: 0.28s, valid_score: 0.344600]
Sun 15 Mar 2026 11:25:47 INFO  valid result: 
recall@1 : 0.1305    recall@2 : 0.2232    recall@3 : 0.2846    recall@4 : 0.3344    recall@5 : 0.3702    recall@10 : 0.507    recall@20 : 0.6602    recall@30 : 0.7338    recall@50 : 0.8185    ndcg@1 : 0.2145    ndcg@2 : 0.2431    ndcg@3 : 0.264    ndcg@4 : 0.2825    ndcg@5 : 0.2953    ndcg@10 : 0.3446    ndcg@20 : 0.3897    ndcg@30 : 0.4096    ndcg@50 : 0.4299    precision@1 : 0.2145    precision@2 : 0.1853    precision@3 : 0.1631    precision@4 : 0.1478    precision@5 : 0.1331    precision@10 : 0.0962    precision@20 : 0.0648    precision@30 : 0.0496    precision@50 : 0.0342    map@1 : 0.2145    map@2 : 0.2138    map@3 : 0.2196    map@4 : 0.2269    map@5 : 0.2328    map@10 : 0.2548    map@20 : 0.2705    map@30 : 0.2763    map@50 : 0.2812
Sun 15 Mar 2026 11:25:47 INFO  Saving current: saved/SCL-Mar-15-2026_11-24-17.pth
Sun 15 Mar 2026 11:25:47 INFO  Saving current best: saved/SCL-Mar-15-2026_11-24-17.pth
Sun 15 Mar 2026 11:25:47 INFO  Running E-step ! 
Sun 15 Mar 2026 11:25:48 INFO  epoch 175 training [time: 0.34s, train_loss1: 2.0283, train_loss2: 0.0330, train_loss3: 0.0109, train_loss4: 0.0016]
Sun 15 Mar 2026 11:25:48 INFO  epoch 175 evaluating [time: 0.38s, valid_score: 0.344900]
Sun 15 Mar 2026 11:25:48 INFO  valid result: 
recall@1 : 0.1308    recall@2 : 0.2227    recall@3 : 0.2847    recall@4 : 0.3344    recall@5 : 0.3699    recall@10 : 0.5078    recall@20 : 0.6608    recall@30 : 0.7344    recall@50 : 0.8203    ndcg@1 : 0.2151    ndcg@2 : 0.2425    ndcg@3 : 0.264    ndcg@4 : 0.2825    ndcg@5 : 0.2951    ndcg@10 : 0.3449    ndcg@20 : 0.39    ndcg@30 : 0.4098    ndcg@50 : 0.4303    precision@1 : 0.2151    precision@2 : 0.1844    precision@3 : 0.1629    precision@4 : 0.1478    precision@5 : 0.1329    precision@10 : 0.0965    precision@20 : 0.0649    precision@30 : 0.0496    precision@50 : 0.0342    map@1 : 0.2151    map@2 : 0.2133    map@3 : 0.2195    map@4 : 0.2269    map@5 : 0.2327    map@10 : 0.2549    map@20 : 0.2707    map@30 : 0.2765    map@50 : 0.2813
Sun 15 Mar 2026 11:25:48 INFO  Saving current: saved/SCL-Mar-15-2026_11-24-17.pth
Sun 15 Mar 2026 11:25:48 INFO  Saving current best: saved/SCL-Mar-15-2026_11-24-17.pth
Sun 15 Mar 2026 11:25:48 INFO  Running E-step ! 
Sun 15 Mar 2026 11:25:48 INFO  epoch 176 training [time: 0.21s, train_loss1: 2.0366, train_loss2: 0.0330, train_loss3: 0.0109, train_loss4: 0.0016]
Sun 15 Mar 2026 11:25:48 INFO  epoch 176 evaluating [time: 0.20s, valid_score: 0.344800]
Sun 15 Mar 2026 11:25:48 INFO  valid result: 
recall@1 : 0.1308    recall@2 : 0.2209    recall@3 : 0.2846    recall@4 : 0.3352    recall@5 : 0.3726    recall@10 : 0.5081    recall@20 : 0.6608    recall@30 : 0.7356    recall@50 : 0.8208    ndcg@1 : 0.2151    ndcg@2 : 0.2414    ndcg@3 : 0.2636    ndcg@4 : 0.2825    ndcg@5 : 0.296    ndcg@10 : 0.3448    ndcg@20 : 0.3899    ndcg@30 : 0.41    ndcg@50 : 0.4304    precision@1 : 0.2151    precision@2 : 0.1836    precision@3 : 0.1625    precision@4 : 0.1478    precision@5 : 0.1336    precision@10 : 0.0964    precision@20 : 0.0649    precision@30 : 0.0497    precision@50 : 0.0343    map@1 : 0.2151    map@2 : 0.2123    map@3 : 0.2192    map@4 : 0.2267    map@5 : 0.233    map@10 : 0.2547    map@20 : 0.2705    map@30 : 0.2764    map@50 : 0.2812
Sun 15 Mar 2026 11:25:48 INFO  Running E-step ! 
Sun 15 Mar 2026 11:25:49 INFO  epoch 177 training [time: 0.21s, train_loss1: 2.0163, train_loss2: 0.0329, train_loss3: 0.0109, train_loss4: 0.0016]
Sun 15 Mar 2026 11:25:49 INFO  epoch 177 evaluating [time: 0.28s, valid_score: 0.345700]
Sun 15 Mar 2026 11:25:49 INFO  valid result: 
recall@1 : 0.1321    recall@2 : 0.2215    recall@3 : 0.2858    recall@4 : 0.336    recall@5 : 0.3731    recall@10 : 0.5083    recall@20 : 0.6617    recall@30 : 0.736    recall@50 : 0.8209    ndcg@1 : 0.2169    ndcg@2 : 0.2421    ndcg@3 : 0.265    ndcg@4 : 0.2836    ndcg@5 : 0.297    ndcg@10 : 0.3457    ndcg@20 : 0.3909    ndcg@30 : 0.4109    ndcg@50 : 0.4312    precision@1 : 0.2169    precision@2 : 0.1833    precision@3 : 0.1635    precision@4 : 0.1482    precision@5 : 0.134    precision@10 : 0.0964    precision@20 : 0.065    precision@30 : 0.0497    precision@50 : 0.0342    map@1 : 0.2169    map@2 : 0.2132    map@3 : 0.2204    map@4 : 0.2279    map@5 : 0.2341    map@10 : 0.2558    map@20 : 0.2716    map@30 : 0.2775    map@50 : 0.2823
Sun 15 Mar 2026 11:25:49 INFO  Saving current: saved/SCL-Mar-15-2026_11-24-17.pth
Sun 15 Mar 2026 11:25:49 INFO  Saving current best: saved/SCL-Mar-15-2026_11-24-17.pth
Sun 15 Mar 2026 11:25:49 INFO  Running E-step ! 
Sun 15 Mar 2026 11:25:49 INFO  epoch 178 training [time: 0.22s, train_loss1: 2.0344, train_loss2: 0.0328, train_loss3: 0.0109, train_loss4: 0.0016]
Sun 15 Mar 2026 11:25:49 INFO  epoch 178 evaluating [time: 0.28s, valid_score: 0.346100]
Sun 15 Mar 2026 11:25:49 INFO  valid result: 
recall@1 : 0.1327    recall@2 : 0.2209    recall@3 : 0.2854    recall@4 : 0.3376    recall@5 : 0.3735    recall@10 : 0.5092    recall@20 : 0.6628    recall@30 : 0.736    recall@50 : 0.8225    ndcg@1 : 0.2175    ndcg@2 : 0.2417    ndcg@3 : 0.265    ndcg@4 : 0.2846    ndcg@5 : 0.2973    ndcg@10 : 0.3461    ndcg@20 : 0.3915    ndcg@30 : 0.4111    ndcg@50 : 0.4317    precision@1 : 0.2175    precision@2 : 0.1827    precision@3 : 0.1637    precision@4 : 0.149    precision@5 : 0.134    precision@10 : 0.0964    precision@20 : 0.0651    precision@30 : 0.0497    precision@50 : 0.0343    map@1 : 0.2175    map@2 : 0.2131    map@3 : 0.2205    map@4 : 0.2285    map@5 : 0.2345    map@10 : 0.2561    map@20 : 0.272    map@30 : 0.2778    map@50 : 0.2826
Sun 15 Mar 2026 11:25:49 INFO  Saving current: saved/SCL-Mar-15-2026_11-24-17.pth
Sun 15 Mar 2026 11:25:49 INFO  Saving current best: saved/SCL-Mar-15-2026_11-24-17.pth
Sun 15 Mar 2026 11:25:49 INFO  Running E-step ! 
Sun 15 Mar 2026 11:25:50 INFO  epoch 179 training [time: 0.23s, train_loss1: 1.9792, train_loss2: 0.0328, train_loss3: 0.0109, train_loss4: 0.0016]
Sun 15 Mar 2026 11:25:50 INFO  epoch 179 evaluating [time: 0.28s, valid_score: 0.346800]
Sun 15 Mar 2026 11:25:50 INFO  valid result: 
recall@1 : 0.1321    recall@2 : 0.2216    recall@3 : 0.285    recall@4 : 0.338    recall@5 : 0.3748    recall@10 : 0.5114    recall@20 : 0.6623    recall@30 : 0.7362    recall@50 : 0.8225    ndcg@1 : 0.2169    ndcg@2 : 0.2423    ndcg@3 : 0.2649    ndcg@4 : 0.2847    ndcg@5 : 0.2978    ndcg@10 : 0.3468    ndcg@20 : 0.3914    ndcg@30 : 0.4112    ndcg@50 : 0.4317    precision@1 : 0.2169    precision@2 : 0.1836    precision@3 : 0.1639    precision@4 : 0.1493    precision@5 : 0.1343    precision@10 : 0.0967    precision@20 : 0.0652    precision@30 : 0.0497    precision@50 : 0.0343    map@1 : 0.2169    map@2 : 0.2135    map@3 : 0.2205    map@4 : 0.2286    map@5 : 0.2347    map@10 : 0.2564    map@20 : 0.272    map@30 : 0.2778    map@50 : 0.2826
Sun 15 Mar 2026 11:25:50 INFO  Saving current: saved/SCL-Mar-15-2026_11-24-17.pth
Sun 15 Mar 2026 11:25:50 INFO  Saving current best: saved/SCL-Mar-15-2026_11-24-17.pth
Sun 15 Mar 2026 11:25:50 INFO  Running E-step ! 
Sun 15 Mar 2026 11:25:50 INFO  epoch 180 training [time: 0.23s, train_loss1: 1.9785, train_loss2: 0.0327, train_loss3: 0.0109, train_loss4: 0.0017]
Sun 15 Mar 2026 11:25:50 INFO  epoch 180 evaluating [time: 0.28s, valid_score: 0.346300]
Sun 15 Mar 2026 11:25:50 INFO  valid result: 
recall@1 : 0.1317    recall@2 : 0.221    recall@3 : 0.2846    recall@4 : 0.3383    recall@5 : 0.3743    recall@10 : 0.5103    recall@20 : 0.6626    recall@30 : 0.7362    recall@50 : 0.8226    ndcg@1 : 0.2163    ndcg@2 : 0.2417    ndcg@3 : 0.2644    ndcg@4 : 0.2846    ndcg@5 : 0.2973    ndcg@10 : 0.3463    ndcg@20 : 0.3913    ndcg@30 : 0.411    ndcg@50 : 0.4315    precision@1 : 0.2163    precision@2 : 0.1833    precision@3 : 0.1637    precision@4 : 0.1494    precision@5 : 0.1342    precision@10 : 0.0967    precision@20 : 0.0652    precision@30 : 0.0497    precision@50 : 0.0343    map@1 : 0.2163    map@2 : 0.2128    map@3 : 0.2199    map@4 : 0.2283    map@5 : 0.2342    map@10 : 0.256    map@20 : 0.2718    map@30 : 0.2775    map@50 : 0.2823
Sun 15 Mar 2026 11:25:50 INFO  Running E-step ! 
Sun 15 Mar 2026 11:25:51 INFO  epoch 181 training [time: 0.21s, train_loss1: 1.9953, train_loss2: 0.0326, train_loss3: 0.0109, train_loss4: 0.0016]
Sun 15 Mar 2026 11:25:51 INFO  epoch 181 evaluating [time: 0.27s, valid_score: 0.345900]
Sun 15 Mar 2026 11:25:51 INFO  valid result: 
recall@1 : 0.1316    recall@2 : 0.2219    recall@3 : 0.2853    recall@4 : 0.3382    recall@5 : 0.3751    recall@10 : 0.5085    recall@20 : 0.6602    recall@30 : 0.7364    recall@50 : 0.8221    ndcg@1 : 0.2157    ndcg@2 : 0.2424    ndcg@3 : 0.2649    ndcg@4 : 0.2847    ndcg@5 : 0.2978    ndcg@10 : 0.3459    ndcg@20 : 0.3909    ndcg@30 : 0.4111    ndcg@50 : 0.4315    precision@1 : 0.2157    precision@2 : 0.1841    precision@3 : 0.1641    precision@4 : 0.1494    precision@5 : 0.1344    precision@10 : 0.0965    precision@20 : 0.0651    precision@30 : 0.0497    precision@50 : 0.0342    map@1 : 0.2157    map@2 : 0.2132    map@3 : 0.2204    map@4 : 0.2285    map@5 : 0.2345    map@10 : 0.256    map@20 : 0.2718    map@30 : 0.2777    map@50 : 0.2825
Sun 15 Mar 2026 11:25:51 INFO  Running E-step ! 
Sun 15 Mar 2026 11:25:51 INFO  epoch 182 training [time: 0.21s, train_loss1: 2.0189, train_loss2: 0.0326, train_loss3: 0.0109, train_loss4: 0.0016]
Sun 15 Mar 2026 11:25:51 INFO  epoch 182 evaluating [time: 0.14s, valid_score: 0.346500]
Sun 15 Mar 2026 11:25:51 INFO  valid result: 
recall@1 : 0.1328    recall@2 : 0.2211    recall@3 : 0.2859    recall@4 : 0.3379    recall@5 : 0.3753    recall@10 : 0.5091    recall@20 : 0.6603    recall@30 : 0.7368    recall@50 : 0.8226    ndcg@1 : 0.2169    ndcg@2 : 0.2425    ndcg@3 : 0.2658    ndcg@4 : 0.285    ndcg@5 : 0.2983    ndcg@10 : 0.3465    ndcg@20 : 0.3914    ndcg@30 : 0.4116    ndcg@50 : 0.4321    precision@1 : 0.2169    precision@2 : 0.1841    precision@3 : 0.1649    precision@4 : 0.1494    precision@5 : 0.1346    precision@10 : 0.0966    precision@20 : 0.0651    precision@30 : 0.0497    precision@50 : 0.0343    map@1 : 0.2169    map@2 : 0.2136    map@3 : 0.2213    map@4 : 0.229    map@5 : 0.2351    map@10 : 0.2567    map@20 : 0.2725    map@30 : 0.2783    map@50 : 0.2831
Sun 15 Mar 2026 11:25:51 INFO  Running E-step ! 
Sun 15 Mar 2026 11:25:51 INFO  epoch 183 training [time: 0.19s, train_loss1: 2.0240, train_loss2: 0.0325, train_loss3: 0.0109, train_loss4: 0.0016]
Sun 15 Mar 2026 11:25:52 INFO  epoch 183 evaluating [time: 0.26s, valid_score: 0.346700]
Sun 15 Mar 2026 11:25:52 INFO  valid result: 
recall@1 : 0.1326    recall@2 : 0.2209    recall@3 : 0.2847    recall@4 : 0.3388    recall@5 : 0.3776    recall@10 : 0.5098    recall@20 : 0.6603    recall@30 : 0.7389    recall@50 : 0.8224    ndcg@1 : 0.2169    ndcg@2 : 0.2425    ndcg@3 : 0.2651    ndcg@4 : 0.2852    ndcg@5 : 0.2992    ndcg@10 : 0.3467    ndcg@20 : 0.3914    ndcg@30 : 0.4121    ndcg@50 : 0.432    precision@1 : 0.2169    precision@2 : 0.1841    precision@3 : 0.1641    precision@4 : 0.1496    precision@5 : 0.1352    precision@10 : 0.0967    precision@20 : 0.0651    precision@30 : 0.0498    precision@50 : 0.0342    map@1 : 0.2169    map@2 : 0.2136    map@3 : 0.2208    map@4 : 0.229    map@5 : 0.2354    map@10 : 0.2567    map@20 : 0.2724    map@30 : 0.2783    map@50 : 0.283
Sun 15 Mar 2026 11:25:52 INFO  Running E-step ! 
Sun 15 Mar 2026 11:25:52 INFO  epoch 184 training [time: 0.21s, train_loss1: 1.9750, train_loss2: 0.0324, train_loss3: 0.0109, train_loss4: 0.0016]
Sun 15 Mar 2026 11:25:52 INFO  epoch 184 evaluating [time: 0.26s, valid_score: 0.346700]
Sun 15 Mar 2026 11:25:52 INFO  valid result: 
recall@1 : 0.1322    recall@2 : 0.2204    recall@3 : 0.2842    recall@4 : 0.3393    recall@5 : 0.378    recall@10 : 0.5102    recall@20 : 0.66    recall@30 : 0.7386    recall@50 : 0.8226    ndcg@1 : 0.2157    ndcg@2 : 0.2421    ndcg@3 : 0.2647    ndcg@4 : 0.2851    ndcg@5 : 0.2991    ndcg@10 : 0.3467    ndcg@20 : 0.3911    ndcg@30 : 0.4118    ndcg@50 : 0.4318    precision@1 : 0.2157    precision@2 : 0.1841    precision@3 : 0.1643    precision@4 : 0.1497    precision@5 : 0.1352    precision@10 : 0.0969    precision@20 : 0.0651    precision@30 : 0.0498    precision@50 : 0.0342    map@1 : 0.2157    map@2 : 0.2132    map@3 : 0.2204    map@4 : 0.2288    map@5 : 0.2353    map@10 : 0.2565    map@20 : 0.2721    map@30 : 0.2781    map@50 : 0.2828
Sun 15 Mar 2026 11:25:52 INFO  Running E-step ! 
Sun 15 Mar 2026 11:25:52 INFO  epoch 185 training [time: 0.21s, train_loss1: 1.9894, train_loss2: 0.0324, train_loss3: 0.0109, train_loss4: 0.0016]
Sun 15 Mar 2026 11:25:53 INFO  epoch 185 evaluating [time: 0.28s, valid_score: 0.347800]
Sun 15 Mar 2026 11:25:53 INFO  valid result: 
recall@1 : 0.1351    recall@2 : 0.2202    recall@3 : 0.2845    recall@4 : 0.3397    recall@5 : 0.3776    recall@10 : 0.5102    recall@20 : 0.6594    recall@30 : 0.7408    recall@50 : 0.8226    ndcg@1 : 0.2199    ndcg@2 : 0.2434    ndcg@3 : 0.2663    ndcg@4 : 0.2865    ndcg@5 : 0.3001    ndcg@10 : 0.3478    ndcg@20 : 0.3922    ndcg@30 : 0.4136    ndcg@50 : 0.4331    precision@1 : 0.2199    precision@2 : 0.1841    precision@3 : 0.1647    precision@4 : 0.1497    precision@5 : 0.1352    precision@10 : 0.0968    precision@20 : 0.0651    precision@30 : 0.0499    precision@50 : 0.0342    map@1 : 0.2199    map@2 : 0.2148    map@3 : 0.2221    map@4 : 0.2304    map@5 : 0.2367    map@10 : 0.258    map@20 : 0.2736    map@30 : 0.2797    map@50 : 0.2844
Sun 15 Mar 2026 11:25:53 INFO  Saving current: saved/SCL-Mar-15-2026_11-24-17.pth
Sun 15 Mar 2026 11:25:53 INFO  Saving current best: saved/SCL-Mar-15-2026_11-24-17.pth
Sun 15 Mar 2026 11:25:53 INFO  Running E-step ! 
Sun 15 Mar 2026 11:25:53 INFO  epoch 186 training [time: 0.21s, train_loss1: 1.9459, train_loss2: 0.0323, train_loss3: 0.0109, train_loss4: 0.0016]
Sun 15 Mar 2026 11:25:53 INFO  epoch 186 evaluating [time: 0.28s, valid_score: 0.347800]
Sun 15 Mar 2026 11:25:53 INFO  valid result: 
recall@1 : 0.1344    recall@2 : 0.2204    recall@3 : 0.2837    recall@4 : 0.3396    recall@5 : 0.3767    recall@10 : 0.5111    recall@20 : 0.6589    recall@30 : 0.7399    recall@50 : 0.8232    ndcg@1 : 0.2187    ndcg@2 : 0.2433    ndcg@3 : 0.2654    ndcg@4 : 0.2861    ndcg@5 : 0.2994    ndcg@10 : 0.3478    ndcg@20 : 0.3918    ndcg@30 : 0.4131    ndcg@50 : 0.4329    precision@1 : 0.2187    precision@2 : 0.1844    precision@3 : 0.1641    precision@4 : 0.1496    precision@5 : 0.1349    precision@10 : 0.097    precision@20 : 0.0651    precision@30 : 0.0499    precision@50 : 0.0343    map@1 : 0.2187    map@2 : 0.2145    map@3 : 0.2213    map@4 : 0.2299    map@5 : 0.2361    map@10 : 0.2578    map@20 : 0.2733    map@30 : 0.2794    map@50 : 0.2841
Sun 15 Mar 2026 11:25:53 INFO  Saving current: saved/SCL-Mar-15-2026_11-24-17.pth
Sun 15 Mar 2026 11:25:53 INFO  Saving current best: saved/SCL-Mar-15-2026_11-24-17.pth
Sun 15 Mar 2026 11:25:53 INFO  Running E-step ! 
Sun 15 Mar 2026 11:25:53 INFO  epoch 187 training [time: 0.20s, train_loss1: 1.9509, train_loss2: 0.0323, train_loss3: 0.0109, train_loss4: 0.0016]
Sun 15 Mar 2026 11:25:54 INFO  epoch 187 evaluating [time: 0.28s, valid_score: 0.348100]
Sun 15 Mar 2026 11:25:54 INFO  valid result: 
recall@1 : 0.1345    recall@2 : 0.2184    recall@3 : 0.2839    recall@4 : 0.3392    recall@5 : 0.3763    recall@10 : 0.5122    recall@20 : 0.6585    recall@30 : 0.7387    recall@50 : 0.8231    ndcg@1 : 0.2193    ndcg@2 : 0.2421    ndcg@3 : 0.2652    ndcg@4 : 0.2857    ndcg@5 : 0.299    ndcg@10 : 0.3481    ndcg@20 : 0.3916    ndcg@30 : 0.4128    ndcg@50 : 0.4328    precision@1 : 0.2193    precision@2 : 0.1833    precision@3 : 0.1641    precision@4 : 0.1494    precision@5 : 0.1348    precision@10 : 0.0974    precision@20 : 0.065    precision@30 : 0.0499    precision@50 : 0.0343    map@1 : 0.2193    map@2 : 0.2136    map@3 : 0.221    map@4 : 0.2296    map@5 : 0.2356    map@10 : 0.2577    map@20 : 0.2731    map@30 : 0.2792    map@50 : 0.2839
Sun 15 Mar 2026 11:25:54 INFO  Saving current: saved/SCL-Mar-15-2026_11-24-17.pth
Sun 15 Mar 2026 11:25:54 INFO  Saving current best: saved/SCL-Mar-15-2026_11-24-17.pth
Sun 15 Mar 2026 11:25:54 INFO  Running E-step ! 
Sun 15 Mar 2026 11:25:54 INFO  epoch 188 training [time: 0.21s, train_loss1: 1.9353, train_loss2: 0.0322, train_loss3: 0.0109, train_loss4: 0.0016]
Sun 15 Mar 2026 11:25:54 INFO  epoch 188 evaluating [time: 0.29s, valid_score: 0.348100]
Sun 15 Mar 2026 11:25:54 INFO  valid result: 
recall@1 : 0.1351    recall@2 : 0.2172    recall@3 : 0.2831    recall@4 : 0.3399    recall@5 : 0.3761    recall@10 : 0.5122    recall@20 : 0.6597    recall@30 : 0.7384    recall@50 : 0.8233    ndcg@1 : 0.2193    ndcg@2 : 0.2415    ndcg@3 : 0.2649    ndcg@4 : 0.286    ndcg@5 : 0.2989    ndcg@10 : 0.3481    ndcg@20 : 0.3918    ndcg@30 : 0.4127    ndcg@50 : 0.4328    precision@1 : 0.2193    precision@2 : 0.1827    precision@3 : 0.1639    precision@4 : 0.1497    precision@5 : 0.1348    precision@10 : 0.0974    precision@20 : 0.0651    precision@30 : 0.0499    precision@50 : 0.0343    map@1 : 0.2193    map@2 : 0.2133    map@3 : 0.2211    map@4 : 0.2299    map@5 : 0.2358    map@10 : 0.2577    map@20 : 0.2732    map@30 : 0.2792    map@50 : 0.284
Sun 15 Mar 2026 11:25:54 INFO  Saving current: saved/SCL-Mar-15-2026_11-24-17.pth
Sun 15 Mar 2026 11:25:54 INFO  Saving current best: saved/SCL-Mar-15-2026_11-24-17.pth
Sun 15 Mar 2026 11:25:54 INFO  Running E-step ! 
Sun 15 Mar 2026 11:25:55 INFO  epoch 189 training [time: 0.32s, train_loss1: 1.9382, train_loss2: 0.0322, train_loss3: 0.0109, train_loss4: 0.0016]
Sun 15 Mar 2026 11:25:55 INFO  epoch 189 evaluating [time: 0.42s, valid_score: 0.348200]
Sun 15 Mar 2026 11:25:55 INFO  valid result: 
recall@1 : 0.1353    recall@2 : 0.2163    recall@3 : 0.284    recall@4 : 0.3403    recall@5 : 0.377    recall@10 : 0.5118    recall@20 : 0.6602    recall@30 : 0.7384    recall@50 : 0.8225    ndcg@1 : 0.2205    ndcg@2 : 0.2409    ndcg@3 : 0.2654    ndcg@4 : 0.2864    ndcg@5 : 0.2995    ndcg@10 : 0.3482    ndcg@20 : 0.3923    ndcg@30 : 0.413    ndcg@50 : 0.433    precision@1 : 0.2205    precision@2 : 0.1818    precision@3 : 0.1641    precision@4 : 0.15    precision@5 : 0.1352    precision@10 : 0.0973    precision@20 : 0.0652    precision@30 : 0.0499    precision@50 : 0.0342    map@1 : 0.2205    map@2 : 0.2131    map@3 : 0.2214    map@4 : 0.2301    map@5 : 0.2361    map@10 : 0.2579    map@20 : 0.2736    map@30 : 0.2796    map@50 : 0.2843
Sun 15 Mar 2026 11:25:55 INFO  Saving current: saved/SCL-Mar-15-2026_11-24-17.pth
Sun 15 Mar 2026 11:25:55 INFO  Saving current best: saved/SCL-Mar-15-2026_11-24-17.pth
Sun 15 Mar 2026 11:25:55 INFO  Running E-step ! 
Sun 15 Mar 2026 11:25:55 INFO  epoch 190 training [time: 0.20s, train_loss1: 1.9302, train_loss2: 0.0321, train_loss3: 0.0109, train_loss4: 0.0016]
Sun 15 Mar 2026 11:25:55 INFO  epoch 190 evaluating [time: 0.16s, valid_score: 0.348000]
Sun 15 Mar 2026 11:25:55 INFO  valid result: 
recall@1 : 0.1357    recall@2 : 0.2154    recall@3 : 0.2836    recall@4 : 0.3415    recall@5 : 0.3792    recall@10 : 0.5111    recall@20 : 0.6605    recall@30 : 0.7386    recall@50 : 0.8223    ndcg@1 : 0.2199    ndcg@2 : 0.24    ndcg@3 : 0.265    ndcg@4 : 0.2867    ndcg@5 : 0.3004    ndcg@10 : 0.348    ndcg@20 : 0.3924    ndcg@30 : 0.4131    ndcg@50 : 0.4331    precision@1 : 0.2199    precision@2 : 0.1809    precision@3 : 0.1639    precision@4 : 0.1503    precision@5 : 0.1359    precision@10 : 0.0972    precision@20 : 0.0652    precision@30 : 0.0499    precision@50 : 0.0343    map@1 : 0.2199    map@2 : 0.2123    map@3 : 0.2211    map@4 : 0.2303    map@5 : 0.2366    map@10 : 0.258    map@20 : 0.2738    map@30 : 0.2797    map@50 : 0.2845
Sun 15 Mar 2026 11:25:55 INFO  Running E-step ! 
Sun 15 Mar 2026 11:25:56 INFO  epoch 191 training [time: 0.22s, train_loss1: 1.9078, train_loss2: 0.0320, train_loss3: 0.0109, train_loss4: 0.0016]
Sun 15 Mar 2026 11:25:56 INFO  epoch 191 evaluating [time: 0.27s, valid_score: 0.348200]
Sun 15 Mar 2026 11:25:56 INFO  valid result: 
recall@1 : 0.1357    recall@2 : 0.2148    recall@3 : 0.2836    recall@4 : 0.342    recall@5 : 0.3806    recall@10 : 0.5115    recall@20 : 0.6607    recall@30 : 0.7391    recall@50 : 0.8223    ndcg@1 : 0.2199    ndcg@2 : 0.2396    ndcg@3 : 0.265    ndcg@4 : 0.287    ndcg@5 : 0.301    ndcg@10 : 0.3482    ndcg@20 : 0.3926    ndcg@30 : 0.4134    ndcg@50 : 0.4332    precision@1 : 0.2199    precision@2 : 0.1806    precision@3 : 0.1641    precision@4 : 0.1508    precision@5 : 0.1365    precision@10 : 0.0973    precision@20 : 0.0652    precision@30 : 0.05    precision@50 : 0.0343    map@1 : 0.2199    map@2 : 0.212    map@3 : 0.221    map@4 : 0.2305    map@5 : 0.2369    map@10 : 0.2581    map@20 : 0.2738    map@30 : 0.2798    map@50 : 0.2845
Sun 15 Mar 2026 11:25:56 INFO  Saving current: saved/SCL-Mar-15-2026_11-24-17.pth
Sun 15 Mar 2026 11:25:56 INFO  Saving current best: saved/SCL-Mar-15-2026_11-24-17.pth
Sun 15 Mar 2026 11:25:56 INFO  Running E-step ! 
Sun 15 Mar 2026 11:25:56 INFO  epoch 192 training [time: 0.23s, train_loss1: 1.9287, train_loss2: 0.0320, train_loss3: 0.0109, train_loss4: 0.0016]
Sun 15 Mar 2026 11:25:56 INFO  epoch 192 evaluating [time: 0.26s, valid_score: 0.347700]
Sun 15 Mar 2026 11:25:56 INFO  valid result: 
recall@1 : 0.1346    recall@2 : 0.2128    recall@3 : 0.2844    recall@4 : 0.3412    recall@5 : 0.3806    recall@10 : 0.5119    recall@20 : 0.6624    recall@30 : 0.7376    recall@50 : 0.8217    ndcg@1 : 0.2187    ndcg@2 : 0.2384    ndcg@3 : 0.2648    ndcg@4 : 0.286    ndcg@5 : 0.3004    ndcg@10 : 0.3477    ndcg@20 : 0.3925    ndcg@30 : 0.4125    ndcg@50 : 0.4324    precision@1 : 0.2187    precision@2 : 0.1803    precision@3 : 0.1645    precision@4 : 0.1503    precision@5 : 0.1365    precision@10 : 0.0973    precision@20 : 0.0654    precision@30 : 0.0499    precision@50 : 0.0343    map@1 : 0.2187    map@2 : 0.2108    map@3 : 0.2205    map@4 : 0.2294    map@5 : 0.2361    map@10 : 0.2572    map@20 : 0.2732    map@30 : 0.279    map@50 : 0.2837
Sun 15 Mar 2026 11:25:56 INFO  Running E-step ! 
Sun 15 Mar 2026 11:25:57 INFO  epoch 193 training [time: 0.23s, train_loss1: 1.9355, train_loss2: 0.0319, train_loss3: 0.0109, train_loss4: 0.0017]
Sun 15 Mar 2026 11:25:57 INFO  epoch 193 evaluating [time: 0.28s, valid_score: 0.346800]
Sun 15 Mar 2026 11:25:57 INFO  valid result: 
recall@1 : 0.1337    recall@2 : 0.2124    recall@3 : 0.2845    recall@4 : 0.3399    recall@5 : 0.3809    recall@10 : 0.5105    recall@20 : 0.6624    recall@30 : 0.7379    recall@50 : 0.8225    ndcg@1 : 0.2175    ndcg@2 : 0.2378    ndcg@3 : 0.2644    ndcg@4 : 0.2849    ndcg@5 : 0.3    ndcg@10 : 0.3468    ndcg@20 : 0.392    ndcg@30 : 0.4121    ndcg@50 : 0.4322    precision@1 : 0.2175    precision@2 : 0.18    precision@3 : 0.1643    precision@4 : 0.1497    precision@5 : 0.1365    precision@10 : 0.0971    precision@20 : 0.0654    precision@30 : 0.05    precision@50 : 0.0343    map@1 : 0.2175    map@2 : 0.2102    map@3 : 0.2198    map@4 : 0.2285    map@5 : 0.2355    map@10 : 0.2565    map@20 : 0.2726    map@30 : 0.2784    map@50 : 0.2832
Sun 15 Mar 2026 11:25:57 INFO  Running E-step ! 
Sun 15 Mar 2026 11:25:57 INFO  epoch 194 training [time: 0.20s, train_loss1: 1.8959, train_loss2: 0.0319, train_loss3: 0.0109, train_loss4: 0.0016]
Sun 15 Mar 2026 11:25:57 INFO  epoch 194 evaluating [time: 0.27s, valid_score: 0.346500]
Sun 15 Mar 2026 11:25:57 INFO  valid result: 
recall@1 : 0.1325    recall@2 : 0.2138    recall@3 : 0.2846    recall@4 : 0.3405    recall@5 : 0.3809    recall@10 : 0.5101    recall@20 : 0.6632    recall@30 : 0.7373    recall@50 : 0.8232    ndcg@1 : 0.2163    ndcg@2 : 0.2381    ndcg@3 : 0.2642    ndcg@4 : 0.2849    ndcg@5 : 0.2997    ndcg@10 : 0.3465    ndcg@20 : 0.392    ndcg@30 : 0.4118    ndcg@50 : 0.4321    precision@1 : 0.2163    precision@2 : 0.1806    precision@3 : 0.1645    precision@4 : 0.1499    precision@5 : 0.1364    precision@10 : 0.0971    precision@20 : 0.0654    precision@30 : 0.0499    precision@50 : 0.0343    map@1 : 0.2163    map@2 : 0.2102    map@3 : 0.2194    map@4 : 0.2283    map@5 : 0.2352    map@10 : 0.2562    map@20 : 0.2723    map@30 : 0.2781    map@50 : 0.2829
Sun 15 Mar 2026 11:25:57 INFO  Running E-step ! 
Sun 15 Mar 2026 11:25:58 INFO  epoch 195 training [time: 0.22s, train_loss1: 1.9198, train_loss2: 0.0318, train_loss3: 0.0109, train_loss4: 0.0017]
Sun 15 Mar 2026 11:25:58 INFO  epoch 195 evaluating [time: 0.27s, valid_score: 0.346800]
Sun 15 Mar 2026 11:25:58 INFO  valid result: 
recall@1 : 0.1334    recall@2 : 0.213    recall@3 : 0.2843    recall@4 : 0.3411    recall@5 : 0.381    recall@10 : 0.51    recall@20 : 0.6627    recall@30 : 0.7377    recall@50 : 0.8234    ndcg@1 : 0.2181    ndcg@2 : 0.2382    ndcg@3 : 0.2644    ndcg@4 : 0.2854    ndcg@5 : 0.3001    ndcg@10 : 0.3468    ndcg@20 : 0.3922    ndcg@30 : 0.4123    ndcg@50 : 0.4325    precision@1 : 0.2181    precision@2 : 0.1803    precision@3 : 0.1643    precision@4 : 0.15    precision@5 : 0.1364    precision@10 : 0.0971    precision@20 : 0.0654    precision@30 : 0.05    precision@50 : 0.0343    map@1 : 0.2181    map@2 : 0.2107    map@3 : 0.2198    map@4 : 0.2288    map@5 : 0.2356    map@10 : 0.2566    map@20 : 0.2727    map@30 : 0.2786    map@50 : 0.2833
Sun 15 Mar 2026 11:25:58 INFO  Running E-step ! 
Sun 15 Mar 2026 11:25:58 INFO  epoch 196 training [time: 0.22s, train_loss1: 1.9022, train_loss2: 0.0317, train_loss3: 0.0109, train_loss4: 0.0017]
Sun 15 Mar 2026 11:25:58 INFO  epoch 196 evaluating [time: 0.26s, valid_score: 0.346900]
Sun 15 Mar 2026 11:25:58 INFO  valid result: 
recall@1 : 0.1329    recall@2 : 0.2115    recall@3 : 0.2843    recall@4 : 0.3409    recall@5 : 0.3809    recall@10 : 0.5113    recall@20 : 0.6615    recall@30 : 0.7388    recall@50 : 0.8233    ndcg@1 : 0.2181    ndcg@2 : 0.2373    ndcg@3 : 0.2645    ndcg@4 : 0.2851    ndcg@5 : 0.2997    ndcg@10 : 0.3469    ndcg@20 : 0.3916    ndcg@30 : 0.4122    ndcg@50 : 0.4322    precision@1 : 0.2181    precision@2 : 0.1797    precision@3 : 0.1651    precision@4 : 0.15    precision@5 : 0.1362    precision@10 : 0.0971    precision@20 : 0.0653    precision@30 : 0.05    precision@50 : 0.0343    map@1 : 0.2181    map@2 : 0.2096    map@3 : 0.2197    map@4 : 0.2282    map@5 : 0.235    map@10 : 0.2562    map@20 : 0.2722    map@30 : 0.2782    map@50 : 0.2829
Sun 15 Mar 2026 11:25:58 INFO  Running E-step ! 
Sun 15 Mar 2026 11:25:59 INFO  epoch 197 training [time: 0.24s, train_loss1: 1.9182, train_loss2: 0.0317, train_loss3: 0.0109, train_loss4: 0.0017]
Sun 15 Mar 2026 11:25:59 INFO  epoch 197 evaluating [time: 0.26s, valid_score: 0.347800]
Sun 15 Mar 2026 11:25:59 INFO  valid result: 
recall@1 : 0.1324    recall@2 : 0.2122    recall@3 : 0.2843    recall@4 : 0.3416    recall@5 : 0.3807    recall@10 : 0.5142    recall@20 : 0.6617    recall@30 : 0.7378    recall@50 : 0.8238    ndcg@1 : 0.2181    ndcg@2 : 0.2375    ndcg@3 : 0.2645    ndcg@4 : 0.2853    ndcg@5 : 0.2996    ndcg@10 : 0.3478    ndcg@20 : 0.3917    ndcg@30 : 0.412    ndcg@50 : 0.4323    precision@1 : 0.2181    precision@2 : 0.18    precision@3 : 0.1653    precision@4 : 0.1502    precision@5 : 0.1364    precision@10 : 0.0975    precision@20 : 0.0653    precision@30 : 0.0499    precision@50 : 0.0343    map@1 : 0.2181    map@2 : 0.2096    map@3 : 0.2195    map@4 : 0.2282    map@5 : 0.2349    map@10 : 0.2565    map@20 : 0.2721    map@30 : 0.278    map@50 : 0.2828
Sun 15 Mar 2026 11:25:59 INFO  Running E-step ! 
Sun 15 Mar 2026 11:25:59 INFO  epoch 198 training [time: 0.21s, train_loss1: 1.8988, train_loss2: 0.0316, train_loss3: 0.0109, train_loss4: 0.0016]
Sun 15 Mar 2026 11:25:59 INFO  epoch 198 evaluating [time: 0.27s, valid_score: 0.347400]
Sun 15 Mar 2026 11:25:59 INFO  valid result: 
recall@1 : 0.1312    recall@2 : 0.2128    recall@3 : 0.284    recall@4 : 0.343    recall@5 : 0.381    recall@10 : 0.5137    recall@20 : 0.662    recall@30 : 0.7368    recall@50 : 0.8239    ndcg@1 : 0.2163    ndcg@2 : 0.2379    ndcg@3 : 0.2639    ndcg@4 : 0.2855    ndcg@5 : 0.2994    ndcg@10 : 0.3474    ndcg@20 : 0.3915    ndcg@30 : 0.4114    ndcg@50 : 0.432    precision@1 : 0.2163    precision@2 : 0.1812    precision@3 : 0.1651    precision@4 : 0.1506    precision@5 : 0.1364    precision@10 : 0.0976    precision@20 : 0.0654    precision@30 : 0.0499    precision@50 : 0.0343    map@1 : 0.2163    map@2 : 0.2095    map@3 : 0.219    map@4 : 0.228    map@5 : 0.2344    map@10 : 0.256    map@20 : 0.2717    map@30 : 0.2775    map@50 : 0.2823
Sun 15 Mar 2026 11:25:59 INFO  Running E-step ! 
Sun 15 Mar 2026 11:26:00 INFO  epoch 199 training [time: 0.23s, train_loss1: 1.8937, train_loss2: 0.0315, train_loss3: 0.0109, train_loss4: 0.0016]
Sun 15 Mar 2026 11:26:00 INFO  epoch 199 evaluating [time: 0.27s, valid_score: 0.347600]
Sun 15 Mar 2026 11:26:00 INFO  valid result: 
recall@1 : 0.1312    recall@2 : 0.2134    recall@3 : 0.285    recall@4 : 0.3417    recall@5 : 0.3813    recall@10 : 0.5138    recall@20 : 0.6626    recall@30 : 0.7365    recall@50 : 0.822    ndcg@1 : 0.2163    ndcg@2 : 0.2384    ndcg@3 : 0.2648    ndcg@4 : 0.2852    ndcg@5 : 0.2996    ndcg@10 : 0.3476    ndcg@20 : 0.3919    ndcg@30 : 0.4116    ndcg@50 : 0.4319    precision@1 : 0.2163    precision@2 : 0.1818    precision@3 : 0.1659    precision@4 : 0.1503    precision@5 : 0.1365    precision@10 : 0.0976    precision@20 : 0.0655    precision@30 : 0.0498    precision@50 : 0.0343    map@1 : 0.2163    map@2 : 0.2098    map@3 : 0.2195    map@4 : 0.2279    map@5 : 0.2346    map@10 : 0.2562    map@20 : 0.272    map@30 : 0.2777    map@50 : 0.2825
Sun 15 Mar 2026 11:26:00 INFO  Running E-step ! 
Sun 15 Mar 2026 11:26:00 INFO  epoch 200 training [time: 0.22s, train_loss1: 1.8683, train_loss2: 0.0315, train_loss3: 0.0109, train_loss4: 0.0016]
Sun 15 Mar 2026 11:26:00 INFO  epoch 200 evaluating [time: 0.26s, valid_score: 0.348000]
Sun 15 Mar 2026 11:26:00 INFO  valid result: 
recall@1 : 0.1326    recall@2 : 0.2141    recall@3 : 0.2844    recall@4 : 0.3414    recall@5 : 0.381    recall@10 : 0.513    recall@20 : 0.6623    recall@30 : 0.7354    recall@50 : 0.8221    ndcg@1 : 0.2181    ndcg@2 : 0.2393    ndcg@3 : 0.2651    ndcg@4 : 0.2857    ndcg@5 : 0.3003    ndcg@10 : 0.348    ndcg@20 : 0.3925    ndcg@30 : 0.412    ndcg@50 : 0.4325    precision@1 : 0.2181    precision@2 : 0.1821    precision@3 : 0.1657    precision@4 : 0.1503    precision@5 : 0.1367    precision@10 : 0.0976    precision@20 : 0.0655    precision@30 : 0.0498    precision@50 : 0.0343    map@1 : 0.2181    map@2 : 0.2107    map@3 : 0.2201    map@4 : 0.2286    map@5 : 0.2355    map@10 : 0.2569    map@20 : 0.2728    map@30 : 0.2785    map@50 : 0.2833
Sun 15 Mar 2026 11:26:00 INFO  Running E-step ! 
Sun 15 Mar 2026 11:26:01 INFO  epoch 201 training [time: 0.22s, train_loss1: 1.8993, train_loss2: 0.0314, train_loss3: 0.0109, train_loss4: 0.0016]
Sun 15 Mar 2026 11:26:01 INFO  epoch 201 evaluating [time: 0.27s, valid_score: 0.348600]
Sun 15 Mar 2026 11:26:01 INFO  valid result: 
recall@1 : 0.1321    recall@2 : 0.2143    recall@3 : 0.2844    recall@4 : 0.3423    recall@5 : 0.3818    recall@10 : 0.5154    recall@20 : 0.6621    recall@30 : 0.7356    recall@50 : 0.8222    ndcg@1 : 0.2175    ndcg@2 : 0.2393    ndcg@3 : 0.2648    ndcg@4 : 0.2858    ndcg@5 : 0.3005    ndcg@10 : 0.3486    ndcg@20 : 0.3924    ndcg@30 : 0.412    ndcg@50 : 0.4325    precision@1 : 0.2175    precision@2 : 0.1824    precision@3 : 0.1655    precision@4 : 0.1505    precision@5 : 0.1371    precision@10 : 0.0979    precision@20 : 0.0654    precision@30 : 0.0498    precision@50 : 0.0343    map@1 : 0.2175    map@2 : 0.2105    map@3 : 0.2197    map@4 : 0.2285    map@5 : 0.2354    map@10 : 0.257    map@20 : 0.2726    map@30 : 0.2784    map@50 : 0.2832
Sun 15 Mar 2026 11:26:01 INFO  Saving current: saved/SCL-Mar-15-2026_11-24-17.pth
Sun 15 Mar 2026 11:26:01 INFO  Saving current best: saved/SCL-Mar-15-2026_11-24-17.pth
Sun 15 Mar 2026 11:26:01 INFO  Running E-step ! 
Sun 15 Mar 2026 11:26:01 INFO  epoch 202 training [time: 0.22s, train_loss1: 1.8550, train_loss2: 0.0313, train_loss3: 0.0109, train_loss4: 0.0017]
Sun 15 Mar 2026 11:26:01 INFO  epoch 202 evaluating [time: 0.32s, valid_score: 0.348300]
Sun 15 Mar 2026 11:26:01 INFO  valid result: 
recall@1 : 0.1315    recall@2 : 0.2131    recall@3 : 0.2848    recall@4 : 0.3421    recall@5 : 0.381    recall@10 : 0.5155    recall@20 : 0.6627    recall@30 : 0.7362    recall@50 : 0.822    ndcg@1 : 0.2169    ndcg@2 : 0.2383    ndcg@3 : 0.2646    ndcg@4 : 0.2853    ndcg@5 : 0.2997    ndcg@10 : 0.3483    ndcg@20 : 0.3921    ndcg@30 : 0.4118    ndcg@50 : 0.4321    precision@1 : 0.2169    precision@2 : 0.1815    precision@3 : 0.1657    precision@4 : 0.1503    precision@5 : 0.1367    precision@10 : 0.098    precision@20 : 0.0655    precision@30 : 0.0499    precision@50 : 0.0343    map@1 : 0.2169    map@2 : 0.2098    map@3 : 0.2195    map@4 : 0.2281    map@5 : 0.2347    map@10 : 0.2566    map@20 : 0.2723    map@30 : 0.278    map@50 : 0.2828
Sun 15 Mar 2026 11:26:01 INFO  Running E-step ! 
Sun 15 Mar 2026 11:26:02 INFO  epoch 203 training [time: 0.35s, train_loss1: 1.8705, train_loss2: 0.0313, train_loss3: 0.0109, train_loss4: 0.0017]
Sun 15 Mar 2026 11:26:02 INFO  epoch 203 evaluating [time: 0.28s, valid_score: 0.348100]
Sun 15 Mar 2026 11:26:02 INFO  valid result: 
recall@1 : 0.1308    recall@2 : 0.2128    recall@3 : 0.2848    recall@4 : 0.3414    recall@5 : 0.3831    recall@10 : 0.5154    recall@20 : 0.6629    recall@30 : 0.736    recall@50 : 0.8227    ndcg@1 : 0.2157    ndcg@2 : 0.2378    ndcg@3 : 0.2642    ndcg@4 : 0.2846    ndcg@5 : 0.3001    ndcg@10 : 0.3481    ndcg@20 : 0.3919    ndcg@30 : 0.4114    ndcg@50 : 0.432    precision@1 : 0.2157    precision@2 : 0.1815    precision@3 : 0.1655    precision@4 : 0.15    precision@5 : 0.1371    precision@10 : 0.0981    precision@20 : 0.0655    precision@30 : 0.0499    precision@50 : 0.0343    map@1 : 0.2157    map@2 : 0.2092    map@3 : 0.2189    map@4 : 0.2275    map@5 : 0.2348    map@10 : 0.2563    map@20 : 0.2719    map@30 : 0.2777    map@50 : 0.2825
Sun 15 Mar 2026 11:26:02 INFO  Running E-step ! 
Sun 15 Mar 2026 11:26:02 INFO  epoch 204 training [time: 0.23s, train_loss1: 1.8466, train_loss2: 0.0312, train_loss3: 0.0109, train_loss4: 0.0017]
Sun 15 Mar 2026 11:26:03 INFO  epoch 204 evaluating [time: 0.27s, valid_score: 0.348600]
Sun 15 Mar 2026 11:26:03 INFO  valid result: 
recall@1 : 0.1309    recall@2 : 0.2139    recall@3 : 0.2868    recall@4 : 0.3412    recall@5 : 0.3822    recall@10 : 0.5159    recall@20 : 0.6635    recall@30 : 0.7374    recall@50 : 0.8227    ndcg@1 : 0.2163    ndcg@2 : 0.239    ndcg@3 : 0.2657    ndcg@4 : 0.285    ndcg@5 : 0.3002    ndcg@10 : 0.3486    ndcg@20 : 0.3925    ndcg@30 : 0.4122    ndcg@50 : 0.4324    precision@1 : 0.2163    precision@2 : 0.1827    precision@3 : 0.1667    precision@4 : 0.15    precision@5 : 0.1368    precision@10 : 0.098    precision@20 : 0.0656    precision@30 : 0.05    precision@50 : 0.0343    map@1 : 0.2163    map@2 : 0.2102    map@3 : 0.2202    map@4 : 0.2279    map@5 : 0.235    map@10 : 0.2567    map@20 : 0.2725    map@30 : 0.2782    map@50 : 0.283
Sun 15 Mar 2026 11:26:03 INFO  Saving current: saved/SCL-Mar-15-2026_11-24-17.pth
Sun 15 Mar 2026 11:26:03 INFO  Saving current best: saved/SCL-Mar-15-2026_11-24-17.pth
Sun 15 Mar 2026 11:26:03 INFO  Running E-step ! 
Sun 15 Mar 2026 11:26:03 INFO  epoch 205 training [time: 0.22s, train_loss1: 1.8598, train_loss2: 0.0312, train_loss3: 0.0109, train_loss4: 0.0017]
Sun 15 Mar 2026 11:26:03 INFO  epoch 205 evaluating [time: 0.27s, valid_score: 0.347800]
Sun 15 Mar 2026 11:26:03 INFO  valid result: 
recall@1 : 0.13    recall@2 : 0.2129    recall@3 : 0.2863    recall@4 : 0.342    recall@5 : 0.3822    recall@10 : 0.5153    recall@20 : 0.6631    recall@30 : 0.7377    recall@50 : 0.8227    ndcg@1 : 0.2145    ndcg@2 : 0.2376    ndcg@3 : 0.2648    ndcg@4 : 0.2849    ndcg@5 : 0.2996    ndcg@10 : 0.3478    ndcg@20 : 0.3918    ndcg@30 : 0.4118    ndcg@50 : 0.4319    precision@1 : 0.2145    precision@2 : 0.1818    precision@3 : 0.1663    precision@4 : 0.1505    precision@5 : 0.1367    precision@10 : 0.0979    precision@20 : 0.0655    precision@30 : 0.05    precision@50 : 0.0343    map@1 : 0.2145    map@2 : 0.209    map@3 : 0.2192    map@4 : 0.2276    map@5 : 0.2343    map@10 : 0.256    map@20 : 0.2718    map@30 : 0.2777    map@50 : 0.2824
Sun 15 Mar 2026 11:26:03 INFO  Running E-step ! 
Sun 15 Mar 2026 11:26:03 INFO  epoch 206 training [time: 0.22s, train_loss1: 1.8413, train_loss2: 0.0311, train_loss3: 0.0109, train_loss4: 0.0017]
Sun 15 Mar 2026 11:26:04 INFO  epoch 206 evaluating [time: 0.26s, valid_score: 0.347700]
Sun 15 Mar 2026 11:26:04 INFO  valid result: 
recall@1 : 0.1306    recall@2 : 0.2124    recall@3 : 0.2852    recall@4 : 0.3426    recall@5 : 0.3826    recall@10 : 0.5145    recall@20 : 0.6641    recall@30 : 0.7379    recall@50 : 0.8225    ndcg@1 : 0.2151    ndcg@2 : 0.2372    ndcg@3 : 0.2643    ndcg@4 : 0.2851    ndcg@5 : 0.2999    ndcg@10 : 0.3477    ndcg@20 : 0.3922    ndcg@30 : 0.4119    ndcg@50 : 0.432    precision@1 : 0.2151    precision@2 : 0.1809    precision@3 : 0.1657    precision@4 : 0.1505    precision@5 : 0.1369    precision@10 : 0.0977    precision@20 : 0.0656    precision@30 : 0.05    precision@50 : 0.0344    map@1 : 0.2151    map@2 : 0.2087    map@3 : 0.219    map@4 : 0.2277    map@5 : 0.2345    map@10 : 0.2561    map@20 : 0.272    map@30 : 0.2778    map@50 : 0.2826
Sun 15 Mar 2026 11:26:04 INFO  Running E-step ! 
Sun 15 Mar 2026 11:26:04 INFO  epoch 207 training [time: 0.23s, train_loss1: 1.8587, train_loss2: 0.0310, train_loss3: 0.0109, train_loss4: 0.0017]
Sun 15 Mar 2026 11:26:04 INFO  epoch 207 evaluating [time: 0.26s, valid_score: 0.347600]
Sun 15 Mar 2026 11:26:04 INFO  valid result: 
recall@1 : 0.1302    recall@2 : 0.212    recall@3 : 0.2852    recall@4 : 0.3429    recall@5 : 0.3828    recall@10 : 0.515    recall@20 : 0.6638    recall@30 : 0.7379    recall@50 : 0.8219    ndcg@1 : 0.2145    ndcg@2 : 0.2367    ndcg@3 : 0.2639    ndcg@4 : 0.2849    ndcg@5 : 0.2997    ndcg@10 : 0.3476    ndcg@20 : 0.3919    ndcg@30 : 0.4117    ndcg@50 : 0.4318    precision@1 : 0.2145    precision@2 : 0.1806    precision@3 : 0.1655    precision@4 : 0.1506    precision@5 : 0.1369    precision@10 : 0.0978    precision@20 : 0.0655    precision@30 : 0.05    precision@50 : 0.0344    map@1 : 0.2145    map@2 : 0.2081    map@3 : 0.2185    map@4 : 0.2274    map@5 : 0.2342    map@10 : 0.2559    map@20 : 0.2718    map@30 : 0.2776    map@50 : 0.2823
Sun 15 Mar 2026 11:26:04 INFO  Running E-step ! 
Sun 15 Mar 2026 11:26:04 INFO  epoch 208 training [time: 0.24s, train_loss1: 1.8033, train_loss2: 0.0310, train_loss3: 0.0109, train_loss4: 0.0017]
Sun 15 Mar 2026 11:26:05 INFO  epoch 208 evaluating [time: 0.26s, valid_score: 0.347700]
Sun 15 Mar 2026 11:26:05 INFO  valid result: 
recall@1 : 0.1301    recall@2 : 0.211    recall@3 : 0.2859    recall@4 : 0.3426    recall@5 : 0.3831    recall@10 : 0.5155    recall@20 : 0.6638    recall@30 : 0.7373    recall@50 : 0.8214    ndcg@1 : 0.2139    ndcg@2 : 0.2361    ndcg@3 : 0.2641    ndcg@4 : 0.2847    ndcg@5 : 0.2998    ndcg@10 : 0.3477    ndcg@20 : 0.392    ndcg@30 : 0.4116    ndcg@50 : 0.4317    precision@1 : 0.2139    precision@2 : 0.1803    precision@3 : 0.1661    precision@4 : 0.1505    precision@5 : 0.1372    precision@10 : 0.0979    precision@20 : 0.0656    precision@30 : 0.0499    precision@50 : 0.0343    map@1 : 0.2139    map@2 : 0.2075    map@3 : 0.2186    map@4 : 0.2272    map@5 : 0.2342    map@10 : 0.256    map@20 : 0.2718    map@30 : 0.2776    map@50 : 0.2823
Sun 15 Mar 2026 11:26:05 INFO  Running E-step ! 
Sun 15 Mar 2026 11:26:05 INFO  epoch 209 training [time: 0.20s, train_loss1: 1.7993, train_loss2: 0.0309, train_loss3: 0.0109, train_loss4: 0.0016]
Sun 15 Mar 2026 11:26:05 INFO  epoch 209 evaluating [time: 0.17s, valid_score: 0.348200]
Sun 15 Mar 2026 11:26:05 INFO  valid result: 
recall@1 : 0.1309    recall@2 : 0.2108    recall@3 : 0.2863    recall@4 : 0.3415    recall@5 : 0.3819    recall@10 : 0.5162    recall@20 : 0.6631    recall@30 : 0.7372    recall@50 : 0.8208    ndcg@1 : 0.2145    ndcg@2 : 0.2364    ndcg@3 : 0.2647    ndcg@4 : 0.2845    ndcg@5 : 0.2997    ndcg@10 : 0.3482    ndcg@20 : 0.3921    ndcg@30 : 0.4119    ndcg@50 : 0.4318    precision@1 : 0.2145    precision@2 : 0.1806    precision@3 : 0.1665    precision@4 : 0.1502    precision@5 : 0.1373    precision@10 : 0.098    precision@20 : 0.0656    precision@30 : 0.05    precision@50 : 0.0343    map@1 : 0.2145    map@2 : 0.2078    map@3 : 0.2191    map@4 : 0.2274    map@5 : 0.2345    map@10 : 0.2564    map@20 : 0.2721    map@30 : 0.2779    map@50 : 0.2827
Sun 15 Mar 2026 11:26:05 INFO  Running E-step ! 
Sun 15 Mar 2026 11:26:05 INFO  epoch 210 training [time: 0.22s, train_loss1: 1.8076, train_loss2: 0.0309, train_loss3: 0.0109, train_loss4: 0.0016]
Sun 15 Mar 2026 11:26:06 INFO  epoch 210 evaluating [time: 0.27s, valid_score: 0.348700]
Sun 15 Mar 2026 11:26:06 INFO  valid result: 
recall@1 : 0.1316    recall@2 : 0.2115    recall@3 : 0.2859    recall@4 : 0.3406    recall@5 : 0.3829    recall@10 : 0.5165    recall@20 : 0.665    recall@30 : 0.7384    recall@50 : 0.8216    ndcg@1 : 0.2151    ndcg@2 : 0.2372    ndcg@3 : 0.2647    ndcg@4 : 0.2844    ndcg@5 : 0.3004    ndcg@10 : 0.3487    ndcg@20 : 0.3929    ndcg@30 : 0.4125    ndcg@50 : 0.4323    precision@1 : 0.2151    precision@2 : 0.1812    precision@3 : 0.1661    precision@4 : 0.1499    precision@5 : 0.1377    precision@10 : 0.0982    precision@20 : 0.0657    precision@30 : 0.05    precision@50 : 0.0344    map@1 : 0.2151    map@2 : 0.2087    map@3 : 0.2193    map@4 : 0.2276    map@5 : 0.2351    map@10 : 0.2569    map@20 : 0.2727    map@30 : 0.2784    map@50 : 0.2831
Sun 15 Mar 2026 11:26:06 INFO  Saving current: saved/SCL-Mar-15-2026_11-24-17.pth
Sun 15 Mar 2026 11:26:06 INFO  Saving current best: saved/SCL-Mar-15-2026_11-24-17.pth
Sun 15 Mar 2026 11:26:06 INFO  Running E-step ! 
Sun 15 Mar 2026 11:26:06 INFO  epoch 211 training [time: 0.24s, train_loss1: 1.8388, train_loss2: 0.0308, train_loss3: 0.0109, train_loss4: 0.0017]
Sun 15 Mar 2026 11:26:06 INFO  epoch 211 evaluating [time: 0.26s, valid_score: 0.348700]
Sun 15 Mar 2026 11:26:06 INFO  valid result: 
recall@1 : 0.1316    recall@2 : 0.2108    recall@3 : 0.2872    recall@4 : 0.3409    recall@5 : 0.3815    recall@10 : 0.5166    recall@20 : 0.6659    recall@30 : 0.7387    recall@50 : 0.8216    ndcg@1 : 0.2157    ndcg@2 : 0.2362    ndcg@3 : 0.2652    ndcg@4 : 0.2847    ndcg@5 : 0.2999    ndcg@10 : 0.3487    ndcg@20 : 0.3931    ndcg@30 : 0.4125    ndcg@50 : 0.4323    precision@1 : 0.2157    precision@2 : 0.1797    precision@3 : 0.1663    precision@4 : 0.1503    precision@5 : 0.1372    precision@10 : 0.0982    precision@20 : 0.0658    precision@30 : 0.05    precision@50 : 0.0344    map@1 : 0.2157    map@2 : 0.208    map@3 : 0.2194    map@4 : 0.2276    map@5 : 0.2348    map@10 : 0.2568    map@20 : 0.2727    map@30 : 0.2784    map@50 : 0.2831
Sun 15 Mar 2026 11:26:06 INFO  Saving current: saved/SCL-Mar-15-2026_11-24-17.pth
Sun 15 Mar 2026 11:26:06 INFO  Saving current best: saved/SCL-Mar-15-2026_11-24-17.pth
Sun 15 Mar 2026 11:26:06 INFO  Running E-step ! 
Sun 15 Mar 2026 11:26:06 INFO  epoch 212 training [time: 0.21s, train_loss1: 1.8184, train_loss2: 0.0307, train_loss3: 0.0109, train_loss4: 0.0016]
Sun 15 Mar 2026 11:26:07 INFO  epoch 212 evaluating [time: 0.29s, valid_score: 0.348700]
Sun 15 Mar 2026 11:26:07 INFO  valid result: 
recall@1 : 0.1318    recall@2 : 0.2117    recall@3 : 0.2865    recall@4 : 0.3415    recall@5 : 0.3825    recall@10 : 0.5158    recall@20 : 0.6655    recall@30 : 0.7383    recall@50 : 0.8213    ndcg@1 : 0.2163    ndcg@2 : 0.2371    ndcg@3 : 0.2651    ndcg@4 : 0.285    ndcg@5 : 0.3005    ndcg@10 : 0.3487    ndcg@20 : 0.3933    ndcg@30 : 0.4128    ndcg@50 : 0.4326    precision@1 : 0.2163    precision@2 : 0.1806    precision@3 : 0.1661    precision@4 : 0.1503    precision@5 : 0.1374    precision@10 : 0.0979    precision@20 : 0.0657    precision@30 : 0.05    precision@50 : 0.0344    map@1 : 0.2163    map@2 : 0.2087    map@3 : 0.2195    map@4 : 0.2278    map@5 : 0.2351    map@10 : 0.257    map@20 : 0.273    map@30 : 0.2787    map@50 : 0.2834
Sun 15 Mar 2026 11:26:07 INFO  Saving current: saved/SCL-Mar-15-2026_11-24-17.pth
Sun 15 Mar 2026 11:26:07 INFO  Saving current best: saved/SCL-Mar-15-2026_11-24-17.pth
Sun 15 Mar 2026 11:26:07 INFO  Running E-step ! 
Sun 15 Mar 2026 11:26:07 INFO  epoch 213 training [time: 0.24s, train_loss1: 1.8161, train_loss2: 0.0307, train_loss3: 0.0109, train_loss4: 0.0016]
Sun 15 Mar 2026 11:26:07 INFO  epoch 213 evaluating [time: 0.26s, valid_score: 0.348900]
Sun 15 Mar 2026 11:26:07 INFO  valid result: 
recall@1 : 0.1315    recall@2 : 0.2107    recall@3 : 0.2872    recall@4 : 0.3411    recall@5 : 0.3838    recall@10 : 0.5165    recall@20 : 0.6653    recall@30 : 0.7383    recall@50 : 0.8215    ndcg@1 : 0.2157    ndcg@2 : 0.2367    ndcg@3 : 0.2653    ndcg@4 : 0.2847    ndcg@5 : 0.3009    ndcg@10 : 0.3489    ndcg@20 : 0.3932    ndcg@30 : 0.4127    ndcg@50 : 0.4326    precision@1 : 0.2157    precision@2 : 0.1806    precision@3 : 0.1665    precision@4 : 0.1503    precision@5 : 0.1379    precision@10 : 0.0982    precision@20 : 0.0657    precision@30 : 0.05    precision@50 : 0.0344    map@1 : 0.2157    map@2 : 0.2083    map@3 : 0.2194    map@4 : 0.2275    map@5 : 0.2353    map@10 : 0.257    map@20 : 0.2729    map@30 : 0.2786    map@50 : 0.2833
Sun 15 Mar 2026 11:26:07 INFO  Saving current: saved/SCL-Mar-15-2026_11-24-17.pth
Sun 15 Mar 2026 11:26:07 INFO  Saving current best: saved/SCL-Mar-15-2026_11-24-17.pth
Sun 15 Mar 2026 11:26:07 INFO  Running E-step ! 
Sun 15 Mar 2026 11:26:07 INFO  epoch 214 training [time: 0.23s, train_loss1: 1.7970, train_loss2: 0.0306, train_loss3: 0.0109, train_loss4: 0.0016]
Sun 15 Mar 2026 11:26:08 INFO  epoch 214 evaluating [time: 0.26s, valid_score: 0.349200]
Sun 15 Mar 2026 11:26:08 INFO  valid result: 
recall@1 : 0.1309    recall@2 : 0.2107    recall@3 : 0.2881    recall@4 : 0.3412    recall@5 : 0.385    recall@10 : 0.518    recall@20 : 0.6653    recall@30 : 0.7392    recall@50 : 0.8211    ndcg@1 : 0.2151    ndcg@2 : 0.2365    ndcg@3 : 0.2656    ndcg@4 : 0.2845    ndcg@5 : 0.3012    ndcg@10 : 0.3492    ndcg@20 : 0.3932    ndcg@30 : 0.4129    ndcg@50 : 0.4325    precision@1 : 0.2151    precision@2 : 0.1806    precision@3 : 0.1671    precision@4 : 0.1502    precision@5 : 0.1381    precision@10 : 0.0983    precision@20 : 0.0657    precision@30 : 0.0501    precision@50 : 0.0344    map@1 : 0.2151    map@2 : 0.2081    map@3 : 0.2195    map@4 : 0.2274    map@5 : 0.2353    map@10 : 0.2571    map@20 : 0.2728    map@30 : 0.2786    map@50 : 0.2832
Sun 15 Mar 2026 11:26:08 INFO  Saving current: saved/SCL-Mar-15-2026_11-24-17.pth
Sun 15 Mar 2026 11:26:08 INFO  Saving current best: saved/SCL-Mar-15-2026_11-24-17.pth
Sun 15 Mar 2026 11:26:08 INFO  Running E-step ! 
Sun 15 Mar 2026 11:26:08 INFO  epoch 215 training [time: 0.23s, train_loss1: 1.8250, train_loss2: 0.0305, train_loss3: 0.0109, train_loss4: 0.0016]
Sun 15 Mar 2026 11:26:08 INFO  epoch 215 evaluating [time: 0.28s, valid_score: 0.349500]
Sun 15 Mar 2026 11:26:08 INFO  valid result: 
recall@1 : 0.1311    recall@2 : 0.2104    recall@3 : 0.2887    recall@4 : 0.3411    recall@5 : 0.3862    recall@10 : 0.5185    recall@20 : 0.6646    recall@30 : 0.7389    recall@50 : 0.8218    ndcg@1 : 0.2151    ndcg@2 : 0.2363    ndcg@3 : 0.2659    ndcg@4 : 0.2846    ndcg@5 : 0.3019    ndcg@10 : 0.3495    ndcg@20 : 0.3932    ndcg@30 : 0.4129    ndcg@50 : 0.4328    precision@1 : 0.2151    precision@2 : 0.1806    precision@3 : 0.1673    precision@4 : 0.1502    precision@5 : 0.1386    precision@10 : 0.0984    precision@20 : 0.0657    precision@30 : 0.0501    precision@50 : 0.0344    map@1 : 0.2151    map@2 : 0.208    map@3 : 0.2197    map@4 : 0.2275    map@5 : 0.2358    map@10 : 0.2574    map@20 : 0.2729    map@30 : 0.2787    map@50 : 0.2835
Sun 15 Mar 2026 11:26:08 INFO  Saving current: saved/SCL-Mar-15-2026_11-24-17.pth
Sun 15 Mar 2026 11:26:08 INFO  Saving current best: saved/SCL-Mar-15-2026_11-24-17.pth
Sun 15 Mar 2026 11:26:08 INFO  Running E-step ! 
Sun 15 Mar 2026 11:26:09 INFO  epoch 216 training [time: 0.35s, train_loss1: 1.8001, train_loss2: 0.0305, train_loss3: 0.0109, train_loss4: 0.0016]
Sun 15 Mar 2026 11:26:09 INFO  epoch 216 evaluating [time: 0.41s, valid_score: 0.349700]
Sun 15 Mar 2026 11:26:09 INFO  valid result: 
recall@1 : 0.1305    recall@2 : 0.2123    recall@3 : 0.2878    recall@4 : 0.3409    recall@5 : 0.3874    recall@10 : 0.5189    recall@20 : 0.6654    recall@30 : 0.7386    recall@50 : 0.8215    ndcg@1 : 0.2145    ndcg@2 : 0.2375    ndcg@3 : 0.2655    ndcg@4 : 0.2846    ndcg@5 : 0.3023    ndcg@10 : 0.3497    ndcg@20 : 0.3934    ndcg@30 : 0.413    ndcg@50 : 0.4328    precision@1 : 0.2145    precision@2 : 0.1818    precision@3 : 0.1669    precision@4 : 0.1505    precision@5 : 0.1389    precision@10 : 0.0985    precision@20 : 0.0658    precision@30 : 0.0501    precision@50 : 0.0344    map@1 : 0.2145    map@2 : 0.2089    map@3 : 0.2194    map@4 : 0.2275    map@5 : 0.236    map@10 : 0.2574    map@20 : 0.273    map@30 : 0.2788    map@50 : 0.2835
Sun 15 Mar 2026 11:26:09 INFO  Saving current: saved/SCL-Mar-15-2026_11-24-17.pth
Sun 15 Mar 2026 11:26:09 INFO  Saving current best: saved/SCL-Mar-15-2026_11-24-17.pth
Sun 15 Mar 2026 11:26:09 INFO  Running E-step ! 
Sun 15 Mar 2026 11:26:09 INFO  epoch 217 training [time: 0.19s, train_loss1: 1.8018, train_loss2: 0.0304, train_loss3: 0.0109, train_loss4: 0.0016]
Sun 15 Mar 2026 11:26:09 INFO  epoch 217 evaluating [time: 0.15s, valid_score: 0.349700]
Sun 15 Mar 2026 11:26:09 INFO  valid result: 
recall@1 : 0.1308    recall@2 : 0.2123    recall@3 : 0.2878    recall@4 : 0.3408    recall@5 : 0.3869    recall@10 : 0.5187    recall@20 : 0.6648    recall@30 : 0.7359    recall@50 : 0.8221    ndcg@1 : 0.2145    ndcg@2 : 0.2373    ndcg@3 : 0.2655    ndcg@4 : 0.2848    ndcg@5 : 0.3023    ndcg@10 : 0.3497    ndcg@20 : 0.3933    ndcg@30 : 0.4125    ndcg@50 : 0.433    precision@1 : 0.2145    precision@2 : 0.1815    precision@3 : 0.1669    precision@4 : 0.1506    precision@5 : 0.1391    precision@10 : 0.0984    precision@20 : 0.0656    precision@30 : 0.05    precision@50 : 0.0344    map@1 : 0.2145    map@2 : 0.2087    map@3 : 0.2195    map@4 : 0.2277    map@5 : 0.2362    map@10 : 0.2575    map@20 : 0.2731    map@30 : 0.2788    map@50 : 0.2837
Sun 15 Mar 2026 11:26:09 INFO  Saving current: saved/SCL-Mar-15-2026_11-24-17.pth
Sun 15 Mar 2026 11:26:09 INFO  Saving current best: saved/SCL-Mar-15-2026_11-24-17.pth
Sun 15 Mar 2026 11:26:09 INFO  Running E-step ! 
Sun 15 Mar 2026 11:26:10 INFO  epoch 218 training [time: 0.22s, train_loss1: 1.7767, train_loss2: 0.0304, train_loss3: 0.0109, train_loss4: 0.0016]
Sun 15 Mar 2026 11:26:10 INFO  epoch 218 evaluating [time: 0.25s, valid_score: 0.350500]
Sun 15 Mar 2026 11:26:10 INFO  valid result: 
recall@1 : 0.1324    recall@2 : 0.2139    recall@3 : 0.2879    recall@4 : 0.3404    recall@5 : 0.3853    recall@10 : 0.519    recall@20 : 0.6651    recall@30 : 0.7365    recall@50 : 0.8206    ndcg@1 : 0.2151    ndcg@2 : 0.2392    ndcg@3 : 0.2663    ndcg@4 : 0.2853    ndcg@5 : 0.3025    ndcg@10 : 0.3505    ndcg@20 : 0.3941    ndcg@30 : 0.4133    ndcg@50 : 0.4334    precision@1 : 0.2151    precision@2 : 0.183    precision@3 : 0.1669    precision@4 : 0.1503    precision@5 : 0.1389    precision@10 : 0.0986    precision@20 : 0.0657    precision@30 : 0.05    precision@50 : 0.0344    map@1 : 0.2151    map@2 : 0.2107    map@3 : 0.2206    map@4 : 0.2286    map@5 : 0.2369    map@10 : 0.2586    map@20 : 0.2742    map@30 : 0.2799    map@50 : 0.2846
Sun 15 Mar 2026 11:26:10 INFO  Saving current: saved/SCL-Mar-15-2026_11-24-17.pth
Sun 15 Mar 2026 11:26:10 INFO  Saving current best: saved/SCL-Mar-15-2026_11-24-17.pth
Sun 15 Mar 2026 11:26:10 INFO  Running E-step ! 
Sun 15 Mar 2026 11:26:10 INFO  epoch 219 training [time: 0.20s, train_loss1: 1.7848, train_loss2: 0.0303, train_loss3: 0.0109, train_loss4: 0.0016]
Sun 15 Mar 2026 11:26:10 INFO  epoch 219 evaluating [time: 0.28s, valid_score: 0.350400]
Sun 15 Mar 2026 11:26:10 INFO  valid result: 
recall@1 : 0.1316    recall@2 : 0.2136    recall@3 : 0.2894    recall@4 : 0.3393    recall@5 : 0.3845    recall@10 : 0.5199    recall@20 : 0.6647    recall@30 : 0.7371    recall@50 : 0.8213    ndcg@1 : 0.2145    ndcg@2 : 0.2385    ndcg@3 : 0.2667    ndcg@4 : 0.2845    ndcg@5 : 0.3017    ndcg@10 : 0.3504    ndcg@20 : 0.3937    ndcg@30 : 0.4131    ndcg@50 : 0.4332    precision@1 : 0.2145    precision@2 : 0.1824    precision@3 : 0.1677    precision@4 : 0.1499    precision@5 : 0.1384    precision@10 : 0.0987    precision@20 : 0.0657    precision@30 : 0.05    precision@50 : 0.0344    map@1 : 0.2145    map@2 : 0.2101    map@3 : 0.2208    map@4 : 0.2281    map@5 : 0.2363    map@10 : 0.2583    map@20 : 0.2738    map@30 : 0.2795    map@50 : 0.2843
Sun 15 Mar 2026 11:26:10 INFO  Running E-step ! 
Sun 15 Mar 2026 11:26:11 INFO  epoch 220 training [time: 0.21s, train_loss1: 1.7669, train_loss2: 0.0302, train_loss3: 0.0109, train_loss4: 0.0016]
Sun 15 Mar 2026 11:26:11 INFO  epoch 220 evaluating [time: 0.28s, valid_score: 0.350100]
Sun 15 Mar 2026 11:26:11 INFO  valid result: 
recall@1 : 0.1316    recall@2 : 0.2146    recall@3 : 0.29    recall@4 : 0.3379    recall@5 : 0.3847    recall@10 : 0.5183    recall@20 : 0.6649    recall@30 : 0.7377    recall@50 : 0.8213    ndcg@1 : 0.2145    ndcg@2 : 0.2393    ndcg@3 : 0.2672    ndcg@4 : 0.284    ndcg@5 : 0.302    ndcg@10 : 0.3501    ndcg@20 : 0.3939    ndcg@30 : 0.4135    ndcg@50 : 0.4333    precision@1 : 0.2145    precision@2 : 0.1833    precision@3 : 0.1679    precision@4 : 0.1493    precision@5 : 0.1386    precision@10 : 0.0986    precision@20 : 0.0657    precision@30 : 0.0501    precision@50 : 0.0344    map@1 : 0.2145    map@2 : 0.2107    map@3 : 0.2213    map@4 : 0.2278    map@5 : 0.2367    map@10 : 0.2583    map@20 : 0.274    map@30 : 0.2798    map@50 : 0.2845
Sun 15 Mar 2026 11:26:11 INFO  Running E-step ! 
Sun 15 Mar 2026 11:26:11 INFO  epoch 221 training [time: 0.22s, train_loss1: 1.7589, train_loss2: 0.0302, train_loss3: 0.0109, train_loss4: 0.0016]
Sun 15 Mar 2026 11:26:11 INFO  epoch 221 evaluating [time: 0.27s, valid_score: 0.350500]
Sun 15 Mar 2026 11:26:11 INFO  valid result: 
recall@1 : 0.1317    recall@2 : 0.2138    recall@3 : 0.2903    recall@4 : 0.3372    recall@5 : 0.3856    recall@10 : 0.5197    recall@20 : 0.6646    recall@30 : 0.7376    recall@50 : 0.8211    ndcg@1 : 0.2157    ndcg@2 : 0.239    ndcg@3 : 0.2676    ndcg@4 : 0.2837    ndcg@5 : 0.3024    ndcg@10 : 0.3505    ndcg@20 : 0.3939    ndcg@30 : 0.4134    ndcg@50 : 0.4333    precision@1 : 0.2157    precision@2 : 0.1827    precision@3 : 0.1685    precision@4 : 0.149    precision@5 : 0.1387    precision@10 : 0.0986    precision@20 : 0.0657    precision@30 : 0.0501    precision@50 : 0.0344    map@1 : 0.2157    map@2 : 0.2104    map@3 : 0.2216    map@4 : 0.2276    map@5 : 0.2368    map@10 : 0.2584    map@20 : 0.2739    map@30 : 0.2797    map@50 : 0.2844
Sun 15 Mar 2026 11:26:11 INFO  Saving current: saved/SCL-Mar-15-2026_11-24-17.pth
Sun 15 Mar 2026 11:26:11 INFO  Saving current best: saved/SCL-Mar-15-2026_11-24-17.pth
Sun 15 Mar 2026 11:26:11 INFO  Running E-step ! 
Sun 15 Mar 2026 11:26:12 INFO  epoch 222 training [time: 0.22s, train_loss1: 1.7580, train_loss2: 0.0301, train_loss3: 0.0109, train_loss4: 0.0016]
Sun 15 Mar 2026 11:26:12 INFO  epoch 222 evaluating [time: 0.26s, valid_score: 0.350500]
Sun 15 Mar 2026 11:26:12 INFO  valid result: 
recall@1 : 0.1321    recall@2 : 0.2132    recall@3 : 0.2895    recall@4 : 0.3379    recall@5 : 0.3847    recall@10 : 0.5195    recall@20 : 0.6654    recall@30 : 0.737    recall@50 : 0.8211    ndcg@1 : 0.2157    ndcg@2 : 0.2387    ndcg@3 : 0.2672    ndcg@4 : 0.284    ndcg@5 : 0.3021    ndcg@10 : 0.3505    ndcg@20 : 0.3941    ndcg@30 : 0.4133    ndcg@50 : 0.4334    precision@1 : 0.2157    precision@2 : 0.1824    precision@3 : 0.1681    precision@4 : 0.1491    precision@5 : 0.1386    precision@10 : 0.0986    precision@20 : 0.0658    precision@30 : 0.0501    precision@50 : 0.0344    map@1 : 0.2157    map@2 : 0.2102    map@3 : 0.2214    map@4 : 0.2279    map@5 : 0.2367    map@10 : 0.2584    map@20 : 0.2741    map@30 : 0.2798    map@50 : 0.2845
Sun 15 Mar 2026 11:26:12 INFO  Saving current: saved/SCL-Mar-15-2026_11-24-17.pth
Sun 15 Mar 2026 11:26:12 INFO  Saving current best: saved/SCL-Mar-15-2026_11-24-17.pth
Sun 15 Mar 2026 11:26:12 INFO  Running E-step ! 
Sun 15 Mar 2026 11:26:12 INFO  epoch 223 training [time: 0.21s, train_loss1: 1.7635, train_loss2: 0.0301, train_loss3: 0.0109, train_loss4: 0.0016]
Sun 15 Mar 2026 11:26:12 INFO  epoch 223 evaluating [time: 0.27s, valid_score: 0.350300]
Sun 15 Mar 2026 11:26:12 INFO  valid result: 
recall@1 : 0.1324    recall@2 : 0.2131    recall@3 : 0.288    recall@4 : 0.3381    recall@5 : 0.3841    recall@10 : 0.5191    recall@20 : 0.666    recall@30 : 0.7382    recall@50 : 0.8217    ndcg@1 : 0.2163    ndcg@2 : 0.2387    ndcg@3 : 0.2665    ndcg@4 : 0.2843    ndcg@5 : 0.3019    ndcg@10 : 0.3503    ndcg@20 : 0.3943    ndcg@30 : 0.4137    ndcg@50 : 0.4335    precision@1 : 0.2163    precision@2 : 0.1824    precision@3 : 0.1675    precision@4 : 0.1496    precision@5 : 0.1385    precision@10 : 0.0985    precision@20 : 0.0658    precision@30 : 0.0501    precision@50 : 0.0344    map@1 : 0.2163    map@2 : 0.2102    map@3 : 0.221    map@4 : 0.2282    map@5 : 0.2366    map@10 : 0.2584    map@20 : 0.2742    map@30 : 0.2799    map@50 : 0.2846
Sun 15 Mar 2026 11:26:12 INFO  Running E-step ! 
Sun 15 Mar 2026 11:26:13 INFO  epoch 224 training [time: 0.24s, train_loss1: 1.7486, train_loss2: 0.0300, train_loss3: 0.0109, train_loss4: 0.0016]
Sun 15 Mar 2026 11:26:13 INFO  epoch 224 evaluating [time: 0.25s, valid_score: 0.350600]
Sun 15 Mar 2026 11:26:13 INFO  valid result: 
recall@1 : 0.1327    recall@2 : 0.213    recall@3 : 0.2889    recall@4 : 0.3381    recall@5 : 0.385    recall@10 : 0.5198    recall@20 : 0.6664    recall@30 : 0.7383    recall@50 : 0.8217    ndcg@1 : 0.2157    ndcg@2 : 0.2384    ndcg@3 : 0.267    ndcg@4 : 0.2843    ndcg@5 : 0.3023    ndcg@10 : 0.3506    ndcg@20 : 0.3945    ndcg@30 : 0.4138    ndcg@50 : 0.4337    precision@1 : 0.2157    precision@2 : 0.1821    precision@3 : 0.1679    precision@4 : 0.1496    precision@5 : 0.1387    precision@10 : 0.0984    precision@20 : 0.0658    precision@30 : 0.0501    precision@50 : 0.0344    map@1 : 0.2157    map@2 : 0.2102    map@3 : 0.2214    map@4 : 0.2283    map@5 : 0.2369    map@10 : 0.2587    map@20 : 0.2744    map@30 : 0.2802    map@50 : 0.2849
Sun 15 Mar 2026 11:26:13 INFO  Saving current: saved/SCL-Mar-15-2026_11-24-17.pth
Sun 15 Mar 2026 11:26:13 INFO  Saving current best: saved/SCL-Mar-15-2026_11-24-17.pth
Sun 15 Mar 2026 11:26:13 INFO  Running E-step ! 
Sun 15 Mar 2026 11:26:13 INFO  epoch 225 training [time: 0.24s, train_loss1: 1.7456, train_loss2: 0.0299, train_loss3: 0.0109, train_loss4: 0.0016]
Sun 15 Mar 2026 11:26:13 INFO  epoch 225 evaluating [time: 0.27s, valid_score: 0.350900]
Sun 15 Mar 2026 11:26:13 INFO  valid result: 
recall@1 : 0.1327    recall@2 : 0.214    recall@3 : 0.2895    recall@4 : 0.3392    recall@5 : 0.3855    recall@10 : 0.5198    recall@20 : 0.6673    recall@30 : 0.7387    recall@50 : 0.8226    ndcg@1 : 0.2157    ndcg@2 : 0.2396    ndcg@3 : 0.2675    ndcg@4 : 0.285    ndcg@5 : 0.3029    ndcg@10 : 0.3509    ndcg@20 : 0.395    ndcg@30 : 0.4142    ndcg@50 : 0.4342    precision@1 : 0.2157    precision@2 : 0.1836    precision@3 : 0.1683    precision@4 : 0.1499    precision@5 : 0.1391    precision@10 : 0.0984    precision@20 : 0.0659    precision@30 : 0.0501    precision@50 : 0.0344    map@1 : 0.2157    map@2 : 0.211    map@3 : 0.2217    map@4 : 0.2288    map@5 : 0.2374    map@10 : 0.259    map@20 : 0.2748    map@30 : 0.2805    map@50 : 0.2852
Sun 15 Mar 2026 11:26:13 INFO  Saving current: saved/SCL-Mar-15-2026_11-24-17.pth
Sun 15 Mar 2026 11:26:13 INFO  Saving current best: saved/SCL-Mar-15-2026_11-24-17.pth
Sun 15 Mar 2026 11:26:13 INFO  Running E-step ! 
Sun 15 Mar 2026 11:26:14 INFO  epoch 226 training [time: 0.22s, train_loss1: 1.7686, train_loss2: 0.0299, train_loss3: 0.0109, train_loss4: 0.0016]
Sun 15 Mar 2026 11:26:14 INFO  epoch 226 evaluating [time: 0.26s, valid_score: 0.352000]
Sun 15 Mar 2026 11:26:14 INFO  valid result: 
recall@1 : 0.135    recall@2 : 0.2154    recall@3 : 0.2884    recall@4 : 0.3392    recall@5 : 0.3838    recall@10 : 0.5195    recall@20 : 0.6665    recall@30 : 0.7381    recall@50 : 0.8229    ndcg@1 : 0.2193    ndcg@2 : 0.2417    ndcg@3 : 0.2681    ndcg@4 : 0.2862    ndcg@5 : 0.3034    ndcg@10 : 0.352    ndcg@20 : 0.396    ndcg@30 : 0.4153    ndcg@50 : 0.4354    precision@1 : 0.2193    precision@2 : 0.1847    precision@3 : 0.1677    precision@4 : 0.1499    precision@5 : 0.1389    precision@10 : 0.0985    precision@20 : 0.0659    precision@30 : 0.0501    precision@50 : 0.0344    map@1 : 0.2193    map@2 : 0.2131    map@3 : 0.2228    map@4 : 0.2302    map@5 : 0.2384    map@10 : 0.2603    map@20 : 0.2761    map@30 : 0.2818    map@50 : 0.2866
Sun 15 Mar 2026 11:26:14 INFO  Saving current: saved/SCL-Mar-15-2026_11-24-17.pth
Sun 15 Mar 2026 11:26:14 INFO  Saving current best: saved/SCL-Mar-15-2026_11-24-17.pth
Sun 15 Mar 2026 11:26:14 INFO  Running E-step ! 
Sun 15 Mar 2026 11:26:14 INFO  epoch 227 training [time: 0.22s, train_loss1: 1.7609, train_loss2: 0.0298, train_loss3: 0.0109, train_loss4: 0.0016]
Sun 15 Mar 2026 11:26:14 INFO  epoch 227 evaluating [time: 0.26s, valid_score: 0.352300]
Sun 15 Mar 2026 11:26:14 INFO  valid result: 
recall@1 : 0.135    recall@2 : 0.2143    recall@3 : 0.2909    recall@4 : 0.3391    recall@5 : 0.382    recall@10 : 0.5208    recall@20 : 0.6667    recall@30 : 0.7383    recall@50 : 0.8224    ndcg@1 : 0.2193    ndcg@2 : 0.2404    ndcg@3 : 0.2692    ndcg@4 : 0.2861    ndcg@5 : 0.3025    ndcg@10 : 0.3523    ndcg@20 : 0.3959    ndcg@30 : 0.4152    ndcg@50 : 0.4352    precision@1 : 0.2193    precision@2 : 0.1833    precision@3 : 0.1687    precision@4 : 0.1499    precision@5 : 0.1381    precision@10 : 0.0987    precision@20 : 0.0659    precision@30 : 0.0501    precision@50 : 0.0344    map@1 : 0.2193    map@2 : 0.2122    map@3 : 0.2233    map@4 : 0.2301    map@5 : 0.2378    map@10 : 0.2604    map@20 : 0.276    map@30 : 0.2818    map@50 : 0.2865
Sun 15 Mar 2026 11:26:14 INFO  Saving current: saved/SCL-Mar-15-2026_11-24-17.pth
Sun 15 Mar 2026 11:26:14 INFO  Saving current best: saved/SCL-Mar-15-2026_11-24-17.pth
Sun 15 Mar 2026 11:26:14 INFO  Running E-step ! 
Sun 15 Mar 2026 11:26:15 INFO  epoch 228 training [time: 0.22s, train_loss1: 1.7123, train_loss2: 0.0297, train_loss3: 0.0109, train_loss4: 0.0016]
Sun 15 Mar 2026 11:26:15 INFO  epoch 228 evaluating [time: 0.27s, valid_score: 0.352300]
Sun 15 Mar 2026 11:26:15 INFO  valid result: 
recall@1 : 0.1346    recall@2 : 0.2154    recall@3 : 0.2908    recall@4 : 0.3395    recall@5 : 0.3827    recall@10 : 0.5204    recall@20 : 0.6668    recall@30 : 0.7377    recall@50 : 0.8221    ndcg@1 : 0.2193    ndcg@2 : 0.2411    ndcg@3 : 0.269    ndcg@4 : 0.2865    ndcg@5 : 0.3029    ndcg@10 : 0.3523    ndcg@20 : 0.3961    ndcg@30 : 0.4152    ndcg@50 : 0.4352    precision@1 : 0.2193    precision@2 : 0.1841    precision@3 : 0.1683    precision@4 : 0.1503    precision@5 : 0.1385    precision@10 : 0.0987    precision@20 : 0.0659    precision@30 : 0.0501    precision@50 : 0.0344    map@1 : 0.2193    map@2 : 0.2128    map@3 : 0.2233    map@4 : 0.2302    map@5 : 0.2381    map@10 : 0.2604    map@20 : 0.2761    map@30 : 0.2818    map@50 : 0.2865
Sun 15 Mar 2026 11:26:15 INFO  Saving current: saved/SCL-Mar-15-2026_11-24-17.pth
Sun 15 Mar 2026 11:26:15 INFO  Saving current best: saved/SCL-Mar-15-2026_11-24-17.pth
Sun 15 Mar 2026 11:26:15 INFO  Running E-step ! 
Sun 15 Mar 2026 11:26:15 INFO  epoch 229 training [time: 0.20s, train_loss1: 1.7402, train_loss2: 0.0297, train_loss3: 0.0109, train_loss4: 0.0016]
Sun 15 Mar 2026 11:26:15 INFO  epoch 229 evaluating [time: 0.37s, valid_score: 0.353400]
Sun 15 Mar 2026 11:26:15 INFO  valid result: 
recall@1 : 0.1361    recall@2 : 0.2156    recall@3 : 0.2919    recall@4 : 0.3395    recall@5 : 0.3828    recall@10 : 0.5216    recall@20 : 0.6669    recall@30 : 0.7376    recall@50 : 0.8219    ndcg@1 : 0.2211    ndcg@2 : 0.242    ndcg@3 : 0.2703    ndcg@4 : 0.2871    ndcg@5 : 0.3036    ndcg@10 : 0.3534    ndcg@20 : 0.3969    ndcg@30 : 0.4159    ndcg@50 : 0.436    precision@1 : 0.2211    precision@2 : 0.1844    precision@3 : 0.1689    precision@4 : 0.1502    precision@5 : 0.1385    precision@10 : 0.0988    precision@20 : 0.0659    precision@30 : 0.0501    precision@50 : 0.0344    map@1 : 0.2211    map@2 : 0.2135    map@3 : 0.2245    map@4 : 0.231    map@5 : 0.2389    map@10 : 0.2614    map@20 : 0.277    map@30 : 0.2827    map@50 : 0.2875
Sun 15 Mar 2026 11:26:15 INFO  Saving current: saved/SCL-Mar-15-2026_11-24-17.pth
Sun 15 Mar 2026 11:26:15 INFO  Saving current best: saved/SCL-Mar-15-2026_11-24-17.pth
Sun 15 Mar 2026 11:26:15 INFO  Running E-step ! 
Sun 15 Mar 2026 11:26:16 INFO  epoch 230 training [time: 0.35s, train_loss1: 1.7537, train_loss2: 0.0296, train_loss3: 0.0109, train_loss4: 0.0016]
Sun 15 Mar 2026 11:26:16 INFO  epoch 230 evaluating [time: 0.14s, valid_score: 0.353600]
Sun 15 Mar 2026 11:26:16 INFO  valid result: 
recall@1 : 0.1366    recall@2 : 0.216    recall@3 : 0.2926    recall@4 : 0.3395    recall@5 : 0.3841    recall@10 : 0.5211    recall@20 : 0.6669    recall@30 : 0.7385    recall@50 : 0.8211    ndcg@1 : 0.2211    ndcg@2 : 0.2428    ndcg@3 : 0.271    ndcg@4 : 0.2873    ndcg@5 : 0.3043    ndcg@10 : 0.3536    ndcg@20 : 0.3972    ndcg@30 : 0.4165    ndcg@50 : 0.4362    precision@1 : 0.2211    precision@2 : 0.1856    precision@3 : 0.1692    precision@4 : 0.15    precision@5 : 0.1385    precision@10 : 0.0987    precision@20 : 0.0659    precision@30 : 0.0502    precision@50 : 0.0344    map@1 : 0.2211    map@2 : 0.2142    map@3 : 0.2251    map@4 : 0.2313    map@5 : 0.2395    map@10 : 0.2618    map@20 : 0.2774    map@30 : 0.2832    map@50 : 0.2879
Sun 15 Mar 2026 11:26:16 INFO  Saving current: saved/SCL-Mar-15-2026_11-24-17.pth
Sun 15 Mar 2026 11:26:16 INFO  Saving current best: saved/SCL-Mar-15-2026_11-24-17.pth
Sun 15 Mar 2026 11:26:16 INFO  Running E-step ! 
Sun 15 Mar 2026 11:26:16 INFO  epoch 231 training [time: 0.20s, train_loss1: 1.7415, train_loss2: 0.0295, train_loss3: 0.0109, train_loss4: 0.0016]
Sun 15 Mar 2026 11:26:16 INFO  epoch 231 evaluating [time: 0.26s, valid_score: 0.354100]
Sun 15 Mar 2026 11:26:16 INFO  valid result: 
recall@1 : 0.1366    recall@2 : 0.2163    recall@3 : 0.2924    recall@4 : 0.3407    recall@5 : 0.3841    recall@10 : 0.5225    recall@20 : 0.6663    recall@30 : 0.7383    recall@50 : 0.8209    ndcg@1 : 0.2211    ndcg@2 : 0.243    ndcg@3 : 0.2707    ndcg@4 : 0.2878    ndcg@5 : 0.3044    ndcg@10 : 0.3541    ndcg@20 : 0.3971    ndcg@30 : 0.4166    ndcg@50 : 0.4362    precision@1 : 0.2211    precision@2 : 0.1856    precision@3 : 0.1689    precision@4 : 0.1503    precision@5 : 0.1385    precision@10 : 0.0989    precision@20 : 0.0659    precision@30 : 0.0502    precision@50 : 0.0344    map@1 : 0.2211    map@2 : 0.2142    map@3 : 0.225    map@4 : 0.2317    map@5 : 0.2396    map@10 : 0.2621    map@20 : 0.2775    map@30 : 0.2834    map@50 : 0.288
Sun 15 Mar 2026 11:26:16 INFO  Saving current: saved/SCL-Mar-15-2026_11-24-17.pth
Sun 15 Mar 2026 11:26:16 INFO  Saving current best: saved/SCL-Mar-15-2026_11-24-17.pth
Sun 15 Mar 2026 11:26:16 INFO  Running E-step ! 
Sun 15 Mar 2026 11:26:17 INFO  epoch 232 training [time: 0.23s, train_loss1: 1.7079, train_loss2: 0.0295, train_loss3: 0.0109, train_loss4: 0.0016]
Sun 15 Mar 2026 11:26:17 INFO  epoch 232 evaluating [time: 0.26s, valid_score: 0.354300]
Sun 15 Mar 2026 11:26:17 INFO  valid result: 
recall@1 : 0.1361    recall@2 : 0.2175    recall@3 : 0.2937    recall@4 : 0.3402    recall@5 : 0.3835    recall@10 : 0.523    recall@20 : 0.6654    recall@30 : 0.7385    recall@50 : 0.8204    ndcg@1 : 0.2211    ndcg@2 : 0.2434    ndcg@3 : 0.2715    ndcg@4 : 0.2876    ndcg@5 : 0.3042    ndcg@10 : 0.3543    ndcg@20 : 0.397    ndcg@30 : 0.4167    ndcg@50 : 0.4361    precision@1 : 0.2211    precision@2 : 0.1859    precision@3 : 0.1694    precision@4 : 0.1499    precision@5 : 0.1383    precision@10 : 0.0991    precision@20 : 0.0658    precision@30 : 0.0502    precision@50 : 0.0343    map@1 : 0.2211    map@2 : 0.2144    map@3 : 0.2255    map@4 : 0.2315    map@5 : 0.2396    map@10 : 0.2622    map@20 : 0.2775    map@30 : 0.2834    map@50 : 0.288
Sun 15 Mar 2026 11:26:17 INFO  Saving current: saved/SCL-Mar-15-2026_11-24-17.pth
Sun 15 Mar 2026 11:26:17 INFO  Saving current best: saved/SCL-Mar-15-2026_11-24-17.pth
Sun 15 Mar 2026 11:26:17 INFO  Running E-step ! 
Sun 15 Mar 2026 11:26:17 INFO  epoch 233 training [time: 0.22s, train_loss1: 1.7139, train_loss2: 0.0294, train_loss3: 0.0109, train_loss4: 0.0015]
Sun 15 Mar 2026 11:26:17 INFO  epoch 233 evaluating [time: 0.27s, valid_score: 0.354200]
Sun 15 Mar 2026 11:26:17 INFO  valid result: 
recall@1 : 0.1352    recall@2 : 0.2182    recall@3 : 0.2914    recall@4 : 0.3406    recall@5 : 0.3841    recall@10 : 0.5241    recall@20 : 0.6654    recall@30 : 0.7383    recall@50 : 0.8204    ndcg@1 : 0.2193    ndcg@2 : 0.2435    ndcg@3 : 0.2699    ndcg@4 : 0.2873    ndcg@5 : 0.3042    ndcg@10 : 0.3542    ndcg@20 : 0.3967    ndcg@30 : 0.4163    ndcg@50 : 0.4358    precision@1 : 0.2193    precision@2 : 0.1865    precision@3 : 0.1687    precision@4 : 0.15    precision@5 : 0.1389    precision@10 : 0.0991    precision@20 : 0.0659    precision@30 : 0.0502    precision@50 : 0.0343    map@1 : 0.2193    map@2 : 0.2144    map@3 : 0.2243    map@4 : 0.2312    map@5 : 0.2395    map@10 : 0.2619    map@20 : 0.2772    map@30 : 0.2831    map@50 : 0.2877
Sun 15 Mar 2026 11:26:17 INFO  Running E-step ! 
Sun 15 Mar 2026 11:26:18 INFO  epoch 234 training [time: 0.22s, train_loss1: 1.7069, train_loss2: 0.0293, train_loss3: 0.0109, train_loss4: 0.0015]
Sun 15 Mar 2026 11:26:18 INFO  epoch 234 evaluating [time: 0.27s, valid_score: 0.354500]
Sun 15 Mar 2026 11:26:18 INFO  valid result: 
recall@1 : 0.1354    recall@2 : 0.2183    recall@3 : 0.2926    recall@4 : 0.3415    recall@5 : 0.3849    recall@10 : 0.524    recall@20 : 0.6668    recall@30 : 0.7382    recall@50 : 0.8206    ndcg@1 : 0.2193    ndcg@2 : 0.2434    ndcg@3 : 0.2707    ndcg@4 : 0.288    ndcg@5 : 0.3046    ndcg@10 : 0.3545    ndcg@20 : 0.3973    ndcg@30 : 0.4166    ndcg@50 : 0.4361    precision@1 : 0.2193    precision@2 : 0.1862    precision@3 : 0.1692    precision@4 : 0.1506    precision@5 : 0.1389    precision@10 : 0.0992    precision@20 : 0.0659    precision@30 : 0.0502    precision@50 : 0.0343    map@1 : 0.2193    map@2 : 0.2142    map@3 : 0.2248    map@4 : 0.2317    map@5 : 0.2397    map@10 : 0.2622    map@20 : 0.2776    map@30 : 0.2834    map@50 : 0.288
Sun 15 Mar 2026 11:26:18 INFO  Saving current: saved/SCL-Mar-15-2026_11-24-17.pth
Sun 15 Mar 2026 11:26:18 INFO  Saving current best: saved/SCL-Mar-15-2026_11-24-17.pth
Sun 15 Mar 2026 11:26:18 INFO  Running E-step ! 
Sun 15 Mar 2026 11:26:18 INFO  epoch 235 training [time: 0.21s, train_loss1: 1.6823, train_loss2: 0.0293, train_loss3: 0.0109, train_loss4: 0.0015]
Sun 15 Mar 2026 11:26:18 INFO  epoch 235 evaluating [time: 0.26s, valid_score: 0.354800]
Sun 15 Mar 2026 11:26:18 INFO  valid result: 
recall@1 : 0.1357    recall@2 : 0.2186    recall@3 : 0.2924    recall@4 : 0.3406    recall@5 : 0.3843    recall@10 : 0.5241    recall@20 : 0.6669    recall@30 : 0.7384    recall@50 : 0.82    ndcg@1 : 0.2199    ndcg@2 : 0.2438    ndcg@3 : 0.2709    ndcg@4 : 0.288    ndcg@5 : 0.3044    ndcg@10 : 0.3548    ndcg@20 : 0.3976    ndcg@30 : 0.4169    ndcg@50 : 0.4362    precision@1 : 0.2199    precision@2 : 0.1865    precision@3 : 0.1692    precision@4 : 0.1508    precision@5 : 0.1384    precision@10 : 0.0994    precision@20 : 0.066    precision@30 : 0.0502    precision@50 : 0.0343    map@1 : 0.2199    map@2 : 0.2145    map@3 : 0.2249    map@4 : 0.2319    map@5 : 0.2396    map@10 : 0.2624    map@20 : 0.2778    map@30 : 0.2836    map@50 : 0.2882
Sun 15 Mar 2026 11:26:18 INFO  Saving current: saved/SCL-Mar-15-2026_11-24-17.pth
Sun 15 Mar 2026 11:26:18 INFO  Saving current best: saved/SCL-Mar-15-2026_11-24-17.pth
Sun 15 Mar 2026 11:26:18 INFO  Running E-step ! 
Sun 15 Mar 2026 11:26:19 INFO  epoch 236 training [time: 0.24s, train_loss1: 1.6758, train_loss2: 0.0292, train_loss3: 0.0109, train_loss4: 0.0015]
Sun 15 Mar 2026 11:26:19 INFO  epoch 236 evaluating [time: 0.27s, valid_score: 0.355200]
Sun 15 Mar 2026 11:26:19 INFO  valid result: 
recall@1 : 0.1366    recall@2 : 0.2183    recall@3 : 0.2931    recall@4 : 0.3411    recall@5 : 0.3844    recall@10 : 0.5245    recall@20 : 0.6678    recall@30 : 0.7394    recall@50 : 0.8195    ndcg@1 : 0.2205    ndcg@2 : 0.2439    ndcg@3 : 0.2712    ndcg@4 : 0.2886    ndcg@5 : 0.3049    ndcg@10 : 0.3552    ndcg@20 : 0.3981    ndcg@30 : 0.4174    ndcg@50 : 0.4365    precision@1 : 0.2205    precision@2 : 0.1862    precision@3 : 0.1691    precision@4 : 0.1512    precision@5 : 0.1387    precision@10 : 0.0993    precision@20 : 0.0661    precision@30 : 0.0502    precision@50 : 0.0343    map@1 : 0.2205    map@2 : 0.2148    map@3 : 0.2252    map@4 : 0.2327    map@5 : 0.2403    map@10 : 0.263    map@20 : 0.2785    map@30 : 0.2842    map@50 : 0.2888
Sun 15 Mar 2026 11:26:19 INFO  Saving current: saved/SCL-Mar-15-2026_11-24-17.pth
Sun 15 Mar 2026 11:26:19 INFO  Saving current best: saved/SCL-Mar-15-2026_11-24-17.pth
Sun 15 Mar 2026 11:26:19 INFO  Running E-step ! 
Sun 15 Mar 2026 11:26:19 INFO  epoch 237 training [time: 0.21s, train_loss1: 1.6774, train_loss2: 0.0292, train_loss3: 0.0109, train_loss4: 0.0015]
Sun 15 Mar 2026 11:26:19 INFO  epoch 237 evaluating [time: 0.27s, valid_score: 0.355400]
Sun 15 Mar 2026 11:26:19 INFO  valid result: 
recall@1 : 0.1367    recall@2 : 0.2183    recall@3 : 0.2928    recall@4 : 0.3409    recall@5 : 0.3848    recall@10 : 0.5248    recall@20 : 0.6673    recall@30 : 0.74    recall@50 : 0.8197    ndcg@1 : 0.2211    ndcg@2 : 0.2441    ndcg@3 : 0.2712    ndcg@4 : 0.2886    ndcg@5 : 0.3051    ndcg@10 : 0.3554    ndcg@20 : 0.3981    ndcg@30 : 0.4176    ndcg@50 : 0.4367    precision@1 : 0.2211    precision@2 : 0.1865    precision@3 : 0.1691    precision@4 : 0.1511    precision@5 : 0.1389    precision@10 : 0.0993    precision@20 : 0.066    precision@30 : 0.0502    precision@50 : 0.0343    map@1 : 0.2211    map@2 : 0.215    map@3 : 0.2252    map@4 : 0.2327    map@5 : 0.2404    map@10 : 0.2631    map@20 : 0.2785    map@30 : 0.2843    map@50 : 0.2889
Sun 15 Mar 2026 11:26:19 INFO  Saving current: saved/SCL-Mar-15-2026_11-24-17.pth
Sun 15 Mar 2026 11:26:19 INFO  Saving current best: saved/SCL-Mar-15-2026_11-24-17.pth
Sun 15 Mar 2026 11:26:19 INFO  Running E-step ! 
Sun 15 Mar 2026 11:26:20 INFO  epoch 238 training [time: 0.23s, train_loss1: 1.6903, train_loss2: 0.0291, train_loss3: 0.0109, train_loss4: 0.0015]
Sun 15 Mar 2026 11:26:20 INFO  epoch 238 evaluating [time: 0.21s, valid_score: 0.356000]
Sun 15 Mar 2026 11:26:20 INFO  valid result: 
recall@1 : 0.1375    recall@2 : 0.2201    recall@3 : 0.2917    recall@4 : 0.3403    recall@5 : 0.3845    recall@10 : 0.5255    recall@20 : 0.6675    recall@30 : 0.7402    recall@50 : 0.8191    ndcg@1 : 0.2217    ndcg@2 : 0.2453    ndcg@3 : 0.2712    ndcg@4 : 0.2888    ndcg@5 : 0.3055    ndcg@10 : 0.356    ndcg@20 : 0.3986    ndcg@30 : 0.4181    ndcg@50 : 0.437    precision@1 : 0.2217    precision@2 : 0.1874    precision@3 : 0.1689    precision@4 : 0.1509    precision@5 : 0.139    precision@10 : 0.0995    precision@20 : 0.066    precision@30 : 0.0503    precision@50 : 0.0343    map@1 : 0.2217    map@2 : 0.2159    map@3 : 0.2255    map@4 : 0.2331    map@5 : 0.2409    map@10 : 0.2637    map@20 : 0.279    map@30 : 0.2849    map@50 : 0.2894
Sun 15 Mar 2026 11:26:20 INFO  Saving current: saved/SCL-Mar-15-2026_11-24-17.pth
Sun 15 Mar 2026 11:26:20 INFO  Saving current best: saved/SCL-Mar-15-2026_11-24-17.pth
Sun 15 Mar 2026 11:26:20 INFO  Running E-step ! 
Sun 15 Mar 2026 11:26:20 INFO  epoch 239 training [time: 0.22s, train_loss1: 1.6971, train_loss2: 0.0291, train_loss3: 0.0109, train_loss4: 0.0015]
Sun 15 Mar 2026 11:26:20 INFO  epoch 239 evaluating [time: 0.26s, valid_score: 0.355800]
Sun 15 Mar 2026 11:26:20 INFO  valid result: 
recall@1 : 0.1376    recall@2 : 0.2192    recall@3 : 0.292    recall@4 : 0.3407    recall@5 : 0.3836    recall@10 : 0.5247    recall@20 : 0.6669    recall@30 : 0.7403    recall@50 : 0.8195    ndcg@1 : 0.2223    ndcg@2 : 0.2446    ndcg@3 : 0.2713    ndcg@4 : 0.289    ndcg@5 : 0.3051    ndcg@10 : 0.3558    ndcg@20 : 0.3984    ndcg@30 : 0.4181    ndcg@50 : 0.437    precision@1 : 0.2223    precision@2 : 0.1865    precision@3 : 0.1691    precision@4 : 0.1512    precision@5 : 0.1387    precision@10 : 0.0993    precision@20 : 0.0661    precision@30 : 0.0503    precision@50 : 0.0343    map@1 : 0.2223    map@2 : 0.2154    map@3 : 0.2256    map@4 : 0.2332    map@5 : 0.2407    map@10 : 0.2636    map@20 : 0.279    map@30 : 0.2848    map@50 : 0.2894
Sun 15 Mar 2026 11:26:20 INFO  Running E-step ! 
Sun 15 Mar 2026 11:26:21 INFO  epoch 240 training [time: 0.22s, train_loss1: 1.6617, train_loss2: 0.0290, train_loss3: 0.0109, train_loss4: 0.0015]
Sun 15 Mar 2026 11:26:21 INFO  epoch 240 evaluating [time: 0.26s, valid_score: 0.355800]
Sun 15 Mar 2026 11:26:21 INFO  valid result: 
recall@1 : 0.137    recall@2 : 0.2201    recall@3 : 0.2925    recall@4 : 0.3415    recall@5 : 0.3836    recall@10 : 0.5249    recall@20 : 0.6676    recall@30 : 0.7406    recall@50 : 0.8197    ndcg@1 : 0.2217    ndcg@2 : 0.245    ndcg@3 : 0.2715    ndcg@4 : 0.289    ndcg@5 : 0.3051    ndcg@10 : 0.3558    ndcg@20 : 0.3986    ndcg@30 : 0.4181    ndcg@50 : 0.4371    precision@1 : 0.2217    precision@2 : 0.1871    precision@3 : 0.1692    precision@4 : 0.1509    precision@5 : 0.1389    precision@10 : 0.0995    precision@20 : 0.0661    precision@30 : 0.0503    precision@50 : 0.0343    map@1 : 0.2217    map@2 : 0.2156    map@3 : 0.2258    map@4 : 0.2332    map@5 : 0.2407    map@10 : 0.2637    map@20 : 0.279    map@30 : 0.2848    map@50 : 0.2894
Sun 15 Mar 2026 11:26:21 INFO  Running E-step ! 
Sun 15 Mar 2026 11:26:21 INFO  epoch 241 training [time: 0.20s, train_loss1: 1.6455, train_loss2: 0.0289, train_loss3: 0.0109, train_loss4: 0.0015]
Sun 15 Mar 2026 11:26:21 INFO  epoch 241 evaluating [time: 0.26s, valid_score: 0.355400]
Sun 15 Mar 2026 11:26:21 INFO  valid result: 
recall@1 : 0.1356    recall@2 : 0.2207    recall@3 : 0.2911    recall@4 : 0.3409    recall@5 : 0.3842    recall@10 : 0.5252    recall@20 : 0.6695    recall@30 : 0.7407    recall@50 : 0.8198    ndcg@1 : 0.2199    ndcg@2 : 0.245    ndcg@3 : 0.2703    ndcg@4 : 0.2881    ndcg@5 : 0.3047    ndcg@10 : 0.3554    ndcg@20 : 0.3986    ndcg@30 : 0.4176    ndcg@50 : 0.4366    precision@1 : 0.2199    precision@2 : 0.1877    precision@3 : 0.1687    precision@4 : 0.1506    precision@5 : 0.1389    precision@10 : 0.0996    precision@20 : 0.0663    precision@30 : 0.0503    precision@50 : 0.0343    map@1 : 0.2199    map@2 : 0.2153    map@3 : 0.2247    map@4 : 0.2324    map@5 : 0.24    map@10 : 0.263    map@20 : 0.2784    map@30 : 0.2841    map@50 : 0.2887
Sun 15 Mar 2026 11:26:21 INFO  Running E-step ! 
Sun 15 Mar 2026 11:26:22 INFO  epoch 242 training [time: 0.20s, train_loss1: 1.6586, train_loss2: 0.0289, train_loss3: 0.0109, train_loss4: 0.0015]
Sun 15 Mar 2026 11:26:22 INFO  epoch 242 evaluating [time: 0.27s, valid_score: 0.354900]
Sun 15 Mar 2026 11:26:22 INFO  valid result: 
recall@1 : 0.1355    recall@2 : 0.2205    recall@3 : 0.2886    recall@4 : 0.34    recall@5 : 0.3834    recall@10 : 0.5246    recall@20 : 0.6692    recall@30 : 0.741    recall@50 : 0.8199    ndcg@1 : 0.2193    ndcg@2 : 0.2447    ndcg@3 : 0.269    ndcg@4 : 0.2877    ndcg@5 : 0.304    ndcg@10 : 0.3549    ndcg@20 : 0.3982    ndcg@30 : 0.4174    ndcg@50 : 0.4364    precision@1 : 0.2193    precision@2 : 0.1877    precision@3 : 0.1681    precision@4 : 0.1508    precision@5 : 0.1385    precision@10 : 0.0995    precision@20 : 0.0662    precision@30 : 0.0503    precision@50 : 0.0343    map@1 : 0.2193    map@2 : 0.2151    map@3 : 0.2239    map@4 : 0.2321    map@5 : 0.2395    map@10 : 0.2627    map@20 : 0.2781    map@30 : 0.2839    map@50 : 0.2885
Sun 15 Mar 2026 11:26:22 INFO  Running E-step ! 
Sun 15 Mar 2026 11:26:22 INFO  epoch 243 training [time: 0.22s, train_loss1: 1.6325, train_loss2: 0.0288, train_loss3: 0.0109, train_loss4: 0.0015]
Sun 15 Mar 2026 11:26:22 INFO  epoch 243 evaluating [time: 0.36s, valid_score: 0.354500]
Sun 15 Mar 2026 11:26:22 INFO  valid result: 
recall@1 : 0.1349    recall@2 : 0.2193    recall@3 : 0.2895    recall@4 : 0.3402    recall@5 : 0.3842    recall@10 : 0.5245    recall@20 : 0.6691    recall@30 : 0.7421    recall@50 : 0.8197    ndcg@1 : 0.2187    ndcg@2 : 0.2438    ndcg@3 : 0.2691    ndcg@4 : 0.2874    ndcg@5 : 0.3041    ndcg@10 : 0.3545    ndcg@20 : 0.3979    ndcg@30 : 0.4174    ndcg@50 : 0.436    precision@1 : 0.2187    precision@2 : 0.1871    precision@3 : 0.1685    precision@4 : 0.1508    precision@5 : 0.1389    precision@10 : 0.0993    precision@20 : 0.0662    precision@30 : 0.0504    precision@50 : 0.0343    map@1 : 0.2187    map@2 : 0.2142    map@3 : 0.2236    map@4 : 0.2317    map@5 : 0.2394    map@10 : 0.2622    map@20 : 0.2777    map@30 : 0.2836    map@50 : 0.2881
Sun 15 Mar 2026 11:26:22 INFO  Running E-step ! 
Sun 15 Mar 2026 11:26:23 INFO  epoch 244 training [time: 0.35s, train_loss1: 1.6199, train_loss2: 0.0287, train_loss3: 0.0109, train_loss4: 0.0015]
Sun 15 Mar 2026 11:26:23 INFO  epoch 244 evaluating [time: 0.18s, valid_score: 0.354500]
Sun 15 Mar 2026 11:26:23 INFO  valid result: 
recall@1 : 0.1346    recall@2 : 0.2195    recall@3 : 0.2882    recall@4 : 0.3399    recall@5 : 0.385    recall@10 : 0.5248    recall@20 : 0.6714    recall@30 : 0.7421    recall@50 : 0.8199    ndcg@1 : 0.2181    ndcg@2 : 0.2435    ndcg@3 : 0.2682    ndcg@4 : 0.2871    ndcg@5 : 0.3043    ndcg@10 : 0.3545    ndcg@20 : 0.3983    ndcg@30 : 0.4173    ndcg@50 : 0.4359    precision@1 : 0.2181    precision@2 : 0.1868    precision@3 : 0.1679    precision@4 : 0.1509    precision@5 : 0.1392    precision@10 : 0.0994    precision@20 : 0.0664    precision@30 : 0.0504    precision@50 : 0.0343    map@1 : 0.2181    map@2 : 0.2139    map@3 : 0.223    map@4 : 0.2314    map@5 : 0.2394    map@10 : 0.2621    map@20 : 0.2778    map@30 : 0.2834    map@50 : 0.2879
Sun 15 Mar 2026 11:26:23 INFO  Running E-step ! 
Sun 15 Mar 2026 11:26:23 INFO  epoch 245 training [time: 0.19s, train_loss1: 1.6478, train_loss2: 0.0287, train_loss3: 0.0109, train_loss4: 0.0015]
Sun 15 Mar 2026 11:26:23 INFO  epoch 245 evaluating [time: 0.25s, valid_score: 0.354300]
Sun 15 Mar 2026 11:26:23 INFO  valid result: 
recall@1 : 0.134    recall@2 : 0.2199    recall@3 : 0.2894    recall@4 : 0.3381    recall@5 : 0.3865    recall@10 : 0.5247    recall@20 : 0.6713    recall@30 : 0.7433    recall@50 : 0.8198    ndcg@1 : 0.2175    ndcg@2 : 0.2435    ndcg@3 : 0.2685    ndcg@4 : 0.2858    ndcg@5 : 0.3047    ndcg@10 : 0.3543    ndcg@20 : 0.3982    ndcg@30 : 0.4174    ndcg@50 : 0.4358    precision@1 : 0.2175    precision@2 : 0.1871    precision@3 : 0.1681    precision@4 : 0.1497    precision@5 : 0.1396    precision@10 : 0.0993    precision@20 : 0.0664    precision@30 : 0.0505    precision@50 : 0.0344    map@1 : 0.2175    map@2 : 0.2138    map@3 : 0.223    map@4 : 0.2303    map@5 : 0.2394    map@10 : 0.2619    map@20 : 0.2775    map@30 : 0.2833    map@50 : 0.2877
Sun 15 Mar 2026 11:26:23 INFO  Running E-step ! 
Sun 15 Mar 2026 11:26:24 INFO  epoch 246 training [time: 0.20s, train_loss1: 1.6503, train_loss2: 0.0286, train_loss3: 0.0109, train_loss4: 0.0015]
Sun 15 Mar 2026 11:26:24 INFO  epoch 246 evaluating [time: 0.26s, valid_score: 0.354600]
Sun 15 Mar 2026 11:26:24 INFO  valid result: 
recall@1 : 0.134    recall@2 : 0.2202    recall@3 : 0.2894    recall@4 : 0.3382    recall@5 : 0.3859    recall@10 : 0.5254    recall@20 : 0.6728    recall@30 : 0.7439    recall@50 : 0.8198    ndcg@1 : 0.2175    ndcg@2 : 0.2439    ndcg@3 : 0.2685    ndcg@4 : 0.2859    ndcg@5 : 0.3045    ndcg@10 : 0.3546    ndcg@20 : 0.3986    ndcg@30 : 0.4176    ndcg@50 : 0.4359    precision@1 : 0.2175    precision@2 : 0.1874    precision@3 : 0.1679    precision@4 : 0.1497    precision@5 : 0.1393    precision@10 : 0.0995    precision@20 : 0.0665    precision@30 : 0.0505    precision@50 : 0.0344    map@1 : 0.2175    map@2 : 0.2142    map@3 : 0.223    map@4 : 0.2304    map@5 : 0.2394    map@10 : 0.2621    map@20 : 0.2777    map@30 : 0.2834    map@50 : 0.2879
Sun 15 Mar 2026 11:26:24 INFO  Running E-step ! 
Sun 15 Mar 2026 11:26:24 INFO  epoch 247 training [time: 0.23s, train_loss1: 1.6165, train_loss2: 0.0286, train_loss3: 0.0109, train_loss4: 0.0015]
Sun 15 Mar 2026 11:26:24 INFO  epoch 247 evaluating [time: 0.27s, valid_score: 0.355500]
Sun 15 Mar 2026 11:26:24 INFO  valid result: 
recall@1 : 0.1356    recall@2 : 0.22    recall@3 : 0.2897    recall@4 : 0.3381    recall@5 : 0.3874    recall@10 : 0.5261    recall@20 : 0.6727    recall@30 : 0.7436    recall@50 : 0.821    ndcg@1 : 0.2199    ndcg@2 : 0.2442    ndcg@3 : 0.2692    ndcg@4 : 0.2866    ndcg@5 : 0.3058    ndcg@10 : 0.3555    ndcg@20 : 0.3993    ndcg@30 : 0.4182    ndcg@50 : 0.4368    precision@1 : 0.2199    precision@2 : 0.1868    precision@3 : 0.1681    precision@4 : 0.1499    precision@5 : 0.1399    precision@10 : 0.0996    precision@20 : 0.0665    precision@30 : 0.0505    precision@50 : 0.0344    map@1 : 0.2199    map@2 : 0.2148    map@3 : 0.2238    map@4 : 0.2312    map@5 : 0.2405    map@10 : 0.263    map@20 : 0.2786    map@30 : 0.2842    map@50 : 0.2887
Sun 15 Mar 2026 11:26:24 INFO  Running E-step ! 
Sun 15 Mar 2026 11:26:25 INFO  epoch 248 training [time: 0.22s, train_loss1: 1.6426, train_loss2: 0.0285, train_loss3: 0.0109, train_loss4: 0.0015]
Sun 15 Mar 2026 11:26:25 INFO  epoch 248 evaluating [time: 0.27s, valid_score: 0.356000]
Sun 15 Mar 2026 11:26:25 INFO  valid result: 
recall@1 : 0.1369    recall@2 : 0.2199    recall@3 : 0.2896    recall@4 : 0.3378    recall@5 : 0.3863    recall@10 : 0.5264    recall@20 : 0.6731    recall@30 : 0.743    recall@50 : 0.8214    ndcg@1 : 0.2217    ndcg@2 : 0.2447    ndcg@3 : 0.2698    ndcg@4 : 0.287    ndcg@5 : 0.3059    ndcg@10 : 0.356    ndcg@20 : 0.3999    ndcg@30 : 0.4186    ndcg@50 : 0.4374    precision@1 : 0.2217    precision@2 : 0.1868    precision@3 : 0.1683    precision@4 : 0.1499    precision@5 : 0.1398    precision@10 : 0.0996    precision@20 : 0.0666    precision@30 : 0.0504    precision@50 : 0.0344    map@1 : 0.2217    map@2 : 0.2154    map@3 : 0.2246    map@4 : 0.2318    map@5 : 0.241    map@10 : 0.2636    map@20 : 0.2793    map@30 : 0.2849    map@50 : 0.2894
Sun 15 Mar 2026 11:26:25 INFO  Saving current: saved/SCL-Mar-15-2026_11-24-17.pth
Sun 15 Mar 2026 11:26:25 INFO  Saving current best: saved/SCL-Mar-15-2026_11-24-17.pth
Sun 15 Mar 2026 11:26:25 INFO  Running E-step ! 
Sun 15 Mar 2026 11:26:25 INFO  epoch 249 training [time: 0.23s, train_loss1: 1.6388, train_loss2: 0.0285, train_loss3: 0.0109, train_loss4: 0.0015]
Sun 15 Mar 2026 11:26:25 INFO  epoch 249 evaluating [time: 0.29s, valid_score: 0.355900]
Sun 15 Mar 2026 11:26:25 INFO  valid result: 
recall@1 : 0.1373    recall@2 : 0.2195    recall@3 : 0.2902    recall@4 : 0.338    recall@5 : 0.3855    recall@10 : 0.5255    recall@20 : 0.6731    recall@30 : 0.7423    recall@50 : 0.8215    ndcg@1 : 0.2229    ndcg@2 : 0.2448    ndcg@3 : 0.2703    ndcg@4 : 0.2871    ndcg@5 : 0.3057    ndcg@10 : 0.3559    ndcg@20 : 0.4    ndcg@30 : 0.4186    ndcg@50 : 0.4375    precision@1 : 0.2229    precision@2 : 0.1868    precision@3 : 0.1685    precision@4 : 0.1496    precision@5 : 0.1395    precision@10 : 0.0995    precision@20 : 0.0666    precision@30 : 0.0504    precision@50 : 0.0344    map@1 : 0.2229    map@2 : 0.2156    map@3 : 0.225    map@4 : 0.232    map@5 : 0.2409    map@10 : 0.2636    map@20 : 0.2793    map@30 : 0.2849    map@50 : 0.2895
Sun 15 Mar 2026 11:26:25 INFO  Running E-step ! 
Sun 15 Mar 2026 11:26:26 INFO  epoch 250 training [time: 0.22s, train_loss1: 1.6405, train_loss2: 0.0284, train_loss3: 0.0109, train_loss4: 0.0015]
Sun 15 Mar 2026 11:26:26 INFO  epoch 250 evaluating [time: 0.27s, valid_score: 0.355800]
Sun 15 Mar 2026 11:26:26 INFO  valid result: 
recall@1 : 0.137    recall@2 : 0.219    recall@3 : 0.2894    recall@4 : 0.3378    recall@5 : 0.3856    recall@10 : 0.526    recall@20 : 0.6728    recall@30 : 0.7432    recall@50 : 0.8215    ndcg@1 : 0.2229    ndcg@2 : 0.2446    ndcg@3 : 0.2699    ndcg@4 : 0.2868    ndcg@5 : 0.3055    ndcg@10 : 0.3558    ndcg@20 : 0.3997    ndcg@30 : 0.4186    ndcg@50 : 0.4373    precision@1 : 0.2229    precision@2 : 0.1868    precision@3 : 0.1685    precision@4 : 0.1493    precision@5 : 0.1393    precision@10 : 0.0995    precision@20 : 0.0666    precision@30 : 0.0505    precision@50 : 0.0344    map@1 : 0.2229    map@2 : 0.2154    map@3 : 0.2246    map@4 : 0.2315    map@5 : 0.2406    map@10 : 0.2634    map@20 : 0.2791    map@30 : 0.2847    map@50 : 0.2892
Sun 15 Mar 2026 11:26:26 INFO  Running E-step ! 
Sun 15 Mar 2026 11:26:26 INFO  epoch 251 training [time: 0.21s, train_loss1: 1.5875, train_loss2: 0.0284, train_loss3: 0.0109, train_loss4: 0.0015]
Sun 15 Mar 2026 11:26:26 INFO  epoch 251 evaluating [time: 0.26s, valid_score: 0.356000]
Sun 15 Mar 2026 11:26:26 INFO  valid result: 
recall@1 : 0.1373    recall@2 : 0.2192    recall@3 : 0.2887    recall@4 : 0.3382    recall@5 : 0.3849    recall@10 : 0.526    recall@20 : 0.6733    recall@30 : 0.7428    recall@50 : 0.8217    ndcg@1 : 0.2235    ndcg@2 : 0.245    ndcg@3 : 0.2696    ndcg@4 : 0.2872    ndcg@5 : 0.3053    ndcg@10 : 0.356    ndcg@20 : 0.4001    ndcg@30 : 0.4187    ndcg@50 : 0.4376    precision@1 : 0.2235    precision@2 : 0.1871    precision@3 : 0.1679    precision@4 : 0.1496    precision@5 : 0.1391    precision@10 : 0.0995    precision@20 : 0.0667    precision@30 : 0.0505    precision@50 : 0.0344    map@1 : 0.2235    map@2 : 0.2159    map@3 : 0.2245    map@4 : 0.2319    map@5 : 0.2406    map@10 : 0.2637    map@20 : 0.2794    map@30 : 0.285    map@50 : 0.2895
Sun 15 Mar 2026 11:26:26 INFO  Saving current: saved/SCL-Mar-15-2026_11-24-17.pth
Sun 15 Mar 2026 11:26:26 INFO  Saving current best: saved/SCL-Mar-15-2026_11-24-17.pth
Sun 15 Mar 2026 11:26:26 INFO  Running E-step ! 
Sun 15 Mar 2026 11:26:27 INFO  epoch 252 training [time: 0.23s, train_loss1: 1.5944, train_loss2: 0.0283, train_loss3: 0.0109, train_loss4: 0.0017]
Sun 15 Mar 2026 11:26:27 INFO  epoch 252 evaluating [time: 0.26s, valid_score: 0.357100]
Sun 15 Mar 2026 11:26:27 INFO  valid result: 
recall@1 : 0.1381    recall@2 : 0.2207    recall@3 : 0.2896    recall@4 : 0.3385    recall@5 : 0.384    recall@10 : 0.5275    recall@20 : 0.6721    recall@30 : 0.743    recall@50 : 0.8217    ndcg@1 : 0.2253    ndcg@2 : 0.2464    ndcg@3 : 0.2707    ndcg@4 : 0.2879    ndcg@5 : 0.3055    ndcg@10 : 0.3571    ndcg@20 : 0.4005    ndcg@30 : 0.4195    ndcg@50 : 0.4383    precision@1 : 0.2253    precision@2 : 0.188    precision@3 : 0.1685    precision@4 : 0.1496    precision@5 : 0.1387    precision@10 : 0.0997    precision@20 : 0.0666    precision@30 : 0.0505    precision@50 : 0.0344    map@1 : 0.2253    map@2 : 0.2172    map@3 : 0.2256    map@4 : 0.2327    map@5 : 0.2412    map@10 : 0.2646    map@20 : 0.2801    map@30 : 0.2858    map@50 : 0.2903
Sun 15 Mar 2026 11:26:27 INFO  Saving current: saved/SCL-Mar-15-2026_11-24-17.pth
Sun 15 Mar 2026 11:26:27 INFO  Saving current best: saved/SCL-Mar-15-2026_11-24-17.pth
Sun 15 Mar 2026 11:26:27 INFO  Running E-step ! 
Sun 15 Mar 2026 11:26:27 INFO  epoch 253 training [time: 0.21s, train_loss1: 1.5960, train_loss2: 0.0282, train_loss3: 0.0109, train_loss4: 0.0017]
Sun 15 Mar 2026 11:26:27 INFO  epoch 253 evaluating [time: 0.26s, valid_score: 0.357400]
Sun 15 Mar 2026 11:26:27 INFO  valid result: 
recall@1 : 0.1379    recall@2 : 0.2223    recall@3 : 0.2897    recall@4 : 0.3398    recall@5 : 0.3849    recall@10 : 0.5278    recall@20 : 0.6719    recall@30 : 0.7431    recall@50 : 0.8217    ndcg@1 : 0.2247    ndcg@2 : 0.2475    ndcg@3 : 0.271    ndcg@4 : 0.2886    ndcg@5 : 0.306    ndcg@10 : 0.3574    ndcg@20 : 0.4007    ndcg@30 : 0.4197    ndcg@50 : 0.4385    precision@1 : 0.2247    precision@2 : 0.1892    precision@3 : 0.1687    precision@4 : 0.15    precision@5 : 0.1387    precision@10 : 0.0997    precision@20 : 0.0666    precision@30 : 0.0505    precision@50 : 0.0344    map@1 : 0.2247    map@2 : 0.218    map@3 : 0.2258    map@4 : 0.2332    map@5 : 0.2415    map@10 : 0.2649    map@20 : 0.2804    map@30 : 0.286    map@50 : 0.2905
Sun 15 Mar 2026 11:26:27 INFO  Saving current: saved/SCL-Mar-15-2026_11-24-17.pth
Sun 15 Mar 2026 11:26:27 INFO  Saving current best: saved/SCL-Mar-15-2026_11-24-17.pth
Sun 15 Mar 2026 11:26:27 INFO  Running E-step ! 
Sun 15 Mar 2026 11:26:28 INFO  epoch 254 training [time: 0.22s, train_loss1: 1.5952, train_loss2: 0.0282, train_loss3: 0.0109, train_loss4: 0.0017]
Sun 15 Mar 2026 11:26:28 INFO  epoch 254 evaluating [time: 0.27s, valid_score: 0.357200]
Sun 15 Mar 2026 11:26:28 INFO  valid result: 
recall@1 : 0.1376    recall@2 : 0.2221    recall@3 : 0.2895    recall@4 : 0.3409    recall@5 : 0.3865    recall@10 : 0.5278    recall@20 : 0.6711    recall@30 : 0.7424    recall@50 : 0.8216    ndcg@1 : 0.2241    ndcg@2 : 0.2469    ndcg@3 : 0.2708    ndcg@4 : 0.2889    ndcg@5 : 0.3065    ndcg@10 : 0.3572    ndcg@20 : 0.4004    ndcg@30 : 0.4194    ndcg@50 : 0.4384    precision@1 : 0.2241    precision@2 : 0.1886    precision@3 : 0.1689    precision@4 : 0.1503    precision@5 : 0.1392    precision@10 : 0.0996    precision@20 : 0.0666    precision@30 : 0.0505    precision@50 : 0.0344    map@1 : 0.2241    map@2 : 0.2172    map@3 : 0.2256    map@4 : 0.2331    map@5 : 0.2417    map@10 : 0.2646    map@20 : 0.2802    map@30 : 0.2858    map@50 : 0.2904
Sun 15 Mar 2026 11:26:28 INFO  Running E-step ! 
Sun 15 Mar 2026 11:26:28 INFO  epoch 255 training [time: 0.22s, train_loss1: 1.6025, train_loss2: 0.0281, train_loss3: 0.0109, train_loss4: 0.0017]
Sun 15 Mar 2026 11:26:28 INFO  epoch 255 evaluating [time: 0.26s, valid_score: 0.357500]
Sun 15 Mar 2026 11:26:28 INFO  valid result: 
recall@1 : 0.1374    recall@2 : 0.2232    recall@3 : 0.289    recall@4 : 0.3408    recall@5 : 0.3872    recall@10 : 0.5285    recall@20 : 0.6703    recall@30 : 0.7423    recall@50 : 0.8216    ndcg@1 : 0.2235    ndcg@2 : 0.2475    ndcg@3 : 0.2707    ndcg@4 : 0.2889    ndcg@5 : 0.3069    ndcg@10 : 0.3575    ndcg@20 : 0.4003    ndcg@30 : 0.4195    ndcg@50 : 0.4384    precision@1 : 0.2235    precision@2 : 0.1892    precision@3 : 0.1689    precision@4 : 0.1503    precision@5 : 0.1395    precision@10 : 0.0998    precision@20 : 0.0666    precision@30 : 0.0505    precision@50 : 0.0344    map@1 : 0.2235    map@2 : 0.2177    map@3 : 0.2257    map@4 : 0.2332    map@5 : 0.2419    map@10 : 0.2648    map@20 : 0.2803    map@30 : 0.286    map@50 : 0.2905
Sun 15 Mar 2026 11:26:28 INFO  Saving current: saved/SCL-Mar-15-2026_11-24-17.pth
Sun 15 Mar 2026 11:26:28 INFO  Saving current best: saved/SCL-Mar-15-2026_11-24-17.pth
Sun 15 Mar 2026 11:26:28 INFO  Running E-step ! 
Sun 15 Mar 2026 11:26:29 INFO  epoch 256 training [time: 0.22s, train_loss1: 1.5745, train_loss2: 0.0281, train_loss3: 0.0109, train_loss4: 0.0015]
Sun 15 Mar 2026 11:26:29 INFO  epoch 256 evaluating [time: 0.26s, valid_score: 0.357400]
Sun 15 Mar 2026 11:26:29 INFO  valid result: 
recall@1 : 0.1362    recall@2 : 0.2231    recall@3 : 0.2905    recall@4 : 0.3414    recall@5 : 0.3872    recall@10 : 0.5294    recall@20 : 0.6703    recall@30 : 0.7417    recall@50 : 0.8218    ndcg@1 : 0.2217    ndcg@2 : 0.2467    ndcg@3 : 0.271    ndcg@4 : 0.2887    ndcg@5 : 0.3066    ndcg@10 : 0.3574    ndcg@20 : 0.4    ndcg@30 : 0.419    ndcg@50 : 0.4381    precision@1 : 0.2217    precision@2 : 0.1889    precision@3 : 0.1696    precision@4 : 0.1505    precision@5 : 0.1397    precision@10 : 0.0998    precision@20 : 0.0665    precision@30 : 0.0505    precision@50 : 0.0344    map@1 : 0.2217    map@2 : 0.2169    map@3 : 0.2255    map@4 : 0.2328    map@5 : 0.2415    map@10 : 0.2644    map@20 : 0.2798    map@30 : 0.2855    map@50 : 0.2901
Sun 15 Mar 2026 11:26:29 INFO  Running E-step ! 
Sun 15 Mar 2026 11:26:29 INFO  epoch 257 training [time: 0.37s, train_loss1: 1.6033, train_loss2: 0.0280, train_loss3: 0.0109, train_loss4: 0.0015]
Sun 15 Mar 2026 11:26:30 INFO  epoch 257 evaluating [time: 0.36s, valid_score: 0.357800]
Sun 15 Mar 2026 11:26:30 INFO  valid result: 
recall@1 : 0.1367    recall@2 : 0.222    recall@3 : 0.2906    recall@4 : 0.3408    recall@5 : 0.387    recall@10 : 0.5307    recall@20 : 0.6708    recall@30 : 0.7418    recall@50 : 0.8218    ndcg@1 : 0.2217    ndcg@2 : 0.2463    ndcg@3 : 0.2711    ndcg@4 : 0.2885    ndcg@5 : 0.3065    ndcg@10 : 0.3578    ndcg@20 : 0.4001    ndcg@30 : 0.4191    ndcg@50 : 0.4381    precision@1 : 0.2217    precision@2 : 0.1886    precision@3 : 0.1698    precision@4 : 0.1503    precision@5 : 0.1396    precision@10 : 0.1    precision@20 : 0.0665    precision@30 : 0.0505    precision@50 : 0.0344    map@1 : 0.2217    map@2 : 0.2168    map@3 : 0.2256    map@4 : 0.2327    map@5 : 0.2416    map@10 : 0.2647    map@20 : 0.2799    map@30 : 0.2856    map@50 : 0.2902
Sun 15 Mar 2026 11:26:30 INFO  Saving current: saved/SCL-Mar-15-2026_11-24-17.pth
Sun 15 Mar 2026 11:26:30 INFO  Saving current best: saved/SCL-Mar-15-2026_11-24-17.pth
Sun 15 Mar 2026 11:26:30 INFO  Running E-step ! 
Sun 15 Mar 2026 11:26:30 INFO  epoch 258 training [time: 0.20s, train_loss1: 1.5723, train_loss2: 0.0280, train_loss3: 0.0109, train_loss4: 0.0015]
Sun 15 Mar 2026 11:26:30 INFO  epoch 258 evaluating [time: 0.22s, valid_score: 0.357500]
Sun 15 Mar 2026 11:26:30 INFO  valid result: 
recall@1 : 0.1364    recall@2 : 0.2219    recall@3 : 0.2921    recall@4 : 0.3409    recall@5 : 0.3873    recall@10 : 0.5299    recall@20 : 0.6708    recall@30 : 0.7427    recall@50 : 0.822    ndcg@1 : 0.2217    ndcg@2 : 0.2459    ndcg@3 : 0.2718    ndcg@4 : 0.2886    ndcg@5 : 0.3065    ndcg@10 : 0.3575    ndcg@20 : 0.4001    ndcg@30 : 0.4193    ndcg@50 : 0.4382    precision@1 : 0.2217    precision@2 : 0.1883    precision@3 : 0.1706    precision@4 : 0.1505    precision@5 : 0.1395    precision@10 : 0.0998    precision@20 : 0.0665    precision@30 : 0.0505    precision@50 : 0.0344    map@1 : 0.2217    map@2 : 0.2163    map@3 : 0.2261    map@4 : 0.2327    map@5 : 0.2415    map@10 : 0.2645    map@20 : 0.2799    map@30 : 0.2856    map@50 : 0.2902
Sun 15 Mar 2026 11:26:30 INFO  Running E-step ! 
Sun 15 Mar 2026 11:26:30 INFO  epoch 259 training [time: 0.21s, train_loss1: 1.6073, train_loss2: 0.0279, train_loss3: 0.0109, train_loss4: 0.0015]
Sun 15 Mar 2026 11:26:31 INFO  epoch 259 evaluating [time: 0.26s, valid_score: 0.357400]
Sun 15 Mar 2026 11:26:31 INFO  valid result: 
recall@1 : 0.1362    recall@2 : 0.2229    recall@3 : 0.2932    recall@4 : 0.3412    recall@5 : 0.3872    recall@10 : 0.5293    recall@20 : 0.6716    recall@30 : 0.7416    recall@50 : 0.822    ndcg@1 : 0.2211    ndcg@2 : 0.2463    ndcg@3 : 0.2726    ndcg@4 : 0.2889    ndcg@5 : 0.3068    ndcg@10 : 0.3574    ndcg@20 : 0.4005    ndcg@30 : 0.4192    ndcg@50 : 0.4384    precision@1 : 0.2211    precision@2 : 0.1886    precision@3 : 0.1714    precision@4 : 0.1506    precision@5 : 0.1397    precision@10 : 0.0996    precision@20 : 0.0666    precision@30 : 0.0504    precision@50 : 0.0344    map@1 : 0.2211    map@2 : 0.2168    map@3 : 0.2267    map@4 : 0.2331    map@5 : 0.2419    map@10 : 0.2647    map@20 : 0.2802    map@30 : 0.2859    map@50 : 0.2905
Sun 15 Mar 2026 11:26:31 INFO  Running E-step ! 
Sun 15 Mar 2026 11:26:31 INFO  epoch 260 training [time: 0.22s, train_loss1: 1.5732, train_loss2: 0.0278, train_loss3: 0.0109, train_loss4: 0.0015]
Sun 15 Mar 2026 11:26:31 INFO  epoch 260 evaluating [time: 0.27s, valid_score: 0.357400]
Sun 15 Mar 2026 11:26:31 INFO  valid result: 
recall@1 : 0.1364    recall@2 : 0.2221    recall@3 : 0.2931    recall@4 : 0.3418    recall@5 : 0.3875    recall@10 : 0.5295    recall@20 : 0.6721    recall@30 : 0.7414    recall@50 : 0.8232    ndcg@1 : 0.2211    ndcg@2 : 0.2459    ndcg@3 : 0.2724    ndcg@4 : 0.2891    ndcg@5 : 0.3068    ndcg@10 : 0.3574    ndcg@20 : 0.4006    ndcg@30 : 0.4192    ndcg@50 : 0.4386    precision@1 : 0.2211    precision@2 : 0.1883    precision@3 : 0.1712    precision@4 : 0.1509    precision@5 : 0.1397    precision@10 : 0.0995    precision@20 : 0.0666    precision@30 : 0.0504    precision@50 : 0.0345    map@1 : 0.2211    map@2 : 0.2163    map@3 : 0.2264    map@4 : 0.2331    map@5 : 0.2419    map@10 : 0.2646    map@20 : 0.2802    map@30 : 0.2859    map@50 : 0.2905
Sun 15 Mar 2026 11:26:31 INFO  Running E-step ! 
Sun 15 Mar 2026 11:26:31 INFO  epoch 261 training [time: 0.22s, train_loss1: 1.5742, train_loss2: 0.0278, train_loss3: 0.0109, train_loss4: 0.0015]
Sun 15 Mar 2026 11:26:32 INFO  epoch 261 evaluating [time: 0.26s, valid_score: 0.357900]
Sun 15 Mar 2026 11:26:32 INFO  valid result: 
recall@1 : 0.1367    recall@2 : 0.2224    recall@3 : 0.2942    recall@4 : 0.3418    recall@5 : 0.3869    recall@10 : 0.5302    recall@20 : 0.6729    recall@30 : 0.7402    recall@50 : 0.8234    ndcg@1 : 0.2223    ndcg@2 : 0.2464    ndcg@3 : 0.2734    ndcg@4 : 0.2894    ndcg@5 : 0.3069    ndcg@10 : 0.3579    ndcg@20 : 0.401    ndcg@30 : 0.4192    ndcg@50 : 0.439    precision@1 : 0.2223    precision@2 : 0.1886    precision@3 : 0.1718    precision@4 : 0.1509    precision@5 : 0.1396    precision@10 : 0.0997    precision@20 : 0.0666    precision@30 : 0.0503    precision@50 : 0.0345    map@1 : 0.2223    map@2 : 0.2169    map@3 : 0.2273    map@4 : 0.2335    map@5 : 0.2421    map@10 : 0.265    map@20 : 0.2806    map@30 : 0.2861    map@50 : 0.2908
Sun 15 Mar 2026 11:26:32 INFO  Saving current: saved/SCL-Mar-15-2026_11-24-17.pth
Sun 15 Mar 2026 11:26:32 INFO  Saving current best: saved/SCL-Mar-15-2026_11-24-17.pth
Sun 15 Mar 2026 11:26:32 INFO  Running E-step ! 
Sun 15 Mar 2026 11:26:32 INFO  epoch 262 training [time: 0.22s, train_loss1: 1.5599, train_loss2: 0.0277, train_loss3: 0.0109, train_loss4: 0.0015]
Sun 15 Mar 2026 11:26:32 INFO  epoch 262 evaluating [time: 0.26s, valid_score: 0.358500]
Sun 15 Mar 2026 11:26:32 INFO  valid result: 
recall@1 : 0.1367    recall@2 : 0.2238    recall@3 : 0.2956    recall@4 : 0.3424    recall@5 : 0.3864    recall@10 : 0.5308    recall@20 : 0.6717    recall@30 : 0.7419    recall@50 : 0.8233    ndcg@1 : 0.2223    ndcg@2 : 0.2474    ndcg@3 : 0.2742    ndcg@4 : 0.29    ndcg@5 : 0.3071    ndcg@10 : 0.3585    ndcg@20 : 0.4011    ndcg@30 : 0.4199    ndcg@50 : 0.4393    precision@1 : 0.2223    precision@2 : 0.1895    precision@3 : 0.1722    precision@4 : 0.1511    precision@5 : 0.1397    precision@10 : 0.1001    precision@20 : 0.0666    precision@30 : 0.0505    precision@50 : 0.0345    map@1 : 0.2223    map@2 : 0.2178    map@3 : 0.228    map@4 : 0.234    map@5 : 0.2426    map@10 : 0.2656    map@20 : 0.2809    map@30 : 0.2866    map@50 : 0.2913
Sun 15 Mar 2026 11:26:32 INFO  Saving current: saved/SCL-Mar-15-2026_11-24-17.pth
Sun 15 Mar 2026 11:26:32 INFO  Saving current best: saved/SCL-Mar-15-2026_11-24-17.pth
Sun 15 Mar 2026 11:26:32 INFO  Running E-step ! 
Sun 15 Mar 2026 11:26:32 INFO  epoch 263 training [time: 0.21s, train_loss1: 1.5447, train_loss2: 0.0277, train_loss3: 0.0110, train_loss4: 0.0015]
Sun 15 Mar 2026 11:26:33 INFO  epoch 263 evaluating [time: 0.27s, valid_score: 0.358700]
Sun 15 Mar 2026 11:26:33 INFO  valid result: 
recall@1 : 0.1362    recall@2 : 0.225    recall@3 : 0.2956    recall@4 : 0.3421    recall@5 : 0.387    recall@10 : 0.5316    recall@20 : 0.6713    recall@30 : 0.742    recall@50 : 0.8234    ndcg@1 : 0.2211    ndcg@2 : 0.2479    ndcg@3 : 0.2739    ndcg@4 : 0.2898    ndcg@5 : 0.3073    ndcg@10 : 0.3587    ndcg@20 : 0.4009    ndcg@30 : 0.4199    ndcg@50 : 0.4392    precision@1 : 0.2211    precision@2 : 0.1901    precision@3 : 0.1718    precision@4 : 0.1511    precision@5 : 0.1399    precision@10 : 0.1002    precision@20 : 0.0665    precision@30 : 0.0505    precision@50 : 0.0345    map@1 : 0.2211    map@2 : 0.2181    map@3 : 0.2277    map@4 : 0.2338    map@5 : 0.2426    map@10 : 0.2656    map@20 : 0.2808    map@30 : 0.2866    map@50 : 0.2912
Sun 15 Mar 2026 11:26:33 INFO  Saving current: saved/SCL-Mar-15-2026_11-24-17.pth
Sun 15 Mar 2026 11:26:33 INFO  Saving current best: saved/SCL-Mar-15-2026_11-24-17.pth
Sun 15 Mar 2026 11:26:33 INFO  Running E-step ! 
Sun 15 Mar 2026 11:26:33 INFO  epoch 264 training [time: 0.22s, train_loss1: 1.5446, train_loss2: 0.0276, train_loss3: 0.0110, train_loss4: 0.0015]
Sun 15 Mar 2026 11:26:33 INFO  epoch 264 evaluating [time: 0.27s, valid_score: 0.358200]
Sun 15 Mar 2026 11:26:33 INFO  valid result: 
recall@1 : 0.135    recall@2 : 0.2247    recall@3 : 0.2962    recall@4 : 0.3433    recall@5 : 0.3864    recall@10 : 0.5312    recall@20 : 0.6719    recall@30 : 0.7415    recall@50 : 0.8234    ndcg@1 : 0.2199    ndcg@2 : 0.2476    ndcg@3 : 0.2738    ndcg@4 : 0.29    ndcg@5 : 0.3067    ndcg@10 : 0.3582    ndcg@20 : 0.4007    ndcg@30 : 0.4194    ndcg@50 : 0.4389    precision@1 : 0.2199    precision@2 : 0.1904    precision@3 : 0.172    precision@4 : 0.1517    precision@5 : 0.1398    precision@10 : 0.1001    precision@20 : 0.0666    precision@30 : 0.0505    precision@50 : 0.0345    map@1 : 0.2199    map@2 : 0.2177    map@3 : 0.2273    map@4 : 0.2336    map@5 : 0.2421    map@10 : 0.2652    map@20 : 0.2804    map@30 : 0.2861    map@50 : 0.2907
Sun 15 Mar 2026 11:26:33 INFO  Running E-step ! 
Sun 15 Mar 2026 11:26:33 INFO  epoch 265 training [time: 0.23s, train_loss1: 1.5359, train_loss2: 0.0276, train_loss3: 0.0110, train_loss4: 0.0015]
Sun 15 Mar 2026 11:26:34 INFO  epoch 265 evaluating [time: 0.28s, valid_score: 0.358400]
Sun 15 Mar 2026 11:26:34 INFO  valid result: 
recall@1 : 0.1351    recall@2 : 0.224    recall@3 : 0.2968    recall@4 : 0.3439    recall@5 : 0.3858    recall@10 : 0.5319    recall@20 : 0.6723    recall@30 : 0.7418    recall@50 : 0.8234    ndcg@1 : 0.2199    ndcg@2 : 0.2469    ndcg@3 : 0.274    ndcg@4 : 0.2902    ndcg@5 : 0.3063    ndcg@10 : 0.3584    ndcg@20 : 0.4007    ndcg@30 : 0.4194    ndcg@50 : 0.4388    precision@1 : 0.2199    precision@2 : 0.1898    precision@3 : 0.1722    precision@4 : 0.1517    precision@5 : 0.1393    precision@10 : 0.1003    precision@20 : 0.0666    precision@30 : 0.0505    precision@50 : 0.0345    map@1 : 0.2199    map@2 : 0.2172    map@3 : 0.2274    map@4 : 0.2338    map@5 : 0.2419    map@10 : 0.2652    map@20 : 0.2804    map@30 : 0.2861    map@50 : 0.2907
Sun 15 Mar 2026 11:26:34 INFO  Running E-step ! 
Sun 15 Mar 2026 11:26:34 INFO  epoch 266 training [time: 0.23s, train_loss1: 1.5538, train_loss2: 0.0275, train_loss3: 0.0110, train_loss4: 0.0015]
Sun 15 Mar 2026 11:26:34 INFO  epoch 266 evaluating [time: 0.28s, valid_score: 0.358800]
Sun 15 Mar 2026 11:26:34 INFO  valid result: 
recall@1 : 0.1357    recall@2 : 0.2241    recall@3 : 0.2968    recall@4 : 0.3448    recall@5 : 0.3872    recall@10 : 0.5321    recall@20 : 0.6724    recall@30 : 0.7427    recall@50 : 0.8235    ndcg@1 : 0.2205    ndcg@2 : 0.2474    ndcg@3 : 0.2743    ndcg@4 : 0.2908    ndcg@5 : 0.3072    ndcg@10 : 0.3588    ndcg@20 : 0.4011    ndcg@30 : 0.42    ndcg@50 : 0.4392    precision@1 : 0.2205    precision@2 : 0.1901    precision@3 : 0.1722    precision@4 : 0.152    precision@5 : 0.1398    precision@10 : 0.1004    precision@20 : 0.0667    precision@30 : 0.0505    precision@50 : 0.0345    map@1 : 0.2205    map@2 : 0.2178    map@3 : 0.2278    map@4 : 0.2345    map@5 : 0.2427    map@10 : 0.2657    map@20 : 0.2809    map@30 : 0.2866    map@50 : 0.2912
Sun 15 Mar 2026 11:26:34 INFO  Saving current: saved/SCL-Mar-15-2026_11-24-17.pth
Sun 15 Mar 2026 11:26:34 INFO  Saving current best: saved/SCL-Mar-15-2026_11-24-17.pth
Sun 15 Mar 2026 11:26:34 INFO  Running E-step ! 
Sun 15 Mar 2026 11:26:34 INFO  epoch 267 training [time: 0.24s, train_loss1: 1.5714, train_loss2: 0.0275, train_loss3: 0.0110, train_loss4: 0.0015]
Sun 15 Mar 2026 11:26:35 INFO  epoch 267 evaluating [time: 0.16s, valid_score: 0.358900]
Sun 15 Mar 2026 11:26:35 INFO  valid result: 
recall@1 : 0.1358    recall@2 : 0.2228    recall@3 : 0.2976    recall@4 : 0.3449    recall@5 : 0.3868    recall@10 : 0.5331    recall@20 : 0.6724    recall@30 : 0.7421    recall@50 : 0.8226    ndcg@1 : 0.2211    ndcg@2 : 0.2465    ndcg@3 : 0.2746    ndcg@4 : 0.2909    ndcg@5 : 0.307    ndcg@10 : 0.3589    ndcg@20 : 0.401    ndcg@30 : 0.4197    ndcg@50 : 0.4389    precision@1 : 0.2211    precision@2 : 0.1889    precision@3 : 0.1726    precision@4 : 0.1521    precision@5 : 0.1397    precision@10 : 0.1005    precision@20 : 0.0667    precision@30 : 0.0505    precision@50 : 0.0345    map@1 : 0.2211    map@2 : 0.2171    map@3 : 0.2279    map@4 : 0.2344    map@5 : 0.2425    map@10 : 0.2656    map@20 : 0.2807    map@30 : 0.2864    map@50 : 0.291
Sun 15 Mar 2026 11:26:35 INFO  Saving current: saved/SCL-Mar-15-2026_11-24-17.pth
Sun 15 Mar 2026 11:26:35 INFO  Saving current best: saved/SCL-Mar-15-2026_11-24-17.pth
Sun 15 Mar 2026 11:26:35 INFO  Running E-step ! 
Sun 15 Mar 2026 11:26:35 INFO  epoch 268 training [time: 0.22s, train_loss1: 1.5118, train_loss2: 0.0274, train_loss3: 0.0110, train_loss4: 0.0016]
Sun 15 Mar 2026 11:26:35 INFO  epoch 268 evaluating [time: 0.29s, valid_score: 0.358900]
Sun 15 Mar 2026 11:26:35 INFO  valid result: 
recall@1 : 0.1365    recall@2 : 0.2238    recall@3 : 0.2981    recall@4 : 0.3449    recall@5 : 0.3858    recall@10 : 0.5309    recall@20 : 0.6724    recall@30 : 0.7419    recall@50 : 0.8228    ndcg@1 : 0.2229    ndcg@2 : 0.2477    ndcg@3 : 0.2755    ndcg@4 : 0.2915    ndcg@5 : 0.3071    ndcg@10 : 0.3589    ndcg@20 : 0.4015    ndcg@30 : 0.4202    ndcg@50 : 0.4395    precision@1 : 0.2229    precision@2 : 0.1898    precision@3 : 0.173    precision@4 : 0.1524    precision@5 : 0.1395    precision@10 : 0.1003    precision@20 : 0.0667    precision@30 : 0.0505    precision@50 : 0.0344    map@1 : 0.2229    map@2 : 0.218    map@3 : 0.2288    map@4 : 0.2352    map@5 : 0.2428    map@10 : 0.266    map@20 : 0.2812    map@30 : 0.2869    map@50 : 0.2915
Sun 15 Mar 2026 11:26:35 INFO  Saving current: saved/SCL-Mar-15-2026_11-24-17.pth
Sun 15 Mar 2026 11:26:35 INFO  Saving current best: saved/SCL-Mar-15-2026_11-24-17.pth
Sun 15 Mar 2026 11:26:35 INFO  Running E-step ! 
Sun 15 Mar 2026 11:26:35 INFO  epoch 269 training [time: 0.22s, train_loss1: 1.5299, train_loss2: 0.0273, train_loss3: 0.0110, train_loss4: 0.0016]
Sun 15 Mar 2026 11:26:36 INFO  epoch 269 evaluating [time: 0.28s, valid_score: 0.358900]
Sun 15 Mar 2026 11:26:36 INFO  valid result: 
recall@1 : 0.1361    recall@2 : 0.2249    recall@3 : 0.2967    recall@4 : 0.3447    recall@5 : 0.3869    recall@10 : 0.5311    recall@20 : 0.6743    recall@30 : 0.7429    recall@50 : 0.8233    ndcg@1 : 0.2229    ndcg@2 : 0.2484    ndcg@3 : 0.2751    ndcg@4 : 0.2914    ndcg@5 : 0.3075    ndcg@10 : 0.3589    ndcg@20 : 0.4019    ndcg@30 : 0.4205    ndcg@50 : 0.4396    precision@1 : 0.2229    precision@2 : 0.1904    precision@3 : 0.1728    precision@4 : 0.1524    precision@5 : 0.1398    precision@10 : 0.1002    precision@20 : 0.0668    precision@30 : 0.0505    precision@50 : 0.0344    map@1 : 0.2229    map@2 : 0.2186    map@3 : 0.2286    map@4 : 0.2351    map@5 : 0.243    map@10 : 0.266    map@20 : 0.2813    map@30 : 0.287    map@50 : 0.2915
Sun 15 Mar 2026 11:26:36 INFO  Saving current: saved/SCL-Mar-15-2026_11-24-17.pth
Sun 15 Mar 2026 11:26:36 INFO  Saving current best: saved/SCL-Mar-15-2026_11-24-17.pth
Sun 15 Mar 2026 11:26:36 INFO  Running E-step ! 
Sun 15 Mar 2026 11:26:36 INFO  epoch 270 training [time: 0.24s, train_loss1: 1.5149, train_loss2: 0.0273, train_loss3: 0.0110, train_loss4: 0.0017]
Sun 15 Mar 2026 11:26:36 INFO  epoch 270 evaluating [time: 0.24s, valid_score: 0.358500]
Sun 15 Mar 2026 11:26:36 INFO  valid result: 
recall@1 : 0.1355    recall@2 : 0.2246    recall@3 : 0.2947    recall@4 : 0.3448    recall@5 : 0.3878    recall@10 : 0.5313    recall@20 : 0.6746    recall@30 : 0.7432    recall@50 : 0.8233    ndcg@1 : 0.2217    ndcg@2 : 0.2478    ndcg@3 : 0.2737    ndcg@4 : 0.2911    ndcg@5 : 0.3075    ndcg@10 : 0.3585    ndcg@20 : 0.4016    ndcg@30 : 0.4201    ndcg@50 : 0.4391    precision@1 : 0.2217    precision@2 : 0.1901    precision@3 : 0.172    precision@4 : 0.1526    precision@5 : 0.14    precision@10 : 0.1003    precision@20 : 0.0668    precision@30 : 0.0506    precision@50 : 0.0344    map@1 : 0.2217    map@2 : 0.218    map@3 : 0.2275    map@4 : 0.2347    map@5 : 0.2428    map@10 : 0.2656    map@20 : 0.2809    map@30 : 0.2866    map@50 : 0.2911
Sun 15 Mar 2026 11:26:36 INFO  Running E-step ! 
Sun 15 Mar 2026 11:26:37 INFO  epoch 271 training [time: 0.38s, train_loss1: 1.5351, train_loss2: 0.0272, train_loss3: 0.0110, train_loss4: 0.0016]
Sun 15 Mar 2026 11:26:37 INFO  epoch 271 evaluating [time: 0.32s, valid_score: 0.357900]
Sun 15 Mar 2026 11:26:37 INFO  valid result: 
recall@1 : 0.1355    recall@2 : 0.2253    recall@3 : 0.2937    recall@4 : 0.3434    recall@5 : 0.3894    recall@10 : 0.5292    recall@20 : 0.6741    recall@30 : 0.7439    recall@50 : 0.8236    ndcg@1 : 0.2217    ndcg@2 : 0.2483    ndcg@3 : 0.2733    ndcg@4 : 0.2905    ndcg@5 : 0.3081    ndcg@10 : 0.3579    ndcg@20 : 0.4015    ndcg@30 : 0.4203    ndcg@50 : 0.4392    precision@1 : 0.2217    precision@2 : 0.1907    precision@3 : 0.1716    precision@4 : 0.1521    precision@5 : 0.1405    precision@10 : 0.1    precision@20 : 0.0668    precision@30 : 0.0507    precision@50 : 0.0344    map@1 : 0.2217    map@2 : 0.2183    map@3 : 0.2272    map@4 : 0.2343    map@5 : 0.243    map@10 : 0.2653    map@20 : 0.2808    map@30 : 0.2866    map@50 : 0.2911
Sun 15 Mar 2026 11:26:37 INFO  Running E-step ! 
Sun 15 Mar 2026 11:26:37 INFO  epoch 272 training [time: 0.19s, train_loss1: 1.5272, train_loss2: 0.0272, train_loss3: 0.0110, train_loss4: 0.0016]
Sun 15 Mar 2026 11:26:37 INFO  epoch 272 evaluating [time: 0.24s, valid_score: 0.357400]
Sun 15 Mar 2026 11:26:37 INFO  valid result: 
recall@1 : 0.1352    recall@2 : 0.2251    recall@3 : 0.2928    recall@4 : 0.3449    recall@5 : 0.3885    recall@10 : 0.5285    recall@20 : 0.6731    recall@30 : 0.7439    recall@50 : 0.8235    ndcg@1 : 0.2211    ndcg@2 : 0.2477    ndcg@3 : 0.2726    ndcg@4 : 0.2909    ndcg@5 : 0.3076    ndcg@10 : 0.3574    ndcg@20 : 0.4009    ndcg@30 : 0.42    ndcg@50 : 0.4389    precision@1 : 0.2211    precision@2 : 0.1901    precision@3 : 0.1712    precision@4 : 0.1527    precision@5 : 0.1403    precision@10 : 0.0999    precision@20 : 0.0667    precision@30 : 0.0506    precision@50 : 0.0344    map@1 : 0.2211    map@2 : 0.2178    map@3 : 0.2267    map@4 : 0.2344    map@5 : 0.2426    map@10 : 0.2649    map@20 : 0.2805    map@30 : 0.2863    map@50 : 0.2908
Sun 15 Mar 2026 11:26:37 INFO  Running E-step ! 
Sun 15 Mar 2026 11:26:38 INFO  epoch 273 training [time: 0.23s, train_loss1: 1.5294, train_loss2: 0.0271, train_loss3: 0.0110, train_loss4: 0.0016]
Sun 15 Mar 2026 11:26:38 INFO  epoch 273 evaluating [time: 0.27s, valid_score: 0.357900]
Sun 15 Mar 2026 11:26:38 INFO  valid result: 
recall@1 : 0.1362    recall@2 : 0.2243    recall@3 : 0.293    recall@4 : 0.3439    recall@5 : 0.3882    recall@10 : 0.5292    recall@20 : 0.6737    recall@30 : 0.7437    recall@50 : 0.8235    ndcg@1 : 0.2229    ndcg@2 : 0.2481    ndcg@3 : 0.273    ndcg@4 : 0.2909    ndcg@5 : 0.3078    ndcg@10 : 0.3579    ndcg@20 : 0.4013    ndcg@30 : 0.4202    ndcg@50 : 0.4391    precision@1 : 0.2229    precision@2 : 0.1904    precision@3 : 0.1712    precision@4 : 0.1526    precision@5 : 0.1402    precision@10 : 0.0999    precision@20 : 0.0667    precision@30 : 0.0506    precision@50 : 0.0344    map@1 : 0.2229    map@2 : 0.2184    map@3 : 0.2271    map@4 : 0.2346    map@5 : 0.2428    map@10 : 0.2653    map@20 : 0.2807    map@30 : 0.2865    map@50 : 0.291
Sun 15 Mar 2026 11:26:38 INFO  Running E-step ! 
Sun 15 Mar 2026 11:26:38 INFO  epoch 274 training [time: 0.21s, train_loss1: 1.4806, train_loss2: 0.0270, train_loss3: 0.0110, train_loss4: 0.0016]
Sun 15 Mar 2026 11:26:38 INFO  epoch 274 evaluating [time: 0.26s, valid_score: 0.357700]
Sun 15 Mar 2026 11:26:38 INFO  valid result: 
recall@1 : 0.1362    recall@2 : 0.2249    recall@3 : 0.2936    recall@4 : 0.3448    recall@5 : 0.3876    recall@10 : 0.5286    recall@20 : 0.6738    recall@30 : 0.7422    recall@50 : 0.8233    ndcg@1 : 0.2229    ndcg@2 : 0.2485    ndcg@3 : 0.2734    ndcg@4 : 0.2914    ndcg@5 : 0.3077    ndcg@10 : 0.3577    ndcg@20 : 0.4014    ndcg@30 : 0.4199    ndcg@50 : 0.4391    precision@1 : 0.2229    precision@2 : 0.1907    precision@3 : 0.1714    precision@4 : 0.1527    precision@5 : 0.1402    precision@10 : 0.0998    precision@20 : 0.0667    precision@30 : 0.0505    precision@50 : 0.0344    map@1 : 0.2229    map@2 : 0.2187    map@3 : 0.2274    map@4 : 0.235    map@5 : 0.243    map@10 : 0.2653    map@20 : 0.2808    map@30 : 0.2866    map@50 : 0.2911
Sun 15 Mar 2026 11:26:38 INFO  Running E-step ! 
Sun 15 Mar 2026 11:26:38 INFO  epoch 275 training [time: 0.21s, train_loss1: 1.5029, train_loss2: 0.0270, train_loss3: 0.0110, train_loss4: 0.0016]
Sun 15 Mar 2026 11:26:39 INFO  epoch 275 evaluating [time: 0.28s, valid_score: 0.357800]
Sun 15 Mar 2026 11:26:39 INFO  valid result: 
recall@1 : 0.1369    recall@2 : 0.2246    recall@3 : 0.2921    recall@4 : 0.3446    recall@5 : 0.388    recall@10 : 0.5283    recall@20 : 0.6733    recall@30 : 0.7423    recall@50 : 0.8238    ndcg@1 : 0.2241    ndcg@2 : 0.2486    ndcg@3 : 0.2728    ndcg@4 : 0.2916    ndcg@5 : 0.3081    ndcg@10 : 0.3578    ndcg@20 : 0.4014    ndcg@30 : 0.4201    ndcg@50 : 0.4394    precision@1 : 0.2241    precision@2 : 0.1904    precision@3 : 0.1708    precision@4 : 0.1529    precision@5 : 0.1405    precision@10 : 0.0998    precision@20 : 0.0666    precision@30 : 0.0506    precision@50 : 0.0344    map@1 : 0.2241    map@2 : 0.219    map@3 : 0.2273    map@4 : 0.2352    map@5 : 0.2434    map@10 : 0.2655    map@20 : 0.281    map@30 : 0.2868    map@50 : 0.2913
Sun 15 Mar 2026 11:26:39 INFO  Running E-step ! 
Sun 15 Mar 2026 11:26:39 INFO  epoch 276 training [time: 0.23s, train_loss1: 1.4856, train_loss2: 0.0269, train_loss3: 0.0110, train_loss4: 0.0016]
Sun 15 Mar 2026 11:26:39 INFO  epoch 276 evaluating [time: 0.29s, valid_score: 0.358100]
Sun 15 Mar 2026 11:26:39 INFO  valid result: 
recall@1 : 0.1374    recall@2 : 0.2267    recall@3 : 0.2924    recall@4 : 0.3445    recall@5 : 0.3904    recall@10 : 0.5281    recall@20 : 0.673    recall@30 : 0.7429    recall@50 : 0.824    ndcg@1 : 0.2241    ndcg@2 : 0.2503    ndcg@3 : 0.2735    ndcg@4 : 0.292    ndcg@5 : 0.3096    ndcg@10 : 0.3581    ndcg@20 : 0.4018    ndcg@30 : 0.4208    ndcg@50 : 0.4399    precision@1 : 0.2241    precision@2 : 0.1919    precision@3 : 0.1712    precision@4 : 0.1529    precision@5 : 0.1411    precision@10 : 0.0996    precision@20 : 0.0666    precision@30 : 0.0506    precision@50 : 0.0344    map@1 : 0.2241    map@2 : 0.2206    map@3 : 0.2281    map@4 : 0.2358    map@5 : 0.2446    map@10 : 0.2661    map@20 : 0.2817    map@30 : 0.2875    map@50 : 0.292
Sun 15 Mar 2026 11:26:39 INFO  Running E-step ! 
Sun 15 Mar 2026 11:26:40 INFO  epoch 277 training [time: 0.22s, train_loss1: 1.4574, train_loss2: 0.0269, train_loss3: 0.0110, train_loss4: 0.0016]
Sun 15 Mar 2026 11:26:40 INFO  epoch 277 evaluating [time: 0.28s, valid_score: 0.358500]
Sun 15 Mar 2026 11:26:40 INFO  valid result: 
recall@1 : 0.1372    recall@2 : 0.228    recall@3 : 0.2928    recall@4 : 0.3465    recall@5 : 0.3913    recall@10 : 0.5281    recall@20 : 0.6724    recall@30 : 0.7428    recall@50 : 0.8242    ndcg@1 : 0.2247    ndcg@2 : 0.2514    ndcg@3 : 0.274    ndcg@4 : 0.2931    ndcg@5 : 0.3102    ndcg@10 : 0.3585    ndcg@20 : 0.402    ndcg@30 : 0.4212    ndcg@50 : 0.4404    precision@1 : 0.2247    precision@2 : 0.1931    precision@3 : 0.1714    precision@4 : 0.1535    precision@5 : 0.1412    precision@10 : 0.0996    precision@20 : 0.0665    precision@30 : 0.0506    precision@50 : 0.0344    map@1 : 0.2247    map@2 : 0.2217    map@3 : 0.2285    map@4 : 0.2366    map@5 : 0.245    map@10 : 0.2665    map@20 : 0.2821    map@30 : 0.2879    map@50 : 0.2925
Sun 15 Mar 2026 11:26:40 INFO  Running E-step ! 
Sun 15 Mar 2026 11:26:40 INFO  epoch 278 training [time: 0.23s, train_loss1: 1.5038, train_loss2: 0.0268, train_loss3: 0.0110, train_loss4: 0.0016]
Sun 15 Mar 2026 11:26:40 INFO  epoch 278 evaluating [time: 0.28s, valid_score: 0.359300]
Sun 15 Mar 2026 11:26:40 INFO  valid result: 
recall@1 : 0.1386    recall@2 : 0.2276    recall@3 : 0.293    recall@4 : 0.3458    recall@5 : 0.3913    recall@10 : 0.5288    recall@20 : 0.6714    recall@30 : 0.7429    recall@50 : 0.8243    ndcg@1 : 0.2265    ndcg@2 : 0.2518    ndcg@3 : 0.2747    ndcg@4 : 0.2933    ndcg@5 : 0.3107    ndcg@10 : 0.3593    ndcg@20 : 0.4023    ndcg@30 : 0.4217    ndcg@50 : 0.4409    precision@1 : 0.2265    precision@2 : 0.1931    precision@3 : 0.1716    precision@4 : 0.1532    precision@5 : 0.1411    precision@10 : 0.0998    precision@20 : 0.0664    precision@30 : 0.0506    precision@50 : 0.0344    map@1 : 0.2265    map@2 : 0.2223    map@3 : 0.2292    map@4 : 0.2371    map@5 : 0.2456    map@10 : 0.2672    map@20 : 0.2826    map@30 : 0.2886    map@50 : 0.2931
Sun 15 Mar 2026 11:26:40 INFO  Saving current: saved/SCL-Mar-15-2026_11-24-17.pth
Sun 15 Mar 2026 11:26:40 INFO  Saving current best: saved/SCL-Mar-15-2026_11-24-17.pth
Sun 15 Mar 2026 11:26:40 INFO  Running E-step ! 
Sun 15 Mar 2026 11:26:41 INFO  epoch 279 training [time: 0.23s, train_loss1: 1.4857, train_loss2: 0.0268, train_loss3: 0.0110, train_loss4: 0.0017]
Sun 15 Mar 2026 11:26:41 INFO  epoch 279 evaluating [time: 0.26s, valid_score: 0.359100]
Sun 15 Mar 2026 11:26:41 INFO  valid result: 
recall@1 : 0.1392    recall@2 : 0.2269    recall@3 : 0.2937    recall@4 : 0.3457    recall@5 : 0.3903    recall@10 : 0.5276    recall@20 : 0.6719    recall@30 : 0.7431    recall@50 : 0.8246    ndcg@1 : 0.2271    ndcg@2 : 0.2516    ndcg@3 : 0.2753    ndcg@4 : 0.2935    ndcg@5 : 0.3103    ndcg@10 : 0.3591    ndcg@20 : 0.4026    ndcg@30 : 0.4219    ndcg@50 : 0.4412    precision@1 : 0.2271    precision@2 : 0.1925    precision@3 : 0.172    precision@4 : 0.1532    precision@5 : 0.1405    precision@10 : 0.0998    precision@20 : 0.0665    precision@30 : 0.0507    precision@50 : 0.0345    map@1 : 0.2271    map@2 : 0.2223    map@3 : 0.2298    map@4 : 0.2372    map@5 : 0.2454    map@10 : 0.2673    map@20 : 0.2829    map@30 : 0.2888    map@50 : 0.2934
Sun 15 Mar 2026 11:26:41 INFO  Running E-step ! 
Sun 15 Mar 2026 11:26:41 INFO  epoch 280 training [time: 0.22s, train_loss1: 1.4859, train_loss2: 0.0267, train_loss3: 0.0110, train_loss4: 0.0016]
Sun 15 Mar 2026 11:26:41 INFO  epoch 280 evaluating [time: 0.27s, valid_score: 0.359500]
Sun 15 Mar 2026 11:26:41 INFO  valid result: 
recall@1 : 0.1394    recall@2 : 0.2272    recall@3 : 0.2946    recall@4 : 0.3452    recall@5 : 0.3905    recall@10 : 0.528    recall@20 : 0.672    recall@30 : 0.7435    recall@50 : 0.8243    ndcg@1 : 0.2277    ndcg@2 : 0.2522    ndcg@3 : 0.276    ndcg@4 : 0.2935    ndcg@5 : 0.3107    ndcg@10 : 0.3595    ndcg@20 : 0.4029    ndcg@30 : 0.4223    ndcg@50 : 0.4413    precision@1 : 0.2277    precision@2 : 0.1931    precision@3 : 0.1726    precision@4 : 0.153    precision@5 : 0.1408    precision@10 : 0.0998    precision@20 : 0.0665    precision@30 : 0.0507    precision@50 : 0.0345    map@1 : 0.2277    map@2 : 0.2229    map@3 : 0.2304    map@4 : 0.2373    map@5 : 0.2457    map@10 : 0.2676    map@20 : 0.2831    map@30 : 0.289    map@50 : 0.2936
Sun 15 Mar 2026 11:26:41 INFO  Saving current: saved/SCL-Mar-15-2026_11-24-17.pth
Sun 15 Mar 2026 11:26:41 INFO  Saving current best: saved/SCL-Mar-15-2026_11-24-17.pth
Sun 15 Mar 2026 11:26:41 INFO  Running E-step ! 
Sun 15 Mar 2026 11:26:42 INFO  epoch 281 training [time: 0.23s, train_loss1: 1.4600, train_loss2: 0.0266, train_loss3: 0.0110, train_loss4: 0.0016]
Sun 15 Mar 2026 11:26:42 INFO  epoch 281 evaluating [time: 0.28s, valid_score: 0.359300]
Sun 15 Mar 2026 11:26:42 INFO  valid result: 
recall@1 : 0.1388    recall@2 : 0.2269    recall@3 : 0.2944    recall@4 : 0.3438    recall@5 : 0.3885    recall@10 : 0.5288    recall@20 : 0.672    recall@30 : 0.7435    recall@50 : 0.8243    ndcg@1 : 0.2271    ndcg@2 : 0.2517    ndcg@3 : 0.2755    ndcg@4 : 0.2926    ndcg@5 : 0.3094    ndcg@10 : 0.3593    ndcg@20 : 0.4024    ndcg@30 : 0.4219    ndcg@50 : 0.4409    precision@1 : 0.2271    precision@2 : 0.1928    precision@3 : 0.1722    precision@4 : 0.1529    precision@5 : 0.14    precision@10 : 0.0999    precision@20 : 0.0665    precision@30 : 0.0507    precision@50 : 0.0345    map@1 : 0.2271    map@2 : 0.2224    map@3 : 0.2299    map@4 : 0.2366    map@5 : 0.2447    map@10 : 0.2671    map@20 : 0.2825    map@30 : 0.2885    map@50 : 0.293
Sun 15 Mar 2026 11:26:42 INFO  Running E-step ! 
Sun 15 Mar 2026 11:26:42 INFO  epoch 282 training [time: 0.21s, train_loss1: 1.4911, train_loss2: 0.0266, train_loss3: 0.0110, train_loss4: 0.0016]
Sun 15 Mar 2026 11:26:42 INFO  epoch 282 evaluating [time: 0.27s, valid_score: 0.359500]
Sun 15 Mar 2026 11:26:42 INFO  valid result: 
recall@1 : 0.139    recall@2 : 0.2281    recall@3 : 0.2941    recall@4 : 0.3438    recall@5 : 0.388    recall@10 : 0.5287    recall@20 : 0.6725    recall@30 : 0.7441    recall@50 : 0.8247    ndcg@1 : 0.2277    ndcg@2 : 0.2527    ndcg@3 : 0.2756    ndcg@4 : 0.2931    ndcg@5 : 0.3095    ndcg@10 : 0.3595    ndcg@20 : 0.4028    ndcg@30 : 0.4222    ndcg@50 : 0.4412    precision@1 : 0.2277    precision@2 : 0.1937    precision@3 : 0.172    precision@4 : 0.1533    precision@5 : 0.14    precision@10 : 0.1    precision@20 : 0.0666    precision@30 : 0.0507    precision@50 : 0.0345    map@1 : 0.2277    map@2 : 0.2229    map@3 : 0.2299    map@4 : 0.2368    map@5 : 0.2449    map@10 : 0.2673    map@20 : 0.2828    map@30 : 0.2887    map@50 : 0.2932
Sun 15 Mar 2026 11:26:42 INFO  Saving current: saved/SCL-Mar-15-2026_11-24-17.pth
Sun 15 Mar 2026 11:26:42 INFO  Saving current best: saved/SCL-Mar-15-2026_11-24-17.pth
Sun 15 Mar 2026 11:26:42 INFO  Running E-step ! 
Sun 15 Mar 2026 11:26:43 INFO  epoch 283 training [time: 0.24s, train_loss1: 1.4810, train_loss2: 0.0265, train_loss3: 0.0110, train_loss4: 0.0016]
Sun 15 Mar 2026 11:26:43 INFO  epoch 283 evaluating [time: 0.28s, valid_score: 0.359800]
Sun 15 Mar 2026 11:26:43 INFO  valid result: 
recall@1 : 0.1396    recall@2 : 0.2277    recall@3 : 0.2949    recall@4 : 0.3435    recall@5 : 0.3867    recall@10 : 0.5288    recall@20 : 0.6728    recall@30 : 0.7445    recall@50 : 0.8247    ndcg@1 : 0.2282    ndcg@2 : 0.2522    ndcg@3 : 0.2763    ndcg@4 : 0.2932    ndcg@5 : 0.3091    ndcg@10 : 0.3598    ndcg@20 : 0.4031    ndcg@30 : 0.4225    ndcg@50 : 0.4414    precision@1 : 0.2282    precision@2 : 0.1928    precision@3 : 0.1726    precision@4 : 0.1535    precision@5 : 0.1395    precision@10 : 0.1001    precision@20 : 0.0666    precision@30 : 0.0507    precision@50 : 0.0345    map@1 : 0.2282    map@2 : 0.2226    map@3 : 0.2304    map@4 : 0.2371    map@5 : 0.2448    map@10 : 0.2676    map@20 : 0.2831    map@30 : 0.289    map@50 : 0.2935
Sun 15 Mar 2026 11:26:43 INFO  Saving current: saved/SCL-Mar-15-2026_11-24-17.pth
Sun 15 Mar 2026 11:26:43 INFO  Saving current best: saved/SCL-Mar-15-2026_11-24-17.pth
Sun 15 Mar 2026 11:26:43 INFO  Running E-step ! 
Sun 15 Mar 2026 11:26:43 INFO  epoch 284 training [time: 0.30s, train_loss1: 1.4304, train_loss2: 0.0265, train_loss3: 0.0110, train_loss4: 0.0016]
Sun 15 Mar 2026 11:26:44 INFO  epoch 284 evaluating [time: 0.41s, valid_score: 0.359900]
Sun 15 Mar 2026 11:26:44 INFO  valid result: 
recall@1 : 0.1403    recall@2 : 0.2276    recall@3 : 0.2946    recall@4 : 0.3431    recall@5 : 0.3882    recall@10 : 0.5281    recall@20 : 0.673    recall@30 : 0.7448    recall@50 : 0.8249    ndcg@1 : 0.2288    ndcg@2 : 0.2524    ndcg@3 : 0.2761    ndcg@4 : 0.2932    ndcg@5 : 0.3099    ndcg@10 : 0.3599    ndcg@20 : 0.4035    ndcg@30 : 0.4228    ndcg@50 : 0.4418    precision@1 : 0.2288    precision@2 : 0.1928    precision@3 : 0.172    precision@4 : 0.1533    precision@5 : 0.1399    precision@10 : 0.1001    precision@20 : 0.0667    precision@30 : 0.0507    precision@50 : 0.0345    map@1 : 0.2288    map@2 : 0.2227    map@3 : 0.2304    map@4 : 0.2372    map@5 : 0.2453    map@10 : 0.2679    map@20 : 0.2835    map@30 : 0.2893    map@50 : 0.2938
Sun 15 Mar 2026 11:26:44 INFO  Saving current: saved/SCL-Mar-15-2026_11-24-17.pth
Sun 15 Mar 2026 11:26:44 INFO  Saving current best: saved/SCL-Mar-15-2026_11-24-17.pth
Sun 15 Mar 2026 11:26:44 INFO  Running E-step ! 
Sun 15 Mar 2026 11:26:44 INFO  epoch 285 training [time: 0.20s, train_loss1: 1.4400, train_loss2: 0.0264, train_loss3: 0.0110, train_loss4: 0.0016]
Sun 15 Mar 2026 11:26:44 INFO  epoch 285 evaluating [time: 0.19s, valid_score: 0.359900]
Sun 15 Mar 2026 11:26:44 INFO  valid result: 
recall@1 : 0.1404    recall@2 : 0.2284    recall@3 : 0.2944    recall@4 : 0.3435    recall@5 : 0.3884    recall@10 : 0.5276    recall@20 : 0.6733    recall@30 : 0.7448    recall@50 : 0.8249    ndcg@1 : 0.2288    ndcg@2 : 0.2533    ndcg@3 : 0.2761    ndcg@4 : 0.2936    ndcg@5 : 0.3101    ndcg@10 : 0.3599    ndcg@20 : 0.4037    ndcg@30 : 0.4229    ndcg@50 : 0.4419    precision@1 : 0.2288    precision@2 : 0.1937    precision@3 : 0.1718    precision@4 : 0.1535    precision@5 : 0.1398    precision@10 : 0.0999    precision@20 : 0.0667    precision@30 : 0.0507    precision@50 : 0.0345    map@1 : 0.2288    map@2 : 0.2233    map@3 : 0.2304    map@4 : 0.2375    map@5 : 0.2455    map@10 : 0.268    map@20 : 0.2836    map@30 : 0.2895    map@50 : 0.2939
Sun 15 Mar 2026 11:26:44 INFO  Saving current: saved/SCL-Mar-15-2026_11-24-17.pth
Sun 15 Mar 2026 11:26:44 INFO  Saving current best: saved/SCL-Mar-15-2026_11-24-17.pth
Sun 15 Mar 2026 11:26:44 INFO  Running E-step ! 
Sun 15 Mar 2026 11:26:44 INFO  epoch 286 training [time: 0.23s, train_loss1: 1.4543, train_loss2: 0.0264, train_loss3: 0.0110, train_loss4: 0.0016]
Sun 15 Mar 2026 11:26:45 INFO  epoch 286 evaluating [time: 0.28s, valid_score: 0.359800]
Sun 15 Mar 2026 11:26:45 INFO  valid result: 
recall@1 : 0.1404    recall@2 : 0.2276    recall@3 : 0.2936    recall@4 : 0.3435    recall@5 : 0.3882    recall@10 : 0.528    recall@20 : 0.6739    recall@30 : 0.7435    recall@50 : 0.8248    ndcg@1 : 0.2288    ndcg@2 : 0.2521    ndcg@3 : 0.2756    ndcg@4 : 0.2934    ndcg@5 : 0.3098    ndcg@10 : 0.3598    ndcg@20 : 0.4036    ndcg@30 : 0.4224    ndcg@50 : 0.4416    precision@1 : 0.2288    precision@2 : 0.1922    precision@3 : 0.1716    precision@4 : 0.1535    precision@5 : 0.1399    precision@10 : 0.1001    precision@20 : 0.0667    precision@30 : 0.0507    precision@50 : 0.0345    map@1 : 0.2288    map@2 : 0.2223    map@3 : 0.2299    map@4 : 0.2373    map@5 : 0.2452    map@10 : 0.2678    map@20 : 0.2834    map@30 : 0.2891    map@50 : 0.2936
Sun 15 Mar 2026 11:26:45 INFO  Running E-step ! 
Sun 15 Mar 2026 11:26:45 INFO  epoch 287 training [time: 0.23s, train_loss1: 1.4324, train_loss2: 0.0264, train_loss3: 0.0110, train_loss4: 0.0016]
Sun 15 Mar 2026 11:26:45 INFO  epoch 287 evaluating [time: 0.28s, valid_score: 0.359900]
Sun 15 Mar 2026 11:26:45 INFO  valid result: 
recall@1 : 0.1412    recall@2 : 0.2269    recall@3 : 0.293    recall@4 : 0.3435    recall@5 : 0.388    recall@10 : 0.528    recall@20 : 0.674    recall@30 : 0.7436    recall@50 : 0.825    ndcg@1 : 0.23    ndcg@2 : 0.2518    ndcg@3 : 0.2753    ndcg@4 : 0.2935    ndcg@5 : 0.3099    ndcg@10 : 0.3599    ndcg@20 : 0.4038    ndcg@30 : 0.4226    ndcg@50 : 0.4418    precision@1 : 0.23    precision@2 : 0.1913    precision@3 : 0.1712    precision@4 : 0.1535    precision@5 : 0.1399    precision@10 : 0.1001    precision@20 : 0.0667    precision@30 : 0.0507    precision@50 : 0.0345    map@1 : 0.23    map@2 : 0.2223    map@3 : 0.2299    map@4 : 0.2375    map@5 : 0.2454    map@10 : 0.268    map@20 : 0.2837    map@30 : 0.2894    map@50 : 0.2939
Sun 15 Mar 2026 11:26:45 INFO  Saving current: saved/SCL-Mar-15-2026_11-24-17.pth
Sun 15 Mar 2026 11:26:45 INFO  Saving current best: saved/SCL-Mar-15-2026_11-24-17.pth
Sun 15 Mar 2026 11:26:45 INFO  Running E-step ! 
Sun 15 Mar 2026 11:26:45 INFO  epoch 288 training [time: 0.22s, train_loss1: 1.4608, train_loss2: 0.0263, train_loss3: 0.0110, train_loss4: 0.0016]
Sun 15 Mar 2026 11:26:46 INFO  epoch 288 evaluating [time: 0.27s, valid_score: 0.360200]
Sun 15 Mar 2026 11:26:46 INFO  valid result: 
recall@1 : 0.1427    recall@2 : 0.2269    recall@3 : 0.2942    recall@4 : 0.3422    recall@5 : 0.3882    recall@10 : 0.5269    recall@20 : 0.6722    recall@30 : 0.7434    recall@50 : 0.8245    ndcg@1 : 0.2318    ndcg@2 : 0.2522    ndcg@3 : 0.2765    ndcg@4 : 0.2936    ndcg@5 : 0.3107    ndcg@10 : 0.3602    ndcg@20 : 0.404    ndcg@30 : 0.4232    ndcg@50 : 0.4423    precision@1 : 0.2318    precision@2 : 0.1913    precision@3 : 0.1716    precision@4 : 0.1532    precision@5 : 0.1402    precision@10 : 0.0999    precision@20 : 0.0667    precision@30 : 0.0507    precision@50 : 0.0345    map@1 : 0.2318    map@2 : 0.223    map@3 : 0.2311    map@4 : 0.2381    map@5 : 0.2464    map@10 : 0.2687    map@20 : 0.2844    map@30 : 0.2902    map@50 : 0.2947
Sun 15 Mar 2026 11:26:46 INFO  Saving current: saved/SCL-Mar-15-2026_11-24-17.pth
Sun 15 Mar 2026 11:26:46 INFO  Saving current best: saved/SCL-Mar-15-2026_11-24-17.pth
Sun 15 Mar 2026 11:26:46 INFO  Running E-step ! 
Sun 15 Mar 2026 11:26:46 INFO  epoch 289 training [time: 0.21s, train_loss1: 1.4605, train_loss2: 0.0263, train_loss3: 0.0110, train_loss4: 0.0016]
Sun 15 Mar 2026 11:26:46 INFO  epoch 289 evaluating [time: 0.26s, valid_score: 0.360400]
Sun 15 Mar 2026 11:26:46 INFO  valid result: 
recall@1 : 0.1438    recall@2 : 0.2265    recall@3 : 0.2938    recall@4 : 0.3415    recall@5 : 0.3886    recall@10 : 0.5266    recall@20 : 0.6725    recall@30 : 0.7427    recall@50 : 0.8253    ndcg@1 : 0.2336    ndcg@2 : 0.2527    ndcg@3 : 0.2767    ndcg@4 : 0.2935    ndcg@5 : 0.3112    ndcg@10 : 0.3604    ndcg@20 : 0.4045    ndcg@30 : 0.4233    ndcg@50 : 0.4428    precision@1 : 0.2336    precision@2 : 0.1913    precision@3 : 0.1714    precision@4 : 0.1524    precision@5 : 0.1403    precision@10 : 0.0996    precision@20 : 0.0667    precision@30 : 0.0506    precision@50 : 0.0345    map@1 : 0.2336    map@2 : 0.2235    map@3 : 0.2314    map@4 : 0.2381    map@5 : 0.2468    map@10 : 0.2689    map@20 : 0.2848    map@30 : 0.2904    map@50 : 0.295
Sun 15 Mar 2026 11:26:46 INFO  Saving current: saved/SCL-Mar-15-2026_11-24-17.pth
Sun 15 Mar 2026 11:26:46 INFO  Saving current best: saved/SCL-Mar-15-2026_11-24-17.pth
Sun 15 Mar 2026 11:26:46 INFO  Running E-step ! 
Sun 15 Mar 2026 11:26:46 INFO  epoch 290 training [time: 0.21s, train_loss1: 1.4337, train_loss2: 0.0262, train_loss3: 0.0110, train_loss4: 0.0016]
Sun 15 Mar 2026 11:26:47 INFO  epoch 290 evaluating [time: 0.26s, valid_score: 0.360700]
Sun 15 Mar 2026 11:26:47 INFO  valid result: 
recall@1 : 0.1441    recall@2 : 0.2263    recall@3 : 0.2937    recall@4 : 0.3427    recall@5 : 0.3886    recall@10 : 0.5273    recall@20 : 0.6722    recall@30 : 0.7434    recall@50 : 0.8249    ndcg@1 : 0.2342    ndcg@2 : 0.2527    ndcg@3 : 0.2769    ndcg@4 : 0.2941    ndcg@5 : 0.3114    ndcg@10 : 0.3607    ndcg@20 : 0.4045    ndcg@30 : 0.4236    ndcg@50 : 0.4428    precision@1 : 0.2342    precision@2 : 0.1913    precision@3 : 0.1716    precision@4 : 0.1526    precision@5 : 0.1403    precision@10 : 0.0997    precision@20 : 0.0667    precision@30 : 0.0507    precision@50 : 0.0345    map@1 : 0.2342    map@2 : 0.2236    map@3 : 0.2316    map@4 : 0.2384    map@5 : 0.247    map@10 : 0.2691    map@20 : 0.2849    map@30 : 0.2906    map@50 : 0.2952
Sun 15 Mar 2026 11:26:47 INFO  Saving current: saved/SCL-Mar-15-2026_11-24-17.pth
Sun 15 Mar 2026 11:26:47 INFO  Saving current best: saved/SCL-Mar-15-2026_11-24-17.pth
Sun 15 Mar 2026 11:26:47 INFO  Running E-step ! 
Sun 15 Mar 2026 11:26:47 INFO  epoch 291 training [time: 0.20s, train_loss1: 1.4295, train_loss2: 0.0261, train_loss3: 0.0110, train_loss4: 0.0016]
Sun 15 Mar 2026 11:26:47 INFO  epoch 291 evaluating [time: 0.28s, valid_score: 0.359700]
Sun 15 Mar 2026 11:26:47 INFO  valid result: 
recall@1 : 0.1429    recall@2 : 0.2257    recall@3 : 0.2938    recall@4 : 0.3442    recall@5 : 0.3876    recall@10 : 0.5256    recall@20 : 0.6711    recall@30 : 0.7419    recall@50 : 0.8248    ndcg@1 : 0.233    ndcg@2 : 0.2522    ndcg@3 : 0.2763    ndcg@4 : 0.2942    ndcg@5 : 0.3105    ndcg@10 : 0.3597    ndcg@20 : 0.4037    ndcg@30 : 0.4228    ndcg@50 : 0.4422    precision@1 : 0.233    precision@2 : 0.1916    precision@3 : 0.1712    precision@4 : 0.1529    precision@5 : 0.1398    precision@10 : 0.0995    precision@20 : 0.0667    precision@30 : 0.0506    precision@50 : 0.0345    map@1 : 0.233    map@2 : 0.2235    map@3 : 0.231    map@4 : 0.2382    map@5 : 0.2462    map@10 : 0.2685    map@20 : 0.2842    map@30 : 0.29    map@50 : 0.2945
Sun 15 Mar 2026 11:26:47 INFO  Running E-step ! 
Sun 15 Mar 2026 11:26:47 INFO  epoch 292 training [time: 0.20s, train_loss1: 1.4459, train_loss2: 0.0260, train_loss3: 0.0110, train_loss4: 0.0016]
Sun 15 Mar 2026 11:26:48 INFO  epoch 292 evaluating [time: 0.28s, valid_score: 0.359900]
Sun 15 Mar 2026 11:26:48 INFO  valid result: 
recall@1 : 0.1426    recall@2 : 0.2266    recall@3 : 0.2942    recall@4 : 0.3432    recall@5 : 0.3873    recall@10 : 0.5263    recall@20 : 0.67    recall@30 : 0.7414    recall@50 : 0.8249    ndcg@1 : 0.2324    ndcg@2 : 0.2529    ndcg@3 : 0.2766    ndcg@4 : 0.294    ndcg@5 : 0.3101    ndcg@10 : 0.3599    ndcg@20 : 0.4033    ndcg@30 : 0.4225    ndcg@50 : 0.4421    precision@1 : 0.2324    precision@2 : 0.1925    precision@3 : 0.1716    precision@4 : 0.1529    precision@5 : 0.1392    precision@10 : 0.0996    precision@20 : 0.0666    precision@30 : 0.0506    precision@50 : 0.0345    map@1 : 0.2324    map@2 : 0.2241    map@3 : 0.2314    map@4 : 0.2381    map@5 : 0.246    map@10 : 0.2684    map@20 : 0.284    map@30 : 0.2898    map@50 : 0.2944
Sun 15 Mar 2026 11:26:48 INFO  Running E-step ! 
Sun 15 Mar 2026 11:26:48 INFO  epoch 293 training [time: 0.22s, train_loss1: 1.4305, train_loss2: 0.0260, train_loss3: 0.0110, train_loss4: 0.0016]
Sun 15 Mar 2026 11:26:48 INFO  epoch 293 evaluating [time: 0.19s, valid_score: 0.359400]
Sun 15 Mar 2026 11:26:48 INFO  valid result: 
recall@1 : 0.1417    recall@2 : 0.224    recall@3 : 0.2949    recall@4 : 0.3428    recall@5 : 0.3885    recall@10 : 0.527    recall@20 : 0.6697    recall@30 : 0.7417    recall@50 : 0.8243    ndcg@1 : 0.2306    ndcg@2 : 0.2507    ndcg@3 : 0.2762    ndcg@4 : 0.2931    ndcg@5 : 0.3099    ndcg@10 : 0.3594    ndcg@20 : 0.4025    ndcg@30 : 0.4218    ndcg@50 : 0.4413    precision@1 : 0.2306    precision@2 : 0.191    precision@3 : 0.1718    precision@4 : 0.1529    precision@5 : 0.1395    precision@10 : 0.0997    precision@20 : 0.0666    precision@30 : 0.0506    precision@50 : 0.0345    map@1 : 0.2306    map@2 : 0.2221    map@3 : 0.2307    map@4 : 0.2372    map@5 : 0.2454    map@10 : 0.2677    map@20 : 0.2831    map@30 : 0.289    map@50 : 0.2936
Sun 15 Mar 2026 11:26:48 INFO  Running E-step ! 
Sun 15 Mar 2026 11:26:48 INFO  epoch 294 training [time: 0.22s, train_loss1: 1.3968, train_loss2: 0.0259, train_loss3: 0.0110, train_loss4: 0.0016]
Sun 15 Mar 2026 11:26:49 INFO  epoch 294 evaluating [time: 0.27s, valid_score: 0.360000]
Sun 15 Mar 2026 11:26:49 INFO  valid result: 
recall@1 : 0.142    recall@2 : 0.2243    recall@3 : 0.2951    recall@4 : 0.3432    recall@5 : 0.3885    recall@10 : 0.5284    recall@20 : 0.6688    recall@30 : 0.7417    recall@50 : 0.8241    ndcg@1 : 0.2318    ndcg@2 : 0.2512    ndcg@3 : 0.2766    ndcg@4 : 0.2935    ndcg@5 : 0.3102    ndcg@10 : 0.36    ndcg@20 : 0.4027    ndcg@30 : 0.4221    ndcg@50 : 0.4415    precision@1 : 0.2318    precision@2 : 0.1913    precision@3 : 0.172    precision@4 : 0.153    precision@5 : 0.1396    precision@10 : 0.0998    precision@20 : 0.0665    precision@30 : 0.0506    precision@50 : 0.0345    map@1 : 0.2318    map@2 : 0.2226    map@3 : 0.2309    map@4 : 0.2375    map@5 : 0.2455    map@10 : 0.268    map@20 : 0.2833    map@30 : 0.2892    map@50 : 0.2938
Sun 15 Mar 2026 11:26:49 INFO  Running E-step ! 
Sun 15 Mar 2026 11:26:49 INFO  epoch 295 training [time: 0.21s, train_loss1: 1.3821, train_loss2: 0.0259, train_loss3: 0.0110, train_loss4: 0.0016]
Sun 15 Mar 2026 11:26:49 INFO  epoch 295 evaluating [time: 0.27s, valid_score: 0.360100]
Sun 15 Mar 2026 11:26:49 INFO  valid result: 
recall@1 : 0.1422    recall@2 : 0.2243    recall@3 : 0.2958    recall@4 : 0.3437    recall@5 : 0.3885    recall@10 : 0.5283    recall@20 : 0.67    recall@30 : 0.7418    recall@50 : 0.8234    ndcg@1 : 0.2312    ndcg@2 : 0.2511    ndcg@3 : 0.277    ndcg@4 : 0.2938    ndcg@5 : 0.3103    ndcg@10 : 0.3601    ndcg@20 : 0.403    ndcg@30 : 0.4223    ndcg@50 : 0.4415    precision@1 : 0.2312    precision@2 : 0.1913    precision@3 : 0.1724    precision@4 : 0.1532    precision@5 : 0.1396    precision@10 : 0.0998    precision@20 : 0.0666    precision@30 : 0.0506    precision@50 : 0.0344    map@1 : 0.2312    map@2 : 0.2226    map@3 : 0.2314    map@4 : 0.2378    map@5 : 0.2458    map@10 : 0.2682    map@20 : 0.2836    map@30 : 0.2894    map@50 : 0.294
Sun 15 Mar 2026 11:26:49 INFO  Running E-step ! 
Sun 15 Mar 2026 11:26:49 INFO  epoch 296 training [time: 0.22s, train_loss1: 1.3946, train_loss2: 0.0258, train_loss3: 0.0110, train_loss4: 0.0016]
Sun 15 Mar 2026 11:26:50 INFO  epoch 296 evaluating [time: 0.26s, valid_score: 0.360100]
Sun 15 Mar 2026 11:26:50 INFO  valid result: 
recall@1 : 0.1424    recall@2 : 0.2258    recall@3 : 0.2933    recall@4 : 0.3438    recall@5 : 0.3896    recall@10 : 0.5276    recall@20 : 0.6701    recall@30 : 0.7411    recall@50 : 0.8235    ndcg@1 : 0.2318    ndcg@2 : 0.2522    ndcg@3 : 0.2762    ndcg@4 : 0.294    ndcg@5 : 0.3109    ndcg@10 : 0.3601    ndcg@20 : 0.4033    ndcg@30 : 0.4224    ndcg@50 : 0.4417    precision@1 : 0.2318    precision@2 : 0.1922    precision@3 : 0.172    precision@4 : 0.153    precision@5 : 0.1398    precision@10 : 0.0998    precision@20 : 0.0666    precision@30 : 0.0506    precision@50 : 0.0344    map@1 : 0.2318    map@2 : 0.2235    map@3 : 0.2312    map@4 : 0.238    map@5 : 0.2463    map@10 : 0.2684    map@20 : 0.2839    map@30 : 0.2897    map@50 : 0.2943
Sun 15 Mar 2026 11:26:50 INFO  Running E-step ! 
Sun 15 Mar 2026 11:26:50 INFO  epoch 297 training [time: 0.23s, train_loss1: 1.3905, train_loss2: 0.0258, train_loss3: 0.0110, train_loss4: 0.0017]
Sun 15 Mar 2026 11:26:50 INFO  epoch 297 evaluating [time: 0.26s, valid_score: 0.360000]
Sun 15 Mar 2026 11:26:50 INFO  valid result: 
recall@1 : 0.1425    recall@2 : 0.2264    recall@3 : 0.2928    recall@4 : 0.3435    recall@5 : 0.3886    recall@10 : 0.5273    recall@20 : 0.6692    recall@30 : 0.7412    recall@50 : 0.8248    ndcg@1 : 0.2318    ndcg@2 : 0.2523    ndcg@3 : 0.276    ndcg@4 : 0.2938    ndcg@5 : 0.3104    ndcg@10 : 0.36    ndcg@20 : 0.403    ndcg@30 : 0.4224    ndcg@50 : 0.442    precision@1 : 0.2318    precision@2 : 0.1919    precision@3 : 0.1716    precision@4 : 0.1529    precision@5 : 0.1393    precision@10 : 0.0998    precision@20 : 0.0665    precision@30 : 0.0506    precision@50 : 0.0345    map@1 : 0.2318    map@2 : 0.2236    map@3 : 0.2309    map@4 : 0.2379    map@5 : 0.246    map@10 : 0.2684    map@20 : 0.2838    map@30 : 0.2897    map@50 : 0.2943
Sun 15 Mar 2026 11:26:50 INFO  Running E-step ! 
Sun 15 Mar 2026 11:26:50 INFO  epoch 298 training [time: 0.36s, train_loss1: 1.3747, train_loss2: 0.0258, train_loss3: 0.0110, train_loss4: 0.0017]
Sun 15 Mar 2026 11:26:51 INFO  epoch 298 evaluating [time: 0.35s, valid_score: 0.359500]
Sun 15 Mar 2026 11:26:51 INFO  valid result: 
recall@1 : 0.142    recall@2 : 0.2264    recall@3 : 0.2927    recall@4 : 0.3446    recall@5 : 0.3887    recall@10 : 0.526    recall@20 : 0.6707    recall@30 : 0.7421    recall@50 : 0.825    ndcg@1 : 0.2312    ndcg@2 : 0.2521    ndcg@3 : 0.2756    ndcg@4 : 0.2941    ndcg@5 : 0.3103    ndcg@10 : 0.3595    ndcg@20 : 0.4033    ndcg@30 : 0.4224    ndcg@50 : 0.4419    precision@1 : 0.2312    precision@2 : 0.1919    precision@3 : 0.1714    precision@4 : 0.1533    precision@5 : 0.1396    precision@10 : 0.0996    precision@20 : 0.0667    precision@30 : 0.0507    precision@50 : 0.0345    map@1 : 0.2312    map@2 : 0.2233    map@3 : 0.2305    map@4 : 0.238    map@5 : 0.2459    map@10 : 0.2681    map@20 : 0.2838    map@30 : 0.2895    map@50 : 0.2941
Sun 15 Mar 2026 11:26:51 INFO  Running E-step ! 
Sun 15 Mar 2026 11:26:51 INFO  epoch 299 training [time: 0.20s, train_loss1: 1.3771, train_loss2: 0.0257, train_loss3: 0.0110, train_loss4: 0.0016]
Sun 15 Mar 2026 11:26:51 INFO  epoch 299 evaluating [time: 0.20s, valid_score: 0.359400]
Sun 15 Mar 2026 11:26:51 INFO  valid result: 
recall@1 : 0.142    recall@2 : 0.2263    recall@3 : 0.2933    recall@4 : 0.3456    recall@5 : 0.3888    recall@10 : 0.5256    recall@20 : 0.6717    recall@30 : 0.7422    recall@50 : 0.8251    ndcg@1 : 0.2312    ndcg@2 : 0.2518    ndcg@3 : 0.2759    ndcg@4 : 0.2947    ndcg@5 : 0.3105    ndcg@10 : 0.3594    ndcg@20 : 0.4036    ndcg@30 : 0.4226    ndcg@50 : 0.442    precision@1 : 0.2312    precision@2 : 0.1916    precision@3 : 0.1716    precision@4 : 0.1538    precision@5 : 0.1397    precision@10 : 0.0995    precision@20 : 0.0668    precision@30 : 0.0507    precision@50 : 0.0345    map@1 : 0.2312    map@2 : 0.2232    map@3 : 0.2307    map@4 : 0.2384    map@5 : 0.246    map@10 : 0.2682    map@20 : 0.284    map@30 : 0.2897    map@50 : 0.2942
Sun 15 Mar 2026 11:26:51 INFO  Running E-step ! 
Sun 15 Mar 2026 11:26:51 INFO  epoch 300 training [time: 0.23s, train_loss1: 1.3904, train_loss2: 0.0257, train_loss3: 0.0110, train_loss4: 0.0017]
Sun 15 Mar 2026 11:26:52 INFO  epoch 300 evaluating [time: 0.27s, valid_score: 0.359600]
Sun 15 Mar 2026 11:26:52 INFO  valid result: 
recall@1 : 0.142    recall@2 : 0.2262    recall@3 : 0.2932    recall@4 : 0.3456    recall@5 : 0.3892    recall@10 : 0.5259    recall@20 : 0.6706    recall@30 : 0.7419    recall@50 : 0.8246    ndcg@1 : 0.2312    ndcg@2 : 0.2518    ndcg@3 : 0.2759    ndcg@4 : 0.2947    ndcg@5 : 0.3106    ndcg@10 : 0.3596    ndcg@20 : 0.4034    ndcg@30 : 0.4225    ndcg@50 : 0.4419    precision@1 : 0.2312    precision@2 : 0.1916    precision@3 : 0.1718    precision@4 : 0.1538    precision@5 : 0.1397    precision@10 : 0.0997    precision@20 : 0.0667    precision@30 : 0.0507    precision@50 : 0.0345    map@1 : 0.2312    map@2 : 0.2229    map@3 : 0.2305    map@4 : 0.2383    map@5 : 0.246    map@10 : 0.2681    map@20 : 0.2838    map@30 : 0.2896    map@50 : 0.2941
Sun 15 Mar 2026 11:26:52 INFO  Running E-step ! 
Sun 15 Mar 2026 11:26:52 INFO  epoch 301 training [time: 0.22s, train_loss1: 1.3808, train_loss2: 0.0256, train_loss3: 0.0110, train_loss4: 0.0017]
Sun 15 Mar 2026 11:26:52 INFO  epoch 301 evaluating [time: 0.28s, valid_score: 0.359700]
Sun 15 Mar 2026 11:26:52 INFO  valid result: 
recall@1 : 0.1418    recall@2 : 0.2271    recall@3 : 0.2931    recall@4 : 0.3459    recall@5 : 0.3898    recall@10 : 0.5263    recall@20 : 0.6713    recall@30 : 0.7412    recall@50 : 0.8242    ndcg@1 : 0.2306    ndcg@2 : 0.2523    ndcg@3 : 0.2759    ndcg@4 : 0.2948    ndcg@5 : 0.3109    ndcg@10 : 0.3597    ndcg@20 : 0.4036    ndcg@30 : 0.4223    ndcg@50 : 0.4419    precision@1 : 0.2306    precision@2 : 0.1922    precision@3 : 0.172    precision@4 : 0.1539    precision@5 : 0.14    precision@10 : 0.0998    precision@20 : 0.0668    precision@30 : 0.0506    precision@50 : 0.0345    map@1 : 0.2306    map@2 : 0.2233    map@3 : 0.2307    map@4 : 0.2385    map@5 : 0.2462    map@10 : 0.2683    map@20 : 0.2839    map@30 : 0.2897    map@50 : 0.2943
Sun 15 Mar 2026 11:26:52 INFO  Running E-step ! 
Sun 15 Mar 2026 11:26:52 INFO  epoch 302 training [time: 0.21s, train_loss1: 1.3723, train_loss2: 0.0256, train_loss3: 0.0110, train_loss4: 0.0017]
Sun 15 Mar 2026 11:26:53 INFO  epoch 302 evaluating [time: 0.26s, valid_score: 0.359600]
Sun 15 Mar 2026 11:26:53 INFO  valid result: 
recall@1 : 0.1422    recall@2 : 0.2267    recall@3 : 0.2932    recall@4 : 0.3466    recall@5 : 0.3895    recall@10 : 0.5255    recall@20 : 0.6689    recall@30 : 0.7407    recall@50 : 0.824    ndcg@1 : 0.2318    ndcg@2 : 0.2521    ndcg@3 : 0.276    ndcg@4 : 0.2953    ndcg@5 : 0.3111    ndcg@10 : 0.3596    ndcg@20 : 0.4031    ndcg@30 : 0.4223    ndcg@50 : 0.4419    precision@1 : 0.2318    precision@2 : 0.1916    precision@3 : 0.1718    precision@4 : 0.1541    precision@5 : 0.1402    precision@10 : 0.0997    precision@20 : 0.0666    precision@30 : 0.0506    precision@50 : 0.0345    map@1 : 0.2318    map@2 : 0.2233    map@3 : 0.2306    map@4 : 0.2387    map@5 : 0.2464    map@10 : 0.2683    map@20 : 0.2839    map@30 : 0.2897    map@50 : 0.2943
Sun 15 Mar 2026 11:26:53 INFO  Running E-step ! 
Sun 15 Mar 2026 11:26:53 INFO  epoch 303 training [time: 0.20s, train_loss1: 1.3730, train_loss2: 0.0255, train_loss3: 0.0110, train_loss4: 0.0017]
Sun 15 Mar 2026 11:26:53 INFO  epoch 303 evaluating [time: 0.26s, valid_score: 0.359800]
Sun 15 Mar 2026 11:26:53 INFO  valid result: 
recall@1 : 0.1426    recall@2 : 0.227    recall@3 : 0.2935    recall@4 : 0.3463    recall@5 : 0.3905    recall@10 : 0.5249    recall@20 : 0.6695    recall@30 : 0.7403    recall@50 : 0.8233    ndcg@1 : 0.2318    ndcg@2 : 0.2527    ndcg@3 : 0.2763    ndcg@4 : 0.2954    ndcg@5 : 0.3116    ndcg@10 : 0.3598    ndcg@20 : 0.4035    ndcg@30 : 0.4225    ndcg@50 : 0.4421    precision@1 : 0.2318    precision@2 : 0.1922    precision@3 : 0.1718    precision@4 : 0.1541    precision@5 : 0.1404    precision@10 : 0.0998    precision@20 : 0.0666    precision@30 : 0.0506    precision@50 : 0.0345    map@1 : 0.2318    map@2 : 0.2238    map@3 : 0.231    map@4 : 0.239    map@5 : 0.2469    map@10 : 0.2687    map@20 : 0.2843    map@30 : 0.2901    map@50 : 0.2947
Sun 15 Mar 2026 11:26:53 INFO  Running E-step ! 
Sun 15 Mar 2026 11:26:53 INFO  epoch 304 training [time: 0.21s, train_loss1: 1.3532, train_loss2: 0.0255, train_loss3: 0.0110, train_loss4: 0.0017]
Sun 15 Mar 2026 11:26:54 INFO  epoch 304 evaluating [time: 0.27s, valid_score: 0.359700]
Sun 15 Mar 2026 11:26:54 INFO  valid result: 
recall@1 : 0.1426    recall@2 : 0.2259    recall@3 : 0.293    recall@4 : 0.3469    recall@5 : 0.3914    recall@10 : 0.5251    recall@20 : 0.6681    recall@30 : 0.74    recall@50 : 0.8235    ndcg@1 : 0.2318    ndcg@2 : 0.2519    ndcg@3 : 0.2757    ndcg@4 : 0.2955    ndcg@5 : 0.3118    ndcg@10 : 0.3597    ndcg@20 : 0.403    ndcg@30 : 0.4223    ndcg@50 : 0.442    precision@1 : 0.2318    precision@2 : 0.1916    precision@3 : 0.1712    precision@4 : 0.1544    precision@5 : 0.1405    precision@10 : 0.0998    precision@20 : 0.0666    precision@30 : 0.0506    precision@50 : 0.0345    map@1 : 0.2318    map@2 : 0.2232    map@3 : 0.2304    map@4 : 0.2389    map@5 : 0.247    map@10 : 0.2685    map@20 : 0.284    map@30 : 0.2899    map@50 : 0.2945
Sun 15 Mar 2026 11:26:54 INFO  Running E-step ! 
Sun 15 Mar 2026 11:26:54 INFO  epoch 305 training [time: 0.21s, train_loss1: 1.3759, train_loss2: 0.0254, train_loss3: 0.0110, train_loss4: 0.0017]
Sun 15 Mar 2026 11:26:54 INFO  epoch 305 evaluating [time: 0.27s, valid_score: 0.359600]
Sun 15 Mar 2026 11:26:54 INFO  valid result: 
recall@1 : 0.1416    recall@2 : 0.2255    recall@3 : 0.292    recall@4 : 0.3469    recall@5 : 0.3915    recall@10 : 0.5262    recall@20 : 0.6686    recall@30 : 0.7402    recall@50 : 0.8225    ndcg@1 : 0.2306    ndcg@2 : 0.2512    ndcg@3 : 0.2746    ndcg@4 : 0.295    ndcg@5 : 0.3114    ndcg@10 : 0.3596    ndcg@20 : 0.4026    ndcg@30 : 0.4218    ndcg@50 : 0.4412    precision@1 : 0.2306    precision@2 : 0.1913    precision@3 : 0.1706    precision@4 : 0.1544    precision@5 : 0.1408    precision@10 : 0.1001    precision@20 : 0.0666    precision@30 : 0.0506    precision@50 : 0.0345    map@1 : 0.2306    map@2 : 0.2226    map@3 : 0.2295    map@4 : 0.2383    map@5 : 0.2463    map@10 : 0.268    map@20 : 0.2834    map@30 : 0.2893    map@50 : 0.2938
Sun 15 Mar 2026 11:26:54 INFO  Running E-step ! 
Sun 15 Mar 2026 11:26:54 INFO  epoch 306 training [time: 0.21s, train_loss1: 1.3476, train_loss2: 0.0254, train_loss3: 0.0110, train_loss4: 0.0017]
Sun 15 Mar 2026 11:26:55 INFO  epoch 306 evaluating [time: 0.26s, valid_score: 0.359500]
Sun 15 Mar 2026 11:26:55 INFO  valid result: 
recall@1 : 0.1407    recall@2 : 0.2286    recall@3 : 0.2927    recall@4 : 0.3465    recall@5 : 0.3918    recall@10 : 0.5257    recall@20 : 0.6679    recall@30 : 0.7394    recall@50 : 0.8223    ndcg@1 : 0.23    ndcg@2 : 0.253    ndcg@3 : 0.2751    ndcg@4 : 0.295    ndcg@5 : 0.3116    ndcg@10 : 0.3595    ndcg@20 : 0.4025    ndcg@30 : 0.4217    ndcg@50 : 0.4412    precision@1 : 0.23    precision@2 : 0.1931    precision@3 : 0.171    precision@4 : 0.1544    precision@5 : 0.1408    precision@10 : 0.0999    precision@20 : 0.0666    precision@30 : 0.0506    precision@50 : 0.0345    map@1 : 0.23    map@2 : 0.2239    map@3 : 0.23    map@4 : 0.2384    map@5 : 0.2466    map@10 : 0.2681    map@20 : 0.2835    map@30 : 0.2894    map@50 : 0.2939
Sun 15 Mar 2026 11:26:55 INFO  Running E-step ! 
Sun 15 Mar 2026 11:26:55 INFO  epoch 307 training [time: 0.23s, train_loss1: 1.3564, train_loss2: 0.0253, train_loss3: 0.0110, train_loss4: 0.0017]
Sun 15 Mar 2026 11:26:55 INFO  epoch 307 evaluating [time: 0.28s, valid_score: 0.359700]
Sun 15 Mar 2026 11:26:55 INFO  valid result: 
recall@1 : 0.1407    recall@2 : 0.2292    recall@3 : 0.2932    recall@4 : 0.3462    recall@5 : 0.3911    recall@10 : 0.5259    recall@20 : 0.6669    recall@30 : 0.7387    recall@50 : 0.8225    ndcg@1 : 0.23    ndcg@2 : 0.2534    ndcg@3 : 0.2754    ndcg@4 : 0.2951    ndcg@5 : 0.3114    ndcg@10 : 0.3597    ndcg@20 : 0.4024    ndcg@30 : 0.4217    ndcg@50 : 0.4414    precision@1 : 0.23    precision@2 : 0.1934    precision@3 : 0.171    precision@4 : 0.1544    precision@5 : 0.1405    precision@10 : 0.0999    precision@20 : 0.0665    precision@30 : 0.0506    precision@50 : 0.0345    map@1 : 0.23    map@2 : 0.2242    map@3 : 0.2301    map@4 : 0.2385    map@5 : 0.2465    map@10 : 0.2684    map@20 : 0.2836    map@30 : 0.2895    map@50 : 0.2941
Sun 15 Mar 2026 11:26:55 INFO  Running E-step ! 
Sun 15 Mar 2026 11:26:55 INFO  epoch 308 training [time: 0.21s, train_loss1: 1.3494, train_loss2: 0.0253, train_loss3: 0.0110, train_loss4: 0.0017]
Sun 15 Mar 2026 11:26:56 INFO  epoch 308 evaluating [time: 0.28s, valid_score: 0.360400]
Sun 15 Mar 2026 11:26:56 INFO  valid result: 
recall@1 : 0.1408    recall@2 : 0.2305    recall@3 : 0.2938    recall@4 : 0.3454    recall@5 : 0.3915    recall@10 : 0.5274    recall@20 : 0.6665    recall@30 : 0.7378    recall@50 : 0.8224    ndcg@1 : 0.2306    ndcg@2 : 0.2546    ndcg@3 : 0.276    ndcg@4 : 0.2949    ndcg@5 : 0.3117    ndcg@10 : 0.3604    ndcg@20 : 0.4026    ndcg@30 : 0.4217    ndcg@50 : 0.4416    precision@1 : 0.2306    precision@2 : 0.1946    precision@3 : 0.1712    precision@4 : 0.1538    precision@5 : 0.1402    precision@10 : 0.1001    precision@20 : 0.0665    precision@30 : 0.0505    precision@50 : 0.0345    map@1 : 0.2306    map@2 : 0.2251    map@3 : 0.2306    map@4 : 0.2385    map@5 : 0.2467    map@10 : 0.2688    map@20 : 0.2839    map@30 : 0.2897    map@50 : 0.2943
Sun 15 Mar 2026 11:26:56 INFO  Running E-step ! 
Sun 15 Mar 2026 11:26:56 INFO  epoch 309 training [time: 0.22s, train_loss1: 1.3505, train_loss2: 0.0252, train_loss3: 0.0110, train_loss4: 0.0017]
Sun 15 Mar 2026 11:26:56 INFO  epoch 309 evaluating [time: 0.28s, valid_score: 0.360600]
Sun 15 Mar 2026 11:26:56 INFO  valid result: 
recall@1 : 0.1424    recall@2 : 0.2303    recall@3 : 0.2939    recall@4 : 0.345    recall@5 : 0.3908    recall@10 : 0.526    recall@20 : 0.6661    recall@30 : 0.7382    recall@50 : 0.8225    ndcg@1 : 0.233    ndcg@2 : 0.2554    ndcg@3 : 0.2767    ndcg@4 : 0.2955    ndcg@5 : 0.3121    ndcg@10 : 0.3606    ndcg@20 : 0.4031    ndcg@30 : 0.4224    ndcg@50 : 0.4422    precision@1 : 0.233    precision@2 : 0.1949    precision@3 : 0.1712    precision@4 : 0.1539    precision@5 : 0.14    precision@10 : 0.0999    precision@20 : 0.0665    precision@30 : 0.0506    precision@50 : 0.0345    map@1 : 0.233    map@2 : 0.226    map@3 : 0.2315    map@4 : 0.2394    map@5 : 0.2473    map@10 : 0.2694    map@20 : 0.2846    map@30 : 0.2905    map@50 : 0.295
Sun 15 Mar 2026 11:26:56 INFO  Running E-step ! 
Sun 15 Mar 2026 11:26:56 INFO  epoch 310 training [time: 0.21s, train_loss1: 1.3286, train_loss2: 0.0252, train_loss3: 0.0110, train_loss4: 0.0017]
Sun 15 Mar 2026 11:26:57 INFO  epoch 310 evaluating [time: 0.28s, valid_score: 0.360000]
Sun 15 Mar 2026 11:26:57 INFO  valid result: 
recall@1 : 0.1413    recall@2 : 0.2317    recall@3 : 0.2944    recall@4 : 0.3431    recall@5 : 0.3898    recall@10 : 0.5247    recall@20 : 0.6655    recall@30 : 0.738    recall@50 : 0.8227    ndcg@1 : 0.2324    ndcg@2 : 0.256    ndcg@3 : 0.277    ndcg@4 : 0.2947    ndcg@5 : 0.3114    ndcg@10 : 0.36    ndcg@20 : 0.4026    ndcg@30 : 0.4221    ndcg@50 : 0.4419    precision@1 : 0.2324    precision@2 : 0.1958    precision@3 : 0.1716    precision@4 : 0.1538    precision@5 : 0.1396    precision@10 : 0.0998    precision@20 : 0.0664    precision@30 : 0.0506    precision@50 : 0.0345    map@1 : 0.2324    map@2 : 0.2263    map@3 : 0.2316    map@4 : 0.2388    map@5 : 0.2468    map@10 : 0.2689    map@20 : 0.2841    map@30 : 0.29    map@50 : 0.2946
Sun 15 Mar 2026 11:26:57 INFO  Running E-step ! 
Sun 15 Mar 2026 11:26:57 INFO  epoch 311 training [time: 0.22s, train_loss1: 1.3449, train_loss2: 0.0251, train_loss3: 0.0110, train_loss4: 0.0017]
Sun 15 Mar 2026 11:26:57 INFO  epoch 311 evaluating [time: 0.34s, valid_score: 0.360300]
Sun 15 Mar 2026 11:26:57 INFO  valid result: 
recall@1 : 0.1413    recall@2 : 0.2308    recall@3 : 0.2939    recall@4 : 0.3438    recall@5 : 0.3896    recall@10 : 0.5259    recall@20 : 0.6658    recall@30 : 0.738    recall@50 : 0.8225    ndcg@1 : 0.2324    ndcg@2 : 0.2555    ndcg@3 : 0.2768    ndcg@4 : 0.2948    ndcg@5 : 0.3112    ndcg@10 : 0.3603    ndcg@20 : 0.4025    ndcg@30 : 0.4219    ndcg@50 : 0.4417    precision@1 : 0.2324    precision@2 : 0.1955    precision@3 : 0.1718    precision@4 : 0.1538    precision@5 : 0.1396    precision@10 : 0.1    precision@20 : 0.0664    precision@30 : 0.0506    precision@50 : 0.0345    map@1 : 0.2324    map@2 : 0.2259    map@3 : 0.2315    map@4 : 0.2388    map@5 : 0.2466    map@10 : 0.269    map@20 : 0.2839    map@30 : 0.2899    map@50 : 0.2944
Sun 15 Mar 2026 11:26:57 INFO  Finished training, best eval result in epoch 290
Sun 15 Mar 2026 11:26:57 INFO  Loading model structure and parameters from saved/SCL-Mar-15-2026_11-24-17.pth
Sun 15 Mar 2026 11:26:58 INFO  best valid : OrderedDict([('recall@1', 0.1441), ('recall@2', 0.2263), ('recall@3', 0.2937), ('recall@4', 0.3427), ('recall@5', 0.3886), ('recall@10', 0.5273), ('recall@20', 0.6722), ('recall@30', 0.7434), ('recall@50', 0.8249), ('ndcg@1', 0.2342), ('ndcg@2', 0.2527), ('ndcg@3', 0.2769), ('ndcg@4', 0.2941), ('ndcg@5', 0.3114), ('ndcg@10', 0.3607), ('ndcg@20', 0.4045), ('ndcg@30', 0.4236), ('ndcg@50', 0.4428), ('precision@1', 0.2342), ('precision@2', 0.1913), ('precision@3', 0.1716), ('precision@4', 0.1526), ('precision@5', 0.1403), ('precision@10', 0.0997), ('precision@20', 0.0667), ('precision@30', 0.0507), ('precision@50', 0.0345), ('map@1', 0.2342), ('map@2', 0.2236), ('map@3', 0.2316), ('map@4', 0.2384), ('map@5', 0.247), ('map@10', 0.2691), ('map@20', 0.2849), ('map@30', 0.2906), ('map@50', 0.2952)])
Sun 15 Mar 2026 11:26:58 INFO  test result: OrderedDict([('recall@1', 0.1765), ('recall@2', 0.2638), ('recall@3', 0.3185), ('recall@4', 0.37), ('recall@5', 0.4034), ('recall@10', 0.5368), ('recall@20', 0.6637), ('recall@30', 0.74), ('recall@50', 0.8211), ('ndcg@1', 0.3005), ('ndcg@2', 0.308), ('ndcg@3', 0.3201), ('ndcg@4', 0.3361), ('ndcg@5', 0.3468), ('ndcg@10', 0.3912), ('ndcg@20', 0.4282), ('ndcg@30', 0.4477), ('ndcg@50', 0.466), ('precision@1', 0.3005), ('precision@2', 0.2314), ('precision@3', 0.1939), ('precision@4', 0.172), ('precision@5', 0.1531), ('precision@10', 0.105), ('precision@20', 0.0669), ('precision@30', 0.0502), ('precision@50', 0.0336), ('map@1', 0.3005), ('map@2', 0.2804), ('map@3', 0.2789), ('map@4', 0.2847), ('map@5', 0.2886), ('map@10', 0.3068), ('map@20', 0.3198), ('map@30', 0.3255), ('map@50', 0.3294)])
Sun 15 Mar 2026 11:26:58 INFO  training time: 159.9101s
Sun 15 Mar 2026 11:26:58 INFO  result file: results/scl_seed2026.json
