Sun 15 Mar 2026 12:09:28 INFO  
General Hyper Parameters:
gpu_id = 0
use_gpu = True
seed = 2027
state = INFO
reproducibility = True
data_path = ./travel
checkpoint_dir = saved
show_progress = True
save_dataset = False
dataset_save_path = None
save_dataloaders = False
dataloaders_save_path = None
log_wandb = False

Training Hyper Parameters:
epochs = 1000
train_batch_size = 4096
learner = adam
learning_rate = 0.001
train_neg_sample_args = {'distribution': 'uniform', 'sample_num': 1, 'alpha': 1.0, 'dynamic': False, 'candidate_num': 0}
eval_step = 1
stopping_step = 20
clip_grad_norm = None
weight_decay = 0.0
loss_decimal_place = 4

Evaluation Hyper Parameters:
eval_args = {'split': {'RS': [0.8, 0.1, 0.1]}, 'order': 'RO', 'group_by': 'user', 'mode': {'valid': 'full', 'test': 'full'}}
repeatable = False
metrics = ['Recall', 'NDCG', 'Precision', 'MAP']
topk = [1, 2, 3, 4, 5, 10, 20, 30, 50]
valid_metric = NDCG@10
valid_metric_bigger = True
eval_batch_size = 4096
metric_decimal_place = 4

Dataset Hyper Parameters:
field_separator = 	
seq_separator =  
USER_ID_FIELD = user_id
ITEM_ID_FIELD = item_id
RATING_FIELD = rating
TIME_FIELD = timestamp
seq_len = None
LABEL_FIELD = label
threshold = None
NEG_PREFIX = neg_
load_col = {'inter': ['user_id', 'item_id', 'rating'], 'user': ['user_id', 'post_num', 'follower', 'following', 'timestamp']}
unload_col = None
unused_col = None
additional_feat_suffix = None
rm_dup_inter = None
val_interval = {'rating': '[0,inf)'}
filter_inter_by_user_or_item = True
user_inter_num_interval = [0,inf)
item_inter_num_interval = [0,inf)
alias_of_user_id = None
alias_of_item_id = None
alias_of_entity_id = None
alias_of_relation_id = None
preload_weight = None
normalize_field = None
normalize_all = None
ITEM_LIST_LENGTH_FIELD = item_length
LIST_SUFFIX = _list
MAX_ITEM_LIST_LENGTH = 50
POSITION_FIELD = position_id
HEAD_ENTITY_ID_FIELD = head_id
TAIL_ENTITY_ID_FIELD = tail_id
RELATION_ID_FIELD = relation_id
ENTITY_ID_FIELD = entity_id
benchmark_filename = None

Other Hyper Parameters: 
worker = 0
wandb_project = recbole
shuffle = True
require_pow = False
enable_amp = False
enable_scaler = False
transform = None
numerical_features = []
discretization = None
kg_reverse_r = False
entity_kg_num_interval = [0,inf)
relation_kg_num_interval = [0,inf)
MODEL_TYPE = ModelType.GENERAL
embedding_size = 64
n_layers = 3
reg_weight = 0.0001
ssl_temp = 0.1
ssl_reg = 1e-07
hyper_layers = 1
alpha = 1
proto_reg = 8e-08
semantic_reg = 8e-08
num_clusters = 10
m_step = 1
warm_up_step = 20
user_feature_path = features/roberta_user.npy
item_feature_path = features/roberta_item.npy
MODEL_INPUT_TYPE = InputType.PAIRWISE
eval_type = EvaluatorType.RANKING
single_spec = True
local_rank = 0
device = cuda
valid_neg_sample_args = {'distribution': 'uniform', 'sample_num': 'none'}
test_neg_sample_args = {'distribution': 'uniform', 'sample_num': 'none'}


Sun 15 Mar 2026 12:09:28 INFO  travel
The number of users: 2010
Average actions of users: 18.721254355400696
The number of items: 247
Average actions of items: 152.890243902439
The number of inters: 37611
The sparsity of the dataset: 92.42431566862047%
Remain Fields: ['user_id', 'item_id', 'rating', 'post_num', 'follower', 'following', 'timestamp']
Sun 15 Mar 2026 12:09:28 INFO  [Training]: train_batch_size = [4096] train_neg_sample_args: [{'distribution': 'uniform', 'sample_num': 1, 'alpha': 1.0, 'dynamic': False, 'candidate_num': 0}]
Sun 15 Mar 2026 12:09:28 INFO  [Evaluation]: eval_batch_size = [4096] eval_args: [{'split': {'RS': [0.8, 0.1, 0.1]}, 'order': 'RO', 'group_by': 'user', 'mode': {'valid': 'full', 'test': 'full'}}]
Sun 15 Mar 2026 12:09:30 INFO  SCL(
  (u_MLP): Linear(in_features=1024, out_features=64, bias=True)
  (i_MLP): Linear(in_features=1024, out_features=64, bias=True)
  (user_embedding): Embedding(2010, 64)
  (item_embedding): Embedding(247, 64)
  (mf_loss): BPRLoss()
  (reg_loss): EmbLoss()
)
Trainable parameters: 144448
Sun 15 Mar 2026 12:09:30 INFO  trainable parameters: 144448
Sun 15 Mar 2026 12:09:31 INFO  Running E-step ! 
Sun 15 Mar 2026 12:09:31 INFO  epoch 0 training [time: 0.48s, train_loss1: 5.5428, train_loss2: 0.0199, train_loss3: 0.0116]
Sun 15 Mar 2026 12:09:31 INFO  epoch 0 evaluating [time: 0.19s, valid_score: 0.029400]
Sun 15 Mar 2026 12:09:31 INFO  valid result: 
recall@1 : 0.0073    recall@2 : 0.0113    recall@3 : 0.016    recall@4 : 0.0197    recall@5 : 0.0248    recall@10 : 0.0515    recall@20 : 0.1024    recall@30 : 0.1401    recall@50 : 0.2205    ndcg@1 : 0.0155    ndcg@2 : 0.0157    ndcg@3 : 0.0169    ndcg@4 : 0.0178    ndcg@5 : 0.0198    ndcg@10 : 0.0294    ndcg@20 : 0.0442    ndcg@30 : 0.0544    ndcg@50 : 0.073    precision@1 : 0.0155    precision@2 : 0.0131    precision@3 : 0.0117    precision@4 : 0.0106    precision@5 : 0.0106    precision@10 : 0.0114    precision@20 : 0.011    precision@30 : 0.0106    precision@50 : 0.0103    map@1 : 0.0155    map@2 : 0.013    map@3 : 0.0127    map@4 : 0.0127    map@5 : 0.0135    map@10 : 0.0168    map@20 : 0.0202    map@30 : 0.0221    map@50 : 0.0248
Sun 15 Mar 2026 12:09:31 INFO  Saving current: saved/SCL-Mar-15-2026_12-09-30.pth
Sun 15 Mar 2026 12:09:31 INFO  Saving current best: saved/SCL-Mar-15-2026_12-09-30.pth
Sun 15 Mar 2026 12:09:31 INFO  Running E-step ! 
Sun 15 Mar 2026 12:09:32 INFO  epoch 1 training [time: 0.19s, train_loss1: 5.5428, train_loss2: 0.0152, train_loss3: 0.0115]
Sun 15 Mar 2026 12:09:32 INFO  epoch 1 evaluating [time: 0.14s, valid_score: 0.028700]
Sun 15 Mar 2026 12:09:32 INFO  valid result: 
recall@1 : 0.0062    recall@2 : 0.0115    recall@3 : 0.015    recall@4 : 0.0197    recall@5 : 0.0241    recall@10 : 0.0515    recall@20 : 0.1015    recall@30 : 0.1429    recall@50 : 0.2204    ndcg@1 : 0.0131    ndcg@2 : 0.0151    ndcg@3 : 0.0159    ndcg@4 : 0.0174    ndcg@5 : 0.0189    ndcg@10 : 0.0287    ndcg@20 : 0.0434    ndcg@30 : 0.0541    ndcg@50 : 0.0723    precision@1 : 0.0131    precision@2 : 0.0131    precision@3 : 0.0115    precision@4 : 0.0109    precision@5 : 0.0105    precision@10 : 0.0113    precision@20 : 0.0109    precision@30 : 0.0105    precision@50 : 0.0102    map@1 : 0.0131    map@2 : 0.0122    map@3 : 0.0118    map@4 : 0.0122    map@5 : 0.0127    map@10 : 0.0159    map@20 : 0.0194    map@30 : 0.0214    map@50 : 0.024
Sun 15 Mar 2026 12:09:32 INFO  Running E-step ! 
Sun 15 Mar 2026 12:09:32 INFO  epoch 2 training [time: 0.18s, train_loss1: 5.5423, train_loss2: 0.0132, train_loss3: 0.0113]
Sun 15 Mar 2026 12:09:32 INFO  epoch 2 evaluating [time: 0.14s, valid_score: 0.029300]
Sun 15 Mar 2026 12:09:32 INFO  valid result: 
recall@1 : 0.0056    recall@2 : 0.0109    recall@3 : 0.0145    recall@4 : 0.0206    recall@5 : 0.0283    recall@10 : 0.0532    recall@20 : 0.0986    recall@30 : 0.1426    recall@50 : 0.2238    ndcg@1 : 0.0119    ndcg@2 : 0.0146    ndcg@3 : 0.015    ndcg@4 : 0.0175    ndcg@5 : 0.0206    ndcg@10 : 0.0293    ndcg@20 : 0.043    ndcg@30 : 0.0544    ndcg@50 : 0.0732    precision@1 : 0.0119    precision@2 : 0.0131    precision@3 : 0.0109    precision@4 : 0.0113    precision@5 : 0.0122    precision@10 : 0.0116    precision@20 : 0.0112    precision@30 : 0.0107    precision@50 : 0.0104    map@1 : 0.0119    map@2 : 0.0116    map@3 : 0.0111    map@4 : 0.012    map@5 : 0.0133    map@10 : 0.016    map@20 : 0.0192    map@30 : 0.0213    map@50 : 0.024
Sun 15 Mar 2026 12:09:32 INFO  Running E-step ! 
Sun 15 Mar 2026 12:09:32 INFO  epoch 3 training [time: 0.18s, train_loss1: 5.5417, train_loss2: 0.0115, train_loss3: 0.0112]
Sun 15 Mar 2026 12:09:32 INFO  epoch 3 evaluating [time: 0.14s, valid_score: 0.030200]
Sun 15 Mar 2026 12:09:32 INFO  valid result: 
recall@1 : 0.0069    recall@2 : 0.0107    recall@3 : 0.0147    recall@4 : 0.0207    recall@5 : 0.0271    recall@10 : 0.0529    recall@20 : 0.0983    recall@30 : 0.1419    recall@50 : 0.2279    ndcg@1 : 0.0143    ndcg@2 : 0.0156    ndcg@3 : 0.0162    ndcg@4 : 0.0187    ndcg@5 : 0.021    ndcg@10 : 0.0302    ndcg@20 : 0.0437    ndcg@30 : 0.0553    ndcg@50 : 0.0749    precision@1 : 0.0143    precision@2 : 0.0137    precision@3 : 0.0119    precision@4 : 0.0125    precision@5 : 0.0123    precision@10 : 0.0119    precision@20 : 0.0111    precision@30 : 0.0111    precision@50 : 0.0106    map@1 : 0.0143    map@2 : 0.0128    map@3 : 0.0121    map@4 : 0.013    map@5 : 0.0138    map@10 : 0.0168    map@20 : 0.02    map@30 : 0.0221    map@50 : 0.0249
Sun 15 Mar 2026 12:09:32 INFO  Saving current: saved/SCL-Mar-15-2026_12-09-30.pth
Sun 15 Mar 2026 12:09:32 INFO  Saving current best: saved/SCL-Mar-15-2026_12-09-30.pth
Sun 15 Mar 2026 12:09:32 INFO  Running E-step ! 
Sun 15 Mar 2026 12:09:33 INFO  epoch 4 training [time: 0.18s, train_loss1: 5.5411, train_loss2: 0.0102, train_loss3: 0.0112]
Sun 15 Mar 2026 12:09:33 INFO  epoch 4 evaluating [time: 0.15s, valid_score: 0.030700]
Sun 15 Mar 2026 12:09:33 INFO  valid result: 
recall@1 : 0.0069    recall@2 : 0.0104    recall@3 : 0.0159    recall@4 : 0.0212    recall@5 : 0.0281    recall@10 : 0.0533    recall@20 : 0.0983    recall@30 : 0.1397    recall@50 : 0.2294    ndcg@1 : 0.0149    ndcg@2 : 0.0155    ndcg@3 : 0.0171    ndcg@4 : 0.0192    ndcg@5 : 0.0216    ndcg@10 : 0.0307    ndcg@20 : 0.0442    ndcg@30 : 0.0552    ndcg@50 : 0.0755    precision@1 : 0.0149    precision@2 : 0.0134    precision@3 : 0.0129    precision@4 : 0.013    precision@5 : 0.0125    precision@10 : 0.0121    precision@20 : 0.0114    precision@30 : 0.011    precision@50 : 0.0106    map@1 : 0.0149    map@2 : 0.0128    map@3 : 0.0128    map@4 : 0.0132    map@5 : 0.0141    map@10 : 0.017    map@20 : 0.0203    map@30 : 0.0222    map@50 : 0.0252
Sun 15 Mar 2026 12:09:33 INFO  Saving current: saved/SCL-Mar-15-2026_12-09-30.pth
Sun 15 Mar 2026 12:09:33 INFO  Saving current best: saved/SCL-Mar-15-2026_12-09-30.pth
Sun 15 Mar 2026 12:09:33 INFO  Running E-step ! 
Sun 15 Mar 2026 12:09:33 INFO  epoch 5 training [time: 0.18s, train_loss1: 5.5403, train_loss2: 0.0091, train_loss3: 0.0111]
Sun 15 Mar 2026 12:09:33 INFO  epoch 5 evaluating [time: 0.14s, valid_score: 0.032200]
Sun 15 Mar 2026 12:09:33 INFO  valid result: 
recall@1 : 0.0083    recall@2 : 0.012    recall@3 : 0.0181    recall@4 : 0.025    recall@5 : 0.0322    recall@10 : 0.0532    recall@20 : 0.0969    recall@30 : 0.1422    recall@50 : 0.2297    ndcg@1 : 0.0179    ndcg@2 : 0.0178    ndcg@3 : 0.0194    ndcg@4 : 0.0223    ndcg@5 : 0.0248    ndcg@10 : 0.0322    ndcg@20 : 0.0454    ndcg@30 : 0.0574    ndcg@50 : 0.0775    precision@1 : 0.0179    precision@2 : 0.0152    precision@3 : 0.0143    precision@4 : 0.0146    precision@5 : 0.0142    precision@10 : 0.0124    precision@20 : 0.0114    precision@30 : 0.0112    precision@50 : 0.0108    map@1 : 0.0179    map@2 : 0.0147    map@3 : 0.0146    map@4 : 0.0154    map@5 : 0.0164    map@10 : 0.0185    map@20 : 0.0217    map@30 : 0.0238    map@50 : 0.0268
Sun 15 Mar 2026 12:09:33 INFO  Saving current: saved/SCL-Mar-15-2026_12-09-30.pth
Sun 15 Mar 2026 12:09:33 INFO  Saving current best: saved/SCL-Mar-15-2026_12-09-30.pth
Sun 15 Mar 2026 12:09:33 INFO  Running E-step ! 
Sun 15 Mar 2026 12:09:33 INFO  epoch 6 training [time: 0.18s, train_loss1: 5.5394, train_loss2: 0.0081, train_loss3: 0.0110]
Sun 15 Mar 2026 12:09:33 INFO  epoch 6 evaluating [time: 0.14s, valid_score: 0.034500]
Sun 15 Mar 2026 12:09:33 INFO  valid result: 
recall@1 : 0.0089    recall@2 : 0.0142    recall@3 : 0.0214    recall@4 : 0.0263    recall@5 : 0.0316    recall@10 : 0.0561    recall@20 : 0.1009    recall@30 : 0.1471    recall@50 : 0.2366    ndcg@1 : 0.0203    ndcg@2 : 0.02    ndcg@3 : 0.0219    ndcg@4 : 0.0239    ndcg@5 : 0.0258    ndcg@10 : 0.0345    ndcg@20 : 0.048    ndcg@30 : 0.06    ndcg@50 : 0.0807    precision@1 : 0.0203    precision@2 : 0.017    precision@3 : 0.0157    precision@4 : 0.015    precision@5 : 0.0145    precision@10 : 0.0133    precision@20 : 0.012    precision@30 : 0.0117    precision@50 : 0.0113    map@1 : 0.0203    map@2 : 0.0165    map@3 : 0.0165    map@4 : 0.0169    map@5 : 0.0175    map@10 : 0.02    map@20 : 0.0232    map@30 : 0.0254    map@50 : 0.0285
Sun 15 Mar 2026 12:09:33 INFO  Saving current: saved/SCL-Mar-15-2026_12-09-30.pth
Sun 15 Mar 2026 12:09:33 INFO  Saving current best: saved/SCL-Mar-15-2026_12-09-30.pth
Sun 15 Mar 2026 12:09:33 INFO  Running E-step ! 
Sun 15 Mar 2026 12:09:34 INFO  epoch 7 training [time: 0.21s, train_loss1: 5.5384, train_loss2: 0.0074, train_loss3: 0.0109]
Sun 15 Mar 2026 12:09:34 INFO  epoch 7 evaluating [time: 0.14s, valid_score: 0.037300]
Sun 15 Mar 2026 12:09:34 INFO  valid result: 
recall@1 : 0.0099    recall@2 : 0.0172    recall@3 : 0.0233    recall@4 : 0.028    recall@5 : 0.0332    recall@10 : 0.059    recall@20 : 0.1056    recall@30 : 0.151    recall@50 : 0.2359    ndcg@1 : 0.0226    ndcg@2 : 0.0231    ndcg@3 : 0.0243    ndcg@4 : 0.026    ndcg@5 : 0.0279    ndcg@10 : 0.0373    ndcg@20 : 0.0511    ndcg@30 : 0.0631    ndcg@50 : 0.0831    precision@1 : 0.0226    precision@2 : 0.02    precision@3 : 0.0173    precision@4 : 0.0162    precision@5 : 0.0155    precision@10 : 0.0143    precision@20 : 0.0125    precision@30 : 0.012    precision@50 : 0.0114    map@1 : 0.0226    map@2 : 0.0189    map@3 : 0.0183    map@4 : 0.0186    map@5 : 0.0191    map@10 : 0.0219    map@20 : 0.0251    map@30 : 0.0274    map@50 : 0.0304
Sun 15 Mar 2026 12:09:34 INFO  Saving current: saved/SCL-Mar-15-2026_12-09-30.pth
Sun 15 Mar 2026 12:09:34 INFO  Saving current best: saved/SCL-Mar-15-2026_12-09-30.pth
Sun 15 Mar 2026 12:09:34 INFO  Running E-step ! 
Sun 15 Mar 2026 12:09:34 INFO  epoch 8 training [time: 0.18s, train_loss1: 5.5372, train_loss2: 0.0068, train_loss3: 0.0108]
Sun 15 Mar 2026 12:09:34 INFO  epoch 8 evaluating [time: 0.14s, valid_score: 0.040300]
Sun 15 Mar 2026 12:09:34 INFO  valid result: 
recall@1 : 0.01    recall@2 : 0.02    recall@3 : 0.0263    recall@4 : 0.0301    recall@5 : 0.0375    recall@10 : 0.0633    recall@20 : 0.1139    recall@30 : 0.1595    recall@50 : 0.2435    ndcg@1 : 0.0238    ndcg@2 : 0.0264    ndcg@3 : 0.0275    ndcg@4 : 0.0284    ndcg@5 : 0.0312    ndcg@10 : 0.0403    ndcg@20 : 0.0553    ndcg@30 : 0.0674    ndcg@50 : 0.0871    precision@1 : 0.0238    precision@2 : 0.0232    precision@3 : 0.0205    precision@4 : 0.0177    precision@5 : 0.0175    precision@10 : 0.0154    precision@20 : 0.0135    precision@30 : 0.0127    precision@50 : 0.0119    map@1 : 0.0238    map@2 : 0.0216    map@3 : 0.0204    map@4 : 0.0203    map@5 : 0.0212    map@10 : 0.0237    map@20 : 0.0272    map@30 : 0.0296    map@50 : 0.0326
Sun 15 Mar 2026 12:09:34 INFO  Saving current: saved/SCL-Mar-15-2026_12-09-30.pth
Sun 15 Mar 2026 12:09:34 INFO  Saving current best: saved/SCL-Mar-15-2026_12-09-30.pth
Sun 15 Mar 2026 12:09:34 INFO  Running E-step ! 
Sun 15 Mar 2026 12:09:34 INFO  epoch 9 training [time: 0.18s, train_loss1: 5.5356, train_loss2: 0.0064, train_loss3: 0.0108]
Sun 15 Mar 2026 12:09:35 INFO  epoch 9 evaluating [time: 0.14s, valid_score: 0.043800]
Sun 15 Mar 2026 12:09:35 INFO  valid result: 
recall@1 : 0.012    recall@2 : 0.0232    recall@3 : 0.0287    recall@4 : 0.0332    recall@5 : 0.04    recall@10 : 0.0666    recall@20 : 0.1235    recall@30 : 0.1684    recall@50 : 0.2511    ndcg@1 : 0.0262    ndcg@2 : 0.0294    ndcg@3 : 0.0303    ndcg@4 : 0.0318    ndcg@5 : 0.0342    ndcg@10 : 0.0438    ndcg@20 : 0.0611    ndcg@30 : 0.0729    ndcg@50 : 0.0921    precision@1 : 0.0262    precision@2 : 0.0253    precision@3 : 0.0222    precision@4 : 0.0203    precision@5 : 0.0192    precision@10 : 0.0164    precision@20 : 0.015    precision@30 : 0.0135    precision@50 : 0.0122    map@1 : 0.0262    map@2 : 0.0244    map@3 : 0.0229    map@4 : 0.023    map@5 : 0.0237    map@10 : 0.0266    map@20 : 0.0308    map@30 : 0.0332    map@50 : 0.0361
Sun 15 Mar 2026 12:09:35 INFO  Saving current: saved/SCL-Mar-15-2026_12-09-30.pth
Sun 15 Mar 2026 12:09:35 INFO  Saving current best: saved/SCL-Mar-15-2026_12-09-30.pth
Sun 15 Mar 2026 12:09:35 INFO  Running E-step ! 
Sun 15 Mar 2026 12:09:35 INFO  epoch 10 training [time: 0.20s, train_loss1: 5.5337, train_loss2: 0.0061, train_loss3: 0.0107]
Sun 15 Mar 2026 12:09:35 INFO  epoch 10 evaluating [time: 0.14s, valid_score: 0.051500]
Sun 15 Mar 2026 12:09:35 INFO  valid result: 
recall@1 : 0.0137    recall@2 : 0.0262    recall@3 : 0.0337    recall@4 : 0.0402    recall@5 : 0.0488    recall@10 : 0.0787    recall@20 : 0.1332    recall@30 : 0.1775    recall@50 : 0.2654    ndcg@1 : 0.0322    ndcg@2 : 0.0343    ndcg@3 : 0.0362    ndcg@4 : 0.0379    ndcg@5 : 0.0411    ndcg@10 : 0.0515    ndcg@20 : 0.0682    ndcg@30 : 0.0797    ndcg@50 : 0.1001    precision@1 : 0.0322    precision@2 : 0.0295    precision@3 : 0.027    precision@4 : 0.024    precision@5 : 0.0231    precision@10 : 0.0191    precision@20 : 0.0165    precision@30 : 0.0143    precision@50 : 0.0128    map@1 : 0.0322    map@2 : 0.0285    map@3 : 0.0272    map@4 : 0.0273    map@5 : 0.0282    map@10 : 0.0313    map@20 : 0.0354    map@30 : 0.0377    map@50 : 0.0409
Sun 15 Mar 2026 12:09:35 INFO  Saving current: saved/SCL-Mar-15-2026_12-09-30.pth
Sun 15 Mar 2026 12:09:35 INFO  Saving current best: saved/SCL-Mar-15-2026_12-09-30.pth
Sun 15 Mar 2026 12:09:35 INFO  Running E-step ! 
Sun 15 Mar 2026 12:09:35 INFO  epoch 11 training [time: 0.18s, train_loss1: 5.5316, train_loss2: 0.0060, train_loss3: 0.0106]
Sun 15 Mar 2026 12:09:35 INFO  epoch 11 evaluating [time: 0.14s, valid_score: 0.058900]
Sun 15 Mar 2026 12:09:35 INFO  valid result: 
recall@1 : 0.0157    recall@2 : 0.0294    recall@3 : 0.04    recall@4 : 0.0479    recall@5 : 0.0553    recall@10 : 0.089    recall@20 : 0.1466    recall@30 : 0.1957    recall@50 : 0.2857    ndcg@1 : 0.0375    ndcg@2 : 0.0395    ndcg@3 : 0.0421    ndcg@4 : 0.0445    ndcg@5 : 0.0469    ndcg@10 : 0.0589    ndcg@20 : 0.0764    ndcg@30 : 0.0891    ndcg@50 : 0.1098    precision@1 : 0.0375    precision@2 : 0.0343    precision@3 : 0.0314    precision@4 : 0.0285    precision@5 : 0.0263    precision@10 : 0.0219    precision@20 : 0.018    precision@30 : 0.0157    precision@50 : 0.0137    map@1 : 0.0375    map@2 : 0.0325    map@3 : 0.0314    map@4 : 0.0318    map@5 : 0.0323    map@10 : 0.0361    map@20 : 0.0405    map@30 : 0.0431    map@50 : 0.0463
Sun 15 Mar 2026 12:09:35 INFO  Saving current: saved/SCL-Mar-15-2026_12-09-30.pth
Sun 15 Mar 2026 12:09:35 INFO  Saving current best: saved/SCL-Mar-15-2026_12-09-30.pth
Sun 15 Mar 2026 12:09:35 INFO  Running E-step ! 
Sun 15 Mar 2026 12:09:35 INFO  epoch 12 training [time: 0.19s, train_loss1: 5.5287, train_loss2: 0.0060, train_loss3: 0.0106]
Sun 15 Mar 2026 12:09:36 INFO  epoch 12 evaluating [time: 0.14s, valid_score: 0.068800]
Sun 15 Mar 2026 12:09:36 INFO  valid result: 
recall@1 : 0.0205    recall@2 : 0.033    recall@3 : 0.0445    recall@4 : 0.0581    recall@5 : 0.0632    recall@10 : 0.1029    recall@20 : 0.1664    recall@30 : 0.2154    recall@50 : 0.3076    ndcg@1 : 0.0483    ndcg@2 : 0.0457    ndcg@3 : 0.0489    ndcg@4 : 0.0533    ndcg@5 : 0.0547    ndcg@10 : 0.0688    ndcg@20 : 0.088    ndcg@30 : 0.1007    ndcg@50 : 0.1221    precision@1 : 0.0483    precision@2 : 0.0384    precision@3 : 0.0364    precision@4 : 0.0337    precision@5 : 0.03    precision@10 : 0.0252    precision@20 : 0.0202    precision@30 : 0.0173    precision@50 : 0.0148    map@1 : 0.0483    map@2 : 0.0383    map@3 : 0.0372    map@4 : 0.0386    map@5 : 0.0385    map@10 : 0.0429    map@20 : 0.048    map@30 : 0.0508    map@50 : 0.0542
Sun 15 Mar 2026 12:09:36 INFO  Saving current: saved/SCL-Mar-15-2026_12-09-30.pth
Sun 15 Mar 2026 12:09:36 INFO  Saving current best: saved/SCL-Mar-15-2026_12-09-30.pth
Sun 15 Mar 2026 12:09:36 INFO  Running E-step ! 
Sun 15 Mar 2026 12:09:36 INFO  epoch 13 training [time: 0.21s, train_loss1: 5.5252, train_loss2: 0.0063, train_loss3: 0.0105]
Sun 15 Mar 2026 12:09:36 INFO  epoch 13 evaluating [time: 0.14s, valid_score: 0.082400]
Sun 15 Mar 2026 12:09:36 INFO  valid result: 
recall@1 : 0.0236    recall@2 : 0.0415    recall@3 : 0.0552    recall@4 : 0.0687    recall@5 : 0.0774    recall@10 : 0.1236    recall@20 : 0.1876    recall@30 : 0.243    recall@50 : 0.3366    ndcg@1 : 0.053    ndcg@2 : 0.0555    ndcg@3 : 0.0583    ndcg@4 : 0.0626    ndcg@5 : 0.0657    ndcg@10 : 0.0824    ndcg@20 : 0.1015    ndcg@30 : 0.116    ndcg@50 : 0.1378    precision@1 : 0.053    precision@2 : 0.048    precision@3 : 0.0429    precision@4 : 0.0393    precision@5 : 0.0366    precision@10 : 0.03    precision@20 : 0.0226    precision@30 : 0.0194    precision@50 : 0.0163    map@1 : 0.053    map@2 : 0.0463    map@3 : 0.0448    map@4 : 0.0458    map@5 : 0.0464    map@10 : 0.052    map@20 : 0.0574    map@30 : 0.0604    map@50 : 0.0641
Sun 15 Mar 2026 12:09:36 INFO  Saving current: saved/SCL-Mar-15-2026_12-09-30.pth
Sun 15 Mar 2026 12:09:36 INFO  Saving current best: saved/SCL-Mar-15-2026_12-09-30.pth
Sun 15 Mar 2026 12:09:36 INFO  Running E-step ! 
Sun 15 Mar 2026 12:09:36 INFO  epoch 14 training [time: 0.18s, train_loss1: 5.5206, train_loss2: 0.0068, train_loss3: 0.0105]
Sun 15 Mar 2026 12:09:36 INFO  epoch 14 evaluating [time: 0.14s, valid_score: 0.098200]
Sun 15 Mar 2026 12:09:36 INFO  valid result: 
recall@1 : 0.0301    recall@2 : 0.0508    recall@3 : 0.0672    recall@4 : 0.0805    recall@5 : 0.0931    recall@10 : 0.1457    recall@20 : 0.2204    recall@30 : 0.2734    recall@50 : 0.3812    ndcg@1 : 0.0662    ndcg@2 : 0.0682    ndcg@3 : 0.071    ndcg@4 : 0.0752    ndcg@5 : 0.0798    ndcg@10 : 0.0982    ndcg@20 : 0.1205    ndcg@30 : 0.135    ndcg@50 : 0.1598    precision@1 : 0.0662    precision@2 : 0.0581    precision@3 : 0.0515    precision@4 : 0.0472    precision@5 : 0.0442    precision@10 : 0.0341    precision@20 : 0.026    precision@30 : 0.0221    precision@50 : 0.0183    map@1 : 0.0662    map@2 : 0.0578    map@3 : 0.0552    map@4 : 0.056    map@5 : 0.0572    map@10 : 0.0638    map@20 : 0.0701    map@30 : 0.0734    map@50 : 0.0777
Sun 15 Mar 2026 12:09:36 INFO  Saving current: saved/SCL-Mar-15-2026_12-09-30.pth
Sun 15 Mar 2026 12:09:36 INFO  Saving current best: saved/SCL-Mar-15-2026_12-09-30.pth
Sun 15 Mar 2026 12:09:36 INFO  Running E-step ! 
Sun 15 Mar 2026 12:09:36 INFO  epoch 15 training [time: 0.19s, train_loss1: 5.5145, train_loss2: 0.0079, train_loss3: 0.0105]
Sun 15 Mar 2026 12:09:37 INFO  epoch 15 evaluating [time: 0.14s, valid_score: 0.115500]
Sun 15 Mar 2026 12:09:37 INFO  valid result: 
recall@1 : 0.0376    recall@2 : 0.0602    recall@3 : 0.0767    recall@4 : 0.0945    recall@5 : 0.1085    recall@10 : 0.1699    recall@20 : 0.2595    recall@30 : 0.3235    recall@50 : 0.4282    ndcg@1 : 0.0799    ndcg@2 : 0.0813    ndcg@3 : 0.0829    ndcg@4 : 0.0884    ndcg@5 : 0.0934    ndcg@10 : 0.1155    ndcg@20 : 0.1424    ndcg@30 : 0.1596    ndcg@50 : 0.1838    precision@1 : 0.0799    precision@2 : 0.0688    precision@3 : 0.059    precision@4 : 0.0542    precision@5 : 0.0505    precision@10 : 0.0397    precision@20 : 0.0304    precision@30 : 0.0258    precision@50 : 0.0204    map@1 : 0.0799    map@2 : 0.0691    map@3 : 0.0654    map@4 : 0.0666    map@5 : 0.068    map@10 : 0.0764    map@20 : 0.0843    map@30 : 0.0884    map@50 : 0.0929
Sun 15 Mar 2026 12:09:37 INFO  Saving current: saved/SCL-Mar-15-2026_12-09-30.pth
Sun 15 Mar 2026 12:09:37 INFO  Saving current best: saved/SCL-Mar-15-2026_12-09-30.pth
Sun 15 Mar 2026 12:09:37 INFO  Running E-step ! 
Sun 15 Mar 2026 12:09:37 INFO  epoch 16 training [time: 0.18s, train_loss1: 5.5054, train_loss2: 0.0097, train_loss3: 0.0104]
Sun 15 Mar 2026 12:09:37 INFO  epoch 16 evaluating [time: 0.14s, valid_score: 0.142600]
Sun 15 Mar 2026 12:09:37 INFO  valid result: 
recall@1 : 0.0429    recall@2 : 0.0722    recall@3 : 0.0982    recall@4 : 0.1237    recall@5 : 0.1408    recall@10 : 0.2164    recall@20 : 0.3186    recall@30 : 0.389    recall@50 : 0.4822    ndcg@1 : 0.09    ndcg@2 : 0.0944    ndcg@3 : 0.101    ndcg@4 : 0.1094    ndcg@5 : 0.1156    ndcg@10 : 0.1426    ndcg@20 : 0.1734    ndcg@30 : 0.1919    ndcg@50 : 0.214    precision@1 : 0.09    precision@2 : 0.0802    precision@3 : 0.0725    precision@4 : 0.067    precision@5 : 0.0623    precision@10 : 0.0493    precision@20 : 0.037    precision@30 : 0.0304    precision@50 : 0.023    map@1 : 0.09    map@2 : 0.0799    map@3 : 0.0787    map@4 : 0.0813    map@5 : 0.0835    map@10 : 0.0942    map@20 : 0.1036    map@30 : 0.1081    map@50 : 0.1126
Sun 15 Mar 2026 12:09:37 INFO  Saving current: saved/SCL-Mar-15-2026_12-09-30.pth
Sun 15 Mar 2026 12:09:37 INFO  Saving current best: saved/SCL-Mar-15-2026_12-09-30.pth
Sun 15 Mar 2026 12:09:37 INFO  Running E-step ! 
Sun 15 Mar 2026 12:09:37 INFO  epoch 17 training [time: 0.18s, train_loss1: 5.4914, train_loss2: 0.0126, train_loss3: 0.0104]
Sun 15 Mar 2026 12:09:37 INFO  epoch 17 evaluating [time: 0.14s, valid_score: 0.175000]
Sun 15 Mar 2026 12:09:37 INFO  valid result: 
recall@1 : 0.0526    recall@2 : 0.0884    recall@3 : 0.119    recall@4 : 0.1492    recall@5 : 0.1782    recall@10 : 0.2688    recall@20 : 0.3793    recall@30 : 0.4557    recall@50 : 0.5703    ndcg@1 : 0.1061    ndcg@2 : 0.1111    ndcg@3 : 0.1201    ndcg@4 : 0.1312    ndcg@5 : 0.1423    ndcg@10 : 0.175    ndcg@20 : 0.2084    ndcg@30 : 0.2285    ndcg@50 : 0.2552    precision@1 : 0.1061    precision@2 : 0.0918    precision@3 : 0.084    precision@4 : 0.0797    precision@5 : 0.0764    precision@10 : 0.0597    precision@20 : 0.0433    precision@30 : 0.035    precision@50 : 0.0266    map@1 : 0.1061    map@2 : 0.0942    map@3 : 0.0943    map@4 : 0.0985    map@5 : 0.1033    map@10 : 0.1167    map@20 : 0.1275    map@30 : 0.1329    map@50 : 0.1383
Sun 15 Mar 2026 12:09:37 INFO  Saving current: saved/SCL-Mar-15-2026_12-09-30.pth
Sun 15 Mar 2026 12:09:37 INFO  Saving current best: saved/SCL-Mar-15-2026_12-09-30.pth
Sun 15 Mar 2026 12:09:37 INFO  Running E-step ! 
Sun 15 Mar 2026 12:09:38 INFO  epoch 18 training [time: 0.18s, train_loss1: 5.4696, train_loss2: 0.0168, train_loss3: 0.0104]
Sun 15 Mar 2026 12:09:38 INFO  epoch 18 evaluating [time: 0.15s, valid_score: 0.212500]
Sun 15 Mar 2026 12:09:38 INFO  valid result: 
recall@1 : 0.0574    recall@2 : 0.1062    recall@3 : 0.1545    recall@4 : 0.1934    recall@5 : 0.2286    recall@10 : 0.3372    recall@20 : 0.4648    recall@30 : 0.543    recall@50 : 0.6408    ndcg@1 : 0.1103    ndcg@2 : 0.1258    ndcg@3 : 0.1439    ndcg@4 : 0.1593    ndcg@5 : 0.173    ndcg@10 : 0.2125    ndcg@20 : 0.251    ndcg@30 : 0.2715    ndcg@50 : 0.2946    precision@1 : 0.1103    precision@2 : 0.1043    precision@3 : 0.1005    precision@4 : 0.0959    precision@5 : 0.092    precision@10 : 0.0713    precision@20 : 0.0505    precision@30 : 0.04    precision@50 : 0.029    map@1 : 0.1103    map@2 : 0.1061    map@3 : 0.1128    map@4 : 0.1196    map@5 : 0.1256    map@10 : 0.1421    map@20 : 0.155    map@30 : 0.1607    map@50 : 0.1657
Sun 15 Mar 2026 12:09:38 INFO  Saving current: saved/SCL-Mar-15-2026_12-09-30.pth
Sun 15 Mar 2026 12:09:38 INFO  Saving current best: saved/SCL-Mar-15-2026_12-09-30.pth
Sun 15 Mar 2026 12:09:38 INFO  Running E-step ! 
Sun 15 Mar 2026 12:09:38 INFO  epoch 19 training [time: 0.18s, train_loss1: 5.4302, train_loss2: 0.0238, train_loss3: 0.0104]
Sun 15 Mar 2026 12:09:38 INFO  epoch 19 evaluating [time: 0.14s, valid_score: 0.267900]
Sun 15 Mar 2026 12:09:38 INFO  valid result: 
recall@1 : 0.0973    recall@2 : 0.1611    recall@3 : 0.2006    recall@4 : 0.2379    recall@5 : 0.2739    recall@10 : 0.4075    recall@20 : 0.5473    recall@30 : 0.618    recall@50 : 0.6994    ndcg@1 : 0.1609    ndcg@2 : 0.1786    ndcg@3 : 0.1919    ndcg@4 : 0.2059    ndcg@5 : 0.2195    ndcg@10 : 0.2679    ndcg@20 : 0.3098    ndcg@30 : 0.3286    ndcg@50 : 0.3486    precision@1 : 0.1609    precision@2 : 0.1374    precision@3 : 0.12    precision@4 : 0.1097    precision@5 : 0.1025    precision@10 : 0.0798    precision@20 : 0.0561    precision@30 : 0.0434    precision@50 : 0.0306    map@1 : 0.1609    map@2 : 0.1552    map@3 : 0.1588    map@4 : 0.1641    map@5 : 0.1702    map@10 : 0.191    map@20 : 0.205    map@30 : 0.2104    map@50 : 0.215
Sun 15 Mar 2026 12:09:38 INFO  Saving current: saved/SCL-Mar-15-2026_12-09-30.pth
Sun 15 Mar 2026 12:09:38 INFO  Saving current best: saved/SCL-Mar-15-2026_12-09-30.pth
Sun 15 Mar 2026 12:09:38 INFO  Running E-step ! 
Sun 15 Mar 2026 12:09:38 INFO  epoch 20 training [time: 0.19s, train_loss1: 5.3459, train_loss2: 0.0317, train_loss3: 0.0104, train_loss4: 0.0031]
Sun 15 Mar 2026 12:09:38 INFO  epoch 20 evaluating [time: 0.14s, valid_score: 0.292800]
Sun 15 Mar 2026 12:09:38 INFO  valid result: 
recall@1 : 0.1141    recall@2 : 0.197    recall@3 : 0.2459    recall@4 : 0.2824    recall@5 : 0.3135    recall@10 : 0.4299    recall@20 : 0.5907    recall@30 : 0.6477    recall@50 : 0.7277    ndcg@1 : 0.1824    ndcg@2 : 0.2094    ndcg@3 : 0.2264    ndcg@4 : 0.2394    ndcg@5 : 0.251    ndcg@10 : 0.2928    ndcg@20 : 0.3408    ndcg@30 : 0.3568    ndcg@50 : 0.3764    precision@1 : 0.1824    precision@2 : 0.1576    precision@3 : 0.1361    precision@4 : 0.1205    precision@5 : 0.1097    precision@10 : 0.0801    precision@20 : 0.0577    precision@30 : 0.0441    precision@50 : 0.031    map@1 : 0.1824    map@2 : 0.1836    map@3 : 0.1888    map@4 : 0.1932    map@5 : 0.1983    map@10 : 0.2159    map@20 : 0.2319    map@30 : 0.2367    map@50 : 0.2413
Sun 15 Mar 2026 12:09:38 INFO  Saving current: saved/SCL-Mar-15-2026_12-09-30.pth
Sun 15 Mar 2026 12:09:38 INFO  Saving current best: saved/SCL-Mar-15-2026_12-09-30.pth
Sun 15 Mar 2026 12:09:38 INFO  Running E-step ! 
Sun 15 Mar 2026 12:09:39 INFO  epoch 21 training [time: 0.17s, train_loss1: 5.1795, train_loss2: 0.0356, train_loss3: 0.0104, train_loss4: 0.0035]
Sun 15 Mar 2026 12:09:39 INFO  epoch 21 evaluating [time: 0.14s, valid_score: 0.303700]
Sun 15 Mar 2026 12:09:39 INFO  valid result: 
recall@1 : 0.1237    recall@2 : 0.2034    recall@3 : 0.2538    recall@4 : 0.2933    recall@5 : 0.3292    recall@10 : 0.4444    recall@20 : 0.5935    recall@30 : 0.6622    recall@50 : 0.7432    ndcg@1 : 0.1943    ndcg@2 : 0.2182    ndcg@3 : 0.2356    ndcg@4 : 0.2494    ndcg@5 : 0.2628    ndcg@10 : 0.3037    ndcg@20 : 0.3479    ndcg@30 : 0.3667    ndcg@50 : 0.3866    precision@1 : 0.1943    precision@2 : 0.1621    precision@3 : 0.1397    precision@4 : 0.1235    precision@5 : 0.113    precision@10 : 0.0809    precision@20 : 0.057    precision@30 : 0.0442    precision@50 : 0.0311    map@1 : 0.1943    map@2 : 0.1925    map@3 : 0.1977    map@4 : 0.2025    map@5 : 0.2085    map@10 : 0.2256    map@20 : 0.2401    map@30 : 0.2453    map@50 : 0.2498
Sun 15 Mar 2026 12:09:39 INFO  Saving current: saved/SCL-Mar-15-2026_12-09-30.pth
Sun 15 Mar 2026 12:09:39 INFO  Saving current best: saved/SCL-Mar-15-2026_12-09-30.pth
Sun 15 Mar 2026 12:09:39 INFO  Running E-step ! 
Sun 15 Mar 2026 12:09:39 INFO  epoch 22 training [time: 0.17s, train_loss1: 4.9211, train_loss2: 0.0369, train_loss3: 0.0104, train_loss4: 0.0045]
Sun 15 Mar 2026 12:09:39 INFO  epoch 22 evaluating [time: 0.14s, valid_score: 0.308100]
Sun 15 Mar 2026 12:09:39 INFO  valid result: 
recall@1 : 0.1289    recall@2 : 0.2143    recall@3 : 0.2644    recall@4 : 0.3057    recall@5 : 0.3387    recall@10 : 0.4428    recall@20 : 0.5831    recall@30 : 0.6636    recall@50 : 0.7449    ndcg@1 : 0.1985    ndcg@2 : 0.2277    ndcg@3 : 0.244    ndcg@4 : 0.2587    ndcg@5 : 0.2711    ndcg@10 : 0.3081    ndcg@20 : 0.3498    ndcg@30 : 0.3714    ndcg@50 : 0.3915    precision@1 : 0.1985    precision@2 : 0.1692    precision@3 : 0.1426    precision@4 : 0.1265    precision@5 : 0.115    precision@10 : 0.08    precision@20 : 0.0557    precision@30 : 0.0439    precision@50 : 0.031    map@1 : 0.1985    map@2 : 0.201    map@3 : 0.2055    map@4 : 0.2109    map@5 : 0.2164    map@10 : 0.2318    map@20 : 0.2453    map@30 : 0.2511    map@50 : 0.2557
Sun 15 Mar 2026 12:09:39 INFO  Saving current: saved/SCL-Mar-15-2026_12-09-30.pth
Sun 15 Mar 2026 12:09:39 INFO  Saving current best: saved/SCL-Mar-15-2026_12-09-30.pth
Sun 15 Mar 2026 12:09:39 INFO  Running E-step ! 
Sun 15 Mar 2026 12:09:39 INFO  epoch 23 training [time: 0.19s, train_loss1: 4.5874, train_loss2: 0.0373, train_loss3: 0.0105, train_loss4: 0.0054]
Sun 15 Mar 2026 12:09:39 INFO  epoch 23 evaluating [time: 0.14s, valid_score: 0.305700]
Sun 15 Mar 2026 12:09:39 INFO  valid result: 
recall@1 : 0.1264    recall@2 : 0.208    recall@3 : 0.2645    recall@4 : 0.3046    recall@5 : 0.3403    recall@10 : 0.4409    recall@20 : 0.5816    recall@30 : 0.6672    recall@50 : 0.7564    ndcg@1 : 0.1943    ndcg@2 : 0.2228    ndcg@3 : 0.2423    ndcg@4 : 0.2565    ndcg@5 : 0.2696    ndcg@10 : 0.3057    ndcg@20 : 0.3473    ndcg@30 : 0.3701    ndcg@50 : 0.3918    precision@1 : 0.1943    precision@2 : 0.1663    precision@3 : 0.1428    precision@4 : 0.1265    precision@5 : 0.1147    precision@10 : 0.0796    precision@20 : 0.0552    precision@30 : 0.0438    precision@50 : 0.0311    map@1 : 0.1943    map@2 : 0.1964    map@3 : 0.2028    map@4 : 0.2084    map@5 : 0.2141    map@10 : 0.2291    map@20 : 0.2425    map@30 : 0.2486    map@50 : 0.2534
Sun 15 Mar 2026 12:09:39 INFO  Running E-step ! 
Sun 15 Mar 2026 12:09:40 INFO  epoch 24 training [time: 0.18s, train_loss1: 4.2382, train_loss2: 0.0375, train_loss3: 0.0105, train_loss4: 0.0061]
Sun 15 Mar 2026 12:09:40 INFO  epoch 24 evaluating [time: 0.14s, valid_score: 0.308600]
Sun 15 Mar 2026 12:09:40 INFO  valid result: 
recall@1 : 0.1318    recall@2 : 0.2079    recall@3 : 0.2678    recall@4 : 0.3083    recall@5 : 0.3394    recall@10 : 0.443    recall@20 : 0.5818    recall@30 : 0.6663    recall@50 : 0.7646    ndcg@1 : 0.2014    ndcg@2 : 0.2252    ndcg@3 : 0.2463    ndcg@4 : 0.2606    ndcg@5 : 0.2716    ndcg@10 : 0.3086    ndcg@20 : 0.3497    ndcg@30 : 0.3722    ndcg@50 : 0.3956    precision@1 : 0.2014    precision@2 : 0.1666    precision@3 : 0.1444    precision@4 : 0.1277    precision@5 : 0.1142    precision@10 : 0.0797    precision@20 : 0.0551    precision@30 : 0.0437    precision@50 : 0.0313    map@1 : 0.2014    map@2 : 0.1995    map@3 : 0.207    map@4 : 0.2124    map@5 : 0.217    map@10 : 0.2322    map@20 : 0.2454    map@30 : 0.2515    map@50 : 0.2565
Sun 15 Mar 2026 12:09:40 INFO  Saving current: saved/SCL-Mar-15-2026_12-09-30.pth
Sun 15 Mar 2026 12:09:40 INFO  Saving current best: saved/SCL-Mar-15-2026_12-09-30.pth
Sun 15 Mar 2026 12:09:40 INFO  Running E-step ! 
Sun 15 Mar 2026 12:09:40 INFO  epoch 25 training [time: 0.17s, train_loss1: 3.9200, train_loss2: 0.0377, train_loss3: 0.0106, train_loss4: 0.0068]
Sun 15 Mar 2026 12:09:40 INFO  epoch 25 evaluating [time: 0.14s, valid_score: 0.309400]
Sun 15 Mar 2026 12:09:40 INFO  valid result: 
recall@1 : 0.1325    recall@2 : 0.2092    recall@3 : 0.2679    recall@4 : 0.307    recall@5 : 0.3381    recall@10 : 0.4446    recall@20 : 0.5799    recall@30 : 0.6645    recall@50 : 0.7643    ndcg@1 : 0.2026    ndcg@2 : 0.2263    ndcg@3 : 0.2471    ndcg@4 : 0.2605    ndcg@5 : 0.2715    ndcg@10 : 0.3094    ndcg@20 : 0.3493    ndcg@30 : 0.372    ndcg@50 : 0.3959    precision@1 : 0.2026    precision@2 : 0.1672    precision@3 : 0.145    precision@4 : 0.1274    precision@5 : 0.1138    precision@10 : 0.0798    precision@20 : 0.0546    precision@30 : 0.0435    precision@50 : 0.0312    map@1 : 0.2026    map@2 : 0.2007    map@3 : 0.208    map@4 : 0.2126    map@5 : 0.2173    map@10 : 0.2329    map@20 : 0.2457    map@30 : 0.2518    map@50 : 0.2569
Sun 15 Mar 2026 12:09:40 INFO  Saving current: saved/SCL-Mar-15-2026_12-09-30.pth
Sun 15 Mar 2026 12:09:40 INFO  Saving current best: saved/SCL-Mar-15-2026_12-09-30.pth
Sun 15 Mar 2026 12:09:40 INFO  Running E-step ! 
Sun 15 Mar 2026 12:09:40 INFO  epoch 26 training [time: 0.18s, train_loss1: 3.6766, train_loss2: 0.0380, train_loss3: 0.0106, train_loss4: 0.0070]
Sun 15 Mar 2026 12:09:40 INFO  epoch 26 evaluating [time: 0.14s, valid_score: 0.309200]
Sun 15 Mar 2026 12:09:40 INFO  valid result: 
recall@1 : 0.1317    recall@2 : 0.2082    recall@3 : 0.2657    recall@4 : 0.3086    recall@5 : 0.3404    recall@10 : 0.4458    recall@20 : 0.5793    recall@30 : 0.6677    recall@50 : 0.7647    ndcg@1 : 0.2014    ndcg@2 : 0.225    ndcg@3 : 0.245    ndcg@4 : 0.2605    ndcg@5 : 0.2718    ndcg@10 : 0.3092    ndcg@20 : 0.3487    ndcg@30 : 0.3721    ndcg@50 : 0.3954    precision@1 : 0.2014    precision@2 : 0.1663    precision@3 : 0.1432    precision@4 : 0.1278    precision@5 : 0.1143    precision@10 : 0.0799    precision@20 : 0.0546    precision@30 : 0.0436    precision@50 : 0.0312    map@1 : 0.2014    map@2 : 0.1995    map@3 : 0.2064    map@4 : 0.2122    map@5 : 0.217    map@10 : 0.2324    map@20 : 0.245    map@30 : 0.2512    map@50 : 0.2562
Sun 15 Mar 2026 12:09:40 INFO  Running E-step ! 
Sun 15 Mar 2026 12:09:41 INFO  epoch 27 training [time: 0.18s, train_loss1: 3.5004, train_loss2: 0.0382, train_loss3: 0.0106, train_loss4: 0.0073]
Sun 15 Mar 2026 12:09:41 INFO  epoch 27 evaluating [time: 0.14s, valid_score: 0.309000]
Sun 15 Mar 2026 12:09:41 INFO  valid result: 
recall@1 : 0.1312    recall@2 : 0.2088    recall@3 : 0.2678    recall@4 : 0.3085    recall@5 : 0.3389    recall@10 : 0.4454    recall@20 : 0.579    recall@30 : 0.6669    recall@50 : 0.7646    ndcg@1 : 0.2008    ndcg@2 : 0.2251    ndcg@3 : 0.2459    ndcg@4 : 0.2606    ndcg@5 : 0.2711    ndcg@10 : 0.309    ndcg@20 : 0.3485    ndcg@30 : 0.3718    ndcg@50 : 0.3952    precision@1 : 0.2008    precision@2 : 0.1666    precision@3 : 0.1438    precision@4 : 0.128    precision@5 : 0.1138    precision@10 : 0.0797    precision@20 : 0.0546    precision@30 : 0.0436    precision@50 : 0.0312    map@1 : 0.2008    map@2 : 0.1995    map@3 : 0.2071    map@4 : 0.2122    map@5 : 0.2166    map@10 : 0.2322    map@20 : 0.2449    map@30 : 0.251    map@50 : 0.2561
Sun 15 Mar 2026 12:09:41 INFO  Running E-step ! 
Sun 15 Mar 2026 12:09:41 INFO  epoch 28 training [time: 0.19s, train_loss1: 3.3652, train_loss2: 0.0384, train_loss3: 0.0106, train_loss4: 0.0074]
Sun 15 Mar 2026 12:09:41 INFO  epoch 28 evaluating [time: 0.14s, valid_score: 0.309100]
Sun 15 Mar 2026 12:09:41 INFO  valid result: 
recall@1 : 0.1314    recall@2 : 0.2097    recall@3 : 0.2686    recall@4 : 0.3085    recall@5 : 0.3384    recall@10 : 0.4445    recall@20 : 0.5787    recall@30 : 0.6671    recall@50 : 0.7645    ndcg@1 : 0.2014    ndcg@2 : 0.2259    ndcg@3 : 0.2466    ndcg@4 : 0.2609    ndcg@5 : 0.2713    ndcg@10 : 0.3091    ndcg@20 : 0.3487    ndcg@30 : 0.3722    ndcg@50 : 0.3955    precision@1 : 0.2014    precision@2 : 0.1672    precision@3 : 0.1442    precision@4 : 0.1281    precision@5 : 0.1138    precision@10 : 0.0796    precision@20 : 0.0545    precision@30 : 0.0437    precision@50 : 0.0312    map@1 : 0.2014    map@2 : 0.1999    map@3 : 0.2077    map@4 : 0.2126    map@5 : 0.2169    map@10 : 0.2325    map@20 : 0.2452    map@30 : 0.2515    map@50 : 0.2565
Sun 15 Mar 2026 12:09:41 INFO  Running E-step ! 
Sun 15 Mar 2026 12:09:41 INFO  epoch 29 training [time: 0.19s, train_loss1: 3.2823, train_loss2: 0.0386, train_loss3: 0.0106, train_loss4: 0.0075]
Sun 15 Mar 2026 12:09:41 INFO  epoch 29 evaluating [time: 0.14s, valid_score: 0.309000]
Sun 15 Mar 2026 12:09:41 INFO  valid result: 
recall@1 : 0.1314    recall@2 : 0.2099    recall@3 : 0.2682    recall@4 : 0.3091    recall@5 : 0.3378    recall@10 : 0.4442    recall@20 : 0.579    recall@30 : 0.6649    recall@50 : 0.7644    ndcg@1 : 0.2014    ndcg@2 : 0.2259    ndcg@3 : 0.2464    ndcg@4 : 0.2612    ndcg@5 : 0.2711    ndcg@10 : 0.309    ndcg@20 : 0.3488    ndcg@30 : 0.3718    ndcg@50 : 0.3955    precision@1 : 0.2014    precision@2 : 0.1672    precision@3 : 0.144    precision@4 : 0.1283    precision@5 : 0.1137    precision@10 : 0.0796    precision@20 : 0.0546    precision@30 : 0.0436    precision@50 : 0.0312    map@1 : 0.2014    map@2 : 0.1999    map@3 : 0.2076    map@4 : 0.2128    map@5 : 0.2168    map@10 : 0.2325    map@20 : 0.2453    map@30 : 0.2514    map@50 : 0.2565
Sun 15 Mar 2026 12:09:41 INFO  Running E-step ! 
Sun 15 Mar 2026 12:09:42 INFO  epoch 30 training [time: 0.18s, train_loss1: 3.2677, train_loss2: 0.0388, train_loss3: 0.0106, train_loss4: 0.0075]
Sun 15 Mar 2026 12:09:42 INFO  epoch 30 evaluating [time: 0.14s, valid_score: 0.309000]
Sun 15 Mar 2026 12:09:42 INFO  valid result: 
recall@1 : 0.1314    recall@2 : 0.2092    recall@3 : 0.2682    recall@4 : 0.3085    recall@5 : 0.3379    recall@10 : 0.4445    recall@20 : 0.5787    recall@30 : 0.6645    recall@50 : 0.7641    ndcg@1 : 0.2014    ndcg@2 : 0.2253    ndcg@3 : 0.2463    ndcg@4 : 0.2608    ndcg@5 : 0.2711    ndcg@10 : 0.309    ndcg@20 : 0.3486    ndcg@30 : 0.3716    ndcg@50 : 0.3953    precision@1 : 0.2014    precision@2 : 0.1666    precision@3 : 0.144    precision@4 : 0.128    precision@5 : 0.1138    precision@10 : 0.0796    precision@20 : 0.0546    precision@30 : 0.0436    precision@50 : 0.0312    map@1 : 0.2014    map@2 : 0.1995    map@3 : 0.2074    map@4 : 0.2125    map@5 : 0.2167    map@10 : 0.2324    map@20 : 0.2452    map@30 : 0.2513    map@50 : 0.2564
Sun 15 Mar 2026 12:09:42 INFO  Running E-step ! 
Sun 15 Mar 2026 12:09:42 INFO  epoch 31 training [time: 0.17s, train_loss1: 3.2034, train_loss2: 0.0390, train_loss3: 0.0107, train_loss4: 0.0075]
Sun 15 Mar 2026 12:09:42 INFO  epoch 31 evaluating [time: 0.14s, valid_score: 0.308900]
Sun 15 Mar 2026 12:09:42 INFO  valid result: 
recall@1 : 0.1314    recall@2 : 0.2089    recall@3 : 0.2682    recall@4 : 0.3086    recall@5 : 0.3379    recall@10 : 0.4445    recall@20 : 0.5788    recall@30 : 0.6627    recall@50 : 0.7639    ndcg@1 : 0.2008    ndcg@2 : 0.2249    ndcg@3 : 0.2461    ndcg@4 : 0.2607    ndcg@5 : 0.271    ndcg@10 : 0.3089    ndcg@20 : 0.3486    ndcg@30 : 0.3712    ndcg@50 : 0.3953    precision@1 : 0.2008    precision@2 : 0.1663    precision@3 : 0.144    precision@4 : 0.1281    precision@5 : 0.1138    precision@10 : 0.0796    precision@20 : 0.0546    precision@30 : 0.0435    precision@50 : 0.0312    map@1 : 0.2008    map@2 : 0.1992    map@3 : 0.2073    map@4 : 0.2125    map@5 : 0.2167    map@10 : 0.2323    map@20 : 0.2452    map@30 : 0.2512    map@50 : 0.2563
Sun 15 Mar 2026 12:09:42 INFO  Running E-step ! 
Sun 15 Mar 2026 12:09:42 INFO  epoch 32 training [time: 0.17s, train_loss1: 3.2226, train_loss2: 0.0391, train_loss3: 0.0107, train_loss4: 0.0075]
Sun 15 Mar 2026 12:09:42 INFO  epoch 32 evaluating [time: 0.14s, valid_score: 0.309100]
Sun 15 Mar 2026 12:09:42 INFO  valid result: 
recall@1 : 0.1316    recall@2 : 0.2089    recall@3 : 0.2684    recall@4 : 0.3086    recall@5 : 0.3379    recall@10 : 0.4448    recall@20 : 0.5789    recall@30 : 0.6604    recall@50 : 0.7629    ndcg@1 : 0.202    ndcg@2 : 0.2252    ndcg@3 : 0.2465    ndcg@4 : 0.2609    ndcg@5 : 0.2711    ndcg@10 : 0.3091    ndcg@20 : 0.3489    ndcg@30 : 0.3709    ndcg@50 : 0.3953    precision@1 : 0.202    precision@2 : 0.1663    precision@3 : 0.1442    precision@4 : 0.1281    precision@5 : 0.1138    precision@10 : 0.0796    precision@20 : 0.0546    precision@30 : 0.0434    precision@50 : 0.0312    map@1 : 0.202    map@2 : 0.1995    map@3 : 0.2075    map@4 : 0.2127    map@5 : 0.2168    map@10 : 0.2325    map@20 : 0.2453    map@30 : 0.2513    map@50 : 0.2565
Sun 15 Mar 2026 12:09:42 INFO  Running E-step ! 
Sun 15 Mar 2026 12:09:43 INFO  epoch 33 training [time: 0.19s, train_loss1: 3.1676, train_loss2: 0.0392, train_loss3: 0.0107, train_loss4: 0.0074]
Sun 15 Mar 2026 12:09:43 INFO  epoch 33 evaluating [time: 0.14s, valid_score: 0.308900]
Sun 15 Mar 2026 12:09:43 INFO  valid result: 
recall@1 : 0.1314    recall@2 : 0.2089    recall@3 : 0.2683    recall@4 : 0.308    recall@5 : 0.3369    recall@10 : 0.4444    recall@20 : 0.5794    recall@30 : 0.6603    recall@50 : 0.7622    ndcg@1 : 0.2014    ndcg@2 : 0.225    ndcg@3 : 0.2462    ndcg@4 : 0.2606    ndcg@5 : 0.2707    ndcg@10 : 0.3089    ndcg@20 : 0.3489    ndcg@30 : 0.3707    ndcg@50 : 0.395    precision@1 : 0.2014    precision@2 : 0.1663    precision@3 : 0.144    precision@4 : 0.128    precision@5 : 0.1137    precision@10 : 0.0796    precision@20 : 0.0547    precision@30 : 0.0434    precision@50 : 0.0312    map@1 : 0.2014    map@2 : 0.1993    map@3 : 0.2072    map@4 : 0.2124    map@5 : 0.2166    map@10 : 0.2324    map@20 : 0.2452    map@30 : 0.2512    map@50 : 0.2564
Sun 15 Mar 2026 12:09:43 INFO  Running E-step ! 
Sun 15 Mar 2026 12:09:43 INFO  epoch 34 training [time: 0.19s, train_loss1: 3.2006, train_loss2: 0.0394, train_loss3: 0.0107, train_loss4: 0.0074]
Sun 15 Mar 2026 12:09:43 INFO  epoch 34 evaluating [time: 0.14s, valid_score: 0.308700]
Sun 15 Mar 2026 12:09:43 INFO  valid result: 
recall@1 : 0.1306    recall@2 : 0.2088    recall@3 : 0.2682    recall@4 : 0.3077    recall@5 : 0.3373    recall@10 : 0.4448    recall@20 : 0.5791    recall@30 : 0.6592    recall@50 : 0.7626    ndcg@1 : 0.2002    ndcg@2 : 0.225    ndcg@3 : 0.2459    ndcg@4 : 0.2601    ndcg@5 : 0.2705    ndcg@10 : 0.3087    ndcg@20 : 0.3485    ndcg@30 : 0.3702    ndcg@50 : 0.3948    precision@1 : 0.2002    precision@2 : 0.1669    precision@3 : 0.144    precision@4 : 0.1278    precision@5 : 0.1139    precision@10 : 0.0796    precision@20 : 0.0547    precision@30 : 0.0434    precision@50 : 0.0312    map@1 : 0.2002    map@2 : 0.1992    map@3 : 0.2068    map@4 : 0.2119    map@5 : 0.2163    map@10 : 0.232    map@20 : 0.2449    map@30 : 0.2508    map@50 : 0.2561
Sun 15 Mar 2026 12:09:43 INFO  Running E-step ! 
Sun 15 Mar 2026 12:09:43 INFO  epoch 35 training [time: 0.18s, train_loss1: 3.1789, train_loss2: 0.0395, train_loss3: 0.0107, train_loss4: 0.0073]
Sun 15 Mar 2026 12:09:43 INFO  epoch 35 evaluating [time: 0.14s, valid_score: 0.308300]
Sun 15 Mar 2026 12:09:43 INFO  valid result: 
recall@1 : 0.1306    recall@2 : 0.2088    recall@3 : 0.2682    recall@4 : 0.3075    recall@5 : 0.3372    recall@10 : 0.4436    recall@20 : 0.5789    recall@30 : 0.6595    recall@50 : 0.7634    ndcg@1 : 0.2002    ndcg@2 : 0.225    ndcg@3 : 0.2459    ndcg@4 : 0.26    ndcg@5 : 0.2705    ndcg@10 : 0.3083    ndcg@20 : 0.3484    ndcg@30 : 0.3703    ndcg@50 : 0.3949    precision@1 : 0.2002    precision@2 : 0.1669    precision@3 : 0.144    precision@4 : 0.1277    precision@5 : 0.1139    precision@10 : 0.0794    precision@20 : 0.0547    precision@30 : 0.0434    precision@50 : 0.0313    map@1 : 0.2002    map@2 : 0.1992    map@3 : 0.2068    map@4 : 0.2119    map@5 : 0.2163    map@10 : 0.2319    map@20 : 0.2449    map@30 : 0.2508    map@50 : 0.2561
Sun 15 Mar 2026 12:09:43 INFO  Running E-step ! 
Sun 15 Mar 2026 12:09:44 INFO  epoch 36 training [time: 0.17s, train_loss1: 3.1816, train_loss2: 0.0397, train_loss3: 0.0107, train_loss4: 0.0072]
Sun 15 Mar 2026 12:09:44 INFO  epoch 36 evaluating [time: 0.14s, valid_score: 0.308500]
Sun 15 Mar 2026 12:09:44 INFO  valid result: 
recall@1 : 0.1306    recall@2 : 0.2091    recall@3 : 0.2682    recall@4 : 0.3075    recall@5 : 0.3378    recall@10 : 0.4438    recall@20 : 0.5786    recall@30 : 0.6591    recall@50 : 0.7631    ndcg@1 : 0.2002    ndcg@2 : 0.2254    ndcg@3 : 0.2459    ndcg@4 : 0.26    ndcg@5 : 0.2708    ndcg@10 : 0.3085    ndcg@20 : 0.3485    ndcg@30 : 0.3703    ndcg@50 : 0.395    precision@1 : 0.2002    precision@2 : 0.1672    precision@3 : 0.144    precision@4 : 0.1277    precision@5 : 0.1141    precision@10 : 0.0797    precision@20 : 0.0547    precision@30 : 0.0434    precision@50 : 0.0313    map@1 : 0.2002    map@2 : 0.1995    map@3 : 0.2069    map@4 : 0.2119    map@5 : 0.2165    map@10 : 0.2321    map@20 : 0.245    map@30 : 0.2509    map@50 : 0.2562
Sun 15 Mar 2026 12:09:44 INFO  Running E-step ! 
Sun 15 Mar 2026 12:09:44 INFO  epoch 37 training [time: 0.17s, train_loss1: 3.1290, train_loss2: 0.0398, train_loss3: 0.0107, train_loss4: 0.0071]
Sun 15 Mar 2026 12:09:44 INFO  epoch 37 evaluating [time: 0.14s, valid_score: 0.309000]
Sun 15 Mar 2026 12:09:44 INFO  valid result: 
recall@1 : 0.1306    recall@2 : 0.2093    recall@3 : 0.2688    recall@4 : 0.307    recall@5 : 0.3379    recall@10 : 0.4448    recall@20 : 0.58    recall@30 : 0.6586    recall@50 : 0.7633    ndcg@1 : 0.2002    ndcg@2 : 0.2256    ndcg@3 : 0.2464    ndcg@4 : 0.2599    ndcg@5 : 0.271    ndcg@10 : 0.309    ndcg@20 : 0.349    ndcg@30 : 0.3703    ndcg@50 : 0.395    precision@1 : 0.2002    precision@2 : 0.1675    precision@3 : 0.1444    precision@4 : 0.1275    precision@5 : 0.1143    precision@10 : 0.08    precision@20 : 0.0549    precision@30 : 0.0434    precision@50 : 0.0313    map@1 : 0.2002    map@2 : 0.1998    map@3 : 0.2072    map@4 : 0.2119    map@5 : 0.2166    map@10 : 0.2324    map@20 : 0.2452    map@30 : 0.2511    map@50 : 0.2563
Sun 15 Mar 2026 12:09:44 INFO  Running E-step ! 
Sun 15 Mar 2026 12:09:44 INFO  epoch 38 training [time: 0.19s, train_loss1: 3.1205, train_loss2: 0.0399, train_loss3: 0.0107, train_loss4: 0.0069]
Sun 15 Mar 2026 12:09:44 INFO  epoch 38 evaluating [time: 0.14s, valid_score: 0.308800]
Sun 15 Mar 2026 12:09:44 INFO  valid result: 
recall@1 : 0.1306    recall@2 : 0.2095    recall@3 : 0.2685    recall@4 : 0.3064    recall@5 : 0.3379    recall@10 : 0.4444    recall@20 : 0.58    recall@30 : 0.6588    recall@50 : 0.7651    ndcg@1 : 0.2002    ndcg@2 : 0.2258    ndcg@3 : 0.2463    ndcg@4 : 0.2597    ndcg@5 : 0.271    ndcg@10 : 0.3088    ndcg@20 : 0.349    ndcg@30 : 0.3703    ndcg@50 : 0.3954    precision@1 : 0.2002    precision@2 : 0.1678    precision@3 : 0.1442    precision@4 : 0.1274    precision@5 : 0.1143    precision@10 : 0.0799    precision@20 : 0.0549    precision@30 : 0.0434    precision@50 : 0.0314    map@1 : 0.2002    map@2 : 0.1998    map@3 : 0.207    map@4 : 0.2117    map@5 : 0.2166    map@10 : 0.2323    map@20 : 0.2452    map@30 : 0.251    map@50 : 0.2563
Sun 15 Mar 2026 12:09:44 INFO  Running E-step ! 
Sun 15 Mar 2026 12:09:45 INFO  epoch 39 training [time: 0.17s, train_loss1: 3.1331, train_loss2: 0.0400, train_loss3: 0.0107, train_loss4: 0.0067]
Sun 15 Mar 2026 12:09:45 INFO  epoch 39 evaluating [time: 0.14s, valid_score: 0.309100]
Sun 15 Mar 2026 12:09:45 INFO  valid result: 
recall@1 : 0.1306    recall@2 : 0.2095    recall@3 : 0.2684    recall@4 : 0.3064    recall@5 : 0.3381    recall@10 : 0.4452    recall@20 : 0.5799    recall@30 : 0.6601    recall@50 : 0.765    ndcg@1 : 0.2002    ndcg@2 : 0.2258    ndcg@3 : 0.2461    ndcg@4 : 0.2596    ndcg@5 : 0.2711    ndcg@10 : 0.3091    ndcg@20 : 0.3491    ndcg@30 : 0.3708    ndcg@50 : 0.3955    precision@1 : 0.2002    precision@2 : 0.1678    precision@3 : 0.144    precision@4 : 0.1274    precision@5 : 0.1144    precision@10 : 0.08    precision@20 : 0.0549    precision@30 : 0.0435    precision@50 : 0.0314    map@1 : 0.2002    map@2 : 0.1998    map@3 : 0.2069    map@4 : 0.2117    map@5 : 0.2166    map@10 : 0.2324    map@20 : 0.2453    map@30 : 0.2512    map@50 : 0.2564
Sun 15 Mar 2026 12:09:45 INFO  Running E-step ! 
Sun 15 Mar 2026 12:09:45 INFO  epoch 40 training [time: 0.18s, train_loss1: 3.1345, train_loss2: 0.0401, train_loss3: 0.0107, train_loss4: 0.0067]
Sun 15 Mar 2026 12:09:45 INFO  epoch 40 evaluating [time: 0.14s, valid_score: 0.309100]
Sun 15 Mar 2026 12:09:45 INFO  valid result: 
recall@1 : 0.1306    recall@2 : 0.2095    recall@3 : 0.2684    recall@4 : 0.3064    recall@5 : 0.3381    recall@10 : 0.4453    recall@20 : 0.58    recall@30 : 0.6597    recall@50 : 0.7582    ndcg@1 : 0.2002    ndcg@2 : 0.2258    ndcg@3 : 0.2461    ndcg@4 : 0.2596    ndcg@5 : 0.271    ndcg@10 : 0.3091    ndcg@20 : 0.3492    ndcg@30 : 0.3707    ndcg@50 : 0.3943    precision@1 : 0.2002    precision@2 : 0.1678    precision@3 : 0.144    precision@4 : 0.1274    precision@5 : 0.1143    precision@10 : 0.08    precision@20 : 0.055    precision@30 : 0.0435    precision@50 : 0.0313    map@1 : 0.2002    map@2 : 0.1998    map@3 : 0.2069    map@4 : 0.2117    map@5 : 0.2166    map@10 : 0.2324    map@20 : 0.2453    map@30 : 0.2512    map@50 : 0.2563
Sun 15 Mar 2026 12:09:45 INFO  Running E-step ! 
Sun 15 Mar 2026 12:09:45 INFO  epoch 41 training [time: 0.17s, train_loss1: 3.1227, train_loss2: 0.0403, train_loss3: 0.0107, train_loss4: 0.0066]
Sun 15 Mar 2026 12:09:45 INFO  epoch 41 evaluating [time: 0.15s, valid_score: 0.309300]
Sun 15 Mar 2026 12:09:45 INFO  valid result: 
recall@1 : 0.1306    recall@2 : 0.2095    recall@3 : 0.2685    recall@4 : 0.3067    recall@5 : 0.3382    recall@10 : 0.4457    recall@20 : 0.5805    recall@30 : 0.6613    recall@50 : 0.754    ndcg@1 : 0.2002    ndcg@2 : 0.2258    ndcg@3 : 0.2463    ndcg@4 : 0.2598    ndcg@5 : 0.2711    ndcg@10 : 0.3093    ndcg@20 : 0.3494    ndcg@30 : 0.3712    ndcg@50 : 0.3937    precision@1 : 0.2002    precision@2 : 0.1678    precision@3 : 0.1442    precision@4 : 0.1275    precision@5 : 0.1144    precision@10 : 0.0802    precision@20 : 0.0551    precision@30 : 0.0436    precision@50 : 0.0312    map@1 : 0.2002    map@2 : 0.1998    map@3 : 0.207    map@4 : 0.2118    map@5 : 0.2167    map@10 : 0.2326    map@20 : 0.2455    map@30 : 0.2514    map@50 : 0.2564
Sun 15 Mar 2026 12:09:45 INFO  Running E-step ! 
Sun 15 Mar 2026 12:09:46 INFO  epoch 42 training [time: 0.18s, train_loss1: 3.0886, train_loss2: 0.0404, train_loss3: 0.0107, train_loss4: 0.0065]
Sun 15 Mar 2026 12:09:46 INFO  epoch 42 evaluating [time: 0.14s, valid_score: 0.309600]
Sun 15 Mar 2026 12:09:46 INFO  valid result: 
recall@1 : 0.1306    recall@2 : 0.2088    recall@3 : 0.2681    recall@4 : 0.3067    recall@5 : 0.3381    recall@10 : 0.4469    recall@20 : 0.5796    recall@30 : 0.6616    recall@50 : 0.7533    ndcg@1 : 0.2002    ndcg@2 : 0.2251    ndcg@3 : 0.246    ndcg@4 : 0.2596    ndcg@5 : 0.2709    ndcg@10 : 0.3096    ndcg@20 : 0.3491    ndcg@30 : 0.3711    ndcg@50 : 0.3935    precision@1 : 0.2002    precision@2 : 0.1669    precision@3 : 0.1442    precision@4 : 0.1275    precision@5 : 0.1143    precision@10 : 0.0805    precision@20 : 0.0551    precision@30 : 0.0436    precision@50 : 0.0312    map@1 : 0.2002    map@2 : 0.1992    map@3 : 0.2068    map@4 : 0.2116    map@5 : 0.2165    map@10 : 0.2326    map@20 : 0.2453    map@30 : 0.2513    map@50 : 0.2563
Sun 15 Mar 2026 12:09:46 INFO  Saving current: saved/SCL-Mar-15-2026_12-09-30.pth
Sun 15 Mar 2026 12:09:46 INFO  Saving current best: saved/SCL-Mar-15-2026_12-09-30.pth
Sun 15 Mar 2026 12:09:46 INFO  Running E-step ! 
Sun 15 Mar 2026 12:09:46 INFO  epoch 43 training [time: 0.18s, train_loss1: 3.1336, train_loss2: 0.0405, train_loss3: 0.0107, train_loss4: 0.0065]
Sun 15 Mar 2026 12:09:46 INFO  epoch 43 evaluating [time: 0.14s, valid_score: 0.309700]
Sun 15 Mar 2026 12:09:46 INFO  valid result: 
recall@1 : 0.1306    recall@2 : 0.2091    recall@3 : 0.2684    recall@4 : 0.3067    recall@5 : 0.3381    recall@10 : 0.447    recall@20 : 0.5805    recall@30 : 0.6631    recall@50 : 0.7537    ndcg@1 : 0.2002    ndcg@2 : 0.2254    ndcg@3 : 0.2462    ndcg@4 : 0.2597    ndcg@5 : 0.271    ndcg@10 : 0.3097    ndcg@20 : 0.3494    ndcg@30 : 0.3716    ndcg@50 : 0.3937    precision@1 : 0.2002    precision@2 : 0.1672    precision@3 : 0.1444    precision@4 : 0.1275    precision@5 : 0.1143    precision@10 : 0.0804    precision@20 : 0.0552    precision@30 : 0.0437    precision@50 : 0.0312    map@1 : 0.2002    map@2 : 0.1993    map@3 : 0.2068    map@4 : 0.2117    map@5 : 0.2165    map@10 : 0.2326    map@20 : 0.2454    map@30 : 0.2514    map@50 : 0.2563
Sun 15 Mar 2026 12:09:46 INFO  Saving current: saved/SCL-Mar-15-2026_12-09-30.pth
Sun 15 Mar 2026 12:09:46 INFO  Saving current best: saved/SCL-Mar-15-2026_12-09-30.pth
Sun 15 Mar 2026 12:09:46 INFO  Running E-step ! 
Sun 15 Mar 2026 12:09:46 INFO  epoch 44 training [time: 0.16s, train_loss1: 3.0623, train_loss2: 0.0406, train_loss3: 0.0107, train_loss4: 0.0063]
Sun 15 Mar 2026 12:09:46 INFO  epoch 44 evaluating [time: 0.14s, valid_score: 0.309600]
Sun 15 Mar 2026 12:09:46 INFO  valid result: 
recall@1 : 0.1306    recall@2 : 0.2085    recall@3 : 0.2692    recall@4 : 0.3076    recall@5 : 0.3386    recall@10 : 0.4467    recall@20 : 0.5803    recall@30 : 0.6631    recall@50 : 0.7525    ndcg@1 : 0.2002    ndcg@2 : 0.225    ndcg@3 : 0.2466    ndcg@4 : 0.2601    ndcg@5 : 0.2712    ndcg@10 : 0.3096    ndcg@20 : 0.3495    ndcg@30 : 0.3717    ndcg@50 : 0.3936    precision@1 : 0.2002    precision@2 : 0.1669    precision@3 : 0.145    precision@4 : 0.1278    precision@5 : 0.1143    precision@10 : 0.0803    precision@20 : 0.0553    precision@30 : 0.0437    precision@50 : 0.0312    map@1 : 0.2002    map@2 : 0.199    map@3 : 0.2071    map@4 : 0.2119    map@5 : 0.2166    map@10 : 0.2326    map@20 : 0.2455    map@30 : 0.2515    map@50 : 0.2565
Sun 15 Mar 2026 12:09:46 INFO  Running E-step ! 
Sun 15 Mar 2026 12:09:47 INFO  epoch 45 training [time: 0.17s, train_loss1: 3.0691, train_loss2: 0.0407, train_loss3: 0.0107, train_loss4: 0.0062]
Sun 15 Mar 2026 12:09:47 INFO  epoch 45 evaluating [time: 0.14s, valid_score: 0.309700]
Sun 15 Mar 2026 12:09:47 INFO  valid result: 
recall@1 : 0.1306    recall@2 : 0.2085    recall@3 : 0.2692    recall@4 : 0.3076    recall@5 : 0.3386    recall@10 : 0.4471    recall@20 : 0.5801    recall@30 : 0.6629    recall@50 : 0.7527    ndcg@1 : 0.2002    ndcg@2 : 0.225    ndcg@3 : 0.2466    ndcg@4 : 0.2601    ndcg@5 : 0.2712    ndcg@10 : 0.3097    ndcg@20 : 0.3495    ndcg@30 : 0.3717    ndcg@50 : 0.3937    precision@1 : 0.2002    precision@2 : 0.1669    precision@3 : 0.145    precision@4 : 0.1278    precision@5 : 0.1143    precision@10 : 0.0803    precision@20 : 0.0553    precision@30 : 0.0438    precision@50 : 0.0313    map@1 : 0.2002    map@2 : 0.199    map@3 : 0.2071    map@4 : 0.2119    map@5 : 0.2166    map@10 : 0.2326    map@20 : 0.2455    map@30 : 0.2515    map@50 : 0.2565
Sun 15 Mar 2026 12:09:47 INFO  Saving current: saved/SCL-Mar-15-2026_12-09-30.pth
Sun 15 Mar 2026 12:09:47 INFO  Saving current best: saved/SCL-Mar-15-2026_12-09-30.pth
Sun 15 Mar 2026 12:09:47 INFO  Running E-step ! 
Sun 15 Mar 2026 12:09:47 INFO  epoch 46 training [time: 0.19s, train_loss1: 3.0966, train_loss2: 0.0408, train_loss3: 0.0107, train_loss4: 0.0059]
Sun 15 Mar 2026 12:09:47 INFO  epoch 46 evaluating [time: 0.14s, valid_score: 0.309800]
Sun 15 Mar 2026 12:09:47 INFO  valid result: 
recall@1 : 0.1306    recall@2 : 0.2085    recall@3 : 0.2689    recall@4 : 0.3074    recall@5 : 0.339    recall@10 : 0.4475    recall@20 : 0.581    recall@30 : 0.6637    recall@50 : 0.7527    ndcg@1 : 0.2002    ndcg@2 : 0.225    ndcg@3 : 0.2465    ndcg@4 : 0.2601    ndcg@5 : 0.2713    ndcg@10 : 0.3098    ndcg@20 : 0.3498    ndcg@30 : 0.372    ndcg@50 : 0.3938    precision@1 : 0.2002    precision@2 : 0.1669    precision@3 : 0.145    precision@4 : 0.128    precision@5 : 0.1145    precision@10 : 0.0803    precision@20 : 0.0554    precision@30 : 0.0438    precision@50 : 0.0313    map@1 : 0.2002    map@2 : 0.199    map@3 : 0.207    map@4 : 0.2118    map@5 : 0.2167    map@10 : 0.2326    map@20 : 0.2456    map@30 : 0.2516    map@50 : 0.2566
Sun 15 Mar 2026 12:09:47 INFO  Saving current: saved/SCL-Mar-15-2026_12-09-30.pth
Sun 15 Mar 2026 12:09:47 INFO  Saving current best: saved/SCL-Mar-15-2026_12-09-30.pth
Sun 15 Mar 2026 12:09:47 INFO  Running E-step ! 
Sun 15 Mar 2026 12:09:47 INFO  epoch 47 training [time: 0.17s, train_loss1: 3.0735, train_loss2: 0.0409, train_loss3: 0.0107, train_loss4: 0.0058]
Sun 15 Mar 2026 12:09:47 INFO  epoch 47 evaluating [time: 0.14s, valid_score: 0.310300]
Sun 15 Mar 2026 12:09:47 INFO  valid result: 
recall@1 : 0.1318    recall@2 : 0.2094    recall@3 : 0.269    recall@4 : 0.3077    recall@5 : 0.3386    recall@10 : 0.4471    recall@20 : 0.5819    recall@30 : 0.6654    recall@50 : 0.7526    ndcg@1 : 0.202    ndcg@2 : 0.2264    ndcg@3 : 0.247    ndcg@4 : 0.2609    ndcg@5 : 0.2719    ndcg@10 : 0.3103    ndcg@20 : 0.3506    ndcg@30 : 0.373    ndcg@50 : 0.3945    precision@1 : 0.202    precision@2 : 0.1678    precision@3 : 0.1446    precision@4 : 0.128    precision@5 : 0.1145    precision@10 : 0.0803    precision@20 : 0.0555    precision@30 : 0.0439    precision@50 : 0.0313    map@1 : 0.202    map@2 : 0.2004    map@3 : 0.2076    map@4 : 0.2126    map@5 : 0.2174    map@10 : 0.2333    map@20 : 0.2464    map@30 : 0.2524    map@50 : 0.2574
Sun 15 Mar 2026 12:09:47 INFO  Saving current: saved/SCL-Mar-15-2026_12-09-30.pth
Sun 15 Mar 2026 12:09:47 INFO  Saving current best: saved/SCL-Mar-15-2026_12-09-30.pth
Sun 15 Mar 2026 12:09:47 INFO  Running E-step ! 
Sun 15 Mar 2026 12:09:48 INFO  epoch 48 training [time: 0.18s, train_loss1: 3.0219, train_loss2: 0.0410, train_loss3: 0.0107, train_loss4: 0.0057]
Sun 15 Mar 2026 12:09:48 INFO  epoch 48 evaluating [time: 0.15s, valid_score: 0.310100]
Sun 15 Mar 2026 12:09:48 INFO  valid result: 
recall@1 : 0.1318    recall@2 : 0.2094    recall@3 : 0.2693    recall@4 : 0.3079    recall@5 : 0.3388    recall@10 : 0.446    recall@20 : 0.5831    recall@30 : 0.6668    recall@50 : 0.751    ndcg@1 : 0.202    ndcg@2 : 0.2264    ndcg@3 : 0.2472    ndcg@4 : 0.2611    ndcg@5 : 0.272    ndcg@10 : 0.3101    ndcg@20 : 0.3511    ndcg@30 : 0.3735    ndcg@50 : 0.3943    precision@1 : 0.202    precision@2 : 0.1678    precision@3 : 0.1448    precision@4 : 0.1283    precision@5 : 0.1145    precision@10 : 0.0803    precision@20 : 0.0557    precision@30 : 0.0441    precision@50 : 0.0313    map@1 : 0.202    map@2 : 0.2004    map@3 : 0.2078    map@4 : 0.2127    map@5 : 0.2175    map@10 : 0.2332    map@20 : 0.2466    map@30 : 0.2526    map@50 : 0.2575
Sun 15 Mar 2026 12:09:48 INFO  Running E-step ! 
Sun 15 Mar 2026 12:09:48 INFO  epoch 49 training [time: 0.19s, train_loss1: 3.0485, train_loss2: 0.0410, train_loss3: 0.0107, train_loss4: 0.0056]
Sun 15 Mar 2026 12:09:48 INFO  epoch 49 evaluating [time: 0.14s, valid_score: 0.310000]
Sun 15 Mar 2026 12:09:48 INFO  valid result: 
recall@1 : 0.1318    recall@2 : 0.2094    recall@3 : 0.2693    recall@4 : 0.3086    recall@5 : 0.3391    recall@10 : 0.4456    recall@20 : 0.5832    recall@30 : 0.6682    recall@50 : 0.7517    ndcg@1 : 0.202    ndcg@2 : 0.2262    ndcg@3 : 0.2471    ndcg@4 : 0.2614    ndcg@5 : 0.2721    ndcg@10 : 0.31    ndcg@20 : 0.3512    ndcg@30 : 0.3739    ndcg@50 : 0.3945    precision@1 : 0.202    precision@2 : 0.1675    precision@3 : 0.1448    precision@4 : 0.1284    precision@5 : 0.1148    precision@10 : 0.0803    precision@20 : 0.0557    precision@30 : 0.0442    precision@50 : 0.0313    map@1 : 0.202    map@2 : 0.2002    map@3 : 0.2078    map@4 : 0.213    map@5 : 0.2176    map@10 : 0.2333    map@20 : 0.2467    map@30 : 0.2528    map@50 : 0.2576
Sun 15 Mar 2026 12:09:48 INFO  Running E-step ! 
Sun 15 Mar 2026 12:09:48 INFO  epoch 50 training [time: 0.19s, train_loss1: 3.0609, train_loss2: 0.0411, train_loss3: 0.0107, train_loss4: 0.0055]
Sun 15 Mar 2026 12:09:48 INFO  epoch 50 evaluating [time: 0.14s, valid_score: 0.310200]
Sun 15 Mar 2026 12:09:48 INFO  valid result: 
recall@1 : 0.1318    recall@2 : 0.2094    recall@3 : 0.269    recall@4 : 0.3088    recall@5 : 0.3393    recall@10 : 0.446    recall@20 : 0.5841    recall@30 : 0.6685    recall@50 : 0.7507    ndcg@1 : 0.202    ndcg@2 : 0.2262    ndcg@3 : 0.247    ndcg@4 : 0.2614    ndcg@5 : 0.2724    ndcg@10 : 0.3102    ndcg@20 : 0.3515    ndcg@30 : 0.374    ndcg@50 : 0.3944    precision@1 : 0.202    precision@2 : 0.1675    precision@3 : 0.1446    precision@4 : 0.1286    precision@5 : 0.1151    precision@10 : 0.0803    precision@20 : 0.0559    precision@30 : 0.0442    precision@50 : 0.0313    map@1 : 0.202    map@2 : 0.2002    map@3 : 0.2077    map@4 : 0.2131    map@5 : 0.2177    map@10 : 0.2334    map@20 : 0.2469    map@30 : 0.253    map@50 : 0.2577
Sun 15 Mar 2026 12:09:48 INFO  Running E-step ! 
Sun 15 Mar 2026 12:09:49 INFO  epoch 51 training [time: 0.17s, train_loss1: 3.0101, train_loss2: 0.0411, train_loss3: 0.0107, train_loss4: 0.0054]
Sun 15 Mar 2026 12:09:49 INFO  epoch 51 evaluating [time: 0.14s, valid_score: 0.310400]
Sun 15 Mar 2026 12:09:49 INFO  valid result: 
recall@1 : 0.1318    recall@2 : 0.2091    recall@3 : 0.2693    recall@4 : 0.309    recall@5 : 0.3395    recall@10 : 0.4467    recall@20 : 0.5845    recall@30 : 0.6684    recall@50 : 0.7509    ndcg@1 : 0.202    ndcg@2 : 0.226    ndcg@3 : 0.2471    ndcg@4 : 0.2615    ndcg@5 : 0.2726    ndcg@10 : 0.3104    ndcg@20 : 0.3518    ndcg@30 : 0.3741    ndcg@50 : 0.3946    precision@1 : 0.202    precision@2 : 0.1672    precision@3 : 0.1448    precision@4 : 0.1286    precision@5 : 0.1154    precision@10 : 0.0804    precision@20 : 0.056    precision@30 : 0.0442    precision@50 : 0.0313    map@1 : 0.202    map@2 : 0.1999    map@3 : 0.2077    map@4 : 0.213    map@5 : 0.2178    map@10 : 0.2335    map@20 : 0.247    map@30 : 0.253    map@50 : 0.2578
Sun 15 Mar 2026 12:09:49 INFO  Saving current: saved/SCL-Mar-15-2026_12-09-30.pth
Sun 15 Mar 2026 12:09:49 INFO  Saving current best: saved/SCL-Mar-15-2026_12-09-30.pth
Sun 15 Mar 2026 12:09:49 INFO  Running E-step ! 
Sun 15 Mar 2026 12:09:49 INFO  epoch 52 training [time: 0.19s, train_loss1: 3.0450, train_loss2: 0.0412, train_loss3: 0.0107, train_loss4: 0.0053]
Sun 15 Mar 2026 12:09:49 INFO  epoch 52 evaluating [time: 0.14s, valid_score: 0.310400]
Sun 15 Mar 2026 12:09:49 INFO  valid result: 
recall@1 : 0.1318    recall@2 : 0.2094    recall@3 : 0.2689    recall@4 : 0.3093    recall@5 : 0.3398    recall@10 : 0.4463    recall@20 : 0.5845    recall@30 : 0.6693    recall@50 : 0.7498    ndcg@1 : 0.202    ndcg@2 : 0.2264    ndcg@3 : 0.2469    ndcg@4 : 0.2617    ndcg@5 : 0.2727    ndcg@10 : 0.3104    ndcg@20 : 0.3518    ndcg@30 : 0.3744    ndcg@50 : 0.3945    precision@1 : 0.202    precision@2 : 0.1678    precision@3 : 0.1444    precision@4 : 0.1289    precision@5 : 0.1155    precision@10 : 0.0803    precision@20 : 0.056    precision@30 : 0.0443    precision@50 : 0.0313    map@1 : 0.202    map@2 : 0.2004    map@3 : 0.2075    map@4 : 0.2132    map@5 : 0.218    map@10 : 0.2336    map@20 : 0.2471    map@30 : 0.2532    map@50 : 0.258
Sun 15 Mar 2026 12:09:49 INFO  Saving current: saved/SCL-Mar-15-2026_12-09-30.pth
Sun 15 Mar 2026 12:09:49 INFO  Saving current best: saved/SCL-Mar-15-2026_12-09-30.pth
Sun 15 Mar 2026 12:09:49 INFO  Running E-step ! 
Sun 15 Mar 2026 12:09:49 INFO  epoch 53 training [time: 0.20s, train_loss1: 3.0454, train_loss2: 0.0412, train_loss3: 0.0107, train_loss4: 0.0052]
Sun 15 Mar 2026 12:09:49 INFO  epoch 53 evaluating [time: 0.14s, valid_score: 0.310600]
Sun 15 Mar 2026 12:09:49 INFO  valid result: 
recall@1 : 0.1318    recall@2 : 0.2096    recall@3 : 0.2689    recall@4 : 0.3097    recall@5 : 0.3396    recall@10 : 0.4467    recall@20 : 0.5853    recall@30 : 0.6688    recall@50 : 0.7488    ndcg@1 : 0.202    ndcg@2 : 0.2266    ndcg@3 : 0.2469    ndcg@4 : 0.2619    ndcg@5 : 0.2727    ndcg@10 : 0.3106    ndcg@20 : 0.3521    ndcg@30 : 0.3744    ndcg@50 : 0.3945    precision@1 : 0.202    precision@2 : 0.1681    precision@3 : 0.1444    precision@4 : 0.1289    precision@5 : 0.1154    precision@10 : 0.0805    precision@20 : 0.0561    precision@30 : 0.0443    precision@50 : 0.0313    map@1 : 0.202    map@2 : 0.2005    map@3 : 0.2075    map@4 : 0.2132    map@5 : 0.218    map@10 : 0.2337    map@20 : 0.2472    map@30 : 0.2532    map@50 : 0.258
Sun 15 Mar 2026 12:09:49 INFO  Saving current: saved/SCL-Mar-15-2026_12-09-30.pth
Sun 15 Mar 2026 12:09:49 INFO  Saving current best: saved/SCL-Mar-15-2026_12-09-30.pth
Sun 15 Mar 2026 12:09:49 INFO  Running E-step ! 
Sun 15 Mar 2026 12:09:50 INFO  epoch 54 training [time: 0.18s, train_loss1: 2.9835, train_loss2: 0.0413, train_loss3: 0.0107, train_loss4: 0.0050]
Sun 15 Mar 2026 12:09:50 INFO  epoch 54 evaluating [time: 0.14s, valid_score: 0.310600]
Sun 15 Mar 2026 12:09:50 INFO  valid result: 
recall@1 : 0.1318    recall@2 : 0.2102    recall@3 : 0.2689    recall@4 : 0.31    recall@5 : 0.3391    recall@10 : 0.4467    recall@20 : 0.5864    recall@30 : 0.6687    recall@50 : 0.7492    ndcg@1 : 0.2014    ndcg@2 : 0.2269    ndcg@3 : 0.2469    ndcg@4 : 0.262    ndcg@5 : 0.2725    ndcg@10 : 0.3106    ndcg@20 : 0.3526    ndcg@30 : 0.3745    ndcg@50 : 0.3947    precision@1 : 0.2014    precision@2 : 0.1684    precision@3 : 0.1444    precision@4 : 0.129    precision@5 : 0.1153    precision@10 : 0.0805    precision@20 : 0.0563    precision@30 : 0.0443    precision@50 : 0.0313    map@1 : 0.2014    map@2 : 0.2007    map@3 : 0.2075    map@4 : 0.2134    map@5 : 0.218    map@10 : 0.2338    map@20 : 0.2475    map@30 : 0.2534    map@50 : 0.2582
Sun 15 Mar 2026 12:09:50 INFO  Saving current: saved/SCL-Mar-15-2026_12-09-30.pth
Sun 15 Mar 2026 12:09:50 INFO  Saving current best: saved/SCL-Mar-15-2026_12-09-30.pth
Sun 15 Mar 2026 12:09:50 INFO  Running E-step ! 
Sun 15 Mar 2026 12:09:50 INFO  epoch 55 training [time: 0.19s, train_loss1: 2.9833, train_loss2: 0.0413, train_loss3: 0.0107, train_loss4: 0.0049]
Sun 15 Mar 2026 12:09:50 INFO  epoch 55 evaluating [time: 0.14s, valid_score: 0.310700]
Sun 15 Mar 2026 12:09:50 INFO  valid result: 
recall@1 : 0.1316    recall@2 : 0.2106    recall@3 : 0.2689    recall@4 : 0.3098    recall@5 : 0.3389    recall@10 : 0.4469    recall@20 : 0.588    recall@30 : 0.6701    recall@50 : 0.7513    ndcg@1 : 0.2008    ndcg@2 : 0.2271    ndcg@3 : 0.2468    ndcg@4 : 0.2618    ndcg@5 : 0.2724    ndcg@10 : 0.3107    ndcg@20 : 0.353    ndcg@30 : 0.375    ndcg@50 : 0.3952    precision@1 : 0.2008    precision@2 : 0.1687    precision@3 : 0.1444    precision@4 : 0.1289    precision@5 : 0.1153    precision@10 : 0.0805    precision@20 : 0.0564    precision@30 : 0.0445    precision@50 : 0.0314    map@1 : 0.2008    map@2 : 0.2007    map@3 : 0.2075    map@4 : 0.2133    map@5 : 0.2179    map@10 : 0.2337    map@20 : 0.2475    map@30 : 0.2536    map@50 : 0.2583
Sun 15 Mar 2026 12:09:50 INFO  Saving current: saved/SCL-Mar-15-2026_12-09-30.pth
Sun 15 Mar 2026 12:09:50 INFO  Saving current best: saved/SCL-Mar-15-2026_12-09-30.pth
Sun 15 Mar 2026 12:09:50 INFO  Running E-step ! 
Sun 15 Mar 2026 12:09:50 INFO  epoch 56 training [time: 0.17s, train_loss1: 2.9916, train_loss2: 0.0413, train_loss3: 0.0107, train_loss4: 0.0047]
Sun 15 Mar 2026 12:09:50 INFO  epoch 56 evaluating [time: 0.14s, valid_score: 0.311000]
Sun 15 Mar 2026 12:09:50 INFO  valid result: 
recall@1 : 0.1316    recall@2 : 0.2108    recall@3 : 0.2694    recall@4 : 0.3103    recall@5 : 0.3392    recall@10 : 0.4477    recall@20 : 0.5887    recall@30 : 0.6697    recall@50 : 0.7527    ndcg@1 : 0.2008    ndcg@2 : 0.227    ndcg@3 : 0.2473    ndcg@4 : 0.2622    ndcg@5 : 0.2727    ndcg@10 : 0.311    ndcg@20 : 0.3534    ndcg@30 : 0.3751    ndcg@50 : 0.3957    precision@1 : 0.2008    precision@2 : 0.1684    precision@3 : 0.145    precision@4 : 0.1293    precision@5 : 0.1156    precision@10 : 0.0806    precision@20 : 0.0566    precision@30 : 0.0445    precision@50 : 0.0315    map@1 : 0.2008    map@2 : 0.2007    map@3 : 0.2078    map@4 : 0.2136    map@5 : 0.2181    map@10 : 0.2339    map@20 : 0.2479    map@30 : 0.2538    map@50 : 0.2586
Sun 15 Mar 2026 12:09:50 INFO  Saving current: saved/SCL-Mar-15-2026_12-09-30.pth
Sun 15 Mar 2026 12:09:50 INFO  Saving current best: saved/SCL-Mar-15-2026_12-09-30.pth
Sun 15 Mar 2026 12:09:50 INFO  Running E-step ! 
Sun 15 Mar 2026 12:09:51 INFO  epoch 57 training [time: 0.17s, train_loss1: 2.9587, train_loss2: 0.0413, train_loss3: 0.0107, train_loss4: 0.0047]
Sun 15 Mar 2026 12:09:51 INFO  epoch 57 evaluating [time: 0.14s, valid_score: 0.311600]
Sun 15 Mar 2026 12:09:51 INFO  valid result: 
recall@1 : 0.132    recall@2 : 0.2123    recall@3 : 0.2694    recall@4 : 0.3102    recall@5 : 0.3393    recall@10 : 0.4482    recall@20 : 0.589    recall@30 : 0.6722    recall@50 : 0.7515    ndcg@1 : 0.2026    ndcg@2 : 0.2289    ndcg@3 : 0.2479    ndcg@4 : 0.2627    ndcg@5 : 0.2733    ndcg@10 : 0.3116    ndcg@20 : 0.354    ndcg@30 : 0.3762    ndcg@50 : 0.396    precision@1 : 0.2026    precision@2 : 0.1698    precision@3 : 0.145    precision@4 : 0.1292    precision@5 : 0.1157    precision@10 : 0.0805    precision@20 : 0.0567    precision@30 : 0.0447    precision@50 : 0.0315    map@1 : 0.2026    map@2 : 0.2025    map@3 : 0.2084    map@4 : 0.2142    map@5 : 0.2187    map@10 : 0.2344    map@20 : 0.2484    map@30 : 0.2544    map@50 : 0.2592
Sun 15 Mar 2026 12:09:51 INFO  Saving current: saved/SCL-Mar-15-2026_12-09-30.pth
Sun 15 Mar 2026 12:09:51 INFO  Saving current best: saved/SCL-Mar-15-2026_12-09-30.pth
Sun 15 Mar 2026 12:09:51 INFO  Running E-step ! 
Sun 15 Mar 2026 12:09:51 INFO  epoch 58 training [time: 0.19s, train_loss1: 2.9346, train_loss2: 0.0413, train_loss3: 0.0107, train_loss4: 0.0046]
Sun 15 Mar 2026 12:09:51 INFO  epoch 58 evaluating [time: 0.14s, valid_score: 0.312100]
Sun 15 Mar 2026 12:09:51 INFO  valid result: 
recall@1 : 0.1325    recall@2 : 0.2126    recall@3 : 0.2696    recall@4 : 0.3099    recall@5 : 0.339    recall@10 : 0.449    recall@20 : 0.5895    recall@30 : 0.673    recall@50 : 0.7512    ndcg@1 : 0.2032    ndcg@2 : 0.2296    ndcg@3 : 0.2482    ndcg@4 : 0.2628    ndcg@5 : 0.2734    ndcg@10 : 0.3121    ndcg@20 : 0.3544    ndcg@30 : 0.3768    ndcg@50 : 0.3964    precision@1 : 0.2032    precision@2 : 0.1704    precision@3 : 0.145    precision@4 : 0.129    precision@5 : 0.1155    precision@10 : 0.0807    precision@20 : 0.0566    precision@30 : 0.0448    precision@50 : 0.0315    map@1 : 0.2032    map@2 : 0.2031    map@3 : 0.2087    map@4 : 0.2144    map@5 : 0.2189    map@10 : 0.2349    map@20 : 0.2488    map@30 : 0.2549    map@50 : 0.2597
Sun 15 Mar 2026 12:09:51 INFO  Saving current: saved/SCL-Mar-15-2026_12-09-30.pth
Sun 15 Mar 2026 12:09:51 INFO  Saving current best: saved/SCL-Mar-15-2026_12-09-30.pth
Sun 15 Mar 2026 12:09:51 INFO  Running E-step ! 
Sun 15 Mar 2026 12:09:51 INFO  epoch 59 training [time: 0.16s, train_loss1: 2.9449, train_loss2: 0.0413, train_loss3: 0.0107, train_loss4: 0.0045]
Sun 15 Mar 2026 12:09:51 INFO  epoch 59 evaluating [time: 0.14s, valid_score: 0.312700]
Sun 15 Mar 2026 12:09:51 INFO  valid result: 
recall@1 : 0.1337    recall@2 : 0.2126    recall@3 : 0.2694    recall@4 : 0.3102    recall@5 : 0.3392    recall@10 : 0.4491    recall@20 : 0.5914    recall@30 : 0.6746    recall@50 : 0.7524    ndcg@1 : 0.2056    ndcg@2 : 0.2302    ndcg@3 : 0.2486    ndcg@4 : 0.2634    ndcg@5 : 0.2739    ndcg@10 : 0.3127    ndcg@20 : 0.3554    ndcg@30 : 0.3778    ndcg@50 : 0.3972    precision@1 : 0.2056    precision@2 : 0.1704    precision@3 : 0.1448    precision@4 : 0.129    precision@5 : 0.1156    precision@10 : 0.0808    precision@20 : 0.0568    precision@30 : 0.0449    precision@50 : 0.0316    map@1 : 0.2056    map@2 : 0.2038    map@3 : 0.2093    map@4 : 0.215    map@5 : 0.2194    map@10 : 0.2354    map@20 : 0.2495    map@30 : 0.2557    map@50 : 0.2604
Sun 15 Mar 2026 12:09:51 INFO  Saving current: saved/SCL-Mar-15-2026_12-09-30.pth
Sun 15 Mar 2026 12:09:51 INFO  Saving current best: saved/SCL-Mar-15-2026_12-09-30.pth
Sun 15 Mar 2026 12:09:51 INFO  Running E-step ! 
Sun 15 Mar 2026 12:09:52 INFO  epoch 60 training [time: 0.17s, train_loss1: 2.9910, train_loss2: 0.0413, train_loss3: 0.0107, train_loss4: 0.0044]
Sun 15 Mar 2026 12:09:52 INFO  epoch 60 evaluating [time: 0.14s, valid_score: 0.313000]
Sun 15 Mar 2026 12:09:52 INFO  valid result: 
recall@1 : 0.1338    recall@2 : 0.2126    recall@3 : 0.2691    recall@4 : 0.3123    recall@5 : 0.34    recall@10 : 0.4495    recall@20 : 0.5923    recall@30 : 0.6764    recall@50 : 0.7519    ndcg@1 : 0.2056    ndcg@2 : 0.2302    ndcg@3 : 0.2484    ndcg@4 : 0.2643    ndcg@5 : 0.2745    ndcg@10 : 0.313    ndcg@20 : 0.3559    ndcg@30 : 0.3786    ndcg@50 : 0.3975    precision@1 : 0.2056    precision@2 : 0.1704    precision@3 : 0.1446    precision@4 : 0.1296    precision@5 : 0.116    precision@10 : 0.0808    precision@20 : 0.0569    precision@30 : 0.045    precision@50 : 0.0316    map@1 : 0.2056    map@2 : 0.2038    map@3 : 0.2092    map@4 : 0.2156    map@5 : 0.2198    map@10 : 0.2357    map@20 : 0.2499    map@30 : 0.2561    map@50 : 0.2608
Sun 15 Mar 2026 12:09:52 INFO  Saving current: saved/SCL-Mar-15-2026_12-09-30.pth
Sun 15 Mar 2026 12:09:52 INFO  Saving current best: saved/SCL-Mar-15-2026_12-09-30.pth
Sun 15 Mar 2026 12:09:52 INFO  Running E-step ! 
Sun 15 Mar 2026 12:09:52 INFO  epoch 61 training [time: 0.16s, train_loss1: 2.9469, train_loss2: 0.0413, train_loss3: 0.0107, train_loss4: 0.0043]
Sun 15 Mar 2026 12:09:52 INFO  epoch 61 evaluating [time: 0.14s, valid_score: 0.313300]
Sun 15 Mar 2026 12:09:52 INFO  valid result: 
recall@1 : 0.1338    recall@2 : 0.2125    recall@3 : 0.2691    recall@4 : 0.3128    recall@5 : 0.3398    recall@10 : 0.4502    recall@20 : 0.5931    recall@30 : 0.676    recall@50 : 0.7543    ndcg@1 : 0.2056    ndcg@2 : 0.2302    ndcg@3 : 0.2484    ndcg@4 : 0.2646    ndcg@5 : 0.2744    ndcg@10 : 0.3133    ndcg@20 : 0.3563    ndcg@30 : 0.3786    ndcg@50 : 0.3981    precision@1 : 0.2056    precision@2 : 0.1704    precision@3 : 0.1446    precision@4 : 0.1298    precision@5 : 0.116    precision@10 : 0.0809    precision@20 : 0.0571    precision@30 : 0.0451    precision@50 : 0.0317    map@1 : 0.2056    map@2 : 0.2037    map@3 : 0.2092    map@4 : 0.2157    map@5 : 0.2197    map@10 : 0.2358    map@20 : 0.25    map@30 : 0.2562    map@50 : 0.2609
Sun 15 Mar 2026 12:09:52 INFO  Saving current: saved/SCL-Mar-15-2026_12-09-30.pth
Sun 15 Mar 2026 12:09:52 INFO  Saving current best: saved/SCL-Mar-15-2026_12-09-30.pth
Sun 15 Mar 2026 12:09:52 INFO  Running E-step ! 
Sun 15 Mar 2026 12:09:52 INFO  epoch 62 training [time: 0.18s, train_loss1: 2.9042, train_loss2: 0.0413, train_loss3: 0.0107, train_loss4: 0.0042]
Sun 15 Mar 2026 12:09:52 INFO  epoch 62 evaluating [time: 0.14s, valid_score: 0.313600]
Sun 15 Mar 2026 12:09:52 INFO  valid result: 
recall@1 : 0.1344    recall@2 : 0.2129    recall@3 : 0.269    recall@4 : 0.3132    recall@5 : 0.3407    recall@10 : 0.4501    recall@20 : 0.5933    recall@30 : 0.676    recall@50 : 0.7553    ndcg@1 : 0.2062    ndcg@2 : 0.2306    ndcg@3 : 0.2487    ndcg@4 : 0.265    ndcg@5 : 0.2751    ndcg@10 : 0.3136    ndcg@20 : 0.3568    ndcg@30 : 0.3792    ndcg@50 : 0.3989    precision@1 : 0.2062    precision@2 : 0.1707    precision@3 : 0.1448    precision@4 : 0.1298    precision@5 : 0.1162    precision@10 : 0.0809    precision@20 : 0.0571    precision@30 : 0.0452    precision@50 : 0.0318    map@1 : 0.2062    map@2 : 0.2041    map@3 : 0.2096    map@4 : 0.2161    map@5 : 0.2204    map@10 : 0.2363    map@20 : 0.2506    map@30 : 0.2568    map@50 : 0.2616
Sun 15 Mar 2026 12:09:52 INFO  Saving current: saved/SCL-Mar-15-2026_12-09-30.pth
Sun 15 Mar 2026 12:09:52 INFO  Saving current best: saved/SCL-Mar-15-2026_12-09-30.pth
Sun 15 Mar 2026 12:09:52 INFO  Running E-step ! 
Sun 15 Mar 2026 12:09:53 INFO  epoch 63 training [time: 0.18s, train_loss1: 2.9303, train_loss2: 0.0413, train_loss3: 0.0107, train_loss4: 0.0041]
Sun 15 Mar 2026 12:09:53 INFO  epoch 63 evaluating [time: 0.14s, valid_score: 0.314100]
Sun 15 Mar 2026 12:09:53 INFO  valid result: 
recall@1 : 0.1346    recall@2 : 0.2131    recall@3 : 0.2683    recall@4 : 0.3138    recall@5 : 0.3412    recall@10 : 0.4511    recall@20 : 0.5945    recall@30 : 0.6773    recall@50 : 0.7554    ndcg@1 : 0.2068    ndcg@2 : 0.231    ndcg@3 : 0.2486    ndcg@4 : 0.2654    ndcg@5 : 0.2754    ndcg@10 : 0.3141    ndcg@20 : 0.3574    ndcg@30 : 0.3797    ndcg@50 : 0.3992    precision@1 : 0.2068    precision@2 : 0.171    precision@3 : 0.1448    precision@4 : 0.1301    precision@5 : 0.1163    precision@10 : 0.0811    precision@20 : 0.0574    precision@30 : 0.0452    precision@50 : 0.0318    map@1 : 0.2068    map@2 : 0.2044    map@3 : 0.2096    map@4 : 0.2164    map@5 : 0.2206    map@10 : 0.2366    map@20 : 0.2509    map@30 : 0.2571    map@50 : 0.2618
Sun 15 Mar 2026 12:09:53 INFO  Saving current: saved/SCL-Mar-15-2026_12-09-30.pth
Sun 15 Mar 2026 12:09:53 INFO  Saving current best: saved/SCL-Mar-15-2026_12-09-30.pth
Sun 15 Mar 2026 12:09:53 INFO  Running E-step ! 
Sun 15 Mar 2026 12:09:53 INFO  epoch 64 training [time: 0.19s, train_loss1: 2.8693, train_loss2: 0.0413, train_loss3: 0.0107, train_loss4: 0.0040]
Sun 15 Mar 2026 12:09:53 INFO  epoch 64 evaluating [time: 0.14s, valid_score: 0.314600]
Sun 15 Mar 2026 12:09:53 INFO  valid result: 
recall@1 : 0.1352    recall@2 : 0.2139    recall@3 : 0.2681    recall@4 : 0.3134    recall@5 : 0.3403    recall@10 : 0.4517    recall@20 : 0.5959    recall@30 : 0.6786    recall@50 : 0.755    ndcg@1 : 0.2074    ndcg@2 : 0.2316    ndcg@3 : 0.2488    ndcg@4 : 0.2655    ndcg@5 : 0.2753    ndcg@10 : 0.3146    ndcg@20 : 0.3582    ndcg@30 : 0.3804    ndcg@50 : 0.3995    precision@1 : 0.2074    precision@2 : 0.1713    precision@3 : 0.1446    precision@4 : 0.1299    precision@5 : 0.1161    precision@10 : 0.0813    precision@20 : 0.0576    precision@30 : 0.0454    precision@50 : 0.0318    map@1 : 0.2074    map@2 : 0.205    map@3 : 0.2099    map@4 : 0.2168    map@5 : 0.2208    map@10 : 0.237    map@20 : 0.2515    map@30 : 0.2577    map@50 : 0.2623
Sun 15 Mar 2026 12:09:53 INFO  Saving current: saved/SCL-Mar-15-2026_12-09-30.pth
Sun 15 Mar 2026 12:09:53 INFO  Saving current best: saved/SCL-Mar-15-2026_12-09-30.pth
Sun 15 Mar 2026 12:09:53 INFO  Running E-step ! 
Sun 15 Mar 2026 12:09:53 INFO  epoch 65 training [time: 0.19s, train_loss1: 2.8789, train_loss2: 0.0412, train_loss3: 0.0107, train_loss4: 0.0040]
Sun 15 Mar 2026 12:09:53 INFO  epoch 65 evaluating [time: 0.14s, valid_score: 0.314900]
Sun 15 Mar 2026 12:09:53 INFO  valid result: 
recall@1 : 0.1352    recall@2 : 0.2139    recall@3 : 0.2686    recall@4 : 0.3124    recall@5 : 0.3408    recall@10 : 0.4531    recall@20 : 0.5968    recall@30 : 0.6789    recall@50 : 0.7559    ndcg@1 : 0.2074    ndcg@2 : 0.2315    ndcg@3 : 0.2491    ndcg@4 : 0.2651    ndcg@5 : 0.2755    ndcg@10 : 0.3149    ndcg@20 : 0.3584    ndcg@30 : 0.3805    ndcg@50 : 0.3997    precision@1 : 0.2074    precision@2 : 0.171    precision@3 : 0.1448    precision@4 : 0.1298    precision@5 : 0.1163    precision@10 : 0.0814    precision@20 : 0.0577    precision@30 : 0.0454    precision@50 : 0.0318    map@1 : 0.2074    map@2 : 0.205    map@3 : 0.2101    map@4 : 0.2166    map@5 : 0.2209    map@10 : 0.237    map@20 : 0.2515    map@30 : 0.2577    map@50 : 0.2624
Sun 15 Mar 2026 12:09:53 INFO  Saving current: saved/SCL-Mar-15-2026_12-09-30.pth
Sun 15 Mar 2026 12:09:53 INFO  Saving current best: saved/SCL-Mar-15-2026_12-09-30.pth
Sun 15 Mar 2026 12:09:53 INFO  Running E-step ! 
Sun 15 Mar 2026 12:09:54 INFO  epoch 66 training [time: 0.19s, train_loss1: 2.9008, train_loss2: 0.0412, train_loss3: 0.0108, train_loss4: 0.0038]
Sun 15 Mar 2026 12:09:54 INFO  epoch 66 evaluating [time: 0.14s, valid_score: 0.315600]
Sun 15 Mar 2026 12:09:54 INFO  valid result: 
recall@1 : 0.1354    recall@2 : 0.2145    recall@3 : 0.2689    recall@4 : 0.312    recall@5 : 0.3417    recall@10 : 0.4537    recall@20 : 0.5967    recall@30 : 0.6797    recall@50 : 0.7564    ndcg@1 : 0.2092    ndcg@2 : 0.2324    ndcg@3 : 0.2497    ndcg@4 : 0.2653    ndcg@5 : 0.2763    ndcg@10 : 0.3156    ndcg@20 : 0.3588    ndcg@30 : 0.3812    ndcg@50 : 0.4003    precision@1 : 0.2092    precision@2 : 0.1716    precision@3 : 0.145    precision@4 : 0.1296    precision@5 : 0.1168    precision@10 : 0.0817    precision@20 : 0.0578    precision@30 : 0.0455    precision@50 : 0.0319    map@1 : 0.2092    map@2 : 0.2058    map@3 : 0.2108    map@4 : 0.2169    map@5 : 0.2215    map@10 : 0.2375    map@20 : 0.252    map@30 : 0.2581    map@50 : 0.2628
Sun 15 Mar 2026 12:09:54 INFO  Saving current: saved/SCL-Mar-15-2026_12-09-30.pth
Sun 15 Mar 2026 12:09:54 INFO  Saving current best: saved/SCL-Mar-15-2026_12-09-30.pth
Sun 15 Mar 2026 12:09:54 INFO  Running E-step ! 
Sun 15 Mar 2026 12:09:54 INFO  epoch 67 training [time: 0.19s, train_loss1: 2.8432, train_loss2: 0.0411, train_loss3: 0.0108, train_loss4: 0.0038]
Sun 15 Mar 2026 12:09:54 INFO  epoch 67 evaluating [time: 0.14s, valid_score: 0.315600]
Sun 15 Mar 2026 12:09:54 INFO  valid result: 
recall@1 : 0.1354    recall@2 : 0.2146    recall@3 : 0.2685    recall@4 : 0.3116    recall@5 : 0.3425    recall@10 : 0.4537    recall@20 : 0.5977    recall@30 : 0.6814    recall@50 : 0.756    ndcg@1 : 0.2092    ndcg@2 : 0.2326    ndcg@3 : 0.2495    ndcg@4 : 0.2652    ndcg@5 : 0.2766    ndcg@10 : 0.3156    ndcg@20 : 0.3592    ndcg@30 : 0.3817    ndcg@50 : 0.4004    precision@1 : 0.2092    precision@2 : 0.1719    precision@3 : 0.1448    precision@4 : 0.1296    precision@5 : 0.117    precision@10 : 0.0817    precision@20 : 0.0579    precision@30 : 0.0457    precision@50 : 0.0319    map@1 : 0.2092    map@2 : 0.206    map@3 : 0.2107    map@4 : 0.2168    map@5 : 0.2216    map@10 : 0.2376    map@20 : 0.2521    map@30 : 0.2584    map@50 : 0.263
Sun 15 Mar 2026 12:09:54 INFO  Saving current: saved/SCL-Mar-15-2026_12-09-30.pth
Sun 15 Mar 2026 12:09:54 INFO  Saving current best: saved/SCL-Mar-15-2026_12-09-30.pth
Sun 15 Mar 2026 12:09:54 INFO  Running E-step ! 
Sun 15 Mar 2026 12:09:54 INFO  epoch 68 training [time: 0.19s, train_loss1: 2.8704, train_loss2: 0.0411, train_loss3: 0.0108, train_loss4: 0.0038]
Sun 15 Mar 2026 12:09:55 INFO  epoch 68 evaluating [time: 0.14s, valid_score: 0.315700]
Sun 15 Mar 2026 12:09:55 INFO  valid result: 
recall@1 : 0.1354    recall@2 : 0.2141    recall@3 : 0.2674    recall@4 : 0.311    recall@5 : 0.3422    recall@10 : 0.4545    recall@20 : 0.5997    recall@30 : 0.6823    recall@50 : 0.7572    ndcg@1 : 0.2092    ndcg@2 : 0.2325    ndcg@3 : 0.249    ndcg@4 : 0.2649    ndcg@5 : 0.2764    ndcg@10 : 0.3157    ndcg@20 : 0.3597    ndcg@30 : 0.3819    ndcg@50 : 0.4006    precision@1 : 0.2092    precision@2 : 0.1719    precision@3 : 0.1446    precision@4 : 0.1296    precision@5 : 0.1169    precision@10 : 0.0818    precision@20 : 0.0582    precision@30 : 0.0458    precision@50 : 0.0319    map@1 : 0.2092    map@2 : 0.2059    map@3 : 0.2103    map@4 : 0.2166    map@5 : 0.2215    map@10 : 0.2375    map@20 : 0.2522    map@30 : 0.2584    map@50 : 0.263
Sun 15 Mar 2026 12:09:55 INFO  Saving current: saved/SCL-Mar-15-2026_12-09-30.pth
Sun 15 Mar 2026 12:09:55 INFO  Saving current best: saved/SCL-Mar-15-2026_12-09-30.pth
Sun 15 Mar 2026 12:09:55 INFO  Running E-step ! 
Sun 15 Mar 2026 12:09:55 INFO  epoch 69 training [time: 0.16s, train_loss1: 2.8618, train_loss2: 0.0410, train_loss3: 0.0108, train_loss4: 0.0036]
Sun 15 Mar 2026 12:09:55 INFO  epoch 69 evaluating [time: 0.14s, valid_score: 0.315800]
Sun 15 Mar 2026 12:09:55 INFO  valid result: 
recall@1 : 0.1354    recall@2 : 0.2138    recall@3 : 0.2678    recall@4 : 0.3101    recall@5 : 0.3429    recall@10 : 0.4546    recall@20 : 0.6016    recall@30 : 0.683    recall@50 : 0.7597    ndcg@1 : 0.2092    ndcg@2 : 0.232    ndcg@3 : 0.2491    ndcg@4 : 0.2644    ndcg@5 : 0.2766    ndcg@10 : 0.3158    ndcg@20 : 0.3602    ndcg@30 : 0.3821    ndcg@50 : 0.4011    precision@1 : 0.2092    precision@2 : 0.1713    precision@3 : 0.1448    precision@4 : 0.1292    precision@5 : 0.1172    precision@10 : 0.0819    precision@20 : 0.0585    precision@30 : 0.0459    precision@50 : 0.032    map@1 : 0.2092    map@2 : 0.2056    map@3 : 0.2104    map@4 : 0.2163    map@5 : 0.2216    map@10 : 0.2375    map@20 : 0.2524    map@30 : 0.2585    map@50 : 0.2631
Sun 15 Mar 2026 12:09:55 INFO  Saving current: saved/SCL-Mar-15-2026_12-09-30.pth
Sun 15 Mar 2026 12:09:55 INFO  Saving current best: saved/SCL-Mar-15-2026_12-09-30.pth
Sun 15 Mar 2026 12:09:55 INFO  Running E-step ! 
Sun 15 Mar 2026 12:09:55 INFO  epoch 70 training [time: 0.16s, train_loss1: 2.8080, train_loss2: 0.0410, train_loss3: 0.0108, train_loss4: 0.0037]
Sun 15 Mar 2026 12:09:55 INFO  epoch 70 evaluating [time: 0.14s, valid_score: 0.315800]
Sun 15 Mar 2026 12:09:55 INFO  valid result: 
recall@1 : 0.1354    recall@2 : 0.2129    recall@3 : 0.268    recall@4 : 0.3106    recall@5 : 0.3429    recall@10 : 0.4546    recall@20 : 0.6021    recall@30 : 0.6819    recall@50 : 0.7596    ndcg@1 : 0.2098    ndcg@2 : 0.2315    ndcg@3 : 0.2494    ndcg@4 : 0.2647    ndcg@5 : 0.2767    ndcg@10 : 0.3158    ndcg@20 : 0.3604    ndcg@30 : 0.382    ndcg@50 : 0.4013    precision@1 : 0.2098    precision@2 : 0.1707    precision@3 : 0.1452    precision@4 : 0.1296    precision@5 : 0.1173    precision@10 : 0.0819    precision@20 : 0.0585    precision@30 : 0.0458    precision@50 : 0.0321    map@1 : 0.2098    map@2 : 0.2053    map@3 : 0.2106    map@4 : 0.2165    map@5 : 0.2216    map@10 : 0.2375    map@20 : 0.2524    map@30 : 0.2585    map@50 : 0.2632
Sun 15 Mar 2026 12:09:55 INFO  Saving current: saved/SCL-Mar-15-2026_12-09-30.pth
Sun 15 Mar 2026 12:09:55 INFO  Saving current best: saved/SCL-Mar-15-2026_12-09-30.pth
Sun 15 Mar 2026 12:09:55 INFO  Running E-step ! 
Sun 15 Mar 2026 12:09:55 INFO  epoch 71 training [time: 0.18s, train_loss1: 2.8219, train_loss2: 0.0409, train_loss3: 0.0108, train_loss4: 0.0034]
Sun 15 Mar 2026 12:09:55 INFO  epoch 71 evaluating [time: 0.14s, valid_score: 0.315700]
Sun 15 Mar 2026 12:09:55 INFO  valid result: 
recall@1 : 0.1347    recall@2 : 0.2132    recall@3 : 0.2677    recall@4 : 0.3111    recall@5 : 0.3429    recall@10 : 0.4548    recall@20 : 0.603    recall@30 : 0.6815    recall@50 : 0.7604    ndcg@1 : 0.2086    ndcg@2 : 0.2314    ndcg@3 : 0.2489    ndcg@4 : 0.2646    ndcg@5 : 0.2764    ndcg@10 : 0.3157    ndcg@20 : 0.3607    ndcg@30 : 0.3818    ndcg@50 : 0.4014    precision@1 : 0.2086    precision@2 : 0.171    precision@3 : 0.145    precision@4 : 0.1298    precision@5 : 0.1173    precision@10 : 0.082    precision@20 : 0.0587    precision@30 : 0.0459    precision@50 : 0.0321    map@1 : 0.2086    map@2 : 0.205    map@3 : 0.2102    map@4 : 0.2163    map@5 : 0.2213    map@10 : 0.2373    map@20 : 0.2524    map@30 : 0.2584    map@50 : 0.2631
Sun 15 Mar 2026 12:09:55 INFO  Running E-step ! 
Sun 15 Mar 2026 12:09:56 INFO  epoch 72 training [time: 0.17s, train_loss1: 2.8502, train_loss2: 0.0409, train_loss3: 0.0108, train_loss4: 0.0033]
Sun 15 Mar 2026 12:09:56 INFO  epoch 72 evaluating [time: 0.14s, valid_score: 0.315700]
Sun 15 Mar 2026 12:09:56 INFO  valid result: 
recall@1 : 0.1345    recall@2 : 0.2131    recall@3 : 0.2686    recall@4 : 0.3116    recall@5 : 0.3419    recall@10 : 0.4552    recall@20 : 0.6034    recall@30 : 0.6819    recall@50 : 0.7619    ndcg@1 : 0.2074    ndcg@2 : 0.2311    ndcg@3 : 0.2494    ndcg@4 : 0.2648    ndcg@5 : 0.276    ndcg@10 : 0.3157    ndcg@20 : 0.3609    ndcg@30 : 0.382    ndcg@50 : 0.4018    precision@1 : 0.2074    precision@2 : 0.171    precision@3 : 0.1458    precision@4 : 0.1299    precision@5 : 0.1173    precision@10 : 0.0819    precision@20 : 0.0589    precision@30 : 0.0459    precision@50 : 0.0321    map@1 : 0.2074    map@2 : 0.2047    map@3 : 0.2106    map@4 : 0.2164    map@5 : 0.2211    map@10 : 0.2374    map@20 : 0.2526    map@30 : 0.2586    map@50 : 0.2633
Sun 15 Mar 2026 12:09:56 INFO  Running E-step ! 
Sun 15 Mar 2026 12:09:56 INFO  epoch 73 training [time: 0.19s, train_loss1: 2.8114, train_loss2: 0.0408, train_loss3: 0.0108, train_loss4: 0.0035]
Sun 15 Mar 2026 12:09:56 INFO  epoch 73 evaluating [time: 0.14s, valid_score: 0.316300]
Sun 15 Mar 2026 12:09:56 INFO  valid result: 
recall@1 : 0.1345    recall@2 : 0.2137    recall@3 : 0.2689    recall@4 : 0.311    recall@5 : 0.343    recall@10 : 0.4559    recall@20 : 0.6071    recall@30 : 0.6827    recall@50 : 0.7622    ndcg@1 : 0.2086    ndcg@2 : 0.2316    ndcg@3 : 0.2499    ndcg@4 : 0.2649    ndcg@5 : 0.2768    ndcg@10 : 0.3163    ndcg@20 : 0.3622    ndcg@30 : 0.3826    ndcg@50 : 0.4023    precision@1 : 0.2086    precision@2 : 0.1713    precision@3 : 0.146    precision@4 : 0.1301    precision@5 : 0.1178    precision@10 : 0.082    precision@20 : 0.0592    precision@30 : 0.046    precision@50 : 0.0322    map@1 : 0.2086    map@2 : 0.2052    map@3 : 0.2109    map@4 : 0.2166    map@5 : 0.2216    map@10 : 0.2377    map@20 : 0.2532    map@30 : 0.259    map@50 : 0.2638
Sun 15 Mar 2026 12:09:56 INFO  Saving current: saved/SCL-Mar-15-2026_12-09-30.pth
Sun 15 Mar 2026 12:09:56 INFO  Saving current best: saved/SCL-Mar-15-2026_12-09-30.pth
Sun 15 Mar 2026 12:09:56 INFO  Running E-step ! 
Sun 15 Mar 2026 12:09:56 INFO  epoch 74 training [time: 0.18s, train_loss1: 2.7768, train_loss2: 0.0407, train_loss3: 0.0108, train_loss4: 0.0033]
Sun 15 Mar 2026 12:09:56 INFO  epoch 74 evaluating [time: 0.14s, valid_score: 0.317100]
Sun 15 Mar 2026 12:09:56 INFO  valid result: 
recall@1 : 0.1347    recall@2 : 0.2147    recall@3 : 0.2697    recall@4 : 0.3113    recall@5 : 0.3431    recall@10 : 0.4569    recall@20 : 0.6082    recall@30 : 0.6826    recall@50 : 0.762    ndcg@1 : 0.2098    ndcg@2 : 0.2328    ndcg@3 : 0.2508    ndcg@4 : 0.2655    ndcg@5 : 0.2774    ndcg@10 : 0.3171    ndcg@20 : 0.3629    ndcg@30 : 0.3831    ndcg@50 : 0.4028    precision@1 : 0.2098    precision@2 : 0.1722    precision@3 : 0.1468    precision@4 : 0.1302    precision@5 : 0.118    precision@10 : 0.0822    precision@20 : 0.0593    precision@30 : 0.046    precision@50 : 0.0322    map@1 : 0.2098    map@2 : 0.206    map@3 : 0.2117    map@4 : 0.2172    map@5 : 0.2221    map@10 : 0.2383    map@20 : 0.2537    map@30 : 0.2595    map@50 : 0.2643
Sun 15 Mar 2026 12:09:57 INFO  Saving current: saved/SCL-Mar-15-2026_12-09-30.pth
Sun 15 Mar 2026 12:09:57 INFO  Saving current best: saved/SCL-Mar-15-2026_12-09-30.pth
Sun 15 Mar 2026 12:09:57 INFO  Running E-step ! 
Sun 15 Mar 2026 12:09:57 INFO  epoch 75 training [time: 0.17s, train_loss1: 2.7939, train_loss2: 0.0407, train_loss3: 0.0108, train_loss4: 0.0033]
Sun 15 Mar 2026 12:09:57 INFO  epoch 75 evaluating [time: 0.14s, valid_score: 0.317400]
Sun 15 Mar 2026 12:09:57 INFO  valid result: 
recall@1 : 0.135    recall@2 : 0.2147    recall@3 : 0.2698    recall@4 : 0.3103    recall@5 : 0.3425    recall@10 : 0.4574    recall@20 : 0.6088    recall@30 : 0.6847    recall@50 : 0.7626    ndcg@1 : 0.2104    ndcg@2 : 0.2327    ndcg@3 : 0.2511    ndcg@4 : 0.2653    ndcg@5 : 0.2772    ndcg@10 : 0.3174    ndcg@20 : 0.3633    ndcg@30 : 0.3837    ndcg@50 : 0.4031    precision@1 : 0.2104    precision@2 : 0.1719    precision@3 : 0.147    precision@4 : 0.1301    precision@5 : 0.118    precision@10 : 0.0825    precision@20 : 0.0594    precision@30 : 0.0461    precision@50 : 0.0322    map@1 : 0.2104    map@2 : 0.206    map@3 : 0.2119    map@4 : 0.217    map@5 : 0.2221    map@10 : 0.2386    map@20 : 0.2539    map@30 : 0.2598    map@50 : 0.2645
Sun 15 Mar 2026 12:09:57 INFO  Saving current: saved/SCL-Mar-15-2026_12-09-30.pth
Sun 15 Mar 2026 12:09:57 INFO  Saving current best: saved/SCL-Mar-15-2026_12-09-30.pth
Sun 15 Mar 2026 12:09:57 INFO  Running E-step ! 
Sun 15 Mar 2026 12:09:57 INFO  epoch 76 training [time: 0.18s, train_loss1: 2.7446, train_loss2: 0.0406, train_loss3: 0.0108, train_loss4: 0.0032]
Sun 15 Mar 2026 12:09:57 INFO  epoch 76 evaluating [time: 0.14s, valid_score: 0.317300]
Sun 15 Mar 2026 12:09:57 INFO  valid result: 
recall@1 : 0.1347    recall@2 : 0.215    recall@3 : 0.2693    recall@4 : 0.3102    recall@5 : 0.3432    recall@10 : 0.4569    recall@20 : 0.6088    recall@30 : 0.6853    recall@50 : 0.7631    ndcg@1 : 0.2098    ndcg@2 : 0.233    ndcg@3 : 0.2509    ndcg@4 : 0.2651    ndcg@5 : 0.2774    ndcg@10 : 0.3173    ndcg@20 : 0.3632    ndcg@30 : 0.3838    ndcg@50 : 0.4031    precision@1 : 0.2098    precision@2 : 0.1725    precision@3 : 0.147    precision@4 : 0.1299    precision@5 : 0.1181    precision@10 : 0.0826    precision@20 : 0.0594    precision@30 : 0.0462    precision@50 : 0.0322    map@1 : 0.2098    map@2 : 0.2063    map@3 : 0.2117    map@4 : 0.2169    map@5 : 0.2221    map@10 : 0.2385    map@20 : 0.2539    map@30 : 0.2598    map@50 : 0.2645
Sun 15 Mar 2026 12:09:57 INFO  Running E-step ! 
Sun 15 Mar 2026 12:09:57 INFO  epoch 77 training [time: 0.18s, train_loss1: 2.7754, train_loss2: 0.0405, train_loss3: 0.0108, train_loss4: 0.0032]
Sun 15 Mar 2026 12:09:58 INFO  epoch 77 evaluating [time: 0.14s, valid_score: 0.317900]
Sun 15 Mar 2026 12:09:58 INFO  valid result: 
recall@1 : 0.1356    recall@2 : 0.2143    recall@3 : 0.2694    recall@4 : 0.3094    recall@5 : 0.344    recall@10 : 0.4578    recall@20 : 0.6091    recall@30 : 0.6846    recall@50 : 0.7632    ndcg@1 : 0.2116    ndcg@2 : 0.2331    ndcg@3 : 0.2513    ndcg@4 : 0.2651    ndcg@5 : 0.278    ndcg@10 : 0.3179    ndcg@20 : 0.3638    ndcg@30 : 0.3841    ndcg@50 : 0.4036    precision@1 : 0.2116    precision@2 : 0.1722    precision@3 : 0.1472    precision@4 : 0.1299    precision@5 : 0.1184    precision@10 : 0.0829    precision@20 : 0.0595    precision@30 : 0.0461    precision@50 : 0.0322    map@1 : 0.2116    map@2 : 0.2066    map@3 : 0.2122    map@4 : 0.2173    map@5 : 0.2226    map@10 : 0.239    map@20 : 0.2544    map@30 : 0.2603    map@50 : 0.265
Sun 15 Mar 2026 12:09:58 INFO  Saving current: saved/SCL-Mar-15-2026_12-09-30.pth
Sun 15 Mar 2026 12:09:58 INFO  Saving current best: saved/SCL-Mar-15-2026_12-09-30.pth
Sun 15 Mar 2026 12:09:58 INFO  Running E-step ! 
Sun 15 Mar 2026 12:09:58 INFO  epoch 78 training [time: 0.19s, train_loss1: 2.7777, train_loss2: 0.0405, train_loss3: 0.0108, train_loss4: 0.0031]
Sun 15 Mar 2026 12:09:58 INFO  epoch 78 evaluating [time: 0.15s, valid_score: 0.318400]
Sun 15 Mar 2026 12:09:58 INFO  valid result: 
recall@1 : 0.1356    recall@2 : 0.2157    recall@3 : 0.2708    recall@4 : 0.3102    recall@5 : 0.3429    recall@10 : 0.4576    recall@20 : 0.6095    recall@30 : 0.6841    recall@50 : 0.764    ndcg@1 : 0.2116    ndcg@2 : 0.2346    ndcg@3 : 0.2526    ndcg@4 : 0.266    ndcg@5 : 0.2781    ndcg@10 : 0.3184    ndcg@20 : 0.3643    ndcg@30 : 0.3844    ndcg@50 : 0.4042    precision@1 : 0.2116    precision@2 : 0.174    precision@3 : 0.1482    precision@4 : 0.1304    precision@5 : 0.1182    precision@10 : 0.0831    precision@20 : 0.0596    precision@30 : 0.0461    precision@50 : 0.0323    map@1 : 0.2116    map@2 : 0.208    map@3 : 0.2133    map@4 : 0.2181    map@5 : 0.223    map@10 : 0.2395    map@20 : 0.255    map@30 : 0.2608    map@50 : 0.2656
Sun 15 Mar 2026 12:09:58 INFO  Saving current: saved/SCL-Mar-15-2026_12-09-30.pth
Sun 15 Mar 2026 12:09:58 INFO  Saving current best: saved/SCL-Mar-15-2026_12-09-30.pth
Sun 15 Mar 2026 12:09:58 INFO  Running E-step ! 
Sun 15 Mar 2026 12:09:58 INFO  epoch 79 training [time: 0.19s, train_loss1: 2.7712, train_loss2: 0.0404, train_loss3: 0.0108, train_loss4: 0.0032]
Sun 15 Mar 2026 12:09:58 INFO  epoch 79 evaluating [time: 0.14s, valid_score: 0.318300]
Sun 15 Mar 2026 12:09:58 INFO  valid result: 
recall@1 : 0.1351    recall@2 : 0.2155    recall@3 : 0.2707    recall@4 : 0.3105    recall@5 : 0.3415    recall@10 : 0.4578    recall@20 : 0.6116    recall@30 : 0.6844    recall@50 : 0.7635    ndcg@1 : 0.2116    ndcg@2 : 0.2343    ndcg@3 : 0.2525    ndcg@4 : 0.2662    ndcg@5 : 0.2774    ndcg@10 : 0.3183    ndcg@20 : 0.3648    ndcg@30 : 0.3844    ndcg@50 : 0.4041    precision@1 : 0.2116    precision@2 : 0.1737    precision@3 : 0.1482    precision@4 : 0.131    precision@5 : 0.1179    precision@10 : 0.0833    precision@20 : 0.0598    precision@30 : 0.0461    precision@50 : 0.0323    map@1 : 0.2116    map@2 : 0.2077    map@3 : 0.2131    map@4 : 0.2181    map@5 : 0.2225    map@10 : 0.2393    map@20 : 0.255    map@30 : 0.2606    map@50 : 0.2654
Sun 15 Mar 2026 12:09:58 INFO  Running E-step ! 
Sun 15 Mar 2026 12:09:58 INFO  epoch 80 training [time: 0.19s, train_loss1: 2.7067, train_loss2: 0.0403, train_loss3: 0.0108, train_loss4: 0.0032]
Sun 15 Mar 2026 12:09:59 INFO  epoch 80 evaluating [time: 0.14s, valid_score: 0.319100]
Sun 15 Mar 2026 12:09:59 INFO  valid result: 
recall@1 : 0.1358    recall@2 : 0.2148    recall@3 : 0.2699    recall@4 : 0.3102    recall@5 : 0.3413    recall@10 : 0.4592    recall@20 : 0.613    recall@30 : 0.6863    recall@50 : 0.7643    ndcg@1 : 0.2128    ndcg@2 : 0.2345    ndcg@3 : 0.2525    ndcg@4 : 0.2663    ndcg@5 : 0.2774    ndcg@10 : 0.3191    ndcg@20 : 0.3654    ndcg@30 : 0.3852    ndcg@50 : 0.4046    precision@1 : 0.2128    precision@2 : 0.1737    precision@3 : 0.1482    precision@4 : 0.1308    precision@5 : 0.1176    precision@10 : 0.0837    precision@20 : 0.06    precision@30 : 0.0464    precision@50 : 0.0323    map@1 : 0.2128    map@2 : 0.2081    map@3 : 0.2133    map@4 : 0.2184    map@5 : 0.2226    map@10 : 0.2398    map@20 : 0.2554    map@30 : 0.2611    map@50 : 0.2657
Sun 15 Mar 2026 12:09:59 INFO  Saving current: saved/SCL-Mar-15-2026_12-09-30.pth
Sun 15 Mar 2026 12:09:59 INFO  Saving current best: saved/SCL-Mar-15-2026_12-09-30.pth
Sun 15 Mar 2026 12:09:59 INFO  Running E-step ! 
Sun 15 Mar 2026 12:09:59 INFO  epoch 81 training [time: 0.20s, train_loss1: 2.7280, train_loss2: 0.0402, train_loss3: 0.0108, train_loss4: 0.0031]
Sun 15 Mar 2026 12:09:59 INFO  epoch 81 evaluating [time: 0.14s, valid_score: 0.319200]
Sun 15 Mar 2026 12:09:59 INFO  valid result: 
recall@1 : 0.1355    recall@2 : 0.2147    recall@3 : 0.2696    recall@4 : 0.3083    recall@5 : 0.341    recall@10 : 0.4601    recall@20 : 0.6126    recall@30 : 0.6863    recall@50 : 0.7646    ndcg@1 : 0.2116    ndcg@2 : 0.2347    ndcg@3 : 0.2522    ndcg@4 : 0.2654    ndcg@5 : 0.2772    ndcg@10 : 0.3192    ndcg@20 : 0.3651    ndcg@30 : 0.385    ndcg@50 : 0.4044    precision@1 : 0.2116    precision@2 : 0.1743    precision@3 : 0.148    precision@4 : 0.1305    precision@5 : 0.1179    precision@10 : 0.084    precision@20 : 0.06    precision@30 : 0.0463    precision@50 : 0.0323    map@1 : 0.2116    map@2 : 0.2081    map@3 : 0.213    map@4 : 0.2177    map@5 : 0.2224    map@10 : 0.2396    map@20 : 0.2551    map@30 : 0.2608    map@50 : 0.2655
Sun 15 Mar 2026 12:09:59 INFO  Saving current: saved/SCL-Mar-15-2026_12-09-30.pth
Sun 15 Mar 2026 12:09:59 INFO  Saving current best: saved/SCL-Mar-15-2026_12-09-30.pth
Sun 15 Mar 2026 12:09:59 INFO  Running E-step ! 
Sun 15 Mar 2026 12:09:59 INFO  epoch 82 training [time: 0.19s, train_loss1: 2.7253, train_loss2: 0.0401, train_loss3: 0.0108, train_loss4: 0.0031]
Sun 15 Mar 2026 12:09:59 INFO  epoch 82 evaluating [time: 0.14s, valid_score: 0.319800]
Sun 15 Mar 2026 12:09:59 INFO  valid result: 
recall@1 : 0.1367    recall@2 : 0.2137    recall@3 : 0.2701    recall@4 : 0.309    recall@5 : 0.3382    recall@10 : 0.4611    recall@20 : 0.6135    recall@30 : 0.6855    recall@50 : 0.7657    ndcg@1 : 0.2128    ndcg@2 : 0.2346    ndcg@3 : 0.2528    ndcg@4 : 0.2662    ndcg@5 : 0.2766    ndcg@10 : 0.3198    ndcg@20 : 0.3658    ndcg@30 : 0.3852    ndcg@50 : 0.4051    precision@1 : 0.2128    precision@2 : 0.174    precision@3 : 0.1484    precision@4 : 0.1311    precision@5 : 0.1175    precision@10 : 0.0841    precision@20 : 0.0601    precision@30 : 0.0463    precision@50 : 0.0324    map@1 : 0.2128    map@2 : 0.2083    map@3 : 0.2135    map@4 : 0.2185    map@5 : 0.2225    map@10 : 0.2402    map@20 : 0.2557    map@30 : 0.2614    map@50 : 0.2661
Sun 15 Mar 2026 12:09:59 INFO  Saving current: saved/SCL-Mar-15-2026_12-09-30.pth
Sun 15 Mar 2026 12:09:59 INFO  Saving current best: saved/SCL-Mar-15-2026_12-09-30.pth
Sun 15 Mar 2026 12:09:59 INFO  Running E-step ! 
Sun 15 Mar 2026 12:09:59 INFO  epoch 83 training [time: 0.19s, train_loss1: 2.7003, train_loss2: 0.0401, train_loss3: 0.0108, train_loss4: 0.0030]
Sun 15 Mar 2026 12:10:00 INFO  epoch 83 evaluating [time: 0.14s, valid_score: 0.319800]
Sun 15 Mar 2026 12:10:00 INFO  valid result: 
recall@1 : 0.1367    recall@2 : 0.2138    recall@3 : 0.2701    recall@4 : 0.3086    recall@5 : 0.3384    recall@10 : 0.4606    recall@20 : 0.6142    recall@30 : 0.6856    recall@50 : 0.7658    ndcg@1 : 0.2128    ndcg@2 : 0.2349    ndcg@3 : 0.2529    ndcg@4 : 0.2661    ndcg@5 : 0.2766    ndcg@10 : 0.3198    ndcg@20 : 0.3661    ndcg@30 : 0.3854    ndcg@50 : 0.4052    precision@1 : 0.2128    precision@2 : 0.1743    precision@3 : 0.1486    precision@4 : 0.1311    precision@5 : 0.1175    precision@10 : 0.0841    precision@20 : 0.0601    precision@30 : 0.0464    precision@50 : 0.0324    map@1 : 0.2128    map@2 : 0.2084    map@3 : 0.2137    map@4 : 0.2184    map@5 : 0.2225    map@10 : 0.2402    map@20 : 0.2559    map@30 : 0.2615    map@50 : 0.2663
Sun 15 Mar 2026 12:10:00 INFO  Saving current: saved/SCL-Mar-15-2026_12-09-30.pth
Sun 15 Mar 2026 12:10:00 INFO  Saving current best: saved/SCL-Mar-15-2026_12-09-30.pth
Sun 15 Mar 2026 12:10:00 INFO  Running E-step ! 
Sun 15 Mar 2026 12:10:00 INFO  epoch 84 training [time: 0.19s, train_loss1: 2.7266, train_loss2: 0.0400, train_loss3: 0.0108, train_loss4: 0.0031]
Sun 15 Mar 2026 12:10:00 INFO  epoch 84 evaluating [time: 0.14s, valid_score: 0.320500]
Sun 15 Mar 2026 12:10:00 INFO  valid result: 
recall@1 : 0.1378    recall@2 : 0.2138    recall@3 : 0.2708    recall@4 : 0.3084    recall@5 : 0.3397    recall@10 : 0.4611    recall@20 : 0.6136    recall@30 : 0.6864    recall@50 : 0.7665    ndcg@1 : 0.2133    ndcg@2 : 0.2352    ndcg@3 : 0.2537    ndcg@4 : 0.2665    ndcg@5 : 0.2778    ndcg@10 : 0.3205    ndcg@20 : 0.3665    ndcg@30 : 0.3862    ndcg@50 : 0.406    precision@1 : 0.2133    precision@2 : 0.1743    precision@3 : 0.149    precision@4 : 0.1311    precision@5 : 0.1182    precision@10 : 0.0843    precision@20 : 0.06    precision@30 : 0.0464    precision@50 : 0.0324    map@1 : 0.2133    map@2 : 0.209    map@3 : 0.2146    map@4 : 0.219    map@5 : 0.2235    map@10 : 0.2411    map@20 : 0.2567    map@30 : 0.2624    map@50 : 0.2671
Sun 15 Mar 2026 12:10:00 INFO  Saving current: saved/SCL-Mar-15-2026_12-09-30.pth
Sun 15 Mar 2026 12:10:00 INFO  Saving current best: saved/SCL-Mar-15-2026_12-09-30.pth
Sun 15 Mar 2026 12:10:00 INFO  Running E-step ! 
Sun 15 Mar 2026 12:10:00 INFO  epoch 85 training [time: 0.19s, train_loss1: 2.7022, train_loss2: 0.0399, train_loss3: 0.0108, train_loss4: 0.0027]
Sun 15 Mar 2026 12:10:00 INFO  epoch 85 evaluating [time: 0.14s, valid_score: 0.320900]
Sun 15 Mar 2026 12:10:00 INFO  valid result: 
recall@1 : 0.1379    recall@2 : 0.2144    recall@3 : 0.2712    recall@4 : 0.3092    recall@5 : 0.3409    recall@10 : 0.4614    recall@20 : 0.6148    recall@30 : 0.6853    recall@50 : 0.7671    ndcg@1 : 0.2133    ndcg@2 : 0.2359    ndcg@3 : 0.2542    ndcg@4 : 0.2671    ndcg@5 : 0.2786    ndcg@10 : 0.3209    ndcg@20 : 0.3671    ndcg@30 : 0.3863    ndcg@50 : 0.4065    precision@1 : 0.2133    precision@2 : 0.1749    precision@3 : 0.1494    precision@4 : 0.1316    precision@5 : 0.1188    precision@10 : 0.0844    precision@20 : 0.0601    precision@30 : 0.0464    precision@50 : 0.0325    map@1 : 0.2133    map@2 : 0.2098    map@3 : 0.2151    map@4 : 0.2195    map@5 : 0.2242    map@10 : 0.2416    map@20 : 0.2572    map@30 : 0.2628    map@50 : 0.2676
Sun 15 Mar 2026 12:10:00 INFO  Saving current: saved/SCL-Mar-15-2026_12-09-30.pth
Sun 15 Mar 2026 12:10:00 INFO  Saving current best: saved/SCL-Mar-15-2026_12-09-30.pth
Sun 15 Mar 2026 12:10:00 INFO  Running E-step ! 
Sun 15 Mar 2026 12:10:01 INFO  epoch 86 training [time: 0.20s, train_loss1: 2.7159, train_loss2: 0.0398, train_loss3: 0.0108, train_loss4: 0.0029]
Sun 15 Mar 2026 12:10:01 INFO  epoch 86 evaluating [time: 0.15s, valid_score: 0.321400]
Sun 15 Mar 2026 12:10:01 INFO  valid result: 
recall@1 : 0.1375    recall@2 : 0.2149    recall@3 : 0.2713    recall@4 : 0.3089    recall@5 : 0.3417    recall@10 : 0.4625    recall@20 : 0.6156    recall@30 : 0.6857    recall@50 : 0.7685    ndcg@1 : 0.2133    ndcg@2 : 0.2365    ndcg@3 : 0.2543    ndcg@4 : 0.267    ndcg@5 : 0.2788    ndcg@10 : 0.3214    ndcg@20 : 0.3675    ndcg@30 : 0.3865    ndcg@50 : 0.407    precision@1 : 0.2133    precision@2 : 0.1758    precision@3 : 0.1496    precision@4 : 0.1317    precision@5 : 0.119    precision@10 : 0.0847    precision@20 : 0.0602    precision@30 : 0.0463    precision@50 : 0.0325    map@1 : 0.2133    map@2 : 0.2104    map@3 : 0.2153    map@4 : 0.2195    map@5 : 0.2243    map@10 : 0.2418    map@20 : 0.2573    map@30 : 0.2629    map@50 : 0.2678
Sun 15 Mar 2026 12:10:01 INFO  Saving current: saved/SCL-Mar-15-2026_12-09-30.pth
Sun 15 Mar 2026 12:10:01 INFO  Saving current best: saved/SCL-Mar-15-2026_12-09-30.pth
Sun 15 Mar 2026 12:10:01 INFO  Running E-step ! 
Sun 15 Mar 2026 12:10:01 INFO  epoch 87 training [time: 0.18s, train_loss1: 2.6559, train_loss2: 0.0397, train_loss3: 0.0108, train_loss4: 0.0029]
Sun 15 Mar 2026 12:10:01 INFO  epoch 87 evaluating [time: 0.14s, valid_score: 0.322300]
Sun 15 Mar 2026 12:10:01 INFO  valid result: 
recall@1 : 0.1382    recall@2 : 0.214    recall@3 : 0.271    recall@4 : 0.3091    recall@5 : 0.3425    recall@10 : 0.4643    recall@20 : 0.6165    recall@30 : 0.6867    recall@50 : 0.77    ndcg@1 : 0.2151    ndcg@2 : 0.2361    ndcg@3 : 0.2545    ndcg@4 : 0.2675    ndcg@5 : 0.2796    ndcg@10 : 0.3223    ndcg@20 : 0.368    ndcg@30 : 0.3871    ndcg@50 : 0.4076    precision@1 : 0.2151    precision@2 : 0.1749    precision@3 : 0.1496    precision@4 : 0.132    precision@5 : 0.1195    precision@10 : 0.085    precision@20 : 0.0603    precision@30 : 0.0464    precision@50 : 0.0326    map@1 : 0.2151    map@2 : 0.2101    map@3 : 0.2155    map@4 : 0.2198    map@5 : 0.2248    map@10 : 0.2423    map@20 : 0.2577    map@30 : 0.2633    map@50 : 0.2682
Sun 15 Mar 2026 12:10:01 INFO  Saving current: saved/SCL-Mar-15-2026_12-09-30.pth
Sun 15 Mar 2026 12:10:01 INFO  Saving current best: saved/SCL-Mar-15-2026_12-09-30.pth
Sun 15 Mar 2026 12:10:01 INFO  Running E-step ! 
Sun 15 Mar 2026 12:10:01 INFO  epoch 88 training [time: 0.20s, train_loss1: 2.6849, train_loss2: 0.0396, train_loss3: 0.0108, train_loss4: 0.0029]
Sun 15 Mar 2026 12:10:01 INFO  epoch 88 evaluating [time: 0.14s, valid_score: 0.322700]
Sun 15 Mar 2026 12:10:01 INFO  valid result: 
recall@1 : 0.1384    recall@2 : 0.2138    recall@3 : 0.2699    recall@4 : 0.3093    recall@5 : 0.3419    recall@10 : 0.4647    recall@20 : 0.6194    recall@30 : 0.6868    recall@50 : 0.7705    ndcg@1 : 0.2157    ndcg@2 : 0.2363    ndcg@3 : 0.2544    ndcg@4 : 0.2677    ndcg@5 : 0.2794    ndcg@10 : 0.3227    ndcg@20 : 0.3689    ndcg@30 : 0.3873    ndcg@50 : 0.4079    precision@1 : 0.2157    precision@2 : 0.1749    precision@3 : 0.1498    precision@4 : 0.1323    precision@5 : 0.1195    precision@10 : 0.0854    precision@20 : 0.0605    precision@30 : 0.0464    precision@50 : 0.0326    map@1 : 0.2157    map@2 : 0.2104    map@3 : 0.2156    map@4 : 0.22    map@5 : 0.2247    map@10 : 0.2426    map@20 : 0.258    map@30 : 0.2634    map@50 : 0.2684
Sun 15 Mar 2026 12:10:01 INFO  Saving current: saved/SCL-Mar-15-2026_12-09-30.pth
Sun 15 Mar 2026 12:10:01 INFO  Saving current best: saved/SCL-Mar-15-2026_12-09-30.pth
Sun 15 Mar 2026 12:10:01 INFO  Running E-step ! 
Sun 15 Mar 2026 12:10:02 INFO  epoch 89 training [time: 0.19s, train_loss1: 2.6244, train_loss2: 0.0396, train_loss3: 0.0108, train_loss4: 0.0028]
Sun 15 Mar 2026 12:10:02 INFO  epoch 89 evaluating [time: 0.14s, valid_score: 0.322700]
Sun 15 Mar 2026 12:10:02 INFO  valid result: 
recall@1 : 0.1375    recall@2 : 0.2127    recall@3 : 0.2696    recall@4 : 0.3095    recall@5 : 0.343    recall@10 : 0.4662    recall@20 : 0.619    recall@30 : 0.6874    recall@50 : 0.7712    ndcg@1 : 0.2139    ndcg@2 : 0.2352    ndcg@3 : 0.2535    ndcg@4 : 0.2675    ndcg@5 : 0.2796    ndcg@10 : 0.3227    ndcg@20 : 0.3684    ndcg@30 : 0.3871    ndcg@50 : 0.4077    precision@1 : 0.2139    precision@2 : 0.1746    precision@3 : 0.1494    precision@4 : 0.1327    precision@5 : 0.1204    precision@10 : 0.0856    precision@20 : 0.0604    precision@30 : 0.0465    precision@50 : 0.0326    map@1 : 0.2139    map@2 : 0.2095    map@3 : 0.2148    map@4 : 0.2197    map@5 : 0.2246    map@10 : 0.2423    map@20 : 0.2575    map@30 : 0.2631    map@50 : 0.268
Sun 15 Mar 2026 12:10:02 INFO  Saving current: saved/SCL-Mar-15-2026_12-09-30.pth
Sun 15 Mar 2026 12:10:02 INFO  Saving current best: saved/SCL-Mar-15-2026_12-09-30.pth
Sun 15 Mar 2026 12:10:02 INFO  Running E-step ! 
Sun 15 Mar 2026 12:10:02 INFO  epoch 90 training [time: 0.19s, train_loss1: 2.6396, train_loss2: 0.0395, train_loss3: 0.0108, train_loss4: 0.0028]
Sun 15 Mar 2026 12:10:02 INFO  epoch 90 evaluating [time: 0.14s, valid_score: 0.323300]
Sun 15 Mar 2026 12:10:02 INFO  valid result: 
recall@1 : 0.1379    recall@2 : 0.2124    recall@3 : 0.2696    recall@4 : 0.3097    recall@5 : 0.344    recall@10 : 0.467    recall@20 : 0.6194    recall@30 : 0.6872    recall@50 : 0.7727    ndcg@1 : 0.2151    ndcg@2 : 0.2355    ndcg@3 : 0.2538    ndcg@4 : 0.2678    ndcg@5 : 0.2803    ndcg@10 : 0.3233    ndcg@20 : 0.3688    ndcg@30 : 0.3875    ndcg@50 : 0.4084    precision@1 : 0.2151    precision@2 : 0.1746    precision@3 : 0.1496    precision@4 : 0.1329    precision@5 : 0.1207    precision@10 : 0.0858    precision@20 : 0.0604    precision@30 : 0.0466    precision@50 : 0.0327    map@1 : 0.2151    map@2 : 0.2098    map@3 : 0.2151    map@4 : 0.2199    map@5 : 0.2251    map@10 : 0.2427    map@20 : 0.2579    map@30 : 0.2635    map@50 : 0.2684
Sun 15 Mar 2026 12:10:02 INFO  Saving current: saved/SCL-Mar-15-2026_12-09-30.pth
Sun 15 Mar 2026 12:10:02 INFO  Saving current best: saved/SCL-Mar-15-2026_12-09-30.pth
Sun 15 Mar 2026 12:10:02 INFO  Running E-step ! 
Sun 15 Mar 2026 12:10:02 INFO  epoch 91 training [time: 0.19s, train_loss1: 2.6265, train_loss2: 0.0394, train_loss3: 0.0108, train_loss4: 0.0028]
Sun 15 Mar 2026 12:10:02 INFO  epoch 91 evaluating [time: 0.14s, valid_score: 0.324000]
Sun 15 Mar 2026 12:10:02 INFO  valid result: 
recall@1 : 0.139    recall@2 : 0.2125    recall@3 : 0.271    recall@4 : 0.3097    recall@5 : 0.3446    recall@10 : 0.4672    recall@20 : 0.6194    recall@30 : 0.6881    recall@50 : 0.772    ndcg@1 : 0.2169    ndcg@2 : 0.236    ndcg@3 : 0.2553    ndcg@4 : 0.2684    ndcg@5 : 0.281    ndcg@10 : 0.324    ndcg@20 : 0.3695    ndcg@30 : 0.3884    ndcg@50 : 0.4089    precision@1 : 0.2169    precision@2 : 0.1746    precision@3 : 0.1508    precision@4 : 0.1329    precision@5 : 0.1207    precision@10 : 0.0859    precision@20 : 0.0604    precision@30 : 0.0466    precision@50 : 0.0327    map@1 : 0.2169    map@2 : 0.2102    map@3 : 0.2163    map@4 : 0.2206    map@5 : 0.2258    map@10 : 0.2435    map@20 : 0.2587    map@30 : 0.2643    map@50 : 0.2692
Sun 15 Mar 2026 12:10:02 INFO  Saving current: saved/SCL-Mar-15-2026_12-09-30.pth
Sun 15 Mar 2026 12:10:02 INFO  Saving current best: saved/SCL-Mar-15-2026_12-09-30.pth
Sun 15 Mar 2026 12:10:02 INFO  Running E-step ! 
Sun 15 Mar 2026 12:10:03 INFO  epoch 92 training [time: 0.19s, train_loss1: 2.6336, train_loss2: 0.0393, train_loss3: 0.0108, train_loss4: 0.0028]
Sun 15 Mar 2026 12:10:03 INFO  epoch 92 evaluating [time: 0.14s, valid_score: 0.324000]
Sun 15 Mar 2026 12:10:03 INFO  valid result: 
recall@1 : 0.1389    recall@2 : 0.2121    recall@3 : 0.271    recall@4 : 0.3091    recall@5 : 0.346    recall@10 : 0.4672    recall@20 : 0.6202    recall@30 : 0.6877    recall@50 : 0.7728    ndcg@1 : 0.2169    ndcg@2 : 0.2356    ndcg@3 : 0.2555    ndcg@4 : 0.268    ndcg@5 : 0.2817    ndcg@10 : 0.324    ndcg@20 : 0.3697    ndcg@30 : 0.3883    ndcg@50 : 0.4091    precision@1 : 0.2169    precision@2 : 0.1743    precision@3 : 0.1514    precision@4 : 0.1326    precision@5 : 0.1215    precision@10 : 0.0859    precision@20 : 0.0606    precision@30 : 0.0466    precision@50 : 0.0327    map@1 : 0.2169    map@2 : 0.2098    map@3 : 0.2165    map@4 : 0.2204    map@5 : 0.2261    map@10 : 0.2435    map@20 : 0.2588    map@30 : 0.2643    map@50 : 0.2692
Sun 15 Mar 2026 12:10:03 INFO  Saving current: saved/SCL-Mar-15-2026_12-09-30.pth
Sun 15 Mar 2026 12:10:03 INFO  Saving current best: saved/SCL-Mar-15-2026_12-09-30.pth
Sun 15 Mar 2026 12:10:03 INFO  Running E-step ! 
Sun 15 Mar 2026 12:10:03 INFO  epoch 93 training [time: 0.19s, train_loss1: 2.6181, train_loss2: 0.0392, train_loss3: 0.0108, train_loss4: 0.0027]
Sun 15 Mar 2026 12:10:03 INFO  epoch 93 evaluating [time: 0.14s, valid_score: 0.324400]
Sun 15 Mar 2026 12:10:03 INFO  valid result: 
recall@1 : 0.1391    recall@2 : 0.2128    recall@3 : 0.272    recall@4 : 0.3104    recall@5 : 0.3454    recall@10 : 0.4667    recall@20 : 0.6204    recall@30 : 0.6883    recall@50 : 0.774    ndcg@1 : 0.2169    ndcg@2 : 0.2365    ndcg@3 : 0.2568    ndcg@4 : 0.269    ndcg@5 : 0.2818    ndcg@10 : 0.3244    ndcg@20 : 0.3702    ndcg@30 : 0.389    ndcg@50 : 0.4098    precision@1 : 0.2169    precision@2 : 0.1755    precision@3 : 0.153    precision@4 : 0.133    precision@5 : 0.1213    precision@10 : 0.0861    precision@20 : 0.0606    precision@30 : 0.0467    precision@50 : 0.0328    map@1 : 0.2169    map@2 : 0.2104    map@3 : 0.2172    map@4 : 0.2212    map@5 : 0.2264    map@10 : 0.244    map@20 : 0.2593    map@30 : 0.2649    map@50 : 0.2698
Sun 15 Mar 2026 12:10:03 INFO  Saving current: saved/SCL-Mar-15-2026_12-09-30.pth
Sun 15 Mar 2026 12:10:03 INFO  Saving current best: saved/SCL-Mar-15-2026_12-09-30.pth
Sun 15 Mar 2026 12:10:03 INFO  Running E-step ! 
Sun 15 Mar 2026 12:10:03 INFO  epoch 94 training [time: 0.20s, train_loss1: 2.5792, train_loss2: 0.0391, train_loss3: 0.0108, train_loss4: 0.0027]
Sun 15 Mar 2026 12:10:03 INFO  epoch 94 evaluating [time: 0.14s, valid_score: 0.324400]
Sun 15 Mar 2026 12:10:03 INFO  valid result: 
recall@1 : 0.1385    recall@2 : 0.2132    recall@3 : 0.2709    recall@4 : 0.3108    recall@5 : 0.3457    recall@10 : 0.4674    recall@20 : 0.6204    recall@30 : 0.6885    recall@50 : 0.7746    ndcg@1 : 0.2157    ndcg@2 : 0.2366    ndcg@3 : 0.256    ndcg@4 : 0.2688    ndcg@5 : 0.2817    ndcg@10 : 0.3244    ndcg@20 : 0.3701    ndcg@30 : 0.3888    ndcg@50 : 0.4098    precision@1 : 0.2157    precision@2 : 0.1758    precision@3 : 0.1526    precision@4 : 0.133    precision@5 : 0.1217    precision@10 : 0.0861    precision@20 : 0.0606    precision@30 : 0.0467    precision@50 : 0.0328    map@1 : 0.2157    map@2 : 0.2102    map@3 : 0.2165    map@4 : 0.2209    map@5 : 0.2262    map@10 : 0.2438    map@20 : 0.259    map@30 : 0.2646    map@50 : 0.2695
Sun 15 Mar 2026 12:10:04 INFO  Saving current: saved/SCL-Mar-15-2026_12-09-30.pth
Sun 15 Mar 2026 12:10:04 INFO  Saving current best: saved/SCL-Mar-15-2026_12-09-30.pth
Sun 15 Mar 2026 12:10:04 INFO  Running E-step ! 
Sun 15 Mar 2026 12:10:04 INFO  epoch 95 training [time: 0.19s, train_loss1: 2.5857, train_loss2: 0.0391, train_loss3: 0.0108, train_loss4: 0.0027]
Sun 15 Mar 2026 12:10:04 INFO  epoch 95 evaluating [time: 0.14s, valid_score: 0.325200]
Sun 15 Mar 2026 12:10:04 INFO  valid result: 
recall@1 : 0.139    recall@2 : 0.213    recall@3 : 0.2714    recall@4 : 0.3133    recall@5 : 0.3457    recall@10 : 0.4689    recall@20 : 0.6222    recall@30 : 0.6889    recall@50 : 0.7747    ndcg@1 : 0.2157    ndcg@2 : 0.2367    ndcg@3 : 0.2564    ndcg@4 : 0.27    ndcg@5 : 0.282    ndcg@10 : 0.3252    ndcg@20 : 0.371    ndcg@30 : 0.3893    ndcg@50 : 0.4102    precision@1 : 0.2157    precision@2 : 0.1758    precision@3 : 0.153    precision@4 : 0.1336    precision@5 : 0.1217    precision@10 : 0.0864    precision@20 : 0.0608    precision@30 : 0.0468    precision@50 : 0.0328    map@1 : 0.2157    map@2 : 0.2104    map@3 : 0.217    map@4 : 0.2218    map@5 : 0.2266    map@10 : 0.2444    map@20 : 0.2597    map@30 : 0.2652    map@50 : 0.2701
Sun 15 Mar 2026 12:10:04 INFO  Saving current: saved/SCL-Mar-15-2026_12-09-30.pth
Sun 15 Mar 2026 12:10:04 INFO  Saving current best: saved/SCL-Mar-15-2026_12-09-30.pth
Sun 15 Mar 2026 12:10:04 INFO  Running E-step ! 
Sun 15 Mar 2026 12:10:04 INFO  epoch 96 training [time: 0.18s, train_loss1: 2.5697, train_loss2: 0.0390, train_loss3: 0.0108, train_loss4: 0.0024]
Sun 15 Mar 2026 12:10:04 INFO  epoch 96 evaluating [time: 0.14s, valid_score: 0.325200]
Sun 15 Mar 2026 12:10:04 INFO  valid result: 
recall@1 : 0.139    recall@2 : 0.2135    recall@3 : 0.2714    recall@4 : 0.3147    recall@5 : 0.3461    recall@10 : 0.4683    recall@20 : 0.6229    recall@30 : 0.689    recall@50 : 0.7745    ndcg@1 : 0.2157    ndcg@2 : 0.2368    ndcg@3 : 0.2567    ndcg@4 : 0.2708    ndcg@5 : 0.2823    ndcg@10 : 0.3252    ndcg@20 : 0.3714    ndcg@30 : 0.3896    ndcg@50 : 0.4104    precision@1 : 0.2157    precision@2 : 0.1758    precision@3 : 0.1534    precision@4 : 0.1341    precision@5 : 0.1217    precision@10 : 0.0864    precision@20 : 0.0609    precision@30 : 0.0468    precision@50 : 0.0328    map@1 : 0.2157    map@2 : 0.2105    map@3 : 0.2171    map@4 : 0.2223    map@5 : 0.2268    map@10 : 0.2446    map@20 : 0.26    map@30 : 0.2654    map@50 : 0.2703
Sun 15 Mar 2026 12:10:04 INFO  Saving current: saved/SCL-Mar-15-2026_12-09-30.pth
Sun 15 Mar 2026 12:10:04 INFO  Saving current best: saved/SCL-Mar-15-2026_12-09-30.pth
Sun 15 Mar 2026 12:10:04 INFO  Running E-step ! 
Sun 15 Mar 2026 12:10:04 INFO  epoch 97 training [time: 0.19s, train_loss1: 2.5824, train_loss2: 0.0389, train_loss3: 0.0108, train_loss4: 0.0025]
Sun 15 Mar 2026 12:10:05 INFO  epoch 97 evaluating [time: 0.15s, valid_score: 0.325900]
Sun 15 Mar 2026 12:10:05 INFO  valid result: 
recall@1 : 0.1382    recall@2 : 0.2142    recall@3 : 0.2721    recall@4 : 0.3137    recall@5 : 0.3465    recall@10 : 0.4708    recall@20 : 0.6219    recall@30 : 0.689    recall@50 : 0.7753    ndcg@1 : 0.2157    ndcg@2 : 0.2373    ndcg@3 : 0.2567    ndcg@4 : 0.2703    ndcg@5 : 0.2824    ndcg@10 : 0.3259    ndcg@20 : 0.3711    ndcg@30 : 0.3896    ndcg@50 : 0.4106    precision@1 : 0.2157    precision@2 : 0.1764    precision@3 : 0.1532    precision@4 : 0.1339    precision@5 : 0.1221    precision@10 : 0.0868    precision@20 : 0.0608    precision@30 : 0.0468    precision@50 : 0.0328    map@1 : 0.2157    map@2 : 0.2108    map@3 : 0.2169    map@4 : 0.2219    map@5 : 0.2267    map@10 : 0.2447    map@20 : 0.2597    map@30 : 0.2653    map@50 : 0.2702
Sun 15 Mar 2026 12:10:05 INFO  Saving current: saved/SCL-Mar-15-2026_12-09-30.pth
Sun 15 Mar 2026 12:10:05 INFO  Saving current best: saved/SCL-Mar-15-2026_12-09-30.pth
Sun 15 Mar 2026 12:10:05 INFO  Running E-step ! 
Sun 15 Mar 2026 12:10:05 INFO  epoch 98 training [time: 0.19s, train_loss1: 2.6143, train_loss2: 0.0388, train_loss3: 0.0108, train_loss4: 0.0025]
Sun 15 Mar 2026 12:10:05 INFO  epoch 98 evaluating [time: 0.14s, valid_score: 0.326300]
Sun 15 Mar 2026 12:10:05 INFO  valid result: 
recall@1 : 0.1382    recall@2 : 0.2149    recall@3 : 0.2716    recall@4 : 0.3146    recall@5 : 0.3485    recall@10 : 0.4711    recall@20 : 0.622    recall@30 : 0.6891    recall@50 : 0.7751    ndcg@1 : 0.2163    ndcg@2 : 0.2383    ndcg@3 : 0.257    ndcg@4 : 0.2711    ndcg@5 : 0.2834    ndcg@10 : 0.3263    ndcg@20 : 0.3714    ndcg@30 : 0.3898    ndcg@50 : 0.4108    precision@1 : 0.2163    precision@2 : 0.1773    precision@3 : 0.1536    precision@4 : 0.1347    precision@5 : 0.1225    precision@10 : 0.0869    precision@20 : 0.0608    precision@30 : 0.0467    precision@50 : 0.0328    map@1 : 0.2163    map@2 : 0.2117    map@3 : 0.2174    map@4 : 0.2225    map@5 : 0.2275    map@10 : 0.2451    map@20 : 0.2601    map@30 : 0.2656    map@50 : 0.2705
Sun 15 Mar 2026 12:10:05 INFO  Saving current: saved/SCL-Mar-15-2026_12-09-30.pth
Sun 15 Mar 2026 12:10:05 INFO  Saving current best: saved/SCL-Mar-15-2026_12-09-30.pth
Sun 15 Mar 2026 12:10:05 INFO  Running E-step ! 
Sun 15 Mar 2026 12:10:05 INFO  epoch 99 training [time: 0.16s, train_loss1: 2.5662, train_loss2: 0.0387, train_loss3: 0.0108, train_loss4: 0.0024]
Sun 15 Mar 2026 12:10:05 INFO  epoch 99 evaluating [time: 0.14s, valid_score: 0.327300]
Sun 15 Mar 2026 12:10:05 INFO  valid result: 
recall@1 : 0.1394    recall@2 : 0.2149    recall@3 : 0.2729    recall@4 : 0.3155    recall@5 : 0.3486    recall@10 : 0.472    recall@20 : 0.6221    recall@30 : 0.6896    recall@50 : 0.7758    ndcg@1 : 0.2181    ndcg@2 : 0.2389    ndcg@3 : 0.2583    ndcg@4 : 0.2724    ndcg@5 : 0.2841    ndcg@10 : 0.3273    ndcg@20 : 0.3722    ndcg@30 : 0.3907    ndcg@50 : 0.4117    precision@1 : 0.2181    precision@2 : 0.1773    precision@3 : 0.1542    precision@4 : 0.1356    precision@5 : 0.1225    precision@10 : 0.0871    precision@20 : 0.0608    precision@30 : 0.0467    precision@50 : 0.0328    map@1 : 0.2181    map@2 : 0.2125    map@3 : 0.2186    map@4 : 0.2236    map@5 : 0.2283    map@10 : 0.2461    map@20 : 0.261    map@30 : 0.2665    map@50 : 0.2715
Sun 15 Mar 2026 12:10:05 INFO  Saving current: saved/SCL-Mar-15-2026_12-09-30.pth
Sun 15 Mar 2026 12:10:05 INFO  Saving current best: saved/SCL-Mar-15-2026_12-09-30.pth
Sun 15 Mar 2026 12:10:05 INFO  Running E-step ! 
Sun 15 Mar 2026 12:10:05 INFO  epoch 100 training [time: 0.18s, train_loss1: 2.5693, train_loss2: 0.0386, train_loss3: 0.0108, train_loss4: 0.0027]
Sun 15 Mar 2026 12:10:06 INFO  epoch 100 evaluating [time: 0.14s, valid_score: 0.326700]
Sun 15 Mar 2026 12:10:06 INFO  valid result: 
recall@1 : 0.1383    recall@2 : 0.215    recall@3 : 0.2737    recall@4 : 0.3159    recall@5 : 0.3495    recall@10 : 0.4707    recall@20 : 0.6212    recall@30 : 0.6895    recall@50 : 0.7762    ndcg@1 : 0.2163    ndcg@2 : 0.2386    ndcg@3 : 0.2583    ndcg@4 : 0.2721    ndcg@5 : 0.2842    ndcg@10 : 0.3267    ndcg@20 : 0.3717    ndcg@30 : 0.3904    ndcg@50 : 0.4115    precision@1 : 0.2163    precision@2 : 0.1776    precision@3 : 0.1545    precision@4 : 0.1354    precision@5 : 0.1229    precision@10 : 0.0869    precision@20 : 0.0608    precision@30 : 0.0467    precision@50 : 0.0328    map@1 : 0.2163    map@2 : 0.212    map@3 : 0.2184    map@4 : 0.2232    map@5 : 0.2281    map@10 : 0.2456    map@20 : 0.2606    map@30 : 0.2662    map@50 : 0.2712
Sun 15 Mar 2026 12:10:06 INFO  Running E-step ! 
Sun 15 Mar 2026 12:10:06 INFO  epoch 101 training [time: 0.16s, train_loss1: 2.5204, train_loss2: 0.0386, train_loss3: 0.0109, train_loss4: 0.0027]
Sun 15 Mar 2026 12:10:06 INFO  epoch 101 evaluating [time: 0.14s, valid_score: 0.327500]
Sun 15 Mar 2026 12:10:06 INFO  valid result: 
recall@1 : 0.1393    recall@2 : 0.2158    recall@3 : 0.2739    recall@4 : 0.3162    recall@5 : 0.3494    recall@10 : 0.4715    recall@20 : 0.6224    recall@30 : 0.6895    recall@50 : 0.7761    ndcg@1 : 0.2181    ndcg@2 : 0.2399    ndcg@3 : 0.2591    ndcg@4 : 0.2729    ndcg@5 : 0.2848    ndcg@10 : 0.3275    ndcg@20 : 0.3727    ndcg@30 : 0.3911    ndcg@50 : 0.4122    precision@1 : 0.2181    precision@2 : 0.1785    precision@3 : 0.1547    precision@4 : 0.1357    precision@5 : 0.123    precision@10 : 0.0871    precision@20 : 0.0608    precision@30 : 0.0467    precision@50 : 0.0328    map@1 : 0.2181    map@2 : 0.2133    map@3 : 0.2193    map@4 : 0.2241    map@5 : 0.2287    map@10 : 0.2464    map@20 : 0.2614    map@30 : 0.267    map@50 : 0.272
Sun 15 Mar 2026 12:10:06 INFO  Saving current: saved/SCL-Mar-15-2026_12-09-30.pth
Sun 15 Mar 2026 12:10:06 INFO  Saving current best: saved/SCL-Mar-15-2026_12-09-30.pth
Sun 15 Mar 2026 12:10:06 INFO  Running E-step ! 
Sun 15 Mar 2026 12:10:06 INFO  epoch 102 training [time: 0.19s, train_loss1: 2.5543, train_loss2: 0.0385, train_loss3: 0.0109, train_loss4: 0.0027]
Sun 15 Mar 2026 12:10:06 INFO  epoch 102 evaluating [time: 0.14s, valid_score: 0.327800]
Sun 15 Mar 2026 12:10:06 INFO  valid result: 
recall@1 : 0.1393    recall@2 : 0.2166    recall@3 : 0.2741    recall@4 : 0.3155    recall@5 : 0.3497    recall@10 : 0.4719    recall@20 : 0.6225    recall@30 : 0.6896    recall@50 : 0.7766    ndcg@1 : 0.2181    ndcg@2 : 0.2403    ndcg@3 : 0.2593    ndcg@4 : 0.2726    ndcg@5 : 0.2851    ndcg@10 : 0.3278    ndcg@20 : 0.3729    ndcg@30 : 0.3914    ndcg@50 : 0.4125    precision@1 : 0.2181    precision@2 : 0.1788    precision@3 : 0.1549    precision@4 : 0.1353    precision@5 : 0.1232    precision@10 : 0.0872    precision@20 : 0.0609    precision@30 : 0.0467    precision@50 : 0.0328    map@1 : 0.2181    map@2 : 0.2136    map@3 : 0.2194    map@4 : 0.2239    map@5 : 0.2289    map@10 : 0.2466    map@20 : 0.2617    map@30 : 0.2672    map@50 : 0.2722
Sun 15 Mar 2026 12:10:06 INFO  Saving current: saved/SCL-Mar-15-2026_12-09-30.pth
Sun 15 Mar 2026 12:10:06 INFO  Saving current best: saved/SCL-Mar-15-2026_12-09-30.pth
Sun 15 Mar 2026 12:10:06 INFO  Running E-step ! 
Sun 15 Mar 2026 12:10:06 INFO  epoch 103 training [time: 0.18s, train_loss1: 2.5346, train_loss2: 0.0384, train_loss3: 0.0109, train_loss4: 0.0027]
Sun 15 Mar 2026 12:10:07 INFO  epoch 103 evaluating [time: 0.14s, valid_score: 0.328300]
Sun 15 Mar 2026 12:10:07 INFO  valid result: 
recall@1 : 0.1387    recall@2 : 0.2179    recall@3 : 0.2743    recall@4 : 0.3162    recall@5 : 0.3511    recall@10 : 0.4725    recall@20 : 0.6228    recall@30 : 0.6893    recall@50 : 0.7779    ndcg@1 : 0.2175    ndcg@2 : 0.2411    ndcg@3 : 0.2593    ndcg@4 : 0.2729    ndcg@5 : 0.2856    ndcg@10 : 0.3283    ndcg@20 : 0.3732    ndcg@30 : 0.3915    ndcg@50 : 0.413    precision@1 : 0.2175    precision@2 : 0.1797    precision@3 : 0.1549    precision@4 : 0.1356    precision@5 : 0.1235    precision@10 : 0.0876    precision@20 : 0.0609    precision@30 : 0.0468    precision@50 : 0.0329    map@1 : 0.2175    map@2 : 0.2142    map@3 : 0.2193    map@4 : 0.2241    map@5 : 0.2293    map@10 : 0.2469    map@20 : 0.2619    map@30 : 0.2674    map@50 : 0.2724
Sun 15 Mar 2026 12:10:07 INFO  Saving current: saved/SCL-Mar-15-2026_12-09-30.pth
Sun 15 Mar 2026 12:10:07 INFO  Saving current best: saved/SCL-Mar-15-2026_12-09-30.pth
Sun 15 Mar 2026 12:10:07 INFO  Running E-step ! 
Sun 15 Mar 2026 12:10:07 INFO  epoch 104 training [time: 0.19s, train_loss1: 2.4961, train_loss2: 0.0383, train_loss3: 0.0109, train_loss4: 0.0027]
Sun 15 Mar 2026 12:10:07 INFO  epoch 104 evaluating [time: 0.14s, valid_score: 0.327700]
Sun 15 Mar 2026 12:10:07 INFO  valid result: 
recall@1 : 0.1369    recall@2 : 0.2171    recall@3 : 0.2731    recall@4 : 0.3175    recall@5 : 0.3525    recall@10 : 0.4728    recall@20 : 0.6222    recall@30 : 0.6892    recall@50 : 0.7784    ndcg@1 : 0.2157    ndcg@2 : 0.2398    ndcg@3 : 0.2579    ndcg@4 : 0.2729    ndcg@5 : 0.2854    ndcg@10 : 0.3277    ndcg@20 : 0.3723    ndcg@30 : 0.3908    ndcg@50 : 0.4124    precision@1 : 0.2157    precision@2 : 0.1791    precision@3 : 0.1545    precision@4 : 0.1365    precision@5 : 0.124    precision@10 : 0.0877    precision@20 : 0.0609    precision@30 : 0.0468    precision@50 : 0.0329    map@1 : 0.2157    map@2 : 0.2128    map@3 : 0.2178    map@4 : 0.2234    map@5 : 0.2285    map@10 : 0.2459    map@20 : 0.2608    map@30 : 0.2664    map@50 : 0.2715
Sun 15 Mar 2026 12:10:07 INFO  Running E-step ! 
Sun 15 Mar 2026 12:10:07 INFO  epoch 105 training [time: 0.19s, train_loss1: 2.5106, train_loss2: 0.0382, train_loss3: 0.0109, train_loss4: 0.0026]
Sun 15 Mar 2026 12:10:07 INFO  epoch 105 evaluating [time: 0.14s, valid_score: 0.327800]
Sun 15 Mar 2026 12:10:07 INFO  valid result: 
recall@1 : 0.1371    recall@2 : 0.217    recall@3 : 0.2734    recall@4 : 0.3169    recall@5 : 0.3533    recall@10 : 0.4724    recall@20 : 0.6233    recall@30 : 0.6899    recall@50 : 0.7772    ndcg@1 : 0.2163    ndcg@2 : 0.2397    ndcg@3 : 0.258    ndcg@4 : 0.2727    ndcg@5 : 0.286    ndcg@10 : 0.3278    ndcg@20 : 0.3728    ndcg@30 : 0.3911    ndcg@50 : 0.4123    precision@1 : 0.2163    precision@2 : 0.1788    precision@3 : 0.1544    precision@4 : 0.1363    precision@5 : 0.1246    precision@10 : 0.0877    precision@20 : 0.061    precision@30 : 0.0468    precision@50 : 0.0329    map@1 : 0.2163    map@2 : 0.2126    map@3 : 0.2179    map@4 : 0.2234    map@5 : 0.2289    map@10 : 0.2461    map@20 : 0.2611    map@30 : 0.2667    map@50 : 0.2717
Sun 15 Mar 2026 12:10:07 INFO  Running E-step ! 
Sun 15 Mar 2026 12:10:07 INFO  epoch 106 training [time: 0.18s, train_loss1: 2.5109, train_loss2: 0.0382, train_loss3: 0.0109, train_loss4: 0.0026]
Sun 15 Mar 2026 12:10:08 INFO  epoch 106 evaluating [time: 0.14s, valid_score: 0.328100]
Sun 15 Mar 2026 12:10:08 INFO  valid result: 
recall@1 : 0.137    recall@2 : 0.2171    recall@3 : 0.2734    recall@4 : 0.3175    recall@5 : 0.3533    recall@10 : 0.4728    recall@20 : 0.6236    recall@30 : 0.6894    recall@50 : 0.7778    ndcg@1 : 0.2157    ndcg@2 : 0.2398    ndcg@3 : 0.258    ndcg@4 : 0.273    ndcg@5 : 0.286    ndcg@10 : 0.3281    ndcg@20 : 0.3731    ndcg@30 : 0.3912    ndcg@50 : 0.4126    precision@1 : 0.2157    precision@2 : 0.1791    precision@3 : 0.1544    precision@4 : 0.1366    precision@5 : 0.1246    precision@10 : 0.0878    precision@20 : 0.0611    precision@30 : 0.0468    precision@50 : 0.0329    map@1 : 0.2157    map@2 : 0.2126    map@3 : 0.2179    map@4 : 0.2236    map@5 : 0.2289    map@10 : 0.2463    map@20 : 0.2613    map@30 : 0.2669    map@50 : 0.2719
Sun 15 Mar 2026 12:10:08 INFO  Running E-step ! 
Sun 15 Mar 2026 12:10:08 INFO  epoch 107 training [time: 0.19s, train_loss1: 2.4959, train_loss2: 0.0381, train_loss3: 0.0109, train_loss4: 0.0026]
Sun 15 Mar 2026 12:10:08 INFO  epoch 107 evaluating [time: 0.14s, valid_score: 0.328300]
Sun 15 Mar 2026 12:10:08 INFO  valid result: 
recall@1 : 0.1367    recall@2 : 0.2173    recall@3 : 0.2754    recall@4 : 0.3188    recall@5 : 0.3563    recall@10 : 0.4726    recall@20 : 0.6242    recall@30 : 0.6899    recall@50 : 0.7789    ndcg@1 : 0.2157    ndcg@2 : 0.24    ndcg@3 : 0.2589    ndcg@4 : 0.2738    ndcg@5 : 0.2874    ndcg@10 : 0.3283    ndcg@20 : 0.3736    ndcg@30 : 0.3917    ndcg@50 : 0.4133    precision@1 : 0.2157    precision@2 : 0.1794    precision@3 : 0.1551    precision@4 : 0.1374    precision@5 : 0.1254    precision@10 : 0.0878    precision@20 : 0.0611    precision@30 : 0.0468    precision@50 : 0.0329    map@1 : 0.2157    map@2 : 0.2128    map@3 : 0.2184    map@4 : 0.2241    map@5 : 0.2298    map@10 : 0.2466    map@20 : 0.2618    map@30 : 0.2673    map@50 : 0.2724
Sun 15 Mar 2026 12:10:08 INFO  Saving current: saved/SCL-Mar-15-2026_12-09-30.pth
Sun 15 Mar 2026 12:10:08 INFO  Saving current best: saved/SCL-Mar-15-2026_12-09-30.pth
Sun 15 Mar 2026 12:10:08 INFO  Running E-step ! 
Sun 15 Mar 2026 12:10:08 INFO  epoch 108 training [time: 0.17s, train_loss1: 2.5369, train_loss2: 0.0380, train_loss3: 0.0109, train_loss4: 0.0025]
Sun 15 Mar 2026 12:10:08 INFO  epoch 108 evaluating [time: 0.14s, valid_score: 0.329400]
Sun 15 Mar 2026 12:10:08 INFO  valid result: 
recall@1 : 0.1376    recall@2 : 0.2166    recall@3 : 0.2752    recall@4 : 0.3185    recall@5 : 0.3559    recall@10 : 0.4748    recall@20 : 0.6254    recall@30 : 0.6902    recall@50 : 0.7793    ndcg@1 : 0.2169    ndcg@2 : 0.2397    ndcg@3 : 0.2592    ndcg@4 : 0.2739    ndcg@5 : 0.2874    ndcg@10 : 0.3294    ndcg@20 : 0.3743    ndcg@30 : 0.3922    ndcg@50 : 0.4137    precision@1 : 0.2169    precision@2 : 0.1788    precision@3 : 0.1553    precision@4 : 0.1374    precision@5 : 0.1251    precision@10 : 0.0883    precision@20 : 0.0612    precision@30 : 0.0469    precision@50 : 0.0329    map@1 : 0.2169    map@2 : 0.2128    map@3 : 0.2188    map@4 : 0.2244    map@5 : 0.23    map@10 : 0.2473    map@20 : 0.2623    map@30 : 0.2678    map@50 : 0.2728
Sun 15 Mar 2026 12:10:08 INFO  Saving current: saved/SCL-Mar-15-2026_12-09-30.pth
Sun 15 Mar 2026 12:10:08 INFO  Saving current best: saved/SCL-Mar-15-2026_12-09-30.pth
Sun 15 Mar 2026 12:10:08 INFO  Running E-step ! 
Sun 15 Mar 2026 12:10:08 INFO  epoch 109 training [time: 0.19s, train_loss1: 2.4829, train_loss2: 0.0379, train_loss3: 0.0109, train_loss4: 0.0026]
Sun 15 Mar 2026 12:10:09 INFO  epoch 109 evaluating [time: 0.14s, valid_score: 0.331200]
Sun 15 Mar 2026 12:10:09 INFO  valid result: 
recall@1 : 0.1385    recall@2 : 0.217    recall@3 : 0.2769    recall@4 : 0.3193    recall@5 : 0.3576    recall@10 : 0.4783    recall@20 : 0.6255    recall@30 : 0.6904    recall@50 : 0.7783    ndcg@1 : 0.2175    ndcg@2 : 0.2401    ndcg@3 : 0.2604    ndcg@4 : 0.2748    ndcg@5 : 0.2888    ndcg@10 : 0.3312    ndcg@20 : 0.3751    ndcg@30 : 0.3931    ndcg@50 : 0.4143    precision@1 : 0.2175    precision@2 : 0.1791    precision@3 : 0.1561    precision@4 : 0.1378    precision@5 : 0.1259    precision@10 : 0.0888    precision@20 : 0.0612    precision@30 : 0.047    precision@50 : 0.0329    map@1 : 0.2175    map@2 : 0.2132    map@3 : 0.2197    map@4 : 0.2252    map@5 : 0.231    map@10 : 0.2487    map@20 : 0.2633    map@30 : 0.2688    map@50 : 0.2738
Sun 15 Mar 2026 12:10:09 INFO  Saving current: saved/SCL-Mar-15-2026_12-09-30.pth
Sun 15 Mar 2026 12:10:09 INFO  Saving current best: saved/SCL-Mar-15-2026_12-09-30.pth
Sun 15 Mar 2026 12:10:09 INFO  Running E-step ! 
Sun 15 Mar 2026 12:10:09 INFO  epoch 110 training [time: 0.18s, train_loss1: 2.4588, train_loss2: 0.0378, train_loss3: 0.0109, train_loss4: 0.0026]
Sun 15 Mar 2026 12:10:09 INFO  epoch 110 evaluating [time: 0.14s, valid_score: 0.331200]
Sun 15 Mar 2026 12:10:09 INFO  valid result: 
recall@1 : 0.1386    recall@2 : 0.2167    recall@3 : 0.2768    recall@4 : 0.3196    recall@5 : 0.3569    recall@10 : 0.4781    recall@20 : 0.6251    recall@30 : 0.6904    recall@50 : 0.7784    ndcg@1 : 0.2181    ndcg@2 : 0.2401    ndcg@3 : 0.2604    ndcg@4 : 0.2749    ndcg@5 : 0.2885    ndcg@10 : 0.3312    ndcg@20 : 0.3751    ndcg@30 : 0.3932    ndcg@50 : 0.4145    precision@1 : 0.2181    precision@2 : 0.1788    precision@3 : 0.1561    precision@4 : 0.1378    precision@5 : 0.1255    precision@10 : 0.0887    precision@20 : 0.0612    precision@30 : 0.0469    precision@50 : 0.0329    map@1 : 0.2181    map@2 : 0.2132    map@3 : 0.2198    map@4 : 0.2253    map@5 : 0.2309    map@10 : 0.2488    map@20 : 0.2634    map@30 : 0.2689    map@50 : 0.2739
Sun 15 Mar 2026 12:10:09 INFO  Saving current: saved/SCL-Mar-15-2026_12-09-30.pth
Sun 15 Mar 2026 12:10:09 INFO  Saving current best: saved/SCL-Mar-15-2026_12-09-30.pth
Sun 15 Mar 2026 12:10:09 INFO  Running E-step ! 
Sun 15 Mar 2026 12:10:09 INFO  epoch 111 training [time: 0.18s, train_loss1: 2.4666, train_loss2: 0.0377, train_loss3: 0.0109, train_loss4: 0.0026]
Sun 15 Mar 2026 12:10:09 INFO  epoch 111 evaluating [time: 0.14s, valid_score: 0.331400]
Sun 15 Mar 2026 12:10:09 INFO  valid result: 
recall@1 : 0.1385    recall@2 : 0.2167    recall@3 : 0.2779    recall@4 : 0.3211    recall@5 : 0.3578    recall@10 : 0.4779    recall@20 : 0.6252    recall@30 : 0.6902    recall@50 : 0.7793    ndcg@1 : 0.2181    ndcg@2 : 0.2401    ndcg@3 : 0.261    ndcg@4 : 0.2755    ndcg@5 : 0.289    ndcg@10 : 0.3314    ndcg@20 : 0.3754    ndcg@30 : 0.3933    ndcg@50 : 0.415    precision@1 : 0.2181    precision@2 : 0.1788    precision@3 : 0.1567    precision@4 : 0.138    precision@5 : 0.126    precision@10 : 0.0889    precision@20 : 0.0612    precision@30 : 0.0469    precision@50 : 0.033    map@1 : 0.2181    map@2 : 0.2132    map@3 : 0.2201    map@4 : 0.2257    map@5 : 0.2312    map@10 : 0.249    map@20 : 0.2636    map@30 : 0.2691    map@50 : 0.2742
Sun 15 Mar 2026 12:10:09 INFO  Saving current: saved/SCL-Mar-15-2026_12-09-30.pth
Sun 15 Mar 2026 12:10:09 INFO  Saving current best: saved/SCL-Mar-15-2026_12-09-30.pth
Sun 15 Mar 2026 12:10:09 INFO  Running E-step ! 
Sun 15 Mar 2026 12:10:09 INFO  epoch 112 training [time: 0.18s, train_loss1: 2.4822, train_loss2: 0.0377, train_loss3: 0.0109, train_loss4: 0.0026]
Sun 15 Mar 2026 12:10:10 INFO  epoch 112 evaluating [time: 0.14s, valid_score: 0.331700]
Sun 15 Mar 2026 12:10:10 INFO  valid result: 
recall@1 : 0.1381    recall@2 : 0.2173    recall@3 : 0.2788    recall@4 : 0.3219    recall@5 : 0.359    recall@10 : 0.4781    recall@20 : 0.6256    recall@30 : 0.6923    recall@50 : 0.7813    ndcg@1 : 0.2181    ndcg@2 : 0.2406    ndcg@3 : 0.2616    ndcg@4 : 0.276    ndcg@5 : 0.2897    ndcg@10 : 0.3317    ndcg@20 : 0.3758    ndcg@30 : 0.394    ndcg@50 : 0.4156    precision@1 : 0.2181    precision@2 : 0.1794    precision@3 : 0.1573    precision@4 : 0.1384    precision@5 : 0.1266    precision@10 : 0.089    precision@20 : 0.0613    precision@30 : 0.047    precision@50 : 0.033    map@1 : 0.2181    map@2 : 0.2135    map@3 : 0.2205    map@4 : 0.2261    map@5 : 0.2317    map@10 : 0.2493    map@20 : 0.2639    map@30 : 0.2695    map@50 : 0.2745
Sun 15 Mar 2026 12:10:10 INFO  Saving current: saved/SCL-Mar-15-2026_12-09-30.pth
Sun 15 Mar 2026 12:10:10 INFO  Saving current best: saved/SCL-Mar-15-2026_12-09-30.pth
Sun 15 Mar 2026 12:10:10 INFO  Running E-step ! 
Sun 15 Mar 2026 12:10:10 INFO  epoch 113 training [time: 0.18s, train_loss1: 2.4400, train_loss2: 0.0376, train_loss3: 0.0109, train_loss4: 0.0026]
Sun 15 Mar 2026 12:10:10 INFO  epoch 113 evaluating [time: 0.14s, valid_score: 0.331800]
Sun 15 Mar 2026 12:10:10 INFO  valid result: 
recall@1 : 0.1371    recall@2 : 0.217    recall@3 : 0.2791    recall@4 : 0.3219    recall@5 : 0.3588    recall@10 : 0.4796    recall@20 : 0.626    recall@30 : 0.6926    recall@50 : 0.7828    ndcg@1 : 0.2163    ndcg@2 : 0.2399    ndcg@3 : 0.2613    ndcg@4 : 0.2756    ndcg@5 : 0.2893    ndcg@10 : 0.3318    ndcg@20 : 0.3756    ndcg@30 : 0.3938    ndcg@50 : 0.4156    precision@1 : 0.2163    precision@2 : 0.1794    precision@3 : 0.1573    precision@4 : 0.1386    precision@5 : 0.1266    precision@10 : 0.0893    precision@20 : 0.0613    precision@30 : 0.047    precision@50 : 0.0331    map@1 : 0.2163    map@2 : 0.2128    map@3 : 0.22    map@4 : 0.2255    map@5 : 0.2312    map@10 : 0.2491    map@20 : 0.2636    map@30 : 0.2691    map@50 : 0.2742
Sun 15 Mar 2026 12:10:10 INFO  Saving current: saved/SCL-Mar-15-2026_12-09-30.pth
Sun 15 Mar 2026 12:10:10 INFO  Saving current best: saved/SCL-Mar-15-2026_12-09-30.pth
Sun 15 Mar 2026 12:10:10 INFO  Running E-step ! 
Sun 15 Mar 2026 12:10:10 INFO  epoch 114 training [time: 0.18s, train_loss1: 2.4139, train_loss2: 0.0375, train_loss3: 0.0109, train_loss4: 0.0025]
Sun 15 Mar 2026 12:10:10 INFO  epoch 114 evaluating [time: 0.14s, valid_score: 0.332000]
Sun 15 Mar 2026 12:10:10 INFO  valid result: 
recall@1 : 0.1377    recall@2 : 0.2177    recall@3 : 0.2782    recall@4 : 0.3233    recall@5 : 0.3592    recall@10 : 0.479    recall@20 : 0.6268    recall@30 : 0.6935    recall@50 : 0.7832    ndcg@1 : 0.2169    ndcg@2 : 0.2403    ndcg@3 : 0.2609    ndcg@4 : 0.2765    ndcg@5 : 0.2899    ndcg@10 : 0.332    ndcg@20 : 0.3761    ndcg@30 : 0.3943    ndcg@50 : 0.4161    precision@1 : 0.2169    precision@2 : 0.1794    precision@3 : 0.1567    precision@4 : 0.1393    precision@5 : 0.1271    precision@10 : 0.0892    precision@20 : 0.0614    precision@30 : 0.047    precision@50 : 0.0331    map@1 : 0.2169    map@2 : 0.2129    map@3 : 0.2199    map@4 : 0.2263    map@5 : 0.2319    map@10 : 0.2495    map@20 : 0.2641    map@30 : 0.2696    map@50 : 0.2748
Sun 15 Mar 2026 12:10:10 INFO  Saving current: saved/SCL-Mar-15-2026_12-09-30.pth
Sun 15 Mar 2026 12:10:10 INFO  Saving current best: saved/SCL-Mar-15-2026_12-09-30.pth
Sun 15 Mar 2026 12:10:10 INFO  Running E-step ! 
Sun 15 Mar 2026 12:10:11 INFO  epoch 115 training [time: 0.19s, train_loss1: 2.4293, train_loss2: 0.0374, train_loss3: 0.0109, train_loss4: 0.0025]
Sun 15 Mar 2026 12:10:11 INFO  epoch 115 evaluating [time: 0.14s, valid_score: 0.331700]
Sun 15 Mar 2026 12:10:11 INFO  valid result: 
recall@1 : 0.1371    recall@2 : 0.2169    recall@3 : 0.2788    recall@4 : 0.3235    recall@5 : 0.3597    recall@10 : 0.4785    recall@20 : 0.6283    recall@30 : 0.6946    recall@50 : 0.7839    ndcg@1 : 0.2163    ndcg@2 : 0.2397    ndcg@3 : 0.261    ndcg@4 : 0.2764    ndcg@5 : 0.2898    ndcg@10 : 0.3317    ndcg@20 : 0.3763    ndcg@30 : 0.3945    ndcg@50 : 0.4161    precision@1 : 0.2163    precision@2 : 0.1791    precision@3 : 0.1571    precision@4 : 0.1395    precision@5 : 0.1272    precision@10 : 0.0892    precision@20 : 0.0615    precision@30 : 0.0471    precision@50 : 0.0331    map@1 : 0.2163    map@2 : 0.2125    map@3 : 0.2198    map@4 : 0.2259    map@5 : 0.2317    map@10 : 0.2491    map@20 : 0.2639    map@30 : 0.2695    map@50 : 0.2745
Sun 15 Mar 2026 12:10:11 INFO  Running E-step ! 
Sun 15 Mar 2026 12:10:11 INFO  epoch 116 training [time: 0.17s, train_loss1: 2.4919, train_loss2: 0.0374, train_loss3: 0.0109, train_loss4: 0.0024]
Sun 15 Mar 2026 12:10:11 INFO  epoch 116 evaluating [time: 0.14s, valid_score: 0.332700]
Sun 15 Mar 2026 12:10:11 INFO  valid result: 
recall@1 : 0.1385    recall@2 : 0.2175    recall@3 : 0.2798    recall@4 : 0.3245    recall@5 : 0.3605    recall@10 : 0.4791    recall@20 : 0.6291    recall@30 : 0.6954    recall@50 : 0.7835    ndcg@1 : 0.2181    ndcg@2 : 0.2407    ndcg@3 : 0.2621    ndcg@4 : 0.2776    ndcg@5 : 0.291    ndcg@10 : 0.3327    ndcg@20 : 0.3774    ndcg@30 : 0.3956    ndcg@50 : 0.4169    precision@1 : 0.2181    precision@2 : 0.1794    precision@3 : 0.1575    precision@4 : 0.1399    precision@5 : 0.1277    precision@10 : 0.0894    precision@20 : 0.0616    precision@30 : 0.0472    precision@50 : 0.0331    map@1 : 0.2181    map@2 : 0.2135    map@3 : 0.221    map@4 : 0.2272    map@5 : 0.2328    map@10 : 0.2503    map@20 : 0.2651    map@30 : 0.2706    map@50 : 0.2756
Sun 15 Mar 2026 12:10:11 INFO  Saving current: saved/SCL-Mar-15-2026_12-09-30.pth
Sun 15 Mar 2026 12:10:11 INFO  Saving current best: saved/SCL-Mar-15-2026_12-09-30.pth
Sun 15 Mar 2026 12:10:11 INFO  Running E-step ! 
Sun 15 Mar 2026 12:10:11 INFO  epoch 117 training [time: 0.19s, train_loss1: 2.4709, train_loss2: 0.0373, train_loss3: 0.0109, train_loss4: 0.0025]
Sun 15 Mar 2026 12:10:11 INFO  epoch 117 evaluating [time: 0.14s, valid_score: 0.333100]
Sun 15 Mar 2026 12:10:11 INFO  valid result: 
recall@1 : 0.1382    recall@2 : 0.2163    recall@3 : 0.2795    recall@4 : 0.325    recall@5 : 0.3604    recall@10 : 0.4813    recall@20 : 0.6306    recall@30 : 0.6944    recall@50 : 0.7838    ndcg@1 : 0.2169    ndcg@2 : 0.2396    ndcg@3 : 0.2618    ndcg@4 : 0.2777    ndcg@5 : 0.2906    ndcg@10 : 0.3331    ndcg@20 : 0.3775    ndcg@30 : 0.3951    ndcg@50 : 0.4167    precision@1 : 0.2169    precision@2 : 0.1788    precision@3 : 0.1577    precision@4 : 0.1405    precision@5 : 0.1275    precision@10 : 0.0896    precision@20 : 0.0617    precision@30 : 0.0472    precision@50 : 0.0331    map@1 : 0.2169    map@2 : 0.2126    map@3 : 0.2208    map@4 : 0.2271    map@5 : 0.2324    map@10 : 0.2502    map@20 : 0.2649    map@30 : 0.2703    map@50 : 0.2754
Sun 15 Mar 2026 12:10:11 INFO  Saving current: saved/SCL-Mar-15-2026_12-09-30.pth
Sun 15 Mar 2026 12:10:11 INFO  Saving current best: saved/SCL-Mar-15-2026_12-09-30.pth
Sun 15 Mar 2026 12:10:11 INFO  Running E-step ! 
Sun 15 Mar 2026 12:10:12 INFO  epoch 118 training [time: 0.19s, train_loss1: 2.4211, train_loss2: 0.0372, train_loss3: 0.0109, train_loss4: 0.0024]
Sun 15 Mar 2026 12:10:12 INFO  epoch 118 evaluating [time: 0.15s, valid_score: 0.333100]
Sun 15 Mar 2026 12:10:12 INFO  valid result: 
recall@1 : 0.1374    recall@2 : 0.2154    recall@3 : 0.2787    recall@4 : 0.3256    recall@5 : 0.3595    recall@10 : 0.4825    recall@20 : 0.631    recall@30 : 0.6937    recall@50 : 0.7847    ndcg@1 : 0.2157    ndcg@2 : 0.2387    ndcg@3 : 0.2608    ndcg@4 : 0.2778    ndcg@5 : 0.2898    ndcg@10 : 0.3331    ndcg@20 : 0.3773    ndcg@30 : 0.3946    ndcg@50 : 0.4165    precision@1 : 0.2157    precision@2 : 0.1782    precision@3 : 0.1569    precision@4 : 0.1412    precision@5 : 0.1273    precision@10 : 0.0898    precision@20 : 0.0617    precision@30 : 0.0471    precision@50 : 0.0331    map@1 : 0.2157    map@2 : 0.2117    map@3 : 0.2198    map@4 : 0.2269    map@5 : 0.2317    map@10 : 0.2499    map@20 : 0.2645    map@30 : 0.2699    map@50 : 0.275
Sun 15 Mar 2026 12:10:12 INFO  Saving current: saved/SCL-Mar-15-2026_12-09-30.pth
Sun 15 Mar 2026 12:10:12 INFO  Saving current best: saved/SCL-Mar-15-2026_12-09-30.pth
Sun 15 Mar 2026 12:10:12 INFO  Running E-step ! 
Sun 15 Mar 2026 12:10:12 INFO  epoch 119 training [time: 0.18s, train_loss1: 2.4278, train_loss2: 0.0371, train_loss3: 0.0109, train_loss4: 0.0024]
Sun 15 Mar 2026 12:10:12 INFO  epoch 119 evaluating [time: 0.14s, valid_score: 0.333500]
Sun 15 Mar 2026 12:10:12 INFO  valid result: 
recall@1 : 0.138    recall@2 : 0.2148    recall@3 : 0.2786    recall@4 : 0.3272    recall@5 : 0.3603    recall@10 : 0.4831    recall@20 : 0.632    recall@30 : 0.6935    recall@50 : 0.7837    ndcg@1 : 0.2163    ndcg@2 : 0.2385    ndcg@3 : 0.2608    ndcg@4 : 0.2785    ndcg@5 : 0.2903    ndcg@10 : 0.3335    ndcg@20 : 0.3778    ndcg@30 : 0.3949    ndcg@50 : 0.4167    precision@1 : 0.2163    precision@2 : 0.1779    precision@3 : 0.1567    precision@4 : 0.1417    precision@5 : 0.1274    precision@10 : 0.0898    precision@20 : 0.0618    precision@30 : 0.0471    precision@50 : 0.0331    map@1 : 0.2163    map@2 : 0.2117    map@3 : 0.2199    map@4 : 0.2275    map@5 : 0.2322    map@10 : 0.2503    map@20 : 0.2649    map@30 : 0.2702    map@50 : 0.2753
Sun 15 Mar 2026 12:10:12 INFO  Saving current: saved/SCL-Mar-15-2026_12-09-30.pth
Sun 15 Mar 2026 12:10:12 INFO  Saving current best: saved/SCL-Mar-15-2026_12-09-30.pth
Sun 15 Mar 2026 12:10:12 INFO  Running E-step ! 
Sun 15 Mar 2026 12:10:12 INFO  epoch 120 training [time: 0.17s, train_loss1: 2.3733, train_loss2: 0.0370, train_loss3: 0.0109, train_loss4: 0.0024]
Sun 15 Mar 2026 12:10:12 INFO  epoch 120 evaluating [time: 0.14s, valid_score: 0.333900]
Sun 15 Mar 2026 12:10:12 INFO  valid result: 
recall@1 : 0.1386    recall@2 : 0.2139    recall@3 : 0.2798    recall@4 : 0.3282    recall@5 : 0.3602    recall@10 : 0.4834    recall@20 : 0.6312    recall@30 : 0.6943    recall@50 : 0.7844    ndcg@1 : 0.2169    ndcg@2 : 0.2381    ndcg@3 : 0.2615    ndcg@4 : 0.2791    ndcg@5 : 0.2905    ndcg@10 : 0.3339    ndcg@20 : 0.3779    ndcg@30 : 0.3953    ndcg@50 : 0.4171    precision@1 : 0.2169    precision@2 : 0.1773    precision@3 : 0.1571    precision@4 : 0.1418    precision@5 : 0.1275    precision@10 : 0.0899    precision@20 : 0.0617    precision@30 : 0.0471    precision@50 : 0.0331    map@1 : 0.2169    map@2 : 0.2116    map@3 : 0.2203    map@4 : 0.228    map@5 : 0.2325    map@10 : 0.2506    map@20 : 0.2652    map@30 : 0.2706    map@50 : 0.2757
Sun 15 Mar 2026 12:10:12 INFO  Saving current: saved/SCL-Mar-15-2026_12-09-30.pth
Sun 15 Mar 2026 12:10:12 INFO  Saving current best: saved/SCL-Mar-15-2026_12-09-30.pth
Sun 15 Mar 2026 12:10:12 INFO  Running E-step ! 
Sun 15 Mar 2026 12:10:13 INFO  epoch 121 training [time: 0.19s, train_loss1: 2.4272, train_loss2: 0.0369, train_loss3: 0.0109, train_loss4: 0.0024]
Sun 15 Mar 2026 12:10:13 INFO  epoch 121 evaluating [time: 0.14s, valid_score: 0.335100]
Sun 15 Mar 2026 12:10:13 INFO  valid result: 
recall@1 : 0.1392    recall@2 : 0.2146    recall@3 : 0.2818    recall@4 : 0.3281    recall@5 : 0.3609    recall@10 : 0.4856    recall@20 : 0.632    recall@30 : 0.6938    recall@50 : 0.7848    ndcg@1 : 0.2175    ndcg@2 : 0.2387    ndcg@3 : 0.2628    ndcg@4 : 0.2797    ndcg@5 : 0.2913    ndcg@10 : 0.3351    ndcg@20 : 0.3786    ndcg@30 : 0.3958    ndcg@50 : 0.4177    precision@1 : 0.2175    precision@2 : 0.1776    precision@3 : 0.1579    precision@4 : 0.1421    precision@5 : 0.1279    precision@10 : 0.0903    precision@20 : 0.0618    precision@30 : 0.0471    precision@50 : 0.0331    map@1 : 0.2175    map@2 : 0.2123    map@3 : 0.2215    map@4 : 0.2287    map@5 : 0.2333    map@10 : 0.2516    map@20 : 0.266    map@30 : 0.2713    map@50 : 0.2765
Sun 15 Mar 2026 12:10:13 INFO  Saving current: saved/SCL-Mar-15-2026_12-09-30.pth
Sun 15 Mar 2026 12:10:13 INFO  Saving current best: saved/SCL-Mar-15-2026_12-09-30.pth
Sun 15 Mar 2026 12:10:13 INFO  Running E-step ! 
Sun 15 Mar 2026 12:10:13 INFO  epoch 122 training [time: 0.18s, train_loss1: 2.3636, train_loss2: 0.0369, train_loss3: 0.0109, train_loss4: 0.0024]
Sun 15 Mar 2026 12:10:13 INFO  epoch 122 evaluating [time: 0.14s, valid_score: 0.336400]
Sun 15 Mar 2026 12:10:13 INFO  valid result: 
recall@1 : 0.1403    recall@2 : 0.2152    recall@3 : 0.2839    recall@4 : 0.3274    recall@5 : 0.3609    recall@10 : 0.4876    recall@20 : 0.632    recall@30 : 0.6962    recall@50 : 0.7848    ndcg@1 : 0.2199    ndcg@2 : 0.2397    ndcg@3 : 0.2644    ndcg@4 : 0.2802    ndcg@5 : 0.2921    ndcg@10 : 0.3364    ndcg@20 : 0.3793    ndcg@30 : 0.397    ndcg@50 : 0.4185    precision@1 : 0.2199    precision@2 : 0.1779    precision@3 : 0.1585    precision@4 : 0.1423    precision@5 : 0.1281    precision@10 : 0.0906    precision@20 : 0.0618    precision@30 : 0.0472    precision@50 : 0.0331    map@1 : 0.2199    map@2 : 0.2133    map@3 : 0.2229    map@4 : 0.2295    map@5 : 0.2343    map@10 : 0.2528    map@20 : 0.2669    map@30 : 0.2723    map@50 : 0.2774
Sun 15 Mar 2026 12:10:13 INFO  Saving current: saved/SCL-Mar-15-2026_12-09-30.pth
Sun 15 Mar 2026 12:10:13 INFO  Saving current best: saved/SCL-Mar-15-2026_12-09-30.pth
Sun 15 Mar 2026 12:10:13 INFO  Running E-step ! 
Sun 15 Mar 2026 12:10:13 INFO  epoch 123 training [time: 0.20s, train_loss1: 2.3880, train_loss2: 0.0368, train_loss3: 0.0109, train_loss4: 0.0023]
Sun 15 Mar 2026 12:10:13 INFO  epoch 123 evaluating [time: 0.14s, valid_score: 0.336900]
Sun 15 Mar 2026 12:10:13 INFO  valid result: 
recall@1 : 0.1409    recall@2 : 0.2157    recall@3 : 0.283    recall@4 : 0.327    recall@5 : 0.3635    recall@10 : 0.488    recall@20 : 0.6339    recall@30 : 0.6968    recall@50 : 0.7846    ndcg@1 : 0.2205    ndcg@2 : 0.2406    ndcg@3 : 0.2642    ndcg@4 : 0.2803    ndcg@5 : 0.2934    ndcg@10 : 0.3369    ndcg@20 : 0.3802    ndcg@30 : 0.3976    ndcg@50 : 0.4189    precision@1 : 0.2205    precision@2 : 0.1788    precision@3 : 0.1581    precision@4 : 0.1421    precision@5 : 0.1287    precision@10 : 0.0906    precision@20 : 0.0619    precision@30 : 0.0473    precision@50 : 0.0331    map@1 : 0.2205    map@2 : 0.2141    map@3 : 0.223    map@4 : 0.2297    map@5 : 0.2351    map@10 : 0.2532    map@20 : 0.2675    map@30 : 0.2728    map@50 : 0.2779
Sun 15 Mar 2026 12:10:13 INFO  Saving current: saved/SCL-Mar-15-2026_12-09-30.pth
Sun 15 Mar 2026 12:10:13 INFO  Saving current best: saved/SCL-Mar-15-2026_12-09-30.pth
Sun 15 Mar 2026 12:10:13 INFO  Running E-step ! 
Sun 15 Mar 2026 12:10:14 INFO  epoch 124 training [time: 0.18s, train_loss1: 2.3579, train_loss2: 0.0367, train_loss3: 0.0109, train_loss4: 0.0023]
Sun 15 Mar 2026 12:10:14 INFO  epoch 124 evaluating [time: 0.14s, valid_score: 0.337000]
Sun 15 Mar 2026 12:10:14 INFO  valid result: 
recall@1 : 0.1416    recall@2 : 0.2127    recall@3 : 0.2819    recall@4 : 0.3268    recall@5 : 0.3643    recall@10 : 0.4883    recall@20 : 0.634    recall@30 : 0.6962    recall@50 : 0.7846    ndcg@1 : 0.2217    ndcg@2 : 0.2393    ndcg@3 : 0.2636    ndcg@4 : 0.2801    ndcg@5 : 0.2936    ndcg@10 : 0.337    ndcg@20 : 0.3802    ndcg@30 : 0.3975    ndcg@50 : 0.4189    precision@1 : 0.2217    precision@2 : 0.1776    precision@3 : 0.1577    precision@4 : 0.142    precision@5 : 0.129    precision@10 : 0.0908    precision@20 : 0.0619    precision@30 : 0.0473    precision@50 : 0.0331    map@1 : 0.2217    map@2 : 0.2133    map@3 : 0.2226    map@4 : 0.2294    map@5 : 0.2351    map@10 : 0.2532    map@20 : 0.2674    map@30 : 0.2728    map@50 : 0.2778
Sun 15 Mar 2026 12:10:14 INFO  Saving current: saved/SCL-Mar-15-2026_12-09-30.pth
Sun 15 Mar 2026 12:10:14 INFO  Saving current best: saved/SCL-Mar-15-2026_12-09-30.pth
Sun 15 Mar 2026 12:10:14 INFO  Running E-step ! 
Sun 15 Mar 2026 12:10:14 INFO  epoch 125 training [time: 0.17s, train_loss1: 2.3549, train_loss2: 0.0367, train_loss3: 0.0109, train_loss4: 0.0023]
Sun 15 Mar 2026 12:10:14 INFO  epoch 125 evaluating [time: 0.14s, valid_score: 0.336700]
Sun 15 Mar 2026 12:10:14 INFO  valid result: 
recall@1 : 0.1415    recall@2 : 0.2123    recall@3 : 0.2806    recall@4 : 0.3274    recall@5 : 0.3639    recall@10 : 0.4878    recall@20 : 0.6339    recall@30 : 0.6957    recall@50 : 0.7843    ndcg@1 : 0.2217    ndcg@2 : 0.2392    ndcg@3 : 0.263    ndcg@4 : 0.2803    ndcg@5 : 0.2933    ndcg@10 : 0.3367    ndcg@20 : 0.3801    ndcg@30 : 0.3972    ndcg@50 : 0.4187    precision@1 : 0.2217    precision@2 : 0.1776    precision@3 : 0.1575    precision@4 : 0.1424    precision@5 : 0.1288    precision@10 : 0.0908    precision@20 : 0.0619    precision@30 : 0.0472    precision@50 : 0.0331    map@1 : 0.2217    map@2 : 0.2132    map@3 : 0.2222    map@4 : 0.2293    map@5 : 0.2348    map@10 : 0.2529    map@20 : 0.2672    map@30 : 0.2726    map@50 : 0.2777
Sun 15 Mar 2026 12:10:14 INFO  Running E-step ! 
Sun 15 Mar 2026 12:10:14 INFO  epoch 126 training [time: 0.17s, train_loss1: 2.3570, train_loss2: 0.0366, train_loss3: 0.0109, train_loss4: 0.0023]
Sun 15 Mar 2026 12:10:14 INFO  epoch 126 evaluating [time: 0.14s, valid_score: 0.337300]
Sun 15 Mar 2026 12:10:14 INFO  valid result: 
recall@1 : 0.1418    recall@2 : 0.2135    recall@3 : 0.2802    recall@4 : 0.327    recall@5 : 0.3642    recall@10 : 0.4885    recall@20 : 0.6337    recall@30 : 0.6961    recall@50 : 0.7838    ndcg@1 : 0.2217    ndcg@2 : 0.2404    ndcg@3 : 0.2631    ndcg@4 : 0.2803    ndcg@5 : 0.2937    ndcg@10 : 0.3373    ndcg@20 : 0.3804    ndcg@30 : 0.3976    ndcg@50 : 0.419    precision@1 : 0.2217    precision@2 : 0.1788    precision@3 : 0.1575    precision@4 : 0.1423    precision@5 : 0.1291    precision@10 : 0.0909    precision@20 : 0.0619    precision@30 : 0.0472    precision@50 : 0.0331    map@1 : 0.2217    map@2 : 0.2142    map@3 : 0.2225    map@4 : 0.2296    map@5 : 0.2352    map@10 : 0.2535    map@20 : 0.2677    map@30 : 0.2731    map@50 : 0.2781
Sun 15 Mar 2026 12:10:14 INFO  Saving current: saved/SCL-Mar-15-2026_12-09-30.pth
Sun 15 Mar 2026 12:10:14 INFO  Saving current best: saved/SCL-Mar-15-2026_12-09-30.pth
Sun 15 Mar 2026 12:10:14 INFO  Running E-step ! 
Sun 15 Mar 2026 12:10:15 INFO  epoch 127 training [time: 0.17s, train_loss1: 2.3430, train_loss2: 0.0365, train_loss3: 0.0109, train_loss4: 0.0023]
Sun 15 Mar 2026 12:10:15 INFO  epoch 127 evaluating [time: 0.14s, valid_score: 0.336900]
Sun 15 Mar 2026 12:10:15 INFO  valid result: 
recall@1 : 0.1406    recall@2 : 0.2129    recall@3 : 0.2804    recall@4 : 0.3266    recall@5 : 0.363    recall@10 : 0.4893    recall@20 : 0.6343    recall@30 : 0.6954    recall@50 : 0.7848    ndcg@1 : 0.2193    ndcg@2 : 0.2395    ndcg@3 : 0.2628    ndcg@4 : 0.2796    ndcg@5 : 0.2925    ndcg@10 : 0.3369    ndcg@20 : 0.38    ndcg@30 : 0.3969    ndcg@50 : 0.4186    precision@1 : 0.2193    precision@2 : 0.1788    precision@3 : 0.1581    precision@4 : 0.1423    precision@5 : 0.1285    precision@10 : 0.0911    precision@20 : 0.062    precision@30 : 0.0471    precision@50 : 0.0331    map@1 : 0.2193    map@2 : 0.2133    map@3 : 0.2221    map@4 : 0.2288    map@5 : 0.2342    map@10 : 0.2529    map@20 : 0.2671    map@30 : 0.2724    map@50 : 0.2775
Sun 15 Mar 2026 12:10:15 INFO  Running E-step ! 
Sun 15 Mar 2026 12:10:15 INFO  epoch 128 training [time: 0.16s, train_loss1: 2.3337, train_loss2: 0.0364, train_loss3: 0.0109, train_loss4: 0.0022]
Sun 15 Mar 2026 12:10:15 INFO  epoch 128 evaluating [time: 0.14s, valid_score: 0.337500]
Sun 15 Mar 2026 12:10:15 INFO  valid result: 
recall@1 : 0.1405    recall@2 : 0.2133    recall@3 : 0.2808    recall@4 : 0.3277    recall@5 : 0.3636    recall@10 : 0.4908    recall@20 : 0.6343    recall@30 : 0.695    recall@50 : 0.7854    ndcg@1 : 0.2193    ndcg@2 : 0.2399    ndcg@3 : 0.2633    ndcg@4 : 0.2802    ndcg@5 : 0.2929    ndcg@10 : 0.3375    ndcg@20 : 0.3802    ndcg@30 : 0.3971    ndcg@50 : 0.419    precision@1 : 0.2193    precision@2 : 0.1791    precision@3 : 0.1587    precision@4 : 0.1429    precision@5 : 0.1286    precision@10 : 0.0912    precision@20 : 0.062    precision@30 : 0.0472    precision@50 : 0.0331    map@1 : 0.2193    map@2 : 0.2136    map@3 : 0.2223    map@4 : 0.2292    map@5 : 0.2344    map@10 : 0.2531    map@20 : 0.2673    map@30 : 0.2726    map@50 : 0.2777
Sun 15 Mar 2026 12:10:15 INFO  Saving current: saved/SCL-Mar-15-2026_12-09-30.pth
Sun 15 Mar 2026 12:10:15 INFO  Saving current best: saved/SCL-Mar-15-2026_12-09-30.pth
Sun 15 Mar 2026 12:10:15 INFO  Running E-step ! 
Sun 15 Mar 2026 12:10:15 INFO  epoch 129 training [time: 0.18s, train_loss1: 2.3707, train_loss2: 0.0364, train_loss3: 0.0109, train_loss4: 0.0023]
Sun 15 Mar 2026 12:10:15 INFO  epoch 129 evaluating [time: 0.14s, valid_score: 0.338100]
Sun 15 Mar 2026 12:10:15 INFO  valid result: 
recall@1 : 0.1412    recall@2 : 0.2121    recall@3 : 0.2806    recall@4 : 0.3271    recall@5 : 0.3639    recall@10 : 0.4923    recall@20 : 0.6349    recall@30 : 0.6952    recall@50 : 0.7858    ndcg@1 : 0.2205    ndcg@2 : 0.2395    ndcg@3 : 0.2635    ndcg@4 : 0.2801    ndcg@5 : 0.2933    ndcg@10 : 0.3381    ndcg@20 : 0.3807    ndcg@30 : 0.3974    ndcg@50 : 0.4193    precision@1 : 0.2205    precision@2 : 0.1785    precision@3 : 0.1589    precision@4 : 0.1427    precision@5 : 0.129    precision@10 : 0.0912    precision@20 : 0.0621    precision@30 : 0.0472    precision@50 : 0.0332    map@1 : 0.2205    map@2 : 0.2135    map@3 : 0.2226    map@4 : 0.2294    map@5 : 0.2347    map@10 : 0.2536    map@20 : 0.2676    map@30 : 0.2729    map@50 : 0.2781
Sun 15 Mar 2026 12:10:15 INFO  Saving current: saved/SCL-Mar-15-2026_12-09-30.pth
Sun 15 Mar 2026 12:10:15 INFO  Saving current best: saved/SCL-Mar-15-2026_12-09-30.pth
Sun 15 Mar 2026 12:10:15 INFO  Running E-step ! 
Sun 15 Mar 2026 12:10:16 INFO  epoch 130 training [time: 0.19s, train_loss1: 2.3338, train_loss2: 0.0363, train_loss3: 0.0109, train_loss4: 0.0023]
Sun 15 Mar 2026 12:10:16 INFO  epoch 130 evaluating [time: 0.14s, valid_score: 0.338700]
Sun 15 Mar 2026 12:10:16 INFO  valid result: 
recall@1 : 0.1414    recall@2 : 0.2122    recall@3 : 0.2831    recall@4 : 0.3262    recall@5 : 0.3637    recall@10 : 0.4929    recall@20 : 0.6355    recall@30 : 0.6979    recall@50 : 0.7863    ndcg@1 : 0.2211    ndcg@2 : 0.2393    ndcg@3 : 0.2651    ndcg@4 : 0.28    ndcg@5 : 0.2935    ndcg@10 : 0.3387    ndcg@20 : 0.3812    ndcg@30 : 0.3984    ndcg@50 : 0.4198    precision@1 : 0.2211    precision@2 : 0.1779    precision@3 : 0.1605    precision@4 : 0.1424    precision@5 : 0.1291    precision@10 : 0.0914    precision@20 : 0.0622    precision@30 : 0.0473    precision@50 : 0.0332    map@1 : 0.2211    map@2 : 0.2132    map@3 : 0.2235    map@4 : 0.2293    map@5 : 0.2349    map@10 : 0.254    map@20 : 0.268    map@30 : 0.2734    map@50 : 0.2785
Sun 15 Mar 2026 12:10:16 INFO  Saving current: saved/SCL-Mar-15-2026_12-09-30.pth
Sun 15 Mar 2026 12:10:16 INFO  Saving current best: saved/SCL-Mar-15-2026_12-09-30.pth
Sun 15 Mar 2026 12:10:16 INFO  Running E-step ! 
Sun 15 Mar 2026 12:10:16 INFO  epoch 131 training [time: 0.17s, train_loss1: 2.3548, train_loss2: 0.0362, train_loss3: 0.0109, train_loss4: 0.0022]
Sun 15 Mar 2026 12:10:16 INFO  epoch 131 evaluating [time: 0.14s, valid_score: 0.339700]
Sun 15 Mar 2026 12:10:16 INFO  valid result: 
recall@1 : 0.1421    recall@2 : 0.2134    recall@3 : 0.2827    recall@4 : 0.3254    recall@5 : 0.364    recall@10 : 0.495    recall@20 : 0.6349    recall@30 : 0.6972    recall@50 : 0.7865    ndcg@1 : 0.2223    ndcg@2 : 0.2404    ndcg@3 : 0.2655    ndcg@4 : 0.2799    ndcg@5 : 0.2941    ndcg@10 : 0.3397    ndcg@20 : 0.3815    ndcg@30 : 0.3987    ndcg@50 : 0.4203    precision@1 : 0.2223    precision@2 : 0.1785    precision@3 : 0.1607    precision@4 : 0.1418    precision@5 : 0.1293    precision@10 : 0.0917    precision@20 : 0.0622    precision@30 : 0.0473    precision@50 : 0.0332    map@1 : 0.2223    map@2 : 0.2142    map@3 : 0.2242    map@4 : 0.2296    map@5 : 0.2356    map@10 : 0.2547    map@20 : 0.2686    map@30 : 0.274    map@50 : 0.2791
Sun 15 Mar 2026 12:10:16 INFO  Saving current: saved/SCL-Mar-15-2026_12-09-30.pth
Sun 15 Mar 2026 12:10:16 INFO  Saving current best: saved/SCL-Mar-15-2026_12-09-30.pth
Sun 15 Mar 2026 12:10:16 INFO  Running E-step ! 
Sun 15 Mar 2026 12:10:16 INFO  epoch 132 training [time: 0.17s, train_loss1: 2.3264, train_loss2: 0.0361, train_loss3: 0.0109, train_loss4: 0.0022]
Sun 15 Mar 2026 12:10:16 INFO  epoch 132 evaluating [time: 0.14s, valid_score: 0.339800]
Sun 15 Mar 2026 12:10:16 INFO  valid result: 
recall@1 : 0.1412    recall@2 : 0.2123    recall@3 : 0.2832    recall@4 : 0.3266    recall@5 : 0.3641    recall@10 : 0.496    recall@20 : 0.6354    recall@30 : 0.6965    recall@50 : 0.7867    ndcg@1 : 0.2211    ndcg@2 : 0.2395    ndcg@3 : 0.2654    ndcg@4 : 0.2801    ndcg@5 : 0.2937    ndcg@10 : 0.3398    ndcg@20 : 0.3814    ndcg@30 : 0.3983    ndcg@50 : 0.4202    precision@1 : 0.2211    precision@2 : 0.1782    precision@3 : 0.1611    precision@4 : 0.1424    precision@5 : 0.1293    precision@10 : 0.0919    precision@20 : 0.0623    precision@30 : 0.0473    precision@50 : 0.0332    map@1 : 0.2211    map@2 : 0.2133    map@3 : 0.2238    map@4 : 0.2294    map@5 : 0.2351    map@10 : 0.2545    map@20 : 0.2683    map@30 : 0.2735    map@50 : 0.2787
Sun 15 Mar 2026 12:10:16 INFO  Saving current: saved/SCL-Mar-15-2026_12-09-30.pth
Sun 15 Mar 2026 12:10:16 INFO  Saving current best: saved/SCL-Mar-15-2026_12-09-30.pth
Sun 15 Mar 2026 12:10:16 INFO  Running E-step ! 
Sun 15 Mar 2026 12:10:17 INFO  epoch 133 training [time: 0.17s, train_loss1: 2.2905, train_loss2: 0.0361, train_loss3: 0.0109, train_loss4: 0.0022]
Sun 15 Mar 2026 12:10:17 INFO  epoch 133 evaluating [time: 0.14s, valid_score: 0.340100]
Sun 15 Mar 2026 12:10:17 INFO  valid result: 
recall@1 : 0.1411    recall@2 : 0.2144    recall@3 : 0.2832    recall@4 : 0.3267    recall@5 : 0.364    recall@10 : 0.4959    recall@20 : 0.6354    recall@30 : 0.6978    recall@50 : 0.7877    ndcg@1 : 0.2217    ndcg@2 : 0.2412    ndcg@3 : 0.2659    ndcg@4 : 0.2806    ndcg@5 : 0.2942    ndcg@10 : 0.3401    ndcg@20 : 0.3818    ndcg@30 : 0.399    ndcg@50 : 0.4208    precision@1 : 0.2217    precision@2 : 0.1797    precision@3 : 0.1615    precision@4 : 0.1427    precision@5 : 0.1298    precision@10 : 0.0919    precision@20 : 0.0623    precision@30 : 0.0474    precision@50 : 0.0333    map@1 : 0.2217    map@2 : 0.2147    map@3 : 0.2244    map@4 : 0.2298    map@5 : 0.2356    map@10 : 0.2548    map@20 : 0.2687    map@30 : 0.274    map@50 : 0.2791
Sun 15 Mar 2026 12:10:17 INFO  Saving current: saved/SCL-Mar-15-2026_12-09-30.pth
Sun 15 Mar 2026 12:10:17 INFO  Saving current best: saved/SCL-Mar-15-2026_12-09-30.pth
Sun 15 Mar 2026 12:10:17 INFO  Running E-step ! 
Sun 15 Mar 2026 12:10:17 INFO  epoch 134 training [time: 0.18s, train_loss1: 2.3119, train_loss2: 0.0360, train_loss3: 0.0109, train_loss4: 0.0021]
Sun 15 Mar 2026 12:10:17 INFO  epoch 134 evaluating [time: 0.14s, valid_score: 0.340100]
Sun 15 Mar 2026 12:10:17 INFO  valid result: 
recall@1 : 0.142    recall@2 : 0.2138    recall@3 : 0.2825    recall@4 : 0.3261    recall@5 : 0.3634    recall@10 : 0.4954    recall@20 : 0.6355    recall@30 : 0.6987    recall@50 : 0.7872    ndcg@1 : 0.2229    ndcg@2 : 0.2411    ndcg@3 : 0.2658    ndcg@4 : 0.2807    ndcg@5 : 0.2943    ndcg@10 : 0.3401    ndcg@20 : 0.3819    ndcg@30 : 0.3994    ndcg@50 : 0.4208    precision@1 : 0.2229    precision@2 : 0.1794    precision@3 : 0.1611    precision@4 : 0.1429    precision@5 : 0.1298    precision@10 : 0.0919    precision@20 : 0.0623    precision@30 : 0.0475    precision@50 : 0.0332    map@1 : 0.2229    map@2 : 0.2148    map@3 : 0.2245    map@4 : 0.2302    map@5 : 0.2359    map@10 : 0.255    map@20 : 0.2689    map@30 : 0.2743    map@50 : 0.2793
Sun 15 Mar 2026 12:10:17 INFO  Saving current: saved/SCL-Mar-15-2026_12-09-30.pth
Sun 15 Mar 2026 12:10:17 INFO  Saving current best: saved/SCL-Mar-15-2026_12-09-30.pth
Sun 15 Mar 2026 12:10:17 INFO  Running E-step ! 
Sun 15 Mar 2026 12:10:17 INFO  epoch 135 training [time: 0.17s, train_loss1: 2.3421, train_loss2: 0.0359, train_loss3: 0.0109, train_loss4: 0.0022]
Sun 15 Mar 2026 12:10:17 INFO  epoch 135 evaluating [time: 0.14s, valid_score: 0.340400]
Sun 15 Mar 2026 12:10:17 INFO  valid result: 
recall@1 : 0.1444    recall@2 : 0.2135    recall@3 : 0.283    recall@4 : 0.3263    recall@5 : 0.3635    recall@10 : 0.4936    recall@20 : 0.6366    recall@30 : 0.6979    recall@50 : 0.7883    ndcg@1 : 0.2265    ndcg@2 : 0.2421    ndcg@3 : 0.267    ndcg@4 : 0.2819    ndcg@5 : 0.2953    ndcg@10 : 0.3404    ndcg@20 : 0.3831    ndcg@30 : 0.4001    ndcg@50 : 0.4219    precision@1 : 0.2265    precision@2 : 0.1794    precision@3 : 0.1613    precision@4 : 0.1432    precision@5 : 0.1299    precision@10 : 0.0915    precision@20 : 0.0623    precision@30 : 0.0475    precision@50 : 0.0333    map@1 : 0.2265    map@2 : 0.216    map@3 : 0.2258    map@4 : 0.2315    map@5 : 0.2372    map@10 : 0.2558    map@20 : 0.27    map@30 : 0.2754    map@50 : 0.2805
Sun 15 Mar 2026 12:10:17 INFO  Saving current: saved/SCL-Mar-15-2026_12-09-30.pth
Sun 15 Mar 2026 12:10:17 INFO  Saving current best: saved/SCL-Mar-15-2026_12-09-30.pth
Sun 15 Mar 2026 12:10:17 INFO  Running E-step ! 
Sun 15 Mar 2026 12:10:18 INFO  epoch 136 training [time: 0.19s, train_loss1: 2.2941, train_loss2: 0.0358, train_loss3: 0.0109, train_loss4: 0.0022]
Sun 15 Mar 2026 12:10:18 INFO  epoch 136 evaluating [time: 0.14s, valid_score: 0.340800]
Sun 15 Mar 2026 12:10:18 INFO  valid result: 
recall@1 : 0.1445    recall@2 : 0.2153    recall@3 : 0.2827    recall@4 : 0.3266    recall@5 : 0.3633    recall@10 : 0.4938    recall@20 : 0.6364    recall@30 : 0.6987    recall@50 : 0.788    ndcg@1 : 0.2271    ndcg@2 : 0.2436    ndcg@3 : 0.2675    ndcg@4 : 0.2825    ndcg@5 : 0.2956    ndcg@10 : 0.3408    ndcg@20 : 0.3834    ndcg@30 : 0.4006    ndcg@50 : 0.4222    precision@1 : 0.2271    precision@2 : 0.1809    precision@3 : 0.1617    precision@4 : 0.1435    precision@5 : 0.1298    precision@10 : 0.0916    precision@20 : 0.0623    precision@30 : 0.0475    precision@50 : 0.0333    map@1 : 0.2271    map@2 : 0.2172    map@3 : 0.2262    map@4 : 0.2321    map@5 : 0.2376    map@10 : 0.2562    map@20 : 0.2704    map@30 : 0.2758    map@50 : 0.2809
Sun 15 Mar 2026 12:10:18 INFO  Saving current: saved/SCL-Mar-15-2026_12-09-30.pth
Sun 15 Mar 2026 12:10:18 INFO  Saving current best: saved/SCL-Mar-15-2026_12-09-30.pth
Sun 15 Mar 2026 12:10:18 INFO  Running E-step ! 
Sun 15 Mar 2026 12:10:18 INFO  epoch 137 training [time: 0.17s, train_loss1: 2.3081, train_loss2: 0.0358, train_loss3: 0.0109, train_loss4: 0.0021]
Sun 15 Mar 2026 12:10:18 INFO  epoch 137 evaluating [time: 0.14s, valid_score: 0.340600]
Sun 15 Mar 2026 12:10:18 INFO  valid result: 
recall@1 : 0.1444    recall@2 : 0.2151    recall@3 : 0.2829    recall@4 : 0.3258    recall@5 : 0.3625    recall@10 : 0.4937    recall@20 : 0.6357    recall@30 : 0.6988    recall@50 : 0.7888    ndcg@1 : 0.2271    ndcg@2 : 0.2432    ndcg@3 : 0.2674    ndcg@4 : 0.2819    ndcg@5 : 0.2952    ndcg@10 : 0.3406    ndcg@20 : 0.3831    ndcg@30 : 0.4005    ndcg@50 : 0.4223    precision@1 : 0.2271    precision@2 : 0.1803    precision@3 : 0.1617    precision@4 : 0.1429    precision@5 : 0.1297    precision@10 : 0.0917    precision@20 : 0.0623    precision@30 : 0.0475    precision@50 : 0.0333    map@1 : 0.2271    map@2 : 0.2168    map@3 : 0.2261    map@4 : 0.2317    map@5 : 0.2374    map@10 : 0.256    map@20 : 0.2702    map@30 : 0.2757    map@50 : 0.2808
Sun 15 Mar 2026 12:10:18 INFO  Running E-step ! 
Sun 15 Mar 2026 12:10:18 INFO  epoch 138 training [time: 0.16s, train_loss1: 2.2930, train_loss2: 0.0357, train_loss3: 0.0109, train_loss4: 0.0021]
Sun 15 Mar 2026 12:10:18 INFO  epoch 138 evaluating [time: 0.14s, valid_score: 0.341200]
Sun 15 Mar 2026 12:10:18 INFO  valid result: 
recall@1 : 0.1449    recall@2 : 0.2144    recall@3 : 0.2819    recall@4 : 0.3258    recall@5 : 0.3628    recall@10 : 0.4952    recall@20 : 0.6359    recall@30 : 0.6967    recall@50 : 0.7902    ndcg@1 : 0.2271    ndcg@2 : 0.2427    ndcg@3 : 0.267    ndcg@4 : 0.2818    ndcg@5 : 0.2953    ndcg@10 : 0.3412    ndcg@20 : 0.3832    ndcg@30 : 0.4001    ndcg@50 : 0.4226    precision@1 : 0.2271    precision@2 : 0.1797    precision@3 : 0.1615    precision@4 : 0.1427    precision@5 : 0.1298    precision@10 : 0.092    precision@20 : 0.0623    precision@30 : 0.0474    precision@50 : 0.0333    map@1 : 0.2271    map@2 : 0.2165    map@3 : 0.2259    map@4 : 0.2316    map@5 : 0.2375    map@10 : 0.2564    map@20 : 0.2704    map@30 : 0.2757    map@50 : 0.281
Sun 15 Mar 2026 12:10:18 INFO  Saving current: saved/SCL-Mar-15-2026_12-09-30.pth
Sun 15 Mar 2026 12:10:18 INFO  Saving current best: saved/SCL-Mar-15-2026_12-09-30.pth
Sun 15 Mar 2026 12:10:18 INFO  Running E-step ! 
Sun 15 Mar 2026 12:10:19 INFO  epoch 139 training [time: 0.17s, train_loss1: 2.2818, train_loss2: 0.0356, train_loss3: 0.0109, train_loss4: 0.0021]
Sun 15 Mar 2026 12:10:19 INFO  epoch 139 evaluating [time: 0.14s, valid_score: 0.340800]
Sun 15 Mar 2026 12:10:19 INFO  valid result: 
recall@1 : 0.1443    recall@2 : 0.2153    recall@3 : 0.2818    recall@4 : 0.3244    recall@5 : 0.3627    recall@10 : 0.4948    recall@20 : 0.6364    recall@30 : 0.6973    recall@50 : 0.7909    ndcg@1 : 0.2265    ndcg@2 : 0.243    ndcg@3 : 0.2669    ndcg@4 : 0.2812    ndcg@5 : 0.2951    ndcg@10 : 0.3408    ndcg@20 : 0.3832    ndcg@30 : 0.4    ndcg@50 : 0.4225    precision@1 : 0.2265    precision@2 : 0.1803    precision@3 : 0.1615    precision@4 : 0.1424    precision@5 : 0.1298    precision@10 : 0.092    precision@20 : 0.0625    precision@30 : 0.0474    precision@50 : 0.0334    map@1 : 0.2265    map@2 : 0.2168    map@3 : 0.2257    map@4 : 0.2312    map@5 : 0.2373    map@10 : 0.2561    map@20 : 0.2703    map@30 : 0.2755    map@50 : 0.2808
Sun 15 Mar 2026 12:10:19 INFO  Running E-step ! 
Sun 15 Mar 2026 12:10:19 INFO  epoch 140 training [time: 0.17s, train_loss1: 2.2629, train_loss2: 0.0355, train_loss3: 0.0109, train_loss4: 0.0021]
Sun 15 Mar 2026 12:10:19 INFO  epoch 140 evaluating [time: 0.14s, valid_score: 0.340600]
Sun 15 Mar 2026 12:10:19 INFO  valid result: 
recall@1 : 0.1443    recall@2 : 0.2157    recall@3 : 0.2812    recall@4 : 0.3252    recall@5 : 0.3634    recall@10 : 0.4936    recall@20 : 0.6361    recall@30 : 0.6979    recall@50 : 0.7906    ndcg@1 : 0.2265    ndcg@2 : 0.2433    ndcg@3 : 0.2666    ndcg@4 : 0.2816    ndcg@5 : 0.2955    ndcg@10 : 0.3406    ndcg@20 : 0.3832    ndcg@30 : 0.4002    ndcg@50 : 0.4225    precision@1 : 0.2265    precision@2 : 0.1806    precision@3 : 0.1613    precision@4 : 0.1427    precision@5 : 0.1302    precision@10 : 0.092    precision@20 : 0.0625    precision@30 : 0.0474    precision@50 : 0.0334    map@1 : 0.2265    map@2 : 0.2169    map@3 : 0.2255    map@4 : 0.2316    map@5 : 0.2375    map@10 : 0.2561    map@20 : 0.2703    map@30 : 0.2755    map@50 : 0.2808
Sun 15 Mar 2026 12:10:19 INFO  Running E-step ! 
Sun 15 Mar 2026 12:10:19 INFO  epoch 141 training [time: 0.18s, train_loss1: 2.2627, train_loss2: 0.0355, train_loss3: 0.0109, train_loss4: 0.0020]
Sun 15 Mar 2026 12:10:19 INFO  epoch 141 evaluating [time: 0.14s, valid_score: 0.340700]
Sun 15 Mar 2026 12:10:19 INFO  valid result: 
recall@1 : 0.1442    recall@2 : 0.2156    recall@3 : 0.2812    recall@4 : 0.326    recall@5 : 0.3634    recall@10 : 0.4943    recall@20 : 0.6363    recall@30 : 0.698    recall@50 : 0.7909    ndcg@1 : 0.2259    ndcg@2 : 0.2427    ndcg@3 : 0.2664    ndcg@4 : 0.2818    ndcg@5 : 0.2953    ndcg@10 : 0.3407    ndcg@20 : 0.3831    ndcg@30 : 0.4    ndcg@50 : 0.4225    precision@1 : 0.2259    precision@2 : 0.18    precision@3 : 0.1611    precision@4 : 0.143    precision@5 : 0.13    precision@10 : 0.092    precision@20 : 0.0625    precision@30 : 0.0474    precision@50 : 0.0334    map@1 : 0.2259    map@2 : 0.2163    map@3 : 0.2253    map@4 : 0.2316    map@5 : 0.2374    map@10 : 0.2561    map@20 : 0.2702    map@30 : 0.2754    map@50 : 0.2808
Sun 15 Mar 2026 12:10:19 INFO  Running E-step ! 
Sun 15 Mar 2026 12:10:20 INFO  epoch 142 training [time: 0.20s, train_loss1: 2.2601, train_loss2: 0.0354, train_loss3: 0.0109, train_loss4: 0.0020]
Sun 15 Mar 2026 12:10:20 INFO  epoch 142 evaluating [time: 0.14s, valid_score: 0.340600]
Sun 15 Mar 2026 12:10:20 INFO  valid result: 
recall@1 : 0.1444    recall@2 : 0.2158    recall@3 : 0.282    recall@4 : 0.3268    recall@5 : 0.3631    recall@10 : 0.4935    recall@20 : 0.635    recall@30 : 0.6978    recall@50 : 0.7908    ndcg@1 : 0.2265    ndcg@2 : 0.243    ndcg@3 : 0.267    ndcg@4 : 0.2824    ndcg@5 : 0.2954    ndcg@10 : 0.3406    ndcg@20 : 0.3829    ndcg@30 : 0.4002    ndcg@50 : 0.4226    precision@1 : 0.2265    precision@2 : 0.1803    precision@3 : 0.1615    precision@4 : 0.1433    precision@5 : 0.1299    precision@10 : 0.092    precision@20 : 0.0624    precision@30 : 0.0474    precision@50 : 0.0334    map@1 : 0.2265    map@2 : 0.2166    map@3 : 0.2257    map@4 : 0.232    map@5 : 0.2375    map@10 : 0.2562    map@20 : 0.2703    map@30 : 0.2756    map@50 : 0.2809
Sun 15 Mar 2026 12:10:20 INFO  Running E-step ! 
Sun 15 Mar 2026 12:10:20 INFO  epoch 143 training [time: 0.17s, train_loss1: 2.2405, train_loss2: 0.0353, train_loss3: 0.0109, train_loss4: 0.0020]
Sun 15 Mar 2026 12:10:20 INFO  epoch 143 evaluating [time: 0.14s, valid_score: 0.340900]
Sun 15 Mar 2026 12:10:20 INFO  valid result: 
recall@1 : 0.1444    recall@2 : 0.2151    recall@3 : 0.2832    recall@4 : 0.3283    recall@5 : 0.3631    recall@10 : 0.4941    recall@20 : 0.635    recall@30 : 0.6981    recall@50 : 0.7911    ndcg@1 : 0.2259    ndcg@2 : 0.2423    ndcg@3 : 0.2676    ndcg@4 : 0.2829    ndcg@5 : 0.2954    ndcg@10 : 0.3409    ndcg@20 : 0.3831    ndcg@30 : 0.4004    ndcg@50 : 0.4228    precision@1 : 0.2259    precision@2 : 0.1797    precision@3 : 0.1623    precision@4 : 0.1438    precision@5 : 0.1298    precision@10 : 0.092    precision@20 : 0.0624    precision@30 : 0.0474    precision@50 : 0.0334    map@1 : 0.2259    map@2 : 0.216    map@3 : 0.2259    map@4 : 0.2323    map@5 : 0.2375    map@10 : 0.2564    map@20 : 0.2705    map@30 : 0.2758    map@50 : 0.2811
Sun 15 Mar 2026 12:10:20 INFO  Running E-step ! 
Sun 15 Mar 2026 12:10:20 INFO  epoch 144 training [time: 0.17s, train_loss1: 2.2612, train_loss2: 0.0353, train_loss3: 0.0109, train_loss4: 0.0020]
Sun 15 Mar 2026 12:10:20 INFO  epoch 144 evaluating [time: 0.14s, valid_score: 0.341100]
Sun 15 Mar 2026 12:10:20 INFO  valid result: 
recall@1 : 0.1441    recall@2 : 0.2157    recall@3 : 0.2848    recall@4 : 0.3305    recall@5 : 0.3634    recall@10 : 0.4941    recall@20 : 0.6341    recall@30 : 0.6984    recall@50 : 0.7907    ndcg@1 : 0.2259    ndcg@2 : 0.2426    ndcg@3 : 0.2683    ndcg@4 : 0.2841    ndcg@5 : 0.2959    ndcg@10 : 0.3411    ndcg@20 : 0.383    ndcg@30 : 0.4006    ndcg@50 : 0.4229    precision@1 : 0.2259    precision@2 : 0.18    precision@3 : 0.1629    precision@4 : 0.1445    precision@5 : 0.1303    precision@10 : 0.0921    precision@20 : 0.0623    precision@30 : 0.0475    precision@50 : 0.0334    map@1 : 0.2259    map@2 : 0.2162    map@3 : 0.2264    map@4 : 0.2329    map@5 : 0.238    map@10 : 0.2566    map@20 : 0.2706    map@30 : 0.276    map@50 : 0.2813
Sun 15 Mar 2026 12:10:20 INFO  Running E-step ! 
Sun 15 Mar 2026 12:10:20 INFO  epoch 145 training [time: 0.17s, train_loss1: 2.2402, train_loss2: 0.0352, train_loss3: 0.0109, train_loss4: 0.0020]
Sun 15 Mar 2026 12:10:21 INFO  epoch 145 evaluating [time: 0.14s, valid_score: 0.341000]
Sun 15 Mar 2026 12:10:21 INFO  valid result: 
recall@1 : 0.1442    recall@2 : 0.2165    recall@3 : 0.2838    recall@4 : 0.3308    recall@5 : 0.364    recall@10 : 0.4938    recall@20 : 0.6347    recall@30 : 0.6995    recall@50 : 0.7908    ndcg@1 : 0.2259    ndcg@2 : 0.2427    ndcg@3 : 0.2677    ndcg@4 : 0.2842    ndcg@5 : 0.2962    ndcg@10 : 0.341    ndcg@20 : 0.3833    ndcg@30 : 0.401    ndcg@50 : 0.423    precision@1 : 0.2259    precision@2 : 0.1797    precision@3 : 0.1621    precision@4 : 0.1447    precision@5 : 0.1304    precision@10 : 0.092    precision@20 : 0.0625    precision@30 : 0.0476    precision@50 : 0.0334    map@1 : 0.2259    map@2 : 0.2162    map@3 : 0.226    map@4 : 0.2329    map@5 : 0.2382    map@10 : 0.2566    map@20 : 0.2708    map@30 : 0.2761    map@50 : 0.2814
Sun 15 Mar 2026 12:10:21 INFO  Running E-step ! 
Sun 15 Mar 2026 12:10:21 INFO  epoch 146 training [time: 0.20s, train_loss1: 2.2562, train_loss2: 0.0351, train_loss3: 0.0109, train_loss4: 0.0020]
Sun 15 Mar 2026 12:10:21 INFO  epoch 146 evaluating [time: 0.14s, valid_score: 0.340800]
Sun 15 Mar 2026 12:10:21 INFO  valid result: 
recall@1 : 0.1441    recall@2 : 0.2176    recall@3 : 0.2845    recall@4 : 0.3308    recall@5 : 0.3641    recall@10 : 0.4923    recall@20 : 0.6335    recall@30 : 0.6983    recall@50 : 0.7928    ndcg@1 : 0.2265    ndcg@2 : 0.2435    ndcg@3 : 0.2682    ndcg@4 : 0.2844    ndcg@5 : 0.2965    ndcg@10 : 0.3408    ndcg@20 : 0.3833    ndcg@30 : 0.401    ndcg@50 : 0.4237    precision@1 : 0.2265    precision@2 : 0.1806    precision@3 : 0.1623    precision@4 : 0.1445    precision@5 : 0.1306    precision@10 : 0.0919    precision@20 : 0.0624    precision@30 : 0.0475    precision@50 : 0.0335    map@1 : 0.2265    map@2 : 0.2171    map@3 : 0.2264    map@4 : 0.2332    map@5 : 0.2386    map@10 : 0.2567    map@20 : 0.271    map@30 : 0.2764    map@50 : 0.2817
Sun 15 Mar 2026 12:10:21 INFO  Running E-step ! 
Sun 15 Mar 2026 12:10:21 INFO  epoch 147 training [time: 0.17s, train_loss1: 2.2030, train_loss2: 0.0350, train_loss3: 0.0109, train_loss4: 0.0020]
Sun 15 Mar 2026 12:10:21 INFO  epoch 147 evaluating [time: 0.14s, valid_score: 0.340000]
Sun 15 Mar 2026 12:10:21 INFO  valid result: 
recall@1 : 0.143    recall@2 : 0.2182    recall@3 : 0.2849    recall@4 : 0.3303    recall@5 : 0.3652    recall@10 : 0.49    recall@20 : 0.6332    recall@30 : 0.6984    recall@50 : 0.7935    ndcg@1 : 0.2259    ndcg@2 : 0.2439    ndcg@3 : 0.2683    ndcg@4 : 0.2839    ndcg@5 : 0.2968    ndcg@10 : 0.34    ndcg@20 : 0.3831    ndcg@30 : 0.4009    ndcg@50 : 0.4237    precision@1 : 0.2259    precision@2 : 0.1815    precision@3 : 0.1627    precision@4 : 0.1444    precision@5 : 0.1311    precision@10 : 0.0915    precision@20 : 0.0623    precision@30 : 0.0475    precision@50 : 0.0335    map@1 : 0.2259    map@2 : 0.2172    map@3 : 0.2263    map@4 : 0.2327    map@5 : 0.2384    map@10 : 0.2562    map@20 : 0.2708    map@30 : 0.2762    map@50 : 0.2815
Sun 15 Mar 2026 12:10:21 INFO  Running E-step ! 
Sun 15 Mar 2026 12:10:21 INFO  epoch 148 training [time: 0.17s, train_loss1: 2.2288, train_loss2: 0.0350, train_loss3: 0.0109, train_loss4: 0.0020]
Sun 15 Mar 2026 12:10:22 INFO  epoch 148 evaluating [time: 0.14s, valid_score: 0.339800]
Sun 15 Mar 2026 12:10:22 INFO  valid result: 
recall@1 : 0.1433    recall@2 : 0.2185    recall@3 : 0.2848    recall@4 : 0.3317    recall@5 : 0.3631    recall@10 : 0.4889    recall@20 : 0.6341    recall@30 : 0.6965    recall@50 : 0.7941    ndcg@1 : 0.2265    ndcg@2 : 0.2443    ndcg@3 : 0.2685    ndcg@4 : 0.2848    ndcg@5 : 0.2962    ndcg@10 : 0.3398    ndcg@20 : 0.3836    ndcg@30 : 0.4008    ndcg@50 : 0.424    precision@1 : 0.2265    precision@2 : 0.1818    precision@3 : 0.1629    precision@4 : 0.1448    precision@5 : 0.1305    precision@10 : 0.0913    precision@20 : 0.0625    precision@30 : 0.0475    precision@50 : 0.0335    map@1 : 0.2265    map@2 : 0.2175    map@3 : 0.2265    map@4 : 0.2333    map@5 : 0.2383    map@10 : 0.2563    map@20 : 0.2711    map@30 : 0.2764    map@50 : 0.2818
Sun 15 Mar 2026 12:10:22 INFO  Running E-step ! 
Sun 15 Mar 2026 12:10:22 INFO  epoch 149 training [time: 0.16s, train_loss1: 2.2081, train_loss2: 0.0349, train_loss3: 0.0109, train_loss4: 0.0020]
Sun 15 Mar 2026 12:10:22 INFO  epoch 149 evaluating [time: 0.14s, valid_score: 0.339400]
Sun 15 Mar 2026 12:10:22 INFO  valid result: 
recall@1 : 0.1424    recall@2 : 0.2185    recall@3 : 0.2841    recall@4 : 0.3318    recall@5 : 0.3652    recall@10 : 0.4884    recall@20 : 0.6347    recall@30 : 0.6969    recall@50 : 0.7941    ndcg@1 : 0.2253    ndcg@2 : 0.2439    ndcg@3 : 0.2678    ndcg@4 : 0.2845    ndcg@5 : 0.2966    ndcg@10 : 0.3394    ndcg@20 : 0.3835    ndcg@30 : 0.4006    ndcg@50 : 0.4238    precision@1 : 0.2253    precision@2 : 0.1818    precision@3 : 0.1627    precision@4 : 0.145    precision@5 : 0.1309    precision@10 : 0.0913    precision@20 : 0.0625    precision@30 : 0.0475    precision@50 : 0.0335    map@1 : 0.2253    map@2 : 0.2171    map@3 : 0.226    map@4 : 0.2329    map@5 : 0.2382    map@10 : 0.2559    map@20 : 0.2709    map@30 : 0.2762    map@50 : 0.2815
Sun 15 Mar 2026 12:10:22 INFO  Running E-step ! 
Sun 15 Mar 2026 12:10:22 INFO  epoch 150 training [time: 0.19s, train_loss1: 2.1975, train_loss2: 0.0349, train_loss3: 0.0109, train_loss4: 0.0019]
Sun 15 Mar 2026 12:10:22 INFO  epoch 150 evaluating [time: 0.14s, valid_score: 0.339800]
Sun 15 Mar 2026 12:10:22 INFO  valid result: 
recall@1 : 0.1426    recall@2 : 0.2185    recall@3 : 0.2838    recall@4 : 0.3319    recall@5 : 0.3658    recall@10 : 0.4891    recall@20 : 0.6364    recall@30 : 0.6979    recall@50 : 0.7949    ndcg@1 : 0.2259    ndcg@2 : 0.2444    ndcg@3 : 0.2679    ndcg@4 : 0.2846    ndcg@5 : 0.2968    ndcg@10 : 0.3398    ndcg@20 : 0.3841    ndcg@30 : 0.4011    ndcg@50 : 0.4242    precision@1 : 0.2259    precision@2 : 0.1824    precision@3 : 0.1629    precision@4 : 0.145    precision@5 : 0.1309    precision@10 : 0.0915    precision@20 : 0.0627    precision@30 : 0.0475    precision@50 : 0.0335    map@1 : 0.2259    map@2 : 0.2174    map@3 : 0.2262    map@4 : 0.233    map@5 : 0.2384    map@10 : 0.2562    map@20 : 0.2712    map@30 : 0.2764    map@50 : 0.2818
Sun 15 Mar 2026 12:10:22 INFO  Running E-step ! 
Sun 15 Mar 2026 12:10:22 INFO  epoch 151 training [time: 0.19s, train_loss1: 2.2421, train_loss2: 0.0348, train_loss3: 0.0109, train_loss4: 0.0019]
Sun 15 Mar 2026 12:10:23 INFO  epoch 151 evaluating [time: 0.14s, valid_score: 0.339600]
Sun 15 Mar 2026 12:10:23 INFO  valid result: 
recall@1 : 0.142    recall@2 : 0.2186    recall@3 : 0.2837    recall@4 : 0.3318    recall@5 : 0.3659    recall@10 : 0.4888    recall@20 : 0.6368    recall@30 : 0.6977    recall@50 : 0.7949    ndcg@1 : 0.2253    ndcg@2 : 0.2445    ndcg@3 : 0.2676    ndcg@4 : 0.2843    ndcg@5 : 0.2967    ndcg@10 : 0.3396    ndcg@20 : 0.3841    ndcg@30 : 0.4009    ndcg@50 : 0.424    precision@1 : 0.2253    precision@2 : 0.183    precision@3 : 0.1629    precision@4 : 0.1448    precision@5 : 0.131    precision@10 : 0.0914    precision@20 : 0.0628    precision@30 : 0.0476    precision@50 : 0.0335    map@1 : 0.2253    map@2 : 0.2174    map@3 : 0.2259    map@4 : 0.2328    map@5 : 0.2382    map@10 : 0.2559    map@20 : 0.2711    map@30 : 0.2762    map@50 : 0.2815
Sun 15 Mar 2026 12:10:23 INFO  Running E-step ! 
Sun 15 Mar 2026 12:10:23 INFO  epoch 152 training [time: 0.16s, train_loss1: 2.1920, train_loss2: 0.0347, train_loss3: 0.0109, train_loss4: 0.0019]
Sun 15 Mar 2026 12:10:23 INFO  epoch 152 evaluating [time: 0.14s, valid_score: 0.339600]
Sun 15 Mar 2026 12:10:23 INFO  valid result: 
recall@1 : 0.1419    recall@2 : 0.2188    recall@3 : 0.2838    recall@4 : 0.3329    recall@5 : 0.3659    recall@10 : 0.4888    recall@20 : 0.6365    recall@30 : 0.697    recall@50 : 0.7947    ndcg@1 : 0.2247    ndcg@2 : 0.2443    ndcg@3 : 0.2674    ndcg@4 : 0.2847    ndcg@5 : 0.2967    ndcg@10 : 0.3396    ndcg@20 : 0.3841    ndcg@30 : 0.4007    ndcg@50 : 0.424    precision@1 : 0.2247    precision@2 : 0.1827    precision@3 : 0.1627    precision@4 : 0.1451    precision@5 : 0.131    precision@10 : 0.0914    precision@20 : 0.0628    precision@30 : 0.0474    precision@50 : 0.0335    map@1 : 0.2247    map@2 : 0.2169    map@3 : 0.2258    map@4 : 0.233    map@5 : 0.2382    map@10 : 0.256    map@20 : 0.2711    map@30 : 0.2762    map@50 : 0.2816
Sun 15 Mar 2026 12:10:23 INFO  Running E-step ! 
Sun 15 Mar 2026 12:10:23 INFO  epoch 153 training [time: 0.19s, train_loss1: 2.1605, train_loss2: 0.0346, train_loss3: 0.0109, train_loss4: 0.0020]
Sun 15 Mar 2026 12:10:23 INFO  epoch 153 evaluating [time: 0.14s, valid_score: 0.339700]
Sun 15 Mar 2026 12:10:23 INFO  valid result: 
recall@1 : 0.1419    recall@2 : 0.2184    recall@3 : 0.2825    recall@4 : 0.3329    recall@5 : 0.3662    recall@10 : 0.4897    recall@20 : 0.637    recall@30 : 0.6972    recall@50 : 0.7947    ndcg@1 : 0.2247    ndcg@2 : 0.2438    ndcg@3 : 0.2666    ndcg@4 : 0.2845    ndcg@5 : 0.2966    ndcg@10 : 0.3397    ndcg@20 : 0.3841    ndcg@30 : 0.4007    ndcg@50 : 0.4239    precision@1 : 0.2247    precision@2 : 0.1821    precision@3 : 0.1621    precision@4 : 0.1451    precision@5 : 0.1309    precision@10 : 0.0914    precision@20 : 0.0629    precision@30 : 0.0475    precision@50 : 0.0335    map@1 : 0.2247    map@2 : 0.2166    map@3 : 0.2253    map@4 : 0.2328    map@5 : 0.238    map@10 : 0.256    map@20 : 0.2711    map@30 : 0.2761    map@50 : 0.2815
Sun 15 Mar 2026 12:10:23 INFO  Running E-step ! 
Sun 15 Mar 2026 12:10:23 INFO  epoch 154 training [time: 0.16s, train_loss1: 2.1590, train_loss2: 0.0346, train_loss3: 0.0109, train_loss4: 0.0020]
Sun 15 Mar 2026 12:10:24 INFO  epoch 154 evaluating [time: 0.14s, valid_score: 0.340700]
Sun 15 Mar 2026 12:10:24 INFO  valid result: 
recall@1 : 0.1427    recall@2 : 0.2192    recall@3 : 0.2819    recall@4 : 0.3336    recall@5 : 0.3669    recall@10 : 0.4911    recall@20 : 0.6375    recall@30 : 0.6965    recall@50 : 0.7955    ndcg@1 : 0.2259    ndcg@2 : 0.2448    ndcg@3 : 0.2668    ndcg@4 : 0.2853    ndcg@5 : 0.2975    ndcg@10 : 0.3407    ndcg@20 : 0.3849    ndcg@30 : 0.4011    ndcg@50 : 0.4246    precision@1 : 0.2259    precision@2 : 0.1827    precision@3 : 0.1619    precision@4 : 0.1454    precision@5 : 0.1313    precision@10 : 0.0915    precision@20 : 0.0629    precision@30 : 0.0474    precision@50 : 0.0335    map@1 : 0.2259    map@2 : 0.2177    map@3 : 0.2256    map@4 : 0.2336    map@5 : 0.2388    map@10 : 0.2567    map@20 : 0.2718    map@30 : 0.2768    map@50 : 0.2822
Sun 15 Mar 2026 12:10:24 INFO  Running E-step ! 
Sun 15 Mar 2026 12:10:24 INFO  epoch 155 training [time: 0.18s, train_loss1: 2.2094, train_loss2: 0.0345, train_loss3: 0.0109, train_loss4: 0.0019]
Sun 15 Mar 2026 12:10:24 INFO  epoch 155 evaluating [time: 0.14s, valid_score: 0.340900]
Sun 15 Mar 2026 12:10:24 INFO  valid result: 
recall@1 : 0.1428    recall@2 : 0.22    recall@3 : 0.2819    recall@4 : 0.3339    recall@5 : 0.3664    recall@10 : 0.4911    recall@20 : 0.6362    recall@30 : 0.6967    recall@50 : 0.7951    ndcg@1 : 0.2259    ndcg@2 : 0.2455    ndcg@3 : 0.267    ndcg@4 : 0.2857    ndcg@5 : 0.2975    ndcg@10 : 0.3409    ndcg@20 : 0.3847    ndcg@30 : 0.4013    ndcg@50 : 0.4247    precision@1 : 0.2259    precision@2 : 0.1836    precision@3 : 0.1621    precision@4 : 0.1457    precision@5 : 0.1313    precision@10 : 0.0917    precision@20 : 0.0628    precision@30 : 0.0475    precision@50 : 0.0335    map@1 : 0.2259    map@2 : 0.2181    map@3 : 0.2258    map@4 : 0.2339    map@5 : 0.239    map@10 : 0.257    map@20 : 0.272    map@30 : 0.277    map@50 : 0.2824
Sun 15 Mar 2026 12:10:24 INFO  Running E-step ! 
Sun 15 Mar 2026 12:10:24 INFO  epoch 156 training [time: 0.19s, train_loss1: 2.1884, train_loss2: 0.0344, train_loss3: 0.0109, train_loss4: 0.0019]
Sun 15 Mar 2026 12:10:24 INFO  epoch 156 evaluating [time: 0.14s, valid_score: 0.341100]
Sun 15 Mar 2026 12:10:24 INFO  valid result: 
recall@1 : 0.1422    recall@2 : 0.2216    recall@3 : 0.2808    recall@4 : 0.3344    recall@5 : 0.367    recall@10 : 0.4917    recall@20 : 0.6358    recall@30 : 0.697    recall@50 : 0.7941    ndcg@1 : 0.2253    ndcg@2 : 0.2465    ndcg@3 : 0.2664    ndcg@4 : 0.2858    ndcg@5 : 0.2976    ndcg@10 : 0.3411    ndcg@20 : 0.3847    ndcg@30 : 0.4014    ndcg@50 : 0.4245    precision@1 : 0.2253    precision@2 : 0.1847    precision@3 : 0.1617    precision@4 : 0.1459    precision@5 : 0.1313    precision@10 : 0.0918    precision@20 : 0.0629    precision@30 : 0.0475    precision@50 : 0.0334    map@1 : 0.2253    map@2 : 0.2187    map@3 : 0.2253    map@4 : 0.2339    map@5 : 0.2389    map@10 : 0.257    map@20 : 0.272    map@30 : 0.277    map@50 : 0.2824
Sun 15 Mar 2026 12:10:24 INFO  Running E-step ! 
Sun 15 Mar 2026 12:10:24 INFO  epoch 157 training [time: 0.19s, train_loss1: 2.1493, train_loss2: 0.0344, train_loss3: 0.0109, train_loss4: 0.0019]
Sun 15 Mar 2026 12:10:25 INFO  epoch 157 evaluating [time: 0.14s, valid_score: 0.341000]
Sun 15 Mar 2026 12:10:25 INFO  valid result: 
recall@1 : 0.1422    recall@2 : 0.2216    recall@3 : 0.2824    recall@4 : 0.3363    recall@5 : 0.3666    recall@10 : 0.4908    recall@20 : 0.6374    recall@30 : 0.696    recall@50 : 0.7939    ndcg@1 : 0.2253    ndcg@2 : 0.2465    ndcg@3 : 0.2673    ndcg@4 : 0.2868    ndcg@5 : 0.2977    ndcg@10 : 0.341    ndcg@20 : 0.3854    ndcg@30 : 0.4014    ndcg@50 : 0.4247    precision@1 : 0.2253    precision@2 : 0.1847    precision@3 : 0.1625    precision@4 : 0.1465    precision@5 : 0.1312    precision@10 : 0.0915    precision@20 : 0.0631    precision@30 : 0.0474    precision@50 : 0.0334    map@1 : 0.2253    map@2 : 0.2187    map@3 : 0.226    map@4 : 0.2345    map@5 : 0.239    map@10 : 0.2571    map@20 : 0.2723    map@30 : 0.2772    map@50 : 0.2826
Sun 15 Mar 2026 12:10:25 INFO  Running E-step ! 
Sun 15 Mar 2026 12:10:25 INFO  epoch 158 training [time: 0.19s, train_loss1: 2.1567, train_loss2: 0.0343, train_loss3: 0.0109, train_loss4: 0.0018]
Sun 15 Mar 2026 12:10:25 INFO  epoch 158 evaluating [time: 0.14s, valid_score: 0.341200]
Sun 15 Mar 2026 12:10:25 INFO  valid result: 
recall@1 : 0.1421    recall@2 : 0.222    recall@3 : 0.2831    recall@4 : 0.3367    recall@5 : 0.3668    recall@10 : 0.4911    recall@20 : 0.6358    recall@30 : 0.6966    recall@50 : 0.7938    ndcg@1 : 0.2247    ndcg@2 : 0.2465    ndcg@3 : 0.2677    ndcg@4 : 0.2872    ndcg@5 : 0.2979    ndcg@10 : 0.3412    ndcg@20 : 0.3851    ndcg@30 : 0.4016    ndcg@50 : 0.4248    precision@1 : 0.2247    precision@2 : 0.1847    precision@3 : 0.1629    precision@4 : 0.1469    precision@5 : 0.1315    precision@10 : 0.0917    precision@20 : 0.0629    precision@30 : 0.0474    precision@50 : 0.0334    map@1 : 0.2247    map@2 : 0.2186    map@3 : 0.2263    map@4 : 0.2348    map@5 : 0.2392    map@10 : 0.2573    map@20 : 0.2725    map@30 : 0.2774    map@50 : 0.2828
Sun 15 Mar 2026 12:10:25 INFO  Saving current: saved/SCL-Mar-15-2026_12-09-30.pth
Sun 15 Mar 2026 12:10:25 INFO  Saving current best: saved/SCL-Mar-15-2026_12-09-30.pth
Sun 15 Mar 2026 12:10:25 INFO  Running E-step ! 
Sun 15 Mar 2026 12:10:25 INFO  epoch 159 training [time: 0.19s, train_loss1: 2.1591, train_loss2: 0.0342, train_loss3: 0.0109, train_loss4: 0.0018]
Sun 15 Mar 2026 12:10:25 INFO  epoch 159 evaluating [time: 0.14s, valid_score: 0.341300]
Sun 15 Mar 2026 12:10:25 INFO  valid result: 
recall@1 : 0.1421    recall@2 : 0.2229    recall@3 : 0.281    recall@4 : 0.3366    recall@5 : 0.3667    recall@10 : 0.4917    recall@20 : 0.6367    recall@30 : 0.6987    recall@50 : 0.7933    ndcg@1 : 0.2241    ndcg@2 : 0.2475    ndcg@3 : 0.2667    ndcg@4 : 0.287    ndcg@5 : 0.2977    ndcg@10 : 0.3413    ndcg@20 : 0.3852    ndcg@30 : 0.402    ndcg@50 : 0.4247    precision@1 : 0.2241    precision@2 : 0.1862    precision@3 : 0.1621    precision@4 : 0.1468    precision@5 : 0.1313    precision@10 : 0.0918    precision@20 : 0.063    precision@30 : 0.0475    precision@50 : 0.0335    map@1 : 0.2241    map@2 : 0.2195    map@3 : 0.2256    map@4 : 0.2349    map@5 : 0.2391    map@10 : 0.2573    map@20 : 0.2724    map@30 : 0.2775    map@50 : 0.2828
Sun 15 Mar 2026 12:10:25 INFO  Saving current: saved/SCL-Mar-15-2026_12-09-30.pth
Sun 15 Mar 2026 12:10:25 INFO  Saving current best: saved/SCL-Mar-15-2026_12-09-30.pth
Sun 15 Mar 2026 12:10:25 INFO  Running E-step ! 
Sun 15 Mar 2026 12:10:25 INFO  epoch 160 training [time: 0.19s, train_loss1: 2.1206, train_loss2: 0.0342, train_loss3: 0.0109, train_loss4: 0.0018]
Sun 15 Mar 2026 12:10:26 INFO  epoch 160 evaluating [time: 0.14s, valid_score: 0.341400]
Sun 15 Mar 2026 12:10:26 INFO  valid result: 
recall@1 : 0.1419    recall@2 : 0.2238    recall@3 : 0.2823    recall@4 : 0.3354    recall@5 : 0.3672    recall@10 : 0.4918    recall@20 : 0.6362    recall@30 : 0.699    recall@50 : 0.7928    ndcg@1 : 0.2235    ndcg@2 : 0.2482    ndcg@3 : 0.2674    ndcg@4 : 0.2867    ndcg@5 : 0.298    ndcg@10 : 0.3414    ndcg@20 : 0.3853    ndcg@30 : 0.4023    ndcg@50 : 0.4248    precision@1 : 0.2235    precision@2 : 0.1871    precision@3 : 0.1625    precision@4 : 0.1465    precision@5 : 0.1313    precision@10 : 0.0917    precision@20 : 0.063    precision@30 : 0.0476    precision@50 : 0.0334    map@1 : 0.2235    map@2 : 0.2201    map@3 : 0.2261    map@4 : 0.2349    map@5 : 0.2394    map@10 : 0.2576    map@20 : 0.2727    map@30 : 0.2778    map@50 : 0.2831
Sun 15 Mar 2026 12:10:26 INFO  Saving current: saved/SCL-Mar-15-2026_12-09-30.pth
Sun 15 Mar 2026 12:10:26 INFO  Saving current best: saved/SCL-Mar-15-2026_12-09-30.pth
Sun 15 Mar 2026 12:10:26 INFO  Running E-step ! 
Sun 15 Mar 2026 12:10:26 INFO  epoch 161 training [time: 0.20s, train_loss1: 2.1449, train_loss2: 0.0341, train_loss3: 0.0109, train_loss4: 0.0018]
Sun 15 Mar 2026 12:10:26 INFO  epoch 161 evaluating [time: 0.14s, valid_score: 0.341700]
Sun 15 Mar 2026 12:10:26 INFO  valid result: 
recall@1 : 0.1419    recall@2 : 0.2238    recall@3 : 0.2826    recall@4 : 0.3344    recall@5 : 0.3674    recall@10 : 0.4925    recall@20 : 0.6399    recall@30 : 0.7    recall@50 : 0.7929    ndcg@1 : 0.2235    ndcg@2 : 0.2485    ndcg@3 : 0.2677    ndcg@4 : 0.2864    ndcg@5 : 0.2981    ndcg@10 : 0.3417    ndcg@20 : 0.3863    ndcg@30 : 0.4026    ndcg@50 : 0.4249    precision@1 : 0.2235    precision@2 : 0.1877    precision@3 : 0.1629    precision@4 : 0.1466    precision@5 : 0.1313    precision@10 : 0.0918    precision@20 : 0.0633    precision@30 : 0.0476    precision@50 : 0.0334    map@1 : 0.2235    map@2 : 0.2204    map@3 : 0.2265    map@4 : 0.2348    map@5 : 0.2395    map@10 : 0.2577    map@20 : 0.273    map@30 : 0.2779    map@50 : 0.2831
Sun 15 Mar 2026 12:10:26 INFO  Saving current: saved/SCL-Mar-15-2026_12-09-30.pth
Sun 15 Mar 2026 12:10:26 INFO  Saving current best: saved/SCL-Mar-15-2026_12-09-30.pth
Sun 15 Mar 2026 12:10:26 INFO  Running E-step ! 
Sun 15 Mar 2026 12:10:26 INFO  epoch 162 training [time: 0.19s, train_loss1: 2.1408, train_loss2: 0.0340, train_loss3: 0.0109, train_loss4: 0.0018]
Sun 15 Mar 2026 12:10:26 INFO  epoch 162 evaluating [time: 0.14s, valid_score: 0.342400]
Sun 15 Mar 2026 12:10:26 INFO  valid result: 
recall@1 : 0.1432    recall@2 : 0.2244    recall@3 : 0.2818    recall@4 : 0.3344    recall@5 : 0.3683    recall@10 : 0.4927    recall@20 : 0.6395    recall@30 : 0.7007    recall@50 : 0.7933    ndcg@1 : 0.2265    ndcg@2 : 0.25    ndcg@3 : 0.2681    ndcg@4 : 0.2871    ndcg@5 : 0.2992    ndcg@10 : 0.3424    ndcg@20 : 0.3869    ndcg@30 : 0.4035    ndcg@50 : 0.4257    precision@1 : 0.2265    precision@2 : 0.1886    precision@3 : 0.1625    precision@4 : 0.1466    precision@5 : 0.1317    precision@10 : 0.0918    precision@20 : 0.0633    precision@30 : 0.0477    precision@50 : 0.0334    map@1 : 0.2265    map@2 : 0.2217    map@3 : 0.227    map@4 : 0.2355    map@5 : 0.2403    map@10 : 0.2584    map@20 : 0.2737    map@30 : 0.2787    map@50 : 0.2839
Sun 15 Mar 2026 12:10:26 INFO  Saving current: saved/SCL-Mar-15-2026_12-09-30.pth
Sun 15 Mar 2026 12:10:26 INFO  Saving current best: saved/SCL-Mar-15-2026_12-09-30.pth
Sun 15 Mar 2026 12:10:26 INFO  Running E-step ! 
Sun 15 Mar 2026 12:10:27 INFO  epoch 163 training [time: 0.18s, train_loss1: 2.1242, train_loss2: 0.0340, train_loss3: 0.0109, train_loss4: 0.0017]
Sun 15 Mar 2026 12:10:27 INFO  epoch 163 evaluating [time: 0.14s, valid_score: 0.342700]
Sun 15 Mar 2026 12:10:27 INFO  valid result: 
recall@1 : 0.1427    recall@2 : 0.225    recall@3 : 0.2822    recall@4 : 0.3351    recall@5 : 0.3679    recall@10 : 0.4933    recall@20 : 0.6393    recall@30 : 0.7007    recall@50 : 0.7942    ndcg@1 : 0.2259    ndcg@2 : 0.2502    ndcg@3 : 0.2681    ndcg@4 : 0.2874    ndcg@5 : 0.2989    ndcg@10 : 0.3427    ndcg@20 : 0.387    ndcg@30 : 0.4036    ndcg@50 : 0.426    precision@1 : 0.2259    precision@2 : 0.1892    precision@3 : 0.1627    precision@4 : 0.1469    precision@5 : 0.1315    precision@10 : 0.0921    precision@20 : 0.0633    precision@30 : 0.0477    precision@50 : 0.0335    map@1 : 0.2259    map@2 : 0.2217    map@3 : 0.227    map@4 : 0.2356    map@5 : 0.2401    map@10 : 0.2586    map@20 : 0.2737    map@30 : 0.2788    map@50 : 0.284
Sun 15 Mar 2026 12:10:27 INFO  Saving current: saved/SCL-Mar-15-2026_12-09-30.pth
Sun 15 Mar 2026 12:10:27 INFO  Saving current best: saved/SCL-Mar-15-2026_12-09-30.pth
Sun 15 Mar 2026 12:10:27 INFO  Running E-step ! 
Sun 15 Mar 2026 12:10:27 INFO  epoch 164 training [time: 0.19s, train_loss1: 2.1283, train_loss2: 0.0339, train_loss3: 0.0109, train_loss4: 0.0017]
Sun 15 Mar 2026 12:10:27 INFO  epoch 164 evaluating [time: 0.15s, valid_score: 0.342900]
Sun 15 Mar 2026 12:10:27 INFO  valid result: 
recall@1 : 0.1432    recall@2 : 0.2244    recall@3 : 0.2825    recall@4 : 0.333    recall@5 : 0.3678    recall@10 : 0.4935    recall@20 : 0.6398    recall@30 : 0.7009    recall@50 : 0.794    ndcg@1 : 0.2265    ndcg@2 : 0.2501    ndcg@3 : 0.2687    ndcg@4 : 0.2868    ndcg@5 : 0.299    ndcg@10 : 0.3429    ndcg@20 : 0.3873    ndcg@30 : 0.4039    ndcg@50 : 0.4261    precision@1 : 0.2265    precision@2 : 0.1892    precision@3 : 0.1633    precision@4 : 0.1466    precision@5 : 0.1315    precision@10 : 0.0921    precision@20 : 0.0634    precision@30 : 0.0477    precision@50 : 0.0335    map@1 : 0.2265    map@2 : 0.2218    map@3 : 0.2276    map@4 : 0.2354    map@5 : 0.2403    map@10 : 0.2588    map@20 : 0.2741    map@30 : 0.2791    map@50 : 0.2842
Sun 15 Mar 2026 12:10:27 INFO  Saving current: saved/SCL-Mar-15-2026_12-09-30.pth
Sun 15 Mar 2026 12:10:27 INFO  Saving current best: saved/SCL-Mar-15-2026_12-09-30.pth
Sun 15 Mar 2026 12:10:27 INFO  Running E-step ! 
Sun 15 Mar 2026 12:10:27 INFO  epoch 165 training [time: 0.19s, train_loss1: 2.1482, train_loss2: 0.0338, train_loss3: 0.0109, train_loss4: 0.0017]
Sun 15 Mar 2026 12:10:27 INFO  epoch 165 evaluating [time: 0.14s, valid_score: 0.343700]
Sun 15 Mar 2026 12:10:27 INFO  valid result: 
recall@1 : 0.1435    recall@2 : 0.2269    recall@3 : 0.2833    recall@4 : 0.333    recall@5 : 0.3679    recall@10 : 0.4939    recall@20 : 0.6386    recall@30 : 0.7    recall@50 : 0.7931    ndcg@1 : 0.2277    ndcg@2 : 0.2522    ndcg@3 : 0.2696    ndcg@4 : 0.2875    ndcg@5 : 0.2995    ndcg@10 : 0.3437    ndcg@20 : 0.3877    ndcg@30 : 0.4044    ndcg@50 : 0.4266    precision@1 : 0.2277    precision@2 : 0.191    precision@3 : 0.1635    precision@4 : 0.1468    precision@5 : 0.1313    precision@10 : 0.0921    precision@20 : 0.0634    precision@30 : 0.0478    precision@50 : 0.0335    map@1 : 0.2277    map@2 : 0.2236    map@3 : 0.2284    map@4 : 0.2362    map@5 : 0.2409    map@10 : 0.2596    map@20 : 0.2748    map@30 : 0.2798    map@50 : 0.285
Sun 15 Mar 2026 12:10:27 INFO  Saving current: saved/SCL-Mar-15-2026_12-09-30.pth
Sun 15 Mar 2026 12:10:27 INFO  Saving current best: saved/SCL-Mar-15-2026_12-09-30.pth
Sun 15 Mar 2026 12:10:27 INFO  Running E-step ! 
Sun 15 Mar 2026 12:10:28 INFO  epoch 166 training [time: 0.18s, train_loss1: 2.1016, train_loss2: 0.0338, train_loss3: 0.0109, train_loss4: 0.0017]
Sun 15 Mar 2026 12:10:28 INFO  epoch 166 evaluating [time: 0.14s, valid_score: 0.344300]
Sun 15 Mar 2026 12:10:28 INFO  valid result: 
recall@1 : 0.1447    recall@2 : 0.2281    recall@3 : 0.2845    recall@4 : 0.3319    recall@5 : 0.3664    recall@10 : 0.494    recall@20 : 0.6391    recall@30 : 0.6999    recall@50 : 0.793    ndcg@1 : 0.2288    ndcg@2 : 0.2537    ndcg@3 : 0.2712    ndcg@4 : 0.2876    ndcg@5 : 0.2997    ndcg@10 : 0.3443    ndcg@20 : 0.3885    ndcg@30 : 0.405    ndcg@50 : 0.4272    precision@1 : 0.2288    precision@2 : 0.1922    precision@3 : 0.1645    precision@4 : 0.1463    precision@5 : 0.1311    precision@10 : 0.0921    precision@20 : 0.0634    precision@30 : 0.0478    precision@50 : 0.0335    map@1 : 0.2288    map@2 : 0.2251    map@3 : 0.2297    map@4 : 0.2368    map@5 : 0.2415    map@10 : 0.2604    map@20 : 0.2757    map@30 : 0.2807    map@50 : 0.2858
Sun 15 Mar 2026 12:10:28 INFO  Saving current: saved/SCL-Mar-15-2026_12-09-30.pth
Sun 15 Mar 2026 12:10:28 INFO  Saving current best: saved/SCL-Mar-15-2026_12-09-30.pth
Sun 15 Mar 2026 12:10:28 INFO  Running E-step ! 
Sun 15 Mar 2026 12:10:28 INFO  epoch 167 training [time: 0.18s, train_loss1: 2.1153, train_loss2: 0.0337, train_loss3: 0.0109, train_loss4: 0.0017]
Sun 15 Mar 2026 12:10:28 INFO  epoch 167 evaluating [time: 0.14s, valid_score: 0.344400]
Sun 15 Mar 2026 12:10:28 INFO  valid result: 
recall@1 : 0.1452    recall@2 : 0.2286    recall@3 : 0.2833    recall@4 : 0.3293    recall@5 : 0.366    recall@10 : 0.4942    recall@20 : 0.6401    recall@30 : 0.6999    recall@50 : 0.7927    ndcg@1 : 0.2288    ndcg@2 : 0.2542    ndcg@3 : 0.2708    ndcg@4 : 0.2866    ndcg@5 : 0.2995    ndcg@10 : 0.3444    ndcg@20 : 0.3888    ndcg@30 : 0.405    ndcg@50 : 0.4272    precision@1 : 0.2288    precision@2 : 0.1925    precision@3 : 0.1641    precision@4 : 0.1456    precision@5 : 0.1311    precision@10 : 0.0922    precision@20 : 0.0636    precision@30 : 0.0478    precision@50 : 0.0335    map@1 : 0.2288    map@2 : 0.2256    map@3 : 0.2296    map@4 : 0.2363    map@5 : 0.2416    map@10 : 0.2605    map@20 : 0.2758    map@30 : 0.2808    map@50 : 0.2859
Sun 15 Mar 2026 12:10:28 INFO  Saving current: saved/SCL-Mar-15-2026_12-09-30.pth
Sun 15 Mar 2026 12:10:28 INFO  Saving current best: saved/SCL-Mar-15-2026_12-09-30.pth
Sun 15 Mar 2026 12:10:28 INFO  Running E-step ! 
Sun 15 Mar 2026 12:10:28 INFO  epoch 168 training [time: 0.19s, train_loss1: 2.0718, train_loss2: 0.0336, train_loss3: 0.0109, train_loss4: 0.0017]
Sun 15 Mar 2026 12:10:28 INFO  epoch 168 evaluating [time: 0.14s, valid_score: 0.345200]
Sun 15 Mar 2026 12:10:28 INFO  valid result: 
recall@1 : 0.147    recall@2 : 0.2284    recall@3 : 0.2836    recall@4 : 0.3308    recall@5 : 0.366    recall@10 : 0.4943    recall@20 : 0.6391    recall@30 : 0.6989    recall@50 : 0.7931    ndcg@1 : 0.2306    ndcg@2 : 0.2547    ndcg@3 : 0.2716    ndcg@4 : 0.2881    ndcg@5 : 0.3003    ndcg@10 : 0.3452    ndcg@20 : 0.3893    ndcg@30 : 0.4057    ndcg@50 : 0.4281    precision@1 : 0.2306    precision@2 : 0.1925    precision@3 : 0.1643    precision@4 : 0.1463    precision@5 : 0.1311    precision@10 : 0.0922    precision@20 : 0.0634    precision@30 : 0.0478    precision@50 : 0.0335    map@1 : 0.2306    map@2 : 0.2263    map@3 : 0.2307    map@4 : 0.2378    map@5 : 0.2426    map@10 : 0.2615    map@20 : 0.2767    map@30 : 0.2818    map@50 : 0.287
Sun 15 Mar 2026 12:10:28 INFO  Saving current: saved/SCL-Mar-15-2026_12-09-30.pth
Sun 15 Mar 2026 12:10:28 INFO  Saving current best: saved/SCL-Mar-15-2026_12-09-30.pth
Sun 15 Mar 2026 12:10:28 INFO  Running E-step ! 
Sun 15 Mar 2026 12:10:29 INFO  epoch 169 training [time: 0.18s, train_loss1: 2.0909, train_loss2: 0.0336, train_loss3: 0.0109, train_loss4: 0.0017]
Sun 15 Mar 2026 12:10:29 INFO  epoch 169 evaluating [time: 0.14s, valid_score: 0.344800]
Sun 15 Mar 2026 12:10:29 INFO  valid result: 
recall@1 : 0.1461    recall@2 : 0.2285    recall@3 : 0.2835    recall@4 : 0.331    recall@5 : 0.3652    recall@10 : 0.4942    recall@20 : 0.6392    recall@30 : 0.6999    recall@50 : 0.7935    ndcg@1 : 0.2294    ndcg@2 : 0.2546    ndcg@3 : 0.2711    ndcg@4 : 0.2879    ndcg@5 : 0.2995    ndcg@10 : 0.3448    ndcg@20 : 0.389    ndcg@30 : 0.4056    ndcg@50 : 0.4279    precision@1 : 0.2294    precision@2 : 0.1928    precision@3 : 0.1641    precision@4 : 0.1465    precision@5 : 0.1306    precision@10 : 0.0922    precision@20 : 0.0634    precision@30 : 0.0479    precision@50 : 0.0336    map@1 : 0.2294    map@2 : 0.2262    map@3 : 0.2301    map@4 : 0.2374    map@5 : 0.2419    map@10 : 0.261    map@20 : 0.2763    map@30 : 0.2815    map@50 : 0.2866
Sun 15 Mar 2026 12:10:29 INFO  Running E-step ! 
Sun 15 Mar 2026 12:10:29 INFO  epoch 170 training [time: 0.19s, train_loss1: 2.0922, train_loss2: 0.0335, train_loss3: 0.0109, train_loss4: 0.0016]
Sun 15 Mar 2026 12:10:29 INFO  epoch 170 evaluating [time: 0.14s, valid_score: 0.345600]
Sun 15 Mar 2026 12:10:29 INFO  valid result: 
recall@1 : 0.147    recall@2 : 0.2282    recall@3 : 0.2833    recall@4 : 0.3304    recall@5 : 0.3654    recall@10 : 0.4951    recall@20 : 0.6402    recall@30 : 0.7006    recall@50 : 0.7933    ndcg@1 : 0.2318    ndcg@2 : 0.255    ndcg@3 : 0.2717    ndcg@4 : 0.2879    ndcg@5 : 0.3    ndcg@10 : 0.3456    ndcg@20 : 0.3897    ndcg@30 : 0.4062    ndcg@50 : 0.4283    precision@1 : 0.2318    precision@2 : 0.1928    precision@3 : 0.1643    precision@4 : 0.146    precision@5 : 0.1308    precision@10 : 0.0924    precision@20 : 0.0635    precision@30 : 0.0479    precision@50 : 0.0335    map@1 : 0.2318    map@2 : 0.2271    map@3 : 0.2307    map@4 : 0.2376    map@5 : 0.2424    map@10 : 0.2616    map@20 : 0.2769    map@30 : 0.282    map@50 : 0.2871
Sun 15 Mar 2026 12:10:29 INFO  Saving current: saved/SCL-Mar-15-2026_12-09-30.pth
Sun 15 Mar 2026 12:10:29 INFO  Saving current best: saved/SCL-Mar-15-2026_12-09-30.pth
Sun 15 Mar 2026 12:10:29 INFO  Running E-step ! 
Sun 15 Mar 2026 12:10:29 INFO  epoch 171 training [time: 0.19s, train_loss1: 2.0569, train_loss2: 0.0334, train_loss3: 0.0109, train_loss4: 0.0017]
Sun 15 Mar 2026 12:10:29 INFO  epoch 171 evaluating [time: 0.14s, valid_score: 0.345300]
Sun 15 Mar 2026 12:10:29 INFO  valid result: 
recall@1 : 0.1461    recall@2 : 0.2288    recall@3 : 0.2836    recall@4 : 0.3312    recall@5 : 0.3654    recall@10 : 0.4953    recall@20 : 0.6405    recall@30 : 0.7009    recall@50 : 0.7936    ndcg@1 : 0.2306    ndcg@2 : 0.2551    ndcg@3 : 0.2717    ndcg@4 : 0.2881    ndcg@5 : 0.2999    ndcg@10 : 0.3453    ndcg@20 : 0.3896    ndcg@30 : 0.4061    ndcg@50 : 0.4282    precision@1 : 0.2306    precision@2 : 0.1931    precision@3 : 0.1647    precision@4 : 0.1463    precision@5 : 0.1309    precision@10 : 0.0923    precision@20 : 0.0636    precision@30 : 0.048    precision@50 : 0.0336    map@1 : 0.2306    map@2 : 0.2269    map@3 : 0.2306    map@4 : 0.2376    map@5 : 0.2422    map@10 : 0.2614    map@20 : 0.2768    map@30 : 0.2818    map@50 : 0.2869
Sun 15 Mar 2026 12:10:29 INFO  Running E-step ! 
Sun 15 Mar 2026 12:10:30 INFO  epoch 172 training [time: 0.17s, train_loss1: 2.0468, train_loss2: 0.0334, train_loss3: 0.0109, train_loss4: 0.0017]
Sun 15 Mar 2026 12:10:30 INFO  epoch 172 evaluating [time: 0.14s, valid_score: 0.345600]
Sun 15 Mar 2026 12:10:30 INFO  valid result: 
recall@1 : 0.1463    recall@2 : 0.2288    recall@3 : 0.2836    recall@4 : 0.3309    recall@5 : 0.365    recall@10 : 0.4958    recall@20 : 0.6417    recall@30 : 0.6994    recall@50 : 0.7935    ndcg@1 : 0.2318    ndcg@2 : 0.2553    ndcg@3 : 0.2719    ndcg@4 : 0.2881    ndcg@5 : 0.2999    ndcg@10 : 0.3456    ndcg@20 : 0.39    ndcg@30 : 0.406    ndcg@50 : 0.4284    precision@1 : 0.2318    precision@2 : 0.1931    precision@3 : 0.1647    precision@4 : 0.1462    precision@5 : 0.1309    precision@10 : 0.0924    precision@20 : 0.0636    precision@30 : 0.0479    precision@50 : 0.0336    map@1 : 0.2318    map@2 : 0.2272    map@3 : 0.2308    map@4 : 0.2376    map@5 : 0.2421    map@10 : 0.2615    map@20 : 0.2769    map@30 : 0.2819    map@50 : 0.2871
Sun 15 Mar 2026 12:10:30 INFO  Saving current: saved/SCL-Mar-15-2026_12-09-30.pth
Sun 15 Mar 2026 12:10:30 INFO  Saving current best: saved/SCL-Mar-15-2026_12-09-30.pth
Sun 15 Mar 2026 12:10:30 INFO  Running E-step ! 
Sun 15 Mar 2026 12:10:30 INFO  epoch 173 training [time: 0.17s, train_loss1: 2.0880, train_loss2: 0.0333, train_loss3: 0.0109, train_loss4: 0.0017]
Sun 15 Mar 2026 12:10:30 INFO  epoch 173 evaluating [time: 0.14s, valid_score: 0.346200]
Sun 15 Mar 2026 12:10:30 INFO  valid result: 
recall@1 : 0.1466    recall@2 : 0.2286    recall@3 : 0.2841    recall@4 : 0.3321    recall@5 : 0.3656    recall@10 : 0.4972    recall@20 : 0.6416    recall@30 : 0.7002    recall@50 : 0.7925    ndcg@1 : 0.2324    ndcg@2 : 0.2552    ndcg@3 : 0.2721    ndcg@4 : 0.2888    ndcg@5 : 0.3004    ndcg@10 : 0.3462    ndcg@20 : 0.3903    ndcg@30 : 0.4064    ndcg@50 : 0.4285    precision@1 : 0.2324    precision@2 : 0.1928    precision@3 : 0.1647    precision@4 : 0.1468    precision@5 : 0.1312    precision@10 : 0.0924    precision@20 : 0.0637    precision@30 : 0.0479    precision@50 : 0.0336    map@1 : 0.2324    map@2 : 0.2272    map@3 : 0.231    map@4 : 0.2383    map@5 : 0.2427    map@10 : 0.262    map@20 : 0.2773    map@30 : 0.2823    map@50 : 0.2874
Sun 15 Mar 2026 12:10:30 INFO  Saving current: saved/SCL-Mar-15-2026_12-09-30.pth
Sun 15 Mar 2026 12:10:30 INFO  Saving current best: saved/SCL-Mar-15-2026_12-09-30.pth
Sun 15 Mar 2026 12:10:30 INFO  Running E-step ! 
Sun 15 Mar 2026 12:10:30 INFO  epoch 174 training [time: 0.16s, train_loss1: 2.0657, train_loss2: 0.0332, train_loss3: 0.0109, train_loss4: 0.0017]
Sun 15 Mar 2026 12:10:30 INFO  epoch 174 evaluating [time: 0.14s, valid_score: 0.346500]
Sun 15 Mar 2026 12:10:30 INFO  valid result: 
recall@1 : 0.1477    recall@2 : 0.2291    recall@3 : 0.2841    recall@4 : 0.3325    recall@5 : 0.365    recall@10 : 0.4968    recall@20 : 0.6414    recall@30 : 0.7002    recall@50 : 0.7915    ndcg@1 : 0.233    ndcg@2 : 0.2557    ndcg@3 : 0.2725    ndcg@4 : 0.2894    ndcg@5 : 0.3005    ndcg@10 : 0.3465    ndcg@20 : 0.3907    ndcg@30 : 0.4068    ndcg@50 : 0.4287    precision@1 : 0.233    precision@2 : 0.1928    precision@3 : 0.1647    precision@4 : 0.1469    precision@5 : 0.131    precision@10 : 0.0924    precision@20 : 0.0637    precision@30 : 0.0479    precision@50 : 0.0335    map@1 : 0.233    map@2 : 0.2277    map@3 : 0.2316    map@4 : 0.239    map@5 : 0.2432    map@10 : 0.2626    map@20 : 0.2779    map@30 : 0.2829    map@50 : 0.288
Sun 15 Mar 2026 12:10:30 INFO  Saving current: saved/SCL-Mar-15-2026_12-09-30.pth
Sun 15 Mar 2026 12:10:30 INFO  Saving current best: saved/SCL-Mar-15-2026_12-09-30.pth
Sun 15 Mar 2026 12:10:30 INFO  Running E-step ! 
Sun 15 Mar 2026 12:10:31 INFO  epoch 175 training [time: 0.18s, train_loss1: 2.0332, train_loss2: 0.0332, train_loss3: 0.0109, train_loss4: 0.0017]
Sun 15 Mar 2026 12:10:31 INFO  epoch 175 evaluating [time: 0.14s, valid_score: 0.346300]
Sun 15 Mar 2026 12:10:31 INFO  valid result: 
recall@1 : 0.1478    recall@2 : 0.2281    recall@3 : 0.2827    recall@4 : 0.3333    recall@5 : 0.3643    recall@10 : 0.4965    recall@20 : 0.6416    recall@30 : 0.7012    recall@50 : 0.7903    ndcg@1 : 0.2336    ndcg@2 : 0.255    ndcg@3 : 0.2717    ndcg@4 : 0.2896    ndcg@5 : 0.3002    ndcg@10 : 0.3463    ndcg@20 : 0.3905    ndcg@30 : 0.4069    ndcg@50 : 0.4284    precision@1 : 0.2336    precision@2 : 0.1919    precision@3 : 0.1641    precision@4 : 0.1471    precision@5 : 0.1309    precision@10 : 0.0925    precision@20 : 0.0636    precision@30 : 0.048    precision@50 : 0.0335    map@1 : 0.2336    map@2 : 0.2271    map@3 : 0.231    map@4 : 0.2389    map@5 : 0.2428    map@10 : 0.2623    map@20 : 0.2777    map@30 : 0.2828    map@50 : 0.2878
Sun 15 Mar 2026 12:10:31 INFO  Running E-step ! 
Sun 15 Mar 2026 12:10:31 INFO  epoch 176 training [time: 0.19s, train_loss1: 2.0255, train_loss2: 0.0331, train_loss3: 0.0109, train_loss4: 0.0017]
Sun 15 Mar 2026 12:10:31 INFO  epoch 176 evaluating [time: 0.14s, valid_score: 0.346400]
Sun 15 Mar 2026 12:10:31 INFO  valid result: 
recall@1 : 0.1478    recall@2 : 0.2279    recall@3 : 0.2832    recall@4 : 0.332    recall@5 : 0.364    recall@10 : 0.4968    recall@20 : 0.643    recall@30 : 0.7016    recall@50 : 0.7903    ndcg@1 : 0.2336    ndcg@2 : 0.2545    ndcg@3 : 0.2718    ndcg@4 : 0.2889    ndcg@5 : 0.3    ndcg@10 : 0.3464    ndcg@20 : 0.3908    ndcg@30 : 0.407    ndcg@50 : 0.4283    precision@1 : 0.2336    precision@2 : 0.1913    precision@3 : 0.1641    precision@4 : 0.1465    precision@5 : 0.131    precision@10 : 0.0926    precision@20 : 0.0637    precision@30 : 0.0481    precision@50 : 0.0335    map@1 : 0.2336    map@2 : 0.2265    map@3 : 0.2309    map@4 : 0.2383    map@5 : 0.2426    map@10 : 0.2623    map@20 : 0.2776    map@30 : 0.2827    map@50 : 0.2877
Sun 15 Mar 2026 12:10:31 INFO  Running E-step ! 
Sun 15 Mar 2026 12:10:31 INFO  epoch 177 training [time: 0.18s, train_loss1: 2.0690, train_loss2: 0.0330, train_loss3: 0.0109, train_loss4: 0.0017]
Sun 15 Mar 2026 12:10:31 INFO  epoch 177 evaluating [time: 0.14s, valid_score: 0.346800]
Sun 15 Mar 2026 12:10:31 INFO  valid result: 
recall@1 : 0.1478    recall@2 : 0.228    recall@3 : 0.2833    recall@4 : 0.3328    recall@5 : 0.3635    recall@10 : 0.4981    recall@20 : 0.6445    recall@30 : 0.7014    recall@50 : 0.7914    ndcg@1 : 0.2336    ndcg@2 : 0.2548    ndcg@3 : 0.2718    ndcg@4 : 0.2893    ndcg@5 : 0.2999    ndcg@10 : 0.3468    ndcg@20 : 0.3913    ndcg@30 : 0.407    ndcg@50 : 0.4286    precision@1 : 0.2336    precision@2 : 0.1916    precision@3 : 0.1639    precision@4 : 0.1468    precision@5 : 0.1309    precision@10 : 0.0927    precision@20 : 0.0639    precision@30 : 0.048    precision@50 : 0.0336    map@1 : 0.2336    map@2 : 0.2266    map@3 : 0.2308    map@4 : 0.2386    map@5 : 0.2425    map@10 : 0.2625    map@20 : 0.2779    map@30 : 0.2828    map@50 : 0.2878
Sun 15 Mar 2026 12:10:31 INFO  Saving current: saved/SCL-Mar-15-2026_12-09-30.pth
Sun 15 Mar 2026 12:10:31 INFO  Saving current best: saved/SCL-Mar-15-2026_12-09-30.pth
Sun 15 Mar 2026 12:10:31 INFO  Running E-step ! 
Sun 15 Mar 2026 12:10:32 INFO  epoch 178 training [time: 0.16s, train_loss1: 2.0774, train_loss2: 0.0329, train_loss3: 0.0109, train_loss4: 0.0017]
Sun 15 Mar 2026 12:10:32 INFO  epoch 178 evaluating [time: 0.14s, valid_score: 0.347100]
Sun 15 Mar 2026 12:10:32 INFO  valid result: 
recall@1 : 0.1474    recall@2 : 0.2279    recall@3 : 0.2849    recall@4 : 0.3323    recall@5 : 0.3647    recall@10 : 0.4992    recall@20 : 0.6447    recall@30 : 0.7017    recall@50 : 0.7922    ndcg@1 : 0.2336    ndcg@2 : 0.2544    ndcg@3 : 0.2725    ndcg@4 : 0.289    ndcg@5 : 0.3004    ndcg@10 : 0.3471    ndcg@20 : 0.3914    ndcg@30 : 0.4071    ndcg@50 : 0.4288    precision@1 : 0.2336    precision@2 : 0.1913    precision@3 : 0.1647    precision@4 : 0.1465    precision@5 : 0.1313    precision@10 : 0.0929    precision@20 : 0.0639    precision@30 : 0.0481    precision@50 : 0.0336    map@1 : 0.2336    map@2 : 0.2263    map@3 : 0.2312    map@4 : 0.2383    map@5 : 0.2427    map@10 : 0.2625    map@20 : 0.2778    map@30 : 0.2827    map@50 : 0.2878
Sun 15 Mar 2026 12:10:32 INFO  Saving current: saved/SCL-Mar-15-2026_12-09-30.pth
Sun 15 Mar 2026 12:10:32 INFO  Saving current best: saved/SCL-Mar-15-2026_12-09-30.pth
Sun 15 Mar 2026 12:10:32 INFO  Running E-step ! 
Sun 15 Mar 2026 12:10:32 INFO  epoch 179 training [time: 0.16s, train_loss1: 2.0209, train_loss2: 0.0329, train_loss3: 0.0109, train_loss4: 0.0017]
Sun 15 Mar 2026 12:10:32 INFO  epoch 179 evaluating [time: 0.14s, valid_score: 0.347400]
Sun 15 Mar 2026 12:10:32 INFO  valid result: 
recall@1 : 0.1471    recall@2 : 0.2282    recall@3 : 0.2849    recall@4 : 0.3326    recall@5 : 0.3651    recall@10 : 0.4998    recall@20 : 0.645    recall@30 : 0.7022    recall@50 : 0.7926    ndcg@1 : 0.233    ndcg@2 : 0.2545    ndcg@3 : 0.2725    ndcg@4 : 0.2892    ndcg@5 : 0.3005    ndcg@10 : 0.3474    ndcg@20 : 0.3915    ndcg@30 : 0.4073    ndcg@50 : 0.4289    precision@1 : 0.233    precision@2 : 0.1913    precision@3 : 0.1649    precision@4 : 0.1469    precision@5 : 0.1315    precision@10 : 0.0931    precision@20 : 0.064    precision@30 : 0.0481    precision@50 : 0.0336    map@1 : 0.233    map@2 : 0.2263    map@3 : 0.2312    map@4 : 0.2385    map@5 : 0.2428    map@10 : 0.2626    map@20 : 0.2779    map@30 : 0.2828    map@50 : 0.2879
Sun 15 Mar 2026 12:10:32 INFO  Saving current: saved/SCL-Mar-15-2026_12-09-30.pth
Sun 15 Mar 2026 12:10:32 INFO  Saving current best: saved/SCL-Mar-15-2026_12-09-30.pth
Sun 15 Mar 2026 12:10:32 INFO  Running E-step ! 
Sun 15 Mar 2026 12:10:32 INFO  epoch 180 training [time: 0.16s, train_loss1: 1.9868, train_loss2: 0.0328, train_loss3: 0.0109, train_loss4: 0.0017]
Sun 15 Mar 2026 12:10:32 INFO  epoch 180 evaluating [time: 0.14s, valid_score: 0.348300]
Sun 15 Mar 2026 12:10:32 INFO  valid result: 
recall@1 : 0.1477    recall@2 : 0.2288    recall@3 : 0.2846    recall@4 : 0.3327    recall@5 : 0.3671    recall@10 : 0.5012    recall@20 : 0.645    recall@30 : 0.7023    recall@50 : 0.7925    ndcg@1 : 0.2336    ndcg@2 : 0.2551    ndcg@3 : 0.2727    ndcg@4 : 0.2894    ndcg@5 : 0.3017    ndcg@10 : 0.3483    ndcg@20 : 0.3919    ndcg@30 : 0.4078    ndcg@50 : 0.4294    precision@1 : 0.2336    precision@2 : 0.1919    precision@3 : 0.1649    precision@4 : 0.1468    precision@5 : 0.1323    precision@10 : 0.0934    precision@20 : 0.064    precision@30 : 0.0481    precision@50 : 0.0336    map@1 : 0.2336    map@2 : 0.2269    map@3 : 0.2315    map@4 : 0.2388    map@5 : 0.2438    map@10 : 0.2634    map@20 : 0.2784    map@30 : 0.2834    map@50 : 0.2884
Sun 15 Mar 2026 12:10:32 INFO  Saving current: saved/SCL-Mar-15-2026_12-09-30.pth
Sun 15 Mar 2026 12:10:32 INFO  Saving current best: saved/SCL-Mar-15-2026_12-09-30.pth
Sun 15 Mar 2026 12:10:32 INFO  Running E-step ! 
Sun 15 Mar 2026 12:10:33 INFO  epoch 181 training [time: 0.16s, train_loss1: 2.0382, train_loss2: 0.0327, train_loss3: 0.0109, train_loss4: 0.0017]
Sun 15 Mar 2026 12:10:33 INFO  epoch 181 evaluating [time: 0.14s, valid_score: 0.349100]
Sun 15 Mar 2026 12:10:33 INFO  valid result: 
recall@1 : 0.1484    recall@2 : 0.2275    recall@3 : 0.2853    recall@4 : 0.334    recall@5 : 0.3684    recall@10 : 0.5026    recall@20 : 0.6448    recall@30 : 0.7033    recall@50 : 0.7936    ndcg@1 : 0.2348    ndcg@2 : 0.255    ndcg@3 : 0.2734    ndcg@4 : 0.2903    ndcg@5 : 0.3026    ndcg@10 : 0.3491    ndcg@20 : 0.3923    ndcg@30 : 0.4085    ndcg@50 : 0.43    precision@1 : 0.2348    precision@2 : 0.1916    precision@3 : 0.1653    precision@4 : 0.1473    precision@5 : 0.1327    precision@10 : 0.0937    precision@20 : 0.064    precision@30 : 0.0483    precision@50 : 0.0336    map@1 : 0.2348    map@2 : 0.2269    map@3 : 0.232    map@4 : 0.2395    map@5 : 0.2444    map@10 : 0.264    map@20 : 0.2788    map@30 : 0.2839    map@50 : 0.2889
Sun 15 Mar 2026 12:10:33 INFO  Saving current: saved/SCL-Mar-15-2026_12-09-30.pth
Sun 15 Mar 2026 12:10:33 INFO  Saving current best: saved/SCL-Mar-15-2026_12-09-30.pth
Sun 15 Mar 2026 12:10:33 INFO  Running E-step ! 
Sun 15 Mar 2026 12:10:33 INFO  epoch 182 training [time: 0.20s, train_loss1: 2.0048, train_loss2: 0.0327, train_loss3: 0.0109, train_loss4: 0.0017]
Sun 15 Mar 2026 12:10:33 INFO  epoch 182 evaluating [time: 0.14s, valid_score: 0.349400]
Sun 15 Mar 2026 12:10:33 INFO  valid result: 
recall@1 : 0.1486    recall@2 : 0.2281    recall@3 : 0.2858    recall@4 : 0.3357    recall@5 : 0.3696    recall@10 : 0.5026    recall@20 : 0.6447    recall@30 : 0.7033    recall@50 : 0.7948    ndcg@1 : 0.2354    ndcg@2 : 0.2552    ndcg@3 : 0.2738    ndcg@4 : 0.2914    ndcg@5 : 0.3034    ndcg@10 : 0.3494    ndcg@20 : 0.3925    ndcg@30 : 0.4088    ndcg@50 : 0.4305    precision@1 : 0.2354    precision@2 : 0.1913    precision@3 : 0.1655    precision@4 : 0.1481    precision@5 : 0.1331    precision@10 : 0.0937    precision@20 : 0.0639    precision@30 : 0.0482    precision@50 : 0.0337    map@1 : 0.2354    map@2 : 0.2271    map@3 : 0.2324    map@4 : 0.2403    map@5 : 0.2451    map@10 : 0.2644    map@20 : 0.2792    map@30 : 0.2843    map@50 : 0.2894
Sun 15 Mar 2026 12:10:33 INFO  Saving current: saved/SCL-Mar-15-2026_12-09-30.pth
Sun 15 Mar 2026 12:10:33 INFO  Saving current best: saved/SCL-Mar-15-2026_12-09-30.pth
Sun 15 Mar 2026 12:10:33 INFO  Running E-step ! 
Sun 15 Mar 2026 12:10:33 INFO  epoch 183 training [time: 0.19s, train_loss1: 2.0011, train_loss2: 0.0326, train_loss3: 0.0109, train_loss4: 0.0017]
Sun 15 Mar 2026 12:10:33 INFO  epoch 183 evaluating [time: 0.14s, valid_score: 0.349100]
Sun 15 Mar 2026 12:10:33 INFO  valid result: 
recall@1 : 0.148    recall@2 : 0.2287    recall@3 : 0.2849    recall@4 : 0.3352    recall@5 : 0.3701    recall@10 : 0.5026    recall@20 : 0.646    recall@30 : 0.7039    recall@50 : 0.7941    ndcg@1 : 0.2336    ndcg@2 : 0.2551    ndcg@3 : 0.2729    ndcg@4 : 0.2908    ndcg@5 : 0.3033    ndcg@10 : 0.3491    ndcg@20 : 0.3926    ndcg@30 : 0.4087    ndcg@50 : 0.4302    precision@1 : 0.2336    precision@2 : 0.1916    precision@3 : 0.1649    precision@4 : 0.1479    precision@5 : 0.1334    precision@10 : 0.0937    precision@20 : 0.064    precision@30 : 0.0483    precision@50 : 0.0336    map@1 : 0.2336    map@2 : 0.2268    map@3 : 0.2316    map@4 : 0.2397    map@5 : 0.2448    map@10 : 0.2641    map@20 : 0.279    map@30 : 0.2841    map@50 : 0.2891
Sun 15 Mar 2026 12:10:33 INFO  Running E-step ! 
Sun 15 Mar 2026 12:10:34 INFO  epoch 184 training [time: 0.19s, train_loss1: 1.9887, train_loss2: 0.0326, train_loss3: 0.0109, train_loss4: 0.0017]
Sun 15 Mar 2026 12:10:34 INFO  epoch 184 evaluating [time: 0.14s, valid_score: 0.349300]
Sun 15 Mar 2026 12:10:34 INFO  valid result: 
recall@1 : 0.1478    recall@2 : 0.2291    recall@3 : 0.2859    recall@4 : 0.3343    recall@5 : 0.3703    recall@10 : 0.5031    recall@20 : 0.6459    recall@30 : 0.7035    recall@50 : 0.7942    ndcg@1 : 0.233    ndcg@2 : 0.2551    ndcg@3 : 0.2735    ndcg@4 : 0.2905    ndcg@5 : 0.3033    ndcg@10 : 0.3493    ndcg@20 : 0.3925    ndcg@30 : 0.4087    ndcg@50 : 0.4302    precision@1 : 0.233    precision@2 : 0.1919    precision@3 : 0.1655    precision@4 : 0.1479    precision@5 : 0.1333    precision@10 : 0.0938    precision@20 : 0.0639    precision@30 : 0.0483    precision@50 : 0.0336    map@1 : 0.233    map@2 : 0.2269    map@3 : 0.232    map@4 : 0.2397    map@5 : 0.2449    map@10 : 0.2642    map@20 : 0.279    map@30 : 0.2842    map@50 : 0.2891
Sun 15 Mar 2026 12:10:34 INFO  Running E-step ! 
Sun 15 Mar 2026 12:10:34 INFO  epoch 185 training [time: 0.16s, train_loss1: 1.9984, train_loss2: 0.0325, train_loss3: 0.0109, train_loss4: 0.0017]
Sun 15 Mar 2026 12:10:34 INFO  epoch 185 evaluating [time: 0.14s, valid_score: 0.349700]
Sun 15 Mar 2026 12:10:34 INFO  valid result: 
recall@1 : 0.1479    recall@2 : 0.229    recall@3 : 0.2855    recall@4 : 0.3351    recall@5 : 0.3714    recall@10 : 0.504    recall@20 : 0.6456    recall@30 : 0.7048    recall@50 : 0.7938    ndcg@1 : 0.233    ndcg@2 : 0.2551    ndcg@3 : 0.2734    ndcg@4 : 0.2909    ndcg@5 : 0.3037    ndcg@10 : 0.3497    ndcg@20 : 0.3925    ndcg@30 : 0.4091    ndcg@50 : 0.4302    precision@1 : 0.233    precision@2 : 0.1919    precision@3 : 0.1655    precision@4 : 0.1482    precision@5 : 0.1334    precision@10 : 0.094    precision@20 : 0.0639    precision@30 : 0.0484    precision@50 : 0.0336    map@1 : 0.233    map@2 : 0.2269    map@3 : 0.2321    map@4 : 0.2399    map@5 : 0.2451    map@10 : 0.2644    map@20 : 0.2791    map@30 : 0.2844    map@50 : 0.2892
Sun 15 Mar 2026 12:10:34 INFO  Saving current: saved/SCL-Mar-15-2026_12-09-30.pth
Sun 15 Mar 2026 12:10:34 INFO  Saving current best: saved/SCL-Mar-15-2026_12-09-30.pth
Sun 15 Mar 2026 12:10:34 INFO  Running E-step ! 
Sun 15 Mar 2026 12:10:34 INFO  epoch 186 training [time: 0.19s, train_loss1: 1.9711, train_loss2: 0.0324, train_loss3: 0.0109, train_loss4: 0.0017]
Sun 15 Mar 2026 12:10:34 INFO  epoch 186 evaluating [time: 0.14s, valid_score: 0.349500]
Sun 15 Mar 2026 12:10:34 INFO  valid result: 
recall@1 : 0.1459    recall@2 : 0.2292    recall@3 : 0.2869    recall@4 : 0.335    recall@5 : 0.3706    recall@10 : 0.5051    recall@20 : 0.6456    recall@30 : 0.7046    recall@50 : 0.7941    ndcg@1 : 0.2306    ndcg@2 : 0.2548    ndcg@3 : 0.2735    ndcg@4 : 0.2902    ndcg@5 : 0.3028    ndcg@10 : 0.3495    ndcg@20 : 0.392    ndcg@30 : 0.4085    ndcg@50 : 0.4297    precision@1 : 0.2306    precision@2 : 0.1925    precision@3 : 0.1663    precision@4 : 0.1481    precision@5 : 0.1331    precision@10 : 0.0942    precision@20 : 0.0639    precision@30 : 0.0484    precision@50 : 0.0336    map@1 : 0.2306    map@2 : 0.2262    map@3 : 0.2319    map@4 : 0.239    map@5 : 0.244    map@10 : 0.2637    map@20 : 0.2783    map@30 : 0.2835    map@50 : 0.2884
Sun 15 Mar 2026 12:10:34 INFO  Running E-step ! 
Sun 15 Mar 2026 12:10:35 INFO  epoch 187 training [time: 0.17s, train_loss1: 1.9688, train_loss2: 0.0323, train_loss3: 0.0109, train_loss4: 0.0017]
Sun 15 Mar 2026 12:10:35 INFO  epoch 187 evaluating [time: 0.14s, valid_score: 0.349600]
Sun 15 Mar 2026 12:10:35 INFO  valid result: 
recall@1 : 0.1451    recall@2 : 0.2296    recall@3 : 0.2855    recall@4 : 0.3356    recall@5 : 0.3708    recall@10 : 0.5062    recall@20 : 0.6449    recall@30 : 0.7052    recall@50 : 0.7929    ndcg@1 : 0.2294    ndcg@2 : 0.2548    ndcg@3 : 0.2725    ndcg@4 : 0.2902    ndcg@5 : 0.3026    ndcg@10 : 0.3496    ndcg@20 : 0.3915    ndcg@30 : 0.4084    ndcg@50 : 0.4293    precision@1 : 0.2294    precision@2 : 0.1928    precision@3 : 0.1655    precision@4 : 0.1484    precision@5 : 0.1333    precision@10 : 0.0946    precision@20 : 0.0639    precision@30 : 0.0485    precision@50 : 0.0336    map@1 : 0.2294    map@2 : 0.2262    map@3 : 0.2312    map@4 : 0.2389    map@5 : 0.2437    map@10 : 0.2635    map@20 : 0.278    map@30 : 0.2833    map@50 : 0.2881
Sun 15 Mar 2026 12:10:35 INFO  Running E-step ! 
Sun 15 Mar 2026 12:10:35 INFO  epoch 188 training [time: 0.16s, train_loss1: 1.9580, train_loss2: 0.0323, train_loss3: 0.0109, train_loss4: 0.0017]
Sun 15 Mar 2026 12:10:35 INFO  epoch 188 evaluating [time: 0.14s, valid_score: 0.350300]
Sun 15 Mar 2026 12:10:35 INFO  valid result: 
recall@1 : 0.145    recall@2 : 0.2304    recall@3 : 0.2866    recall@4 : 0.3359    recall@5 : 0.3712    recall@10 : 0.5077    recall@20 : 0.6441    recall@30 : 0.7052    recall@50 : 0.7928    ndcg@1 : 0.2282    ndcg@2 : 0.2553    ndcg@3 : 0.2729    ndcg@4 : 0.2904    ndcg@5 : 0.3028    ndcg@10 : 0.3503    ndcg@20 : 0.3915    ndcg@30 : 0.4086    ndcg@50 : 0.4294    precision@1 : 0.2282    precision@2 : 0.1934    precision@3 : 0.1657    precision@4 : 0.1485    precision@5 : 0.1334    precision@10 : 0.0949    precision@20 : 0.0638    precision@30 : 0.0485    precision@50 : 0.0336    map@1 : 0.2282    map@2 : 0.2265    map@3 : 0.2315    map@4 : 0.2391    map@5 : 0.2439    map@10 : 0.264    map@20 : 0.2782    map@30 : 0.2836    map@50 : 0.2884
Sun 15 Mar 2026 12:10:35 INFO  Saving current: saved/SCL-Mar-15-2026_12-09-30.pth
Sun 15 Mar 2026 12:10:35 INFO  Saving current best: saved/SCL-Mar-15-2026_12-09-30.pth
Sun 15 Mar 2026 12:10:35 INFO  Running E-step ! 
Sun 15 Mar 2026 12:10:35 INFO  epoch 189 training [time: 0.19s, train_loss1: 1.9792, train_loss2: 0.0322, train_loss3: 0.0109, train_loss4: 0.0016]
Sun 15 Mar 2026 12:10:35 INFO  epoch 189 evaluating [time: 0.14s, valid_score: 0.350600]
Sun 15 Mar 2026 12:10:35 INFO  valid result: 
recall@1 : 0.146    recall@2 : 0.2309    recall@3 : 0.2867    recall@4 : 0.3349    recall@5 : 0.372    recall@10 : 0.5071    recall@20 : 0.6442    recall@30 : 0.7055    recall@50 : 0.7927    ndcg@1 : 0.2294    ndcg@2 : 0.2558    ndcg@3 : 0.2732    ndcg@4 : 0.2902    ndcg@5 : 0.3036    ndcg@10 : 0.3506    ndcg@20 : 0.392    ndcg@30 : 0.4092    ndcg@50 : 0.4299    precision@1 : 0.2294    precision@2 : 0.1934    precision@3 : 0.1655    precision@4 : 0.1479    precision@5 : 0.1337    precision@10 : 0.0949    precision@20 : 0.0638    precision@30 : 0.0485    precision@50 : 0.0336    map@1 : 0.2294    map@2 : 0.2272    map@3 : 0.2322    map@4 : 0.2392    map@5 : 0.2448    map@10 : 0.2646    map@20 : 0.2789    map@30 : 0.2843    map@50 : 0.2891
Sun 15 Mar 2026 12:10:35 INFO  Saving current: saved/SCL-Mar-15-2026_12-09-30.pth
Sun 15 Mar 2026 12:10:35 INFO  Saving current best: saved/SCL-Mar-15-2026_12-09-30.pth
Sun 15 Mar 2026 12:10:35 INFO  Running E-step ! 
Sun 15 Mar 2026 12:10:36 INFO  epoch 190 training [time: 0.18s, train_loss1: 1.9346, train_loss2: 0.0321, train_loss3: 0.0109, train_loss4: 0.0015]
Sun 15 Mar 2026 12:10:36 INFO  epoch 190 evaluating [time: 0.14s, valid_score: 0.350600]
Sun 15 Mar 2026 12:10:36 INFO  valid result: 
recall@1 : 0.1465    recall@2 : 0.2304    recall@3 : 0.2873    recall@4 : 0.336    recall@5 : 0.3723    recall@10 : 0.5063    recall@20 : 0.646    recall@30 : 0.7054    recall@50 : 0.7923    ndcg@1 : 0.2294    ndcg@2 : 0.2558    ndcg@3 : 0.2736    ndcg@4 : 0.2909    ndcg@5 : 0.3038    ndcg@10 : 0.3506    ndcg@20 : 0.3926    ndcg@30 : 0.4094    ndcg@50 : 0.43    precision@1 : 0.2294    precision@2 : 0.1934    precision@3 : 0.1657    precision@4 : 0.1484    precision@5 : 0.1337    precision@10 : 0.0948    precision@20 : 0.0639    precision@30 : 0.0485    precision@50 : 0.0336    map@1 : 0.2294    map@2 : 0.2274    map@3 : 0.2326    map@4 : 0.2398    map@5 : 0.2451    map@10 : 0.2648    map@20 : 0.2792    map@30 : 0.2846    map@50 : 0.2894
Sun 15 Mar 2026 12:10:36 INFO  Saving current: saved/SCL-Mar-15-2026_12-09-30.pth
Sun 15 Mar 2026 12:10:36 INFO  Saving current best: saved/SCL-Mar-15-2026_12-09-30.pth
Sun 15 Mar 2026 12:10:36 INFO  Running E-step ! 
Sun 15 Mar 2026 12:10:36 INFO  epoch 191 training [time: 0.18s, train_loss1: 1.9527, train_loss2: 0.0321, train_loss3: 0.0109, train_loss4: 0.0017]
Sun 15 Mar 2026 12:10:36 INFO  epoch 191 evaluating [time: 0.14s, valid_score: 0.350400]
Sun 15 Mar 2026 12:10:36 INFO  valid result: 
recall@1 : 0.1465    recall@2 : 0.2284    recall@3 : 0.2894    recall@4 : 0.3362    recall@5 : 0.3727    recall@10 : 0.5056    recall@20 : 0.6455    recall@30 : 0.7053    recall@50 : 0.7932    ndcg@1 : 0.2306    ndcg@2 : 0.2544    ndcg@3 : 0.2745    ndcg@4 : 0.2911    ndcg@5 : 0.3041    ndcg@10 : 0.3504    ndcg@20 : 0.3925    ndcg@30 : 0.4094    ndcg@50 : 0.4302    precision@1 : 0.2306    precision@2 : 0.1919    precision@3 : 0.1665    precision@4 : 0.1487    precision@5 : 0.1341    precision@10 : 0.0947    precision@20 : 0.0639    precision@30 : 0.0485    precision@50 : 0.0336    map@1 : 0.2306    map@2 : 0.2263    map@3 : 0.233    map@4 : 0.2397    map@5 : 0.2451    map@10 : 0.2647    map@20 : 0.2792    map@30 : 0.2845    map@50 : 0.2894
Sun 15 Mar 2026 12:10:36 INFO  Running E-step ! 
Sun 15 Mar 2026 12:10:36 INFO  epoch 192 training [time: 0.16s, train_loss1: 1.9429, train_loss2: 0.0320, train_loss3: 0.0109, train_loss4: 0.0017]
Sun 15 Mar 2026 12:10:36 INFO  epoch 192 evaluating [time: 0.14s, valid_score: 0.350300]
Sun 15 Mar 2026 12:10:36 INFO  valid result: 
recall@1 : 0.146    recall@2 : 0.2287    recall@3 : 0.287    recall@4 : 0.3352    recall@5 : 0.3736    recall@10 : 0.5061    recall@20 : 0.6448    recall@30 : 0.7055    recall@50 : 0.7931    ndcg@1 : 0.2294    ndcg@2 : 0.2546    ndcg@3 : 0.2731    ndcg@4 : 0.2903    ndcg@5 : 0.3041    ndcg@10 : 0.3503    ndcg@20 : 0.3921    ndcg@30 : 0.4092    ndcg@50 : 0.43    precision@1 : 0.2294    precision@2 : 0.1925    precision@3 : 0.1655    precision@4 : 0.1485    precision@5 : 0.1343    precision@10 : 0.0949    precision@20 : 0.0638    precision@30 : 0.0485    precision@50 : 0.0336    map@1 : 0.2294    map@2 : 0.2265    map@3 : 0.232    map@4 : 0.2392    map@5 : 0.2449    map@10 : 0.2645    map@20 : 0.2788    map@30 : 0.2843    map@50 : 0.2891
Sun 15 Mar 2026 12:10:36 INFO  Running E-step ! 
Sun 15 Mar 2026 12:10:37 INFO  epoch 193 training [time: 0.16s, train_loss1: 1.9177, train_loss2: 0.0320, train_loss3: 0.0109, train_loss4: 0.0017]
Sun 15 Mar 2026 12:10:37 INFO  epoch 193 evaluating [time: 0.14s, valid_score: 0.349900]
Sun 15 Mar 2026 12:10:37 INFO  valid result: 
recall@1 : 0.1472    recall@2 : 0.2267    recall@3 : 0.2847    recall@4 : 0.3353    recall@5 : 0.3735    recall@10 : 0.5049    recall@20 : 0.6449    recall@30 : 0.7063    recall@50 : 0.7934    ndcg@1 : 0.2306    ndcg@2 : 0.2533    ndcg@3 : 0.272    ndcg@4 : 0.2902    ndcg@5 : 0.304    ndcg@10 : 0.3499    ndcg@20 : 0.3921    ndcg@30 : 0.4094    ndcg@50 : 0.4301    precision@1 : 0.2306    precision@2 : 0.1907    precision@3 : 0.1645    precision@4 : 0.1484    precision@5 : 0.1343    precision@10 : 0.0948    precision@20 : 0.0638    precision@30 : 0.0486    precision@50 : 0.0336    map@1 : 0.2306    map@2 : 0.2257    map@3 : 0.2314    map@4 : 0.2392    map@5 : 0.245    map@10 : 0.2645    map@20 : 0.279    map@30 : 0.2844    map@50 : 0.2892
Sun 15 Mar 2026 12:10:37 INFO  Running E-step ! 
Sun 15 Mar 2026 12:10:37 INFO  epoch 194 training [time: 0.17s, train_loss1: 1.9487, train_loss2: 0.0319, train_loss3: 0.0109, train_loss4: 0.0017]
Sun 15 Mar 2026 12:10:37 INFO  epoch 194 evaluating [time: 0.14s, valid_score: 0.350000]
Sun 15 Mar 2026 12:10:37 INFO  valid result: 
recall@1 : 0.1472    recall@2 : 0.2267    recall@3 : 0.2861    recall@4 : 0.334    recall@5 : 0.3718    recall@10 : 0.505    recall@20 : 0.6459    recall@30 : 0.7065    recall@50 : 0.7935    ndcg@1 : 0.2306    ndcg@2 : 0.2533    ndcg@3 : 0.2726    ndcg@4 : 0.2897    ndcg@5 : 0.3032    ndcg@10 : 0.35    ndcg@20 : 0.3924    ndcg@30 : 0.4094    ndcg@50 : 0.4301    precision@1 : 0.2306    precision@2 : 0.1907    precision@3 : 0.1649    precision@4 : 0.1479    precision@5 : 0.1336    precision@10 : 0.0948    precision@20 : 0.0639    precision@30 : 0.0486    precision@50 : 0.0337    map@1 : 0.2306    map@2 : 0.2257    map@3 : 0.2317    map@4 : 0.239    map@5 : 0.2446    map@10 : 0.2645    map@20 : 0.2791    map@30 : 0.2845    map@50 : 0.2893
Sun 15 Mar 2026 12:10:37 INFO  Running E-step ! 
Sun 15 Mar 2026 12:10:37 INFO  epoch 195 training [time: 0.16s, train_loss1: 1.9277, train_loss2: 0.0318, train_loss3: 0.0109, train_loss4: 0.0017]
Sun 15 Mar 2026 12:10:37 INFO  epoch 195 evaluating [time: 0.14s, valid_score: 0.350200]
Sun 15 Mar 2026 12:10:37 INFO  valid result: 
recall@1 : 0.1472    recall@2 : 0.2274    recall@3 : 0.2876    recall@4 : 0.3345    recall@5 : 0.3718    recall@10 : 0.5048    recall@20 : 0.6465    recall@30 : 0.7073    recall@50 : 0.7933    ndcg@1 : 0.2306    ndcg@2 : 0.2537    ndcg@3 : 0.2736    ndcg@4 : 0.2902    ndcg@5 : 0.3034    ndcg@10 : 0.3502    ndcg@20 : 0.3928    ndcg@30 : 0.4099    ndcg@50 : 0.4303    precision@1 : 0.2306    precision@2 : 0.191    precision@3 : 0.1659    precision@4 : 0.1481    precision@5 : 0.1336    precision@10 : 0.0948    precision@20 : 0.064    precision@30 : 0.0487    precision@50 : 0.0337    map@1 : 0.2306    map@2 : 0.2262    map@3 : 0.2325    map@4 : 0.2395    map@5 : 0.2449    map@10 : 0.2648    map@20 : 0.2795    map@30 : 0.285    map@50 : 0.2897
Sun 15 Mar 2026 12:10:37 INFO  Running E-step ! 
Sun 15 Mar 2026 12:10:38 INFO  epoch 196 training [time: 0.18s, train_loss1: 1.9757, train_loss2: 0.0317, train_loss3: 0.0109, train_loss4: 0.0017]
Sun 15 Mar 2026 12:10:38 INFO  epoch 196 evaluating [time: 0.14s, valid_score: 0.350300]
Sun 15 Mar 2026 12:10:38 INFO  valid result: 
recall@1 : 0.1474    recall@2 : 0.2268    recall@3 : 0.2883    recall@4 : 0.3349    recall@5 : 0.3725    recall@10 : 0.5045    recall@20 : 0.6461    recall@30 : 0.7076    recall@50 : 0.7929    ndcg@1 : 0.2324    ndcg@2 : 0.2533    ndcg@3 : 0.2742    ndcg@4 : 0.2906    ndcg@5 : 0.304    ndcg@10 : 0.3503    ndcg@20 : 0.393    ndcg@30 : 0.4102    ndcg@50 : 0.4305    precision@1 : 0.2324    precision@2 : 0.1901    precision@3 : 0.1663    precision@4 : 0.1484    precision@5 : 0.134    precision@10 : 0.0947    precision@20 : 0.0639    precision@30 : 0.0487    precision@50 : 0.0337    map@1 : 0.2324    map@2 : 0.226    map@3 : 0.2329    map@4 : 0.2398    map@5 : 0.2452    map@10 : 0.2649    map@20 : 0.2797    map@30 : 0.2852    map@50 : 0.2899
Sun 15 Mar 2026 12:10:38 INFO  Running E-step ! 
Sun 15 Mar 2026 12:10:38 INFO  epoch 197 training [time: 0.16s, train_loss1: 1.9323, train_loss2: 0.0317, train_loss3: 0.0109, train_loss4: 0.0017]
Sun 15 Mar 2026 12:10:38 INFO  epoch 197 evaluating [time: 0.14s, valid_score: 0.350900]
Sun 15 Mar 2026 12:10:38 INFO  valid result: 
recall@1 : 0.1477    recall@2 : 0.2271    recall@3 : 0.2879    recall@4 : 0.3345    recall@5 : 0.3738    recall@10 : 0.5056    recall@20 : 0.6478    recall@30 : 0.7073    recall@50 : 0.7919    ndcg@1 : 0.2324    ndcg@2 : 0.2537    ndcg@3 : 0.2745    ndcg@4 : 0.2904    ndcg@5 : 0.3045    ndcg@10 : 0.3509    ndcg@20 : 0.3937    ndcg@30 : 0.4104    ndcg@50 : 0.4306    precision@1 : 0.2324    precision@2 : 0.1904    precision@3 : 0.1669    precision@4 : 0.1479    precision@5 : 0.1341    precision@10 : 0.0951    precision@20 : 0.0642    precision@30 : 0.0486    precision@50 : 0.0337    map@1 : 0.2324    map@2 : 0.2263    map@3 : 0.2334    map@4 : 0.2399    map@5 : 0.2456    map@10 : 0.2654    map@20 : 0.2801    map@30 : 0.2855    map@50 : 0.2902
Sun 15 Mar 2026 12:10:38 INFO  Saving current: saved/SCL-Mar-15-2026_12-09-30.pth
Sun 15 Mar 2026 12:10:38 INFO  Saving current best: saved/SCL-Mar-15-2026_12-09-30.pth
Sun 15 Mar 2026 12:10:38 INFO  Running E-step ! 
Sun 15 Mar 2026 12:10:38 INFO  epoch 198 training [time: 0.17s, train_loss1: 1.9251, train_loss2: 0.0316, train_loss3: 0.0109, train_loss4: 0.0017]
Sun 15 Mar 2026 12:10:38 INFO  epoch 198 evaluating [time: 0.14s, valid_score: 0.351100]
Sun 15 Mar 2026 12:10:38 INFO  valid result: 
recall@1 : 0.1461    recall@2 : 0.2281    recall@3 : 0.2883    recall@4 : 0.3351    recall@5 : 0.3762    recall@10 : 0.507    recall@20 : 0.6476    recall@30 : 0.7076    recall@50 : 0.7921    ndcg@1 : 0.2306    ndcg@2 : 0.2535    ndcg@3 : 0.2742    ndcg@4 : 0.2902    ndcg@5 : 0.3051    ndcg@10 : 0.3511    ndcg@20 : 0.3934    ndcg@30 : 0.4103    ndcg@50 : 0.4305    precision@1 : 0.2306    precision@2 : 0.1907    precision@3 : 0.1673    precision@4 : 0.1482    precision@5 : 0.1348    precision@10 : 0.0952    precision@20 : 0.0641    precision@30 : 0.0487    precision@50 : 0.0337    map@1 : 0.2306    map@2 : 0.226    map@3 : 0.2328    map@4 : 0.2393    map@5 : 0.2456    map@10 : 0.2652    map@20 : 0.2798    map@30 : 0.2851    map@50 : 0.2899
Sun 15 Mar 2026 12:10:38 INFO  Saving current: saved/SCL-Mar-15-2026_12-09-30.pth
Sun 15 Mar 2026 12:10:38 INFO  Saving current best: saved/SCL-Mar-15-2026_12-09-30.pth
Sun 15 Mar 2026 12:10:38 INFO  Running E-step ! 
Sun 15 Mar 2026 12:10:39 INFO  epoch 199 training [time: 0.19s, train_loss1: 1.9031, train_loss2: 0.0315, train_loss3: 0.0109, train_loss4: 0.0017]
Sun 15 Mar 2026 12:10:39 INFO  epoch 199 evaluating [time: 0.14s, valid_score: 0.351500]
Sun 15 Mar 2026 12:10:39 INFO  valid result: 
recall@1 : 0.1462    recall@2 : 0.2295    recall@3 : 0.2881    recall@4 : 0.336    recall@5 : 0.3771    recall@10 : 0.5069    recall@20 : 0.6463    recall@30 : 0.7077    recall@50 : 0.7909    ndcg@1 : 0.2312    ndcg@2 : 0.2546    ndcg@3 : 0.2742    ndcg@4 : 0.2909    ndcg@5 : 0.3057    ndcg@10 : 0.3515    ndcg@20 : 0.3934    ndcg@30 : 0.4106    ndcg@50 : 0.4305    precision@1 : 0.2312    precision@2 : 0.1916    precision@3 : 0.1669    precision@4 : 0.1487    precision@5 : 0.1348    precision@10 : 0.0954    precision@20 : 0.064    precision@30 : 0.0487    precision@50 : 0.0336    map@1 : 0.2312    map@2 : 0.2268    map@3 : 0.233    map@4 : 0.2397    map@5 : 0.2459    map@10 : 0.2655    map@20 : 0.28    map@30 : 0.2854    map@50 : 0.2901
Sun 15 Mar 2026 12:10:39 INFO  Saving current: saved/SCL-Mar-15-2026_12-09-30.pth
Sun 15 Mar 2026 12:10:39 INFO  Saving current best: saved/SCL-Mar-15-2026_12-09-30.pth
Sun 15 Mar 2026 12:10:39 INFO  Running E-step ! 
Sun 15 Mar 2026 12:10:39 INFO  epoch 200 training [time: 0.17s, train_loss1: 1.9216, train_loss2: 0.0314, train_loss3: 0.0109, train_loss4: 0.0017]
Sun 15 Mar 2026 12:10:39 INFO  epoch 200 evaluating [time: 0.14s, valid_score: 0.351800]
Sun 15 Mar 2026 12:10:39 INFO  valid result: 
recall@1 : 0.1467    recall@2 : 0.2294    recall@3 : 0.2858    recall@4 : 0.3352    recall@5 : 0.377    recall@10 : 0.5078    recall@20 : 0.6456    recall@30 : 0.7075    recall@50 : 0.7915    ndcg@1 : 0.2324    ndcg@2 : 0.2549    ndcg@3 : 0.2733    ndcg@4 : 0.2907    ndcg@5 : 0.3056    ndcg@10 : 0.3518    ndcg@20 : 0.3933    ndcg@30 : 0.4107    ndcg@50 : 0.4307    precision@1 : 0.2324    precision@2 : 0.1916    precision@3 : 0.1661    precision@4 : 0.1485    precision@5 : 0.1347    precision@10 : 0.0955    precision@20 : 0.064    precision@30 : 0.0487    precision@50 : 0.0336    map@1 : 0.2324    map@2 : 0.2271    map@3 : 0.2324    map@4 : 0.2396    map@5 : 0.2459    map@10 : 0.2656    map@20 : 0.28    map@30 : 0.2855    map@50 : 0.2902
Sun 15 Mar 2026 12:10:39 INFO  Saving current: saved/SCL-Mar-15-2026_12-09-30.pth
Sun 15 Mar 2026 12:10:39 INFO  Saving current best: saved/SCL-Mar-15-2026_12-09-30.pth
Sun 15 Mar 2026 12:10:39 INFO  Running E-step ! 
Sun 15 Mar 2026 12:10:39 INFO  epoch 201 training [time: 0.17s, train_loss1: 1.8979, train_loss2: 0.0314, train_loss3: 0.0109, train_loss4: 0.0017]
Sun 15 Mar 2026 12:10:39 INFO  epoch 201 evaluating [time: 0.14s, valid_score: 0.352200]
Sun 15 Mar 2026 12:10:39 INFO  valid result: 
recall@1 : 0.1469    recall@2 : 0.2294    recall@3 : 0.2861    recall@4 : 0.3348    recall@5 : 0.3776    recall@10 : 0.5088    recall@20 : 0.6444    recall@30 : 0.7077    recall@50 : 0.7916    ndcg@1 : 0.2324    ndcg@2 : 0.255    ndcg@3 : 0.2733    ndcg@4 : 0.2906    ndcg@5 : 0.3059    ndcg@10 : 0.3522    ndcg@20 : 0.3931    ndcg@30 : 0.4108    ndcg@50 : 0.4309    precision@1 : 0.2324    precision@2 : 0.1916    precision@3 : 0.1659    precision@4 : 0.1484    precision@5 : 0.1348    precision@10 : 0.0957    precision@20 : 0.0639    precision@30 : 0.0487    precision@50 : 0.0336    map@1 : 0.2324    map@2 : 0.2272    map@3 : 0.2325    map@4 : 0.2397    map@5 : 0.2462    map@10 : 0.2659    map@20 : 0.2801    map@30 : 0.2857    map@50 : 0.2904
Sun 15 Mar 2026 12:10:39 INFO  Saving current: saved/SCL-Mar-15-2026_12-09-30.pth
Sun 15 Mar 2026 12:10:39 INFO  Saving current best: saved/SCL-Mar-15-2026_12-09-30.pth
Sun 15 Mar 2026 12:10:39 INFO  Running E-step ! 
Sun 15 Mar 2026 12:10:40 INFO  epoch 202 training [time: 0.20s, train_loss1: 1.8760, train_loss2: 0.0313, train_loss3: 0.0109, train_loss4: 0.0017]
Sun 15 Mar 2026 12:10:40 INFO  epoch 202 evaluating [time: 0.14s, valid_score: 0.352600]
Sun 15 Mar 2026 12:10:40 INFO  valid result: 
recall@1 : 0.1474    recall@2 : 0.2286    recall@3 : 0.2863    recall@4 : 0.3343    recall@5 : 0.3781    recall@10 : 0.5096    recall@20 : 0.6446    recall@30 : 0.7084    recall@50 : 0.7912    ndcg@1 : 0.2336    ndcg@2 : 0.2547    ndcg@3 : 0.2737    ndcg@4 : 0.2906    ndcg@5 : 0.3063    ndcg@10 : 0.3526    ndcg@20 : 0.3934    ndcg@30 : 0.4112    ndcg@50 : 0.431    precision@1 : 0.2336    precision@2 : 0.191    precision@3 : 0.1665    precision@4 : 0.1484    precision@5 : 0.1349    precision@10 : 0.0958    precision@20 : 0.0639    precision@30 : 0.0488    precision@50 : 0.0336    map@1 : 0.2336    map@2 : 0.2271    map@3 : 0.2328    map@4 : 0.2397    map@5 : 0.2464    map@10 : 0.2661    map@20 : 0.2803    map@30 : 0.2859    map@50 : 0.2905
Sun 15 Mar 2026 12:10:40 INFO  Saving current: saved/SCL-Mar-15-2026_12-09-30.pth
Sun 15 Mar 2026 12:10:40 INFO  Saving current best: saved/SCL-Mar-15-2026_12-09-30.pth
Sun 15 Mar 2026 12:10:40 INFO  Running E-step ! 
Sun 15 Mar 2026 12:10:40 INFO  epoch 203 training [time: 0.19s, train_loss1: 1.8862, train_loss2: 0.0312, train_loss3: 0.0109, train_loss4: 0.0017]
Sun 15 Mar 2026 12:10:40 INFO  epoch 203 evaluating [time: 0.25s, valid_score: 0.352800]
Sun 15 Mar 2026 12:10:40 INFO  valid result: 
recall@1 : 0.1479    recall@2 : 0.2286    recall@3 : 0.2859    recall@4 : 0.3348    recall@5 : 0.3781    recall@10 : 0.5098    recall@20 : 0.6445    recall@30 : 0.708    recall@50 : 0.791    ndcg@1 : 0.2342    ndcg@2 : 0.2549    ndcg@3 : 0.2737    ndcg@4 : 0.2908    ndcg@5 : 0.3064    ndcg@10 : 0.3528    ndcg@20 : 0.3935    ndcg@30 : 0.4113    ndcg@50 : 0.4312    precision@1 : 0.2342    precision@2 : 0.191    precision@3 : 0.1663    precision@4 : 0.1482    precision@5 : 0.1347    precision@10 : 0.0958    precision@20 : 0.0639    precision@30 : 0.0487    precision@50 : 0.0336    map@1 : 0.2342    map@2 : 0.2274    map@3 : 0.233    map@4 : 0.2398    map@5 : 0.2465    map@10 : 0.2663    map@20 : 0.2805    map@30 : 0.2861    map@50 : 0.2907
Sun 15 Mar 2026 12:10:40 INFO  Saving current: saved/SCL-Mar-15-2026_12-09-30.pth
Sun 15 Mar 2026 12:10:40 INFO  Saving current best: saved/SCL-Mar-15-2026_12-09-30.pth
Sun 15 Mar 2026 12:10:40 INFO  Running E-step ! 
Sun 15 Mar 2026 12:10:40 INFO  epoch 204 training [time: 0.18s, train_loss1: 1.8402, train_loss2: 0.0312, train_loss3: 0.0109, train_loss4: 0.0017]
Sun 15 Mar 2026 12:10:41 INFO  epoch 204 evaluating [time: 0.14s, valid_score: 0.353100]
Sun 15 Mar 2026 12:10:41 INFO  valid result: 
recall@1 : 0.1477    recall@2 : 0.2284    recall@3 : 0.2875    recall@4 : 0.3348    recall@5 : 0.3782    recall@10 : 0.5108    recall@20 : 0.6443    recall@30 : 0.7089    recall@50 : 0.7916    ndcg@1 : 0.2324    ndcg@2 : 0.2541    ndcg@3 : 0.2743    ndcg@4 : 0.2906    ndcg@5 : 0.3062    ndcg@10 : 0.3531    ndcg@20 : 0.3935    ndcg@30 : 0.4114    ndcg@50 : 0.4312    precision@1 : 0.2324    precision@2 : 0.1904    precision@3 : 0.1669    precision@4 : 0.1482    precision@5 : 0.1346    precision@10 : 0.0961    precision@20 : 0.064    precision@30 : 0.0488    precision@50 : 0.0337    map@1 : 0.2324    map@2 : 0.2265    map@3 : 0.2331    map@4 : 0.2397    map@5 : 0.2464    map@10 : 0.2665    map@20 : 0.2805    map@30 : 0.2861    map@50 : 0.2908
Sun 15 Mar 2026 12:10:41 INFO  Saving current: saved/SCL-Mar-15-2026_12-09-30.pth
Sun 15 Mar 2026 12:10:41 INFO  Saving current best: saved/SCL-Mar-15-2026_12-09-30.pth
Sun 15 Mar 2026 12:10:41 INFO  Running E-step ! 
Sun 15 Mar 2026 12:10:41 INFO  epoch 205 training [time: 0.19s, train_loss1: 1.8545, train_loss2: 0.0312, train_loss3: 0.0109, train_loss4: 0.0017]
Sun 15 Mar 2026 12:10:41 INFO  epoch 205 evaluating [time: 0.14s, valid_score: 0.352400]
Sun 15 Mar 2026 12:10:41 INFO  valid result: 
recall@1 : 0.1467    recall@2 : 0.2282    recall@3 : 0.2872    recall@4 : 0.3346    recall@5 : 0.3787    recall@10 : 0.5099    recall@20 : 0.6444    recall@30 : 0.7091    recall@50 : 0.791    ndcg@1 : 0.2312    ndcg@2 : 0.2529    ndcg@3 : 0.2735    ndcg@4 : 0.29    ndcg@5 : 0.3059    ndcg@10 : 0.3524    ndcg@20 : 0.3931    ndcg@30 : 0.4111    ndcg@50 : 0.4307    precision@1 : 0.2312    precision@2 : 0.1892    precision@3 : 0.1665    precision@4 : 0.1481    precision@5 : 0.1347    precision@10 : 0.0959    precision@20 : 0.064    precision@30 : 0.0488    precision@50 : 0.0336    map@1 : 0.2312    map@2 : 0.2251    map@3 : 0.2322    map@4 : 0.2389    map@5 : 0.2458    map@10 : 0.2658    map@20 : 0.28    map@30 : 0.2856    map@50 : 0.2902
Sun 15 Mar 2026 12:10:41 INFO  Running E-step ! 
Sun 15 Mar 2026 12:10:41 INFO  epoch 206 training [time: 0.19s, train_loss1: 1.8645, train_loss2: 0.0311, train_loss3: 0.0109, train_loss4: 0.0017]
Sun 15 Mar 2026 12:10:41 INFO  epoch 206 evaluating [time: 0.14s, valid_score: 0.352100]
Sun 15 Mar 2026 12:10:41 INFO  valid result: 
recall@1 : 0.1457    recall@2 : 0.2285    recall@3 : 0.2859    recall@4 : 0.3354    recall@5 : 0.3781    recall@10 : 0.5103    recall@20 : 0.6446    recall@30 : 0.7092    recall@50 : 0.7925    ndcg@1 : 0.2288    ndcg@2 : 0.2529    ndcg@3 : 0.2723    ndcg@4 : 0.29    ndcg@5 : 0.3053    ndcg@10 : 0.3521    ndcg@20 : 0.3927    ndcg@30 : 0.4107    ndcg@50 : 0.4306    precision@1 : 0.2288    precision@2 : 0.1901    precision@3 : 0.1659    precision@4 : 0.1487    precision@5 : 0.1347    precision@10 : 0.0961    precision@20 : 0.064    precision@30 : 0.0489    precision@50 : 0.0337    map@1 : 0.2288    map@2 : 0.2253    map@3 : 0.2313    map@4 : 0.2387    map@5 : 0.2453    map@10 : 0.2654    map@20 : 0.2795    map@30 : 0.2852    map@50 : 0.2898
Sun 15 Mar 2026 12:10:41 INFO  Running E-step ! 
Sun 15 Mar 2026 12:10:41 INFO  epoch 207 training [time: 0.18s, train_loss1: 1.8691, train_loss2: 0.0310, train_loss3: 0.0109, train_loss4: 0.0017]
Sun 15 Mar 2026 12:10:42 INFO  epoch 207 evaluating [time: 0.14s, valid_score: 0.352500]
Sun 15 Mar 2026 12:10:42 INFO  valid result: 
recall@1 : 0.1461    recall@2 : 0.2291    recall@3 : 0.2867    recall@4 : 0.335    recall@5 : 0.3781    recall@10 : 0.5105    recall@20 : 0.6447    recall@30 : 0.7094    recall@50 : 0.7926    ndcg@1 : 0.2288    ndcg@2 : 0.2532    ndcg@3 : 0.273    ndcg@4 : 0.29    ndcg@5 : 0.3055    ndcg@10 : 0.3525    ndcg@20 : 0.393    ndcg@30 : 0.411    ndcg@50 : 0.4309    precision@1 : 0.2288    precision@2 : 0.1901    precision@3 : 0.1665    precision@4 : 0.1484    precision@5 : 0.1347    precision@10 : 0.0962    precision@20 : 0.0641    precision@30 : 0.0488    precision@50 : 0.0337    map@1 : 0.2288    map@2 : 0.2256    map@3 : 0.232    map@4 : 0.239    map@5 : 0.2457    map@10 : 0.2659    map@20 : 0.28    map@30 : 0.2856    map@50 : 0.2903
Sun 15 Mar 2026 12:10:42 INFO  Running E-step ! 
Sun 15 Mar 2026 12:10:42 INFO  epoch 208 training [time: 0.19s, train_loss1: 1.8717, train_loss2: 0.0310, train_loss3: 0.0109, train_loss4: 0.0017]
Sun 15 Mar 2026 12:10:42 INFO  epoch 208 evaluating [time: 0.14s, valid_score: 0.353200]
Sun 15 Mar 2026 12:10:42 INFO  valid result: 
recall@1 : 0.1482    recall@2 : 0.2289    recall@3 : 0.2862    recall@4 : 0.3343    recall@5 : 0.3788    recall@10 : 0.5106    recall@20 : 0.6452    recall@30 : 0.7103    recall@50 : 0.7921    ndcg@1 : 0.2312    ndcg@2 : 0.2537    ndcg@3 : 0.2734    ndcg@4 : 0.2904    ndcg@5 : 0.3064    ndcg@10 : 0.3532    ndcg@20 : 0.3938    ndcg@30 : 0.4119    ndcg@50 : 0.4315    precision@1 : 0.2312    precision@2 : 0.1898    precision@3 : 0.1663    precision@4 : 0.1482    precision@5 : 0.1347    precision@10 : 0.0961    precision@20 : 0.064    precision@30 : 0.0489    precision@50 : 0.0337    map@1 : 0.2312    map@2 : 0.2263    map@3 : 0.2328    map@4 : 0.2397    map@5 : 0.2467    map@10 : 0.2668    map@20 : 0.2809    map@30 : 0.2866    map@50 : 0.2912
Sun 15 Mar 2026 12:10:42 INFO  Saving current: saved/SCL-Mar-15-2026_12-09-30.pth
Sun 15 Mar 2026 12:10:42 INFO  Saving current best: saved/SCL-Mar-15-2026_12-09-30.pth
Sun 15 Mar 2026 12:10:42 INFO  Running E-step ! 
Sun 15 Mar 2026 12:10:42 INFO  epoch 209 training [time: 0.19s, train_loss1: 1.8308, train_loss2: 0.0309, train_loss3: 0.0109, train_loss4: 0.0017]
Sun 15 Mar 2026 12:10:42 INFO  epoch 209 evaluating [time: 0.14s, valid_score: 0.353700]
Sun 15 Mar 2026 12:10:42 INFO  valid result: 
recall@1 : 0.1479    recall@2 : 0.2283    recall@3 : 0.2865    recall@4 : 0.3351    recall@5 : 0.3788    recall@10 : 0.5125    recall@20 : 0.6436    recall@30 : 0.7095    recall@50 : 0.7928    ndcg@1 : 0.2312    ndcg@2 : 0.2532    ndcg@3 : 0.2735    ndcg@4 : 0.2905    ndcg@5 : 0.3064    ndcg@10 : 0.3537    ndcg@20 : 0.3933    ndcg@30 : 0.4118    ndcg@50 : 0.4317    precision@1 : 0.2312    precision@2 : 0.1892    precision@3 : 0.1667    precision@4 : 0.1482    precision@5 : 0.1348    precision@10 : 0.0964    precision@20 : 0.0639    precision@30 : 0.0489    precision@50 : 0.0337    map@1 : 0.2312    map@2 : 0.2259    map@3 : 0.2326    map@4 : 0.2396    map@5 : 0.2467    map@10 : 0.2669    map@20 : 0.2807    map@30 : 0.2865    map@50 : 0.2912
Sun 15 Mar 2026 12:10:42 INFO  Saving current: saved/SCL-Mar-15-2026_12-09-30.pth
Sun 15 Mar 2026 12:10:42 INFO  Saving current best: saved/SCL-Mar-15-2026_12-09-30.pth
Sun 15 Mar 2026 12:10:42 INFO  Running E-step ! 
Sun 15 Mar 2026 12:10:42 INFO  epoch 210 training [time: 0.18s, train_loss1: 1.8548, train_loss2: 0.0308, train_loss3: 0.0109, train_loss4: 0.0017]
Sun 15 Mar 2026 12:10:43 INFO  epoch 210 evaluating [time: 0.14s, valid_score: 0.354100]
Sun 15 Mar 2026 12:10:43 INFO  valid result: 
recall@1 : 0.1488    recall@2 : 0.2282    recall@3 : 0.2871    recall@4 : 0.3363    recall@5 : 0.3788    recall@10 : 0.5124    recall@20 : 0.642    recall@30 : 0.7097    recall@50 : 0.7928    ndcg@1 : 0.2324    ndcg@2 : 0.2535    ndcg@3 : 0.2743    ndcg@4 : 0.2915    ndcg@5 : 0.3068    ndcg@10 : 0.3541    ndcg@20 : 0.3933    ndcg@30 : 0.4122    ndcg@50 : 0.4321    precision@1 : 0.2324    precision@2 : 0.1892    precision@3 : 0.1671    precision@4 : 0.1485    precision@5 : 0.1348    precision@10 : 0.0963    precision@20 : 0.0637    precision@30 : 0.0488    precision@50 : 0.0337    map@1 : 0.2324    map@2 : 0.2263    map@3 : 0.2333    map@4 : 0.2405    map@5 : 0.2472    map@10 : 0.2674    map@20 : 0.2811    map@30 : 0.287    map@50 : 0.2917
Sun 15 Mar 2026 12:10:43 INFO  Saving current: saved/SCL-Mar-15-2026_12-09-30.pth
Sun 15 Mar 2026 12:10:43 INFO  Saving current best: saved/SCL-Mar-15-2026_12-09-30.pth
Sun 15 Mar 2026 12:10:43 INFO  Running E-step ! 
Sun 15 Mar 2026 12:10:43 INFO  epoch 211 training [time: 0.19s, train_loss1: 1.8450, train_loss2: 0.0308, train_loss3: 0.0109, train_loss4: 0.0017]
Sun 15 Mar 2026 12:10:43 INFO  epoch 211 evaluating [time: 0.14s, valid_score: 0.354000]
Sun 15 Mar 2026 12:10:43 INFO  valid result: 
recall@1 : 0.1486    recall@2 : 0.2286    recall@3 : 0.2868    recall@4 : 0.3361    recall@5 : 0.3795    recall@10 : 0.512    recall@20 : 0.6426    recall@30 : 0.7098    recall@50 : 0.7929    ndcg@1 : 0.2318    ndcg@2 : 0.2539    ndcg@3 : 0.2742    ndcg@4 : 0.2914    ndcg@5 : 0.3071    ndcg@10 : 0.354    ndcg@20 : 0.3936    ndcg@30 : 0.4122    ndcg@50 : 0.4321    precision@1 : 0.2318    precision@2 : 0.1898    precision@3 : 0.1671    precision@4 : 0.1487    precision@5 : 0.1352    precision@10 : 0.0963    precision@20 : 0.0638    precision@30 : 0.0488    precision@50 : 0.0337    map@1 : 0.2318    map@2 : 0.2265    map@3 : 0.2332    map@4 : 0.2404    map@5 : 0.2473    map@10 : 0.2673    map@20 : 0.2811    map@30 : 0.287    map@50 : 0.2917
Sun 15 Mar 2026 12:10:43 INFO  Running E-step ! 
Sun 15 Mar 2026 12:10:43 INFO  epoch 212 training [time: 0.19s, train_loss1: 1.7986, train_loss2: 0.0307, train_loss3: 0.0109, train_loss4: 0.0017]
Sun 15 Mar 2026 12:10:43 INFO  epoch 212 evaluating [time: 0.14s, valid_score: 0.354500]
Sun 15 Mar 2026 12:10:43 INFO  valid result: 
recall@1 : 0.1492    recall@2 : 0.2317    recall@3 : 0.2867    recall@4 : 0.3372    recall@5 : 0.3796    recall@10 : 0.5115    recall@20 : 0.6435    recall@30 : 0.7095    recall@50 : 0.7927    ndcg@1 : 0.2318    ndcg@2 : 0.2564    ndcg@3 : 0.2748    ndcg@4 : 0.2927    ndcg@5 : 0.3078    ndcg@10 : 0.3545    ndcg@20 : 0.3946    ndcg@30 : 0.4128    ndcg@50 : 0.4328    precision@1 : 0.2318    precision@2 : 0.1922    precision@3 : 0.1671    precision@4 : 0.1493    precision@5 : 0.1352    precision@10 : 0.0962    precision@20 : 0.064    precision@30 : 0.0488    precision@50 : 0.0337    map@1 : 0.2318    map@2 : 0.2287    map@3 : 0.234    map@4 : 0.2417    map@5 : 0.2482    map@10 : 0.2681    map@20 : 0.2822    map@30 : 0.2879    map@50 : 0.2926
Sun 15 Mar 2026 12:10:43 INFO  Saving current: saved/SCL-Mar-15-2026_12-09-30.pth
Sun 15 Mar 2026 12:10:43 INFO  Saving current best: saved/SCL-Mar-15-2026_12-09-30.pth
Sun 15 Mar 2026 12:10:43 INFO  Running E-step ! 
Sun 15 Mar 2026 12:10:43 INFO  epoch 213 training [time: 0.18s, train_loss1: 1.8461, train_loss2: 0.0306, train_loss3: 0.0109, train_loss4: 0.0017]
Sun 15 Mar 2026 12:10:44 INFO  epoch 213 evaluating [time: 0.14s, valid_score: 0.354700]
Sun 15 Mar 2026 12:10:44 INFO  valid result: 
recall@1 : 0.1483    recall@2 : 0.2326    recall@3 : 0.2862    recall@4 : 0.3384    recall@5 : 0.3793    recall@10 : 0.5129    recall@20 : 0.6435    recall@30 : 0.7101    recall@50 : 0.7928    ndcg@1 : 0.2306    ndcg@2 : 0.2565    ndcg@3 : 0.274    ndcg@4 : 0.2929    ndcg@5 : 0.3074    ndcg@10 : 0.3547    ndcg@20 : 0.3944    ndcg@30 : 0.4128    ndcg@50 : 0.4326    precision@1 : 0.2306    precision@2 : 0.1925    precision@3 : 0.1665    precision@4 : 0.1496    precision@5 : 0.1352    precision@10 : 0.0963    precision@20 : 0.064    precision@30 : 0.0488    precision@50 : 0.0337    map@1 : 0.2306    map@2 : 0.2284    map@3 : 0.2332    map@4 : 0.2415    map@5 : 0.2479    map@10 : 0.268    map@20 : 0.2819    map@30 : 0.2876    map@50 : 0.2923
Sun 15 Mar 2026 12:10:44 INFO  Saving current: saved/SCL-Mar-15-2026_12-09-30.pth
Sun 15 Mar 2026 12:10:44 INFO  Saving current best: saved/SCL-Mar-15-2026_12-09-30.pth
Sun 15 Mar 2026 12:10:44 INFO  Running E-step ! 
Sun 15 Mar 2026 12:10:44 INFO  epoch 214 training [time: 0.19s, train_loss1: 1.8417, train_loss2: 0.0306, train_loss3: 0.0109, train_loss4: 0.0017]
Sun 15 Mar 2026 12:10:44 INFO  epoch 214 evaluating [time: 0.14s, valid_score: 0.354600]
Sun 15 Mar 2026 12:10:44 INFO  valid result: 
recall@1 : 0.1482    recall@2 : 0.2329    recall@3 : 0.2876    recall@4 : 0.3384    recall@5 : 0.3787    recall@10 : 0.5123    recall@20 : 0.6441    recall@30 : 0.7099    recall@50 : 0.793    ndcg@1 : 0.23    ndcg@2 : 0.2566    ndcg@3 : 0.2747    ndcg@4 : 0.2929    ndcg@5 : 0.3074    ndcg@10 : 0.3546    ndcg@20 : 0.3947    ndcg@30 : 0.4128    ndcg@50 : 0.4328    precision@1 : 0.23    precision@2 : 0.1928    precision@3 : 0.1671    precision@4 : 0.1494    precision@5 : 0.1353    precision@10 : 0.0962    precision@20 : 0.0641    precision@30 : 0.0488    precision@50 : 0.0337    map@1 : 0.23    map@2 : 0.2285    map@3 : 0.2337    map@4 : 0.2415    map@5 : 0.248    map@10 : 0.268    map@20 : 0.2821    map@30 : 0.2877    map@50 : 0.2925
Sun 15 Mar 2026 12:10:44 INFO  Running E-step ! 
Sun 15 Mar 2026 12:10:44 INFO  epoch 215 training [time: 0.18s, train_loss1: 1.8167, train_loss2: 0.0305, train_loss3: 0.0109, train_loss4: 0.0017]
Sun 15 Mar 2026 12:10:44 INFO  epoch 215 evaluating [time: 0.14s, valid_score: 0.355000]
Sun 15 Mar 2026 12:10:44 INFO  valid result: 
recall@1 : 0.148    recall@2 : 0.2327    recall@3 : 0.2887    recall@4 : 0.3401    recall@5 : 0.3794    recall@10 : 0.5131    recall@20 : 0.6452    recall@30 : 0.7097    recall@50 : 0.7932    ndcg@1 : 0.2294    ndcg@2 : 0.2566    ndcg@3 : 0.2749    ndcg@4 : 0.2936    ndcg@5 : 0.3077    ndcg@10 : 0.355    ndcg@20 : 0.3951    ndcg@30 : 0.4129    ndcg@50 : 0.433    precision@1 : 0.2294    precision@2 : 0.1931    precision@3 : 0.1671    precision@4 : 0.15    precision@5 : 0.1355    precision@10 : 0.0964    precision@20 : 0.0642    precision@30 : 0.0488    precision@50 : 0.0337    map@1 : 0.2294    map@2 : 0.2285    map@3 : 0.2335    map@4 : 0.2419    map@5 : 0.2481    map@10 : 0.2683    map@20 : 0.2824    map@30 : 0.2879    map@50 : 0.2927
Sun 15 Mar 2026 12:10:44 INFO  Saving current: saved/SCL-Mar-15-2026_12-09-30.pth
Sun 15 Mar 2026 12:10:44 INFO  Saving current best: saved/SCL-Mar-15-2026_12-09-30.pth
Sun 15 Mar 2026 12:10:44 INFO  Running E-step ! 
Sun 15 Mar 2026 12:10:44 INFO  epoch 216 training [time: 0.17s, train_loss1: 1.7998, train_loss2: 0.0304, train_loss3: 0.0109, train_loss4: 0.0017]
Sun 15 Mar 2026 12:10:45 INFO  epoch 216 evaluating [time: 0.14s, valid_score: 0.355300]
Sun 15 Mar 2026 12:10:45 INFO  valid result: 
recall@1 : 0.1493    recall@2 : 0.2327    recall@3 : 0.2886    recall@4 : 0.3404    recall@5 : 0.3812    recall@10 : 0.5123    recall@20 : 0.6452    recall@30 : 0.7096    recall@50 : 0.7941    ndcg@1 : 0.2312    ndcg@2 : 0.2572    ndcg@3 : 0.2754    ndcg@4 : 0.2942    ndcg@5 : 0.3089    ndcg@10 : 0.3553    ndcg@20 : 0.3957    ndcg@30 : 0.4134    ndcg@50 : 0.4337    precision@1 : 0.2312    precision@2 : 0.1931    precision@3 : 0.1669    precision@4 : 0.15    precision@5 : 0.1359    precision@10 : 0.0962    precision@20 : 0.0642    precision@30 : 0.0487    precision@50 : 0.0337    map@1 : 0.2312    map@2 : 0.2293    map@3 : 0.2342    map@4 : 0.2426    map@5 : 0.2492    map@10 : 0.2689    map@20 : 0.2832    map@30 : 0.2886    map@50 : 0.2935
Sun 15 Mar 2026 12:10:45 INFO  Saving current: saved/SCL-Mar-15-2026_12-09-30.pth
Sun 15 Mar 2026 12:10:45 INFO  Saving current best: saved/SCL-Mar-15-2026_12-09-30.pth
Sun 15 Mar 2026 12:10:45 INFO  Running E-step ! 
Sun 15 Mar 2026 12:10:45 INFO  epoch 217 training [time: 0.17s, train_loss1: 1.8193, train_loss2: 0.0304, train_loss3: 0.0109, train_loss4: 0.0017]
Sun 15 Mar 2026 12:10:45 INFO  epoch 217 evaluating [time: 0.14s, valid_score: 0.355100]
Sun 15 Mar 2026 12:10:45 INFO  valid result: 
recall@1 : 0.1489    recall@2 : 0.2323    recall@3 : 0.2886    recall@4 : 0.3394    recall@5 : 0.3803    recall@10 : 0.5126    recall@20 : 0.6449    recall@30 : 0.7095    recall@50 : 0.7925    ndcg@1 : 0.2312    ndcg@2 : 0.2569    ndcg@3 : 0.2752    ndcg@4 : 0.2934    ndcg@5 : 0.3083    ndcg@10 : 0.3551    ndcg@20 : 0.3953    ndcg@30 : 0.4131    ndcg@50 : 0.4331    precision@1 : 0.2312    precision@2 : 0.1928    precision@3 : 0.1669    precision@4 : 0.1494    precision@5 : 0.1355    precision@10 : 0.0963    precision@20 : 0.0642    precision@30 : 0.0487    precision@50 : 0.0337    map@1 : 0.2312    map@2 : 0.229    map@3 : 0.2339    map@4 : 0.2421    map@5 : 0.2486    map@10 : 0.2686    map@20 : 0.2828    map@30 : 0.2882    map@50 : 0.2931
Sun 15 Mar 2026 12:10:45 INFO  Running E-step ! 
Sun 15 Mar 2026 12:10:45 INFO  epoch 218 training [time: 0.17s, train_loss1: 1.7852, train_loss2: 0.0303, train_loss3: 0.0109, train_loss4: 0.0017]
Sun 15 Mar 2026 12:10:45 INFO  epoch 218 evaluating [time: 0.14s, valid_score: 0.355200]
Sun 15 Mar 2026 12:10:45 INFO  valid result: 
recall@1 : 0.1488    recall@2 : 0.2329    recall@3 : 0.2881    recall@4 : 0.3392    recall@5 : 0.3808    recall@10 : 0.5128    recall@20 : 0.6464    recall@30 : 0.7095    recall@50 : 0.7925    ndcg@1 : 0.2318    ndcg@2 : 0.2573    ndcg@3 : 0.2751    ndcg@4 : 0.2934    ndcg@5 : 0.3085    ndcg@10 : 0.3552    ndcg@20 : 0.3958    ndcg@30 : 0.4132    ndcg@50 : 0.4332    precision@1 : 0.2318    precision@2 : 0.1931    precision@3 : 0.1667    precision@4 : 0.1494    precision@5 : 0.1355    precision@10 : 0.0963    precision@20 : 0.0644    precision@30 : 0.0487    precision@50 : 0.0337    map@1 : 0.2318    map@2 : 0.2294    map@3 : 0.2339    map@4 : 0.2422    map@5 : 0.2487    map@10 : 0.2686    map@20 : 0.2829    map@30 : 0.2883    map@50 : 0.2931
Sun 15 Mar 2026 12:10:45 INFO  Running E-step ! 
Sun 15 Mar 2026 12:10:45 INFO  epoch 219 training [time: 0.17s, train_loss1: 1.7802, train_loss2: 0.0302, train_loss3: 0.0109, train_loss4: 0.0017]
Sun 15 Mar 2026 12:10:46 INFO  epoch 219 evaluating [time: 0.14s, valid_score: 0.355400]
Sun 15 Mar 2026 12:10:46 INFO  valid result: 
recall@1 : 0.1486    recall@2 : 0.2328    recall@3 : 0.288    recall@4 : 0.3398    recall@5 : 0.382    recall@10 : 0.5135    recall@20 : 0.6463    recall@30 : 0.7102    recall@50 : 0.7934    ndcg@1 : 0.2312    ndcg@2 : 0.2569    ndcg@3 : 0.2748    ndcg@4 : 0.2936    ndcg@5 : 0.3088    ndcg@10 : 0.3554    ndcg@20 : 0.3957    ndcg@30 : 0.4134    ndcg@50 : 0.4334    precision@1 : 0.2312    precision@2 : 0.1928    precision@3 : 0.1665    precision@4 : 0.1496    precision@5 : 0.1358    precision@10 : 0.0964    precision@20 : 0.0643    precision@30 : 0.0488    precision@50 : 0.0337    map@1 : 0.2312    map@2 : 0.2291    map@3 : 0.2335    map@4 : 0.2422    map@5 : 0.2487    map@10 : 0.2687    map@20 : 0.2829    map@30 : 0.2884    map@50 : 0.2932
Sun 15 Mar 2026 12:10:46 INFO  Saving current: saved/SCL-Mar-15-2026_12-09-30.pth
Sun 15 Mar 2026 12:10:46 INFO  Saving current best: saved/SCL-Mar-15-2026_12-09-30.pth
Sun 15 Mar 2026 12:10:46 INFO  Running E-step ! 
Sun 15 Mar 2026 12:10:46 INFO  epoch 220 training [time: 0.17s, train_loss1: 1.7865, train_loss2: 0.0302, train_loss3: 0.0109, train_loss4: 0.0017]
Sun 15 Mar 2026 12:10:46 INFO  epoch 220 evaluating [time: 0.14s, valid_score: 0.355800]
Sun 15 Mar 2026 12:10:46 INFO  valid result: 
recall@1 : 0.1484    recall@2 : 0.2333    recall@3 : 0.2892    recall@4 : 0.3406    recall@5 : 0.3817    recall@10 : 0.5144    recall@20 : 0.647    recall@30 : 0.7116    recall@50 : 0.7952    ndcg@1 : 0.2306    ndcg@2 : 0.257    ndcg@3 : 0.2753    ndcg@4 : 0.294    ndcg@5 : 0.3089    ndcg@10 : 0.3558    ndcg@20 : 0.396    ndcg@30 : 0.4138    ndcg@50 : 0.4338    precision@1 : 0.2306    precision@2 : 0.1931    precision@3 : 0.1669    precision@4 : 0.1499    precision@5 : 0.1359    precision@10 : 0.0967    precision@20 : 0.0644    precision@30 : 0.0489    precision@50 : 0.0338    map@1 : 0.2306    map@2 : 0.229    map@3 : 0.2338    map@4 : 0.2424    map@5 : 0.2489    map@10 : 0.2689    map@20 : 0.2831    map@30 : 0.2886    map@50 : 0.2933
Sun 15 Mar 2026 12:10:46 INFO  Saving current: saved/SCL-Mar-15-2026_12-09-30.pth
Sun 15 Mar 2026 12:10:46 INFO  Saving current best: saved/SCL-Mar-15-2026_12-09-30.pth
Sun 15 Mar 2026 12:10:46 INFO  Running E-step ! 
Sun 15 Mar 2026 12:10:46 INFO  epoch 221 training [time: 0.19s, train_loss1: 1.7835, train_loss2: 0.0301, train_loss3: 0.0109, train_loss4: 0.0017]
Sun 15 Mar 2026 12:10:46 INFO  epoch 221 evaluating [time: 0.14s, valid_score: 0.355400]
Sun 15 Mar 2026 12:10:46 INFO  valid result: 
recall@1 : 0.1486    recall@2 : 0.2317    recall@3 : 0.2894    recall@4 : 0.341    recall@5 : 0.3812    recall@10 : 0.5135    recall@20 : 0.648    recall@30 : 0.7117    recall@50 : 0.7956    ndcg@1 : 0.2306    ndcg@2 : 0.2558    ndcg@3 : 0.275    ndcg@4 : 0.2939    ndcg@5 : 0.3085    ndcg@10 : 0.3554    ndcg@20 : 0.3961    ndcg@30 : 0.4137    ndcg@50 : 0.4338    precision@1 : 0.2306    precision@2 : 0.1919    precision@3 : 0.1665    precision@4 : 0.1499    precision@5 : 0.1358    precision@10 : 0.0965    precision@20 : 0.0645    precision@30 : 0.0489    precision@50 : 0.0338    map@1 : 0.2306    map@2 : 0.2279    map@3 : 0.2334    map@4 : 0.2422    map@5 : 0.2486    map@10 : 0.2687    map@20 : 0.283    map@30 : 0.2884    map@50 : 0.2932
Sun 15 Mar 2026 12:10:46 INFO  Running E-step ! 
Sun 15 Mar 2026 12:10:46 INFO  epoch 222 training [time: 0.18s, train_loss1: 1.8019, train_loss2: 0.0300, train_loss3: 0.0109, train_loss4: 0.0017]
Sun 15 Mar 2026 12:10:47 INFO  epoch 222 evaluating [time: 0.14s, valid_score: 0.355500]
Sun 15 Mar 2026 12:10:47 INFO  valid result: 
recall@1 : 0.1496    recall@2 : 0.2311    recall@3 : 0.2896    recall@4 : 0.3407    recall@5 : 0.3818    recall@10 : 0.5125    recall@20 : 0.6478    recall@30 : 0.7111    recall@50 : 0.7956    ndcg@1 : 0.2324    ndcg@2 : 0.2559    ndcg@3 : 0.2757    ndcg@4 : 0.2942    ndcg@5 : 0.3091    ndcg@10 : 0.3555    ndcg@20 : 0.3966    ndcg@30 : 0.414    ndcg@50 : 0.4343    precision@1 : 0.2324    precision@2 : 0.1916    precision@3 : 0.1671    precision@4 : 0.1499    precision@5 : 0.1358    precision@10 : 0.0963    precision@20 : 0.0645    precision@30 : 0.0488    precision@50 : 0.0338    map@1 : 0.2324    map@2 : 0.2282    map@3 : 0.2343    map@4 : 0.2426    map@5 : 0.2491    map@10 : 0.2691    map@20 : 0.2835    map@30 : 0.2889    map@50 : 0.2937
Sun 15 Mar 2026 12:10:47 INFO  Running E-step ! 
Sun 15 Mar 2026 12:10:47 INFO  epoch 223 training [time: 0.18s, train_loss1: 1.7794, train_loss2: 0.0300, train_loss3: 0.0109, train_loss4: 0.0017]
Sun 15 Mar 2026 12:10:47 INFO  epoch 223 evaluating [time: 0.14s, valid_score: 0.355600]
Sun 15 Mar 2026 12:10:47 INFO  valid result: 
recall@1 : 0.149    recall@2 : 0.2312    recall@3 : 0.2906    recall@4 : 0.341    recall@5 : 0.383    recall@10 : 0.5129    recall@20 : 0.6488    recall@30 : 0.7114    recall@50 : 0.7956    ndcg@1 : 0.2318    ndcg@2 : 0.2557    ndcg@3 : 0.2761    ndcg@4 : 0.294    ndcg@5 : 0.3094    ndcg@10 : 0.3556    ndcg@20 : 0.3967    ndcg@30 : 0.414    ndcg@50 : 0.4342    precision@1 : 0.2318    precision@2 : 0.1916    precision@3 : 0.1677    precision@4 : 0.1496    precision@5 : 0.136    precision@10 : 0.0964    precision@20 : 0.0645    precision@30 : 0.0488    precision@50 : 0.0338    map@1 : 0.2318    map@2 : 0.2278    map@3 : 0.2344    map@4 : 0.2422    map@5 : 0.2492    map@10 : 0.2691    map@20 : 0.2835    map@30 : 0.2888    map@50 : 0.2936
Sun 15 Mar 2026 12:10:47 INFO  Running E-step ! 
Sun 15 Mar 2026 12:10:47 INFO  epoch 224 training [time: 0.19s, train_loss1: 1.7763, train_loss2: 0.0299, train_loss3: 0.0109, train_loss4: 0.0017]
Sun 15 Mar 2026 12:10:47 INFO  epoch 224 evaluating [time: 0.14s, valid_score: 0.356600]
Sun 15 Mar 2026 12:10:47 INFO  valid result: 
recall@1 : 0.1509    recall@2 : 0.2304    recall@3 : 0.2896    recall@4 : 0.3412    recall@5 : 0.3843    recall@10 : 0.5138    recall@20 : 0.6487    recall@30 : 0.7112    recall@50 : 0.7957    ndcg@1 : 0.2342    ndcg@2 : 0.2556    ndcg@3 : 0.2761    ndcg@4 : 0.2946    ndcg@5 : 0.3104    ndcg@10 : 0.3566    ndcg@20 : 0.3973    ndcg@30 : 0.4146    ndcg@50 : 0.4349    precision@1 : 0.2342    precision@2 : 0.1907    precision@3 : 0.1671    precision@4 : 0.1496    precision@5 : 0.1361    precision@10 : 0.0966    precision@20 : 0.0645    precision@30 : 0.0489    precision@50 : 0.0338    map@1 : 0.2342    map@2 : 0.2279    map@3 : 0.2347    map@4 : 0.2431    map@5 : 0.2502    map@10 : 0.27    map@20 : 0.2843    map@30 : 0.2896    map@50 : 0.2944
Sun 15 Mar 2026 12:10:47 INFO  Saving current: saved/SCL-Mar-15-2026_12-09-30.pth
Sun 15 Mar 2026 12:10:47 INFO  Saving current best: saved/SCL-Mar-15-2026_12-09-30.pth
Sun 15 Mar 2026 12:10:47 INFO  Running E-step ! 
Sun 15 Mar 2026 12:10:47 INFO  epoch 225 training [time: 0.17s, train_loss1: 1.7457, train_loss2: 0.0298, train_loss3: 0.0109, train_loss4: 0.0016]
Sun 15 Mar 2026 12:10:48 INFO  epoch 225 evaluating [time: 0.14s, valid_score: 0.356800]
Sun 15 Mar 2026 12:10:48 INFO  valid result: 
recall@1 : 0.1523    recall@2 : 0.2293    recall@3 : 0.2894    recall@4 : 0.3409    recall@5 : 0.3817    recall@10 : 0.5137    recall@20 : 0.6494    recall@30 : 0.7126    recall@50 : 0.7961    ndcg@1 : 0.2354    ndcg@2 : 0.2556    ndcg@3 : 0.2763    ndcg@4 : 0.2948    ndcg@5 : 0.3098    ndcg@10 : 0.3568    ndcg@20 : 0.3978    ndcg@30 : 0.4153    ndcg@50 : 0.4353    precision@1 : 0.2354    precision@2 : 0.1904    precision@3 : 0.1669    precision@4 : 0.1494    precision@5 : 0.1356    precision@10 : 0.0965    precision@20 : 0.0646    precision@30 : 0.0489    precision@50 : 0.0338    map@1 : 0.2354    map@2 : 0.2282    map@3 : 0.235    map@4 : 0.2435    map@5 : 0.2501    map@10 : 0.2704    map@20 : 0.2848    map@30 : 0.2901    map@50 : 0.2949
Sun 15 Mar 2026 12:10:48 INFO  Saving current: saved/SCL-Mar-15-2026_12-09-30.pth
Sun 15 Mar 2026 12:10:48 INFO  Saving current best: saved/SCL-Mar-15-2026_12-09-30.pth
Sun 15 Mar 2026 12:10:48 INFO  Running E-step ! 
Sun 15 Mar 2026 12:10:48 INFO  epoch 226 training [time: 0.19s, train_loss1: 1.7569, train_loss2: 0.0298, train_loss3: 0.0109, train_loss4: 0.0017]
Sun 15 Mar 2026 12:10:48 INFO  epoch 226 evaluating [time: 0.14s, valid_score: 0.357000]
Sun 15 Mar 2026 12:10:48 INFO  valid result: 
recall@1 : 0.1521    recall@2 : 0.2295    recall@3 : 0.2893    recall@4 : 0.3406    recall@5 : 0.3813    recall@10 : 0.5146    recall@20 : 0.6491    recall@30 : 0.7111    recall@50 : 0.7963    ndcg@1 : 0.2348    ndcg@2 : 0.2557    ndcg@3 : 0.2761    ndcg@4 : 0.2945    ndcg@5 : 0.3094    ndcg@10 : 0.357    ndcg@20 : 0.3976    ndcg@30 : 0.4148    ndcg@50 : 0.4352    precision@1 : 0.2348    precision@2 : 0.1907    precision@3 : 0.1667    precision@4 : 0.1491    precision@5 : 0.1353    precision@10 : 0.0968    precision@20 : 0.0645    precision@30 : 0.0489    precision@50 : 0.0338    map@1 : 0.2348    map@2 : 0.2284    map@3 : 0.2348    map@4 : 0.2433    map@5 : 0.2498    map@10 : 0.2704    map@20 : 0.2847    map@30 : 0.29    map@50 : 0.2949
Sun 15 Mar 2026 12:10:48 INFO  Saving current: saved/SCL-Mar-15-2026_12-09-30.pth
Sun 15 Mar 2026 12:10:48 INFO  Saving current best: saved/SCL-Mar-15-2026_12-09-30.pth
Sun 15 Mar 2026 12:10:48 INFO  Running E-step ! 
Sun 15 Mar 2026 12:10:48 INFO  epoch 227 training [time: 0.17s, train_loss1: 1.7357, train_loss2: 0.0297, train_loss3: 0.0109, train_loss4: 0.0016]
Sun 15 Mar 2026 12:10:48 INFO  epoch 227 evaluating [time: 0.14s, valid_score: 0.356800]
Sun 15 Mar 2026 12:10:48 INFO  valid result: 
recall@1 : 0.1509    recall@2 : 0.2295    recall@3 : 0.2895    recall@4 : 0.3393    recall@5 : 0.3807    recall@10 : 0.5159    recall@20 : 0.6486    recall@30 : 0.7118    recall@50 : 0.7967    ndcg@1 : 0.233    ndcg@2 : 0.2552    ndcg@3 : 0.2756    ndcg@4 : 0.2934    ndcg@5 : 0.3086    ndcg@10 : 0.3568    ndcg@20 : 0.397    ndcg@30 : 0.4144    ndcg@50 : 0.4348    precision@1 : 0.233    precision@2 : 0.1907    precision@3 : 0.1665    precision@4 : 0.1487    precision@5 : 0.1352    precision@10 : 0.097    precision@20 : 0.0645    precision@30 : 0.0489    precision@50 : 0.0338    map@1 : 0.233    map@2 : 0.2277    map@3 : 0.2342    map@4 : 0.2423    map@5 : 0.249    map@10 : 0.2699    map@20 : 0.284    map@30 : 0.2893    map@50 : 0.2942
Sun 15 Mar 2026 12:10:48 INFO  Running E-step ! 
Sun 15 Mar 2026 12:10:48 INFO  epoch 228 training [time: 0.18s, train_loss1: 1.7537, train_loss2: 0.0296, train_loss3: 0.0109, train_loss4: 0.0016]
Sun 15 Mar 2026 12:10:49 INFO  epoch 228 evaluating [time: 0.14s, valid_score: 0.355900]
Sun 15 Mar 2026 12:10:49 INFO  valid result: 
recall@1 : 0.1492    recall@2 : 0.2284    recall@3 : 0.2906    recall@4 : 0.3398    recall@5 : 0.3807    recall@10 : 0.5154    recall@20 : 0.6489    recall@30 : 0.7122    recall@50 : 0.7966    ndcg@1 : 0.2306    ndcg@2 : 0.2532    ndcg@3 : 0.2751    ndcg@4 : 0.2928    ndcg@5 : 0.3078    ndcg@10 : 0.3559    ndcg@20 : 0.3962    ndcg@30 : 0.4137    ndcg@50 : 0.4339    precision@1 : 0.2306    precision@2 : 0.1892    precision@3 : 0.1667    precision@4 : 0.1488    precision@5 : 0.1352    precision@10 : 0.0969    precision@20 : 0.0646    precision@30 : 0.0489    precision@50 : 0.0338    map@1 : 0.2306    map@2 : 0.2259    map@3 : 0.2333    map@4 : 0.2414    map@5 : 0.2481    map@10 : 0.2688    map@20 : 0.283    map@30 : 0.2884    map@50 : 0.2932
Sun 15 Mar 2026 12:10:49 INFO  Running E-step ! 
Sun 15 Mar 2026 12:10:49 INFO  epoch 229 training [time: 0.17s, train_loss1: 1.7749, train_loss2: 0.0296, train_loss3: 0.0109, train_loss4: 0.0016]
Sun 15 Mar 2026 12:10:49 INFO  epoch 229 evaluating [time: 0.14s, valid_score: 0.355900]
Sun 15 Mar 2026 12:10:49 INFO  valid result: 
recall@1 : 0.1486    recall@2 : 0.2296    recall@3 : 0.2923    recall@4 : 0.3401    recall@5 : 0.3807    recall@10 : 0.5153    recall@20 : 0.6496    recall@30 : 0.7122    recall@50 : 0.7974    ndcg@1 : 0.2294    ndcg@2 : 0.254    ndcg@3 : 0.2759    ndcg@4 : 0.2929    ndcg@5 : 0.3078    ndcg@10 : 0.3559    ndcg@20 : 0.3964    ndcg@30 : 0.4138    ndcg@50 : 0.4342    precision@1 : 0.2294    precision@2 : 0.1904    precision@3 : 0.1673    precision@4 : 0.1488    precision@5 : 0.135    precision@10 : 0.097    precision@20 : 0.0646    precision@30 : 0.0489    precision@50 : 0.0339    map@1 : 0.2294    map@2 : 0.2263    map@3 : 0.2338    map@4 : 0.2415    map@5 : 0.2481    map@10 : 0.2689    map@20 : 0.2831    map@30 : 0.2885    map@50 : 0.2933
Sun 15 Mar 2026 12:10:49 INFO  Running E-step ! 
Sun 15 Mar 2026 12:10:49 INFO  epoch 230 training [time: 0.17s, train_loss1: 1.7139, train_loss2: 0.0295, train_loss3: 0.0109, train_loss4: 0.0016]
Sun 15 Mar 2026 12:10:49 INFO  epoch 230 evaluating [time: 0.14s, valid_score: 0.356200]
Sun 15 Mar 2026 12:10:49 INFO  valid result: 
recall@1 : 0.1481    recall@2 : 0.2299    recall@3 : 0.2927    recall@4 : 0.3396    recall@5 : 0.3808    recall@10 : 0.5162    recall@20 : 0.6495    recall@30 : 0.7125    recall@50 : 0.7988    ndcg@1 : 0.2294    ndcg@2 : 0.2546    ndcg@3 : 0.276    ndcg@4 : 0.2924    ndcg@5 : 0.3078    ndcg@10 : 0.3562    ndcg@20 : 0.3963    ndcg@30 : 0.4138    ndcg@50 : 0.4344    precision@1 : 0.2294    precision@2 : 0.1913    precision@3 : 0.1673    precision@4 : 0.1482    precision@5 : 0.1352    precision@10 : 0.0972    precision@20 : 0.0645    precision@30 : 0.049    precision@50 : 0.0339    map@1 : 0.2294    map@2 : 0.2269    map@3 : 0.2339    map@4 : 0.2411    map@5 : 0.248    map@10 : 0.269    map@20 : 0.283    map@30 : 0.2884    map@50 : 0.2933
Sun 15 Mar 2026 12:10:49 INFO  Running E-step ! 
Sun 15 Mar 2026 12:10:49 INFO  epoch 231 training [time: 0.17s, train_loss1: 1.7341, train_loss2: 0.0294, train_loss3: 0.0110, train_loss4: 0.0016]
Sun 15 Mar 2026 12:10:50 INFO  epoch 231 evaluating [time: 0.14s, valid_score: 0.356000]
Sun 15 Mar 2026 12:10:50 INFO  valid result: 
recall@1 : 0.1483    recall@2 : 0.2292    recall@3 : 0.2921    recall@4 : 0.3387    recall@5 : 0.3807    recall@10 : 0.5161    recall@20 : 0.6484    recall@30 : 0.7122    recall@50 : 0.7988    ndcg@1 : 0.23    ndcg@2 : 0.2541    ndcg@3 : 0.2754    ndcg@4 : 0.2919    ndcg@5 : 0.3076    ndcg@10 : 0.356    ndcg@20 : 0.396    ndcg@30 : 0.4136    ndcg@50 : 0.4343    precision@1 : 0.23    precision@2 : 0.1907    precision@3 : 0.1663    precision@4 : 0.1479    precision@5 : 0.135    precision@10 : 0.0971    precision@20 : 0.0645    precision@30 : 0.049    precision@50 : 0.0339    map@1 : 0.23    map@2 : 0.2268    map@3 : 0.2334    map@4 : 0.2407    map@5 : 0.2479    map@10 : 0.2688    map@20 : 0.2828    map@30 : 0.2883    map@50 : 0.2932
Sun 15 Mar 2026 12:10:50 INFO  Running E-step ! 
Sun 15 Mar 2026 12:10:50 INFO  epoch 232 training [time: 0.16s, train_loss1: 1.7004, train_loss2: 0.0293, train_loss3: 0.0110, train_loss4: 0.0016]
Sun 15 Mar 2026 12:10:50 INFO  epoch 232 evaluating [time: 0.14s, valid_score: 0.356000]
Sun 15 Mar 2026 12:10:50 INFO  valid result: 
recall@1 : 0.1481    recall@2 : 0.2285    recall@3 : 0.292    recall@4 : 0.3401    recall@5 : 0.3809    recall@10 : 0.5163    recall@20 : 0.6482    recall@30 : 0.7114    recall@50 : 0.7986    ndcg@1 : 0.2294    ndcg@2 : 0.2538    ndcg@3 : 0.2753    ndcg@4 : 0.2924    ndcg@5 : 0.3075    ndcg@10 : 0.356    ndcg@20 : 0.3958    ndcg@30 : 0.4133    ndcg@50 : 0.4341    precision@1 : 0.2294    precision@2 : 0.1907    precision@3 : 0.1665    precision@4 : 0.1482    precision@5 : 0.135    precision@10 : 0.0971    precision@20 : 0.0645    precision@30 : 0.0489    precision@50 : 0.0339    map@1 : 0.2294    map@2 : 0.2265    map@3 : 0.2332    map@4 : 0.2408    map@5 : 0.2477    map@10 : 0.2687    map@20 : 0.2826    map@30 : 0.2881    map@50 : 0.293
Sun 15 Mar 2026 12:10:50 INFO  Running E-step ! 
Sun 15 Mar 2026 12:10:50 INFO  epoch 233 training [time: 0.17s, train_loss1: 1.7303, train_loss2: 0.0293, train_loss3: 0.0110, train_loss4: 0.0016]
Sun 15 Mar 2026 12:10:50 INFO  epoch 233 evaluating [time: 0.14s, valid_score: 0.355900]
Sun 15 Mar 2026 12:10:50 INFO  valid result: 
recall@1 : 0.1477    recall@2 : 0.2289    recall@3 : 0.2914    recall@4 : 0.3396    recall@5 : 0.3819    recall@10 : 0.5163    recall@20 : 0.6486    recall@30 : 0.712    recall@50 : 0.7991    ndcg@1 : 0.2294    ndcg@2 : 0.2537    ndcg@3 : 0.2749    ndcg@4 : 0.292    ndcg@5 : 0.3079    ndcg@10 : 0.3559    ndcg@20 : 0.3958    ndcg@30 : 0.4133    ndcg@50 : 0.4341    precision@1 : 0.2294    precision@2 : 0.1907    precision@3 : 0.1663    precision@4 : 0.1481    precision@5 : 0.1356    precision@10 : 0.0972    precision@20 : 0.0645    precision@30 : 0.0489    precision@50 : 0.0339    map@1 : 0.2294    map@2 : 0.2265    map@3 : 0.233    map@4 : 0.2405    map@5 : 0.2477    map@10 : 0.2686    map@20 : 0.2825    map@30 : 0.288    map@50 : 0.2929
Sun 15 Mar 2026 12:10:50 INFO  Running E-step ! 
Sun 15 Mar 2026 12:10:50 INFO  epoch 234 training [time: 0.18s, train_loss1: 1.7286, train_loss2: 0.0292, train_loss3: 0.0110, train_loss4: 0.0016]
Sun 15 Mar 2026 12:10:51 INFO  epoch 234 evaluating [time: 0.14s, valid_score: 0.356900]
Sun 15 Mar 2026 12:10:51 INFO  valid result: 
recall@1 : 0.1491    recall@2 : 0.2301    recall@3 : 0.2916    recall@4 : 0.341    recall@5 : 0.3834    recall@10 : 0.5171    recall@20 : 0.6479    recall@30 : 0.7127    recall@50 : 0.7992    ndcg@1 : 0.2306    ndcg@2 : 0.2548    ndcg@3 : 0.2757    ndcg@4 : 0.2933    ndcg@5 : 0.3093    ndcg@10 : 0.3569    ndcg@20 : 0.3965    ndcg@30 : 0.4143    ndcg@50 : 0.4349    precision@1 : 0.2306    precision@2 : 0.191    precision@3 : 0.1665    precision@4 : 0.1485    precision@5 : 0.136    precision@10 : 0.0971    precision@20 : 0.0645    precision@30 : 0.0489    precision@50 : 0.0339    map@1 : 0.2306    map@2 : 0.2275    map@3 : 0.2339    map@4 : 0.2418    map@5 : 0.249    map@10 : 0.2697    map@20 : 0.2835    map@30 : 0.289    map@50 : 0.2939
Sun 15 Mar 2026 12:10:51 INFO  Running E-step ! 
Sun 15 Mar 2026 12:10:51 INFO  epoch 235 training [time: 0.18s, train_loss1: 1.7087, train_loss2: 0.0292, train_loss3: 0.0110, train_loss4: 0.0017]
Sun 15 Mar 2026 12:10:51 INFO  epoch 235 evaluating [time: 0.14s, valid_score: 0.357400]
Sun 15 Mar 2026 12:10:51 INFO  valid result: 
recall@1 : 0.1491    recall@2 : 0.2307    recall@3 : 0.2917    recall@4 : 0.3422    recall@5 : 0.383    recall@10 : 0.5183    recall@20 : 0.6486    recall@30 : 0.7127    recall@50 : 0.798    ndcg@1 : 0.2306    ndcg@2 : 0.255    ndcg@3 : 0.2758    ndcg@4 : 0.294    ndcg@5 : 0.3091    ndcg@10 : 0.3574    ndcg@20 : 0.3968    ndcg@30 : 0.4144    ndcg@50 : 0.4348    precision@1 : 0.2306    precision@2 : 0.191    precision@3 : 0.1667    precision@4 : 0.1491    precision@5 : 0.1356    precision@10 : 0.0974    precision@20 : 0.0646    precision@30 : 0.0489    precision@50 : 0.0339    map@1 : 0.2306    map@2 : 0.2277    map@3 : 0.2341    map@4 : 0.2425    map@5 : 0.249    map@10 : 0.27    map@20 : 0.2838    map@30 : 0.2892    map@50 : 0.2941
Sun 15 Mar 2026 12:10:51 INFO  Saving current: saved/SCL-Mar-15-2026_12-09-30.pth
Sun 15 Mar 2026 12:10:51 INFO  Saving current best: saved/SCL-Mar-15-2026_12-09-30.pth
Sun 15 Mar 2026 12:10:51 INFO  Running E-step ! 
Sun 15 Mar 2026 12:10:51 INFO  epoch 236 training [time: 0.19s, train_loss1: 1.7053, train_loss2: 0.0291, train_loss3: 0.0110, train_loss4: 0.0017]
Sun 15 Mar 2026 12:10:51 INFO  epoch 236 evaluating [time: 0.14s, valid_score: 0.357400]
Sun 15 Mar 2026 12:10:51 INFO  valid result: 
recall@1 : 0.15    recall@2 : 0.2306    recall@3 : 0.2913    recall@4 : 0.343    recall@5 : 0.3819    recall@10 : 0.5175    recall@20 : 0.6493    recall@30 : 0.7128    recall@50 : 0.798    ndcg@1 : 0.2318    ndcg@2 : 0.2551    ndcg@3 : 0.2758    ndcg@4 : 0.2947    ndcg@5 : 0.309    ndcg@10 : 0.3574    ndcg@20 : 0.3974    ndcg@30 : 0.4147    ndcg@50 : 0.4351    precision@1 : 0.2318    precision@2 : 0.1907    precision@3 : 0.1663    precision@4 : 0.1494    precision@5 : 0.1353    precision@10 : 0.0972    precision@20 : 0.0648    precision@30 : 0.049    precision@50 : 0.0339    map@1 : 0.2318    map@2 : 0.2279    map@3 : 0.2343    map@4 : 0.243    map@5 : 0.2492    map@10 : 0.2703    map@20 : 0.2843    map@30 : 0.2896    map@50 : 0.2945
Sun 15 Mar 2026 12:10:51 INFO  Saving current: saved/SCL-Mar-15-2026_12-09-30.pth
Sun 15 Mar 2026 12:10:51 INFO  Saving current best: saved/SCL-Mar-15-2026_12-09-30.pth
Sun 15 Mar 2026 12:10:51 INFO  Running E-step ! 
Sun 15 Mar 2026 12:10:51 INFO  epoch 237 training [time: 0.18s, train_loss1: 1.6877, train_loss2: 0.0290, train_loss3: 0.0110, train_loss4: 0.0017]
Sun 15 Mar 2026 12:10:52 INFO  epoch 237 evaluating [time: 0.14s, valid_score: 0.356700]
Sun 15 Mar 2026 12:10:52 INFO  valid result: 
recall@1 : 0.149    recall@2 : 0.2315    recall@3 : 0.2918    recall@4 : 0.344    recall@5 : 0.3817    recall@10 : 0.5152    recall@20 : 0.6491    recall@30 : 0.7129    recall@50 : 0.7987    ndcg@1 : 0.2306    ndcg@2 : 0.2554    ndcg@3 : 0.276    ndcg@4 : 0.295    ndcg@5 : 0.3087    ndcg@10 : 0.3567    ndcg@20 : 0.3972    ndcg@30 : 0.4147    ndcg@50 : 0.4351    precision@1 : 0.2306    precision@2 : 0.1913    precision@3 : 0.1669    precision@4 : 0.1497    precision@5 : 0.135    precision@10 : 0.097    precision@20 : 0.0647    precision@30 : 0.049    precision@50 : 0.0339    map@1 : 0.2306    map@2 : 0.2278    map@3 : 0.2342    map@4 : 0.243    map@5 : 0.2489    map@10 : 0.2699    map@20 : 0.284    map@30 : 0.2894    map@50 : 0.2942
Sun 15 Mar 2026 12:10:52 INFO  Running E-step ! 
Sun 15 Mar 2026 12:10:52 INFO  epoch 238 training [time: 0.18s, train_loss1: 1.6971, train_loss2: 0.0290, train_loss3: 0.0110, train_loss4: 0.0016]
Sun 15 Mar 2026 12:10:52 INFO  epoch 238 evaluating [time: 0.14s, valid_score: 0.356500]
Sun 15 Mar 2026 12:10:52 INFO  valid result: 
recall@1 : 0.1483    recall@2 : 0.2306    recall@3 : 0.2932    recall@4 : 0.3454    recall@5 : 0.3827    recall@10 : 0.5149    recall@20 : 0.651    recall@30 : 0.7144    recall@50 : 0.7984    ndcg@1 : 0.23    ndcg@2 : 0.2543    ndcg@3 : 0.2764    ndcg@4 : 0.2952    ndcg@5 : 0.3089    ndcg@10 : 0.3565    ndcg@20 : 0.3974    ndcg@30 : 0.4148    ndcg@50 : 0.4349    precision@1 : 0.23    precision@2 : 0.1904    precision@3 : 0.1675    precision@4 : 0.15    precision@5 : 0.1354    precision@10 : 0.0971    precision@20 : 0.0648    precision@30 : 0.0491    precision@50 : 0.0339    map@1 : 0.23    map@2 : 0.2266    map@3 : 0.2341    map@4 : 0.2429    map@5 : 0.2488    map@10 : 0.2697    map@20 : 0.2838    map@30 : 0.2892    map@50 : 0.2939
Sun 15 Mar 2026 12:10:52 INFO  Running E-step ! 
Sun 15 Mar 2026 12:10:52 INFO  epoch 239 training [time: 0.18s, train_loss1: 1.6891, train_loss2: 0.0289, train_loss3: 0.0110, train_loss4: 0.0016]
Sun 15 Mar 2026 12:10:52 INFO  epoch 239 evaluating [time: 0.14s, valid_score: 0.356400]
Sun 15 Mar 2026 12:10:52 INFO  valid result: 
recall@1 : 0.1483    recall@2 : 0.2306    recall@3 : 0.2935    recall@4 : 0.3456    recall@5 : 0.3821    recall@10 : 0.5145    recall@20 : 0.651    recall@30 : 0.7143    recall@50 : 0.7986    ndcg@1 : 0.23    ndcg@2 : 0.2543    ndcg@3 : 0.2765    ndcg@4 : 0.2953    ndcg@5 : 0.3087    ndcg@10 : 0.3564    ndcg@20 : 0.3975    ndcg@30 : 0.4149    ndcg@50 : 0.435    precision@1 : 0.23    precision@2 : 0.1904    precision@3 : 0.1675    precision@4 : 0.15    precision@5 : 0.1353    precision@10 : 0.0971    precision@20 : 0.0648    precision@30 : 0.0491    precision@50 : 0.0339    map@1 : 0.23    map@2 : 0.2265    map@3 : 0.2342    map@4 : 0.2429    map@5 : 0.2487    map@10 : 0.2696    map@20 : 0.2839    map@30 : 0.2892    map@50 : 0.294
Sun 15 Mar 2026 12:10:52 INFO  Running E-step ! 
Sun 15 Mar 2026 12:10:52 INFO  epoch 240 training [time: 0.19s, train_loss1: 1.6735, train_loss2: 0.0289, train_loss3: 0.0110, train_loss4: 0.0016]
Sun 15 Mar 2026 12:10:53 INFO  epoch 240 evaluating [time: 0.14s, valid_score: 0.357200]
Sun 15 Mar 2026 12:10:53 INFO  valid result: 
recall@1 : 0.1486    recall@2 : 0.2319    recall@3 : 0.2938    recall@4 : 0.3454    recall@5 : 0.3828    recall@10 : 0.5158    recall@20 : 0.6512    recall@30 : 0.714    recall@50 : 0.7983    ndcg@1 : 0.2306    ndcg@2 : 0.2555    ndcg@3 : 0.277    ndcg@4 : 0.2954    ndcg@5 : 0.3094    ndcg@10 : 0.3572    ndcg@20 : 0.3979    ndcg@30 : 0.4152    ndcg@50 : 0.4353    precision@1 : 0.2306    precision@2 : 0.1916    precision@3 : 0.1677    precision@4 : 0.1496    precision@5 : 0.1355    precision@10 : 0.0974    precision@20 : 0.0649    precision@30 : 0.0491    precision@50 : 0.0339    map@1 : 0.2306    map@2 : 0.2275    map@3 : 0.2347    map@4 : 0.2431    map@5 : 0.2493    map@10 : 0.2703    map@20 : 0.2844    map@30 : 0.2897    map@50 : 0.2945
Sun 15 Mar 2026 12:10:53 INFO  Running E-step ! 
Sun 15 Mar 2026 12:10:53 INFO  epoch 241 training [time: 0.19s, train_loss1: 1.6858, train_loss2: 0.0288, train_loss3: 0.0110, train_loss4: 0.0016]
Sun 15 Mar 2026 12:10:53 INFO  epoch 241 evaluating [time: 0.14s, valid_score: 0.357200]
Sun 15 Mar 2026 12:10:53 INFO  valid result: 
recall@1 : 0.1501    recall@2 : 0.2311    recall@3 : 0.2943    recall@4 : 0.3449    recall@5 : 0.382    recall@10 : 0.5147    recall@20 : 0.6512    recall@30 : 0.7141    recall@50 : 0.7985    ndcg@1 : 0.2324    ndcg@2 : 0.2549    ndcg@3 : 0.2777    ndcg@4 : 0.2956    ndcg@5 : 0.3094    ndcg@10 : 0.3572    ndcg@20 : 0.3983    ndcg@30 : 0.4156    ndcg@50 : 0.4357    precision@1 : 0.2324    precision@2 : 0.1901    precision@3 : 0.1679    precision@4 : 0.1493    precision@5 : 0.1352    precision@10 : 0.0973    precision@20 : 0.0648    precision@30 : 0.0492    precision@50 : 0.0339    map@1 : 0.2324    map@2 : 0.2272    map@3 : 0.2354    map@4 : 0.2436    map@5 : 0.2496    map@10 : 0.2706    map@20 : 0.2848    map@30 : 0.2902    map@50 : 0.2949
Sun 15 Mar 2026 12:10:53 INFO  Running E-step ! 
Sun 15 Mar 2026 12:10:53 INFO  epoch 242 training [time: 0.19s, train_loss1: 1.6735, train_loss2: 0.0288, train_loss3: 0.0110, train_loss4: 0.0016]
Sun 15 Mar 2026 12:10:53 INFO  epoch 242 evaluating [time: 0.14s, valid_score: 0.356900]
Sun 15 Mar 2026 12:10:53 INFO  valid result: 
recall@1 : 0.1501    recall@2 : 0.2317    recall@3 : 0.2939    recall@4 : 0.3435    recall@5 : 0.3829    recall@10 : 0.5137    recall@20 : 0.6512    recall@30 : 0.7148    recall@50 : 0.7984    ndcg@1 : 0.2324    ndcg@2 : 0.2553    ndcg@3 : 0.2774    ndcg@4 : 0.295    ndcg@5 : 0.3097    ndcg@10 : 0.3569    ndcg@20 : 0.3983    ndcg@30 : 0.4159    ndcg@50 : 0.4358    precision@1 : 0.2324    precision@2 : 0.1904    precision@3 : 0.1675    precision@4 : 0.1488    precision@5 : 0.1353    precision@10 : 0.0971    precision@20 : 0.0648    precision@30 : 0.0492    precision@50 : 0.0339    map@1 : 0.2324    map@2 : 0.2275    map@3 : 0.2352    map@4 : 0.2432    map@5 : 0.2497    map@10 : 0.2705    map@20 : 0.2849    map@30 : 0.2903    map@50 : 0.295
Sun 15 Mar 2026 12:10:53 INFO  Running E-step ! 
Sun 15 Mar 2026 12:10:53 INFO  epoch 243 training [time: 0.18s, train_loss1: 1.6602, train_loss2: 0.0287, train_loss3: 0.0110, train_loss4: 0.0016]
Sun 15 Mar 2026 12:10:54 INFO  epoch 243 evaluating [time: 0.14s, valid_score: 0.357000]
Sun 15 Mar 2026 12:10:54 INFO  valid result: 
recall@1 : 0.1504    recall@2 : 0.2307    recall@3 : 0.2954    recall@4 : 0.3441    recall@5 : 0.3855    recall@10 : 0.5132    recall@20 : 0.6505    recall@30 : 0.7147    recall@50 : 0.7986    ndcg@1 : 0.2324    ndcg@2 : 0.2549    ndcg@3 : 0.2783    ndcg@4 : 0.2953    ndcg@5 : 0.3107    ndcg@10 : 0.357    ndcg@20 : 0.3983    ndcg@30 : 0.4161    ndcg@50 : 0.436    precision@1 : 0.2324    precision@2 : 0.1901    precision@3 : 0.1683    precision@4 : 0.149    precision@5 : 0.1358    precision@10 : 0.097    precision@20 : 0.0647    precision@30 : 0.0492    precision@50 : 0.0339    map@1 : 0.2324    map@2 : 0.2272    map@3 : 0.2358    map@4 : 0.2435    map@5 : 0.2503    map@10 : 0.2707    map@20 : 0.2851    map@30 : 0.2906    map@50 : 0.2953
Sun 15 Mar 2026 12:10:54 INFO  Running E-step ! 
Sun 15 Mar 2026 12:10:54 INFO  epoch 244 training [time: 0.17s, train_loss1: 1.6699, train_loss2: 0.0286, train_loss3: 0.0110, train_loss4: 0.0016]
Sun 15 Mar 2026 12:10:54 INFO  epoch 244 evaluating [time: 0.14s, valid_score: 0.357000]
Sun 15 Mar 2026 12:10:54 INFO  valid result: 
recall@1 : 0.1501    recall@2 : 0.231    recall@3 : 0.294    recall@4 : 0.3448    recall@5 : 0.3854    recall@10 : 0.5137    recall@20 : 0.6512    recall@30 : 0.7152    recall@50 : 0.7995    ndcg@1 : 0.2318    ndcg@2 : 0.2554    ndcg@3 : 0.2775    ndcg@4 : 0.2955    ndcg@5 : 0.3105    ndcg@10 : 0.357    ndcg@20 : 0.3984    ndcg@30 : 0.4161    ndcg@50 : 0.4361    precision@1 : 0.2318    precision@2 : 0.191    precision@3 : 0.1677    precision@4 : 0.1493    precision@5 : 0.1356    precision@10 : 0.097    precision@20 : 0.0648    precision@30 : 0.0493    precision@50 : 0.0339    map@1 : 0.2318    map@2 : 0.2277    map@3 : 0.2353    map@4 : 0.2436    map@5 : 0.2502    map@10 : 0.2706    map@20 : 0.285    map@30 : 0.2905    map@50 : 0.2952
Sun 15 Mar 2026 12:10:54 INFO  Running E-step ! 
Sun 15 Mar 2026 12:10:54 INFO  epoch 245 training [time: 0.16s, train_loss1: 1.6293, train_loss2: 0.0286, train_loss3: 0.0110, train_loss4: 0.0016]
Sun 15 Mar 2026 12:10:54 INFO  epoch 245 evaluating [time: 0.14s, valid_score: 0.356700]
Sun 15 Mar 2026 12:10:54 INFO  valid result: 
recall@1 : 0.1494    recall@2 : 0.2316    recall@3 : 0.2945    recall@4 : 0.3454    recall@5 : 0.3846    recall@10 : 0.5132    recall@20 : 0.6497    recall@30 : 0.7143    recall@50 : 0.7994    ndcg@1 : 0.2306    ndcg@2 : 0.2554    ndcg@3 : 0.2774    ndcg@4 : 0.2957    ndcg@5 : 0.31    ndcg@10 : 0.3567    ndcg@20 : 0.3979    ndcg@30 : 0.4157    ndcg@50 : 0.4358    precision@1 : 0.2306    precision@2 : 0.1913    precision@3 : 0.1677    precision@4 : 0.1496    precision@5 : 0.1354    precision@10 : 0.097    precision@20 : 0.0647    precision@30 : 0.0492    precision@50 : 0.0339    map@1 : 0.2306    map@2 : 0.2275    map@3 : 0.235    map@4 : 0.2435    map@5 : 0.2497    map@10 : 0.2703    map@20 : 0.2847    map@30 : 0.2902    map@50 : 0.2949
Sun 15 Mar 2026 12:10:54 INFO  Running E-step ! 
Sun 15 Mar 2026 12:10:54 INFO  epoch 246 training [time: 0.16s, train_loss1: 1.6413, train_loss2: 0.0285, train_loss3: 0.0110, train_loss4: 0.0016]
Sun 15 Mar 2026 12:10:54 INFO  epoch 246 evaluating [time: 0.14s, valid_score: 0.356200]
Sun 15 Mar 2026 12:10:54 INFO  valid result: 
recall@1 : 0.1493    recall@2 : 0.2311    recall@3 : 0.293    recall@4 : 0.3451    recall@5 : 0.3852    recall@10 : 0.5123    recall@20 : 0.649    recall@30 : 0.7149    recall@50 : 0.7989    ndcg@1 : 0.2312    ndcg@2 : 0.2553    ndcg@3 : 0.2766    ndcg@4 : 0.2954    ndcg@5 : 0.3101    ndcg@10 : 0.3562    ndcg@20 : 0.3975    ndcg@30 : 0.4156    ndcg@50 : 0.4355    precision@1 : 0.2312    precision@2 : 0.1913    precision@3 : 0.1671    precision@4 : 0.1494    precision@5 : 0.1356    precision@10 : 0.0968    precision@20 : 0.0647    precision@30 : 0.0492    precision@50 : 0.0339    map@1 : 0.2312    map@2 : 0.2274    map@3 : 0.2344    map@4 : 0.2431    map@5 : 0.2495    map@10 : 0.2698    map@20 : 0.2843    map@30 : 0.2899    map@50 : 0.2946
Sun 15 Mar 2026 12:10:54 INFO  Running E-step ! 
Sun 15 Mar 2026 12:10:55 INFO  epoch 247 training [time: 0.17s, train_loss1: 1.6466, train_loss2: 0.0285, train_loss3: 0.0110, train_loss4: 0.0016]
Sun 15 Mar 2026 12:10:55 INFO  epoch 247 evaluating [time: 0.14s, valid_score: 0.356200]
Sun 15 Mar 2026 12:10:55 INFO  valid result: 
recall@1 : 0.1494    recall@2 : 0.2309    recall@3 : 0.293    recall@4 : 0.3451    recall@5 : 0.3853    recall@10 : 0.5118    recall@20 : 0.6495    recall@30 : 0.7158    recall@50 : 0.7992    ndcg@1 : 0.2318    ndcg@2 : 0.2556    ndcg@3 : 0.2767    ndcg@4 : 0.2955    ndcg@5 : 0.3102    ndcg@10 : 0.3562    ndcg@20 : 0.3977    ndcg@30 : 0.4159    ndcg@50 : 0.4357    precision@1 : 0.2318    precision@2 : 0.1916    precision@3 : 0.1671    precision@4 : 0.1494    precision@5 : 0.1356    precision@10 : 0.0969    precision@20 : 0.0647    precision@30 : 0.0493    precision@50 : 0.0339    map@1 : 0.2318    map@2 : 0.2277    map@3 : 0.2345    map@4 : 0.2431    map@5 : 0.2495    map@10 : 0.2699    map@20 : 0.2844    map@30 : 0.29    map@50 : 0.2946
Sun 15 Mar 2026 12:10:55 INFO  Running E-step ! 
Sun 15 Mar 2026 12:10:55 INFO  epoch 248 training [time: 0.16s, train_loss1: 1.6483, train_loss2: 0.0284, train_loss3: 0.0110, train_loss4: 0.0016]
Sun 15 Mar 2026 12:10:55 INFO  epoch 248 evaluating [time: 0.14s, valid_score: 0.357000]
Sun 15 Mar 2026 12:10:55 INFO  valid result: 
recall@1 : 0.1497    recall@2 : 0.2336    recall@3 : 0.2945    recall@4 : 0.3454    recall@5 : 0.386    recall@10 : 0.5123    recall@20 : 0.6497    recall@30 : 0.7162    recall@50 : 0.7994    ndcg@1 : 0.2324    ndcg@2 : 0.2572    ndcg@3 : 0.2779    ndcg@4 : 0.2962    ndcg@5 : 0.3113    ndcg@10 : 0.357    ndcg@20 : 0.3984    ndcg@30 : 0.4166    ndcg@50 : 0.4364    precision@1 : 0.2324    precision@2 : 0.1928    precision@3 : 0.1675    precision@4 : 0.1496    precision@5 : 0.1362    precision@10 : 0.097    precision@20 : 0.0647    precision@30 : 0.0493    precision@50 : 0.0339    map@1 : 0.2324    map@2 : 0.2293    map@3 : 0.2356    map@4 : 0.2441    map@5 : 0.2506    map@10 : 0.2708    map@20 : 0.2853    map@30 : 0.2909    map@50 : 0.2955
Sun 15 Mar 2026 12:10:55 INFO  Running E-step ! 
Sun 15 Mar 2026 12:10:55 INFO  epoch 249 training [time: 0.16s, train_loss1: 1.6282, train_loss2: 0.0283, train_loss3: 0.0110, train_loss4: 0.0016]
Sun 15 Mar 2026 12:10:55 INFO  epoch 249 evaluating [time: 0.14s, valid_score: 0.356800]
Sun 15 Mar 2026 12:10:55 INFO  valid result: 
recall@1 : 0.1491    recall@2 : 0.233    recall@3 : 0.2948    recall@4 : 0.3444    recall@5 : 0.3868    recall@10 : 0.5126    recall@20 : 0.6492    recall@30 : 0.7152    recall@50 : 0.7997    ndcg@1 : 0.2318    ndcg@2 : 0.2566    ndcg@3 : 0.2779    ndcg@4 : 0.2955    ndcg@5 : 0.3112    ndcg@10 : 0.3568    ndcg@20 : 0.398    ndcg@30 : 0.4161    ndcg@50 : 0.4361    precision@1 : 0.2318    precision@2 : 0.1925    precision@3 : 0.1679    precision@4 : 0.1494    precision@5 : 0.1362    precision@10 : 0.0971    precision@20 : 0.0647    precision@30 : 0.0493    precision@50 : 0.0339    map@1 : 0.2318    map@2 : 0.2287    map@3 : 0.2355    map@4 : 0.2435    map@5 : 0.2503    map@10 : 0.2705    map@20 : 0.2849    map@30 : 0.2904    map@50 : 0.2951
Sun 15 Mar 2026 12:10:55 INFO  Running E-step ! 
Sun 15 Mar 2026 12:10:56 INFO  epoch 250 training [time: 0.16s, train_loss1: 1.6368, train_loss2: 0.0283, train_loss3: 0.0110, train_loss4: 0.0016]
Sun 15 Mar 2026 12:10:56 INFO  epoch 250 evaluating [time: 0.14s, valid_score: 0.356700]
Sun 15 Mar 2026 12:10:56 INFO  valid result: 
recall@1 : 0.1488    recall@2 : 0.2325    recall@3 : 0.2949    recall@4 : 0.3443    recall@5 : 0.3882    recall@10 : 0.5131    recall@20 : 0.6493    recall@30 : 0.7152    recall@50 : 0.7992    ndcg@1 : 0.2312    ndcg@2 : 0.2561    ndcg@3 : 0.2777    ndcg@4 : 0.2953    ndcg@5 : 0.3114    ndcg@10 : 0.3567    ndcg@20 : 0.3979    ndcg@30 : 0.4159    ndcg@50 : 0.4359    precision@1 : 0.2312    precision@2 : 0.1922    precision@3 : 0.1677    precision@4 : 0.1494    precision@5 : 0.1364    precision@10 : 0.097    precision@20 : 0.0647    precision@30 : 0.0493    precision@50 : 0.0339    map@1 : 0.2312    map@2 : 0.2282    map@3 : 0.2353    map@4 : 0.2433    map@5 : 0.2503    map@10 : 0.2703    map@20 : 0.2847    map@30 : 0.2903    map@50 : 0.295
Sun 15 Mar 2026 12:10:56 INFO  Running E-step ! 
Sun 15 Mar 2026 12:10:56 INFO  epoch 251 training [time: 0.17s, train_loss1: 1.6020, train_loss2: 0.0282, train_loss3: 0.0110, train_loss4: 0.0016]
Sun 15 Mar 2026 12:10:56 INFO  epoch 251 evaluating [time: 0.14s, valid_score: 0.357200]
Sun 15 Mar 2026 12:10:56 INFO  valid result: 
recall@1 : 0.149    recall@2 : 0.2327    recall@3 : 0.2943    recall@4 : 0.3447    recall@5 : 0.3872    recall@10 : 0.5144    recall@20 : 0.6481    recall@30 : 0.716    recall@50 : 0.7989    ndcg@1 : 0.2312    ndcg@2 : 0.2561    ndcg@3 : 0.2776    ndcg@4 : 0.2957    ndcg@5 : 0.3112    ndcg@10 : 0.3572    ndcg@20 : 0.3977    ndcg@30 : 0.4162    ndcg@50 : 0.436    precision@1 : 0.2312    precision@2 : 0.1922    precision@3 : 0.1677    precision@4 : 0.15    precision@5 : 0.1362    precision@10 : 0.0973    precision@20 : 0.0647    precision@30 : 0.0493    precision@50 : 0.0339    map@1 : 0.2312    map@2 : 0.2284    map@3 : 0.2354    map@4 : 0.2436    map@5 : 0.2503    map@10 : 0.2707    map@20 : 0.2849    map@30 : 0.2905    map@50 : 0.2952
Sun 15 Mar 2026 12:10:56 INFO  Running E-step ! 
Sun 15 Mar 2026 12:10:56 INFO  epoch 252 training [time: 0.16s, train_loss1: 1.6067, train_loss2: 0.0282, train_loss3: 0.0110, train_loss4: 0.0016]
Sun 15 Mar 2026 12:10:56 INFO  epoch 252 evaluating [time: 0.14s, valid_score: 0.356900]
Sun 15 Mar 2026 12:10:56 INFO  valid result: 
recall@1 : 0.1479    recall@2 : 0.2325    recall@3 : 0.2953    recall@4 : 0.344    recall@5 : 0.387    recall@10 : 0.5144    recall@20 : 0.6479    recall@30 : 0.7155    recall@50 : 0.7991    ndcg@1 : 0.23    ndcg@2 : 0.2557    ndcg@3 : 0.2777    ndcg@4 : 0.2949    ndcg@5 : 0.3107    ndcg@10 : 0.3569    ndcg@20 : 0.3973    ndcg@30 : 0.4157    ndcg@50 : 0.4356    precision@1 : 0.23    precision@2 : 0.1922    precision@3 : 0.1681    precision@4 : 0.1496    precision@5 : 0.1362    precision@10 : 0.0974    precision@20 : 0.0647    precision@30 : 0.0493    precision@50 : 0.0339    map@1 : 0.23    map@2 : 0.2278    map@3 : 0.2351    map@4 : 0.2427    map@5 : 0.2497    map@10 : 0.2702    map@20 : 0.2844    map@30 : 0.2899    map@50 : 0.2946
Sun 15 Mar 2026 12:10:56 INFO  Running E-step ! 
Sun 15 Mar 2026 12:10:57 INFO  epoch 253 training [time: 0.18s, train_loss1: 1.6228, train_loss2: 0.0281, train_loss3: 0.0110, train_loss4: 0.0016]
Sun 15 Mar 2026 12:10:57 INFO  epoch 253 evaluating [time: 0.14s, valid_score: 0.357100]
Sun 15 Mar 2026 12:10:57 INFO  valid result: 
recall@1 : 0.1482    recall@2 : 0.2326    recall@3 : 0.2952    recall@4 : 0.3453    recall@5 : 0.3859    recall@10 : 0.5144    recall@20 : 0.6473    recall@30 : 0.716    recall@50 : 0.7992    ndcg@1 : 0.2306    ndcg@2 : 0.2557    ndcg@3 : 0.2778    ndcg@4 : 0.2956    ndcg@5 : 0.3104    ndcg@10 : 0.3571    ndcg@20 : 0.3973    ndcg@30 : 0.416    ndcg@50 : 0.4359    precision@1 : 0.2306    precision@2 : 0.1919    precision@3 : 0.1681    precision@4 : 0.1499    precision@5 : 0.1358    precision@10 : 0.0974    precision@20 : 0.0647    precision@30 : 0.0493    precision@50 : 0.034    map@1 : 0.2306    map@2 : 0.2278    map@3 : 0.2353    map@4 : 0.2431    map@5 : 0.2495    map@10 : 0.2703    map@20 : 0.2845    map@30 : 0.2901    map@50 : 0.2948
Sun 15 Mar 2026 12:10:57 INFO  Running E-step ! 
Sun 15 Mar 2026 12:10:57 INFO  epoch 254 training [time: 0.18s, train_loss1: 1.6069, train_loss2: 0.0280, train_loss3: 0.0110, train_loss4: 0.0016]
Sun 15 Mar 2026 12:10:57 INFO  epoch 254 evaluating [time: 0.14s, valid_score: 0.357300]
Sun 15 Mar 2026 12:10:57 INFO  valid result: 
recall@1 : 0.1484    recall@2 : 0.2328    recall@3 : 0.2945    recall@4 : 0.3447    recall@5 : 0.3872    recall@10 : 0.5145    recall@20 : 0.6479    recall@30 : 0.7155    recall@50 : 0.7995    ndcg@1 : 0.2318    ndcg@2 : 0.2562    ndcg@3 : 0.2776    ndcg@4 : 0.2955    ndcg@5 : 0.311    ndcg@10 : 0.3573    ndcg@20 : 0.3976    ndcg@30 : 0.4161    ndcg@50 : 0.4362    precision@1 : 0.2318    precision@2 : 0.1922    precision@3 : 0.1677    precision@4 : 0.1497    precision@5 : 0.1361    precision@10 : 0.0974    precision@20 : 0.0647    precision@30 : 0.0493    precision@50 : 0.034    map@1 : 0.2318    map@2 : 0.2284    map@3 : 0.2353    map@4 : 0.2431    map@5 : 0.25    map@10 : 0.2705    map@20 : 0.2847    map@30 : 0.2903    map@50 : 0.2951
Sun 15 Mar 2026 12:10:57 INFO  Running E-step ! 
Sun 15 Mar 2026 12:10:57 INFO  epoch 255 training [time: 0.17s, train_loss1: 1.6094, train_loss2: 0.0280, train_loss3: 0.0110, train_loss4: 0.0016]
Sun 15 Mar 2026 12:10:57 INFO  epoch 255 evaluating [time: 0.14s, valid_score: 0.357900]
Sun 15 Mar 2026 12:10:57 INFO  valid result: 
recall@1 : 0.1491    recall@2 : 0.233    recall@3 : 0.2981    recall@4 : 0.3441    recall@5 : 0.3874    recall@10 : 0.5149    recall@20 : 0.6482    recall@30 : 0.7166    recall@50 : 0.8    ndcg@1 : 0.2318    ndcg@2 : 0.2565    ndcg@3 : 0.2796    ndcg@4 : 0.2957    ndcg@5 : 0.3116    ndcg@10 : 0.3579    ndcg@20 : 0.3982    ndcg@30 : 0.4168    ndcg@50 : 0.4367    precision@1 : 0.2318    precision@2 : 0.1925    precision@3 : 0.1689    precision@4 : 0.1496    precision@5 : 0.1362    precision@10 : 0.0974    precision@20 : 0.0647    precision@30 : 0.0494    precision@50 : 0.034    map@1 : 0.2318    map@2 : 0.2288    map@3 : 0.2369    map@4 : 0.2436    map@5 : 0.2506    map@10 : 0.2713    map@20 : 0.2854    map@30 : 0.291    map@50 : 0.2957
Sun 15 Mar 2026 12:10:57 INFO  Saving current: saved/SCL-Mar-15-2026_12-09-30.pth
Sun 15 Mar 2026 12:10:57 INFO  Saving current best: saved/SCL-Mar-15-2026_12-09-30.pth
Sun 15 Mar 2026 12:10:57 INFO  Running E-step ! 
Sun 15 Mar 2026 12:10:58 INFO  epoch 256 training [time: 0.19s, train_loss1: 1.5954, train_loss2: 0.0279, train_loss3: 0.0110, train_loss4: 0.0016]
Sun 15 Mar 2026 12:10:58 INFO  epoch 256 evaluating [time: 0.14s, valid_score: 0.357400]
Sun 15 Mar 2026 12:10:58 INFO  valid result: 
recall@1 : 0.1489    recall@2 : 0.2321    recall@3 : 0.2976    recall@4 : 0.3438    recall@5 : 0.3867    recall@10 : 0.5143    recall@20 : 0.6491    recall@30 : 0.7172    recall@50 : 0.7992    ndcg@1 : 0.2312    ndcg@2 : 0.2558    ndcg@3 : 0.279    ndcg@4 : 0.2952    ndcg@5 : 0.311    ndcg@10 : 0.3574    ndcg@20 : 0.3982    ndcg@30 : 0.4167    ndcg@50 : 0.4363    precision@1 : 0.2312    precision@2 : 0.1919    precision@3 : 0.1687    precision@4 : 0.1494    precision@5 : 0.136    precision@10 : 0.0973    precision@20 : 0.0648    precision@30 : 0.0494    precision@50 : 0.0339    map@1 : 0.2312    map@2 : 0.2284    map@3 : 0.2363    map@4 : 0.2431    map@5 : 0.2501    map@10 : 0.2708    map@20 : 0.2851    map@30 : 0.2907    map@50 : 0.2954
Sun 15 Mar 2026 12:10:58 INFO  Running E-step ! 
Sun 15 Mar 2026 12:10:58 INFO  epoch 257 training [time: 0.18s, train_loss1: 1.5865, train_loss2: 0.0279, train_loss3: 0.0110, train_loss4: 0.0016]
Sun 15 Mar 2026 12:10:58 INFO  epoch 257 evaluating [time: 0.14s, valid_score: 0.357400]
Sun 15 Mar 2026 12:10:58 INFO  valid result: 
recall@1 : 0.1495    recall@2 : 0.2321    recall@3 : 0.2974    recall@4 : 0.344    recall@5 : 0.3871    recall@10 : 0.5133    recall@20 : 0.6491    recall@30 : 0.7178    recall@50 : 0.798    ndcg@1 : 0.2312    ndcg@2 : 0.2559    ndcg@3 : 0.279    ndcg@4 : 0.2956    ndcg@5 : 0.3114    ndcg@10 : 0.3574    ndcg@20 : 0.3984    ndcg@30 : 0.417    ndcg@50 : 0.4363    precision@1 : 0.2312    precision@2 : 0.1919    precision@3 : 0.1685    precision@4 : 0.1499    precision@5 : 0.1361    precision@10 : 0.0972    precision@20 : 0.0648    precision@30 : 0.0494    precision@50 : 0.0339    map@1 : 0.2312    map@2 : 0.2285    map@3 : 0.2364    map@4 : 0.2436    map@5 : 0.2506    map@10 : 0.2711    map@20 : 0.2855    map@30 : 0.2911    map@50 : 0.2958
Sun 15 Mar 2026 12:10:58 INFO  Running E-step ! 
Sun 15 Mar 2026 12:10:58 INFO  epoch 258 training [time: 0.16s, train_loss1: 1.5811, train_loss2: 0.0278, train_loss3: 0.0110, train_loss4: 0.0016]
Sun 15 Mar 2026 12:10:58 INFO  epoch 258 evaluating [time: 0.14s, valid_score: 0.357400]
Sun 15 Mar 2026 12:10:58 INFO  valid result: 
recall@1 : 0.1488    recall@2 : 0.2319    recall@3 : 0.2981    recall@4 : 0.3442    recall@5 : 0.3864    recall@10 : 0.5139    recall@20 : 0.6483    recall@30 : 0.7178    recall@50 : 0.798    ndcg@1 : 0.2312    ndcg@2 : 0.2556    ndcg@3 : 0.2789    ndcg@4 : 0.2955    ndcg@5 : 0.3109    ndcg@10 : 0.3574    ndcg@20 : 0.398    ndcg@30 : 0.4168    ndcg@50 : 0.4361    precision@1 : 0.2312    precision@2 : 0.1919    precision@3 : 0.1683    precision@4 : 0.1499    precision@5 : 0.1359    precision@10 : 0.0974    precision@20 : 0.0647    precision@30 : 0.0494    precision@50 : 0.0339    map@1 : 0.2312    map@2 : 0.2281    map@3 : 0.2362    map@4 : 0.2433    map@5 : 0.2502    map@10 : 0.2708    map@20 : 0.2851    map@30 : 0.2908    map@50 : 0.2954
Sun 15 Mar 2026 12:10:58 INFO  Running E-step ! 
Sun 15 Mar 2026 12:10:58 INFO  epoch 259 training [time: 0.16s, train_loss1: 1.5860, train_loss2: 0.0278, train_loss3: 0.0110, train_loss4: 0.0016]
Sun 15 Mar 2026 12:10:59 INFO  epoch 259 evaluating [time: 0.14s, valid_score: 0.357400]
Sun 15 Mar 2026 12:10:59 INFO  valid result: 
recall@1 : 0.1494    recall@2 : 0.2319    recall@3 : 0.2991    recall@4 : 0.3436    recall@5 : 0.3867    recall@10 : 0.5129    recall@20 : 0.6465    recall@30 : 0.7181    recall@50 : 0.7969    ndcg@1 : 0.2318    ndcg@2 : 0.256    ndcg@3 : 0.2796    ndcg@4 : 0.2955    ndcg@5 : 0.3113    ndcg@10 : 0.3574    ndcg@20 : 0.3978    ndcg@30 : 0.4172    ndcg@50 : 0.4361    precision@1 : 0.2318    precision@2 : 0.1922    precision@3 : 0.1687    precision@4 : 0.1497    precision@5 : 0.1359    precision@10 : 0.0973    precision@20 : 0.0645    precision@30 : 0.0494    precision@50 : 0.0339    map@1 : 0.2318    map@2 : 0.2285    map@3 : 0.2368    map@4 : 0.2435    map@5 : 0.2506    map@10 : 0.2711    map@20 : 0.2854    map@30 : 0.2912    map@50 : 0.2958
Sun 15 Mar 2026 12:10:59 INFO  Running E-step ! 
Sun 15 Mar 2026 12:10:59 INFO  epoch 260 training [time: 0.18s, train_loss1: 1.5731, train_loss2: 0.0277, train_loss3: 0.0110, train_loss4: 0.0016]
Sun 15 Mar 2026 12:10:59 INFO  epoch 260 evaluating [time: 0.14s, valid_score: 0.357400]
Sun 15 Mar 2026 12:10:59 INFO  valid result: 
recall@1 : 0.1492    recall@2 : 0.2321    recall@3 : 0.2977    recall@4 : 0.3445    recall@5 : 0.3872    recall@10 : 0.5129    recall@20 : 0.6466    recall@30 : 0.718    recall@50 : 0.7972    ndcg@1 : 0.233    ndcg@2 : 0.2562    ndcg@3 : 0.279    ndcg@4 : 0.2959    ndcg@5 : 0.3113    ndcg@10 : 0.3574    ndcg@20 : 0.3978    ndcg@30 : 0.4171    ndcg@50 : 0.4362    precision@1 : 0.233    precision@2 : 0.1922    precision@3 : 0.1681    precision@4 : 0.15    precision@5 : 0.1356    precision@10 : 0.0974    precision@20 : 0.0645    precision@30 : 0.0494    precision@50 : 0.0339    map@1 : 0.233    map@2 : 0.2287    map@3 : 0.2364    map@4 : 0.2437    map@5 : 0.2505    map@10 : 0.2711    map@20 : 0.2853    map@30 : 0.2911    map@50 : 0.2957
Sun 15 Mar 2026 12:10:59 INFO  Running E-step ! 
Sun 15 Mar 2026 12:10:59 INFO  epoch 261 training [time: 0.17s, train_loss1: 1.5854, train_loss2: 0.0276, train_loss3: 0.0110, train_loss4: 0.0016]
Sun 15 Mar 2026 12:10:59 INFO  epoch 261 evaluating [time: 0.14s, valid_score: 0.357500]
Sun 15 Mar 2026 12:10:59 INFO  valid result: 
recall@1 : 0.1489    recall@2 : 0.2338    recall@3 : 0.2971    recall@4 : 0.3469    recall@5 : 0.3876    recall@10 : 0.5125    recall@20 : 0.6461    recall@30 : 0.7192    recall@50 : 0.7976    ndcg@1 : 0.233    ndcg@2 : 0.2576    ndcg@3 : 0.2789    ndcg@4 : 0.2972    ndcg@5 : 0.3118    ndcg@10 : 0.3575    ndcg@20 : 0.3978    ndcg@30 : 0.4176    ndcg@50 : 0.4365    precision@1 : 0.233    precision@2 : 0.194    precision@3 : 0.1679    precision@4 : 0.1509    precision@5 : 0.1359    precision@10 : 0.0972    precision@20 : 0.0644    precision@30 : 0.0495    precision@50 : 0.0339    map@1 : 0.233    map@2 : 0.2296    map@3 : 0.2363    map@4 : 0.2444    map@5 : 0.2508    map@10 : 0.2711    map@20 : 0.2854    map@30 : 0.2913    map@50 : 0.2959
Sun 15 Mar 2026 12:10:59 INFO  Running E-step ! 
Sun 15 Mar 2026 12:10:59 INFO  epoch 262 training [time: 0.18s, train_loss1: 1.5784, train_loss2: 0.0276, train_loss3: 0.0110, train_loss4: 0.0016]
Sun 15 Mar 2026 12:11:00 INFO  epoch 262 evaluating [time: 0.14s, valid_score: 0.357800]
Sun 15 Mar 2026 12:11:00 INFO  valid result: 
recall@1 : 0.1492    recall@2 : 0.2337    recall@3 : 0.2996    recall@4 : 0.3477    recall@5 : 0.3869    recall@10 : 0.513    recall@20 : 0.6456    recall@30 : 0.7191    recall@50 : 0.7973    ndcg@1 : 0.233    ndcg@2 : 0.2577    ndcg@3 : 0.2802    ndcg@4 : 0.2979    ndcg@5 : 0.3119    ndcg@10 : 0.3578    ndcg@20 : 0.398    ndcg@30 : 0.4178    ndcg@50 : 0.4367    precision@1 : 0.233    precision@2 : 0.194    precision@3 : 0.1687    precision@4 : 0.1514    precision@5 : 0.1358    precision@10 : 0.0973    precision@20 : 0.0644    precision@30 : 0.0495    precision@50 : 0.0339    map@1 : 0.233    map@2 : 0.2296    map@3 : 0.2372    map@4 : 0.245    map@5 : 0.2511    map@10 : 0.2714    map@20 : 0.2857    map@30 : 0.2916    map@50 : 0.2962
Sun 15 Mar 2026 12:11:00 INFO  Running E-step ! 
Sun 15 Mar 2026 12:11:00 INFO  epoch 263 training [time: 0.18s, train_loss1: 1.5360, train_loss2: 0.0275, train_loss3: 0.0110, train_loss4: 0.0016]
Sun 15 Mar 2026 12:11:00 INFO  epoch 263 evaluating [time: 0.14s, valid_score: 0.358100]
Sun 15 Mar 2026 12:11:00 INFO  valid result: 
recall@1 : 0.1498    recall@2 : 0.2333    recall@3 : 0.2987    recall@4 : 0.3478    recall@5 : 0.3876    recall@10 : 0.513    recall@20 : 0.6453    recall@30 : 0.7191    recall@50 : 0.797    ndcg@1 : 0.2336    ndcg@2 : 0.2578    ndcg@3 : 0.2799    ndcg@4 : 0.298    ndcg@5 : 0.3123    ndcg@10 : 0.3581    ndcg@20 : 0.398    ndcg@30 : 0.418    ndcg@50 : 0.4369    precision@1 : 0.2336    precision@2 : 0.194    precision@3 : 0.1683    precision@4 : 0.1512    precision@5 : 0.1361    precision@10 : 0.0973    precision@20 : 0.0644    precision@30 : 0.0495    precision@50 : 0.0339    map@1 : 0.2336    map@2 : 0.2299    map@3 : 0.237    map@4 : 0.2451    map@5 : 0.2515    map@10 : 0.2717    map@20 : 0.2859    map@30 : 0.2918    map@50 : 0.2964
Sun 15 Mar 2026 12:11:00 INFO  Saving current: saved/SCL-Mar-15-2026_12-09-30.pth
Sun 15 Mar 2026 12:11:00 INFO  Saving current best: saved/SCL-Mar-15-2026_12-09-30.pth
Sun 15 Mar 2026 12:11:00 INFO  Running E-step ! 
Sun 15 Mar 2026 12:11:00 INFO  epoch 264 training [time: 0.18s, train_loss1: 1.5495, train_loss2: 0.0275, train_loss3: 0.0110, train_loss4: 0.0016]
Sun 15 Mar 2026 12:11:00 INFO  epoch 264 evaluating [time: 0.14s, valid_score: 0.357500]
Sun 15 Mar 2026 12:11:00 INFO  valid result: 
recall@1 : 0.1498    recall@2 : 0.2323    recall@3 : 0.2978    recall@4 : 0.3464    recall@5 : 0.3861    recall@10 : 0.5124    recall@20 : 0.6448    recall@30 : 0.7194    recall@50 : 0.7969    ndcg@1 : 0.2336    ndcg@2 : 0.2575    ndcg@3 : 0.2793    ndcg@4 : 0.2972    ndcg@5 : 0.3115    ndcg@10 : 0.3575    ndcg@20 : 0.3976    ndcg@30 : 0.4177    ndcg@50 : 0.4365    precision@1 : 0.2336    precision@2 : 0.194    precision@3 : 0.1679    precision@4 : 0.1506    precision@5 : 0.1358    precision@10 : 0.0972    precision@20 : 0.0644    precision@30 : 0.0495    precision@50 : 0.0339    map@1 : 0.2336    map@2 : 0.2297    map@3 : 0.2365    map@4 : 0.2444    map@5 : 0.2509    map@10 : 0.2712    map@20 : 0.2854    map@30 : 0.2914    map@50 : 0.296
Sun 15 Mar 2026 12:11:00 INFO  Running E-step ! 
Sun 15 Mar 2026 12:11:00 INFO  epoch 265 training [time: 0.19s, train_loss1: 1.5618, train_loss2: 0.0274, train_loss3: 0.0110, train_loss4: 0.0016]
Sun 15 Mar 2026 12:11:01 INFO  epoch 265 evaluating [time: 0.14s, valid_score: 0.357300]
Sun 15 Mar 2026 12:11:01 INFO  valid result: 
recall@1 : 0.1492    recall@2 : 0.2326    recall@3 : 0.2979    recall@4 : 0.3461    recall@5 : 0.3869    recall@10 : 0.5122    recall@20 : 0.6454    recall@30 : 0.7198    recall@50 : 0.7975    ndcg@1 : 0.233    ndcg@2 : 0.2574    ndcg@3 : 0.2792    ndcg@4 : 0.2969    ndcg@5 : 0.3116    ndcg@10 : 0.3573    ndcg@20 : 0.3976    ndcg@30 : 0.4176    ndcg@50 : 0.4364    precision@1 : 0.233    precision@2 : 0.194    precision@3 : 0.1681    precision@4 : 0.1505    precision@5 : 0.1359    precision@10 : 0.0971    precision@20 : 0.0645    precision@30 : 0.0495    precision@50 : 0.0339    map@1 : 0.233    map@2 : 0.2296    map@3 : 0.2363    map@4 : 0.2442    map@5 : 0.2508    map@10 : 0.2709    map@20 : 0.2852    map@30 : 0.2911    map@50 : 0.2957
Sun 15 Mar 2026 12:11:01 INFO  Running E-step ! 
Sun 15 Mar 2026 12:11:01 INFO  epoch 266 training [time: 0.16s, train_loss1: 1.5553, train_loss2: 0.0274, train_loss3: 0.0110, train_loss4: 0.0016]
Sun 15 Mar 2026 12:11:01 INFO  epoch 266 evaluating [time: 0.14s, valid_score: 0.357100]
Sun 15 Mar 2026 12:11:01 INFO  valid result: 
recall@1 : 0.149    recall@2 : 0.2328    recall@3 : 0.2982    recall@4 : 0.3467    recall@5 : 0.3864    recall@10 : 0.5117    recall@20 : 0.6447    recall@30 : 0.7202    recall@50 : 0.7976    ndcg@1 : 0.2336    ndcg@2 : 0.2577    ndcg@3 : 0.2796    ndcg@4 : 0.2971    ndcg@5 : 0.3115    ndcg@10 : 0.3571    ndcg@20 : 0.3975    ndcg@30 : 0.4177    ndcg@50 : 0.4365    precision@1 : 0.2336    precision@2 : 0.1943    precision@3 : 0.1685    precision@4 : 0.1505    precision@5 : 0.1359    precision@10 : 0.097    precision@20 : 0.0644    precision@30 : 0.0495    precision@50 : 0.0339    map@1 : 0.2336    map@2 : 0.2299    map@3 : 0.2368    map@4 : 0.2444    map@5 : 0.2508    map@10 : 0.2708    map@20 : 0.2853    map@30 : 0.2912    map@50 : 0.2958
Sun 15 Mar 2026 12:11:01 INFO  Running E-step ! 
Sun 15 Mar 2026 12:11:01 INFO  epoch 267 training [time: 0.19s, train_loss1: 1.5324, train_loss2: 0.0273, train_loss3: 0.0110, train_loss4: 0.0016]
Sun 15 Mar 2026 12:11:01 INFO  epoch 267 evaluating [time: 0.14s, valid_score: 0.357200]
Sun 15 Mar 2026 12:11:01 INFO  valid result: 
recall@1 : 0.1497    recall@2 : 0.2322    recall@3 : 0.2967    recall@4 : 0.3465    recall@5 : 0.3867    recall@10 : 0.5118    recall@20 : 0.6449    recall@30 : 0.7204    recall@50 : 0.7977    ndcg@1 : 0.2342    ndcg@2 : 0.2576    ndcg@3 : 0.2788    ndcg@4 : 0.2972    ndcg@5 : 0.3116    ndcg@10 : 0.3572    ndcg@20 : 0.3975    ndcg@30 : 0.4178    ndcg@50 : 0.4365    precision@1 : 0.2342    precision@2 : 0.194    precision@3 : 0.1675    precision@4 : 0.1505    precision@5 : 0.1359    precision@10 : 0.097    precision@20 : 0.0644    precision@30 : 0.0496    precision@50 : 0.0339    map@1 : 0.2342    map@2 : 0.2299    map@3 : 0.2362    map@4 : 0.2444    map@5 : 0.2509    map@10 : 0.2709    map@20 : 0.2853    map@30 : 0.2913    map@50 : 0.2958
Sun 15 Mar 2026 12:11:01 INFO  Running E-step ! 
Sun 15 Mar 2026 12:11:01 INFO  epoch 268 training [time: 0.16s, train_loss1: 1.5202, train_loss2: 0.0273, train_loss3: 0.0110, train_loss4: 0.0016]
Sun 15 Mar 2026 12:11:02 INFO  epoch 268 evaluating [time: 0.14s, valid_score: 0.357200]
Sun 15 Mar 2026 12:11:02 INFO  valid result: 
recall@1 : 0.1496    recall@2 : 0.2324    recall@3 : 0.2979    recall@4 : 0.347    recall@5 : 0.3856    recall@10 : 0.5117    recall@20 : 0.6438    recall@30 : 0.7197    recall@50 : 0.7976    ndcg@1 : 0.2336    ndcg@2 : 0.2571    ndcg@3 : 0.2792    ndcg@4 : 0.2976    ndcg@5 : 0.3112    ndcg@10 : 0.3572    ndcg@20 : 0.3972    ndcg@30 : 0.4177    ndcg@50 : 0.4364    precision@1 : 0.2336    precision@2 : 0.1934    precision@3 : 0.1679    precision@4 : 0.1512    precision@5 : 0.1355    precision@10 : 0.097    precision@20 : 0.0643    precision@30 : 0.0495    precision@50 : 0.0339    map@1 : 0.2336    map@2 : 0.2296    map@3 : 0.2365    map@4 : 0.2449    map@5 : 0.2507    map@10 : 0.271    map@20 : 0.2853    map@30 : 0.2914    map@50 : 0.2959
Sun 15 Mar 2026 12:11:02 INFO  Running E-step ! 
Sun 15 Mar 2026 12:11:02 INFO  epoch 269 training [time: 0.16s, train_loss1: 1.5005, train_loss2: 0.0272, train_loss3: 0.0110, train_loss4: 0.0016]
Sun 15 Mar 2026 12:11:02 INFO  epoch 269 evaluating [time: 0.14s, valid_score: 0.357100]
Sun 15 Mar 2026 12:11:02 INFO  valid result: 
recall@1 : 0.1502    recall@2 : 0.2336    recall@3 : 0.2971    recall@4 : 0.3454    recall@5 : 0.3855    recall@10 : 0.5105    recall@20 : 0.6439    recall@30 : 0.7189    recall@50 : 0.7976    ndcg@1 : 0.2342    ndcg@2 : 0.2583    ndcg@3 : 0.2792    ndcg@4 : 0.2974    ndcg@5 : 0.3117    ndcg@10 : 0.3571    ndcg@20 : 0.3975    ndcg@30 : 0.4177    ndcg@50 : 0.4367    precision@1 : 0.2342    precision@2 : 0.1943    precision@3 : 0.1675    precision@4 : 0.1511    precision@5 : 0.1361    precision@10 : 0.0969    precision@20 : 0.0643    precision@30 : 0.0494    precision@50 : 0.0339    map@1 : 0.2342    map@2 : 0.2306    map@3 : 0.2368    map@4 : 0.2451    map@5 : 0.2512    map@10 : 0.2713    map@20 : 0.2857    map@30 : 0.2917    map@50 : 0.2963
Sun 15 Mar 2026 12:11:02 INFO  Running E-step ! 
Sun 15 Mar 2026 12:11:02 INFO  epoch 270 training [time: 0.16s, train_loss1: 1.5459, train_loss2: 0.0272, train_loss3: 0.0110, train_loss4: 0.0016]
Sun 15 Mar 2026 12:11:02 INFO  epoch 270 evaluating [time: 0.14s, valid_score: 0.356900]
Sun 15 Mar 2026 12:11:02 INFO  valid result: 
recall@1 : 0.1498    recall@2 : 0.2334    recall@3 : 0.2972    recall@4 : 0.3456    recall@5 : 0.3842    recall@10 : 0.5105    recall@20 : 0.6438    recall@30 : 0.7192    recall@50 : 0.7976    ndcg@1 : 0.2336    ndcg@2 : 0.2579    ndcg@3 : 0.2793    ndcg@4 : 0.2974    ndcg@5 : 0.311    ndcg@10 : 0.3569    ndcg@20 : 0.3973    ndcg@30 : 0.4176    ndcg@50 : 0.4365    precision@1 : 0.2336    precision@2 : 0.194    precision@3 : 0.1679    precision@4 : 0.1514    precision@5 : 0.1359    precision@10 : 0.0969    precision@20 : 0.0643    precision@30 : 0.0495    precision@50 : 0.0339    map@1 : 0.2336    map@2 : 0.2302    map@3 : 0.2368    map@4 : 0.245    map@5 : 0.2508    map@10 : 0.271    map@20 : 0.2854    map@30 : 0.2914    map@50 : 0.296
Sun 15 Mar 2026 12:11:02 INFO  Running E-step ! 
Sun 15 Mar 2026 12:11:02 INFO  epoch 271 training [time: 0.16s, train_loss1: 1.5209, train_loss2: 0.0271, train_loss3: 0.0110, train_loss4: 0.0016]
Sun 15 Mar 2026 12:11:03 INFO  epoch 271 evaluating [time: 0.14s, valid_score: 0.356400]
Sun 15 Mar 2026 12:11:03 INFO  valid result: 
recall@1 : 0.1484    recall@2 : 0.2328    recall@3 : 0.2971    recall@4 : 0.3456    recall@5 : 0.3847    recall@10 : 0.5107    recall@20 : 0.6435    recall@30 : 0.7189    recall@50 : 0.7971    ndcg@1 : 0.2318    ndcg@2 : 0.257    ndcg@3 : 0.2786    ndcg@4 : 0.2967    ndcg@5 : 0.3108    ndcg@10 : 0.3564    ndcg@20 : 0.3967    ndcg@30 : 0.4169    ndcg@50 : 0.4358    precision@1 : 0.2318    precision@2 : 0.1937    precision@3 : 0.1677    precision@4 : 0.1512    precision@5 : 0.1364    precision@10 : 0.097    precision@20 : 0.0643    precision@30 : 0.0494    precision@50 : 0.0339    map@1 : 0.2318    map@2 : 0.2291    map@3 : 0.2359    map@4 : 0.2442    map@5 : 0.2502    map@10 : 0.2703    map@20 : 0.2847    map@30 : 0.2906    map@50 : 0.2953
Sun 15 Mar 2026 12:11:03 INFO  Running E-step ! 
Sun 15 Mar 2026 12:11:03 INFO  epoch 272 training [time: 0.16s, train_loss1: 1.4865, train_loss2: 0.0271, train_loss3: 0.0110, train_loss4: 0.0016]
Sun 15 Mar 2026 12:11:03 INFO  epoch 272 evaluating [time: 0.14s, valid_score: 0.356600]
Sun 15 Mar 2026 12:11:03 INFO  valid result: 
recall@1 : 0.1484    recall@2 : 0.2341    recall@3 : 0.2972    recall@4 : 0.3456    recall@5 : 0.3847    recall@10 : 0.5108    recall@20 : 0.6442    recall@30 : 0.7194    recall@50 : 0.7976    ndcg@1 : 0.2318    ndcg@2 : 0.2577    ndcg@3 : 0.2787    ndcg@4 : 0.2969    ndcg@5 : 0.3109    ndcg@10 : 0.3566    ndcg@20 : 0.3971    ndcg@30 : 0.4172    ndcg@50 : 0.4361    precision@1 : 0.2318    precision@2 : 0.1943    precision@3 : 0.1677    precision@4 : 0.1514    precision@5 : 0.1364    precision@10 : 0.097    precision@20 : 0.0644    precision@30 : 0.0494    precision@50 : 0.0339    map@1 : 0.2318    map@2 : 0.2297    map@3 : 0.2361    map@4 : 0.2444    map@5 : 0.2505    map@10 : 0.2706    map@20 : 0.285    map@30 : 0.291    map@50 : 0.2956
Sun 15 Mar 2026 12:11:03 INFO  Running E-step ! 
Sun 15 Mar 2026 12:11:03 INFO  epoch 273 training [time: 0.17s, train_loss1: 1.5140, train_loss2: 0.0270, train_loss3: 0.0110, train_loss4: 0.0016]
Sun 15 Mar 2026 12:11:03 INFO  epoch 273 evaluating [time: 0.14s, valid_score: 0.356500]
Sun 15 Mar 2026 12:11:03 INFO  valid result: 
recall@1 : 0.1485    recall@2 : 0.2338    recall@3 : 0.2961    recall@4 : 0.3458    recall@5 : 0.3846    recall@10 : 0.5106    recall@20 : 0.6443    recall@30 : 0.7197    recall@50 : 0.7978    ndcg@1 : 0.2324    ndcg@2 : 0.2574    ndcg@3 : 0.2781    ndcg@4 : 0.2969    ndcg@5 : 0.311    ndcg@10 : 0.3565    ndcg@20 : 0.397    ndcg@30 : 0.4172    ndcg@50 : 0.4361    precision@1 : 0.2324    precision@2 : 0.1937    precision@3 : 0.1671    precision@4 : 0.1514    precision@5 : 0.1367    precision@10 : 0.097    precision@20 : 0.0644    precision@30 : 0.0495    precision@50 : 0.0339    map@1 : 0.2324    map@2 : 0.2294    map@3 : 0.2357    map@4 : 0.2443    map@5 : 0.2505    map@10 : 0.2705    map@20 : 0.285    map@30 : 0.2909    map@50 : 0.2955
Sun 15 Mar 2026 12:11:03 INFO  Running E-step ! 
Sun 15 Mar 2026 12:11:03 INFO  epoch 274 training [time: 0.18s, train_loss1: 1.5118, train_loss2: 0.0270, train_loss3: 0.0110, train_loss4: 0.0016]
Sun 15 Mar 2026 12:11:03 INFO  epoch 274 evaluating [time: 0.14s, valid_score: 0.356300]
Sun 15 Mar 2026 12:11:03 INFO  valid result: 
recall@1 : 0.1485    recall@2 : 0.2337    recall@3 : 0.2961    recall@4 : 0.3462    recall@5 : 0.386    recall@10 : 0.5098    recall@20 : 0.6447    recall@30 : 0.7201    recall@50 : 0.7981    ndcg@1 : 0.2324    ndcg@2 : 0.2574    ndcg@3 : 0.278    ndcg@4 : 0.297    ndcg@5 : 0.3116    ndcg@10 : 0.3563    ndcg@20 : 0.3972    ndcg@30 : 0.4174    ndcg@50 : 0.4362    precision@1 : 0.2324    precision@2 : 0.1937    precision@3 : 0.1667    precision@4 : 0.1512    precision@5 : 0.1371    precision@10 : 0.0968    precision@20 : 0.0644    precision@30 : 0.0495    precision@50 : 0.0339    map@1 : 0.2324    map@2 : 0.2294    map@3 : 0.2355    map@4 : 0.2443    map@5 : 0.2508    map@10 : 0.2704    map@20 : 0.285    map@30 : 0.2909    map@50 : 0.2954
Sun 15 Mar 2026 12:11:03 INFO  Running E-step ! 
Sun 15 Mar 2026 12:11:04 INFO  epoch 275 training [time: 0.18s, train_loss1: 1.5153, train_loss2: 0.0269, train_loss3: 0.0110, train_loss4: 0.0016]
Sun 15 Mar 2026 12:11:04 INFO  epoch 275 evaluating [time: 0.14s, valid_score: 0.355600]
Sun 15 Mar 2026 12:11:04 INFO  valid result: 
recall@1 : 0.1476    recall@2 : 0.2321    recall@3 : 0.2964    recall@4 : 0.3459    recall@5 : 0.386    recall@10 : 0.5097    recall@20 : 0.6441    recall@30 : 0.7205    recall@50 : 0.7983    ndcg@1 : 0.2306    ndcg@2 : 0.2557    ndcg@3 : 0.2776    ndcg@4 : 0.2962    ndcg@5 : 0.3107    ndcg@10 : 0.3556    ndcg@20 : 0.3964    ndcg@30 : 0.4168    ndcg@50 : 0.4356    precision@1 : 0.2306    precision@2 : 0.1925    precision@3 : 0.1671    precision@4 : 0.1511    precision@5 : 0.1366    precision@10 : 0.0968    precision@20 : 0.0644    precision@30 : 0.0495    precision@50 : 0.0339    map@1 : 0.2306    map@2 : 0.2281    map@3 : 0.2351    map@4 : 0.2436    map@5 : 0.25    map@10 : 0.2697    map@20 : 0.2843    map@30 : 0.2902    map@50 : 0.2948
Sun 15 Mar 2026 12:11:04 INFO  Running E-step ! 
Sun 15 Mar 2026 12:11:04 INFO  epoch 276 training [time: 0.19s, train_loss1: 1.5344, train_loss2: 0.0268, train_loss3: 0.0110, train_loss4: 0.0016]
Sun 15 Mar 2026 12:11:04 INFO  epoch 276 evaluating [time: 0.14s, valid_score: 0.355300]
Sun 15 Mar 2026 12:11:04 INFO  valid result: 
recall@1 : 0.1463    recall@2 : 0.2307    recall@3 : 0.2955    recall@4 : 0.3463    recall@5 : 0.3868    recall@10 : 0.5113    recall@20 : 0.6447    recall@30 : 0.7198    recall@50 : 0.798    ndcg@1 : 0.2288    ndcg@2 : 0.2539    ndcg@3 : 0.2764    ndcg@4 : 0.2956    ndcg@5 : 0.3103    ndcg@10 : 0.3553    ndcg@20 : 0.3958    ndcg@30 : 0.4159    ndcg@50 : 0.4348    precision@1 : 0.2288    precision@2 : 0.1913    precision@3 : 0.1669    precision@4 : 0.1511    precision@5 : 0.1367    precision@10 : 0.0968    precision@20 : 0.0645    precision@30 : 0.0495    precision@50 : 0.0339    map@1 : 0.2288    map@2 : 0.2269    map@3 : 0.234    map@4 : 0.2429    map@5 : 0.2493    map@10 : 0.2691    map@20 : 0.2836    map@30 : 0.2894    map@50 : 0.294
Sun 15 Mar 2026 12:11:04 INFO  Running E-step ! 
Sun 15 Mar 2026 12:11:04 INFO  epoch 277 training [time: 0.18s, train_loss1: 1.4927, train_loss2: 0.0268, train_loss3: 0.0110, train_loss4: 0.0016]
Sun 15 Mar 2026 12:11:04 INFO  epoch 277 evaluating [time: 0.14s, valid_score: 0.355300]
Sun 15 Mar 2026 12:11:04 INFO  valid result: 
recall@1 : 0.1463    recall@2 : 0.2308    recall@3 : 0.2956    recall@4 : 0.3465    recall@5 : 0.3873    recall@10 : 0.511    recall@20 : 0.6452    recall@30 : 0.7199    recall@50 : 0.7966    ndcg@1 : 0.2288    ndcg@2 : 0.2542    ndcg@3 : 0.2765    ndcg@4 : 0.2957    ndcg@5 : 0.3105    ndcg@10 : 0.3553    ndcg@20 : 0.396    ndcg@30 : 0.416    ndcg@50 : 0.4345    precision@1 : 0.2288    precision@2 : 0.1916    precision@3 : 0.1669    precision@4 : 0.1512    precision@5 : 0.1368    precision@10 : 0.0968    precision@20 : 0.0645    precision@30 : 0.0495    precision@50 : 0.0339    map@1 : 0.2288    map@2 : 0.2271    map@3 : 0.2341    map@4 : 0.243    map@5 : 0.2494    map@10 : 0.2691    map@20 : 0.2837    map@30 : 0.2895    map@50 : 0.294
Sun 15 Mar 2026 12:11:04 INFO  Running E-step ! 
Sun 15 Mar 2026 12:11:05 INFO  epoch 278 training [time: 0.17s, train_loss1: 1.4867, train_loss2: 0.0267, train_loss3: 0.0110, train_loss4: 0.0016]
Sun 15 Mar 2026 12:11:05 INFO  epoch 278 evaluating [time: 0.14s, valid_score: 0.355000]
Sun 15 Mar 2026 12:11:05 INFO  valid result: 
recall@1 : 0.1463    recall@2 : 0.231    recall@3 : 0.2951    recall@4 : 0.3469    recall@5 : 0.3873    recall@10 : 0.5101    recall@20 : 0.6457    recall@30 : 0.7203    recall@50 : 0.7972    ndcg@1 : 0.2288    ndcg@2 : 0.2544    ndcg@3 : 0.2762    ndcg@4 : 0.2957    ndcg@5 : 0.3105    ndcg@10 : 0.355    ndcg@20 : 0.3961    ndcg@30 : 0.4161    ndcg@50 : 0.4346    precision@1 : 0.2288    precision@2 : 0.1919    precision@3 : 0.1667    precision@4 : 0.1509    precision@5 : 0.1368    precision@10 : 0.0966    precision@20 : 0.0645    precision@30 : 0.0496    precision@50 : 0.0339    map@1 : 0.2288    map@2 : 0.2272    map@3 : 0.2339    map@4 : 0.2428    map@5 : 0.2494    map@10 : 0.2689    map@20 : 0.2837    map@30 : 0.2895    map@50 : 0.294
Sun 15 Mar 2026 12:11:05 INFO  Running E-step ! 
Sun 15 Mar 2026 12:11:05 INFO  epoch 279 training [time: 0.20s, train_loss1: 1.5046, train_loss2: 0.0267, train_loss3: 0.0110, train_loss4: 0.0016]
Sun 15 Mar 2026 12:11:05 INFO  epoch 279 evaluating [time: 0.14s, valid_score: 0.355100]
Sun 15 Mar 2026 12:11:05 INFO  valid result: 
recall@1 : 0.1462    recall@2 : 0.2329    recall@3 : 0.2946    recall@4 : 0.3462    recall@5 : 0.3871    recall@10 : 0.5102    recall@20 : 0.6449    recall@30 : 0.7193    recall@50 : 0.797    ndcg@1 : 0.2282    ndcg@2 : 0.2554    ndcg@3 : 0.2759    ndcg@4 : 0.2954    ndcg@5 : 0.3106    ndcg@10 : 0.3551    ndcg@20 : 0.3959    ndcg@30 : 0.4159    ndcg@50 : 0.4347    precision@1 : 0.2282    precision@2 : 0.1928    precision@3 : 0.1661    precision@4 : 0.1506    precision@5 : 0.1371    precision@10 : 0.0967    precision@20 : 0.0644    precision@30 : 0.0495    precision@50 : 0.0339    map@1 : 0.2282    map@2 : 0.2278    map@3 : 0.2338    map@4 : 0.2428    map@5 : 0.2496    map@10 : 0.2691    map@20 : 0.2837    map@30 : 0.2896    map@50 : 0.2941
Sun 15 Mar 2026 12:11:05 INFO  Running E-step ! 
Sun 15 Mar 2026 12:11:05 INFO  epoch 280 training [time: 0.19s, train_loss1: 1.4621, train_loss2: 0.0266, train_loss3: 0.0110, train_loss4: 0.0016]
Sun 15 Mar 2026 12:11:05 INFO  epoch 280 evaluating [time: 0.14s, valid_score: 0.354700]
Sun 15 Mar 2026 12:11:05 INFO  valid result: 
recall@1 : 0.1462    recall@2 : 0.2335    recall@3 : 0.293    recall@4 : 0.344    recall@5 : 0.3863    recall@10 : 0.5094    recall@20 : 0.645    recall@30 : 0.7194    recall@50 : 0.7964    ndcg@1 : 0.2282    ndcg@2 : 0.2558    ndcg@3 : 0.2751    ndcg@4 : 0.2943    ndcg@5 : 0.3102    ndcg@10 : 0.3547    ndcg@20 : 0.3958    ndcg@30 : 0.4158    ndcg@50 : 0.4344    precision@1 : 0.2282    precision@2 : 0.1931    precision@3 : 0.1653    precision@4 : 0.1497    precision@5 : 0.1369    precision@10 : 0.0965    precision@20 : 0.0645    precision@30 : 0.0495    precision@50 : 0.0339    map@1 : 0.2282    map@2 : 0.2281    map@3 : 0.2333    map@4 : 0.2421    map@5 : 0.2492    map@10 : 0.2688    map@20 : 0.2836    map@30 : 0.2894    map@50 : 0.2939
Sun 15 Mar 2026 12:11:05 INFO  Running E-step ! 
Sun 15 Mar 2026 12:11:06 INFO  epoch 281 training [time: 0.17s, train_loss1: 1.4734, train_loss2: 0.0266, train_loss3: 0.0110, train_loss4: 0.0016]
Sun 15 Mar 2026 12:11:06 INFO  epoch 281 evaluating [time: 0.14s, valid_score: 0.353800]
Sun 15 Mar 2026 12:11:06 INFO  valid result: 
recall@1 : 0.1451    recall@2 : 0.234    recall@3 : 0.2939    recall@4 : 0.3443    recall@5 : 0.3846    recall@10 : 0.5074    recall@20 : 0.645    recall@30 : 0.7189    recall@50 : 0.7964    ndcg@1 : 0.2277    ndcg@2 : 0.2556    ndcg@3 : 0.2753    ndcg@4 : 0.2944    ndcg@5 : 0.3093    ndcg@10 : 0.3538    ndcg@20 : 0.3955    ndcg@30 : 0.4153    ndcg@50 : 0.4341    precision@1 : 0.2277    precision@2 : 0.1931    precision@3 : 0.1657    precision@4 : 0.1502    precision@5 : 0.1366    precision@10 : 0.0964    precision@20 : 0.0645    precision@30 : 0.0495    precision@50 : 0.0339    map@1 : 0.2277    map@2 : 0.2277    map@3 : 0.2334    map@4 : 0.2421    map@5 : 0.2487    map@10 : 0.2683    map@20 : 0.2832    map@30 : 0.289    map@50 : 0.2935
Sun 15 Mar 2026 12:11:06 INFO  Running E-step ! 
Sun 15 Mar 2026 12:11:06 INFO  epoch 282 training [time: 0.16s, train_loss1: 1.4639, train_loss2: 0.0265, train_loss3: 0.0110, train_loss4: 0.0016]
Sun 15 Mar 2026 12:11:06 INFO  epoch 282 evaluating [time: 0.14s, valid_score: 0.353100]
Sun 15 Mar 2026 12:11:06 INFO  valid result: 
recall@1 : 0.1441    recall@2 : 0.2343    recall@3 : 0.2945    recall@4 : 0.3446    recall@5 : 0.3837    recall@10 : 0.5058    recall@20 : 0.6444    recall@30 : 0.7187    recall@50 : 0.7979    ndcg@1 : 0.2271    ndcg@2 : 0.2555    ndcg@3 : 0.2754    ndcg@4 : 0.2941    ndcg@5 : 0.3087    ndcg@10 : 0.3531    ndcg@20 : 0.3951    ndcg@30 : 0.415    ndcg@50 : 0.434    precision@1 : 0.2271    precision@2 : 0.1934    precision@3 : 0.1659    precision@4 : 0.1499    precision@5 : 0.1364    precision@10 : 0.0962    precision@20 : 0.0645    precision@30 : 0.0494    precision@50 : 0.0339    map@1 : 0.2271    map@2 : 0.2274    map@3 : 0.2332    map@4 : 0.2416    map@5 : 0.248    map@10 : 0.2677    map@20 : 0.2827    map@30 : 0.2885    map@50 : 0.2931
Sun 15 Mar 2026 12:11:06 INFO  Running E-step ! 
Sun 15 Mar 2026 12:11:06 INFO  epoch 283 training [time: 0.17s, train_loss1: 1.4901, train_loss2: 0.0265, train_loss3: 0.0110, train_loss4: 0.0016]
Sun 15 Mar 2026 12:11:06 INFO  epoch 283 evaluating [time: 0.14s, valid_score: 0.353900]
Sun 15 Mar 2026 12:11:06 INFO  valid result: 
recall@1 : 0.1456    recall@2 : 0.2352    recall@3 : 0.2937    recall@4 : 0.3446    recall@5 : 0.383    recall@10 : 0.5063    recall@20 : 0.6431    recall@30 : 0.7191    recall@50 : 0.7978    ndcg@1 : 0.2294    ndcg@2 : 0.2568    ndcg@3 : 0.2757    ndcg@4 : 0.2949    ndcg@5 : 0.3092    ndcg@10 : 0.3539    ndcg@20 : 0.3953    ndcg@30 : 0.4157    ndcg@50 : 0.4346    precision@1 : 0.2294    precision@2 : 0.194    precision@3 : 0.1655    precision@4 : 0.1502    precision@5 : 0.1365    precision@10 : 0.0963    precision@20 : 0.0643    precision@30 : 0.0494    precision@50 : 0.0339    map@1 : 0.2294    map@2 : 0.2287    map@3 : 0.2338    map@4 : 0.2425    map@5 : 0.2487    map@10 : 0.2685    map@20 : 0.2833    map@30 : 0.2892    map@50 : 0.2938
Sun 15 Mar 2026 12:11:06 INFO  Running E-step ! 
Sun 15 Mar 2026 12:11:07 INFO  epoch 284 training [time: 0.16s, train_loss1: 1.4647, train_loss2: 0.0264, train_loss3: 0.0110, train_loss4: 0.0016]
Sun 15 Mar 2026 12:11:07 INFO  epoch 284 evaluating [time: 0.14s, valid_score: 0.354100]
Sun 15 Mar 2026 12:11:07 INFO  valid result: 
recall@1 : 0.1454    recall@2 : 0.2356    recall@3 : 0.2943    recall@4 : 0.3451    recall@5 : 0.3828    recall@10 : 0.5069    recall@20 : 0.6436    recall@30 : 0.7206    recall@50 : 0.7977    ndcg@1 : 0.2288    ndcg@2 : 0.2568    ndcg@3 : 0.276    ndcg@4 : 0.295    ndcg@5 : 0.3092    ndcg@10 : 0.3541    ndcg@20 : 0.3955    ndcg@30 : 0.416    ndcg@50 : 0.4346    precision@1 : 0.2288    precision@2 : 0.194    precision@3 : 0.1659    precision@4 : 0.15    precision@5 : 0.1365    precision@10 : 0.0964    precision@20 : 0.0644    precision@30 : 0.0495    precision@50 : 0.0339    map@1 : 0.2288    map@2 : 0.2287    map@3 : 0.234    map@4 : 0.2426    map@5 : 0.2489    map@10 : 0.2686    map@20 : 0.2835    map@30 : 0.2894    map@50 : 0.2939
Sun 15 Mar 2026 12:11:07 INFO  Finished training, best eval result in epoch 263
Sun 15 Mar 2026 12:11:07 INFO  Loading model structure and parameters from saved/SCL-Mar-15-2026_12-09-30.pth
Sun 15 Mar 2026 12:11:07 INFO  best valid : OrderedDict([('recall@1', 0.1498), ('recall@2', 0.2333), ('recall@3', 0.2987), ('recall@4', 0.3478), ('recall@5', 0.3876), ('recall@10', 0.513), ('recall@20', 0.6453), ('recall@30', 0.7191), ('recall@50', 0.797), ('ndcg@1', 0.2336), ('ndcg@2', 0.2578), ('ndcg@3', 0.2799), ('ndcg@4', 0.298), ('ndcg@5', 0.3123), ('ndcg@10', 0.3581), ('ndcg@20', 0.398), ('ndcg@30', 0.418), ('ndcg@50', 0.4369), ('precision@1', 0.2336), ('precision@2', 0.194), ('precision@3', 0.1683), ('precision@4', 0.1512), ('precision@5', 0.1361), ('precision@10', 0.0973), ('precision@20', 0.0644), ('precision@30', 0.0495), ('precision@50', 0.0339), ('map@1', 0.2336), ('map@2', 0.2299), ('map@3', 0.237), ('map@4', 0.2451), ('map@5', 0.2515), ('map@10', 0.2717), ('map@20', 0.2859), ('map@30', 0.2918), ('map@50', 0.2964)])
Sun 15 Mar 2026 12:11:07 INFO  test result: OrderedDict([('recall@1', 0.1613), ('recall@2', 0.2499), ('recall@3', 0.3187), ('recall@4', 0.361), ('recall@5', 0.3999), ('recall@10', 0.5289), ('recall@20', 0.6549), ('recall@30', 0.7379), ('recall@50', 0.8203), ('ndcg@1', 0.2851), ('ndcg@2', 0.2949), ('ndcg@3', 0.3127), ('ndcg@4', 0.3243), ('ndcg@5', 0.3377), ('ndcg@10', 0.3809), ('ndcg@20', 0.4178), ('ndcg@30', 0.4389), ('ndcg@50', 0.4573), ('precision@1', 0.2851), ('precision@2', 0.2251), ('precision@3', 0.1934), ('precision@4', 0.1684), ('precision@5', 0.1529), ('precision@10', 0.1046), ('precision@20', 0.0668), ('precision@30', 0.0505), ('precision@50', 0.0338), ('map@1', 0.2851), ('map@2', 0.2693), ('map@3', 0.2703), ('map@4', 0.2723), ('map@5', 0.2779), ('map@10', 0.2957), ('map@20', 0.3086), ('map@30', 0.3148), ('map@50', 0.3187)])
Sun 15 Mar 2026 12:11:07 INFO  training time: 96.1028s
Sun 15 Mar 2026 12:11:07 INFO  result file: results/scl_seed2027.json
