Sun 15 Mar 2026 12:11:10 INFO  
General Hyper Parameters:
gpu_id = 0
use_gpu = True
seed = 2028
state = INFO
reproducibility = True
data_path = ./travel
checkpoint_dir = saved
show_progress = True
save_dataset = False
dataset_save_path = None
save_dataloaders = False
dataloaders_save_path = None
log_wandb = False

Training Hyper Parameters:
epochs = 1000
train_batch_size = 4096
learner = adam
learning_rate = 0.001
train_neg_sample_args = {'distribution': 'uniform', 'sample_num': 1, 'alpha': 1.0, 'dynamic': False, 'candidate_num': 0}
eval_step = 1
stopping_step = 20
clip_grad_norm = None
weight_decay = 0.0
loss_decimal_place = 4

Evaluation Hyper Parameters:
eval_args = {'split': {'RS': [0.8, 0.1, 0.1]}, 'order': 'RO', 'group_by': 'user', 'mode': {'valid': 'full', 'test': 'full'}}
repeatable = False
metrics = ['Recall', 'NDCG', 'Precision', 'MAP']
topk = [1, 2, 3, 4, 5, 10, 20, 30, 50]
valid_metric = NDCG@10
valid_metric_bigger = True
eval_batch_size = 4096
metric_decimal_place = 4

Dataset Hyper Parameters:
field_separator = 	
seq_separator =  
USER_ID_FIELD = user_id
ITEM_ID_FIELD = item_id
RATING_FIELD = rating
TIME_FIELD = timestamp
seq_len = None
LABEL_FIELD = label
threshold = None
NEG_PREFIX = neg_
load_col = {'inter': ['user_id', 'item_id', 'rating'], 'user': ['user_id', 'post_num', 'follower', 'following', 'timestamp']}
unload_col = None
unused_col = None
additional_feat_suffix = None
rm_dup_inter = None
val_interval = {'rating': '[0,inf)'}
filter_inter_by_user_or_item = True
user_inter_num_interval = [0,inf)
item_inter_num_interval = [0,inf)
alias_of_user_id = None
alias_of_item_id = None
alias_of_entity_id = None
alias_of_relation_id = None
preload_weight = None
normalize_field = None
normalize_all = None
ITEM_LIST_LENGTH_FIELD = item_length
LIST_SUFFIX = _list
MAX_ITEM_LIST_LENGTH = 50
POSITION_FIELD = position_id
HEAD_ENTITY_ID_FIELD = head_id
TAIL_ENTITY_ID_FIELD = tail_id
RELATION_ID_FIELD = relation_id
ENTITY_ID_FIELD = entity_id
benchmark_filename = None

Other Hyper Parameters: 
worker = 0
wandb_project = recbole
shuffle = True
require_pow = False
enable_amp = False
enable_scaler = False
transform = None
numerical_features = []
discretization = None
kg_reverse_r = False
entity_kg_num_interval = [0,inf)
relation_kg_num_interval = [0,inf)
MODEL_TYPE = ModelType.GENERAL
embedding_size = 64
n_layers = 3
reg_weight = 0.0001
ssl_temp = 0.1
ssl_reg = 1e-07
hyper_layers = 1
alpha = 1
proto_reg = 8e-08
semantic_reg = 8e-08
num_clusters = 10
m_step = 1
warm_up_step = 20
user_feature_path = features/roberta_user.npy
item_feature_path = features/roberta_item.npy
MODEL_INPUT_TYPE = InputType.PAIRWISE
eval_type = EvaluatorType.RANKING
single_spec = True
local_rank = 0
device = cuda
valid_neg_sample_args = {'distribution': 'uniform', 'sample_num': 'none'}
test_neg_sample_args = {'distribution': 'uniform', 'sample_num': 'none'}


Sun 15 Mar 2026 12:11:10 INFO  travel
The number of users: 2010
Average actions of users: 18.721254355400696
The number of items: 247
Average actions of items: 152.890243902439
The number of inters: 37611
The sparsity of the dataset: 92.42431566862047%
Remain Fields: ['user_id', 'item_id', 'rating', 'post_num', 'follower', 'following', 'timestamp']
Sun 15 Mar 2026 12:11:10 INFO  [Training]: train_batch_size = [4096] train_neg_sample_args: [{'distribution': 'uniform', 'sample_num': 1, 'alpha': 1.0, 'dynamic': False, 'candidate_num': 0}]
Sun 15 Mar 2026 12:11:10 INFO  [Evaluation]: eval_batch_size = [4096] eval_args: [{'split': {'RS': [0.8, 0.1, 0.1]}, 'order': 'RO', 'group_by': 'user', 'mode': {'valid': 'full', 'test': 'full'}}]
Sun 15 Mar 2026 12:11:12 INFO  SCL(
  (u_MLP): Linear(in_features=1024, out_features=64, bias=True)
  (i_MLP): Linear(in_features=1024, out_features=64, bias=True)
  (user_embedding): Embedding(2010, 64)
  (item_embedding): Embedding(247, 64)
  (mf_loss): BPRLoss()
  (reg_loss): EmbLoss()
)
Trainable parameters: 144448
Sun 15 Mar 2026 12:11:12 INFO  trainable parameters: 144448
Sun 15 Mar 2026 12:11:13 INFO  Running E-step ! 
Sun 15 Mar 2026 12:11:14 INFO  epoch 0 training [time: 0.51s, train_loss1: 5.5426, train_loss2: 0.0201, train_loss3: 0.0115]
Sun 15 Mar 2026 12:11:14 INFO  epoch 0 evaluating [time: 0.19s, valid_score: 0.035600]
Sun 15 Mar 2026 12:11:14 INFO  valid result: 
recall@1 : 0.0079    recall@2 : 0.0154    recall@3 : 0.0199    recall@4 : 0.026    recall@5 : 0.0313    recall@10 : 0.0626    recall@20 : 0.1096    recall@30 : 0.1581    recall@50 : 0.2379    ndcg@1 : 0.0143    ndcg@2 : 0.0177    ndcg@3 : 0.0193    ndcg@4 : 0.022    ndcg@5 : 0.0242    ndcg@10 : 0.0356    ndcg@20 : 0.0496    ndcg@30 : 0.0624    ndcg@50 : 0.0809    precision@1 : 0.0143    precision@2 : 0.014    precision@3 : 0.0129    precision@4 : 0.0134    precision@5 : 0.0132    precision@10 : 0.0138    precision@20 : 0.0124    precision@30 : 0.0123    precision@50 : 0.0112    map@1 : 0.0143    map@2 : 0.0152    map@3 : 0.0151    map@4 : 0.016    map@5 : 0.0168    map@10 : 0.0208    map@20 : 0.0241    map@30 : 0.0265    map@50 : 0.0292
Sun 15 Mar 2026 12:11:14 INFO  Saving current: saved/SCL-Mar-15-2026_12-11-12.pth
Sun 15 Mar 2026 12:11:14 INFO  Saving current best: saved/SCL-Mar-15-2026_12-11-12.pth
Sun 15 Mar 2026 12:11:14 INFO  Running E-step ! 
Sun 15 Mar 2026 12:11:14 INFO  epoch 1 training [time: 0.18s, train_loss1: 5.5426, train_loss2: 0.0151, train_loss3: 0.0114]
Sun 15 Mar 2026 12:11:14 INFO  epoch 1 evaluating [time: 0.14s, valid_score: 0.035800]
Sun 15 Mar 2026 12:11:14 INFO  valid result: 
recall@1 : 0.0081    recall@2 : 0.016    recall@3 : 0.0194    recall@4 : 0.0279    recall@5 : 0.0336    recall@10 : 0.0629    recall@20 : 0.1051    recall@30 : 0.1573    recall@50 : 0.2321    ndcg@1 : 0.0161    ndcg@2 : 0.019    ndcg@3 : 0.0192    ndcg@4 : 0.0231    ndcg@5 : 0.0253    ndcg@10 : 0.0358    ndcg@20 : 0.0486    ndcg@30 : 0.062    ndcg@50 : 0.0798    precision@1 : 0.0161    precision@2 : 0.0152    precision@3 : 0.0123    precision@4 : 0.014    precision@5 : 0.0136    precision@10 : 0.0134    precision@20 : 0.0118    precision@30 : 0.0118    precision@50 : 0.011    map@1 : 0.0161    map@2 : 0.0161    map@3 : 0.0152    map@4 : 0.0168    map@5 : 0.0175    map@10 : 0.021    map@20 : 0.0241    map@30 : 0.0266    map@50 : 0.0292
Sun 15 Mar 2026 12:11:14 INFO  Saving current: saved/SCL-Mar-15-2026_12-11-12.pth
Sun 15 Mar 2026 12:11:14 INFO  Saving current best: saved/SCL-Mar-15-2026_12-11-12.pth
Sun 15 Mar 2026 12:11:14 INFO  Running E-step ! 
Sun 15 Mar 2026 12:11:14 INFO  epoch 2 training [time: 0.18s, train_loss1: 5.5421, train_loss2: 0.0131, train_loss3: 0.0113]
Sun 15 Mar 2026 12:11:14 INFO  epoch 2 evaluating [time: 0.14s, valid_score: 0.038800]
Sun 15 Mar 2026 12:11:14 INFO  valid result: 
recall@1 : 0.0081    recall@2 : 0.0148    recall@3 : 0.0215    recall@4 : 0.0292    recall@5 : 0.0348    recall@10 : 0.0698    recall@20 : 0.1116    recall@30 : 0.1592    recall@50 : 0.2371    ndcg@1 : 0.0179    ndcg@2 : 0.0188    ndcg@3 : 0.021    ndcg@4 : 0.0242    ndcg@5 : 0.0264    ndcg@10 : 0.0388    ndcg@20 : 0.0514    ndcg@30 : 0.0639    ndcg@50 : 0.0824    precision@1 : 0.0179    precision@2 : 0.0152    precision@3 : 0.0145    precision@4 : 0.0149    precision@5 : 0.0145    precision@10 : 0.0146    precision@20 : 0.0124    precision@30 : 0.0121    precision@50 : 0.0112    map@1 : 0.0179    map@2 : 0.0158    map@3 : 0.016    map@4 : 0.0171    map@5 : 0.0178    map@10 : 0.0222    map@20 : 0.0251    map@30 : 0.0275    map@50 : 0.0302
Sun 15 Mar 2026 12:11:14 INFO  Saving current: saved/SCL-Mar-15-2026_12-11-12.pth
Sun 15 Mar 2026 12:11:14 INFO  Saving current best: saved/SCL-Mar-15-2026_12-11-12.pth
Sun 15 Mar 2026 12:11:14 INFO  Running E-step ! 
Sun 15 Mar 2026 12:11:15 INFO  epoch 3 training [time: 0.18s, train_loss1: 5.5415, train_loss2: 0.0115, train_loss3: 0.0112]
Sun 15 Mar 2026 12:11:15 INFO  epoch 3 evaluating [time: 0.14s, valid_score: 0.040500]
Sun 15 Mar 2026 12:11:15 INFO  valid result: 
recall@1 : 0.0091    recall@2 : 0.0143    recall@3 : 0.0217    recall@4 : 0.031    recall@5 : 0.0388    recall@10 : 0.0705    recall@20 : 0.1152    recall@30 : 0.1671    recall@50 : 0.2502    ndcg@1 : 0.0209    ndcg@2 : 0.0197    ndcg@3 : 0.0226    ndcg@4 : 0.0261    ndcg@5 : 0.029    ndcg@10 : 0.0405    ndcg@20 : 0.0541    ndcg@30 : 0.0677    ndcg@50 : 0.087    precision@1 : 0.0209    precision@2 : 0.0158    precision@3 : 0.0163    precision@4 : 0.0164    precision@5 : 0.0162    precision@10 : 0.0151    precision@20 : 0.013    precision@30 : 0.0129    precision@50 : 0.0117    map@1 : 0.0209    map@2 : 0.0165    map@3 : 0.017    map@4 : 0.0183    map@5 : 0.0193    map@10 : 0.0233    map@20 : 0.0266    map@30 : 0.0292    map@50 : 0.0321
Sun 15 Mar 2026 12:11:15 INFO  Saving current: saved/SCL-Mar-15-2026_12-11-12.pth
Sun 15 Mar 2026 12:11:15 INFO  Saving current best: saved/SCL-Mar-15-2026_12-11-12.pth
Sun 15 Mar 2026 12:11:15 INFO  Running E-step ! 
Sun 15 Mar 2026 12:11:15 INFO  epoch 4 training [time: 0.17s, train_loss1: 5.5408, train_loss2: 0.0102, train_loss3: 0.0111]
Sun 15 Mar 2026 12:11:15 INFO  epoch 4 evaluating [time: 0.14s, valid_score: 0.043700]
Sun 15 Mar 2026 12:11:15 INFO  valid result: 
recall@1 : 0.0099    recall@2 : 0.0145    recall@3 : 0.0239    recall@4 : 0.0345    recall@5 : 0.0428    recall@10 : 0.0761    recall@20 : 0.1218    recall@30 : 0.1695    recall@50 : 0.2547    ndcg@1 : 0.0244    ndcg@2 : 0.0216    ndcg@3 : 0.0248    ndcg@4 : 0.0291    ndcg@5 : 0.0319    ndcg@10 : 0.0437    ndcg@20 : 0.0574    ndcg@30 : 0.0703    ndcg@50 : 0.0898    precision@1 : 0.0244    precision@2 : 0.0176    precision@3 : 0.0177    precision@4 : 0.0188    precision@5 : 0.018    precision@10 : 0.0162    precision@20 : 0.0135    precision@30 : 0.0132    precision@50 : 0.0119    map@1 : 0.0244    map@2 : 0.0183    map@3 : 0.0187    map@4 : 0.0202    map@5 : 0.0211    map@10 : 0.0252    map@20 : 0.0284    map@30 : 0.0309    map@50 : 0.0338
Sun 15 Mar 2026 12:11:15 INFO  Saving current: saved/SCL-Mar-15-2026_12-11-12.pth
Sun 15 Mar 2026 12:11:15 INFO  Saving current best: saved/SCL-Mar-15-2026_12-11-12.pth
Sun 15 Mar 2026 12:11:15 INFO  Running E-step ! 
Sun 15 Mar 2026 12:11:15 INFO  epoch 5 training [time: 0.18s, train_loss1: 5.5399, train_loss2: 0.0092, train_loss3: 0.0110]
Sun 15 Mar 2026 12:11:15 INFO  epoch 5 evaluating [time: 0.14s, valid_score: 0.046200]
Sun 15 Mar 2026 12:11:15 INFO  valid result: 
recall@1 : 0.0115    recall@2 : 0.0156    recall@3 : 0.0229    recall@4 : 0.0357    recall@5 : 0.0475    recall@10 : 0.0798    recall@20 : 0.1298    recall@30 : 0.1725    recall@50 : 0.2631    ndcg@1 : 0.0262    ndcg@2 : 0.0232    ndcg@3 : 0.0251    ndcg@4 : 0.0306    ndcg@5 : 0.035    ndcg@10 : 0.0462    ndcg@20 : 0.0609    ndcg@30 : 0.0726    ndcg@50 : 0.0935    precision@1 : 0.0262    precision@2 : 0.0188    precision@3 : 0.0177    precision@4 : 0.0195    precision@5 : 0.02    precision@10 : 0.017    precision@20 : 0.0142    precision@30 : 0.0134    precision@50 : 0.0124    map@1 : 0.0262    map@2 : 0.02    map@3 : 0.0193    map@4 : 0.0215    map@5 : 0.0232    map@10 : 0.0268    map@20 : 0.0304    map@30 : 0.0326    map@50 : 0.0358
Sun 15 Mar 2026 12:11:15 INFO  Saving current: saved/SCL-Mar-15-2026_12-11-12.pth
Sun 15 Mar 2026 12:11:15 INFO  Saving current best: saved/SCL-Mar-15-2026_12-11-12.pth
Sun 15 Mar 2026 12:11:15 INFO  Running E-step ! 
Sun 15 Mar 2026 12:11:16 INFO  epoch 6 training [time: 0.18s, train_loss1: 5.5390, train_loss2: 0.0083, train_loss3: 0.0109]
Sun 15 Mar 2026 12:11:16 INFO  epoch 6 evaluating [time: 0.14s, valid_score: 0.048600]
Sun 15 Mar 2026 12:11:16 INFO  valid result: 
recall@1 : 0.0132    recall@2 : 0.0168    recall@3 : 0.0282    recall@4 : 0.0389    recall@5 : 0.0482    recall@10 : 0.0816    recall@20 : 0.1348    recall@30 : 0.1799    recall@50 : 0.2696    ndcg@1 : 0.0286    ndcg@2 : 0.026    ndcg@3 : 0.0298    ndcg@4 : 0.0339    ndcg@5 : 0.0374    ndcg@10 : 0.0486    ndcg@20 : 0.0647    ndcg@30 : 0.0767    ndcg@50 : 0.0974    precision@1 : 0.0286    precision@2 : 0.0215    precision@3 : 0.0213    precision@4 : 0.0215    precision@5 : 0.0213    precision@10 : 0.0176    precision@20 : 0.0152    precision@30 : 0.014    precision@50 : 0.0127    map@1 : 0.0286    map@2 : 0.0222    map@3 : 0.0227    map@4 : 0.024    map@5 : 0.0251    map@10 : 0.0287    map@20 : 0.0327    map@30 : 0.0351    map@50 : 0.0383
Sun 15 Mar 2026 12:11:16 INFO  Saving current: saved/SCL-Mar-15-2026_12-11-12.pth
Sun 15 Mar 2026 12:11:16 INFO  Saving current best: saved/SCL-Mar-15-2026_12-11-12.pth
Sun 15 Mar 2026 12:11:16 INFO  Running E-step ! 
Sun 15 Mar 2026 12:11:16 INFO  epoch 7 training [time: 0.18s, train_loss1: 5.5378, train_loss2: 0.0076, train_loss3: 0.0108]
Sun 15 Mar 2026 12:11:16 INFO  epoch 7 evaluating [time: 0.14s, valid_score: 0.052400]
Sun 15 Mar 2026 12:11:16 INFO  valid result: 
recall@1 : 0.0138    recall@2 : 0.0191    recall@3 : 0.0321    recall@4 : 0.0436    recall@5 : 0.0519    recall@10 : 0.087    recall@20 : 0.1413    recall@30 : 0.1906    recall@50 : 0.2743    ndcg@1 : 0.031    ndcg@2 : 0.0289    ndcg@3 : 0.0338    ndcg@4 : 0.0378    ndcg@5 : 0.0405    ndcg@10 : 0.0524    ndcg@20 : 0.0688    ndcg@30 : 0.0818    ndcg@50 : 0.1014    precision@1 : 0.031    precision@2 : 0.0241    precision@3 : 0.025    precision@4 : 0.0243    precision@5 : 0.0226    precision@10 : 0.019    precision@20 : 0.016    precision@30 : 0.0148    precision@50 : 0.013    map@1 : 0.031    map@2 : 0.0243    map@3 : 0.0252    map@4 : 0.0265    map@5 : 0.0273    map@10 : 0.0309    map@20 : 0.0351    map@30 : 0.0377    map@50 : 0.0408
Sun 15 Mar 2026 12:11:16 INFO  Saving current: saved/SCL-Mar-15-2026_12-11-12.pth
Sun 15 Mar 2026 12:11:16 INFO  Saving current best: saved/SCL-Mar-15-2026_12-11-12.pth
Sun 15 Mar 2026 12:11:16 INFO  Running E-step ! 
Sun 15 Mar 2026 12:11:16 INFO  epoch 8 training [time: 0.20s, train_loss1: 5.5364, train_loss2: 0.0070, train_loss3: 0.0108]
Sun 15 Mar 2026 12:11:16 INFO  epoch 8 evaluating [time: 0.14s, valid_score: 0.057000]
Sun 15 Mar 2026 12:11:16 INFO  valid result: 
recall@1 : 0.015    recall@2 : 0.0251    recall@3 : 0.0362    recall@4 : 0.0444    recall@5 : 0.0538    recall@10 : 0.093    recall@20 : 0.1515    recall@30 : 0.2019    recall@50 : 0.2886    ndcg@1 : 0.0346    ndcg@2 : 0.035    ndcg@3 : 0.0386    ndcg@4 : 0.0407    ndcg@5 : 0.0437    ndcg@10 : 0.057    ndcg@20 : 0.0749    ndcg@30 : 0.0883    ndcg@50 : 0.1083    precision@1 : 0.0346    precision@2 : 0.0295    precision@3 : 0.0286    precision@4 : 0.0258    precision@5 : 0.0241    precision@10 : 0.0205    precision@20 : 0.0176    precision@30 : 0.0159    precision@50 : 0.0137    map@1 : 0.0346    map@2 : 0.0289    map@3 : 0.0289    map@4 : 0.029    map@5 : 0.0298    map@10 : 0.0342    map@20 : 0.0387    map@30 : 0.0414    map@50 : 0.0446
Sun 15 Mar 2026 12:11:17 INFO  Saving current: saved/SCL-Mar-15-2026_12-11-12.pth
Sun 15 Mar 2026 12:11:17 INFO  Saving current best: saved/SCL-Mar-15-2026_12-11-12.pth
Sun 15 Mar 2026 12:11:17 INFO  Running E-step ! 
Sun 15 Mar 2026 12:11:17 INFO  epoch 9 training [time: 0.20s, train_loss1: 5.5347, train_loss2: 0.0066, train_loss3: 0.0107]
Sun 15 Mar 2026 12:11:17 INFO  epoch 9 evaluating [time: 0.14s, valid_score: 0.064400]
Sun 15 Mar 2026 12:11:17 INFO  valid result: 
recall@1 : 0.0164    recall@2 : 0.0291    recall@3 : 0.04    recall@4 : 0.0505    recall@5 : 0.0597    recall@10 : 0.1055    recall@20 : 0.1602    recall@30 : 0.214    recall@50 : 0.3056    ndcg@1 : 0.0381    ndcg@2 : 0.0398    ndcg@3 : 0.0429    ndcg@4 : 0.0459    ndcg@5 : 0.0487    ndcg@10 : 0.0644    ndcg@20 : 0.0814    ndcg@30 : 0.0956    ndcg@50 : 0.1165    precision@1 : 0.0381    precision@2 : 0.0337    precision@3 : 0.0316    precision@4 : 0.0292    precision@5 : 0.0272    precision@10 : 0.0233    precision@20 : 0.019    precision@30 : 0.0169    precision@50 : 0.0144    map@1 : 0.0381    map@2 : 0.0331    map@3 : 0.0323    map@4 : 0.0326    map@5 : 0.0333    map@10 : 0.0386    map@20 : 0.043    map@30 : 0.046    map@50 : 0.0494
Sun 15 Mar 2026 12:11:17 INFO  Saving current: saved/SCL-Mar-15-2026_12-11-12.pth
Sun 15 Mar 2026 12:11:17 INFO  Saving current best: saved/SCL-Mar-15-2026_12-11-12.pth
Sun 15 Mar 2026 12:11:17 INFO  Running E-step ! 
Sun 15 Mar 2026 12:11:17 INFO  epoch 10 training [time: 0.19s, train_loss1: 5.5326, train_loss2: 0.0064, train_loss3: 0.0107]
Sun 15 Mar 2026 12:11:17 INFO  epoch 10 evaluating [time: 0.14s, valid_score: 0.073300]
Sun 15 Mar 2026 12:11:17 INFO  valid result: 
recall@1 : 0.0189    recall@2 : 0.0362    recall@3 : 0.0518    recall@4 : 0.0624    recall@5 : 0.0724    recall@10 : 0.1153    recall@20 : 0.175    recall@30 : 0.2342    recall@50 : 0.3182    ndcg@1 : 0.0429    ndcg@2 : 0.0471    ndcg@3 : 0.0523    ndcg@4 : 0.0555    ndcg@5 : 0.0585    ndcg@10 : 0.0733    ndcg@20 : 0.0916    ndcg@30 : 0.1073    ndcg@50 : 0.1267    precision@1 : 0.0429    precision@2 : 0.0399    precision@3 : 0.0383    precision@4 : 0.0355    precision@5 : 0.0324    precision@10 : 0.026    precision@20 : 0.0207    precision@30 : 0.0187    precision@50 : 0.0152    map@1 : 0.0429    map@2 : 0.0392    map@3 : 0.0396    map@4 : 0.0397    map@5 : 0.0404    map@10 : 0.0453    map@20 : 0.0504    map@30 : 0.0538    map@50 : 0.0569
Sun 15 Mar 2026 12:11:17 INFO  Saving current: saved/SCL-Mar-15-2026_12-11-12.pth
Sun 15 Mar 2026 12:11:17 INFO  Saving current best: saved/SCL-Mar-15-2026_12-11-12.pth
Sun 15 Mar 2026 12:11:17 INFO  Running E-step ! 
Sun 15 Mar 2026 12:11:17 INFO  epoch 11 training [time: 0.19s, train_loss1: 5.5300, train_loss2: 0.0064, train_loss3: 0.0106]
Sun 15 Mar 2026 12:11:18 INFO  epoch 11 evaluating [time: 0.14s, valid_score: 0.083500]
Sun 15 Mar 2026 12:11:18 INFO  valid result: 
recall@1 : 0.0236    recall@2 : 0.0448    recall@3 : 0.0603    recall@4 : 0.0714    recall@5 : 0.0832    recall@10 : 0.1254    recall@20 : 0.1962    recall@30 : 0.2537    recall@50 : 0.3431    ndcg@1 : 0.0513    ndcg@2 : 0.0576    ndcg@3 : 0.0622    ndcg@4 : 0.0648    ndcg@5 : 0.0689    ndcg@10 : 0.0835    ndcg@20 : 0.1052    ndcg@30 : 0.1202    ndcg@50 : 0.1409    precision@1 : 0.0513    precision@2 : 0.0495    precision@3 : 0.0457    precision@4 : 0.0404    precision@5 : 0.0381    precision@10 : 0.0291    precision@20 : 0.0235    precision@30 : 0.0202    precision@50 : 0.0164    map@1 : 0.0513    map@2 : 0.0477    map@3 : 0.0476    map@4 : 0.0473    map@5 : 0.0483    map@10 : 0.0533    map@20 : 0.0594    map@30 : 0.0627    map@50 : 0.0662
Sun 15 Mar 2026 12:11:18 INFO  Saving current: saved/SCL-Mar-15-2026_12-11-12.pth
Sun 15 Mar 2026 12:11:18 INFO  Saving current best: saved/SCL-Mar-15-2026_12-11-12.pth
Sun 15 Mar 2026 12:11:18 INFO  Running E-step ! 
Sun 15 Mar 2026 12:11:18 INFO  epoch 12 training [time: 0.20s, train_loss1: 5.5267, train_loss2: 0.0065, train_loss3: 0.0106]
Sun 15 Mar 2026 12:11:18 INFO  epoch 12 evaluating [time: 0.14s, valid_score: 0.099000]
Sun 15 Mar 2026 12:11:18 INFO  valid result: 
recall@1 : 0.0306    recall@2 : 0.0518    recall@3 : 0.069    recall@4 : 0.0812    recall@5 : 0.0965    recall@10 : 0.1466    recall@20 : 0.2248    recall@30 : 0.2783    recall@50 : 0.3671    ndcg@1 : 0.0644    ndcg@2 : 0.0683    ndcg@3 : 0.0728    ndcg@4 : 0.0759    ndcg@5 : 0.0817    ndcg@10 : 0.099    ndcg@20 : 0.1226    ndcg@30 : 0.137    ndcg@50 : 0.1577    precision@1 : 0.0644    precision@2 : 0.0575    precision@3 : 0.0526    precision@4 : 0.0471    precision@5 : 0.0453    precision@10 : 0.0344    precision@20 : 0.0266    precision@30 : 0.0224    precision@50 : 0.0178    map@1 : 0.0644    map@2 : 0.0575    map@3 : 0.0565    map@4 : 0.0563    map@5 : 0.0585    map@10 : 0.0644    map@20 : 0.0713    map@30 : 0.0746    map@50 : 0.0782
Sun 15 Mar 2026 12:11:18 INFO  Saving current: saved/SCL-Mar-15-2026_12-11-12.pth
Sun 15 Mar 2026 12:11:18 INFO  Saving current best: saved/SCL-Mar-15-2026_12-11-12.pth
Sun 15 Mar 2026 12:11:18 INFO  Running E-step ! 
Sun 15 Mar 2026 12:11:18 INFO  epoch 13 training [time: 0.18s, train_loss1: 5.5222, train_loss2: 0.0070, train_loss3: 0.0105]
Sun 15 Mar 2026 12:11:18 INFO  epoch 13 evaluating [time: 0.14s, valid_score: 0.117900]
Sun 15 Mar 2026 12:11:18 INFO  valid result: 
recall@1 : 0.0351    recall@2 : 0.063    recall@3 : 0.0807    recall@4 : 0.0985    recall@5 : 0.1154    recall@10 : 0.177    recall@20 : 0.2577    recall@30 : 0.3128    recall@50 : 0.4057    ndcg@1 : 0.0739    ndcg@2 : 0.0809    ndcg@3 : 0.0849    ndcg@4 : 0.0903    ndcg@5 : 0.0963    ndcg@10 : 0.1179    ndcg@20 : 0.1425    ndcg@30 : 0.1572    ndcg@50 : 0.1789    precision@1 : 0.0739    precision@2 : 0.0691    precision@3 : 0.0616    precision@4 : 0.0562    precision@5 : 0.0527    precision@10 : 0.041    precision@20 : 0.0306    precision@30 : 0.0251    precision@50 : 0.0197    map@1 : 0.0739    map@2 : 0.0684    map@3 : 0.0667    map@4 : 0.0678    map@5 : 0.0697    map@10 : 0.0775    map@20 : 0.0849    map@30 : 0.0885    map@50 : 0.0925
Sun 15 Mar 2026 12:11:18 INFO  Saving current: saved/SCL-Mar-15-2026_12-11-12.pth
Sun 15 Mar 2026 12:11:18 INFO  Saving current best: saved/SCL-Mar-15-2026_12-11-12.pth
Sun 15 Mar 2026 12:11:18 INFO  Running E-step ! 
Sun 15 Mar 2026 12:11:18 INFO  epoch 14 training [time: 0.20s, train_loss1: 5.5164, train_loss2: 0.0080, train_loss3: 0.0105]
Sun 15 Mar 2026 12:11:19 INFO  epoch 14 evaluating [time: 0.14s, valid_score: 0.140300]
Sun 15 Mar 2026 12:11:19 INFO  valid result: 
recall@1 : 0.0405    recall@2 : 0.0729    recall@3 : 0.0972    recall@4 : 0.1185    recall@5 : 0.1428    recall@10 : 0.2117    recall@20 : 0.2969    recall@30 : 0.3572    recall@50 : 0.448    ndcg@1 : 0.0864    ndcg@2 : 0.093    ndcg@3 : 0.1001    ndcg@4 : 0.1065    ndcg@5 : 0.1153    ndcg@10 : 0.1403    ndcg@20 : 0.1663    ndcg@30 : 0.1822    ndcg@50 : 0.2037    precision@1 : 0.0864    precision@2 : 0.0793    precision@3 : 0.0725    precision@4 : 0.0659    precision@5 : 0.0627    precision@10 : 0.049    precision@20 : 0.0354    precision@30 : 0.0285    precision@50 : 0.0218    map@1 : 0.0864    map@2 : 0.0791    map@3 : 0.079    map@4 : 0.0801    map@5 : 0.0835    map@10 : 0.0933    map@20 : 0.1013    map@30 : 0.1053    map@50 : 0.1094
Sun 15 Mar 2026 12:11:19 INFO  Saving current: saved/SCL-Mar-15-2026_12-11-12.pth
Sun 15 Mar 2026 12:11:19 INFO  Saving current best: saved/SCL-Mar-15-2026_12-11-12.pth
Sun 15 Mar 2026 12:11:19 INFO  Running E-step ! 
Sun 15 Mar 2026 12:11:19 INFO  epoch 15 training [time: 0.20s, train_loss1: 5.5079, train_loss2: 0.0096, train_loss3: 0.0104]
Sun 15 Mar 2026 12:11:19 INFO  epoch 15 evaluating [time: 0.14s, valid_score: 0.165700]
Sun 15 Mar 2026 12:11:19 INFO  valid result: 
recall@1 : 0.0463    recall@2 : 0.0914    recall@3 : 0.1229    recall@4 : 0.1475    recall@5 : 0.1718    recall@10 : 0.2492    recall@20 : 0.3487    recall@30 : 0.4173    recall@50 : 0.5043    ndcg@1 : 0.0954    ndcg@2 : 0.1106    ndcg@3 : 0.1202    ndcg@4 : 0.1285    ndcg@5 : 0.1375    ndcg@10 : 0.1657    ndcg@20 : 0.1963    ndcg@30 : 0.2147    ndcg@50 : 0.2353    precision@1 : 0.0954    precision@2 : 0.0951    precision@3 : 0.0858    precision@4 : 0.0788    precision@5 : 0.0741    precision@10 : 0.0572    precision@20 : 0.0413    precision@30 : 0.0334    precision@50 : 0.0245    map@1 : 0.0954    map@2 : 0.0939    map@3 : 0.0948    map@4 : 0.0973    map@5 : 0.1011    map@10 : 0.1123    map@20 : 0.1223    map@30 : 0.1272    map@50 : 0.1315
Sun 15 Mar 2026 12:11:19 INFO  Saving current: saved/SCL-Mar-15-2026_12-11-12.pth
Sun 15 Mar 2026 12:11:19 INFO  Saving current best: saved/SCL-Mar-15-2026_12-11-12.pth
Sun 15 Mar 2026 12:11:19 INFO  Running E-step ! 
Sun 15 Mar 2026 12:11:19 INFO  epoch 16 training [time: 0.19s, train_loss1: 5.4947, train_loss2: 0.0123, train_loss3: 0.0104]
Sun 15 Mar 2026 12:11:19 INFO  epoch 16 evaluating [time: 0.14s, valid_score: 0.200400]
Sun 15 Mar 2026 12:11:19 INFO  valid result: 
recall@1 : 0.0631    recall@2 : 0.1067    recall@3 : 0.1443    recall@4 : 0.1765    recall@5 : 0.2011    recall@10 : 0.3007    recall@20 : 0.4156    recall@30 : 0.4836    recall@50 : 0.5779    ndcg@1 : 0.1228    ndcg@2 : 0.1295    ndcg@3 : 0.1435    ndcg@4 : 0.1552    ndcg@5 : 0.1644    ndcg@10 : 0.2004    ndcg@20 : 0.2357    ndcg@30 : 0.2541    ndcg@50 : 0.276    precision@1 : 0.1228    precision@2 : 0.1055    precision@3 : 0.0993    precision@4 : 0.0934    precision@5 : 0.0871    precision@10 : 0.0675    precision@20 : 0.0483    precision@30 : 0.0381    precision@50 : 0.0274    map@1 : 0.1228    map@2 : 0.1117    map@3 : 0.1155    map@4 : 0.1197    map@5 : 0.1236    map@10 : 0.1387    map@20 : 0.1508    map@30 : 0.1559    map@50 : 0.1606
Sun 15 Mar 2026 12:11:19 INFO  Saving current: saved/SCL-Mar-15-2026_12-11-12.pth
Sun 15 Mar 2026 12:11:19 INFO  Saving current best: saved/SCL-Mar-15-2026_12-11-12.pth
Sun 15 Mar 2026 12:11:19 INFO  Running E-step ! 
Sun 15 Mar 2026 12:11:20 INFO  epoch 17 training [time: 0.19s, train_loss1: 5.4739, train_loss2: 0.0162, train_loss3: 0.0104]
Sun 15 Mar 2026 12:11:20 INFO  epoch 17 evaluating [time: 0.14s, valid_score: 0.241000]
Sun 15 Mar 2026 12:11:20 INFO  valid result: 
recall@1 : 0.0767    recall@2 : 0.132    recall@3 : 0.1751    recall@4 : 0.2116    recall@5 : 0.2448    recall@10 : 0.3682    recall@20 : 0.4895    recall@30 : 0.5627    recall@50 : 0.6521    ndcg@1 : 0.1442    ndcg@2 : 0.1568    ndcg@3 : 0.1701    ndcg@4 : 0.1836    ndcg@5 : 0.1959    ndcg@10 : 0.241    ndcg@20 : 0.2781    ndcg@30 : 0.2975    ndcg@50 : 0.3183    precision@1 : 0.1442    precision@2 : 0.1263    precision@3 : 0.1132    precision@4 : 0.1059    precision@5 : 0.0988    precision@10 : 0.0787    precision@20 : 0.0545    precision@30 : 0.0425    precision@50 : 0.0298    map@1 : 0.1442    map@2 : 0.1363    map@3 : 0.1379    map@4 : 0.1433    map@5 : 0.1485    map@10 : 0.1679    map@20 : 0.1811    map@30 : 0.1867    map@50 : 0.1911
Sun 15 Mar 2026 12:11:20 INFO  Saving current: saved/SCL-Mar-15-2026_12-11-12.pth
Sun 15 Mar 2026 12:11:20 INFO  Saving current best: saved/SCL-Mar-15-2026_12-11-12.pth
Sun 15 Mar 2026 12:11:20 INFO  Running E-step ! 
Sun 15 Mar 2026 12:11:20 INFO  epoch 18 training [time: 0.20s, train_loss1: 5.4371, train_loss2: 0.0227, train_loss3: 0.0104]
Sun 15 Mar 2026 12:11:20 INFO  epoch 18 evaluating [time: 0.14s, valid_score: 0.282200]
Sun 15 Mar 2026 12:11:20 INFO  valid result: 
recall@1 : 0.1018    recall@2 : 0.1556    recall@3 : 0.2076    recall@4 : 0.2557    recall@5 : 0.2966    recall@10 : 0.429    recall@20 : 0.5607    recall@30 : 0.6246    recall@50 : 0.7074    ndcg@1 : 0.183    ndcg@2 : 0.1847    ndcg@3 : 0.2018    ndcg@4 : 0.219    ndcg@5 : 0.2343    ndcg@10 : 0.2822    ndcg@20 : 0.3226    ndcg@30 : 0.3399    ndcg@50 : 0.3591    precision@1 : 0.183    precision@2 : 0.1418    precision@3 : 0.1273    precision@4 : 0.1178    precision@5 : 0.1106    precision@10 : 0.0854    precision@20 : 0.0591    precision@30 : 0.0451    precision@50 : 0.031    map@1 : 0.183    map@2 : 0.1621    map@3 : 0.1666    map@4 : 0.1736    map@5 : 0.1801    map@10 : 0.2007    map@20 : 0.2151    map@30 : 0.2203    map@50 : 0.2245
Sun 15 Mar 2026 12:11:20 INFO  Saving current: saved/SCL-Mar-15-2026_12-11-12.pth
Sun 15 Mar 2026 12:11:20 INFO  Saving current best: saved/SCL-Mar-15-2026_12-11-12.pth
Sun 15 Mar 2026 12:11:20 INFO  Running E-step ! 
Sun 15 Mar 2026 12:11:20 INFO  epoch 19 training [time: 0.19s, train_loss1: 5.3579, train_loss2: 0.0309, train_loss3: 0.0104]
Sun 15 Mar 2026 12:11:20 INFO  epoch 19 evaluating [time: 0.14s, valid_score: 0.305400]
Sun 15 Mar 2026 12:11:20 INFO  valid result: 
recall@1 : 0.1179    recall@2 : 0.1957    recall@3 : 0.2493    recall@4 : 0.2877    recall@5 : 0.3193    recall@10 : 0.4535    recall@20 : 0.6023    recall@30 : 0.6586    recall@50 : 0.7342    ndcg@1 : 0.1937    ndcg@2 : 0.216    ndcg@3 : 0.2337    ndcg@4 : 0.2466    ndcg@5 : 0.2581    ndcg@10 : 0.3054    ndcg@20 : 0.3502    ndcg@30 : 0.3658    ndcg@50 : 0.3841    precision@1 : 0.1937    precision@2 : 0.1636    precision@3 : 0.1424    precision@4 : 0.1263    precision@5 : 0.1148    precision@10 : 0.0859    precision@20 : 0.0605    precision@30 : 0.0456    precision@50 : 0.0315    map@1 : 0.1937    map@2 : 0.1907    map@3 : 0.1949    map@4 : 0.199    map@5 : 0.2038    map@10 : 0.2234    map@20 : 0.239    map@30 : 0.2437    map@50 : 0.2481
Sun 15 Mar 2026 12:11:20 INFO  Saving current: saved/SCL-Mar-15-2026_12-11-12.pth
Sun 15 Mar 2026 12:11:20 INFO  Saving current best: saved/SCL-Mar-15-2026_12-11-12.pth
Sun 15 Mar 2026 12:11:20 INFO  Running E-step ! 
Sun 15 Mar 2026 12:11:21 INFO  epoch 20 training [time: 0.19s, train_loss1: 5.2000, train_loss2: 0.0352, train_loss3: 0.0105, train_loss4: 0.0034]
Sun 15 Mar 2026 12:11:21 INFO  epoch 20 evaluating [time: 0.14s, valid_score: 0.309800]
Sun 15 Mar 2026 12:11:21 INFO  valid result: 
recall@1 : 0.1178    recall@2 : 0.2028    recall@3 : 0.2525    recall@4 : 0.2971    recall@5 : 0.3389    recall@10 : 0.4598    recall@20 : 0.6    recall@30 : 0.6693    recall@50 : 0.7465    ndcg@1 : 0.1937    ndcg@2 : 0.2201    ndcg@3 : 0.2353    ndcg@4 : 0.2518    ndcg@5 : 0.2675    ndcg@10 : 0.3098    ndcg@20 : 0.3517    ndcg@30 : 0.3702    ndcg@50 : 0.3891    precision@1 : 0.1937    precision@2 : 0.1663    precision@3 : 0.1416    precision@4 : 0.1295    precision@5 : 0.1198    precision@10 : 0.0861    precision@20 : 0.0594    precision@30 : 0.0453    precision@50 : 0.0315    map@1 : 0.1937    map@2 : 0.1938    map@3 : 0.1964    map@4 : 0.2028    map@5 : 0.2098    map@10 : 0.2272    map@20 : 0.2414    map@30 : 0.2466    map@50 : 0.2511
Sun 15 Mar 2026 12:11:21 INFO  Saving current: saved/SCL-Mar-15-2026_12-11-12.pth
Sun 15 Mar 2026 12:11:21 INFO  Saving current best: saved/SCL-Mar-15-2026_12-11-12.pth
Sun 15 Mar 2026 12:11:21 INFO  Running E-step ! 
Sun 15 Mar 2026 12:11:21 INFO  epoch 21 training [time: 0.20s, train_loss1: 4.9485, train_loss2: 0.0368, train_loss3: 0.0106, train_loss4: 0.0044]
Sun 15 Mar 2026 12:11:21 INFO  epoch 21 evaluating [time: 0.14s, valid_score: 0.312900]
Sun 15 Mar 2026 12:11:21 INFO  valid result: 
recall@1 : 0.1139    recall@2 : 0.2027    recall@3 : 0.2655    recall@4 : 0.3075    recall@5 : 0.3474    recall@10 : 0.468    recall@20 : 0.6052    recall@30 : 0.684    recall@50 : 0.7623    ndcg@1 : 0.1925    ndcg@2 : 0.2192    ndcg@3 : 0.2407    ndcg@4 : 0.2557    ndcg@5 : 0.2708    ndcg@10 : 0.3129    ndcg@20 : 0.3533    ndcg@30 : 0.3743    ndcg@50 : 0.3935    precision@1 : 0.1925    precision@2 : 0.166    precision@3 : 0.1458    precision@4 : 0.1314    precision@5 : 0.1213    precision@10 : 0.0866    precision@20 : 0.0586    precision@30 : 0.0456    precision@50 : 0.0317    map@1 : 0.1925    map@2 : 0.1926    map@3 : 0.1991    map@4 : 0.2043    map@5 : 0.2109    map@10 : 0.2282    map@20 : 0.2416    map@30 : 0.2475    map@50 : 0.252
Sun 15 Mar 2026 12:11:21 INFO  Saving current: saved/SCL-Mar-15-2026_12-11-12.pth
Sun 15 Mar 2026 12:11:21 INFO  Saving current best: saved/SCL-Mar-15-2026_12-11-12.pth
Sun 15 Mar 2026 12:11:21 INFO  Running E-step ! 
Sun 15 Mar 2026 12:11:21 INFO  epoch 22 training [time: 0.18s, train_loss1: 4.6056, train_loss2: 0.0373, train_loss3: 0.0107, train_loss4: 0.0055]
Sun 15 Mar 2026 12:11:21 INFO  epoch 22 evaluating [time: 0.15s, valid_score: 0.315800]
Sun 15 Mar 2026 12:11:21 INFO  valid result: 
recall@1 : 0.1137    recall@2 : 0.2039    recall@3 : 0.2684    recall@4 : 0.3155    recall@5 : 0.3539    recall@10 : 0.4742    recall@20 : 0.6059    recall@30 : 0.6824    recall@50 : 0.764    ndcg@1 : 0.1919    ndcg@2 : 0.2199    ndcg@3 : 0.242    ndcg@4 : 0.2593    ndcg@5 : 0.274    ndcg@10 : 0.3158    ndcg@20 : 0.3543    ndcg@30 : 0.3748    ndcg@50 : 0.3948    precision@1 : 0.1919    precision@2 : 0.1669    precision@3 : 0.1466    precision@4 : 0.1333    precision@5 : 0.1228    precision@10 : 0.0871    precision@20 : 0.0581    precision@30 : 0.0451    precision@50 : 0.0316    map@1 : 0.1919    map@2 : 0.1934    map@3 : 0.2    map@4 : 0.2067    map@5 : 0.213    map@10 : 0.2303    map@20 : 0.2428    map@30 : 0.2486    map@50 : 0.2532
Sun 15 Mar 2026 12:11:22 INFO  Saving current: saved/SCL-Mar-15-2026_12-11-12.pth
Sun 15 Mar 2026 12:11:22 INFO  Saving current best: saved/SCL-Mar-15-2026_12-11-12.pth
Sun 15 Mar 2026 12:11:22 INFO  Running E-step ! 
Sun 15 Mar 2026 12:11:22 INFO  epoch 23 training [time: 0.20s, train_loss1: 4.2772, train_loss2: 0.0375, train_loss3: 0.0108, train_loss4: 0.0062]
Sun 15 Mar 2026 12:11:22 INFO  epoch 23 evaluating [time: 0.14s, valid_score: 0.316100]
Sun 15 Mar 2026 12:11:22 INFO  valid result: 
recall@1 : 0.1143    recall@2 : 0.2052    recall@3 : 0.2732    recall@4 : 0.3144    recall@5 : 0.3525    recall@10 : 0.4739    recall@20 : 0.6035    recall@30 : 0.6814    recall@50 : 0.7639    ndcg@1 : 0.1919    ndcg@2 : 0.2208    ndcg@3 : 0.2448    ndcg@4 : 0.2595    ndcg@5 : 0.2741    ndcg@10 : 0.3161    ndcg@20 : 0.354    ndcg@30 : 0.3746    ndcg@50 : 0.3949    precision@1 : 0.1919    precision@2 : 0.1675    precision@3 : 0.1486    precision@4 : 0.133    precision@5 : 0.1225    precision@10 : 0.0868    precision@20 : 0.0578    precision@30 : 0.0449    precision@50 : 0.0315    map@1 : 0.1919    map@2 : 0.194    map@3 : 0.2018    map@4 : 0.2071    map@5 : 0.2134    map@10 : 0.2308    map@20 : 0.2431    map@30 : 0.2488    map@50 : 0.2535
Sun 15 Mar 2026 12:11:22 INFO  Saving current: saved/SCL-Mar-15-2026_12-11-12.pth
Sun 15 Mar 2026 12:11:22 INFO  Saving current best: saved/SCL-Mar-15-2026_12-11-12.pth
Sun 15 Mar 2026 12:11:22 INFO  Running E-step ! 
Sun 15 Mar 2026 12:11:22 INFO  epoch 24 training [time: 0.22s, train_loss1: 3.9438, train_loss2: 0.0378, train_loss3: 0.0109, train_loss4: 0.0066]
Sun 15 Mar 2026 12:11:22 INFO  epoch 24 evaluating [time: 0.15s, valid_score: 0.315400]
Sun 15 Mar 2026 12:11:22 INFO  valid result: 
recall@1 : 0.1149    recall@2 : 0.2057    recall@3 : 0.2726    recall@4 : 0.3124    recall@5 : 0.3502    recall@10 : 0.4717    recall@20 : 0.602    recall@30 : 0.6745    recall@50 : 0.7661    ndcg@1 : 0.1907    ndcg@2 : 0.2206    ndcg@3 : 0.2445    ndcg@4 : 0.2584    ndcg@5 : 0.273    ndcg@10 : 0.3154    ndcg@20 : 0.3533    ndcg@30 : 0.3728    ndcg@50 : 0.395    precision@1 : 0.1907    precision@2 : 0.1672    precision@3 : 0.1482    precision@4 : 0.132    precision@5 : 0.1218    precision@10 : 0.0865    precision@20 : 0.0574    precision@30 : 0.0445    precision@50 : 0.0315    map@1 : 0.1907    map@2 : 0.1938    map@3 : 0.2018    map@4 : 0.2065    map@5 : 0.2129    map@10 : 0.2306    map@20 : 0.2429    map@30 : 0.2484    map@50 : 0.2534
Sun 15 Mar 2026 12:11:22 INFO  Running E-step ! 
Sun 15 Mar 2026 12:11:22 INFO  epoch 25 training [time: 0.22s, train_loss1: 3.6943, train_loss2: 0.0380, train_loss3: 0.0110, train_loss4: 0.0070]
Sun 15 Mar 2026 12:11:23 INFO  epoch 25 evaluating [time: 0.14s, valid_score: 0.316100]
Sun 15 Mar 2026 12:11:23 INFO  valid result: 
recall@1 : 0.1191    recall@2 : 0.2057    recall@3 : 0.2701    recall@4 : 0.3097    recall@5 : 0.351    recall@10 : 0.4691    recall@20 : 0.6014    recall@30 : 0.6713    recall@50 : 0.7699    ndcg@1 : 0.1961    ndcg@2 : 0.2223    ndcg@3 : 0.2451    ndcg@4 : 0.2585    ndcg@5 : 0.2745    ndcg@10 : 0.3161    ndcg@20 : 0.3544    ndcg@30 : 0.3735    ndcg@50 : 0.397    precision@1 : 0.1961    precision@2 : 0.1672    precision@3 : 0.1476    precision@4 : 0.131    precision@5 : 0.1215    precision@10 : 0.0863    precision@20 : 0.0572    precision@30 : 0.0443    precision@50 : 0.0316    map@1 : 0.1961    map@2 : 0.1962    map@3 : 0.2035    map@4 : 0.2077    map@5 : 0.2148    map@10 : 0.2322    map@20 : 0.2447    map@30 : 0.2501    map@50 : 0.2553
Sun 15 Mar 2026 12:11:23 INFO  Saving current: saved/SCL-Mar-15-2026_12-11-12.pth
Sun 15 Mar 2026 12:11:23 INFO  Saving current best: saved/SCL-Mar-15-2026_12-11-12.pth
Sun 15 Mar 2026 12:11:23 INFO  Running E-step ! 
Sun 15 Mar 2026 12:11:23 INFO  epoch 26 training [time: 0.19s, train_loss1: 3.5024, train_loss2: 0.0382, train_loss3: 0.0110, train_loss4: 0.0073]
Sun 15 Mar 2026 12:11:23 INFO  epoch 26 evaluating [time: 0.14s, valid_score: 0.315300]
Sun 15 Mar 2026 12:11:23 INFO  valid result: 
recall@1 : 0.1189    recall@2 : 0.2055    recall@3 : 0.2688    recall@4 : 0.3083    recall@5 : 0.3487    recall@10 : 0.4685    recall@20 : 0.6018    recall@30 : 0.6709    recall@50 : 0.7724    ndcg@1 : 0.1955    ndcg@2 : 0.2219    ndcg@3 : 0.2441    ndcg@4 : 0.2576    ndcg@5 : 0.2732    ndcg@10 : 0.3153    ndcg@20 : 0.3539    ndcg@30 : 0.3728    ndcg@50 : 0.3968    precision@1 : 0.1955    precision@2 : 0.1669    precision@3 : 0.1468    precision@4 : 0.1305    precision@5 : 0.1207    precision@10 : 0.0861    precision@20 : 0.0572    precision@30 : 0.0443    precision@50 : 0.0316    map@1 : 0.1955    map@2 : 0.1959    map@3 : 0.2029    map@4 : 0.2071    map@5 : 0.214    map@10 : 0.2315    map@20 : 0.2441    map@30 : 0.2494    map@50 : 0.2547
Sun 15 Mar 2026 12:11:23 INFO  Running E-step ! 
Sun 15 Mar 2026 12:11:23 INFO  epoch 27 training [time: 0.21s, train_loss1: 3.3935, train_loss2: 0.0384, train_loss3: 0.0111, train_loss4: 0.0073]
Sun 15 Mar 2026 12:11:23 INFO  epoch 27 evaluating [time: 0.14s, valid_score: 0.316000]
Sun 15 Mar 2026 12:11:23 INFO  valid result: 
recall@1 : 0.1214    recall@2 : 0.2056    recall@3 : 0.2685    recall@4 : 0.3082    recall@5 : 0.3485    recall@10 : 0.4681    recall@20 : 0.6019    recall@30 : 0.671    recall@50 : 0.7723    ndcg@1 : 0.1985    ndcg@2 : 0.2229    ndcg@3 : 0.2448    ndcg@4 : 0.2585    ndcg@5 : 0.274    ndcg@10 : 0.316    ndcg@20 : 0.3548    ndcg@30 : 0.3737    ndcg@50 : 0.3977    precision@1 : 0.1985    precision@2 : 0.1669    precision@3 : 0.1464    precision@4 : 0.1305    precision@5 : 0.1206    precision@10 : 0.0858    precision@20 : 0.0572    precision@30 : 0.0443    precision@50 : 0.0316    map@1 : 0.1985    map@2 : 0.1973    map@3 : 0.204    map@4 : 0.2083    map@5 : 0.2151    map@10 : 0.2327    map@20 : 0.2453    map@30 : 0.2506    map@50 : 0.2558
Sun 15 Mar 2026 12:11:23 INFO  Running E-step ! 
Sun 15 Mar 2026 12:11:24 INFO  epoch 28 training [time: 0.22s, train_loss1: 3.3289, train_loss2: 0.0386, train_loss3: 0.0111, train_loss4: 0.0074]
Sun 15 Mar 2026 12:11:24 INFO  epoch 28 evaluating [time: 0.14s, valid_score: 0.316400]
Sun 15 Mar 2026 12:11:24 INFO  valid result: 
recall@1 : 0.1226    recall@2 : 0.2055    recall@3 : 0.268    recall@4 : 0.3066    recall@5 : 0.3488    recall@10 : 0.4681    recall@20 : 0.6022    recall@30 : 0.6707    recall@50 : 0.7721    ndcg@1 : 0.2002    ndcg@2 : 0.2232    ndcg@3 : 0.2451    ndcg@4 : 0.2583    ndcg@5 : 0.2745    ndcg@10 : 0.3164    ndcg@20 : 0.3552    ndcg@30 : 0.374    ndcg@50 : 0.398    precision@1 : 0.2002    precision@2 : 0.1666    precision@3 : 0.1464    precision@4 : 0.1301    precision@5 : 0.1207    precision@10 : 0.0858    precision@20 : 0.0572    precision@30 : 0.0443    precision@50 : 0.0316    map@1 : 0.2002    map@2 : 0.1977    map@3 : 0.2044    map@4 : 0.2084    map@5 : 0.2157    map@10 : 0.2331    map@20 : 0.2457    map@30 : 0.251    map@50 : 0.2562
Sun 15 Mar 2026 12:11:24 INFO  Saving current: saved/SCL-Mar-15-2026_12-11-12.pth
Sun 15 Mar 2026 12:11:24 INFO  Saving current best: saved/SCL-Mar-15-2026_12-11-12.pth
Sun 15 Mar 2026 12:11:24 INFO  Running E-step ! 
Sun 15 Mar 2026 12:11:24 INFO  epoch 29 training [time: 0.20s, train_loss1: 3.2389, train_loss2: 0.0388, train_loss3: 0.0111, train_loss4: 0.0073]
Sun 15 Mar 2026 12:11:24 INFO  epoch 29 evaluating [time: 0.15s, valid_score: 0.316600]
Sun 15 Mar 2026 12:11:24 INFO  valid result: 
recall@1 : 0.124    recall@2 : 0.2052    recall@3 : 0.2686    recall@4 : 0.3071    recall@5 : 0.3486    recall@10 : 0.467    recall@20 : 0.602    recall@30 : 0.6713    recall@50 : 0.7727    ndcg@1 : 0.202    ndcg@2 : 0.2233    ndcg@3 : 0.2459    ndcg@4 : 0.259    ndcg@5 : 0.2749    ndcg@10 : 0.3166    ndcg@20 : 0.3557    ndcg@30 : 0.3747    ndcg@50 : 0.3986    precision@1 : 0.202    precision@2 : 0.166    precision@3 : 0.1466    precision@4 : 0.1304    precision@5 : 0.1206    precision@10 : 0.0858    precision@20 : 0.0572    precision@30 : 0.0443    precision@50 : 0.0316    map@1 : 0.202    map@2 : 0.1982    map@3 : 0.2052    map@4 : 0.2093    map@5 : 0.2163    map@10 : 0.2338    map@20 : 0.2465    map@30 : 0.2517    map@50 : 0.257
Sun 15 Mar 2026 12:11:24 INFO  Saving current: saved/SCL-Mar-15-2026_12-11-12.pth
Sun 15 Mar 2026 12:11:24 INFO  Saving current best: saved/SCL-Mar-15-2026_12-11-12.pth
Sun 15 Mar 2026 12:11:24 INFO  Running E-step ! 
Sun 15 Mar 2026 12:11:24 INFO  epoch 30 training [time: 0.20s, train_loss1: 3.2607, train_loss2: 0.0389, train_loss3: 0.0111, train_loss4: 0.0073]
Sun 15 Mar 2026 12:11:24 INFO  epoch 30 evaluating [time: 0.14s, valid_score: 0.316600]
Sun 15 Mar 2026 12:11:24 INFO  valid result: 
recall@1 : 0.124    recall@2 : 0.2048    recall@3 : 0.2686    recall@4 : 0.3071    recall@5 : 0.3483    recall@10 : 0.4667    recall@20 : 0.6016    recall@30 : 0.6712    recall@50 : 0.7727    ndcg@1 : 0.202    ndcg@2 : 0.2232    ndcg@3 : 0.2459    ndcg@4 : 0.259    ndcg@5 : 0.2748    ndcg@10 : 0.3166    ndcg@20 : 0.3556    ndcg@30 : 0.3746    ndcg@50 : 0.3986    precision@1 : 0.202    precision@2 : 0.166    precision@3 : 0.1466    precision@4 : 0.1304    precision@5 : 0.1206    precision@10 : 0.086    precision@20 : 0.0573    precision@30 : 0.0443    precision@50 : 0.0316    map@1 : 0.202    map@2 : 0.198    map@3 : 0.2052    map@4 : 0.2092    map@5 : 0.2162    map@10 : 0.2338    map@20 : 0.2464    map@30 : 0.2517    map@50 : 0.2569
Sun 15 Mar 2026 12:11:24 INFO  Saving current: saved/SCL-Mar-15-2026_12-11-12.pth
Sun 15 Mar 2026 12:11:24 INFO  Saving current best: saved/SCL-Mar-15-2026_12-11-12.pth
Sun 15 Mar 2026 12:11:24 INFO  Running E-step ! 
Sun 15 Mar 2026 12:11:25 INFO  epoch 31 training [time: 0.20s, train_loss1: 3.2207, train_loss2: 0.0391, train_loss3: 0.0111, train_loss4: 0.0073]
Sun 15 Mar 2026 12:11:25 INFO  epoch 31 evaluating [time: 0.14s, valid_score: 0.315900]
Sun 15 Mar 2026 12:11:25 INFO  valid result: 
recall@1 : 0.1232    recall@2 : 0.2048    recall@3 : 0.268    recall@4 : 0.3065    recall@5 : 0.3477    recall@10 : 0.4661    recall@20 : 0.6007    recall@30 : 0.6706    recall@50 : 0.7717    ndcg@1 : 0.2008    ndcg@2 : 0.2228    ndcg@3 : 0.2452    ndcg@4 : 0.2584    ndcg@5 : 0.2742    ndcg@10 : 0.3159    ndcg@20 : 0.3549    ndcg@30 : 0.3739    ndcg@50 : 0.3979    precision@1 : 0.2008    precision@2 : 0.166    precision@3 : 0.1464    precision@4 : 0.1302    precision@5 : 0.1205    precision@10 : 0.0859    precision@20 : 0.0572    precision@30 : 0.0443    precision@50 : 0.0316    map@1 : 0.2008    map@2 : 0.1976    map@3 : 0.2046    map@4 : 0.2086    map@5 : 0.2156    map@10 : 0.2332    map@20 : 0.2458    map@30 : 0.2511    map@50 : 0.2563
Sun 15 Mar 2026 12:11:25 INFO  Running E-step ! 
Sun 15 Mar 2026 12:11:25 INFO  epoch 32 training [time: 0.20s, train_loss1: 3.1924, train_loss2: 0.0392, train_loss3: 0.0111, train_loss4: 0.0072]
Sun 15 Mar 2026 12:11:25 INFO  epoch 32 evaluating [time: 0.14s, valid_score: 0.316000]
Sun 15 Mar 2026 12:11:25 INFO  valid result: 
recall@1 : 0.1232    recall@2 : 0.2049    recall@3 : 0.2682    recall@4 : 0.3061    recall@5 : 0.3476    recall@10 : 0.4661    recall@20 : 0.6    recall@30 : 0.6716    recall@50 : 0.7707    ndcg@1 : 0.2008    ndcg@2 : 0.223    ndcg@3 : 0.2454    ndcg@4 : 0.2582    ndcg@5 : 0.2742    ndcg@10 : 0.316    ndcg@20 : 0.3547    ndcg@30 : 0.3742    ndcg@50 : 0.3977    precision@1 : 0.2008    precision@2 : 0.1663    precision@3 : 0.1466    precision@4 : 0.1299    precision@5 : 0.1205    precision@10 : 0.0859    precision@20 : 0.0572    precision@30 : 0.0444    precision@50 : 0.0316    map@1 : 0.2008    map@2 : 0.1977    map@3 : 0.2047    map@4 : 0.2084    map@5 : 0.2156    map@10 : 0.2331    map@20 : 0.2457    map@30 : 0.2511    map@50 : 0.2563
Sun 15 Mar 2026 12:11:25 INFO  Running E-step ! 
Sun 15 Mar 2026 12:11:25 INFO  epoch 33 training [time: 0.18s, train_loss1: 3.2011, train_loss2: 0.0393, train_loss3: 0.0111, train_loss4: 0.0071]
Sun 15 Mar 2026 12:11:25 INFO  epoch 33 evaluating [time: 0.14s, valid_score: 0.315900]
Sun 15 Mar 2026 12:11:25 INFO  valid result: 
recall@1 : 0.1228    recall@2 : 0.2048    recall@3 : 0.2688    recall@4 : 0.3055    recall@5 : 0.3475    recall@10 : 0.4662    recall@20 : 0.5994    recall@30 : 0.6714    recall@50 : 0.7691    ndcg@1 : 0.2008    ndcg@2 : 0.223    ndcg@3 : 0.2456    ndcg@4 : 0.2578    ndcg@5 : 0.2739    ndcg@10 : 0.3159    ndcg@20 : 0.3545    ndcg@30 : 0.374    ndcg@50 : 0.3973    precision@1 : 0.2008    precision@2 : 0.1663    precision@3 : 0.1468    precision@4 : 0.1298    precision@5 : 0.1203    precision@10 : 0.086    precision@20 : 0.0572    precision@30 : 0.0444    precision@50 : 0.0316    map@1 : 0.2008    map@2 : 0.1976    map@3 : 0.2047    map@4 : 0.2081    map@5 : 0.2153    map@10 : 0.233    map@20 : 0.2454    map@30 : 0.2509    map@50 : 0.256
Sun 15 Mar 2026 12:11:25 INFO  Running E-step ! 
Sun 15 Mar 2026 12:11:26 INFO  epoch 34 training [time: 0.19s, train_loss1: 3.1816, train_loss2: 0.0394, train_loss3: 0.0111, train_loss4: 0.0070]
Sun 15 Mar 2026 12:11:26 INFO  epoch 34 evaluating [time: 0.14s, valid_score: 0.315800]
Sun 15 Mar 2026 12:11:26 INFO  valid result: 
recall@1 : 0.1228    recall@2 : 0.2042    recall@3 : 0.2689    recall@4 : 0.3062    recall@5 : 0.3476    recall@10 : 0.4661    recall@20 : 0.5993    recall@30 : 0.672    recall@50 : 0.7684    ndcg@1 : 0.2008    ndcg@2 : 0.2226    ndcg@3 : 0.2455    ndcg@4 : 0.2582    ndcg@5 : 0.274    ndcg@10 : 0.3158    ndcg@20 : 0.3545    ndcg@30 : 0.3742    ndcg@50 : 0.3972    precision@1 : 0.2008    precision@2 : 0.166    precision@3 : 0.1468    precision@4 : 0.1302    precision@5 : 0.1204    precision@10 : 0.0859    precision@20 : 0.0573    precision@30 : 0.0445    precision@50 : 0.0316    map@1 : 0.2008    map@2 : 0.1973    map@3 : 0.2046    map@4 : 0.2082    map@5 : 0.2154    map@10 : 0.2329    map@20 : 0.2454    map@30 : 0.251    map@50 : 0.256
Sun 15 Mar 2026 12:11:26 INFO  Running E-step ! 
Sun 15 Mar 2026 12:11:26 INFO  epoch 35 training [time: 0.17s, train_loss1: 3.1835, train_loss2: 0.0395, train_loss3: 0.0111, train_loss4: 0.0069]
Sun 15 Mar 2026 12:11:26 INFO  epoch 35 evaluating [time: 0.14s, valid_score: 0.316300]
Sun 15 Mar 2026 12:11:26 INFO  valid result: 
recall@1 : 0.1228    recall@2 : 0.2042    recall@3 : 0.269    recall@4 : 0.3071    recall@5 : 0.3476    recall@10 : 0.4674    recall@20 : 0.5998    recall@30 : 0.6713    recall@50 : 0.7656    ndcg@1 : 0.2008    ndcg@2 : 0.2226    ndcg@3 : 0.2457    ndcg@4 : 0.2585    ndcg@5 : 0.274    ndcg@10 : 0.3163    ndcg@20 : 0.3547    ndcg@30 : 0.3742    ndcg@50 : 0.3968    precision@1 : 0.2008    precision@2 : 0.166    precision@3 : 0.147    precision@4 : 0.1304    precision@5 : 0.1204    precision@10 : 0.0861    precision@20 : 0.0574    precision@30 : 0.0445    precision@50 : 0.0315    map@1 : 0.2008    map@2 : 0.1973    map@3 : 0.2047    map@4 : 0.2084    map@5 : 0.2154    map@10 : 0.2331    map@20 : 0.2456    map@30 : 0.2511    map@50 : 0.2561
Sun 15 Mar 2026 12:11:26 INFO  Running E-step ! 
Sun 15 Mar 2026 12:11:26 INFO  epoch 36 training [time: 0.19s, train_loss1: 3.1651, train_loss2: 0.0397, train_loss3: 0.0111, train_loss4: 0.0067]
Sun 15 Mar 2026 12:11:27 INFO  epoch 36 evaluating [time: 0.15s, valid_score: 0.316100]
Sun 15 Mar 2026 12:11:27 INFO  valid result: 
recall@1 : 0.1228    recall@2 : 0.2042    recall@3 : 0.2689    recall@4 : 0.3075    recall@5 : 0.348    recall@10 : 0.4666    recall@20 : 0.6001    recall@30 : 0.6714    recall@50 : 0.7643    ndcg@1 : 0.2008    ndcg@2 : 0.2226    ndcg@3 : 0.2455    ndcg@4 : 0.2587    ndcg@5 : 0.2742    ndcg@10 : 0.3161    ndcg@20 : 0.3549    ndcg@30 : 0.3743    ndcg@50 : 0.3966    precision@1 : 0.2008    precision@2 : 0.166    precision@3 : 0.1468    precision@4 : 0.1304    precision@5 : 0.1205    precision@10 : 0.0861    precision@20 : 0.0574    precision@30 : 0.0445    precision@50 : 0.0315    map@1 : 0.2008    map@2 : 0.1973    map@3 : 0.2046    map@4 : 0.2085    map@5 : 0.2156    map@10 : 0.2331    map@20 : 0.2457    map@30 : 0.2511    map@50 : 0.2562
Sun 15 Mar 2026 12:11:27 INFO  Running E-step ! 
Sun 15 Mar 2026 12:11:27 INFO  epoch 37 training [time: 0.20s, train_loss1: 3.1684, train_loss2: 0.0398, train_loss3: 0.0111, train_loss4: 0.0066]
Sun 15 Mar 2026 12:11:27 INFO  epoch 37 evaluating [time: 0.14s, valid_score: 0.316500]
Sun 15 Mar 2026 12:11:27 INFO  valid result: 
recall@1 : 0.1226    recall@2 : 0.2042    recall@3 : 0.2698    recall@4 : 0.3084    recall@5 : 0.3486    recall@10 : 0.4678    recall@20 : 0.6004    recall@30 : 0.6717    recall@50 : 0.7634    ndcg@1 : 0.2002    ndcg@2 : 0.2225    ndcg@3 : 0.2459    ndcg@4 : 0.259    ndcg@5 : 0.2745    ndcg@10 : 0.3165    ndcg@20 : 0.3551    ndcg@30 : 0.3744    ndcg@50 : 0.3966    precision@1 : 0.2002    precision@2 : 0.166    precision@3 : 0.1472    precision@4 : 0.1307    precision@5 : 0.1207    precision@10 : 0.0862    precision@20 : 0.0575    precision@30 : 0.0445    precision@50 : 0.0315    map@1 : 0.2002    map@2 : 0.1971    map@3 : 0.2048    map@4 : 0.2088    map@5 : 0.2158    map@10 : 0.2334    map@20 : 0.2459    map@30 : 0.2513    map@50 : 0.2563
Sun 15 Mar 2026 12:11:27 INFO  Running E-step ! 
Sun 15 Mar 2026 12:11:27 INFO  epoch 38 training [time: 0.20s, train_loss1: 3.1857, train_loss2: 0.0399, train_loss3: 0.0111, train_loss4: 0.0066]
Sun 15 Mar 2026 12:11:27 INFO  epoch 38 evaluating [time: 0.14s, valid_score: 0.316700]
Sun 15 Mar 2026 12:11:27 INFO  valid result: 
recall@1 : 0.1226    recall@2 : 0.2042    recall@3 : 0.2697    recall@4 : 0.3087    recall@5 : 0.349    recall@10 : 0.4684    recall@20 : 0.6001    recall@30 : 0.6716    recall@50 : 0.7635    ndcg@1 : 0.2002    ndcg@2 : 0.2225    ndcg@3 : 0.2458    ndcg@4 : 0.2591    ndcg@5 : 0.2747    ndcg@10 : 0.3167    ndcg@20 : 0.3551    ndcg@30 : 0.3745    ndcg@50 : 0.3967    precision@1 : 0.2002    precision@2 : 0.166    precision@3 : 0.147    precision@4 : 0.1307    precision@5 : 0.1211    precision@10 : 0.0864    precision@20 : 0.0576    precision@30 : 0.0445    precision@50 : 0.0315    map@1 : 0.2002    map@2 : 0.1971    map@3 : 0.2047    map@4 : 0.2088    map@5 : 0.2159    map@10 : 0.2335    map@20 : 0.2459    map@30 : 0.2514    map@50 : 0.2564
Sun 15 Mar 2026 12:11:27 INFO  Saving current: saved/SCL-Mar-15-2026_12-11-12.pth
Sun 15 Mar 2026 12:11:27 INFO  Saving current best: saved/SCL-Mar-15-2026_12-11-12.pth
Sun 15 Mar 2026 12:11:27 INFO  Running E-step ! 
Sun 15 Mar 2026 12:11:27 INFO  epoch 39 training [time: 0.20s, train_loss1: 3.1616, train_loss2: 0.0400, train_loss3: 0.0111, train_loss4: 0.0064]
Sun 15 Mar 2026 12:11:28 INFO  epoch 39 evaluating [time: 0.14s, valid_score: 0.316600]
Sun 15 Mar 2026 12:11:28 INFO  valid result: 
recall@1 : 0.1226    recall@2 : 0.2045    recall@3 : 0.2697    recall@4 : 0.3081    recall@5 : 0.3478    recall@10 : 0.4682    recall@20 : 0.6014    recall@30 : 0.6716    recall@50 : 0.7629    ndcg@1 : 0.2002    ndcg@2 : 0.2229    ndcg@3 : 0.2458    ndcg@4 : 0.2589    ndcg@5 : 0.2743    ndcg@10 : 0.3166    ndcg@20 : 0.3555    ndcg@30 : 0.3746    ndcg@50 : 0.3966    precision@1 : 0.2002    precision@2 : 0.1666    precision@3 : 0.147    precision@4 : 0.1305    precision@5 : 0.1207    precision@10 : 0.0862    precision@20 : 0.0577    precision@30 : 0.0446    precision@50 : 0.0315    map@1 : 0.2002    map@2 : 0.1974    map@3 : 0.2048    map@4 : 0.2087    map@5 : 0.2156    map@10 : 0.2334    map@20 : 0.246    map@30 : 0.2514    map@50 : 0.2564
Sun 15 Mar 2026 12:11:28 INFO  Running E-step ! 
Sun 15 Mar 2026 12:11:28 INFO  epoch 40 training [time: 0.21s, train_loss1: 3.1037, train_loss2: 0.0401, train_loss3: 0.0111, train_loss4: 0.0063]
Sun 15 Mar 2026 12:11:28 INFO  epoch 40 evaluating [time: 0.14s, valid_score: 0.317100]
Sun 15 Mar 2026 12:11:28 INFO  valid result: 
recall@1 : 0.1228    recall@2 : 0.2045    recall@3 : 0.2704    recall@4 : 0.3081    recall@5 : 0.3478    recall@10 : 0.4691    recall@20 : 0.6016    recall@30 : 0.6743    recall@50 : 0.7616    ndcg@1 : 0.2008    ndcg@2 : 0.223    ndcg@3 : 0.2464    ndcg@4 : 0.2591    ndcg@5 : 0.2744    ndcg@10 : 0.3171    ndcg@20 : 0.3557    ndcg@30 : 0.3754    ndcg@50 : 0.3966    precision@1 : 0.2008    precision@2 : 0.1666    precision@3 : 0.1474    precision@4 : 0.1305    precision@5 : 0.1207    precision@10 : 0.0865    precision@20 : 0.0577    precision@30 : 0.0448    precision@50 : 0.0315    map@1 : 0.2008    map@2 : 0.1976    map@3 : 0.2052    map@4 : 0.2088    map@5 : 0.2157    map@10 : 0.2337    map@20 : 0.2462    map@30 : 0.2518    map@50 : 0.2566
Sun 15 Mar 2026 12:11:28 INFO  Saving current: saved/SCL-Mar-15-2026_12-11-12.pth
Sun 15 Mar 2026 12:11:28 INFO  Saving current best: saved/SCL-Mar-15-2026_12-11-12.pth
Sun 15 Mar 2026 12:11:28 INFO  Running E-step ! 
Sun 15 Mar 2026 12:11:28 INFO  epoch 41 training [time: 0.21s, train_loss1: 3.0928, train_loss2: 0.0402, train_loss3: 0.0111, train_loss4: 0.0061]
Sun 15 Mar 2026 12:11:28 INFO  epoch 41 evaluating [time: 0.15s, valid_score: 0.317100]
Sun 15 Mar 2026 12:11:28 INFO  valid result: 
recall@1 : 0.1228    recall@2 : 0.2044    recall@3 : 0.2707    recall@4 : 0.309    recall@5 : 0.3477    recall@10 : 0.4689    recall@20 : 0.6016    recall@30 : 0.6741    recall@50 : 0.7616    ndcg@1 : 0.2008    ndcg@2 : 0.2228    ndcg@3 : 0.2465    ndcg@4 : 0.2595    ndcg@5 : 0.2744    ndcg@10 : 0.3171    ndcg@20 : 0.3558    ndcg@30 : 0.3756    ndcg@50 : 0.3967    precision@1 : 0.2008    precision@2 : 0.1663    precision@3 : 0.1476    precision@4 : 0.1308    precision@5 : 0.1206    precision@10 : 0.0865    precision@20 : 0.0577    precision@30 : 0.0448    precision@50 : 0.0315    map@1 : 0.2008    map@2 : 0.1973    map@3 : 0.2052    map@4 : 0.2091    map@5 : 0.2157    map@10 : 0.2338    map@20 : 0.2463    map@30 : 0.252    map@50 : 0.2567
Sun 15 Mar 2026 12:11:28 INFO  Saving current: saved/SCL-Mar-15-2026_12-11-12.pth
Sun 15 Mar 2026 12:11:28 INFO  Saving current best: saved/SCL-Mar-15-2026_12-11-12.pth
Sun 15 Mar 2026 12:11:28 INFO  Running E-step ! 
Sun 15 Mar 2026 12:11:28 INFO  epoch 42 training [time: 0.17s, train_loss1: 3.1408, train_loss2: 0.0403, train_loss3: 0.0111, train_loss4: 0.0060]
Sun 15 Mar 2026 12:11:29 INFO  epoch 42 evaluating [time: 0.15s, valid_score: 0.317000]
Sun 15 Mar 2026 12:11:29 INFO  valid result: 
recall@1 : 0.1228    recall@2 : 0.2044    recall@3 : 0.2705    recall@4 : 0.3089    recall@5 : 0.3489    recall@10 : 0.4682    recall@20 : 0.6025    recall@30 : 0.6748    recall@50 : 0.762    ndcg@1 : 0.2008    ndcg@2 : 0.2228    ndcg@3 : 0.2464    ndcg@4 : 0.2594    ndcg@5 : 0.2749    ndcg@10 : 0.317    ndcg@20 : 0.3562    ndcg@30 : 0.3759    ndcg@50 : 0.397    precision@1 : 0.2008    precision@2 : 0.1663    precision@3 : 0.1474    precision@4 : 0.1307    precision@5 : 0.121    precision@10 : 0.0864    precision@20 : 0.0578    precision@30 : 0.0449    precision@50 : 0.0316    map@1 : 0.2008    map@2 : 0.1973    map@3 : 0.2052    map@4 : 0.2091    map@5 : 0.2159    map@10 : 0.2338    map@20 : 0.2465    map@30 : 0.2522    map@50 : 0.2569
Sun 15 Mar 2026 12:11:29 INFO  Running E-step ! 
Sun 15 Mar 2026 12:11:29 INFO  epoch 43 training [time: 0.20s, train_loss1: 3.1174, train_loss2: 0.0404, train_loss3: 0.0111, train_loss4: 0.0058]
Sun 15 Mar 2026 12:11:29 INFO  epoch 43 evaluating [time: 0.14s, valid_score: 0.317100]
Sun 15 Mar 2026 12:11:29 INFO  valid result: 
recall@1 : 0.1228    recall@2 : 0.2044    recall@3 : 0.2705    recall@4 : 0.3092    recall@5 : 0.3485    recall@10 : 0.4685    recall@20 : 0.6018    recall@30 : 0.6745    recall@50 : 0.7628    ndcg@1 : 0.2008    ndcg@2 : 0.2228    ndcg@3 : 0.2464    ndcg@4 : 0.2597    ndcg@5 : 0.2748    ndcg@10 : 0.3171    ndcg@20 : 0.356    ndcg@30 : 0.3759    ndcg@50 : 0.3971    precision@1 : 0.2008    precision@2 : 0.1663    precision@3 : 0.1474    precision@4 : 0.131    precision@5 : 0.121    precision@10 : 0.0865    precision@20 : 0.0578    precision@30 : 0.045    precision@50 : 0.0316    map@1 : 0.2008    map@2 : 0.1973    map@3 : 0.2052    map@4 : 0.2092    map@5 : 0.216    map@10 : 0.2338    map@20 : 0.2465    map@30 : 0.2522    map@50 : 0.257
Sun 15 Mar 2026 12:11:29 INFO  Saving current: saved/SCL-Mar-15-2026_12-11-12.pth
Sun 15 Mar 2026 12:11:29 INFO  Saving current best: saved/SCL-Mar-15-2026_12-11-12.pth
Sun 15 Mar 2026 12:11:29 INFO  Running E-step ! 
Sun 15 Mar 2026 12:11:29 INFO  epoch 44 training [time: 0.19s, train_loss1: 3.0975, train_loss2: 0.0405, train_loss3: 0.0111, train_loss4: 0.0057]
Sun 15 Mar 2026 12:11:29 INFO  epoch 44 evaluating [time: 0.15s, valid_score: 0.317200]
Sun 15 Mar 2026 12:11:29 INFO  valid result: 
recall@1 : 0.1234    recall@2 : 0.2044    recall@3 : 0.2705    recall@4 : 0.3092    recall@5 : 0.3487    recall@10 : 0.4679    recall@20 : 0.6019    recall@30 : 0.675    recall@50 : 0.763    ndcg@1 : 0.2014    ndcg@2 : 0.223    ndcg@3 : 0.2466    ndcg@4 : 0.2599    ndcg@5 : 0.2751    ndcg@10 : 0.3172    ndcg@20 : 0.3563    ndcg@30 : 0.3762    ndcg@50 : 0.3975    precision@1 : 0.2014    precision@2 : 0.1663    precision@3 : 0.1474    precision@4 : 0.131    precision@5 : 0.1212    precision@10 : 0.0865    precision@20 : 0.0579    precision@30 : 0.045    precision@50 : 0.0316    map@1 : 0.2014    map@2 : 0.1976    map@3 : 0.2055    map@4 : 0.2095    map@5 : 0.2163    map@10 : 0.2341    map@20 : 0.2468    map@30 : 0.2525    map@50 : 0.2573
Sun 15 Mar 2026 12:11:29 INFO  Saving current: saved/SCL-Mar-15-2026_12-11-12.pth
Sun 15 Mar 2026 12:11:29 INFO  Saving current best: saved/SCL-Mar-15-2026_12-11-12.pth
Sun 15 Mar 2026 12:11:29 INFO  Running E-step ! 
Sun 15 Mar 2026 12:11:30 INFO  epoch 45 training [time: 0.20s, train_loss1: 3.1074, train_loss2: 0.0406, train_loss3: 0.0111, train_loss4: 0.0055]
Sun 15 Mar 2026 12:11:30 INFO  epoch 45 evaluating [time: 0.15s, valid_score: 0.316800]
Sun 15 Mar 2026 12:11:30 INFO  valid result: 
recall@1 : 0.1228    recall@2 : 0.2038    recall@3 : 0.2701    recall@4 : 0.3082    recall@5 : 0.349    recall@10 : 0.4679    recall@20 : 0.6013    recall@30 : 0.6767    recall@50 : 0.7629    ndcg@1 : 0.2008    ndcg@2 : 0.2224    ndcg@3 : 0.2461    ndcg@4 : 0.2591    ndcg@5 : 0.2749    ndcg@10 : 0.3168    ndcg@20 : 0.3558    ndcg@30 : 0.3762    ndcg@50 : 0.3971    precision@1 : 0.2008    precision@2 : 0.166    precision@3 : 0.1474    precision@4 : 0.1305    precision@5 : 0.1213    precision@10 : 0.0865    precision@20 : 0.0579    precision@30 : 0.045    precision@50 : 0.0316    map@1 : 0.2008    map@2 : 0.197    map@3 : 0.2049    map@4 : 0.2088    map@5 : 0.2159    map@10 : 0.2335    map@20 : 0.2463    map@30 : 0.2521    map@50 : 0.2569
Sun 15 Mar 2026 12:11:30 INFO  Running E-step ! 
Sun 15 Mar 2026 12:11:30 INFO  epoch 46 training [time: 0.21s, train_loss1: 3.0311, train_loss2: 0.0407, train_loss3: 0.0111, train_loss4: 0.0054]
Sun 15 Mar 2026 12:11:30 INFO  epoch 46 evaluating [time: 0.15s, valid_score: 0.317100]
Sun 15 Mar 2026 12:11:30 INFO  valid result: 
recall@1 : 0.1228    recall@2 : 0.2038    recall@3 : 0.2701    recall@4 : 0.3086    recall@5 : 0.3499    recall@10 : 0.4686    recall@20 : 0.6009    recall@30 : 0.6775    recall@50 : 0.763    ndcg@1 : 0.2008    ndcg@2 : 0.2224    ndcg@3 : 0.2461    ndcg@4 : 0.2594    ndcg@5 : 0.2753    ndcg@10 : 0.3171    ndcg@20 : 0.3558    ndcg@30 : 0.3764    ndcg@50 : 0.3972    precision@1 : 0.2008    precision@2 : 0.166    precision@3 : 0.1474    precision@4 : 0.131    precision@5 : 0.1216    precision@10 : 0.0866    precision@20 : 0.0579    precision@30 : 0.0451    precision@50 : 0.0316    map@1 : 0.2008    map@2 : 0.197    map@3 : 0.2049    map@4 : 0.2089    map@5 : 0.2162    map@10 : 0.2337    map@20 : 0.2464    map@30 : 0.2522    map@50 : 0.257
Sun 15 Mar 2026 12:11:30 INFO  Running E-step ! 
Sun 15 Mar 2026 12:11:30 INFO  epoch 47 training [time: 0.19s, train_loss1: 3.0510, train_loss2: 0.0408, train_loss3: 0.0111, train_loss4: 0.0053]
Sun 15 Mar 2026 12:11:30 INFO  epoch 47 evaluating [time: 0.14s, valid_score: 0.317100]
Sun 15 Mar 2026 12:11:30 INFO  valid result: 
recall@1 : 0.1227    recall@2 : 0.2038    recall@3 : 0.2698    recall@4 : 0.3086    recall@5 : 0.3502    recall@10 : 0.4688    recall@20 : 0.6013    recall@30 : 0.679    recall@50 : 0.764    ndcg@1 : 0.2008    ndcg@2 : 0.2224    ndcg@3 : 0.246    ndcg@4 : 0.2593    ndcg@5 : 0.2754    ndcg@10 : 0.3171    ndcg@20 : 0.3559    ndcg@30 : 0.3768    ndcg@50 : 0.3975    precision@1 : 0.2008    precision@2 : 0.166    precision@3 : 0.1472    precision@4 : 0.131    precision@5 : 0.1217    precision@10 : 0.0865    precision@20 : 0.058    precision@30 : 0.0452    precision@50 : 0.0317    map@1 : 0.2008    map@2 : 0.197    map@3 : 0.2047    map@4 : 0.2089    map@5 : 0.2162    map@10 : 0.2336    map@20 : 0.2465    map@30 : 0.2523    map@50 : 0.257
Sun 15 Mar 2026 12:11:30 INFO  Running E-step ! 
Sun 15 Mar 2026 12:11:31 INFO  epoch 48 training [time: 0.18s, train_loss1: 3.0698, train_loss2: 0.0409, train_loss3: 0.0111, train_loss4: 0.0051]
Sun 15 Mar 2026 12:11:31 INFO  epoch 48 evaluating [time: 0.14s, valid_score: 0.317100]
Sun 15 Mar 2026 12:11:31 INFO  valid result: 
recall@1 : 0.1227    recall@2 : 0.2038    recall@3 : 0.2698    recall@4 : 0.3086    recall@5 : 0.3504    recall@10 : 0.4689    recall@20 : 0.6016    recall@30 : 0.6793    recall@50 : 0.7641    ndcg@1 : 0.2008    ndcg@2 : 0.2224    ndcg@3 : 0.246    ndcg@4 : 0.2593    ndcg@5 : 0.2756    ndcg@10 : 0.3171    ndcg@20 : 0.356    ndcg@30 : 0.377    ndcg@50 : 0.3976    precision@1 : 0.2008    precision@2 : 0.166    precision@3 : 0.1472    precision@4 : 0.131    precision@5 : 0.1219    precision@10 : 0.0866    precision@20 : 0.058    precision@30 : 0.0452    precision@50 : 0.0317    map@1 : 0.2008    map@2 : 0.197    map@3 : 0.2047    map@4 : 0.2089    map@5 : 0.2162    map@10 : 0.2337    map@20 : 0.2465    map@30 : 0.2524    map@50 : 0.2571
Sun 15 Mar 2026 12:11:31 INFO  Running E-step ! 
Sun 15 Mar 2026 12:11:31 INFO  epoch 49 training [time: 0.21s, train_loss1: 3.0835, train_loss2: 0.0409, train_loss3: 0.0111, train_loss4: 0.0050]
Sun 15 Mar 2026 12:11:31 INFO  epoch 49 evaluating [time: 0.15s, valid_score: 0.317100]
Sun 15 Mar 2026 12:11:31 INFO  valid result: 
recall@1 : 0.1226    recall@2 : 0.204    recall@3 : 0.2697    recall@4 : 0.3096    recall@5 : 0.3504    recall@10 : 0.4685    recall@20 : 0.6018    recall@30 : 0.6802    recall@50 : 0.7649    ndcg@1 : 0.2002    ndcg@2 : 0.2225    ndcg@3 : 0.2459    ndcg@4 : 0.2598    ndcg@5 : 0.2756    ndcg@10 : 0.3171    ndcg@20 : 0.3561    ndcg@30 : 0.3772    ndcg@50 : 0.3978    precision@1 : 0.2002    precision@2 : 0.1663    precision@3 : 0.1472    precision@4 : 0.1314    precision@5 : 0.1219    precision@10 : 0.0866    precision@20 : 0.058    precision@30 : 0.0453    precision@50 : 0.0317    map@1 : 0.2002    map@2 : 0.197    map@3 : 0.2048    map@4 : 0.2091    map@5 : 0.2163    map@10 : 0.2337    map@20 : 0.2466    map@30 : 0.2525    map@50 : 0.2572
Sun 15 Mar 2026 12:11:31 INFO  Running E-step ! 
Sun 15 Mar 2026 12:11:31 INFO  epoch 50 training [time: 0.17s, train_loss1: 3.0285, train_loss2: 0.0410, train_loss3: 0.0111, train_loss4: 0.0049]
Sun 15 Mar 2026 12:11:31 INFO  epoch 50 evaluating [time: 0.14s, valid_score: 0.317200]
Sun 15 Mar 2026 12:11:31 INFO  valid result: 
recall@1 : 0.1226    recall@2 : 0.204    recall@3 : 0.2698    recall@4 : 0.3097    recall@5 : 0.351    recall@10 : 0.4689    recall@20 : 0.6023    recall@30 : 0.6812    recall@50 : 0.7644    ndcg@1 : 0.2002    ndcg@2 : 0.2225    ndcg@3 : 0.246    ndcg@4 : 0.2599    ndcg@5 : 0.2758    ndcg@10 : 0.3172    ndcg@20 : 0.3563    ndcg@30 : 0.3775    ndcg@50 : 0.3978    precision@1 : 0.2002    precision@2 : 0.1663    precision@3 : 0.1474    precision@4 : 0.1316    precision@5 : 0.1221    precision@10 : 0.0867    precision@20 : 0.0581    precision@30 : 0.0453    precision@50 : 0.0317    map@1 : 0.2002    map@2 : 0.197    map@3 : 0.2049    map@4 : 0.2092    map@5 : 0.2164    map@10 : 0.2338    map@20 : 0.2467    map@30 : 0.2526    map@50 : 0.2573
Sun 15 Mar 2026 12:11:31 INFO  Saving current: saved/SCL-Mar-15-2026_12-11-12.pth
Sun 15 Mar 2026 12:11:31 INFO  Saving current best: saved/SCL-Mar-15-2026_12-11-12.pth
Sun 15 Mar 2026 12:11:31 INFO  Running E-step ! 
Sun 15 Mar 2026 12:11:32 INFO  epoch 51 training [time: 0.16s, train_loss1: 3.0349, train_loss2: 0.0410, train_loss3: 0.0111, train_loss4: 0.0048]
Sun 15 Mar 2026 12:11:32 INFO  epoch 51 evaluating [time: 0.14s, valid_score: 0.317100]
Sun 15 Mar 2026 12:11:32 INFO  valid result: 
recall@1 : 0.1226    recall@2 : 0.204    recall@3 : 0.2698    recall@4 : 0.3101    recall@5 : 0.3513    recall@10 : 0.468    recall@20 : 0.6024    recall@30 : 0.6808    recall@50 : 0.7641    ndcg@1 : 0.2002    ndcg@2 : 0.2225    ndcg@3 : 0.246    ndcg@4 : 0.2601    ndcg@5 : 0.276    ndcg@10 : 0.3171    ndcg@20 : 0.3564    ndcg@30 : 0.3775    ndcg@50 : 0.3979    precision@1 : 0.2002    precision@2 : 0.1663    precision@3 : 0.1474    precision@4 : 0.1319    precision@5 : 0.1222    precision@10 : 0.0867    precision@20 : 0.0581    precision@30 : 0.0453    precision@50 : 0.0317    map@1 : 0.2002    map@2 : 0.197    map@3 : 0.2049    map@4 : 0.2094    map@5 : 0.2166    map@10 : 0.2338    map@20 : 0.2468    map@30 : 0.2528    map@50 : 0.2575
Sun 15 Mar 2026 12:11:32 INFO  Running E-step ! 
Sun 15 Mar 2026 12:11:32 INFO  epoch 52 training [time: 0.17s, train_loss1: 2.9838, train_loss2: 0.0411, train_loss3: 0.0111, train_loss4: 0.0047]
Sun 15 Mar 2026 12:11:32 INFO  epoch 52 evaluating [time: 0.14s, valid_score: 0.317300]
Sun 15 Mar 2026 12:11:32 INFO  valid result: 
recall@1 : 0.1226    recall@2 : 0.204    recall@3 : 0.2697    recall@4 : 0.3101    recall@5 : 0.3507    recall@10 : 0.4691    recall@20 : 0.6029    recall@30 : 0.6816    recall@50 : 0.7646    ndcg@1 : 0.2002    ndcg@2 : 0.2225    ndcg@3 : 0.2459    ndcg@4 : 0.2601    ndcg@5 : 0.2757    ndcg@10 : 0.3173    ndcg@20 : 0.3566    ndcg@30 : 0.3778    ndcg@50 : 0.3981    precision@1 : 0.2002    precision@2 : 0.1663    precision@3 : 0.1472    precision@4 : 0.1319    precision@5 : 0.1221    precision@10 : 0.0867    precision@20 : 0.0583    precision@30 : 0.0454    precision@50 : 0.0318    map@1 : 0.2002    map@2 : 0.197    map@3 : 0.2049    map@4 : 0.2094    map@5 : 0.2164    map@10 : 0.2338    map@20 : 0.2469    map@30 : 0.2528    map@50 : 0.2576
Sun 15 Mar 2026 12:11:32 INFO  Saving current: saved/SCL-Mar-15-2026_12-11-12.pth
Sun 15 Mar 2026 12:11:32 INFO  Saving current best: saved/SCL-Mar-15-2026_12-11-12.pth
Sun 15 Mar 2026 12:11:32 INFO  Running E-step ! 
Sun 15 Mar 2026 12:11:32 INFO  epoch 53 training [time: 0.17s, train_loss1: 3.0415, train_loss2: 0.0411, train_loss3: 0.0111, train_loss4: 0.0046]
Sun 15 Mar 2026 12:11:32 INFO  epoch 53 evaluating [time: 0.15s, valid_score: 0.317000]
Sun 15 Mar 2026 12:11:32 INFO  valid result: 
recall@1 : 0.1225    recall@2 : 0.204    recall@3 : 0.2701    recall@4 : 0.31    recall@5 : 0.3509    recall@10 : 0.4682    recall@20 : 0.6035    recall@30 : 0.682    recall@50 : 0.7655    ndcg@1 : 0.1996    ndcg@2 : 0.2224    ndcg@3 : 0.2459    ndcg@4 : 0.26    ndcg@5 : 0.2757    ndcg@10 : 0.317    ndcg@20 : 0.3568    ndcg@30 : 0.3779    ndcg@50 : 0.3983    precision@1 : 0.1996    precision@2 : 0.1663    precision@3 : 0.1472    precision@4 : 0.1317    precision@5 : 0.1221    precision@10 : 0.0866    precision@20 : 0.0584    precision@30 : 0.0454    precision@50 : 0.0318    map@1 : 0.1996    map@2 : 0.1968    map@3 : 0.2049    map@4 : 0.2093    map@5 : 0.2165    map@10 : 0.2338    map@20 : 0.247    map@30 : 0.2529    map@50 : 0.2577
Sun 15 Mar 2026 12:11:32 INFO  Running E-step ! 
Sun 15 Mar 2026 12:11:33 INFO  epoch 54 training [time: 0.19s, train_loss1: 2.9857, train_loss2: 0.0411, train_loss3: 0.0111, train_loss4: 0.0045]
Sun 15 Mar 2026 12:11:33 INFO  epoch 54 evaluating [time: 0.14s, valid_score: 0.317500]
Sun 15 Mar 2026 12:11:33 INFO  valid result: 
recall@1 : 0.1225    recall@2 : 0.2046    recall@3 : 0.2701    recall@4 : 0.3101    recall@5 : 0.3504    recall@10 : 0.4693    recall@20 : 0.6032    recall@30 : 0.6824    recall@50 : 0.766    ndcg@1 : 0.1996    ndcg@2 : 0.2228    ndcg@3 : 0.2462    ndcg@4 : 0.2602    ndcg@5 : 0.2756    ndcg@10 : 0.3175    ndcg@20 : 0.3569    ndcg@30 : 0.3781    ndcg@50 : 0.3986    precision@1 : 0.1996    precision@2 : 0.1666    precision@3 : 0.1474    precision@4 : 0.1319    precision@5 : 0.1218    precision@10 : 0.0868    precision@20 : 0.0584    precision@30 : 0.0455    precision@50 : 0.0318    map@1 : 0.1996    map@2 : 0.1971    map@3 : 0.2051    map@4 : 0.2095    map@5 : 0.2165    map@10 : 0.234    map@20 : 0.2471    map@30 : 0.2531    map@50 : 0.2579
Sun 15 Mar 2026 12:11:33 INFO  Saving current: saved/SCL-Mar-15-2026_12-11-12.pth
Sun 15 Mar 2026 12:11:33 INFO  Saving current best: saved/SCL-Mar-15-2026_12-11-12.pth
Sun 15 Mar 2026 12:11:33 INFO  Running E-step ! 
Sun 15 Mar 2026 12:11:33 INFO  epoch 55 training [time: 0.17s, train_loss1: 2.9912, train_loss2: 0.0412, train_loss3: 0.0111, train_loss4: 0.0043]
Sun 15 Mar 2026 12:11:33 INFO  epoch 55 evaluating [time: 0.14s, valid_score: 0.317900]
Sun 15 Mar 2026 12:11:33 INFO  valid result: 
recall@1 : 0.1225    recall@2 : 0.2046    recall@3 : 0.2701    recall@4 : 0.3107    recall@5 : 0.35    recall@10 : 0.4707    recall@20 : 0.6029    recall@30 : 0.683    recall@50 : 0.766    ndcg@1 : 0.1996    ndcg@2 : 0.2228    ndcg@3 : 0.2462    ndcg@4 : 0.2604    ndcg@5 : 0.2754    ndcg@10 : 0.3179    ndcg@20 : 0.3569    ndcg@30 : 0.3784    ndcg@50 : 0.3986    precision@1 : 0.1996    precision@2 : 0.1666    precision@3 : 0.1474    precision@4 : 0.132    precision@5 : 0.1217    precision@10 : 0.087    precision@20 : 0.0584    precision@30 : 0.0455    precision@50 : 0.0319    map@1 : 0.1996    map@2 : 0.1971    map@3 : 0.2051    map@4 : 0.2096    map@5 : 0.2164    map@10 : 0.2341    map@20 : 0.2471    map@30 : 0.2532    map@50 : 0.2579
Sun 15 Mar 2026 12:11:33 INFO  Saving current: saved/SCL-Mar-15-2026_12-11-12.pth
Sun 15 Mar 2026 12:11:33 INFO  Saving current best: saved/SCL-Mar-15-2026_12-11-12.pth
Sun 15 Mar 2026 12:11:33 INFO  Running E-step ! 
Sun 15 Mar 2026 12:11:33 INFO  epoch 56 training [time: 0.18s, train_loss1: 3.0060, train_loss2: 0.0412, train_loss3: 0.0111, train_loss4: 0.0042]
Sun 15 Mar 2026 12:11:33 INFO  epoch 56 evaluating [time: 0.14s, valid_score: 0.318100]
Sun 15 Mar 2026 12:11:33 INFO  valid result: 
recall@1 : 0.1225    recall@2 : 0.2047    recall@3 : 0.2679    recall@4 : 0.3107    recall@5 : 0.3497    recall@10 : 0.4717    recall@20 : 0.6042    recall@30 : 0.6833    recall@50 : 0.7665    ndcg@1 : 0.1996    ndcg@2 : 0.223    ndcg@3 : 0.2451    ndcg@4 : 0.2604    ndcg@5 : 0.2752    ndcg@10 : 0.3181    ndcg@20 : 0.3571    ndcg@30 : 0.3785    ndcg@50 : 0.3988    precision@1 : 0.1996    precision@2 : 0.1669    precision@3 : 0.1468    precision@4 : 0.1322    precision@5 : 0.1216    precision@10 : 0.0871    precision@20 : 0.0585    precision@30 : 0.0456    precision@50 : 0.0319    map@1 : 0.1996    map@2 : 0.1973    map@3 : 0.2044    map@4 : 0.2096    map@5 : 0.2161    map@10 : 0.2341    map@20 : 0.2471    map@30 : 0.2532    map@50 : 0.2579
Sun 15 Mar 2026 12:11:33 INFO  Saving current: saved/SCL-Mar-15-2026_12-11-12.pth
Sun 15 Mar 2026 12:11:33 INFO  Saving current best: saved/SCL-Mar-15-2026_12-11-12.pth
Sun 15 Mar 2026 12:11:33 INFO  Running E-step ! 
Sun 15 Mar 2026 12:11:34 INFO  epoch 57 training [time: 0.21s, train_loss1: 2.9557, train_loss2: 0.0412, train_loss3: 0.0111, train_loss4: 0.0041]
Sun 15 Mar 2026 12:11:34 INFO  epoch 57 evaluating [time: 0.15s, valid_score: 0.318600]
Sun 15 Mar 2026 12:11:34 INFO  valid result: 
recall@1 : 0.1225    recall@2 : 0.2053    recall@3 : 0.2679    recall@4 : 0.311    recall@5 : 0.3501    recall@10 : 0.4724    recall@20 : 0.6054    recall@30 : 0.6843    recall@50 : 0.7666    ndcg@1 : 0.1996    ndcg@2 : 0.2237    ndcg@3 : 0.2454    ndcg@4 : 0.2606    ndcg@5 : 0.2755    ndcg@10 : 0.3186    ndcg@20 : 0.3577    ndcg@30 : 0.3789    ndcg@50 : 0.3991    precision@1 : 0.1996    precision@2 : 0.1678    precision@3 : 0.147    precision@4 : 0.1322    precision@5 : 0.1218    precision@10 : 0.0874    precision@20 : 0.0586    precision@30 : 0.0456    precision@50 : 0.032    map@1 : 0.1996    map@2 : 0.1977    map@3 : 0.2046    map@4 : 0.2098    map@5 : 0.2164    map@10 : 0.2344    map@20 : 0.2474    map@30 : 0.2535    map@50 : 0.2582
Sun 15 Mar 2026 12:11:34 INFO  Saving current: saved/SCL-Mar-15-2026_12-11-12.pth
Sun 15 Mar 2026 12:11:34 INFO  Saving current best: saved/SCL-Mar-15-2026_12-11-12.pth
Sun 15 Mar 2026 12:11:34 INFO  Running E-step ! 
Sun 15 Mar 2026 12:11:34 INFO  epoch 58 training [time: 0.22s, train_loss1: 2.9725, train_loss2: 0.0412, train_loss3: 0.0111, train_loss4: 0.0040]
Sun 15 Mar 2026 12:11:34 INFO  epoch 58 evaluating [time: 0.14s, valid_score: 0.318400]
Sun 15 Mar 2026 12:11:34 INFO  valid result: 
recall@1 : 0.1222    recall@2 : 0.2055    recall@3 : 0.2677    recall@4 : 0.3114    recall@5 : 0.3507    recall@10 : 0.472    recall@20 : 0.608    recall@30 : 0.6845    recall@50 : 0.7669    ndcg@1 : 0.199    ndcg@2 : 0.2238    ndcg@3 : 0.2453    ndcg@4 : 0.2607    ndcg@5 : 0.2757    ndcg@10 : 0.3184    ndcg@20 : 0.3584    ndcg@30 : 0.379    ndcg@50 : 0.3993    precision@1 : 0.199    precision@2 : 0.1681    precision@3 : 0.1472    precision@4 : 0.1324    precision@5 : 0.1219    precision@10 : 0.0874    precision@20 : 0.0589    precision@30 : 0.0457    precision@50 : 0.032    map@1 : 0.199    map@2 : 0.1977    map@3 : 0.2044    map@4 : 0.2097    map@5 : 0.2164    map@10 : 0.2343    map@20 : 0.2476    map@30 : 0.2535    map@50 : 0.2583
Sun 15 Mar 2026 12:11:34 INFO  Running E-step ! 
Sun 15 Mar 2026 12:11:34 INFO  epoch 59 training [time: 0.21s, train_loss1: 2.9860, train_loss2: 0.0412, train_loss3: 0.0111, train_loss4: 0.0039]
Sun 15 Mar 2026 12:11:35 INFO  epoch 59 evaluating [time: 0.14s, valid_score: 0.318500]
Sun 15 Mar 2026 12:11:35 INFO  valid result: 
recall@1 : 0.1223    recall@2 : 0.2056    recall@3 : 0.2683    recall@4 : 0.3098    recall@5 : 0.3502    recall@10 : 0.4722    recall@20 : 0.6094    recall@30 : 0.6861    recall@50 : 0.7674    ndcg@1 : 0.1996    ndcg@2 : 0.2242    ndcg@3 : 0.2457    ndcg@4 : 0.2602    ndcg@5 : 0.2756    ndcg@10 : 0.3185    ndcg@20 : 0.3589    ndcg@30 : 0.3796    ndcg@50 : 0.3996    precision@1 : 0.1996    precision@2 : 0.1684    precision@3 : 0.1474    precision@4 : 0.132    precision@5 : 0.1218    precision@10 : 0.0872    precision@20 : 0.059    precision@30 : 0.0458    precision@50 : 0.032    map@1 : 0.1996    map@2 : 0.198    map@3 : 0.2048    map@4 : 0.2094    map@5 : 0.2163    map@10 : 0.2343    map@20 : 0.2478    map@30 : 0.2538    map@50 : 0.2585
Sun 15 Mar 2026 12:11:35 INFO  Running E-step ! 
Sun 15 Mar 2026 12:11:35 INFO  epoch 60 training [time: 0.21s, train_loss1: 3.0051, train_loss2: 0.0412, train_loss3: 0.0111, train_loss4: 0.0038]
Sun 15 Mar 2026 12:11:35 INFO  epoch 60 evaluating [time: 0.14s, valid_score: 0.318900]
Sun 15 Mar 2026 12:11:35 INFO  valid result: 
recall@1 : 0.1224    recall@2 : 0.2056    recall@3 : 0.2683    recall@4 : 0.3098    recall@5 : 0.3498    recall@10 : 0.4729    recall@20 : 0.6099    recall@30 : 0.6887    recall@50 : 0.7683    ndcg@1 : 0.2002    ndcg@2 : 0.2243    ndcg@3 : 0.2459    ndcg@4 : 0.2603    ndcg@5 : 0.2756    ndcg@10 : 0.3189    ndcg@20 : 0.3593    ndcg@30 : 0.3804    ndcg@50 : 0.4    precision@1 : 0.2002    precision@2 : 0.1684    precision@3 : 0.1476    precision@4 : 0.132    precision@5 : 0.1219    precision@10 : 0.0874    precision@20 : 0.0591    precision@30 : 0.046    precision@50 : 0.0321    map@1 : 0.2002    map@2 : 0.1982    map@3 : 0.2049    map@4 : 0.2095    map@5 : 0.2165    map@10 : 0.2345    map@20 : 0.248    map@30 : 0.2541    map@50 : 0.2587
Sun 15 Mar 2026 12:11:35 INFO  Saving current: saved/SCL-Mar-15-2026_12-11-12.pth
Sun 15 Mar 2026 12:11:35 INFO  Saving current best: saved/SCL-Mar-15-2026_12-11-12.pth
Sun 15 Mar 2026 12:11:35 INFO  Running E-step ! 
Sun 15 Mar 2026 12:11:35 INFO  epoch 61 training [time: 0.22s, train_loss1: 2.9752, train_loss2: 0.0412, train_loss3: 0.0110, train_loss4: 0.0037]
Sun 15 Mar 2026 12:11:35 INFO  epoch 61 evaluating [time: 0.14s, valid_score: 0.319300]
Sun 15 Mar 2026 12:11:35 INFO  valid result: 
recall@1 : 0.1224    recall@2 : 0.2065    recall@3 : 0.2679    recall@4 : 0.3092    recall@5 : 0.3491    recall@10 : 0.4736    recall@20 : 0.6116    recall@30 : 0.6892    recall@50 : 0.7691    ndcg@1 : 0.2002    ndcg@2 : 0.2251    ndcg@3 : 0.2459    ndcg@4 : 0.2602    ndcg@5 : 0.2754    ndcg@10 : 0.3193    ndcg@20 : 0.3598    ndcg@30 : 0.3807    ndcg@50 : 0.4004    precision@1 : 0.2002    precision@2 : 0.1692    precision@3 : 0.1476    precision@4 : 0.1319    precision@5 : 0.1217    precision@10 : 0.0876    precision@20 : 0.0592    precision@30 : 0.046    precision@50 : 0.0321    map@1 : 0.2002    map@2 : 0.1987    map@3 : 0.2049    map@4 : 0.2095    map@5 : 0.2165    map@10 : 0.2347    map@20 : 0.2483    map@30 : 0.2543    map@50 : 0.259
Sun 15 Mar 2026 12:11:35 INFO  Saving current: saved/SCL-Mar-15-2026_12-11-12.pth
Sun 15 Mar 2026 12:11:35 INFO  Saving current best: saved/SCL-Mar-15-2026_12-11-12.pth
Sun 15 Mar 2026 12:11:35 INFO  Running E-step ! 
Sun 15 Mar 2026 12:11:36 INFO  epoch 62 training [time: 0.21s, train_loss1: 2.9310, train_loss2: 0.0412, train_loss3: 0.0110, train_loss4: 0.0037]
Sun 15 Mar 2026 12:11:36 INFO  epoch 62 evaluating [time: 0.15s, valid_score: 0.319600]
Sun 15 Mar 2026 12:11:36 INFO  valid result: 
recall@1 : 0.1224    recall@2 : 0.2065    recall@3 : 0.268    recall@4 : 0.3098    recall@5 : 0.35    recall@10 : 0.474    recall@20 : 0.6116    recall@30 : 0.691    recall@50 : 0.7692    ndcg@1 : 0.2002    ndcg@2 : 0.2251    ndcg@3 : 0.246    ndcg@4 : 0.2606    ndcg@5 : 0.2759    ndcg@10 : 0.3196    ndcg@20 : 0.3601    ndcg@30 : 0.3814    ndcg@50 : 0.4007    precision@1 : 0.2002    precision@2 : 0.1692    precision@3 : 0.1478    precision@4 : 0.1324    precision@5 : 0.1221    precision@10 : 0.0877    precision@20 : 0.0594    precision@30 : 0.0461    precision@50 : 0.0321    map@1 : 0.2002    map@2 : 0.1987    map@3 : 0.205    map@4 : 0.2097    map@5 : 0.2167    map@10 : 0.2349    map@20 : 0.2486    map@30 : 0.2547    map@50 : 0.2592
Sun 15 Mar 2026 12:11:36 INFO  Saving current: saved/SCL-Mar-15-2026_12-11-12.pth
Sun 15 Mar 2026 12:11:36 INFO  Saving current best: saved/SCL-Mar-15-2026_12-11-12.pth
Sun 15 Mar 2026 12:11:36 INFO  Running E-step ! 
Sun 15 Mar 2026 12:11:36 INFO  epoch 63 training [time: 0.21s, train_loss1: 2.9244, train_loss2: 0.0412, train_loss3: 0.0110, train_loss4: 0.0036]
Sun 15 Mar 2026 12:11:36 INFO  epoch 63 evaluating [time: 0.14s, valid_score: 0.320200]
Sun 15 Mar 2026 12:11:36 INFO  valid result: 
recall@1 : 0.1232    recall@2 : 0.2071    recall@3 : 0.2687    recall@4 : 0.3105    recall@5 : 0.3503    recall@10 : 0.4744    recall@20 : 0.6117    recall@30 : 0.6922    recall@50 : 0.7705    ndcg@1 : 0.2014    ndcg@2 : 0.2259    ndcg@3 : 0.2469    ndcg@4 : 0.2613    ndcg@5 : 0.2764    ndcg@10 : 0.3202    ndcg@20 : 0.3608    ndcg@30 : 0.3823    ndcg@50 : 0.4015    precision@1 : 0.2014    precision@2 : 0.1695    precision@3 : 0.1482    precision@4 : 0.1326    precision@5 : 0.1221    precision@10 : 0.0878    precision@20 : 0.0596    precision@30 : 0.0462    precision@50 : 0.0321    map@1 : 0.2014    map@2 : 0.1995    map@3 : 0.2058    map@4 : 0.2104    map@5 : 0.2174    map@10 : 0.2356    map@20 : 0.2494    map@30 : 0.2554    map@50 : 0.26
Sun 15 Mar 2026 12:11:36 INFO  Saving current: saved/SCL-Mar-15-2026_12-11-12.pth
Sun 15 Mar 2026 12:11:36 INFO  Saving current best: saved/SCL-Mar-15-2026_12-11-12.pth
Sun 15 Mar 2026 12:11:36 INFO  Running E-step ! 
Sun 15 Mar 2026 12:11:36 INFO  epoch 64 training [time: 0.21s, train_loss1: 2.9302, train_loss2: 0.0412, train_loss3: 0.0110, train_loss4: 0.0035]
Sun 15 Mar 2026 12:11:36 INFO  epoch 64 evaluating [time: 0.14s, valid_score: 0.320200]
Sun 15 Mar 2026 12:11:36 INFO  valid result: 
recall@1 : 0.1231    recall@2 : 0.207    recall@3 : 0.2696    recall@4 : 0.3093    recall@5 : 0.3502    recall@10 : 0.4744    recall@20 : 0.6131    recall@30 : 0.6932    recall@50 : 0.7713    ndcg@1 : 0.2008    ndcg@2 : 0.2255    ndcg@3 : 0.2472    ndcg@4 : 0.2608    ndcg@5 : 0.2762    ndcg@10 : 0.3202    ndcg@20 : 0.3613    ndcg@30 : 0.3826    ndcg@50 : 0.4018    precision@1 : 0.2008    precision@2 : 0.1692    precision@3 : 0.1486    precision@4 : 0.1323    precision@5 : 0.1218    precision@10 : 0.0879    precision@20 : 0.0598    precision@30 : 0.0463    precision@50 : 0.0322    map@1 : 0.2008    map@2 : 0.1993    map@3 : 0.2061    map@4 : 0.2101    map@5 : 0.2172    map@10 : 0.2357    map@20 : 0.2496    map@30 : 0.2556    map@50 : 0.2602
Sun 15 Mar 2026 12:11:36 INFO  Saving current: saved/SCL-Mar-15-2026_12-11-12.pth
Sun 15 Mar 2026 12:11:36 INFO  Saving current best: saved/SCL-Mar-15-2026_12-11-12.pth
Sun 15 Mar 2026 12:11:36 INFO  Running E-step ! 
Sun 15 Mar 2026 12:11:37 INFO  epoch 65 training [time: 0.22s, train_loss1: 2.9432, train_loss2: 0.0411, train_loss3: 0.0110, train_loss4: 0.0034]
Sun 15 Mar 2026 12:11:37 INFO  epoch 65 evaluating [time: 0.14s, valid_score: 0.320600]
Sun 15 Mar 2026 12:11:37 INFO  valid result: 
recall@1 : 0.123    recall@2 : 0.2078    recall@3 : 0.269    recall@4 : 0.31    recall@5 : 0.3504    recall@10 : 0.4752    recall@20 : 0.6138    recall@30 : 0.6946    recall@50 : 0.7718    ndcg@1 : 0.2002    ndcg@2 : 0.226    ndcg@3 : 0.2469    ndcg@4 : 0.2611    ndcg@5 : 0.2764    ndcg@10 : 0.3206    ndcg@20 : 0.3616    ndcg@30 : 0.3831    ndcg@50 : 0.4021    precision@1 : 0.2002    precision@2 : 0.1698    precision@3 : 0.1484    precision@4 : 0.1324    precision@5 : 0.1221    precision@10 : 0.0881    precision@20 : 0.0599    precision@30 : 0.0465    precision@50 : 0.0323    map@1 : 0.2002    map@2 : 0.1996    map@3 : 0.2059    map@4 : 0.2104    map@5 : 0.2173    map@10 : 0.2359    map@20 : 0.2499    map@30 : 0.256    map@50 : 0.2605
Sun 15 Mar 2026 12:11:37 INFO  Saving current: saved/SCL-Mar-15-2026_12-11-12.pth
Sun 15 Mar 2026 12:11:37 INFO  Saving current best: saved/SCL-Mar-15-2026_12-11-12.pth
Sun 15 Mar 2026 12:11:37 INFO  Running E-step ! 
Sun 15 Mar 2026 12:11:37 INFO  epoch 66 training [time: 0.20s, train_loss1: 2.9105, train_loss2: 0.0411, train_loss3: 0.0110, train_loss4: 0.0033]
Sun 15 Mar 2026 12:11:37 INFO  epoch 66 evaluating [time: 0.14s, valid_score: 0.321700]
Sun 15 Mar 2026 12:11:37 INFO  valid result: 
recall@1 : 0.1238    recall@2 : 0.2078    recall@3 : 0.269    recall@4 : 0.31    recall@5 : 0.3501    recall@10 : 0.4772    recall@20 : 0.616    recall@30 : 0.6946    recall@50 : 0.7726    ndcg@1 : 0.2014    ndcg@2 : 0.2263    ndcg@3 : 0.2473    ndcg@4 : 0.2614    ndcg@5 : 0.2767    ndcg@10 : 0.3217    ndcg@20 : 0.3627    ndcg@30 : 0.3837    ndcg@50 : 0.4029    precision@1 : 0.2014    precision@2 : 0.1698    precision@3 : 0.1486    precision@4 : 0.1324    precision@5 : 0.1223    precision@10 : 0.0884    precision@20 : 0.0602    precision@30 : 0.0465    precision@50 : 0.0323    map@1 : 0.2014    map@2 : 0.2001    map@3 : 0.2063    map@4 : 0.2108    map@5 : 0.2177    map@10 : 0.2366    map@20 : 0.2506    map@30 : 0.2566    map@50 : 0.2612
Sun 15 Mar 2026 12:11:37 INFO  Saving current: saved/SCL-Mar-15-2026_12-11-12.pth
Sun 15 Mar 2026 12:11:37 INFO  Saving current best: saved/SCL-Mar-15-2026_12-11-12.pth
Sun 15 Mar 2026 12:11:37 INFO  Running E-step ! 
Sun 15 Mar 2026 12:11:37 INFO  epoch 67 training [time: 0.19s, train_loss1: 2.9162, train_loss2: 0.0411, train_loss3: 0.0110, train_loss4: 0.0033]
Sun 15 Mar 2026 12:11:38 INFO  epoch 67 evaluating [time: 0.14s, valid_score: 0.322100]
Sun 15 Mar 2026 12:11:38 INFO  valid result: 
recall@1 : 0.1238    recall@2 : 0.2084    recall@3 : 0.2697    recall@4 : 0.3104    recall@5 : 0.3506    recall@10 : 0.4778    recall@20 : 0.6171    recall@30 : 0.6973    recall@50 : 0.7726    ndcg@1 : 0.2014    ndcg@2 : 0.2269    ndcg@3 : 0.248    ndcg@4 : 0.2619    ndcg@5 : 0.2771    ndcg@10 : 0.3221    ndcg@20 : 0.3634    ndcg@30 : 0.3848    ndcg@50 : 0.4033    precision@1 : 0.2014    precision@2 : 0.1704    precision@3 : 0.1492    precision@4 : 0.1329    precision@5 : 0.1224    precision@10 : 0.0886    precision@20 : 0.0604    precision@30 : 0.0468    precision@50 : 0.0324    map@1 : 0.2014    map@2 : 0.2007    map@3 : 0.2068    map@4 : 0.2111    map@5 : 0.218    map@10 : 0.237    map@20 : 0.2511    map@30 : 0.2572    map@50 : 0.2616
Sun 15 Mar 2026 12:11:38 INFO  Saving current: saved/SCL-Mar-15-2026_12-11-12.pth
Sun 15 Mar 2026 12:11:38 INFO  Saving current best: saved/SCL-Mar-15-2026_12-11-12.pth
Sun 15 Mar 2026 12:11:38 INFO  Running E-step ! 
Sun 15 Mar 2026 12:11:38 INFO  epoch 68 training [time: 0.19s, train_loss1: 2.8420, train_loss2: 0.0410, train_loss3: 0.0110, train_loss4: 0.0032]
Sun 15 Mar 2026 12:11:38 INFO  epoch 68 evaluating [time: 0.14s, valid_score: 0.322700]
Sun 15 Mar 2026 12:11:38 INFO  valid result: 
recall@1 : 0.1242    recall@2 : 0.2085    recall@3 : 0.2699    recall@4 : 0.3106    recall@5 : 0.3509    recall@10 : 0.4787    recall@20 : 0.6172    recall@30 : 0.6968    recall@50 : 0.7725    ndcg@1 : 0.202    ndcg@2 : 0.2271    ndcg@3 : 0.2482    ndcg@4 : 0.2623    ndcg@5 : 0.2773    ndcg@10 : 0.3227    ndcg@20 : 0.3637    ndcg@30 : 0.385    ndcg@50 : 0.4037    precision@1 : 0.202    precision@2 : 0.1704    precision@3 : 0.1494    precision@4 : 0.1332    precision@5 : 0.1223    precision@10 : 0.0889    precision@20 : 0.0604    precision@30 : 0.0468    precision@50 : 0.0324    map@1 : 0.202    map@2 : 0.2007    map@3 : 0.207    map@4 : 0.2114    map@5 : 0.2182    map@10 : 0.2374    map@20 : 0.2514    map@30 : 0.2575    map@50 : 0.262
Sun 15 Mar 2026 12:11:38 INFO  Saving current: saved/SCL-Mar-15-2026_12-11-12.pth
Sun 15 Mar 2026 12:11:38 INFO  Saving current best: saved/SCL-Mar-15-2026_12-11-12.pth
Sun 15 Mar 2026 12:11:38 INFO  Running E-step ! 
Sun 15 Mar 2026 12:11:38 INFO  epoch 69 training [time: 0.19s, train_loss1: 2.8675, train_loss2: 0.0410, train_loss3: 0.0110, train_loss4: 0.0031]
Sun 15 Mar 2026 12:11:38 INFO  epoch 69 evaluating [time: 0.14s, valid_score: 0.322900]
Sun 15 Mar 2026 12:11:38 INFO  valid result: 
recall@1 : 0.1242    recall@2 : 0.2089    recall@3 : 0.2707    recall@4 : 0.311    recall@5 : 0.3525    recall@10 : 0.4783    recall@20 : 0.6176    recall@30 : 0.6987    recall@50 : 0.7751    ndcg@1 : 0.202    ndcg@2 : 0.2275    ndcg@3 : 0.2488    ndcg@4 : 0.2625    ndcg@5 : 0.2782    ndcg@10 : 0.3229    ndcg@20 : 0.3641    ndcg@30 : 0.3857    ndcg@50 : 0.4046    precision@1 : 0.202    precision@2 : 0.171    precision@3 : 0.1498    precision@4 : 0.1332    precision@5 : 0.1229    precision@10 : 0.0889    precision@20 : 0.0605    precision@30 : 0.0469    precision@50 : 0.0326    map@1 : 0.202    map@2 : 0.2011    map@3 : 0.2074    map@4 : 0.2116    map@5 : 0.2188    map@10 : 0.2377    map@20 : 0.2518    map@30 : 0.2579    map@50 : 0.2625
Sun 15 Mar 2026 12:11:38 INFO  Saving current: saved/SCL-Mar-15-2026_12-11-12.pth
Sun 15 Mar 2026 12:11:38 INFO  Saving current best: saved/SCL-Mar-15-2026_12-11-12.pth
Sun 15 Mar 2026 12:11:38 INFO  Running E-step ! 
Sun 15 Mar 2026 12:11:38 INFO  epoch 70 training [time: 0.19s, train_loss1: 2.8045, train_loss2: 0.0409, train_loss3: 0.0110, train_loss4: 0.0031]
Sun 15 Mar 2026 12:11:39 INFO  epoch 70 evaluating [time: 0.14s, valid_score: 0.323200]
Sun 15 Mar 2026 12:11:39 INFO  valid result: 
recall@1 : 0.1242    recall@2 : 0.2098    recall@3 : 0.2716    recall@4 : 0.3105    recall@5 : 0.3524    recall@10 : 0.4785    recall@20 : 0.6174    recall@30 : 0.6996    recall@50 : 0.7761    ndcg@1 : 0.202    ndcg@2 : 0.2287    ndcg@3 : 0.2493    ndcg@4 : 0.2626    ndcg@5 : 0.2784    ndcg@10 : 0.3232    ndcg@20 : 0.3643    ndcg@30 : 0.3862    ndcg@50 : 0.4051    precision@1 : 0.202    precision@2 : 0.1725    precision@3 : 0.15    precision@4 : 0.1332    precision@5 : 0.1229    precision@10 : 0.0889    precision@20 : 0.0605    precision@30 : 0.0469    precision@50 : 0.0326    map@1 : 0.202    map@2 : 0.202    map@3 : 0.2079    map@4 : 0.2119    map@5 : 0.2191    map@10 : 0.238    map@20 : 0.2521    map@30 : 0.2583    map@50 : 0.2628
Sun 15 Mar 2026 12:11:39 INFO  Saving current: saved/SCL-Mar-15-2026_12-11-12.pth
Sun 15 Mar 2026 12:11:39 INFO  Saving current best: saved/SCL-Mar-15-2026_12-11-12.pth
Sun 15 Mar 2026 12:11:39 INFO  Running E-step ! 
Sun 15 Mar 2026 12:11:39 INFO  epoch 71 training [time: 0.19s, train_loss1: 2.8307, train_loss2: 0.0408, train_loss3: 0.0110, train_loss4: 0.0031]
Sun 15 Mar 2026 12:11:39 INFO  epoch 71 evaluating [time: 0.14s, valid_score: 0.323700]
Sun 15 Mar 2026 12:11:39 INFO  valid result: 
recall@1 : 0.1248    recall@2 : 0.2108    recall@3 : 0.2717    recall@4 : 0.3101    recall@5 : 0.352    recall@10 : 0.479    recall@20 : 0.6172    recall@30 : 0.6995    recall@50 : 0.7761    ndcg@1 : 0.2026    ndcg@2 : 0.2301    ndcg@3 : 0.2499    ndcg@4 : 0.2628    ndcg@5 : 0.2786    ndcg@10 : 0.3237    ndcg@20 : 0.3647    ndcg@30 : 0.3866    ndcg@50 : 0.4055    precision@1 : 0.2026    precision@2 : 0.174    precision@3 : 0.1502    precision@4 : 0.1329    precision@5 : 0.1228    precision@10 : 0.089    precision@20 : 0.0606    precision@30 : 0.0469    precision@50 : 0.0326    map@1 : 0.2026    map@2 : 0.2034    map@3 : 0.2085    map@4 : 0.2123    map@5 : 0.2195    map@10 : 0.2386    map@20 : 0.2527    map@30 : 0.2588    map@50 : 0.2634
Sun 15 Mar 2026 12:11:39 INFO  Saving current: saved/SCL-Mar-15-2026_12-11-12.pth
Sun 15 Mar 2026 12:11:39 INFO  Saving current best: saved/SCL-Mar-15-2026_12-11-12.pth
Sun 15 Mar 2026 12:11:39 INFO  Running E-step ! 
Sun 15 Mar 2026 12:11:39 INFO  epoch 72 training [time: 0.19s, train_loss1: 2.8251, train_loss2: 0.0408, train_loss3: 0.0110, train_loss4: 0.0030]
Sun 15 Mar 2026 12:11:39 INFO  epoch 72 evaluating [time: 0.14s, valid_score: 0.324000]
Sun 15 Mar 2026 12:11:39 INFO  valid result: 
recall@1 : 0.1248    recall@2 : 0.2108    recall@3 : 0.2722    recall@4 : 0.3104    recall@5 : 0.3522    recall@10 : 0.4795    recall@20 : 0.6179    recall@30 : 0.7016    recall@50 : 0.777    ndcg@1 : 0.2026    ndcg@2 : 0.2301    ndcg@3 : 0.2503    ndcg@4 : 0.2631    ndcg@5 : 0.2788    ndcg@10 : 0.324    ndcg@20 : 0.3651    ndcg@30 : 0.3872    ndcg@50 : 0.406    precision@1 : 0.2026    precision@2 : 0.174    precision@3 : 0.1508    precision@4 : 0.1332    precision@5 : 0.123    precision@10 : 0.0891    precision@20 : 0.0607    precision@30 : 0.047    precision@50 : 0.0326    map@1 : 0.2026    map@2 : 0.2034    map@3 : 0.2087    map@4 : 0.2125    map@5 : 0.2197    map@10 : 0.2387    map@20 : 0.2529    map@30 : 0.2591    map@50 : 0.2637
Sun 15 Mar 2026 12:11:39 INFO  Saving current: saved/SCL-Mar-15-2026_12-11-12.pth
Sun 15 Mar 2026 12:11:39 INFO  Saving current best: saved/SCL-Mar-15-2026_12-11-12.pth
Sun 15 Mar 2026 12:11:39 INFO  Running E-step ! 
Sun 15 Mar 2026 12:11:39 INFO  epoch 73 training [time: 0.18s, train_loss1: 2.7705, train_loss2: 0.0407, train_loss3: 0.0110, train_loss4: 0.0031]
Sun 15 Mar 2026 12:11:40 INFO  epoch 73 evaluating [time: 0.14s, valid_score: 0.324900]
Sun 15 Mar 2026 12:11:40 INFO  valid result: 
recall@1 : 0.1259    recall@2 : 0.2109    recall@3 : 0.2732    recall@4 : 0.3089    recall@5 : 0.3524    recall@10 : 0.4804    recall@20 : 0.6193    recall@30 : 0.7004    recall@50 : 0.7776    ndcg@1 : 0.205    ndcg@2 : 0.2309    ndcg@3 : 0.2515    ndcg@4 : 0.2632    ndcg@5 : 0.2796    ndcg@10 : 0.3249    ndcg@20 : 0.3662    ndcg@30 : 0.3876    ndcg@50 : 0.4067    precision@1 : 0.205    precision@2 : 0.1743    precision@3 : 0.1514    precision@4 : 0.1329    precision@5 : 0.1232    precision@10 : 0.0893    precision@20 : 0.0609    precision@30 : 0.047    precision@50 : 0.0327    map@1 : 0.205    map@2 : 0.2044    map@3 : 0.2099    map@4 : 0.213    map@5 : 0.2205    map@10 : 0.2396    map@20 : 0.2538    map@30 : 0.2598    map@50 : 0.2645
Sun 15 Mar 2026 12:11:40 INFO  Saving current: saved/SCL-Mar-15-2026_12-11-12.pth
Sun 15 Mar 2026 12:11:40 INFO  Saving current best: saved/SCL-Mar-15-2026_12-11-12.pth
Sun 15 Mar 2026 12:11:40 INFO  Running E-step ! 
Sun 15 Mar 2026 12:11:40 INFO  epoch 74 training [time: 0.19s, train_loss1: 2.7802, train_loss2: 0.0407, train_loss3: 0.0110, train_loss4: 0.0030]
Sun 15 Mar 2026 12:11:40 INFO  epoch 74 evaluating [time: 0.14s, valid_score: 0.325600]
Sun 15 Mar 2026 12:11:40 INFO  valid result: 
recall@1 : 0.126    recall@2 : 0.2112    recall@3 : 0.2742    recall@4 : 0.3089    recall@5 : 0.3528    recall@10 : 0.4816    recall@20 : 0.6194    recall@30 : 0.7012    recall@50 : 0.7795    ndcg@1 : 0.2056    ndcg@2 : 0.2317    ndcg@3 : 0.2525    ndcg@4 : 0.2633    ndcg@5 : 0.2799    ndcg@10 : 0.3256    ndcg@20 : 0.3665    ndcg@30 : 0.3881    ndcg@50 : 0.4075    precision@1 : 0.2056    precision@2 : 0.1752    precision@3 : 0.1524    precision@4 : 0.1327    precision@5 : 0.1231    precision@10 : 0.0896    precision@20 : 0.0609    precision@30 : 0.047    precision@50 : 0.0327    map@1 : 0.2056    map@2 : 0.2053    map@3 : 0.2106    map@4 : 0.2132    map@5 : 0.2207    map@10 : 0.2401    map@20 : 0.2541    map@30 : 0.2601    map@50 : 0.2649
Sun 15 Mar 2026 12:11:40 INFO  Saving current: saved/SCL-Mar-15-2026_12-11-12.pth
Sun 15 Mar 2026 12:11:40 INFO  Saving current best: saved/SCL-Mar-15-2026_12-11-12.pth
Sun 15 Mar 2026 12:11:40 INFO  Running E-step ! 
Sun 15 Mar 2026 12:11:40 INFO  epoch 75 training [time: 0.17s, train_loss1: 2.8150, train_loss2: 0.0406, train_loss3: 0.0110, train_loss4: 0.0030]
Sun 15 Mar 2026 12:11:40 INFO  epoch 75 evaluating [time: 0.14s, valid_score: 0.325900]
Sun 15 Mar 2026 12:11:40 INFO  valid result: 
recall@1 : 0.1266    recall@2 : 0.2116    recall@3 : 0.2748    recall@4 : 0.3076    recall@5 : 0.3519    recall@10 : 0.4817    recall@20 : 0.6217    recall@30 : 0.7018    recall@50 : 0.7809    ndcg@1 : 0.2062    ndcg@2 : 0.2329    ndcg@3 : 0.2532    ndcg@4 : 0.2632    ndcg@5 : 0.2799    ndcg@10 : 0.3259    ndcg@20 : 0.3674    ndcg@30 : 0.3885    ndcg@50 : 0.408    precision@1 : 0.2062    precision@2 : 0.1764    precision@3 : 0.1526    precision@4 : 0.1324    precision@5 : 0.123    precision@10 : 0.0897    precision@20 : 0.0611    precision@30 : 0.047    precision@50 : 0.0328    map@1 : 0.2062    map@2 : 0.2062    map@3 : 0.2112    map@4 : 0.2133    map@5 : 0.2209    map@10 : 0.2403    map@20 : 0.2546    map@30 : 0.2605    map@50 : 0.2653
Sun 15 Mar 2026 12:11:40 INFO  Saving current: saved/SCL-Mar-15-2026_12-11-12.pth
Sun 15 Mar 2026 12:11:40 INFO  Saving current best: saved/SCL-Mar-15-2026_12-11-12.pth
Sun 15 Mar 2026 12:11:40 INFO  Running E-step ! 
Sun 15 Mar 2026 12:11:40 INFO  epoch 76 training [time: 0.16s, train_loss1: 2.7695, train_loss2: 0.0405, train_loss3: 0.0110, train_loss4: 0.0030]
Sun 15 Mar 2026 12:11:41 INFO  epoch 76 evaluating [time: 0.14s, valid_score: 0.325900]
Sun 15 Mar 2026 12:11:41 INFO  valid result: 
recall@1 : 0.126    recall@2 : 0.2112    recall@3 : 0.2757    recall@4 : 0.3083    recall@5 : 0.3507    recall@10 : 0.4821    recall@20 : 0.6226    recall@30 : 0.7021    recall@50 : 0.7828    ndcg@1 : 0.2056    ndcg@2 : 0.2325    ndcg@3 : 0.2535    ndcg@4 : 0.2634    ndcg@5 : 0.2793    ndcg@10 : 0.3259    ndcg@20 : 0.3675    ndcg@30 : 0.3885    ndcg@50 : 0.4083    precision@1 : 0.2056    precision@2 : 0.1764    precision@3 : 0.1532    precision@4 : 0.1327    precision@5 : 0.1228    precision@10 : 0.0899    precision@20 : 0.0612    precision@30 : 0.0471    precision@50 : 0.0329    map@1 : 0.2056    map@2 : 0.2059    map@3 : 0.2113    map@4 : 0.2133    map@5 : 0.2205    map@10 : 0.2402    map@20 : 0.2545    map@30 : 0.2604    map@50 : 0.2652
Sun 15 Mar 2026 12:11:41 INFO  Saving current: saved/SCL-Mar-15-2026_12-11-12.pth
Sun 15 Mar 2026 12:11:41 INFO  Saving current best: saved/SCL-Mar-15-2026_12-11-12.pth
Sun 15 Mar 2026 12:11:41 INFO  Running E-step ! 
Sun 15 Mar 2026 12:11:41 INFO  epoch 77 training [time: 0.17s, train_loss1: 2.7501, train_loss2: 0.0405, train_loss3: 0.0110, train_loss4: 0.0029]
Sun 15 Mar 2026 12:11:41 INFO  epoch 77 evaluating [time: 0.14s, valid_score: 0.326400]
Sun 15 Mar 2026 12:11:41 INFO  valid result: 
recall@1 : 0.1269    recall@2 : 0.2113    recall@3 : 0.2773    recall@4 : 0.3089    recall@5 : 0.3507    recall@10 : 0.4817    recall@20 : 0.6239    recall@30 : 0.7017    recall@50 : 0.7814    ndcg@1 : 0.2068    ndcg@2 : 0.2331    ndcg@3 : 0.2549    ndcg@4 : 0.2642    ndcg@5 : 0.28    ndcg@10 : 0.3264    ndcg@20 : 0.3684    ndcg@30 : 0.3892    ndcg@50 : 0.4087    precision@1 : 0.2068    precision@2 : 0.1767    precision@3 : 0.1542    precision@4 : 0.1329    precision@5 : 0.1231    precision@10 : 0.0899    precision@20 : 0.0614    precision@30 : 0.0472    precision@50 : 0.0328    map@1 : 0.2068    map@2 : 0.2066    map@3 : 0.2124    map@4 : 0.214    map@5 : 0.2213    map@10 : 0.2408    map@20 : 0.2553    map@30 : 0.2613    map@50 : 0.2659
Sun 15 Mar 2026 12:11:41 INFO  Saving current: saved/SCL-Mar-15-2026_12-11-12.pth
Sun 15 Mar 2026 12:11:41 INFO  Saving current best: saved/SCL-Mar-15-2026_12-11-12.pth
Sun 15 Mar 2026 12:11:41 INFO  Running E-step ! 
Sun 15 Mar 2026 12:11:41 INFO  epoch 78 training [time: 0.17s, train_loss1: 2.7667, train_loss2: 0.0404, train_loss3: 0.0110, train_loss4: 0.0028]
Sun 15 Mar 2026 12:11:41 INFO  epoch 78 evaluating [time: 0.14s, valid_score: 0.326300]
Sun 15 Mar 2026 12:11:41 INFO  valid result: 
recall@1 : 0.1258    recall@2 : 0.2125    recall@3 : 0.2779    recall@4 : 0.3094    recall@5 : 0.3507    recall@10 : 0.4821    recall@20 : 0.6245    recall@30 : 0.702    recall@50 : 0.7818    ndcg@1 : 0.2062    ndcg@2 : 0.2335    ndcg@3 : 0.255    ndcg@4 : 0.2642    ndcg@5 : 0.2799    ndcg@10 : 0.3263    ndcg@20 : 0.3685    ndcg@30 : 0.3892    ndcg@50 : 0.4087    precision@1 : 0.2062    precision@2 : 0.1773    precision@3 : 0.1544    precision@4 : 0.1329    precision@5 : 0.1232    precision@10 : 0.0899    precision@20 : 0.0614    precision@30 : 0.0473    precision@50 : 0.0328    map@1 : 0.2062    map@2 : 0.2068    map@3 : 0.2123    map@4 : 0.2138    map@5 : 0.2211    map@10 : 0.2406    map@20 : 0.2551    map@30 : 0.2611    map@50 : 0.2657
Sun 15 Mar 2026 12:11:41 INFO  Running E-step ! 
Sun 15 Mar 2026 12:11:41 INFO  epoch 79 training [time: 0.17s, train_loss1: 2.7210, train_loss2: 0.0403, train_loss3: 0.0110, train_loss4: 0.0028]
Sun 15 Mar 2026 12:11:42 INFO  epoch 79 evaluating [time: 0.14s, valid_score: 0.326500]
Sun 15 Mar 2026 12:11:42 INFO  valid result: 
recall@1 : 0.1271    recall@2 : 0.212    recall@3 : 0.2777    recall@4 : 0.3093    recall@5 : 0.3508    recall@10 : 0.4813    recall@20 : 0.6263    recall@30 : 0.7022    recall@50 : 0.7822    ndcg@1 : 0.208    ndcg@2 : 0.2337    ndcg@3 : 0.2554    ndcg@4 : 0.2646    ndcg@5 : 0.2804    ndcg@10 : 0.3265    ndcg@20 : 0.3694    ndcg@30 : 0.3897    ndcg@50 : 0.4093    precision@1 : 0.208    precision@2 : 0.1767    precision@3 : 0.1542    precision@4 : 0.133    precision@5 : 0.1234    precision@10 : 0.0898    precision@20 : 0.0617    precision@30 : 0.0473    precision@50 : 0.0328    map@1 : 0.208    map@2 : 0.2072    map@3 : 0.2128    map@4 : 0.2144    map@5 : 0.2217    map@10 : 0.2411    map@20 : 0.2559    map@30 : 0.2617    map@50 : 0.2663
Sun 15 Mar 2026 12:11:42 INFO  Saving current: saved/SCL-Mar-15-2026_12-11-12.pth
Sun 15 Mar 2026 12:11:42 INFO  Saving current best: saved/SCL-Mar-15-2026_12-11-12.pth
Sun 15 Mar 2026 12:11:42 INFO  Running E-step ! 
Sun 15 Mar 2026 12:11:42 INFO  epoch 80 training [time: 0.16s, train_loss1: 2.7467, train_loss2: 0.0402, train_loss3: 0.0110, train_loss4: 0.0028]
Sun 15 Mar 2026 12:11:42 INFO  epoch 80 evaluating [time: 0.14s, valid_score: 0.326500]
Sun 15 Mar 2026 12:11:42 INFO  valid result: 
recall@1 : 0.1265    recall@2 : 0.2122    recall@3 : 0.2774    recall@4 : 0.3093    recall@5 : 0.3499    recall@10 : 0.4818    recall@20 : 0.6274    recall@30 : 0.7043    recall@50 : 0.7826    ndcg@1 : 0.208    ndcg@2 : 0.234    ndcg@3 : 0.2553    ndcg@4 : 0.2645    ndcg@5 : 0.2799    ndcg@10 : 0.3265    ndcg@20 : 0.3696    ndcg@30 : 0.3902    ndcg@50 : 0.4093    precision@1 : 0.208    precision@2 : 0.1773    precision@3 : 0.1544    precision@4 : 0.133    precision@5 : 0.1231    precision@10 : 0.09    precision@20 : 0.0619    precision@30 : 0.0475    precision@50 : 0.0329    map@1 : 0.208    map@2 : 0.2074    map@3 : 0.2125    map@4 : 0.2141    map@5 : 0.2212    map@10 : 0.2409    map@20 : 0.2557    map@30 : 0.2616    map@50 : 0.2661
Sun 15 Mar 2026 12:11:42 INFO  Saving current: saved/SCL-Mar-15-2026_12-11-12.pth
Sun 15 Mar 2026 12:11:42 INFO  Saving current best: saved/SCL-Mar-15-2026_12-11-12.pth
Sun 15 Mar 2026 12:11:42 INFO  Running E-step ! 
Sun 15 Mar 2026 12:11:42 INFO  epoch 81 training [time: 0.17s, train_loss1: 2.7437, train_loss2: 0.0401, train_loss3: 0.0110, train_loss4: 0.0027]
Sun 15 Mar 2026 12:11:42 INFO  epoch 81 evaluating [time: 0.14s, valid_score: 0.326800]
Sun 15 Mar 2026 12:11:42 INFO  valid result: 
recall@1 : 0.1261    recall@2 : 0.2131    recall@3 : 0.2766    recall@4 : 0.3098    recall@5 : 0.3508    recall@10 : 0.4825    recall@20 : 0.6273    recall@30 : 0.7039    recall@50 : 0.7834    ndcg@1 : 0.2074    ndcg@2 : 0.2345    ndcg@3 : 0.2551    ndcg@4 : 0.2648    ndcg@5 : 0.2803    ndcg@10 : 0.3268    ndcg@20 : 0.3697    ndcg@30 : 0.3903    ndcg@50 : 0.4096    precision@1 : 0.2074    precision@2 : 0.1779    precision@3 : 0.1545    precision@4 : 0.1335    precision@5 : 0.1235    precision@10 : 0.0899    precision@20 : 0.0618    precision@30 : 0.0475    precision@50 : 0.0329    map@1 : 0.2074    map@2 : 0.2077    map@3 : 0.2124    map@4 : 0.2143    map@5 : 0.2214    map@10 : 0.241    map@20 : 0.2559    map@30 : 0.2617    map@50 : 0.2663
Sun 15 Mar 2026 12:11:42 INFO  Saving current: saved/SCL-Mar-15-2026_12-11-12.pth
Sun 15 Mar 2026 12:11:42 INFO  Saving current best: saved/SCL-Mar-15-2026_12-11-12.pth
Sun 15 Mar 2026 12:11:42 INFO  Running E-step ! 
Sun 15 Mar 2026 12:11:42 INFO  epoch 82 training [time: 0.19s, train_loss1: 2.7023, train_loss2: 0.0401, train_loss3: 0.0110, train_loss4: 0.0027]
Sun 15 Mar 2026 12:11:43 INFO  epoch 82 evaluating [time: 0.14s, valid_score: 0.327400]
Sun 15 Mar 2026 12:11:43 INFO  valid result: 
recall@1 : 0.1256    recall@2 : 0.2153    recall@3 : 0.2769    recall@4 : 0.3106    recall@5 : 0.3517    recall@10 : 0.4835    recall@20 : 0.6283    recall@30 : 0.7047    recall@50 : 0.7838    ndcg@1 : 0.2068    ndcg@2 : 0.2356    ndcg@3 : 0.2554    ndcg@4 : 0.2654    ndcg@5 : 0.281    ndcg@10 : 0.3274    ndcg@20 : 0.3704    ndcg@30 : 0.3909    ndcg@50 : 0.4101    precision@1 : 0.2068    precision@2 : 0.1791    precision@3 : 0.1549    precision@4 : 0.1339    precision@5 : 0.1242    precision@10 : 0.0901    precision@20 : 0.0619    precision@30 : 0.0476    precision@50 : 0.0329    map@1 : 0.2068    map@2 : 0.2084    map@3 : 0.2127    map@4 : 0.2147    map@5 : 0.2219    map@10 : 0.2415    map@20 : 0.2564    map@30 : 0.2622    map@50 : 0.2668
Sun 15 Mar 2026 12:11:43 INFO  Saving current: saved/SCL-Mar-15-2026_12-11-12.pth
Sun 15 Mar 2026 12:11:43 INFO  Saving current best: saved/SCL-Mar-15-2026_12-11-12.pth
Sun 15 Mar 2026 12:11:43 INFO  Running E-step ! 
Sun 15 Mar 2026 12:11:43 INFO  epoch 83 training [time: 0.19s, train_loss1: 2.7078, train_loss2: 0.0400, train_loss3: 0.0110, train_loss4: 0.0027]
Sun 15 Mar 2026 12:11:43 INFO  epoch 83 evaluating [time: 0.14s, valid_score: 0.328200]
Sun 15 Mar 2026 12:11:43 INFO  valid result: 
recall@1 : 0.1263    recall@2 : 0.2167    recall@3 : 0.2765    recall@4 : 0.3112    recall@5 : 0.3543    recall@10 : 0.484    recall@20 : 0.6289    recall@30 : 0.7059    recall@50 : 0.7852    ndcg@1 : 0.208    ndcg@2 : 0.237    ndcg@3 : 0.2555    ndcg@4 : 0.2661    ndcg@5 : 0.2826    ndcg@10 : 0.3282    ndcg@20 : 0.3712    ndcg@30 : 0.3918    ndcg@50 : 0.4111    precision@1 : 0.208    precision@2 : 0.18    precision@3 : 0.1545    precision@4 : 0.1341    precision@5 : 0.1251    precision@10 : 0.0903    precision@20 : 0.062    precision@30 : 0.0477    precision@50 : 0.033    map@1 : 0.208    map@2 : 0.2098    map@3 : 0.2131    map@4 : 0.2155    map@5 : 0.2231    map@10 : 0.2424    map@20 : 0.2572    map@30 : 0.2631    map@50 : 0.2677
Sun 15 Mar 2026 12:11:43 INFO  Saving current: saved/SCL-Mar-15-2026_12-11-12.pth
Sun 15 Mar 2026 12:11:43 INFO  Saving current best: saved/SCL-Mar-15-2026_12-11-12.pth
Sun 15 Mar 2026 12:11:43 INFO  Running E-step ! 
Sun 15 Mar 2026 12:11:43 INFO  epoch 84 training [time: 0.18s, train_loss1: 2.7054, train_loss2: 0.0399, train_loss3: 0.0110, train_loss4: 0.0026]
Sun 15 Mar 2026 12:11:43 INFO  epoch 84 evaluating [time: 0.15s, valid_score: 0.328500]
Sun 15 Mar 2026 12:11:43 INFO  valid result: 
recall@1 : 0.1263    recall@2 : 0.2171    recall@3 : 0.277    recall@4 : 0.313    recall@5 : 0.3549    recall@10 : 0.4841    recall@20 : 0.6288    recall@30 : 0.706    recall@50 : 0.786    ndcg@1 : 0.2086    ndcg@2 : 0.2377    ndcg@3 : 0.2561    ndcg@4 : 0.2672    ndcg@5 : 0.2832    ndcg@10 : 0.3285    ndcg@20 : 0.3715    ndcg@30 : 0.3922    ndcg@50 : 0.4116    precision@1 : 0.2086    precision@2 : 0.1806    precision@3 : 0.1547    precision@4 : 0.135    precision@5 : 0.1255    precision@10 : 0.0904    precision@20 : 0.0621    precision@30 : 0.0478    precision@50 : 0.033    map@1 : 0.2086    map@2 : 0.2105    map@3 : 0.2136    map@4 : 0.2163    map@5 : 0.2238    map@10 : 0.2427    map@20 : 0.2576    map@30 : 0.2636    map@50 : 0.2681
Sun 15 Mar 2026 12:11:43 INFO  Saving current: saved/SCL-Mar-15-2026_12-11-12.pth
Sun 15 Mar 2026 12:11:43 INFO  Saving current best: saved/SCL-Mar-15-2026_12-11-12.pth
Sun 15 Mar 2026 12:11:43 INFO  Running E-step ! 
Sun 15 Mar 2026 12:11:44 INFO  epoch 85 training [time: 0.19s, train_loss1: 2.6736, train_loss2: 0.0398, train_loss3: 0.0110, train_loss4: 0.0026]
Sun 15 Mar 2026 12:11:44 INFO  epoch 85 evaluating [time: 0.14s, valid_score: 0.328500]
Sun 15 Mar 2026 12:11:44 INFO  valid result: 
recall@1 : 0.1257    recall@2 : 0.2183    recall@3 : 0.277    recall@4 : 0.3152    recall@5 : 0.3552    recall@10 : 0.4837    recall@20 : 0.6311    recall@30 : 0.7072    recall@50 : 0.7861    ndcg@1 : 0.208    ndcg@2 : 0.238    ndcg@3 : 0.256    ndcg@4 : 0.2682    ndcg@5 : 0.2833    ndcg@10 : 0.3285    ndcg@20 : 0.3723    ndcg@30 : 0.3928    ndcg@50 : 0.4118    precision@1 : 0.208    precision@2 : 0.1809    precision@3 : 0.1547    precision@4 : 0.1359    precision@5 : 0.1255    precision@10 : 0.0905    precision@20 : 0.0623    precision@30 : 0.048    precision@50 : 0.033    map@1 : 0.208    map@2 : 0.2107    map@3 : 0.2136    map@4 : 0.2168    map@5 : 0.2238    map@10 : 0.2428    map@20 : 0.258    map@30 : 0.2639    map@50 : 0.2683
Sun 15 Mar 2026 12:11:44 INFO  Saving current: saved/SCL-Mar-15-2026_12-11-12.pth
Sun 15 Mar 2026 12:11:44 INFO  Saving current best: saved/SCL-Mar-15-2026_12-11-12.pth
Sun 15 Mar 2026 12:11:44 INFO  Running E-step ! 
Sun 15 Mar 2026 12:11:44 INFO  epoch 86 training [time: 0.18s, train_loss1: 2.6714, train_loss2: 0.0397, train_loss3: 0.0110, train_loss4: 0.0026]
Sun 15 Mar 2026 12:11:44 INFO  epoch 86 evaluating [time: 0.14s, valid_score: 0.328100]
Sun 15 Mar 2026 12:11:44 INFO  valid result: 
recall@1 : 0.125    recall@2 : 0.2178    recall@3 : 0.2765    recall@4 : 0.3141    recall@5 : 0.3549    recall@10 : 0.4833    recall@20 : 0.6319    recall@30 : 0.7079    recall@50 : 0.7876    ndcg@1 : 0.2074    ndcg@2 : 0.2377    ndcg@3 : 0.2555    ndcg@4 : 0.2675    ndcg@5 : 0.2826    ndcg@10 : 0.3281    ndcg@20 : 0.3722    ndcg@30 : 0.3927    ndcg@50 : 0.4118    precision@1 : 0.2074    precision@2 : 0.1809    precision@3 : 0.1547    precision@4 : 0.1357    precision@5 : 0.1249    precision@10 : 0.0906    precision@20 : 0.0624    precision@30 : 0.048    precision@50 : 0.033    map@1 : 0.2074    map@2 : 0.2104    map@3 : 0.2132    map@4 : 0.2162    map@5 : 0.223    map@10 : 0.2424    map@20 : 0.2576    map@30 : 0.2635    map@50 : 0.2679
Sun 15 Mar 2026 12:11:44 INFO  Running E-step ! 
Sun 15 Mar 2026 12:11:44 INFO  epoch 87 training [time: 0.19s, train_loss1: 2.6619, train_loss2: 0.0396, train_loss3: 0.0110, train_loss4: 0.0026]
Sun 15 Mar 2026 12:11:44 INFO  epoch 87 evaluating [time: 0.14s, valid_score: 0.328800]
Sun 15 Mar 2026 12:11:44 INFO  valid result: 
recall@1 : 0.125    recall@2 : 0.2172    recall@3 : 0.2759    recall@4 : 0.3145    recall@5 : 0.3551    recall@10 : 0.4852    recall@20 : 0.6324    recall@30 : 0.7092    recall@50 : 0.7861    ndcg@1 : 0.2074    ndcg@2 : 0.2373    ndcg@3 : 0.2553    ndcg@4 : 0.2676    ndcg@5 : 0.2825    ndcg@10 : 0.3288    ndcg@20 : 0.3723    ndcg@30 : 0.393    ndcg@50 : 0.4115    precision@1 : 0.2074    precision@2 : 0.1806    precision@3 : 0.1547    precision@4 : 0.1359    precision@5 : 0.1249    precision@10 : 0.0911    precision@20 : 0.0625    precision@30 : 0.0482    precision@50 : 0.033    map@1 : 0.2074    map@2 : 0.2101    map@3 : 0.213    map@4 : 0.2161    map@5 : 0.2228    map@10 : 0.2426    map@20 : 0.2576    map@30 : 0.2636    map@50 : 0.2679
Sun 15 Mar 2026 12:11:44 INFO  Saving current: saved/SCL-Mar-15-2026_12-11-12.pth
Sun 15 Mar 2026 12:11:44 INFO  Saving current best: saved/SCL-Mar-15-2026_12-11-12.pth
Sun 15 Mar 2026 12:11:44 INFO  Running E-step ! 
Sun 15 Mar 2026 12:11:45 INFO  epoch 88 training [time: 0.18s, train_loss1: 2.6361, train_loss2: 0.0396, train_loss3: 0.0110, train_loss4: 0.0026]
Sun 15 Mar 2026 12:11:45 INFO  epoch 88 evaluating [time: 0.14s, valid_score: 0.329700]
Sun 15 Mar 2026 12:11:45 INFO  valid result: 
recall@1 : 0.1254    recall@2 : 0.2171    recall@3 : 0.2752    recall@4 : 0.3152    recall@5 : 0.3553    recall@10 : 0.4872    recall@20 : 0.6331    recall@30 : 0.7106    recall@50 : 0.7854    ndcg@1 : 0.2086    ndcg@2 : 0.2376    ndcg@3 : 0.2549    ndcg@4 : 0.268    ndcg@5 : 0.2831    ndcg@10 : 0.3297    ndcg@20 : 0.3727    ndcg@30 : 0.3936    ndcg@50 : 0.4117    precision@1 : 0.2086    precision@2 : 0.1806    precision@3 : 0.1542    precision@4 : 0.1362    precision@5 : 0.1256    precision@10 : 0.0916    precision@20 : 0.0625    precision@30 : 0.0482    precision@50 : 0.033    map@1 : 0.2086    map@2 : 0.2104    map@3 : 0.2127    map@4 : 0.2164    map@5 : 0.2233    map@10 : 0.2431    map@20 : 0.2579    map@30 : 0.2639    map@50 : 0.2682
Sun 15 Mar 2026 12:11:45 INFO  Saving current: saved/SCL-Mar-15-2026_12-11-12.pth
Sun 15 Mar 2026 12:11:45 INFO  Saving current best: saved/SCL-Mar-15-2026_12-11-12.pth
Sun 15 Mar 2026 12:11:45 INFO  Running E-step ! 
Sun 15 Mar 2026 12:11:45 INFO  epoch 89 training [time: 0.17s, train_loss1: 2.6297, train_loss2: 0.0395, train_loss3: 0.0110, train_loss4: 0.0025]
Sun 15 Mar 2026 12:11:45 INFO  epoch 89 evaluating [time: 0.14s, valid_score: 0.329800]
Sun 15 Mar 2026 12:11:45 INFO  valid result: 
recall@1 : 0.1248    recall@2 : 0.2177    recall@3 : 0.2746    recall@4 : 0.3147    recall@5 : 0.3551    recall@10 : 0.4882    recall@20 : 0.6338    recall@30 : 0.7114    recall@50 : 0.7861    ndcg@1 : 0.208    ndcg@2 : 0.2377    ndcg@3 : 0.2543    ndcg@4 : 0.2675    ndcg@5 : 0.2829    ndcg@10 : 0.3298    ndcg@20 : 0.3728    ndcg@30 : 0.3936    ndcg@50 : 0.4118    precision@1 : 0.208    precision@2 : 0.1809    precision@3 : 0.1538    precision@4 : 0.1359    precision@5 : 0.1259    precision@10 : 0.0918    precision@20 : 0.0626    precision@30 : 0.0483    precision@50 : 0.033    map@1 : 0.208    map@2 : 0.2104    map@3 : 0.2122    map@4 : 0.216    map@5 : 0.223    map@10 : 0.243    map@20 : 0.2578    map@30 : 0.2638    map@50 : 0.2681
Sun 15 Mar 2026 12:11:45 INFO  Saving current: saved/SCL-Mar-15-2026_12-11-12.pth
Sun 15 Mar 2026 12:11:45 INFO  Saving current best: saved/SCL-Mar-15-2026_12-11-12.pth
Sun 15 Mar 2026 12:11:45 INFO  Running E-step ! 
Sun 15 Mar 2026 12:11:45 INFO  epoch 90 training [time: 0.19s, train_loss1: 2.6142, train_loss2: 0.0394, train_loss3: 0.0110, train_loss4: 0.0025]
Sun 15 Mar 2026 12:11:45 INFO  epoch 90 evaluating [time: 0.14s, valid_score: 0.329600]
Sun 15 Mar 2026 12:11:45 INFO  valid result: 
recall@1 : 0.1236    recall@2 : 0.2179    recall@3 : 0.2748    recall@4 : 0.3144    recall@5 : 0.3556    recall@10 : 0.4889    recall@20 : 0.6347    recall@30 : 0.7119    recall@50 : 0.7868    ndcg@1 : 0.2068    ndcg@2 : 0.2375    ndcg@3 : 0.254    ndcg@4 : 0.2672    ndcg@5 : 0.2827    ndcg@10 : 0.3296    ndcg@20 : 0.3728    ndcg@30 : 0.3935    ndcg@50 : 0.4117    precision@1 : 0.2068    precision@2 : 0.1812    precision@3 : 0.1538    precision@4 : 0.1363    precision@5 : 0.126    precision@10 : 0.0918    precision@20 : 0.0627    precision@30 : 0.0483    precision@50 : 0.0331    map@1 : 0.2068    map@2 : 0.2099    map@3 : 0.2118    map@4 : 0.2155    map@5 : 0.2226    map@10 : 0.2426    map@20 : 0.2574    map@30 : 0.2635    map@50 : 0.2677
Sun 15 Mar 2026 12:11:45 INFO  Running E-step ! 
Sun 15 Mar 2026 12:11:46 INFO  epoch 91 training [time: 0.16s, train_loss1: 2.5973, train_loss2: 0.0393, train_loss3: 0.0110, train_loss4: 0.0025]
Sun 15 Mar 2026 12:11:46 INFO  epoch 91 evaluating [time: 0.14s, valid_score: 0.330200]
Sun 15 Mar 2026 12:11:46 INFO  valid result: 
recall@1 : 0.1235    recall@2 : 0.2175    recall@3 : 0.2757    recall@4 : 0.3153    recall@5 : 0.3552    recall@10 : 0.4896    recall@20 : 0.6365    recall@30 : 0.7113    recall@50 : 0.7872    ndcg@1 : 0.208    ndcg@2 : 0.2375    ndcg@3 : 0.2546    ndcg@4 : 0.2676    ndcg@5 : 0.2826    ndcg@10 : 0.3302    ndcg@20 : 0.3736    ndcg@30 : 0.3937    ndcg@50 : 0.4122    precision@1 : 0.208    precision@2 : 0.1809    precision@3 : 0.1544    precision@4 : 0.1365    precision@5 : 0.1256    precision@10 : 0.092    precision@20 : 0.0629    precision@30 : 0.0483    precision@50 : 0.0331    map@1 : 0.208    map@2 : 0.2099    map@3 : 0.2121    map@4 : 0.2158    map@5 : 0.2224    map@10 : 0.2429    map@20 : 0.2578    map@30 : 0.2637    map@50 : 0.268
Sun 15 Mar 2026 12:11:46 INFO  Saving current: saved/SCL-Mar-15-2026_12-11-12.pth
Sun 15 Mar 2026 12:11:46 INFO  Saving current best: saved/SCL-Mar-15-2026_12-11-12.pth
Sun 15 Mar 2026 12:11:46 INFO  Running E-step ! 
Sun 15 Mar 2026 12:11:46 INFO  epoch 92 training [time: 0.19s, train_loss1: 2.6194, train_loss2: 0.0392, train_loss3: 0.0110, train_loss4: 0.0024]
Sun 15 Mar 2026 12:11:46 INFO  epoch 92 evaluating [time: 0.14s, valid_score: 0.331000]
Sun 15 Mar 2026 12:11:46 INFO  valid result: 
recall@1 : 0.1244    recall@2 : 0.2181    recall@3 : 0.2753    recall@4 : 0.3159    recall@5 : 0.3578    recall@10 : 0.4902    recall@20 : 0.6361    recall@30 : 0.7125    recall@50 : 0.7882    ndcg@1 : 0.2092    ndcg@2 : 0.238    ndcg@3 : 0.2549    ndcg@4 : 0.2685    ndcg@5 : 0.284    ndcg@10 : 0.331    ndcg@20 : 0.3742    ndcg@30 : 0.3947    ndcg@50 : 0.4131    precision@1 : 0.2092    precision@2 : 0.1812    precision@3 : 0.1544    precision@4 : 0.1372    precision@5 : 0.1261    precision@10 : 0.0921    precision@20 : 0.0629    precision@30 : 0.0484    precision@50 : 0.0332    map@1 : 0.2092    map@2 : 0.2105    map@3 : 0.2125    map@4 : 0.2166    map@5 : 0.2236    map@10 : 0.2438    map@20 : 0.2586    map@30 : 0.2647    map@50 : 0.269
Sun 15 Mar 2026 12:11:46 INFO  Saving current: saved/SCL-Mar-15-2026_12-11-12.pth
Sun 15 Mar 2026 12:11:46 INFO  Saving current best: saved/SCL-Mar-15-2026_12-11-12.pth
Sun 15 Mar 2026 12:11:46 INFO  Running E-step ! 
Sun 15 Mar 2026 12:11:46 INFO  epoch 93 training [time: 0.19s, train_loss1: 2.5820, train_loss2: 0.0392, train_loss3: 0.0110, train_loss4: 0.0024]
Sun 15 Mar 2026 12:11:46 INFO  epoch 93 evaluating [time: 0.14s, valid_score: 0.330900]
Sun 15 Mar 2026 12:11:46 INFO  valid result: 
recall@1 : 0.1232    recall@2 : 0.2192    recall@3 : 0.2756    recall@4 : 0.3164    recall@5 : 0.3577    recall@10 : 0.4901    recall@20 : 0.6369    recall@30 : 0.7126    recall@50 : 0.7886    ndcg@1 : 0.208    ndcg@2 : 0.2384    ndcg@3 : 0.255    ndcg@4 : 0.2687    ndcg@5 : 0.2838    ndcg@10 : 0.3309    ndcg@20 : 0.3743    ndcg@30 : 0.3946    ndcg@50 : 0.4131    precision@1 : 0.208    precision@2 : 0.1821    precision@3 : 0.1549    precision@4 : 0.1378    precision@5 : 0.1262    precision@10 : 0.0921    precision@20 : 0.0629    precision@30 : 0.0484    precision@50 : 0.0332    map@1 : 0.208    map@2 : 0.2105    map@3 : 0.2126    map@4 : 0.2168    map@5 : 0.2233    map@10 : 0.2436    map@20 : 0.2586    map@30 : 0.2645    map@50 : 0.2689
Sun 15 Mar 2026 12:11:46 INFO  Running E-step ! 
Sun 15 Mar 2026 12:11:47 INFO  epoch 94 training [time: 0.18s, train_loss1: 2.6076, train_loss2: 0.0391, train_loss3: 0.0110, train_loss4: 0.0024]
Sun 15 Mar 2026 12:11:47 INFO  epoch 94 evaluating [time: 0.14s, valid_score: 0.331200]
Sun 15 Mar 2026 12:11:47 INFO  valid result: 
recall@1 : 0.1232    recall@2 : 0.2192    recall@3 : 0.2761    recall@4 : 0.3166    recall@5 : 0.3568    recall@10 : 0.4908    recall@20 : 0.6381    recall@30 : 0.711    recall@50 : 0.7887    ndcg@1 : 0.208    ndcg@2 : 0.2384    ndcg@3 : 0.2552    ndcg@4 : 0.2689    ndcg@5 : 0.2836    ndcg@10 : 0.3312    ndcg@20 : 0.3747    ndcg@30 : 0.3945    ndcg@50 : 0.4133    precision@1 : 0.208    precision@2 : 0.1821    precision@3 : 0.1551    precision@4 : 0.1381    precision@5 : 0.1262    precision@10 : 0.0923    precision@20 : 0.063    precision@30 : 0.0483    precision@50 : 0.0332    map@1 : 0.208    map@2 : 0.2105    map@3 : 0.2128    map@4 : 0.217    map@5 : 0.2233    map@10 : 0.2438    map@20 : 0.2588    map@30 : 0.2647    map@50 : 0.2691
Sun 15 Mar 2026 12:11:47 INFO  Saving current: saved/SCL-Mar-15-2026_12-11-12.pth
Sun 15 Mar 2026 12:11:47 INFO  Saving current best: saved/SCL-Mar-15-2026_12-11-12.pth
Sun 15 Mar 2026 12:11:47 INFO  Running E-step ! 
Sun 15 Mar 2026 12:11:47 INFO  epoch 95 training [time: 0.20s, train_loss1: 2.6222, train_loss2: 0.0390, train_loss3: 0.0110, train_loss4: 0.0023]
Sun 15 Mar 2026 12:11:47 INFO  epoch 95 evaluating [time: 0.14s, valid_score: 0.331500]
Sun 15 Mar 2026 12:11:47 INFO  valid result: 
recall@1 : 0.1231    recall@2 : 0.2185    recall@3 : 0.2767    recall@4 : 0.3176    recall@5 : 0.3544    recall@10 : 0.4914    recall@20 : 0.6389    recall@30 : 0.7116    recall@50 : 0.7887    ndcg@1 : 0.2092    ndcg@2 : 0.2382    ndcg@3 : 0.2558    ndcg@4 : 0.2696    ndcg@5 : 0.2828    ndcg@10 : 0.3315    ndcg@20 : 0.375    ndcg@30 : 0.3947    ndcg@50 : 0.4135    precision@1 : 0.2092    precision@2 : 0.1818    precision@3 : 0.1559    precision@4 : 0.1387    precision@5 : 0.1257    precision@10 : 0.0925    precision@20 : 0.063    precision@30 : 0.0484    precision@50 : 0.0332    map@1 : 0.2092    map@2 : 0.2104    map@3 : 0.2131    map@4 : 0.2174    map@5 : 0.2228    map@10 : 0.2439    map@20 : 0.2589    map@30 : 0.2648    map@50 : 0.2691
Sun 15 Mar 2026 12:11:47 INFO  Saving current: saved/SCL-Mar-15-2026_12-11-12.pth
Sun 15 Mar 2026 12:11:47 INFO  Saving current best: saved/SCL-Mar-15-2026_12-11-12.pth
Sun 15 Mar 2026 12:11:47 INFO  Running E-step ! 
Sun 15 Mar 2026 12:11:47 INFO  epoch 96 training [time: 0.18s, train_loss1: 2.5671, train_loss2: 0.0389, train_loss3: 0.0110, train_loss4: 0.0023]
Sun 15 Mar 2026 12:11:47 INFO  epoch 96 evaluating [time: 0.14s, valid_score: 0.332000]
Sun 15 Mar 2026 12:11:47 INFO  valid result: 
recall@1 : 0.1231    recall@2 : 0.2186    recall@3 : 0.2769    recall@4 : 0.3194    recall@5 : 0.354    recall@10 : 0.492    recall@20 : 0.6397    recall@30 : 0.7131    recall@50 : 0.7892    ndcg@1 : 0.2092    ndcg@2 : 0.238    ndcg@3 : 0.256    ndcg@4 : 0.2704    ndcg@5 : 0.2827    ndcg@10 : 0.332    ndcg@20 : 0.3755    ndcg@30 : 0.3953    ndcg@50 : 0.4138    precision@1 : 0.2092    precision@2 : 0.1815    precision@3 : 0.1563    precision@4 : 0.1393    precision@5 : 0.1256    precision@10 : 0.0928    precision@20 : 0.0631    precision@30 : 0.0485    precision@50 : 0.0332    map@1 : 0.2092    map@2 : 0.2101    map@3 : 0.2132    map@4 : 0.218    map@5 : 0.223    map@10 : 0.2442    map@20 : 0.2592    map@30 : 0.2652    map@50 : 0.2695
Sun 15 Mar 2026 12:11:47 INFO  Saving current: saved/SCL-Mar-15-2026_12-11-12.pth
Sun 15 Mar 2026 12:11:47 INFO  Saving current best: saved/SCL-Mar-15-2026_12-11-12.pth
Sun 15 Mar 2026 12:11:47 INFO  Running E-step ! 
Sun 15 Mar 2026 12:11:48 INFO  epoch 97 training [time: 0.18s, train_loss1: 2.5629, train_loss2: 0.0388, train_loss3: 0.0110, train_loss4: 0.0023]
Sun 15 Mar 2026 12:11:48 INFO  epoch 97 evaluating [time: 0.14s, valid_score: 0.333100]
Sun 15 Mar 2026 12:11:48 INFO  valid result: 
recall@1 : 0.1237    recall@2 : 0.2189    recall@3 : 0.2782    recall@4 : 0.319    recall@5 : 0.3539    recall@10 : 0.494    recall@20 : 0.6407    recall@30 : 0.7121    recall@50 : 0.7894    ndcg@1 : 0.2098    ndcg@2 : 0.2388    ndcg@3 : 0.2574    ndcg@4 : 0.2706    ndcg@5 : 0.2832    ndcg@10 : 0.3331    ndcg@20 : 0.3762    ndcg@30 : 0.3956    ndcg@50 : 0.4144    precision@1 : 0.2098    precision@2 : 0.1824    precision@3 : 0.1577    precision@4 : 0.139    precision@5 : 0.1257    precision@10 : 0.0931    precision@20 : 0.0633    precision@30 : 0.0484    precision@50 : 0.0332    map@1 : 0.2098    map@2 : 0.2107    map@3 : 0.2145    map@4 : 0.2183    map@5 : 0.2235    map@10 : 0.2451    map@20 : 0.26    map@30 : 0.2658    map@50 : 0.2701
Sun 15 Mar 2026 12:11:48 INFO  Saving current: saved/SCL-Mar-15-2026_12-11-12.pth
Sun 15 Mar 2026 12:11:48 INFO  Saving current best: saved/SCL-Mar-15-2026_12-11-12.pth
Sun 15 Mar 2026 12:11:48 INFO  Running E-step ! 
Sun 15 Mar 2026 12:11:48 INFO  epoch 98 training [time: 0.17s, train_loss1: 2.5556, train_loss2: 0.0388, train_loss3: 0.0110, train_loss4: 0.0022]
Sun 15 Mar 2026 12:11:48 INFO  epoch 98 evaluating [time: 0.14s, valid_score: 0.333900]
Sun 15 Mar 2026 12:11:48 INFO  valid result: 
recall@1 : 0.1252    recall@2 : 0.2172    recall@3 : 0.2787    recall@4 : 0.3189    recall@5 : 0.3547    recall@10 : 0.4952    recall@20 : 0.64    recall@30 : 0.7124    recall@50 : 0.7897    ndcg@1 : 0.2122    ndcg@2 : 0.2386    ndcg@3 : 0.2581    ndcg@4 : 0.271    ndcg@5 : 0.284    ndcg@10 : 0.3339    ndcg@20 : 0.3766    ndcg@30 : 0.3962    ndcg@50 : 0.415    precision@1 : 0.2122    precision@2 : 0.1818    precision@3 : 0.1581    precision@4 : 0.1389    precision@5 : 0.1261    precision@10 : 0.0934    precision@20 : 0.0632    precision@30 : 0.0485    precision@50 : 0.0332    map@1 : 0.2122    map@2 : 0.211    map@3 : 0.2153    map@4 : 0.2187    map@5 : 0.2242    map@10 : 0.2457    map@20 : 0.2604    map@30 : 0.2663    map@50 : 0.2707
Sun 15 Mar 2026 12:11:48 INFO  Saving current: saved/SCL-Mar-15-2026_12-11-12.pth
Sun 15 Mar 2026 12:11:48 INFO  Saving current best: saved/SCL-Mar-15-2026_12-11-12.pth
Sun 15 Mar 2026 12:11:48 INFO  Running E-step ! 
Sun 15 Mar 2026 12:11:48 INFO  epoch 99 training [time: 0.18s, train_loss1: 2.5906, train_loss2: 0.0387, train_loss3: 0.0110, train_loss4: 0.0022]
Sun 15 Mar 2026 12:11:48 INFO  epoch 99 evaluating [time: 0.14s, valid_score: 0.333800]
Sun 15 Mar 2026 12:11:48 INFO  valid result: 
recall@1 : 0.1252    recall@2 : 0.2176    recall@3 : 0.2762    recall@4 : 0.3176    recall@5 : 0.355    recall@10 : 0.4952    recall@20 : 0.6398    recall@30 : 0.7123    recall@50 : 0.7905    ndcg@1 : 0.2122    ndcg@2 : 0.2385    ndcg@3 : 0.2569    ndcg@4 : 0.2703    ndcg@5 : 0.284    ndcg@10 : 0.3338    ndcg@20 : 0.3764    ndcg@30 : 0.3961    ndcg@50 : 0.4151    precision@1 : 0.2122    precision@2 : 0.1815    precision@3 : 0.1571    precision@4 : 0.1386    precision@5 : 0.1262    precision@10 : 0.0936    precision@20 : 0.0631    precision@30 : 0.0485    precision@50 : 0.0333    map@1 : 0.2122    map@2 : 0.2108    map@3 : 0.2143    map@4 : 0.2182    map@5 : 0.2241    map@10 : 0.2456    map@20 : 0.2603    map@30 : 0.2662    map@50 : 0.2706
Sun 15 Mar 2026 12:11:48 INFO  Running E-step ! 
Sun 15 Mar 2026 12:11:49 INFO  epoch 100 training [time: 0.19s, train_loss1: 2.5562, train_loss2: 0.0386, train_loss3: 0.0110, train_loss4: 0.0022]
Sun 15 Mar 2026 12:11:49 INFO  epoch 100 evaluating [time: 0.14s, valid_score: 0.334900]
Sun 15 Mar 2026 12:11:49 INFO  valid result: 
recall@1 : 0.1253    recall@2 : 0.2172    recall@3 : 0.2769    recall@4 : 0.3183    recall@5 : 0.3547    recall@10 : 0.4979    recall@20 : 0.6405    recall@30 : 0.7141    recall@50 : 0.7915    ndcg@1 : 0.2122    ndcg@2 : 0.2384    ndcg@3 : 0.2576    ndcg@4 : 0.2707    ndcg@5 : 0.284    ndcg@10 : 0.3349    ndcg@20 : 0.3767    ndcg@30 : 0.3967    ndcg@50 : 0.4155    precision@1 : 0.2122    precision@2 : 0.1815    precision@3 : 0.1581    precision@4 : 0.1389    precision@5 : 0.1263    precision@10 : 0.0941    precision@20 : 0.0632    precision@30 : 0.0486    precision@50 : 0.0333    map@1 : 0.2122    map@2 : 0.2107    map@3 : 0.2146    map@4 : 0.2185    map@5 : 0.2241    map@10 : 0.2461    map@20 : 0.2605    map@30 : 0.2665    map@50 : 0.2709
Sun 15 Mar 2026 12:11:49 INFO  Saving current: saved/SCL-Mar-15-2026_12-11-12.pth
Sun 15 Mar 2026 12:11:49 INFO  Saving current best: saved/SCL-Mar-15-2026_12-11-12.pth
Sun 15 Mar 2026 12:11:49 INFO  Running E-step ! 
Sun 15 Mar 2026 12:11:49 INFO  epoch 101 training [time: 0.16s, train_loss1: 2.5454, train_loss2: 0.0385, train_loss3: 0.0110, train_loss4: 0.0022]
Sun 15 Mar 2026 12:11:49 INFO  epoch 101 evaluating [time: 0.14s, valid_score: 0.334800]
Sun 15 Mar 2026 12:11:49 INFO  valid result: 
recall@1 : 0.1255    recall@2 : 0.2174    recall@3 : 0.2746    recall@4 : 0.3158    recall@5 : 0.3547    recall@10 : 0.4978    recall@20 : 0.6419    recall@30 : 0.7159    recall@50 : 0.7913    ndcg@1 : 0.2128    ndcg@2 : 0.2382    ndcg@3 : 0.2564    ndcg@4 : 0.2697    ndcg@5 : 0.2839    ndcg@10 : 0.3348    ndcg@20 : 0.3769    ndcg@30 : 0.3971    ndcg@50 : 0.4154    precision@1 : 0.2128    precision@2 : 0.1809    precision@3 : 0.1571    precision@4 : 0.1386    precision@5 : 0.1265    precision@10 : 0.0942    precision@20 : 0.0632    precision@30 : 0.0487    precision@50 : 0.0333    map@1 : 0.2128    map@2 : 0.2105    map@3 : 0.214    map@4 : 0.2178    map@5 : 0.224    map@10 : 0.2461    map@20 : 0.2605    map@30 : 0.2665    map@50 : 0.2708
Sun 15 Mar 2026 12:11:49 INFO  Running E-step ! 
Sun 15 Mar 2026 12:11:49 INFO  epoch 102 training [time: 0.20s, train_loss1: 2.5260, train_loss2: 0.0384, train_loss3: 0.0110, train_loss4: 0.0020]
Sun 15 Mar 2026 12:11:49 INFO  epoch 102 evaluating [time: 0.14s, valid_score: 0.335100]
Sun 15 Mar 2026 12:11:49 INFO  valid result: 
recall@1 : 0.1263    recall@2 : 0.2155    recall@3 : 0.2738    recall@4 : 0.3148    recall@5 : 0.356    recall@10 : 0.4984    recall@20 : 0.6427    recall@30 : 0.7169    recall@50 : 0.7912    ndcg@1 : 0.2139    ndcg@2 : 0.2372    ndcg@3 : 0.2562    ndcg@4 : 0.2693    ndcg@5 : 0.2845    ndcg@10 : 0.3351    ndcg@20 : 0.3772    ndcg@30 : 0.3975    ndcg@50 : 0.4156    precision@1 : 0.2139    precision@2 : 0.1797    precision@3 : 0.1571    precision@4 : 0.1384    precision@5 : 0.1271    precision@10 : 0.0945    precision@20 : 0.0633    precision@30 : 0.0488    precision@50 : 0.0333    map@1 : 0.2139    map@2 : 0.2099    map@3 : 0.2141    map@4 : 0.2177    map@5 : 0.2244    map@10 : 0.2463    map@20 : 0.2607    map@30 : 0.2668    map@50 : 0.2711
Sun 15 Mar 2026 12:11:49 INFO  Saving current: saved/SCL-Mar-15-2026_12-11-12.pth
Sun 15 Mar 2026 12:11:49 INFO  Saving current best: saved/SCL-Mar-15-2026_12-11-12.pth
Sun 15 Mar 2026 12:11:49 INFO  Running E-step ! 
Sun 15 Mar 2026 12:11:50 INFO  epoch 103 training [time: 0.19s, train_loss1: 2.5173, train_loss2: 0.0383, train_loss3: 0.0110, train_loss4: 0.0020]
Sun 15 Mar 2026 12:11:50 INFO  epoch 103 evaluating [time: 0.14s, valid_score: 0.335100]
Sun 15 Mar 2026 12:11:50 INFO  valid result: 
recall@1 : 0.1257    recall@2 : 0.2161    recall@3 : 0.2742    recall@4 : 0.3145    recall@5 : 0.3552    recall@10 : 0.4986    recall@20 : 0.6432    recall@30 : 0.717    recall@50 : 0.7912    ndcg@1 : 0.2133    ndcg@2 : 0.2371    ndcg@3 : 0.2563    ndcg@4 : 0.2688    ndcg@5 : 0.2841    ndcg@10 : 0.3351    ndcg@20 : 0.3773    ndcg@30 : 0.3974    ndcg@50 : 0.4156    precision@1 : 0.2133    precision@2 : 0.1797    precision@3 : 0.1573    precision@4 : 0.138    precision@5 : 0.1271    precision@10 : 0.0946    precision@20 : 0.0633    precision@30 : 0.0488    precision@50 : 0.0333    map@1 : 0.2133    map@2 : 0.2096    map@3 : 0.2139    map@4 : 0.2172    map@5 : 0.224    map@10 : 0.2462    map@20 : 0.2606    map@30 : 0.2667    map@50 : 0.2709
Sun 15 Mar 2026 12:11:50 INFO  Saving current: saved/SCL-Mar-15-2026_12-11-12.pth
Sun 15 Mar 2026 12:11:50 INFO  Saving current best: saved/SCL-Mar-15-2026_12-11-12.pth
Sun 15 Mar 2026 12:11:50 INFO  Running E-step ! 
Sun 15 Mar 2026 12:11:50 INFO  epoch 104 training [time: 0.19s, train_loss1: 2.5381, train_loss2: 0.0383, train_loss3: 0.0110, train_loss4: 0.0020]
Sun 15 Mar 2026 12:11:50 INFO  epoch 104 evaluating [time: 0.15s, valid_score: 0.334800]
Sun 15 Mar 2026 12:11:50 INFO  valid result: 
recall@1 : 0.125    recall@2 : 0.2166    recall@3 : 0.2742    recall@4 : 0.3138    recall@5 : 0.3548    recall@10 : 0.4978    recall@20 : 0.6424    recall@30 : 0.7184    recall@50 : 0.7917    ndcg@1 : 0.2122    ndcg@2 : 0.2374    ndcg@3 : 0.2559    ndcg@4 : 0.2684    ndcg@5 : 0.2838    ndcg@10 : 0.3348    ndcg@20 : 0.377    ndcg@30 : 0.3976    ndcg@50 : 0.4156    precision@1 : 0.2122    precision@2 : 0.1803    precision@3 : 0.1571    precision@4 : 0.1381    precision@5 : 0.1271    precision@10 : 0.0947    precision@20 : 0.0634    precision@30 : 0.0489    precision@50 : 0.0334    map@1 : 0.2122    map@2 : 0.2096    map@3 : 0.2135    map@4 : 0.2169    map@5 : 0.2237    map@10 : 0.246    map@20 : 0.2604    map@30 : 0.2665    map@50 : 0.2708
Sun 15 Mar 2026 12:11:50 INFO  Running E-step ! 
Sun 15 Mar 2026 12:11:50 INFO  epoch 105 training [time: 0.17s, train_loss1: 2.5049, train_loss2: 0.0382, train_loss3: 0.0110, train_loss4: 0.0021]
Sun 15 Mar 2026 12:11:51 INFO  epoch 105 evaluating [time: 0.14s, valid_score: 0.335000]
Sun 15 Mar 2026 12:11:51 INFO  valid result: 
recall@1 : 0.1242    recall@2 : 0.2171    recall@3 : 0.2747    recall@4 : 0.314    recall@5 : 0.3553    recall@10 : 0.4987    recall@20 : 0.6432    recall@30 : 0.7191    recall@50 : 0.7922    ndcg@1 : 0.2122    ndcg@2 : 0.2371    ndcg@3 : 0.256    ndcg@4 : 0.2683    ndcg@5 : 0.2839    ndcg@10 : 0.335    ndcg@20 : 0.3772    ndcg@30 : 0.3978    ndcg@50 : 0.4157    precision@1 : 0.2122    precision@2 : 0.18    precision@3 : 0.1573    precision@4 : 0.1383    precision@5 : 0.1274    precision@10 : 0.0948    precision@20 : 0.0635    precision@30 : 0.0489    precision@50 : 0.0334    map@1 : 0.2122    map@2 : 0.2092    map@3 : 0.2133    map@4 : 0.2166    map@5 : 0.2236    map@10 : 0.2459    map@20 : 0.2604    map@30 : 0.2665    map@50 : 0.2707
Sun 15 Mar 2026 12:11:51 INFO  Running E-step ! 
Sun 15 Mar 2026 12:11:51 INFO  epoch 106 training [time: 0.18s, train_loss1: 2.5151, train_loss2: 0.0381, train_loss3: 0.0110, train_loss4: 0.0021]
Sun 15 Mar 2026 12:11:51 INFO  epoch 106 evaluating [time: 0.14s, valid_score: 0.334900]
Sun 15 Mar 2026 12:11:51 INFO  valid result: 
recall@1 : 0.1234    recall@2 : 0.2183    recall@3 : 0.2753    recall@4 : 0.314    recall@5 : 0.3543    recall@10 : 0.4987    recall@20 : 0.6427    recall@30 : 0.7193    recall@50 : 0.7937    ndcg@1 : 0.211    ndcg@2 : 0.2375    ndcg@3 : 0.256    ndcg@4 : 0.2682    ndcg@5 : 0.2834    ndcg@10 : 0.3349    ndcg@20 : 0.377    ndcg@30 : 0.3978    ndcg@50 : 0.416    precision@1 : 0.211    precision@2 : 0.1806    precision@3 : 0.1573    precision@4 : 0.1383    precision@5 : 0.1273    precision@10 : 0.0948    precision@20 : 0.0634    precision@30 : 0.049    precision@50 : 0.0334    map@1 : 0.211    map@2 : 0.2093    map@3 : 0.2131    map@4 : 0.2164    map@5 : 0.2233    map@10 : 0.2458    map@20 : 0.2603    map@30 : 0.2665    map@50 : 0.2708
Sun 15 Mar 2026 12:11:51 INFO  Running E-step ! 
Sun 15 Mar 2026 12:11:51 INFO  epoch 107 training [time: 0.17s, train_loss1: 2.4678, train_loss2: 0.0381, train_loss3: 0.0110, train_loss4: 0.0020]
Sun 15 Mar 2026 12:11:51 INFO  epoch 107 evaluating [time: 0.14s, valid_score: 0.335300]
Sun 15 Mar 2026 12:11:51 INFO  valid result: 
recall@1 : 0.1234    recall@2 : 0.2189    recall@3 : 0.2752    recall@4 : 0.3136    recall@5 : 0.3541    recall@10 : 0.4992    recall@20 : 0.6435    recall@30 : 0.72    recall@50 : 0.7944    ndcg@1 : 0.211    ndcg@2 : 0.238    ndcg@3 : 0.2562    ndcg@4 : 0.2684    ndcg@5 : 0.2835    ndcg@10 : 0.3353    ndcg@20 : 0.3775    ndcg@30 : 0.3982    ndcg@50 : 0.4163    precision@1 : 0.211    precision@2 : 0.1812    precision@3 : 0.1575    precision@4 : 0.1387    precision@5 : 0.1273    precision@10 : 0.0949    precision@20 : 0.0635    precision@30 : 0.049    precision@50 : 0.0335    map@1 : 0.211    map@2 : 0.2096    map@3 : 0.2133    map@4 : 0.2166    map@5 : 0.2234    map@10 : 0.2461    map@20 : 0.2606    map@30 : 0.2667    map@50 : 0.271
Sun 15 Mar 2026 12:11:51 INFO  Saving current: saved/SCL-Mar-15-2026_12-11-12.pth
Sun 15 Mar 2026 12:11:51 INFO  Saving current best: saved/SCL-Mar-15-2026_12-11-12.pth
Sun 15 Mar 2026 12:11:51 INFO  Running E-step ! 
Sun 15 Mar 2026 12:11:51 INFO  epoch 108 training [time: 0.19s, train_loss1: 2.4917, train_loss2: 0.0380, train_loss3: 0.0110, train_loss4: 0.0020]
Sun 15 Mar 2026 12:11:52 INFO  epoch 108 evaluating [time: 0.14s, valid_score: 0.335900]
Sun 15 Mar 2026 12:11:52 INFO  valid result: 
recall@1 : 0.1246    recall@2 : 0.2191    recall@3 : 0.2754    recall@4 : 0.3139    recall@5 : 0.3542    recall@10 : 0.4992    recall@20 : 0.6426    recall@30 : 0.7202    recall@50 : 0.7945    ndcg@1 : 0.2122    ndcg@2 : 0.2386    ndcg@3 : 0.2568    ndcg@4 : 0.2692    ndcg@5 : 0.2842    ndcg@10 : 0.3359    ndcg@20 : 0.3778    ndcg@30 : 0.3989    ndcg@50 : 0.417    precision@1 : 0.2122    precision@2 : 0.1815    precision@3 : 0.1577    precision@4 : 0.1392    precision@5 : 0.1278    precision@10 : 0.095    precision@20 : 0.0634    precision@30 : 0.049    precision@50 : 0.0335    map@1 : 0.2122    map@2 : 0.2105    map@3 : 0.2141    map@4 : 0.2176    map@5 : 0.2243    map@10 : 0.2469    map@20 : 0.2613    map@30 : 0.2676    map@50 : 0.2719
Sun 15 Mar 2026 12:11:52 INFO  Saving current: saved/SCL-Mar-15-2026_12-11-12.pth
Sun 15 Mar 2026 12:11:52 INFO  Saving current best: saved/SCL-Mar-15-2026_12-11-12.pth
Sun 15 Mar 2026 12:11:52 INFO  Running E-step ! 
Sun 15 Mar 2026 12:11:52 INFO  epoch 109 training [time: 0.18s, train_loss1: 2.4440, train_loss2: 0.0379, train_loss3: 0.0110, train_loss4: 0.0020]
Sun 15 Mar 2026 12:11:52 INFO  epoch 109 evaluating [time: 0.14s, valid_score: 0.336400]
Sun 15 Mar 2026 12:11:52 INFO  valid result: 
recall@1 : 0.1246    recall@2 : 0.2202    recall@3 : 0.2747    recall@4 : 0.3138    recall@5 : 0.3551    recall@10 : 0.5002    recall@20 : 0.6416    recall@30 : 0.7196    recall@50 : 0.7956    ndcg@1 : 0.2122    ndcg@2 : 0.2397    ndcg@3 : 0.2566    ndcg@4 : 0.2693    ndcg@5 : 0.2848    ndcg@10 : 0.3364    ndcg@20 : 0.3779    ndcg@30 : 0.399    ndcg@50 : 0.4175    precision@1 : 0.2122    precision@2 : 0.1827    precision@3 : 0.1575    precision@4 : 0.139    precision@5 : 0.1282    precision@10 : 0.0951    precision@20 : 0.0633    precision@30 : 0.049    precision@50 : 0.0336    map@1 : 0.2122    map@2 : 0.2113    map@3 : 0.2141    map@4 : 0.2177    map@5 : 0.2248    map@10 : 0.2472    map@20 : 0.2616    map@30 : 0.2679    map@50 : 0.2722
Sun 15 Mar 2026 12:11:52 INFO  Saving current: saved/SCL-Mar-15-2026_12-11-12.pth
Sun 15 Mar 2026 12:11:52 INFO  Saving current best: saved/SCL-Mar-15-2026_12-11-12.pth
Sun 15 Mar 2026 12:11:52 INFO  Running E-step ! 
Sun 15 Mar 2026 12:11:52 INFO  epoch 110 training [time: 0.17s, train_loss1: 2.4899, train_loss2: 0.0378, train_loss3: 0.0110, train_loss4: 0.0020]
Sun 15 Mar 2026 12:11:52 INFO  epoch 110 evaluating [time: 0.14s, valid_score: 0.336500]
Sun 15 Mar 2026 12:11:52 INFO  valid result: 
recall@1 : 0.1241    recall@2 : 0.2199    recall@3 : 0.2751    recall@4 : 0.3156    recall@5 : 0.3539    recall@10 : 0.5002    recall@20 : 0.6417    recall@30 : 0.7205    recall@50 : 0.7969    ndcg@1 : 0.2122    ndcg@2 : 0.2395    ndcg@3 : 0.2567    ndcg@4 : 0.27    ndcg@5 : 0.2844    ndcg@10 : 0.3365    ndcg@20 : 0.3779    ndcg@30 : 0.3993    ndcg@50 : 0.4179    precision@1 : 0.2122    precision@2 : 0.1827    precision@3 : 0.1577    precision@4 : 0.1397    precision@5 : 0.1281    precision@10 : 0.0952    precision@20 : 0.0634    precision@30 : 0.0491    precision@50 : 0.0336    map@1 : 0.2122    map@2 : 0.2111    map@3 : 0.2141    map@4 : 0.218    map@5 : 0.2246    map@10 : 0.2473    map@20 : 0.2616    map@30 : 0.2679    map@50 : 0.2723
Sun 15 Mar 2026 12:11:52 INFO  Saving current: saved/SCL-Mar-15-2026_12-11-12.pth
Sun 15 Mar 2026 12:11:52 INFO  Saving current best: saved/SCL-Mar-15-2026_12-11-12.pth
Sun 15 Mar 2026 12:11:52 INFO  Running E-step ! 
Sun 15 Mar 2026 12:11:52 INFO  epoch 111 training [time: 0.17s, train_loss1: 2.4262, train_loss2: 0.0377, train_loss3: 0.0110, train_loss4: 0.0020]
Sun 15 Mar 2026 12:11:53 INFO  epoch 111 evaluating [time: 0.14s, valid_score: 0.337100]
Sun 15 Mar 2026 12:11:53 INFO  valid result: 
recall@1 : 0.1254    recall@2 : 0.2198    recall@3 : 0.2753    recall@4 : 0.3169    recall@5 : 0.3533    recall@10 : 0.5005    recall@20 : 0.6415    recall@30 : 0.7205    recall@50 : 0.797    ndcg@1 : 0.2139    ndcg@2 : 0.24    ndcg@3 : 0.2571    ndcg@4 : 0.2711    ndcg@5 : 0.2847    ndcg@10 : 0.3371    ndcg@20 : 0.3784    ndcg@30 : 0.3998    ndcg@50 : 0.4185    precision@1 : 0.2139    precision@2 : 0.1827    precision@3 : 0.1573    precision@4 : 0.14    precision@5 : 0.128    precision@10 : 0.0953    precision@20 : 0.0633    precision@30 : 0.0491    precision@50 : 0.0336    map@1 : 0.2139    map@2 : 0.2119    map@3 : 0.2146    map@4 : 0.219    map@5 : 0.2252    map@10 : 0.248    map@20 : 0.2622    map@30 : 0.2686    map@50 : 0.273
Sun 15 Mar 2026 12:11:53 INFO  Saving current: saved/SCL-Mar-15-2026_12-11-12.pth
Sun 15 Mar 2026 12:11:53 INFO  Saving current best: saved/SCL-Mar-15-2026_12-11-12.pth
Sun 15 Mar 2026 12:11:53 INFO  Running E-step ! 
Sun 15 Mar 2026 12:11:53 INFO  epoch 112 training [time: 0.21s, train_loss1: 2.4710, train_loss2: 0.0377, train_loss3: 0.0110, train_loss4: 0.0020]
Sun 15 Mar 2026 12:11:53 INFO  epoch 112 evaluating [time: 0.14s, valid_score: 0.338400]
Sun 15 Mar 2026 12:11:53 INFO  valid result: 
recall@1 : 0.1267    recall@2 : 0.2209    recall@3 : 0.2759    recall@4 : 0.3193    recall@5 : 0.354    recall@10 : 0.5018    recall@20 : 0.6399    recall@30 : 0.721    recall@50 : 0.7971    ndcg@1 : 0.2151    ndcg@2 : 0.2415    ndcg@3 : 0.2578    ndcg@4 : 0.2727    ndcg@5 : 0.2857    ndcg@10 : 0.3384    ndcg@20 : 0.3789    ndcg@30 : 0.4008    ndcg@50 : 0.4193    precision@1 : 0.2151    precision@2 : 0.1838    precision@3 : 0.1571    precision@4 : 0.1406    precision@5 : 0.1281    precision@10 : 0.0956    precision@20 : 0.0633    precision@30 : 0.0491    precision@50 : 0.0336    map@1 : 0.2151    map@2 : 0.2132    map@3 : 0.2154    map@4 : 0.2202    map@5 : 0.2262    map@10 : 0.2491    map@20 : 0.2632    map@30 : 0.2696    map@50 : 0.274
Sun 15 Mar 2026 12:11:53 INFO  Saving current: saved/SCL-Mar-15-2026_12-11-12.pth
Sun 15 Mar 2026 12:11:53 INFO  Saving current best: saved/SCL-Mar-15-2026_12-11-12.pth
Sun 15 Mar 2026 12:11:53 INFO  Running E-step ! 
Sun 15 Mar 2026 12:11:53 INFO  epoch 113 training [time: 0.19s, train_loss1: 2.4666, train_loss2: 0.0376, train_loss3: 0.0110, train_loss4: 0.0020]
Sun 15 Mar 2026 12:11:53 INFO  epoch 113 evaluating [time: 0.15s, valid_score: 0.338600]
Sun 15 Mar 2026 12:11:53 INFO  valid result: 
recall@1 : 0.127    recall@2 : 0.2219    recall@3 : 0.2771    recall@4 : 0.3202    recall@5 : 0.3541    recall@10 : 0.5013    recall@20 : 0.64    recall@30 : 0.7201    recall@50 : 0.7985    ndcg@1 : 0.2157    ndcg@2 : 0.2422    ndcg@3 : 0.2588    ndcg@4 : 0.2734    ndcg@5 : 0.2863    ndcg@10 : 0.3386    ndcg@20 : 0.3793    ndcg@30 : 0.401    ndcg@50 : 0.42    precision@1 : 0.2157    precision@2 : 0.1841    precision@3 : 0.1579    precision@4 : 0.1408    precision@5 : 0.1285    precision@10 : 0.0954    precision@20 : 0.0632    precision@30 : 0.0491    precision@50 : 0.0337    map@1 : 0.2157    map@2 : 0.2138    map@3 : 0.2162    map@4 : 0.2209    map@5 : 0.2268    map@10 : 0.2495    map@20 : 0.2636    map@30 : 0.2701    map@50 : 0.2745
Sun 15 Mar 2026 12:11:53 INFO  Saving current: saved/SCL-Mar-15-2026_12-11-12.pth
Sun 15 Mar 2026 12:11:53 INFO  Saving current best: saved/SCL-Mar-15-2026_12-11-12.pth
Sun 15 Mar 2026 12:11:53 INFO  Running E-step ! 
Sun 15 Mar 2026 12:11:53 INFO  epoch 114 training [time: 0.19s, train_loss1: 2.4270, train_loss2: 0.0375, train_loss3: 0.0110, train_loss4: 0.0019]
Sun 15 Mar 2026 12:11:54 INFO  epoch 114 evaluating [time: 0.15s, valid_score: 0.338000]
Sun 15 Mar 2026 12:11:54 INFO  valid result: 
recall@1 : 0.1276    recall@2 : 0.2224    recall@3 : 0.2757    recall@4 : 0.3203    recall@5 : 0.355    recall@10 : 0.4991    recall@20 : 0.6401    recall@30 : 0.7211    recall@50 : 0.7988    ndcg@1 : 0.2163    ndcg@2 : 0.2429    ndcg@3 : 0.2583    ndcg@4 : 0.2738    ndcg@5 : 0.2869    ndcg@10 : 0.338    ndcg@20 : 0.3794    ndcg@30 : 0.4015    ndcg@50 : 0.4202    precision@1 : 0.2163    precision@2 : 0.1847    precision@3 : 0.1573    precision@4 : 0.1411    precision@5 : 0.1286    precision@10 : 0.095    precision@20 : 0.0631    precision@30 : 0.0492    precision@50 : 0.0337    map@1 : 0.2163    map@2 : 0.2144    map@3 : 0.2161    map@4 : 0.2214    map@5 : 0.2273    map@10 : 0.2494    map@20 : 0.2638    map@30 : 0.2704    map@50 : 0.2748
Sun 15 Mar 2026 12:11:54 INFO  Running E-step ! 
Sun 15 Mar 2026 12:11:54 INFO  epoch 115 training [time: 0.18s, train_loss1: 2.4286, train_loss2: 0.0374, train_loss3: 0.0110, train_loss4: 0.0019]
Sun 15 Mar 2026 12:11:54 INFO  epoch 115 evaluating [time: 0.14s, valid_score: 0.337700]
Sun 15 Mar 2026 12:11:54 INFO  valid result: 
recall@1 : 0.1282    recall@2 : 0.2223    recall@3 : 0.2742    recall@4 : 0.3202    recall@5 : 0.3555    recall@10 : 0.4974    recall@20 : 0.6398    recall@30 : 0.722    recall@50 : 0.7987    ndcg@1 : 0.2175    ndcg@2 : 0.243    ndcg@3 : 0.2578    ndcg@4 : 0.274    ndcg@5 : 0.2873    ndcg@10 : 0.3377    ndcg@20 : 0.3795    ndcg@30 : 0.4019    ndcg@50 : 0.4205    precision@1 : 0.2175    precision@2 : 0.1844    precision@3 : 0.1565    precision@4 : 0.1411    precision@5 : 0.129    precision@10 : 0.0949    precision@20 : 0.0631    precision@30 : 0.0493    precision@50 : 0.0337    map@1 : 0.2175    map@2 : 0.2147    map@3 : 0.2158    map@4 : 0.2216    map@5 : 0.2277    map@10 : 0.2495    map@20 : 0.264    map@30 : 0.2707    map@50 : 0.2751
Sun 15 Mar 2026 12:11:54 INFO  Running E-step ! 
Sun 15 Mar 2026 12:11:54 INFO  epoch 116 training [time: 0.16s, train_loss1: 2.4162, train_loss2: 0.0373, train_loss3: 0.0110, train_loss4: 0.0019]
Sun 15 Mar 2026 12:11:54 INFO  epoch 116 evaluating [time: 0.14s, valid_score: 0.337900]
Sun 15 Mar 2026 12:11:54 INFO  valid result: 
recall@1 : 0.1294    recall@2 : 0.222    recall@3 : 0.2746    recall@4 : 0.322    recall@5 : 0.3554    recall@10 : 0.4964    recall@20 : 0.6403    recall@30 : 0.7221    recall@50 : 0.7983    ndcg@1 : 0.2187    ndcg@2 : 0.2433    ndcg@3 : 0.2586    ndcg@4 : 0.2752    ndcg@5 : 0.2878    ndcg@10 : 0.3379    ndcg@20 : 0.3801    ndcg@30 : 0.4023    ndcg@50 : 0.4209    precision@1 : 0.2187    precision@2 : 0.1844    precision@3 : 0.1571    precision@4 : 0.1415    precision@5 : 0.129    precision@10 : 0.0949    precision@20 : 0.0631    precision@30 : 0.0493    precision@50 : 0.0337    map@1 : 0.2187    map@2 : 0.2153    map@3 : 0.2165    map@4 : 0.2227    map@5 : 0.2283    map@10 : 0.25    map@20 : 0.2646    map@30 : 0.2714    map@50 : 0.2757
Sun 15 Mar 2026 12:11:54 INFO  Running E-step ! 
Sun 15 Mar 2026 12:11:54 INFO  epoch 117 training [time: 0.17s, train_loss1: 2.4341, train_loss2: 0.0373, train_loss3: 0.0110, train_loss4: 0.0019]
Sun 15 Mar 2026 12:11:55 INFO  epoch 117 evaluating [time: 0.14s, valid_score: 0.339100]
Sun 15 Mar 2026 12:11:55 INFO  valid result: 
recall@1 : 0.1312    recall@2 : 0.2221    recall@3 : 0.2748    recall@4 : 0.3225    recall@5 : 0.357    recall@10 : 0.4978    recall@20 : 0.6404    recall@30 : 0.7223    recall@50 : 0.7984    ndcg@1 : 0.2205    ndcg@2 : 0.2442    ndcg@3 : 0.2593    ndcg@4 : 0.276    ndcg@5 : 0.2892    ndcg@10 : 0.3391    ndcg@20 : 0.381    ndcg@30 : 0.4033    ndcg@50 : 0.4218    precision@1 : 0.2205    precision@2 : 0.1847    precision@3 : 0.1571    precision@4 : 0.1415    precision@5 : 0.1296    precision@10 : 0.0951    precision@20 : 0.0632    precision@30 : 0.0494    precision@50 : 0.0337    map@1 : 0.2205    map@2 : 0.2165    map@3 : 0.2174    map@4 : 0.2235    map@5 : 0.2297    map@10 : 0.2513    map@20 : 0.2658    map@30 : 0.2725    map@50 : 0.2769
Sun 15 Mar 2026 12:11:55 INFO  Saving current: saved/SCL-Mar-15-2026_12-11-12.pth
Sun 15 Mar 2026 12:11:55 INFO  Saving current best: saved/SCL-Mar-15-2026_12-11-12.pth
Sun 15 Mar 2026 12:11:55 INFO  Running E-step ! 
Sun 15 Mar 2026 12:11:55 INFO  epoch 118 training [time: 0.19s, train_loss1: 2.3860, train_loss2: 0.0372, train_loss3: 0.0110, train_loss4: 0.0019]
Sun 15 Mar 2026 12:11:55 INFO  epoch 118 evaluating [time: 0.14s, valid_score: 0.338700]
Sun 15 Mar 2026 12:11:55 INFO  valid result: 
recall@1 : 0.1295    recall@2 : 0.2228    recall@3 : 0.2757    recall@4 : 0.3241    recall@5 : 0.3572    recall@10 : 0.4979    recall@20 : 0.6418    recall@30 : 0.723    recall@50 : 0.8001    ndcg@1 : 0.2175    ndcg@2 : 0.2434    ndcg@3 : 0.2592    ndcg@4 : 0.2764    ndcg@5 : 0.2888    ndcg@10 : 0.3387    ndcg@20 : 0.381    ndcg@30 : 0.403    ndcg@50 : 0.4217    precision@1 : 0.2175    precision@2 : 0.1844    precision@3 : 0.1579    precision@4 : 0.1424    precision@5 : 0.1296    precision@10 : 0.0951    precision@20 : 0.0634    precision@30 : 0.0494    precision@50 : 0.0338    map@1 : 0.2175    map@2 : 0.2154    map@3 : 0.217    map@4 : 0.2234    map@5 : 0.2292    map@10 : 0.2509    map@20 : 0.2655    map@30 : 0.2721    map@50 : 0.2765
Sun 15 Mar 2026 12:11:55 INFO  Running E-step ! 
Sun 15 Mar 2026 12:11:55 INFO  epoch 119 training [time: 0.18s, train_loss1: 2.4026, train_loss2: 0.0371, train_loss3: 0.0110, train_loss4: 0.0019]
Sun 15 Mar 2026 12:11:55 INFO  epoch 119 evaluating [time: 0.14s, valid_score: 0.338600]
Sun 15 Mar 2026 12:11:55 INFO  valid result: 
recall@1 : 0.1301    recall@2 : 0.2208    recall@3 : 0.2765    recall@4 : 0.3251    recall@5 : 0.3583    recall@10 : 0.4973    recall@20 : 0.6409    recall@30 : 0.7228    recall@50 : 0.7997    ndcg@1 : 0.2175    ndcg@2 : 0.2421    ndcg@3 : 0.2597    ndcg@4 : 0.2768    ndcg@5 : 0.2893    ndcg@10 : 0.3386    ndcg@20 : 0.3808    ndcg@30 : 0.403    ndcg@50 : 0.4216    precision@1 : 0.2175    precision@2 : 0.1833    precision@3 : 0.1587    precision@4 : 0.1429    precision@5 : 0.1299    precision@10 : 0.095    precision@20 : 0.0633    precision@30 : 0.0493    precision@50 : 0.0338    map@1 : 0.2175    map@2 : 0.2145    map@3 : 0.2173    map@4 : 0.2238    map@5 : 0.2296    map@10 : 0.2509    map@20 : 0.2655    map@30 : 0.2722    map@50 : 0.2766
Sun 15 Mar 2026 12:11:55 INFO  Running E-step ! 
Sun 15 Mar 2026 12:11:55 INFO  epoch 120 training [time: 0.16s, train_loss1: 2.4078, train_loss2: 0.0371, train_loss3: 0.0110, train_loss4: 0.0019]
Sun 15 Mar 2026 12:11:56 INFO  epoch 120 evaluating [time: 0.14s, valid_score: 0.338700]
Sun 15 Mar 2026 12:11:56 INFO  valid result: 
recall@1 : 0.131    recall@2 : 0.2214    recall@3 : 0.2773    recall@4 : 0.3257    recall@5 : 0.358    recall@10 : 0.4959    recall@20 : 0.6421    recall@30 : 0.7218    recall@50 : 0.7989    ndcg@1 : 0.2187    ndcg@2 : 0.2429    ndcg@3 : 0.2606    ndcg@4 : 0.2777    ndcg@5 : 0.2897    ndcg@10 : 0.3387    ndcg@20 : 0.3815    ndcg@30 : 0.4031    ndcg@50 : 0.4219    precision@1 : 0.2187    precision@2 : 0.1836    precision@3 : 0.1591    precision@4 : 0.1432    precision@5 : 0.1298    precision@10 : 0.0949    precision@20 : 0.0635    precision@30 : 0.0493    precision@50 : 0.0337    map@1 : 0.2187    map@2 : 0.2153    map@3 : 0.2181    map@4 : 0.2247    map@5 : 0.2303    map@10 : 0.2515    map@20 : 0.2662    map@30 : 0.2727    map@50 : 0.2772
Sun 15 Mar 2026 12:11:56 INFO  Running E-step ! 
Sun 15 Mar 2026 12:11:56 INFO  epoch 121 training [time: 0.18s, train_loss1: 2.3704, train_loss2: 0.0370, train_loss3: 0.0110, train_loss4: 0.0019]
Sun 15 Mar 2026 12:11:56 INFO  epoch 121 evaluating [time: 0.14s, valid_score: 0.337900]
Sun 15 Mar 2026 12:11:56 INFO  valid result: 
recall@1 : 0.1298    recall@2 : 0.2228    recall@3 : 0.2773    recall@4 : 0.3252    recall@5 : 0.3612    recall@10 : 0.4937    recall@20 : 0.6399    recall@30 : 0.7204    recall@50 : 0.8    ndcg@1 : 0.2169    ndcg@2 : 0.2436    ndcg@3 : 0.2603    ndcg@4 : 0.2773    ndcg@5 : 0.2907    ndcg@10 : 0.3379    ndcg@20 : 0.3807    ndcg@30 : 0.4025    ndcg@50 : 0.4218    precision@1 : 0.2169    precision@2 : 0.185    precision@3 : 0.1591    precision@4 : 0.1433    precision@5 : 0.1306    precision@10 : 0.0947    precision@20 : 0.0634    precision@30 : 0.0492    precision@50 : 0.0338    map@1 : 0.2169    map@2 : 0.2154    map@3 : 0.2177    map@4 : 0.2244    map@5 : 0.2307    map@10 : 0.251    map@20 : 0.2657    map@30 : 0.2723    map@50 : 0.2768
Sun 15 Mar 2026 12:11:56 INFO  Running E-step ! 
Sun 15 Mar 2026 12:11:56 INFO  epoch 122 training [time: 0.19s, train_loss1: 2.4178, train_loss2: 0.0369, train_loss3: 0.0110, train_loss4: 0.0018]
Sun 15 Mar 2026 12:11:56 INFO  epoch 122 evaluating [time: 0.14s, valid_score: 0.337500]
Sun 15 Mar 2026 12:11:56 INFO  valid result: 
recall@1 : 0.1304    recall@2 : 0.2212    recall@3 : 0.2784    recall@4 : 0.3255    recall@5 : 0.3615    recall@10 : 0.4919    recall@20 : 0.6384    recall@30 : 0.7206    recall@50 : 0.8002    ndcg@1 : 0.2175    ndcg@2 : 0.2426    ndcg@3 : 0.2609    ndcg@4 : 0.2777    ndcg@5 : 0.291    ndcg@10 : 0.3375    ndcg@20 : 0.3805    ndcg@30 : 0.4027    ndcg@50 : 0.4219    precision@1 : 0.2175    precision@2 : 0.1838    precision@3 : 0.1597    precision@4 : 0.1438    precision@5 : 0.1308    precision@10 : 0.0946    precision@20 : 0.0633    precision@30 : 0.0493    precision@50 : 0.0338    map@1 : 0.2175    map@2 : 0.2147    map@3 : 0.2182    map@4 : 0.2247    map@5 : 0.2309    map@10 : 0.2511    map@20 : 0.2659    map@30 : 0.2725    map@50 : 0.277
Sun 15 Mar 2026 12:11:56 INFO  Running E-step ! 
Sun 15 Mar 2026 12:11:56 INFO  epoch 123 training [time: 0.17s, train_loss1: 2.3582, train_loss2: 0.0368, train_loss3: 0.0110, train_loss4: 0.0019]
Sun 15 Mar 2026 12:11:57 INFO  epoch 123 evaluating [time: 0.14s, valid_score: 0.338000]
Sun 15 Mar 2026 12:11:57 INFO  valid result: 
recall@1 : 0.1311    recall@2 : 0.2217    recall@3 : 0.2789    recall@4 : 0.3255    recall@5 : 0.3643    recall@10 : 0.4915    recall@20 : 0.6393    recall@30 : 0.7206    recall@50 : 0.7994    ndcg@1 : 0.2181    ndcg@2 : 0.2433    ndcg@3 : 0.2616    ndcg@4 : 0.2782    ndcg@5 : 0.2925    ndcg@10 : 0.338    ndcg@20 : 0.3813    ndcg@30 : 0.4032    ndcg@50 : 0.4222    precision@1 : 0.2181    precision@2 : 0.1844    precision@3 : 0.1603    precision@4 : 0.1441    precision@5 : 0.1316    precision@10 : 0.0946    precision@20 : 0.0635    precision@30 : 0.0493    precision@50 : 0.0338    map@1 : 0.2181    map@2 : 0.2151    map@3 : 0.2189    map@4 : 0.2252    map@5 : 0.2319    map@10 : 0.2517    map@20 : 0.2666    map@30 : 0.2731    map@50 : 0.2776
Sun 15 Mar 2026 12:11:57 INFO  Running E-step ! 
Sun 15 Mar 2026 12:11:57 INFO  epoch 124 training [time: 0.16s, train_loss1: 2.3617, train_loss2: 0.0368, train_loss3: 0.0110, train_loss4: 0.0018]
Sun 15 Mar 2026 12:11:57 INFO  epoch 124 evaluating [time: 0.14s, valid_score: 0.337600]
Sun 15 Mar 2026 12:11:57 INFO  valid result: 
recall@1 : 0.1297    recall@2 : 0.2201    recall@3 : 0.2804    recall@4 : 0.3254    recall@5 : 0.3639    recall@10 : 0.4923    recall@20 : 0.6391    recall@30 : 0.7174    recall@50 : 0.8011    ndcg@1 : 0.2163    ndcg@2 : 0.2416    ndcg@3 : 0.2616    ndcg@4 : 0.2776    ndcg@5 : 0.2916    ndcg@10 : 0.3376    ndcg@20 : 0.3806    ndcg@30 : 0.4019    ndcg@50 : 0.4218    precision@1 : 0.2163    precision@2 : 0.1836    precision@3 : 0.1607    precision@4 : 0.1444    precision@5 : 0.1313    precision@10 : 0.0948    precision@20 : 0.0635    precision@30 : 0.0492    precision@50 : 0.0338    map@1 : 0.2163    map@2 : 0.2135    map@3 : 0.2183    map@4 : 0.2244    map@5 : 0.2309    map@10 : 0.251    map@20 : 0.2657    map@30 : 0.2722    map@50 : 0.2768
Sun 15 Mar 2026 12:11:57 INFO  Running E-step ! 
Sun 15 Mar 2026 12:11:57 INFO  epoch 125 training [time: 0.17s, train_loss1: 2.3490, train_loss2: 0.0367, train_loss3: 0.0110, train_loss4: 0.0018]
Sun 15 Mar 2026 12:11:57 INFO  epoch 125 evaluating [time: 0.14s, valid_score: 0.337900]
Sun 15 Mar 2026 12:11:57 INFO  valid result: 
recall@1 : 0.1296    recall@2 : 0.2202    recall@3 : 0.2821    recall@4 : 0.3264    recall@5 : 0.3652    recall@10 : 0.4921    recall@20 : 0.6368    recall@30 : 0.7167    recall@50 : 0.8012    ndcg@1 : 0.2157    ndcg@2 : 0.2414    ndcg@3 : 0.2623    ndcg@4 : 0.2781    ndcg@5 : 0.2923    ndcg@10 : 0.3379    ndcg@20 : 0.3803    ndcg@30 : 0.4019    ndcg@50 : 0.4221    precision@1 : 0.2157    precision@2 : 0.1836    precision@3 : 0.1613    precision@4 : 0.1445    precision@5 : 0.1318    precision@10 : 0.0949    precision@20 : 0.0634    precision@30 : 0.0492    precision@50 : 0.0338    map@1 : 0.2157    map@2 : 0.2133    map@3 : 0.2188    map@4 : 0.2248    map@5 : 0.2315    map@10 : 0.2514    map@20 : 0.2659    map@30 : 0.2724    map@50 : 0.2771
Sun 15 Mar 2026 12:11:57 INFO  Running E-step ! 
Sun 15 Mar 2026 12:11:57 INFO  epoch 126 training [time: 0.18s, train_loss1: 2.3495, train_loss2: 0.0366, train_loss3: 0.0110, train_loss4: 0.0020]
Sun 15 Mar 2026 12:11:58 INFO  epoch 126 evaluating [time: 0.14s, valid_score: 0.338100]
Sun 15 Mar 2026 12:11:58 INFO  valid result: 
recall@1 : 0.1294    recall@2 : 0.2205    recall@3 : 0.2824    recall@4 : 0.3264    recall@5 : 0.3649    recall@10 : 0.4924    recall@20 : 0.6379    recall@30 : 0.7163    recall@50 : 0.8006    ndcg@1 : 0.2151    ndcg@2 : 0.2422    ndcg@3 : 0.2627    ndcg@4 : 0.2782    ndcg@5 : 0.2923    ndcg@10 : 0.3381    ndcg@20 : 0.3807    ndcg@30 : 0.4019    ndcg@50 : 0.4221    precision@1 : 0.2151    precision@2 : 0.1847    precision@3 : 0.1619    precision@4 : 0.1447    precision@5 : 0.1319    precision@10 : 0.095    precision@20 : 0.0635    precision@30 : 0.0491    precision@50 : 0.0338    map@1 : 0.2151    map@2 : 0.2139    map@3 : 0.2192    map@4 : 0.225    map@5 : 0.2315    map@10 : 0.2516    map@20 : 0.2661    map@30 : 0.2725    map@50 : 0.2772
Sun 15 Mar 2026 12:11:58 INFO  Running E-step ! 
Sun 15 Mar 2026 12:11:58 INFO  epoch 127 training [time: 0.16s, train_loss1: 2.3651, train_loss2: 0.0366, train_loss3: 0.0110, train_loss4: 0.0019]
Sun 15 Mar 2026 12:11:58 INFO  epoch 127 evaluating [time: 0.14s, valid_score: 0.339400]
Sun 15 Mar 2026 12:11:58 INFO  valid result: 
recall@1 : 0.1307    recall@2 : 0.2215    recall@3 : 0.2822    recall@4 : 0.3272    recall@5 : 0.3663    recall@10 : 0.494    recall@20 : 0.638    recall@30 : 0.7168    recall@50 : 0.8001    ndcg@1 : 0.2169    ndcg@2 : 0.2439    ndcg@3 : 0.2635    ndcg@4 : 0.2792    ndcg@5 : 0.2937    ndcg@10 : 0.3394    ndcg@20 : 0.3816    ndcg@30 : 0.4029    ndcg@50 : 0.4228    precision@1 : 0.2169    precision@2 : 0.1859    precision@3 : 0.1619    precision@4 : 0.1448    precision@5 : 0.1324    precision@10 : 0.0952    precision@20 : 0.0635    precision@30 : 0.0492    precision@50 : 0.0338    map@1 : 0.2169    map@2 : 0.2156    map@3 : 0.2201    map@4 : 0.2259    map@5 : 0.2328    map@10 : 0.2527    map@20 : 0.2672    map@30 : 0.2736    map@50 : 0.2782
Sun 15 Mar 2026 12:11:58 INFO  Saving current: saved/SCL-Mar-15-2026_12-11-12.pth
Sun 15 Mar 2026 12:11:58 INFO  Saving current best: saved/SCL-Mar-15-2026_12-11-12.pth
Sun 15 Mar 2026 12:11:58 INFO  Running E-step ! 
Sun 15 Mar 2026 12:11:58 INFO  epoch 128 training [time: 0.16s, train_loss1: 2.3407, train_loss2: 0.0365, train_loss3: 0.0110, train_loss4: 0.0019]
Sun 15 Mar 2026 12:11:58 INFO  epoch 128 evaluating [time: 0.14s, valid_score: 0.339900]
Sun 15 Mar 2026 12:11:58 INFO  valid result: 
recall@1 : 0.1304    recall@2 : 0.2212    recall@3 : 0.2828    recall@4 : 0.3278    recall@5 : 0.3675    recall@10 : 0.4957    recall@20 : 0.6368    recall@30 : 0.7175    recall@50 : 0.8003    ndcg@1 : 0.2163    ndcg@2 : 0.243    ndcg@3 : 0.2636    ndcg@4 : 0.2793    ndcg@5 : 0.2941    ndcg@10 : 0.3399    ndcg@20 : 0.3813    ndcg@30 : 0.4031    ndcg@50 : 0.4229    precision@1 : 0.2163    precision@2 : 0.185    precision@3 : 0.1623    precision@4 : 0.1451    precision@5 : 0.133    precision@10 : 0.0954    precision@20 : 0.0634    precision@30 : 0.0492    precision@50 : 0.0338    map@1 : 0.2163    map@2 : 0.2148    map@3 : 0.2201    map@4 : 0.226    map@5 : 0.233    map@10 : 0.2529    map@20 : 0.2671    map@30 : 0.2737    map@50 : 0.2783
Sun 15 Mar 2026 12:11:58 INFO  Saving current: saved/SCL-Mar-15-2026_12-11-12.pth
Sun 15 Mar 2026 12:11:58 INFO  Saving current best: saved/SCL-Mar-15-2026_12-11-12.pth
Sun 15 Mar 2026 12:11:58 INFO  Running E-step ! 
Sun 15 Mar 2026 12:11:58 INFO  epoch 129 training [time: 0.19s, train_loss1: 2.3396, train_loss2: 0.0364, train_loss3: 0.0110, train_loss4: 0.0019]
Sun 15 Mar 2026 12:11:59 INFO  epoch 129 evaluating [time: 0.14s, valid_score: 0.340100]
Sun 15 Mar 2026 12:11:59 INFO  valid result: 
recall@1 : 0.1306    recall@2 : 0.2204    recall@3 : 0.2835    recall@4 : 0.3274    recall@5 : 0.3671    recall@10 : 0.4963    recall@20 : 0.6356    recall@30 : 0.7163    recall@50 : 0.8006    ndcg@1 : 0.2169    ndcg@2 : 0.2426    ndcg@3 : 0.2641    ndcg@4 : 0.2792    ndcg@5 : 0.294    ndcg@10 : 0.3401    ndcg@20 : 0.3811    ndcg@30 : 0.4029    ndcg@50 : 0.423    precision@1 : 0.2169    precision@2 : 0.1844    precision@3 : 0.1629    precision@4 : 0.145    precision@5 : 0.1328    precision@10 : 0.0955    precision@20 : 0.0633    precision@30 : 0.0492    precision@50 : 0.0338    map@1 : 0.2169    map@2 : 0.2145    map@3 : 0.2205    map@4 : 0.2259    map@5 : 0.2329    map@10 : 0.253    map@20 : 0.2671    map@30 : 0.2737    map@50 : 0.2783
Sun 15 Mar 2026 12:11:59 INFO  Saving current: saved/SCL-Mar-15-2026_12-11-12.pth
Sun 15 Mar 2026 12:11:59 INFO  Saving current best: saved/SCL-Mar-15-2026_12-11-12.pth
Sun 15 Mar 2026 12:11:59 INFO  Running E-step ! 
Sun 15 Mar 2026 12:11:59 INFO  epoch 130 training [time: 0.18s, train_loss1: 2.2954, train_loss2: 0.0364, train_loss3: 0.0110, train_loss4: 0.0019]
Sun 15 Mar 2026 12:11:59 INFO  epoch 130 evaluating [time: 0.14s, valid_score: 0.340100]
Sun 15 Mar 2026 12:11:59 INFO  valid result: 
recall@1 : 0.1307    recall@2 : 0.22    recall@3 : 0.2837    recall@4 : 0.3282    recall@5 : 0.3669    recall@10 : 0.4961    recall@20 : 0.6346    recall@30 : 0.7169    recall@50 : 0.7988    ndcg@1 : 0.2175    ndcg@2 : 0.2426    ndcg@3 : 0.2643    ndcg@4 : 0.2796    ndcg@5 : 0.294    ndcg@10 : 0.3401    ndcg@20 : 0.381    ndcg@30 : 0.4032    ndcg@50 : 0.4228    precision@1 : 0.2175    precision@2 : 0.1844    precision@3 : 0.1633    precision@4 : 0.1454    precision@5 : 0.1327    precision@10 : 0.0954    precision@20 : 0.0633    precision@30 : 0.0493    precision@50 : 0.0338    map@1 : 0.2175    map@2 : 0.2147    map@3 : 0.2208    map@4 : 0.2262    map@5 : 0.233    map@10 : 0.2531    map@20 : 0.2673    map@30 : 0.2739    map@50 : 0.2785
Sun 15 Mar 2026 12:11:59 INFO  Saving current: saved/SCL-Mar-15-2026_12-11-12.pth
Sun 15 Mar 2026 12:11:59 INFO  Saving current best: saved/SCL-Mar-15-2026_12-11-12.pth
Sun 15 Mar 2026 12:11:59 INFO  Running E-step ! 
Sun 15 Mar 2026 12:11:59 INFO  epoch 131 training [time: 0.19s, train_loss1: 2.3398, train_loss2: 0.0363, train_loss3: 0.0110, train_loss4: 0.0019]
Sun 15 Mar 2026 12:11:59 INFO  epoch 131 evaluating [time: 0.14s, valid_score: 0.340300]
Sun 15 Mar 2026 12:11:59 INFO  valid result: 
recall@1 : 0.131    recall@2 : 0.2204    recall@3 : 0.2839    recall@4 : 0.3272    recall@5 : 0.3678    recall@10 : 0.4958    recall@20 : 0.6355    recall@30 : 0.715    recall@50 : 0.7989    ndcg@1 : 0.2181    ndcg@2 : 0.2429    ndcg@3 : 0.2646    ndcg@4 : 0.2792    ndcg@5 : 0.2945    ndcg@10 : 0.3403    ndcg@20 : 0.3815    ndcg@30 : 0.4031    ndcg@50 : 0.4231    precision@1 : 0.2181    precision@2 : 0.1847    precision@3 : 0.1635    precision@4 : 0.1448    precision@5 : 0.1331    precision@10 : 0.0953    precision@20 : 0.0634    precision@30 : 0.0492    precision@50 : 0.0338    map@1 : 0.2181    map@2 : 0.215    map@3 : 0.221    map@4 : 0.226    map@5 : 0.2333    map@10 : 0.2533    map@20 : 0.2676    map@30 : 0.2741    map@50 : 0.2788
Sun 15 Mar 2026 12:11:59 INFO  Saving current: saved/SCL-Mar-15-2026_12-11-12.pth
Sun 15 Mar 2026 12:11:59 INFO  Saving current best: saved/SCL-Mar-15-2026_12-11-12.pth
Sun 15 Mar 2026 12:11:59 INFO  Running E-step ! 
Sun 15 Mar 2026 12:11:59 INFO  epoch 132 training [time: 0.18s, train_loss1: 2.3191, train_loss2: 0.0362, train_loss3: 0.0110, train_loss4: 0.0019]
Sun 15 Mar 2026 12:12:00 INFO  epoch 132 evaluating [time: 0.14s, valid_score: 0.341000]
Sun 15 Mar 2026 12:12:00 INFO  valid result: 
recall@1 : 0.1312    recall@2 : 0.2209    recall@3 : 0.2841    recall@4 : 0.3278    recall@5 : 0.368    recall@10 : 0.4972    recall@20 : 0.6352    recall@30 : 0.7154    recall@50 : 0.7986    ndcg@1 : 0.2187    ndcg@2 : 0.2434    ndcg@3 : 0.2649    ndcg@4 : 0.2799    ndcg@5 : 0.2949    ndcg@10 : 0.341    ndcg@20 : 0.3818    ndcg@30 : 0.4035    ndcg@50 : 0.4233    precision@1 : 0.2187    precision@2 : 0.185    precision@3 : 0.1635    precision@4 : 0.1454    precision@5 : 0.1333    precision@10 : 0.0955    precision@20 : 0.0634    precision@30 : 0.0493    precision@50 : 0.0338    map@1 : 0.2187    map@2 : 0.2154    map@3 : 0.2212    map@4 : 0.2266    map@5 : 0.2336    map@10 : 0.2538    map@20 : 0.2679    map@30 : 0.2745    map@50 : 0.2791
Sun 15 Mar 2026 12:12:00 INFO  Saving current: saved/SCL-Mar-15-2026_12-11-12.pth
Sun 15 Mar 2026 12:12:00 INFO  Saving current best: saved/SCL-Mar-15-2026_12-11-12.pth
Sun 15 Mar 2026 12:12:00 INFO  Running E-step ! 
Sun 15 Mar 2026 12:12:00 INFO  epoch 133 training [time: 0.19s, train_loss1: 2.2760, train_loss2: 0.0361, train_loss3: 0.0110, train_loss4: 0.0020]
Sun 15 Mar 2026 12:12:00 INFO  epoch 133 evaluating [time: 0.14s, valid_score: 0.341100]
Sun 15 Mar 2026 12:12:00 INFO  valid result: 
recall@1 : 0.1306    recall@2 : 0.2212    recall@3 : 0.2851    recall@4 : 0.3274    recall@5 : 0.3673    recall@10 : 0.4977    recall@20 : 0.6362    recall@30 : 0.7147    recall@50 : 0.7994    ndcg@1 : 0.2175    ndcg@2 : 0.2435    ndcg@3 : 0.2653    ndcg@4 : 0.2797    ndcg@5 : 0.2945    ndcg@10 : 0.3411    ndcg@20 : 0.3821    ndcg@30 : 0.4033    ndcg@50 : 0.4234    precision@1 : 0.2175    precision@2 : 0.1856    precision@3 : 0.1643    precision@4 : 0.1456    precision@5 : 0.1333    precision@10 : 0.0957    precision@20 : 0.0636    precision@30 : 0.0492    precision@50 : 0.0338    map@1 : 0.2175    map@2 : 0.2153    map@3 : 0.2215    map@4 : 0.2264    map@5 : 0.2334    map@10 : 0.2538    map@20 : 0.268    map@30 : 0.2744    map@50 : 0.279
Sun 15 Mar 2026 12:12:00 INFO  Saving current: saved/SCL-Mar-15-2026_12-11-12.pth
Sun 15 Mar 2026 12:12:00 INFO  Saving current best: saved/SCL-Mar-15-2026_12-11-12.pth
Sun 15 Mar 2026 12:12:00 INFO  Running E-step ! 
Sun 15 Mar 2026 12:12:00 INFO  epoch 134 training [time: 0.19s, train_loss1: 2.3030, train_loss2: 0.0361, train_loss3: 0.0111, train_loss4: 0.0020]
Sun 15 Mar 2026 12:12:00 INFO  epoch 134 evaluating [time: 0.14s, valid_score: 0.341400]
Sun 15 Mar 2026 12:12:00 INFO  valid result: 
recall@1 : 0.1308    recall@2 : 0.222    recall@3 : 0.2869    recall@4 : 0.3277    recall@5 : 0.3683    recall@10 : 0.4976    recall@20 : 0.6358    recall@30 : 0.7135    recall@50 : 0.798    ndcg@1 : 0.2175    ndcg@2 : 0.2438    ndcg@3 : 0.2662    ndcg@4 : 0.2801    ndcg@5 : 0.2953    ndcg@10 : 0.3414    ndcg@20 : 0.3824    ndcg@30 : 0.4034    ndcg@50 : 0.4235    precision@1 : 0.2175    precision@2 : 0.1856    precision@3 : 0.1647    precision@4 : 0.1457    precision@5 : 0.1336    precision@10 : 0.0957    precision@20 : 0.0636    precision@30 : 0.0493    precision@50 : 0.0338    map@1 : 0.2175    map@2 : 0.2156    map@3 : 0.222    map@4 : 0.2268    map@5 : 0.2341    map@10 : 0.2542    map@20 : 0.2684    map@30 : 0.2749    map@50 : 0.2795
Sun 15 Mar 2026 12:12:00 INFO  Saving current: saved/SCL-Mar-15-2026_12-11-12.pth
Sun 15 Mar 2026 12:12:00 INFO  Saving current best: saved/SCL-Mar-15-2026_12-11-12.pth
Sun 15 Mar 2026 12:12:00 INFO  Running E-step ! 
Sun 15 Mar 2026 12:12:00 INFO  epoch 135 training [time: 0.18s, train_loss1: 2.2829, train_loss2: 0.0360, train_loss3: 0.0111, train_loss4: 0.0019]
Sun 15 Mar 2026 12:12:01 INFO  epoch 135 evaluating [time: 0.14s, valid_score: 0.341600]
Sun 15 Mar 2026 12:12:01 INFO  valid result: 
recall@1 : 0.1311    recall@2 : 0.2237    recall@3 : 0.2868    recall@4 : 0.3279    recall@5 : 0.3691    recall@10 : 0.4968    recall@20 : 0.6366    recall@30 : 0.7122    recall@50 : 0.7974    ndcg@1 : 0.2169    ndcg@2 : 0.2453    ndcg@3 : 0.2667    ndcg@4 : 0.2806    ndcg@5 : 0.2962    ndcg@10 : 0.3416    ndcg@20 : 0.3831    ndcg@30 : 0.4037    ndcg@50 : 0.4239    precision@1 : 0.2169    precision@2 : 0.1874    precision@3 : 0.1651    precision@4 : 0.146    precision@5 : 0.1343    precision@10 : 0.0955    precision@20 : 0.0636    precision@30 : 0.0492    precision@50 : 0.0338    map@1 : 0.2169    map@2 : 0.2168    map@3 : 0.2225    map@4 : 0.2274    map@5 : 0.235    map@10 : 0.2548    map@20 : 0.2692    map@30 : 0.2755    map@50 : 0.2802
Sun 15 Mar 2026 12:12:01 INFO  Saving current: saved/SCL-Mar-15-2026_12-11-12.pth
Sun 15 Mar 2026 12:12:01 INFO  Saving current best: saved/SCL-Mar-15-2026_12-11-12.pth
Sun 15 Mar 2026 12:12:01 INFO  Running E-step ! 
Sun 15 Mar 2026 12:12:01 INFO  epoch 136 training [time: 0.19s, train_loss1: 2.2485, train_loss2: 0.0359, train_loss3: 0.0111, train_loss4: 0.0019]
Sun 15 Mar 2026 12:12:01 INFO  epoch 136 evaluating [time: 0.14s, valid_score: 0.342700]
Sun 15 Mar 2026 12:12:01 INFO  valid result: 
recall@1 : 0.1317    recall@2 : 0.2253    recall@3 : 0.287    recall@4 : 0.3291    recall@5 : 0.3691    recall@10 : 0.4987    recall@20 : 0.6367    recall@30 : 0.7109    recall@50 : 0.7968    ndcg@1 : 0.2175    ndcg@2 : 0.2464    ndcg@3 : 0.2673    ndcg@4 : 0.2817    ndcg@5 : 0.2967    ndcg@10 : 0.3427    ndcg@20 : 0.3837    ndcg@30 : 0.4039    ndcg@50 : 0.4243    precision@1 : 0.2175    precision@2 : 0.188    precision@3 : 0.1653    precision@4 : 0.1466    precision@5 : 0.1343    precision@10 : 0.0958    precision@20 : 0.0637    precision@30 : 0.0491    precision@50 : 0.0338    map@1 : 0.2175    map@2 : 0.2178    map@3 : 0.2232    map@4 : 0.2283    map@5 : 0.2355    map@10 : 0.2556    map@20 : 0.2699    map@30 : 0.2761    map@50 : 0.2808
Sun 15 Mar 2026 12:12:01 INFO  Saving current: saved/SCL-Mar-15-2026_12-11-12.pth
Sun 15 Mar 2026 12:12:01 INFO  Saving current best: saved/SCL-Mar-15-2026_12-11-12.pth
Sun 15 Mar 2026 12:12:01 INFO  Running E-step ! 
Sun 15 Mar 2026 12:12:01 INFO  epoch 137 training [time: 0.18s, train_loss1: 2.3395, train_loss2: 0.0359, train_loss3: 0.0111, train_loss4: 0.0019]
Sun 15 Mar 2026 12:12:01 INFO  epoch 137 evaluating [time: 0.14s, valid_score: 0.343100]
Sun 15 Mar 2026 12:12:01 INFO  valid result: 
recall@1 : 0.1321    recall@2 : 0.2245    recall@3 : 0.2865    recall@4 : 0.3293    recall@5 : 0.3697    recall@10 : 0.4995    recall@20 : 0.6366    recall@30 : 0.7116    recall@50 : 0.7971    ndcg@1 : 0.2187    ndcg@2 : 0.2461    ndcg@3 : 0.2673    ndcg@4 : 0.2819    ndcg@5 : 0.297    ndcg@10 : 0.3431    ndcg@20 : 0.3838    ndcg@30 : 0.4042    ndcg@50 : 0.4246    precision@1 : 0.2187    precision@2 : 0.1874    precision@3 : 0.1655    precision@4 : 0.1468    precision@5 : 0.1344    precision@10 : 0.0959    precision@20 : 0.0637    precision@30 : 0.0491    precision@50 : 0.0338    map@1 : 0.2187    map@2 : 0.2177    map@3 : 0.2232    map@4 : 0.2285    map@5 : 0.2358    map@10 : 0.2559    map@20 : 0.2701    map@30 : 0.2763    map@50 : 0.281
Sun 15 Mar 2026 12:12:01 INFO  Saving current: saved/SCL-Mar-15-2026_12-11-12.pth
Sun 15 Mar 2026 12:12:01 INFO  Saving current best: saved/SCL-Mar-15-2026_12-11-12.pth
Sun 15 Mar 2026 12:12:01 INFO  Running E-step ! 
Sun 15 Mar 2026 12:12:01 INFO  epoch 138 training [time: 0.19s, train_loss1: 2.2848, train_loss2: 0.0358, train_loss3: 0.0111, train_loss4: 0.0019]
Sun 15 Mar 2026 12:12:02 INFO  epoch 138 evaluating [time: 0.14s, valid_score: 0.343300]
Sun 15 Mar 2026 12:12:02 INFO  valid result: 
recall@1 : 0.1319    recall@2 : 0.2222    recall@3 : 0.2884    recall@4 : 0.3308    recall@5 : 0.372    recall@10 : 0.5002    recall@20 : 0.6368    recall@30 : 0.7115    recall@50 : 0.7959    ndcg@1 : 0.2181    ndcg@2 : 0.2444    ndcg@3 : 0.2676    ndcg@4 : 0.2822    ndcg@5 : 0.2978    ndcg@10 : 0.3433    ndcg@20 : 0.3839    ndcg@30 : 0.4042    ndcg@50 : 0.4243    precision@1 : 0.2181    precision@2 : 0.1859    precision@3 : 0.1657    precision@4 : 0.1471    precision@5 : 0.1353    precision@10 : 0.0961    precision@20 : 0.0637    precision@30 : 0.0491    precision@50 : 0.0338    map@1 : 0.2181    map@2 : 0.2163    map@3 : 0.2232    map@4 : 0.2285    map@5 : 0.236    map@10 : 0.256    map@20 : 0.2701    map@30 : 0.2763    map@50 : 0.281
Sun 15 Mar 2026 12:12:02 INFO  Saving current: saved/SCL-Mar-15-2026_12-11-12.pth
Sun 15 Mar 2026 12:12:02 INFO  Saving current best: saved/SCL-Mar-15-2026_12-11-12.pth
Sun 15 Mar 2026 12:12:02 INFO  Running E-step ! 
Sun 15 Mar 2026 12:12:02 INFO  epoch 139 training [time: 0.16s, train_loss1: 2.2646, train_loss2: 0.0357, train_loss3: 0.0111, train_loss4: 0.0019]
Sun 15 Mar 2026 12:12:02 INFO  epoch 139 evaluating [time: 0.14s, valid_score: 0.343600]
Sun 15 Mar 2026 12:12:02 INFO  valid result: 
recall@1 : 0.1321    recall@2 : 0.2225    recall@3 : 0.2883    recall@4 : 0.3307    recall@5 : 0.3709    recall@10 : 0.5007    recall@20 : 0.6367    recall@30 : 0.7107    recall@50 : 0.7956    ndcg@1 : 0.2181    ndcg@2 : 0.2446    ndcg@3 : 0.2675    ndcg@4 : 0.2822    ndcg@5 : 0.2975    ndcg@10 : 0.3436    ndcg@20 : 0.3841    ndcg@30 : 0.4042    ndcg@50 : 0.4245    precision@1 : 0.2181    precision@2 : 0.1862    precision@3 : 0.1655    precision@4 : 0.1469    precision@5 : 0.135    precision@10 : 0.0961    precision@20 : 0.0638    precision@30 : 0.0491    precision@50 : 0.0338    map@1 : 0.2181    map@2 : 0.2165    map@3 : 0.2231    map@4 : 0.2284    map@5 : 0.2359    map@10 : 0.2562    map@20 : 0.2704    map@30 : 0.2765    map@50 : 0.2812
Sun 15 Mar 2026 12:12:02 INFO  Saving current: saved/SCL-Mar-15-2026_12-11-12.pth
Sun 15 Mar 2026 12:12:02 INFO  Saving current best: saved/SCL-Mar-15-2026_12-11-12.pth
Sun 15 Mar 2026 12:12:02 INFO  Running E-step ! 
Sun 15 Mar 2026 12:12:02 INFO  epoch 140 training [time: 0.19s, train_loss1: 2.2739, train_loss2: 0.0356, train_loss3: 0.0111, train_loss4: 0.0019]
Sun 15 Mar 2026 12:12:02 INFO  epoch 140 evaluating [time: 0.14s, valid_score: 0.343300]
Sun 15 Mar 2026 12:12:02 INFO  valid result: 
recall@1 : 0.1321    recall@2 : 0.2225    recall@3 : 0.2872    recall@4 : 0.3327    recall@5 : 0.3712    recall@10 : 0.4998    recall@20 : 0.6358    recall@30 : 0.7109    recall@50 : 0.7953    ndcg@1 : 0.2175    ndcg@2 : 0.2445    ndcg@3 : 0.2669    ndcg@4 : 0.2829    ndcg@5 : 0.2976    ndcg@10 : 0.3433    ndcg@20 : 0.3839    ndcg@30 : 0.4043    ndcg@50 : 0.4245    precision@1 : 0.2175    precision@2 : 0.1862    precision@3 : 0.1653    precision@4 : 0.1476    precision@5 : 0.1352    precision@10 : 0.096    precision@20 : 0.0637    precision@30 : 0.0491    precision@50 : 0.0338    map@1 : 0.2175    map@2 : 0.2163    map@3 : 0.2227    map@4 : 0.2288    map@5 : 0.2359    map@10 : 0.2561    map@20 : 0.2703    map@30 : 0.2766    map@50 : 0.2813
Sun 15 Mar 2026 12:12:02 INFO  Running E-step ! 
Sun 15 Mar 2026 12:12:02 INFO  epoch 141 training [time: 0.19s, train_loss1: 2.2528, train_loss2: 0.0356, train_loss3: 0.0111, train_loss4: 0.0019]
Sun 15 Mar 2026 12:12:03 INFO  epoch 141 evaluating [time: 0.14s, valid_score: 0.343200]
Sun 15 Mar 2026 12:12:03 INFO  valid result: 
recall@1 : 0.1318    recall@2 : 0.2221    recall@3 : 0.2876    recall@4 : 0.3311    recall@5 : 0.3712    recall@10 : 0.5003    recall@20 : 0.6357    recall@30 : 0.7111    recall@50 : 0.7954    ndcg@1 : 0.2163    ndcg@2 : 0.2438    ndcg@3 : 0.2672    ndcg@4 : 0.2822    ndcg@5 : 0.2973    ndcg@10 : 0.3432    ndcg@20 : 0.3837    ndcg@30 : 0.4042    ndcg@50 : 0.4244    precision@1 : 0.2163    precision@2 : 0.1859    precision@3 : 0.1661    precision@4 : 0.1475    precision@5 : 0.1352    precision@10 : 0.0959    precision@20 : 0.0637    precision@30 : 0.0492    precision@50 : 0.0338    map@1 : 0.2163    map@2 : 0.2156    map@3 : 0.2229    map@4 : 0.2285    map@5 : 0.2358    map@10 : 0.2559    map@20 : 0.2702    map@30 : 0.2765    map@50 : 0.2812
Sun 15 Mar 2026 12:12:03 INFO  Running E-step ! 
Sun 15 Mar 2026 12:12:03 INFO  epoch 142 training [time: 0.18s, train_loss1: 2.2607, train_loss2: 0.0355, train_loss3: 0.0111, train_loss4: 0.0019]
Sun 15 Mar 2026 12:12:03 INFO  epoch 142 evaluating [time: 0.14s, valid_score: 0.343600]
Sun 15 Mar 2026 12:12:03 INFO  valid result: 
recall@1 : 0.1329    recall@2 : 0.222    recall@3 : 0.2881    recall@4 : 0.3301    recall@5 : 0.3698    recall@10 : 0.5003    recall@20 : 0.6352    recall@30 : 0.7116    recall@50 : 0.7952    ndcg@1 : 0.2187    ndcg@2 : 0.2442    ndcg@3 : 0.2682    ndcg@4 : 0.2823    ndcg@5 : 0.2972    ndcg@10 : 0.3436    ndcg@20 : 0.384    ndcg@30 : 0.4048    ndcg@50 : 0.4248    precision@1 : 0.2187    precision@2 : 0.1856    precision@3 : 0.1667    precision@4 : 0.1472    precision@5 : 0.1347    precision@10 : 0.0959    precision@20 : 0.0636    precision@30 : 0.0492    precision@50 : 0.0338    map@1 : 0.2187    map@2 : 0.216    map@3 : 0.2237    map@4 : 0.2286    map@5 : 0.2359    map@10 : 0.2564    map@20 : 0.2707    map@30 : 0.277    map@50 : 0.2817
Sun 15 Mar 2026 12:12:03 INFO  Saving current: saved/SCL-Mar-15-2026_12-11-12.pth
Sun 15 Mar 2026 12:12:03 INFO  Saving current best: saved/SCL-Mar-15-2026_12-11-12.pth
Sun 15 Mar 2026 12:12:03 INFO  Running E-step ! 
Sun 15 Mar 2026 12:12:03 INFO  epoch 143 training [time: 0.18s, train_loss1: 2.2464, train_loss2: 0.0354, train_loss3: 0.0111, train_loss4: 0.0019]
Sun 15 Mar 2026 12:12:03 INFO  epoch 143 evaluating [time: 0.14s, valid_score: 0.344400]
Sun 15 Mar 2026 12:12:03 INFO  valid result: 
recall@1 : 0.1338    recall@2 : 0.2216    recall@3 : 0.2898    recall@4 : 0.3312    recall@5 : 0.369    recall@10 : 0.5011    recall@20 : 0.634    recall@30 : 0.7101    recall@50 : 0.7949    ndcg@1 : 0.2199    ndcg@2 : 0.2447    ndcg@3 : 0.2695    ndcg@4 : 0.2834    ndcg@5 : 0.2975    ndcg@10 : 0.3444    ndcg@20 : 0.3844    ndcg@30 : 0.405    ndcg@50 : 0.4253    precision@1 : 0.2199    precision@2 : 0.1859    precision@3 : 0.1677    precision@4 : 0.1479    precision@5 : 0.1348    precision@10 : 0.096    precision@20 : 0.0636    precision@30 : 0.0491    precision@50 : 0.0338    map@1 : 0.2199    map@2 : 0.2165    map@3 : 0.2249    map@4 : 0.2295    map@5 : 0.2364    map@10 : 0.2572    map@20 : 0.2713    map@30 : 0.2776    map@50 : 0.2823
Sun 15 Mar 2026 12:12:03 INFO  Saving current: saved/SCL-Mar-15-2026_12-11-12.pth
Sun 15 Mar 2026 12:12:03 INFO  Saving current best: saved/SCL-Mar-15-2026_12-11-12.pth
Sun 15 Mar 2026 12:12:03 INFO  Running E-step ! 
Sun 15 Mar 2026 12:12:03 INFO  epoch 144 training [time: 0.16s, train_loss1: 2.2351, train_loss2: 0.0354, train_loss3: 0.0111, train_loss4: 0.0019]
Sun 15 Mar 2026 12:12:04 INFO  epoch 144 evaluating [time: 0.14s, valid_score: 0.344700]
Sun 15 Mar 2026 12:12:04 INFO  valid result: 
recall@1 : 0.1339    recall@2 : 0.222    recall@3 : 0.2906    recall@4 : 0.332    recall@5 : 0.3695    recall@10 : 0.5013    recall@20 : 0.6349    recall@30 : 0.7112    recall@50 : 0.7953    ndcg@1 : 0.2205    ndcg@2 : 0.245    ndcg@3 : 0.2703    ndcg@4 : 0.2839    ndcg@5 : 0.2978    ndcg@10 : 0.3447    ndcg@20 : 0.3849    ndcg@30 : 0.4056    ndcg@50 : 0.4257    precision@1 : 0.2205    precision@2 : 0.1862    precision@3 : 0.1685    precision@4 : 0.1479    precision@5 : 0.1344    precision@10 : 0.0959    precision@20 : 0.0637    precision@30 : 0.0492    precision@50 : 0.0338    map@1 : 0.2205    map@2 : 0.2169    map@3 : 0.2255    map@4 : 0.2299    map@5 : 0.2366    map@10 : 0.2575    map@20 : 0.2717    map@30 : 0.278    map@50 : 0.2827
Sun 15 Mar 2026 12:12:04 INFO  Saving current: saved/SCL-Mar-15-2026_12-11-12.pth
Sun 15 Mar 2026 12:12:04 INFO  Saving current best: saved/SCL-Mar-15-2026_12-11-12.pth
Sun 15 Mar 2026 12:12:04 INFO  Running E-step ! 
Sun 15 Mar 2026 12:12:04 INFO  epoch 145 training [time: 0.18s, train_loss1: 2.2318, train_loss2: 0.0353, train_loss3: 0.0111, train_loss4: 0.0019]
Sun 15 Mar 2026 12:12:04 INFO  epoch 145 evaluating [time: 0.14s, valid_score: 0.344800]
Sun 15 Mar 2026 12:12:04 INFO  valid result: 
recall@1 : 0.1345    recall@2 : 0.2207    recall@3 : 0.2908    recall@4 : 0.3329    recall@5 : 0.3689    recall@10 : 0.5012    recall@20 : 0.6351    recall@30 : 0.7103    recall@50 : 0.7952    ndcg@1 : 0.2211    ndcg@2 : 0.2445    ndcg@3 : 0.2705    ndcg@4 : 0.2844    ndcg@5 : 0.2977    ndcg@10 : 0.3448    ndcg@20 : 0.3851    ndcg@30 : 0.4055    ndcg@50 : 0.4258    precision@1 : 0.2211    precision@2 : 0.1856    precision@3 : 0.1687    precision@4 : 0.1482    precision@5 : 0.1343    precision@10 : 0.0959    precision@20 : 0.0637    precision@30 : 0.0491    precision@50 : 0.0338    map@1 : 0.2211    map@2 : 0.2166    map@3 : 0.2257    map@4 : 0.2303    map@5 : 0.2367    map@10 : 0.2576    map@20 : 0.2719    map@30 : 0.2781    map@50 : 0.2828
Sun 15 Mar 2026 12:12:04 INFO  Saving current: saved/SCL-Mar-15-2026_12-11-12.pth
Sun 15 Mar 2026 12:12:04 INFO  Saving current best: saved/SCL-Mar-15-2026_12-11-12.pth
Sun 15 Mar 2026 12:12:04 INFO  Running E-step ! 
Sun 15 Mar 2026 12:12:04 INFO  epoch 146 training [time: 0.17s, train_loss1: 2.2530, train_loss2: 0.0352, train_loss3: 0.0111, train_loss4: 0.0019]
Sun 15 Mar 2026 12:12:04 INFO  epoch 146 evaluating [time: 0.14s, valid_score: 0.344500]
Sun 15 Mar 2026 12:12:04 INFO  valid result: 
recall@1 : 0.1345    recall@2 : 0.2207    recall@3 : 0.2905    recall@4 : 0.3345    recall@5 : 0.3696    recall@10 : 0.5    recall@20 : 0.6357    recall@30 : 0.7107    recall@50 : 0.7957    ndcg@1 : 0.2211    ndcg@2 : 0.2445    ndcg@3 : 0.2704    ndcg@4 : 0.2851    ndcg@5 : 0.298    ndcg@10 : 0.3445    ndcg@20 : 0.3853    ndcg@30 : 0.4057    ndcg@50 : 0.426    precision@1 : 0.2211    precision@2 : 0.1856    precision@3 : 0.1687    precision@4 : 0.1488    precision@5 : 0.1344    precision@10 : 0.0958    precision@20 : 0.0638    precision@30 : 0.0491    precision@50 : 0.0338    map@1 : 0.2211    map@2 : 0.2166    map@3 : 0.2256    map@4 : 0.2308    map@5 : 0.2369    map@10 : 0.2575    map@20 : 0.272    map@30 : 0.2782    map@50 : 0.2829
Sun 15 Mar 2026 12:12:04 INFO  Running E-step ! 
Sun 15 Mar 2026 12:12:04 INFO  epoch 147 training [time: 0.18s, train_loss1: 2.2402, train_loss2: 0.0351, train_loss3: 0.0111, train_loss4: 0.0019]
Sun 15 Mar 2026 12:12:05 INFO  epoch 147 evaluating [time: 0.14s, valid_score: 0.345100]
Sun 15 Mar 2026 12:12:05 INFO  valid result: 
recall@1 : 0.1345    recall@2 : 0.2219    recall@3 : 0.2914    recall@4 : 0.3339    recall@5 : 0.3701    recall@10 : 0.501    recall@20 : 0.6362    recall@30 : 0.7109    recall@50 : 0.7954    ndcg@1 : 0.2205    ndcg@2 : 0.2453    ndcg@3 : 0.2709    ndcg@4 : 0.2851    ndcg@5 : 0.2984    ndcg@10 : 0.3451    ndcg@20 : 0.3857    ndcg@30 : 0.406    ndcg@50 : 0.4262    precision@1 : 0.2205    precision@2 : 0.1865    precision@3 : 0.1689    precision@4 : 0.1488    precision@5 : 0.1347    precision@10 : 0.0959    precision@20 : 0.0638    precision@30 : 0.0492    precision@50 : 0.0338    map@1 : 0.2205    map@2 : 0.2172    map@3 : 0.226    map@4 : 0.2309    map@5 : 0.2372    map@10 : 0.2579    map@20 : 0.2724    map@30 : 0.2786    map@50 : 0.2833
Sun 15 Mar 2026 12:12:05 INFO  Saving current: saved/SCL-Mar-15-2026_12-11-12.pth
Sun 15 Mar 2026 12:12:05 INFO  Saving current best: saved/SCL-Mar-15-2026_12-11-12.pth
Sun 15 Mar 2026 12:12:05 INFO  Running E-step ! 
Sun 15 Mar 2026 12:12:05 INFO  epoch 148 training [time: 0.19s, train_loss1: 2.2305, train_loss2: 0.0351, train_loss3: 0.0111, train_loss4: 0.0019]
Sun 15 Mar 2026 12:12:05 INFO  epoch 148 evaluating [time: 0.14s, valid_score: 0.345600]
Sun 15 Mar 2026 12:12:05 INFO  valid result: 
recall@1 : 0.1342    recall@2 : 0.223    recall@3 : 0.2921    recall@4 : 0.3335    recall@5 : 0.3698    recall@10 : 0.5021    recall@20 : 0.6365    recall@30 : 0.711    recall@50 : 0.796    ndcg@1 : 0.2217    ndcg@2 : 0.2466    ndcg@3 : 0.2716    ndcg@4 : 0.2851    ndcg@5 : 0.2985    ndcg@10 : 0.3456    ndcg@20 : 0.386    ndcg@30 : 0.4063    ndcg@50 : 0.4266    precision@1 : 0.2217    precision@2 : 0.1877    precision@3 : 0.1692    precision@4 : 0.1485    precision@5 : 0.1346    precision@10 : 0.0961    precision@20 : 0.0639    precision@30 : 0.0492    precision@50 : 0.0339    map@1 : 0.2217    map@2 : 0.2183    map@3 : 0.2266    map@4 : 0.231    map@5 : 0.2373    map@10 : 0.2581    map@20 : 0.2725    map@30 : 0.2787    map@50 : 0.2834
Sun 15 Mar 2026 12:12:05 INFO  Saving current: saved/SCL-Mar-15-2026_12-11-12.pth
Sun 15 Mar 2026 12:12:05 INFO  Saving current best: saved/SCL-Mar-15-2026_12-11-12.pth
Sun 15 Mar 2026 12:12:05 INFO  Running E-step ! 
Sun 15 Mar 2026 12:12:05 INFO  epoch 149 training [time: 0.19s, train_loss1: 2.2250, train_loss2: 0.0350, train_loss3: 0.0111, train_loss4: 0.0019]
Sun 15 Mar 2026 12:12:05 INFO  epoch 149 evaluating [time: 0.14s, valid_score: 0.346100]
Sun 15 Mar 2026 12:12:05 INFO  valid result: 
recall@1 : 0.1348    recall@2 : 0.2231    recall@3 : 0.2926    recall@4 : 0.3341    recall@5 : 0.3693    recall@10 : 0.5027    recall@20 : 0.6372    recall@30 : 0.7103    recall@50 : 0.7971    ndcg@1 : 0.2223    ndcg@2 : 0.2468    ndcg@3 : 0.272    ndcg@4 : 0.2857    ndcg@5 : 0.2986    ndcg@10 : 0.3461    ndcg@20 : 0.3866    ndcg@30 : 0.4065    ndcg@50 : 0.4271    precision@1 : 0.2223    precision@2 : 0.1877    precision@3 : 0.1692    precision@4 : 0.1488    precision@5 : 0.1344    precision@10 : 0.0962    precision@20 : 0.064    precision@30 : 0.0492    precision@50 : 0.0339    map@1 : 0.2223    map@2 : 0.2187    map@3 : 0.2271    map@4 : 0.2316    map@5 : 0.2376    map@10 : 0.2586    map@20 : 0.2731    map@30 : 0.2792    map@50 : 0.284
Sun 15 Mar 2026 12:12:05 INFO  Saving current: saved/SCL-Mar-15-2026_12-11-12.pth
Sun 15 Mar 2026 12:12:05 INFO  Saving current best: saved/SCL-Mar-15-2026_12-11-12.pth
Sun 15 Mar 2026 12:12:05 INFO  Running E-step ! 
Sun 15 Mar 2026 12:12:06 INFO  epoch 150 training [time: 0.18s, train_loss1: 2.2242, train_loss2: 0.0349, train_loss3: 0.0111, train_loss4: 0.0019]
Sun 15 Mar 2026 12:12:06 INFO  epoch 150 evaluating [time: 0.14s, valid_score: 0.345700]
Sun 15 Mar 2026 12:12:06 INFO  valid result: 
recall@1 : 0.1343    recall@2 : 0.2226    recall@3 : 0.29    recall@4 : 0.334    recall@5 : 0.3706    recall@10 : 0.5022    recall@20 : 0.6379    recall@30 : 0.7099    recall@50 : 0.7973    ndcg@1 : 0.2223    ndcg@2 : 0.2465    ndcg@3 : 0.2704    ndcg@4 : 0.2852    ndcg@5 : 0.2986    ndcg@10 : 0.3457    ndcg@20 : 0.3865    ndcg@30 : 0.4061    ndcg@50 : 0.4269    precision@1 : 0.2223    precision@2 : 0.1874    precision@3 : 0.1681    precision@4 : 0.1487    precision@5 : 0.1347    precision@10 : 0.0962    precision@20 : 0.0641    precision@30 : 0.0492    precision@50 : 0.0339    map@1 : 0.2223    map@2 : 0.2183    map@3 : 0.226    map@4 : 0.231    map@5 : 0.2372    map@10 : 0.2581    map@20 : 0.2727    map@30 : 0.2788    map@50 : 0.2835
Sun 15 Mar 2026 12:12:06 INFO  Running E-step ! 
Sun 15 Mar 2026 12:12:06 INFO  epoch 151 training [time: 0.18s, train_loss1: 2.1884, train_loss2: 0.0349, train_loss3: 0.0111, train_loss4: 0.0019]
Sun 15 Mar 2026 12:12:06 INFO  epoch 151 evaluating [time: 0.14s, valid_score: 0.346800]
Sun 15 Mar 2026 12:12:06 INFO  valid result: 
recall@1 : 0.1346    recall@2 : 0.2225    recall@3 : 0.2914    recall@4 : 0.3339    recall@5 : 0.3724    recall@10 : 0.5049    recall@20 : 0.6382    recall@30 : 0.7091    recall@50 : 0.7969    ndcg@1 : 0.2229    ndcg@2 : 0.2466    ndcg@3 : 0.2713    ndcg@4 : 0.2853    ndcg@5 : 0.2995    ndcg@10 : 0.3468    ndcg@20 : 0.387    ndcg@30 : 0.4062    ndcg@50 : 0.4271    precision@1 : 0.2229    precision@2 : 0.1874    precision@3 : 0.1687    precision@4 : 0.1485    precision@5 : 0.1349    precision@10 : 0.0967    precision@20 : 0.0643    precision@30 : 0.0491    precision@50 : 0.0339    map@1 : 0.2229    map@2 : 0.2186    map@3 : 0.2266    map@4 : 0.2312    map@5 : 0.2378    map@10 : 0.2588    map@20 : 0.2732    map@30 : 0.279    map@50 : 0.2839
Sun 15 Mar 2026 12:12:06 INFO  Saving current: saved/SCL-Mar-15-2026_12-11-12.pth
Sun 15 Mar 2026 12:12:06 INFO  Saving current best: saved/SCL-Mar-15-2026_12-11-12.pth
Sun 15 Mar 2026 12:12:06 INFO  Running E-step ! 
Sun 15 Mar 2026 12:12:06 INFO  epoch 152 training [time: 0.19s, train_loss1: 2.1713, train_loss2: 0.0348, train_loss3: 0.0111, train_loss4: 0.0019]
Sun 15 Mar 2026 12:12:06 INFO  epoch 152 evaluating [time: 0.14s, valid_score: 0.347200]
Sun 15 Mar 2026 12:12:06 INFO  valid result: 
recall@1 : 0.1352    recall@2 : 0.2227    recall@3 : 0.2916    recall@4 : 0.3335    recall@5 : 0.3735    recall@10 : 0.5052    recall@20 : 0.6379    recall@30 : 0.7092    recall@50 : 0.7986    ndcg@1 : 0.2235    ndcg@2 : 0.2471    ndcg@3 : 0.2717    ndcg@4 : 0.2854    ndcg@5 : 0.3002    ndcg@10 : 0.3472    ndcg@20 : 0.3873    ndcg@30 : 0.4066    ndcg@50 : 0.4278    precision@1 : 0.2235    precision@2 : 0.1877    precision@3 : 0.1689    precision@4 : 0.1485    precision@5 : 0.135    precision@10 : 0.0967    precision@20 : 0.0643    precision@30 : 0.0491    precision@50 : 0.0339    map@1 : 0.2235    map@2 : 0.2192    map@3 : 0.2271    map@4 : 0.2315    map@5 : 0.2383    map@10 : 0.2592    map@20 : 0.2736    map@30 : 0.2795    map@50 : 0.2844
Sun 15 Mar 2026 12:12:06 INFO  Saving current: saved/SCL-Mar-15-2026_12-11-12.pth
Sun 15 Mar 2026 12:12:06 INFO  Saving current best: saved/SCL-Mar-15-2026_12-11-12.pth
Sun 15 Mar 2026 12:12:06 INFO  Running E-step ! 
Sun 15 Mar 2026 12:12:07 INFO  epoch 153 training [time: 0.20s, train_loss1: 2.1823, train_loss2: 0.0347, train_loss3: 0.0111, train_loss4: 0.0019]
Sun 15 Mar 2026 12:12:07 INFO  epoch 153 evaluating [time: 0.14s, valid_score: 0.346700]
Sun 15 Mar 2026 12:12:07 INFO  valid result: 
recall@1 : 0.134    recall@2 : 0.2235    recall@3 : 0.2913    recall@4 : 0.3334    recall@5 : 0.3728    recall@10 : 0.5046    recall@20 : 0.6364    recall@30 : 0.7087    recall@50 : 0.7982    ndcg@1 : 0.2223    ndcg@2 : 0.247    ndcg@3 : 0.2712    ndcg@4 : 0.2852    ndcg@5 : 0.2996    ndcg@10 : 0.3467    ndcg@20 : 0.3866    ndcg@30 : 0.4062    ndcg@50 : 0.4274    precision@1 : 0.2223    precision@2 : 0.188    precision@3 : 0.1689    precision@4 : 0.1487    precision@5 : 0.135    precision@10 : 0.0965    precision@20 : 0.0641    precision@30 : 0.0491    precision@50 : 0.0339    map@1 : 0.2223    map@2 : 0.2189    map@3 : 0.2266    map@4 : 0.2311    map@5 : 0.2379    map@10 : 0.2587    map@20 : 0.2731    map@30 : 0.2791    map@50 : 0.2839
Sun 15 Mar 2026 12:12:07 INFO  Running E-step ! 
Sun 15 Mar 2026 12:12:07 INFO  epoch 154 training [time: 0.19s, train_loss1: 2.1609, train_loss2: 0.0347, train_loss3: 0.0111, train_loss4: 0.0018]
Sun 15 Mar 2026 12:12:07 INFO  epoch 154 evaluating [time: 0.14s, valid_score: 0.346700]
Sun 15 Mar 2026 12:12:07 INFO  valid result: 
recall@1 : 0.1336    recall@2 : 0.2238    recall@3 : 0.2919    recall@4 : 0.3351    recall@5 : 0.3724    recall@10 : 0.5051    recall@20 : 0.6374    recall@30 : 0.7085    recall@50 : 0.798    ndcg@1 : 0.2211    ndcg@2 : 0.2469    ndcg@3 : 0.2715    ndcg@4 : 0.2857    ndcg@5 : 0.2995    ndcg@10 : 0.3467    ndcg@20 : 0.3868    ndcg@30 : 0.4062    ndcg@50 : 0.4274    precision@1 : 0.2211    precision@2 : 0.188    precision@3 : 0.1694    precision@4 : 0.149    precision@5 : 0.135    precision@10 : 0.0966    precision@20 : 0.0642    precision@30 : 0.0491    precision@50 : 0.0339    map@1 : 0.2211    map@2 : 0.2187    map@3 : 0.2267    map@4 : 0.2314    map@5 : 0.2379    map@10 : 0.2587    map@20 : 0.2732    map@30 : 0.2791    map@50 : 0.284
Sun 15 Mar 2026 12:12:07 INFO  Running E-step ! 
Sun 15 Mar 2026 12:12:07 INFO  epoch 155 training [time: 0.20s, train_loss1: 2.1434, train_loss2: 0.0346, train_loss3: 0.0111, train_loss4: 0.0018]
Sun 15 Mar 2026 12:12:07 INFO  epoch 155 evaluating [time: 0.14s, valid_score: 0.347100]
Sun 15 Mar 2026 12:12:07 INFO  valid result: 
recall@1 : 0.1339    recall@2 : 0.2238    recall@3 : 0.292    recall@4 : 0.3335    recall@5 : 0.372    recall@10 : 0.5055    recall@20 : 0.6364    recall@30 : 0.7082    recall@50 : 0.7989    ndcg@1 : 0.2217    ndcg@2 : 0.2473    ndcg@3 : 0.2718    ndcg@4 : 0.2852    ndcg@5 : 0.2994    ndcg@10 : 0.3471    ndcg@20 : 0.3868    ndcg@30 : 0.4063    ndcg@50 : 0.4277    precision@1 : 0.2217    precision@2 : 0.1886    precision@3 : 0.1696    precision@4 : 0.1485    precision@5 : 0.135    precision@10 : 0.0968    precision@20 : 0.0641    precision@30 : 0.0491    precision@50 : 0.0339    map@1 : 0.2217    map@2 : 0.2192    map@3 : 0.2268    map@4 : 0.2312    map@5 : 0.2379    map@10 : 0.2589    map@20 : 0.2732    map@30 : 0.2793    map@50 : 0.2841
Sun 15 Mar 2026 12:12:07 INFO  Running E-step ! 
Sun 15 Mar 2026 12:12:08 INFO  epoch 156 training [time: 0.18s, train_loss1: 2.1644, train_loss2: 0.0345, train_loss3: 0.0111, train_loss4: 0.0018]
Sun 15 Mar 2026 12:12:08 INFO  epoch 156 evaluating [time: 0.14s, valid_score: 0.347100]
Sun 15 Mar 2026 12:12:08 INFO  valid result: 
recall@1 : 0.1333    recall@2 : 0.2251    recall@3 : 0.2924    recall@4 : 0.333    recall@5 : 0.3732    recall@10 : 0.5056    recall@20 : 0.6369    recall@30 : 0.7093    recall@50 : 0.7987    ndcg@1 : 0.2211    ndcg@2 : 0.248    ndcg@3 : 0.2719    ndcg@4 : 0.2848    ndcg@5 : 0.2999    ndcg@10 : 0.3471    ndcg@20 : 0.3869    ndcg@30 : 0.4066    ndcg@50 : 0.4277    precision@1 : 0.2211    precision@2 : 0.1895    precision@3 : 0.1696    precision@4 : 0.1481    precision@5 : 0.1353    precision@10 : 0.0968    precision@20 : 0.0642    precision@30 : 0.0492    precision@50 : 0.0339    map@1 : 0.2211    map@2 : 0.2196    map@3 : 0.2269    map@4 : 0.231    map@5 : 0.2381    map@10 : 0.2589    map@20 : 0.2732    map@30 : 0.2793    map@50 : 0.2841
Sun 15 Mar 2026 12:12:08 INFO  Running E-step ! 
Sun 15 Mar 2026 12:12:08 INFO  epoch 157 training [time: 0.19s, train_loss1: 2.1455, train_loss2: 0.0345, train_loss3: 0.0111, train_loss4: 0.0018]
Sun 15 Mar 2026 12:12:08 INFO  epoch 157 evaluating [time: 0.14s, valid_score: 0.347500]
Sun 15 Mar 2026 12:12:08 INFO  valid result: 
recall@1 : 0.1338    recall@2 : 0.2259    recall@3 : 0.2932    recall@4 : 0.3331    recall@5 : 0.3724    recall@10 : 0.5057    recall@20 : 0.6382    recall@30 : 0.7089    recall@50 : 0.8006    ndcg@1 : 0.2217    ndcg@2 : 0.2488    ndcg@3 : 0.2728    ndcg@4 : 0.2854    ndcg@5 : 0.2999    ndcg@10 : 0.3475    ndcg@20 : 0.3876    ndcg@30 : 0.4069    ndcg@50 : 0.4284    precision@1 : 0.2217    precision@2 : 0.1901    precision@3 : 0.1702    precision@4 : 0.1484    precision@5 : 0.135    precision@10 : 0.0967    precision@20 : 0.0643    precision@30 : 0.0491    precision@50 : 0.034    map@1 : 0.2217    map@2 : 0.2205    map@3 : 0.2279    map@4 : 0.2317    map@5 : 0.2383    map@10 : 0.2594    map@20 : 0.2738    map@30 : 0.2798    map@50 : 0.2847
Sun 15 Mar 2026 12:12:08 INFO  Saving current: saved/SCL-Mar-15-2026_12-11-12.pth
Sun 15 Mar 2026 12:12:08 INFO  Saving current best: saved/SCL-Mar-15-2026_12-11-12.pth
Sun 15 Mar 2026 12:12:08 INFO  Running E-step ! 
Sun 15 Mar 2026 12:12:08 INFO  epoch 158 training [time: 0.19s, train_loss1: 2.1702, train_loss2: 0.0344, train_loss3: 0.0111, train_loss4: 0.0018]
Sun 15 Mar 2026 12:12:08 INFO  epoch 158 evaluating [time: 0.14s, valid_score: 0.348500]
Sun 15 Mar 2026 12:12:08 INFO  valid result: 
recall@1 : 0.135    recall@2 : 0.2259    recall@3 : 0.2925    recall@4 : 0.3331    recall@5 : 0.3711    recall@10 : 0.508    recall@20 : 0.6395    recall@30 : 0.7095    recall@50 : 0.8005    ndcg@1 : 0.2229    ndcg@2 : 0.2493    ndcg@3 : 0.2727    ndcg@4 : 0.2858    ndcg@5 : 0.2998    ndcg@10 : 0.3485    ndcg@20 : 0.3883    ndcg@30 : 0.4075    ndcg@50 : 0.4288    precision@1 : 0.2229    precision@2 : 0.1904    precision@3 : 0.1696    precision@4 : 0.1484    precision@5 : 0.1348    precision@10 : 0.0969    precision@20 : 0.0644    precision@30 : 0.0492    precision@50 : 0.0339    map@1 : 0.2229    map@2 : 0.2212    map@3 : 0.2281    map@4 : 0.2323    map@5 : 0.2386    map@10 : 0.2602    map@20 : 0.2745    map@30 : 0.2805    map@50 : 0.2853
Sun 15 Mar 2026 12:12:08 INFO  Saving current: saved/SCL-Mar-15-2026_12-11-12.pth
Sun 15 Mar 2026 12:12:08 INFO  Saving current best: saved/SCL-Mar-15-2026_12-11-12.pth
Sun 15 Mar 2026 12:12:08 INFO  Running E-step ! 
Sun 15 Mar 2026 12:12:09 INFO  epoch 159 training [time: 0.18s, train_loss1: 2.1647, train_loss2: 0.0343, train_loss3: 0.0111, train_loss4: 0.0018]
Sun 15 Mar 2026 12:12:09 INFO  epoch 159 evaluating [time: 0.14s, valid_score: 0.349000]
Sun 15 Mar 2026 12:12:09 INFO  valid result: 
recall@1 : 0.1352    recall@2 : 0.2262    recall@3 : 0.2942    recall@4 : 0.3337    recall@5 : 0.3726    recall@10 : 0.5084    recall@20 : 0.6406    recall@30 : 0.7104    recall@50 : 0.8024    ndcg@1 : 0.2235    ndcg@2 : 0.2499    ndcg@3 : 0.2738    ndcg@4 : 0.2862    ndcg@5 : 0.3006    ndcg@10 : 0.349    ndcg@20 : 0.3891    ndcg@30 : 0.4081    ndcg@50 : 0.4296    precision@1 : 0.2235    precision@2 : 0.191    precision@3 : 0.1704    precision@4 : 0.1482    precision@5 : 0.1349    precision@10 : 0.097    precision@20 : 0.0645    precision@30 : 0.0492    precision@50 : 0.034    map@1 : 0.2235    map@2 : 0.2218    map@3 : 0.2289    map@4 : 0.2327    map@5 : 0.2392    map@10 : 0.2607    map@20 : 0.2751    map@30 : 0.281    map@50 : 0.2858
Sun 15 Mar 2026 12:12:09 INFO  Saving current: saved/SCL-Mar-15-2026_12-11-12.pth
Sun 15 Mar 2026 12:12:09 INFO  Saving current best: saved/SCL-Mar-15-2026_12-11-12.pth
Sun 15 Mar 2026 12:12:09 INFO  Running E-step ! 
Sun 15 Mar 2026 12:12:09 INFO  epoch 160 training [time: 0.19s, train_loss1: 2.1449, train_loss2: 0.0343, train_loss3: 0.0111, train_loss4: 0.0018]
Sun 15 Mar 2026 12:12:09 INFO  epoch 160 evaluating [time: 0.15s, valid_score: 0.349500]
Sun 15 Mar 2026 12:12:09 INFO  valid result: 
recall@1 : 0.1351    recall@2 : 0.2261    recall@3 : 0.295    recall@4 : 0.334    recall@5 : 0.3744    recall@10 : 0.5099    recall@20 : 0.6408    recall@30 : 0.7105    recall@50 : 0.802    ndcg@1 : 0.2229    ndcg@2 : 0.2493    ndcg@3 : 0.2739    ndcg@4 : 0.2862    ndcg@5 : 0.3012    ndcg@10 : 0.3495    ndcg@20 : 0.3892    ndcg@30 : 0.4083    ndcg@50 : 0.4297    precision@1 : 0.2229    precision@2 : 0.1904    precision@3 : 0.1706    precision@4 : 0.1482    precision@5 : 0.1354    precision@10 : 0.0972    precision@20 : 0.0646    precision@30 : 0.0493    precision@50 : 0.034    map@1 : 0.2229    map@2 : 0.2211    map@3 : 0.2289    map@4 : 0.2326    map@5 : 0.2395    map@10 : 0.261    map@20 : 0.2752    map@30 : 0.2811    map@50 : 0.2859
Sun 15 Mar 2026 12:12:09 INFO  Saving current: saved/SCL-Mar-15-2026_12-11-12.pth
Sun 15 Mar 2026 12:12:09 INFO  Saving current best: saved/SCL-Mar-15-2026_12-11-12.pth
Sun 15 Mar 2026 12:12:09 INFO  Running E-step ! 
Sun 15 Mar 2026 12:12:09 INFO  epoch 161 training [time: 0.17s, train_loss1: 2.1454, train_loss2: 0.0342, train_loss3: 0.0111, train_loss4: 0.0018]
Sun 15 Mar 2026 12:12:09 INFO  epoch 161 evaluating [time: 0.14s, valid_score: 0.350200]
Sun 15 Mar 2026 12:12:09 INFO  valid result: 
recall@1 : 0.136    recall@2 : 0.2273    recall@3 : 0.2943    recall@4 : 0.3341    recall@5 : 0.3739    recall@10 : 0.5106    recall@20 : 0.6405    recall@30 : 0.7115    recall@50 : 0.8022    ndcg@1 : 0.2247    ndcg@2 : 0.2508    ndcg@3 : 0.2741    ndcg@4 : 0.2867    ndcg@5 : 0.3016    ndcg@10 : 0.3502    ndcg@20 : 0.3897    ndcg@30 : 0.409    ndcg@50 : 0.4303    precision@1 : 0.2247    precision@2 : 0.1916    precision@3 : 0.17    precision@4 : 0.1482    precision@5 : 0.1354    precision@10 : 0.0972    precision@20 : 0.0645    precision@30 : 0.0493    precision@50 : 0.034    map@1 : 0.2247    map@2 : 0.2223    map@3 : 0.2294    map@4 : 0.2331    map@5 : 0.2399    map@10 : 0.2616    map@20 : 0.2757    map@30 : 0.2817    map@50 : 0.2865
Sun 15 Mar 2026 12:12:09 INFO  Saving current: saved/SCL-Mar-15-2026_12-11-12.pth
Sun 15 Mar 2026 12:12:09 INFO  Saving current best: saved/SCL-Mar-15-2026_12-11-12.pth
Sun 15 Mar 2026 12:12:09 INFO  Running E-step ! 
Sun 15 Mar 2026 12:12:10 INFO  epoch 162 training [time: 0.18s, train_loss1: 2.1357, train_loss2: 0.0341, train_loss3: 0.0111, train_loss4: 0.0018]
Sun 15 Mar 2026 12:12:10 INFO  epoch 162 evaluating [time: 0.14s, valid_score: 0.350200]
Sun 15 Mar 2026 12:12:10 INFO  valid result: 
recall@1 : 0.1353    recall@2 : 0.2266    recall@3 : 0.2942    recall@4 : 0.3344    recall@5 : 0.3742    recall@10 : 0.5117    recall@20 : 0.6404    recall@30 : 0.7116    recall@50 : 0.8023    ndcg@1 : 0.2229    ndcg@2 : 0.2498    ndcg@3 : 0.2736    ndcg@4 : 0.2866    ndcg@5 : 0.3013    ndcg@10 : 0.3502    ndcg@20 : 0.3894    ndcg@30 : 0.4088    ndcg@50 : 0.43    precision@1 : 0.2229    precision@2 : 0.191    precision@3 : 0.17    precision@4 : 0.1487    precision@5 : 0.1354    precision@10 : 0.0973    precision@20 : 0.0646    precision@30 : 0.0494    precision@50 : 0.034    map@1 : 0.2229    map@2 : 0.2214    map@3 : 0.2288    map@4 : 0.2328    map@5 : 0.2395    map@10 : 0.2613    map@20 : 0.2754    map@30 : 0.2814    map@50 : 0.2862
Sun 15 Mar 2026 12:12:10 INFO  Saving current: saved/SCL-Mar-15-2026_12-11-12.pth
Sun 15 Mar 2026 12:12:10 INFO  Saving current best: saved/SCL-Mar-15-2026_12-11-12.pth
Sun 15 Mar 2026 12:12:10 INFO  Running E-step ! 
Sun 15 Mar 2026 12:12:10 INFO  epoch 163 training [time: 0.19s, train_loss1: 2.1318, train_loss2: 0.0340, train_loss3: 0.0111, train_loss4: 0.0017]
Sun 15 Mar 2026 12:12:10 INFO  epoch 163 evaluating [time: 0.14s, valid_score: 0.350300]
Sun 15 Mar 2026 12:12:10 INFO  valid result: 
recall@1 : 0.1355    recall@2 : 0.2256    recall@3 : 0.2927    recall@4 : 0.3349    recall@5 : 0.3739    recall@10 : 0.5121    recall@20 : 0.6404    recall@30 : 0.712    recall@50 : 0.8025    ndcg@1 : 0.2235    ndcg@2 : 0.2492    ndcg@3 : 0.2728    ndcg@4 : 0.2867    ndcg@5 : 0.3011    ndcg@10 : 0.3503    ndcg@20 : 0.3894    ndcg@30 : 0.4089    ndcg@50 : 0.43    precision@1 : 0.2235    precision@2 : 0.1904    precision@3 : 0.1694    precision@4 : 0.1488    precision@5 : 0.1354    precision@10 : 0.0974    precision@20 : 0.0645    precision@30 : 0.0494    precision@50 : 0.034    map@1 : 0.2235    map@2 : 0.2209    map@3 : 0.2283    map@4 : 0.2327    map@5 : 0.2393    map@10 : 0.2612    map@20 : 0.2754    map@30 : 0.2814    map@50 : 0.2862
Sun 15 Mar 2026 12:12:10 INFO  Saving current: saved/SCL-Mar-15-2026_12-11-12.pth
Sun 15 Mar 2026 12:12:10 INFO  Saving current best: saved/SCL-Mar-15-2026_12-11-12.pth
Sun 15 Mar 2026 12:12:10 INFO  Running E-step ! 
Sun 15 Mar 2026 12:12:10 INFO  epoch 164 training [time: 0.18s, train_loss1: 2.0875, train_loss2: 0.0340, train_loss3: 0.0111, train_loss4: 0.0017]
Sun 15 Mar 2026 12:12:10 INFO  epoch 164 evaluating [time: 0.14s, valid_score: 0.350700]
Sun 15 Mar 2026 12:12:10 INFO  valid result: 
recall@1 : 0.1355    recall@2 : 0.2259    recall@3 : 0.2921    recall@4 : 0.3345    recall@5 : 0.3742    recall@10 : 0.5132    recall@20 : 0.6408    recall@30 : 0.7122    recall@50 : 0.8026    ndcg@1 : 0.2235    ndcg@2 : 0.2496    ndcg@3 : 0.2726    ndcg@4 : 0.2867    ndcg@5 : 0.3014    ndcg@10 : 0.3507    ndcg@20 : 0.3895    ndcg@30 : 0.409    ndcg@50 : 0.4302    precision@1 : 0.2235    precision@2 : 0.191    precision@3 : 0.1692    precision@4 : 0.149    precision@5 : 0.1359    precision@10 : 0.0976    precision@20 : 0.0645    precision@30 : 0.0494    precision@50 : 0.034    map@1 : 0.2235    map@2 : 0.2214    map@3 : 0.2282    map@4 : 0.2328    map@5 : 0.2396    map@10 : 0.2614    map@20 : 0.2755    map@30 : 0.2816    map@50 : 0.2863
Sun 15 Mar 2026 12:12:10 INFO  Saving current: saved/SCL-Mar-15-2026_12-11-12.pth
Sun 15 Mar 2026 12:12:10 INFO  Saving current best: saved/SCL-Mar-15-2026_12-11-12.pth
Sun 15 Mar 2026 12:12:10 INFO  Running E-step ! 
Sun 15 Mar 2026 12:12:11 INFO  epoch 165 training [time: 0.19s, train_loss1: 2.1261, train_loss2: 0.0339, train_loss3: 0.0111, train_loss4: 0.0018]
Sun 15 Mar 2026 12:12:11 INFO  epoch 165 evaluating [time: 0.14s, valid_score: 0.351100]
Sun 15 Mar 2026 12:12:11 INFO  valid result: 
recall@1 : 0.1358    recall@2 : 0.226    recall@3 : 0.2911    recall@4 : 0.3339    recall@5 : 0.3755    recall@10 : 0.5139    recall@20 : 0.6423    recall@30 : 0.714    recall@50 : 0.8024    ndcg@1 : 0.2235    ndcg@2 : 0.2497    ndcg@3 : 0.2721    ndcg@4 : 0.2864    ndcg@5 : 0.3019    ndcg@10 : 0.3511    ndcg@20 : 0.3899    ndcg@30 : 0.4094    ndcg@50 : 0.4302    precision@1 : 0.2235    precision@2 : 0.191    precision@3 : 0.1687    precision@4 : 0.1488    precision@5 : 0.1361    precision@10 : 0.0979    precision@20 : 0.0646    precision@30 : 0.0495    precision@50 : 0.034    map@1 : 0.2235    map@2 : 0.2215    map@3 : 0.228    map@4 : 0.2327    map@5 : 0.2399    map@10 : 0.2617    map@20 : 0.2757    map@30 : 0.2817    map@50 : 0.2864
Sun 15 Mar 2026 12:12:11 INFO  Saving current: saved/SCL-Mar-15-2026_12-11-12.pth
Sun 15 Mar 2026 12:12:11 INFO  Saving current best: saved/SCL-Mar-15-2026_12-11-12.pth
Sun 15 Mar 2026 12:12:11 INFO  Running E-step ! 
Sun 15 Mar 2026 12:12:11 INFO  epoch 166 training [time: 0.18s, train_loss1: 2.0712, train_loss2: 0.0339, train_loss3: 0.0111, train_loss4: 0.0018]
Sun 15 Mar 2026 12:12:11 INFO  epoch 166 evaluating [time: 0.14s, valid_score: 0.351700]
Sun 15 Mar 2026 12:12:11 INFO  valid result: 
recall@1 : 0.1378    recall@2 : 0.2247    recall@3 : 0.2929    recall@4 : 0.3346    recall@5 : 0.3731    recall@10 : 0.5138    recall@20 : 0.6432    recall@30 : 0.7143    recall@50 : 0.8026    ndcg@1 : 0.2259    ndcg@2 : 0.2497    ndcg@3 : 0.2737    ndcg@4 : 0.2875    ndcg@5 : 0.3018    ndcg@10 : 0.3517    ndcg@20 : 0.3908    ndcg@30 : 0.4102    ndcg@50 : 0.4309    precision@1 : 0.2259    precision@2 : 0.1904    precision@3 : 0.1696    precision@4 : 0.1491    precision@5 : 0.1358    precision@10 : 0.0978    precision@20 : 0.0647    precision@30 : 0.0495    precision@50 : 0.034    map@1 : 0.2259    map@2 : 0.222    map@3 : 0.2297    map@4 : 0.2339    map@5 : 0.2405    map@10 : 0.2625    map@20 : 0.2766    map@30 : 0.2827    map@50 : 0.2874
Sun 15 Mar 2026 12:12:11 INFO  Saving current: saved/SCL-Mar-15-2026_12-11-12.pth
Sun 15 Mar 2026 12:12:11 INFO  Saving current best: saved/SCL-Mar-15-2026_12-11-12.pth
Sun 15 Mar 2026 12:12:11 INFO  Running E-step ! 
Sun 15 Mar 2026 12:12:11 INFO  epoch 167 training [time: 0.20s, train_loss1: 2.0743, train_loss2: 0.0338, train_loss3: 0.0111, train_loss4: 0.0018]
Sun 15 Mar 2026 12:12:12 INFO  epoch 167 evaluating [time: 0.15s, valid_score: 0.351800]
Sun 15 Mar 2026 12:12:12 INFO  valid result: 
recall@1 : 0.1375    recall@2 : 0.225    recall@3 : 0.2929    recall@4 : 0.3352    recall@5 : 0.3735    recall@10 : 0.5145    recall@20 : 0.6425    recall@30 : 0.7143    recall@50 : 0.8028    ndcg@1 : 0.2253    ndcg@2 : 0.2497    ndcg@3 : 0.2735    ndcg@4 : 0.2877    ndcg@5 : 0.3018    ndcg@10 : 0.3518    ndcg@20 : 0.3906    ndcg@30 : 0.4102    ndcg@50 : 0.431    precision@1 : 0.2253    precision@2 : 0.1904    precision@3 : 0.1694    precision@4 : 0.1493    precision@5 : 0.1358    precision@10 : 0.0979    precision@20 : 0.0646    precision@30 : 0.0495    precision@50 : 0.0341    map@1 : 0.2253    map@2 : 0.2218    map@3 : 0.2292    map@4 : 0.2338    map@5 : 0.2404    map@10 : 0.2625    map@20 : 0.2766    map@30 : 0.2827    map@50 : 0.2874
Sun 15 Mar 2026 12:12:12 INFO  Saving current: saved/SCL-Mar-15-2026_12-11-12.pth
Sun 15 Mar 2026 12:12:12 INFO  Saving current best: saved/SCL-Mar-15-2026_12-11-12.pth
Sun 15 Mar 2026 12:12:12 INFO  Running E-step ! 
Sun 15 Mar 2026 12:12:12 INFO  epoch 168 training [time: 0.19s, train_loss1: 2.0944, train_loss2: 0.0337, train_loss3: 0.0111, train_loss4: 0.0018]
Sun 15 Mar 2026 12:12:12 INFO  epoch 168 evaluating [time: 0.15s, valid_score: 0.352000]
Sun 15 Mar 2026 12:12:12 INFO  valid result: 
recall@1 : 0.137    recall@2 : 0.2241    recall@3 : 0.2936    recall@4 : 0.3356    recall@5 : 0.3735    recall@10 : 0.5156    recall@20 : 0.6425    recall@30 : 0.7148    recall@50 : 0.802    ndcg@1 : 0.2247    ndcg@2 : 0.2486    ndcg@3 : 0.2735    ndcg@4 : 0.2873    ndcg@5 : 0.3015    ndcg@10 : 0.352    ndcg@20 : 0.3905    ndcg@30 : 0.4101    ndcg@50 : 0.4306    precision@1 : 0.2247    precision@2 : 0.1895    precision@3 : 0.1698    precision@4 : 0.149    precision@5 : 0.1358    precision@10 : 0.0981    precision@20 : 0.0646    precision@30 : 0.0496    precision@50 : 0.034    map@1 : 0.2247    map@2 : 0.2211    map@3 : 0.229    map@4 : 0.2334    map@5 : 0.2401    map@10 : 0.2624    map@20 : 0.2764    map@30 : 0.2825    map@50 : 0.2871
Sun 15 Mar 2026 12:12:12 INFO  Saving current: saved/SCL-Mar-15-2026_12-11-12.pth
Sun 15 Mar 2026 12:12:12 INFO  Saving current best: saved/SCL-Mar-15-2026_12-11-12.pth
Sun 15 Mar 2026 12:12:12 INFO  Running E-step ! 
Sun 15 Mar 2026 12:12:12 INFO  epoch 169 training [time: 0.18s, train_loss1: 2.0904, train_loss2: 0.0337, train_loss3: 0.0111, train_loss4: 0.0018]
Sun 15 Mar 2026 12:12:12 INFO  epoch 169 evaluating [time: 0.15s, valid_score: 0.352100]
Sun 15 Mar 2026 12:12:12 INFO  valid result: 
recall@1 : 0.1375    recall@2 : 0.2245    recall@3 : 0.2938    recall@4 : 0.3356    recall@5 : 0.3736    recall@10 : 0.5151    recall@20 : 0.643    recall@30 : 0.7142    recall@50 : 0.8019    ndcg@1 : 0.2247    ndcg@2 : 0.2492    ndcg@3 : 0.2736    ndcg@4 : 0.2875    ndcg@5 : 0.3018    ndcg@10 : 0.3521    ndcg@20 : 0.3909    ndcg@30 : 0.4103    ndcg@50 : 0.431    precision@1 : 0.2247    precision@2 : 0.1901    precision@3 : 0.1696    precision@4 : 0.149    precision@5 : 0.1359    precision@10 : 0.0981    precision@20 : 0.0647    precision@30 : 0.0495    precision@50 : 0.034    map@1 : 0.2247    map@2 : 0.2215    map@3 : 0.2291    map@4 : 0.2337    map@5 : 0.2404    map@10 : 0.2627    map@20 : 0.2768    map@30 : 0.2828    map@50 : 0.2875
Sun 15 Mar 2026 12:12:12 INFO  Saving current: saved/SCL-Mar-15-2026_12-11-12.pth
Sun 15 Mar 2026 12:12:12 INFO  Saving current best: saved/SCL-Mar-15-2026_12-11-12.pth
Sun 15 Mar 2026 12:12:12 INFO  Running E-step ! 
Sun 15 Mar 2026 12:12:12 INFO  epoch 170 training [time: 0.18s, train_loss1: 2.0884, train_loss2: 0.0336, train_loss3: 0.0111, train_loss4: 0.0017]
Sun 15 Mar 2026 12:12:13 INFO  epoch 170 evaluating [time: 0.14s, valid_score: 0.351600]
Sun 15 Mar 2026 12:12:13 INFO  valid result: 
recall@1 : 0.1369    recall@2 : 0.2234    recall@3 : 0.2942    recall@4 : 0.3357    recall@5 : 0.3739    recall@10 : 0.5148    recall@20 : 0.6431    recall@30 : 0.7152    recall@50 : 0.8019    ndcg@1 : 0.2241    ndcg@2 : 0.248    ndcg@3 : 0.2737    ndcg@4 : 0.2872    ndcg@5 : 0.3017    ndcg@10 : 0.3516    ndcg@20 : 0.3906    ndcg@30 : 0.4101    ndcg@50 : 0.4306    precision@1 : 0.2241    precision@2 : 0.1889    precision@3 : 0.1702    precision@4 : 0.1488    precision@5 : 0.1362    precision@10 : 0.098    precision@20 : 0.0647    precision@30 : 0.0496    precision@50 : 0.034    map@1 : 0.2241    map@2 : 0.2201    map@3 : 0.229    map@4 : 0.2331    map@5 : 0.24    map@10 : 0.2621    map@20 : 0.2762    map@30 : 0.2823    map@50 : 0.2869
Sun 15 Mar 2026 12:12:13 INFO  Running E-step ! 
Sun 15 Mar 2026 12:12:13 INFO  epoch 171 training [time: 0.18s, train_loss1: 2.0900, train_loss2: 0.0335, train_loss3: 0.0111, train_loss4: 0.0017]
Sun 15 Mar 2026 12:12:13 INFO  epoch 171 evaluating [time: 0.14s, valid_score: 0.352000]
Sun 15 Mar 2026 12:12:13 INFO  valid result: 
recall@1 : 0.1376    recall@2 : 0.2226    recall@3 : 0.2937    recall@4 : 0.3368    recall@5 : 0.3746    recall@10 : 0.5149    recall@20 : 0.6432    recall@30 : 0.7159    recall@50 : 0.8013    ndcg@1 : 0.2253    ndcg@2 : 0.2475    ndcg@3 : 0.2735    ndcg@4 : 0.288    ndcg@5 : 0.3022    ndcg@10 : 0.352    ndcg@20 : 0.391    ndcg@30 : 0.4107    ndcg@50 : 0.4309    precision@1 : 0.2253    precision@2 : 0.188    precision@3 : 0.1696    precision@4 : 0.1496    precision@5 : 0.1366    precision@10 : 0.098    precision@20 : 0.0648    precision@30 : 0.0496    precision@50 : 0.034    map@1 : 0.2253    map@2 : 0.2199    map@3 : 0.2289    map@4 : 0.2338    map@5 : 0.2404    map@10 : 0.2625    map@20 : 0.2766    map@30 : 0.2827    map@50 : 0.2873
Sun 15 Mar 2026 12:12:13 INFO  Running E-step ! 
Sun 15 Mar 2026 12:12:13 INFO  epoch 172 training [time: 0.16s, train_loss1: 2.0382, train_loss2: 0.0335, train_loss3: 0.0111, train_loss4: 0.0017]
Sun 15 Mar 2026 12:12:13 INFO  epoch 172 evaluating [time: 0.14s, valid_score: 0.352400]
Sun 15 Mar 2026 12:12:13 INFO  valid result: 
recall@1 : 0.1391    recall@2 : 0.2219    recall@3 : 0.2944    recall@4 : 0.3358    recall@5 : 0.3747    recall@10 : 0.5149    recall@20 : 0.6425    recall@30 : 0.716    recall@50 : 0.8024    ndcg@1 : 0.2265    ndcg@2 : 0.2478    ndcg@3 : 0.2743    ndcg@4 : 0.2879    ndcg@5 : 0.3027    ndcg@10 : 0.3524    ndcg@20 : 0.3913    ndcg@30 : 0.4111    ndcg@50 : 0.4315    precision@1 : 0.2265    precision@2 : 0.188    precision@3 : 0.17    precision@4 : 0.1491    precision@5 : 0.1366    precision@10 : 0.098    precision@20 : 0.0647    precision@30 : 0.0495    precision@50 : 0.0341    map@1 : 0.2265    map@2 : 0.2204    map@3 : 0.2299    map@4 : 0.2341    map@5 : 0.241    map@10 : 0.2631    map@20 : 0.2773    map@30 : 0.2833    map@50 : 0.288
Sun 15 Mar 2026 12:12:13 INFO  Saving current: saved/SCL-Mar-15-2026_12-11-12.pth
Sun 15 Mar 2026 12:12:13 INFO  Saving current best: saved/SCL-Mar-15-2026_12-11-12.pth
Sun 15 Mar 2026 12:12:13 INFO  Running E-step ! 
Sun 15 Mar 2026 12:12:13 INFO  epoch 173 training [time: 0.17s, train_loss1: 2.0607, train_loss2: 0.0334, train_loss3: 0.0111, train_loss4: 0.0017]
Sun 15 Mar 2026 12:12:14 INFO  epoch 173 evaluating [time: 0.14s, valid_score: 0.352800]
Sun 15 Mar 2026 12:12:14 INFO  valid result: 
recall@1 : 0.1391    recall@2 : 0.2218    recall@3 : 0.2947    recall@4 : 0.3361    recall@5 : 0.3765    recall@10 : 0.5153    recall@20 : 0.6428    recall@30 : 0.7163    recall@50 : 0.8026    ndcg@1 : 0.2265    ndcg@2 : 0.2475    ndcg@3 : 0.2743    ndcg@4 : 0.2881    ndcg@5 : 0.3034    ndcg@10 : 0.3528    ndcg@20 : 0.3915    ndcg@30 : 0.4113    ndcg@50 : 0.4317    precision@1 : 0.2265    precision@2 : 0.1877    precision@3 : 0.1698    precision@4 : 0.1494    precision@5 : 0.1369    precision@10 : 0.0982    precision@20 : 0.0648    precision@30 : 0.0496    precision@50 : 0.0341    map@1 : 0.2265    map@2 : 0.2201    map@3 : 0.2296    map@4 : 0.2342    map@5 : 0.2414    map@10 : 0.2634    map@20 : 0.2774    map@30 : 0.2835    map@50 : 0.2882
Sun 15 Mar 2026 12:12:14 INFO  Saving current: saved/SCL-Mar-15-2026_12-11-12.pth
Sun 15 Mar 2026 12:12:14 INFO  Saving current best: saved/SCL-Mar-15-2026_12-11-12.pth
Sun 15 Mar 2026 12:12:14 INFO  Running E-step ! 
Sun 15 Mar 2026 12:12:14 INFO  epoch 174 training [time: 0.17s, train_loss1: 2.0673, train_loss2: 0.0333, train_loss3: 0.0111, train_loss4: 0.0017]
Sun 15 Mar 2026 12:12:14 INFO  epoch 174 evaluating [time: 0.14s, valid_score: 0.352900]
Sun 15 Mar 2026 12:12:14 INFO  valid result: 
recall@1 : 0.1391    recall@2 : 0.2213    recall@3 : 0.2942    recall@4 : 0.3361    recall@5 : 0.3777    recall@10 : 0.5161    recall@20 : 0.6435    recall@30 : 0.7162    recall@50 : 0.8027    ndcg@1 : 0.2271    ndcg@2 : 0.2473    ndcg@3 : 0.2741    ndcg@4 : 0.2881    ndcg@5 : 0.3038    ndcg@10 : 0.3529    ndcg@20 : 0.3917    ndcg@30 : 0.4113    ndcg@50 : 0.4318    precision@1 : 0.2271    precision@2 : 0.1874    precision@3 : 0.1698    precision@4 : 0.1494    precision@5 : 0.1373    precision@10 : 0.0983    precision@20 : 0.0649    precision@30 : 0.0496    precision@50 : 0.0341    map@1 : 0.2271    map@2 : 0.2201    map@3 : 0.2295    map@4 : 0.2341    map@5 : 0.2415    map@10 : 0.2634    map@20 : 0.2775    map@30 : 0.2835    map@50 : 0.2882
Sun 15 Mar 2026 12:12:14 INFO  Saving current: saved/SCL-Mar-15-2026_12-11-12.pth
Sun 15 Mar 2026 12:12:14 INFO  Saving current best: saved/SCL-Mar-15-2026_12-11-12.pth
Sun 15 Mar 2026 12:12:14 INFO  Running E-step ! 
Sun 15 Mar 2026 12:12:14 INFO  epoch 175 training [time: 0.16s, train_loss1: 2.0279, train_loss2: 0.0333, train_loss3: 0.0111, train_loss4: 0.0017]
Sun 15 Mar 2026 12:12:14 INFO  epoch 175 evaluating [time: 0.14s, valid_score: 0.352700]
Sun 15 Mar 2026 12:12:14 INFO  valid result: 
recall@1 : 0.1385    recall@2 : 0.2227    recall@3 : 0.2934    recall@4 : 0.3364    recall@5 : 0.3771    recall@10 : 0.5156    recall@20 : 0.6429    recall@30 : 0.7158    recall@50 : 0.8029    ndcg@1 : 0.2265    ndcg@2 : 0.2481    ndcg@3 : 0.2738    ndcg@4 : 0.2882    ndcg@5 : 0.3036    ndcg@10 : 0.3527    ndcg@20 : 0.3915    ndcg@30 : 0.4111    ndcg@50 : 0.4318    precision@1 : 0.2265    precision@2 : 0.1883    precision@3 : 0.1698    precision@4 : 0.1497    precision@5 : 0.1372    precision@10 : 0.0982    precision@20 : 0.0648    precision@30 : 0.0495    precision@50 : 0.0341    map@1 : 0.2265    map@2 : 0.2206    map@3 : 0.2294    map@4 : 0.2341    map@5 : 0.2414    map@10 : 0.2633    map@20 : 0.2774    map@30 : 0.2834    map@50 : 0.2881
Sun 15 Mar 2026 12:12:14 INFO  Running E-step ! 
Sun 15 Mar 2026 12:12:14 INFO  epoch 176 training [time: 0.16s, train_loss1: 2.0579, train_loss2: 0.0332, train_loss3: 0.0111, train_loss4: 0.0017]
Sun 15 Mar 2026 12:12:15 INFO  epoch 176 evaluating [time: 0.14s, valid_score: 0.352700]
Sun 15 Mar 2026 12:12:15 INFO  valid result: 
recall@1 : 0.1389    recall@2 : 0.2227    recall@3 : 0.2932    recall@4 : 0.3351    recall@5 : 0.3766    recall@10 : 0.5153    recall@20 : 0.6433    recall@30 : 0.7161    recall@50 : 0.8033    ndcg@1 : 0.2271    ndcg@2 : 0.2485    ndcg@3 : 0.2739    ndcg@4 : 0.2878    ndcg@5 : 0.3034    ndcg@10 : 0.3527    ndcg@20 : 0.3917    ndcg@30 : 0.4113    ndcg@50 : 0.432    precision@1 : 0.2271    precision@2 : 0.1886    precision@3 : 0.1696    precision@4 : 0.1493    precision@5 : 0.1369    precision@10 : 0.0982    precision@20 : 0.0649    precision@30 : 0.0496    precision@50 : 0.0341    map@1 : 0.2271    map@2 : 0.2212    map@3 : 0.2297    map@4 : 0.234    map@5 : 0.2414    map@10 : 0.2634    map@20 : 0.2775    map@30 : 0.2835    map@50 : 0.2883
Sun 15 Mar 2026 12:12:15 INFO  Running E-step ! 
Sun 15 Mar 2026 12:12:15 INFO  epoch 177 training [time: 0.18s, train_loss1: 2.0120, train_loss2: 0.0331, train_loss3: 0.0111, train_loss4: 0.0017]
Sun 15 Mar 2026 12:12:15 INFO  epoch 177 evaluating [time: 0.14s, valid_score: 0.353100]
Sun 15 Mar 2026 12:12:15 INFO  valid result: 
recall@1 : 0.1392    recall@2 : 0.2229    recall@3 : 0.2926    recall@4 : 0.3347    recall@5 : 0.3772    recall@10 : 0.5164    recall@20 : 0.6437    recall@30 : 0.7156    recall@50 : 0.8034    ndcg@1 : 0.2277    ndcg@2 : 0.2486    ndcg@3 : 0.2737    ndcg@4 : 0.2876    ndcg@5 : 0.3037    ndcg@10 : 0.3531    ndcg@20 : 0.392    ndcg@30 : 0.4113    ndcg@50 : 0.4321    precision@1 : 0.2277    precision@2 : 0.1886    precision@3 : 0.1694    precision@4 : 0.149    precision@5 : 0.1371    precision@10 : 0.0983    precision@20 : 0.0649    precision@30 : 0.0495    precision@50 : 0.0341    map@1 : 0.2277    map@2 : 0.2212    map@3 : 0.2295    map@4 : 0.2339    map@5 : 0.2416    map@10 : 0.2636    map@20 : 0.2777    map@30 : 0.2836    map@50 : 0.2883
Sun 15 Mar 2026 12:12:15 INFO  Saving current: saved/SCL-Mar-15-2026_12-11-12.pth
Sun 15 Mar 2026 12:12:15 INFO  Saving current best: saved/SCL-Mar-15-2026_12-11-12.pth
Sun 15 Mar 2026 12:12:15 INFO  Running E-step ! 
Sun 15 Mar 2026 12:12:15 INFO  epoch 178 training [time: 0.17s, train_loss1: 2.0232, train_loss2: 0.0331, train_loss3: 0.0111, train_loss4: 0.0017]
Sun 15 Mar 2026 12:12:15 INFO  epoch 178 evaluating [time: 0.14s, valid_score: 0.353000]
Sun 15 Mar 2026 12:12:15 INFO  valid result: 
recall@1 : 0.1395    recall@2 : 0.2222    recall@3 : 0.2916    recall@4 : 0.3347    recall@5 : 0.3765    recall@10 : 0.516    recall@20 : 0.6438    recall@30 : 0.7166    recall@50 : 0.8028    ndcg@1 : 0.2288    ndcg@2 : 0.2482    ndcg@3 : 0.2733    ndcg@4 : 0.2877    ndcg@5 : 0.3035    ndcg@10 : 0.353    ndcg@20 : 0.392    ndcg@30 : 0.4115    ndcg@50 : 0.432    precision@1 : 0.2288    precision@2 : 0.1877    precision@3 : 0.1691    precision@4 : 0.1491    precision@5 : 0.1368    precision@10 : 0.0982    precision@20 : 0.065    precision@30 : 0.0495    precision@50 : 0.0341    map@1 : 0.2288    map@2 : 0.2208    map@3 : 0.2293    map@4 : 0.2341    map@5 : 0.2414    map@10 : 0.2635    map@20 : 0.2777    map@30 : 0.2836    map@50 : 0.2883
Sun 15 Mar 2026 12:12:15 INFO  Running E-step ! 
Sun 15 Mar 2026 12:12:15 INFO  epoch 179 training [time: 0.17s, train_loss1: 2.0404, train_loss2: 0.0330, train_loss3: 0.0111, train_loss4: 0.0017]
Sun 15 Mar 2026 12:12:16 INFO  epoch 179 evaluating [time: 0.14s, valid_score: 0.353100]
Sun 15 Mar 2026 12:12:16 INFO  valid result: 
recall@1 : 0.1395    recall@2 : 0.2222    recall@3 : 0.2916    recall@4 : 0.3354    recall@5 : 0.3774    recall@10 : 0.5161    recall@20 : 0.6432    recall@30 : 0.7164    recall@50 : 0.8028    ndcg@1 : 0.2294    ndcg@2 : 0.2483    ndcg@3 : 0.2733    ndcg@4 : 0.2881    ndcg@5 : 0.3039    ndcg@10 : 0.3531    ndcg@20 : 0.3921    ndcg@30 : 0.4117    ndcg@50 : 0.4322    precision@1 : 0.2294    precision@2 : 0.1877    precision@3 : 0.1691    precision@4 : 0.1494    precision@5 : 0.1371    precision@10 : 0.0982    precision@20 : 0.065    precision@30 : 0.0496    precision@50 : 0.0341    map@1 : 0.2294    map@2 : 0.2208    map@3 : 0.2293    map@4 : 0.2343    map@5 : 0.2417    map@10 : 0.2635    map@20 : 0.2778    map@30 : 0.2837    map@50 : 0.2885
Sun 15 Mar 2026 12:12:16 INFO  Saving current: saved/SCL-Mar-15-2026_12-11-12.pth
Sun 15 Mar 2026 12:12:16 INFO  Saving current best: saved/SCL-Mar-15-2026_12-11-12.pth
Sun 15 Mar 2026 12:12:16 INFO  Running E-step ! 
Sun 15 Mar 2026 12:12:16 INFO  epoch 180 training [time: 0.19s, train_loss1: 2.0177, train_loss2: 0.0330, train_loss3: 0.0111, train_loss4: 0.0017]
Sun 15 Mar 2026 12:12:16 INFO  epoch 180 evaluating [time: 0.14s, valid_score: 0.352800]
Sun 15 Mar 2026 12:12:16 INFO  valid result: 
recall@1 : 0.1381    recall@2 : 0.2228    recall@3 : 0.2907    recall@4 : 0.3362    recall@5 : 0.3761    recall@10 : 0.5164    recall@20 : 0.6428    recall@30 : 0.7159    recall@50 : 0.8036    ndcg@1 : 0.2277    ndcg@2 : 0.2481    ndcg@3 : 0.2723    ndcg@4 : 0.2879    ndcg@5 : 0.3028    ndcg@10 : 0.3528    ndcg@20 : 0.3915    ndcg@30 : 0.4111    ndcg@50 : 0.4319    precision@1 : 0.2277    precision@2 : 0.188    precision@3 : 0.1685    precision@4 : 0.1496    precision@5 : 0.1366    precision@10 : 0.0983    precision@20 : 0.065    precision@30 : 0.0495    precision@50 : 0.0341    map@1 : 0.2277    map@2 : 0.2204    map@3 : 0.2282    map@4 : 0.2337    map@5 : 0.2406    map@10 : 0.2629    map@20 : 0.2771    map@30 : 0.283    map@50 : 0.2878
Sun 15 Mar 2026 12:12:16 INFO  Running E-step ! 
Sun 15 Mar 2026 12:12:16 INFO  epoch 181 training [time: 0.19s, train_loss1: 2.0146, train_loss2: 0.0329, train_loss3: 0.0111, train_loss4: 0.0018]
Sun 15 Mar 2026 12:12:16 INFO  epoch 181 evaluating [time: 0.14s, valid_score: 0.352900]
Sun 15 Mar 2026 12:12:16 INFO  valid result: 
recall@1 : 0.1381    recall@2 : 0.2231    recall@3 : 0.2914    recall@4 : 0.3359    recall@5 : 0.3765    recall@10 : 0.5163    recall@20 : 0.6431    recall@30 : 0.7149    recall@50 : 0.8044    ndcg@1 : 0.2277    ndcg@2 : 0.2483    ndcg@3 : 0.2728    ndcg@4 : 0.2878    ndcg@5 : 0.303    ndcg@10 : 0.3529    ndcg@20 : 0.3917    ndcg@30 : 0.411    ndcg@50 : 0.4321    precision@1 : 0.2277    precision@2 : 0.1883    precision@3 : 0.1689    precision@4 : 0.1494    precision@5 : 0.1365    precision@10 : 0.0985    precision@20 : 0.065    precision@30 : 0.0495    precision@50 : 0.0341    map@1 : 0.2277    map@2 : 0.2205    map@3 : 0.2284    map@4 : 0.2337    map@5 : 0.2407    map@10 : 0.263    map@20 : 0.2773    map@30 : 0.283    map@50 : 0.2879
Sun 15 Mar 2026 12:12:16 INFO  Running E-step ! 
Sun 15 Mar 2026 12:12:16 INFO  epoch 182 training [time: 0.18s, train_loss1: 1.9783, train_loss2: 0.0328, train_loss3: 0.0111, train_loss4: 0.0018]
Sun 15 Mar 2026 12:12:17 INFO  epoch 182 evaluating [time: 0.14s, valid_score: 0.353400]
Sun 15 Mar 2026 12:12:17 INFO  valid result: 
recall@1 : 0.1381    recall@2 : 0.2233    recall@3 : 0.2912    recall@4 : 0.3362    recall@5 : 0.376    recall@10 : 0.5176    recall@20 : 0.643    recall@30 : 0.7146    recall@50 : 0.8047    ndcg@1 : 0.2277    ndcg@2 : 0.2485    ndcg@3 : 0.2728    ndcg@4 : 0.2882    ndcg@5 : 0.3029    ndcg@10 : 0.3534    ndcg@20 : 0.3918    ndcg@30 : 0.4109    ndcg@50 : 0.4322    precision@1 : 0.2277    precision@2 : 0.1886    precision@3 : 0.1689    precision@4 : 0.1499    precision@5 : 0.1365    precision@10 : 0.0987    precision@20 : 0.0651    precision@30 : 0.0494    precision@50 : 0.0341    map@1 : 0.2277    map@2 : 0.2208    map@3 : 0.2284    map@4 : 0.234    map@5 : 0.2407    map@10 : 0.2633    map@20 : 0.2774    map@30 : 0.2831    map@50 : 0.288
Sun 15 Mar 2026 12:12:17 INFO  Saving current: saved/SCL-Mar-15-2026_12-11-12.pth
Sun 15 Mar 2026 12:12:17 INFO  Saving current best: saved/SCL-Mar-15-2026_12-11-12.pth
Sun 15 Mar 2026 12:12:17 INFO  Running E-step ! 
Sun 15 Mar 2026 12:12:17 INFO  epoch 183 training [time: 0.19s, train_loss1: 2.0072, train_loss2: 0.0328, train_loss3: 0.0111, train_loss4: 0.0018]
Sun 15 Mar 2026 12:12:17 INFO  epoch 183 evaluating [time: 0.14s, valid_score: 0.353900]
Sun 15 Mar 2026 12:12:17 INFO  valid result: 
recall@1 : 0.1379    recall@2 : 0.2243    recall@3 : 0.2914    recall@4 : 0.337    recall@5 : 0.3781    recall@10 : 0.5186    recall@20 : 0.6446    recall@30 : 0.7162    recall@50 : 0.8049    ndcg@1 : 0.2282    ndcg@2 : 0.2491    ndcg@3 : 0.2731    ndcg@4 : 0.2887    ndcg@5 : 0.304    ndcg@10 : 0.3539    ndcg@20 : 0.3925    ndcg@30 : 0.4115    ndcg@50 : 0.4326    precision@1 : 0.2282    precision@2 : 0.1889    precision@3 : 0.1691    precision@4 : 0.1502    precision@5 : 0.1373    precision@10 : 0.0987    precision@20 : 0.0652    precision@30 : 0.0495    precision@50 : 0.0341    map@1 : 0.2282    map@2 : 0.2214    map@3 : 0.2286    map@4 : 0.2344    map@5 : 0.2415    map@10 : 0.2637    map@20 : 0.2778    map@30 : 0.2834    map@50 : 0.2884
Sun 15 Mar 2026 12:12:17 INFO  Saving current: saved/SCL-Mar-15-2026_12-11-12.pth
Sun 15 Mar 2026 12:12:17 INFO  Saving current best: saved/SCL-Mar-15-2026_12-11-12.pth
Sun 15 Mar 2026 12:12:17 INFO  Running E-step ! 
Sun 15 Mar 2026 12:12:17 INFO  epoch 184 training [time: 0.18s, train_loss1: 2.0029, train_loss2: 0.0327, train_loss3: 0.0111, train_loss4: 0.0018]
Sun 15 Mar 2026 12:12:17 INFO  epoch 184 evaluating [time: 0.14s, valid_score: 0.353700]
Sun 15 Mar 2026 12:12:17 INFO  valid result: 
recall@1 : 0.1381    recall@2 : 0.2248    recall@3 : 0.291    recall@4 : 0.3354    recall@5 : 0.3781    recall@10 : 0.518    recall@20 : 0.6438    recall@30 : 0.7158    recall@50 : 0.8049    ndcg@1 : 0.2294    ndcg@2 : 0.2497    ndcg@3 : 0.273    ndcg@4 : 0.2881    ndcg@5 : 0.3041    ndcg@10 : 0.3537    ndcg@20 : 0.3924    ndcg@30 : 0.4116    ndcg@50 : 0.4326    precision@1 : 0.2294    precision@2 : 0.1892    precision@3 : 0.1687    precision@4 : 0.1496    precision@5 : 0.1373    precision@10 : 0.0986    precision@20 : 0.0651    precision@30 : 0.0495    precision@50 : 0.0341    map@1 : 0.2294    map@2 : 0.2217    map@3 : 0.2286    map@4 : 0.2341    map@5 : 0.2416    map@10 : 0.2635    map@20 : 0.2777    map@30 : 0.2834    map@50 : 0.2883
Sun 15 Mar 2026 12:12:17 INFO  Running E-step ! 
Sun 15 Mar 2026 12:12:17 INFO  epoch 185 training [time: 0.17s, train_loss1: 1.9991, train_loss2: 0.0326, train_loss3: 0.0111, train_loss4: 0.0018]
Sun 15 Mar 2026 12:12:18 INFO  epoch 185 evaluating [time: 0.14s, valid_score: 0.353800]
Sun 15 Mar 2026 12:12:18 INFO  valid result: 
recall@1 : 0.1384    recall@2 : 0.2233    recall@3 : 0.2919    recall@4 : 0.3371    recall@5 : 0.3782    recall@10 : 0.5176    recall@20 : 0.6446    recall@30 : 0.7157    recall@50 : 0.805    ndcg@1 : 0.23    ndcg@2 : 0.2488    ndcg@3 : 0.2735    ndcg@4 : 0.2889    ndcg@5 : 0.3044    ndcg@10 : 0.3538    ndcg@20 : 0.3927    ndcg@30 : 0.4117    ndcg@50 : 0.4329    precision@1 : 0.23    precision@2 : 0.1883    precision@3 : 0.1691    precision@4 : 0.1502    precision@5 : 0.1375    precision@10 : 0.0986    precision@20 : 0.0652    precision@30 : 0.0494    precision@50 : 0.0342    map@1 : 0.23    map@2 : 0.2208    map@3 : 0.2287    map@4 : 0.2345    map@5 : 0.2417    map@10 : 0.2636    map@20 : 0.2779    map@30 : 0.2835    map@50 : 0.2885
Sun 15 Mar 2026 12:12:18 INFO  Running E-step ! 
Sun 15 Mar 2026 12:12:18 INFO  epoch 186 training [time: 0.18s, train_loss1: 1.9921, train_loss2: 0.0325, train_loss3: 0.0111, train_loss4: 0.0018]
Sun 15 Mar 2026 12:12:18 INFO  epoch 186 evaluating [time: 0.14s, valid_score: 0.354400]
Sun 15 Mar 2026 12:12:18 INFO  valid result: 
recall@1 : 0.1378    recall@2 : 0.2248    recall@3 : 0.2923    recall@4 : 0.3385    recall@5 : 0.3777    recall@10 : 0.519    recall@20 : 0.6451    recall@30 : 0.7166    recall@50 : 0.8044    ndcg@1 : 0.2294    ndcg@2 : 0.2495    ndcg@3 : 0.2737    ndcg@4 : 0.2897    ndcg@5 : 0.3043    ndcg@10 : 0.3544    ndcg@20 : 0.393    ndcg@30 : 0.4121    ndcg@50 : 0.4329    precision@1 : 0.2294    precision@2 : 0.1892    precision@3 : 0.1692    precision@4 : 0.1511    precision@5 : 0.1375    precision@10 : 0.0988    precision@20 : 0.0652    precision@30 : 0.0496    precision@50 : 0.0342    map@1 : 0.2294    map@2 : 0.2212    map@3 : 0.229    map@4 : 0.2349    map@5 : 0.2417    map@10 : 0.2639    map@20 : 0.278    map@30 : 0.2838    map@50 : 0.2886
Sun 15 Mar 2026 12:12:18 INFO  Saving current: saved/SCL-Mar-15-2026_12-11-12.pth
Sun 15 Mar 2026 12:12:18 INFO  Saving current best: saved/SCL-Mar-15-2026_12-11-12.pth
Sun 15 Mar 2026 12:12:18 INFO  Running E-step ! 
Sun 15 Mar 2026 12:12:18 INFO  epoch 187 training [time: 0.16s, train_loss1: 1.9951, train_loss2: 0.0325, train_loss3: 0.0111, train_loss4: 0.0018]
Sun 15 Mar 2026 12:12:18 INFO  epoch 187 evaluating [time: 0.14s, valid_score: 0.353700]
Sun 15 Mar 2026 12:12:18 INFO  valid result: 
recall@1 : 0.1368    recall@2 : 0.2247    recall@3 : 0.2913    recall@4 : 0.3381    recall@5 : 0.3791    recall@10 : 0.5183    recall@20 : 0.645    recall@30 : 0.7169    recall@50 : 0.8042    ndcg@1 : 0.2277    ndcg@2 : 0.249    ndcg@3 : 0.2728    ndcg@4 : 0.2891    ndcg@5 : 0.3044    ndcg@10 : 0.3537    ndcg@20 : 0.3926    ndcg@30 : 0.4117    ndcg@50 : 0.4324    precision@1 : 0.2277    precision@2 : 0.1892    precision@3 : 0.1691    precision@4 : 0.1512    precision@5 : 0.1379    precision@10 : 0.0986    precision@20 : 0.0653    precision@30 : 0.0495    precision@50 : 0.0341    map@1 : 0.2277    map@2 : 0.2206    map@3 : 0.2281    map@4 : 0.2343    map@5 : 0.2414    map@10 : 0.2632    map@20 : 0.2776    map@30 : 0.2833    map@50 : 0.2881
Sun 15 Mar 2026 12:12:18 INFO  Running E-step ! 
Sun 15 Mar 2026 12:12:18 INFO  epoch 188 training [time: 0.18s, train_loss1: 1.9680, train_loss2: 0.0324, train_loss3: 0.0111, train_loss4: 0.0018]
Sun 15 Mar 2026 12:12:19 INFO  epoch 188 evaluating [time: 0.15s, valid_score: 0.353500]
Sun 15 Mar 2026 12:12:19 INFO  valid result: 
recall@1 : 0.1362    recall@2 : 0.2243    recall@3 : 0.2912    recall@4 : 0.3383    recall@5 : 0.3799    recall@10 : 0.5185    recall@20 : 0.6451    recall@30 : 0.7182    recall@50 : 0.8042    ndcg@1 : 0.2271    ndcg@2 : 0.2484    ndcg@3 : 0.2724    ndcg@4 : 0.2889    ndcg@5 : 0.3044    ndcg@10 : 0.3535    ndcg@20 : 0.3924    ndcg@30 : 0.4118    ndcg@50 : 0.4322    precision@1 : 0.2271    precision@2 : 0.1889    precision@3 : 0.1689    precision@4 : 0.1512    precision@5 : 0.1381    precision@10 : 0.0986    precision@20 : 0.0653    precision@30 : 0.0496    precision@50 : 0.0341    map@1 : 0.2271    map@2 : 0.2201    map@3 : 0.2276    map@4 : 0.2339    map@5 : 0.2413    map@10 : 0.263    map@20 : 0.2774    map@30 : 0.2831    map@50 : 0.2879
Sun 15 Mar 2026 12:12:19 INFO  Running E-step ! 
Sun 15 Mar 2026 12:12:19 INFO  epoch 189 training [time: 0.19s, train_loss1: 1.9508, train_loss2: 0.0323, train_loss3: 0.0111, train_loss4: 0.0018]
Sun 15 Mar 2026 12:12:19 INFO  epoch 189 evaluating [time: 0.14s, valid_score: 0.353600]
Sun 15 Mar 2026 12:12:19 INFO  valid result: 
recall@1 : 0.1362    recall@2 : 0.2242    recall@3 : 0.2918    recall@4 : 0.3392    recall@5 : 0.3813    recall@10 : 0.5189    recall@20 : 0.6439    recall@30 : 0.7187    recall@50 : 0.8048    ndcg@1 : 0.2265    ndcg@2 : 0.2481    ndcg@3 : 0.2725    ndcg@4 : 0.2892    ndcg@5 : 0.305    ndcg@10 : 0.3536    ndcg@20 : 0.3922    ndcg@30 : 0.412    ndcg@50 : 0.4324    precision@1 : 0.2265    precision@2 : 0.1886    precision@3 : 0.1691    precision@4 : 0.1514    precision@5 : 0.1385    precision@10 : 0.0986    precision@20 : 0.0653    precision@30 : 0.0497    precision@50 : 0.0342    map@1 : 0.2265    map@2 : 0.2198    map@3 : 0.2277    map@4 : 0.2342    map@5 : 0.2416    map@10 : 0.2631    map@20 : 0.2775    map@30 : 0.2833    map@50 : 0.2881
Sun 15 Mar 2026 12:12:19 INFO  Running E-step ! 
Sun 15 Mar 2026 12:12:19 INFO  epoch 190 training [time: 0.17s, train_loss1: 1.9530, train_loss2: 0.0323, train_loss3: 0.0111, train_loss4: 0.0018]
Sun 15 Mar 2026 12:12:19 INFO  epoch 190 evaluating [time: 0.14s, valid_score: 0.353700]
Sun 15 Mar 2026 12:12:19 INFO  valid result: 
recall@1 : 0.1366    recall@2 : 0.2235    recall@3 : 0.2914    recall@4 : 0.3389    recall@5 : 0.3812    recall@10 : 0.5193    recall@20 : 0.6467    recall@30 : 0.7173    recall@50 : 0.8058    ndcg@1 : 0.2265    ndcg@2 : 0.2475    ndcg@3 : 0.2724    ndcg@4 : 0.289    ndcg@5 : 0.3048    ndcg@10 : 0.3537    ndcg@20 : 0.3929    ndcg@30 : 0.4117    ndcg@50 : 0.4326    precision@1 : 0.2265    precision@2 : 0.188    precision@3 : 0.1691    precision@4 : 0.1512    precision@5 : 0.1383    precision@10 : 0.0987    precision@20 : 0.0654    precision@30 : 0.0496    precision@50 : 0.0342    map@1 : 0.2265    map@2 : 0.2193    map@3 : 0.2277    map@4 : 0.2342    map@5 : 0.2415    map@10 : 0.2632    map@20 : 0.2777    map@30 : 0.2833    map@50 : 0.2881
Sun 15 Mar 2026 12:12:19 INFO  Running E-step ! 
Sun 15 Mar 2026 12:12:19 INFO  epoch 191 training [time: 0.16s, train_loss1: 1.9335, train_loss2: 0.0322, train_loss3: 0.0111, train_loss4: 0.0018]
Sun 15 Mar 2026 12:12:20 INFO  epoch 191 evaluating [time: 0.14s, valid_score: 0.354100]
Sun 15 Mar 2026 12:12:20 INFO  valid result: 
recall@1 : 0.1363    recall@2 : 0.2245    recall@3 : 0.2904    recall@4 : 0.3405    recall@5 : 0.3812    recall@10 : 0.5201    recall@20 : 0.647    recall@30 : 0.7178    recall@50 : 0.8058    ndcg@1 : 0.2265    ndcg@2 : 0.2483    ndcg@3 : 0.2717    ndcg@4 : 0.2898    ndcg@5 : 0.3049    ndcg@10 : 0.3541    ndcg@20 : 0.3931    ndcg@30 : 0.4119    ndcg@50 : 0.4327    precision@1 : 0.2265    precision@2 : 0.1889    precision@3 : 0.1683    precision@4 : 0.1518    precision@5 : 0.1384    precision@10 : 0.0988    precision@20 : 0.0654    precision@30 : 0.0496    precision@50 : 0.0342    map@1 : 0.2265    map@2 : 0.2199    map@3 : 0.2271    map@4 : 0.2346    map@5 : 0.2416    map@10 : 0.2634    map@20 : 0.2777    map@30 : 0.2834    map@50 : 0.2882
Sun 15 Mar 2026 12:12:20 INFO  Running E-step ! 
Sun 15 Mar 2026 12:12:20 INFO  epoch 192 training [time: 0.17s, train_loss1: 1.9355, train_loss2: 0.0321, train_loss3: 0.0111, train_loss4: 0.0017]
Sun 15 Mar 2026 12:12:20 INFO  epoch 192 evaluating [time: 0.14s, valid_score: 0.354400]
Sun 15 Mar 2026 12:12:20 INFO  valid result: 
recall@1 : 0.1362    recall@2 : 0.2238    recall@3 : 0.2909    recall@4 : 0.3409    recall@5 : 0.3818    recall@10 : 0.5212    recall@20 : 0.6457    recall@30 : 0.7173    recall@50 : 0.8056    ndcg@1 : 0.2259    ndcg@2 : 0.2476    ndcg@3 : 0.2719    ndcg@4 : 0.2897    ndcg@5 : 0.3048    ndcg@10 : 0.3544    ndcg@20 : 0.3926    ndcg@30 : 0.4117    ndcg@50 : 0.4326    precision@1 : 0.2259    precision@2 : 0.1883    precision@3 : 0.1687    precision@4 : 0.1517    precision@5 : 0.1383    precision@10 : 0.0991    precision@20 : 0.0653    precision@30 : 0.0496    precision@50 : 0.0342    map@1 : 0.2259    map@2 : 0.2192    map@3 : 0.2271    map@4 : 0.2344    map@5 : 0.2414    map@10 : 0.2635    map@20 : 0.2775    map@30 : 0.2832    map@50 : 0.2881
Sun 15 Mar 2026 12:12:20 INFO  Saving current: saved/SCL-Mar-15-2026_12-11-12.pth
Sun 15 Mar 2026 12:12:20 INFO  Saving current best: saved/SCL-Mar-15-2026_12-11-12.pth
Sun 15 Mar 2026 12:12:20 INFO  Running E-step ! 
Sun 15 Mar 2026 12:12:20 INFO  epoch 193 training [time: 0.18s, train_loss1: 1.9132, train_loss2: 0.0321, train_loss3: 0.0111, train_loss4: 0.0017]
Sun 15 Mar 2026 12:12:20 INFO  epoch 193 evaluating [time: 0.14s, valid_score: 0.354600]
Sun 15 Mar 2026 12:12:20 INFO  valid result: 
recall@1 : 0.1369    recall@2 : 0.2239    recall@3 : 0.2919    recall@4 : 0.3412    recall@5 : 0.382    recall@10 : 0.5205    recall@20 : 0.6458    recall@30 : 0.7183    recall@50 : 0.8067    ndcg@1 : 0.2259    ndcg@2 : 0.2479    ndcg@3 : 0.2724    ndcg@4 : 0.2901    ndcg@5 : 0.3052    ndcg@10 : 0.3546    ndcg@20 : 0.393    ndcg@30 : 0.4122    ndcg@50 : 0.4331    precision@1 : 0.2259    precision@2 : 0.1886    precision@3 : 0.1687    precision@4 : 0.1518    precision@5 : 0.1384    precision@10 : 0.099    precision@20 : 0.0653    precision@30 : 0.0496    precision@50 : 0.0342    map@1 : 0.2259    map@2 : 0.2193    map@3 : 0.2276    map@4 : 0.2348    map@5 : 0.2419    map@10 : 0.2639    map@20 : 0.278    map@30 : 0.2837    map@50 : 0.2886
Sun 15 Mar 2026 12:12:20 INFO  Saving current: saved/SCL-Mar-15-2026_12-11-12.pth
Sun 15 Mar 2026 12:12:20 INFO  Saving current best: saved/SCL-Mar-15-2026_12-11-12.pth
Sun 15 Mar 2026 12:12:20 INFO  Running E-step ! 
Sun 15 Mar 2026 12:12:20 INFO  epoch 194 training [time: 0.18s, train_loss1: 1.9461, train_loss2: 0.0320, train_loss3: 0.0111, train_loss4: 0.0017]
Sun 15 Mar 2026 12:12:21 INFO  epoch 194 evaluating [time: 0.14s, valid_score: 0.354500]
Sun 15 Mar 2026 12:12:21 INFO  valid result: 
recall@1 : 0.1369    recall@2 : 0.2245    recall@3 : 0.2921    recall@4 : 0.3407    recall@5 : 0.3822    recall@10 : 0.5199    recall@20 : 0.6452    recall@30 : 0.7188    recall@50 : 0.8061    ndcg@1 : 0.2259    ndcg@2 : 0.249    ndcg@3 : 0.2726    ndcg@4 : 0.2902    ndcg@5 : 0.3055    ndcg@10 : 0.3545    ndcg@20 : 0.393    ndcg@30 : 0.4125    ndcg@50 : 0.4332    precision@1 : 0.2259    precision@2 : 0.1901    precision@3 : 0.1687    precision@4 : 0.152    precision@5 : 0.1385    precision@10 : 0.0989    precision@20 : 0.0654    precision@30 : 0.0497    precision@50 : 0.0342    map@1 : 0.2259    map@2 : 0.2201    map@3 : 0.2276    map@4 : 0.2349    map@5 : 0.2421    map@10 : 0.2639    map@20 : 0.2781    map@30 : 0.2839    map@50 : 0.2887
Sun 15 Mar 2026 12:12:21 INFO  Running E-step ! 
Sun 15 Mar 2026 12:12:21 INFO  epoch 195 training [time: 0.16s, train_loss1: 1.9037, train_loss2: 0.0319, train_loss3: 0.0111, train_loss4: 0.0016]
Sun 15 Mar 2026 12:12:21 INFO  epoch 195 evaluating [time: 0.14s, valid_score: 0.354000]
Sun 15 Mar 2026 12:12:21 INFO  valid result: 
recall@1 : 0.136    recall@2 : 0.2239    recall@3 : 0.2909    recall@4 : 0.3422    recall@5 : 0.3819    recall@10 : 0.5197    recall@20 : 0.6457    recall@30 : 0.7188    recall@50 : 0.8052    ndcg@1 : 0.2253    ndcg@2 : 0.2481    ndcg@3 : 0.2715    ndcg@4 : 0.2904    ndcg@5 : 0.3048    ndcg@10 : 0.354    ndcg@20 : 0.3927    ndcg@30 : 0.412    ndcg@50 : 0.4325    precision@1 : 0.2253    precision@2 : 0.1892    precision@3 : 0.1681    precision@4 : 0.1526    precision@5 : 0.1381    precision@10 : 0.0989    precision@20 : 0.0654    precision@30 : 0.0497    precision@50 : 0.0341    map@1 : 0.2253    map@2 : 0.2192    map@3 : 0.2266    map@4 : 0.2347    map@5 : 0.2413    map@10 : 0.2633    map@20 : 0.2775    map@30 : 0.2833    map@50 : 0.2881
Sun 15 Mar 2026 12:12:21 INFO  Running E-step ! 
Sun 15 Mar 2026 12:12:21 INFO  epoch 196 training [time: 0.16s, train_loss1: 1.9138, train_loss2: 0.0319, train_loss3: 0.0111, train_loss4: 0.0016]
Sun 15 Mar 2026 12:12:21 INFO  epoch 196 evaluating [time: 0.14s, valid_score: 0.354600]
Sun 15 Mar 2026 12:12:21 INFO  valid result: 
recall@1 : 0.1375    recall@2 : 0.2238    recall@3 : 0.2924    recall@4 : 0.3436    recall@5 : 0.3829    recall@10 : 0.5195    recall@20 : 0.6457    recall@30 : 0.7181    recall@50 : 0.8052    ndcg@1 : 0.2271    ndcg@2 : 0.2492    ndcg@3 : 0.2731    ndcg@4 : 0.2919    ndcg@5 : 0.3061    ndcg@10 : 0.3546    ndcg@20 : 0.3935    ndcg@30 : 0.4127    ndcg@50 : 0.4333    precision@1 : 0.2271    precision@2 : 0.1901    precision@3 : 0.1689    precision@4 : 0.1533    precision@5 : 0.1384    precision@10 : 0.0987    precision@20 : 0.0654    precision@30 : 0.0496    precision@50 : 0.0341    map@1 : 0.2271    map@2 : 0.2204    map@3 : 0.2282    map@4 : 0.236    map@5 : 0.2426    map@10 : 0.2642    map@20 : 0.2786    map@30 : 0.2842    map@50 : 0.2891
Sun 15 Mar 2026 12:12:21 INFO  Saving current: saved/SCL-Mar-15-2026_12-11-12.pth
Sun 15 Mar 2026 12:12:21 INFO  Saving current best: saved/SCL-Mar-15-2026_12-11-12.pth
Sun 15 Mar 2026 12:12:21 INFO  Running E-step ! 
Sun 15 Mar 2026 12:12:21 INFO  epoch 197 training [time: 0.17s, train_loss1: 1.9181, train_loss2: 0.0318, train_loss3: 0.0111, train_loss4: 0.0016]
Sun 15 Mar 2026 12:12:21 INFO  epoch 197 evaluating [time: 0.14s, valid_score: 0.354800]
Sun 15 Mar 2026 12:12:21 INFO  valid result: 
recall@1 : 0.1368    recall@2 : 0.2243    recall@3 : 0.2916    recall@4 : 0.3439    recall@5 : 0.3866    recall@10 : 0.5203    recall@20 : 0.6463    recall@30 : 0.7188    recall@50 : 0.8053    ndcg@1 : 0.2259    ndcg@2 : 0.2493    ndcg@3 : 0.2724    ndcg@4 : 0.2917    ndcg@5 : 0.3073    ndcg@10 : 0.3548    ndcg@20 : 0.3935    ndcg@30 : 0.4129    ndcg@50 : 0.4333    precision@1 : 0.2259    precision@2 : 0.1907    precision@3 : 0.1685    precision@4 : 0.1535    precision@5 : 0.1393    precision@10 : 0.0989    precision@20 : 0.0654    precision@30 : 0.0497    precision@50 : 0.0341    map@1 : 0.2259    map@2 : 0.2204    map@3 : 0.2277    map@4 : 0.2359    map@5 : 0.2431    map@10 : 0.2642    map@20 : 0.2785    map@30 : 0.2843    map@50 : 0.289
Sun 15 Mar 2026 12:12:21 INFO  Saving current: saved/SCL-Mar-15-2026_12-11-12.pth
Sun 15 Mar 2026 12:12:21 INFO  Saving current best: saved/SCL-Mar-15-2026_12-11-12.pth
Sun 15 Mar 2026 12:12:21 INFO  Running E-step ! 
Sun 15 Mar 2026 12:12:22 INFO  epoch 198 training [time: 0.17s, train_loss1: 1.9020, train_loss2: 0.0317, train_loss3: 0.0111, train_loss4: 0.0016]
Sun 15 Mar 2026 12:12:22 INFO  epoch 198 evaluating [time: 0.14s, valid_score: 0.355300]
Sun 15 Mar 2026 12:12:22 INFO  valid result: 
recall@1 : 0.1386    recall@2 : 0.2246    recall@3 : 0.2924    recall@4 : 0.3444    recall@5 : 0.3864    recall@10 : 0.5195    recall@20 : 0.646    recall@30 : 0.7196    recall@50 : 0.8059    ndcg@1 : 0.2277    ndcg@2 : 0.2501    ndcg@3 : 0.2735    ndcg@4 : 0.2926    ndcg@5 : 0.3081    ndcg@10 : 0.3553    ndcg@20 : 0.3942    ndcg@30 : 0.4138    ndcg@50 : 0.4342    precision@1 : 0.2277    precision@2 : 0.1907    precision@3 : 0.1689    precision@4 : 0.1535    precision@5 : 0.1395    precision@10 : 0.0988    precision@20 : 0.0654    precision@30 : 0.0498    precision@50 : 0.0341    map@1 : 0.2277    map@2 : 0.2214    map@3 : 0.229    map@4 : 0.237    map@5 : 0.2443    map@10 : 0.2652    map@20 : 0.2796    map@30 : 0.2854    map@50 : 0.2901
Sun 15 Mar 2026 12:12:22 INFO  Saving current: saved/SCL-Mar-15-2026_12-11-12.pth
Sun 15 Mar 2026 12:12:22 INFO  Saving current best: saved/SCL-Mar-15-2026_12-11-12.pth
Sun 15 Mar 2026 12:12:22 INFO  Running E-step ! 
Sun 15 Mar 2026 12:12:22 INFO  epoch 199 training [time: 0.16s, train_loss1: 1.8943, train_loss2: 0.0317, train_loss3: 0.0111, train_loss4: 0.0016]
Sun 15 Mar 2026 12:12:22 INFO  epoch 199 evaluating [time: 0.14s, valid_score: 0.355600]
Sun 15 Mar 2026 12:12:22 INFO  valid result: 
recall@1 : 0.1394    recall@2 : 0.2255    recall@3 : 0.2925    recall@4 : 0.3439    recall@5 : 0.3841    recall@10 : 0.519    recall@20 : 0.6461    recall@30 : 0.7212    recall@50 : 0.8055    ndcg@1 : 0.2288    ndcg@2 : 0.251    ndcg@3 : 0.274    ndcg@4 : 0.2928    ndcg@5 : 0.3075    ndcg@10 : 0.3556    ndcg@20 : 0.3946    ndcg@30 : 0.4146    ndcg@50 : 0.4345    precision@1 : 0.2288    precision@2 : 0.191    precision@3 : 0.1689    precision@4 : 0.1532    precision@5 : 0.1389    precision@10 : 0.0988    precision@20 : 0.0653    precision@30 : 0.0499    precision@50 : 0.0341    map@1 : 0.2288    map@2 : 0.2223    map@3 : 0.2297    map@4 : 0.2374    map@5 : 0.2444    map@10 : 0.2657    map@20 : 0.2801    map@30 : 0.286    map@50 : 0.2906
Sun 15 Mar 2026 12:12:22 INFO  Saving current: saved/SCL-Mar-15-2026_12-11-12.pth
Sun 15 Mar 2026 12:12:22 INFO  Saving current best: saved/SCL-Mar-15-2026_12-11-12.pth
Sun 15 Mar 2026 12:12:22 INFO  Running E-step ! 
Sun 15 Mar 2026 12:12:22 INFO  epoch 200 training [time: 0.16s, train_loss1: 1.8866, train_loss2: 0.0316, train_loss3: 0.0111, train_loss4: 0.0016]
Sun 15 Mar 2026 12:12:22 INFO  epoch 200 evaluating [time: 0.14s, valid_score: 0.356200]
Sun 15 Mar 2026 12:12:22 INFO  valid result: 
recall@1 : 0.1394    recall@2 : 0.2256    recall@3 : 0.2924    recall@4 : 0.3441    recall@5 : 0.3843    recall@10 : 0.5206    recall@20 : 0.646    recall@30 : 0.722    recall@50 : 0.8059    ndcg@1 : 0.2288    ndcg@2 : 0.2513    ndcg@3 : 0.2738    ndcg@4 : 0.2929    ndcg@5 : 0.3077    ndcg@10 : 0.3562    ndcg@20 : 0.3947    ndcg@30 : 0.4149    ndcg@50 : 0.4347    precision@1 : 0.2288    precision@2 : 0.1913    precision@3 : 0.1685    precision@4 : 0.153    precision@5 : 0.1391    precision@10 : 0.0992    precision@20 : 0.0654    precision@30 : 0.0499    precision@50 : 0.0341    map@1 : 0.2288    map@2 : 0.2226    map@3 : 0.2297    map@4 : 0.2374    map@5 : 0.2445    map@10 : 0.266    map@20 : 0.2802    map@30 : 0.2862    map@50 : 0.2908
Sun 15 Mar 2026 12:12:22 INFO  Saving current: saved/SCL-Mar-15-2026_12-11-12.pth
Sun 15 Mar 2026 12:12:22 INFO  Saving current best: saved/SCL-Mar-15-2026_12-11-12.pth
Sun 15 Mar 2026 12:12:22 INFO  Running E-step ! 
Sun 15 Mar 2026 12:12:23 INFO  epoch 201 training [time: 0.16s, train_loss1: 1.8907, train_loss2: 0.0316, train_loss3: 0.0111, train_loss4: 0.0016]
Sun 15 Mar 2026 12:12:23 INFO  epoch 201 evaluating [time: 0.14s, valid_score: 0.355400]
Sun 15 Mar 2026 12:12:23 INFO  valid result: 
recall@1 : 0.1391    recall@2 : 0.225    recall@3 : 0.2916    recall@4 : 0.3444    recall@5 : 0.3839    recall@10 : 0.5188    recall@20 : 0.6455    recall@30 : 0.7223    recall@50 : 0.8064    ndcg@1 : 0.2294    ndcg@2 : 0.2507    ndcg@3 : 0.2733    ndcg@4 : 0.2928    ndcg@5 : 0.3074    ndcg@10 : 0.3554    ndcg@20 : 0.3944    ndcg@30 : 0.4147    ndcg@50 : 0.4347    precision@1 : 0.2294    precision@2 : 0.1907    precision@3 : 0.1681    precision@4 : 0.1533    precision@5 : 0.139    precision@10 : 0.0989    precision@20 : 0.0653    precision@30 : 0.0499    precision@50 : 0.0342    map@1 : 0.2294    map@2 : 0.2218    map@3 : 0.2291    map@4 : 0.2373    map@5 : 0.2441    map@10 : 0.2654    map@20 : 0.2798    map@30 : 0.2858    map@50 : 0.2905
Sun 15 Mar 2026 12:12:23 INFO  Running E-step ! 
Sun 15 Mar 2026 12:12:23 INFO  epoch 202 training [time: 0.16s, train_loss1: 1.8655, train_loss2: 0.0315, train_loss3: 0.0111, train_loss4: 0.0016]
Sun 15 Mar 2026 12:12:23 INFO  epoch 202 evaluating [time: 0.14s, valid_score: 0.355400]
Sun 15 Mar 2026 12:12:23 INFO  valid result: 
recall@1 : 0.1383    recall@2 : 0.2247    recall@3 : 0.2916    recall@4 : 0.3447    recall@5 : 0.3835    recall@10 : 0.5198    recall@20 : 0.6478    recall@30 : 0.7228    recall@50 : 0.8073    ndcg@1 : 0.2282    ndcg@2 : 0.2501    ndcg@3 : 0.2729    ndcg@4 : 0.2928    ndcg@5 : 0.3069    ndcg@10 : 0.3554    ndcg@20 : 0.3947    ndcg@30 : 0.4146    ndcg@50 : 0.4346    precision@1 : 0.2282    precision@2 : 0.1904    precision@3 : 0.1681    precision@4 : 0.1538    precision@5 : 0.139    precision@10 : 0.099    precision@20 : 0.0656    precision@30 : 0.0499    precision@50 : 0.0342    map@1 : 0.2282    map@2 : 0.2212    map@3 : 0.2286    map@4 : 0.237    map@5 : 0.2437    map@10 : 0.2652    map@20 : 0.2797    map@30 : 0.2855    map@50 : 0.2902
Sun 15 Mar 2026 12:12:23 INFO  Running E-step ! 
Sun 15 Mar 2026 12:12:23 INFO  epoch 203 training [time: 0.18s, train_loss1: 1.9138, train_loss2: 0.0314, train_loss3: 0.0111, train_loss4: 0.0016]
Sun 15 Mar 2026 12:12:24 INFO  epoch 203 evaluating [time: 0.25s, valid_score: 0.355400]
Sun 15 Mar 2026 12:12:24 INFO  valid result: 
recall@1 : 0.1379    recall@2 : 0.2255    recall@3 : 0.2922    recall@4 : 0.3446    recall@5 : 0.3832    recall@10 : 0.5197    recall@20 : 0.6481    recall@30 : 0.7219    recall@50 : 0.8065    ndcg@1 : 0.2288    ndcg@2 : 0.2508    ndcg@3 : 0.2735    ndcg@4 : 0.2928    ndcg@5 : 0.3069    ndcg@10 : 0.3554    ndcg@20 : 0.3948    ndcg@30 : 0.4145    ndcg@50 : 0.4345    precision@1 : 0.2288    precision@2 : 0.191    precision@3 : 0.1687    precision@4 : 0.1536    precision@5 : 0.139    precision@10 : 0.099    precision@20 : 0.0656    precision@30 : 0.0499    precision@50 : 0.0342    map@1 : 0.2288    map@2 : 0.2217    map@3 : 0.229    map@4 : 0.2371    map@5 : 0.2436    map@10 : 0.2651    map@20 : 0.2797    map@30 : 0.2855    map@50 : 0.2902
Sun 15 Mar 2026 12:12:24 INFO  Running E-step ! 
Sun 15 Mar 2026 12:12:24 INFO  epoch 204 training [time: 0.16s, train_loss1: 1.8872, train_loss2: 0.0314, train_loss3: 0.0111, train_loss4: 0.0016]
Sun 15 Mar 2026 12:12:24 INFO  epoch 204 evaluating [time: 0.14s, valid_score: 0.355300]
Sun 15 Mar 2026 12:12:24 INFO  valid result: 
recall@1 : 0.1371    recall@2 : 0.2236    recall@3 : 0.2927    recall@4 : 0.3451    recall@5 : 0.3845    recall@10 : 0.5207    recall@20 : 0.649    recall@30 : 0.7222    recall@50 : 0.8069    ndcg@1 : 0.2282    ndcg@2 : 0.2494    ndcg@3 : 0.2733    ndcg@4 : 0.2925    ndcg@5 : 0.3071    ndcg@10 : 0.3553    ndcg@20 : 0.3947    ndcg@30 : 0.4142    ndcg@50 : 0.4342    precision@1 : 0.2282    precision@2 : 0.1901    precision@3 : 0.1691    precision@4 : 0.1538    precision@5 : 0.1396    precision@10 : 0.099    precision@20 : 0.0656    precision@30 : 0.0499    precision@50 : 0.0342    map@1 : 0.2282    map@2 : 0.2206    map@3 : 0.2286    map@4 : 0.2365    map@5 : 0.2434    map@10 : 0.2647    map@20 : 0.2793    map@30 : 0.285    map@50 : 0.2897
Sun 15 Mar 2026 12:12:24 INFO  Running E-step ! 
Sun 15 Mar 2026 12:12:24 INFO  epoch 205 training [time: 0.18s, train_loss1: 1.8829, train_loss2: 0.0313, train_loss3: 0.0111, train_loss4: 0.0016]
Sun 15 Mar 2026 12:12:24 INFO  epoch 205 evaluating [time: 0.14s, valid_score: 0.355500]
Sun 15 Mar 2026 12:12:24 INFO  valid result: 
recall@1 : 0.1369    recall@2 : 0.224    recall@3 : 0.2915    recall@4 : 0.3466    recall@5 : 0.3855    recall@10 : 0.5214    recall@20 : 0.6495    recall@30 : 0.7223    recall@50 : 0.8082    ndcg@1 : 0.2277    ndcg@2 : 0.2497    ndcg@3 : 0.2727    ndcg@4 : 0.293    ndcg@5 : 0.3073    ndcg@10 : 0.3555    ndcg@20 : 0.3948    ndcg@30 : 0.4142    ndcg@50 : 0.4344    precision@1 : 0.2277    precision@2 : 0.1904    precision@3 : 0.1687    precision@4 : 0.1541    precision@5 : 0.1397    precision@10 : 0.0992    precision@20 : 0.0656    precision@30 : 0.0499    precision@50 : 0.0342    map@1 : 0.2277    map@2 : 0.2206    map@3 : 0.2282    map@4 : 0.2367    map@5 : 0.2435    map@10 : 0.2647    map@20 : 0.2792    map@30 : 0.2849    map@50 : 0.2897
Sun 15 Mar 2026 12:12:24 INFO  Running E-step ! 
Sun 15 Mar 2026 12:12:24 INFO  epoch 206 training [time: 0.16s, train_loss1: 1.8711, train_loss2: 0.0312, train_loss3: 0.0111, train_loss4: 0.0016]
Sun 15 Mar 2026 12:12:24 INFO  epoch 206 evaluating [time: 0.14s, valid_score: 0.355100]
Sun 15 Mar 2026 12:12:24 INFO  valid result: 
recall@1 : 0.1369    recall@2 : 0.2232    recall@3 : 0.2912    recall@4 : 0.3466    recall@5 : 0.3853    recall@10 : 0.5203    recall@20 : 0.6503    recall@30 : 0.7229    recall@50 : 0.8079    ndcg@1 : 0.2277    ndcg@2 : 0.2491    ndcg@3 : 0.2726    ndcg@4 : 0.2929    ndcg@5 : 0.3072    ndcg@10 : 0.3551    ndcg@20 : 0.3949    ndcg@30 : 0.4142    ndcg@50 : 0.4344    precision@1 : 0.2277    precision@2 : 0.1901    precision@3 : 0.1689    precision@4 : 0.1541    precision@5 : 0.1397    precision@10 : 0.099    precision@20 : 0.0657    precision@30 : 0.0499    precision@50 : 0.0342    map@1 : 0.2277    map@2 : 0.2201    map@3 : 0.2281    map@4 : 0.2366    map@5 : 0.2433    map@10 : 0.2645    map@20 : 0.2792    map@30 : 0.2849    map@50 : 0.2896
Sun 15 Mar 2026 12:12:24 INFO  Running E-step ! 
Sun 15 Mar 2026 12:12:25 INFO  epoch 207 training [time: 0.18s, train_loss1: 1.9125, train_loss2: 0.0311, train_loss3: 0.0111, train_loss4: 0.0017]
Sun 15 Mar 2026 12:12:25 INFO  epoch 207 evaluating [time: 0.14s, valid_score: 0.355100]
Sun 15 Mar 2026 12:12:25 INFO  valid result: 
recall@1 : 0.1357    recall@2 : 0.2243    recall@3 : 0.2926    recall@4 : 0.3475    recall@5 : 0.3857    recall@10 : 0.5207    recall@20 : 0.6509    recall@30 : 0.7214    recall@50 : 0.8073    ndcg@1 : 0.2253    ndcg@2 : 0.2496    ndcg@3 : 0.2733    ndcg@4 : 0.2932    ndcg@5 : 0.3071    ndcg@10 : 0.3551    ndcg@20 : 0.3949    ndcg@30 : 0.4138    ndcg@50 : 0.4341    precision@1 : 0.2253    precision@2 : 0.1913    precision@3 : 0.17    precision@4 : 0.1545    precision@5 : 0.1397    precision@10 : 0.0989    precision@20 : 0.0657    precision@30 : 0.0499    precision@50 : 0.0342    map@1 : 0.2253    map@2 : 0.2204    map@3 : 0.2287    map@4 : 0.2368    map@5 : 0.2433    map@10 : 0.2646    map@20 : 0.2792    map@30 : 0.2848    map@50 : 0.2896
Sun 15 Mar 2026 12:12:25 INFO  Running E-step ! 
Sun 15 Mar 2026 12:12:25 INFO  epoch 208 training [time: 0.16s, train_loss1: 1.8383, train_loss2: 0.0311, train_loss3: 0.0111, train_loss4: 0.0016]
Sun 15 Mar 2026 12:12:25 INFO  epoch 208 evaluating [time: 0.14s, valid_score: 0.356300]
Sun 15 Mar 2026 12:12:25 INFO  valid result: 
recall@1 : 0.1384    recall@2 : 0.2242    recall@3 : 0.2901    recall@4 : 0.3466    recall@5 : 0.3865    recall@10 : 0.5219    recall@20 : 0.6501    recall@30 : 0.7234    recall@50 : 0.8076    ndcg@1 : 0.2288    ndcg@2 : 0.2509    ndcg@3 : 0.2733    ndcg@4 : 0.2936    ndcg@5 : 0.3083    ndcg@10 : 0.3563    ndcg@20 : 0.3956    ndcg@30 : 0.4151    ndcg@50 : 0.4351    precision@1 : 0.2288    precision@2 : 0.1916    precision@3 : 0.1694    precision@4 : 0.1541    precision@5 : 0.1399    precision@10 : 0.0991    precision@20 : 0.0655    precision@30 : 0.0499    precision@50 : 0.0342    map@1 : 0.2288    map@2 : 0.2218    map@3 : 0.2294    map@4 : 0.2378    map@5 : 0.2446    map@10 : 0.2658    map@20 : 0.2802    map@30 : 0.286    map@50 : 0.2907
Sun 15 Mar 2026 12:12:25 INFO  Saving current: saved/SCL-Mar-15-2026_12-11-12.pth
Sun 15 Mar 2026 12:12:25 INFO  Saving current best: saved/SCL-Mar-15-2026_12-11-12.pth
Sun 15 Mar 2026 12:12:25 INFO  Running E-step ! 
Sun 15 Mar 2026 12:12:25 INFO  epoch 209 training [time: 0.18s, train_loss1: 1.8648, train_loss2: 0.0310, train_loss3: 0.0111, train_loss4: 0.0017]
Sun 15 Mar 2026 12:12:25 INFO  epoch 209 evaluating [time: 0.14s, valid_score: 0.355800]
Sun 15 Mar 2026 12:12:25 INFO  valid result: 
recall@1 : 0.1381    recall@2 : 0.2231    recall@3 : 0.2906    recall@4 : 0.3473    recall@5 : 0.3873    recall@10 : 0.5208    recall@20 : 0.6496    recall@30 : 0.724    recall@50 : 0.8086    ndcg@1 : 0.2277    ndcg@2 : 0.2501    ndcg@3 : 0.2732    ndcg@4 : 0.2939    ndcg@5 : 0.3085    ndcg@10 : 0.3558    ndcg@20 : 0.3952    ndcg@30 : 0.4151    ndcg@50 : 0.4351    precision@1 : 0.2277    precision@2 : 0.1913    precision@3 : 0.1698    precision@4 : 0.1548    precision@5 : 0.1404    precision@10 : 0.099    precision@20 : 0.0654    precision@30 : 0.0499    precision@50 : 0.0343    map@1 : 0.2277    map@2 : 0.2211    map@3 : 0.2294    map@4 : 0.2379    map@5 : 0.2446    map@10 : 0.2656    map@20 : 0.28    map@30 : 0.2859    map@50 : 0.2907
Sun 15 Mar 2026 12:12:25 INFO  Running E-step ! 
Sun 15 Mar 2026 12:12:26 INFO  epoch 210 training [time: 0.19s, train_loss1: 1.8180, train_loss2: 0.0309, train_loss3: 0.0111, train_loss4: 0.0017]
Sun 15 Mar 2026 12:12:26 INFO  epoch 210 evaluating [time: 0.14s, valid_score: 0.355500]
Sun 15 Mar 2026 12:12:26 INFO  valid result: 
recall@1 : 0.1382    recall@2 : 0.2223    recall@3 : 0.2892    recall@4 : 0.3473    recall@5 : 0.3877    recall@10 : 0.5206    recall@20 : 0.6491    recall@30 : 0.7244    recall@50 : 0.8091    ndcg@1 : 0.2271    ndcg@2 : 0.2494    ndcg@3 : 0.2724    ndcg@4 : 0.2935    ndcg@5 : 0.3083    ndcg@10 : 0.3555    ndcg@20 : 0.3949    ndcg@30 : 0.415    ndcg@50 : 0.435    precision@1 : 0.2271    precision@2 : 0.1907    precision@3 : 0.1692    precision@4 : 0.1545    precision@5 : 0.1403    precision@10 : 0.099    precision@20 : 0.0654    precision@30 : 0.05    precision@50 : 0.0343    map@1 : 0.2271    map@2 : 0.2205    map@3 : 0.2289    map@4 : 0.2375    map@5 : 0.2444    map@10 : 0.2653    map@20 : 0.2797    map@30 : 0.2857    map@50 : 0.2904
Sun 15 Mar 2026 12:12:26 INFO  Running E-step ! 
Sun 15 Mar 2026 12:12:26 INFO  epoch 211 training [time: 0.16s, train_loss1: 1.8386, train_loss2: 0.0309, train_loss3: 0.0111, train_loss4: 0.0016]
Sun 15 Mar 2026 12:12:26 INFO  epoch 211 evaluating [time: 0.14s, valid_score: 0.355600]
Sun 15 Mar 2026 12:12:26 INFO  valid result: 
recall@1 : 0.1382    recall@2 : 0.2229    recall@3 : 0.2902    recall@4 : 0.3464    recall@5 : 0.3881    recall@10 : 0.5206    recall@20 : 0.6493    recall@30 : 0.7242    recall@50 : 0.8091    ndcg@1 : 0.2271    ndcg@2 : 0.2499    ndcg@3 : 0.2729    ndcg@4 : 0.2933    ndcg@5 : 0.3086    ndcg@10 : 0.3556    ndcg@20 : 0.3951    ndcg@30 : 0.415    ndcg@50 : 0.4352    precision@1 : 0.2271    precision@2 : 0.1913    precision@3 : 0.1694    precision@4 : 0.1544    precision@5 : 0.1404    precision@10 : 0.099    precision@20 : 0.0655    precision@30 : 0.05    precision@50 : 0.0343    map@1 : 0.2271    map@2 : 0.2211    map@3 : 0.2294    map@4 : 0.2377    map@5 : 0.2447    map@10 : 0.2656    map@20 : 0.28    map@30 : 0.2859    map@50 : 0.2907
Sun 15 Mar 2026 12:12:26 INFO  Running E-step ! 
Sun 15 Mar 2026 12:12:26 INFO  epoch 212 training [time: 0.17s, train_loss1: 1.8219, train_loss2: 0.0308, train_loss3: 0.0111, train_loss4: 0.0016]
Sun 15 Mar 2026 12:12:26 INFO  epoch 212 evaluating [time: 0.14s, valid_score: 0.356400]
Sun 15 Mar 2026 12:12:26 INFO  valid result: 
recall@1 : 0.139    recall@2 : 0.2242    recall@3 : 0.2905    recall@4 : 0.3475    recall@5 : 0.3882    recall@10 : 0.5211    recall@20 : 0.6496    recall@30 : 0.7246    recall@50 : 0.8089    ndcg@1 : 0.2282    ndcg@2 : 0.2509    ndcg@3 : 0.2737    ndcg@4 : 0.2942    ndcg@5 : 0.3092    ndcg@10 : 0.3564    ndcg@20 : 0.3958    ndcg@30 : 0.4158    ndcg@50 : 0.4358    precision@1 : 0.2282    precision@2 : 0.1916    precision@3 : 0.1698    precision@4 : 0.1544    precision@5 : 0.1404    precision@10 : 0.0991    precision@20 : 0.0655    precision@30 : 0.05    precision@50 : 0.0343    map@1 : 0.2282    map@2 : 0.222    map@3 : 0.2302    map@4 : 0.2385    map@5 : 0.2454    map@10 : 0.2663    map@20 : 0.2807    map@30 : 0.2867    map@50 : 0.2914
Sun 15 Mar 2026 12:12:26 INFO  Saving current: saved/SCL-Mar-15-2026_12-11-12.pth
Sun 15 Mar 2026 12:12:26 INFO  Saving current best: saved/SCL-Mar-15-2026_12-11-12.pth
Sun 15 Mar 2026 12:12:26 INFO  Running E-step ! 
Sun 15 Mar 2026 12:12:27 INFO  epoch 213 training [time: 0.19s, train_loss1: 1.8513, train_loss2: 0.0307, train_loss3: 0.0111, train_loss4: 0.0018]
Sun 15 Mar 2026 12:12:27 INFO  epoch 213 evaluating [time: 0.14s, valid_score: 0.356700]
Sun 15 Mar 2026 12:12:27 INFO  valid result: 
recall@1 : 0.1384    recall@2 : 0.2244    recall@3 : 0.2895    recall@4 : 0.3485    recall@5 : 0.3891    recall@10 : 0.5223    recall@20 : 0.6496    recall@30 : 0.7249    recall@50 : 0.8089    ndcg@1 : 0.2277    ndcg@2 : 0.2509    ndcg@3 : 0.2729    ndcg@4 : 0.2945    ndcg@5 : 0.3094    ndcg@10 : 0.3567    ndcg@20 : 0.3957    ndcg@30 : 0.4157    ndcg@50 : 0.4356    precision@1 : 0.2277    precision@2 : 0.1919    precision@3 : 0.1692    precision@4 : 0.1549    precision@5 : 0.1405    precision@10 : 0.0993    precision@20 : 0.0655    precision@30 : 0.0501    precision@50 : 0.0343    map@1 : 0.2277    map@2 : 0.2218    map@3 : 0.2294    map@4 : 0.2384    map@5 : 0.2452    map@10 : 0.2663    map@20 : 0.2805    map@30 : 0.2865    map@50 : 0.2912
Sun 15 Mar 2026 12:12:27 INFO  Saving current: saved/SCL-Mar-15-2026_12-11-12.pth
Sun 15 Mar 2026 12:12:27 INFO  Saving current best: saved/SCL-Mar-15-2026_12-11-12.pth
Sun 15 Mar 2026 12:12:27 INFO  Running E-step ! 
Sun 15 Mar 2026 12:12:27 INFO  epoch 214 training [time: 0.16s, train_loss1: 1.8474, train_loss2: 0.0307, train_loss3: 0.0111, train_loss4: 0.0018]
Sun 15 Mar 2026 12:12:27 INFO  epoch 214 evaluating [time: 0.14s, valid_score: 0.356300]
Sun 15 Mar 2026 12:12:27 INFO  valid result: 
recall@1 : 0.1382    recall@2 : 0.2231    recall@3 : 0.2897    recall@4 : 0.3478    recall@5 : 0.39    recall@10 : 0.5216    recall@20 : 0.6504    recall@30 : 0.7251    recall@50 : 0.8093    ndcg@1 : 0.2271    ndcg@2 : 0.2501    ndcg@3 : 0.2726    ndcg@4 : 0.294    ndcg@5 : 0.3095    ndcg@10 : 0.3563    ndcg@20 : 0.3956    ndcg@30 : 0.4156    ndcg@50 : 0.4355    precision@1 : 0.2271    precision@2 : 0.1916    precision@3 : 0.1692    precision@4 : 0.1549    precision@5 : 0.1409    precision@10 : 0.0993    precision@20 : 0.0655    precision@30 : 0.0501    precision@50 : 0.0343    map@1 : 0.2271    map@2 : 0.2214    map@3 : 0.229    map@4 : 0.238    map@5 : 0.2452    map@10 : 0.266    map@20 : 0.2803    map@30 : 0.2863    map@50 : 0.2909
Sun 15 Mar 2026 12:12:27 INFO  Running E-step ! 
Sun 15 Mar 2026 12:12:27 INFO  epoch 215 training [time: 0.16s, train_loss1: 1.8302, train_loss2: 0.0306, train_loss3: 0.0111, train_loss4: 0.0018]
Sun 15 Mar 2026 12:12:27 INFO  epoch 215 evaluating [time: 0.14s, valid_score: 0.355600]
Sun 15 Mar 2026 12:12:27 INFO  valid result: 
recall@1 : 0.137    recall@2 : 0.2223    recall@3 : 0.2887    recall@4 : 0.3482    recall@5 : 0.3903    recall@10 : 0.5211    recall@20 : 0.6508    recall@30 : 0.7251    recall@50 : 0.8094    ndcg@1 : 0.2265    ndcg@2 : 0.2494    ndcg@3 : 0.2716    ndcg@4 : 0.2937    ndcg@5 : 0.3092    ndcg@10 : 0.3556    ndcg@20 : 0.3951    ndcg@30 : 0.415    ndcg@50 : 0.4349    precision@1 : 0.2265    precision@2 : 0.1913    precision@3 : 0.1687    precision@4 : 0.1551    precision@5 : 0.1411    precision@10 : 0.0993    precision@20 : 0.0656    precision@30 : 0.0501    precision@50 : 0.0343    map@1 : 0.2265    map@2 : 0.2208    map@3 : 0.2281    map@4 : 0.2375    map@5 : 0.2447    map@10 : 0.2652    map@20 : 0.2796    map@30 : 0.2855    map@50 : 0.2902
Sun 15 Mar 2026 12:12:27 INFO  Running E-step ! 
Sun 15 Mar 2026 12:12:28 INFO  epoch 216 training [time: 0.18s, train_loss1: 1.8113, train_loss2: 0.0306, train_loss3: 0.0111, train_loss4: 0.0018]
Sun 15 Mar 2026 12:12:28 INFO  epoch 216 evaluating [time: 0.14s, valid_score: 0.355700]
Sun 15 Mar 2026 12:12:28 INFO  valid result: 
recall@1 : 0.1367    recall@2 : 0.2216    recall@3 : 0.288    recall@4 : 0.3486    recall@5 : 0.3904    recall@10 : 0.5221    recall@20 : 0.6507    recall@30 : 0.7244    recall@50 : 0.8101    ndcg@1 : 0.2259    ndcg@2 : 0.2489    ndcg@3 : 0.2711    ndcg@4 : 0.2936    ndcg@5 : 0.3089    ndcg@10 : 0.3557    ndcg@20 : 0.395    ndcg@30 : 0.4147    ndcg@50 : 0.4348    precision@1 : 0.2259    precision@2 : 0.191    precision@3 : 0.1687    precision@4 : 0.1551    precision@5 : 0.1411    precision@10 : 0.0995    precision@20 : 0.0656    precision@30 : 0.05    precision@50 : 0.0343    map@1 : 0.2259    map@2 : 0.2204    map@3 : 0.2278    map@4 : 0.2373    map@5 : 0.2444    map@10 : 0.2651    map@20 : 0.2794    map@30 : 0.2853    map@50 : 0.29
Sun 15 Mar 2026 12:12:28 INFO  Running E-step ! 
Sun 15 Mar 2026 12:12:28 INFO  epoch 217 training [time: 0.18s, train_loss1: 1.7924, train_loss2: 0.0305, train_loss3: 0.0111, train_loss4: 0.0018]
Sun 15 Mar 2026 12:12:28 INFO  epoch 217 evaluating [time: 0.14s, valid_score: 0.355500]
Sun 15 Mar 2026 12:12:28 INFO  valid result: 
recall@1 : 0.1357    recall@2 : 0.2211    recall@3 : 0.2869    recall@4 : 0.3495    recall@5 : 0.3916    recall@10 : 0.523    recall@20 : 0.65    recall@30 : 0.7256    recall@50 : 0.8107    ndcg@1 : 0.2241    ndcg@2 : 0.2481    ndcg@3 : 0.27    ndcg@4 : 0.2935    ndcg@5 : 0.3089    ndcg@10 : 0.3555    ndcg@20 : 0.3944    ndcg@30 : 0.4145    ndcg@50 : 0.4346    precision@1 : 0.2241    precision@2 : 0.1907    precision@3 : 0.1681    precision@4 : 0.1555    precision@5 : 0.1414    precision@10 : 0.0996    precision@20 : 0.0656    precision@30 : 0.0501    precision@50 : 0.0343    map@1 : 0.2241    map@2 : 0.2195    map@3 : 0.2267    map@4 : 0.2369    map@5 : 0.244    map@10 : 0.2646    map@20 : 0.2788    map@30 : 0.2848    map@50 : 0.2895
Sun 15 Mar 2026 12:12:28 INFO  Running E-step ! 
Sun 15 Mar 2026 12:12:28 INFO  epoch 218 training [time: 0.17s, train_loss1: 1.8100, train_loss2: 0.0304, train_loss3: 0.0111, train_loss4: 0.0018]
Sun 15 Mar 2026 12:12:28 INFO  epoch 218 evaluating [time: 0.14s, valid_score: 0.355400]
Sun 15 Mar 2026 12:12:28 INFO  valid result: 
recall@1 : 0.1348    recall@2 : 0.2213    recall@3 : 0.2888    recall@4 : 0.3495    recall@5 : 0.3916    recall@10 : 0.5232    recall@20 : 0.6494    recall@30 : 0.7251    recall@50 : 0.8109    ndcg@1 : 0.2229    ndcg@2 : 0.2474    ndcg@3 : 0.2706    ndcg@4 : 0.2933    ndcg@5 : 0.3087    ndcg@10 : 0.3554    ndcg@20 : 0.394    ndcg@30 : 0.4143    ndcg@50 : 0.4344    precision@1 : 0.2229    precision@2 : 0.1901    precision@3 : 0.1691    precision@4 : 0.1555    precision@5 : 0.1415    precision@10 : 0.0996    precision@20 : 0.0655    precision@30 : 0.0501    precision@50 : 0.0343    map@1 : 0.2229    map@2 : 0.2189    map@3 : 0.2269    map@4 : 0.2366    map@5 : 0.2437    map@10 : 0.2644    map@20 : 0.2786    map@30 : 0.2846    map@50 : 0.2893
Sun 15 Mar 2026 12:12:28 INFO  Running E-step ! 
Sun 15 Mar 2026 12:12:29 INFO  epoch 219 training [time: 0.18s, train_loss1: 1.8237, train_loss2: 0.0304, train_loss3: 0.0111, train_loss4: 0.0019]
Sun 15 Mar 2026 12:12:29 INFO  epoch 219 evaluating [time: 0.14s, valid_score: 0.355300]
Sun 15 Mar 2026 12:12:29 INFO  valid result: 
recall@1 : 0.1348    recall@2 : 0.2208    recall@3 : 0.289    recall@4 : 0.3481    recall@5 : 0.3933    recall@10 : 0.5231    recall@20 : 0.6497    recall@30 : 0.7241    recall@50 : 0.8109    ndcg@1 : 0.2229    ndcg@2 : 0.247    ndcg@3 : 0.2705    ndcg@4 : 0.2925    ndcg@5 : 0.3093    ndcg@10 : 0.3553    ndcg@20 : 0.3941    ndcg@30 : 0.4141    ndcg@50 : 0.4344    precision@1 : 0.2229    precision@2 : 0.1898    precision@3 : 0.1689    precision@4 : 0.1549    precision@5 : 0.1421    precision@10 : 0.0996    precision@20 : 0.0656    precision@30 : 0.0501    precision@50 : 0.0343    map@1 : 0.2229    map@2 : 0.2184    map@3 : 0.2267    map@4 : 0.2359    map@5 : 0.2439    map@10 : 0.2643    map@20 : 0.2785    map@30 : 0.2845    map@50 : 0.2892
Sun 15 Mar 2026 12:12:29 INFO  Running E-step ! 
Sun 15 Mar 2026 12:12:29 INFO  epoch 220 training [time: 0.16s, train_loss1: 1.8129, train_loss2: 0.0303, train_loss3: 0.0111, train_loss4: 0.0018]
Sun 15 Mar 2026 12:12:29 INFO  epoch 220 evaluating [time: 0.14s, valid_score: 0.354900]
Sun 15 Mar 2026 12:12:29 INFO  valid result: 
recall@1 : 0.1342    recall@2 : 0.22    recall@3 : 0.2888    recall@4 : 0.349    recall@5 : 0.3921    recall@10 : 0.5231    recall@20 : 0.6494    recall@30 : 0.7246    recall@50 : 0.8108    ndcg@1 : 0.2223    ndcg@2 : 0.2464    ndcg@3 : 0.2701    ndcg@4 : 0.2925    ndcg@5 : 0.3086    ndcg@10 : 0.3549    ndcg@20 : 0.3937    ndcg@30 : 0.4138    ndcg@50 : 0.434    precision@1 : 0.2223    precision@2 : 0.1895    precision@3 : 0.1687    precision@4 : 0.1551    precision@5 : 0.1418    precision@10 : 0.0995    precision@20 : 0.0656    precision@30 : 0.0501    precision@50 : 0.0343    map@1 : 0.2223    map@2 : 0.218    map@3 : 0.2262    map@4 : 0.2357    map@5 : 0.2433    map@10 : 0.2638    map@20 : 0.278    map@30 : 0.284    map@50 : 0.2887
Sun 15 Mar 2026 12:12:29 INFO  Running E-step ! 
Sun 15 Mar 2026 12:12:29 INFO  epoch 221 training [time: 0.16s, train_loss1: 1.7843, train_loss2: 0.0302, train_loss3: 0.0111, train_loss4: 0.0018]
Sun 15 Mar 2026 12:12:29 INFO  epoch 221 evaluating [time: 0.14s, valid_score: 0.355700]
Sun 15 Mar 2026 12:12:29 INFO  valid result: 
recall@1 : 0.1358    recall@2 : 0.2205    recall@3 : 0.2885    recall@4 : 0.3475    recall@5 : 0.3905    recall@10 : 0.5236    recall@20 : 0.6491    recall@30 : 0.7246    recall@50 : 0.81    ndcg@1 : 0.2253    ndcg@2 : 0.2474    ndcg@3 : 0.2706    ndcg@4 : 0.2925    ndcg@5 : 0.3086    ndcg@10 : 0.3557    ndcg@20 : 0.3941    ndcg@30 : 0.4144    ndcg@50 : 0.4344    precision@1 : 0.2253    precision@2 : 0.1895    precision@3 : 0.1683    precision@4 : 0.1546    precision@5 : 0.1415    precision@10 : 0.0996    precision@20 : 0.0655    precision@30 : 0.0501    precision@50 : 0.0343    map@1 : 0.2253    map@2 : 0.2193    map@3 : 0.227    map@4 : 0.2363    map@5 : 0.2438    map@10 : 0.2647    map@20 : 0.2787    map@30 : 0.2848    map@50 : 0.2894
Sun 15 Mar 2026 12:12:29 INFO  Running E-step ! 
Sun 15 Mar 2026 12:12:30 INFO  epoch 222 training [time: 0.16s, train_loss1: 1.7617, train_loss2: 0.0302, train_loss3: 0.0111, train_loss4: 0.0018]
Sun 15 Mar 2026 12:12:30 INFO  epoch 222 evaluating [time: 0.14s, valid_score: 0.356100]
Sun 15 Mar 2026 12:12:30 INFO  valid result: 
recall@1 : 0.1361    recall@2 : 0.2218    recall@3 : 0.288    recall@4 : 0.3464    recall@5 : 0.3913    recall@10 : 0.5241    recall@20 : 0.6494    recall@30 : 0.7248    recall@50 : 0.8103    ndcg@1 : 0.2259    ndcg@2 : 0.2483    ndcg@3 : 0.2707    ndcg@4 : 0.2922    ndcg@5 : 0.3091    ndcg@10 : 0.3561    ndcg@20 : 0.3945    ndcg@30 : 0.4147    ndcg@50 : 0.4348    precision@1 : 0.2259    precision@2 : 0.1901    precision@3 : 0.1683    precision@4 : 0.1542    precision@5 : 0.1417    precision@10 : 0.0997    precision@20 : 0.0655    precision@30 : 0.0501    precision@50 : 0.0343    map@1 : 0.2259    map@2 : 0.2201    map@3 : 0.2272    map@4 : 0.2362    map@5 : 0.2442    map@10 : 0.2651    map@20 : 0.279    map@30 : 0.2851    map@50 : 0.2898
Sun 15 Mar 2026 12:12:30 INFO  Running E-step ! 
Sun 15 Mar 2026 12:12:30 INFO  epoch 223 training [time: 0.16s, train_loss1: 1.8067, train_loss2: 0.0301, train_loss3: 0.0111, train_loss4: 0.0018]
Sun 15 Mar 2026 12:12:30 INFO  epoch 223 evaluating [time: 0.14s, valid_score: 0.356900]
Sun 15 Mar 2026 12:12:30 INFO  valid result: 
recall@1 : 0.1369    recall@2 : 0.223    recall@3 : 0.2876    recall@4 : 0.3491    recall@5 : 0.3915    recall@10 : 0.5244    recall@20 : 0.6501    recall@30 : 0.7248    recall@50 : 0.8107    ndcg@1 : 0.2277    ndcg@2 : 0.2498    ndcg@3 : 0.271    ndcg@4 : 0.294    ndcg@5 : 0.3097    ndcg@10 : 0.3569    ndcg@20 : 0.3954    ndcg@30 : 0.4154    ndcg@50 : 0.4356    precision@1 : 0.2277    precision@2 : 0.1913    precision@3 : 0.1681    precision@4 : 0.1552    precision@5 : 0.1415    precision@10 : 0.0998    precision@20 : 0.0656    precision@30 : 0.0501    precision@50 : 0.0343    map@1 : 0.2277    map@2 : 0.2212    map@3 : 0.2276    map@4 : 0.2377    map@5 : 0.2449    map@10 : 0.2659    map@20 : 0.2799    map@30 : 0.2859    map@50 : 0.2906
Sun 15 Mar 2026 12:12:30 INFO  Saving current: saved/SCL-Mar-15-2026_12-11-12.pth
Sun 15 Mar 2026 12:12:30 INFO  Saving current best: saved/SCL-Mar-15-2026_12-11-12.pth
Sun 15 Mar 2026 12:12:30 INFO  Running E-step ! 
Sun 15 Mar 2026 12:12:30 INFO  epoch 224 training [time: 0.17s, train_loss1: 1.7508, train_loss2: 0.0300, train_loss3: 0.0111, train_loss4: 0.0018]
Sun 15 Mar 2026 12:12:30 INFO  epoch 224 evaluating [time: 0.14s, valid_score: 0.356000]
Sun 15 Mar 2026 12:12:30 INFO  valid result: 
recall@1 : 0.1351    recall@2 : 0.2232    recall@3 : 0.2867    recall@4 : 0.3491    recall@5 : 0.391    recall@10 : 0.5237    recall@20 : 0.6507    recall@30 : 0.7242    recall@50 : 0.8112    ndcg@1 : 0.2253    ndcg@2 : 0.2491    ndcg@3 : 0.2698    ndcg@4 : 0.2933    ndcg@5 : 0.3088    ndcg@10 : 0.356    ndcg@20 : 0.3948    ndcg@30 : 0.4146    ndcg@50 : 0.435    precision@1 : 0.2253    precision@2 : 0.1913    precision@3 : 0.1677    precision@4 : 0.1554    precision@5 : 0.1415    precision@10 : 0.0998    precision@20 : 0.0657    precision@30 : 0.0501    precision@50 : 0.0344    map@1 : 0.2253    map@2 : 0.2204    map@3 : 0.2265    map@4 : 0.2367    map@5 : 0.2439    map@10 : 0.2649    map@20 : 0.2791    map@30 : 0.285    map@50 : 0.2898
Sun 15 Mar 2026 12:12:30 INFO  Running E-step ! 
Sun 15 Mar 2026 12:12:31 INFO  epoch 225 training [time: 0.17s, train_loss1: 1.7853, train_loss2: 0.0299, train_loss3: 0.0111, train_loss4: 0.0018]
Sun 15 Mar 2026 12:12:31 INFO  epoch 225 evaluating [time: 0.15s, valid_score: 0.356200]
Sun 15 Mar 2026 12:12:31 INFO  valid result: 
recall@1 : 0.1348    recall@2 : 0.223    recall@3 : 0.286    recall@4 : 0.3484    recall@5 : 0.3901    recall@10 : 0.525    recall@20 : 0.6506    recall@30 : 0.7237    recall@50 : 0.8114    ndcg@1 : 0.2247    ndcg@2 : 0.2487    ndcg@3 : 0.2692    ndcg@4 : 0.2928    ndcg@5 : 0.3082    ndcg@10 : 0.3562    ndcg@20 : 0.3946    ndcg@30 : 0.4143    ndcg@50 : 0.4349    precision@1 : 0.2247    precision@2 : 0.191    precision@3 : 0.1673    precision@4 : 0.1554    precision@5 : 0.1412    precision@10 : 0.1002    precision@20 : 0.0657    precision@30 : 0.0501    precision@50 : 0.0344    map@1 : 0.2247    map@2 : 0.2199    map@3 : 0.226    map@4 : 0.2363    map@5 : 0.2434    map@10 : 0.2649    map@20 : 0.2788    map@30 : 0.2847    map@50 : 0.2895
Sun 15 Mar 2026 12:12:31 INFO  Running E-step ! 
Sun 15 Mar 2026 12:12:31 INFO  epoch 226 training [time: 0.17s, train_loss1: 1.7594, train_loss2: 0.0299, train_loss3: 0.0111, train_loss4: 0.0018]
Sun 15 Mar 2026 12:12:31 INFO  epoch 226 evaluating [time: 0.14s, valid_score: 0.356300]
Sun 15 Mar 2026 12:12:31 INFO  valid result: 
recall@1 : 0.1348    recall@2 : 0.2225    recall@3 : 0.2867    recall@4 : 0.3459    recall@5 : 0.3896    recall@10 : 0.5255    recall@20 : 0.651    recall@30 : 0.7246    recall@50 : 0.812    ndcg@1 : 0.2247    ndcg@2 : 0.2482    ndcg@3 : 0.2695    ndcg@4 : 0.2917    ndcg@5 : 0.3079    ndcg@10 : 0.3563    ndcg@20 : 0.3945    ndcg@30 : 0.4143    ndcg@50 : 0.4348    precision@1 : 0.2247    precision@2 : 0.1904    precision@3 : 0.1677    precision@4 : 0.1548    precision@5 : 0.1412    precision@10 : 0.1004    precision@20 : 0.0657    precision@30 : 0.0501    precision@50 : 0.0344    map@1 : 0.2247    map@2 : 0.2195    map@3 : 0.2261    map@4 : 0.2357    map@5 : 0.2432    map@10 : 0.2648    map@20 : 0.2786    map@30 : 0.2846    map@50 : 0.2894
Sun 15 Mar 2026 12:12:31 INFO  Running E-step ! 
Sun 15 Mar 2026 12:12:31 INFO  epoch 227 training [time: 0.19s, train_loss1: 1.7560, train_loss2: 0.0298, train_loss3: 0.0111, train_loss4: 0.0018]
Sun 15 Mar 2026 12:12:31 INFO  epoch 227 evaluating [time: 0.14s, valid_score: 0.355900]
Sun 15 Mar 2026 12:12:31 INFO  valid result: 
recall@1 : 0.1343    recall@2 : 0.2217    recall@3 : 0.2858    recall@4 : 0.3465    recall@5 : 0.3899    recall@10 : 0.5251    recall@20 : 0.6522    recall@30 : 0.7244    recall@50 : 0.8123    ndcg@1 : 0.2241    ndcg@2 : 0.2477    ndcg@3 : 0.2687    ndcg@4 : 0.2916    ndcg@5 : 0.3077    ndcg@10 : 0.3559    ndcg@20 : 0.3944    ndcg@30 : 0.414    ndcg@50 : 0.4346    precision@1 : 0.2241    precision@2 : 0.1901    precision@3 : 0.1671    precision@4 : 0.1549    precision@5 : 0.1412    precision@10 : 0.1004    precision@20 : 0.0658    precision@30 : 0.0501    precision@50 : 0.0344    map@1 : 0.2241    map@2 : 0.219    map@3 : 0.2254    map@4 : 0.2354    map@5 : 0.2428    map@10 : 0.2644    map@20 : 0.2783    map@30 : 0.2842    map@50 : 0.289
Sun 15 Mar 2026 12:12:31 INFO  Running E-step ! 
Sun 15 Mar 2026 12:12:31 INFO  epoch 228 training [time: 0.17s, train_loss1: 1.7507, train_loss2: 0.0297, train_loss3: 0.0111, train_loss4: 0.0018]
Sun 15 Mar 2026 12:12:32 INFO  epoch 228 evaluating [time: 0.14s, valid_score: 0.357000]
Sun 15 Mar 2026 12:12:32 INFO  valid result: 
recall@1 : 0.1357    recall@2 : 0.2237    recall@3 : 0.2868    recall@4 : 0.3465    recall@5 : 0.3892    recall@10 : 0.5258    recall@20 : 0.6537    recall@30 : 0.7243    recall@50 : 0.8123    ndcg@1 : 0.2259    ndcg@2 : 0.2497    ndcg@3 : 0.2702    ndcg@4 : 0.2924    ndcg@5 : 0.3082    ndcg@10 : 0.357    ndcg@20 : 0.3957    ndcg@30 : 0.4148    ndcg@50 : 0.4355    precision@1 : 0.2259    precision@2 : 0.1916    precision@3 : 0.1679    precision@4 : 0.1548    precision@5 : 0.141    precision@10 : 0.1005    precision@20 : 0.0658    precision@30 : 0.0501    precision@50 : 0.0344    map@1 : 0.2259    map@2 : 0.2209    map@3 : 0.2269    map@4 : 0.2365    map@5 : 0.2437    map@10 : 0.2656    map@20 : 0.2794    map@30 : 0.2853    map@50 : 0.2901
Sun 15 Mar 2026 12:12:32 INFO  Saving current: saved/SCL-Mar-15-2026_12-11-12.pth
Sun 15 Mar 2026 12:12:32 INFO  Saving current best: saved/SCL-Mar-15-2026_12-11-12.pth
Sun 15 Mar 2026 12:12:32 INFO  Running E-step ! 
Sun 15 Mar 2026 12:12:32 INFO  epoch 229 training [time: 0.17s, train_loss1: 1.7472, train_loss2: 0.0297, train_loss3: 0.0111, train_loss4: 0.0018]
Sun 15 Mar 2026 12:12:32 INFO  epoch 229 evaluating [time: 0.14s, valid_score: 0.357400]
Sun 15 Mar 2026 12:12:32 INFO  valid result: 
recall@1 : 0.1372    recall@2 : 0.2234    recall@3 : 0.2878    recall@4 : 0.3468    recall@5 : 0.3886    recall@10 : 0.5253    recall@20 : 0.6536    recall@30 : 0.7253    recall@50 : 0.8123    ndcg@1 : 0.2277    ndcg@2 : 0.2504    ndcg@3 : 0.2712    ndcg@4 : 0.2931    ndcg@5 : 0.3086    ndcg@10 : 0.3574    ndcg@20 : 0.3963    ndcg@30 : 0.4157    ndcg@50 : 0.4362    precision@1 : 0.2277    precision@2 : 0.1919    precision@3 : 0.1681    precision@4 : 0.1546    precision@5 : 0.1409    precision@10 : 0.1004    precision@20 : 0.0658    precision@30 : 0.0502    precision@50 : 0.0344    map@1 : 0.2277    map@2 : 0.2217    map@3 : 0.2279    map@4 : 0.2373    map@5 : 0.2444    map@10 : 0.2662    map@20 : 0.2802    map@30 : 0.2862    map@50 : 0.2909
Sun 15 Mar 2026 12:12:32 INFO  Saving current: saved/SCL-Mar-15-2026_12-11-12.pth
Sun 15 Mar 2026 12:12:32 INFO  Saving current best: saved/SCL-Mar-15-2026_12-11-12.pth
Sun 15 Mar 2026 12:12:32 INFO  Running E-step ! 
Sun 15 Mar 2026 12:12:32 INFO  epoch 230 training [time: 0.18s, train_loss1: 1.7558, train_loss2: 0.0296, train_loss3: 0.0111, train_loss4: 0.0018]
Sun 15 Mar 2026 12:12:32 INFO  epoch 230 evaluating [time: 0.14s, valid_score: 0.356400]
Sun 15 Mar 2026 12:12:32 INFO  valid result: 
recall@1 : 0.1361    recall@2 : 0.2237    recall@3 : 0.2883    recall@4 : 0.3475    recall@5 : 0.3889    recall@10 : 0.5231    recall@20 : 0.6533    recall@30 : 0.7252    recall@50 : 0.8119    ndcg@1 : 0.2265    ndcg@2 : 0.2502    ndcg@3 : 0.271    ndcg@4 : 0.2932    ndcg@5 : 0.3086    ndcg@10 : 0.3564    ndcg@20 : 0.3959    ndcg@30 : 0.4154    ndcg@50 : 0.4357    precision@1 : 0.2265    precision@2 : 0.1922    precision@3 : 0.1681    precision@4 : 0.1551    precision@5 : 0.1412    precision@10 : 0.1002    precision@20 : 0.0658    precision@30 : 0.0502    precision@50 : 0.0344    map@1 : 0.2265    map@2 : 0.2211    map@3 : 0.2275    map@4 : 0.2371    map@5 : 0.244    map@10 : 0.2655    map@20 : 0.2798    map@30 : 0.2857    map@50 : 0.2904
Sun 15 Mar 2026 12:12:32 INFO  Running E-step ! 
Sun 15 Mar 2026 12:12:33 INFO  epoch 231 training [time: 0.20s, train_loss1: 1.7587, train_loss2: 0.0296, train_loss3: 0.0111, train_loss4: 0.0018]
Sun 15 Mar 2026 12:12:33 INFO  epoch 231 evaluating [time: 0.14s, valid_score: 0.355900]
Sun 15 Mar 2026 12:12:33 INFO  valid result: 
recall@1 : 0.1359    recall@2 : 0.2231    recall@3 : 0.2873    recall@4 : 0.3476    recall@5 : 0.3907    recall@10 : 0.522    recall@20 : 0.6552    recall@30 : 0.7252    recall@50 : 0.8108    ndcg@1 : 0.2265    ndcg@2 : 0.2497    ndcg@3 : 0.2706    ndcg@4 : 0.2931    ndcg@5 : 0.3091    ndcg@10 : 0.3559    ndcg@20 : 0.3962    ndcg@30 : 0.4153    ndcg@50 : 0.4354    precision@1 : 0.2265    precision@2 : 0.1916    precision@3 : 0.1681    precision@4 : 0.1552    precision@5 : 0.1417    precision@10 : 0.1001    precision@20 : 0.0659    precision@30 : 0.0502    precision@50 : 0.0343    map@1 : 0.2265    map@2 : 0.2206    map@3 : 0.2273    map@4 : 0.2368    map@5 : 0.2442    map@10 : 0.2652    map@20 : 0.2797    map@30 : 0.2855    map@50 : 0.2902
Sun 15 Mar 2026 12:12:33 INFO  Running E-step ! 
Sun 15 Mar 2026 12:12:33 INFO  epoch 232 training [time: 0.17s, train_loss1: 1.7526, train_loss2: 0.0295, train_loss3: 0.0111, train_loss4: 0.0018]
Sun 15 Mar 2026 12:12:33 INFO  epoch 232 evaluating [time: 0.14s, valid_score: 0.356600]
Sun 15 Mar 2026 12:12:33 INFO  valid result: 
recall@1 : 0.1353    recall@2 : 0.2225    recall@3 : 0.2886    recall@4 : 0.3484    recall@5 : 0.3912    recall@10 : 0.5245    recall@20 : 0.6555    recall@30 : 0.7258    recall@50 : 0.8112    ndcg@1 : 0.2259    ndcg@2 : 0.2492    ndcg@3 : 0.2711    ndcg@4 : 0.2933    ndcg@5 : 0.3091    ndcg@10 : 0.3566    ndcg@20 : 0.3962    ndcg@30 : 0.4154    ndcg@50 : 0.4354    precision@1 : 0.2259    precision@2 : 0.1916    precision@3 : 0.1689    precision@4 : 0.1555    precision@5 : 0.1417    precision@10 : 0.1004    precision@20 : 0.066    precision@30 : 0.0502    precision@50 : 0.0344    map@1 : 0.2259    map@2 : 0.2201    map@3 : 0.2274    map@4 : 0.2369    map@5 : 0.2441    map@10 : 0.2653    map@20 : 0.2795    map@30 : 0.2854    map@50 : 0.29
Sun 15 Mar 2026 12:12:33 INFO  Running E-step ! 
Sun 15 Mar 2026 12:12:33 INFO  epoch 233 training [time: 0.16s, train_loss1: 1.7460, train_loss2: 0.0294, train_loss3: 0.0111, train_loss4: 0.0018]
Sun 15 Mar 2026 12:12:33 INFO  epoch 233 evaluating [time: 0.14s, valid_score: 0.356600]
Sun 15 Mar 2026 12:12:33 INFO  valid result: 
recall@1 : 0.1365    recall@2 : 0.2221    recall@3 : 0.2887    recall@4 : 0.3474    recall@5 : 0.3918    recall@10 : 0.5234    recall@20 : 0.6552    recall@30 : 0.7257    recall@50 : 0.8114    ndcg@1 : 0.2271    ndcg@2 : 0.2493    ndcg@3 : 0.2716    ndcg@4 : 0.2932    ndcg@5 : 0.3097    ndcg@10 : 0.3566    ndcg@20 : 0.3965    ndcg@30 : 0.4157    ndcg@50 : 0.4358    precision@1 : 0.2271    precision@2 : 0.1913    precision@3 : 0.1692    precision@4 : 0.1551    precision@5 : 0.1418    precision@10 : 0.1004    precision@20 : 0.0659    precision@30 : 0.0502    precision@50 : 0.0344    map@1 : 0.2271    map@2 : 0.2205    map@3 : 0.228    map@4 : 0.2372    map@5 : 0.2447    map@10 : 0.2657    map@20 : 0.28    map@30 : 0.2859    map@50 : 0.2906
Sun 15 Mar 2026 12:12:33 INFO  Running E-step ! 
Sun 15 Mar 2026 12:12:33 INFO  epoch 234 training [time: 0.19s, train_loss1: 1.6979, train_loss2: 0.0293, train_loss3: 0.0111, train_loss4: 0.0018]
Sun 15 Mar 2026 12:12:34 INFO  epoch 234 evaluating [time: 0.14s, valid_score: 0.357000]
Sun 15 Mar 2026 12:12:34 INFO  valid result: 
recall@1 : 0.1357    recall@2 : 0.2226    recall@3 : 0.2894    recall@4 : 0.3489    recall@5 : 0.3918    recall@10 : 0.5248    recall@20 : 0.6569    recall@30 : 0.7262    recall@50 : 0.8111    ndcg@1 : 0.2259    ndcg@2 : 0.2491    ndcg@3 : 0.2718    ndcg@4 : 0.2937    ndcg@5 : 0.3096    ndcg@10 : 0.357    ndcg@20 : 0.3968    ndcg@30 : 0.4157    ndcg@50 : 0.4357    precision@1 : 0.2259    precision@2 : 0.1913    precision@3 : 0.1696    precision@4 : 0.1555    precision@5 : 0.1418    precision@10 : 0.1005    precision@20 : 0.066    precision@30 : 0.0502    precision@50 : 0.0344    map@1 : 0.2259    map@2 : 0.2202    map@3 : 0.228    map@4 : 0.2375    map@5 : 0.2446    map@10 : 0.2658    map@20 : 0.28    map@30 : 0.2858    map@50 : 0.2905
Sun 15 Mar 2026 12:12:34 INFO  Running E-step ! 
Sun 15 Mar 2026 12:12:34 INFO  epoch 235 training [time: 0.19s, train_loss1: 1.7210, train_loss2: 0.0293, train_loss3: 0.0111, train_loss4: 0.0018]
Sun 15 Mar 2026 12:12:34 INFO  epoch 235 evaluating [time: 0.14s, valid_score: 0.356700]
Sun 15 Mar 2026 12:12:34 INFO  valid result: 
recall@1 : 0.136    recall@2 : 0.2218    recall@3 : 0.29    recall@4 : 0.3487    recall@5 : 0.3918    recall@10 : 0.5236    recall@20 : 0.6562    recall@30 : 0.7263    recall@50 : 0.8111    ndcg@1 : 0.2259    ndcg@2 : 0.2487    ndcg@3 : 0.272    ndcg@4 : 0.2938    ndcg@5 : 0.3096    ndcg@10 : 0.3567    ndcg@20 : 0.3967    ndcg@30 : 0.4158    ndcg@50 : 0.4358    precision@1 : 0.2259    precision@2 : 0.191    precision@3 : 0.1698    precision@4 : 0.1558    precision@5 : 0.1418    precision@10 : 0.1004    precision@20 : 0.066    precision@30 : 0.0502    precision@50 : 0.0344    map@1 : 0.2259    map@2 : 0.2201    map@3 : 0.2282    map@4 : 0.2376    map@5 : 0.2447    map@10 : 0.2657    map@20 : 0.2801    map@30 : 0.2859    map@50 : 0.2906
Sun 15 Mar 2026 12:12:34 INFO  Running E-step ! 
Sun 15 Mar 2026 12:12:34 INFO  epoch 236 training [time: 0.19s, train_loss1: 1.7089, train_loss2: 0.0292, train_loss3: 0.0111, train_loss4: 0.0018]
Sun 15 Mar 2026 12:12:34 INFO  epoch 236 evaluating [time: 0.14s, valid_score: 0.355900]
Sun 15 Mar 2026 12:12:34 INFO  valid result: 
recall@1 : 0.1358    recall@2 : 0.2221    recall@3 : 0.2908    recall@4 : 0.3486    recall@5 : 0.3918    recall@10 : 0.5214    recall@20 : 0.6561    recall@30 : 0.7257    recall@50 : 0.8109    ndcg@1 : 0.2253    ndcg@2 : 0.2488    ndcg@3 : 0.2724    ndcg@4 : 0.2937    ndcg@5 : 0.3096    ndcg@10 : 0.3559    ndcg@20 : 0.3967    ndcg@30 : 0.4156    ndcg@50 : 0.4357    precision@1 : 0.2253    precision@2 : 0.1913    precision@3 : 0.1702    precision@4 : 0.1557    precision@5 : 0.1418    precision@10 : 0.1001    precision@20 : 0.066    precision@30 : 0.0502    precision@50 : 0.0344    map@1 : 0.2253    map@2 : 0.2201    map@3 : 0.2284    map@4 : 0.2374    map@5 : 0.2447    map@10 : 0.2654    map@20 : 0.28    map@30 : 0.2859    map@50 : 0.2905
Sun 15 Mar 2026 12:12:34 INFO  Running E-step ! 
Sun 15 Mar 2026 12:12:35 INFO  epoch 237 training [time: 0.19s, train_loss1: 1.7344, train_loss2: 0.0291, train_loss3: 0.0111, train_loss4: 0.0018]
Sun 15 Mar 2026 12:12:35 INFO  epoch 237 evaluating [time: 0.14s, valid_score: 0.355800]
Sun 15 Mar 2026 12:12:35 INFO  valid result: 
recall@1 : 0.1353    recall@2 : 0.2234    recall@3 : 0.29    recall@4 : 0.3476    recall@5 : 0.3922    recall@10 : 0.5212    recall@20 : 0.6571    recall@30 : 0.725    recall@50 : 0.8111    ndcg@1 : 0.2253    ndcg@2 : 0.2497    ndcg@3 : 0.2722    ndcg@4 : 0.2932    ndcg@5 : 0.3096    ndcg@10 : 0.3558    ndcg@20 : 0.3969    ndcg@30 : 0.4154    ndcg@50 : 0.4357    precision@1 : 0.2253    precision@2 : 0.1922    precision@3 : 0.1702    precision@4 : 0.1554    precision@5 : 0.1417    precision@10 : 0.1    precision@20 : 0.0661    precision@30 : 0.0501    precision@50 : 0.0344    map@1 : 0.2253    map@2 : 0.2206    map@3 : 0.2282    map@4 : 0.237    map@5 : 0.2445    map@10 : 0.2653    map@20 : 0.28    map@30 : 0.2857    map@50 : 0.2905
Sun 15 Mar 2026 12:12:35 INFO  Running E-step ! 
Sun 15 Mar 2026 12:12:35 INFO  epoch 238 training [time: 0.18s, train_loss1: 1.6694, train_loss2: 0.0291, train_loss3: 0.0111, train_loss4: 0.0018]
Sun 15 Mar 2026 12:12:35 INFO  epoch 238 evaluating [time: 0.14s, valid_score: 0.355400]
Sun 15 Mar 2026 12:12:35 INFO  valid result: 
recall@1 : 0.1358    recall@2 : 0.2227    recall@3 : 0.2898    recall@4 : 0.3465    recall@5 : 0.3935    recall@10 : 0.5197    recall@20 : 0.657    recall@30 : 0.7265    recall@50 : 0.811    ndcg@1 : 0.2253    ndcg@2 : 0.2494    ndcg@3 : 0.2724    ndcg@4 : 0.2928    ndcg@5 : 0.3102    ndcg@10 : 0.3554    ndcg@20 : 0.3969    ndcg@30 : 0.4158    ndcg@50 : 0.4357    precision@1 : 0.2253    precision@2 : 0.1919    precision@3 : 0.1706    precision@4 : 0.1552    precision@5 : 0.1421    precision@10 : 0.0997    precision@20 : 0.0661    precision@30 : 0.0502    precision@50 : 0.0343    map@1 : 0.2253    map@2 : 0.2206    map@3 : 0.2284    map@4 : 0.2368    map@5 : 0.2448    map@10 : 0.2652    map@20 : 0.2801    map@30 : 0.2859    map@50 : 0.2905
Sun 15 Mar 2026 12:12:35 INFO  Running E-step ! 
Sun 15 Mar 2026 12:12:35 INFO  epoch 239 training [time: 0.19s, train_loss1: 1.6921, train_loss2: 0.0290, train_loss3: 0.0111, train_loss4: 0.0017]
Sun 15 Mar 2026 12:12:35 INFO  epoch 239 evaluating [time: 0.14s, valid_score: 0.355000]
Sun 15 Mar 2026 12:12:35 INFO  valid result: 
recall@1 : 0.1347    recall@2 : 0.2226    recall@3 : 0.2909    recall@4 : 0.3466    recall@5 : 0.3927    recall@10 : 0.5202    recall@20 : 0.6569    recall@30 : 0.7266    recall@50 : 0.811    ndcg@1 : 0.2235    ndcg@2 : 0.2486    ndcg@3 : 0.2725    ndcg@4 : 0.2925    ndcg@5 : 0.3094    ndcg@10 : 0.355    ndcg@20 : 0.3965    ndcg@30 : 0.4155    ndcg@50 : 0.4353    precision@1 : 0.2235    precision@2 : 0.1913    precision@3 : 0.1712    precision@4 : 0.1554    precision@5 : 0.1417    precision@10 : 0.0997    precision@20 : 0.066    precision@30 : 0.0502    precision@50 : 0.0343    map@1 : 0.2235    map@2 : 0.2196    map@3 : 0.2281    map@4 : 0.2363    map@5 : 0.244    map@10 : 0.2647    map@20 : 0.2795    map@30 : 0.2854    map@50 : 0.29
Sun 15 Mar 2026 12:12:35 INFO  Running E-step ! 
Sun 15 Mar 2026 12:12:36 INFO  epoch 240 training [time: 0.18s, train_loss1: 1.6784, train_loss2: 0.0289, train_loss3: 0.0111, train_loss4: 0.0017]
Sun 15 Mar 2026 12:12:36 INFO  epoch 240 evaluating [time: 0.14s, valid_score: 0.355200]
Sun 15 Mar 2026 12:12:36 INFO  valid result: 
recall@1 : 0.1347    recall@2 : 0.2236    recall@3 : 0.2912    recall@4 : 0.3465    recall@5 : 0.3906    recall@10 : 0.5203    recall@20 : 0.6568    recall@30 : 0.7264    recall@50 : 0.8108    ndcg@1 : 0.2235    ndcg@2 : 0.2497    ndcg@3 : 0.2727    ndcg@4 : 0.2927    ndcg@5 : 0.3087    ndcg@10 : 0.3552    ndcg@20 : 0.3965    ndcg@30 : 0.4155    ndcg@50 : 0.4354    precision@1 : 0.2235    precision@2 : 0.1928    precision@3 : 0.171    precision@4 : 0.1554    precision@5 : 0.1411    precision@10 : 0.0999    precision@20 : 0.066    precision@30 : 0.0502    precision@50 : 0.0343    map@1 : 0.2235    map@2 : 0.2204    map@3 : 0.2282    map@4 : 0.2364    map@5 : 0.2438    map@10 : 0.2648    map@20 : 0.2796    map@30 : 0.2854    map@50 : 0.2901
Sun 15 Mar 2026 12:12:36 INFO  Running E-step ! 
Sun 15 Mar 2026 12:12:36 INFO  epoch 241 training [time: 0.16s, train_loss1: 1.6672, train_loss2: 0.0289, train_loss3: 0.0111, train_loss4: 0.0017]
Sun 15 Mar 2026 12:12:36 INFO  epoch 241 evaluating [time: 0.14s, valid_score: 0.355800]
Sun 15 Mar 2026 12:12:36 INFO  valid result: 
recall@1 : 0.1354    recall@2 : 0.2226    recall@3 : 0.2917    recall@4 : 0.3472    recall@5 : 0.391    recall@10 : 0.5217    recall@20 : 0.6571    recall@30 : 0.7268    recall@50 : 0.811    ndcg@1 : 0.2247    ndcg@2 : 0.249    ndcg@3 : 0.2731    ndcg@4 : 0.2933    ndcg@5 : 0.309    ndcg@10 : 0.3558    ndcg@20 : 0.3968    ndcg@30 : 0.4158    ndcg@50 : 0.4356    precision@1 : 0.2247    precision@2 : 0.1916    precision@3 : 0.1712    precision@4 : 0.1558    precision@5 : 0.1412    precision@10 : 0.1001    precision@20 : 0.0661    precision@30 : 0.0503    precision@50 : 0.0344    map@1 : 0.2247    map@2 : 0.2196    map@3 : 0.2286    map@4 : 0.2368    map@5 : 0.2441    map@10 : 0.2651    map@20 : 0.2797    map@30 : 0.2856    map@50 : 0.2902
Sun 15 Mar 2026 12:12:36 INFO  Running E-step ! 
Sun 15 Mar 2026 12:12:36 INFO  epoch 242 training [time: 0.17s, train_loss1: 1.6768, train_loss2: 0.0288, train_loss3: 0.0111, train_loss4: 0.0017]
Sun 15 Mar 2026 12:12:36 INFO  epoch 242 evaluating [time: 0.14s, valid_score: 0.355600]
Sun 15 Mar 2026 12:12:36 INFO  valid result: 
recall@1 : 0.1351    recall@2 : 0.2238    recall@3 : 0.2902    recall@4 : 0.3474    recall@5 : 0.3913    recall@10 : 0.5214    recall@20 : 0.6565    recall@30 : 0.7277    recall@50 : 0.812    ndcg@1 : 0.2241    ndcg@2 : 0.25    ndcg@3 : 0.2723    ndcg@4 : 0.2934    ndcg@5 : 0.3091    ndcg@10 : 0.3556    ndcg@20 : 0.3966    ndcg@30 : 0.4159    ndcg@50 : 0.4357    precision@1 : 0.2241    precision@2 : 0.1928    precision@3 : 0.1704    precision@4 : 0.156    precision@5 : 0.1414    precision@10 : 0.0999    precision@20 : 0.066    precision@30 : 0.0503    precision@50 : 0.0344    map@1 : 0.2241    map@2 : 0.2204    map@3 : 0.2279    map@4 : 0.2367    map@5 : 0.2441    map@10 : 0.2649    map@20 : 0.2796    map@30 : 0.2855    map@50 : 0.2902
Sun 15 Mar 2026 12:12:36 INFO  Running E-step ! 
Sun 15 Mar 2026 12:12:37 INFO  epoch 243 training [time: 0.19s, train_loss1: 1.6519, train_loss2: 0.0288, train_loss3: 0.0111, train_loss4: 0.0017]
Sun 15 Mar 2026 12:12:37 INFO  epoch 243 evaluating [time: 0.14s, valid_score: 0.355700]
Sun 15 Mar 2026 12:12:37 INFO  valid result: 
recall@1 : 0.1354    recall@2 : 0.224    recall@3 : 0.2898    recall@4 : 0.3476    recall@5 : 0.3915    recall@10 : 0.5212    recall@20 : 0.6583    recall@30 : 0.7281    recall@50 : 0.8117    ndcg@1 : 0.2247    ndcg@2 : 0.2506    ndcg@3 : 0.2722    ndcg@4 : 0.2936    ndcg@5 : 0.3095    ndcg@10 : 0.3557    ndcg@20 : 0.3972    ndcg@30 : 0.4162    ndcg@50 : 0.4359    precision@1 : 0.2247    precision@2 : 0.1934    precision@3 : 0.17    precision@4 : 0.156    precision@5 : 0.1416    precision@10 : 0.0999    precision@20 : 0.0662    precision@30 : 0.0504    precision@50 : 0.0344    map@1 : 0.2247    map@2 : 0.2209    map@3 : 0.2279    map@4 : 0.237    map@5 : 0.2444    map@10 : 0.2651    map@20 : 0.2799    map@30 : 0.2858    map@50 : 0.2904
Sun 15 Mar 2026 12:12:37 INFO  Running E-step ! 
Sun 15 Mar 2026 12:12:37 INFO  epoch 244 training [time: 0.19s, train_loss1: 1.6586, train_loss2: 0.0287, train_loss3: 0.0111, train_loss4: 0.0018]
Sun 15 Mar 2026 12:12:37 INFO  epoch 244 evaluating [time: 0.14s, valid_score: 0.356200]
Sun 15 Mar 2026 12:12:37 INFO  valid result: 
recall@1 : 0.1364    recall@2 : 0.2246    recall@3 : 0.2897    recall@4 : 0.3489    recall@5 : 0.3917    recall@10 : 0.5209    recall@20 : 0.6585    recall@30 : 0.7279    recall@50 : 0.8118    ndcg@1 : 0.2265    ndcg@2 : 0.2514    ndcg@3 : 0.2727    ndcg@4 : 0.2949    ndcg@5 : 0.3102    ndcg@10 : 0.3562    ndcg@20 : 0.3978    ndcg@30 : 0.4167    ndcg@50 : 0.4365    precision@1 : 0.2265    precision@2 : 0.1937    precision@3 : 0.17    precision@4 : 0.1567    precision@5 : 0.1418    precision@10 : 0.1    precision@20 : 0.0662    precision@30 : 0.0503    precision@50 : 0.0344    map@1 : 0.2265    map@2 : 0.2218    map@3 : 0.2285    map@4 : 0.2382    map@5 : 0.2452    map@10 : 0.2657    map@20 : 0.2806    map@30 : 0.2864    map@50 : 0.2911
Sun 15 Mar 2026 12:12:37 INFO  Running E-step ! 
Sun 15 Mar 2026 12:12:37 INFO  epoch 245 training [time: 0.19s, train_loss1: 1.6560, train_loss2: 0.0287, train_loss3: 0.0111, train_loss4: 0.0018]
Sun 15 Mar 2026 12:12:37 INFO  epoch 245 evaluating [time: 0.15s, valid_score: 0.356500]
Sun 15 Mar 2026 12:12:37 INFO  valid result: 
recall@1 : 0.1367    recall@2 : 0.2245    recall@3 : 0.2909    recall@4 : 0.3493    recall@5 : 0.3903    recall@10 : 0.5208    recall@20 : 0.6587    recall@30 : 0.7281    recall@50 : 0.8122    ndcg@1 : 0.2265    ndcg@2 : 0.2515    ndcg@3 : 0.2735    ndcg@4 : 0.2953    ndcg@5 : 0.3098    ndcg@10 : 0.3565    ndcg@20 : 0.3981    ndcg@30 : 0.417    ndcg@50 : 0.4368    precision@1 : 0.2265    precision@2 : 0.1937    precision@3 : 0.1706    precision@4 : 0.157    precision@5 : 0.1415    precision@10 : 0.1001    precision@20 : 0.0662    precision@30 : 0.0504    precision@50 : 0.0344    map@1 : 0.2265    map@2 : 0.222    map@3 : 0.2291    map@4 : 0.2386    map@5 : 0.2451    map@10 : 0.2661    map@20 : 0.2809    map@30 : 0.2868    map@50 : 0.2914
Sun 15 Mar 2026 12:12:37 INFO  Running E-step ! 
Sun 15 Mar 2026 12:12:38 INFO  epoch 246 training [time: 0.19s, train_loss1: 1.6513, train_loss2: 0.0286, train_loss3: 0.0111, train_loss4: 0.0017]
Sun 15 Mar 2026 12:12:38 INFO  epoch 246 evaluating [time: 0.14s, valid_score: 0.356200]
Sun 15 Mar 2026 12:12:38 INFO  valid result: 
recall@1 : 0.1373    recall@2 : 0.2233    recall@3 : 0.2913    recall@4 : 0.3498    recall@5 : 0.391    recall@10 : 0.5193    recall@20 : 0.6594    recall@30 : 0.7274    recall@50 : 0.8124    ndcg@1 : 0.2277    ndcg@2 : 0.251    ndcg@3 : 0.2739    ndcg@4 : 0.2958    ndcg@5 : 0.3102    ndcg@10 : 0.3562    ndcg@20 : 0.3985    ndcg@30 : 0.417    ndcg@50 : 0.437    precision@1 : 0.2277    precision@2 : 0.1931    precision@3 : 0.171    precision@4 : 0.1575    precision@5 : 0.1416    precision@10 : 0.1    precision@20 : 0.0663    precision@30 : 0.0503    precision@50 : 0.0344    map@1 : 0.2277    map@2 : 0.2215    map@3 : 0.2294    map@4 : 0.239    map@5 : 0.2453    map@10 : 0.2661    map@20 : 0.2811    map@30 : 0.2869    map@50 : 0.2915
Sun 15 Mar 2026 12:12:38 INFO  Running E-step ! 
Sun 15 Mar 2026 12:12:38 INFO  epoch 247 training [time: 0.17s, train_loss1: 1.6136, train_loss2: 0.0285, train_loss3: 0.0111, train_loss4: 0.0017]
Sun 15 Mar 2026 12:12:38 INFO  epoch 247 evaluating [time: 0.14s, valid_score: 0.355800]
Sun 15 Mar 2026 12:12:38 INFO  valid result: 
recall@1 : 0.1373    recall@2 : 0.2227    recall@3 : 0.2908    recall@4 : 0.3484    recall@5 : 0.3906    recall@10 : 0.5183    recall@20 : 0.6594    recall@30 : 0.7274    recall@50 : 0.8131    ndcg@1 : 0.2282    ndcg@2 : 0.2507    ndcg@3 : 0.2736    ndcg@4 : 0.2951    ndcg@5 : 0.31    ndcg@10 : 0.3558    ndcg@20 : 0.3983    ndcg@30 : 0.4169    ndcg@50 : 0.437    precision@1 : 0.2282    precision@2 : 0.1928    precision@3 : 0.1708    precision@4 : 0.157    precision@5 : 0.1415    precision@10 : 0.0998    precision@20 : 0.0663    precision@30 : 0.0503    precision@50 : 0.0344    map@1 : 0.2282    map@2 : 0.2212    map@3 : 0.2291    map@4 : 0.2385    map@5 : 0.245    map@10 : 0.2657    map@20 : 0.2809    map@30 : 0.2866    map@50 : 0.2913
Sun 15 Mar 2026 12:12:38 INFO  Running E-step ! 
Sun 15 Mar 2026 12:12:38 INFO  epoch 248 training [time: 0.18s, train_loss1: 1.6610, train_loss2: 0.0285, train_loss3: 0.0111, train_loss4: 0.0017]
Sun 15 Mar 2026 12:12:38 INFO  epoch 248 evaluating [time: 0.14s, valid_score: 0.355800]
Sun 15 Mar 2026 12:12:38 INFO  valid result: 
recall@1 : 0.1369    recall@2 : 0.2224    recall@3 : 0.291    recall@4 : 0.3495    recall@5 : 0.3913    recall@10 : 0.5189    recall@20 : 0.6593    recall@30 : 0.7275    recall@50 : 0.8134    ndcg@1 : 0.2271    ndcg@2 : 0.25    ndcg@3 : 0.2735    ndcg@4 : 0.2953    ndcg@5 : 0.3101    ndcg@10 : 0.3558    ndcg@20 : 0.3982    ndcg@30 : 0.4168    ndcg@50 : 0.437    precision@1 : 0.2271    precision@2 : 0.1922    precision@3 : 0.171    precision@4 : 0.1573    precision@5 : 0.1417    precision@10 : 0.0999    precision@20 : 0.0662    precision@30 : 0.0503    precision@50 : 0.0345    map@1 : 0.2271    map@2 : 0.2205    map@3 : 0.2288    map@4 : 0.2385    map@5 : 0.245    map@10 : 0.2656    map@20 : 0.2807    map@30 : 0.2865    map@50 : 0.2912
Sun 15 Mar 2026 12:12:38 INFO  Running E-step ! 
Sun 15 Mar 2026 12:12:39 INFO  epoch 249 training [time: 0.17s, train_loss1: 1.6455, train_loss2: 0.0284, train_loss3: 0.0111, train_loss4: 0.0018]
Sun 15 Mar 2026 12:12:39 INFO  epoch 249 evaluating [time: 0.14s, valid_score: 0.355400]
Sun 15 Mar 2026 12:12:39 INFO  valid result: 
recall@1 : 0.1369    recall@2 : 0.2214    recall@3 : 0.2904    recall@4 : 0.3493    recall@5 : 0.3919    recall@10 : 0.5184    recall@20 : 0.6587    recall@30 : 0.7275    recall@50 : 0.8136    ndcg@1 : 0.2277    ndcg@2 : 0.2493    ndcg@3 : 0.273    ndcg@4 : 0.295    ndcg@5 : 0.3101    ndcg@10 : 0.3554    ndcg@20 : 0.3978    ndcg@30 : 0.4166    ndcg@50 : 0.4368    precision@1 : 0.2277    precision@2 : 0.1913    precision@3 : 0.1706    precision@4 : 0.157    precision@5 : 0.1417    precision@10 : 0.0997    precision@20 : 0.0662    precision@30 : 0.0503    precision@50 : 0.0345    map@1 : 0.2277    map@2 : 0.2201    map@3 : 0.2283    map@4 : 0.2382    map@5 : 0.2448    map@10 : 0.2652    map@20 : 0.2804    map@30 : 0.2862    map@50 : 0.2909
Sun 15 Mar 2026 12:12:39 INFO  Running E-step ! 
Sun 15 Mar 2026 12:12:39 INFO  epoch 250 training [time: 0.16s, train_loss1: 1.6497, train_loss2: 0.0284, train_loss3: 0.0111, train_loss4: 0.0018]
Sun 15 Mar 2026 12:12:39 INFO  epoch 250 evaluating [time: 0.14s, valid_score: 0.354600]
Sun 15 Mar 2026 12:12:39 INFO  valid result: 
recall@1 : 0.1366    recall@2 : 0.2202    recall@3 : 0.2904    recall@4 : 0.3493    recall@5 : 0.3928    recall@10 : 0.5168    recall@20 : 0.6591    recall@30 : 0.728    recall@50 : 0.8138    ndcg@1 : 0.2277    ndcg@2 : 0.2484    ndcg@3 : 0.2726    ndcg@4 : 0.2947    ndcg@5 : 0.3101    ndcg@10 : 0.3546    ndcg@20 : 0.3976    ndcg@30 : 0.4164    ndcg@50 : 0.4366    precision@1 : 0.2277    precision@2 : 0.1907    precision@3 : 0.1702    precision@4 : 0.157    precision@5 : 0.1417    precision@10 : 0.0995    precision@20 : 0.0662    precision@30 : 0.0503    precision@50 : 0.0345    map@1 : 0.2277    map@2 : 0.2196    map@3 : 0.2279    map@4 : 0.2379    map@5 : 0.2447    map@10 : 0.2647    map@20 : 0.2801    map@30 : 0.2859    map@50 : 0.2906
Sun 15 Mar 2026 12:12:39 INFO  Finished training, best eval result in epoch 229
Sun 15 Mar 2026 12:12:39 INFO  Loading model structure and parameters from saved/SCL-Mar-15-2026_12-11-12.pth
Sun 15 Mar 2026 12:12:39 INFO  best valid : OrderedDict([('recall@1', 0.1372), ('recall@2', 0.2234), ('recall@3', 0.2878), ('recall@4', 0.3468), ('recall@5', 0.3886), ('recall@10', 0.5253), ('recall@20', 0.6536), ('recall@30', 0.7253), ('recall@50', 0.8123), ('ndcg@1', 0.2277), ('ndcg@2', 0.2504), ('ndcg@3', 0.2712), ('ndcg@4', 0.2931), ('ndcg@5', 0.3086), ('ndcg@10', 0.3574), ('ndcg@20', 0.3963), ('ndcg@30', 0.4157), ('ndcg@50', 0.4362), ('precision@1', 0.2277), ('precision@2', 0.1919), ('precision@3', 0.1681), ('precision@4', 0.1546), ('precision@5', 0.1409), ('precision@10', 0.1004), ('precision@20', 0.0658), ('precision@30', 0.0502), ('precision@50', 0.0344), ('map@1', 0.2277), ('map@2', 0.2217), ('map@3', 0.2279), ('map@4', 0.2373), ('map@5', 0.2444), ('map@10', 0.2662), ('map@20', 0.2802), ('map@30', 0.2862), ('map@50', 0.2909)])
Sun 15 Mar 2026 12:12:39 INFO  test result: OrderedDict([('recall@1', 0.1724), ('recall@2', 0.2549), ('recall@3', 0.3285), ('recall@4', 0.3809), ('recall@5', 0.4154), ('recall@10', 0.524), ('recall@20', 0.65), ('recall@30', 0.7311), ('recall@50', 0.8159), ('ndcg@1', 0.2878), ('ndcg@2', 0.297), ('ndcg@3', 0.3194), ('ndcg@4', 0.3371), ('ndcg@5', 0.3484), ('ndcg@10', 0.3841), ('ndcg@20', 0.4202), ('ndcg@30', 0.441), ('ndcg@50', 0.4606), ('precision@1', 0.2878), ('precision@2', 0.2232), ('precision@3', 0.1937), ('precision@4', 0.1727), ('precision@5', 0.1545), ('precision@10', 0.1017), ('precision@20', 0.0647), ('precision@30', 0.049), ('precision@50', 0.0333), ('map@1', 0.2878), ('map@2', 0.2711), ('map@3', 0.2773), ('map@4', 0.2843), ('map@5', 0.2887), ('map@10', 0.3027), ('map@20', 0.3148), ('map@30', 0.3206), ('map@50', 0.325)])
Sun 15 Mar 2026 12:12:39 INFO  training time: 86.0051s
Sun 15 Mar 2026 12:12:39 INFO  result file: results/scl_seed2028.json
