Sun 15 Mar 2026 21:53:38 INFO  
General Hyper Parameters:
gpu_id = 0
use_gpu = True
seed = 2023
state = INFO
reproducibility = True
data_path = ./travel
checkpoint_dir = saved
show_progress = True
save_dataset = False
dataset_save_path = None
save_dataloaders = False
dataloaders_save_path = None
log_wandb = False

Training Hyper Parameters:
epochs = 1000
train_batch_size = 4096
learner = adam
learning_rate = 0.001
train_neg_sample_args = {'distribution': 'uniform', 'sample_num': 1, 'alpha': 1.0, 'dynamic': False, 'candidate_num': 0}
eval_step = 1
stopping_step = 20
clip_grad_norm = None
weight_decay = 0.0
loss_decimal_place = 4

Evaluation Hyper Parameters:
eval_args = {'split': {'RS': [0.8, 0.1, 0.1]}, 'order': 'RO', 'group_by': 'user', 'mode': {'valid': 'full', 'test': 'full'}}
repeatable = False
metrics = ['Recall', 'NDCG', 'Precision', 'MAP']
topk = [1, 2, 3, 4, 5, 10, 20, 30, 50]
valid_metric = NDCG@10
valid_metric_bigger = True
eval_batch_size = 4096
metric_decimal_place = 4

Dataset Hyper Parameters:
field_separator = 	
seq_separator =  
USER_ID_FIELD = user_id
ITEM_ID_FIELD = item_id
RATING_FIELD = rating
TIME_FIELD = timestamp
seq_len = None
LABEL_FIELD = label
threshold = None
NEG_PREFIX = neg_
load_col = {'inter': ['user_id', 'item_id', 'rating'], 'user': ['user_id', 'post_num', 'follower', 'following', 'timestamp']}
unload_col = None
unused_col = None
additional_feat_suffix = None
rm_dup_inter = None
val_interval = {'rating': '[0,inf)'}
filter_inter_by_user_or_item = True
user_inter_num_interval = [0,inf)
item_inter_num_interval = [0,inf)
alias_of_user_id = None
alias_of_item_id = None
alias_of_entity_id = None
alias_of_relation_id = None
preload_weight = None
normalize_field = None
normalize_all = None
ITEM_LIST_LENGTH_FIELD = item_length
LIST_SUFFIX = _list
MAX_ITEM_LIST_LENGTH = 50
POSITION_FIELD = position_id
HEAD_ENTITY_ID_FIELD = head_id
TAIL_ENTITY_ID_FIELD = tail_id
RELATION_ID_FIELD = relation_id
ENTITY_ID_FIELD = entity_id
benchmark_filename = None

Other Hyper Parameters: 
worker = 0
wandb_project = recbole
shuffle = True
require_pow = False
enable_amp = False
enable_scaler = False
transform = None
numerical_features = []
discretization = None
kg_reverse_r = False
entity_kg_num_interval = [0,inf)
relation_kg_num_interval = [0,inf)
MODEL_TYPE = ModelType.GENERAL
embedding_size = 64
n_layers = 3
reg_weight = 0.0001
smt_latent_dim = 64
ssl_temp = 0.1
ssl_reg = 1e-07
hyper_layers = 1
alpha = 1
potential_reg = 8e-08
semantic_reg = 8e-08
num_clusters = 10
m_step = 1
warm_up_step = 20
user_feature_path = features/roberta_user.npy
item_feature_path = features/roberta_item.npy
MODEL_INPUT_TYPE = InputType.PAIRWISE
eval_type = EvaluatorType.RANKING
single_spec = True
local_rank = 0
device = cuda
valid_neg_sample_args = {'distribution': 'uniform', 'sample_num': 'none'}
test_neg_sample_args = {'distribution': 'uniform', 'sample_num': 'none'}


Sun 15 Mar 2026 21:53:39 INFO  travel
The number of users: 2010
Average actions of users: 18.721254355400696
The number of items: 247
Average actions of items: 152.890243902439
The number of inters: 37611
The sparsity of the dataset: 92.42431566862047%
Remain Fields: ['user_id', 'item_id', 'rating', 'post_num', 'follower', 'following', 'timestamp']
Sun 15 Mar 2026 21:53:39 INFO  [Training]: train_batch_size = [4096] train_neg_sample_args: [{'distribution': 'uniform', 'sample_num': 1, 'alpha': 1.0, 'dynamic': False, 'candidate_num': 0}]
Sun 15 Mar 2026 21:53:39 INFO  [Evaluation]: eval_batch_size = [4096] eval_args: [{'split': {'RS': [0.8, 0.1, 0.1]}, 'order': 'RO', 'group_by': 'user', 'mode': {'valid': 'full', 'test': 'full'}}]
Sun 15 Mar 2026 21:53:40 INFO  SCL(
  (u_MLP): Linear(in_features=1024, out_features=64, bias=True)
  (i_MLP): Linear(in_features=1024, out_features=64, bias=True)
  (user_embedding): Embedding(2010, 64)
  (item_embedding): Embedding(247, 64)
  (mf_loss): BPRLoss()
  (reg_loss): EmbLoss()
)
Trainable parameters: 144448
Sun 15 Mar 2026 21:53:40 INFO  trainable parameters: 144448
Sun 15 Mar 2026 21:53:41 INFO  Running E-step ! 
Sun 15 Mar 2026 21:53:41 INFO  epoch 0 training [time: 0.52s, train_loss1: 5.5428, train_loss2: 0.0198, train_loss3: 0.0115]
Sun 15 Mar 2026 21:53:42 INFO  epoch 0 evaluating [time: 0.36s, valid_score: 0.029500]
Sun 15 Mar 2026 21:53:42 INFO  valid result: 
recall@1 : 0.0064    recall@2 : 0.0107    recall@3 : 0.0145    recall@4 : 0.0222    recall@5 : 0.0277    recall@10 : 0.0528    recall@20 : 0.0936    recall@30 : 0.1415    recall@50 : 0.2198    ndcg@1 : 0.0125    ndcg@2 : 0.0135    ndcg@3 : 0.0149    ndcg@4 : 0.0183    ndcg@5 : 0.0202    ndcg@10 : 0.0295    ndcg@20 : 0.0416    ndcg@30 : 0.0538    ndcg@50 : 0.0718    precision@1 : 0.0125    precision@2 : 0.0107    precision@3 : 0.0099    precision@4 : 0.0116    precision@5 : 0.0113    precision@10 : 0.0117    precision@20 : 0.0107    precision@30 : 0.0106    precision@50 : 0.0101    map@1 : 0.0125    map@2 : 0.0113    map@3 : 0.0115    map@4 : 0.0128    map@5 : 0.0134    map@10 : 0.0165    map@20 : 0.0194    map@30 : 0.0216    map@50 : 0.0242
Sun 15 Mar 2026 21:53:42 INFO  Saving current: saved/SCL-Mar-15-2026_21-53-40.pth
Sun 15 Mar 2026 21:53:42 INFO  Saving current best: saved/SCL-Mar-15-2026_21-53-40.pth
Sun 15 Mar 2026 21:53:42 INFO  Running E-step ! 
Sun 15 Mar 2026 21:53:42 INFO  epoch 1 training [time: 0.23s, train_loss1: 5.5426, train_loss2: 0.0148, train_loss3: 0.0114]
Sun 15 Mar 2026 21:53:42 INFO  epoch 1 evaluating [time: 0.34s, valid_score: 0.028900]
Sun 15 Mar 2026 21:53:42 INFO  valid result: 
recall@1 : 0.0058    recall@2 : 0.0132    recall@3 : 0.016    recall@4 : 0.0233    recall@5 : 0.027    recall@10 : 0.0508    recall@20 : 0.0952    recall@30 : 0.1402    recall@50 : 0.2197    ndcg@1 : 0.0095    ndcg@2 : 0.0141    ndcg@3 : 0.0154    ndcg@4 : 0.0186    ndcg@5 : 0.0199    ndcg@10 : 0.0289    ndcg@20 : 0.0422    ndcg@30 : 0.0536    ndcg@50 : 0.072    precision@1 : 0.0095    precision@2 : 0.0116    precision@3 : 0.0109    precision@4 : 0.0119    precision@5 : 0.0111    precision@10 : 0.0111    precision@20 : 0.0108    precision@30 : 0.0104    precision@50 : 0.0101    map@1 : 0.0095    map@2 : 0.0116    map@3 : 0.0118    map@4 : 0.013    map@5 : 0.0135    map@10 : 0.0166    map@20 : 0.0198    map@30 : 0.0218    map@50 : 0.0246
Sun 15 Mar 2026 21:53:42 INFO  Running E-step ! 
Sun 15 Mar 2026 21:53:42 INFO  epoch 2 training [time: 0.22s, train_loss1: 5.5420, train_loss2: 0.0127, train_loss3: 0.0113]
Sun 15 Mar 2026 21:53:43 INFO  epoch 2 evaluating [time: 0.33s, valid_score: 0.030600]
Sun 15 Mar 2026 21:53:43 INFO  valid result: 
recall@1 : 0.0073    recall@2 : 0.0133    recall@3 : 0.019    recall@4 : 0.0232    recall@5 : 0.0289    recall@10 : 0.0533    recall@20 : 0.0979    recall@30 : 0.1395    recall@50 : 0.222    ndcg@1 : 0.0107    ndcg@2 : 0.0153    ndcg@3 : 0.0181    ndcg@4 : 0.0196    ndcg@5 : 0.0217    ndcg@10 : 0.0306    ndcg@20 : 0.044    ndcg@30 : 0.0546    ndcg@50 : 0.0736    precision@1 : 0.0107    precision@2 : 0.0125    precision@3 : 0.0129    precision@4 : 0.0121    precision@5 : 0.0118    precision@10 : 0.0115    precision@20 : 0.0111    precision@30 : 0.0103    precision@50 : 0.0102    map@1 : 0.0107    map@2 : 0.013    map@3 : 0.0139    map@4 : 0.0143    map@5 : 0.0151    map@10 : 0.018    map@20 : 0.0212    map@30 : 0.0231    map@50 : 0.0259
Sun 15 Mar 2026 21:53:43 INFO  Saving current: saved/SCL-Mar-15-2026_21-53-40.pth
Sun 15 Mar 2026 21:53:43 INFO  Saving current best: saved/SCL-Mar-15-2026_21-53-40.pth
Sun 15 Mar 2026 21:53:43 INFO  Running E-step ! 
Sun 15 Mar 2026 21:53:43 INFO  epoch 3 training [time: 0.22s, train_loss1: 5.5415, train_loss2: 0.0111, train_loss3: 0.0112]
Sun 15 Mar 2026 21:53:43 INFO  epoch 3 evaluating [time: 0.30s, valid_score: 0.032100]
Sun 15 Mar 2026 21:53:43 INFO  valid result: 
recall@1 : 0.0074    recall@2 : 0.0139    recall@3 : 0.0209    recall@4 : 0.0255    recall@5 : 0.0304    recall@10 : 0.0556    recall@20 : 0.097    recall@30 : 0.1409    recall@50 : 0.226    ndcg@1 : 0.0113    ndcg@2 : 0.0162    ndcg@3 : 0.0194    ndcg@4 : 0.0212    ndcg@5 : 0.0231    ndcg@10 : 0.0321    ndcg@20 : 0.0445    ndcg@30 : 0.0557    ndcg@50 : 0.0754    precision@1 : 0.0113    precision@2 : 0.0137    precision@3 : 0.0139    precision@4 : 0.0133    precision@5 : 0.013    precision@10 : 0.012    precision@20 : 0.0111    precision@30 : 0.0105    precision@50 : 0.0105    map@1 : 0.0113    map@2 : 0.0136    map@3 : 0.0147    map@4 : 0.0152    map@5 : 0.0159    map@10 : 0.0189    map@20 : 0.0218    map@30 : 0.0239    map@50 : 0.0267
Sun 15 Mar 2026 21:53:43 INFO  Saving current: saved/SCL-Mar-15-2026_21-53-40.pth
Sun 15 Mar 2026 21:53:43 INFO  Saving current best: saved/SCL-Mar-15-2026_21-53-40.pth
Sun 15 Mar 2026 21:53:43 INFO  Running E-step ! 
Sun 15 Mar 2026 21:53:43 INFO  epoch 4 training [time: 0.22s, train_loss1: 5.5408, train_loss2: 0.0097, train_loss3: 0.0111]
Sun 15 Mar 2026 21:53:44 INFO  epoch 4 evaluating [time: 0.33s, valid_score: 0.034100]
Sun 15 Mar 2026 21:53:44 INFO  valid result: 
recall@1 : 0.0082    recall@2 : 0.0157    recall@3 : 0.0216    recall@4 : 0.0263    recall@5 : 0.0329    recall@10 : 0.0582    recall@20 : 0.1017    recall@30 : 0.1427    recall@50 : 0.2252    ndcg@1 : 0.0143    ndcg@2 : 0.0183    ndcg@3 : 0.0206    ndcg@4 : 0.0225    ndcg@5 : 0.0248    ndcg@10 : 0.0341    ndcg@20 : 0.047    ndcg@30 : 0.0575    ndcg@50 : 0.0767    precision@1 : 0.0143    precision@2 : 0.0152    precision@3 : 0.0143    precision@4 : 0.0137    precision@5 : 0.0132    precision@10 : 0.0126    precision@20 : 0.0114    precision@30 : 0.0106    precision@50 : 0.0105    map@1 : 0.0143    map@2 : 0.0153    map@3 : 0.0158    map@4 : 0.0164    map@5 : 0.0173    map@10 : 0.0202    map@20 : 0.0233    map@30 : 0.0252    map@50 : 0.028
Sun 15 Mar 2026 21:53:44 INFO  Saving current: saved/SCL-Mar-15-2026_21-53-40.pth
Sun 15 Mar 2026 21:53:44 INFO  Saving current best: saved/SCL-Mar-15-2026_21-53-40.pth
Sun 15 Mar 2026 21:53:44 INFO  Running E-step ! 
Sun 15 Mar 2026 21:53:44 INFO  epoch 5 training [time: 0.21s, train_loss1: 5.5399, train_loss2: 0.0086, train_loss3: 0.0111]
Sun 15 Mar 2026 21:53:44 INFO  epoch 5 evaluating [time: 0.33s, valid_score: 0.035700]
Sun 15 Mar 2026 21:53:44 INFO  valid result: 
recall@1 : 0.0089    recall@2 : 0.0169    recall@3 : 0.0227    recall@4 : 0.0281    recall@5 : 0.0331    recall@10 : 0.0603    recall@20 : 0.1052    recall@30 : 0.1436    recall@50 : 0.2269    ndcg@1 : 0.0161    ndcg@2 : 0.0195    ndcg@3 : 0.0217    ndcg@4 : 0.0239    ndcg@5 : 0.0257    ndcg@10 : 0.0357    ndcg@20 : 0.0488    ndcg@30 : 0.0589    ndcg@50 : 0.0782    precision@1 : 0.0161    precision@2 : 0.0158    precision@3 : 0.0147    precision@4 : 0.0143    precision@5 : 0.0136    precision@10 : 0.0133    precision@20 : 0.0115    precision@30 : 0.0108    precision@50 : 0.0105    map@1 : 0.0161    map@2 : 0.0164    map@3 : 0.0169    map@4 : 0.0174    map@5 : 0.018    map@10 : 0.0213    map@20 : 0.0245    map@30 : 0.0264    map@50 : 0.0291
Sun 15 Mar 2026 21:53:44 INFO  Saving current: saved/SCL-Mar-15-2026_21-53-40.pth
Sun 15 Mar 2026 21:53:44 INFO  Saving current best: saved/SCL-Mar-15-2026_21-53-40.pth
Sun 15 Mar 2026 21:53:44 INFO  Running E-step ! 
Sun 15 Mar 2026 21:53:45 INFO  epoch 6 training [time: 0.23s, train_loss1: 5.5390, train_loss2: 0.0077, train_loss3: 0.0110]
Sun 15 Mar 2026 21:53:45 INFO  epoch 6 evaluating [time: 0.33s, valid_score: 0.038400]
Sun 15 Mar 2026 21:53:45 INFO  valid result: 
recall@1 : 0.0085    recall@2 : 0.017    recall@3 : 0.0239    recall@4 : 0.0316    recall@5 : 0.0354    recall@10 : 0.0673    recall@20 : 0.1062    recall@30 : 0.1486    recall@50 : 0.2327    ndcg@1 : 0.0167    ndcg@2 : 0.02    ndcg@3 : 0.0227    ndcg@4 : 0.0256    ndcg@5 : 0.027    ndcg@10 : 0.0384    ndcg@20 : 0.0502    ndcg@30 : 0.0613    ndcg@50 : 0.0807    precision@1 : 0.0167    precision@2 : 0.0164    precision@3 : 0.0157    precision@4 : 0.0155    precision@5 : 0.0144    precision@10 : 0.0141    precision@20 : 0.0118    precision@30 : 0.0113    precision@50 : 0.0108    map@1 : 0.0167    map@2 : 0.0168    map@3 : 0.0175    map@4 : 0.0184    map@5 : 0.0188    map@10 : 0.0225    map@20 : 0.0254    map@30 : 0.0275    map@50 : 0.0302
Sun 15 Mar 2026 21:53:45 INFO  Saving current: saved/SCL-Mar-15-2026_21-53-40.pth
Sun 15 Mar 2026 21:53:45 INFO  Saving current best: saved/SCL-Mar-15-2026_21-53-40.pth
Sun 15 Mar 2026 21:53:45 INFO  Running E-step ! 
Sun 15 Mar 2026 21:53:45 INFO  epoch 7 training [time: 0.22s, train_loss1: 5.5378, train_loss2: 0.0070, train_loss3: 0.0109]
Sun 15 Mar 2026 21:53:45 INFO  epoch 7 evaluating [time: 0.32s, valid_score: 0.040600]
Sun 15 Mar 2026 21:53:45 INFO  valid result: 
recall@1 : 0.009    recall@2 : 0.0184    recall@3 : 0.0255    recall@4 : 0.0334    recall@5 : 0.0384    recall@10 : 0.0698    recall@20 : 0.1121    recall@30 : 0.1522    recall@50 : 0.241    ndcg@1 : 0.0185    ndcg@2 : 0.0219    ndcg@3 : 0.0242    ndcg@4 : 0.0274    ndcg@5 : 0.0292    ndcg@10 : 0.0406    ndcg@20 : 0.0533    ndcg@30 : 0.0639    ndcg@50 : 0.0847    precision@1 : 0.0185    precision@2 : 0.0182    precision@3 : 0.0165    precision@4 : 0.0167    precision@5 : 0.0156    precision@10 : 0.0148    precision@20 : 0.0125    precision@30 : 0.0117    precision@50 : 0.0114    map@1 : 0.0185    map@2 : 0.0185    map@3 : 0.0187    map@4 : 0.0197    map@5 : 0.0202    map@10 : 0.024    map@20 : 0.0271    map@30 : 0.0291    map@50 : 0.0321
Sun 15 Mar 2026 21:53:45 INFO  Saving current: saved/SCL-Mar-15-2026_21-53-40.pth
Sun 15 Mar 2026 21:53:45 INFO  Saving current best: saved/SCL-Mar-15-2026_21-53-40.pth
Sun 15 Mar 2026 21:53:45 INFO  Running E-step ! 
Sun 15 Mar 2026 21:53:46 INFO  epoch 8 training [time: 0.21s, train_loss1: 5.5365, train_loss2: 0.0064, train_loss3: 0.0109]
Sun 15 Mar 2026 21:53:46 INFO  epoch 8 evaluating [time: 0.31s, valid_score: 0.044700]
Sun 15 Mar 2026 21:53:46 INFO  valid result: 
recall@1 : 0.0114    recall@2 : 0.0223    recall@3 : 0.0287    recall@4 : 0.0379    recall@5 : 0.0423    recall@10 : 0.0744    recall@20 : 0.1198    recall@30 : 0.1644    recall@50 : 0.2535    ndcg@1 : 0.0221    ndcg@2 : 0.0256    ndcg@3 : 0.0278    ndcg@4 : 0.0316    ndcg@5 : 0.0331    ndcg@10 : 0.0447    ndcg@20 : 0.0585    ndcg@30 : 0.07    ndcg@50 : 0.0908    precision@1 : 0.0221    precision@2 : 0.0206    precision@3 : 0.0185    precision@4 : 0.0186    precision@5 : 0.0172    precision@10 : 0.016    precision@20 : 0.0137    precision@30 : 0.0125    precision@50 : 0.012    map@1 : 0.0221    map@2 : 0.0219    map@3 : 0.0219    map@4 : 0.0232    map@5 : 0.0236    map@10 : 0.0273    map@20 : 0.0307    map@30 : 0.0328    map@50 : 0.0359
Sun 15 Mar 2026 21:53:46 INFO  Saving current: saved/SCL-Mar-15-2026_21-53-40.pth
Sun 15 Mar 2026 21:53:46 INFO  Saving current best: saved/SCL-Mar-15-2026_21-53-40.pth
Sun 15 Mar 2026 21:53:46 INFO  Running E-step ! 
Sun 15 Mar 2026 21:53:46 INFO  epoch 9 training [time: 0.21s, train_loss1: 5.5348, train_loss2: 0.0061, train_loss3: 0.0108]
Sun 15 Mar 2026 21:53:47 INFO  epoch 9 evaluating [time: 0.34s, valid_score: 0.048500]
Sun 15 Mar 2026 21:53:47 INFO  valid result: 
recall@1 : 0.0134    recall@2 : 0.0253    recall@3 : 0.0349    recall@4 : 0.0414    recall@5 : 0.0487    recall@10 : 0.0771    recall@20 : 0.1312    recall@30 : 0.1736    recall@50 : 0.2647    ndcg@1 : 0.025    ndcg@2 : 0.0294    ndcg@3 : 0.0333    ndcg@4 : 0.0358    ndcg@5 : 0.0383    ndcg@10 : 0.0485    ndcg@20 : 0.0648    ndcg@30 : 0.0761    ndcg@50 : 0.0973    precision@1 : 0.025    precision@2 : 0.0235    precision@3 : 0.0226    precision@4 : 0.0215    precision@5 : 0.0201    precision@10 : 0.0169    precision@20 : 0.0149    precision@30 : 0.0135    precision@50 : 0.0126    map@1 : 0.025    map@2 : 0.0252    map@3 : 0.0261    map@4 : 0.0265    map@5 : 0.0273    map@10 : 0.0305    map@20 : 0.0346    map@30 : 0.0368    map@50 : 0.04
Sun 15 Mar 2026 21:53:47 INFO  Saving current: saved/SCL-Mar-15-2026_21-53-40.pth
Sun 15 Mar 2026 21:53:47 INFO  Saving current best: saved/SCL-Mar-15-2026_21-53-40.pth
Sun 15 Mar 2026 21:53:47 INFO  Running E-step ! 
Sun 15 Mar 2026 21:53:47 INFO  epoch 10 training [time: 0.22s, train_loss1: 5.5329, train_loss2: 0.0058, train_loss3: 0.0108]
Sun 15 Mar 2026 21:53:47 INFO  epoch 10 evaluating [time: 0.34s, valid_score: 0.055700]
Sun 15 Mar 2026 21:53:47 INFO  valid result: 
recall@1 : 0.0179    recall@2 : 0.0269    recall@3 : 0.0374    recall@4 : 0.0454    recall@5 : 0.0531    recall@10 : 0.0872    recall@20 : 0.1429    recall@30 : 0.19    recall@50 : 0.2787    ndcg@1 : 0.0316    ndcg@2 : 0.0341    ndcg@3 : 0.0379    ndcg@4 : 0.0407    ndcg@5 : 0.0434    ndcg@10 : 0.0557    ndcg@20 : 0.0725    ndcg@30 : 0.0848    ndcg@50 : 0.1058    precision@1 : 0.0316    precision@2 : 0.0271    precision@3 : 0.0256    precision@4 : 0.0237    precision@5 : 0.0225    precision@10 : 0.0196    precision@20 : 0.0165    precision@30 : 0.0147    precision@50 : 0.0135    map@1 : 0.0316    map@2 : 0.0295    map@3 : 0.03    map@4 : 0.0308    map@5 : 0.0315    map@10 : 0.0353    map@20 : 0.0396    map@30 : 0.042    map@50 : 0.0453
Sun 15 Mar 2026 21:53:47 INFO  Saving current: saved/SCL-Mar-15-2026_21-53-40.pth
Sun 15 Mar 2026 21:53:47 INFO  Saving current best: saved/SCL-Mar-15-2026_21-53-40.pth
Sun 15 Mar 2026 21:53:47 INFO  Running E-step ! 
Sun 15 Mar 2026 21:53:47 INFO  epoch 11 training [time: 0.22s, train_loss1: 5.5306, train_loss2: 0.0057, train_loss3: 0.0107]
Sun 15 Mar 2026 21:53:48 INFO  epoch 11 evaluating [time: 0.32s, valid_score: 0.064900]
Sun 15 Mar 2026 21:53:48 INFO  valid result: 
recall@1 : 0.0209    recall@2 : 0.0316    recall@3 : 0.0435    recall@4 : 0.0532    recall@5 : 0.0591    recall@10 : 0.1006    recall@20 : 0.1567    recall@30 : 0.2047    recall@50 : 0.2964    ndcg@1 : 0.0387    ndcg@2 : 0.041    ndcg@3 : 0.0446    ndcg@4 : 0.0479    ndcg@5 : 0.0496    ndcg@10 : 0.0649    ndcg@20 : 0.0816    ndcg@30 : 0.0945    ndcg@50 : 0.116    precision@1 : 0.0387    precision@2 : 0.0331    precision@3 : 0.0302    precision@4 : 0.028    precision@5 : 0.0254    precision@10 : 0.0228    precision@20 : 0.0181    precision@30 : 0.0162    precision@50 : 0.0144    map@1 : 0.0387    map@2 : 0.0349    map@3 : 0.0354    map@4 : 0.0361    map@5 : 0.0363    map@10 : 0.0413    map@20 : 0.0456    map@30 : 0.0482    map@50 : 0.0517
Sun 15 Mar 2026 21:53:48 INFO  Saving current: saved/SCL-Mar-15-2026_21-53-40.pth
Sun 15 Mar 2026 21:53:48 INFO  Saving current best: saved/SCL-Mar-15-2026_21-53-40.pth
Sun 15 Mar 2026 21:53:48 INFO  Running E-step ! 
Sun 15 Mar 2026 21:53:48 INFO  epoch 12 training [time: 0.19s, train_loss1: 5.5274, train_loss2: 0.0057, train_loss3: 0.0107]
Sun 15 Mar 2026 21:53:48 INFO  epoch 12 evaluating [time: 0.33s, valid_score: 0.075500]
Sun 15 Mar 2026 21:53:48 INFO  valid result: 
recall@1 : 0.0242    recall@2 : 0.0378    recall@3 : 0.051    recall@4 : 0.0655    recall@5 : 0.0749    recall@10 : 0.1149    recall@20 : 0.1788    recall@30 : 0.2305    recall@50 : 0.3266    ndcg@1 : 0.0477    ndcg@2 : 0.0487    ndcg@3 : 0.0529    ndcg@4 : 0.0581    ndcg@5 : 0.0612    ndcg@10 : 0.0755    ndcg@20 : 0.0948    ndcg@30 : 0.1087    ndcg@50 : 0.1311    precision@1 : 0.0477    precision@2 : 0.0393    precision@3 : 0.0366    precision@4 : 0.0347    precision@5 : 0.0321    precision@10 : 0.0258    precision@20 : 0.0207    precision@30 : 0.0183    precision@50 : 0.0158    map@1 : 0.0477    map@2 : 0.0414    map@3 : 0.0417    map@4 : 0.0433    map@5 : 0.044    map@10 : 0.0488    map@20 : 0.0538    map@30 : 0.0568    map@50 : 0.0605
Sun 15 Mar 2026 21:53:48 INFO  Saving current: saved/SCL-Mar-15-2026_21-53-40.pth
Sun 15 Mar 2026 21:53:48 INFO  Saving current best: saved/SCL-Mar-15-2026_21-53-40.pth
Sun 15 Mar 2026 21:53:48 INFO  Running E-step ! 
Sun 15 Mar 2026 21:53:48 INFO  epoch 13 training [time: 0.20s, train_loss1: 5.5236, train_loss2: 0.0061, train_loss3: 0.0107]
Sun 15 Mar 2026 21:53:49 INFO  epoch 13 evaluating [time: 0.34s, valid_score: 0.090300]
Sun 15 Mar 2026 21:53:49 INFO  valid result: 
recall@1 : 0.0279    recall@2 : 0.0466    recall@3 : 0.0606    recall@4 : 0.0766    recall@5 : 0.0876    recall@10 : 0.1385    recall@20 : 0.2037    recall@30 : 0.2575    recall@50 : 0.3601    ndcg@1 : 0.0554    ndcg@2 : 0.0601    ndcg@3 : 0.0631    ndcg@4 : 0.0683    ndcg@5 : 0.0724    ndcg@10 : 0.0903    ndcg@20 : 0.1104    ndcg@30 : 0.1248    ndcg@50 : 0.1486    precision@1 : 0.0554    precision@2 : 0.0504    precision@3 : 0.0441    precision@4 : 0.0407    precision@5 : 0.0384    precision@10 : 0.031    precision@20 : 0.0241    precision@30 : 0.0206    precision@50 : 0.0174    map@1 : 0.0554    map@2 : 0.051    map@3 : 0.0496    map@4 : 0.051    map@5 : 0.052    map@10 : 0.0585    map@20 : 0.064    map@30 : 0.0672    map@50 : 0.0713
Sun 15 Mar 2026 21:53:49 INFO  Saving current: saved/SCL-Mar-15-2026_21-53-40.pth
Sun 15 Mar 2026 21:53:49 INFO  Saving current best: saved/SCL-Mar-15-2026_21-53-40.pth
Sun 15 Mar 2026 21:53:49 INFO  Running E-step ! 
Sun 15 Mar 2026 21:53:49 INFO  epoch 14 training [time: 0.20s, train_loss1: 5.5186, train_loss2: 0.0067, train_loss3: 0.0106]
Sun 15 Mar 2026 21:53:49 INFO  epoch 14 evaluating [time: 0.32s, valid_score: 0.105900]
Sun 15 Mar 2026 21:53:49 INFO  valid result: 
recall@1 : 0.0304    recall@2 : 0.0524    recall@3 : 0.0763    recall@4 : 0.0934    recall@5 : 0.1069    recall@10 : 0.1627    recall@20 : 0.2408    recall@30 : 0.2986    recall@50 : 0.3991    ndcg@1 : 0.0626    ndcg@2 : 0.0669    ndcg@3 : 0.0753    ndcg@4 : 0.081    ndcg@5 : 0.0857    ndcg@10 : 0.1059    ndcg@20 : 0.1295    ndcg@30 : 0.1449    ndcg@50 : 0.1683    precision@1 : 0.0626    precision@2 : 0.056    precision@3 : 0.0538    precision@4 : 0.0495    precision@5 : 0.046    precision@10 : 0.0371    precision@20 : 0.0285    precision@30 : 0.0239    precision@50 : 0.0192    map@1 : 0.0626    map@2 : 0.0568    map@3 : 0.0581    map@4 : 0.0596    map@5 : 0.061    map@10 : 0.0687    map@20 : 0.0753    map@30 : 0.0789    map@50 : 0.0832
Sun 15 Mar 2026 21:53:49 INFO  Saving current: saved/SCL-Mar-15-2026_21-53-40.pth
Sun 15 Mar 2026 21:53:49 INFO  Saving current best: saved/SCL-Mar-15-2026_21-53-40.pth
Sun 15 Mar 2026 21:53:49 INFO  Running E-step ! 
Sun 15 Mar 2026 21:53:50 INFO  epoch 15 training [time: 0.22s, train_loss1: 5.5117, train_loss2: 0.0079, train_loss3: 0.0106]
Sun 15 Mar 2026 21:53:50 INFO  epoch 15 evaluating [time: 0.33s, valid_score: 0.129700]
Sun 15 Mar 2026 21:53:50 INFO  valid result: 
recall@1 : 0.0405    recall@2 : 0.0704    recall@3 : 0.094    recall@4 : 0.1113    recall@5 : 0.1275    recall@10 : 0.1954    recall@20 : 0.2873    recall@30 : 0.3561    recall@50 : 0.4521    ndcg@1 : 0.0787    ndcg@2 : 0.0867    ndcg@3 : 0.0942    ndcg@4 : 0.0999    ndcg@5 : 0.1054    ndcg@10 : 0.1297    ndcg@20 : 0.158    ndcg@30 : 0.176    ndcg@50 : 0.1983    precision@1 : 0.0787    precision@2 : 0.0715    precision@3 : 0.066    precision@4 : 0.0603    precision@5 : 0.0559    precision@10 : 0.0442    precision@20 : 0.0339    precision@30 : 0.028    precision@50 : 0.0215    map@1 : 0.0787    map@2 : 0.0743    map@3 : 0.0744    map@4 : 0.0758    map@5 : 0.0774    map@10 : 0.0868    map@20 : 0.0954    map@30 : 0.0998    map@50 : 0.104
Sun 15 Mar 2026 21:53:50 INFO  Saving current: saved/SCL-Mar-15-2026_21-53-40.pth
Sun 15 Mar 2026 21:53:50 INFO  Saving current best: saved/SCL-Mar-15-2026_21-53-40.pth
Sun 15 Mar 2026 21:53:50 INFO  Running E-step ! 
Sun 15 Mar 2026 21:53:50 INFO  epoch 16 training [time: 0.20s, train_loss1: 5.5018, train_loss2: 0.0098, train_loss3: 0.0106]
Sun 15 Mar 2026 21:53:50 INFO  epoch 16 evaluating [time: 0.31s, valid_score: 0.155100]
Sun 15 Mar 2026 21:53:50 INFO  valid result: 
recall@1 : 0.0463    recall@2 : 0.0838    recall@3 : 0.1106    recall@4 : 0.1361    recall@5 : 0.1537    recall@10 : 0.235    recall@20 : 0.3484    recall@30 : 0.4186    recall@50 : 0.5113    ndcg@1 : 0.0924    ndcg@2 : 0.1036    ndcg@3 : 0.1105    ndcg@4 : 0.1194    ndcg@5 : 0.1256    ndcg@10 : 0.1551    ndcg@20 : 0.1895    ndcg@30 : 0.2082    ndcg@50 : 0.2299    precision@1 : 0.0924    precision@2 : 0.087    precision@3 : 0.0773    precision@4 : 0.072    precision@5 : 0.0669    precision@10 : 0.0535    precision@20 : 0.0402    precision@30 : 0.0327    precision@50 : 0.0242    map@1 : 0.0924    map@2 : 0.0889    map@3 : 0.0879    map@4 : 0.0908    map@5 : 0.0928    map@10 : 0.1043    map@20 : 0.1152    map@30 : 0.1201    map@50 : 0.1244
Sun 15 Mar 2026 21:53:50 INFO  Saving current: saved/SCL-Mar-15-2026_21-53-40.pth
Sun 15 Mar 2026 21:53:50 INFO  Saving current best: saved/SCL-Mar-15-2026_21-53-40.pth
Sun 15 Mar 2026 21:53:50 INFO  Running E-step ! 
Sun 15 Mar 2026 21:53:51 INFO  epoch 17 training [time: 0.21s, train_loss1: 5.4871, train_loss2: 0.0129, train_loss3: 0.0106]
Sun 15 Mar 2026 21:53:51 INFO  epoch 17 evaluating [time: 0.34s, valid_score: 0.193300]
Sun 15 Mar 2026 21:53:51 INFO  valid result: 
recall@1 : 0.0567    recall@2 : 0.101    recall@3 : 0.1323    recall@4 : 0.1588    recall@5 : 0.1884    recall@10 : 0.3024    recall@20 : 0.4182    recall@30 : 0.4917    recall@50 : 0.5839    ndcg@1 : 0.1174    ndcg@2 : 0.1243    ndcg@3 : 0.1326    ndcg@4 : 0.1414    ndcg@5 : 0.1525    ndcg@10 : 0.1933    ndcg@20 : 0.2283    ndcg@30 : 0.2479    ndcg@50 : 0.2694    precision@1 : 0.1174    precision@2 : 0.1025    precision@3 : 0.092    precision@4 : 0.084    precision@5 : 0.0803    precision@10 : 0.0665    precision@20 : 0.0474    precision@30 : 0.0377    precision@50 : 0.027    map@1 : 0.1174    map@2 : 0.1059    map@3 : 0.105    map@4 : 0.1081    map@5 : 0.1125    map@10 : 0.1292    map@20 : 0.1407    map@30 : 0.1462    map@50 : 0.1507
Sun 15 Mar 2026 21:53:51 INFO  Saving current: saved/SCL-Mar-15-2026_21-53-40.pth
Sun 15 Mar 2026 21:53:51 INFO  Saving current best: saved/SCL-Mar-15-2026_21-53-40.pth
Sun 15 Mar 2026 21:53:51 INFO  Running E-step ! 
Sun 15 Mar 2026 21:53:51 INFO  epoch 18 training [time: 0.22s, train_loss1: 5.4627, train_loss2: 0.0177, train_loss3: 0.0105]
Sun 15 Mar 2026 21:53:52 INFO  epoch 18 evaluating [time: 0.31s, valid_score: 0.232300]
Sun 15 Mar 2026 21:53:52 INFO  valid result: 
recall@1 : 0.0701    recall@2 : 0.1226    recall@3 : 0.1616    recall@4 : 0.1947    recall@5 : 0.2332    recall@10 : 0.3643    recall@20 : 0.504    recall@30 : 0.5755    recall@50 : 0.6637    ndcg@1 : 0.1383    ndcg@2 : 0.1488    ndcg@3 : 0.1595    ndcg@4 : 0.1706    ndcg@5 : 0.1853    ndcg@10 : 0.2323    ndcg@20 : 0.2741    ndcg@30 : 0.2932    ndcg@50 : 0.3136    precision@1 : 0.1383    precision@2 : 0.121    precision@3 : 0.1075    precision@4 : 0.0991    precision@5 : 0.0957    precision@10 : 0.0769    precision@20 : 0.0547    precision@30 : 0.0426    precision@50 : 0.0298    map@1 : 0.1383    map@2 : 0.1286    map@3 : 0.1283    map@4 : 0.1319    map@5 : 0.1381    map@10 : 0.1582    map@20 : 0.1724    map@30 : 0.1779    map@50 : 0.1822
Sun 15 Mar 2026 21:53:52 INFO  Saving current: saved/SCL-Mar-15-2026_21-53-40.pth
Sun 15 Mar 2026 21:53:52 INFO  Saving current best: saved/SCL-Mar-15-2026_21-53-40.pth
Sun 15 Mar 2026 21:53:52 INFO  Running E-step ! 
Sun 15 Mar 2026 21:53:52 INFO  epoch 19 training [time: 0.21s, train_loss1: 5.4151, train_loss2: 0.0252, train_loss3: 0.0105]
Sun 15 Mar 2026 21:53:52 INFO  epoch 19 evaluating [time: 0.31s, valid_score: 0.274700]
Sun 15 Mar 2026 21:53:52 INFO  valid result: 
recall@1 : 0.0894    recall@2 : 0.1461    recall@3 : 0.2035    recall@4 : 0.2525    recall@5 : 0.2877    recall@10 : 0.4334    recall@20 : 0.5792    recall@30 : 0.6465    recall@50 : 0.7174    ndcg@1 : 0.1645    ndcg@2 : 0.1735    ndcg@3 : 0.1931    ndcg@4 : 0.2111    ndcg@5 : 0.2236    ndcg@10 : 0.2747    ndcg@20 : 0.3188    ndcg@30 : 0.3373    ndcg@50 : 0.3545    precision@1 : 0.1645    precision@2 : 0.1374    precision@3 : 0.1255    precision@4 : 0.1171    precision@5 : 0.1079    precision@10 : 0.0836    precision@20 : 0.059    precision@30 : 0.0456    precision@50 : 0.0312    map@1 : 0.1645    map@2 : 0.1511    map@3 : 0.1565    map@4 : 0.1638    map@5 : 0.169    map@10 : 0.1904    map@20 : 0.2057    map@30 : 0.2112    map@50 : 0.2152
Sun 15 Mar 2026 21:53:52 INFO  Saving current: saved/SCL-Mar-15-2026_21-53-40.pth
Sun 15 Mar 2026 21:53:52 INFO  Saving current best: saved/SCL-Mar-15-2026_21-53-40.pth
Sun 15 Mar 2026 21:53:52 INFO  Running E-step ! 
Sun 15 Mar 2026 21:53:52 INFO  epoch 20 training [time: 0.22s, train_loss1: 5.3177, train_loss2: 0.0319, train_loss3: 0.0106, train_loss4: 0.0028]
Sun 15 Mar 2026 21:53:53 INFO  epoch 20 evaluating [time: 0.33s, valid_score: 0.299000]
Sun 15 Mar 2026 21:53:53 INFO  valid result: 
recall@1 : 0.1111    recall@2 : 0.1949    recall@3 : 0.2414    recall@4 : 0.2867    recall@5 : 0.3173    recall@10 : 0.4467    recall@20 : 0.6017    recall@30 : 0.6707    recall@50 : 0.7411    ndcg@1 : 0.1871    ndcg@2 : 0.2125    ndcg@3 : 0.2275    ndcg@4 : 0.2428    ndcg@5 : 0.2536    ndcg@10 : 0.299    ndcg@20 : 0.3453    ndcg@30 : 0.3641    ndcg@50 : 0.3818    precision@1 : 0.1871    precision@2 : 0.1624    precision@3 : 0.14    precision@4 : 0.125    precision@5 : 0.1133    precision@10 : 0.0832    precision@20 : 0.0591    precision@30 : 0.0455    precision@50 : 0.0315    map@1 : 0.1871    map@2 : 0.1853    map@3 : 0.1886    map@4 : 0.1943    map@5 : 0.1983    map@10 : 0.2172    map@20 : 0.2328    map@30 : 0.2383    map@50 : 0.2426
Sun 15 Mar 2026 21:53:53 INFO  Saving current: saved/SCL-Mar-15-2026_21-53-40.pth
Sun 15 Mar 2026 21:53:53 INFO  Saving current best: saved/SCL-Mar-15-2026_21-53-40.pth
Sun 15 Mar 2026 21:53:53 INFO  Running E-step ! 
Sun 15 Mar 2026 21:53:53 INFO  epoch 21 training [time: 0.24s, train_loss1: 5.1358, train_loss2: 0.0351, train_loss3: 0.0106, train_loss4: 0.0036]
Sun 15 Mar 2026 21:53:53 INFO  epoch 21 evaluating [time: 0.32s, valid_score: 0.305300]
Sun 15 Mar 2026 21:53:53 INFO  valid result: 
recall@1 : 0.1141    recall@2 : 0.2041    recall@3 : 0.2516    recall@4 : 0.2924    recall@5 : 0.3301    recall@10 : 0.4562    recall@20 : 0.6054    recall@30 : 0.6807    recall@50 : 0.7596    ndcg@1 : 0.1877    ndcg@2 : 0.2187    ndcg@3 : 0.2341    ndcg@4 : 0.2475    ndcg@5 : 0.2614    ndcg@10 : 0.3053    ndcg@20 : 0.3491    ndcg@30 : 0.3695    ndcg@50 : 0.389    precision@1 : 0.1877    precision@2 : 0.1669    precision@3 : 0.1422    precision@4 : 0.1254    precision@5 : 0.1156    precision@10 : 0.0836    precision@20 : 0.0583    precision@30 : 0.0453    precision@50 : 0.0317    map@1 : 0.1877    map@2 : 0.1904    map@3 : 0.1941    map@4 : 0.1983    map@5 : 0.2042    map@10 : 0.2224    map@20 : 0.2368    map@30 : 0.2425    map@50 : 0.2471
Sun 15 Mar 2026 21:53:53 INFO  Saving current: saved/SCL-Mar-15-2026_21-53-40.pth
Sun 15 Mar 2026 21:53:53 INFO  Saving current best: saved/SCL-Mar-15-2026_21-53-40.pth
Sun 15 Mar 2026 21:53:53 INFO  Running E-step ! 
Sun 15 Mar 2026 21:53:54 INFO  epoch 22 training [time: 0.24s, train_loss1: 4.8746, train_loss2: 0.0363, train_loss3: 0.0106, train_loss4: 0.0045]
Sun 15 Mar 2026 21:53:54 INFO  epoch 22 evaluating [time: 0.33s, valid_score: 0.307700]
Sun 15 Mar 2026 21:53:54 INFO  valid result: 
recall@1 : 0.1126    recall@2 : 0.2067    recall@3 : 0.2633    recall@4 : 0.301    recall@5 : 0.3383    recall@10 : 0.46    recall@20 : 0.6015    recall@30 : 0.6889    recall@50 : 0.7584    ndcg@1 : 0.1836    ndcg@2 : 0.2194    ndcg@3 : 0.2393    ndcg@4 : 0.2517    ndcg@5 : 0.265    ndcg@10 : 0.3077    ndcg@20 : 0.3493    ndcg@30 : 0.3726    ndcg@50 : 0.3902    precision@1 : 0.1836    precision@2 : 0.1681    precision@3 : 0.1458    precision@4 : 0.1277    precision@5 : 0.1164    precision@10 : 0.0834    precision@20 : 0.0573    precision@30 : 0.0452    precision@50 : 0.0314    map@1 : 0.1836    map@2 : 0.1913    map@3 : 0.1975    map@4 : 0.2012    map@5 : 0.2069    map@10 : 0.2246    map@20 : 0.2381    map@30 : 0.2444    map@50 : 0.2486
Sun 15 Mar 2026 21:53:54 INFO  Saving current: saved/SCL-Mar-15-2026_21-53-40.pth
Sun 15 Mar 2026 21:53:54 INFO  Saving current best: saved/SCL-Mar-15-2026_21-53-40.pth
Sun 15 Mar 2026 21:53:54 INFO  Running E-step ! 
Sun 15 Mar 2026 21:53:54 INFO  epoch 23 training [time: 0.22s, train_loss1: 4.5477, train_loss2: 0.0368, train_loss3: 0.0107, train_loss4: 0.0052]
Sun 15 Mar 2026 21:53:54 INFO  epoch 23 evaluating [time: 0.30s, valid_score: 0.307800]
Sun 15 Mar 2026 21:53:54 INFO  valid result: 
recall@1 : 0.1121    recall@2 : 0.2097    recall@3 : 0.2616    recall@4 : 0.2974    recall@5 : 0.3355    recall@10 : 0.4618    recall@20 : 0.5957    recall@30 : 0.6864    recall@50 : 0.7588    ndcg@1 : 0.1841    ndcg@2 : 0.2216    ndcg@3 : 0.238    ndcg@4 : 0.2501    ndcg@5 : 0.2637    ndcg@10 : 0.3078    ndcg@20 : 0.3471    ndcg@30 : 0.371    ndcg@50 : 0.3893    precision@1 : 0.1841    precision@2 : 0.1704    precision@3 : 0.144    precision@4 : 0.1266    precision@5 : 0.1155    precision@10 : 0.0837    precision@20 : 0.0566    precision@30 : 0.0449    precision@50 : 0.0313    map@1 : 0.1841    map@2 : 0.1929    map@3 : 0.1962    map@4 : 0.2003    map@5 : 0.2059    map@10 : 0.2242    map@20 : 0.2369    map@30 : 0.2432    map@50 : 0.2475
Sun 15 Mar 2026 21:53:54 INFO  Saving current: saved/SCL-Mar-15-2026_21-53-40.pth
Sun 15 Mar 2026 21:53:54 INFO  Saving current best: saved/SCL-Mar-15-2026_21-53-40.pth
Sun 15 Mar 2026 21:53:54 INFO  Running E-step ! 
Sun 15 Mar 2026 21:53:55 INFO  epoch 24 training [time: 0.22s, train_loss1: 4.2081, train_loss2: 0.0371, train_loss3: 0.0107, train_loss4: 0.0060]
Sun 15 Mar 2026 21:53:55 INFO  epoch 24 evaluating [time: 0.33s, valid_score: 0.306000]
Sun 15 Mar 2026 21:53:55 INFO  valid result: 
recall@1 : 0.1121    recall@2 : 0.2069    recall@3 : 0.2596    recall@4 : 0.2983    recall@5 : 0.3348    recall@10 : 0.4573    recall@20 : 0.5955    recall@30 : 0.684    recall@50 : 0.761    ndcg@1 : 0.1847    ndcg@2 : 0.219    ndcg@3 : 0.2367    ndcg@4 : 0.2501    ndcg@5 : 0.2629    ndcg@10 : 0.306    ndcg@20 : 0.3461    ndcg@30 : 0.3694    ndcg@50 : 0.3887    precision@1 : 0.1847    precision@2 : 0.1675    precision@3 : 0.1434    precision@4 : 0.1271    precision@5 : 0.1151    precision@10 : 0.0834    precision@20 : 0.0563    precision@30 : 0.0446    precision@50 : 0.0313    map@1 : 0.1847    map@2 : 0.1909    map@3 : 0.1951    map@4 : 0.1999    map@5 : 0.205    map@10 : 0.223    map@20 : 0.2358    map@30 : 0.242    map@50 : 0.2465
Sun 15 Mar 2026 21:53:55 INFO  Running E-step ! 
Sun 15 Mar 2026 21:53:55 INFO  epoch 25 training [time: 0.25s, train_loss1: 3.9131, train_loss2: 0.0374, train_loss3: 0.0108, train_loss4: 0.0064]
Sun 15 Mar 2026 21:53:56 INFO  epoch 25 evaluating [time: 0.31s, valid_score: 0.305500]
Sun 15 Mar 2026 21:53:56 INFO  valid result: 
recall@1 : 0.1113    recall@2 : 0.2065    recall@3 : 0.2603    recall@4 : 0.2998    recall@5 : 0.3356    recall@10 : 0.4567    recall@20 : 0.5947    recall@30 : 0.6801    recall@50 : 0.7609    ndcg@1 : 0.1841    ndcg@2 : 0.2186    ndcg@3 : 0.2368    ndcg@4 : 0.2504    ndcg@5 : 0.2629    ndcg@10 : 0.3055    ndcg@20 : 0.3456    ndcg@30 : 0.3682    ndcg@50 : 0.3882    precision@1 : 0.1841    precision@2 : 0.1672    precision@3 : 0.144    precision@4 : 0.1274    precision@5 : 0.1151    precision@10 : 0.0832    precision@20 : 0.0563    precision@30 : 0.0444    precision@50 : 0.0312    map@1 : 0.1841    map@2 : 0.1904    map@3 : 0.1949    map@4 : 0.1999    map@5 : 0.2049    map@10 : 0.2226    map@20 : 0.2354    map@30 : 0.2413    map@50 : 0.2459
Sun 15 Mar 2026 21:53:56 INFO  Running E-step ! 
Sun 15 Mar 2026 21:53:56 INFO  epoch 26 training [time: 0.23s, train_loss1: 3.6637, train_loss2: 0.0376, train_loss3: 0.0108, train_loss4: 0.0068]
Sun 15 Mar 2026 21:53:56 INFO  epoch 26 evaluating [time: 0.28s, valid_score: 0.305800]
Sun 15 Mar 2026 21:53:56 INFO  valid result: 
recall@1 : 0.1128    recall@2 : 0.2064    recall@3 : 0.2594    recall@4 : 0.2975    recall@5 : 0.3369    recall@10 : 0.4562    recall@20 : 0.593    recall@30 : 0.678    recall@50 : 0.7649    ndcg@1 : 0.1865    ndcg@2 : 0.2197    ndcg@3 : 0.2371    ndcg@4 : 0.2501    ndcg@5 : 0.2639    ndcg@10 : 0.3058    ndcg@20 : 0.3455    ndcg@30 : 0.368    ndcg@50 : 0.3893    precision@1 : 0.1865    precision@2 : 0.1678    precision@3 : 0.1436    precision@4 : 0.1269    precision@5 : 0.1155    precision@10 : 0.083    precision@20 : 0.0559    precision@30 : 0.0442    precision@50 : 0.0313    map@1 : 0.1865    map@2 : 0.1916    map@3 : 0.1956    map@4 : 0.1999    map@5 : 0.2058    map@10 : 0.2231    map@20 : 0.2357    map@30 : 0.2417    map@50 : 0.2465
Sun 15 Mar 2026 21:53:56 INFO  Running E-step ! 
Sun 15 Mar 2026 21:53:56 INFO  epoch 27 training [time: 0.21s, train_loss1: 3.4905, train_loss2: 0.0379, train_loss3: 0.0108, train_loss4: 0.0070]
Sun 15 Mar 2026 21:53:57 INFO  epoch 27 evaluating [time: 0.35s, valid_score: 0.306100]
Sun 15 Mar 2026 21:53:57 INFO  valid result: 
recall@1 : 0.1132    recall@2 : 0.2047    recall@3 : 0.2585    recall@4 : 0.2991    recall@5 : 0.3369    recall@10 : 0.4577    recall@20 : 0.5912    recall@30 : 0.6751    recall@50 : 0.7689    ndcg@1 : 0.1877    ndcg@2 : 0.2188    ndcg@3 : 0.2365    ndcg@4 : 0.2507    ndcg@5 : 0.2638    ndcg@10 : 0.3061    ndcg@20 : 0.3448    ndcg@30 : 0.3673    ndcg@50 : 0.3899    precision@1 : 0.1877    precision@2 : 0.1666    precision@3 : 0.143    precision@4 : 0.1274    precision@5 : 0.1154    precision@10 : 0.0831    precision@20 : 0.0556    precision@30 : 0.0441    precision@50 : 0.0314    map@1 : 0.1877    map@2 : 0.1912    map@3 : 0.1952    map@4 : 0.2003    map@5 : 0.2057    map@10 : 0.2231    map@20 : 0.2354    map@30 : 0.2415    map@50 : 0.2464
Sun 15 Mar 2026 21:53:57 INFO  Running E-step ! 
Sun 15 Mar 2026 21:53:57 INFO  epoch 28 training [time: 0.18s, train_loss1: 3.3884, train_loss2: 0.0381, train_loss3: 0.0109, train_loss4: 0.0072]
Sun 15 Mar 2026 21:53:57 INFO  epoch 28 evaluating [time: 0.33s, valid_score: 0.306100]
Sun 15 Mar 2026 21:53:57 INFO  valid result: 
recall@1 : 0.1128    recall@2 : 0.2047    recall@3 : 0.2579    recall@4 : 0.2989    recall@5 : 0.3378    recall@10 : 0.4582    recall@20 : 0.5915    recall@30 : 0.6738    recall@50 : 0.7688    ndcg@1 : 0.1877    ndcg@2 : 0.2187    ndcg@3 : 0.2361    ndcg@4 : 0.2503    ndcg@5 : 0.264    ndcg@10 : 0.3061    ndcg@20 : 0.3448    ndcg@30 : 0.3669    ndcg@50 : 0.3896    precision@1 : 0.1877    precision@2 : 0.1666    precision@3 : 0.1428    precision@4 : 0.1271    precision@5 : 0.1155    precision@10 : 0.083    precision@20 : 0.0557    precision@30 : 0.044    precision@50 : 0.0313    map@1 : 0.1877    map@2 : 0.191    map@3 : 0.1948    map@4 : 0.1999    map@5 : 0.2056    map@10 : 0.2229    map@20 : 0.2352    map@30 : 0.2412    map@50 : 0.2461
Sun 15 Mar 2026 21:53:57 INFO  Running E-step ! 
Sun 15 Mar 2026 21:53:57 INFO  epoch 29 training [time: 0.23s, train_loss1: 3.2516, train_loss2: 0.0383, train_loss3: 0.0109, train_loss4: 0.0072]
Sun 15 Mar 2026 21:53:58 INFO  epoch 29 evaluating [time: 0.32s, valid_score: 0.306000]
Sun 15 Mar 2026 21:53:58 INFO  valid result: 
recall@1 : 0.1139    recall@2 : 0.2026    recall@3 : 0.2582    recall@4 : 0.299    recall@5 : 0.3365    recall@10 : 0.4575    recall@20 : 0.5901    recall@30 : 0.6746    recall@50 : 0.7689    ndcg@1 : 0.1883    ndcg@2 : 0.2174    ndcg@3 : 0.2364    ndcg@4 : 0.2504    ndcg@5 : 0.2635    ndcg@10 : 0.306    ndcg@20 : 0.3446    ndcg@30 : 0.3671    ndcg@50 : 0.3897    precision@1 : 0.1883    precision@2 : 0.1651    precision@3 : 0.1432    precision@4 : 0.1269    precision@5 : 0.1151    precision@10 : 0.083    precision@20 : 0.0556    precision@30 : 0.044    precision@50 : 0.0313    map@1 : 0.1883    map@2 : 0.1901    map@3 : 0.1951    map@4 : 0.2001    map@5 : 0.2055    map@10 : 0.223    map@20 : 0.2353    map@30 : 0.2414    map@50 : 0.2463
Sun 15 Mar 2026 21:53:58 INFO  Running E-step ! 
Sun 15 Mar 2026 21:53:58 INFO  epoch 30 training [time: 0.22s, train_loss1: 3.2546, train_loss2: 0.0385, train_loss3: 0.0109, train_loss4: 0.0072]
Sun 15 Mar 2026 21:53:58 INFO  epoch 30 evaluating [time: 0.30s, valid_score: 0.306300]
Sun 15 Mar 2026 21:53:58 INFO  valid result: 
recall@1 : 0.1134    recall@2 : 0.2032    recall@3 : 0.2585    recall@4 : 0.2999    recall@5 : 0.335    recall@10 : 0.4583    recall@20 : 0.5906    recall@30 : 0.6742    recall@50 : 0.7689    ndcg@1 : 0.1883    ndcg@2 : 0.2177    ndcg@3 : 0.2366    ndcg@4 : 0.2508    ndcg@5 : 0.263    ndcg@10 : 0.3063    ndcg@20 : 0.3447    ndcg@30 : 0.367    ndcg@50 : 0.3897    precision@1 : 0.1883    precision@2 : 0.1654    precision@3 : 0.1436    precision@4 : 0.1272    precision@5 : 0.1149    precision@10 : 0.0832    precision@20 : 0.0557    precision@30 : 0.044    precision@50 : 0.0313    map@1 : 0.1883    map@2 : 0.1903    map@3 : 0.1951    map@4 : 0.2003    map@5 : 0.2051    map@10 : 0.223    map@20 : 0.2352    map@30 : 0.2413    map@50 : 0.2462
Sun 15 Mar 2026 21:53:58 INFO  Running E-step ! 
Sun 15 Mar 2026 21:53:59 INFO  epoch 31 training [time: 0.22s, train_loss1: 3.2424, train_loss2: 0.0386, train_loss3: 0.0109, train_loss4: 0.0072]
Sun 15 Mar 2026 21:53:59 INFO  epoch 31 evaluating [time: 0.31s, valid_score: 0.306700]
Sun 15 Mar 2026 21:53:59 INFO  valid result: 
recall@1 : 0.1146    recall@2 : 0.2032    recall@3 : 0.2578    recall@4 : 0.301    recall@5 : 0.3342    recall@10 : 0.4583    recall@20 : 0.5909    recall@30 : 0.6746    recall@50 : 0.7688    ndcg@1 : 0.1895    ndcg@2 : 0.2182    ndcg@3 : 0.2366    ndcg@4 : 0.2517    ndcg@5 : 0.2631    ndcg@10 : 0.3067    ndcg@20 : 0.3452    ndcg@30 : 0.3675    ndcg@50 : 0.3901    precision@1 : 0.1895    precision@2 : 0.1654    precision@3 : 0.1432    precision@4 : 0.1277    precision@5 : 0.1147    precision@10 : 0.0832    precision@20 : 0.0558    precision@30 : 0.0441    precision@50 : 0.0313    map@1 : 0.1895    map@2 : 0.1909    map@3 : 0.1954    map@4 : 0.2011    map@5 : 0.2056    map@10 : 0.2235    map@20 : 0.2358    map@30 : 0.2419    map@50 : 0.2468
Sun 15 Mar 2026 21:53:59 INFO  Running E-step ! 
Sun 15 Mar 2026 21:53:59 INFO  epoch 32 training [time: 0.21s, train_loss1: 3.2283, train_loss2: 0.0388, train_loss3: 0.0109, train_loss4: 0.0071]
Sun 15 Mar 2026 21:53:59 INFO  epoch 32 evaluating [time: 0.31s, valid_score: 0.306400]
Sun 15 Mar 2026 21:53:59 INFO  valid result: 
recall@1 : 0.114    recall@2 : 0.2026    recall@3 : 0.2577    recall@4 : 0.3007    recall@5 : 0.3349    recall@10 : 0.4583    recall@20 : 0.5909    recall@30 : 0.673    recall@50 : 0.7685    ndcg@1 : 0.1889    ndcg@2 : 0.2176    ndcg@3 : 0.2362    ndcg@4 : 0.2512    ndcg@5 : 0.2631    ndcg@10 : 0.3064    ndcg@20 : 0.3449    ndcg@30 : 0.3669    ndcg@50 : 0.3898    precision@1 : 0.1889    precision@2 : 0.1651    precision@3 : 0.143    precision@4 : 0.1275    precision@5 : 0.1149    precision@10 : 0.0832    precision@20 : 0.0558    precision@30 : 0.044    precision@50 : 0.0313    map@1 : 0.1889    map@2 : 0.1903    map@3 : 0.195    map@4 : 0.2006    map@5 : 0.2053    map@10 : 0.2231    map@20 : 0.2355    map@30 : 0.2415    map@50 : 0.2465
Sun 15 Mar 2026 21:53:59 INFO  Running E-step ! 
Sun 15 Mar 2026 21:54:00 INFO  epoch 33 training [time: 0.23s, train_loss1: 3.2211, train_loss2: 0.0389, train_loss3: 0.0109, train_loss4: 0.0070]
Sun 15 Mar 2026 21:54:00 INFO  epoch 33 evaluating [time: 0.34s, valid_score: 0.306200]
Sun 15 Mar 2026 21:54:00 INFO  valid result: 
recall@1 : 0.114    recall@2 : 0.2026    recall@3 : 0.2574    recall@4 : 0.3013    recall@5 : 0.3358    recall@10 : 0.4575    recall@20 : 0.5906    recall@30 : 0.6726    recall@50 : 0.7665    ndcg@1 : 0.1889    ndcg@2 : 0.2176    ndcg@3 : 0.236    ndcg@4 : 0.2515    ndcg@5 : 0.2634    ndcg@10 : 0.3062    ndcg@20 : 0.3449    ndcg@30 : 0.367    ndcg@50 : 0.3895    precision@1 : 0.1889    precision@2 : 0.1651    precision@3 : 0.1428    precision@4 : 0.1277    precision@5 : 0.115    precision@10 : 0.0831    precision@20 : 0.0558    precision@30 : 0.0441    precision@50 : 0.0313    map@1 : 0.1889    map@2 : 0.1903    map@3 : 0.1949    map@4 : 0.2008    map@5 : 0.2055    map@10 : 0.2231    map@20 : 0.2356    map@30 : 0.2416    map@50 : 0.2465
Sun 15 Mar 2026 21:54:00 INFO  Running E-step ! 
Sun 15 Mar 2026 21:54:00 INFO  epoch 34 training [time: 0.21s, train_loss1: 3.1926, train_loss2: 0.0390, train_loss3: 0.0109, train_loss4: 0.0069]
Sun 15 Mar 2026 21:54:01 INFO  epoch 34 evaluating [time: 0.34s, valid_score: 0.306300]
Sun 15 Mar 2026 21:54:01 INFO  valid result: 
recall@1 : 0.1143    recall@2 : 0.2034    recall@3 : 0.2574    recall@4 : 0.301    recall@5 : 0.3356    recall@10 : 0.457    recall@20 : 0.5903    recall@30 : 0.6743    recall@50 : 0.7645    ndcg@1 : 0.1895    ndcg@2 : 0.2183    ndcg@3 : 0.2363    ndcg@4 : 0.2516    ndcg@5 : 0.2638    ndcg@10 : 0.3063    ndcg@20 : 0.3451    ndcg@30 : 0.3677    ndcg@50 : 0.3895    precision@1 : 0.1895    precision@2 : 0.1657    precision@3 : 0.1428    precision@4 : 0.1275    precision@5 : 0.1154    precision@10 : 0.0831    precision@20 : 0.0558    precision@30 : 0.0442    precision@50 : 0.0313    map@1 : 0.1895    map@2 : 0.1909    map@3 : 0.1952    map@4 : 0.201    map@5 : 0.2059    map@10 : 0.2234    map@20 : 0.2359    map@30 : 0.242    map@50 : 0.2468
Sun 15 Mar 2026 21:54:01 INFO  Running E-step ! 
Sun 15 Mar 2026 21:54:01 INFO  epoch 35 training [time: 0.22s, train_loss1: 3.1832, train_loss2: 0.0391, train_loss3: 0.0109, train_loss4: 0.0067]
Sun 15 Mar 2026 21:54:01 INFO  epoch 35 evaluating [time: 0.30s, valid_score: 0.306700]
Sun 15 Mar 2026 21:54:01 INFO  valid result: 
recall@1 : 0.1155    recall@2 : 0.2034    recall@3 : 0.2574    recall@4 : 0.3006    recall@5 : 0.3353    recall@10 : 0.4564    recall@20 : 0.5905    recall@30 : 0.6759    recall@50 : 0.762    ndcg@1 : 0.1907    ndcg@2 : 0.2188    ndcg@3 : 0.2367    ndcg@4 : 0.2519    ndcg@5 : 0.2642    ndcg@10 : 0.3067    ndcg@20 : 0.3458    ndcg@30 : 0.3686    ndcg@50 : 0.3895    precision@1 : 0.1907    precision@2 : 0.1657    precision@3 : 0.1428    precision@4 : 0.1275    precision@5 : 0.1156    precision@10 : 0.0831    precision@20 : 0.0559    precision@30 : 0.0443    precision@50 : 0.0312    map@1 : 0.1907    map@2 : 0.1914    map@3 : 0.1958    map@4 : 0.2015    map@5 : 0.2065    map@10 : 0.224    map@20 : 0.2366    map@30 : 0.2428    map@50 : 0.2475
Sun 15 Mar 2026 21:54:01 INFO  Running E-step ! 
Sun 15 Mar 2026 21:54:01 INFO  epoch 36 training [time: 0.25s, train_loss1: 3.1545, train_loss2: 0.0392, train_loss3: 0.0109, train_loss4: 0.0065]
Sun 15 Mar 2026 21:54:02 INFO  epoch 36 evaluating [time: 0.34s, valid_score: 0.307900]
Sun 15 Mar 2026 21:54:02 INFO  valid result: 
recall@1 : 0.117    recall@2 : 0.2034    recall@3 : 0.2574    recall@4 : 0.3008    recall@5 : 0.3357    recall@10 : 0.458    recall@20 : 0.5931    recall@30 : 0.6779    recall@50 : 0.7589    ndcg@1 : 0.1925    ndcg@2 : 0.2193    ndcg@3 : 0.2373    ndcg@4 : 0.2525    ndcg@5 : 0.265    ndcg@10 : 0.3079    ndcg@20 : 0.3471    ndcg@30 : 0.3697    ndcg@50 : 0.3897    precision@1 : 0.1925    precision@2 : 0.1657    precision@3 : 0.1428    precision@4 : 0.1277    precision@5 : 0.1157    precision@10 : 0.0836    precision@20 : 0.0562    precision@30 : 0.0445    precision@50 : 0.0312    map@1 : 0.1925    map@2 : 0.1922    map@3 : 0.1965    map@4 : 0.2023    map@5 : 0.2073    map@10 : 0.2251    map@20 : 0.2376    map@30 : 0.2438    map@50 : 0.2483
Sun 15 Mar 2026 21:54:02 INFO  Saving current: saved/SCL-Mar-15-2026_21-53-40.pth
Sun 15 Mar 2026 21:54:02 INFO  Saving current best: saved/SCL-Mar-15-2026_21-53-40.pth
Sun 15 Mar 2026 21:54:02 INFO  Running E-step ! 
Sun 15 Mar 2026 21:54:02 INFO  epoch 37 training [time: 0.23s, train_loss1: 3.1324, train_loss2: 0.0393, train_loss3: 0.0109, train_loss4: 0.0065]
Sun 15 Mar 2026 21:54:02 INFO  epoch 37 evaluating [time: 0.33s, valid_score: 0.307000]
Sun 15 Mar 2026 21:54:02 INFO  valid result: 
recall@1 : 0.1154    recall@2 : 0.2037    recall@3 : 0.2574    recall@4 : 0.3003    recall@5 : 0.3357    recall@10 : 0.4572    recall@20 : 0.5918    recall@30 : 0.6783    recall@50 : 0.7582    ndcg@1 : 0.1901    ndcg@2 : 0.2188    ndcg@3 : 0.2367    ndcg@4 : 0.2518    ndcg@5 : 0.2644    ndcg@10 : 0.307    ndcg@20 : 0.3462    ndcg@30 : 0.3693    ndcg@50 : 0.389    precision@1 : 0.1901    precision@2 : 0.166    precision@3 : 0.1428    precision@4 : 0.1277    precision@5 : 0.1159    precision@10 : 0.0835    precision@20 : 0.0561    precision@30 : 0.0445    precision@50 : 0.0312    map@1 : 0.1901    map@2 : 0.1914    map@3 : 0.1957    map@4 : 0.2014    map@5 : 0.2066    map@10 : 0.2242    map@20 : 0.2369    map@30 : 0.2431    map@50 : 0.2476
Sun 15 Mar 2026 21:54:02 INFO  Running E-step ! 
Sun 15 Mar 2026 21:54:02 INFO  epoch 38 training [time: 0.22s, train_loss1: 3.1588, train_loss2: 0.0394, train_loss3: 0.0109, train_loss4: 0.0063]
Sun 15 Mar 2026 21:54:03 INFO  epoch 38 evaluating [time: 0.34s, valid_score: 0.306500]
Sun 15 Mar 2026 21:54:03 INFO  valid result: 
recall@1 : 0.114    recall@2 : 0.2037    recall@3 : 0.2574    recall@4 : 0.3003    recall@5 : 0.3354    recall@10 : 0.4568    recall@20 : 0.5928    recall@30 : 0.6784    recall@50 : 0.758    ndcg@1 : 0.1889    ndcg@2 : 0.2184    ndcg@3 : 0.2362    ndcg@4 : 0.2513    ndcg@5 : 0.2637    ndcg@10 : 0.3065    ndcg@20 : 0.346    ndcg@30 : 0.3688    ndcg@50 : 0.3885    precision@1 : 0.1889    precision@2 : 0.166    precision@3 : 0.1428    precision@4 : 0.1277    precision@5 : 0.1157    precision@10 : 0.0836    precision@20 : 0.0563    precision@30 : 0.0445    precision@50 : 0.0313    map@1 : 0.1889    map@2 : 0.1909    map@3 : 0.1951    map@4 : 0.2008    map@5 : 0.2058    map@10 : 0.2236    map@20 : 0.2363    map@30 : 0.2425    map@50 : 0.247
Sun 15 Mar 2026 21:54:03 INFO  Running E-step ! 
Sun 15 Mar 2026 21:54:03 INFO  epoch 39 training [time: 0.23s, train_loss1: 3.1081, train_loss2: 0.0396, train_loss3: 0.0109, train_loss4: 0.0062]
Sun 15 Mar 2026 21:54:03 INFO  epoch 39 evaluating [time: 0.31s, valid_score: 0.306500]
Sun 15 Mar 2026 21:54:03 INFO  valid result: 
recall@1 : 0.114    recall@2 : 0.2037    recall@3 : 0.2574    recall@4 : 0.3004    recall@5 : 0.3348    recall@10 : 0.4571    recall@20 : 0.5929    recall@30 : 0.6795    recall@50 : 0.7571    ndcg@1 : 0.1889    ndcg@2 : 0.2184    ndcg@3 : 0.2362    ndcg@4 : 0.2513    ndcg@5 : 0.2635    ndcg@10 : 0.3065    ndcg@20 : 0.3461    ndcg@30 : 0.3691    ndcg@50 : 0.3884    precision@1 : 0.1889    precision@2 : 0.166    precision@3 : 0.1428    precision@4 : 0.1277    precision@5 : 0.1156    precision@10 : 0.0836    precision@20 : 0.0563    precision@30 : 0.0446    precision@50 : 0.0313    map@1 : 0.1889    map@2 : 0.1909    map@3 : 0.1951    map@4 : 0.2007    map@5 : 0.2057    map@10 : 0.2236    map@20 : 0.2363    map@30 : 0.2425    map@50 : 0.247
Sun 15 Mar 2026 21:54:03 INFO  Running E-step ! 
Sun 15 Mar 2026 21:54:04 INFO  epoch 40 training [time: 0.23s, train_loss1: 3.1101, train_loss2: 0.0397, train_loss3: 0.0109, train_loss4: 0.0061]
Sun 15 Mar 2026 21:54:04 INFO  epoch 40 evaluating [time: 0.35s, valid_score: 0.306900]
Sun 15 Mar 2026 21:54:04 INFO  valid result: 
recall@1 : 0.1146    recall@2 : 0.2037    recall@3 : 0.2575    recall@4 : 0.3002    recall@5 : 0.3348    recall@10 : 0.4573    recall@20 : 0.5926    recall@30 : 0.6796    recall@50 : 0.7568    ndcg@1 : 0.1895    ndcg@2 : 0.2186    ndcg@3 : 0.2365    ndcg@4 : 0.2515    ndcg@5 : 0.2638    ndcg@10 : 0.3069    ndcg@20 : 0.3463    ndcg@30 : 0.3694    ndcg@50 : 0.3886    precision@1 : 0.1895    precision@2 : 0.166    precision@3 : 0.143    precision@4 : 0.1277    precision@5 : 0.1157    precision@10 : 0.0838    precision@20 : 0.0564    precision@30 : 0.0446    precision@50 : 0.0313    map@1 : 0.1895    map@2 : 0.1912    map@3 : 0.1955    map@4 : 0.2011    map@5 : 0.206    map@10 : 0.2239    map@20 : 0.2366    map@30 : 0.2429    map@50 : 0.2474
Sun 15 Mar 2026 21:54:04 INFO  Running E-step ! 
Sun 15 Mar 2026 21:54:04 INFO  epoch 41 training [time: 0.23s, train_loss1: 3.1124, train_loss2: 0.0398, train_loss3: 0.0109, train_loss4: 0.0060]
Sun 15 Mar 2026 21:54:05 INFO  epoch 41 evaluating [time: 0.31s, valid_score: 0.306900]
Sun 15 Mar 2026 21:54:05 INFO  valid result: 
recall@1 : 0.1146    recall@2 : 0.2037    recall@3 : 0.2575    recall@4 : 0.3007    recall@5 : 0.3349    recall@10 : 0.4573    recall@20 : 0.5932    recall@30 : 0.6807    recall@50 : 0.7555    ndcg@1 : 0.1895    ndcg@2 : 0.2186    ndcg@3 : 0.2365    ndcg@4 : 0.2516    ndcg@5 : 0.2639    ndcg@10 : 0.3069    ndcg@20 : 0.3465    ndcg@30 : 0.3697    ndcg@50 : 0.3885    precision@1 : 0.1895    precision@2 : 0.166    precision@3 : 0.143    precision@4 : 0.1277    precision@5 : 0.1159    precision@10 : 0.0839    precision@20 : 0.0566    precision@30 : 0.0447    precision@50 : 0.0312    map@1 : 0.1895    map@2 : 0.1912    map@3 : 0.1955    map@4 : 0.2011    map@5 : 0.2061    map@10 : 0.224    map@20 : 0.2367    map@30 : 0.243    map@50 : 0.2474
Sun 15 Mar 2026 21:54:05 INFO  Running E-step ! 
Sun 15 Mar 2026 21:54:05 INFO  epoch 42 training [time: 0.24s, train_loss1: 3.1378, train_loss2: 0.0399, train_loss3: 0.0109, train_loss4: 0.0059]
Sun 15 Mar 2026 21:54:05 INFO  epoch 42 evaluating [time: 0.34s, valid_score: 0.307600]
Sun 15 Mar 2026 21:54:05 INFO  valid result: 
recall@1 : 0.1161    recall@2 : 0.2037    recall@3 : 0.2582    recall@4 : 0.302    recall@5 : 0.3357    recall@10 : 0.457    recall@20 : 0.5937    recall@30 : 0.6798    recall@50 : 0.7568    ndcg@1 : 0.1913    ndcg@2 : 0.2192    ndcg@3 : 0.2374    ndcg@4 : 0.2528    ndcg@5 : 0.2649    ndcg@10 : 0.3076    ndcg@20 : 0.3475    ndcg@30 : 0.3704    ndcg@50 : 0.3895    precision@1 : 0.1913    precision@2 : 0.166    precision@3 : 0.1432    precision@4 : 0.128    precision@5 : 0.1161    precision@10 : 0.0838    precision@20 : 0.0567    precision@30 : 0.0447    precision@50 : 0.0313    map@1 : 0.1913    map@2 : 0.1919    map@3 : 0.1964    map@4 : 0.2022    map@5 : 0.2071    map@10 : 0.2249    map@20 : 0.2378    map@30 : 0.2441    map@50 : 0.2484
Sun 15 Mar 2026 21:54:05 INFO  Running E-step ! 
Sun 15 Mar 2026 21:54:05 INFO  epoch 43 training [time: 0.23s, train_loss1: 3.1108, train_loss2: 0.0399, train_loss3: 0.0109, train_loss4: 0.0057]
Sun 15 Mar 2026 21:54:06 INFO  epoch 43 evaluating [time: 0.31s, valid_score: 0.308000]
Sun 15 Mar 2026 21:54:06 INFO  valid result: 
recall@1 : 0.1161    recall@2 : 0.2043    recall@3 : 0.258    recall@4 : 0.3022    recall@5 : 0.3351    recall@10 : 0.4579    recall@20 : 0.5943    recall@30 : 0.6825    recall@50 : 0.7563    ndcg@1 : 0.1919    ndcg@2 : 0.2196    ndcg@3 : 0.2374    ndcg@4 : 0.2531    ndcg@5 : 0.2649    ndcg@10 : 0.308    ndcg@20 : 0.3479    ndcg@30 : 0.3711    ndcg@50 : 0.3896    precision@1 : 0.1919    precision@2 : 0.1663    precision@3 : 0.143    precision@4 : 0.1283    precision@5 : 0.1161    precision@10 : 0.084    precision@20 : 0.0569    precision@30 : 0.0448    precision@50 : 0.0313    map@1 : 0.1919    map@2 : 0.1922    map@3 : 0.1964    map@4 : 0.2024    map@5 : 0.2071    map@10 : 0.2251    map@20 : 0.238    map@30 : 0.2443    map@50 : 0.2486
Sun 15 Mar 2026 21:54:06 INFO  Saving current: saved/SCL-Mar-15-2026_21-53-40.pth
Sun 15 Mar 2026 21:54:06 INFO  Saving current best: saved/SCL-Mar-15-2026_21-53-40.pth
Sun 15 Mar 2026 21:54:06 INFO  Running E-step ! 
Sun 15 Mar 2026 21:54:06 INFO  epoch 44 training [time: 0.22s, train_loss1: 3.0571, train_loss2: 0.0400, train_loss3: 0.0109, train_loss4: 0.0054]
Sun 15 Mar 2026 21:54:06 INFO  epoch 44 evaluating [time: 0.32s, valid_score: 0.308600]
Sun 15 Mar 2026 21:54:06 INFO  valid result: 
recall@1 : 0.1167    recall@2 : 0.2043    recall@3 : 0.258    recall@4 : 0.3041    recall@5 : 0.3338    recall@10 : 0.4584    recall@20 : 0.5941    recall@30 : 0.6836    recall@50 : 0.7579    ndcg@1 : 0.1931    ndcg@2 : 0.22    ndcg@3 : 0.2377    ndcg@4 : 0.2544    ndcg@5 : 0.2647    ndcg@10 : 0.3086    ndcg@20 : 0.3483    ndcg@30 : 0.3719    ndcg@50 : 0.3904    precision@1 : 0.1931    precision@2 : 0.1663    precision@3 : 0.143    precision@4 : 0.1292    precision@5 : 0.1159    precision@10 : 0.0841    precision@20 : 0.0569    precision@30 : 0.0449    precision@50 : 0.0313    map@1 : 0.1931    map@2 : 0.1926    map@3 : 0.1967    map@4 : 0.2032    map@5 : 0.2072    map@10 : 0.2256    map@20 : 0.2385    map@30 : 0.2449    map@50 : 0.2492
Sun 15 Mar 2026 21:54:06 INFO  Saving current: saved/SCL-Mar-15-2026_21-53-40.pth
Sun 15 Mar 2026 21:54:06 INFO  Saving current best: saved/SCL-Mar-15-2026_21-53-40.pth
Sun 15 Mar 2026 21:54:06 INFO  Running E-step ! 
Sun 15 Mar 2026 21:54:06 INFO  epoch 45 training [time: 0.24s, train_loss1: 3.0562, train_loss2: 0.0401, train_loss3: 0.0109, train_loss4: 0.0052]
Sun 15 Mar 2026 21:54:07 INFO  epoch 45 evaluating [time: 0.32s, valid_score: 0.309000]
Sun 15 Mar 2026 21:54:07 INFO  valid result: 
recall@1 : 0.1179    recall@2 : 0.2044    recall@3 : 0.258    recall@4 : 0.3038    recall@5 : 0.3335    recall@10 : 0.4578    recall@20 : 0.5956    recall@30 : 0.6847    recall@50 : 0.7582    ndcg@1 : 0.1949    ndcg@2 : 0.2207    ndcg@3 : 0.2382    ndcg@4 : 0.2546    ndcg@5 : 0.2651    ndcg@10 : 0.309    ndcg@20 : 0.3492    ndcg@30 : 0.3727    ndcg@50 : 0.3911    precision@1 : 0.1949    precision@2 : 0.1666    precision@3 : 0.143    precision@4 : 0.1289    precision@5 : 0.1159    precision@10 : 0.0841    precision@20 : 0.0571    precision@30 : 0.045    precision@50 : 0.0314    map@1 : 0.1949    map@2 : 0.1934    map@3 : 0.1974    map@4 : 0.2037    map@5 : 0.2077    map@10 : 0.2262    map@20 : 0.2392    map@30 : 0.2456    map@50 : 0.2499
Sun 15 Mar 2026 21:54:07 INFO  Saving current: saved/SCL-Mar-15-2026_21-53-40.pth
Sun 15 Mar 2026 21:54:07 INFO  Saving current best: saved/SCL-Mar-15-2026_21-53-40.pth
Sun 15 Mar 2026 21:54:07 INFO  Running E-step ! 
Sun 15 Mar 2026 21:54:07 INFO  epoch 46 training [time: 0.23s, train_loss1: 3.0224, train_loss2: 0.0401, train_loss3: 0.0109, train_loss4: 0.0049]
Sun 15 Mar 2026 21:54:07 INFO  epoch 46 evaluating [time: 0.34s, valid_score: 0.309100]
Sun 15 Mar 2026 21:54:07 INFO  valid result: 
recall@1 : 0.118    recall@2 : 0.2056    recall@3 : 0.2586    recall@4 : 0.3036    recall@5 : 0.3342    recall@10 : 0.4569    recall@20 : 0.5978    recall@30 : 0.6863    recall@50 : 0.7585    ndcg@1 : 0.1955    ndcg@2 : 0.2216    ndcg@3 : 0.2389    ndcg@4 : 0.255    ndcg@5 : 0.2657    ndcg@10 : 0.3091    ndcg@20 : 0.3502    ndcg@30 : 0.3735    ndcg@50 : 0.3916    precision@1 : 0.1955    precision@2 : 0.1672    precision@3 : 0.1434    precision@4 : 0.1292    precision@5 : 0.1161    precision@10 : 0.084    precision@20 : 0.0573    precision@30 : 0.0451    precision@50 : 0.0314    map@1 : 0.1955    map@2 : 0.1941    map@3 : 0.198    map@4 : 0.204    map@5 : 0.2083    map@10 : 0.2265    map@20 : 0.2398    map@30 : 0.2462    map@50 : 0.2504
Sun 15 Mar 2026 21:54:07 INFO  Saving current: saved/SCL-Mar-15-2026_21-53-40.pth
Sun 15 Mar 2026 21:54:07 INFO  Saving current best: saved/SCL-Mar-15-2026_21-53-40.pth
Sun 15 Mar 2026 21:54:07 INFO  Running E-step ! 
Sun 15 Mar 2026 21:54:08 INFO  epoch 47 training [time: 0.23s, train_loss1: 3.0436, train_loss2: 0.0402, train_loss3: 0.0109, train_loss4: 0.0048]
Sun 15 Mar 2026 21:54:08 INFO  epoch 47 evaluating [time: 0.31s, valid_score: 0.309000]
Sun 15 Mar 2026 21:54:08 INFO  valid result: 
recall@1 : 0.118    recall@2 : 0.2056    recall@3 : 0.2588    recall@4 : 0.3046    recall@5 : 0.3332    recall@10 : 0.4564    recall@20 : 0.5989    recall@30 : 0.6862    recall@50 : 0.7597    ndcg@1 : 0.1955    ndcg@2 : 0.2216    ndcg@3 : 0.2391    ndcg@4 : 0.2556    ndcg@5 : 0.2655    ndcg@10 : 0.309    ndcg@20 : 0.3506    ndcg@30 : 0.3736    ndcg@50 : 0.3921    precision@1 : 0.1955    precision@2 : 0.1672    precision@3 : 0.1436    precision@4 : 0.1298    precision@5 : 0.1161    precision@10 : 0.084    precision@20 : 0.0574    precision@30 : 0.0451    precision@50 : 0.0315    map@1 : 0.1955    map@2 : 0.1941    map@3 : 0.1981    map@4 : 0.2045    map@5 : 0.2082    map@10 : 0.2266    map@20 : 0.24    map@30 : 0.2463    map@50 : 0.2507
Sun 15 Mar 2026 21:54:08 INFO  Running E-step ! 
Sun 15 Mar 2026 21:54:08 INFO  epoch 48 training [time: 0.23s, train_loss1: 3.0027, train_loss2: 0.0402, train_loss3: 0.0109, train_loss4: 0.0047]
Sun 15 Mar 2026 21:54:09 INFO  epoch 48 evaluating [time: 0.34s, valid_score: 0.309300]
Sun 15 Mar 2026 21:54:09 INFO  valid result: 
recall@1 : 0.118    recall@2 : 0.2056    recall@3 : 0.2589    recall@4 : 0.3039    recall@5 : 0.334    recall@10 : 0.4572    recall@20 : 0.5993    recall@30 : 0.6863    recall@50 : 0.7606    ndcg@1 : 0.1955    ndcg@2 : 0.2216    ndcg@3 : 0.2392    ndcg@4 : 0.2553    ndcg@5 : 0.2658    ndcg@10 : 0.3093    ndcg@20 : 0.3509    ndcg@30 : 0.3738    ndcg@50 : 0.3924    precision@1 : 0.1955    precision@2 : 0.1672    precision@3 : 0.1438    precision@4 : 0.1295    precision@5 : 0.1163    precision@10 : 0.0841    precision@20 : 0.0575    precision@30 : 0.0452    precision@50 : 0.0315    map@1 : 0.1955    map@2 : 0.1941    map@3 : 0.1982    map@4 : 0.2043    map@5 : 0.2084    map@10 : 0.2267    map@20 : 0.2402    map@30 : 0.2465    map@50 : 0.2508
Sun 15 Mar 2026 21:54:09 INFO  Saving current: saved/SCL-Mar-15-2026_21-53-40.pth
Sun 15 Mar 2026 21:54:09 INFO  Saving current best: saved/SCL-Mar-15-2026_21-53-40.pth
Sun 15 Mar 2026 21:54:09 INFO  Running E-step ! 
Sun 15 Mar 2026 21:54:09 INFO  epoch 49 training [time: 0.23s, train_loss1: 3.0309, train_loss2: 0.0403, train_loss3: 0.0109, train_loss4: 0.0045]
Sun 15 Mar 2026 21:54:09 INFO  epoch 49 evaluating [time: 0.32s, valid_score: 0.309900]
Sun 15 Mar 2026 21:54:09 INFO  valid result: 
recall@1 : 0.1181    recall@2 : 0.2054    recall@3 : 0.2594    recall@4 : 0.3058    recall@5 : 0.334    recall@10 : 0.4583    recall@20 : 0.5995    recall@30 : 0.6864    recall@50 : 0.7614    ndcg@1 : 0.1961    ndcg@2 : 0.2215    ndcg@3 : 0.2396    ndcg@4 : 0.2563    ndcg@5 : 0.266    ndcg@10 : 0.3099    ndcg@20 : 0.3512    ndcg@30 : 0.3742    ndcg@50 : 0.3929    precision@1 : 0.1961    precision@2 : 0.1669    precision@3 : 0.144    precision@4 : 0.1301    precision@5 : 0.1163    precision@10 : 0.0844    precision@20 : 0.0576    precision@30 : 0.0453    precision@50 : 0.0316    map@1 : 0.1961    map@2 : 0.1941    map@3 : 0.1984    map@4 : 0.2048    map@5 : 0.2085    map@10 : 0.227    map@20 : 0.2405    map@30 : 0.2468    map@50 : 0.2512
Sun 15 Mar 2026 21:54:09 INFO  Saving current: saved/SCL-Mar-15-2026_21-53-40.pth
Sun 15 Mar 2026 21:54:09 INFO  Saving current best: saved/SCL-Mar-15-2026_21-53-40.pth
Sun 15 Mar 2026 21:54:09 INFO  Running E-step ! 
Sun 15 Mar 2026 21:54:09 INFO  epoch 50 training [time: 0.23s, train_loss1: 3.0034, train_loss2: 0.0403, train_loss3: 0.0109, train_loss4: 0.0044]
Sun 15 Mar 2026 21:54:10 INFO  epoch 50 evaluating [time: 0.33s, valid_score: 0.310000]
Sun 15 Mar 2026 21:54:10 INFO  valid result: 
recall@1 : 0.1173    recall@2 : 0.2054    recall@3 : 0.2596    recall@4 : 0.3072    recall@5 : 0.3364    recall@10 : 0.459    recall@20 : 0.6011    recall@30 : 0.6874    recall@50 : 0.7615    ndcg@1 : 0.1949    ndcg@2 : 0.2211    ndcg@3 : 0.2394    ndcg@4 : 0.2565    ndcg@5 : 0.2667    ndcg@10 : 0.31    ndcg@20 : 0.3516    ndcg@30 : 0.3745    ndcg@50 : 0.3929    precision@1 : 0.1949    precision@2 : 0.1669    precision@3 : 0.1442    precision@4 : 0.1304    precision@5 : 0.1172    precision@10 : 0.0845    precision@20 : 0.0578    precision@30 : 0.0454    precision@50 : 0.0317    map@1 : 0.1949    map@2 : 0.1937    map@3 : 0.1981    map@4 : 0.2047    map@5 : 0.2088    map@10 : 0.2269    map@20 : 0.2405    map@30 : 0.2468    map@50 : 0.2511
Sun 15 Mar 2026 21:54:10 INFO  Saving current: saved/SCL-Mar-15-2026_21-53-40.pth
Sun 15 Mar 2026 21:54:10 INFO  Saving current best: saved/SCL-Mar-15-2026_21-53-40.pth
Sun 15 Mar 2026 21:54:10 INFO  Running E-step ! 
Sun 15 Mar 2026 21:54:10 INFO  epoch 51 training [time: 0.22s, train_loss1: 3.0372, train_loss2: 0.0403, train_loss3: 0.0109, train_loss4: 0.0044]
Sun 15 Mar 2026 21:54:10 INFO  epoch 51 evaluating [time: 0.32s, valid_score: 0.310800]
Sun 15 Mar 2026 21:54:10 INFO  valid result: 
recall@1 : 0.1181    recall@2 : 0.2059    recall@3 : 0.2607    recall@4 : 0.3074    recall@5 : 0.3358    recall@10 : 0.4597    recall@20 : 0.6012    recall@30 : 0.6883    recall@50 : 0.7614    ndcg@1 : 0.1961    ndcg@2 : 0.2222    ndcg@3 : 0.2406    ndcg@4 : 0.2572    ndcg@5 : 0.2672    ndcg@10 : 0.3108    ndcg@20 : 0.3524    ndcg@30 : 0.3754    ndcg@50 : 0.3937    precision@1 : 0.1961    precision@2 : 0.1678    precision@3 : 0.1452    precision@4 : 0.1307    precision@5 : 0.1172    precision@10 : 0.0845    precision@20 : 0.0579    precision@30 : 0.0455    precision@50 : 0.0317    map@1 : 0.1961    map@2 : 0.1946    map@3 : 0.1992    map@4 : 0.2056    map@5 : 0.2095    map@10 : 0.2276    map@20 : 0.2413    map@30 : 0.2476    map@50 : 0.252
Sun 15 Mar 2026 21:54:10 INFO  Saving current: saved/SCL-Mar-15-2026_21-53-40.pth
Sun 15 Mar 2026 21:54:10 INFO  Saving current best: saved/SCL-Mar-15-2026_21-53-40.pth
Sun 15 Mar 2026 21:54:10 INFO  Running E-step ! 
Sun 15 Mar 2026 21:54:10 INFO  epoch 52 training [time: 0.22s, train_loss1: 2.9595, train_loss2: 0.0403, train_loss3: 0.0109, train_loss4: 0.0045]
Sun 15 Mar 2026 21:54:11 INFO  epoch 52 evaluating [time: 0.34s, valid_score: 0.311300]
Sun 15 Mar 2026 21:54:11 INFO  valid result: 
recall@1 : 0.1186    recall@2 : 0.2052    recall@3 : 0.2598    recall@4 : 0.3065    recall@5 : 0.3357    recall@10 : 0.4616    recall@20 : 0.6008    recall@30 : 0.69    recall@50 : 0.7609    ndcg@1 : 0.1961    ndcg@2 : 0.2219    ndcg@3 : 0.2402    ndcg@4 : 0.2568    ndcg@5 : 0.2671    ndcg@10 : 0.3113    ndcg@20 : 0.3524    ndcg@30 : 0.3759    ndcg@50 : 0.3937    precision@1 : 0.1961    precision@2 : 0.1675    precision@3 : 0.1448    precision@4 : 0.1304    precision@5 : 0.1173    precision@10 : 0.0847    precision@20 : 0.058    precision@30 : 0.0456    precision@50 : 0.0317    map@1 : 0.1961    map@2 : 0.1943    map@3 : 0.199    map@4 : 0.2053    map@5 : 0.2095    map@10 : 0.2278    map@20 : 0.2414    map@30 : 0.2479    map@50 : 0.2521
Sun 15 Mar 2026 21:54:11 INFO  Saving current: saved/SCL-Mar-15-2026_21-53-40.pth
Sun 15 Mar 2026 21:54:11 INFO  Saving current best: saved/SCL-Mar-15-2026_21-53-40.pth
Sun 15 Mar 2026 21:54:11 INFO  Running E-step ! 
Sun 15 Mar 2026 21:54:11 INFO  epoch 53 training [time: 0.23s, train_loss1: 2.9596, train_loss2: 0.0403, train_loss3: 0.0109, train_loss4: 0.0044]
Sun 15 Mar 2026 21:54:11 INFO  epoch 53 evaluating [time: 0.31s, valid_score: 0.311500]
Sun 15 Mar 2026 21:54:11 INFO  valid result: 
recall@1 : 0.1185    recall@2 : 0.2054    recall@3 : 0.26    recall@4 : 0.3058    recall@5 : 0.3362    recall@10 : 0.4619    recall@20 : 0.6017    recall@30 : 0.691    recall@50 : 0.7628    ndcg@1 : 0.1955    ndcg@2 : 0.2218    ndcg@3 : 0.2402    ndcg@4 : 0.2565    ndcg@5 : 0.2673    ndcg@10 : 0.3115    ndcg@20 : 0.3528    ndcg@30 : 0.3763    ndcg@50 : 0.3944    precision@1 : 0.1955    precision@2 : 0.1675    precision@3 : 0.145    precision@4 : 0.1304    precision@5 : 0.1175    precision@10 : 0.0849    precision@20 : 0.0582    precision@30 : 0.0457    precision@50 : 0.0318    map@1 : 0.1955    map@2 : 0.1941    map@3 : 0.199    map@4 : 0.2051    map@5 : 0.2095    map@10 : 0.228    map@20 : 0.2417    map@30 : 0.2481    map@50 : 0.2525
Sun 15 Mar 2026 21:54:11 INFO  Saving current: saved/SCL-Mar-15-2026_21-53-40.pth
Sun 15 Mar 2026 21:54:11 INFO  Saving current best: saved/SCL-Mar-15-2026_21-53-40.pth
Sun 15 Mar 2026 21:54:11 INFO  Running E-step ! 
Sun 15 Mar 2026 21:54:12 INFO  epoch 54 training [time: 0.24s, train_loss1: 2.9841, train_loss2: 0.0403, train_loss3: 0.0109, train_loss4: 0.0043]
Sun 15 Mar 2026 21:54:12 INFO  epoch 54 evaluating [time: 0.34s, valid_score: 0.311600]
Sun 15 Mar 2026 21:54:12 INFO  valid result: 
recall@1 : 0.1179    recall@2 : 0.2058    recall@3 : 0.2608    recall@4 : 0.3057    recall@5 : 0.3366    recall@10 : 0.4627    recall@20 : 0.6028    recall@30 : 0.6905    recall@50 : 0.7636    ndcg@1 : 0.1949    ndcg@2 : 0.2222    ndcg@3 : 0.2404    ndcg@4 : 0.2563    ndcg@5 : 0.2674    ndcg@10 : 0.3116    ndcg@20 : 0.3532    ndcg@30 : 0.3761    ndcg@50 : 0.3946    precision@1 : 0.1949    precision@2 : 0.1684    precision@3 : 0.1452    precision@4 : 0.1302    precision@5 : 0.1178    precision@10 : 0.0849    precision@20 : 0.0584    precision@30 : 0.0456    precision@50 : 0.0319    map@1 : 0.1949    map@2 : 0.1943    map@3 : 0.199    map@4 : 0.2049    map@5 : 0.2095    map@10 : 0.2279    map@20 : 0.2418    map@30 : 0.2481    map@50 : 0.2525
Sun 15 Mar 2026 21:54:12 INFO  Saving current: saved/SCL-Mar-15-2026_21-53-40.pth
Sun 15 Mar 2026 21:54:12 INFO  Saving current best: saved/SCL-Mar-15-2026_21-53-40.pth
Sun 15 Mar 2026 21:54:12 INFO  Running E-step ! 
Sun 15 Mar 2026 21:54:12 INFO  epoch 55 training [time: 0.23s, train_loss1: 2.9554, train_loss2: 0.0403, train_loss3: 0.0109, train_loss4: 0.0042]
Sun 15 Mar 2026 21:54:13 INFO  epoch 55 evaluating [time: 0.30s, valid_score: 0.312600]
Sun 15 Mar 2026 21:54:13 INFO  valid result: 
recall@1 : 0.1177    recall@2 : 0.2071    recall@3 : 0.2625    recall@4 : 0.3072    recall@5 : 0.3384    recall@10 : 0.4641    recall@20 : 0.6022    recall@30 : 0.6909    recall@50 : 0.7634    ndcg@1 : 0.1949    ndcg@2 : 0.2232    ndcg@3 : 0.2415    ndcg@4 : 0.2573    ndcg@5 : 0.2685    ndcg@10 : 0.3126    ndcg@20 : 0.3537    ndcg@30 : 0.3768    ndcg@50 : 0.3952    precision@1 : 0.1949    precision@2 : 0.1692    precision@3 : 0.146    precision@4 : 0.1308    precision@5 : 0.1181    precision@10 : 0.0853    precision@20 : 0.0585    precision@30 : 0.0456    precision@50 : 0.0319    map@1 : 0.1949    map@2 : 0.195    map@3 : 0.1998    map@4 : 0.2056    map@5 : 0.2102    map@10 : 0.2286    map@20 : 0.2424    map@30 : 0.2487    map@50 : 0.2532
Sun 15 Mar 2026 21:54:13 INFO  Saving current: saved/SCL-Mar-15-2026_21-53-40.pth
Sun 15 Mar 2026 21:54:13 INFO  Saving current best: saved/SCL-Mar-15-2026_21-53-40.pth
Sun 15 Mar 2026 21:54:13 INFO  Running E-step ! 
Sun 15 Mar 2026 21:54:13 INFO  epoch 56 training [time: 0.24s, train_loss1: 2.9172, train_loss2: 0.0402, train_loss3: 0.0109, train_loss4: 0.0039]
Sun 15 Mar 2026 21:54:13 INFO  epoch 56 evaluating [time: 0.35s, valid_score: 0.313000]
Sun 15 Mar 2026 21:54:13 INFO  valid result: 
recall@1 : 0.1177    recall@2 : 0.207    recall@3 : 0.263    recall@4 : 0.3072    recall@5 : 0.3383    recall@10 : 0.465    recall@20 : 0.6045    recall@30 : 0.6911    recall@50 : 0.7654    ndcg@1 : 0.1949    ndcg@2 : 0.2238    ndcg@3 : 0.2418    ndcg@4 : 0.2575    ndcg@5 : 0.2686    ndcg@10 : 0.313    ndcg@20 : 0.3546    ndcg@30 : 0.3771    ndcg@50 : 0.3958    precision@1 : 0.1949    precision@2 : 0.1701    precision@3 : 0.1462    precision@4 : 0.131    precision@5 : 0.1184    precision@10 : 0.0854    precision@20 : 0.0588    precision@30 : 0.0457    precision@50 : 0.032    map@1 : 0.1949    map@2 : 0.1955    map@3 : 0.1999    map@4 : 0.2057    map@5 : 0.2103    map@10 : 0.2288    map@20 : 0.2428    map@30 : 0.2489    map@50 : 0.2535
Sun 15 Mar 2026 21:54:13 INFO  Saving current: saved/SCL-Mar-15-2026_21-53-40.pth
Sun 15 Mar 2026 21:54:13 INFO  Saving current best: saved/SCL-Mar-15-2026_21-53-40.pth
Sun 15 Mar 2026 21:54:13 INFO  Running E-step ! 
Sun 15 Mar 2026 21:54:13 INFO  epoch 57 training [time: 0.23s, train_loss1: 2.9110, train_loss2: 0.0402, train_loss3: 0.0109, train_loss4: 0.0038]
Sun 15 Mar 2026 21:54:14 INFO  epoch 57 evaluating [time: 0.34s, valid_score: 0.312800]
Sun 15 Mar 2026 21:54:14 INFO  valid result: 
recall@1 : 0.1183    recall@2 : 0.207    recall@3 : 0.261    recall@4 : 0.3069    recall@5 : 0.3378    recall@10 : 0.4641    recall@20 : 0.6061    recall@30 : 0.6917    recall@50 : 0.7671    ndcg@1 : 0.1955    ndcg@2 : 0.224    ndcg@3 : 0.241    ndcg@4 : 0.2573    ndcg@5 : 0.2686    ndcg@10 : 0.3128    ndcg@20 : 0.355    ndcg@30 : 0.3773    ndcg@50 : 0.3963    precision@1 : 0.1955    precision@2 : 0.1701    precision@3 : 0.1454    precision@4 : 0.1307    precision@5 : 0.1186    precision@10 : 0.0854    precision@20 : 0.059    precision@30 : 0.0458    precision@50 : 0.0321    map@1 : 0.1955    map@2 : 0.1958    map@3 : 0.1995    map@4 : 0.2056    map@5 : 0.2104    map@10 : 0.2288    map@20 : 0.243    map@30 : 0.2491    map@50 : 0.2537
Sun 15 Mar 2026 21:54:14 INFO  Running E-step ! 
Sun 15 Mar 2026 21:54:14 INFO  epoch 58 training [time: 0.23s, train_loss1: 2.9175, train_loss2: 0.0402, train_loss3: 0.0109, train_loss4: 0.0037]
Sun 15 Mar 2026 21:54:14 INFO  epoch 58 evaluating [time: 0.33s, valid_score: 0.312700]
Sun 15 Mar 2026 21:54:14 INFO  valid result: 
recall@1 : 0.118    recall@2 : 0.2077    recall@3 : 0.2611    recall@4 : 0.3038    recall@5 : 0.3385    recall@10 : 0.4636    recall@20 : 0.606    recall@30 : 0.6915    recall@50 : 0.7684    ndcg@1 : 0.1961    ndcg@2 : 0.225    ndcg@3 : 0.2413    ndcg@4 : 0.2559    ndcg@5 : 0.2689    ndcg@10 : 0.3127    ndcg@20 : 0.3551    ndcg@30 : 0.3773    ndcg@50 : 0.3966    precision@1 : 0.1961    precision@2 : 0.1713    precision@3 : 0.1456    precision@4 : 0.1296    precision@5 : 0.1188    precision@10 : 0.0853    precision@20 : 0.0591    precision@30 : 0.0458    precision@50 : 0.0321    map@1 : 0.1961    map@2 : 0.1967    map@3 : 0.1997    map@4 : 0.2049    map@5 : 0.2104    map@10 : 0.2287    map@20 : 0.243    map@30 : 0.2491    map@50 : 0.2537
Sun 15 Mar 2026 21:54:14 INFO  Running E-step ! 
Sun 15 Mar 2026 21:54:15 INFO  epoch 59 training [time: 0.23s, train_loss1: 2.8555, train_loss2: 0.0401, train_loss3: 0.0109, train_loss4: 0.0036]
Sun 15 Mar 2026 21:54:15 INFO  epoch 59 evaluating [time: 0.14s, valid_score: 0.313400]
Sun 15 Mar 2026 21:54:15 INFO  valid result: 
recall@1 : 0.1187    recall@2 : 0.2079    recall@3 : 0.2621    recall@4 : 0.3052    recall@5 : 0.3401    recall@10 : 0.4641    recall@20 : 0.606    recall@30 : 0.6914    recall@50 : 0.7665    ndcg@1 : 0.1973    ndcg@2 : 0.2252    ndcg@3 : 0.2423    ndcg@4 : 0.257    ndcg@5 : 0.2701    ndcg@10 : 0.3134    ndcg@20 : 0.3557    ndcg@30 : 0.378    ndcg@50 : 0.397    precision@1 : 0.1973    precision@2 : 0.171    precision@3 : 0.1464    precision@4 : 0.1302    precision@5 : 0.1195    precision@10 : 0.0855    precision@20 : 0.0591    precision@30 : 0.0459    precision@50 : 0.0321    map@1 : 0.1973    map@2 : 0.197    map@3 : 0.2007    map@4 : 0.2058    map@5 : 0.2113    map@10 : 0.2295    map@20 : 0.2437    map@30 : 0.2499    map@50 : 0.2545
Sun 15 Mar 2026 21:54:15 INFO  Saving current: saved/SCL-Mar-15-2026_21-53-40.pth
Sun 15 Mar 2026 21:54:15 INFO  Saving current best: saved/SCL-Mar-15-2026_21-53-40.pth
Sun 15 Mar 2026 21:54:15 INFO  Running E-step ! 
Sun 15 Mar 2026 21:54:15 INFO  epoch 60 training [time: 0.24s, train_loss1: 2.8942, train_loss2: 0.0401, train_loss3: 0.0109, train_loss4: 0.0036]
Sun 15 Mar 2026 21:54:15 INFO  epoch 60 evaluating [time: 0.33s, valid_score: 0.312300]
Sun 15 Mar 2026 21:54:15 INFO  valid result: 
recall@1 : 0.1163    recall@2 : 0.207    recall@3 : 0.2615    recall@4 : 0.3057    recall@5 : 0.341    recall@10 : 0.4633    recall@20 : 0.6072    recall@30 : 0.6925    recall@50 : 0.7691    ndcg@1 : 0.1949    ndcg@2 : 0.2237    ndcg@3 : 0.2411    ndcg@4 : 0.2564    ndcg@5 : 0.2696    ndcg@10 : 0.3123    ndcg@20 : 0.3552    ndcg@30 : 0.3774    ndcg@50 : 0.3967    precision@1 : 0.1949    precision@2 : 0.1704    precision@3 : 0.1464    precision@4 : 0.1308    precision@5 : 0.12    precision@10 : 0.0853    precision@20 : 0.0592    precision@30 : 0.046    precision@50 : 0.0322    map@1 : 0.1949    map@2 : 0.1952    map@3 : 0.1993    map@4 : 0.2047    map@5 : 0.2102    map@10 : 0.2281    map@20 : 0.2426    map@30 : 0.2487    map@50 : 0.2534
Sun 15 Mar 2026 21:54:15 INFO  Running E-step ! 
Sun 15 Mar 2026 21:54:16 INFO  epoch 61 training [time: 0.24s, train_loss1: 2.8435, train_loss2: 0.0400, train_loss3: 0.0109, train_loss4: 0.0035]
Sun 15 Mar 2026 21:54:16 INFO  epoch 61 evaluating [time: 0.31s, valid_score: 0.312200]
Sun 15 Mar 2026 21:54:16 INFO  valid result: 
recall@1 : 0.1154    recall@2 : 0.2067    recall@3 : 0.2626    recall@4 : 0.3052    recall@5 : 0.3425    recall@10 : 0.4637    recall@20 : 0.6091    recall@30 : 0.6918    recall@50 : 0.7682    ndcg@1 : 0.1937    ndcg@2 : 0.2232    ndcg@3 : 0.2414    ndcg@4 : 0.2559    ndcg@5 : 0.27    ndcg@10 : 0.3122    ndcg@20 : 0.3556    ndcg@30 : 0.3771    ndcg@50 : 0.3964    precision@1 : 0.1937    precision@2 : 0.1704    precision@3 : 0.147    precision@4 : 0.1307    precision@5 : 0.1207    precision@10 : 0.0856    precision@20 : 0.0595    precision@30 : 0.046    precision@50 : 0.0322    map@1 : 0.1937    map@2 : 0.1947    map@3 : 0.1994    map@4 : 0.2042    map@5 : 0.2102    map@10 : 0.2279    map@20 : 0.2426    map@30 : 0.2485    map@50 : 0.2532
Sun 15 Mar 2026 21:54:16 INFO  Running E-step ! 
Sun 15 Mar 2026 21:54:16 INFO  epoch 62 training [time: 0.22s, train_loss1: 2.8842, train_loss2: 0.0400, train_loss3: 0.0109, train_loss4: 0.0034]
Sun 15 Mar 2026 21:54:16 INFO  epoch 62 evaluating [time: 0.32s, valid_score: 0.312500]
Sun 15 Mar 2026 21:54:16 INFO  valid result: 
recall@1 : 0.1152    recall@2 : 0.2074    recall@3 : 0.2632    recall@4 : 0.3034    recall@5 : 0.3422    recall@10 : 0.4642    recall@20 : 0.6105    recall@30 : 0.6924    recall@50 : 0.7713    ndcg@1 : 0.1925    ndcg@2 : 0.2237    ndcg@3 : 0.2416    ndcg@4 : 0.2552    ndcg@5 : 0.27    ndcg@10 : 0.3125    ndcg@20 : 0.356    ndcg@30 : 0.3774    ndcg@50 : 0.3971    precision@1 : 0.1925    precision@2 : 0.1713    precision@3 : 0.1472    precision@4 : 0.1304    precision@5 : 0.121    precision@10 : 0.0859    precision@20 : 0.0596    precision@30 : 0.046    precision@50 : 0.0323    map@1 : 0.1925    map@2 : 0.1949    map@3 : 0.1995    map@4 : 0.2039    map@5 : 0.2102    map@10 : 0.2281    map@20 : 0.2428    map@30 : 0.2487    map@50 : 0.2535
Sun 15 Mar 2026 21:54:16 INFO  Running E-step ! 
Sun 15 Mar 2026 21:54:17 INFO  epoch 63 training [time: 0.23s, train_loss1: 2.8687, train_loss2: 0.0399, train_loss3: 0.0109, train_loss4: 0.0033]
Sun 15 Mar 2026 21:54:17 INFO  epoch 63 evaluating [time: 0.34s, valid_score: 0.312200]
Sun 15 Mar 2026 21:54:17 INFO  valid result: 
recall@1 : 0.1143    recall@2 : 0.2073    recall@3 : 0.2627    recall@4 : 0.3032    recall@5 : 0.3421    recall@10 : 0.4645    recall@20 : 0.6115    recall@30 : 0.6927    recall@50 : 0.7717    ndcg@1 : 0.1913    ndcg@2 : 0.2233    ndcg@3 : 0.2413    ndcg@4 : 0.2549    ndcg@5 : 0.2694    ndcg@10 : 0.3122    ndcg@20 : 0.3559    ndcg@30 : 0.3772    ndcg@50 : 0.397    precision@1 : 0.1913    precision@2 : 0.1713    precision@3 : 0.1476    precision@4 : 0.1307    precision@5 : 0.1207    precision@10 : 0.086    precision@20 : 0.0597    precision@30 : 0.0461    precision@50 : 0.0324    map@1 : 0.1913    map@2 : 0.1946    map@3 : 0.1991    map@4 : 0.2036    map@5 : 0.2097    map@10 : 0.2277    map@20 : 0.2424    map@30 : 0.2483    map@50 : 0.2532
Sun 15 Mar 2026 21:54:17 INFO  Running E-step ! 
Sun 15 Mar 2026 21:54:17 INFO  epoch 64 training [time: 0.22s, train_loss1: 2.8460, train_loss2: 0.0399, train_loss3: 0.0109, train_loss4: 0.0032]
Sun 15 Mar 2026 21:54:18 INFO  epoch 64 evaluating [time: 0.32s, valid_score: 0.312500]
Sun 15 Mar 2026 21:54:18 INFO  valid result: 
recall@1 : 0.1155    recall@2 : 0.2074    recall@3 : 0.2631    recall@4 : 0.3044    recall@5 : 0.3413    recall@10 : 0.4635    recall@20 : 0.6151    recall@30 : 0.6924    recall@50 : 0.7737    ndcg@1 : 0.1925    ndcg@2 : 0.224    ndcg@3 : 0.2422    ndcg@4 : 0.256    ndcg@5 : 0.2697    ndcg@10 : 0.3125    ndcg@20 : 0.3574    ndcg@30 : 0.3777    ndcg@50 : 0.398    precision@1 : 0.1925    precision@2 : 0.1716    precision@3 : 0.1482    precision@4 : 0.1311    precision@5 : 0.1206    precision@10 : 0.0859    precision@20 : 0.06    precision@30 : 0.0461    precision@50 : 0.0325    map@1 : 0.1925    map@2 : 0.1953    map@3 : 0.2    map@4 : 0.2047    map@5 : 0.2102    map@10 : 0.2283    map@20 : 0.2434    map@30 : 0.2491    map@50 : 0.254
Sun 15 Mar 2026 21:54:18 INFO  Running E-step ! 
Sun 15 Mar 2026 21:54:18 INFO  epoch 65 training [time: 0.24s, train_loss1: 2.8186, train_loss2: 0.0398, train_loss3: 0.0109, train_loss4: 0.0032]
Sun 15 Mar 2026 21:54:18 INFO  epoch 65 evaluating [time: 0.31s, valid_score: 0.313100]
Sun 15 Mar 2026 21:54:18 INFO  valid result: 
recall@1 : 0.1156    recall@2 : 0.2072    recall@3 : 0.2631    recall@4 : 0.3037    recall@5 : 0.3412    recall@10 : 0.4654    recall@20 : 0.6168    recall@30 : 0.6912    recall@50 : 0.7737    ndcg@1 : 0.1931    ndcg@2 : 0.2241    ndcg@3 : 0.2423    ndcg@4 : 0.2559    ndcg@5 : 0.2697    ndcg@10 : 0.3131    ndcg@20 : 0.358    ndcg@30 : 0.3777    ndcg@50 : 0.3982    precision@1 : 0.1931    precision@2 : 0.1716    precision@3 : 0.1482    precision@4 : 0.1313    precision@5 : 0.1206    precision@10 : 0.0863    precision@20 : 0.0602    precision@30 : 0.0461    precision@50 : 0.0325    map@1 : 0.1931    map@2 : 0.1955    map@3 : 0.2    map@4 : 0.2046    map@5 : 0.2103    map@10 : 0.2286    map@20 : 0.2436    map@30 : 0.2492    map@50 : 0.2542
Sun 15 Mar 2026 21:54:18 INFO  Running E-step ! 
Sun 15 Mar 2026 21:54:18 INFO  epoch 66 training [time: 0.24s, train_loss1: 2.8151, train_loss2: 0.0397, train_loss3: 0.0109, train_loss4: 0.0031]
Sun 15 Mar 2026 21:54:19 INFO  epoch 66 evaluating [time: 0.32s, valid_score: 0.313300]
Sun 15 Mar 2026 21:54:19 INFO  valid result: 
recall@1 : 0.1157    recall@2 : 0.2067    recall@3 : 0.2634    recall@4 : 0.304    recall@5 : 0.3413    recall@10 : 0.4653    recall@20 : 0.6185    recall@30 : 0.6936    recall@50 : 0.7751    ndcg@1 : 0.1937    ndcg@2 : 0.2243    ndcg@3 : 0.2426    ndcg@4 : 0.2564    ndcg@5 : 0.2699    ndcg@10 : 0.3133    ndcg@20 : 0.3587    ndcg@30 : 0.3784    ndcg@50 : 0.3987    precision@1 : 0.1937    precision@2 : 0.1719    precision@3 : 0.1484    precision@4 : 0.1319    precision@5 : 0.1207    precision@10 : 0.0865    precision@20 : 0.0605    precision@30 : 0.0463    precision@50 : 0.0325    map@1 : 0.1937    map@2 : 0.1956    map@3 : 0.2003    map@4 : 0.205    map@5 : 0.2104    map@10 : 0.2288    map@20 : 0.244    map@30 : 0.2495    map@50 : 0.2544
Sun 15 Mar 2026 21:54:19 INFO  Running E-step ! 
Sun 15 Mar 2026 21:54:19 INFO  epoch 67 training [time: 0.24s, train_loss1: 2.7897, train_loss2: 0.0397, train_loss3: 0.0109, train_loss4: 0.0031]
Sun 15 Mar 2026 21:54:19 INFO  epoch 67 evaluating [time: 0.34s, valid_score: 0.313300]
Sun 15 Mar 2026 21:54:19 INFO  valid result: 
recall@1 : 0.115    recall@2 : 0.208    recall@3 : 0.2631    recall@4 : 0.3052    recall@5 : 0.3428    recall@10 : 0.4653    recall@20 : 0.6194    recall@30 : 0.6941    recall@50 : 0.7751    ndcg@1 : 0.1925    ndcg@2 : 0.225    ndcg@3 : 0.2426    ndcg@4 : 0.2569    ndcg@5 : 0.2705    ndcg@10 : 0.3133    ndcg@20 : 0.359    ndcg@30 : 0.3787    ndcg@50 : 0.3988    precision@1 : 0.1925    precision@2 : 0.1728    precision@3 : 0.1488    precision@4 : 0.1323    precision@5 : 0.1212    precision@10 : 0.0865    precision@20 : 0.0606    precision@30 : 0.0464    precision@50 : 0.0325    map@1 : 0.1925    map@2 : 0.1961    map@3 : 0.2003    map@4 : 0.2054    map@5 : 0.2107    map@10 : 0.2289    map@20 : 0.2442    map@30 : 0.2497    map@50 : 0.2546
Sun 15 Mar 2026 21:54:19 INFO  Running E-step ! 
Sun 15 Mar 2026 21:54:19 INFO  epoch 68 training [time: 0.23s, train_loss1: 2.7923, train_loss2: 0.0396, train_loss3: 0.0109, train_loss4: 0.0028]
Sun 15 Mar 2026 21:54:20 INFO  epoch 68 evaluating [time: 0.32s, valid_score: 0.313600]
Sun 15 Mar 2026 21:54:20 INFO  valid result: 
recall@1 : 0.115    recall@2 : 0.2086    recall@3 : 0.2631    recall@4 : 0.3042    recall@5 : 0.3438    recall@10 : 0.4657    recall@20 : 0.6202    recall@30 : 0.695    recall@50 : 0.7772    ndcg@1 : 0.1925    ndcg@2 : 0.2259    ndcg@3 : 0.2427    ndcg@4 : 0.2565    ndcg@5 : 0.271    ndcg@10 : 0.3136    ndcg@20 : 0.3595    ndcg@30 : 0.3791    ndcg@50 : 0.3995    precision@1 : 0.1925    precision@2 : 0.174    precision@3 : 0.1488    precision@4 : 0.1319    precision@5 : 0.1216    precision@10 : 0.0865    precision@20 : 0.0607    precision@30 : 0.0465    precision@50 : 0.0326    map@1 : 0.1925    map@2 : 0.1971    map@3 : 0.2005    map@4 : 0.2053    map@5 : 0.2111    map@10 : 0.2291    map@20 : 0.2445    map@30 : 0.25    map@50 : 0.2549
Sun 15 Mar 2026 21:54:20 INFO  Saving current: saved/SCL-Mar-15-2026_21-53-40.pth
Sun 15 Mar 2026 21:54:20 INFO  Saving current best: saved/SCL-Mar-15-2026_21-53-40.pth
Sun 15 Mar 2026 21:54:20 INFO  Running E-step ! 
Sun 15 Mar 2026 21:54:20 INFO  epoch 69 training [time: 0.22s, train_loss1: 2.7881, train_loss2: 0.0395, train_loss3: 0.0109, train_loss4: 0.0028]
Sun 15 Mar 2026 21:54:20 INFO  epoch 69 evaluating [time: 0.32s, valid_score: 0.314000]
Sun 15 Mar 2026 21:54:20 INFO  valid result: 
recall@1 : 0.115    recall@2 : 0.2093    recall@3 : 0.2627    recall@4 : 0.3043    recall@5 : 0.3427    recall@10 : 0.4664    recall@20 : 0.6233    recall@30 : 0.6958    recall@50 : 0.7798    ndcg@1 : 0.1925    ndcg@2 : 0.2263    ndcg@3 : 0.2428    ndcg@4 : 0.2567    ndcg@5 : 0.2707    ndcg@10 : 0.314    ndcg@20 : 0.3604    ndcg@30 : 0.3796    ndcg@50 : 0.4002    precision@1 : 0.1925    precision@2 : 0.1746    precision@3 : 0.149    precision@4 : 0.1322    precision@5 : 0.1213    precision@10 : 0.0868    precision@20 : 0.061    precision@30 : 0.0466    precision@50 : 0.0327    map@1 : 0.1925    map@2 : 0.1973    map@3 : 0.2005    map@4 : 0.2054    map@5 : 0.211    map@10 : 0.2293    map@20 : 0.2449    map@30 : 0.2503    map@50 : 0.2552
Sun 15 Mar 2026 21:54:20 INFO  Saving current: saved/SCL-Mar-15-2026_21-53-40.pth
Sun 15 Mar 2026 21:54:20 INFO  Saving current best: saved/SCL-Mar-15-2026_21-53-40.pth
Sun 15 Mar 2026 21:54:20 INFO  Running E-step ! 
Sun 15 Mar 2026 21:54:21 INFO  epoch 70 training [time: 0.22s, train_loss1: 2.7320, train_loss2: 0.0394, train_loss3: 0.0109, train_loss4: 0.0028]
Sun 15 Mar 2026 21:54:21 INFO  epoch 70 evaluating [time: 0.33s, valid_score: 0.314500]
Sun 15 Mar 2026 21:54:21 INFO  valid result: 
recall@1 : 0.1156    recall@2 : 0.2093    recall@3 : 0.2637    recall@4 : 0.3042    recall@5 : 0.3422    recall@10 : 0.4668    recall@20 : 0.6246    recall@30 : 0.6945    recall@50 : 0.7802    ndcg@1 : 0.1931    ndcg@2 : 0.2263    ndcg@3 : 0.2439    ndcg@4 : 0.2571    ndcg@5 : 0.2707    ndcg@10 : 0.3145    ndcg@20 : 0.3612    ndcg@30 : 0.3798    ndcg@50 : 0.4008    precision@1 : 0.1931    precision@2 : 0.1743    precision@3 : 0.1502    precision@4 : 0.1323    precision@5 : 0.1211    precision@10 : 0.087    precision@20 : 0.0612    precision@30 : 0.0466    precision@50 : 0.0328    map@1 : 0.1931    map@2 : 0.1973    map@3 : 0.2016    map@4 : 0.2058    map@5 : 0.2111    map@10 : 0.2298    map@20 : 0.2455    map@30 : 0.2508    map@50 : 0.2558
Sun 15 Mar 2026 21:54:21 INFO  Saving current: saved/SCL-Mar-15-2026_21-53-40.pth
Sun 15 Mar 2026 21:54:21 INFO  Saving current best: saved/SCL-Mar-15-2026_21-53-40.pth
Sun 15 Mar 2026 21:54:21 INFO  Running E-step ! 
Sun 15 Mar 2026 21:54:21 INFO  epoch 71 training [time: 0.23s, train_loss1: 2.7126, train_loss2: 0.0394, train_loss3: 0.0109, train_loss4: 0.0027]
Sun 15 Mar 2026 21:54:22 INFO  epoch 71 evaluating [time: 0.34s, valid_score: 0.315100]
Sun 15 Mar 2026 21:54:22 INFO  valid result: 
recall@1 : 0.1156    recall@2 : 0.2093    recall@3 : 0.2648    recall@4 : 0.3053    recall@5 : 0.3426    recall@10 : 0.468    recall@20 : 0.6244    recall@30 : 0.6956    recall@50 : 0.7825    ndcg@1 : 0.1931    ndcg@2 : 0.2263    ndcg@3 : 0.2444    ndcg@4 : 0.2576    ndcg@5 : 0.2708    ndcg@10 : 0.3151    ndcg@20 : 0.3614    ndcg@30 : 0.3803    ndcg@50 : 0.4016    precision@1 : 0.1931    precision@2 : 0.1743    precision@3 : 0.1504    precision@4 : 0.1326    precision@5 : 0.1209    precision@10 : 0.0872    precision@20 : 0.0611    precision@30 : 0.0467    precision@50 : 0.0328    map@1 : 0.1931    map@2 : 0.1973    map@3 : 0.2018    map@4 : 0.2061    map@5 : 0.2111    map@10 : 0.2302    map@20 : 0.2458    map@30 : 0.2512    map@50 : 0.2562
Sun 15 Mar 2026 21:54:22 INFO  Saving current: saved/SCL-Mar-15-2026_21-53-40.pth
Sun 15 Mar 2026 21:54:22 INFO  Saving current best: saved/SCL-Mar-15-2026_21-53-40.pth
Sun 15 Mar 2026 21:54:22 INFO  Running E-step ! 
Sun 15 Mar 2026 21:54:22 INFO  epoch 72 training [time: 0.23s, train_loss1: 2.7480, train_loss2: 0.0393, train_loss3: 0.0109, train_loss4: 0.0027]
Sun 15 Mar 2026 21:54:22 INFO  epoch 72 evaluating [time: 0.31s, valid_score: 0.316000]
Sun 15 Mar 2026 21:54:22 INFO  valid result: 
recall@1 : 0.1157    recall@2 : 0.2101    recall@3 : 0.2675    recall@4 : 0.3045    recall@5 : 0.3418    recall@10 : 0.4698    recall@20 : 0.6263    recall@30 : 0.6972    recall@50 : 0.7839    ndcg@1 : 0.1937    ndcg@2 : 0.227    ndcg@3 : 0.2459    ndcg@4 : 0.2576    ndcg@5 : 0.2709    ndcg@10 : 0.316    ndcg@20 : 0.3623    ndcg@30 : 0.3812    ndcg@50 : 0.4024    precision@1 : 0.1937    precision@2 : 0.1746    precision@3 : 0.1512    precision@4 : 0.1324    precision@5 : 0.1209    precision@10 : 0.0875    precision@20 : 0.0613    precision@30 : 0.0468    precision@50 : 0.0329    map@1 : 0.1937    map@2 : 0.1979    map@3 : 0.203    map@4 : 0.2064    map@5 : 0.2114    map@10 : 0.2308    map@20 : 0.2465    map@30 : 0.2519    map@50 : 0.2569
Sun 15 Mar 2026 21:54:22 INFO  Saving current: saved/SCL-Mar-15-2026_21-53-40.pth
Sun 15 Mar 2026 21:54:22 INFO  Saving current best: saved/SCL-Mar-15-2026_21-53-40.pth
Sun 15 Mar 2026 21:54:22 INFO  Running E-step ! 
Sun 15 Mar 2026 21:54:22 INFO  epoch 73 training [time: 0.24s, train_loss1: 2.7314, train_loss2: 0.0392, train_loss3: 0.0110, train_loss4: 0.0026]
Sun 15 Mar 2026 21:54:23 INFO  epoch 73 evaluating [time: 0.34s, valid_score: 0.316200]
Sun 15 Mar 2026 21:54:23 INFO  valid result: 
recall@1 : 0.1157    recall@2 : 0.2106    recall@3 : 0.2666    recall@4 : 0.3043    recall@5 : 0.3431    recall@10 : 0.4703    recall@20 : 0.6273    recall@30 : 0.6983    recall@50 : 0.7848    ndcg@1 : 0.1937    ndcg@2 : 0.2274    ndcg@3 : 0.2456    ndcg@4 : 0.2576    ndcg@5 : 0.2715    ndcg@10 : 0.3162    ndcg@20 : 0.3627    ndcg@30 : 0.3817    ndcg@50 : 0.4027    precision@1 : 0.1937    precision@2 : 0.1752    precision@3 : 0.151    precision@4 : 0.1324    precision@5 : 0.1212    precision@10 : 0.0876    precision@20 : 0.0614    precision@30 : 0.047    precision@50 : 0.0329    map@1 : 0.1937    map@2 : 0.1983    map@3 : 0.2027    map@4 : 0.2063    map@5 : 0.2117    map@10 : 0.2309    map@20 : 0.2467    map@30 : 0.2521    map@50 : 0.2571
Sun 15 Mar 2026 21:54:23 INFO  Saving current: saved/SCL-Mar-15-2026_21-53-40.pth
Sun 15 Mar 2026 21:54:23 INFO  Saving current best: saved/SCL-Mar-15-2026_21-53-40.pth
Sun 15 Mar 2026 21:54:23 INFO  Running E-step ! 
Sun 15 Mar 2026 21:54:23 INFO  epoch 74 training [time: 0.24s, train_loss1: 2.6857, train_loss2: 0.0391, train_loss3: 0.0110, train_loss4: 0.0026]
Sun 15 Mar 2026 21:54:23 INFO  epoch 74 evaluating [time: 0.31s, valid_score: 0.316600]
Sun 15 Mar 2026 21:54:23 INFO  valid result: 
recall@1 : 0.1157    recall@2 : 0.2121    recall@3 : 0.2667    recall@4 : 0.3052    recall@5 : 0.3435    recall@10 : 0.4704    recall@20 : 0.6261    recall@30 : 0.6989    recall@50 : 0.7839    ndcg@1 : 0.1937    ndcg@2 : 0.2284    ndcg@3 : 0.2458    ndcg@4 : 0.2585    ndcg@5 : 0.2719    ndcg@10 : 0.3166    ndcg@20 : 0.3627    ndcg@30 : 0.3822    ndcg@50 : 0.403    precision@1 : 0.1937    precision@2 : 0.1761    precision@3 : 0.151    precision@4 : 0.1333    precision@5 : 0.1212    precision@10 : 0.0878    precision@20 : 0.0612    precision@30 : 0.047    precision@50 : 0.0329    map@1 : 0.1937    map@2 : 0.1992    map@3 : 0.2029    map@4 : 0.2071    map@5 : 0.2121    map@10 : 0.2314    map@20 : 0.247    map@30 : 0.2526    map@50 : 0.2575
Sun 15 Mar 2026 21:54:23 INFO  Saving current: saved/SCL-Mar-15-2026_21-53-40.pth
Sun 15 Mar 2026 21:54:23 INFO  Saving current best: saved/SCL-Mar-15-2026_21-53-40.pth
Sun 15 Mar 2026 21:54:23 INFO  Running E-step ! 
Sun 15 Mar 2026 21:54:24 INFO  epoch 75 training [time: 0.22s, train_loss1: 2.6893, train_loss2: 0.0390, train_loss3: 0.0110, train_loss4: 0.0027]
Sun 15 Mar 2026 21:54:24 INFO  epoch 75 evaluating [time: 0.34s, valid_score: 0.317200]
Sun 15 Mar 2026 21:54:24 INFO  valid result: 
recall@1 : 0.1169    recall@2 : 0.2135    recall@3 : 0.2664    recall@4 : 0.3065    recall@5 : 0.3435    recall@10 : 0.4701    recall@20 : 0.6272    recall@30 : 0.7001    recall@50 : 0.7862    ndcg@1 : 0.1949    ndcg@2 : 0.2299    ndcg@3 : 0.2464    ndcg@4 : 0.2598    ndcg@5 : 0.2727    ndcg@10 : 0.3172    ndcg@20 : 0.3637    ndcg@30 : 0.3833    ndcg@50 : 0.4042    precision@1 : 0.1949    precision@2 : 0.177    precision@3 : 0.1512    precision@4 : 0.1341    precision@5 : 0.1215    precision@10 : 0.0878    precision@20 : 0.0613    precision@30 : 0.0472    precision@50 : 0.033    map@1 : 0.1949    map@2 : 0.2005    map@3 : 0.2036    map@4 : 0.2083    map@5 : 0.2131    map@10 : 0.2322    map@20 : 0.248    map@30 : 0.2536    map@50 : 0.2585
Sun 15 Mar 2026 21:54:24 INFO  Saving current: saved/SCL-Mar-15-2026_21-53-40.pth
Sun 15 Mar 2026 21:54:24 INFO  Saving current best: saved/SCL-Mar-15-2026_21-53-40.pth
Sun 15 Mar 2026 21:54:24 INFO  Running E-step ! 
Sun 15 Mar 2026 21:54:24 INFO  epoch 76 training [time: 0.22s, train_loss1: 2.6954, train_loss2: 0.0390, train_loss3: 0.0110, train_loss4: 0.0026]
Sun 15 Mar 2026 21:54:24 INFO  epoch 76 evaluating [time: 0.32s, valid_score: 0.317800]
Sun 15 Mar 2026 21:54:24 INFO  valid result: 
recall@1 : 0.1165    recall@2 : 0.2154    recall@3 : 0.2663    recall@4 : 0.3083    recall@5 : 0.3447    recall@10 : 0.4709    recall@20 : 0.6268    recall@30 : 0.7005    recall@50 : 0.786    ndcg@1 : 0.1949    ndcg@2 : 0.2311    ndcg@3 : 0.2465    ndcg@4 : 0.2609    ndcg@5 : 0.2735    ndcg@10 : 0.3178    ndcg@20 : 0.3641    ndcg@30 : 0.3838    ndcg@50 : 0.4045    precision@1 : 0.1949    precision@2 : 0.1782    precision@3 : 0.1512    precision@4 : 0.135    precision@5 : 0.1221    precision@10 : 0.088    precision@20 : 0.0613    precision@30 : 0.0472    precision@50 : 0.033    map@1 : 0.1949    map@2 : 0.2014    map@3 : 0.2038    map@4 : 0.2088    map@5 : 0.2136    map@10 : 0.2327    map@20 : 0.2483    map@30 : 0.254    map@50 : 0.2589
Sun 15 Mar 2026 21:54:24 INFO  Saving current: saved/SCL-Mar-15-2026_21-53-40.pth
Sun 15 Mar 2026 21:54:24 INFO  Saving current best: saved/SCL-Mar-15-2026_21-53-40.pth
Sun 15 Mar 2026 21:54:24 INFO  Running E-step ! 
Sun 15 Mar 2026 21:54:25 INFO  epoch 77 training [time: 0.22s, train_loss1: 2.6271, train_loss2: 0.0389, train_loss3: 0.0110, train_loss4: 0.0026]
Sun 15 Mar 2026 21:54:25 INFO  epoch 77 evaluating [time: 0.33s, valid_score: 0.318800]
Sun 15 Mar 2026 21:54:25 INFO  valid result: 
recall@1 : 0.1177    recall@2 : 0.2147    recall@3 : 0.2675    recall@4 : 0.3085    recall@5 : 0.346    recall@10 : 0.4718    recall@20 : 0.6266    recall@30 : 0.7002    recall@50 : 0.7872    ndcg@1 : 0.1967    ndcg@2 : 0.2311    ndcg@3 : 0.2475    ndcg@4 : 0.2617    ndcg@5 : 0.2746    ndcg@10 : 0.3188    ndcg@20 : 0.3648    ndcg@30 : 0.3845    ndcg@50 : 0.4055    precision@1 : 0.1967    precision@2 : 0.1776    precision@3 : 0.1516    precision@4 : 0.1356    precision@5 : 0.1225    precision@10 : 0.0882    precision@20 : 0.0614    precision@30 : 0.0473    precision@50 : 0.033    map@1 : 0.1967    map@2 : 0.2017    map@3 : 0.2047    map@4 : 0.2095    map@5 : 0.2146    map@10 : 0.2336    map@20 : 0.2492    map@30 : 0.255    map@50 : 0.2599
Sun 15 Mar 2026 21:54:25 INFO  Saving current: saved/SCL-Mar-15-2026_21-53-40.pth
Sun 15 Mar 2026 21:54:25 INFO  Saving current best: saved/SCL-Mar-15-2026_21-53-40.pth
Sun 15 Mar 2026 21:54:25 INFO  Running E-step ! 
Sun 15 Mar 2026 21:54:25 INFO  epoch 78 training [time: 0.22s, train_loss1: 2.6745, train_loss2: 0.0388, train_loss3: 0.0110, train_loss4: 0.0024]
Sun 15 Mar 2026 21:54:26 INFO  epoch 78 evaluating [time: 0.31s, valid_score: 0.320300]
Sun 15 Mar 2026 21:54:26 INFO  valid result: 
recall@1 : 0.1192    recall@2 : 0.2156    recall@3 : 0.267    recall@4 : 0.3086    recall@5 : 0.3485    recall@10 : 0.4738    recall@20 : 0.6243    recall@30 : 0.6997    recall@50 : 0.7866    ndcg@1 : 0.1985    ndcg@2 : 0.2331    ndcg@3 : 0.2481    ndcg@4 : 0.2625    ndcg@5 : 0.2766    ndcg@10 : 0.3203    ndcg@20 : 0.3651    ndcg@30 : 0.3853    ndcg@50 : 0.4063    precision@1 : 0.1985    precision@2 : 0.1794    precision@3 : 0.1514    precision@4 : 0.1356    precision@5 : 0.1236    precision@10 : 0.0886    precision@20 : 0.0612    precision@30 : 0.0472    precision@50 : 0.033    map@1 : 0.1985    map@2 : 0.2037    map@3 : 0.2054    map@4 : 0.2104    map@5 : 0.2164    map@10 : 0.2349    map@20 : 0.2503    map@30 : 0.2561    map@50 : 0.261
Sun 15 Mar 2026 21:54:26 INFO  Saving current: saved/SCL-Mar-15-2026_21-53-40.pth
Sun 15 Mar 2026 21:54:26 INFO  Saving current best: saved/SCL-Mar-15-2026_21-53-40.pth
Sun 15 Mar 2026 21:54:26 INFO  Running E-step ! 
Sun 15 Mar 2026 21:54:26 INFO  epoch 79 training [time: 0.23s, train_loss1: 2.6694, train_loss2: 0.0387, train_loss3: 0.0110, train_loss4: 0.0024]
Sun 15 Mar 2026 21:54:26 INFO  epoch 79 evaluating [time: 0.33s, valid_score: 0.321200]
Sun 15 Mar 2026 21:54:26 INFO  valid result: 
recall@1 : 0.1192    recall@2 : 0.2161    recall@3 : 0.267    recall@4 : 0.3105    recall@5 : 0.3497    recall@10 : 0.4754    recall@20 : 0.6252    recall@30 : 0.699    recall@50 : 0.7857    ndcg@1 : 0.1985    ndcg@2 : 0.233    ndcg@3 : 0.2483    ndcg@4 : 0.2634    ndcg@5 : 0.2774    ndcg@10 : 0.3212    ndcg@20 : 0.3657    ndcg@30 : 0.3856    ndcg@50 : 0.4066    precision@1 : 0.1985    precision@2 : 0.1791    precision@3 : 0.1518    precision@4 : 0.1362    precision@5 : 0.1242    precision@10 : 0.0889    precision@20 : 0.0614    precision@30 : 0.0473    precision@50 : 0.033    map@1 : 0.1985    map@2 : 0.2034    map@3 : 0.2056    map@4 : 0.2109    map@5 : 0.217    map@10 : 0.2354    map@20 : 0.2507    map@30 : 0.2566    map@50 : 0.2614
Sun 15 Mar 2026 21:54:26 INFO  Saving current: saved/SCL-Mar-15-2026_21-53-40.pth
Sun 15 Mar 2026 21:54:26 INFO  Saving current best: saved/SCL-Mar-15-2026_21-53-40.pth
Sun 15 Mar 2026 21:54:26 INFO  Running E-step ! 
Sun 15 Mar 2026 21:54:26 INFO  epoch 80 training [time: 0.23s, train_loss1: 2.6193, train_loss2: 0.0386, train_loss3: 0.0110, train_loss4: 0.0024]
Sun 15 Mar 2026 21:54:27 INFO  epoch 80 evaluating [time: 0.30s, valid_score: 0.322100]
Sun 15 Mar 2026 21:54:27 INFO  valid result: 
recall@1 : 0.1196    recall@2 : 0.2148    recall@3 : 0.2669    recall@4 : 0.3094    recall@5 : 0.3499    recall@10 : 0.4779    recall@20 : 0.6261    recall@30 : 0.6996    recall@50 : 0.7877    ndcg@1 : 0.1996    ndcg@2 : 0.2323    ndcg@3 : 0.2486    ndcg@4 : 0.2628    ndcg@5 : 0.2774    ndcg@10 : 0.3221    ndcg@20 : 0.3662    ndcg@30 : 0.386    ndcg@50 : 0.4071    precision@1 : 0.1996    precision@2 : 0.1782    precision@3 : 0.1524    precision@4 : 0.1357    precision@5 : 0.1243    precision@10 : 0.0895    precision@20 : 0.0615    precision@30 : 0.0474    precision@50 : 0.0331    map@1 : 0.1996    map@2 : 0.2029    map@3 : 0.2059    map@4 : 0.2105    map@5 : 0.2169    map@10 : 0.2357    map@20 : 0.2509    map@30 : 0.2567    map@50 : 0.2616
Sun 15 Mar 2026 21:54:27 INFO  Saving current: saved/SCL-Mar-15-2026_21-53-40.pth
Sun 15 Mar 2026 21:54:27 INFO  Saving current best: saved/SCL-Mar-15-2026_21-53-40.pth
Sun 15 Mar 2026 21:54:27 INFO  Running E-step ! 
Sun 15 Mar 2026 21:54:27 INFO  epoch 81 training [time: 0.22s, train_loss1: 2.6313, train_loss2: 0.0386, train_loss3: 0.0110, train_loss4: 0.0023]
Sun 15 Mar 2026 21:54:27 INFO  epoch 81 evaluating [time: 0.33s, valid_score: 0.321600]
Sun 15 Mar 2026 21:54:27 INFO  valid result: 
recall@1 : 0.1187    recall@2 : 0.2146    recall@3 : 0.2666    recall@4 : 0.3077    recall@5 : 0.349    recall@10 : 0.4775    recall@20 : 0.6256    recall@30 : 0.7005    recall@50 : 0.7868    ndcg@1 : 0.1985    ndcg@2 : 0.2327    ndcg@3 : 0.2482    ndcg@4 : 0.2619    ndcg@5 : 0.2767    ndcg@10 : 0.3216    ndcg@20 : 0.3657    ndcg@30 : 0.3859    ndcg@50 : 0.4067    precision@1 : 0.1985    precision@2 : 0.1794    precision@3 : 0.1526    precision@4 : 0.1354    precision@5 : 0.1242    precision@10 : 0.0895    precision@20 : 0.0615    precision@30 : 0.0475    precision@50 : 0.0331    map@1 : 0.1985    map@2 : 0.2031    map@3 : 0.2055    map@4 : 0.2097    map@5 : 0.2162    map@10 : 0.2352    map@20 : 0.2505    map@30 : 0.2563    map@50 : 0.2612
Sun 15 Mar 2026 21:54:27 INFO  Running E-step ! 
Sun 15 Mar 2026 21:54:27 INFO  epoch 82 training [time: 0.23s, train_loss1: 2.6363, train_loss2: 0.0385, train_loss3: 0.0110, train_loss4: 0.0023]
Sun 15 Mar 2026 21:54:28 INFO  epoch 82 evaluating [time: 0.33s, valid_score: 0.321700]
Sun 15 Mar 2026 21:54:28 INFO  valid result: 
recall@1 : 0.1182    recall@2 : 0.2141    recall@3 : 0.2671    recall@4 : 0.3073    recall@5 : 0.3488    recall@10 : 0.4781    recall@20 : 0.6252    recall@30 : 0.7022    recall@50 : 0.7882    ndcg@1 : 0.1985    ndcg@2 : 0.2324    ndcg@3 : 0.2485    ndcg@4 : 0.2613    ndcg@5 : 0.2764    ndcg@10 : 0.3217    ndcg@20 : 0.3655    ndcg@30 : 0.3862    ndcg@50 : 0.4069    precision@1 : 0.1985    precision@2 : 0.1794    precision@3 : 0.1532    precision@4 : 0.1348    precision@5 : 0.1238    precision@10 : 0.0896    precision@20 : 0.0615    precision@30 : 0.0476    precision@50 : 0.0331    map@1 : 0.1985    map@2 : 0.2028    map@3 : 0.2056    map@4 : 0.2092    map@5 : 0.2158    map@10 : 0.235    map@20 : 0.2503    map@30 : 0.2563    map@50 : 0.261
Sun 15 Mar 2026 21:54:28 INFO  Running E-step ! 
Sun 15 Mar 2026 21:54:28 INFO  epoch 83 training [time: 0.23s, train_loss1: 2.5939, train_loss2: 0.0384, train_loss3: 0.0110, train_loss4: 0.0023]
Sun 15 Mar 2026 21:54:28 INFO  epoch 83 evaluating [time: 0.31s, valid_score: 0.321700]
Sun 15 Mar 2026 21:54:28 INFO  valid result: 
recall@1 : 0.1184    recall@2 : 0.2142    recall@3 : 0.2667    recall@4 : 0.3076    recall@5 : 0.3484    recall@10 : 0.4778    recall@20 : 0.6249    recall@30 : 0.7033    recall@50 : 0.7895    ndcg@1 : 0.199    ndcg@2 : 0.2331    ndcg@3 : 0.2483    ndcg@4 : 0.2619    ndcg@5 : 0.2766    ndcg@10 : 0.3217    ndcg@20 : 0.3658    ndcg@30 : 0.3867    ndcg@50 : 0.4073    precision@1 : 0.199    precision@2 : 0.1803    precision@3 : 0.1528    precision@4 : 0.1354    precision@5 : 0.1243    precision@10 : 0.0896    precision@20 : 0.0617    precision@30 : 0.0478    precision@50 : 0.0331    map@1 : 0.199    map@2 : 0.2035    map@3 : 0.2056    map@4 : 0.2096    map@5 : 0.2161    map@10 : 0.2352    map@20 : 0.2505    map@30 : 0.2566    map@50 : 0.2613
Sun 15 Mar 2026 21:54:28 INFO  Running E-step ! 
Sun 15 Mar 2026 21:54:29 INFO  epoch 84 training [time: 0.24s, train_loss1: 2.6101, train_loss2: 0.0383, train_loss3: 0.0110, train_loss4: 0.0022]
Sun 15 Mar 2026 21:54:29 INFO  epoch 84 evaluating [time: 0.34s, valid_score: 0.322500]
Sun 15 Mar 2026 21:54:29 INFO  valid result: 
recall@1 : 0.1188    recall@2 : 0.2155    recall@3 : 0.266    recall@4 : 0.3075    recall@5 : 0.3499    recall@10 : 0.4791    recall@20 : 0.6254    recall@30 : 0.7034    recall@50 : 0.789    ndcg@1 : 0.1985    ndcg@2 : 0.2341    ndcg@3 : 0.2483    ndcg@4 : 0.2621    ndcg@5 : 0.2776    ndcg@10 : 0.3225    ndcg@20 : 0.3663    ndcg@30 : 0.3872    ndcg@50 : 0.4077    precision@1 : 0.1985    precision@2 : 0.1815    precision@3 : 0.1526    precision@4 : 0.1354    precision@5 : 0.125    precision@10 : 0.0897    precision@20 : 0.0617    precision@30 : 0.0478    precision@50 : 0.0331    map@1 : 0.1985    map@2 : 0.2044    map@3 : 0.2059    map@4 : 0.21    map@5 : 0.217    map@10 : 0.2359    map@20 : 0.2511    map@30 : 0.2573    map@50 : 0.2619
Sun 15 Mar 2026 21:54:29 INFO  Saving current: saved/SCL-Mar-15-2026_21-53-40.pth
Sun 15 Mar 2026 21:54:29 INFO  Saving current best: saved/SCL-Mar-15-2026_21-53-40.pth
Sun 15 Mar 2026 21:54:29 INFO  Running E-step ! 
Sun 15 Mar 2026 21:54:29 INFO  epoch 85 training [time: 0.23s, train_loss1: 2.5924, train_loss2: 0.0382, train_loss3: 0.0110, train_loss4: 0.0022]
Sun 15 Mar 2026 21:54:30 INFO  epoch 85 evaluating [time: 0.31s, valid_score: 0.323800]
Sun 15 Mar 2026 21:54:30 INFO  valid result: 
recall@1 : 0.1197    recall@2 : 0.2148    recall@3 : 0.267    recall@4 : 0.3068    recall@5 : 0.3501    recall@10 : 0.4819    recall@20 : 0.6258    recall@30 : 0.7041    recall@50 : 0.7902    ndcg@1 : 0.199    ndcg@2 : 0.2338    ndcg@3 : 0.2489    ndcg@4 : 0.2621    ndcg@5 : 0.278    ndcg@10 : 0.3238    ndcg@20 : 0.3669    ndcg@30 : 0.3878    ndcg@50 : 0.4083    precision@1 : 0.199    precision@2 : 0.1809    precision@3 : 0.1528    precision@4 : 0.1356    precision@5 : 0.1253    precision@10 : 0.0903    precision@20 : 0.0618    precision@30 : 0.0479    precision@50 : 0.0332    map@1 : 0.199    map@2 : 0.2044    map@3 : 0.2065    map@4 : 0.2106    map@5 : 0.2176    map@10 : 0.2368    map@20 : 0.2519    map@30 : 0.258    map@50 : 0.2626
Sun 15 Mar 2026 21:54:30 INFO  Saving current: saved/SCL-Mar-15-2026_21-53-40.pth
Sun 15 Mar 2026 21:54:30 INFO  Saving current best: saved/SCL-Mar-15-2026_21-53-40.pth
Sun 15 Mar 2026 21:54:30 INFO  Running E-step ! 
Sun 15 Mar 2026 21:54:30 INFO  epoch 86 training [time: 0.23s, train_loss1: 2.5632, train_loss2: 0.0382, train_loss3: 0.0110, train_loss4: 0.0022]
Sun 15 Mar 2026 21:54:30 INFO  epoch 86 evaluating [time: 0.32s, valid_score: 0.324500]
Sun 15 Mar 2026 21:54:30 INFO  valid result: 
recall@1 : 0.12    recall@2 : 0.2148    recall@3 : 0.2669    recall@4 : 0.3081    recall@5 : 0.3505    recall@10 : 0.4828    recall@20 : 0.627    recall@30 : 0.704    recall@50 : 0.7901    ndcg@1 : 0.199    ndcg@2 : 0.2339    ndcg@3 : 0.2493    ndcg@4 : 0.2628    ndcg@5 : 0.2785    ndcg@10 : 0.3245    ndcg@20 : 0.3675    ndcg@30 : 0.3881    ndcg@50 : 0.4086    precision@1 : 0.199    precision@2 : 0.1809    precision@3 : 0.1534    precision@4 : 0.136    precision@5 : 0.1256    precision@10 : 0.0906    precision@20 : 0.0619    precision@30 : 0.0479    precision@50 : 0.0332    map@1 : 0.199    map@2 : 0.2046    map@3 : 0.207    map@4 : 0.2111    map@5 : 0.218    map@10 : 0.2373    map@20 : 0.2523    map@30 : 0.2583    map@50 : 0.263
Sun 15 Mar 2026 21:54:30 INFO  Saving current: saved/SCL-Mar-15-2026_21-53-40.pth
Sun 15 Mar 2026 21:54:30 INFO  Saving current best: saved/SCL-Mar-15-2026_21-53-40.pth
Sun 15 Mar 2026 21:54:30 INFO  Running E-step ! 
Sun 15 Mar 2026 21:54:30 INFO  epoch 87 training [time: 0.23s, train_loss1: 2.5912, train_loss2: 0.0381, train_loss3: 0.0110, train_loss4: 0.0022]
Sun 15 Mar 2026 21:54:31 INFO  epoch 87 evaluating [time: 0.31s, valid_score: 0.324700]
Sun 15 Mar 2026 21:54:31 INFO  valid result: 
recall@1 : 0.1206    recall@2 : 0.2136    recall@3 : 0.2657    recall@4 : 0.3081    recall@5 : 0.3508    recall@10 : 0.4832    recall@20 : 0.6278    recall@30 : 0.7048    recall@50 : 0.7912    ndcg@1 : 0.1996    ndcg@2 : 0.2336    ndcg@3 : 0.2489    ndcg@4 : 0.2631    ndcg@5 : 0.2787    ndcg@10 : 0.3247    ndcg@20 : 0.3678    ndcg@30 : 0.3884    ndcg@50 : 0.4089    precision@1 : 0.1996    precision@2 : 0.1806    precision@3 : 0.1532    precision@4 : 0.1365    precision@5 : 0.126    precision@10 : 0.0908    precision@20 : 0.062    precision@30 : 0.048    precision@50 : 0.0332    map@1 : 0.1996    map@2 : 0.2046    map@3 : 0.2068    map@4 : 0.2114    map@5 : 0.2183    map@10 : 0.2375    map@20 : 0.2526    map@30 : 0.2586    map@50 : 0.2632
Sun 15 Mar 2026 21:54:31 INFO  Saving current: saved/SCL-Mar-15-2026_21-53-40.pth
Sun 15 Mar 2026 21:54:31 INFO  Saving current best: saved/SCL-Mar-15-2026_21-53-40.pth
Sun 15 Mar 2026 21:54:31 INFO  Running E-step ! 
Sun 15 Mar 2026 21:54:31 INFO  epoch 88 training [time: 0.23s, train_loss1: 2.5643, train_loss2: 0.0380, train_loss3: 0.0110, train_loss4: 0.0022]
Sun 15 Mar 2026 21:54:31 INFO  epoch 88 evaluating [time: 0.34s, valid_score: 0.325400]
Sun 15 Mar 2026 21:54:31 INFO  valid result: 
recall@1 : 0.1217    recall@2 : 0.2136    recall@3 : 0.2661    recall@4 : 0.3091    recall@5 : 0.35    recall@10 : 0.4833    recall@20 : 0.6281    recall@30 : 0.7046    recall@50 : 0.7916    ndcg@1 : 0.2014    ndcg@2 : 0.2339    ndcg@3 : 0.2496    ndcg@4 : 0.2641    ndcg@5 : 0.2789    ndcg@10 : 0.3254    ndcg@20 : 0.3686    ndcg@30 : 0.3889    ndcg@50 : 0.4097    precision@1 : 0.2014    precision@2 : 0.1803    precision@3 : 0.1536    precision@4 : 0.1371    precision@5 : 0.1257    precision@10 : 0.0909    precision@20 : 0.0621    precision@30 : 0.0479    precision@50 : 0.0332    map@1 : 0.2014    map@2 : 0.205    map@3 : 0.2075    map@4 : 0.2124    map@5 : 0.2187    map@10 : 0.2384    map@20 : 0.2534    map@30 : 0.2593    map@50 : 0.264
Sun 15 Mar 2026 21:54:31 INFO  Saving current: saved/SCL-Mar-15-2026_21-53-40.pth
Sun 15 Mar 2026 21:54:31 INFO  Saving current best: saved/SCL-Mar-15-2026_21-53-40.pth
Sun 15 Mar 2026 21:54:31 INFO  Running E-step ! 
Sun 15 Mar 2026 21:54:31 INFO  epoch 89 training [time: 0.24s, train_loss1: 2.5711, train_loss2: 0.0379, train_loss3: 0.0110, train_loss4: 0.0022]
Sun 15 Mar 2026 21:54:32 INFO  epoch 89 evaluating [time: 0.33s, valid_score: 0.325500]
Sun 15 Mar 2026 21:54:32 INFO  valid result: 
recall@1 : 0.122    recall@2 : 0.2129    recall@3 : 0.2659    recall@4 : 0.3095    recall@5 : 0.3505    recall@10 : 0.4828    recall@20 : 0.629    recall@30 : 0.7034    recall@50 : 0.7935    ndcg@1 : 0.2026    ndcg@2 : 0.234    ndcg@3 : 0.2497    ndcg@4 : 0.2645    ndcg@5 : 0.2794    ndcg@10 : 0.3255    ndcg@20 : 0.369    ndcg@30 : 0.3889    ndcg@50 : 0.4103    precision@1 : 0.2026    precision@2 : 0.1803    precision@3 : 0.1534    precision@4 : 0.1374    precision@5 : 0.1262    precision@10 : 0.0909    precision@20 : 0.0622    precision@30 : 0.0479    precision@50 : 0.0333    map@1 : 0.2026    map@2 : 0.2052    map@3 : 0.2075    map@4 : 0.2126    map@5 : 0.2191    map@10 : 0.2385    map@20 : 0.2537    map@30 : 0.2594    map@50 : 0.2643
Sun 15 Mar 2026 21:54:32 INFO  Saving current: saved/SCL-Mar-15-2026_21-53-40.pth
Sun 15 Mar 2026 21:54:32 INFO  Saving current best: saved/SCL-Mar-15-2026_21-53-40.pth
Sun 15 Mar 2026 21:54:32 INFO  Running E-step ! 
Sun 15 Mar 2026 21:54:32 INFO  epoch 90 training [time: 0.24s, train_loss1: 2.5354, train_loss2: 0.0378, train_loss3: 0.0110, train_loss4: 0.0021]
Sun 15 Mar 2026 21:54:32 INFO  epoch 90 evaluating [time: 0.32s, valid_score: 0.325600]
Sun 15 Mar 2026 21:54:32 INFO  valid result: 
recall@1 : 0.1222    recall@2 : 0.2127    recall@3 : 0.2667    recall@4 : 0.31    recall@5 : 0.3498    recall@10 : 0.4823    recall@20 : 0.629    recall@30 : 0.7042    recall@50 : 0.793    ndcg@1 : 0.2044    ndcg@2 : 0.2347    ndcg@3 : 0.2506    ndcg@4 : 0.265    ndcg@5 : 0.2794    ndcg@10 : 0.3256    ndcg@20 : 0.3693    ndcg@30 : 0.3894    ndcg@50 : 0.4105    precision@1 : 0.2044    precision@2 : 0.1809    precision@3 : 0.154    precision@4 : 0.1374    precision@5 : 0.1261    precision@10 : 0.0908    precision@20 : 0.0622    precision@30 : 0.0479    precision@50 : 0.0332    map@1 : 0.2044    map@2 : 0.2058    map@3 : 0.2084    map@4 : 0.2129    map@5 : 0.2192    map@10 : 0.2387    map@20 : 0.2539    map@30 : 0.2597    map@50 : 0.2645
Sun 15 Mar 2026 21:54:32 INFO  Saving current: saved/SCL-Mar-15-2026_21-53-40.pth
Sun 15 Mar 2026 21:54:32 INFO  Saving current best: saved/SCL-Mar-15-2026_21-53-40.pth
Sun 15 Mar 2026 21:54:32 INFO  Running E-step ! 
Sun 15 Mar 2026 21:54:33 INFO  epoch 91 training [time: 0.24s, train_loss1: 2.5660, train_loss2: 0.0378, train_loss3: 0.0110, train_loss4: 0.0021]
Sun 15 Mar 2026 21:54:33 INFO  epoch 91 evaluating [time: 0.33s, valid_score: 0.326000]
Sun 15 Mar 2026 21:54:33 INFO  valid result: 
recall@1 : 0.1234    recall@2 : 0.2128    recall@3 : 0.2675    recall@4 : 0.3104    recall@5 : 0.3497    recall@10 : 0.4817    recall@20 : 0.6299    recall@30 : 0.7049    recall@50 : 0.7934    ndcg@1 : 0.2062    ndcg@2 : 0.235    ndcg@3 : 0.2517    ndcg@4 : 0.2658    ndcg@5 : 0.28    ndcg@10 : 0.326    ndcg@20 : 0.3702    ndcg@30 : 0.3902    ndcg@50 : 0.4112    precision@1 : 0.2062    precision@2 : 0.1803    precision@3 : 0.1545    precision@4 : 0.1375    precision@5 : 0.1262    precision@10 : 0.0907    precision@20 : 0.0623    precision@30 : 0.048    precision@50 : 0.0333    map@1 : 0.2062    map@2 : 0.2062    map@3 : 0.2094    map@4 : 0.2137    map@5 : 0.22    map@10 : 0.2394    map@20 : 0.2547    map@30 : 0.2606    map@50 : 0.2653
Sun 15 Mar 2026 21:54:33 INFO  Saving current: saved/SCL-Mar-15-2026_21-53-40.pth
Sun 15 Mar 2026 21:54:33 INFO  Saving current best: saved/SCL-Mar-15-2026_21-53-40.pth
Sun 15 Mar 2026 21:54:33 INFO  Running E-step ! 
Sun 15 Mar 2026 21:54:33 INFO  epoch 92 training [time: 0.22s, train_loss1: 2.5524, train_loss2: 0.0377, train_loss3: 0.0110, train_loss4: 0.0022]
Sun 15 Mar 2026 21:54:34 INFO  epoch 92 evaluating [time: 0.33s, valid_score: 0.326600]
Sun 15 Mar 2026 21:54:34 INFO  valid result: 
recall@1 : 0.1237    recall@2 : 0.2134    recall@3 : 0.2671    recall@4 : 0.3113    recall@5 : 0.3502    recall@10 : 0.4826    recall@20 : 0.6294    recall@30 : 0.7057    recall@50 : 0.7945    ndcg@1 : 0.2062    ndcg@2 : 0.2354    ndcg@3 : 0.2515    ndcg@4 : 0.2662    ndcg@5 : 0.2803    ndcg@10 : 0.3266    ndcg@20 : 0.3703    ndcg@30 : 0.3906    ndcg@50 : 0.4116    precision@1 : 0.2062    precision@2 : 0.1806    precision@3 : 0.1544    precision@4 : 0.1377    precision@5 : 0.1263    precision@10 : 0.0909    precision@20 : 0.0622    precision@30 : 0.048    precision@50 : 0.0333    map@1 : 0.2062    map@2 : 0.2065    map@3 : 0.2091    map@4 : 0.2139    map@5 : 0.2202    map@10 : 0.2398    map@20 : 0.255    map@30 : 0.2609    map@50 : 0.2657
Sun 15 Mar 2026 21:54:34 INFO  Saving current: saved/SCL-Mar-15-2026_21-53-40.pth
Sun 15 Mar 2026 21:54:34 INFO  Saving current best: saved/SCL-Mar-15-2026_21-53-40.pth
Sun 15 Mar 2026 21:54:34 INFO  Running E-step ! 
Sun 15 Mar 2026 21:54:34 INFO  epoch 93 training [time: 0.24s, train_loss1: 2.5449, train_loss2: 0.0376, train_loss3: 0.0110, train_loss4: 0.0021]
Sun 15 Mar 2026 21:54:34 INFO  epoch 93 evaluating [time: 0.33s, valid_score: 0.327200]
Sun 15 Mar 2026 21:54:34 INFO  valid result: 
recall@1 : 0.1249    recall@2 : 0.2136    recall@3 : 0.2674    recall@4 : 0.3114    recall@5 : 0.3495    recall@10 : 0.4828    recall@20 : 0.6298    recall@30 : 0.7067    recall@50 : 0.7949    ndcg@1 : 0.2074    ndcg@2 : 0.2363    ndcg@3 : 0.2523    ndcg@4 : 0.2668    ndcg@5 : 0.2806    ndcg@10 : 0.3272    ndcg@20 : 0.371    ndcg@30 : 0.3915    ndcg@50 : 0.4123    precision@1 : 0.2074    precision@2 : 0.1812    precision@3 : 0.1547    precision@4 : 0.1378    precision@5 : 0.1262    precision@10 : 0.0911    precision@20 : 0.0623    precision@30 : 0.0481    precision@50 : 0.0333    map@1 : 0.2074    map@2 : 0.2075    map@3 : 0.21    map@4 : 0.2147    map@5 : 0.2207    map@10 : 0.2405    map@20 : 0.2557    map@30 : 0.2617    map@50 : 0.2664
Sun 15 Mar 2026 21:54:34 INFO  Saving current: saved/SCL-Mar-15-2026_21-53-40.pth
Sun 15 Mar 2026 21:54:34 INFO  Saving current best: saved/SCL-Mar-15-2026_21-53-40.pth
Sun 15 Mar 2026 21:54:34 INFO  Running E-step ! 
Sun 15 Mar 2026 21:54:34 INFO  epoch 94 training [time: 0.23s, train_loss1: 2.5281, train_loss2: 0.0375, train_loss3: 0.0110, train_loss4: 0.0021]
Sun 15 Mar 2026 21:54:35 INFO  epoch 94 evaluating [time: 0.32s, valid_score: 0.327700]
Sun 15 Mar 2026 21:54:35 INFO  valid result: 
recall@1 : 0.1255    recall@2 : 0.2135    recall@3 : 0.2684    recall@4 : 0.3117    recall@5 : 0.3489    recall@10 : 0.4835    recall@20 : 0.6296    recall@30 : 0.7065    recall@50 : 0.7965    ndcg@1 : 0.2086    ndcg@2 : 0.2364    ndcg@3 : 0.2528    ndcg@4 : 0.2675    ndcg@5 : 0.2808    ndcg@10 : 0.3277    ndcg@20 : 0.3712    ndcg@30 : 0.3918    ndcg@50 : 0.413    precision@1 : 0.2086    precision@2 : 0.1809    precision@3 : 0.1547    precision@4 : 0.1383    precision@5 : 0.1263    precision@10 : 0.0912    precision@20 : 0.0622    precision@30 : 0.0481    precision@50 : 0.0333    map@1 : 0.2086    map@2 : 0.208    map@3 : 0.2107    map@4 : 0.2154    map@5 : 0.2211    map@10 : 0.2411    map@20 : 0.2562    map@30 : 0.2622    map@50 : 0.267
Sun 15 Mar 2026 21:54:35 INFO  Saving current: saved/SCL-Mar-15-2026_21-53-40.pth
Sun 15 Mar 2026 21:54:35 INFO  Saving current best: saved/SCL-Mar-15-2026_21-53-40.pth
Sun 15 Mar 2026 21:54:35 INFO  Running E-step ! 
Sun 15 Mar 2026 21:54:35 INFO  epoch 95 training [time: 0.24s, train_loss1: 2.4887, train_loss2: 0.0374, train_loss3: 0.0110, train_loss4: 0.0020]
Sun 15 Mar 2026 21:54:35 INFO  epoch 95 evaluating [time: 0.34s, valid_score: 0.327900]
Sun 15 Mar 2026 21:54:35 INFO  valid result: 
recall@1 : 0.1252    recall@2 : 0.2148    recall@3 : 0.2677    recall@4 : 0.3126    recall@5 : 0.3499    recall@10 : 0.4832    recall@20 : 0.63    recall@30 : 0.7061    recall@50 : 0.7969    ndcg@1 : 0.2092    ndcg@2 : 0.237    ndcg@3 : 0.2527    ndcg@4 : 0.268    ndcg@5 : 0.2815    ndcg@10 : 0.3279    ndcg@20 : 0.3715    ndcg@30 : 0.3918    ndcg@50 : 0.4133    precision@1 : 0.2092    precision@2 : 0.1812    precision@3 : 0.1547    precision@4 : 0.1387    precision@5 : 0.1269    precision@10 : 0.0912    precision@20 : 0.0624    precision@30 : 0.0481    precision@50 : 0.0334    map@1 : 0.2092    map@2 : 0.2083    map@3 : 0.2105    map@4 : 0.2156    map@5 : 0.2215    map@10 : 0.2412    map@20 : 0.2564    map@30 : 0.2623    map@50 : 0.2671
Sun 15 Mar 2026 21:54:35 INFO  Saving current: saved/SCL-Mar-15-2026_21-53-40.pth
Sun 15 Mar 2026 21:54:35 INFO  Saving current best: saved/SCL-Mar-15-2026_21-53-40.pth
Sun 15 Mar 2026 21:54:35 INFO  Running E-step ! 
Sun 15 Mar 2026 21:54:36 INFO  epoch 96 training [time: 0.24s, train_loss1: 2.5377, train_loss2: 0.0374, train_loss3: 0.0110, train_loss4: 0.0023]
Sun 15 Mar 2026 21:54:36 INFO  epoch 96 evaluating [time: 0.33s, valid_score: 0.328500]
Sun 15 Mar 2026 21:54:36 INFO  valid result: 
recall@1 : 0.1257    recall@2 : 0.2143    recall@3 : 0.2667    recall@4 : 0.3132    recall@5 : 0.3497    recall@10 : 0.4851    recall@20 : 0.63    recall@30 : 0.7048    recall@50 : 0.7963    ndcg@1 : 0.2092    ndcg@2 : 0.2369    ndcg@3 : 0.2521    ndcg@4 : 0.2682    ndcg@5 : 0.2813    ndcg@10 : 0.3285    ndcg@20 : 0.3716    ndcg@30 : 0.3916    ndcg@50 : 0.4132    precision@1 : 0.2092    precision@2 : 0.1812    precision@3 : 0.1542    precision@4 : 0.1387    precision@5 : 0.1267    precision@10 : 0.0917    precision@20 : 0.0624    precision@30 : 0.048    precision@50 : 0.0333    map@1 : 0.2092    map@2 : 0.2084    map@3 : 0.2103    map@4 : 0.2159    map@5 : 0.2216    map@10 : 0.2417    map@20 : 0.2566    map@30 : 0.2624    map@50 : 0.2673
Sun 15 Mar 2026 21:54:36 INFO  Saving current: saved/SCL-Mar-15-2026_21-53-40.pth
Sun 15 Mar 2026 21:54:36 INFO  Saving current best: saved/SCL-Mar-15-2026_21-53-40.pth
Sun 15 Mar 2026 21:54:36 INFO  Running E-step ! 
Sun 15 Mar 2026 21:54:36 INFO  epoch 97 training [time: 0.22s, train_loss1: 2.5395, train_loss2: 0.0373, train_loss3: 0.0110, train_loss4: 0.0020]
Sun 15 Mar 2026 21:54:36 INFO  epoch 97 evaluating [time: 0.32s, valid_score: 0.328400]
Sun 15 Mar 2026 21:54:36 INFO  valid result: 
recall@1 : 0.1247    recall@2 : 0.2144    recall@3 : 0.2679    recall@4 : 0.3126    recall@5 : 0.35    recall@10 : 0.4848    recall@20 : 0.6305    recall@30 : 0.705    recall@50 : 0.7966    ndcg@1 : 0.2092    ndcg@2 : 0.2372    ndcg@3 : 0.2526    ndcg@4 : 0.2679    ndcg@5 : 0.2813    ndcg@10 : 0.3284    ndcg@20 : 0.3716    ndcg@30 : 0.3916    ndcg@50 : 0.4132    precision@1 : 0.2092    precision@2 : 0.1818    precision@3 : 0.1545    precision@4 : 0.1387    precision@5 : 0.1267    precision@10 : 0.0917    precision@20 : 0.0624    precision@30 : 0.0481    precision@50 : 0.0334    map@1 : 0.2092    map@2 : 0.2086    map@3 : 0.2104    map@4 : 0.2155    map@5 : 0.2212    map@10 : 0.2413    map@20 : 0.2563    map@30 : 0.2622    map@50 : 0.2671
Sun 15 Mar 2026 21:54:36 INFO  Running E-step ! 
Sun 15 Mar 2026 21:54:37 INFO  epoch 98 training [time: 0.22s, train_loss1: 2.4824, train_loss2: 0.0372, train_loss3: 0.0110, train_loss4: 0.0020]
Sun 15 Mar 2026 21:54:37 INFO  epoch 98 evaluating [time: 0.30s, valid_score: 0.328200]
Sun 15 Mar 2026 21:54:37 INFO  valid result: 
recall@1 : 0.123    recall@2 : 0.2144    recall@3 : 0.2693    recall@4 : 0.312    recall@5 : 0.3504    recall@10 : 0.4857    recall@20 : 0.6303    recall@30 : 0.704    recall@50 : 0.7959    ndcg@1 : 0.208    ndcg@2 : 0.2367    ndcg@3 : 0.2526    ndcg@4 : 0.2671    ndcg@5 : 0.2808    ndcg@10 : 0.3282    ndcg@20 : 0.3711    ndcg@30 : 0.3908    ndcg@50 : 0.4126    precision@1 : 0.208    precision@2 : 0.1818    precision@3 : 0.1549    precision@4 : 0.1386    precision@5 : 0.1266    precision@10 : 0.0919    precision@20 : 0.0625    precision@30 : 0.048    precision@50 : 0.0334    map@1 : 0.208    map@2 : 0.2078    map@3 : 0.21    map@4 : 0.2147    map@5 : 0.2205    map@10 : 0.2407    map@20 : 0.2556    map@30 : 0.2614    map@50 : 0.2664
Sun 15 Mar 2026 21:54:37 INFO  Running E-step ! 
Sun 15 Mar 2026 21:54:37 INFO  epoch 99 training [time: 0.28s, train_loss1: 2.4628, train_loss2: 0.0372, train_loss3: 0.0110, train_loss4: 0.0020]
Sun 15 Mar 2026 21:54:38 INFO  epoch 99 evaluating [time: 0.23s, valid_score: 0.328000]
Sun 15 Mar 2026 21:54:38 INFO  valid result: 
recall@1 : 0.122    recall@2 : 0.2153    recall@3 : 0.2693    recall@4 : 0.3121    recall@5 : 0.3501    recall@10 : 0.4857    recall@20 : 0.6302    recall@30 : 0.7043    recall@50 : 0.7958    ndcg@1 : 0.208    ndcg@2 : 0.237    ndcg@3 : 0.2526    ndcg@4 : 0.2668    ndcg@5 : 0.2806    ndcg@10 : 0.328    ndcg@20 : 0.3709    ndcg@30 : 0.3907    ndcg@50 : 0.4124    precision@1 : 0.208    precision@2 : 0.1821    precision@3 : 0.1551    precision@4 : 0.1383    precision@5 : 0.1266    precision@10 : 0.0919    precision@20 : 0.0625    precision@30 : 0.048    precision@50 : 0.0334    map@1 : 0.208    map@2 : 0.2078    map@3 : 0.2098    map@4 : 0.2142    map@5 : 0.22    map@10 : 0.2403    map@20 : 0.2552    map@30 : 0.2611    map@50 : 0.266
Sun 15 Mar 2026 21:54:38 INFO  Running E-step ! 
Sun 15 Mar 2026 21:54:38 INFO  epoch 100 training [time: 0.23s, train_loss1: 2.4545, train_loss2: 0.0371, train_loss3: 0.0110, train_loss4: 0.0020]
Sun 15 Mar 2026 21:54:38 INFO  epoch 100 evaluating [time: 0.33s, valid_score: 0.327900]
Sun 15 Mar 2026 21:54:38 INFO  valid result: 
recall@1 : 0.1211    recall@2 : 0.2145    recall@3 : 0.2681    recall@4 : 0.3131    recall@5 : 0.3511    recall@10 : 0.4869    recall@20 : 0.6297    recall@30 : 0.7049    recall@50 : 0.7967    ndcg@1 : 0.2062    ndcg@2 : 0.2359    ndcg@3 : 0.2515    ndcg@4 : 0.2665    ndcg@5 : 0.2805    ndcg@10 : 0.3279    ndcg@20 : 0.3703    ndcg@30 : 0.3904    ndcg@50 : 0.4121    precision@1 : 0.2062    precision@2 : 0.1815    precision@3 : 0.1547    precision@4 : 0.1383    precision@5 : 0.1269    precision@10 : 0.0921    precision@20 : 0.0624    precision@30 : 0.048    precision@50 : 0.0334    map@1 : 0.2062    map@2 : 0.2068    map@3 : 0.2087    map@4 : 0.2137    map@5 : 0.2196    map@10 : 0.2399    map@20 : 0.2546    map@30 : 0.2605    map@50 : 0.2654
Sun 15 Mar 2026 21:54:38 INFO  Running E-step ! 
Sun 15 Mar 2026 21:54:38 INFO  epoch 101 training [time: 0.23s, train_loss1: 2.4659, train_loss2: 0.0370, train_loss3: 0.0110, train_loss4: 0.0020]
Sun 15 Mar 2026 21:54:39 INFO  epoch 101 evaluating [time: 0.31s, valid_score: 0.328300]
Sun 15 Mar 2026 21:54:39 INFO  valid result: 
recall@1 : 0.1221    recall@2 : 0.2133    recall@3 : 0.2681    recall@4 : 0.3134    recall@5 : 0.3506    recall@10 : 0.4874    recall@20 : 0.6298    recall@30 : 0.7041    recall@50 : 0.7983    ndcg@1 : 0.2068    ndcg@2 : 0.2354    ndcg@3 : 0.2516    ndcg@4 : 0.2668    ndcg@5 : 0.2804    ndcg@10 : 0.3283    ndcg@20 : 0.3706    ndcg@30 : 0.3905    ndcg@50 : 0.4126    precision@1 : 0.2068    precision@2 : 0.1806    precision@3 : 0.1547    precision@4 : 0.1384    precision@5 : 0.1267    precision@10 : 0.0923    precision@20 : 0.0625    precision@30 : 0.0481    precision@50 : 0.0334    map@1 : 0.2068    map@2 : 0.2066    map@3 : 0.209    map@4 : 0.2141    map@5 : 0.2198    map@10 : 0.2404    map@20 : 0.255    map@30 : 0.2609    map@50 : 0.2659
Sun 15 Mar 2026 21:54:39 INFO  Running E-step ! 
Sun 15 Mar 2026 21:54:39 INFO  epoch 102 training [time: 0.22s, train_loss1: 2.4677, train_loss2: 0.0370, train_loss3: 0.0110, train_loss4: 0.0020]
Sun 15 Mar 2026 21:54:39 INFO  epoch 102 evaluating [time: 0.34s, valid_score: 0.328600]
Sun 15 Mar 2026 21:54:39 INFO  valid result: 
recall@1 : 0.1219    recall@2 : 0.213    recall@3 : 0.2682    recall@4 : 0.3131    recall@5 : 0.3506    recall@10 : 0.4878    recall@20 : 0.6297    recall@30 : 0.704    recall@50 : 0.7977    ndcg@1 : 0.2074    ndcg@2 : 0.2353    ndcg@3 : 0.2517    ndcg@4 : 0.2667    ndcg@5 : 0.2804    ndcg@10 : 0.3286    ndcg@20 : 0.3706    ndcg@30 : 0.3905    ndcg@50 : 0.4126    precision@1 : 0.2074    precision@2 : 0.1806    precision@3 : 0.1547    precision@4 : 0.1384    precision@5 : 0.1271    precision@10 : 0.0925    precision@20 : 0.0625    precision@30 : 0.0481    precision@50 : 0.0334    map@1 : 0.2074    map@2 : 0.2065    map@3 : 0.2089    map@4 : 0.2139    map@5 : 0.2197    map@10 : 0.2405    map@20 : 0.255    map@30 : 0.2609    map@50 : 0.2658
Sun 15 Mar 2026 21:54:39 INFO  Saving current: saved/SCL-Mar-15-2026_21-53-40.pth
Sun 15 Mar 2026 21:54:39 INFO  Saving current best: saved/SCL-Mar-15-2026_21-53-40.pth
Sun 15 Mar 2026 21:54:39 INFO  Running E-step ! 
Sun 15 Mar 2026 21:54:39 INFO  epoch 103 training [time: 0.23s, train_loss1: 2.4489, train_loss2: 0.0369, train_loss3: 0.0110, train_loss4: 0.0019]
Sun 15 Mar 2026 21:54:40 INFO  epoch 103 evaluating [time: 0.32s, valid_score: 0.329000]
Sun 15 Mar 2026 21:54:40 INFO  valid result: 
recall@1 : 0.1226    recall@2 : 0.212    recall@3 : 0.2678    recall@4 : 0.3137    recall@5 : 0.3519    recall@10 : 0.4885    recall@20 : 0.6305    recall@30 : 0.7049    recall@50 : 0.7981    ndcg@1 : 0.2086    ndcg@2 : 0.2346    ndcg@3 : 0.2516    ndcg@4 : 0.2671    ndcg@5 : 0.2811    ndcg@10 : 0.329    ndcg@20 : 0.3711    ndcg@30 : 0.391    ndcg@50 : 0.413    precision@1 : 0.2086    precision@2 : 0.1794    precision@3 : 0.1545    precision@4 : 0.1386    precision@5 : 0.1275    precision@10 : 0.0926    precision@20 : 0.0626    precision@30 : 0.0481    precision@50 : 0.0335    map@1 : 0.2086    map@2 : 0.206    map@3 : 0.209    map@4 : 0.2142    map@5 : 0.2202    map@10 : 0.2408    map@20 : 0.2553    map@30 : 0.2612    map@50 : 0.2662
Sun 15 Mar 2026 21:54:40 INFO  Saving current: saved/SCL-Mar-15-2026_21-53-40.pth
Sun 15 Mar 2026 21:54:40 INFO  Saving current best: saved/SCL-Mar-15-2026_21-53-40.pth
Sun 15 Mar 2026 21:54:40 INFO  Running E-step ! 
Sun 15 Mar 2026 21:54:40 INFO  epoch 104 training [time: 0.21s, train_loss1: 2.4547, train_loss2: 0.0368, train_loss3: 0.0110, train_loss4: 0.0019]
Sun 15 Mar 2026 21:54:40 INFO  epoch 104 evaluating [time: 0.34s, valid_score: 0.329400]
Sun 15 Mar 2026 21:54:40 INFO  valid result: 
recall@1 : 0.1227    recall@2 : 0.212    recall@3 : 0.2678    recall@4 : 0.3141    recall@5 : 0.3523    recall@10 : 0.4887    recall@20 : 0.6296    recall@30 : 0.705    recall@50 : 0.7982    ndcg@1 : 0.2086    ndcg@2 : 0.2346    ndcg@3 : 0.2516    ndcg@4 : 0.2674    ndcg@5 : 0.2815    ndcg@10 : 0.3294    ndcg@20 : 0.371    ndcg@30 : 0.3912    ndcg@50 : 0.4132    precision@1 : 0.2086    precision@2 : 0.1794    precision@3 : 0.1545    precision@4 : 0.1392    precision@5 : 0.128    precision@10 : 0.093    precision@20 : 0.0625    precision@30 : 0.0481    precision@50 : 0.0335    map@1 : 0.2086    map@2 : 0.206    map@3 : 0.2089    map@4 : 0.2143    map@5 : 0.2203    map@10 : 0.2411    map@20 : 0.2555    map@30 : 0.2614    map@50 : 0.2664
Sun 15 Mar 2026 21:54:40 INFO  Saving current: saved/SCL-Mar-15-2026_21-53-40.pth
Sun 15 Mar 2026 21:54:40 INFO  Saving current best: saved/SCL-Mar-15-2026_21-53-40.pth
Sun 15 Mar 2026 21:54:40 INFO  Running E-step ! 
Sun 15 Mar 2026 21:54:41 INFO  epoch 105 training [time: 0.25s, train_loss1: 2.4258, train_loss2: 0.0367, train_loss3: 0.0110, train_loss4: 0.0020]
Sun 15 Mar 2026 21:54:41 INFO  epoch 105 evaluating [time: 0.33s, valid_score: 0.329300]
Sun 15 Mar 2026 21:54:41 INFO  valid result: 
recall@1 : 0.1229    recall@2 : 0.2103    recall@3 : 0.2674    recall@4 : 0.3134    recall@5 : 0.3522    recall@10 : 0.4889    recall@20 : 0.6286    recall@30 : 0.7056    recall@50 : 0.799    ndcg@1 : 0.208    ndcg@2 : 0.2336    ndcg@3 : 0.251    ndcg@4 : 0.2668    ndcg@5 : 0.2813    ndcg@10 : 0.3293    ndcg@20 : 0.3706    ndcg@30 : 0.3912    ndcg@50 : 0.4132    precision@1 : 0.208    precision@2 : 0.1788    precision@3 : 0.1542    precision@4 : 0.1389    precision@5 : 0.1282    precision@10 : 0.093    precision@20 : 0.0624    precision@30 : 0.0482    precision@50 : 0.0335    map@1 : 0.208    map@2 : 0.2055    map@3 : 0.2086    map@4 : 0.2139    map@5 : 0.2202    map@10 : 0.2411    map@20 : 0.2553    map@30 : 0.2614    map@50 : 0.2663
Sun 15 Mar 2026 21:54:41 INFO  Running E-step ! 
Sun 15 Mar 2026 21:54:41 INFO  epoch 106 training [time: 0.22s, train_loss1: 2.4442, train_loss2: 0.0367, train_loss3: 0.0110, train_loss4: 0.0019]
Sun 15 Mar 2026 21:54:42 INFO  epoch 106 evaluating [time: 0.33s, valid_score: 0.329700]
Sun 15 Mar 2026 21:54:42 INFO  valid result: 
recall@1 : 0.1232    recall@2 : 0.2068    recall@3 : 0.2685    recall@4 : 0.3122    recall@5 : 0.3516    recall@10 : 0.4914    recall@20 : 0.6298    recall@30 : 0.7047    recall@50 : 0.7974    ndcg@1 : 0.208    ndcg@2 : 0.2317    ndcg@3 : 0.2514    ndcg@4 : 0.266    ndcg@5 : 0.2807    ndcg@10 : 0.3297    ndcg@20 : 0.3707    ndcg@30 : 0.3907    ndcg@50 : 0.4126    precision@1 : 0.208    precision@2 : 0.1773    precision@3 : 0.1549    precision@4 : 0.1386    precision@5 : 0.128    precision@10 : 0.0932    precision@20 : 0.0625    precision@30 : 0.0481    precision@50 : 0.0334    map@1 : 0.208    map@2 : 0.204    map@3 : 0.2087    map@4 : 0.2133    map@5 : 0.2196    map@10 : 0.2409    map@20 : 0.2551    map@30 : 0.261    map@50 : 0.266
Sun 15 Mar 2026 21:54:42 INFO  Saving current: saved/SCL-Mar-15-2026_21-53-40.pth
Sun 15 Mar 2026 21:54:42 INFO  Saving current best: saved/SCL-Mar-15-2026_21-53-40.pth
Sun 15 Mar 2026 21:54:42 INFO  Running E-step ! 
Sun 15 Mar 2026 21:54:42 INFO  epoch 107 training [time: 0.22s, train_loss1: 2.4517, train_loss2: 0.0366, train_loss3: 0.0110, train_loss4: 0.0019]
Sun 15 Mar 2026 21:54:42 INFO  epoch 107 evaluating [time: 0.31s, valid_score: 0.330100]
Sun 15 Mar 2026 21:54:42 INFO  valid result: 
recall@1 : 0.1243    recall@2 : 0.2058    recall@3 : 0.2675    recall@4 : 0.313    recall@5 : 0.3528    recall@10 : 0.4916    recall@20 : 0.6312    recall@30 : 0.704    recall@50 : 0.7977    ndcg@1 : 0.2098    ndcg@2 : 0.2317    ndcg@3 : 0.2515    ndcg@4 : 0.2669    ndcg@5 : 0.2815    ndcg@10 : 0.3301    ndcg@20 : 0.3714    ndcg@30 : 0.3909    ndcg@50 : 0.413    precision@1 : 0.2098    precision@2 : 0.177    precision@3 : 0.1549    precision@4 : 0.1392    precision@5 : 0.1284    precision@10 : 0.0933    precision@20 : 0.0627    precision@30 : 0.0481    precision@50 : 0.0335    map@1 : 0.2098    map@2 : 0.2041    map@3 : 0.2089    map@4 : 0.214    map@5 : 0.2203    map@10 : 0.2413    map@20 : 0.2556    map@30 : 0.2614    map@50 : 0.2664
Sun 15 Mar 2026 21:54:42 INFO  Saving current: saved/SCL-Mar-15-2026_21-53-40.pth
Sun 15 Mar 2026 21:54:42 INFO  Saving current best: saved/SCL-Mar-15-2026_21-53-40.pth
Sun 15 Mar 2026 21:54:42 INFO  Running E-step ! 
Sun 15 Mar 2026 21:54:42 INFO  epoch 108 training [time: 0.24s, train_loss1: 2.4125, train_loss2: 0.0365, train_loss3: 0.0110, train_loss4: 0.0020]
Sun 15 Mar 2026 21:54:43 INFO  epoch 108 evaluating [time: 0.33s, valid_score: 0.330100]
Sun 15 Mar 2026 21:54:43 INFO  valid result: 
recall@1 : 0.1239    recall@2 : 0.2044    recall@3 : 0.2673    recall@4 : 0.3137    recall@5 : 0.352    recall@10 : 0.4917    recall@20 : 0.6297    recall@30 : 0.7043    recall@50 : 0.7984    ndcg@1 : 0.2098    ndcg@2 : 0.2309    ndcg@3 : 0.2514    ndcg@4 : 0.267    ndcg@5 : 0.281    ndcg@10 : 0.3301    ndcg@20 : 0.3709    ndcg@30 : 0.3908    ndcg@50 : 0.413    precision@1 : 0.2098    precision@2 : 0.1767    precision@3 : 0.1555    precision@4 : 0.1396    precision@5 : 0.1284    precision@10 : 0.0936    precision@20 : 0.0625    precision@30 : 0.0481    precision@50 : 0.0335    map@1 : 0.2098    map@2 : 0.2034    map@3 : 0.2087    map@4 : 0.2138    map@5 : 0.2198    map@10 : 0.2411    map@20 : 0.2552    map@30 : 0.2611    map@50 : 0.2661
Sun 15 Mar 2026 21:54:43 INFO  Saving current: saved/SCL-Mar-15-2026_21-53-40.pth
Sun 15 Mar 2026 21:54:43 INFO  Saving current best: saved/SCL-Mar-15-2026_21-53-40.pth
Sun 15 Mar 2026 21:54:43 INFO  Running E-step ! 
Sun 15 Mar 2026 21:54:43 INFO  epoch 109 training [time: 0.22s, train_loss1: 2.4323, train_loss2: 0.0365, train_loss3: 0.0110, train_loss4: 0.0019]
Sun 15 Mar 2026 21:54:43 INFO  epoch 109 evaluating [time: 0.33s, valid_score: 0.329800]
Sun 15 Mar 2026 21:54:43 INFO  valid result: 
recall@1 : 0.1231    recall@2 : 0.2027    recall@3 : 0.268    recall@4 : 0.3138    recall@5 : 0.352    recall@10 : 0.4923    recall@20 : 0.6287    recall@30 : 0.703    recall@50 : 0.7981    ndcg@1 : 0.208    ndcg@2 : 0.2293    ndcg@3 : 0.2512    ndcg@4 : 0.2664    ndcg@5 : 0.2806    ndcg@10 : 0.3298    ndcg@20 : 0.3702    ndcg@30 : 0.3901    ndcg@50 : 0.4125    precision@1 : 0.208    precision@2 : 0.1758    precision@3 : 0.1559    precision@4 : 0.1395    precision@5 : 0.1286    precision@10 : 0.0936    precision@20 : 0.0625    precision@30 : 0.048    precision@50 : 0.0335    map@1 : 0.208    map@2 : 0.2017    map@3 : 0.2081    map@4 : 0.213    map@5 : 0.2191    map@10 : 0.2406    map@20 : 0.2546    map@30 : 0.2604    map@50 : 0.2655
Sun 15 Mar 2026 21:54:43 INFO  Running E-step ! 
Sun 15 Mar 2026 21:54:43 INFO  epoch 110 training [time: 0.23s, train_loss1: 2.4064, train_loss2: 0.0364, train_loss3: 0.0110, train_loss4: 0.0019]
Sun 15 Mar 2026 21:54:44 INFO  epoch 110 evaluating [time: 0.34s, valid_score: 0.330100]
Sun 15 Mar 2026 21:54:44 INFO  valid result: 
recall@1 : 0.1228    recall@2 : 0.2016    recall@3 : 0.2692    recall@4 : 0.316    recall@5 : 0.3511    recall@10 : 0.493    recall@20 : 0.6274    recall@30 : 0.7031    recall@50 : 0.7972    ndcg@1 : 0.208    ndcg@2 : 0.2282    ndcg@3 : 0.2514    ndcg@4 : 0.2671    ndcg@5 : 0.2803    ndcg@10 : 0.3301    ndcg@20 : 0.3699    ndcg@30 : 0.3902    ndcg@50 : 0.4124    precision@1 : 0.208    precision@2 : 0.1749    precision@3 : 0.1561    precision@4 : 0.14    precision@5 : 0.1286    precision@10 : 0.0939    precision@20 : 0.0625    precision@30 : 0.0481    precision@50 : 0.0335    map@1 : 0.208    map@2 : 0.2008    map@3 : 0.2081    map@4 : 0.2134    map@5 : 0.2188    map@10 : 0.2406    map@20 : 0.2545    map@30 : 0.2605    map@50 : 0.2655
Sun 15 Mar 2026 21:54:44 INFO  Saving current: saved/SCL-Mar-15-2026_21-53-40.pth
Sun 15 Mar 2026 21:54:44 INFO  Saving current best: saved/SCL-Mar-15-2026_21-53-40.pth
Sun 15 Mar 2026 21:54:44 INFO  Running E-step ! 
Sun 15 Mar 2026 21:54:44 INFO  epoch 111 training [time: 0.24s, train_loss1: 2.4239, train_loss2: 0.0363, train_loss3: 0.0110, train_loss4: 0.0019]
Sun 15 Mar 2026 21:54:44 INFO  epoch 111 evaluating [time: 0.33s, valid_score: 0.330600]
Sun 15 Mar 2026 21:54:44 INFO  valid result: 
recall@1 : 0.1246    recall@2 : 0.2019    recall@3 : 0.2695    recall@4 : 0.3149    recall@5 : 0.3501    recall@10 : 0.4924    recall@20 : 0.6268    recall@30 : 0.7025    recall@50 : 0.797    ndcg@1 : 0.2098    ndcg@2 : 0.2296    ndcg@3 : 0.2524    ndcg@4 : 0.2675    ndcg@5 : 0.2805    ndcg@10 : 0.3306    ndcg@20 : 0.3705    ndcg@30 : 0.3908    ndcg@50 : 0.413    precision@1 : 0.2098    precision@2 : 0.1758    precision@3 : 0.1565    precision@4 : 0.1399    precision@5 : 0.1281    precision@10 : 0.0939    precision@20 : 0.0624    precision@30 : 0.0481    precision@50 : 0.0335    map@1 : 0.2098    map@2 : 0.2023    map@3 : 0.2094    map@4 : 0.2143    map@5 : 0.2196    map@10 : 0.2415    map@20 : 0.2555    map@30 : 0.2615    map@50 : 0.2665
Sun 15 Mar 2026 21:54:44 INFO  Saving current: saved/SCL-Mar-15-2026_21-53-40.pth
Sun 15 Mar 2026 21:54:44 INFO  Saving current best: saved/SCL-Mar-15-2026_21-53-40.pth
Sun 15 Mar 2026 21:54:44 INFO  Running E-step ! 
Sun 15 Mar 2026 21:54:45 INFO  epoch 112 training [time: 0.23s, train_loss1: 2.3924, train_loss2: 0.0363, train_loss3: 0.0110, train_loss4: 0.0019]
Sun 15 Mar 2026 21:54:45 INFO  epoch 112 evaluating [time: 0.32s, valid_score: 0.330900]
Sun 15 Mar 2026 21:54:45 INFO  valid result: 
recall@1 : 0.1246    recall@2 : 0.2019    recall@3 : 0.2688    recall@4 : 0.3164    recall@5 : 0.3498    recall@10 : 0.4933    recall@20 : 0.6266    recall@30 : 0.7019    recall@50 : 0.7969    ndcg@1 : 0.2098    ndcg@2 : 0.2296    ndcg@3 : 0.2521    ndcg@4 : 0.2684    ndcg@5 : 0.2804    ndcg@10 : 0.3309    ndcg@20 : 0.3704    ndcg@30 : 0.3907    ndcg@50 : 0.4129    precision@1 : 0.2098    precision@2 : 0.1758    precision@3 : 0.1563    precision@4 : 0.1409    precision@5 : 0.128    precision@10 : 0.094    precision@20 : 0.0624    precision@30 : 0.0481    precision@50 : 0.0334    map@1 : 0.2098    map@2 : 0.2023    map@3 : 0.2092    map@4 : 0.2149    map@5 : 0.2196    map@10 : 0.2416    map@20 : 0.2554    map@30 : 0.2614    map@50 : 0.2664
Sun 15 Mar 2026 21:54:45 INFO  Saving current: saved/SCL-Mar-15-2026_21-53-40.pth
Sun 15 Mar 2026 21:54:45 INFO  Saving current best: saved/SCL-Mar-15-2026_21-53-40.pth
Sun 15 Mar 2026 21:54:45 INFO  Running E-step ! 
Sun 15 Mar 2026 21:54:45 INFO  epoch 113 training [time: 0.22s, train_loss1: 2.3998, train_loss2: 0.0362, train_loss3: 0.0110, train_loss4: 0.0019]
Sun 15 Mar 2026 21:54:46 INFO  epoch 113 evaluating [time: 0.34s, valid_score: 0.331100]
Sun 15 Mar 2026 21:54:46 INFO  valid result: 
recall@1 : 0.1249    recall@2 : 0.2025    recall@3 : 0.2702    recall@4 : 0.3171    recall@5 : 0.3499    recall@10 : 0.4929    recall@20 : 0.6278    recall@30 : 0.7019    recall@50 : 0.7975    ndcg@1 : 0.211    ndcg@2 : 0.2298    ndcg@3 : 0.253    ndcg@4 : 0.2693    ndcg@5 : 0.2808    ndcg@10 : 0.3311    ndcg@20 : 0.3711    ndcg@30 : 0.3911    ndcg@50 : 0.4134    precision@1 : 0.211    precision@2 : 0.1755    precision@3 : 0.1567    precision@4 : 0.1417    precision@5 : 0.128    precision@10 : 0.094    precision@20 : 0.0625    precision@30 : 0.0482    precision@50 : 0.0334    map@1 : 0.211    map@2 : 0.2026    map@3 : 0.2098    map@4 : 0.2156    map@5 : 0.2201    map@10 : 0.242    map@20 : 0.256    map@30 : 0.2619    map@50 : 0.2669
Sun 15 Mar 2026 21:54:46 INFO  Saving current: saved/SCL-Mar-15-2026_21-53-40.pth
Sun 15 Mar 2026 21:54:46 INFO  Saving current best: saved/SCL-Mar-15-2026_21-53-40.pth
Sun 15 Mar 2026 21:54:46 INFO  Running E-step ! 
Sun 15 Mar 2026 21:54:46 INFO  epoch 114 training [time: 0.21s, train_loss1: 2.3865, train_loss2: 0.0361, train_loss3: 0.0110, train_loss4: 0.0018]
Sun 15 Mar 2026 21:54:46 INFO  epoch 114 evaluating [time: 0.33s, valid_score: 0.331300]
Sun 15 Mar 2026 21:54:46 INFO  valid result: 
recall@1 : 0.1257    recall@2 : 0.2019    recall@3 : 0.2689    recall@4 : 0.3166    recall@5 : 0.3509    recall@10 : 0.493    recall@20 : 0.6289    recall@30 : 0.703    recall@50 : 0.7964    ndcg@1 : 0.2122    ndcg@2 : 0.2297    ndcg@3 : 0.2526    ndcg@4 : 0.2692    ndcg@5 : 0.2814    ndcg@10 : 0.3313    ndcg@20 : 0.3716    ndcg@30 : 0.3915    ndcg@50 : 0.4134    precision@1 : 0.2122    precision@2 : 0.1752    precision@3 : 0.1563    precision@4 : 0.1415    precision@5 : 0.1284    precision@10 : 0.094    precision@20 : 0.0626    precision@30 : 0.0482    precision@50 : 0.0334    map@1 : 0.2122    map@2 : 0.2028    map@3 : 0.2097    map@4 : 0.2156    map@5 : 0.2206    map@10 : 0.2422    map@20 : 0.2563    map@30 : 0.2621    map@50 : 0.2671
Sun 15 Mar 2026 21:54:46 INFO  Saving current: saved/SCL-Mar-15-2026_21-53-40.pth
Sun 15 Mar 2026 21:54:46 INFO  Saving current best: saved/SCL-Mar-15-2026_21-53-40.pth
Sun 15 Mar 2026 21:54:46 INFO  Running E-step ! 
Sun 15 Mar 2026 21:54:46 INFO  epoch 115 training [time: 0.23s, train_loss1: 2.3922, train_loss2: 0.0361, train_loss3: 0.0110, train_loss4: 0.0020]
Sun 15 Mar 2026 21:54:47 INFO  epoch 115 evaluating [time: 0.31s, valid_score: 0.331000]
Sun 15 Mar 2026 21:54:47 INFO  valid result: 
recall@1 : 0.1257    recall@2 : 0.2022    recall@3 : 0.2705    recall@4 : 0.3173    recall@5 : 0.3507    recall@10 : 0.4916    recall@20 : 0.6293    recall@30 : 0.703    recall@50 : 0.7993    ndcg@1 : 0.2116    ndcg@2 : 0.2297    ndcg@3 : 0.2534    ndcg@4 : 0.2696    ndcg@5 : 0.2815    ndcg@10 : 0.331    ndcg@20 : 0.3719    ndcg@30 : 0.3916    ndcg@50 : 0.4141    precision@1 : 0.2116    precision@2 : 0.1752    precision@3 : 0.1571    precision@4 : 0.1418    precision@5 : 0.1285    precision@10 : 0.0938    precision@20 : 0.0627    precision@30 : 0.0482    precision@50 : 0.0335    map@1 : 0.2116    map@2 : 0.2028    map@3 : 0.2103    map@4 : 0.2159    map@5 : 0.2208    map@10 : 0.2422    map@20 : 0.2565    map@30 : 0.2623    map@50 : 0.2674
Sun 15 Mar 2026 21:54:47 INFO  Running E-step ! 
Sun 15 Mar 2026 21:54:47 INFO  epoch 116 training [time: 0.22s, train_loss1: 2.3393, train_loss2: 0.0360, train_loss3: 0.0110, train_loss4: 0.0020]
Sun 15 Mar 2026 21:54:47 INFO  epoch 116 evaluating [time: 0.33s, valid_score: 0.331300]
Sun 15 Mar 2026 21:54:47 INFO  valid result: 
recall@1 : 0.1263    recall@2 : 0.2017    recall@3 : 0.2703    recall@4 : 0.3165    recall@5 : 0.3512    recall@10 : 0.4922    recall@20 : 0.6266    recall@30 : 0.7042    recall@50 : 0.7988    ndcg@1 : 0.2128    ndcg@2 : 0.2299    ndcg@3 : 0.2535    ndcg@4 : 0.2696    ndcg@5 : 0.282    ndcg@10 : 0.3313    ndcg@20 : 0.3715    ndcg@30 : 0.3921    ndcg@50 : 0.4142    precision@1 : 0.2128    precision@2 : 0.1752    precision@3 : 0.1569    precision@4 : 0.1418    precision@5 : 0.129    precision@10 : 0.0939    precision@20 : 0.0626    precision@30 : 0.0483    precision@50 : 0.0335    map@1 : 0.2128    map@2 : 0.2031    map@3 : 0.2105    map@4 : 0.2159    map@5 : 0.2213    map@10 : 0.2424    map@20 : 0.2566    map@30 : 0.2627    map@50 : 0.2676
Sun 15 Mar 2026 21:54:47 INFO  Saving current: saved/SCL-Mar-15-2026_21-53-40.pth
Sun 15 Mar 2026 21:54:47 INFO  Saving current best: saved/SCL-Mar-15-2026_21-53-40.pth
Sun 15 Mar 2026 21:54:47 INFO  Running E-step ! 
Sun 15 Mar 2026 21:54:47 INFO  epoch 117 training [time: 0.23s, train_loss1: 2.3500, train_loss2: 0.0359, train_loss3: 0.0110, train_loss4: 0.0020]
Sun 15 Mar 2026 21:54:48 INFO  epoch 117 evaluating [time: 0.33s, valid_score: 0.331000]
Sun 15 Mar 2026 21:54:48 INFO  valid result: 
recall@1 : 0.1252    recall@2 : 0.2005    recall@3 : 0.273    recall@4 : 0.3166    recall@5 : 0.3512    recall@10 : 0.4918    recall@20 : 0.6277    recall@30 : 0.7045    recall@50 : 0.7986    ndcg@1 : 0.2122    ndcg@2 : 0.2288    ndcg@3 : 0.2545    ndcg@4 : 0.2693    ndcg@5 : 0.2816    ndcg@10 : 0.331    ndcg@20 : 0.3715    ndcg@30 : 0.3919    ndcg@50 : 0.4139    precision@1 : 0.2122    precision@2 : 0.1746    precision@3 : 0.1583    precision@4 : 0.142    precision@5 : 0.1287    precision@10 : 0.094    precision@20 : 0.0627    precision@30 : 0.0483    precision@50 : 0.0335    map@1 : 0.2122    map@2 : 0.202    map@3 : 0.2108    map@4 : 0.2155    map@5 : 0.2207    map@10 : 0.242    map@20 : 0.2563    map@30 : 0.2622    map@50 : 0.2672
Sun 15 Mar 2026 21:54:48 INFO  Running E-step ! 
Sun 15 Mar 2026 21:54:48 INFO  epoch 118 training [time: 0.22s, train_loss1: 2.3536, train_loss2: 0.0359, train_loss3: 0.0110, train_loss4: 0.0019]
Sun 15 Mar 2026 21:54:48 INFO  epoch 118 evaluating [time: 0.32s, valid_score: 0.331100]
Sun 15 Mar 2026 21:54:48 INFO  valid result: 
recall@1 : 0.1252    recall@2 : 0.2004    recall@3 : 0.2733    recall@4 : 0.3176    recall@5 : 0.3515    recall@10 : 0.4917    recall@20 : 0.6274    recall@30 : 0.7049    recall@50 : 0.7987    ndcg@1 : 0.2122    ndcg@2 : 0.2286    ndcg@3 : 0.2546    ndcg@4 : 0.2698    ndcg@5 : 0.2818    ndcg@10 : 0.3311    ndcg@20 : 0.3716    ndcg@30 : 0.3921    ndcg@50 : 0.4141    precision@1 : 0.2122    precision@2 : 0.1743    precision@3 : 0.1585    precision@4 : 0.1424    precision@5 : 0.1288    precision@10 : 0.094    precision@20 : 0.0627    precision@30 : 0.0483    precision@50 : 0.0335    map@1 : 0.2122    map@2 : 0.2017    map@3 : 0.2108    map@4 : 0.2158    map@5 : 0.2208    map@10 : 0.2422    map@20 : 0.2564    map@30 : 0.2624    map@50 : 0.2673
Sun 15 Mar 2026 21:54:48 INFO  Running E-step ! 
Sun 15 Mar 2026 21:54:49 INFO  epoch 119 training [time: 0.22s, train_loss1: 2.3224, train_loss2: 0.0358, train_loss3: 0.0110, train_loss4: 0.0019]
Sun 15 Mar 2026 21:54:49 INFO  epoch 119 evaluating [time: 0.33s, valid_score: 0.331400]
Sun 15 Mar 2026 21:54:49 INFO  valid result: 
recall@1 : 0.1254    recall@2 : 0.201    recall@3 : 0.2724    recall@4 : 0.3178    recall@5 : 0.3522    recall@10 : 0.4921    recall@20 : 0.6277    recall@30 : 0.7047    recall@50 : 0.8001    ndcg@1 : 0.2116    ndcg@2 : 0.229    ndcg@3 : 0.2543    ndcg@4 : 0.27    ndcg@5 : 0.2824    ndcg@10 : 0.3314    ndcg@20 : 0.3717    ndcg@30 : 0.3922    ndcg@50 : 0.4145    precision@1 : 0.2116    precision@2 : 0.1749    precision@3 : 0.1583    precision@4 : 0.1427    precision@5 : 0.1297    precision@10 : 0.0942    precision@20 : 0.0627    precision@30 : 0.0483    precision@50 : 0.0336    map@1 : 0.2116    map@2 : 0.2019    map@3 : 0.2105    map@4 : 0.2158    map@5 : 0.2213    map@10 : 0.2424    map@20 : 0.2566    map@30 : 0.2626    map@50 : 0.2676
Sun 15 Mar 2026 21:54:49 INFO  Saving current: saved/SCL-Mar-15-2026_21-53-40.pth
Sun 15 Mar 2026 21:54:49 INFO  Saving current best: saved/SCL-Mar-15-2026_21-53-40.pth
Sun 15 Mar 2026 21:54:49 INFO  Running E-step ! 
Sun 15 Mar 2026 21:54:49 INFO  epoch 120 training [time: 0.22s, train_loss1: 2.3549, train_loss2: 0.0358, train_loss3: 0.0110, train_loss4: 0.0019]
Sun 15 Mar 2026 21:54:49 INFO  epoch 120 evaluating [time: 0.31s, valid_score: 0.331700]
Sun 15 Mar 2026 21:54:49 INFO  valid result: 
recall@1 : 0.1257    recall@2 : 0.2003    recall@3 : 0.2738    recall@4 : 0.3177    recall@5 : 0.3527    recall@10 : 0.4926    recall@20 : 0.6275    recall@30 : 0.7053    recall@50 : 0.7987    ndcg@1 : 0.2122    ndcg@2 : 0.2288    ndcg@3 : 0.2549    ndcg@4 : 0.2701    ndcg@5 : 0.2827    ndcg@10 : 0.3317    ndcg@20 : 0.3719    ndcg@30 : 0.3926    ndcg@50 : 0.4144    precision@1 : 0.2122    precision@2 : 0.1746    precision@3 : 0.1585    precision@4 : 0.1427    precision@5 : 0.1298    precision@10 : 0.0942    precision@20 : 0.0627    precision@30 : 0.0484    precision@50 : 0.0335    map@1 : 0.2122    map@2 : 0.2019    map@3 : 0.2108    map@4 : 0.216    map@5 : 0.2216    map@10 : 0.2427    map@20 : 0.2569    map@30 : 0.2629    map@50 : 0.2677
Sun 15 Mar 2026 21:54:49 INFO  Saving current: saved/SCL-Mar-15-2026_21-53-40.pth
Sun 15 Mar 2026 21:54:49 INFO  Saving current best: saved/SCL-Mar-15-2026_21-53-40.pth
Sun 15 Mar 2026 21:54:49 INFO  Running E-step ! 
Sun 15 Mar 2026 21:54:50 INFO  epoch 121 training [time: 0.23s, train_loss1: 2.3201, train_loss2: 0.0357, train_loss3: 0.0110, train_loss4: 0.0019]
Sun 15 Mar 2026 21:54:50 INFO  epoch 121 evaluating [time: 0.34s, valid_score: 0.331800]
Sun 15 Mar 2026 21:54:50 INFO  valid result: 
recall@1 : 0.1263    recall@2 : 0.2009    recall@3 : 0.2732    recall@4 : 0.3175    recall@5 : 0.3537    recall@10 : 0.4919    recall@20 : 0.6262    recall@30 : 0.7046    recall@50 : 0.7981    ndcg@1 : 0.2122    ndcg@2 : 0.2292    ndcg@3 : 0.2547    ndcg@4 : 0.2702    ndcg@5 : 0.2835    ndcg@10 : 0.3318    ndcg@20 : 0.3719    ndcg@30 : 0.3928    ndcg@50 : 0.4146    precision@1 : 0.2122    precision@2 : 0.1749    precision@3 : 0.1581    precision@4 : 0.1427    precision@5 : 0.1304    precision@10 : 0.094    precision@20 : 0.0625    precision@30 : 0.0484    precision@50 : 0.0335    map@1 : 0.2122    map@2 : 0.2023    map@3 : 0.2108    map@4 : 0.2163    map@5 : 0.2223    map@10 : 0.243    map@20 : 0.2572    map@30 : 0.2633    map@50 : 0.2682
Sun 15 Mar 2026 21:54:50 INFO  Saving current: saved/SCL-Mar-15-2026_21-53-40.pth
Sun 15 Mar 2026 21:54:50 INFO  Saving current best: saved/SCL-Mar-15-2026_21-53-40.pth
Sun 15 Mar 2026 21:54:50 INFO  Running E-step ! 
Sun 15 Mar 2026 21:54:50 INFO  epoch 122 training [time: 0.23s, train_loss1: 2.3203, train_loss2: 0.0356, train_loss3: 0.0110, train_loss4: 0.0019]
Sun 15 Mar 2026 21:54:51 INFO  epoch 122 evaluating [time: 0.30s, valid_score: 0.331900]
Sun 15 Mar 2026 21:54:51 INFO  valid result: 
recall@1 : 0.1263    recall@2 : 0.2009    recall@3 : 0.2722    recall@4 : 0.3161    recall@5 : 0.3535    recall@10 : 0.4926    recall@20 : 0.6254    recall@30 : 0.705    recall@50 : 0.7979    ndcg@1 : 0.2122    ndcg@2 : 0.2292    ndcg@3 : 0.2543    ndcg@4 : 0.2697    ndcg@5 : 0.2833    ndcg@10 : 0.3319    ndcg@20 : 0.3716    ndcg@30 : 0.3928    ndcg@50 : 0.4145    precision@1 : 0.2122    precision@2 : 0.1749    precision@3 : 0.1579    precision@4 : 0.1426    precision@5 : 0.1302    precision@10 : 0.0942    precision@20 : 0.0625    precision@30 : 0.0484    precision@50 : 0.0335    map@1 : 0.2122    map@2 : 0.2023    map@3 : 0.2105    map@4 : 0.216    map@5 : 0.2221    map@10 : 0.243    map@20 : 0.257    map@30 : 0.2632    map@50 : 0.2681
Sun 15 Mar 2026 21:54:51 INFO  Saving current: saved/SCL-Mar-15-2026_21-53-40.pth
Sun 15 Mar 2026 21:54:51 INFO  Saving current best: saved/SCL-Mar-15-2026_21-53-40.pth
Sun 15 Mar 2026 21:54:51 INFO  Running E-step ! 
Sun 15 Mar 2026 21:54:51 INFO  epoch 123 training [time: 0.21s, train_loss1: 2.3395, train_loss2: 0.0356, train_loss3: 0.0110, train_loss4: 0.0018]
Sun 15 Mar 2026 21:54:51 INFO  epoch 123 evaluating [time: 0.15s, valid_score: 0.331200]
Sun 15 Mar 2026 21:54:51 INFO  valid result: 
recall@1 : 0.1251    recall@2 : 0.2009    recall@3 : 0.2711    recall@4 : 0.3146    recall@5 : 0.3546    recall@10 : 0.4921    recall@20 : 0.6257    recall@30 : 0.7065    recall@50 : 0.798    ndcg@1 : 0.211    ndcg@2 : 0.2288    ndcg@3 : 0.2531    ndcg@4 : 0.2685    ndcg@5 : 0.283    ndcg@10 : 0.3312    ndcg@20 : 0.3711    ndcg@30 : 0.3925    ndcg@50 : 0.414    precision@1 : 0.211    precision@2 : 0.1749    precision@3 : 0.1571    precision@4 : 0.1421    precision@5 : 0.1303    precision@10 : 0.0942    precision@20 : 0.0625    precision@30 : 0.0484    precision@50 : 0.0335    map@1 : 0.211    map@2 : 0.2019    map@3 : 0.2094    map@4 : 0.2149    map@5 : 0.2215    map@10 : 0.2422    map@20 : 0.2563    map@30 : 0.2625    map@50 : 0.2674
Sun 15 Mar 2026 21:54:51 INFO  Running E-step ! 
Sun 15 Mar 2026 21:54:51 INFO  epoch 124 training [time: 0.19s, train_loss1: 2.2829, train_loss2: 0.0355, train_loss3: 0.0110, train_loss4: 0.0018]
Sun 15 Mar 2026 21:54:52 INFO  epoch 124 evaluating [time: 0.31s, valid_score: 0.331300]
Sun 15 Mar 2026 21:54:52 INFO  valid result: 
recall@1 : 0.125    recall@2 : 0.1983    recall@3 : 0.2712    recall@4 : 0.3155    recall@5 : 0.3543    recall@10 : 0.4933    recall@20 : 0.6257    recall@30 : 0.7066    recall@50 : 0.7987    ndcg@1 : 0.2104    ndcg@2 : 0.2269    ndcg@3 : 0.2528    ndcg@4 : 0.2685    ndcg@5 : 0.2825    ndcg@10 : 0.3313    ndcg@20 : 0.3709    ndcg@30 : 0.3923    ndcg@50 : 0.4138    precision@1 : 0.2104    precision@2 : 0.1734    precision@3 : 0.1575    precision@4 : 0.1424    precision@5 : 0.13    precision@10 : 0.0944    precision@20 : 0.0625    precision@30 : 0.0484    precision@50 : 0.0335    map@1 : 0.2104    map@2 : 0.2004    map@3 : 0.209    map@4 : 0.2147    map@5 : 0.221    map@10 : 0.2419    map@20 : 0.2559    map@30 : 0.2621    map@50 : 0.267
Sun 15 Mar 2026 21:54:52 INFO  Running E-step ! 
Sun 15 Mar 2026 21:54:52 INFO  epoch 125 training [time: 0.21s, train_loss1: 2.3085, train_loss2: 0.0355, train_loss3: 0.0110, train_loss4: 0.0018]
Sun 15 Mar 2026 21:54:52 INFO  epoch 125 evaluating [time: 0.34s, valid_score: 0.331000]
Sun 15 Mar 2026 21:54:52 INFO  valid result: 
recall@1 : 0.1246    recall@2 : 0.1972    recall@3 : 0.2704    recall@4 : 0.3156    recall@5 : 0.3532    recall@10 : 0.4936    recall@20 : 0.6253    recall@30 : 0.706    recall@50 : 0.7989    ndcg@1 : 0.2092    ndcg@2 : 0.2257    ndcg@3 : 0.252    ndcg@4 : 0.2681    ndcg@5 : 0.2816    ndcg@10 : 0.331    ndcg@20 : 0.3704    ndcg@30 : 0.3917    ndcg@50 : 0.4135    precision@1 : 0.2092    precision@2 : 0.1725    precision@3 : 0.1573    precision@4 : 0.1426    precision@5 : 0.1298    precision@10 : 0.0945    precision@20 : 0.0625    precision@30 : 0.0484    precision@50 : 0.0336    map@1 : 0.2092    map@2 : 0.1992    map@3 : 0.2081    map@4 : 0.2142    map@5 : 0.2203    map@10 : 0.2415    map@20 : 0.2554    map@30 : 0.2616    map@50 : 0.2666
Sun 15 Mar 2026 21:54:52 INFO  Running E-step ! 
Sun 15 Mar 2026 21:54:52 INFO  epoch 126 training [time: 0.23s, train_loss1: 2.3271, train_loss2: 0.0354, train_loss3: 0.0110, train_loss4: 0.0018]
Sun 15 Mar 2026 21:54:53 INFO  epoch 126 evaluating [time: 0.31s, valid_score: 0.330900]
Sun 15 Mar 2026 21:54:53 INFO  valid result: 
recall@1 : 0.1247    recall@2 : 0.1972    recall@3 : 0.2694    recall@4 : 0.3158    recall@5 : 0.353    recall@10 : 0.4932    recall@20 : 0.6263    recall@30 : 0.706    recall@50 : 0.7986    ndcg@1 : 0.2098    ndcg@2 : 0.2258    ndcg@3 : 0.2518    ndcg@4 : 0.2683    ndcg@5 : 0.2817    ndcg@10 : 0.3309    ndcg@20 : 0.3706    ndcg@30 : 0.3918    ndcg@50 : 0.4135    precision@1 : 0.2098    precision@2 : 0.1725    precision@3 : 0.1573    precision@4 : 0.1427    precision@5 : 0.13    precision@10 : 0.0945    precision@20 : 0.0625    precision@30 : 0.0484    precision@50 : 0.0336    map@1 : 0.2098    map@2 : 0.1993    map@3 : 0.208    map@4 : 0.2144    map@5 : 0.2204    map@10 : 0.2414    map@20 : 0.2555    map@30 : 0.2616    map@50 : 0.2666
Sun 15 Mar 2026 21:54:53 INFO  Running E-step ! 
Sun 15 Mar 2026 21:54:53 INFO  epoch 127 training [time: 0.23s, train_loss1: 2.3307, train_loss2: 0.0354, train_loss3: 0.0110, train_loss4: 0.0018]
Sun 15 Mar 2026 21:54:53 INFO  epoch 127 evaluating [time: 0.34s, valid_score: 0.331500]
Sun 15 Mar 2026 21:54:53 INFO  valid result: 
recall@1 : 0.1249    recall@2 : 0.1968    recall@3 : 0.2682    recall@4 : 0.3153    recall@5 : 0.3543    recall@10 : 0.4949    recall@20 : 0.6264    recall@30 : 0.706    recall@50 : 0.7989    ndcg@1 : 0.2116    ndcg@2 : 0.2256    ndcg@3 : 0.251    ndcg@4 : 0.2679    ndcg@5 : 0.2824    ndcg@10 : 0.3315    ndcg@20 : 0.3708    ndcg@30 : 0.3919    ndcg@50 : 0.4137    precision@1 : 0.2116    precision@2 : 0.1719    precision@3 : 0.1563    precision@4 : 0.1421    precision@5 : 0.1308    precision@10 : 0.0947    precision@20 : 0.0626    precision@30 : 0.0484    precision@50 : 0.0336    map@1 : 0.2116    map@2 : 0.1992    map@3 : 0.2074    map@4 : 0.214    map@5 : 0.2206    map@10 : 0.2416    map@20 : 0.2555    map@30 : 0.2617    map@50 : 0.2666
Sun 15 Mar 2026 21:54:53 INFO  Running E-step ! 
Sun 15 Mar 2026 21:54:53 INFO  epoch 128 training [time: 0.22s, train_loss1: 2.2693, train_loss2: 0.0353, train_loss3: 0.0110, train_loss4: 0.0018]
Sun 15 Mar 2026 21:54:54 INFO  epoch 128 evaluating [time: 0.31s, valid_score: 0.332000]
Sun 15 Mar 2026 21:54:54 INFO  valid result: 
recall@1 : 0.1252    recall@2 : 0.1961    recall@3 : 0.2696    recall@4 : 0.3174    recall@5 : 0.353    recall@10 : 0.4958    recall@20 : 0.6259    recall@30 : 0.7053    recall@50 : 0.8004    ndcg@1 : 0.2122    ndcg@2 : 0.2254    ndcg@3 : 0.2517    ndcg@4 : 0.269    ndcg@5 : 0.2821    ndcg@10 : 0.332    ndcg@20 : 0.3708    ndcg@30 : 0.3919    ndcg@50 : 0.4142    precision@1 : 0.2122    precision@2 : 0.1716    precision@3 : 0.1567    precision@4 : 0.143    precision@5 : 0.1305    precision@10 : 0.0949    precision@20 : 0.0625    precision@30 : 0.0483    precision@50 : 0.0336    map@1 : 0.2122    map@2 : 0.1992    map@3 : 0.208    map@4 : 0.2148    map@5 : 0.2206    map@10 : 0.242    map@20 : 0.2558    map@30 : 0.2619    map@50 : 0.267
Sun 15 Mar 2026 21:54:54 INFO  Saving current: saved/SCL-Mar-15-2026_21-53-40.pth
Sun 15 Mar 2026 21:54:54 INFO  Saving current best: saved/SCL-Mar-15-2026_21-53-40.pth
Sun 15 Mar 2026 21:54:54 INFO  Running E-step ! 
Sun 15 Mar 2026 21:54:54 INFO  epoch 129 training [time: 0.22s, train_loss1: 2.2680, train_loss2: 0.0352, train_loss3: 0.0110, train_loss4: 0.0018]
Sun 15 Mar 2026 21:54:54 INFO  epoch 129 evaluating [time: 0.31s, valid_score: 0.331800]
Sun 15 Mar 2026 21:54:54 INFO  valid result: 
recall@1 : 0.1248    recall@2 : 0.1947    recall@3 : 0.2712    recall@4 : 0.3173    recall@5 : 0.3541    recall@10 : 0.4959    recall@20 : 0.6259    recall@30 : 0.7051    recall@50 : 0.8001    ndcg@1 : 0.2116    ndcg@2 : 0.2246    ndcg@3 : 0.2522    ndcg@4 : 0.2687    ndcg@5 : 0.2822    ndcg@10 : 0.3318    ndcg@20 : 0.3706    ndcg@30 : 0.3917    ndcg@50 : 0.414    precision@1 : 0.2116    precision@2 : 0.1713    precision@3 : 0.1573    precision@4 : 0.1427    precision@5 : 0.1306    precision@10 : 0.0949    precision@20 : 0.0625    precision@30 : 0.0483    precision@50 : 0.0336    map@1 : 0.2116    map@2 : 0.1985    map@3 : 0.2081    map@4 : 0.2143    map@5 : 0.2205    map@10 : 0.2418    map@20 : 0.2554    map@30 : 0.2616    map@50 : 0.2667
Sun 15 Mar 2026 21:54:54 INFO  Running E-step ! 
Sun 15 Mar 2026 21:54:55 INFO  epoch 130 training [time: 0.21s, train_loss1: 2.2790, train_loss2: 0.0352, train_loss3: 0.0110, train_loss4: 0.0018]
Sun 15 Mar 2026 21:54:55 INFO  epoch 130 evaluating [time: 0.34s, valid_score: 0.332400]
Sun 15 Mar 2026 21:54:55 INFO  valid result: 
recall@1 : 0.1246    recall@2 : 0.1952    recall@3 : 0.2718    recall@4 : 0.3164    recall@5 : 0.354    recall@10 : 0.4978    recall@20 : 0.6254    recall@30 : 0.7053    recall@50 : 0.801    ndcg@1 : 0.211    ndcg@2 : 0.2246    ndcg@3 : 0.2524    ndcg@4 : 0.2681    ndcg@5 : 0.2821    ndcg@10 : 0.3324    ndcg@20 : 0.3705    ndcg@30 : 0.3917    ndcg@50 : 0.4143    precision@1 : 0.211    precision@2 : 0.1713    precision@3 : 0.1575    precision@4 : 0.1421    precision@5 : 0.1305    precision@10 : 0.0952    precision@20 : 0.0625    precision@30 : 0.0483    precision@50 : 0.0337    map@1 : 0.211    map@2 : 0.1983    map@3 : 0.2082    map@4 : 0.214    map@5 : 0.2204    map@10 : 0.242    map@20 : 0.2555    map@30 : 0.2617    map@50 : 0.2668
Sun 15 Mar 2026 21:54:55 INFO  Saving current: saved/SCL-Mar-15-2026_21-53-40.pth
Sun 15 Mar 2026 21:54:55 INFO  Saving current best: saved/SCL-Mar-15-2026_21-53-40.pth
Sun 15 Mar 2026 21:54:55 INFO  Running E-step ! 
Sun 15 Mar 2026 21:54:55 INFO  epoch 131 training [time: 0.22s, train_loss1: 2.3084, train_loss2: 0.0351, train_loss3: 0.0110, train_loss4: 0.0018]
Sun 15 Mar 2026 21:54:55 INFO  epoch 131 evaluating [time: 0.31s, valid_score: 0.332200]
Sun 15 Mar 2026 21:54:55 INFO  valid result: 
recall@1 : 0.1251    recall@2 : 0.1952    recall@3 : 0.2699    recall@4 : 0.3162    recall@5 : 0.354    recall@10 : 0.4969    recall@20 : 0.6254    recall@30 : 0.7054    recall@50 : 0.8018    ndcg@1 : 0.2116    ndcg@2 : 0.2248    ndcg@3 : 0.2517    ndcg@4 : 0.2681    ndcg@5 : 0.2821    ndcg@10 : 0.3322    ndcg@20 : 0.3706    ndcg@30 : 0.3919    ndcg@50 : 0.4145    precision@1 : 0.2116    precision@2 : 0.1713    precision@3 : 0.1567    precision@4 : 0.1421    precision@5 : 0.1305    precision@10 : 0.0951    precision@20 : 0.0625    precision@30 : 0.0483    precision@50 : 0.0337    map@1 : 0.2116    map@2 : 0.1986    map@3 : 0.2079    map@4 : 0.214    map@5 : 0.2205    map@10 : 0.242    map@20 : 0.2556    map@30 : 0.2618    map@50 : 0.267
Sun 15 Mar 2026 21:54:55 INFO  Running E-step ! 
Sun 15 Mar 2026 21:54:56 INFO  epoch 132 training [time: 0.21s, train_loss1: 2.2633, train_loss2: 0.0350, train_loss3: 0.0110, train_loss4: 0.0018]
Sun 15 Mar 2026 21:54:56 INFO  epoch 132 evaluating [time: 0.30s, valid_score: 0.332400]
Sun 15 Mar 2026 21:54:56 INFO  valid result: 
recall@1 : 0.1258    recall@2 : 0.194    recall@3 : 0.2708    recall@4 : 0.3166    recall@5 : 0.3535    recall@10 : 0.4965    recall@20 : 0.6258    recall@30 : 0.7061    recall@50 : 0.8007    ndcg@1 : 0.2133    ndcg@2 : 0.2245    ndcg@3 : 0.2525    ndcg@4 : 0.2686    ndcg@5 : 0.2823    ndcg@10 : 0.3324    ndcg@20 : 0.3711    ndcg@30 : 0.3924    ndcg@50 : 0.4147    precision@1 : 0.2133    precision@2 : 0.1707    precision@3 : 0.1575    precision@4 : 0.1424    precision@5 : 0.1304    precision@10 : 0.0951    precision@20 : 0.0625    precision@30 : 0.0484    precision@50 : 0.0337    map@1 : 0.2133    map@2 : 0.1985    map@3 : 0.2086    map@4 : 0.2146    map@5 : 0.2207    map@10 : 0.2424    map@20 : 0.2561    map@30 : 0.2623    map@50 : 0.2673
Sun 15 Mar 2026 21:54:56 INFO  Saving current: saved/SCL-Mar-15-2026_21-53-40.pth
Sun 15 Mar 2026 21:54:56 INFO  Saving current best: saved/SCL-Mar-15-2026_21-53-40.pth
Sun 15 Mar 2026 21:54:56 INFO  Running E-step ! 
Sun 15 Mar 2026 21:54:56 INFO  epoch 133 training [time: 0.21s, train_loss1: 2.2453, train_loss2: 0.0350, train_loss3: 0.0110, train_loss4: 0.0018]
Sun 15 Mar 2026 21:54:57 INFO  epoch 133 evaluating [time: 0.33s, valid_score: 0.332500]
Sun 15 Mar 2026 21:54:57 INFO  valid result: 
recall@1 : 0.1253    recall@2 : 0.1937    recall@3 : 0.2707    recall@4 : 0.3165    recall@5 : 0.3547    recall@10 : 0.4975    recall@20 : 0.6259    recall@30 : 0.7056    recall@50 : 0.8011    ndcg@1 : 0.2133    ndcg@2 : 0.2242    ndcg@3 : 0.2523    ndcg@4 : 0.2685    ndcg@5 : 0.2825    ndcg@10 : 0.3325    ndcg@20 : 0.371    ndcg@30 : 0.3921    ndcg@50 : 0.4146    precision@1 : 0.2133    precision@2 : 0.1704    precision@3 : 0.1577    precision@4 : 0.1426    precision@5 : 0.1306    precision@10 : 0.0952    precision@20 : 0.0626    precision@30 : 0.0484    precision@50 : 0.0337    map@1 : 0.2133    map@2 : 0.1982    map@3 : 0.2083    map@4 : 0.2144    map@5 : 0.2207    map@10 : 0.2422    map@20 : 0.2558    map@30 : 0.262    map@50 : 0.2671
Sun 15 Mar 2026 21:54:57 INFO  Saving current: saved/SCL-Mar-15-2026_21-53-40.pth
Sun 15 Mar 2026 21:54:57 INFO  Saving current best: saved/SCL-Mar-15-2026_21-53-40.pth
Sun 15 Mar 2026 21:54:57 INFO  Running E-step ! 
Sun 15 Mar 2026 21:54:57 INFO  epoch 134 training [time: 0.21s, train_loss1: 2.2556, train_loss2: 0.0349, train_loss3: 0.0110, train_loss4: 0.0017]
Sun 15 Mar 2026 21:54:57 INFO  epoch 134 evaluating [time: 0.34s, valid_score: 0.332800]
Sun 15 Mar 2026 21:54:57 INFO  valid result: 
recall@1 : 0.126    recall@2 : 0.1939    recall@3 : 0.2685    recall@4 : 0.3162    recall@5 : 0.3553    recall@10 : 0.4978    recall@20 : 0.6256    recall@30 : 0.7052    recall@50 : 0.8012    ndcg@1 : 0.2145    ndcg@2 : 0.2248    ndcg@3 : 0.2516    ndcg@4 : 0.2685    ndcg@5 : 0.2829    ndcg@10 : 0.3328    ndcg@20 : 0.3711    ndcg@30 : 0.3923    ndcg@50 : 0.4148    precision@1 : 0.2145    precision@2 : 0.1707    precision@3 : 0.1569    precision@4 : 0.1424    precision@5 : 0.1308    precision@10 : 0.0952    precision@20 : 0.0626    precision@30 : 0.0484    precision@50 : 0.0337    map@1 : 0.2145    map@2 : 0.1987    map@3 : 0.208    map@4 : 0.2145    map@5 : 0.221    map@10 : 0.2425    map@20 : 0.2561    map@30 : 0.2622    map@50 : 0.2674
Sun 15 Mar 2026 21:54:57 INFO  Saving current: saved/SCL-Mar-15-2026_21-53-40.pth
Sun 15 Mar 2026 21:54:57 INFO  Saving current best: saved/SCL-Mar-15-2026_21-53-40.pth
Sun 15 Mar 2026 21:54:57 INFO  Running E-step ! 
Sun 15 Mar 2026 21:54:57 INFO  epoch 135 training [time: 0.34s, train_loss1: 2.2771, train_loss2: 0.0348, train_loss3: 0.0110, train_loss4: 0.0017]
Sun 15 Mar 2026 21:54:58 INFO  epoch 135 evaluating [time: 0.15s, valid_score: 0.332000]
Sun 15 Mar 2026 21:54:58 INFO  valid result: 
recall@1 : 0.1255    recall@2 : 0.1941    recall@3 : 0.2664    recall@4 : 0.317    recall@5 : 0.3558    recall@10 : 0.4959    recall@20 : 0.6248    recall@30 : 0.7055    recall@50 : 0.8025    ndcg@1 : 0.2133    ndcg@2 : 0.2246    ndcg@3 : 0.2504    ndcg@4 : 0.2686    ndcg@5 : 0.2829    ndcg@10 : 0.332    ndcg@20 : 0.3707    ndcg@30 : 0.3921    ndcg@50 : 0.4148    precision@1 : 0.2133    precision@2 : 0.171    precision@3 : 0.1565    precision@4 : 0.1429    precision@5 : 0.1311    precision@10 : 0.095    precision@20 : 0.0625    precision@30 : 0.0484    precision@50 : 0.0337    map@1 : 0.2133    map@2 : 0.1985    map@3 : 0.2072    map@4 : 0.2144    map@5 : 0.2208    map@10 : 0.242    map@20 : 0.2558    map@30 : 0.262    map@50 : 0.2671
Sun 15 Mar 2026 21:54:58 INFO  Running E-step ! 
Sun 15 Mar 2026 21:54:58 INFO  epoch 136 training [time: 0.22s, train_loss1: 2.2768, train_loss2: 0.0348, train_loss3: 0.0110, train_loss4: 0.0017]
Sun 15 Mar 2026 21:54:58 INFO  epoch 136 evaluating [time: 0.30s, valid_score: 0.332000]
Sun 15 Mar 2026 21:54:58 INFO  valid result: 
recall@1 : 0.126    recall@2 : 0.1956    recall@3 : 0.2639    recall@4 : 0.3182    recall@5 : 0.3554    recall@10 : 0.4948    recall@20 : 0.6249    recall@30 : 0.7057    recall@50 : 0.8034    ndcg@1 : 0.2145    ndcg@2 : 0.2261    ndcg@3 : 0.2496    ndcg@4 : 0.2695    ndcg@5 : 0.2831    ndcg@10 : 0.332    ndcg@20 : 0.3711    ndcg@30 : 0.3925    ndcg@50 : 0.4153    precision@1 : 0.2145    precision@2 : 0.1722    precision@3 : 0.1555    precision@4 : 0.1435    precision@5 : 0.1311    precision@10 : 0.0948    precision@20 : 0.0625    precision@30 : 0.0484    precision@50 : 0.0337    map@1 : 0.2145    map@2 : 0.1999    map@3 : 0.2069    map@4 : 0.2151    map@5 : 0.2212    map@10 : 0.2423    map@20 : 0.2562    map@30 : 0.2625    map@50 : 0.2676
Sun 15 Mar 2026 21:54:58 INFO  Running E-step ! 
Sun 15 Mar 2026 21:54:58 INFO  epoch 137 training [time: 0.22s, train_loss1: 2.2265, train_loss2: 0.0347, train_loss3: 0.0110, train_loss4: 0.0017]
Sun 15 Mar 2026 21:54:59 INFO  epoch 137 evaluating [time: 0.31s, valid_score: 0.331900]
Sun 15 Mar 2026 21:54:59 INFO  valid result: 
recall@1 : 0.126    recall@2 : 0.1955    recall@3 : 0.264    recall@4 : 0.3183    recall@5 : 0.3554    recall@10 : 0.4938    recall@20 : 0.6261    recall@30 : 0.7058    recall@50 : 0.8034    ndcg@1 : 0.2145    ndcg@2 : 0.226    ndcg@3 : 0.2496    ndcg@4 : 0.2697    ndcg@5 : 0.2831    ndcg@10 : 0.3319    ndcg@20 : 0.3714    ndcg@30 : 0.3926    ndcg@50 : 0.4154    precision@1 : 0.2145    precision@2 : 0.1722    precision@3 : 0.1557    precision@4 : 0.1438    precision@5 : 0.1311    precision@10 : 0.0948    precision@20 : 0.0626    precision@30 : 0.0484    precision@50 : 0.0337    map@1 : 0.2145    map@2 : 0.1998    map@3 : 0.2068    map@4 : 0.2153    map@5 : 0.2212    map@10 : 0.2424    map@20 : 0.2563    map@30 : 0.2626    map@50 : 0.2677
Sun 15 Mar 2026 21:54:59 INFO  Running E-step ! 
Sun 15 Mar 2026 21:54:59 INFO  epoch 138 training [time: 0.21s, train_loss1: 2.2307, train_loss2: 0.0347, train_loss3: 0.0110, train_loss4: 0.0017]
Sun 15 Mar 2026 21:54:59 INFO  epoch 138 evaluating [time: 0.33s, valid_score: 0.332100]
Sun 15 Mar 2026 21:54:59 INFO  valid result: 
recall@1 : 0.126    recall@2 : 0.1949    recall@3 : 0.2646    recall@4 : 0.319    recall@5 : 0.3577    recall@10 : 0.4942    recall@20 : 0.6265    recall@30 : 0.706    recall@50 : 0.8037    ndcg@1 : 0.2145    ndcg@2 : 0.2256    ndcg@3 : 0.2499    ndcg@4 : 0.2699    ndcg@5 : 0.2841    ndcg@10 : 0.3321    ndcg@20 : 0.3716    ndcg@30 : 0.3929    ndcg@50 : 0.4156    precision@1 : 0.2145    precision@2 : 0.1719    precision@3 : 0.1561    precision@4 : 0.1439    precision@5 : 0.1317    precision@10 : 0.095    precision@20 : 0.0626    precision@30 : 0.0484    precision@50 : 0.0337    map@1 : 0.2145    map@2 : 0.1995    map@3 : 0.2071    map@4 : 0.2155    map@5 : 0.2217    map@10 : 0.2426    map@20 : 0.2565    map@30 : 0.2627    map@50 : 0.2678
Sun 15 Mar 2026 21:54:59 INFO  Running E-step ! 
Sun 15 Mar 2026 21:54:59 INFO  epoch 139 training [time: 0.23s, train_loss1: 2.2395, train_loss2: 0.0346, train_loss3: 0.0110, train_loss4: 0.0017]
Sun 15 Mar 2026 21:55:00 INFO  epoch 139 evaluating [time: 0.32s, valid_score: 0.331900]
Sun 15 Mar 2026 21:55:00 INFO  valid result: 
recall@1 : 0.1261    recall@2 : 0.1953    recall@3 : 0.2612    recall@4 : 0.3178    recall@5 : 0.3571    recall@10 : 0.4941    recall@20 : 0.6267    recall@30 : 0.7059    recall@50 : 0.8038    ndcg@1 : 0.2151    ndcg@2 : 0.2259    ndcg@3 : 0.2484    ndcg@4 : 0.2693    ndcg@5 : 0.2836    ndcg@10 : 0.3319    ndcg@20 : 0.3716    ndcg@30 : 0.3927    ndcg@50 : 0.4155    precision@1 : 0.2151    precision@2 : 0.1719    precision@3 : 0.1551    precision@4 : 0.1436    precision@5 : 0.1315    precision@10 : 0.0949    precision@20 : 0.0626    precision@30 : 0.0484    precision@50 : 0.0337    map@1 : 0.2151    map@2 : 0.1996    map@3 : 0.206    map@4 : 0.2149    map@5 : 0.2213    map@10 : 0.2422    map@20 : 0.2563    map@30 : 0.2625    map@50 : 0.2676
Sun 15 Mar 2026 21:55:00 INFO  Running E-step ! 
Sun 15 Mar 2026 21:55:00 INFO  epoch 140 training [time: 0.22s, train_loss1: 2.2019, train_loss2: 0.0345, train_loss3: 0.0110, train_loss4: 0.0017]
Sun 15 Mar 2026 21:55:00 INFO  epoch 140 evaluating [time: 0.31s, valid_score: 0.331800]
Sun 15 Mar 2026 21:55:00 INFO  valid result: 
recall@1 : 0.1262    recall@2 : 0.1939    recall@3 : 0.2612    recall@4 : 0.3177    recall@5 : 0.3575    recall@10 : 0.4946    recall@20 : 0.6267    recall@30 : 0.7062    recall@50 : 0.8048    ndcg@1 : 0.2157    ndcg@2 : 0.2248    ndcg@3 : 0.2483    ndcg@4 : 0.2689    ndcg@5 : 0.2835    ndcg@10 : 0.3318    ndcg@20 : 0.3715    ndcg@30 : 0.3926    ndcg@50 : 0.4156    precision@1 : 0.2157    precision@2 : 0.1707    precision@3 : 0.1553    precision@4 : 0.1432    precision@5 : 0.1312    precision@10 : 0.0949    precision@20 : 0.0627    precision@30 : 0.0484    precision@50 : 0.0338    map@1 : 0.2157    map@2 : 0.1986    map@3 : 0.2058    map@4 : 0.2143    map@5 : 0.2209    map@10 : 0.242    map@20 : 0.2561    map@30 : 0.2623    map@50 : 0.2674
Sun 15 Mar 2026 21:55:00 INFO  Running E-step ! 
Sun 15 Mar 2026 21:55:01 INFO  epoch 141 training [time: 0.21s, train_loss1: 2.2146, train_loss2: 0.0345, train_loss3: 0.0110, train_loss4: 0.0017]
Sun 15 Mar 2026 21:55:01 INFO  epoch 141 evaluating [time: 0.31s, valid_score: 0.331800]
Sun 15 Mar 2026 21:55:01 INFO  valid result: 
recall@1 : 0.1265    recall@2 : 0.1937    recall@3 : 0.2607    recall@4 : 0.3167    recall@5 : 0.3572    recall@10 : 0.4946    recall@20 : 0.6264    recall@30 : 0.7055    recall@50 : 0.8044    ndcg@1 : 0.2157    ndcg@2 : 0.2244    ndcg@3 : 0.2482    ndcg@4 : 0.2686    ndcg@5 : 0.2833    ndcg@10 : 0.3318    ndcg@20 : 0.3715    ndcg@30 : 0.3925    ndcg@50 : 0.4155    precision@1 : 0.2157    precision@2 : 0.1701    precision@3 : 0.1553    precision@4 : 0.1432    precision@5 : 0.131    precision@10 : 0.095    precision@20 : 0.0627    precision@30 : 0.0484    precision@50 : 0.0337    map@1 : 0.2157    map@2 : 0.1985    map@3 : 0.2058    map@4 : 0.2142    map@5 : 0.2208    map@10 : 0.242    map@20 : 0.2561    map@30 : 0.2623    map@50 : 0.2675
Sun 15 Mar 2026 21:55:01 INFO  Running E-step ! 
Sun 15 Mar 2026 21:55:01 INFO  epoch 142 training [time: 0.21s, train_loss1: 2.2016, train_loss2: 0.0344, train_loss3: 0.0110, train_loss4: 0.0017]
Sun 15 Mar 2026 21:55:01 INFO  epoch 142 evaluating [time: 0.32s, valid_score: 0.332500]
Sun 15 Mar 2026 21:55:01 INFO  valid result: 
recall@1 : 0.1276    recall@2 : 0.1943    recall@3 : 0.2601    recall@4 : 0.3138    recall@5 : 0.357    recall@10 : 0.4954    recall@20 : 0.627    recall@30 : 0.7055    recall@50 : 0.8063    ndcg@1 : 0.2175    ndcg@2 : 0.2253    ndcg@3 : 0.2484    ndcg@4 : 0.2678    ndcg@5 : 0.2836    ndcg@10 : 0.3325    ndcg@20 : 0.372    ndcg@30 : 0.3929    ndcg@50 : 0.4163    precision@1 : 0.2175    precision@2 : 0.1704    precision@3 : 0.1551    precision@4 : 0.1424    precision@5 : 0.1309    precision@10 : 0.0952    precision@20 : 0.0628    precision@30 : 0.0484    precision@50 : 0.0338    map@1 : 0.2175    map@2 : 0.1993    map@3 : 0.2062    map@4 : 0.2141    map@5 : 0.2212    map@10 : 0.2426    map@20 : 0.2566    map@30 : 0.2627    map@50 : 0.268
Sun 15 Mar 2026 21:55:01 INFO  Running E-step ! 
Sun 15 Mar 2026 21:55:02 INFO  epoch 143 training [time: 0.22s, train_loss1: 2.2017, train_loss2: 0.0344, train_loss3: 0.0110, train_loss4: 0.0017]
Sun 15 Mar 2026 21:55:02 INFO  epoch 143 evaluating [time: 0.33s, valid_score: 0.332200]
Sun 15 Mar 2026 21:55:02 INFO  valid result: 
recall@1 : 0.1274    recall@2 : 0.1941    recall@3 : 0.2601    recall@4 : 0.3122    recall@5 : 0.3558    recall@10 : 0.4952    recall@20 : 0.6277    recall@30 : 0.7055    recall@50 : 0.8066    ndcg@1 : 0.2169    ndcg@2 : 0.2255    ndcg@3 : 0.2485    ndcg@4 : 0.2671    ndcg@5 : 0.283    ndcg@10 : 0.3322    ndcg@20 : 0.372    ndcg@30 : 0.3927    ndcg@50 : 0.4162    precision@1 : 0.2169    precision@2 : 0.171    precision@3 : 0.1555    precision@4 : 0.1421    precision@5 : 0.1306    precision@10 : 0.0951    precision@20 : 0.0629    precision@30 : 0.0484    precision@50 : 0.0338    map@1 : 0.2169    map@2 : 0.1995    map@3 : 0.2063    map@4 : 0.2137    map@5 : 0.2208    map@10 : 0.2424    map@20 : 0.2566    map@30 : 0.2626    map@50 : 0.2679
Sun 15 Mar 2026 21:55:02 INFO  Running E-step ! 
Sun 15 Mar 2026 21:55:02 INFO  epoch 144 training [time: 0.23s, train_loss1: 2.1985, train_loss2: 0.0343, train_loss3: 0.0110, train_loss4: 0.0017]
Sun 15 Mar 2026 21:55:03 INFO  epoch 144 evaluating [time: 0.31s, valid_score: 0.332000]
Sun 15 Mar 2026 21:55:03 INFO  valid result: 
recall@1 : 0.1276    recall@2 : 0.194    recall@3 : 0.2612    recall@4 : 0.3101    recall@5 : 0.354    recall@10 : 0.4946    recall@20 : 0.6274    recall@30 : 0.7055    recall@50 : 0.8069    ndcg@1 : 0.2169    ndcg@2 : 0.2253    ndcg@3 : 0.2493    ndcg@4 : 0.2664    ndcg@5 : 0.2823    ndcg@10 : 0.332    ndcg@20 : 0.3719    ndcg@30 : 0.3927    ndcg@50 : 0.4161    precision@1 : 0.2169    precision@2 : 0.171    precision@3 : 0.1563    precision@4 : 0.1417    precision@5 : 0.1302    precision@10 : 0.095    precision@20 : 0.0628    precision@30 : 0.0484    precision@50 : 0.0338    map@1 : 0.2169    map@2 : 0.1995    map@3 : 0.2071    map@4 : 0.2134    map@5 : 0.2206    map@10 : 0.2423    map@20 : 0.2565    map@30 : 0.2626    map@50 : 0.2678
Sun 15 Mar 2026 21:55:03 INFO  Running E-step ! 
Sun 15 Mar 2026 21:55:03 INFO  epoch 145 training [time: 0.23s, train_loss1: 2.2007, train_loss2: 0.0343, train_loss3: 0.0110, train_loss4: 0.0017]
Sun 15 Mar 2026 21:55:03 INFO  epoch 145 evaluating [time: 0.33s, valid_score: 0.332500]
Sun 15 Mar 2026 21:55:03 INFO  valid result: 
recall@1 : 0.128    recall@2 : 0.1929    recall@3 : 0.2608    recall@4 : 0.3103    recall@5 : 0.3567    recall@10 : 0.4957    recall@20 : 0.6271    recall@30 : 0.7055    recall@50 : 0.8062    ndcg@1 : 0.2187    ndcg@2 : 0.225    ndcg@3 : 0.2496    ndcg@4 : 0.2666    ndcg@5 : 0.2835    ndcg@10 : 0.3325    ndcg@20 : 0.3721    ndcg@30 : 0.3929    ndcg@50 : 0.4163    precision@1 : 0.2187    precision@2 : 0.1704    precision@3 : 0.1567    precision@4 : 0.1418    precision@5 : 0.1309    precision@10 : 0.0951    precision@20 : 0.0629    precision@30 : 0.0484    precision@50 : 0.0338    map@1 : 0.2187    map@2 : 0.1992    map@3 : 0.2073    map@4 : 0.2135    map@5 : 0.2212    map@10 : 0.2425    map@20 : 0.2567    map@30 : 0.2628    map@50 : 0.268
Sun 15 Mar 2026 21:55:03 INFO  Running E-step ! 
Sun 15 Mar 2026 21:55:03 INFO  epoch 146 training [time: 0.23s, train_loss1: 2.1868, train_loss2: 0.0342, train_loss3: 0.0110, train_loss4: 0.0017]
Sun 15 Mar 2026 21:55:04 INFO  epoch 146 evaluating [time: 0.33s, valid_score: 0.332600]
Sun 15 Mar 2026 21:55:04 INFO  valid result: 
recall@1 : 0.1278    recall@2 : 0.1929    recall@3 : 0.2591    recall@4 : 0.3099    recall@5 : 0.3552    recall@10 : 0.4967    recall@20 : 0.6281    recall@30 : 0.7062    recall@50 : 0.8055    ndcg@1 : 0.2181    ndcg@2 : 0.2248    ndcg@3 : 0.2487    ndcg@4 : 0.2664    ndcg@5 : 0.2828    ndcg@10 : 0.3326    ndcg@20 : 0.3722    ndcg@30 : 0.3929    ndcg@50 : 0.416    precision@1 : 0.2181    precision@2 : 0.1704    precision@3 : 0.1563    precision@4 : 0.142    precision@5 : 0.1308    precision@10 : 0.0953    precision@20 : 0.063    precision@30 : 0.0484    precision@50 : 0.0338    map@1 : 0.2181    map@2 : 0.199    map@3 : 0.2067    map@4 : 0.2133    map@5 : 0.2207    map@10 : 0.2424    map@20 : 0.2566    map@30 : 0.2626    map@50 : 0.2678
Sun 15 Mar 2026 21:55:04 INFO  Running E-step ! 
Sun 15 Mar 2026 21:55:04 INFO  epoch 147 training [time: 0.23s, train_loss1: 2.2265, train_loss2: 0.0341, train_loss3: 0.0110, train_loss4: 0.0017]
Sun 15 Mar 2026 21:55:04 INFO  epoch 147 evaluating [time: 0.33s, valid_score: 0.332100]
Sun 15 Mar 2026 21:55:04 INFO  valid result: 
recall@1 : 0.1275    recall@2 : 0.1951    recall@3 : 0.2579    recall@4 : 0.3087    recall@5 : 0.3553    recall@10 : 0.4948    recall@20 : 0.6278    recall@30 : 0.7068    recall@50 : 0.8054    ndcg@1 : 0.2175    ndcg@2 : 0.2263    ndcg@3 : 0.2481    ndcg@4 : 0.2661    ndcg@5 : 0.2829    ndcg@10 : 0.3321    ndcg@20 : 0.3723    ndcg@30 : 0.3932    ndcg@50 : 0.4161    precision@1 : 0.2175    precision@2 : 0.1719    precision@3 : 0.1555    precision@4 : 0.1421    precision@5 : 0.1309    precision@10 : 0.095    precision@20 : 0.063    precision@30 : 0.0485    precision@50 : 0.0338    map@1 : 0.2175    map@2 : 0.2001    map@3 : 0.2064    map@4 : 0.2132    map@5 : 0.2208    map@10 : 0.2424    map@20 : 0.2568    map@30 : 0.2628    map@50 : 0.268
Sun 15 Mar 2026 21:55:04 INFO  Running E-step ! 
Sun 15 Mar 2026 21:55:04 INFO  epoch 148 training [time: 0.22s, train_loss1: 2.1666, train_loss2: 0.0341, train_loss3: 0.0110, train_loss4: 0.0017]
Sun 15 Mar 2026 21:55:05 INFO  epoch 148 evaluating [time: 0.31s, valid_score: 0.332300]
Sun 15 Mar 2026 21:55:05 INFO  valid result: 
recall@1 : 0.1274    recall@2 : 0.195    recall@3 : 0.2586    recall@4 : 0.3089    recall@5 : 0.3547    recall@10 : 0.4954    recall@20 : 0.6285    recall@30 : 0.7067    recall@50 : 0.8056    ndcg@1 : 0.2175    ndcg@2 : 0.2261    ndcg@3 : 0.2483    ndcg@4 : 0.2664    ndcg@5 : 0.2827    ndcg@10 : 0.3323    ndcg@20 : 0.3724    ndcg@30 : 0.3932    ndcg@50 : 0.4161    precision@1 : 0.2175    precision@2 : 0.1716    precision@3 : 0.1557    precision@4 : 0.1426    precision@5 : 0.1308    precision@10 : 0.0952    precision@20 : 0.0631    precision@30 : 0.0485    precision@50 : 0.0338    map@1 : 0.2175    map@2 : 0.1999    map@3 : 0.2065    map@4 : 0.2135    map@5 : 0.2207    map@10 : 0.2424    map@20 : 0.2568    map@30 : 0.2628    map@50 : 0.268
Sun 15 Mar 2026 21:55:05 INFO  Running E-step ! 
Sun 15 Mar 2026 21:55:05 INFO  epoch 149 training [time: 0.23s, train_loss1: 2.1647, train_loss2: 0.0340, train_loss3: 0.0110, train_loss4: 0.0017]
Sun 15 Mar 2026 21:55:05 INFO  epoch 149 evaluating [time: 0.33s, valid_score: 0.332000]
Sun 15 Mar 2026 21:55:05 INFO  valid result: 
recall@1 : 0.1274    recall@2 : 0.1936    recall@3 : 0.2577    recall@4 : 0.3083    recall@5 : 0.3543    recall@10 : 0.4955    recall@20 : 0.63    recall@30 : 0.7065    recall@50 : 0.8058    ndcg@1 : 0.2175    ndcg@2 : 0.2248    ndcg@3 : 0.2475    ndcg@4 : 0.2659    ndcg@5 : 0.2822    ndcg@10 : 0.332    ndcg@20 : 0.3725    ndcg@30 : 0.3928    ndcg@50 : 0.4158    precision@1 : 0.2175    precision@2 : 0.1701    precision@3 : 0.1551    precision@4 : 0.1426    precision@5 : 0.1306    precision@10 : 0.0952    precision@20 : 0.0632    precision@30 : 0.0485    precision@50 : 0.0338    map@1 : 0.2175    map@2 : 0.1989    map@3 : 0.2056    map@4 : 0.213    map@5 : 0.2202    map@10 : 0.2421    map@20 : 0.2565    map@30 : 0.2624    map@50 : 0.2676
Sun 15 Mar 2026 21:55:05 INFO  Running E-step ! 
Sun 15 Mar 2026 21:55:06 INFO  epoch 150 training [time: 0.25s, train_loss1: 2.1776, train_loss2: 0.0339, train_loss3: 0.0110, train_loss4: 0.0017]
Sun 15 Mar 2026 21:55:06 INFO  epoch 150 evaluating [time: 0.31s, valid_score: 0.332300]
Sun 15 Mar 2026 21:55:06 INFO  valid result: 
recall@1 : 0.1276    recall@2 : 0.1942    recall@3 : 0.258    recall@4 : 0.308    recall@5 : 0.3551    recall@10 : 0.4955    recall@20 : 0.6309    recall@30 : 0.7053    recall@50 : 0.8049    ndcg@1 : 0.2181    ndcg@2 : 0.2256    ndcg@3 : 0.248    ndcg@4 : 0.266    ndcg@5 : 0.2829    ndcg@10 : 0.3323    ndcg@20 : 0.373    ndcg@30 : 0.3928    ndcg@50 : 0.4159    precision@1 : 0.2181    precision@2 : 0.171    precision@3 : 0.1555    precision@4 : 0.1426    precision@5 : 0.1311    precision@10 : 0.0954    precision@20 : 0.0633    precision@30 : 0.0485    precision@50 : 0.0338    map@1 : 0.2181    map@2 : 0.1996    map@3 : 0.206    map@4 : 0.2133    map@5 : 0.2209    map@10 : 0.2425    map@20 : 0.2569    map@30 : 0.2627    map@50 : 0.268
Sun 15 Mar 2026 21:55:06 INFO  Running E-step ! 
Sun 15 Mar 2026 21:55:06 INFO  epoch 151 training [time: 0.23s, train_loss1: 2.1650, train_loss2: 0.0339, train_loss3: 0.0110, train_loss4: 0.0016]
Sun 15 Mar 2026 21:55:06 INFO  epoch 151 evaluating [time: 0.33s, valid_score: 0.332300]
Sun 15 Mar 2026 21:55:06 INFO  valid result: 
recall@1 : 0.1289    recall@2 : 0.1944    recall@3 : 0.2582    recall@4 : 0.3084    recall@5 : 0.3533    recall@10 : 0.4936    recall@20 : 0.6307    recall@30 : 0.7072    recall@50 : 0.8046    ndcg@1 : 0.2193    ndcg@2 : 0.2263    ndcg@3 : 0.2485    ndcg@4 : 0.2666    ndcg@5 : 0.2826    ndcg@10 : 0.3323    ndcg@20 : 0.3734    ndcg@30 : 0.3937    ndcg@50 : 0.4164    precision@1 : 0.2193    precision@2 : 0.1713    precision@3 : 0.1555    precision@4 : 0.1426    precision@5 : 0.1305    precision@10 : 0.0953    precision@20 : 0.0633    precision@30 : 0.0485    precision@50 : 0.0338    map@1 : 0.2193    map@2 : 0.2004    map@3 : 0.2065    map@4 : 0.2139    map@5 : 0.2211    map@10 : 0.243    map@20 : 0.2575    map@30 : 0.2635    map@50 : 0.2686
Sun 15 Mar 2026 21:55:06 INFO  Running E-step ! 
Sun 15 Mar 2026 21:55:07 INFO  epoch 152 training [time: 0.22s, train_loss1: 2.1426, train_loss2: 0.0338, train_loss3: 0.0110, train_loss4: 0.0016]
Sun 15 Mar 2026 21:55:07 INFO  epoch 152 evaluating [time: 0.33s, valid_score: 0.333000]
Sun 15 Mar 2026 21:55:07 INFO  valid result: 
recall@1 : 0.1299    recall@2 : 0.194    recall@3 : 0.2581    recall@4 : 0.3076    recall@5 : 0.3541    recall@10 : 0.4944    recall@20 : 0.631    recall@30 : 0.7071    recall@50 : 0.8039    ndcg@1 : 0.2211    ndcg@2 : 0.2263    ndcg@3 : 0.2487    ndcg@4 : 0.2666    ndcg@5 : 0.2833    ndcg@10 : 0.333    ndcg@20 : 0.3739    ndcg@30 : 0.3941    ndcg@50 : 0.4167    precision@1 : 0.2211    precision@2 : 0.1707    precision@3 : 0.1551    precision@4 : 0.1424    precision@5 : 0.131    precision@10 : 0.0954    precision@20 : 0.0634    precision@30 : 0.0485    precision@50 : 0.0338    map@1 : 0.2211    map@2 : 0.2005    map@3 : 0.2069    map@4 : 0.214    map@5 : 0.2217    map@10 : 0.2435    map@20 : 0.2581    map@30 : 0.2639    map@50 : 0.2691
Sun 15 Mar 2026 21:55:07 INFO  Saving current: saved/SCL-Mar-15-2026_21-53-40.pth
Sun 15 Mar 2026 21:55:07 INFO  Saving current best: saved/SCL-Mar-15-2026_21-53-40.pth
Sun 15 Mar 2026 21:55:07 INFO  Running E-step ! 
Sun 15 Mar 2026 21:55:07 INFO  epoch 153 training [time: 0.22s, train_loss1: 2.1187, train_loss2: 0.0338, train_loss3: 0.0110, train_loss4: 0.0016]
Sun 15 Mar 2026 21:55:08 INFO  epoch 153 evaluating [time: 0.30s, valid_score: 0.332600]
Sun 15 Mar 2026 21:55:08 INFO  valid result: 
recall@1 : 0.1298    recall@2 : 0.1943    recall@3 : 0.2585    recall@4 : 0.3081    recall@5 : 0.3547    recall@10 : 0.4931    recall@20 : 0.6293    recall@30 : 0.7072    recall@50 : 0.8045    ndcg@1 : 0.2205    ndcg@2 : 0.2264    ndcg@3 : 0.2489    ndcg@4 : 0.2668    ndcg@5 : 0.2836    ndcg@10 : 0.3326    ndcg@20 : 0.3735    ndcg@30 : 0.3941    ndcg@50 : 0.4168    precision@1 : 0.2205    precision@2 : 0.171    precision@3 : 0.1555    precision@4 : 0.1426    precision@5 : 0.1311    precision@10 : 0.0953    precision@20 : 0.0633    precision@30 : 0.0485    precision@50 : 0.0338    map@1 : 0.2205    map@2 : 0.2005    map@3 : 0.207    map@4 : 0.2142    map@5 : 0.2219    map@10 : 0.2435    map@20 : 0.258    map@30 : 0.264    map@50 : 0.2691
Sun 15 Mar 2026 21:55:08 INFO  Running E-step ! 
Sun 15 Mar 2026 21:55:08 INFO  epoch 154 training [time: 0.22s, train_loss1: 2.1456, train_loss2: 0.0337, train_loss3: 0.0110, train_loss4: 0.0016]
Sun 15 Mar 2026 21:55:08 INFO  epoch 154 evaluating [time: 0.32s, valid_score: 0.332400]
Sun 15 Mar 2026 21:55:08 INFO  valid result: 
recall@1 : 0.1297    recall@2 : 0.1948    recall@3 : 0.2585    recall@4 : 0.3083    recall@5 : 0.3548    recall@10 : 0.4923    recall@20 : 0.6299    recall@30 : 0.7075    recall@50 : 0.8043    ndcg@1 : 0.2199    ndcg@2 : 0.2267    ndcg@3 : 0.2487    ndcg@4 : 0.2668    ndcg@5 : 0.2836    ndcg@10 : 0.3324    ndcg@20 : 0.3737    ndcg@30 : 0.3941    ndcg@50 : 0.4168    precision@1 : 0.2199    precision@2 : 0.1716    precision@3 : 0.1551    precision@4 : 0.1426    precision@5 : 0.1312    precision@10 : 0.0952    precision@20 : 0.0634    precision@30 : 0.0486    precision@50 : 0.0338    map@1 : 0.2199    map@2 : 0.2008    map@3 : 0.2069    map@4 : 0.2143    map@5 : 0.2219    map@10 : 0.2435    map@20 : 0.2582    map@30 : 0.2641    map@50 : 0.2692
Sun 15 Mar 2026 21:55:08 INFO  Running E-step ! 
Sun 15 Mar 2026 21:55:08 INFO  epoch 155 training [time: 0.20s, train_loss1: 2.1333, train_loss2: 0.0337, train_loss3: 0.0110, train_loss4: 0.0016]
Sun 15 Mar 2026 21:55:09 INFO  epoch 155 evaluating [time: 0.15s, valid_score: 0.332800]
Sun 15 Mar 2026 21:55:09 INFO  valid result: 
recall@1 : 0.1301    recall@2 : 0.1952    recall@3 : 0.2578    recall@4 : 0.3091    recall@5 : 0.3578    recall@10 : 0.4926    recall@20 : 0.6284    recall@30 : 0.7078    recall@50 : 0.8046    ndcg@1 : 0.2211    ndcg@2 : 0.2274    ndcg@3 : 0.2486    ndcg@4 : 0.2674    ndcg@5 : 0.285    ndcg@10 : 0.3328    ndcg@20 : 0.3736    ndcg@30 : 0.3945    ndcg@50 : 0.4172    precision@1 : 0.2211    precision@2 : 0.1722    precision@3 : 0.1547    precision@4 : 0.1429    precision@5 : 0.1318    precision@10 : 0.0953    precision@20 : 0.0633    precision@30 : 0.0486    precision@50 : 0.0339    map@1 : 0.2211    map@2 : 0.2016    map@3 : 0.207    map@4 : 0.2147    map@5 : 0.2228    map@10 : 0.2439    map@20 : 0.2584    map@30 : 0.2644    map@50 : 0.2696
Sun 15 Mar 2026 21:55:09 INFO  Running E-step ! 
Sun 15 Mar 2026 21:55:09 INFO  epoch 156 training [time: 0.22s, train_loss1: 2.1135, train_loss2: 0.0336, train_loss3: 0.0110, train_loss4: 0.0016]
Sun 15 Mar 2026 21:55:09 INFO  epoch 156 evaluating [time: 0.32s, valid_score: 0.333200]
Sun 15 Mar 2026 21:55:09 INFO  valid result: 
recall@1 : 0.1301    recall@2 : 0.1951    recall@3 : 0.259    recall@4 : 0.31    recall@5 : 0.3568    recall@10 : 0.4934    recall@20 : 0.6305    recall@30 : 0.7092    recall@50 : 0.8055    ndcg@1 : 0.2211    ndcg@2 : 0.2274    ndcg@3 : 0.2492    ndcg@4 : 0.2679    ndcg@5 : 0.2846    ndcg@10 : 0.3332    ndcg@20 : 0.3743    ndcg@30 : 0.3949    ndcg@50 : 0.4175    precision@1 : 0.2211    precision@2 : 0.1722    precision@3 : 0.1551    precision@4 : 0.143    precision@5 : 0.1312    precision@10 : 0.0954    precision@20 : 0.0635    precision@30 : 0.0486    precision@50 : 0.0339    map@1 : 0.2211    map@2 : 0.2016    map@3 : 0.2074    map@4 : 0.215    map@5 : 0.2226    map@10 : 0.2441    map@20 : 0.2587    map@30 : 0.2646    map@50 : 0.2697
Sun 15 Mar 2026 21:55:09 INFO  Saving current: saved/SCL-Mar-15-2026_21-53-40.pth
Sun 15 Mar 2026 21:55:09 INFO  Saving current best: saved/SCL-Mar-15-2026_21-53-40.pth
Sun 15 Mar 2026 21:55:09 INFO  Running E-step ! 
Sun 15 Mar 2026 21:55:09 INFO  epoch 157 training [time: 0.23s, train_loss1: 2.1368, train_loss2: 0.0336, train_loss3: 0.0110, train_loss4: 0.0016]
Sun 15 Mar 2026 21:55:10 INFO  epoch 157 evaluating [time: 0.33s, valid_score: 0.333500]
Sun 15 Mar 2026 21:55:10 INFO  valid result: 
recall@1 : 0.1301    recall@2 : 0.1948    recall@3 : 0.2596    recall@4 : 0.3091    recall@5 : 0.3587    recall@10 : 0.4941    recall@20 : 0.632    recall@30 : 0.7099    recall@50 : 0.8054    ndcg@1 : 0.2211    ndcg@2 : 0.2272    ndcg@3 : 0.2495    ndcg@4 : 0.2673    ndcg@5 : 0.2854    ndcg@10 : 0.3335    ndcg@20 : 0.3748    ndcg@30 : 0.3951    ndcg@50 : 0.4176    precision@1 : 0.2211    precision@2 : 0.1719    precision@3 : 0.1553    precision@4 : 0.1424    precision@5 : 0.1318    precision@10 : 0.0955    precision@20 : 0.0636    precision@30 : 0.0486    precision@50 : 0.0339    map@1 : 0.2211    map@2 : 0.2014    map@3 : 0.2076    map@4 : 0.2147    map@5 : 0.223    map@10 : 0.2444    map@20 : 0.2589    map@30 : 0.2647    map@50 : 0.2699
Sun 15 Mar 2026 21:55:10 INFO  Saving current: saved/SCL-Mar-15-2026_21-53-40.pth
Sun 15 Mar 2026 21:55:10 INFO  Saving current best: saved/SCL-Mar-15-2026_21-53-40.pth
Sun 15 Mar 2026 21:55:10 INFO  Running E-step ! 
Sun 15 Mar 2026 21:55:10 INFO  epoch 158 training [time: 0.24s, train_loss1: 2.1082, train_loss2: 0.0335, train_loss3: 0.0110, train_loss4: 0.0016]
Sun 15 Mar 2026 21:55:10 INFO  epoch 158 evaluating [time: 0.31s, valid_score: 0.333500]
Sun 15 Mar 2026 21:55:10 INFO  valid result: 
recall@1 : 0.13    recall@2 : 0.1946    recall@3 : 0.26    recall@4 : 0.3099    recall@5 : 0.3582    recall@10 : 0.4942    recall@20 : 0.632    recall@30 : 0.7087    recall@50 : 0.806    ndcg@1 : 0.2211    ndcg@2 : 0.2272    ndcg@3 : 0.2496    ndcg@4 : 0.2677    ndcg@5 : 0.2852    ndcg@10 : 0.3335    ndcg@20 : 0.3748    ndcg@30 : 0.395    ndcg@50 : 0.4177    precision@1 : 0.2211    precision@2 : 0.1719    precision@3 : 0.1553    precision@4 : 0.1427    precision@5 : 0.1316    precision@10 : 0.0955    precision@20 : 0.0636    precision@30 : 0.0486    precision@50 : 0.0339    map@1 : 0.2211    map@2 : 0.2014    map@3 : 0.2075    map@4 : 0.2149    map@5 : 0.2229    map@10 : 0.2444    map@20 : 0.259    map@30 : 0.2648    map@50 : 0.2699
Sun 15 Mar 2026 21:55:10 INFO  Saving current: saved/SCL-Mar-15-2026_21-53-40.pth
Sun 15 Mar 2026 21:55:10 INFO  Saving current best: saved/SCL-Mar-15-2026_21-53-40.pth
Sun 15 Mar 2026 21:55:10 INFO  Running E-step ! 
Sun 15 Mar 2026 21:55:10 INFO  epoch 159 training [time: 0.23s, train_loss1: 2.1387, train_loss2: 0.0335, train_loss3: 0.0110, train_loss4: 0.0016]
Sun 15 Mar 2026 21:55:11 INFO  epoch 159 evaluating [time: 0.32s, valid_score: 0.334100]
Sun 15 Mar 2026 21:55:11 INFO  valid result: 
recall@1 : 0.1297    recall@2 : 0.1943    recall@3 : 0.2607    recall@4 : 0.3111    recall@5 : 0.3568    recall@10 : 0.4961    recall@20 : 0.6311    recall@30 : 0.7083    recall@50 : 0.8059    ndcg@1 : 0.2217    ndcg@2 : 0.2271    ndcg@3 : 0.2498    ndcg@4 : 0.2683    ndcg@5 : 0.2846    ndcg@10 : 0.3341    ndcg@20 : 0.3745    ndcg@30 : 0.3949    ndcg@50 : 0.4176    precision@1 : 0.2217    precision@2 : 0.1719    precision@3 : 0.1553    precision@4 : 0.1433    precision@5 : 0.1312    precision@10 : 0.0957    precision@20 : 0.0636    precision@30 : 0.0486    precision@50 : 0.0339    map@1 : 0.2217    map@2 : 0.2013    map@3 : 0.2075    map@4 : 0.2152    map@5 : 0.2224    map@10 : 0.2445    map@20 : 0.2588    map@30 : 0.2646    map@50 : 0.2698
Sun 15 Mar 2026 21:55:11 INFO  Saving current: saved/SCL-Mar-15-2026_21-53-40.pth
Sun 15 Mar 2026 21:55:11 INFO  Saving current best: saved/SCL-Mar-15-2026_21-53-40.pth
Sun 15 Mar 2026 21:55:11 INFO  Running E-step ! 
Sun 15 Mar 2026 21:55:11 INFO  epoch 160 training [time: 0.23s, train_loss1: 2.1103, train_loss2: 0.0334, train_loss3: 0.0110, train_loss4: 0.0016]
Sun 15 Mar 2026 21:55:11 INFO  epoch 160 evaluating [time: 0.34s, valid_score: 0.334300]
Sun 15 Mar 2026 21:55:11 INFO  valid result: 
recall@1 : 0.1295    recall@2 : 0.1949    recall@3 : 0.2621    recall@4 : 0.3108    recall@5 : 0.3563    recall@10 : 0.4964    recall@20 : 0.6303    recall@30 : 0.7082    recall@50 : 0.8056    ndcg@1 : 0.2205    ndcg@2 : 0.2272    ndcg@3 : 0.2507    ndcg@4 : 0.2681    ndcg@5 : 0.2842    ndcg@10 : 0.3343    ndcg@20 : 0.3744    ndcg@30 : 0.395    ndcg@50 : 0.4176    precision@1 : 0.2205    precision@2 : 0.1722    precision@3 : 0.1565    precision@4 : 0.1432    precision@5 : 0.1308    precision@10 : 0.0958    precision@20 : 0.0635    precision@30 : 0.0487    precision@50 : 0.0339    map@1 : 0.2205    map@2 : 0.2013    map@3 : 0.208    map@4 : 0.2153    map@5 : 0.2224    map@10 : 0.2447    map@20 : 0.2589    map@30 : 0.2648    map@50 : 0.2699
Sun 15 Mar 2026 21:55:11 INFO  Saving current: saved/SCL-Mar-15-2026_21-53-40.pth
Sun 15 Mar 2026 21:55:11 INFO  Saving current best: saved/SCL-Mar-15-2026_21-53-40.pth
Sun 15 Mar 2026 21:55:11 INFO  Running E-step ! 
Sun 15 Mar 2026 21:55:12 INFO  epoch 161 training [time: 0.22s, train_loss1: 2.0626, train_loss2: 0.0333, train_loss3: 0.0110, train_loss4: 0.0017]
Sun 15 Mar 2026 21:55:12 INFO  epoch 161 evaluating [time: 0.31s, valid_score: 0.334500]
Sun 15 Mar 2026 21:55:12 INFO  valid result: 
recall@1 : 0.1295    recall@2 : 0.1968    recall@3 : 0.2624    recall@4 : 0.3106    recall@5 : 0.3564    recall@10 : 0.4962    recall@20 : 0.6312    recall@30 : 0.7067    recall@50 : 0.8049    ndcg@1 : 0.2205    ndcg@2 : 0.2288    ndcg@3 : 0.2511    ndcg@4 : 0.2683    ndcg@5 : 0.2847    ndcg@10 : 0.3345    ndcg@20 : 0.375    ndcg@30 : 0.395    ndcg@50 : 0.4178    precision@1 : 0.2205    precision@2 : 0.1737    precision@3 : 0.1565    precision@4 : 0.143    precision@5 : 0.131    precision@10 : 0.0956    precision@20 : 0.0636    precision@30 : 0.0486    precision@50 : 0.0338    map@1 : 0.2205    map@2 : 0.2026    map@3 : 0.2084    map@4 : 0.2155    map@5 : 0.2228    map@10 : 0.245    map@20 : 0.2593    map@30 : 0.2651    map@50 : 0.2703
Sun 15 Mar 2026 21:55:12 INFO  Saving current: saved/SCL-Mar-15-2026_21-53-40.pth
Sun 15 Mar 2026 21:55:12 INFO  Saving current best: saved/SCL-Mar-15-2026_21-53-40.pth
Sun 15 Mar 2026 21:55:12 INFO  Running E-step ! 
Sun 15 Mar 2026 21:55:12 INFO  epoch 162 training [time: 0.22s, train_loss1: 2.1374, train_loss2: 0.0333, train_loss3: 0.0110, train_loss4: 0.0017]
Sun 15 Mar 2026 21:55:12 INFO  epoch 162 evaluating [time: 0.34s, valid_score: 0.334500]
Sun 15 Mar 2026 21:55:12 INFO  valid result: 
recall@1 : 0.1289    recall@2 : 0.1967    recall@3 : 0.2615    recall@4 : 0.31    recall@5 : 0.3565    recall@10 : 0.4969    recall@20 : 0.6301    recall@30 : 0.706    recall@50 : 0.805    ndcg@1 : 0.2199    ndcg@2 : 0.2289    ndcg@3 : 0.2504    ndcg@4 : 0.268    ndcg@5 : 0.2844    ndcg@10 : 0.3345    ndcg@20 : 0.3745    ndcg@30 : 0.3946    ndcg@50 : 0.4176    precision@1 : 0.2199    precision@2 : 0.1743    precision@3 : 0.1561    precision@4 : 0.1432    precision@5 : 0.131    precision@10 : 0.0958    precision@20 : 0.0636    precision@30 : 0.0486    precision@50 : 0.0339    map@1 : 0.2199    map@2 : 0.2026    map@3 : 0.208    map@4 : 0.2151    map@5 : 0.2225    map@10 : 0.2448    map@20 : 0.2589    map@30 : 0.2648    map@50 : 0.2699
Sun 15 Mar 2026 21:55:12 INFO  Saving current: saved/SCL-Mar-15-2026_21-53-40.pth
Sun 15 Mar 2026 21:55:12 INFO  Saving current best: saved/SCL-Mar-15-2026_21-53-40.pth
Sun 15 Mar 2026 21:55:12 INFO  Running E-step ! 
Sun 15 Mar 2026 21:55:13 INFO  epoch 163 training [time: 0.22s, train_loss1: 2.0745, train_loss2: 0.0332, train_loss3: 0.0110, train_loss4: 0.0017]
Sun 15 Mar 2026 21:55:13 INFO  epoch 163 evaluating [time: 0.31s, valid_score: 0.334500]
Sun 15 Mar 2026 21:55:13 INFO  valid result: 
recall@1 : 0.129    recall@2 : 0.1989    recall@3 : 0.2606    recall@4 : 0.307    recall@5 : 0.3579    recall@10 : 0.4963    recall@20 : 0.6311    recall@30 : 0.7068    recall@50 : 0.805    ndcg@1 : 0.2199    ndcg@2 : 0.2307    ndcg@3 : 0.2505    ndcg@4 : 0.2668    ndcg@5 : 0.2852    ndcg@10 : 0.3345    ndcg@20 : 0.375    ndcg@30 : 0.395    ndcg@50 : 0.4178    precision@1 : 0.2199    precision@2 : 0.1761    precision@3 : 0.1559    precision@4 : 0.1421    precision@5 : 0.1315    precision@10 : 0.0957    precision@20 : 0.0636    precision@30 : 0.0486    precision@50 : 0.0339    map@1 : 0.2199    map@2 : 0.2044    map@3 : 0.2083    map@4 : 0.2148    map@5 : 0.223    map@10 : 0.245    map@20 : 0.2593    map@30 : 0.2651    map@50 : 0.2703
Sun 15 Mar 2026 21:55:13 INFO  Saving current: saved/SCL-Mar-15-2026_21-53-40.pth
Sun 15 Mar 2026 21:55:13 INFO  Saving current best: saved/SCL-Mar-15-2026_21-53-40.pth
Sun 15 Mar 2026 21:55:13 INFO  Running E-step ! 
Sun 15 Mar 2026 21:55:13 INFO  epoch 164 training [time: 0.22s, train_loss1: 2.0501, train_loss2: 0.0332, train_loss3: 0.0110, train_loss4: 0.0017]
Sun 15 Mar 2026 21:55:14 INFO  epoch 164 evaluating [time: 0.32s, valid_score: 0.335000]
Sun 15 Mar 2026 21:55:14 INFO  valid result: 
recall@1 : 0.1295    recall@2 : 0.1986    recall@3 : 0.2612    recall@4 : 0.3063    recall@5 : 0.3589    recall@10 : 0.4968    recall@20 : 0.6304    recall@30 : 0.7058    recall@50 : 0.8039    ndcg@1 : 0.2211    ndcg@2 : 0.2311    ndcg@3 : 0.251    ndcg@4 : 0.2667    ndcg@5 : 0.2859    ndcg@10 : 0.335    ndcg@20 : 0.3752    ndcg@30 : 0.3952    ndcg@50 : 0.418    precision@1 : 0.2211    precision@2 : 0.1764    precision@3 : 0.1561    precision@4 : 0.1418    precision@5 : 0.1318    precision@10 : 0.0957    precision@20 : 0.0636    precision@30 : 0.0486    precision@50 : 0.0339    map@1 : 0.2211    map@2 : 0.2047    map@3 : 0.2087    map@4 : 0.2148    map@5 : 0.2235    map@10 : 0.2454    map@20 : 0.2596    map@30 : 0.2655    map@50 : 0.2706
Sun 15 Mar 2026 21:55:14 INFO  Saving current: saved/SCL-Mar-15-2026_21-53-40.pth
Sun 15 Mar 2026 21:55:14 INFO  Saving current best: saved/SCL-Mar-15-2026_21-53-40.pth
Sun 15 Mar 2026 21:55:14 INFO  Running E-step ! 
Sun 15 Mar 2026 21:55:14 INFO  epoch 165 training [time: 0.25s, train_loss1: 2.0669, train_loss2: 0.0331, train_loss3: 0.0110, train_loss4: 0.0017]
Sun 15 Mar 2026 21:55:14 INFO  epoch 165 evaluating [time: 0.33s, valid_score: 0.335800]
Sun 15 Mar 2026 21:55:14 INFO  valid result: 
recall@1 : 0.1307    recall@2 : 0.1984    recall@3 : 0.2611    recall@4 : 0.306    recall@5 : 0.3596    recall@10 : 0.4979    recall@20 : 0.631    recall@30 : 0.707    recall@50 : 0.803    ndcg@1 : 0.2223    ndcg@2 : 0.2313    ndcg@3 : 0.2514    ndcg@4 : 0.2671    ndcg@5 : 0.2865    ndcg@10 : 0.3358    ndcg@20 : 0.3758    ndcg@30 : 0.396    ndcg@50 : 0.4184    precision@1 : 0.2223    precision@2 : 0.1761    precision@3 : 0.1561    precision@4 : 0.1418    precision@5 : 0.1318    precision@10 : 0.096    precision@20 : 0.0636    precision@30 : 0.0486    precision@50 : 0.0339    map@1 : 0.2223    map@2 : 0.2052    map@3 : 0.2093    map@4 : 0.2153    map@5 : 0.2241    map@10 : 0.2462    map@20 : 0.2603    map@30 : 0.2662    map@50 : 0.2713
Sun 15 Mar 2026 21:55:14 INFO  Saving current: saved/SCL-Mar-15-2026_21-53-40.pth
Sun 15 Mar 2026 21:55:14 INFO  Saving current best: saved/SCL-Mar-15-2026_21-53-40.pth
Sun 15 Mar 2026 21:55:14 INFO  Running E-step ! 
Sun 15 Mar 2026 21:55:14 INFO  epoch 166 training [time: 0.21s, train_loss1: 2.0633, train_loss2: 0.0331, train_loss3: 0.0110, train_loss4: 0.0017]
Sun 15 Mar 2026 21:55:15 INFO  epoch 166 evaluating [time: 0.30s, valid_score: 0.335700]
Sun 15 Mar 2026 21:55:15 INFO  valid result: 
recall@1 : 0.1301    recall@2 : 0.1979    recall@3 : 0.2618    recall@4 : 0.3063    recall@5 : 0.3593    recall@10 : 0.4982    recall@20 : 0.6312    recall@30 : 0.706    recall@50 : 0.8031    ndcg@1 : 0.2217    ndcg@2 : 0.2307    ndcg@3 : 0.2514    ndcg@4 : 0.267    ndcg@5 : 0.2862    ndcg@10 : 0.3357    ndcg@20 : 0.3757    ndcg@30 : 0.3956    ndcg@50 : 0.4182    precision@1 : 0.2217    precision@2 : 0.1758    precision@3 : 0.1563    precision@4 : 0.142    precision@5 : 0.1318    precision@10 : 0.0959    precision@20 : 0.0636    precision@30 : 0.0486    precision@50 : 0.0339    map@1 : 0.2217    map@2 : 0.2046    map@3 : 0.2092    map@4 : 0.2151    map@5 : 0.2239    map@10 : 0.246    map@20 : 0.2601    map@30 : 0.266    map@50 : 0.2711
Sun 15 Mar 2026 21:55:15 INFO  Running E-step ! 
Sun 15 Mar 2026 21:55:15 INFO  epoch 167 training [time: 0.21s, train_loss1: 2.0800, train_loss2: 0.0330, train_loss3: 0.0110, train_loss4: 0.0017]
Sun 15 Mar 2026 21:55:15 INFO  epoch 167 evaluating [time: 0.33s, valid_score: 0.335700]
Sun 15 Mar 2026 21:55:15 INFO  valid result: 
recall@1 : 0.1304    recall@2 : 0.1978    recall@3 : 0.2621    recall@4 : 0.3058    recall@5 : 0.3596    recall@10 : 0.4979    recall@20 : 0.6315    recall@30 : 0.706    recall@50 : 0.8036    ndcg@1 : 0.2217    ndcg@2 : 0.2305    ndcg@3 : 0.2516    ndcg@4 : 0.2668    ndcg@5 : 0.2864    ndcg@10 : 0.3357    ndcg@20 : 0.3759    ndcg@30 : 0.3958    ndcg@50 : 0.4185    precision@1 : 0.2217    precision@2 : 0.1755    precision@3 : 0.1565    precision@4 : 0.1418    precision@5 : 0.1319    precision@10 : 0.0959    precision@20 : 0.0636    precision@30 : 0.0486    precision@50 : 0.0339    map@1 : 0.2217    map@2 : 0.2046    map@3 : 0.2094    map@4 : 0.2152    map@5 : 0.2241    map@10 : 0.2462    map@20 : 0.2604    map@30 : 0.2662    map@50 : 0.2714
Sun 15 Mar 2026 21:55:15 INFO  Running E-step ! 
Sun 15 Mar 2026 21:55:15 INFO  epoch 168 training [time: 0.20s, train_loss1: 2.0906, train_loss2: 0.0329, train_loss3: 0.0110, train_loss4: 0.0017]
Sun 15 Mar 2026 21:55:16 INFO  epoch 168 evaluating [time: 0.33s, valid_score: 0.336300]
Sun 15 Mar 2026 21:55:16 INFO  valid result: 
recall@1 : 0.1304    recall@2 : 0.1986    recall@3 : 0.2625    recall@4 : 0.3068    recall@5 : 0.3604    recall@10 : 0.4988    recall@20 : 0.6311    recall@30 : 0.7062    recall@50 : 0.8034    ndcg@1 : 0.2217    ndcg@2 : 0.2311    ndcg@3 : 0.252    ndcg@4 : 0.2676    ndcg@5 : 0.2869    ndcg@10 : 0.3363    ndcg@20 : 0.3761    ndcg@30 : 0.3962    ndcg@50 : 0.4188    precision@1 : 0.2217    precision@2 : 0.1761    precision@3 : 0.1567    precision@4 : 0.1424    precision@5 : 0.1321    precision@10 : 0.0962    precision@20 : 0.0636    precision@30 : 0.0486    precision@50 : 0.0339    map@1 : 0.2217    map@2 : 0.2052    map@3 : 0.2097    map@4 : 0.2158    map@5 : 0.2245    map@10 : 0.2467    map@20 : 0.2608    map@30 : 0.2666    map@50 : 0.2718
Sun 15 Mar 2026 21:55:16 INFO  Saving current: saved/SCL-Mar-15-2026_21-53-40.pth
Sun 15 Mar 2026 21:55:16 INFO  Saving current best: saved/SCL-Mar-15-2026_21-53-40.pth
Sun 15 Mar 2026 21:55:16 INFO  Running E-step ! 
Sun 15 Mar 2026 21:55:16 INFO  epoch 169 training [time: 0.22s, train_loss1: 2.0460, train_loss2: 0.0329, train_loss3: 0.0110, train_loss4: 0.0017]
Sun 15 Mar 2026 21:55:16 INFO  epoch 169 evaluating [time: 0.30s, valid_score: 0.336600]
Sun 15 Mar 2026 21:55:16 INFO  valid result: 
recall@1 : 0.1308    recall@2 : 0.1998    recall@3 : 0.264    recall@4 : 0.3061    recall@5 : 0.3601    recall@10 : 0.4983    recall@20 : 0.6319    recall@30 : 0.7059    recall@50 : 0.8045    ndcg@1 : 0.2223    ndcg@2 : 0.2323    ndcg@3 : 0.2533    ndcg@4 : 0.2677    ndcg@5 : 0.2873    ndcg@10 : 0.3366    ndcg@20 : 0.3768    ndcg@30 : 0.3966    ndcg@50 : 0.4195    precision@1 : 0.2223    precision@2 : 0.1773    precision@3 : 0.1575    precision@4 : 0.142    precision@5 : 0.1322    precision@10 : 0.0961    precision@20 : 0.0637    precision@30 : 0.0487    precision@50 : 0.0339    map@1 : 0.2223    map@2 : 0.2063    map@3 : 0.2108    map@4 : 0.2163    map@5 : 0.2253    map@10 : 0.2473    map@20 : 0.2614    map@30 : 0.2672    map@50 : 0.2724
Sun 15 Mar 2026 21:55:16 INFO  Saving current: saved/SCL-Mar-15-2026_21-53-40.pth
Sun 15 Mar 2026 21:55:16 INFO  Saving current best: saved/SCL-Mar-15-2026_21-53-40.pth
Sun 15 Mar 2026 21:55:16 INFO  Running E-step ! 
Sun 15 Mar 2026 21:55:17 INFO  epoch 170 training [time: 0.23s, train_loss1: 2.0351, train_loss2: 0.0328, train_loss3: 0.0110, train_loss4: 0.0017]
Sun 15 Mar 2026 21:55:17 INFO  epoch 170 evaluating [time: 0.34s, valid_score: 0.337200]
Sun 15 Mar 2026 21:55:17 INFO  valid result: 
recall@1 : 0.1321    recall@2 : 0.2009    recall@3 : 0.2635    recall@4 : 0.306    recall@5 : 0.3603    recall@10 : 0.4978    recall@20 : 0.6321    recall@30 : 0.706    recall@50 : 0.8039    ndcg@1 : 0.2241    ndcg@2 : 0.2339    ndcg@3 : 0.2536    ndcg@4 : 0.2684    ndcg@5 : 0.2881    ndcg@10 : 0.3372    ndcg@20 : 0.3776    ndcg@30 : 0.3973    ndcg@50 : 0.4201    precision@1 : 0.2241    precision@2 : 0.1785    precision@3 : 0.1571    precision@4 : 0.1423    precision@5 : 0.1323    precision@10 : 0.0961    precision@20 : 0.0637    precision@30 : 0.0487    precision@50 : 0.0339    map@1 : 0.2241    map@2 : 0.2078    map@3 : 0.2112    map@4 : 0.2172    map@5 : 0.2262    map@10 : 0.2481    map@20 : 0.2623    map@30 : 0.2681    map@50 : 0.2733
Sun 15 Mar 2026 21:55:17 INFO  Saving current: saved/SCL-Mar-15-2026_21-53-40.pth
Sun 15 Mar 2026 21:55:17 INFO  Saving current best: saved/SCL-Mar-15-2026_21-53-40.pth
Sun 15 Mar 2026 21:55:17 INFO  Running E-step ! 
Sun 15 Mar 2026 21:55:17 INFO  epoch 171 training [time: 0.23s, train_loss1: 2.0855, train_loss2: 0.0327, train_loss3: 0.0110, train_loss4: 0.0017]
Sun 15 Mar 2026 21:55:18 INFO  epoch 171 evaluating [time: 0.31s, valid_score: 0.336900]
Sun 15 Mar 2026 21:55:18 INFO  valid result: 
recall@1 : 0.1313    recall@2 : 0.2008    recall@3 : 0.2629    recall@4 : 0.3051    recall@5 : 0.3614    recall@10 : 0.4985    recall@20 : 0.6327    recall@30 : 0.7062    recall@50 : 0.8025    ndcg@1 : 0.2223    ndcg@2 : 0.2332    ndcg@3 : 0.2529    ndcg@4 : 0.2675    ndcg@5 : 0.288    ndcg@10 : 0.3369    ndcg@20 : 0.3773    ndcg@30 : 0.3969    ndcg@50 : 0.4194    precision@1 : 0.2223    precision@2 : 0.1782    precision@3 : 0.1571    precision@4 : 0.142    precision@5 : 0.1324    precision@10 : 0.0962    precision@20 : 0.0638    precision@30 : 0.0487    precision@50 : 0.0339    map@1 : 0.2223    map@2 : 0.2071    map@3 : 0.2107    map@4 : 0.2164    map@5 : 0.2259    map@10 : 0.2477    map@20 : 0.2619    map@30 : 0.2677    map@50 : 0.2728
Sun 15 Mar 2026 21:55:18 INFO  Running E-step ! 
Sun 15 Mar 2026 21:55:18 INFO  epoch 172 training [time: 0.29s, train_loss1: 2.0088, train_loss2: 0.0327, train_loss3: 0.0110, train_loss4: 0.0017]
Sun 15 Mar 2026 21:55:18 INFO  epoch 172 evaluating [time: 0.22s, valid_score: 0.336400]
Sun 15 Mar 2026 21:55:18 INFO  valid result: 
recall@1 : 0.131    recall@2 : 0.2009    recall@3 : 0.263    recall@4 : 0.3061    recall@5 : 0.3611    recall@10 : 0.4968    recall@20 : 0.6341    recall@30 : 0.7062    recall@50 : 0.8026    ndcg@1 : 0.2217    ndcg@2 : 0.2335    ndcg@3 : 0.2529    ndcg@4 : 0.268    ndcg@5 : 0.2878    ndcg@10 : 0.3364    ndcg@20 : 0.3776    ndcg@30 : 0.397    ndcg@50 : 0.4195    precision@1 : 0.2217    precision@2 : 0.1788    precision@3 : 0.1571    precision@4 : 0.1424    precision@5 : 0.1323    precision@10 : 0.0961    precision@20 : 0.0639    precision@30 : 0.0487    precision@50 : 0.0339    map@1 : 0.2217    map@2 : 0.2072    map@3 : 0.2107    map@4 : 0.2167    map@5 : 0.2257    map@10 : 0.2475    map@20 : 0.262    map@30 : 0.2677    map@50 : 0.2728
Sun 15 Mar 2026 21:55:18 INFO  Running E-step ! 
Sun 15 Mar 2026 21:55:18 INFO  epoch 173 training [time: 0.22s, train_loss1: 2.0223, train_loss2: 0.0326, train_loss3: 0.0110, train_loss4: 0.0017]
Sun 15 Mar 2026 21:55:19 INFO  epoch 173 evaluating [time: 0.32s, valid_score: 0.336900]
Sun 15 Mar 2026 21:55:19 INFO  valid result: 
recall@1 : 0.1313    recall@2 : 0.2016    recall@3 : 0.2619    recall@4 : 0.3056    recall@5 : 0.361    recall@10 : 0.4981    recall@20 : 0.6344    recall@30 : 0.7061    recall@50 : 0.8022    ndcg@1 : 0.2211    ndcg@2 : 0.2335    ndcg@3 : 0.2524    ndcg@4 : 0.2679    ndcg@5 : 0.2877    ndcg@10 : 0.3369    ndcg@20 : 0.3778    ndcg@30 : 0.397    ndcg@50 : 0.4195    precision@1 : 0.2211    precision@2 : 0.1785    precision@3 : 0.1569    precision@4 : 0.1424    precision@5 : 0.1322    precision@10 : 0.0963    precision@20 : 0.0639    precision@30 : 0.0487    precision@50 : 0.0339    map@1 : 0.2211    map@2 : 0.2071    map@3 : 0.2103    map@4 : 0.2167    map@5 : 0.2258    map@10 : 0.2478    map@20 : 0.2622    map@30 : 0.2679    map@50 : 0.273
Sun 15 Mar 2026 21:55:19 INFO  Running E-step ! 
Sun 15 Mar 2026 21:55:19 INFO  epoch 174 training [time: 0.23s, train_loss1: 2.0498, train_loss2: 0.0326, train_loss3: 0.0110, train_loss4: 0.0017]
Sun 15 Mar 2026 21:55:19 INFO  epoch 174 evaluating [time: 0.33s, valid_score: 0.337300]
Sun 15 Mar 2026 21:55:19 INFO  valid result: 
recall@1 : 0.1316    recall@2 : 0.2029    recall@3 : 0.2617    recall@4 : 0.3064    recall@5 : 0.3598    recall@10 : 0.4982    recall@20 : 0.6355    recall@30 : 0.706    recall@50 : 0.802    ndcg@1 : 0.2211    ndcg@2 : 0.2344    ndcg@3 : 0.2528    ndcg@4 : 0.2684    ndcg@5 : 0.2876    ndcg@10 : 0.3373    ndcg@20 : 0.3784    ndcg@30 : 0.3973    ndcg@50 : 0.4198    precision@1 : 0.2211    precision@2 : 0.1791    precision@3 : 0.1573    precision@4 : 0.1426    precision@5 : 0.1321    precision@10 : 0.0964    precision@20 : 0.064    precision@30 : 0.0486    precision@50 : 0.0339    map@1 : 0.2211    map@2 : 0.2078    map@3 : 0.2108    map@4 : 0.2171    map@5 : 0.2259    map@10 : 0.2483    map@20 : 0.2627    map@30 : 0.2683    map@50 : 0.2735
Sun 15 Mar 2026 21:55:19 INFO  Saving current: saved/SCL-Mar-15-2026_21-53-40.pth
Sun 15 Mar 2026 21:55:19 INFO  Saving current best: saved/SCL-Mar-15-2026_21-53-40.pth
Sun 15 Mar 2026 21:55:19 INFO  Running E-step ! 
Sun 15 Mar 2026 21:55:19 INFO  epoch 175 training [time: 0.24s, train_loss1: 2.0581, train_loss2: 0.0325, train_loss3: 0.0110, train_loss4: 0.0017]
Sun 15 Mar 2026 21:55:20 INFO  epoch 175 evaluating [time: 0.32s, valid_score: 0.337400]
Sun 15 Mar 2026 21:55:20 INFO  valid result: 
recall@1 : 0.1309    recall@2 : 0.2028    recall@3 : 0.2626    recall@4 : 0.3064    recall@5 : 0.3614    recall@10 : 0.4989    recall@20 : 0.6358    recall@30 : 0.706    recall@50 : 0.8021    ndcg@1 : 0.2205    ndcg@2 : 0.2345    ndcg@3 : 0.2533    ndcg@4 : 0.2683    ndcg@5 : 0.2881    ndcg@10 : 0.3374    ndcg@20 : 0.3784    ndcg@30 : 0.3973    ndcg@50 : 0.4198    precision@1 : 0.2205    precision@2 : 0.1797    precision@3 : 0.1581    precision@4 : 0.1426    precision@5 : 0.1323    precision@10 : 0.0964    precision@20 : 0.0641    precision@30 : 0.0486    precision@50 : 0.0339    map@1 : 0.2205    map@2 : 0.208    map@3 : 0.2111    map@4 : 0.2169    map@5 : 0.226    map@10 : 0.2482    map@20 : 0.2626    map@30 : 0.2681    map@50 : 0.2733
Sun 15 Mar 2026 21:55:20 INFO  Saving current: saved/SCL-Mar-15-2026_21-53-40.pth
Sun 15 Mar 2026 21:55:20 INFO  Saving current best: saved/SCL-Mar-15-2026_21-53-40.pth
Sun 15 Mar 2026 21:55:20 INFO  Running E-step ! 
Sun 15 Mar 2026 21:55:20 INFO  epoch 176 training [time: 0.23s, train_loss1: 2.0067, train_loss2: 0.0325, train_loss3: 0.0110, train_loss4: 0.0017]
Sun 15 Mar 2026 21:55:20 INFO  epoch 176 evaluating [time: 0.32s, valid_score: 0.338300]
Sun 15 Mar 2026 21:55:20 INFO  valid result: 
recall@1 : 0.1311    recall@2 : 0.2043    recall@3 : 0.263    recall@4 : 0.3064    recall@5 : 0.3627    recall@10 : 0.5004    recall@20 : 0.6371    recall@30 : 0.7071    recall@50 : 0.8026    ndcg@1 : 0.2211    ndcg@2 : 0.2356    ndcg@3 : 0.2538    ndcg@4 : 0.2686    ndcg@5 : 0.2889    ndcg@10 : 0.3383    ndcg@20 : 0.3793    ndcg@30 : 0.398    ndcg@50 : 0.4203    precision@1 : 0.2211    precision@2 : 0.1806    precision@3 : 0.1583    precision@4 : 0.1427    precision@5 : 0.1327    precision@10 : 0.0967    precision@20 : 0.0643    precision@30 : 0.0487    precision@50 : 0.0339    map@1 : 0.2211    map@2 : 0.209    map@3 : 0.2117    map@4 : 0.2173    map@5 : 0.2268    map@10 : 0.2489    map@20 : 0.2633    map@30 : 0.2688    map@50 : 0.2739
Sun 15 Mar 2026 21:55:20 INFO  Saving current: saved/SCL-Mar-15-2026_21-53-40.pth
Sun 15 Mar 2026 21:55:20 INFO  Saving current best: saved/SCL-Mar-15-2026_21-53-40.pth
Sun 15 Mar 2026 21:55:20 INFO  Running E-step ! 
Sun 15 Mar 2026 21:55:21 INFO  epoch 177 training [time: 0.22s, train_loss1: 1.9865, train_loss2: 0.0324, train_loss3: 0.0110, train_loss4: 0.0017]
Sun 15 Mar 2026 21:55:21 INFO  epoch 177 evaluating [time: 0.31s, valid_score: 0.338600]
Sun 15 Mar 2026 21:55:21 INFO  valid result: 
recall@1 : 0.1319    recall@2 : 0.2041    recall@3 : 0.2642    recall@4 : 0.3061    recall@5 : 0.3636    recall@10 : 0.5003    recall@20 : 0.6366    recall@30 : 0.707    recall@50 : 0.8019    ndcg@1 : 0.2223    ndcg@2 : 0.2359    ndcg@3 : 0.2547    ndcg@4 : 0.2689    ndcg@5 : 0.2897    ndcg@10 : 0.3386    ndcg@20 : 0.3796    ndcg@30 : 0.3984    ndcg@50 : 0.4206    precision@1 : 0.2223    precision@2 : 0.1806    precision@3 : 0.1587    precision@4 : 0.1426    precision@5 : 0.1329    precision@10 : 0.0966    precision@20 : 0.0642    precision@30 : 0.0487    precision@50 : 0.0339    map@1 : 0.2223    map@2 : 0.2096    map@3 : 0.2125    map@4 : 0.2177    map@5 : 0.2275    map@10 : 0.2494    map@20 : 0.2638    map@30 : 0.2693    map@50 : 0.2744
Sun 15 Mar 2026 21:55:21 INFO  Saving current: saved/SCL-Mar-15-2026_21-53-40.pth
Sun 15 Mar 2026 21:55:21 INFO  Saving current best: saved/SCL-Mar-15-2026_21-53-40.pth
Sun 15 Mar 2026 21:55:21 INFO  Running E-step ! 
Sun 15 Mar 2026 21:55:21 INFO  epoch 178 training [time: 0.23s, train_loss1: 1.9983, train_loss2: 0.0323, train_loss3: 0.0110, train_loss4: 0.0017]
Sun 15 Mar 2026 21:55:21 INFO  epoch 178 evaluating [time: 0.34s, valid_score: 0.339300]
Sun 15 Mar 2026 21:55:21 INFO  valid result: 
recall@1 : 0.1325    recall@2 : 0.2037    recall@3 : 0.2638    recall@4 : 0.3076    recall@5 : 0.3644    recall@10 : 0.5014    recall@20 : 0.6367    recall@30 : 0.7071    recall@50 : 0.8022    ndcg@1 : 0.2223    ndcg@2 : 0.2361    ndcg@3 : 0.2545    ndcg@4 : 0.2696    ndcg@5 : 0.2901    ndcg@10 : 0.3393    ndcg@20 : 0.3799    ndcg@30 : 0.3987    ndcg@50 : 0.4209    precision@1 : 0.2223    precision@2 : 0.1809    precision@3 : 0.1583    precision@4 : 0.1429    precision@5 : 0.133    precision@10 : 0.097    precision@20 : 0.0643    precision@30 : 0.0488    precision@50 : 0.0339    map@1 : 0.2223    map@2 : 0.2098    map@3 : 0.2124    map@4 : 0.2183    map@5 : 0.2278    map@10 : 0.2499    map@20 : 0.2642    map@30 : 0.2697    map@50 : 0.2748
Sun 15 Mar 2026 21:55:21 INFO  Saving current: saved/SCL-Mar-15-2026_21-53-40.pth
Sun 15 Mar 2026 21:55:21 INFO  Saving current best: saved/SCL-Mar-15-2026_21-53-40.pth
Sun 15 Mar 2026 21:55:21 INFO  Running E-step ! 
Sun 15 Mar 2026 21:55:22 INFO  epoch 179 training [time: 0.22s, train_loss1: 1.9928, train_loss2: 0.0323, train_loss3: 0.0110, train_loss4: 0.0017]
Sun 15 Mar 2026 21:55:22 INFO  epoch 179 evaluating [time: 0.30s, valid_score: 0.339400]
Sun 15 Mar 2026 21:55:22 INFO  valid result: 
recall@1 : 0.1326    recall@2 : 0.2041    recall@3 : 0.2641    recall@4 : 0.309    recall@5 : 0.3644    recall@10 : 0.5011    recall@20 : 0.6377    recall@30 : 0.7075    recall@50 : 0.8014    ndcg@1 : 0.2217    ndcg@2 : 0.2368    ndcg@3 : 0.2548    ndcg@4 : 0.2703    ndcg@5 : 0.2903    ndcg@10 : 0.3394    ndcg@20 : 0.3803    ndcg@30 : 0.3991    ndcg@50 : 0.421    precision@1 : 0.2217    precision@2 : 0.1818    precision@3 : 0.1585    precision@4 : 0.1432    precision@5 : 0.133    precision@10 : 0.0968    precision@20 : 0.0643    precision@30 : 0.0488    precision@50 : 0.0339    map@1 : 0.2217    map@2 : 0.2102    map@3 : 0.2127    map@4 : 0.2188    map@5 : 0.228    map@10 : 0.2501    map@20 : 0.2645    map@30 : 0.27    map@50 : 0.275
Sun 15 Mar 2026 21:55:22 INFO  Saving current: saved/SCL-Mar-15-2026_21-53-40.pth
Sun 15 Mar 2026 21:55:22 INFO  Saving current best: saved/SCL-Mar-15-2026_21-53-40.pth
Sun 15 Mar 2026 21:55:22 INFO  Running E-step ! 
Sun 15 Mar 2026 21:55:22 INFO  epoch 180 training [time: 0.21s, train_loss1: 1.9787, train_loss2: 0.0322, train_loss3: 0.0110, train_loss4: 0.0017]
Sun 15 Mar 2026 21:55:23 INFO  epoch 180 evaluating [time: 0.32s, valid_score: 0.339700]
Sun 15 Mar 2026 21:55:23 INFO  valid result: 
recall@1 : 0.1326    recall@2 : 0.2038    recall@3 : 0.2644    recall@4 : 0.3117    recall@5 : 0.3656    recall@10 : 0.5016    recall@20 : 0.6388    recall@30 : 0.707    recall@50 : 0.8012    ndcg@1 : 0.2217    ndcg@2 : 0.2363    ndcg@3 : 0.2549    ndcg@4 : 0.2714    ndcg@5 : 0.2907    ndcg@10 : 0.3397    ndcg@20 : 0.3808    ndcg@30 : 0.3991    ndcg@50 : 0.4211    precision@1 : 0.2217    precision@2 : 0.1812    precision@3 : 0.1587    precision@4 : 0.1438    precision@5 : 0.1331    precision@10 : 0.0969    precision@20 : 0.0645    precision@30 : 0.0488    precision@50 : 0.0339    map@1 : 0.2217    map@2 : 0.2096    map@3 : 0.2127    map@4 : 0.2194    map@5 : 0.2282    map@10 : 0.2502    map@20 : 0.2647    map@30 : 0.2701    map@50 : 0.2752
Sun 15 Mar 2026 21:55:23 INFO  Saving current: saved/SCL-Mar-15-2026_21-53-40.pth
Sun 15 Mar 2026 21:55:23 INFO  Saving current best: saved/SCL-Mar-15-2026_21-53-40.pth
Sun 15 Mar 2026 21:55:23 INFO  Running E-step ! 
Sun 15 Mar 2026 21:55:23 INFO  epoch 181 training [time: 0.22s, train_loss1: 2.0038, train_loss2: 0.0322, train_loss3: 0.0110, train_loss4: 0.0017]
Sun 15 Mar 2026 21:55:23 INFO  epoch 181 evaluating [time: 0.33s, valid_score: 0.340100]
Sun 15 Mar 2026 21:55:23 INFO  valid result: 
recall@1 : 0.1323    recall@2 : 0.205    recall@3 : 0.2655    recall@4 : 0.3124    recall@5 : 0.3654    recall@10 : 0.5021    recall@20 : 0.639    recall@30 : 0.7076    recall@50 : 0.8028    ndcg@1 : 0.2217    ndcg@2 : 0.237    ndcg@3 : 0.2554    ndcg@4 : 0.2719    ndcg@5 : 0.2909    ndcg@10 : 0.3401    ndcg@20 : 0.3811    ndcg@30 : 0.3994    ndcg@50 : 0.4217    precision@1 : 0.2217    precision@2 : 0.1818    precision@3 : 0.1589    precision@4 : 0.1441    precision@5 : 0.1333    precision@10 : 0.0971    precision@20 : 0.0645    precision@30 : 0.0488    precision@50 : 0.0339    map@1 : 0.2217    map@2 : 0.2101    map@3 : 0.2131    map@4 : 0.2197    map@5 : 0.2283    map@10 : 0.2505    map@20 : 0.265    map@30 : 0.2703    map@50 : 0.2754
Sun 15 Mar 2026 21:55:23 INFO  Saving current: saved/SCL-Mar-15-2026_21-53-40.pth
Sun 15 Mar 2026 21:55:23 INFO  Saving current best: saved/SCL-Mar-15-2026_21-53-40.pth
Sun 15 Mar 2026 21:55:23 INFO  Running E-step ! 
Sun 15 Mar 2026 21:55:23 INFO  epoch 182 training [time: 0.22s, train_loss1: 1.9681, train_loss2: 0.0321, train_loss3: 0.0110, train_loss4: 0.0017]
Sun 15 Mar 2026 21:55:24 INFO  epoch 182 evaluating [time: 0.34s, valid_score: 0.340000]
Sun 15 Mar 2026 21:55:24 INFO  valid result: 
recall@1 : 0.1332    recall@2 : 0.2035    recall@3 : 0.2662    recall@4 : 0.313    recall@5 : 0.3641    recall@10 : 0.501    recall@20 : 0.6404    recall@30 : 0.7085    recall@50 : 0.8037    ndcg@1 : 0.2223    ndcg@2 : 0.236    ndcg@3 : 0.2559    ndcg@4 : 0.2722    ndcg@5 : 0.2906    ndcg@10 : 0.34    ndcg@20 : 0.3816    ndcg@30 : 0.3999    ndcg@50 : 0.4221    precision@1 : 0.2223    precision@2 : 0.1806    precision@3 : 0.1593    precision@4 : 0.1442    precision@5 : 0.1331    precision@10 : 0.0971    precision@20 : 0.0646    precision@30 : 0.0489    precision@50 : 0.034    map@1 : 0.2223    map@2 : 0.2095    map@3 : 0.2133    map@4 : 0.2202    map@5 : 0.2284    map@10 : 0.2508    map@20 : 0.2654    map@30 : 0.2708    map@50 : 0.2758
Sun 15 Mar 2026 21:55:24 INFO  Running E-step ! 
Sun 15 Mar 2026 21:55:24 INFO  epoch 183 training [time: 0.22s, train_loss1: 1.9718, train_loss2: 0.0321, train_loss3: 0.0110, train_loss4: 0.0016]
Sun 15 Mar 2026 21:55:24 INFO  epoch 183 evaluating [time: 0.33s, valid_score: 0.340700]
Sun 15 Mar 2026 21:55:24 INFO  valid result: 
recall@1 : 0.1332    recall@2 : 0.2035    recall@3 : 0.2659    recall@4 : 0.3155    recall@5 : 0.366    recall@10 : 0.5027    recall@20 : 0.6404    recall@30 : 0.7088    recall@50 : 0.8034    ndcg@1 : 0.2223    ndcg@2 : 0.236    ndcg@3 : 0.2557    ndcg@4 : 0.2733    ndcg@5 : 0.2915    ndcg@10 : 0.3407    ndcg@20 : 0.3819    ndcg@30 : 0.4002    ndcg@50 : 0.4222    precision@1 : 0.2223    precision@2 : 0.1806    precision@3 : 0.1591    precision@4 : 0.145    precision@5 : 0.1337    precision@10 : 0.0973    precision@20 : 0.0646    precision@30 : 0.0489    precision@50 : 0.034    map@1 : 0.2223    map@2 : 0.2095    map@3 : 0.2132    map@4 : 0.2208    map@5 : 0.229    map@10 : 0.2512    map@20 : 0.2656    map@30 : 0.271    map@50 : 0.2761
Sun 15 Mar 2026 21:55:24 INFO  Saving current: saved/SCL-Mar-15-2026_21-53-40.pth
Sun 15 Mar 2026 21:55:24 INFO  Saving current best: saved/SCL-Mar-15-2026_21-53-40.pth
Sun 15 Mar 2026 21:55:24 INFO  Running E-step ! 
Sun 15 Mar 2026 21:55:25 INFO  epoch 184 training [time: 0.22s, train_loss1: 1.9985, train_loss2: 0.0320, train_loss3: 0.0110, train_loss4: 0.0017]
Sun 15 Mar 2026 21:55:25 INFO  epoch 184 evaluating [time: 0.30s, valid_score: 0.340700]
Sun 15 Mar 2026 21:55:25 INFO  valid result: 
recall@1 : 0.1329    recall@2 : 0.2035    recall@3 : 0.2656    recall@4 : 0.3168    recall@5 : 0.3661    recall@10 : 0.5028    recall@20 : 0.6409    recall@30 : 0.709    recall@50 : 0.8023    ndcg@1 : 0.2217    ndcg@2 : 0.2358    ndcg@3 : 0.2554    ndcg@4 : 0.274    ndcg@5 : 0.2914    ndcg@10 : 0.3407    ndcg@20 : 0.382    ndcg@30 : 0.4003    ndcg@50 : 0.4221    precision@1 : 0.2217    precision@2 : 0.1806    precision@3 : 0.1589    precision@4 : 0.1459    precision@5 : 0.1336    precision@10 : 0.0974    precision@20 : 0.0647    precision@30 : 0.0489    precision@50 : 0.034    map@1 : 0.2217    map@2 : 0.2093    map@3 : 0.213    map@4 : 0.2213    map@5 : 0.2289    map@10 : 0.2513    map@20 : 0.2657    map@30 : 0.2711    map@50 : 0.2761
Sun 15 Mar 2026 21:55:25 INFO  Saving current: saved/SCL-Mar-15-2026_21-53-40.pth
Sun 15 Mar 2026 21:55:25 INFO  Saving current best: saved/SCL-Mar-15-2026_21-53-40.pth
Sun 15 Mar 2026 21:55:25 INFO  Running E-step ! 
Sun 15 Mar 2026 21:55:25 INFO  epoch 185 training [time: 0.22s, train_loss1: 1.9729, train_loss2: 0.0319, train_loss3: 0.0110, train_loss4: 0.0017]
Sun 15 Mar 2026 21:55:25 INFO  epoch 185 evaluating [time: 0.29s, valid_score: 0.340800]
Sun 15 Mar 2026 21:55:25 INFO  valid result: 
recall@1 : 0.1329    recall@2 : 0.2038    recall@3 : 0.2673    recall@4 : 0.3162    recall@5 : 0.3674    recall@10 : 0.5024    recall@20 : 0.6407    recall@30 : 0.7091    recall@50 : 0.8035    ndcg@1 : 0.2217    ndcg@2 : 0.2361    ndcg@3 : 0.2563    ndcg@4 : 0.2738    ndcg@5 : 0.2922    ndcg@10 : 0.3408    ndcg@20 : 0.3821    ndcg@30 : 0.4005    ndcg@50 : 0.4225    precision@1 : 0.2217    precision@2 : 0.1809    precision@3 : 0.1597    precision@4 : 0.1456    precision@5 : 0.1341    precision@10 : 0.0972    precision@20 : 0.0647    precision@30 : 0.0489    precision@50 : 0.034    map@1 : 0.2217    map@2 : 0.2095    map@3 : 0.2137    map@4 : 0.2212    map@5 : 0.2294    map@10 : 0.2514    map@20 : 0.266    map@30 : 0.2714    map@50 : 0.2764
Sun 15 Mar 2026 21:55:25 INFO  Saving current: saved/SCL-Mar-15-2026_21-53-40.pth
Sun 15 Mar 2026 21:55:25 INFO  Saving current best: saved/SCL-Mar-15-2026_21-53-40.pth
Sun 15 Mar 2026 21:55:25 INFO  Running E-step ! 
Sun 15 Mar 2026 21:55:26 INFO  epoch 186 training [time: 0.21s, train_loss1: 1.9346, train_loss2: 0.0319, train_loss3: 0.0110, train_loss4: 0.0017]
Sun 15 Mar 2026 21:55:26 INFO  epoch 186 evaluating [time: 0.33s, valid_score: 0.340800]
Sun 15 Mar 2026 21:55:26 INFO  valid result: 
recall@1 : 0.1323    recall@2 : 0.2047    recall@3 : 0.2682    recall@4 : 0.3163    recall@5 : 0.3659    recall@10 : 0.5025    recall@20 : 0.6409    recall@30 : 0.7091    recall@50 : 0.8014    ndcg@1 : 0.2211    ndcg@2 : 0.2364    ndcg@3 : 0.2567    ndcg@4 : 0.2738    ndcg@5 : 0.2915    ndcg@10 : 0.3408    ndcg@20 : 0.3822    ndcg@30 : 0.4005    ndcg@50 : 0.4221    precision@1 : 0.2211    precision@2 : 0.1815    precision@3 : 0.1599    precision@4 : 0.1456    precision@5 : 0.1337    precision@10 : 0.0973    precision@20 : 0.0647    precision@30 : 0.0489    precision@50 : 0.0339    map@1 : 0.2211    map@2 : 0.2096    map@3 : 0.2138    map@4 : 0.2211    map@5 : 0.2291    map@10 : 0.2514    map@20 : 0.266    map@30 : 0.2713    map@50 : 0.2763
Sun 15 Mar 2026 21:55:26 INFO  Saving current: saved/SCL-Mar-15-2026_21-53-40.pth
Sun 15 Mar 2026 21:55:26 INFO  Saving current best: saved/SCL-Mar-15-2026_21-53-40.pth
Sun 15 Mar 2026 21:55:26 INFO  Running E-step ! 
Sun 15 Mar 2026 21:55:26 INFO  epoch 187 training [time: 0.23s, train_loss1: 1.9550, train_loss2: 0.0318, train_loss3: 0.0110, train_loss4: 0.0016]
Sun 15 Mar 2026 21:55:26 INFO  epoch 187 evaluating [time: 0.31s, valid_score: 0.341000]
Sun 15 Mar 2026 21:55:26 INFO  valid result: 
recall@1 : 0.1323    recall@2 : 0.2033    recall@3 : 0.2678    recall@4 : 0.3167    recall@5 : 0.3671    recall@10 : 0.5037    recall@20 : 0.6414    recall@30 : 0.7102    recall@50 : 0.8027    ndcg@1 : 0.2211    ndcg@2 : 0.2355    ndcg@3 : 0.2562    ndcg@4 : 0.2738    ndcg@5 : 0.2917    ndcg@10 : 0.341    ndcg@20 : 0.3823    ndcg@30 : 0.4007    ndcg@50 : 0.4223    precision@1 : 0.2211    precision@2 : 0.1806    precision@3 : 0.1597    precision@4 : 0.1459    precision@5 : 0.1337    precision@10 : 0.0974    precision@20 : 0.0648    precision@30 : 0.049    precision@50 : 0.0339    map@1 : 0.2211    map@2 : 0.2087    map@3 : 0.2132    map@4 : 0.221    map@5 : 0.229    map@10 : 0.2513    map@20 : 0.2658    map@30 : 0.2712    map@50 : 0.2762
Sun 15 Mar 2026 21:55:26 INFO  Saving current: saved/SCL-Mar-15-2026_21-53-40.pth
Sun 15 Mar 2026 21:55:26 INFO  Saving current best: saved/SCL-Mar-15-2026_21-53-40.pth
Sun 15 Mar 2026 21:55:26 INFO  Running E-step ! 
Sun 15 Mar 2026 21:55:27 INFO  epoch 188 training [time: 0.21s, train_loss1: 1.9189, train_loss2: 0.0318, train_loss3: 0.0110, train_loss4: 0.0016]
Sun 15 Mar 2026 21:55:27 INFO  epoch 188 evaluating [time: 0.33s, valid_score: 0.341900]
Sun 15 Mar 2026 21:55:27 INFO  valid result: 
recall@1 : 0.1329    recall@2 : 0.2041    recall@3 : 0.2674    recall@4 : 0.3175    recall@5 : 0.3689    recall@10 : 0.5054    recall@20 : 0.6425    recall@30 : 0.7109    recall@50 : 0.8029    ndcg@1 : 0.2217    ndcg@2 : 0.2363    ndcg@3 : 0.2564    ndcg@4 : 0.2746    ndcg@5 : 0.2929    ndcg@10 : 0.3419    ndcg@20 : 0.3829    ndcg@30 : 0.4014    ndcg@50 : 0.4228    precision@1 : 0.2217    precision@2 : 0.1812    precision@3 : 0.1595    precision@4 : 0.1463    precision@5 : 0.1344    precision@10 : 0.0976    precision@20 : 0.0648    precision@30 : 0.0491    precision@50 : 0.034    map@1 : 0.2217    map@2 : 0.2095    map@3 : 0.2135    map@4 : 0.2217    map@5 : 0.2299    map@10 : 0.252    map@20 : 0.2664    map@30 : 0.2719    map@50 : 0.2768
Sun 15 Mar 2026 21:55:27 INFO  Saving current: saved/SCL-Mar-15-2026_21-53-40.pth
Sun 15 Mar 2026 21:55:27 INFO  Saving current best: saved/SCL-Mar-15-2026_21-53-40.pth
Sun 15 Mar 2026 21:55:27 INFO  Running E-step ! 
Sun 15 Mar 2026 21:55:27 INFO  epoch 189 training [time: 0.23s, train_loss1: 1.9426, train_loss2: 0.0317, train_loss3: 0.0110, train_loss4: 0.0016]
Sun 15 Mar 2026 21:55:28 INFO  epoch 189 evaluating [time: 0.32s, valid_score: 0.342100]
Sun 15 Mar 2026 21:55:28 INFO  valid result: 
recall@1 : 0.1325    recall@2 : 0.2046    recall@3 : 0.2678    recall@4 : 0.3172    recall@5 : 0.3704    recall@10 : 0.5059    recall@20 : 0.6422    recall@30 : 0.711    recall@50 : 0.8026    ndcg@1 : 0.2223    ndcg@2 : 0.2367    ndcg@3 : 0.2567    ndcg@4 : 0.2745    ndcg@5 : 0.2937    ndcg@10 : 0.3421    ndcg@20 : 0.3829    ndcg@30 : 0.4015    ndcg@50 : 0.4229    precision@1 : 0.2223    precision@2 : 0.1815    precision@3 : 0.1599    precision@4 : 0.1462    precision@5 : 0.1352    precision@10 : 0.0977    precision@20 : 0.0648    precision@30 : 0.0491    precision@50 : 0.034    map@1 : 0.2223    map@2 : 0.2098    map@3 : 0.2137    map@4 : 0.2216    map@5 : 0.2304    map@10 : 0.2521    map@20 : 0.2665    map@30 : 0.2719    map@50 : 0.2769
Sun 15 Mar 2026 21:55:28 INFO  Saving current: saved/SCL-Mar-15-2026_21-53-40.pth
Sun 15 Mar 2026 21:55:28 INFO  Saving current best: saved/SCL-Mar-15-2026_21-53-40.pth
Sun 15 Mar 2026 21:55:28 INFO  Running E-step ! 
Sun 15 Mar 2026 21:55:28 INFO  epoch 190 training [time: 0.23s, train_loss1: 1.9195, train_loss2: 0.0317, train_loss3: 0.0110, train_loss4: 0.0016]
Sun 15 Mar 2026 21:55:28 INFO  epoch 190 evaluating [time: 0.33s, valid_score: 0.342500]
Sun 15 Mar 2026 21:55:28 INFO  valid result: 
recall@1 : 0.1328    recall@2 : 0.2049    recall@3 : 0.2677    recall@4 : 0.3175    recall@5 : 0.3713    recall@10 : 0.5061    recall@20 : 0.6424    recall@30 : 0.7118    recall@50 : 0.8032    ndcg@1 : 0.2229    ndcg@2 : 0.2371    ndcg@3 : 0.2569    ndcg@4 : 0.2749    ndcg@5 : 0.2943    ndcg@10 : 0.3425    ndcg@20 : 0.3832    ndcg@30 : 0.4019    ndcg@50 : 0.4232    precision@1 : 0.2229    precision@2 : 0.1818    precision@3 : 0.1599    precision@4 : 0.1466    precision@5 : 0.1355    precision@10 : 0.0979    precision@20 : 0.0648    precision@30 : 0.0491    precision@50 : 0.034    map@1 : 0.2229    map@2 : 0.2101    map@3 : 0.2139    map@4 : 0.2221    map@5 : 0.2309    map@10 : 0.2524    map@20 : 0.2667    map@30 : 0.2723    map@50 : 0.2772
Sun 15 Mar 2026 21:55:28 INFO  Saving current: saved/SCL-Mar-15-2026_21-53-40.pth
Sun 15 Mar 2026 21:55:28 INFO  Saving current best: saved/SCL-Mar-15-2026_21-53-40.pth
Sun 15 Mar 2026 21:55:28 INFO  Running E-step ! 
Sun 15 Mar 2026 21:55:28 INFO  epoch 191 training [time: 0.22s, train_loss1: 1.9577, train_loss2: 0.0316, train_loss3: 0.0110, train_loss4: 0.0016]
Sun 15 Mar 2026 21:55:29 INFO  epoch 191 evaluating [time: 0.32s, valid_score: 0.342600]
Sun 15 Mar 2026 21:55:29 INFO  valid result: 
recall@1 : 0.1328    recall@2 : 0.205    recall@3 : 0.2674    recall@4 : 0.3191    recall@5 : 0.3719    recall@10 : 0.506    recall@20 : 0.6421    recall@30 : 0.7105    recall@50 : 0.8032    ndcg@1 : 0.2229    ndcg@2 : 0.237    ndcg@3 : 0.2569    ndcg@4 : 0.2757    ndcg@5 : 0.2945    ndcg@10 : 0.3426    ndcg@20 : 0.3833    ndcg@30 : 0.4018    ndcg@50 : 0.4234    precision@1 : 0.2229    precision@2 : 0.1815    precision@3 : 0.1601    precision@4 : 0.1472    precision@5 : 0.1355    precision@10 : 0.0979    precision@20 : 0.0648    precision@30 : 0.0491    precision@50 : 0.034    map@1 : 0.2229    map@2 : 0.2101    map@3 : 0.2141    map@4 : 0.2226    map@5 : 0.231    map@10 : 0.2526    map@20 : 0.2669    map@30 : 0.2724    map@50 : 0.2773
Sun 15 Mar 2026 21:55:29 INFO  Saving current: saved/SCL-Mar-15-2026_21-53-40.pth
Sun 15 Mar 2026 21:55:29 INFO  Saving current best: saved/SCL-Mar-15-2026_21-53-40.pth
Sun 15 Mar 2026 21:55:29 INFO  Running E-step ! 
Sun 15 Mar 2026 21:55:29 INFO  epoch 192 training [time: 0.24s, train_loss1: 1.9229, train_loss2: 0.0315, train_loss3: 0.0110, train_loss4: 0.0016]
Sun 15 Mar 2026 21:55:29 INFO  epoch 192 evaluating [time: 0.34s, valid_score: 0.343600]
Sun 15 Mar 2026 21:55:29 INFO  valid result: 
recall@1 : 0.1339    recall@2 : 0.2058    recall@3 : 0.2688    recall@4 : 0.3186    recall@5 : 0.3731    recall@10 : 0.5071    recall@20 : 0.6417    recall@30 : 0.7115    recall@50 : 0.8044    ndcg@1 : 0.2235    ndcg@2 : 0.2382    ndcg@3 : 0.2581    ndcg@4 : 0.2761    ndcg@5 : 0.2956    ndcg@10 : 0.3436    ndcg@20 : 0.3839    ndcg@30 : 0.4027    ndcg@50 : 0.4243    precision@1 : 0.2235    precision@2 : 0.1827    precision@3 : 0.1607    precision@4 : 0.1471    precision@5 : 0.136    precision@10 : 0.0981    precision@20 : 0.0648    precision@30 : 0.0491    precision@50 : 0.0341    map@1 : 0.2235    map@2 : 0.2113    map@3 : 0.2153    map@4 : 0.2234    map@5 : 0.2321    map@10 : 0.2536    map@20 : 0.2677    map@30 : 0.2733    map@50 : 0.2783
Sun 15 Mar 2026 21:55:29 INFO  Saving current: saved/SCL-Mar-15-2026_21-53-40.pth
Sun 15 Mar 2026 21:55:29 INFO  Saving current best: saved/SCL-Mar-15-2026_21-53-40.pth
Sun 15 Mar 2026 21:55:29 INFO  Running E-step ! 
Sun 15 Mar 2026 21:55:30 INFO  epoch 193 training [time: 0.23s, train_loss1: 1.9144, train_loss2: 0.0315, train_loss3: 0.0110, train_loss4: 0.0016]
Sun 15 Mar 2026 21:55:30 INFO  epoch 193 evaluating [time: 0.31s, valid_score: 0.343500]
Sun 15 Mar 2026 21:55:30 INFO  valid result: 
recall@1 : 0.1336    recall@2 : 0.2064    recall@3 : 0.269    recall@4 : 0.3179    recall@5 : 0.3734    recall@10 : 0.5072    recall@20 : 0.6426    recall@30 : 0.711    recall@50 : 0.8041    ndcg@1 : 0.2223    ndcg@2 : 0.2381    ndcg@3 : 0.2582    ndcg@4 : 0.2755    ndcg@5 : 0.2956    ndcg@10 : 0.3435    ndcg@20 : 0.3841    ndcg@30 : 0.4025    ndcg@50 : 0.4243    precision@1 : 0.2223    precision@2 : 0.1827    precision@3 : 0.1611    precision@4 : 0.1465    precision@5 : 0.136    precision@10 : 0.0979    precision@20 : 0.0649    precision@30 : 0.0491    precision@50 : 0.0341    map@1 : 0.2223    map@2 : 0.2111    map@3 : 0.2154    map@4 : 0.2229    map@5 : 0.232    map@10 : 0.2534    map@20 : 0.2678    map@30 : 0.2733    map@50 : 0.2783
Sun 15 Mar 2026 21:55:30 INFO  Running E-step ! 
Sun 15 Mar 2026 21:55:30 INFO  epoch 194 training [time: 0.23s, train_loss1: 1.9351, train_loss2: 0.0314, train_loss3: 0.0110, train_loss4: 0.0016]
Sun 15 Mar 2026 21:55:30 INFO  epoch 194 evaluating [time: 0.34s, valid_score: 0.344200]
Sun 15 Mar 2026 21:55:30 INFO  valid result: 
recall@1 : 0.1335    recall@2 : 0.2078    recall@3 : 0.2687    recall@4 : 0.3187    recall@5 : 0.3737    recall@10 : 0.5086    recall@20 : 0.6443    recall@30 : 0.7117    recall@50 : 0.8043    ndcg@1 : 0.2241    ndcg@2 : 0.2394    ndcg@3 : 0.2584    ndcg@4 : 0.2761    ndcg@5 : 0.296    ndcg@10 : 0.3442    ndcg@20 : 0.3848    ndcg@30 : 0.403    ndcg@50 : 0.4246    precision@1 : 0.2241    precision@2 : 0.1836    precision@3 : 0.1609    precision@4 : 0.1463    precision@5 : 0.1358    precision@10 : 0.0981    precision@20 : 0.065    precision@30 : 0.0492    precision@50 : 0.0341    map@1 : 0.2241    map@2 : 0.212    map@3 : 0.2157    map@4 : 0.2232    map@5 : 0.2322    map@10 : 0.2538    map@20 : 0.2681    map@30 : 0.2735    map@50 : 0.2785
Sun 15 Mar 2026 21:55:30 INFO  Saving current: saved/SCL-Mar-15-2026_21-53-40.pth
Sun 15 Mar 2026 21:55:30 INFO  Saving current best: saved/SCL-Mar-15-2026_21-53-40.pth
Sun 15 Mar 2026 21:55:30 INFO  Running E-step ! 
Sun 15 Mar 2026 21:55:31 INFO  epoch 195 training [time: 0.24s, train_loss1: 1.9041, train_loss2: 0.0314, train_loss3: 0.0110, train_loss4: 0.0015]
Sun 15 Mar 2026 21:55:31 INFO  epoch 195 evaluating [time: 0.34s, valid_score: 0.344800]
Sun 15 Mar 2026 21:55:31 INFO  valid result: 
recall@1 : 0.1341    recall@2 : 0.2069    recall@3 : 0.2707    recall@4 : 0.3205    recall@5 : 0.3738    recall@10 : 0.5097    recall@20 : 0.6432    recall@30 : 0.7123    recall@50 : 0.8052    ndcg@1 : 0.2247    ndcg@2 : 0.2386    ndcg@3 : 0.2594    ndcg@4 : 0.277    ndcg@5 : 0.2963    ndcg@10 : 0.3448    ndcg@20 : 0.3848    ndcg@30 : 0.4034    ndcg@50 : 0.425    precision@1 : 0.2247    precision@2 : 0.1824    precision@3 : 0.1613    precision@4 : 0.1468    precision@5 : 0.136    precision@10 : 0.0983    precision@20 : 0.065    precision@30 : 0.0492    precision@50 : 0.034    map@1 : 0.2247    map@2 : 0.2116    map@3 : 0.2164    map@4 : 0.224    map@5 : 0.2327    map@10 : 0.2543    map@20 : 0.2685    map@30 : 0.274    map@50 : 0.2789
Sun 15 Mar 2026 21:55:31 INFO  Saving current: saved/SCL-Mar-15-2026_21-53-40.pth
Sun 15 Mar 2026 21:55:31 INFO  Saving current best: saved/SCL-Mar-15-2026_21-53-40.pth
Sun 15 Mar 2026 21:55:31 INFO  Running E-step ! 
Sun 15 Mar 2026 21:55:31 INFO  epoch 196 training [time: 0.22s, train_loss1: 1.8736, train_loss2: 0.0313, train_loss3: 0.0110, train_loss4: 0.0015]
Sun 15 Mar 2026 21:55:32 INFO  epoch 196 evaluating [time: 0.33s, valid_score: 0.344400]
Sun 15 Mar 2026 21:55:32 INFO  valid result: 
recall@1 : 0.134    recall@2 : 0.2077    recall@3 : 0.2709    recall@4 : 0.3214    recall@5 : 0.3735    recall@10 : 0.508    recall@20 : 0.6426    recall@30 : 0.7119    recall@50 : 0.805    ndcg@1 : 0.2241    ndcg@2 : 0.239    ndcg@3 : 0.2594    ndcg@4 : 0.2775    ndcg@5 : 0.2963    ndcg@10 : 0.3444    ndcg@20 : 0.3848    ndcg@30 : 0.4036    ndcg@50 : 0.4252    precision@1 : 0.2241    precision@2 : 0.183    precision@3 : 0.1611    precision@4 : 0.1472    precision@5 : 0.136    precision@10 : 0.098    precision@20 : 0.0648    precision@30 : 0.0492    precision@50 : 0.0341    map@1 : 0.2241    map@2 : 0.2119    map@3 : 0.2165    map@4 : 0.2243    map@5 : 0.2328    map@10 : 0.2543    map@20 : 0.2686    map@30 : 0.2742    map@50 : 0.2791
Sun 15 Mar 2026 21:55:32 INFO  Running E-step ! 
Sun 15 Mar 2026 21:55:32 INFO  epoch 197 training [time: 0.22s, train_loss1: 1.8921, train_loss2: 0.0312, train_loss3: 0.0110, train_loss4: 0.0016]
Sun 15 Mar 2026 21:55:32 INFO  epoch 197 evaluating [time: 0.30s, valid_score: 0.343900]
Sun 15 Mar 2026 21:55:32 INFO  valid result: 
recall@1 : 0.1334    recall@2 : 0.2076    recall@3 : 0.2719    recall@4 : 0.3223    recall@5 : 0.3726    recall@10 : 0.5068    recall@20 : 0.6426    recall@30 : 0.7124    recall@50 : 0.8043    ndcg@1 : 0.2235    ndcg@2 : 0.2389    ndcg@3 : 0.2597    ndcg@4 : 0.2778    ndcg@5 : 0.2959    ndcg@10 : 0.3439    ndcg@20 : 0.3847    ndcg@30 : 0.4036    ndcg@50 : 0.425    precision@1 : 0.2235    precision@2 : 0.1833    precision@3 : 0.1615    precision@4 : 0.1475    precision@5 : 0.1358    precision@10 : 0.0979    precision@20 : 0.0648    precision@30 : 0.0493    precision@50 : 0.034    map@1 : 0.2235    map@2 : 0.2116    map@3 : 0.2166    map@4 : 0.2244    map@5 : 0.2324    map@10 : 0.2541    map@20 : 0.2684    map@30 : 0.2741    map@50 : 0.2789
Sun 15 Mar 2026 21:55:32 INFO  Running E-step ! 
Sun 15 Mar 2026 21:55:32 INFO  epoch 198 training [time: 0.22s, train_loss1: 1.8978, train_loss2: 0.0312, train_loss3: 0.0110, train_loss4: 0.0016]
Sun 15 Mar 2026 21:55:33 INFO  epoch 198 evaluating [time: 0.31s, valid_score: 0.344600]
Sun 15 Mar 2026 21:55:33 INFO  valid result: 
recall@1 : 0.134    recall@2 : 0.2097    recall@3 : 0.2727    recall@4 : 0.3228    recall@5 : 0.3721    recall@10 : 0.5063    recall@20 : 0.6438    recall@30 : 0.7123    recall@50 : 0.8053    ndcg@1 : 0.2253    ndcg@2 : 0.241    ndcg@3 : 0.2611    ndcg@4 : 0.2789    ndcg@5 : 0.2965    ndcg@10 : 0.3446    ndcg@20 : 0.3858    ndcg@30 : 0.4043    ndcg@50 : 0.4259    precision@1 : 0.2253    precision@2 : 0.185    precision@3 : 0.1625    precision@4 : 0.1479    precision@5 : 0.1358    precision@10 : 0.0979    precision@20 : 0.065    precision@30 : 0.0493    precision@50 : 0.0341    map@1 : 0.2253    map@2 : 0.2133    map@3 : 0.2178    map@4 : 0.2254    map@5 : 0.2332    map@10 : 0.2549    map@20 : 0.2694    map@30 : 0.2749    map@50 : 0.2799
Sun 15 Mar 2026 21:55:33 INFO  Running E-step ! 
Sun 15 Mar 2026 21:55:33 INFO  epoch 199 training [time: 0.21s, train_loss1: 1.8758, train_loss2: 0.0311, train_loss3: 0.0110, train_loss4: 0.0016]
Sun 15 Mar 2026 21:55:33 INFO  epoch 199 evaluating [time: 0.34s, valid_score: 0.344800]
Sun 15 Mar 2026 21:55:33 INFO  valid result: 
recall@1 : 0.1342    recall@2 : 0.2097    recall@3 : 0.2728    recall@4 : 0.3216    recall@5 : 0.3729    recall@10 : 0.5065    recall@20 : 0.6435    recall@30 : 0.7123    recall@50 : 0.8053    ndcg@1 : 0.2259    ndcg@2 : 0.2411    ndcg@3 : 0.2613    ndcg@4 : 0.2785    ndcg@5 : 0.297    ndcg@10 : 0.3448    ndcg@20 : 0.3858    ndcg@30 : 0.4045    ndcg@50 : 0.4261    precision@1 : 0.2259    precision@2 : 0.185    precision@3 : 0.1625    precision@4 : 0.1476    precision@5 : 0.1362    precision@10 : 0.098    precision@20 : 0.0649    precision@30 : 0.0493    precision@50 : 0.0341    map@1 : 0.2259    map@2 : 0.2135    map@3 : 0.218    map@4 : 0.2253    map@5 : 0.2336    map@10 : 0.2551    map@20 : 0.2695    map@30 : 0.2751    map@50 : 0.2801
Sun 15 Mar 2026 21:55:33 INFO  Saving current: saved/SCL-Mar-15-2026_21-53-40.pth
Sun 15 Mar 2026 21:55:33 INFO  Saving current best: saved/SCL-Mar-15-2026_21-53-40.pth
Sun 15 Mar 2026 21:55:33 INFO  Running E-step ! 
Sun 15 Mar 2026 21:55:34 INFO  epoch 200 training [time: 0.22s, train_loss1: 1.8541, train_loss2: 0.0311, train_loss3: 0.0110, train_loss4: 0.0016]
Sun 15 Mar 2026 21:55:34 INFO  epoch 200 evaluating [time: 0.31s, valid_score: 0.344900]
Sun 15 Mar 2026 21:55:34 INFO  valid result: 
recall@1 : 0.1343    recall@2 : 0.2096    recall@3 : 0.2728    recall@4 : 0.3217    recall@5 : 0.3729    recall@10 : 0.5066    recall@20 : 0.6436    recall@30 : 0.7123    recall@50 : 0.8053    ndcg@1 : 0.2265    ndcg@2 : 0.241    ndcg@3 : 0.2613    ndcg@4 : 0.2787    ndcg@5 : 0.297    ndcg@10 : 0.3449    ndcg@20 : 0.386    ndcg@30 : 0.4046    ndcg@50 : 0.4262    precision@1 : 0.2265    precision@2 : 0.1847    precision@3 : 0.1625    precision@4 : 0.1478    precision@5 : 0.1362    precision@10 : 0.098    precision@20 : 0.065    precision@30 : 0.0493    precision@50 : 0.0341    map@1 : 0.2265    map@2 : 0.2133    map@3 : 0.2179    map@4 : 0.2253    map@5 : 0.2336    map@10 : 0.2551    map@20 : 0.2696    map@30 : 0.2751    map@50 : 0.2801
Sun 15 Mar 2026 21:55:34 INFO  Saving current: saved/SCL-Mar-15-2026_21-53-40.pth
Sun 15 Mar 2026 21:55:34 INFO  Saving current best: saved/SCL-Mar-15-2026_21-53-40.pth
Sun 15 Mar 2026 21:55:34 INFO  Running E-step ! 
Sun 15 Mar 2026 21:55:34 INFO  epoch 201 training [time: 0.22s, train_loss1: 1.8731, train_loss2: 0.0310, train_loss3: 0.0110, train_loss4: 0.0016]
Sun 15 Mar 2026 21:55:34 INFO  epoch 201 evaluating [time: 0.34s, valid_score: 0.345600]
Sun 15 Mar 2026 21:55:34 INFO  valid result: 
recall@1 : 0.1349    recall@2 : 0.2095    recall@3 : 0.2724    recall@4 : 0.3216    recall@5 : 0.3728    recall@10 : 0.5081    recall@20 : 0.645    recall@30 : 0.7126    recall@50 : 0.8051    ndcg@1 : 0.2271    ndcg@2 : 0.241    ndcg@3 : 0.2612    ndcg@4 : 0.2788    ndcg@5 : 0.2972    ndcg@10 : 0.3456    ndcg@20 : 0.3866    ndcg@30 : 0.4049    ndcg@50 : 0.4264    precision@1 : 0.2271    precision@2 : 0.1844    precision@3 : 0.1621    precision@4 : 0.1478    precision@5 : 0.1364    precision@10 : 0.0983    precision@20 : 0.0651    precision@30 : 0.0493    precision@50 : 0.0341    map@1 : 0.2271    map@2 : 0.2135    map@3 : 0.218    map@4 : 0.2255    map@5 : 0.2338    map@10 : 0.2555    map@20 : 0.2699    map@30 : 0.2754    map@50 : 0.2804
Sun 15 Mar 2026 21:55:34 INFO  Saving current: saved/SCL-Mar-15-2026_21-53-40.pth
Sun 15 Mar 2026 21:55:34 INFO  Saving current best: saved/SCL-Mar-15-2026_21-53-40.pth
Sun 15 Mar 2026 21:55:34 INFO  Running E-step ! 
Sun 15 Mar 2026 21:55:35 INFO  epoch 202 training [time: 0.22s, train_loss1: 1.8418, train_loss2: 0.0310, train_loss3: 0.0110, train_loss4: 0.0016]
Sun 15 Mar 2026 21:55:35 INFO  epoch 202 evaluating [time: 0.33s, valid_score: 0.346400]
Sun 15 Mar 2026 21:55:35 INFO  valid result: 
recall@1 : 0.1356    recall@2 : 0.2101    recall@3 : 0.272    recall@4 : 0.3233    recall@5 : 0.3733    recall@10 : 0.5093    recall@20 : 0.645    recall@30 : 0.7127    recall@50 : 0.8053    ndcg@1 : 0.2277    ndcg@2 : 0.2416    ndcg@3 : 0.261    ndcg@4 : 0.28    ndcg@5 : 0.2977    ndcg@10 : 0.3464    ndcg@20 : 0.387    ndcg@30 : 0.4054    ndcg@50 : 0.4269    precision@1 : 0.2277    precision@2 : 0.1847    precision@3 : 0.1615    precision@4 : 0.1487    precision@5 : 0.1364    precision@10 : 0.0985    precision@20 : 0.0651    precision@30 : 0.0493    precision@50 : 0.0341    map@1 : 0.2277    map@2 : 0.2141    map@3 : 0.2179    map@4 : 0.2265    map@5 : 0.2343    map@10 : 0.2562    map@20 : 0.2705    map@30 : 0.276    map@50 : 0.281
Sun 15 Mar 2026 21:55:35 INFO  Saving current: saved/SCL-Mar-15-2026_21-53-40.pth
Sun 15 Mar 2026 21:55:35 INFO  Saving current best: saved/SCL-Mar-15-2026_21-53-40.pth
Sun 15 Mar 2026 21:55:35 INFO  Running E-step ! 
Sun 15 Mar 2026 21:55:35 INFO  epoch 203 training [time: 0.23s, train_loss1: 1.8138, train_loss2: 0.0309, train_loss3: 0.0110, train_loss4: 0.0016]
Sun 15 Mar 2026 21:55:36 INFO  epoch 203 evaluating [time: 0.34s, valid_score: 0.346200]
Sun 15 Mar 2026 21:55:36 INFO  valid result: 
recall@1 : 0.1351    recall@2 : 0.21    recall@3 : 0.2713    recall@4 : 0.325    recall@5 : 0.3724    recall@10 : 0.5092    recall@20 : 0.6456    recall@30 : 0.7137    recall@50 : 0.8053    ndcg@1 : 0.2277    ndcg@2 : 0.2413    ndcg@3 : 0.2607    ndcg@4 : 0.2806    ndcg@5 : 0.2973    ndcg@10 : 0.3462    ndcg@20 : 0.3871    ndcg@30 : 0.4055    ndcg@50 : 0.4268    precision@1 : 0.2277    precision@2 : 0.1844    precision@3 : 0.1615    precision@4 : 0.1494    precision@5 : 0.1364    precision@10 : 0.0985    precision@20 : 0.0652    precision@30 : 0.0494    precision@50 : 0.0341    map@1 : 0.2277    map@2 : 0.2136    map@3 : 0.2175    map@4 : 0.2267    map@5 : 0.234    map@10 : 0.2559    map@20 : 0.2704    map@30 : 0.2759    map@50 : 0.2808
Sun 15 Mar 2026 21:55:36 INFO  Running E-step ! 
Sun 15 Mar 2026 21:55:36 INFO  epoch 204 training [time: 0.22s, train_loss1: 1.8353, train_loss2: 0.0309, train_loss3: 0.0110, train_loss4: 0.0016]
Sun 15 Mar 2026 21:55:36 INFO  epoch 204 evaluating [time: 0.32s, valid_score: 0.346300]
Sun 15 Mar 2026 21:55:36 INFO  valid result: 
recall@1 : 0.1347    recall@2 : 0.2107    recall@3 : 0.2714    recall@4 : 0.3247    recall@5 : 0.373    recall@10 : 0.5097    recall@20 : 0.6461    recall@30 : 0.7143    recall@50 : 0.8054    ndcg@1 : 0.2265    ndcg@2 : 0.2414    ndcg@3 : 0.2607    ndcg@4 : 0.2802    ndcg@5 : 0.2975    ndcg@10 : 0.3463    ndcg@20 : 0.3872    ndcg@30 : 0.4056    ndcg@50 : 0.4268    precision@1 : 0.2265    precision@2 : 0.1847    precision@3 : 0.1619    precision@4 : 0.149    precision@5 : 0.1366    precision@10 : 0.0984    precision@20 : 0.0652    precision@30 : 0.0494    precision@50 : 0.0341    map@1 : 0.2265    map@2 : 0.2138    map@3 : 0.2177    map@4 : 0.2265    map@5 : 0.2341    map@10 : 0.256    map@20 : 0.2705    map@30 : 0.276    map@50 : 0.2809
Sun 15 Mar 2026 21:55:36 INFO  Running E-step ! 
Sun 15 Mar 2026 21:55:36 INFO  epoch 205 training [time: 0.22s, train_loss1: 1.8450, train_loss2: 0.0308, train_loss3: 0.0110, train_loss4: 0.0016]
Sun 15 Mar 2026 21:55:37 INFO  epoch 205 evaluating [time: 0.32s, valid_score: 0.346500]
Sun 15 Mar 2026 21:55:37 INFO  valid result: 
recall@1 : 0.1347    recall@2 : 0.2106    recall@3 : 0.2726    recall@4 : 0.3258    recall@5 : 0.3724    recall@10 : 0.5098    recall@20 : 0.6464    recall@30 : 0.7143    recall@50 : 0.8048    ndcg@1 : 0.2271    ndcg@2 : 0.2415    ndcg@3 : 0.2614    ndcg@4 : 0.2808    ndcg@5 : 0.2975    ndcg@10 : 0.3465    ndcg@20 : 0.3875    ndcg@30 : 0.4058    ndcg@50 : 0.427    precision@1 : 0.2271    precision@2 : 0.1847    precision@3 : 0.1623    precision@4 : 0.1491    precision@5 : 0.1367    precision@10 : 0.0985    precision@20 : 0.0653    precision@30 : 0.0494    precision@50 : 0.0341    map@1 : 0.2271    map@2 : 0.2139    map@3 : 0.2182    map@4 : 0.227    map@5 : 0.2343    map@10 : 0.2562    map@20 : 0.2707    map@30 : 0.2762    map@50 : 0.2811
Sun 15 Mar 2026 21:55:37 INFO  Saving current: saved/SCL-Mar-15-2026_21-53-40.pth
Sun 15 Mar 2026 21:55:37 INFO  Saving current best: saved/SCL-Mar-15-2026_21-53-40.pth
Sun 15 Mar 2026 21:55:37 INFO  Running E-step ! 
Sun 15 Mar 2026 21:55:37 INFO  epoch 206 training [time: 0.20s, train_loss1: 1.8460, train_loss2: 0.0307, train_loss3: 0.0110, train_loss4: 0.0015]
Sun 15 Mar 2026 21:55:37 INFO  epoch 206 evaluating [time: 0.34s, valid_score: 0.347100]
Sun 15 Mar 2026 21:55:37 INFO  valid result: 
recall@1 : 0.1361    recall@2 : 0.2103    recall@3 : 0.2742    recall@4 : 0.3265    recall@5 : 0.372    recall@10 : 0.5098    recall@20 : 0.6469    recall@30 : 0.7152    recall@50 : 0.8052    ndcg@1 : 0.2282    ndcg@2 : 0.2417    ndcg@3 : 0.2626    ndcg@4 : 0.2815    ndcg@5 : 0.298    ndcg@10 : 0.3471    ndcg@20 : 0.3883    ndcg@30 : 0.4066    ndcg@50 : 0.4277    precision@1 : 0.2282    precision@2 : 0.1844    precision@3 : 0.1629    precision@4 : 0.1491    precision@5 : 0.1368    precision@10 : 0.0985    precision@20 : 0.0653    precision@30 : 0.0494    precision@50 : 0.0341    map@1 : 0.2282    map@2 : 0.2144    map@3 : 0.2193    map@4 : 0.2277    map@5 : 0.235    map@10 : 0.257    map@20 : 0.2716    map@30 : 0.2771    map@50 : 0.2819
Sun 15 Mar 2026 21:55:37 INFO  Saving current: saved/SCL-Mar-15-2026_21-53-40.pth
Sun 15 Mar 2026 21:55:37 INFO  Saving current best: saved/SCL-Mar-15-2026_21-53-40.pth
Sun 15 Mar 2026 21:55:37 INFO  Running E-step ! 
Sun 15 Mar 2026 21:55:37 INFO  epoch 207 training [time: 0.23s, train_loss1: 1.8469, train_loss2: 0.0307, train_loss3: 0.0110, train_loss4: 0.0015]
Sun 15 Mar 2026 21:55:38 INFO  epoch 207 evaluating [time: 0.30s, valid_score: 0.347500]
Sun 15 Mar 2026 21:55:38 INFO  valid result: 
recall@1 : 0.136    recall@2 : 0.2111    recall@3 : 0.275    recall@4 : 0.3255    recall@5 : 0.3731    recall@10 : 0.5102    recall@20 : 0.6473    recall@30 : 0.7152    recall@50 : 0.8053    ndcg@1 : 0.2288    ndcg@2 : 0.2426    ndcg@3 : 0.2634    ndcg@4 : 0.2814    ndcg@5 : 0.2987    ndcg@10 : 0.3475    ndcg@20 : 0.3887    ndcg@30 : 0.4069    ndcg@50 : 0.428    precision@1 : 0.2288    precision@2 : 0.1853    precision@3 : 0.1637    precision@4 : 0.149    precision@5 : 0.1372    precision@10 : 0.0985    precision@20 : 0.0654    precision@30 : 0.0495    precision@50 : 0.0341    map@1 : 0.2288    map@2 : 0.2153    map@3 : 0.2203    map@4 : 0.2278    map@5 : 0.2356    map@10 : 0.2574    map@20 : 0.2719    map@30 : 0.2774    map@50 : 0.2823
Sun 15 Mar 2026 21:55:38 INFO  Saving current: saved/SCL-Mar-15-2026_21-53-40.pth
Sun 15 Mar 2026 21:55:38 INFO  Saving current best: saved/SCL-Mar-15-2026_21-53-40.pth
Sun 15 Mar 2026 21:55:38 INFO  Running E-step ! 
Sun 15 Mar 2026 21:55:38 INFO  epoch 208 training [time: 0.28s, train_loss1: 1.8412, train_loss2: 0.0306, train_loss3: 0.0110, train_loss4: 0.0015]
Sun 15 Mar 2026 21:55:38 INFO  epoch 208 evaluating [time: 0.30s, valid_score: 0.346800]
Sun 15 Mar 2026 21:55:38 INFO  valid result: 
recall@1 : 0.1357    recall@2 : 0.2109    recall@3 : 0.2741    recall@4 : 0.3256    recall@5 : 0.3744    recall@10 : 0.5091    recall@20 : 0.6477    recall@30 : 0.7147    recall@50 : 0.8056    ndcg@1 : 0.2271    ndcg@2 : 0.2418    ndcg@3 : 0.2624    ndcg@4 : 0.281    ndcg@5 : 0.2989    ndcg@10 : 0.3468    ndcg@20 : 0.3885    ndcg@30 : 0.4065    ndcg@50 : 0.4277    precision@1 : 0.2271    precision@2 : 0.1847    precision@3 : 0.1631    precision@4 : 0.149    precision@5 : 0.1377    precision@10 : 0.0984    precision@20 : 0.0655    precision@30 : 0.0494    precision@50 : 0.0341    map@1 : 0.2271    map@2 : 0.2142    map@3 : 0.2192    map@4 : 0.2274    map@5 : 0.2355    map@10 : 0.2569    map@20 : 0.2716    map@30 : 0.277    map@50 : 0.2819
Sun 15 Mar 2026 21:55:38 INFO  Running E-step ! 
Sun 15 Mar 2026 21:55:39 INFO  epoch 209 training [time: 0.22s, train_loss1: 1.8612, train_loss2: 0.0305, train_loss3: 0.0110, train_loss4: 0.0015]
Sun 15 Mar 2026 21:55:39 INFO  epoch 209 evaluating [time: 0.32s, valid_score: 0.346700]
Sun 15 Mar 2026 21:55:39 INFO  valid result: 
recall@1 : 0.1353    recall@2 : 0.2111    recall@3 : 0.2731    recall@4 : 0.3235    recall@5 : 0.3755    recall@10 : 0.5094    recall@20 : 0.6478    recall@30 : 0.7148    recall@50 : 0.8066    ndcg@1 : 0.2277    ndcg@2 : 0.2418    ndcg@3 : 0.2619    ndcg@4 : 0.28    ndcg@5 : 0.2991    ndcg@10 : 0.3467    ndcg@20 : 0.3883    ndcg@30 : 0.4063    ndcg@50 : 0.4277    precision@1 : 0.2277    precision@2 : 0.1847    precision@3 : 0.1627    precision@4 : 0.1484    precision@5 : 0.1377    precision@10 : 0.0984    precision@20 : 0.0654    precision@30 : 0.0494    precision@50 : 0.0342    map@1 : 0.2277    map@2 : 0.2145    map@3 : 0.2188    map@4 : 0.2268    map@5 : 0.2355    map@10 : 0.2567    map@20 : 0.2714    map@30 : 0.2768    map@50 : 0.2818
Sun 15 Mar 2026 21:55:39 INFO  Running E-step ! 
Sun 15 Mar 2026 21:55:39 INFO  epoch 210 training [time: 0.23s, train_loss1: 1.8312, train_loss2: 0.0305, train_loss3: 0.0110, train_loss4: 0.0015]
Sun 15 Mar 2026 21:55:40 INFO  epoch 210 evaluating [time: 0.33s, valid_score: 0.346900]
Sun 15 Mar 2026 21:55:40 INFO  valid result: 
recall@1 : 0.1351    recall@2 : 0.2118    recall@3 : 0.2732    recall@4 : 0.3235    recall@5 : 0.3737    recall@10 : 0.5104    recall@20 : 0.6478    recall@30 : 0.7155    recall@50 : 0.8066    ndcg@1 : 0.2277    ndcg@2 : 0.2422    ndcg@3 : 0.2621    ndcg@4 : 0.2798    ndcg@5 : 0.2984    ndcg@10 : 0.3469    ndcg@20 : 0.3882    ndcg@30 : 0.4064    ndcg@50 : 0.4277    precision@1 : 0.2277    precision@2 : 0.185    precision@3 : 0.1629    precision@4 : 0.1479    precision@5 : 0.1372    precision@10 : 0.0985    precision@20 : 0.0654    precision@30 : 0.0494    precision@50 : 0.0342    map@1 : 0.2277    map@2 : 0.2148    map@3 : 0.219    map@4 : 0.2268    map@5 : 0.2351    map@10 : 0.2568    map@20 : 0.2714    map@30 : 0.2768    map@50 : 0.2817
Sun 15 Mar 2026 21:55:40 INFO  Running E-step ! 
Sun 15 Mar 2026 21:55:40 INFO  epoch 211 training [time: 0.21s, train_loss1: 1.7951, train_loss2: 0.0304, train_loss3: 0.0110, train_loss4: 0.0015]
Sun 15 Mar 2026 21:55:40 INFO  epoch 211 evaluating [time: 0.31s, valid_score: 0.346900]
Sun 15 Mar 2026 21:55:40 INFO  valid result: 
recall@1 : 0.1344    recall@2 : 0.2117    recall@3 : 0.2732    recall@4 : 0.326    recall@5 : 0.3733    recall@10 : 0.5108    recall@20 : 0.6477    recall@30 : 0.7153    recall@50 : 0.8073    ndcg@1 : 0.2265    ndcg@2 : 0.2419    ndcg@3 : 0.2618    ndcg@4 : 0.2807    ndcg@5 : 0.2979    ndcg@10 : 0.3469    ndcg@20 : 0.3881    ndcg@30 : 0.4062    ndcg@50 : 0.4277    precision@1 : 0.2265    precision@2 : 0.1853    precision@3 : 0.1629    precision@4 : 0.1487    precision@5 : 0.1369    precision@10 : 0.0986    precision@20 : 0.0655    precision@30 : 0.0494    precision@50 : 0.0342    map@1 : 0.2265    map@2 : 0.2145    map@3 : 0.2186    map@4 : 0.2271    map@5 : 0.2348    map@10 : 0.2566    map@20 : 0.2712    map@30 : 0.2766    map@50 : 0.2815
Sun 15 Mar 2026 21:55:40 INFO  Running E-step ! 
Sun 15 Mar 2026 21:55:40 INFO  epoch 212 training [time: 0.23s, train_loss1: 1.7994, train_loss2: 0.0303, train_loss3: 0.0110, train_loss4: 0.0015]
Sun 15 Mar 2026 21:55:41 INFO  epoch 212 evaluating [time: 0.34s, valid_score: 0.347700]
Sun 15 Mar 2026 21:55:41 INFO  valid result: 
recall@1 : 0.1353    recall@2 : 0.2124    recall@3 : 0.2736    recall@4 : 0.3267    recall@5 : 0.3733    recall@10 : 0.5121    recall@20 : 0.6478    recall@30 : 0.7148    recall@50 : 0.8075    ndcg@1 : 0.2271    ndcg@2 : 0.2428    ndcg@3 : 0.2625    ndcg@4 : 0.2814    ndcg@5 : 0.2984    ndcg@10 : 0.3477    ndcg@20 : 0.3886    ndcg@30 : 0.4065    ndcg@50 : 0.4282    precision@1 : 0.2271    precision@2 : 0.1859    precision@3 : 0.1633    precision@4 : 0.1488    precision@5 : 0.1369    precision@10 : 0.0988    precision@20 : 0.0655    precision@30 : 0.0493    precision@50 : 0.0342    map@1 : 0.2271    map@2 : 0.2154    map@3 : 0.2194    map@4 : 0.2278    map@5 : 0.2354    map@10 : 0.2574    map@20 : 0.2718    map@30 : 0.2772    map@50 : 0.2822
Sun 15 Mar 2026 21:55:41 INFO  Saving current: saved/SCL-Mar-15-2026_21-53-40.pth
Sun 15 Mar 2026 21:55:41 INFO  Saving current best: saved/SCL-Mar-15-2026_21-53-40.pth
Sun 15 Mar 2026 21:55:41 INFO  Running E-step ! 
Sun 15 Mar 2026 21:55:41 INFO  epoch 213 training [time: 0.19s, train_loss1: 1.8396, train_loss2: 0.0303, train_loss3: 0.0110, train_loss4: 0.0015]
Sun 15 Mar 2026 21:55:41 INFO  epoch 213 evaluating [time: 0.14s, valid_score: 0.347300]
Sun 15 Mar 2026 21:55:41 INFO  valid result: 
recall@1 : 0.1348    recall@2 : 0.213    recall@3 : 0.2729    recall@4 : 0.3265    recall@5 : 0.3727    recall@10 : 0.5111    recall@20 : 0.6489    recall@30 : 0.7141    recall@50 : 0.8076    ndcg@1 : 0.2271    ndcg@2 : 0.2429    ndcg@3 : 0.2622    ndcg@4 : 0.2812    ndcg@5 : 0.298    ndcg@10 : 0.3473    ndcg@20 : 0.3887    ndcg@30 : 0.4063    ndcg@50 : 0.4281    precision@1 : 0.2271    precision@2 : 0.1859    precision@3 : 0.1633    precision@4 : 0.1487    precision@5 : 0.1367    precision@10 : 0.0986    precision@20 : 0.0655    precision@30 : 0.0493    precision@50 : 0.0342    map@1 : 0.2271    map@2 : 0.2153    map@3 : 0.2193    map@4 : 0.2275    map@5 : 0.2351    map@10 : 0.2571    map@20 : 0.2717    map@30 : 0.277    map@50 : 0.2821
Sun 15 Mar 2026 21:55:41 INFO  Running E-step ! 
Sun 15 Mar 2026 21:55:41 INFO  epoch 214 training [time: 0.21s, train_loss1: 1.8083, train_loss2: 0.0302, train_loss3: 0.0110, train_loss4: 0.0015]
Sun 15 Mar 2026 21:55:41 INFO  epoch 214 evaluating [time: 0.29s, valid_score: 0.347600]
Sun 15 Mar 2026 21:55:41 INFO  valid result: 
recall@1 : 0.135    recall@2 : 0.2129    recall@3 : 0.2741    recall@4 : 0.3284    recall@5 : 0.372    recall@10 : 0.5112    recall@20 : 0.6482    recall@30 : 0.714    recall@50 : 0.808    ndcg@1 : 0.2271    ndcg@2 : 0.2432    ndcg@3 : 0.2629    ndcg@4 : 0.2822    ndcg@5 : 0.2979    ndcg@10 : 0.3476    ndcg@20 : 0.3888    ndcg@30 : 0.4065    ndcg@50 : 0.4284    precision@1 : 0.2271    precision@2 : 0.1865    precision@3 : 0.1637    precision@4 : 0.1493    precision@5 : 0.1365    precision@10 : 0.0987    precision@20 : 0.0655    precision@30 : 0.0494    precision@50 : 0.0342    map@1 : 0.2271    map@2 : 0.2156    map@3 : 0.2198    map@4 : 0.2283    map@5 : 0.2352    map@10 : 0.2574    map@20 : 0.272    map@30 : 0.2773    map@50 : 0.2823
Sun 15 Mar 2026 21:55:41 INFO  Running E-step ! 
Sun 15 Mar 2026 21:55:42 INFO  epoch 215 training [time: 0.20s, train_loss1: 1.7820, train_loss2: 0.0302, train_loss3: 0.0110, train_loss4: 0.0015]
Sun 15 Mar 2026 21:55:42 INFO  epoch 215 evaluating [time: 0.32s, valid_score: 0.347700]
Sun 15 Mar 2026 21:55:42 INFO  valid result: 
recall@1 : 0.1352    recall@2 : 0.2121    recall@3 : 0.274    recall@4 : 0.3278    recall@5 : 0.3718    recall@10 : 0.5117    recall@20 : 0.649    recall@30 : 0.7142    recall@50 : 0.808    ndcg@1 : 0.2282    ndcg@2 : 0.2429    ndcg@3 : 0.2629    ndcg@4 : 0.2819    ndcg@5 : 0.2979    ndcg@10 : 0.3477    ndcg@20 : 0.389    ndcg@30 : 0.4066    ndcg@50 : 0.4284    precision@1 : 0.2282    precision@2 : 0.1859    precision@3 : 0.1635    precision@4 : 0.149    precision@5 : 0.1366    precision@10 : 0.0987    precision@20 : 0.0655    precision@30 : 0.0494    precision@50 : 0.0342    map@1 : 0.2282    map@2 : 0.2154    map@3 : 0.22    map@4 : 0.2281    map@5 : 0.2352    map@10 : 0.2575    map@20 : 0.272    map@30 : 0.2774    map@50 : 0.2824
Sun 15 Mar 2026 21:55:42 INFO  Saving current: saved/SCL-Mar-15-2026_21-53-40.pth
Sun 15 Mar 2026 21:55:42 INFO  Saving current best: saved/SCL-Mar-15-2026_21-53-40.pth
Sun 15 Mar 2026 21:55:42 INFO  Running E-step ! 
Sun 15 Mar 2026 21:55:42 INFO  epoch 216 training [time: 0.20s, train_loss1: 1.7770, train_loss2: 0.0301, train_loss3: 0.0110, train_loss4: 0.0015]
Sun 15 Mar 2026 21:55:43 INFO  epoch 216 evaluating [time: 0.33s, valid_score: 0.347300]
Sun 15 Mar 2026 21:55:43 INFO  valid result: 
recall@1 : 0.1337    recall@2 : 0.213    recall@3 : 0.2744    recall@4 : 0.3292    recall@5 : 0.3713    recall@10 : 0.5118    recall@20 : 0.6501    recall@30 : 0.7165    recall@50 : 0.808    ndcg@1 : 0.2253    ndcg@2 : 0.2426    ndcg@3 : 0.2625    ndcg@4 : 0.2819    ndcg@5 : 0.2972    ndcg@10 : 0.3473    ndcg@20 : 0.3888    ndcg@30 : 0.4067    ndcg@50 : 0.4281    precision@1 : 0.2253    precision@2 : 0.1865    precision@3 : 0.1637    precision@4 : 0.1491    precision@5 : 0.1365    precision@10 : 0.0987    precision@20 : 0.0656    precision@30 : 0.0495    precision@50 : 0.0342    map@1 : 0.2253    map@2 : 0.2145    map@3 : 0.2194    map@4 : 0.2277    map@5 : 0.2345    map@10 : 0.257    map@20 : 0.2716    map@30 : 0.277    map@50 : 0.2819
Sun 15 Mar 2026 21:55:43 INFO  Running E-step ! 
Sun 15 Mar 2026 21:55:43 INFO  epoch 217 training [time: 0.22s, train_loss1: 1.7571, train_loss2: 0.0301, train_loss3: 0.0110, train_loss4: 0.0015]
Sun 15 Mar 2026 21:55:43 INFO  epoch 217 evaluating [time: 0.32s, valid_score: 0.347500]
Sun 15 Mar 2026 21:55:43 INFO  valid result: 
recall@1 : 0.1339    recall@2 : 0.213    recall@3 : 0.2744    recall@4 : 0.3297    recall@5 : 0.3721    recall@10 : 0.5118    recall@20 : 0.6516    recall@30 : 0.7164    recall@50 : 0.8078    ndcg@1 : 0.2265    ndcg@2 : 0.2427    ndcg@3 : 0.2626    ndcg@4 : 0.2824    ndcg@5 : 0.2977    ndcg@10 : 0.3475    ndcg@20 : 0.3894    ndcg@30 : 0.4069    ndcg@50 : 0.4282    precision@1 : 0.2265    precision@2 : 0.1862    precision@3 : 0.1635    precision@4 : 0.1494    precision@5 : 0.1366    precision@10 : 0.0987    precision@20 : 0.0656    precision@30 : 0.0494    precision@50 : 0.0342    map@1 : 0.2265    map@2 : 0.2145    map@3 : 0.2194    map@4 : 0.228    map@5 : 0.2347    map@10 : 0.2571    map@20 : 0.2718    map@30 : 0.2771    map@50 : 0.2821
Sun 15 Mar 2026 21:55:43 INFO  Running E-step ! 
Sun 15 Mar 2026 21:55:43 INFO  epoch 218 training [time: 0.22s, train_loss1: 1.8142, train_loss2: 0.0300, train_loss3: 0.0110, train_loss4: 0.0015]
Sun 15 Mar 2026 21:55:44 INFO  epoch 218 evaluating [time: 0.31s, valid_score: 0.348100]
Sun 15 Mar 2026 21:55:44 INFO  valid result: 
recall@1 : 0.1349    recall@2 : 0.2135    recall@3 : 0.2743    recall@4 : 0.3289    recall@5 : 0.3717    recall@10 : 0.5123    recall@20 : 0.6521    recall@30 : 0.7161    recall@50 : 0.8079    ndcg@1 : 0.2282    ndcg@2 : 0.2431    ndcg@3 : 0.263    ndcg@4 : 0.2825    ndcg@5 : 0.298    ndcg@10 : 0.3481    ndcg@20 : 0.3899    ndcg@30 : 0.4073    ndcg@50 : 0.4287    precision@1 : 0.2282    precision@2 : 0.1859    precision@3 : 0.1635    precision@4 : 0.1494    precision@5 : 0.1365    precision@10 : 0.0988    precision@20 : 0.0656    precision@30 : 0.0495    precision@50 : 0.0342    map@1 : 0.2282    map@2 : 0.215    map@3 : 0.2199    map@4 : 0.2284    map@5 : 0.2351    map@10 : 0.2577    map@20 : 0.2724    map@30 : 0.2777    map@50 : 0.2826
Sun 15 Mar 2026 21:55:44 INFO  Saving current: saved/SCL-Mar-15-2026_21-53-40.pth
Sun 15 Mar 2026 21:55:44 INFO  Saving current best: saved/SCL-Mar-15-2026_21-53-40.pth
Sun 15 Mar 2026 21:55:44 INFO  Running E-step ! 
Sun 15 Mar 2026 21:55:44 INFO  epoch 219 training [time: 0.22s, train_loss1: 1.7702, train_loss2: 0.0299, train_loss3: 0.0110, train_loss4: 0.0015]
Sun 15 Mar 2026 21:55:44 INFO  epoch 219 evaluating [time: 0.31s, valid_score: 0.348200]
Sun 15 Mar 2026 21:55:44 INFO  valid result: 
recall@1 : 0.1355    recall@2 : 0.2128    recall@3 : 0.275    recall@4 : 0.3278    recall@5 : 0.3717    recall@10 : 0.5126    recall@20 : 0.6521    recall@30 : 0.7163    recall@50 : 0.8083    ndcg@1 : 0.2294    ndcg@2 : 0.243    ndcg@3 : 0.2635    ndcg@4 : 0.2822    ndcg@5 : 0.2981    ndcg@10 : 0.3482    ndcg@20 : 0.3902    ndcg@30 : 0.4075    ndcg@50 : 0.429    precision@1 : 0.2294    precision@2 : 0.1856    precision@3 : 0.1637    precision@4 : 0.1488    precision@5 : 0.1365    precision@10 : 0.0987    precision@20 : 0.0658    precision@30 : 0.0495    precision@50 : 0.0342    map@1 : 0.2294    map@2 : 0.2148    map@3 : 0.2202    map@4 : 0.2283    map@5 : 0.2353    map@10 : 0.2578    map@20 : 0.2726    map@30 : 0.2779    map@50 : 0.2828
Sun 15 Mar 2026 21:55:44 INFO  Saving current: saved/SCL-Mar-15-2026_21-53-40.pth
Sun 15 Mar 2026 21:55:44 INFO  Saving current best: saved/SCL-Mar-15-2026_21-53-40.pth
Sun 15 Mar 2026 21:55:44 INFO  Running E-step ! 
Sun 15 Mar 2026 21:55:44 INFO  epoch 220 training [time: 0.22s, train_loss1: 1.7760, train_loss2: 0.0299, train_loss3: 0.0110, train_loss4: 0.0015]
Sun 15 Mar 2026 21:55:45 INFO  epoch 220 evaluating [time: 0.32s, valid_score: 0.347600]
Sun 15 Mar 2026 21:55:45 INFO  valid result: 
recall@1 : 0.1348    recall@2 : 0.2127    recall@3 : 0.2755    recall@4 : 0.3262    recall@5 : 0.3719    recall@10 : 0.5119    recall@20 : 0.6522    recall@30 : 0.7162    recall@50 : 0.8079    ndcg@1 : 0.2282    ndcg@2 : 0.2424    ndcg@3 : 0.2631    ndcg@4 : 0.281    ndcg@5 : 0.2978    ndcg@10 : 0.3476    ndcg@20 : 0.3898    ndcg@30 : 0.4071    ndcg@50 : 0.4284    precision@1 : 0.2282    precision@2 : 0.185    precision@3 : 0.1633    precision@4 : 0.1479    precision@5 : 0.1365    precision@10 : 0.0986    precision@20 : 0.0658    precision@30 : 0.0495    precision@50 : 0.0342    map@1 : 0.2282    map@2 : 0.2142    map@3 : 0.2198    map@4 : 0.2273    map@5 : 0.2347    map@10 : 0.2572    map@20 : 0.2721    map@30 : 0.2773    map@50 : 0.2822
Sun 15 Mar 2026 21:55:45 INFO  Running E-step ! 
Sun 15 Mar 2026 21:55:45 INFO  epoch 221 training [time: 0.24s, train_loss1: 1.7928, train_loss2: 0.0298, train_loss3: 0.0110, train_loss4: 0.0015]
Sun 15 Mar 2026 21:55:45 INFO  epoch 221 evaluating [time: 0.32s, valid_score: 0.347700]
Sun 15 Mar 2026 21:55:45 INFO  valid result: 
recall@1 : 0.1345    recall@2 : 0.2129    recall@3 : 0.2765    recall@4 : 0.327    recall@5 : 0.3716    recall@10 : 0.5121    recall@20 : 0.652    recall@30 : 0.7156    recall@50 : 0.8089    ndcg@1 : 0.2277    ndcg@2 : 0.2422    ndcg@3 : 0.2635    ndcg@4 : 0.2813    ndcg@5 : 0.2975    ndcg@10 : 0.3477    ndcg@20 : 0.3898    ndcg@30 : 0.407    ndcg@50 : 0.4287    precision@1 : 0.2277    precision@2 : 0.1847    precision@3 : 0.1635    precision@4 : 0.1482    precision@5 : 0.1362    precision@10 : 0.0987    precision@20 : 0.0658    precision@30 : 0.0494    precision@50 : 0.0342    map@1 : 0.2277    map@2 : 0.2142    map@3 : 0.2201    map@4 : 0.2275    map@5 : 0.2347    map@10 : 0.2573    map@20 : 0.2722    map@30 : 0.2774    map@50 : 0.2824
Sun 15 Mar 2026 21:55:45 INFO  Running E-step ! 
Sun 15 Mar 2026 21:55:46 INFO  epoch 222 training [time: 0.21s, train_loss1: 1.7556, train_loss2: 0.0298, train_loss3: 0.0110, train_loss4: 0.0015]
Sun 15 Mar 2026 21:55:46 INFO  epoch 222 evaluating [time: 0.32s, valid_score: 0.348200]
Sun 15 Mar 2026 21:55:46 INFO  valid result: 
recall@1 : 0.1351    recall@2 : 0.2126    recall@3 : 0.2762    recall@4 : 0.3286    recall@5 : 0.3727    recall@10 : 0.513    recall@20 : 0.6529    recall@30 : 0.7161    recall@50 : 0.8082    ndcg@1 : 0.2282    ndcg@2 : 0.2421    ndcg@3 : 0.2635    ndcg@4 : 0.2822    ndcg@5 : 0.2981    ndcg@10 : 0.3482    ndcg@20 : 0.3904    ndcg@30 : 0.4074    ndcg@50 : 0.4288    precision@1 : 0.2282    precision@2 : 0.1844    precision@3 : 0.1635    precision@4 : 0.1488    precision@5 : 0.1364    precision@10 : 0.0989    precision@20 : 0.0659    precision@30 : 0.0495    precision@50 : 0.0342    map@1 : 0.2282    map@2 : 0.2142    map@3 : 0.2203    map@4 : 0.2282    map@5 : 0.2352    map@10 : 0.2577    map@20 : 0.2726    map@30 : 0.2777    map@50 : 0.2826
Sun 15 Mar 2026 21:55:46 INFO  Saving current: saved/SCL-Mar-15-2026_21-53-40.pth
Sun 15 Mar 2026 21:55:46 INFO  Saving current best: saved/SCL-Mar-15-2026_21-53-40.pth
Sun 15 Mar 2026 21:55:46 INFO  Running E-step ! 
Sun 15 Mar 2026 21:55:46 INFO  epoch 223 training [time: 0.26s, train_loss1: 1.7677, train_loss2: 0.0297, train_loss3: 0.0110, train_loss4: 0.0015]
Sun 15 Mar 2026 21:55:46 INFO  epoch 223 evaluating [time: 0.32s, valid_score: 0.347800]
Sun 15 Mar 2026 21:55:46 INFO  valid result: 
recall@1 : 0.1339    recall@2 : 0.2136    recall@3 : 0.2777    recall@4 : 0.3289    recall@5 : 0.3734    recall@10 : 0.5127    recall@20 : 0.6536    recall@30 : 0.7156    recall@50 : 0.8074    ndcg@1 : 0.2253    ndcg@2 : 0.2418    ndcg@3 : 0.2636    ndcg@4 : 0.2819    ndcg@5 : 0.298    ndcg@10 : 0.3478    ndcg@20 : 0.3902    ndcg@30 : 0.4069    ndcg@50 : 0.4283    precision@1 : 0.2253    precision@2 : 0.1847    precision@3 : 0.1637    precision@4 : 0.1488    precision@5 : 0.1365    precision@10 : 0.0989    precision@20 : 0.066    precision@30 : 0.0495    precision@50 : 0.0342    map@1 : 0.2253    map@2 : 0.2135    map@3 : 0.2201    map@4 : 0.2278    map@5 : 0.235    map@10 : 0.2574    map@20 : 0.2723    map@30 : 0.2774    map@50 : 0.2823
Sun 15 Mar 2026 21:55:46 INFO  Running E-step ! 
Sun 15 Mar 2026 21:55:47 INFO  epoch 224 training [time: 0.23s, train_loss1: 1.7343, train_loss2: 0.0296, train_loss3: 0.0110, train_loss4: 0.0015]
Sun 15 Mar 2026 21:55:47 INFO  epoch 224 evaluating [time: 0.32s, valid_score: 0.347700]
Sun 15 Mar 2026 21:55:47 INFO  valid result: 
recall@1 : 0.1333    recall@2 : 0.2145    recall@3 : 0.2791    recall@4 : 0.3304    recall@5 : 0.3739    recall@10 : 0.5123    recall@20 : 0.6537    recall@30 : 0.7165    recall@50 : 0.8071    ndcg@1 : 0.2229    ndcg@2 : 0.2417    ndcg@3 : 0.264    ndcg@4 : 0.2823    ndcg@5 : 0.2982    ndcg@10 : 0.3477    ndcg@20 : 0.3903    ndcg@30 : 0.4072    ndcg@50 : 0.4284    precision@1 : 0.2229    precision@2 : 0.185    precision@3 : 0.1645    precision@4 : 0.149    precision@5 : 0.1366    precision@10 : 0.0989    precision@20 : 0.066    precision@30 : 0.0495    precision@50 : 0.0342    map@1 : 0.2229    map@2 : 0.2132    map@3 : 0.2203    map@4 : 0.228    map@5 : 0.2351    map@10 : 0.2575    map@20 : 0.2725    map@30 : 0.2776    map@50 : 0.2825
Sun 15 Mar 2026 21:55:47 INFO  Running E-step ! 
Sun 15 Mar 2026 21:55:47 INFO  epoch 225 training [time: 0.22s, train_loss1: 1.7382, train_loss2: 0.0296, train_loss3: 0.0110, train_loss4: 0.0015]
Sun 15 Mar 2026 21:55:48 INFO  epoch 225 evaluating [time: 0.30s, valid_score: 0.348100]
Sun 15 Mar 2026 21:55:48 INFO  valid result: 
recall@1 : 0.1324    recall@2 : 0.2146    recall@3 : 0.2791    recall@4 : 0.3324    recall@5 : 0.3744    recall@10 : 0.5139    recall@20 : 0.6538    recall@30 : 0.7168    recall@50 : 0.8069    ndcg@1 : 0.2229    ndcg@2 : 0.2417    ndcg@3 : 0.2637    ndcg@4 : 0.2829    ndcg@5 : 0.2981    ndcg@10 : 0.3481    ndcg@20 : 0.3902    ndcg@30 : 0.4072    ndcg@50 : 0.4282    precision@1 : 0.2229    precision@2 : 0.1853    precision@3 : 0.1643    precision@4 : 0.1496    precision@5 : 0.1366    precision@10 : 0.0991    precision@20 : 0.0661    precision@30 : 0.0496    precision@50 : 0.0342    map@1 : 0.2229    map@2 : 0.2131    map@3 : 0.2199    map@4 : 0.2281    map@5 : 0.2349    map@10 : 0.2574    map@20 : 0.2723    map@30 : 0.2775    map@50 : 0.2823
Sun 15 Mar 2026 21:55:48 INFO  Running E-step ! 
Sun 15 Mar 2026 21:55:48 INFO  epoch 226 training [time: 0.21s, train_loss1: 1.7253, train_loss2: 0.0295, train_loss3: 0.0110, train_loss4: 0.0015]
Sun 15 Mar 2026 21:55:48 INFO  epoch 226 evaluating [time: 0.30s, valid_score: 0.348500]
Sun 15 Mar 2026 21:55:48 INFO  valid result: 
recall@1 : 0.1331    recall@2 : 0.2146    recall@3 : 0.281    recall@4 : 0.3323    recall@5 : 0.3745    recall@10 : 0.5137    recall@20 : 0.6538    recall@30 : 0.7172    recall@50 : 0.807    ndcg@1 : 0.2241    ndcg@2 : 0.2421    ndcg@3 : 0.265    ndcg@4 : 0.2833    ndcg@5 : 0.2987    ndcg@10 : 0.3485    ndcg@20 : 0.3907    ndcg@30 : 0.4077    ndcg@50 : 0.4287    precision@1 : 0.2241    precision@2 : 0.1853    precision@3 : 0.1651    precision@4 : 0.1494    precision@5 : 0.1367    precision@10 : 0.0992    precision@20 : 0.0661    precision@30 : 0.0496    precision@50 : 0.0342    map@1 : 0.2241    map@2 : 0.2135    map@3 : 0.221    map@4 : 0.2285    map@5 : 0.2355    map@10 : 0.2579    map@20 : 0.2728    map@30 : 0.278    map@50 : 0.2828
Sun 15 Mar 2026 21:55:48 INFO  Saving current: saved/SCL-Mar-15-2026_21-53-40.pth
Sun 15 Mar 2026 21:55:48 INFO  Saving current best: saved/SCL-Mar-15-2026_21-53-40.pth
Sun 15 Mar 2026 21:55:48 INFO  Running E-step ! 
Sun 15 Mar 2026 21:55:48 INFO  epoch 227 training [time: 0.21s, train_loss1: 1.7675, train_loss2: 0.0294, train_loss3: 0.0110, train_loss4: 0.0015]
Sun 15 Mar 2026 21:55:49 INFO  epoch 227 evaluating [time: 0.31s, valid_score: 0.349200]
Sun 15 Mar 2026 21:55:49 INFO  valid result: 
recall@1 : 0.1337    recall@2 : 0.2149    recall@3 : 0.2819    recall@4 : 0.3333    recall@5 : 0.374    recall@10 : 0.5146    recall@20 : 0.6551    recall@30 : 0.7173    recall@50 : 0.8071    ndcg@1 : 0.2247    ndcg@2 : 0.2425    ndcg@3 : 0.2658    ndcg@4 : 0.2841    ndcg@5 : 0.2988    ndcg@10 : 0.3492    ndcg@20 : 0.3914    ndcg@30 : 0.4081    ndcg@50 : 0.4292    precision@1 : 0.2247    precision@2 : 0.1856    precision@3 : 0.1655    precision@4 : 0.1499    precision@5 : 0.1366    precision@10 : 0.0993    precision@20 : 0.0661    precision@30 : 0.0495    precision@50 : 0.0342    map@1 : 0.2247    map@2 : 0.2139    map@3 : 0.2216    map@4 : 0.2292    map@5 : 0.2358    map@10 : 0.2585    map@20 : 0.2734    map@30 : 0.2785    map@50 : 0.2833
Sun 15 Mar 2026 21:55:49 INFO  Saving current: saved/SCL-Mar-15-2026_21-53-40.pth
Sun 15 Mar 2026 21:55:49 INFO  Saving current best: saved/SCL-Mar-15-2026_21-53-40.pth
Sun 15 Mar 2026 21:55:49 INFO  Running E-step ! 
Sun 15 Mar 2026 21:55:49 INFO  epoch 228 training [time: 0.23s, train_loss1: 1.7325, train_loss2: 0.0294, train_loss3: 0.0110, train_loss4: 0.0015]
Sun 15 Mar 2026 21:55:49 INFO  epoch 228 evaluating [time: 0.34s, valid_score: 0.349200]
Sun 15 Mar 2026 21:55:49 INFO  valid result: 
recall@1 : 0.1341    recall@2 : 0.2143    recall@3 : 0.2813    recall@4 : 0.3338    recall@5 : 0.3729    recall@10 : 0.5145    recall@20 : 0.655    recall@30 : 0.7173    recall@50 : 0.8069    ndcg@1 : 0.2253    ndcg@2 : 0.2423    ndcg@3 : 0.2656    ndcg@4 : 0.2845    ndcg@5 : 0.2984    ndcg@10 : 0.3492    ndcg@20 : 0.3914    ndcg@30 : 0.4082    ndcg@50 : 0.4292    precision@1 : 0.2253    precision@2 : 0.185    precision@3 : 0.1653    precision@4 : 0.1502    precision@5 : 0.1361    precision@10 : 0.0993    precision@20 : 0.0661    precision@30 : 0.0495    precision@50 : 0.0342    map@1 : 0.2253    map@2 : 0.2139    map@3 : 0.2216    map@4 : 0.2295    map@5 : 0.2357    map@10 : 0.2585    map@20 : 0.2734    map@30 : 0.2786    map@50 : 0.2834
Sun 15 Mar 2026 21:55:49 INFO  Saving current: saved/SCL-Mar-15-2026_21-53-40.pth
Sun 15 Mar 2026 21:55:49 INFO  Saving current best: saved/SCL-Mar-15-2026_21-53-40.pth
Sun 15 Mar 2026 21:55:49 INFO  Running E-step ! 
Sun 15 Mar 2026 21:55:49 INFO  epoch 229 training [time: 0.21s, train_loss1: 1.7290, train_loss2: 0.0293, train_loss3: 0.0110, train_loss4: 0.0015]
Sun 15 Mar 2026 21:55:50 INFO  epoch 229 evaluating [time: 0.32s, valid_score: 0.350200]
Sun 15 Mar 2026 21:55:50 INFO  valid result: 
recall@1 : 0.1347    recall@2 : 0.2136    recall@3 : 0.2841    recall@4 : 0.3342    recall@5 : 0.3737    recall@10 : 0.5165    recall@20 : 0.6546    recall@30 : 0.7178    recall@50 : 0.8068    ndcg@1 : 0.2265    ndcg@2 : 0.242    ndcg@3 : 0.2673    ndcg@4 : 0.2851    ndcg@5 : 0.2992    ndcg@10 : 0.3502    ndcg@20 : 0.3917    ndcg@30 : 0.4087    ndcg@50 : 0.4296    precision@1 : 0.2265    precision@2 : 0.1844    precision@3 : 0.1663    precision@4 : 0.1503    precision@5 : 0.1365    precision@10 : 0.0996    precision@20 : 0.0661    precision@30 : 0.0496    precision@50 : 0.0342    map@1 : 0.2265    map@2 : 0.2138    map@3 : 0.2229    map@4 : 0.2301    map@5 : 0.2363    map@10 : 0.2592    map@20 : 0.2739    map@30 : 0.2791    map@50 : 0.2839
Sun 15 Mar 2026 21:55:50 INFO  Saving current: saved/SCL-Mar-15-2026_21-53-40.pth
Sun 15 Mar 2026 21:55:50 INFO  Saving current best: saved/SCL-Mar-15-2026_21-53-40.pth
Sun 15 Mar 2026 21:55:50 INFO  Running E-step ! 
Sun 15 Mar 2026 21:55:50 INFO  epoch 230 training [time: 0.22s, train_loss1: 1.7181, train_loss2: 0.0292, train_loss3: 0.0110, train_loss4: 0.0015]
Sun 15 Mar 2026 21:55:50 INFO  epoch 230 evaluating [time: 0.31s, valid_score: 0.349000]
Sun 15 Mar 2026 21:55:50 INFO  valid result: 
recall@1 : 0.1324    recall@2 : 0.2131    recall@3 : 0.2837    recall@4 : 0.3337    recall@5 : 0.3736    recall@10 : 0.516    recall@20 : 0.6536    recall@30 : 0.7177    recall@50 : 0.8067    ndcg@1 : 0.2241    ndcg@2 : 0.2405    ndcg@3 : 0.2661    ndcg@4 : 0.2839    ndcg@5 : 0.298    ndcg@10 : 0.349    ndcg@20 : 0.3904    ndcg@30 : 0.4076    ndcg@50 : 0.4285    precision@1 : 0.2241    precision@2 : 0.1836    precision@3 : 0.1661    precision@4 : 0.1503    precision@5 : 0.1362    precision@10 : 0.0996    precision@20 : 0.0659    precision@30 : 0.0495    precision@50 : 0.0342    map@1 : 0.2241    map@2 : 0.2122    map@3 : 0.2214    map@4 : 0.2287    map@5 : 0.2349    map@10 : 0.2577    map@20 : 0.2724    map@30 : 0.2777    map@50 : 0.2825
Sun 15 Mar 2026 21:55:50 INFO  Running E-step ! 
Sun 15 Mar 2026 21:55:51 INFO  epoch 231 training [time: 0.22s, train_loss1: 1.7247, train_loss2: 0.0292, train_loss3: 0.0110, train_loss4: 0.0015]
Sun 15 Mar 2026 21:55:51 INFO  epoch 231 evaluating [time: 0.34s, valid_score: 0.349600]
Sun 15 Mar 2026 21:55:51 INFO  valid result: 
recall@1 : 0.1329    recall@2 : 0.2144    recall@3 : 0.2837    recall@4 : 0.3338    recall@5 : 0.3755    recall@10 : 0.5168    recall@20 : 0.6533    recall@30 : 0.7168    recall@50 : 0.8058    ndcg@1 : 0.2241    ndcg@2 : 0.2412    ndcg@3 : 0.2666    ndcg@4 : 0.2842    ndcg@5 : 0.299    ndcg@10 : 0.3496    ndcg@20 : 0.3907    ndcg@30 : 0.4078    ndcg@50 : 0.4287    precision@1 : 0.2241    precision@2 : 0.1838    precision@3 : 0.1665    precision@4 : 0.1503    precision@5 : 0.1366    precision@10 : 0.0997    precision@20 : 0.0659    precision@30 : 0.0495    precision@50 : 0.0341    map@1 : 0.2241    map@2 : 0.2131    map@3 : 0.2221    map@4 : 0.2293    map@5 : 0.2358    map@10 : 0.2584    map@20 : 0.2729    map@30 : 0.2782    map@50 : 0.2831
Sun 15 Mar 2026 21:55:51 INFO  Running E-step ! 
Sun 15 Mar 2026 21:55:51 INFO  epoch 232 training [time: 0.22s, train_loss1: 1.6974, train_loss2: 0.0291, train_loss3: 0.0110, train_loss4: 0.0015]
Sun 15 Mar 2026 21:55:51 INFO  epoch 232 evaluating [time: 0.33s, valid_score: 0.349200]
Sun 15 Mar 2026 21:55:51 INFO  valid result: 
recall@1 : 0.1319    recall@2 : 0.2152    recall@3 : 0.2826    recall@4 : 0.3331    recall@5 : 0.3753    recall@10 : 0.5168    recall@20 : 0.6536    recall@30 : 0.7168    recall@50 : 0.8061    ndcg@1 : 0.2229    ndcg@2 : 0.2408    ndcg@3 : 0.2655    ndcg@4 : 0.2834    ndcg@5 : 0.2985    ndcg@10 : 0.3492    ndcg@20 : 0.3904    ndcg@30 : 0.4074    ndcg@50 : 0.4284    precision@1 : 0.2229    precision@2 : 0.1836    precision@3 : 0.1657    precision@4 : 0.15    precision@5 : 0.1365    precision@10 : 0.0997    precision@20 : 0.066    precision@30 : 0.0495    precision@50 : 0.0342    map@1 : 0.2229    map@2 : 0.2123    map@3 : 0.221    map@4 : 0.2286    map@5 : 0.2351    map@10 : 0.2578    map@20 : 0.2725    map@30 : 0.2777    map@50 : 0.2826
Sun 15 Mar 2026 21:55:51 INFO  Running E-step ! 
Sun 15 Mar 2026 21:55:52 INFO  epoch 233 training [time: 0.23s, train_loss1: 1.7087, train_loss2: 0.0291, train_loss3: 0.0110, train_loss4: 0.0015]
Sun 15 Mar 2026 21:55:52 INFO  epoch 233 evaluating [time: 0.31s, valid_score: 0.349400]
Sun 15 Mar 2026 21:55:52 INFO  valid result: 
recall@1 : 0.1321    recall@2 : 0.2146    recall@3 : 0.2822    recall@4 : 0.3336    recall@5 : 0.3748    recall@10 : 0.5172    recall@20 : 0.6535    recall@30 : 0.7168    recall@50 : 0.8061    ndcg@1 : 0.2235    ndcg@2 : 0.2406    ndcg@3 : 0.2652    ndcg@4 : 0.2837    ndcg@5 : 0.2984    ndcg@10 : 0.3494    ndcg@20 : 0.3904    ndcg@30 : 0.4075    ndcg@50 : 0.4284    precision@1 : 0.2235    precision@2 : 0.1836    precision@3 : 0.1653    precision@4 : 0.1503    precision@5 : 0.1365    precision@10 : 0.0997    precision@20 : 0.066    precision@30 : 0.0495    precision@50 : 0.0341    map@1 : 0.2235    map@2 : 0.2123    map@3 : 0.2208    map@4 : 0.2286    map@5 : 0.235    map@10 : 0.2579    map@20 : 0.2725    map@30 : 0.2777    map@50 : 0.2826
Sun 15 Mar 2026 21:55:52 INFO  Running E-step ! 
Sun 15 Mar 2026 21:55:52 INFO  epoch 234 training [time: 0.22s, train_loss1: 1.6966, train_loss2: 0.0290, train_loss3: 0.0110, train_loss4: 0.0015]
Sun 15 Mar 2026 21:55:53 INFO  epoch 234 evaluating [time: 0.32s, valid_score: 0.349600]
Sun 15 Mar 2026 21:55:53 INFO  valid result: 
recall@1 : 0.1327    recall@2 : 0.2147    recall@3 : 0.281    recall@4 : 0.3325    recall@5 : 0.3747    recall@10 : 0.5178    recall@20 : 0.6532    recall@30 : 0.717    recall@50 : 0.806    ndcg@1 : 0.2241    ndcg@2 : 0.2411    ndcg@3 : 0.2649    ndcg@4 : 0.2833    ndcg@5 : 0.2984    ndcg@10 : 0.3496    ndcg@20 : 0.3904    ndcg@30 : 0.4077    ndcg@50 : 0.4286    precision@1 : 0.2241    precision@2 : 0.1838    precision@3 : 0.1649    precision@4 : 0.1499    precision@5 : 0.1365    precision@10 : 0.0997    precision@20 : 0.0659    precision@30 : 0.0495    precision@50 : 0.0341    map@1 : 0.2241    map@2 : 0.2129    map@3 : 0.2208    map@4 : 0.2284    map@5 : 0.2352    map@10 : 0.2581    map@20 : 0.2726    map@30 : 0.2779    map@50 : 0.2828
Sun 15 Mar 2026 21:55:53 INFO  Running E-step ! 
Sun 15 Mar 2026 21:55:53 INFO  epoch 235 training [time: 0.23s, train_loss1: 1.7065, train_loss2: 0.0290, train_loss3: 0.0110, train_loss4: 0.0015]
Sun 15 Mar 2026 21:55:53 INFO  epoch 235 evaluating [time: 0.32s, valid_score: 0.350000]
Sun 15 Mar 2026 21:55:53 INFO  valid result: 
recall@1 : 0.1328    recall@2 : 0.2159    recall@3 : 0.2815    recall@4 : 0.3312    recall@5 : 0.3758    recall@10 : 0.5184    recall@20 : 0.654    recall@30 : 0.7174    recall@50 : 0.8069    ndcg@1 : 0.2241    ndcg@2 : 0.2419    ndcg@3 : 0.2652    ndcg@4 : 0.2829    ndcg@5 : 0.299    ndcg@10 : 0.35    ndcg@20 : 0.3909    ndcg@30 : 0.4081    ndcg@50 : 0.429    precision@1 : 0.2241    precision@2 : 0.1847    precision@3 : 0.1649    precision@4 : 0.1494    precision@5 : 0.1367    precision@10 : 0.0998    precision@20 : 0.0659    precision@30 : 0.0496    precision@50 : 0.0342    map@1 : 0.2241    map@2 : 0.2135    map@3 : 0.2211    map@4 : 0.2283    map@5 : 0.2356    map@10 : 0.2584    map@20 : 0.273    map@30 : 0.2783    map@50 : 0.2832
Sun 15 Mar 2026 21:55:53 INFO  Running E-step ! 
Sun 15 Mar 2026 21:55:53 INFO  epoch 236 training [time: 0.23s, train_loss1: 1.7121, train_loss2: 0.0289, train_loss3: 0.0110, train_loss4: 0.0015]
Sun 15 Mar 2026 21:55:54 INFO  epoch 236 evaluating [time: 0.30s, valid_score: 0.350300]
Sun 15 Mar 2026 21:55:54 INFO  valid result: 
recall@1 : 0.1323    recall@2 : 0.2174    recall@3 : 0.282    recall@4 : 0.331    recall@5 : 0.3768    recall@10 : 0.5191    recall@20 : 0.6537    recall@30 : 0.7173    recall@50 : 0.8068    ndcg@1 : 0.2223    ndcg@2 : 0.2427    ndcg@3 : 0.2655    ndcg@4 : 0.2828    ndcg@5 : 0.2995    ndcg@10 : 0.3503    ndcg@20 : 0.3909    ndcg@30 : 0.4082    ndcg@50 : 0.4291    precision@1 : 0.2223    precision@2 : 0.1859    precision@3 : 0.1653    precision@4 : 0.1493    precision@5 : 0.1372    precision@10 : 0.0998    precision@20 : 0.0659    precision@30 : 0.0496    precision@50 : 0.0342    map@1 : 0.2223    map@2 : 0.2141    map@3 : 0.2213    map@4 : 0.2283    map@5 : 0.236    map@10 : 0.2587    map@20 : 0.2732    map@30 : 0.2785    map@50 : 0.2834
Sun 15 Mar 2026 21:55:54 INFO  Saving current: saved/SCL-Mar-15-2026_21-53-40.pth
Sun 15 Mar 2026 21:55:54 INFO  Saving current best: saved/SCL-Mar-15-2026_21-53-40.pth
Sun 15 Mar 2026 21:55:54 INFO  Running E-step ! 
Sun 15 Mar 2026 21:55:54 INFO  epoch 237 training [time: 0.23s, train_loss1: 1.6653, train_loss2: 0.0288, train_loss3: 0.0110, train_loss4: 0.0015]
Sun 15 Mar 2026 21:55:54 INFO  epoch 237 evaluating [time: 0.31s, valid_score: 0.350200]
Sun 15 Mar 2026 21:55:54 INFO  valid result: 
recall@1 : 0.1317    recall@2 : 0.2168    recall@3 : 0.2818    recall@4 : 0.3313    recall@5 : 0.3758    recall@10 : 0.5196    recall@20 : 0.654    recall@30 : 0.7181    recall@50 : 0.806    ndcg@1 : 0.2217    ndcg@2 : 0.2421    ndcg@3 : 0.2651    ndcg@4 : 0.2827    ndcg@5 : 0.2988    ndcg@10 : 0.3502    ndcg@20 : 0.3907    ndcg@30 : 0.4081    ndcg@50 : 0.4286    precision@1 : 0.2217    precision@2 : 0.1856    precision@3 : 0.1653    precision@4 : 0.1494    precision@5 : 0.1368    precision@10 : 0.1    precision@20 : 0.0659    precision@30 : 0.0496    precision@50 : 0.0341    map@1 : 0.2217    map@2 : 0.2136    map@3 : 0.2208    map@4 : 0.228    map@5 : 0.2354    map@10 : 0.2584    map@20 : 0.2728    map@30 : 0.2782    map@50 : 0.283
Sun 15 Mar 2026 21:55:54 INFO  Running E-step ! 
Sun 15 Mar 2026 21:55:54 INFO  epoch 238 training [time: 0.23s, train_loss1: 1.6604, train_loss2: 0.0288, train_loss3: 0.0110, train_loss4: 0.0015]
Sun 15 Mar 2026 21:55:55 INFO  epoch 238 evaluating [time: 0.35s, valid_score: 0.350100]
Sun 15 Mar 2026 21:55:55 INFO  valid result: 
recall@1 : 0.1313    recall@2 : 0.2173    recall@3 : 0.2833    recall@4 : 0.3321    recall@5 : 0.3747    recall@10 : 0.519    recall@20 : 0.6541    recall@30 : 0.7171    recall@50 : 0.8059    ndcg@1 : 0.2217    ndcg@2 : 0.2422    ndcg@3 : 0.2656    ndcg@4 : 0.2828    ndcg@5 : 0.2983    ndcg@10 : 0.3501    ndcg@20 : 0.3907    ndcg@30 : 0.4078    ndcg@50 : 0.4286    precision@1 : 0.2217    precision@2 : 0.1856    precision@3 : 0.1655    precision@4 : 0.1493    precision@5 : 0.1366    precision@10 : 0.0999    precision@20 : 0.0659    precision@30 : 0.0495    precision@50 : 0.0341    map@1 : 0.2217    map@2 : 0.2136    map@3 : 0.2212    map@4 : 0.2281    map@5 : 0.2351    map@10 : 0.2584    map@20 : 0.2728    map@30 : 0.2781    map@50 : 0.283
Sun 15 Mar 2026 21:55:55 INFO  Running E-step ! 
Sun 15 Mar 2026 21:55:55 INFO  epoch 239 training [time: 0.23s, train_loss1: 1.6534, train_loss2: 0.0287, train_loss3: 0.0110, train_loss4: 0.0015]
Sun 15 Mar 2026 21:55:55 INFO  epoch 239 evaluating [time: 0.32s, valid_score: 0.350200]
Sun 15 Mar 2026 21:55:55 INFO  valid result: 
recall@1 : 0.1303    recall@2 : 0.2179    recall@3 : 0.2829    recall@4 : 0.3343    recall@5 : 0.375    recall@10 : 0.5203    recall@20 : 0.6541    recall@30 : 0.7167    recall@50 : 0.8062    ndcg@1 : 0.2205    ndcg@2 : 0.2422    ndcg@3 : 0.2652    ndcg@4 : 0.2836    ndcg@5 : 0.2983    ndcg@10 : 0.3502    ndcg@20 : 0.3905    ndcg@30 : 0.4075    ndcg@50 : 0.4285    precision@1 : 0.2205    precision@2 : 0.1859    precision@3 : 0.1655    precision@4 : 0.1502    precision@5 : 0.1367    precision@10 : 0.1001    precision@20 : 0.0658    precision@30 : 0.0495    precision@50 : 0.0341    map@1 : 0.2205    map@2 : 0.2135    map@3 : 0.2208    map@4 : 0.2285    map@5 : 0.235    map@10 : 0.2582    map@20 : 0.2726    map@30 : 0.2779    map@50 : 0.2828
Sun 15 Mar 2026 21:55:55 INFO  Running E-step ! 
Sun 15 Mar 2026 21:55:56 INFO  epoch 240 training [time: 0.22s, train_loss1: 1.6683, train_loss2: 0.0286, train_loss3: 0.0110, train_loss4: 0.0015]
Sun 15 Mar 2026 21:55:56 INFO  epoch 240 evaluating [time: 0.33s, valid_score: 0.349800]
Sun 15 Mar 2026 21:55:56 INFO  valid result: 
recall@1 : 0.1296    recall@2 : 0.2169    recall@3 : 0.2833    recall@4 : 0.3343    recall@5 : 0.3762    recall@10 : 0.5203    recall@20 : 0.6534    recall@30 : 0.7181    recall@50 : 0.8063    ndcg@1 : 0.2193    ndcg@2 : 0.2411    ndcg@3 : 0.2648    ndcg@4 : 0.2832    ndcg@5 : 0.2983    ndcg@10 : 0.3498    ndcg@20 : 0.3899    ndcg@30 : 0.4075    ndcg@50 : 0.4282    precision@1 : 0.2193    precision@2 : 0.1853    precision@3 : 0.1655    precision@4 : 0.1502    precision@5 : 0.1369    precision@10 : 0.1001    precision@20 : 0.0658    precision@30 : 0.0496    precision@50 : 0.0341    map@1 : 0.2193    map@2 : 0.2123    map@3 : 0.2202    map@4 : 0.2278    map@5 : 0.2348    map@10 : 0.2578    map@20 : 0.2721    map@30 : 0.2775    map@50 : 0.2823
Sun 15 Mar 2026 21:55:56 INFO  Running E-step ! 
Sun 15 Mar 2026 21:55:56 INFO  epoch 241 training [time: 0.24s, train_loss1: 1.6393, train_loss2: 0.0286, train_loss3: 0.0110, train_loss4: 0.0015]
Sun 15 Mar 2026 21:55:57 INFO  epoch 241 evaluating [time: 0.31s, valid_score: 0.350700]
Sun 15 Mar 2026 21:55:57 INFO  valid result: 
recall@1 : 0.1309    recall@2 : 0.219    recall@3 : 0.2833    recall@4 : 0.334    recall@5 : 0.3765    recall@10 : 0.5201    recall@20 : 0.6531    recall@30 : 0.7184    recall@50 : 0.8057    ndcg@1 : 0.2211    ndcg@2 : 0.2429    ndcg@3 : 0.2656    ndcg@4 : 0.2838    ndcg@5 : 0.2991    ndcg@10 : 0.3507    ndcg@20 : 0.3907    ndcg@30 : 0.4084    ndcg@50 : 0.4289    precision@1 : 0.2211    precision@2 : 0.1862    precision@3 : 0.1655    precision@4 : 0.1499    precision@5 : 0.1368    precision@10 : 0.1001    precision@20 : 0.0657    precision@30 : 0.0496    precision@50 : 0.0341    map@1 : 0.2211    map@2 : 0.2141    map@3 : 0.2212    map@4 : 0.2288    map@5 : 0.2357    map@10 : 0.2588    map@20 : 0.2731    map@30 : 0.2785    map@50 : 0.2834
Sun 15 Mar 2026 21:55:57 INFO  Saving current: saved/SCL-Mar-15-2026_21-53-40.pth
Sun 15 Mar 2026 21:55:57 INFO  Saving current best: saved/SCL-Mar-15-2026_21-53-40.pth
Sun 15 Mar 2026 21:55:57 INFO  Running E-step ! 
Sun 15 Mar 2026 21:55:57 INFO  epoch 242 training [time: 0.22s, train_loss1: 1.6396, train_loss2: 0.0285, train_loss3: 0.0110, train_loss4: 0.0014]
Sun 15 Mar 2026 21:55:57 INFO  epoch 242 evaluating [time: 0.30s, valid_score: 0.350500]
Sun 15 Mar 2026 21:55:57 INFO  valid result: 
recall@1 : 0.1311    recall@2 : 0.2184    recall@3 : 0.2832    recall@4 : 0.3343    recall@5 : 0.3765    recall@10 : 0.5193    recall@20 : 0.654    recall@30 : 0.7186    recall@50 : 0.8057    ndcg@1 : 0.2223    ndcg@2 : 0.2431    ndcg@3 : 0.2657    ndcg@4 : 0.2839    ndcg@5 : 0.2992    ndcg@10 : 0.3505    ndcg@20 : 0.391    ndcg@30 : 0.4085    ndcg@50 : 0.4289    precision@1 : 0.2223    precision@2 : 0.1862    precision@3 : 0.1653    precision@4 : 0.1497    precision@5 : 0.1368    precision@10 : 0.1001    precision@20 : 0.0659    precision@30 : 0.0496    precision@50 : 0.0341    map@1 : 0.2223    map@2 : 0.2144    map@3 : 0.2213    map@4 : 0.2289    map@5 : 0.2357    map@10 : 0.2587    map@20 : 0.2732    map@30 : 0.2786    map@50 : 0.2834
Sun 15 Mar 2026 21:55:57 INFO  Running E-step ! 
Sun 15 Mar 2026 21:55:57 INFO  epoch 243 training [time: 0.23s, train_loss1: 1.6492, train_loss2: 0.0285, train_loss3: 0.0110, train_loss4: 0.0015]
Sun 15 Mar 2026 21:55:58 INFO  epoch 243 evaluating [time: 0.32s, valid_score: 0.351200]
Sun 15 Mar 2026 21:55:58 INFO  valid result: 
recall@1 : 0.1323    recall@2 : 0.2188    recall@3 : 0.283    recall@4 : 0.3363    recall@5 : 0.3764    recall@10 : 0.5198    recall@20 : 0.6546    recall@30 : 0.7191    recall@50 : 0.8055    ndcg@1 : 0.2235    ndcg@2 : 0.2436    ndcg@3 : 0.2661    ndcg@4 : 0.2853    ndcg@5 : 0.2998    ndcg@10 : 0.3512    ndcg@20 : 0.3918    ndcg@30 : 0.4092    ndcg@50 : 0.4295    precision@1 : 0.2235    precision@2 : 0.1862    precision@3 : 0.1653    precision@4 : 0.1505    precision@5 : 0.1368    precision@10 : 0.1    precision@20 : 0.0659    precision@30 : 0.0496    precision@50 : 0.0341    map@1 : 0.2235    map@2 : 0.2151    map@3 : 0.222    map@4 : 0.2301    map@5 : 0.2366    map@10 : 0.2596    map@20 : 0.2741    map@30 : 0.2794    map@50 : 0.2842
Sun 15 Mar 2026 21:55:58 INFO  Saving current: saved/SCL-Mar-15-2026_21-53-40.pth
Sun 15 Mar 2026 21:55:58 INFO  Saving current best: saved/SCL-Mar-15-2026_21-53-40.pth
Sun 15 Mar 2026 21:55:58 INFO  Running E-step ! 
Sun 15 Mar 2026 21:55:58 INFO  epoch 244 training [time: 0.23s, train_loss1: 1.6496, train_loss2: 0.0284, train_loss3: 0.0110, train_loss4: 0.0015]
Sun 15 Mar 2026 21:55:58 INFO  epoch 244 evaluating [time: 0.34s, valid_score: 0.351400]
Sun 15 Mar 2026 21:55:58 INFO  valid result: 
recall@1 : 0.1326    recall@2 : 0.2183    recall@3 : 0.2825    recall@4 : 0.3369    recall@5 : 0.3756    recall@10 : 0.5207    recall@20 : 0.6549    recall@30 : 0.7177    recall@50 : 0.8054    ndcg@1 : 0.2229    ndcg@2 : 0.2434    ndcg@3 : 0.2657    ndcg@4 : 0.2855    ndcg@5 : 0.2995    ndcg@10 : 0.3514    ndcg@20 : 0.3919    ndcg@30 : 0.4089    ndcg@50 : 0.4295    precision@1 : 0.2229    precision@2 : 0.1862    precision@3 : 0.1649    precision@4 : 0.1506    precision@5 : 0.1367    precision@10 : 0.1    precision@20 : 0.066    precision@30 : 0.0496    precision@50 : 0.0341    map@1 : 0.2229    map@2 : 0.215    map@3 : 0.2217    map@4 : 0.2302    map@5 : 0.2364    map@10 : 0.2596    map@20 : 0.2742    map@30 : 0.2794    map@50 : 0.2843
Sun 15 Mar 2026 21:55:58 INFO  Saving current: saved/SCL-Mar-15-2026_21-53-40.pth
Sun 15 Mar 2026 21:55:58 INFO  Saving current best: saved/SCL-Mar-15-2026_21-53-40.pth
Sun 15 Mar 2026 21:55:58 INFO  Running E-step ! 
Sun 15 Mar 2026 21:55:59 INFO  epoch 245 training [time: 0.30s, train_loss1: 1.6693, train_loss2: 0.0284, train_loss3: 0.0110, train_loss4: 0.0015]
Sun 15 Mar 2026 21:55:59 INFO  epoch 245 evaluating [time: 0.19s, valid_score: 0.351600]
Sun 15 Mar 2026 21:55:59 INFO  valid result: 
recall@1 : 0.1328    recall@2 : 0.218    recall@3 : 0.283    recall@4 : 0.3358    recall@5 : 0.3765    recall@10 : 0.5216    recall@20 : 0.6547    recall@30 : 0.7179    recall@50 : 0.8066    ndcg@1 : 0.2223    ndcg@2 : 0.2429    ndcg@3 : 0.2659    ndcg@4 : 0.285    ndcg@5 : 0.2998    ndcg@10 : 0.3516    ndcg@20 : 0.3918    ndcg@30 : 0.4089    ndcg@50 : 0.4297    precision@1 : 0.2223    precision@2 : 0.1856    precision@3 : 0.1653    precision@4 : 0.1503    precision@5 : 0.1369    precision@10 : 0.1001    precision@20 : 0.066    precision@30 : 0.0496    precision@50 : 0.0341    map@1 : 0.2223    map@2 : 0.2144    map@3 : 0.222    map@4 : 0.2299    map@5 : 0.2366    map@10 : 0.2598    map@20 : 0.2742    map@30 : 0.2795    map@50 : 0.2843
Sun 15 Mar 2026 21:55:59 INFO  Saving current: saved/SCL-Mar-15-2026_21-53-40.pth
Sun 15 Mar 2026 21:55:59 INFO  Saving current best: saved/SCL-Mar-15-2026_21-53-40.pth
Sun 15 Mar 2026 21:55:59 INFO  Running E-step ! 
Sun 15 Mar 2026 21:55:59 INFO  epoch 246 training [time: 0.24s, train_loss1: 1.6277, train_loss2: 0.0283, train_loss3: 0.0110, train_loss4: 0.0015]
Sun 15 Mar 2026 21:55:59 INFO  epoch 246 evaluating [time: 0.31s, valid_score: 0.352000]
Sun 15 Mar 2026 21:55:59 INFO  valid result: 
recall@1 : 0.1328    recall@2 : 0.2193    recall@3 : 0.2828    recall@4 : 0.3359    recall@5 : 0.3775    recall@10 : 0.5219    recall@20 : 0.6553    recall@30 : 0.7181    recall@50 : 0.8069    ndcg@1 : 0.2223    ndcg@2 : 0.2439    ndcg@3 : 0.2661    ndcg@4 : 0.2852    ndcg@5 : 0.3003    ndcg@10 : 0.352    ndcg@20 : 0.3921    ndcg@30 : 0.4092    ndcg@50 : 0.43    precision@1 : 0.2223    precision@2 : 0.1865    precision@3 : 0.1653    precision@4 : 0.1503    precision@5 : 0.1372    precision@10 : 0.1002    precision@20 : 0.0659    precision@30 : 0.0496    precision@50 : 0.0342    map@1 : 0.2223    map@2 : 0.2151    map@3 : 0.2222    map@4 : 0.2302    map@5 : 0.237    map@10 : 0.2601    map@20 : 0.2745    map@30 : 0.2798    map@50 : 0.2847
Sun 15 Mar 2026 21:55:59 INFO  Saving current: saved/SCL-Mar-15-2026_21-53-40.pth
Sun 15 Mar 2026 21:55:59 INFO  Saving current best: saved/SCL-Mar-15-2026_21-53-40.pth
Sun 15 Mar 2026 21:55:59 INFO  Running E-step ! 
Sun 15 Mar 2026 21:56:00 INFO  epoch 247 training [time: 0.24s, train_loss1: 1.6451, train_loss2: 0.0282, train_loss3: 0.0110, train_loss4: 0.0015]
Sun 15 Mar 2026 21:56:00 INFO  epoch 247 evaluating [time: 0.22s, valid_score: 0.352100]
Sun 15 Mar 2026 21:56:00 INFO  valid result: 
recall@1 : 0.1328    recall@2 : 0.2179    recall@3 : 0.2833    recall@4 : 0.3363    recall@5 : 0.3786    recall@10 : 0.5225    recall@20 : 0.6554    recall@30 : 0.7182    recall@50 : 0.8065    ndcg@1 : 0.2223    ndcg@2 : 0.2432    ndcg@3 : 0.2663    ndcg@4 : 0.2851    ndcg@5 : 0.3008    ndcg@10 : 0.3521    ndcg@20 : 0.3921    ndcg@30 : 0.4092    ndcg@50 : 0.4299    precision@1 : 0.2223    precision@2 : 0.1859    precision@3 : 0.1657    precision@4 : 0.15    precision@5 : 0.1377    precision@10 : 0.1003    precision@20 : 0.0659    precision@30 : 0.0496    precision@50 : 0.0341    map@1 : 0.2223    map@2 : 0.2147    map@3 : 0.2224    map@4 : 0.2301    map@5 : 0.2372    map@10 : 0.2601    map@20 : 0.2745    map@30 : 0.2798    map@50 : 0.2846
Sun 15 Mar 2026 21:56:00 INFO  Saving current: saved/SCL-Mar-15-2026_21-53-40.pth
Sun 15 Mar 2026 21:56:00 INFO  Saving current best: saved/SCL-Mar-15-2026_21-53-40.pth
Sun 15 Mar 2026 21:56:00 INFO  Running E-step ! 
Sun 15 Mar 2026 21:56:00 INFO  epoch 248 training [time: 0.23s, train_loss1: 1.6080, train_loss2: 0.0282, train_loss3: 0.0110, train_loss4: 0.0014]
Sun 15 Mar 2026 21:56:00 INFO  epoch 248 evaluating [time: 0.33s, valid_score: 0.352500]
Sun 15 Mar 2026 21:56:00 INFO  valid result: 
recall@1 : 0.1329    recall@2 : 0.2176    recall@3 : 0.2835    recall@4 : 0.3363    recall@5 : 0.3784    recall@10 : 0.5237    recall@20 : 0.6549    recall@30 : 0.7184    recall@50 : 0.8067    ndcg@1 : 0.2229    ndcg@2 : 0.2428    ndcg@3 : 0.2664    ndcg@4 : 0.2851    ndcg@5 : 0.3007    ndcg@10 : 0.3525    ndcg@20 : 0.392    ndcg@30 : 0.4093    ndcg@50 : 0.4299    precision@1 : 0.2229    precision@2 : 0.1853    precision@3 : 0.1657    precision@4 : 0.15    precision@5 : 0.1375    precision@10 : 0.1005    precision@20 : 0.0658    precision@30 : 0.0496    precision@50 : 0.0342    map@1 : 0.2229    map@2 : 0.2144    map@3 : 0.2224    map@4 : 0.2301    map@5 : 0.2372    map@10 : 0.2602    map@20 : 0.2744    map@30 : 0.2798    map@50 : 0.2846
Sun 15 Mar 2026 21:56:00 INFO  Saving current: saved/SCL-Mar-15-2026_21-53-40.pth
Sun 15 Mar 2026 21:56:00 INFO  Saving current best: saved/SCL-Mar-15-2026_21-53-40.pth
Sun 15 Mar 2026 21:56:00 INFO  Running E-step ! 
Sun 15 Mar 2026 21:56:01 INFO  epoch 249 training [time: 0.24s, train_loss1: 1.6052, train_loss2: 0.0281, train_loss3: 0.0110, train_loss4: 0.0015]
Sun 15 Mar 2026 21:56:01 INFO  epoch 249 evaluating [time: 0.29s, valid_score: 0.353100]
Sun 15 Mar 2026 21:56:01 INFO  valid result: 
recall@1 : 0.1333    recall@2 : 0.2183    recall@3 : 0.2836    recall@4 : 0.3347    recall@5 : 0.378    recall@10 : 0.5247    recall@20 : 0.6544    recall@30 : 0.7184    recall@50 : 0.8066    ndcg@1 : 0.2235    ndcg@2 : 0.2434    ndcg@3 : 0.2668    ndcg@4 : 0.2848    ndcg@5 : 0.3008    ndcg@10 : 0.3531    ndcg@20 : 0.3921    ndcg@30 : 0.4095    ndcg@50 : 0.4301    precision@1 : 0.2235    precision@2 : 0.1859    precision@3 : 0.1659    precision@4 : 0.1499    precision@5 : 0.1377    precision@10 : 0.1007    precision@20 : 0.0658    precision@30 : 0.0496    precision@50 : 0.0341    map@1 : 0.2235    map@2 : 0.215    map@3 : 0.2227    map@4 : 0.2301    map@5 : 0.2375    map@10 : 0.2607    map@20 : 0.2747    map@30 : 0.2801    map@50 : 0.2849
Sun 15 Mar 2026 21:56:01 INFO  Saving current: saved/SCL-Mar-15-2026_21-53-40.pth
Sun 15 Mar 2026 21:56:01 INFO  Saving current best: saved/SCL-Mar-15-2026_21-53-40.pth
Sun 15 Mar 2026 21:56:01 INFO  Running E-step ! 
Sun 15 Mar 2026 21:56:01 INFO  epoch 250 training [time: 0.24s, train_loss1: 1.6628, train_loss2: 0.0281, train_loss3: 0.0110, train_loss4: 0.0015]
Sun 15 Mar 2026 21:56:01 INFO  epoch 250 evaluating [time: 0.31s, valid_score: 0.353700]
Sun 15 Mar 2026 21:56:01 INFO  valid result: 
recall@1 : 0.1335    recall@2 : 0.219    recall@3 : 0.2842    recall@4 : 0.3357    recall@5 : 0.3786    recall@10 : 0.5254    recall@20 : 0.6546    recall@30 : 0.7191    recall@50 : 0.8071    ndcg@1 : 0.2235    ndcg@2 : 0.2441    ndcg@3 : 0.2673    ndcg@4 : 0.2855    ndcg@5 : 0.3014    ndcg@10 : 0.3537    ndcg@20 : 0.3926    ndcg@30 : 0.4101    ndcg@50 : 0.4306    precision@1 : 0.2235    precision@2 : 0.1865    precision@3 : 0.1661    precision@4 : 0.1503    precision@5 : 0.1378    precision@10 : 0.1008    precision@20 : 0.0659    precision@30 : 0.0497    precision@50 : 0.0341    map@1 : 0.2235    map@2 : 0.2157    map@3 : 0.2233    map@4 : 0.2308    map@5 : 0.238    map@10 : 0.2613    map@20 : 0.2753    map@30 : 0.2806    map@50 : 0.2854
Sun 15 Mar 2026 21:56:01 INFO  Saving current: saved/SCL-Mar-15-2026_21-53-40.pth
Sun 15 Mar 2026 21:56:01 INFO  Saving current best: saved/SCL-Mar-15-2026_21-53-40.pth
Sun 15 Mar 2026 21:56:01 INFO  Running E-step ! 
Sun 15 Mar 2026 21:56:02 INFO  epoch 251 training [time: 0.25s, train_loss1: 1.6222, train_loss2: 0.0280, train_loss3: 0.0110, train_loss4: 0.0015]
Sun 15 Mar 2026 21:56:02 INFO  epoch 251 evaluating [time: 0.31s, valid_score: 0.353200]
Sun 15 Mar 2026 21:56:02 INFO  valid result: 
recall@1 : 0.1332    recall@2 : 0.2184    recall@3 : 0.2848    recall@4 : 0.3356    recall@5 : 0.3785    recall@10 : 0.5242    recall@20 : 0.6542    recall@30 : 0.719    recall@50 : 0.8066    ndcg@1 : 0.2229    ndcg@2 : 0.2435    ndcg@3 : 0.2672    ndcg@4 : 0.2852    ndcg@5 : 0.3011    ndcg@10 : 0.3532    ndcg@20 : 0.3923    ndcg@30 : 0.4099    ndcg@50 : 0.4304    precision@1 : 0.2229    precision@2 : 0.1862    precision@3 : 0.1661    precision@4 : 0.1502    precision@5 : 0.1378    precision@10 : 0.1007    precision@20 : 0.0659    precision@30 : 0.0497    precision@50 : 0.0341    map@1 : 0.2229    map@2 : 0.2151    map@3 : 0.2231    map@4 : 0.2304    map@5 : 0.2378    map@10 : 0.261    map@20 : 0.275    map@30 : 0.2804    map@50 : 0.2852
Sun 15 Mar 2026 21:56:02 INFO  Running E-step ! 
Sun 15 Mar 2026 21:56:02 INFO  epoch 252 training [time: 0.23s, train_loss1: 1.6071, train_loss2: 0.0279, train_loss3: 0.0110, train_loss4: 0.0014]
Sun 15 Mar 2026 21:56:03 INFO  epoch 252 evaluating [time: 0.32s, valid_score: 0.353400]
Sun 15 Mar 2026 21:56:03 INFO  valid result: 
recall@1 : 0.1336    recall@2 : 0.2184    recall@3 : 0.284    recall@4 : 0.3357    recall@5 : 0.3793    recall@10 : 0.5238    recall@20 : 0.6543    recall@30 : 0.719    recall@50 : 0.8067    ndcg@1 : 0.2235    ndcg@2 : 0.2438    ndcg@3 : 0.2669    ndcg@4 : 0.2853    ndcg@5 : 0.3014    ndcg@10 : 0.3534    ndcg@20 : 0.3926    ndcg@30 : 0.4101    ndcg@50 : 0.4307    precision@1 : 0.2235    precision@2 : 0.1862    precision@3 : 0.1657    precision@4 : 0.1502    precision@5 : 0.1375    precision@10 : 0.1007    precision@20 : 0.0659    precision@30 : 0.0497    precision@50 : 0.0342    map@1 : 0.2235    map@2 : 0.2154    map@3 : 0.2231    map@4 : 0.2307    map@5 : 0.2379    map@10 : 0.2612    map@20 : 0.2753    map@30 : 0.2807    map@50 : 0.2855
Sun 15 Mar 2026 21:56:03 INFO  Running E-step ! 
Sun 15 Mar 2026 21:56:03 INFO  epoch 253 training [time: 0.23s, train_loss1: 1.6146, train_loss2: 0.0279, train_loss3: 0.0110, train_loss4: 0.0015]
Sun 15 Mar 2026 21:56:03 INFO  epoch 253 evaluating [time: 0.31s, valid_score: 0.353200]
Sun 15 Mar 2026 21:56:03 INFO  valid result: 
recall@1 : 0.1333    recall@2 : 0.2184    recall@3 : 0.2836    recall@4 : 0.3353    recall@5 : 0.3801    recall@10 : 0.5235    recall@20 : 0.6543    recall@30 : 0.719    recall@50 : 0.8058    ndcg@1 : 0.2223    ndcg@2 : 0.2435    ndcg@3 : 0.2667    ndcg@4 : 0.2849    ndcg@5 : 0.3016    ndcg@10 : 0.3532    ndcg@20 : 0.3924    ndcg@30 : 0.41    ndcg@50 : 0.4304    precision@1 : 0.2223    precision@2 : 0.1862    precision@3 : 0.1659    precision@4 : 0.1499    precision@5 : 0.1379    precision@10 : 0.1008    precision@20 : 0.0659    precision@30 : 0.0497    precision@50 : 0.0341    map@1 : 0.2223    map@2 : 0.2153    map@3 : 0.223    map@4 : 0.2304    map@5 : 0.238    map@10 : 0.2612    map@20 : 0.2752    map@30 : 0.2806    map@50 : 0.2854
Sun 15 Mar 2026 21:56:03 INFO  Running E-step ! 
Sun 15 Mar 2026 21:56:03 INFO  epoch 254 training [time: 0.24s, train_loss1: 1.5794, train_loss2: 0.0278, train_loss3: 0.0110, train_loss4: 0.0014]
Sun 15 Mar 2026 21:56:04 INFO  epoch 254 evaluating [time: 0.35s, valid_score: 0.353100]
Sun 15 Mar 2026 21:56:04 INFO  valid result: 
recall@1 : 0.1333    recall@2 : 0.2179    recall@3 : 0.2832    recall@4 : 0.3366    recall@5 : 0.3807    recall@10 : 0.5233    recall@20 : 0.6549    recall@30 : 0.7189    recall@50 : 0.8061    ndcg@1 : 0.2229    ndcg@2 : 0.2435    ndcg@3 : 0.2664    ndcg@4 : 0.2854    ndcg@5 : 0.3018    ndcg@10 : 0.3531    ndcg@20 : 0.3926    ndcg@30 : 0.41    ndcg@50 : 0.4305    precision@1 : 0.2229    precision@2 : 0.1862    precision@3 : 0.1655    precision@4 : 0.1502    precision@5 : 0.138    precision@10 : 0.1008    precision@20 : 0.066    precision@30 : 0.0497    precision@50 : 0.0342    map@1 : 0.2229    map@2 : 0.2154    map@3 : 0.223    map@4 : 0.2307    map@5 : 0.2381    map@10 : 0.2611    map@20 : 0.2753    map@30 : 0.2806    map@50 : 0.2854
Sun 15 Mar 2026 21:56:04 INFO  Running E-step ! 
Sun 15 Mar 2026 21:56:04 INFO  epoch 255 training [time: 0.26s, train_loss1: 1.6092, train_loss2: 0.0278, train_loss3: 0.0110, train_loss4: 0.0014]
Sun 15 Mar 2026 21:56:04 INFO  epoch 255 evaluating [time: 0.34s, valid_score: 0.352300]
Sun 15 Mar 2026 21:56:04 INFO  valid result: 
recall@1 : 0.1331    recall@2 : 0.2178    recall@3 : 0.2822    recall@4 : 0.3362    recall@5 : 0.38    recall@10 : 0.5217    recall@20 : 0.6543    recall@30 : 0.7188    recall@50 : 0.806    ndcg@1 : 0.2217    ndcg@2 : 0.2427    ndcg@3 : 0.2657    ndcg@4 : 0.285    ndcg@5 : 0.3012    ndcg@10 : 0.3523    ndcg@20 : 0.3922    ndcg@30 : 0.4097    ndcg@50 : 0.4302    precision@1 : 0.2217    precision@2 : 0.1856    precision@3 : 0.1653    precision@4 : 0.1502    precision@5 : 0.1377    precision@10 : 0.1005    precision@20 : 0.0659    precision@30 : 0.0497    precision@50 : 0.0342    map@1 : 0.2217    map@2 : 0.2147    map@3 : 0.2223    map@4 : 0.2304    map@5 : 0.2377    map@10 : 0.2607    map@20 : 0.275    map@30 : 0.2804    map@50 : 0.2852
Sun 15 Mar 2026 21:56:04 INFO  Running E-step ! 
Sun 15 Mar 2026 21:56:05 INFO  epoch 256 training [time: 0.23s, train_loss1: 1.5750, train_loss2: 0.0277, train_loss3: 0.0110, train_loss4: 0.0015]
Sun 15 Mar 2026 21:56:05 INFO  epoch 256 evaluating [time: 0.31s, valid_score: 0.352100]
Sun 15 Mar 2026 21:56:05 INFO  valid result: 
recall@1 : 0.1331    recall@2 : 0.2162    recall@3 : 0.281    recall@4 : 0.3394    recall@5 : 0.3788    recall@10 : 0.5217    recall@20 : 0.6533    recall@30 : 0.7189    recall@50 : 0.8056    ndcg@1 : 0.2217    ndcg@2 : 0.2418    ndcg@3 : 0.2647    ndcg@4 : 0.2861    ndcg@5 : 0.3004    ndcg@10 : 0.3521    ndcg@20 : 0.3917    ndcg@30 : 0.4095    ndcg@50 : 0.4298    precision@1 : 0.2217    precision@2 : 0.1847    precision@3 : 0.1645    precision@4 : 0.1511    precision@5 : 0.1371    precision@10 : 0.1005    precision@20 : 0.0658    precision@30 : 0.0497    precision@50 : 0.0341    map@1 : 0.2217    map@2 : 0.2141    map@3 : 0.2215    map@4 : 0.2309    map@5 : 0.2371    map@10 : 0.2605    map@20 : 0.2747    map@30 : 0.2802    map@50 : 0.2849
Sun 15 Mar 2026 21:56:05 INFO  Running E-step ! 
Sun 15 Mar 2026 21:56:05 INFO  epoch 257 training [time: 0.23s, train_loss1: 1.5852, train_loss2: 0.0276, train_loss3: 0.0110, train_loss4: 0.0015]
Sun 15 Mar 2026 21:56:05 INFO  epoch 257 evaluating [time: 0.32s, valid_score: 0.352100]
Sun 15 Mar 2026 21:56:05 INFO  valid result: 
recall@1 : 0.1331    recall@2 : 0.2162    recall@3 : 0.2801    recall@4 : 0.3393    recall@5 : 0.3789    recall@10 : 0.5223    recall@20 : 0.6534    recall@30 : 0.7182    recall@50 : 0.8063    ndcg@1 : 0.2217    ndcg@2 : 0.2418    ndcg@3 : 0.2641    ndcg@4 : 0.2859    ndcg@5 : 0.3004    ndcg@10 : 0.3521    ndcg@20 : 0.3916    ndcg@30 : 0.4092    ndcg@50 : 0.4299    precision@1 : 0.2217    precision@2 : 0.1847    precision@3 : 0.1639    precision@4 : 0.1509    precision@5 : 0.1372    precision@10 : 0.1005    precision@20 : 0.0658    precision@30 : 0.0496    precision@50 : 0.0342    map@1 : 0.2217    map@2 : 0.2141    map@3 : 0.221    map@4 : 0.2307    map@5 : 0.237    map@10 : 0.2604    map@20 : 0.2745    map@30 : 0.2799    map@50 : 0.2848
Sun 15 Mar 2026 21:56:05 INFO  Running E-step ! 
Sun 15 Mar 2026 21:56:06 INFO  epoch 258 training [time: 0.23s, train_loss1: 1.5880, train_loss2: 0.0276, train_loss3: 0.0110, train_loss4: 0.0014]
Sun 15 Mar 2026 21:56:06 INFO  epoch 258 evaluating [time: 0.34s, valid_score: 0.351600]
Sun 15 Mar 2026 21:56:06 INFO  valid result: 
recall@1 : 0.1331    recall@2 : 0.2144    recall@3 : 0.2788    recall@4 : 0.3398    recall@5 : 0.379    recall@10 : 0.5217    recall@20 : 0.6525    recall@30 : 0.7183    recall@50 : 0.8061    ndcg@1 : 0.2217    ndcg@2 : 0.2406    ndcg@3 : 0.2633    ndcg@4 : 0.2859    ndcg@5 : 0.3001    ndcg@10 : 0.3516    ndcg@20 : 0.3911    ndcg@30 : 0.4089    ndcg@50 : 0.4295    precision@1 : 0.2217    precision@2 : 0.1838    precision@3 : 0.1635    precision@4 : 0.1512    precision@5 : 0.1371    precision@10 : 0.1004    precision@20 : 0.0659    precision@30 : 0.0497    precision@50 : 0.0342    map@1 : 0.2217    map@2 : 0.2131    map@3 : 0.2203    map@4 : 0.2304    map@5 : 0.2366    map@10 : 0.2598    map@20 : 0.2741    map@30 : 0.2795    map@50 : 0.2843
Sun 15 Mar 2026 21:56:06 INFO  Running E-step ! 
Sun 15 Mar 2026 21:56:06 INFO  epoch 259 training [time: 0.22s, train_loss1: 1.5704, train_loss2: 0.0275, train_loss3: 0.0110, train_loss4: 0.0015]
Sun 15 Mar 2026 21:56:07 INFO  epoch 259 evaluating [time: 0.31s, valid_score: 0.351700]
Sun 15 Mar 2026 21:56:07 INFO  valid result: 
recall@1 : 0.1334    recall@2 : 0.2147    recall@3 : 0.2762    recall@4 : 0.339    recall@5 : 0.3795    recall@10 : 0.5222    recall@20 : 0.652    recall@30 : 0.7178    recall@50 : 0.8058    ndcg@1 : 0.2217    ndcg@2 : 0.2408    ndcg@3 : 0.262    ndcg@4 : 0.2852    ndcg@5 : 0.3002    ndcg@10 : 0.3517    ndcg@20 : 0.3909    ndcg@30 : 0.4087    ndcg@50 : 0.4293    precision@1 : 0.2217    precision@2 : 0.1838    precision@3 : 0.1627    precision@4 : 0.1503    precision@5 : 0.1373    precision@10 : 0.1006    precision@20 : 0.0658    precision@30 : 0.0496    precision@50 : 0.0341    map@1 : 0.2217    map@2 : 0.2132    map@3 : 0.2196    map@4 : 0.2299    map@5 : 0.2366    map@10 : 0.2599    map@20 : 0.2739    map@30 : 0.2794    map@50 : 0.2842
Sun 15 Mar 2026 21:56:07 INFO  Running E-step ! 
Sun 15 Mar 2026 21:56:07 INFO  epoch 260 training [time: 0.23s, train_loss1: 1.5636, train_loss2: 0.0274, train_loss3: 0.0110, train_loss4: 0.0015]
Sun 15 Mar 2026 21:56:07 INFO  epoch 260 evaluating [time: 0.34s, valid_score: 0.351900]
Sun 15 Mar 2026 21:56:07 INFO  valid result: 
recall@1 : 0.1333    recall@2 : 0.2153    recall@3 : 0.2756    recall@4 : 0.3397    recall@5 : 0.3798    recall@10 : 0.5223    recall@20 : 0.6526    recall@30 : 0.7174    recall@50 : 0.806    ndcg@1 : 0.2229    ndcg@2 : 0.2413    ndcg@3 : 0.2618    ndcg@4 : 0.2858    ndcg@5 : 0.3005    ndcg@10 : 0.3519    ndcg@20 : 0.3912    ndcg@30 : 0.4086    ndcg@50 : 0.4294    precision@1 : 0.2229    precision@2 : 0.1841    precision@3 : 0.1623    precision@4 : 0.1509    precision@5 : 0.1374    precision@10 : 0.1007    precision@20 : 0.0659    precision@30 : 0.0496    precision@50 : 0.0341    map@1 : 0.2229    map@2 : 0.2136    map@3 : 0.2195    map@4 : 0.2303    map@5 : 0.2368    map@10 : 0.2599    map@20 : 0.274    map@30 : 0.2793    map@50 : 0.2842
Sun 15 Mar 2026 21:56:07 INFO  Running E-step ! 
Sun 15 Mar 2026 21:56:07 INFO  epoch 261 training [time: 0.24s, train_loss1: 1.5854, train_loss2: 0.0274, train_loss3: 0.0110, train_loss4: 0.0015]
Sun 15 Mar 2026 21:56:08 INFO  epoch 261 evaluating [time: 0.31s, valid_score: 0.352100]
Sun 15 Mar 2026 21:56:08 INFO  valid result: 
recall@1 : 0.1339    recall@2 : 0.2153    recall@3 : 0.2774    recall@4 : 0.3387    recall@5 : 0.3786    recall@10 : 0.5221    recall@20 : 0.654    recall@30 : 0.719    recall@50 : 0.8051    ndcg@1 : 0.2235    ndcg@2 : 0.2413    ndcg@3 : 0.2631    ndcg@4 : 0.2857    ndcg@5 : 0.3004    ndcg@10 : 0.3521    ndcg@20 : 0.3918    ndcg@30 : 0.4093    ndcg@50 : 0.4295    precision@1 : 0.2235    precision@2 : 0.1838    precision@3 : 0.1633    precision@4 : 0.1508    precision@5 : 0.1373    precision@10 : 0.1005    precision@20 : 0.066    precision@30 : 0.0497    precision@50 : 0.0341    map@1 : 0.2235    map@2 : 0.2136    map@3 : 0.2206    map@4 : 0.2305    map@5 : 0.2369    map@10 : 0.2602    map@20 : 0.2745    map@30 : 0.2798    map@50 : 0.2846
Sun 15 Mar 2026 21:56:08 INFO  Running E-step ! 
Sun 15 Mar 2026 21:56:08 INFO  epoch 262 training [time: 0.23s, train_loss1: 1.5708, train_loss2: 0.0273, train_loss3: 0.0110, train_loss4: 0.0015]
Sun 15 Mar 2026 21:56:08 INFO  epoch 262 evaluating [time: 0.33s, valid_score: 0.351700]
Sun 15 Mar 2026 21:56:08 INFO  valid result: 
recall@1 : 0.1342    recall@2 : 0.2144    recall@3 : 0.2764    recall@4 : 0.3359    recall@5 : 0.3773    recall@10 : 0.5216    recall@20 : 0.6534    recall@30 : 0.7193    recall@50 : 0.804    ndcg@1 : 0.2247    ndcg@2 : 0.241    ndcg@3 : 0.2626    ndcg@4 : 0.2844    ndcg@5 : 0.2997    ndcg@10 : 0.3517    ndcg@20 : 0.3915    ndcg@30 : 0.4092    ndcg@50 : 0.4291    precision@1 : 0.2247    precision@2 : 0.1833    precision@3 : 0.1629    precision@4 : 0.1499    precision@5 : 0.1371    precision@10 : 0.1005    precision@20 : 0.0659    precision@30 : 0.0497    precision@50 : 0.0341    map@1 : 0.2247    map@2 : 0.2135    map@3 : 0.2204    map@4 : 0.2296    map@5 : 0.2364    map@10 : 0.2599    map@20 : 0.2742    map@30 : 0.2796    map@50 : 0.2843
Sun 15 Mar 2026 21:56:08 INFO  Running E-step ! 
Sun 15 Mar 2026 21:56:09 INFO  epoch 263 training [time: 0.23s, train_loss1: 1.5748, train_loss2: 0.0273, train_loss3: 0.0110, train_loss4: 0.0015]
Sun 15 Mar 2026 21:56:09 INFO  epoch 263 evaluating [time: 0.32s, valid_score: 0.351300]
Sun 15 Mar 2026 21:56:09 INFO  valid result: 
recall@1 : 0.1334    recall@2 : 0.2129    recall@3 : 0.276    recall@4 : 0.3362    recall@5 : 0.3755    recall@10 : 0.5218    recall@20 : 0.6538    recall@30 : 0.7193    recall@50 : 0.804    ndcg@1 : 0.2241    ndcg@2 : 0.2398    ndcg@3 : 0.262    ndcg@4 : 0.2841    ndcg@5 : 0.2985    ndcg@10 : 0.3513    ndcg@20 : 0.391    ndcg@30 : 0.4086    ndcg@50 : 0.4286    precision@1 : 0.2241    precision@2 : 0.1824    precision@3 : 0.1627    precision@4 : 0.1502    precision@5 : 0.1365    precision@10 : 0.1005    precision@20 : 0.066    precision@30 : 0.0497    precision@50 : 0.0341    map@1 : 0.2241    map@2 : 0.2125    map@3 : 0.2197    map@4 : 0.229    map@5 : 0.2354    map@10 : 0.2592    map@20 : 0.2735    map@30 : 0.2788    map@50 : 0.2836
Sun 15 Mar 2026 21:56:09 INFO  Running E-step ! 
Sun 15 Mar 2026 21:56:09 INFO  epoch 264 training [time: 0.22s, train_loss1: 1.5584, train_loss2: 0.0272, train_loss3: 0.0110, train_loss4: 0.0015]
Sun 15 Mar 2026 21:56:09 INFO  epoch 264 evaluating [time: 0.32s, valid_score: 0.351200]
Sun 15 Mar 2026 21:56:09 INFO  valid result: 
recall@1 : 0.133    recall@2 : 0.2135    recall@3 : 0.2762    recall@4 : 0.3372    recall@5 : 0.3759    recall@10 : 0.5216    recall@20 : 0.6535    recall@30 : 0.7194    recall@50 : 0.8046    ndcg@1 : 0.2241    ndcg@2 : 0.2404    ndcg@3 : 0.2621    ndcg@4 : 0.2846    ndcg@5 : 0.2987    ndcg@10 : 0.3512    ndcg@20 : 0.391    ndcg@30 : 0.4088    ndcg@50 : 0.4288    precision@1 : 0.2241    precision@2 : 0.1833    precision@3 : 0.1629    precision@4 : 0.1506    precision@5 : 0.1366    precision@10 : 0.1003    precision@20 : 0.066    precision@30 : 0.0497    precision@50 : 0.0341    map@1 : 0.2241    map@2 : 0.2131    map@3 : 0.2196    map@4 : 0.2292    map@5 : 0.2355    map@10 : 0.2591    map@20 : 0.2735    map@30 : 0.2789    map@50 : 0.2836
Sun 15 Mar 2026 21:56:09 INFO  Running E-step ! 
Sun 15 Mar 2026 21:56:10 INFO  epoch 265 training [time: 0.23s, train_loss1: 1.5618, train_loss2: 0.0272, train_loss3: 0.0110, train_loss4: 0.0015]
Sun 15 Mar 2026 21:56:10 INFO  epoch 265 evaluating [time: 0.34s, valid_score: 0.351400]
Sun 15 Mar 2026 21:56:10 INFO  valid result: 
recall@1 : 0.1337    recall@2 : 0.214    recall@3 : 0.276    recall@4 : 0.3368    recall@5 : 0.3756    recall@10 : 0.5213    recall@20 : 0.6543    recall@30 : 0.7195    recall@50 : 0.8042    ndcg@1 : 0.2253    ndcg@2 : 0.2411    ndcg@3 : 0.2625    ndcg@4 : 0.2847    ndcg@5 : 0.299    ndcg@10 : 0.3514    ndcg@20 : 0.3916    ndcg@30 : 0.4091    ndcg@50 : 0.429    precision@1 : 0.2253    precision@2 : 0.1836    precision@3 : 0.1631    precision@4 : 0.1503    precision@5 : 0.1366    precision@10 : 0.1002    precision@20 : 0.0661    precision@30 : 0.0497    precision@50 : 0.0341    map@1 : 0.2253    map@2 : 0.2138    map@3 : 0.2202    map@4 : 0.2295    map@5 : 0.2359    map@10 : 0.2594    map@20 : 0.2739    map@30 : 0.2793    map@50 : 0.284
Sun 15 Mar 2026 21:56:10 INFO  Running E-step ! 
Sun 15 Mar 2026 21:56:10 INFO  epoch 266 training [time: 0.23s, train_loss1: 1.5336, train_loss2: 0.0271, train_loss3: 0.0110, train_loss4: 0.0015]
Sun 15 Mar 2026 21:56:11 INFO  epoch 266 evaluating [time: 0.32s, valid_score: 0.351000]
Sun 15 Mar 2026 21:56:11 INFO  valid result: 
recall@1 : 0.1331    recall@2 : 0.2142    recall@3 : 0.2773    recall@4 : 0.3376    recall@5 : 0.3746    recall@10 : 0.5205    recall@20 : 0.6543    recall@30 : 0.7191    recall@50 : 0.8052    ndcg@1 : 0.2235    ndcg@2 : 0.241    ndcg@3 : 0.2629    ndcg@4 : 0.285    ndcg@5 : 0.2983    ndcg@10 : 0.351    ndcg@20 : 0.3914    ndcg@30 : 0.4088    ndcg@50 : 0.4291    precision@1 : 0.2235    precision@2 : 0.1838    precision@3 : 0.1637    precision@4 : 0.1508    precision@5 : 0.1362    precision@10 : 0.1002    precision@20 : 0.0661    precision@30 : 0.0496    precision@50 : 0.0341    map@1 : 0.2235    map@2 : 0.2135    map@3 : 0.2204    map@4 : 0.2295    map@5 : 0.2355    map@10 : 0.2592    map@20 : 0.2738    map@30 : 0.2791    map@50 : 0.2839
Sun 15 Mar 2026 21:56:11 INFO  Running E-step ! 
Sun 15 Mar 2026 21:56:11 INFO  epoch 267 training [time: 0.22s, train_loss1: 1.5596, train_loss2: 0.0271, train_loss3: 0.0110, train_loss4: 0.0015]
Sun 15 Mar 2026 21:56:11 INFO  epoch 267 evaluating [time: 0.34s, valid_score: 0.351700]
Sun 15 Mar 2026 21:56:11 INFO  valid result: 
recall@1 : 0.1348    recall@2 : 0.2146    recall@3 : 0.2778    recall@4 : 0.3379    recall@5 : 0.3738    recall@10 : 0.5206    recall@20 : 0.654    recall@30 : 0.7194    recall@50 : 0.8055    ndcg@1 : 0.2259    ndcg@2 : 0.2418    ndcg@3 : 0.2638    ndcg@4 : 0.2858    ndcg@5 : 0.2988    ndcg@10 : 0.3517    ndcg@20 : 0.392    ndcg@30 : 0.4096    ndcg@50 : 0.4299    precision@1 : 0.2259    precision@2 : 0.1838    precision@3 : 0.1637    precision@4 : 0.1509    precision@5 : 0.1361    precision@10 : 0.1002    precision@20 : 0.066    precision@30 : 0.0496    precision@50 : 0.0341    map@1 : 0.2259    map@2 : 0.2145    map@3 : 0.2214    map@4 : 0.2307    map@5 : 0.2364    map@10 : 0.2601    map@20 : 0.2747    map@30 : 0.2801    map@50 : 0.2849
Sun 15 Mar 2026 21:56:11 INFO  Running E-step ! 
Sun 15 Mar 2026 21:56:11 INFO  epoch 268 training [time: 0.23s, train_loss1: 1.5525, train_loss2: 0.0270, train_loss3: 0.0110, train_loss4: 0.0016]
Sun 15 Mar 2026 21:56:12 INFO  epoch 268 evaluating [time: 0.31s, valid_score: 0.351600]
Sun 15 Mar 2026 21:56:12 INFO  valid result: 
recall@1 : 0.1342    recall@2 : 0.2142    recall@3 : 0.2785    recall@4 : 0.3376    recall@5 : 0.3744    recall@10 : 0.5207    recall@20 : 0.6532    recall@30 : 0.7193    recall@50 : 0.8052    ndcg@1 : 0.2253    ndcg@2 : 0.2414    ndcg@3 : 0.264    ndcg@4 : 0.2854    ndcg@5 : 0.2988    ndcg@10 : 0.3516    ndcg@20 : 0.3917    ndcg@30 : 0.4094    ndcg@50 : 0.4296    precision@1 : 0.2253    precision@2 : 0.1836    precision@3 : 0.1641    precision@4 : 0.1506    precision@5 : 0.1362    precision@10 : 0.1002    precision@20 : 0.066    precision@30 : 0.0497    precision@50 : 0.0341    map@1 : 0.2253    map@2 : 0.2142    map@3 : 0.2214    map@4 : 0.2302    map@5 : 0.2362    map@10 : 0.2598    map@20 : 0.2744    map@30 : 0.2798    map@50 : 0.2846
Sun 15 Mar 2026 21:56:12 INFO  Running E-step ! 
Sun 15 Mar 2026 21:56:12 INFO  epoch 269 training [time: 0.26s, train_loss1: 1.5254, train_loss2: 0.0270, train_loss3: 0.0110, train_loss4: 0.0015]
Sun 15 Mar 2026 21:56:12 INFO  epoch 269 evaluating [time: 0.33s, valid_score: 0.350500]
Sun 15 Mar 2026 21:56:12 INFO  valid result: 
recall@1 : 0.1337    recall@2 : 0.2139    recall@3 : 0.2784    recall@4 : 0.3373    recall@5 : 0.3751    recall@10 : 0.5183    recall@20 : 0.653    recall@30 : 0.7191    recall@50 : 0.8052    ndcg@1 : 0.2235    ndcg@2 : 0.2407    ndcg@3 : 0.2634    ndcg@4 : 0.2848    ndcg@5 : 0.2988    ndcg@10 : 0.3505    ndcg@20 : 0.3912    ndcg@30 : 0.409    ndcg@50 : 0.4292    precision@1 : 0.2235    precision@2 : 0.1833    precision@3 : 0.1639    precision@4 : 0.1503    precision@5 : 0.1365    precision@10 : 0.0999    precision@20 : 0.0659    precision@30 : 0.0496    precision@50 : 0.0341    map@1 : 0.2235    map@2 : 0.2138    map@3 : 0.2209    map@4 : 0.2297    map@5 : 0.236    map@10 : 0.2593    map@20 : 0.2741    map@30 : 0.2794    map@50 : 0.2842
Sun 15 Mar 2026 21:56:12 INFO  Running E-step ! 
Sun 15 Mar 2026 21:56:13 INFO  epoch 270 training [time: 0.23s, train_loss1: 1.5357, train_loss2: 0.0269, train_loss3: 0.0110, train_loss4: 0.0015]
Sun 15 Mar 2026 21:56:13 INFO  epoch 270 evaluating [time: 0.31s, valid_score: 0.350900]
Sun 15 Mar 2026 21:56:13 INFO  valid result: 
recall@1 : 0.1349    recall@2 : 0.2136    recall@3 : 0.2786    recall@4 : 0.3379    recall@5 : 0.3755    recall@10 : 0.5182    recall@20 : 0.6519    recall@30 : 0.7194    recall@50 : 0.8059    ndcg@1 : 0.2247    ndcg@2 : 0.2407    ndcg@3 : 0.2639    ndcg@4 : 0.2855    ndcg@5 : 0.2993    ndcg@10 : 0.3509    ndcg@20 : 0.3914    ndcg@30 : 0.4095    ndcg@50 : 0.4298    precision@1 : 0.2247    precision@2 : 0.1827    precision@3 : 0.1641    precision@4 : 0.1505    precision@5 : 0.1365    precision@10 : 0.0998    precision@20 : 0.0659    precision@30 : 0.0497    precision@50 : 0.0341    map@1 : 0.2247    map@2 : 0.2139    map@3 : 0.2215    map@4 : 0.2304    map@5 : 0.2366    map@10 : 0.2598    map@20 : 0.2746    map@30 : 0.2801    map@50 : 0.2848
Sun 15 Mar 2026 21:56:13 INFO  Running E-step ! 
Sun 15 Mar 2026 21:56:13 INFO  epoch 271 training [time: 0.22s, train_loss1: 1.5242, train_loss2: 0.0269, train_loss3: 0.0110, train_loss4: 0.0016]
Sun 15 Mar 2026 21:56:13 INFO  epoch 271 evaluating [time: 0.35s, valid_score: 0.351400]
Sun 15 Mar 2026 21:56:13 INFO  valid result: 
recall@1 : 0.1358    recall@2 : 0.2139    recall@3 : 0.2761    recall@4 : 0.3382    recall@5 : 0.3757    recall@10 : 0.5192    recall@20 : 0.6519    recall@30 : 0.7193    recall@50 : 0.8047    ndcg@1 : 0.2253    ndcg@2 : 0.2415    ndcg@3 : 0.2628    ndcg@4 : 0.2858    ndcg@5 : 0.2995    ndcg@10 : 0.3514    ndcg@20 : 0.3916    ndcg@30 : 0.4097    ndcg@50 : 0.4298    precision@1 : 0.2253    precision@2 : 0.1833    precision@3 : 0.1627    precision@4 : 0.1506    precision@5 : 0.1365    precision@10 : 0.0999    precision@20 : 0.0659    precision@30 : 0.0497    precision@50 : 0.0341    map@1 : 0.2253    map@2 : 0.215    map@3 : 0.221    map@4 : 0.2307    map@5 : 0.237    map@10 : 0.2603    map@20 : 0.275    map@30 : 0.2804    map@50 : 0.2852
Sun 15 Mar 2026 21:56:13 INFO  Finished training, best eval result in epoch 250
Sun 15 Mar 2026 21:56:13 INFO  Loading model structure and parameters from saved/SCL-Mar-15-2026_21-53-40.pth
Sun 15 Mar 2026 21:56:14 INFO  best valid : OrderedDict([('recall@1', 0.1335), ('recall@2', 0.219), ('recall@3', 0.2842), ('recall@4', 0.3357), ('recall@5', 0.3786), ('recall@10', 0.5254), ('recall@20', 0.6546), ('recall@30', 0.7191), ('recall@50', 0.8071), ('ndcg@1', 0.2235), ('ndcg@2', 0.2441), ('ndcg@3', 0.2673), ('ndcg@4', 0.2855), ('ndcg@5', 0.3014), ('ndcg@10', 0.3537), ('ndcg@20', 0.3926), ('ndcg@30', 0.4101), ('ndcg@50', 0.4306), ('precision@1', 0.2235), ('precision@2', 0.1865), ('precision@3', 0.1661), ('precision@4', 0.1503), ('precision@5', 0.1378), ('precision@10', 0.1008), ('precision@20', 0.0659), ('precision@30', 0.0497), ('precision@50', 0.0341), ('map@1', 0.2235), ('map@2', 0.2157), ('map@3', 0.2233), ('map@4', 0.2308), ('map@5', 0.238), ('map@10', 0.2613), ('map@20', 0.2753), ('map@30', 0.2806), ('map@50', 0.2854)])
Sun 15 Mar 2026 21:56:14 INFO  test result: OrderedDict([('recall@1', 0.1776), ('recall@2', 0.2603), ('recall@3', 0.3235), ('recall@4', 0.371), ('recall@5', 0.4098), ('recall@10', 0.5434), ('recall@20', 0.675), ('recall@30', 0.745), ('recall@50', 0.8146), ('ndcg@1', 0.2955), ('ndcg@2', 0.3051), ('ndcg@3', 0.3222), ('ndcg@4', 0.3369), ('ndcg@5', 0.3496), ('ndcg@10', 0.394), ('ndcg@20', 0.4318), ('ndcg@30', 0.4503), ('ndcg@50', 0.4666), ('precision@1', 0.2955), ('precision@2', 0.2289), ('precision@3', 0.1965), ('precision@4', 0.1732), ('precision@5', 0.1552), ('precision@10', 0.1054), ('precision@20', 0.0671), ('precision@30', 0.0504), ('precision@50', 0.0336), ('map@1', 0.2955), ('map@2', 0.2788), ('map@3', 0.2816), ('map@4', 0.2866), ('map@5', 0.2913), ('map@10', 0.3092), ('map@20', 0.3221), ('map@30', 0.3278), ('map@50', 0.3315)])
Sun 15 Mar 2026 21:56:14 INFO  training time: 152.8754s
Sun 15 Mar 2026 21:56:14 INFO  result file: results/again/scl_scl_seed2023.json
