Mon 16 Mar 2026 12:38:15 INFO  
General Hyper Parameters:
gpu_id = 0
use_gpu = True
seed = 2020
state = INFO
reproducibility = True
data_path = ./travel
checkpoint_dir = saved
show_progress = True
save_dataset = False
dataset_save_path = None
save_dataloaders = False
dataloaders_save_path = None
log_wandb = False

Training Hyper Parameters:
epochs = 1000
train_batch_size = 4096
learner = adam
learning_rate = 0.001
train_neg_sample_args = {'distribution': 'uniform', 'sample_num': 1, 'alpha': 1.0, 'dynamic': False, 'candidate_num': 0}
eval_step = 1
stopping_step = 10
clip_grad_norm = None
weight_decay = 0.0
loss_decimal_place = 4

Evaluation Hyper Parameters:
eval_args = {'split': {'RS': [0.8, 0.1, 0.1]}, 'order': 'RO', 'group_by': 'user', 'mode': {'valid': 'full', 'test': 'full'}}
repeatable = False
metrics = ['Recall', 'NDCG', 'Precision', 'MAP']
topk = [1, 2, 3, 4, 5, 10, 20, 30, 50]
valid_metric = NDCG@10
valid_metric_bigger = True
eval_batch_size = 4096
metric_decimal_place = 4

Dataset Hyper Parameters:
field_separator = 	
seq_separator =  
USER_ID_FIELD = user_id
ITEM_ID_FIELD = item_id
RATING_FIELD = rating
TIME_FIELD = timestamp
seq_len = None
LABEL_FIELD = label
threshold = None
NEG_PREFIX = neg_
load_col = {'inter': ['user_id', 'item_id', 'rating'], 'user': ['user_id', 'post_num', 'follower', 'following', 'timestamp']}
unload_col = None
unused_col = None
additional_feat_suffix = None
rm_dup_inter = None
val_interval = {'rating': '[0,inf)'}
filter_inter_by_user_or_item = True
user_inter_num_interval = [0,inf)
item_inter_num_interval = [0,inf)
alias_of_user_id = None
alias_of_item_id = None
alias_of_entity_id = None
alias_of_relation_id = None
preload_weight = None
normalize_field = None
normalize_all = None
ITEM_LIST_LENGTH_FIELD = item_length
LIST_SUFFIX = _list
MAX_ITEM_LIST_LENGTH = 50
POSITION_FIELD = position_id
HEAD_ENTITY_ID_FIELD = head_id
TAIL_ENTITY_ID_FIELD = tail_id
RELATION_ID_FIELD = relation_id
ENTITY_ID_FIELD = entity_id
benchmark_filename = None

Other Hyper Parameters: 
worker = 0
wandb_project = recbole
shuffle = True
require_pow = False
enable_amp = False
enable_scaler = False
transform = None
embedding_size = 64
n_layers = 3
reg_weight = 0.0001
ssl_temp = 0.1
ssl_reg = 1e-07
hyper_layers = 1
alpha = 1
proto_reg = 8e-08
num_clusters = 10
m_step = 1
warm_up_step = 20
numerical_features = []
discretization = None
kg_reverse_r = False
entity_kg_num_interval = [0,inf)
relation_kg_num_interval = [0,inf)
MODEL_TYPE = ModelType.GENERAL
stoping_step = 20
MODEL_INPUT_TYPE = InputType.PAIRWISE
eval_type = EvaluatorType.RANKING
single_spec = True
local_rank = 0
device = cuda
valid_neg_sample_args = {'distribution': 'uniform', 'sample_num': 'none'}
test_neg_sample_args = {'distribution': 'uniform', 'sample_num': 'none'}


Mon 16 Mar 2026 12:38:16 INFO  travel
The number of users: 2010
Average actions of users: 18.721254355400696
The number of items: 247
Average actions of items: 152.890243902439
The number of inters: 37611
The sparsity of the dataset: 92.42431566862047%
Remain Fields: ['user_id', 'item_id', 'rating', 'post_num', 'follower', 'following', 'timestamp']
Mon 16 Mar 2026 12:38:16 INFO  [Training]: train_batch_size = [4096] train_neg_sample_args: [{'distribution': 'uniform', 'sample_num': 1, 'alpha': 1.0, 'dynamic': False, 'candidate_num': 0}]
Mon 16 Mar 2026 12:38:16 INFO  [Evaluation]: eval_batch_size = [4096] eval_args: [{'split': {'RS': [0.8, 0.1, 0.1]}, 'order': 'RO', 'group_by': 'user', 'mode': {'valid': 'full', 'test': 'full'}}]
Mon 16 Mar 2026 12:38:28 INFO  Running E-step ! 
Mon 16 Mar 2026 12:38:29 INFO  epoch 0 training [time: 0.59s, train_loss1: 5.5430, train_loss2: 0.0196]
Mon 16 Mar 2026 12:38:29 INFO  epoch 0 evaluating [time: 0.23s, valid_score: 0.028900]
Mon 16 Mar 2026 12:38:29 INFO  valid result: 
recall@1 : 0.0054    recall@2 : 0.0109    recall@3 : 0.0209    recall@4 : 0.0251    recall@5 : 0.0275    recall@10 : 0.0489    recall@20 : 0.1102    recall@30 : 0.1567    recall@50 : 0.2445    ndcg@1 : 0.0143    ndcg@2 : 0.0149    ndcg@3 : 0.0191    ndcg@4 : 0.0204    ndcg@5 : 0.0213    ndcg@10 : 0.0289    ndcg@20 : 0.0469    ndcg@30 : 0.0594    ndcg@50 : 0.0791    precision@1 : 0.0143    precision@2 : 0.0131    precision@3 : 0.0143    precision@4 : 0.0131    precision@5 : 0.0122    precision@10 : 0.0111    precision@20 : 0.0125    precision@30 : 0.0123    precision@50 : 0.0112    map@1 : 0.0143    map@2 : 0.0119    map@3 : 0.0138    map@4 : 0.014    map@5 : 0.014    map@10 : 0.0164    map@20 : 0.0207    map@30 : 0.023    map@50 : 0.0258
Mon 16 Mar 2026 12:38:29 INFO  Saving current: saved/NCL-Mar-16-2026_12-38-24.pth
Mon 16 Mar 2026 12:38:29 INFO  Saving current best: saved/NCL-Mar-16-2026_12-38-24.pth
Mon 16 Mar 2026 12:38:29 INFO  Running E-step ! 
Mon 16 Mar 2026 12:38:29 INFO  epoch 1 training [time: 0.18s, train_loss1: 5.5426, train_loss2: 0.0149]
Mon 16 Mar 2026 12:38:29 INFO  epoch 1 evaluating [time: 0.19s, valid_score: 0.032400]
Mon 16 Mar 2026 12:38:29 INFO  valid result: 
recall@1 : 0.0069    recall@2 : 0.0142    recall@3 : 0.0211    recall@4 : 0.0262    recall@5 : 0.0289    recall@10 : 0.0548    recall@20 : 0.1127    recall@30 : 0.1617    recall@50 : 0.2455    ndcg@1 : 0.0173    ndcg@2 : 0.0175    ndcg@3 : 0.0206    ndcg@4 : 0.0225    ndcg@5 : 0.0232    ndcg@10 : 0.0324    ndcg@20 : 0.0496    ndcg@30 : 0.0624    ndcg@50 : 0.0815    precision@1 : 0.0173    precision@2 : 0.0143    precision@3 : 0.0149    precision@4 : 0.0143    precision@5 : 0.0128    precision@10 : 0.0123    precision@20 : 0.0128    precision@30 : 0.0124    precision@50 : 0.0113    map@1 : 0.0173    map@2 : 0.0145    map@3 : 0.0151    map@4 : 0.0157    map@5 : 0.0158    map@10 : 0.0187    map@20 : 0.0228    map@30 : 0.0252    map@50 : 0.0279
Mon 16 Mar 2026 12:38:29 INFO  Saving current: saved/NCL-Mar-16-2026_12-38-24.pth
Mon 16 Mar 2026 12:38:29 INFO  Saving current best: saved/NCL-Mar-16-2026_12-38-24.pth
Mon 16 Mar 2026 12:38:29 INFO  Running E-step ! 
Mon 16 Mar 2026 12:38:29 INFO  epoch 2 training [time: 0.15s, train_loss1: 5.5420, train_loss2: 0.0128]
Mon 16 Mar 2026 12:38:30 INFO  epoch 2 evaluating [time: 0.19s, valid_score: 0.033100]
Mon 16 Mar 2026 12:38:30 INFO  valid result: 
recall@1 : 0.0072    recall@2 : 0.0142    recall@3 : 0.0217    recall@4 : 0.0264    recall@5 : 0.0306    recall@10 : 0.0558    recall@20 : 0.114    recall@30 : 0.1625    recall@50 : 0.2526    ndcg@1 : 0.0167    ndcg@2 : 0.0179    ndcg@3 : 0.0215    ndcg@4 : 0.0229    ndcg@5 : 0.0243    ndcg@10 : 0.0331    ndcg@20 : 0.0502    ndcg@30 : 0.0631    ndcg@50 : 0.0834    precision@1 : 0.0167    precision@2 : 0.0149    precision@3 : 0.0161    precision@4 : 0.0145    precision@5 : 0.0136    precision@10 : 0.0127    precision@20 : 0.0127    precision@30 : 0.0124    precision@50 : 0.0115    map@1 : 0.0167    map@2 : 0.0147    map@3 : 0.0157    map@4 : 0.0161    map@5 : 0.0164    map@10 : 0.0191    map@20 : 0.0233    map@30 : 0.0257    map@50 : 0.0286
Mon 16 Mar 2026 12:38:30 INFO  Saving current: saved/NCL-Mar-16-2026_12-38-24.pth
Mon 16 Mar 2026 12:38:30 INFO  Saving current best: saved/NCL-Mar-16-2026_12-38-24.pth
Mon 16 Mar 2026 12:38:30 INFO  Running E-step ! 
Mon 16 Mar 2026 12:38:30 INFO  epoch 3 training [time: 0.17s, train_loss1: 5.5415, train_loss2: 0.0111]
Mon 16 Mar 2026 12:38:30 INFO  epoch 3 evaluating [time: 0.19s, valid_score: 0.034600]
Mon 16 Mar 2026 12:38:30 INFO  valid result: 
recall@1 : 0.0068    recall@2 : 0.0134    recall@3 : 0.0225    recall@4 : 0.0269    recall@5 : 0.0301    recall@10 : 0.0603    recall@20 : 0.119    recall@30 : 0.1649    recall@50 : 0.2513    ndcg@1 : 0.0173    ndcg@2 : 0.0181    ndcg@3 : 0.022    ndcg@4 : 0.0233    ndcg@5 : 0.0241    ndcg@10 : 0.0346    ndcg@20 : 0.0519    ndcg@30 : 0.064    ndcg@50 : 0.0838    precision@1 : 0.0173    precision@2 : 0.0152    precision@3 : 0.0167    precision@4 : 0.015    precision@5 : 0.0136    precision@10 : 0.0132    precision@20 : 0.0133    precision@30 : 0.0126    precision@50 : 0.0116    map@1 : 0.0173    map@2 : 0.0149    map@3 : 0.016    map@4 : 0.0161    map@5 : 0.0162    map@10 : 0.0195    map@20 : 0.0237    map@30 : 0.026    map@50 : 0.0288
Mon 16 Mar 2026 12:38:30 INFO  Saving current: saved/NCL-Mar-16-2026_12-38-24.pth
Mon 16 Mar 2026 12:38:30 INFO  Saving current best: saved/NCL-Mar-16-2026_12-38-24.pth
Mon 16 Mar 2026 12:38:30 INFO  Running E-step ! 
Mon 16 Mar 2026 12:38:30 INFO  epoch 4 training [time: 0.19s, train_loss1: 5.5408, train_loss2: 0.0097]
Mon 16 Mar 2026 12:38:30 INFO  epoch 4 evaluating [time: 0.23s, valid_score: 0.035800]
Mon 16 Mar 2026 12:38:30 INFO  valid result: 
recall@1 : 0.0081    recall@2 : 0.014    recall@3 : 0.0223    recall@4 : 0.0258    recall@5 : 0.0327    recall@10 : 0.061    recall@20 : 0.1219    recall@30 : 0.1672    recall@50 : 0.2493    ndcg@1 : 0.0203    ndcg@2 : 0.0193    ndcg@3 : 0.0226    ndcg@4 : 0.0239    ndcg@5 : 0.0262    ndcg@10 : 0.0358    ndcg@20 : 0.0537    ndcg@30 : 0.0655    ndcg@50 : 0.0846    precision@1 : 0.0203    precision@2 : 0.0158    precision@3 : 0.0165    precision@4 : 0.0155    precision@5 : 0.0149    precision@10 : 0.0136    precision@20 : 0.0137    precision@30 : 0.0127    precision@50 : 0.0116    map@1 : 0.0203    map@2 : 0.0161    map@3 : 0.0168    map@4 : 0.0168    map@5 : 0.0176    map@10 : 0.0205    map@20 : 0.0248    map@30 : 0.027    map@50 : 0.0298
Mon 16 Mar 2026 12:38:30 INFO  Saving current: saved/NCL-Mar-16-2026_12-38-24.pth
Mon 16 Mar 2026 12:38:30 INFO  Saving current best: saved/NCL-Mar-16-2026_12-38-24.pth
Mon 16 Mar 2026 12:38:30 INFO  Running E-step ! 
Mon 16 Mar 2026 12:38:31 INFO  epoch 5 training [time: 0.17s, train_loss1: 5.5401, train_loss2: 0.0087]
Mon 16 Mar 2026 12:38:31 INFO  epoch 5 evaluating [time: 0.19s, valid_score: 0.038400]
Mon 16 Mar 2026 12:38:31 INFO  valid result: 
recall@1 : 0.0096    recall@2 : 0.0154    recall@3 : 0.0243    recall@4 : 0.0285    recall@5 : 0.035    recall@10 : 0.0636    recall@20 : 0.1238    recall@30 : 0.1751    recall@50 : 0.2561    ndcg@1 : 0.0238    ndcg@2 : 0.0223    ndcg@3 : 0.0249    ndcg@4 : 0.0262    ndcg@5 : 0.0284    ndcg@10 : 0.0384    ndcg@20 : 0.0565    ndcg@30 : 0.0696    ndcg@50 : 0.0885    precision@1 : 0.0238    precision@2 : 0.0185    precision@3 : 0.0175    precision@4 : 0.0162    precision@5 : 0.0155    precision@10 : 0.0144    precision@20 : 0.0142    precision@30 : 0.0132    precision@50 : 0.012    map@1 : 0.0238    map@2 : 0.0186    map@3 : 0.0187    map@4 : 0.0187    map@5 : 0.0194    map@10 : 0.0225    map@20 : 0.0269    map@30 : 0.0294    map@50 : 0.0322
Mon 16 Mar 2026 12:38:31 INFO  Saving current: saved/NCL-Mar-16-2026_12-38-24.pth
Mon 16 Mar 2026 12:38:31 INFO  Saving current best: saved/NCL-Mar-16-2026_12-38-24.pth
Mon 16 Mar 2026 12:38:31 INFO  Running E-step ! 
Mon 16 Mar 2026 12:38:31 INFO  epoch 6 training [time: 0.17s, train_loss1: 5.5390, train_loss2: 0.0078]
Mon 16 Mar 2026 12:38:31 INFO  epoch 6 evaluating [time: 0.19s, valid_score: 0.042900]
Mon 16 Mar 2026 12:38:31 INFO  valid result: 
recall@1 : 0.0121    recall@2 : 0.0195    recall@3 : 0.0268    recall@4 : 0.0318    recall@5 : 0.0371    recall@10 : 0.07    recall@20 : 0.1231    recall@30 : 0.1765    recall@50 : 0.2634    ndcg@1 : 0.0262    ndcg@2 : 0.0256    ndcg@3 : 0.0283    ndcg@4 : 0.0296    ndcg@5 : 0.0313    ndcg@10 : 0.0429    ndcg@20 : 0.0591    ndcg@30 : 0.0728    ndcg@50 : 0.093    precision@1 : 0.0262    precision@2 : 0.0206    precision@3 : 0.0199    precision@4 : 0.0176    precision@5 : 0.0166    precision@10 : 0.0158    precision@20 : 0.0145    precision@30 : 0.0136    precision@50 : 0.0124    map@1 : 0.0262    map@2 : 0.0218    map@3 : 0.0217    map@4 : 0.0218    map@5 : 0.0222    map@10 : 0.0259    map@20 : 0.0298    map@30 : 0.0325    map@50 : 0.0355
Mon 16 Mar 2026 12:38:31 INFO  Saving current: saved/NCL-Mar-16-2026_12-38-24.pth
Mon 16 Mar 2026 12:38:31 INFO  Saving current best: saved/NCL-Mar-16-2026_12-38-24.pth
Mon 16 Mar 2026 12:38:31 INFO  Running E-step ! 
Mon 16 Mar 2026 12:38:31 INFO  epoch 7 training [time: 0.18s, train_loss1: 5.5380, train_loss2: 0.0071]
Mon 16 Mar 2026 12:38:32 INFO  epoch 7 evaluating [time: 0.20s, valid_score: 0.046800]
Mon 16 Mar 2026 12:38:32 INFO  valid result: 
recall@1 : 0.0132    recall@2 : 0.0204    recall@3 : 0.0271    recall@4 : 0.0335    recall@5 : 0.04    recall@10 : 0.078    recall@20 : 0.1309    recall@30 : 0.1809    recall@50 : 0.2648    ndcg@1 : 0.0286    ndcg@2 : 0.0274    ndcg@3 : 0.0291    ndcg@4 : 0.0313    ndcg@5 : 0.0335    ndcg@10 : 0.0468    ndcg@20 : 0.063    ndcg@30 : 0.076    ndcg@50 : 0.0956    precision@1 : 0.0286    precision@2 : 0.0221    precision@3 : 0.0201    precision@4 : 0.0186    precision@5 : 0.0178    precision@10 : 0.0174    precision@20 : 0.0154    precision@30 : 0.0142    precision@50 : 0.0127    map@1 : 0.0286    map@2 : 0.0232    map@3 : 0.0224    map@4 : 0.0231    map@5 : 0.0236    map@10 : 0.0279    map@20 : 0.0318    map@30 : 0.0343    map@50 : 0.0373
Mon 16 Mar 2026 12:38:32 INFO  Saving current: saved/NCL-Mar-16-2026_12-38-24.pth
Mon 16 Mar 2026 12:38:32 INFO  Saving current best: saved/NCL-Mar-16-2026_12-38-24.pth
Mon 16 Mar 2026 12:38:32 INFO  Running E-step ! 
Mon 16 Mar 2026 12:38:32 INFO  epoch 8 training [time: 0.17s, train_loss1: 5.5364, train_loss2: 0.0065]
Mon 16 Mar 2026 12:38:32 INFO  epoch 8 evaluating [time: 0.20s, valid_score: 0.051400]
Mon 16 Mar 2026 12:38:32 INFO  valid result: 
recall@1 : 0.0127    recall@2 : 0.0245    recall@3 : 0.0294    recall@4 : 0.0352    recall@5 : 0.0439    recall@10 : 0.0872    recall@20 : 0.1361    recall@30 : 0.1915    recall@50 : 0.2749    ndcg@1 : 0.028    ndcg@2 : 0.0309    ndcg@3 : 0.031    ndcg@4 : 0.0331    ndcg@5 : 0.0362    ndcg@10 : 0.0514    ndcg@20 : 0.0668    ndcg@30 : 0.0808    ndcg@50 : 0.1005    precision@1 : 0.028    precision@2 : 0.0259    precision@3 : 0.0215    precision@4 : 0.0201    precision@5 : 0.0197    precision@10 : 0.0191    precision@20 : 0.0164    precision@30 : 0.0148    precision@50 : 0.0132    map@1 : 0.028    map@2 : 0.0256    map@3 : 0.0239    map@4 : 0.0243    map@5 : 0.0253    map@10 : 0.0304    map@20 : 0.034    map@30 : 0.0368    map@50 : 0.0399
Mon 16 Mar 2026 12:38:32 INFO  Saving current: saved/NCL-Mar-16-2026_12-38-24.pth
Mon 16 Mar 2026 12:38:32 INFO  Saving current best: saved/NCL-Mar-16-2026_12-38-24.pth
Mon 16 Mar 2026 12:38:32 INFO  Running E-step ! 
Mon 16 Mar 2026 12:38:32 INFO  epoch 9 training [time: 0.19s, train_loss1: 5.5349, train_loss2: 0.0061]
Mon 16 Mar 2026 12:38:32 INFO  epoch 9 evaluating [time: 0.19s, valid_score: 0.057200]
Mon 16 Mar 2026 12:38:32 INFO  valid result: 
recall@1 : 0.0146    recall@2 : 0.0274    recall@3 : 0.0337    recall@4 : 0.0436    recall@5 : 0.0513    recall@10 : 0.0945    recall@20 : 0.1463    recall@30 : 0.1997    recall@50 : 0.2835    ndcg@1 : 0.031    ndcg@2 : 0.0351    ndcg@3 : 0.0353    ndcg@4 : 0.0391    ndcg@5 : 0.0419    ndcg@10 : 0.0572    ndcg@20 : 0.0731    ndcg@30 : 0.087    ndcg@50 : 0.1068    precision@1 : 0.031    precision@2 : 0.0298    precision@3 : 0.0248    precision@4 : 0.024    precision@5 : 0.0228    precision@10 : 0.0211    precision@20 : 0.0174    precision@30 : 0.0157    precision@50 : 0.0137    map@1 : 0.031    map@2 : 0.0292    map@3 : 0.0272    map@4 : 0.0285    map@5 : 0.0293    map@10 : 0.0344    map@20 : 0.0382    map@30 : 0.041    map@50 : 0.0442
Mon 16 Mar 2026 12:38:32 INFO  Saving current: saved/NCL-Mar-16-2026_12-38-24.pth
Mon 16 Mar 2026 12:38:32 INFO  Saving current best: saved/NCL-Mar-16-2026_12-38-24.pth
Mon 16 Mar 2026 12:38:33 INFO  Running E-step ! 
Mon 16 Mar 2026 12:38:33 INFO  epoch 10 training [time: 0.18s, train_loss1: 5.5328, train_loss2: 0.0058]
Mon 16 Mar 2026 12:38:33 INFO  epoch 10 evaluating [time: 0.19s, valid_score: 0.063600]
Mon 16 Mar 2026 12:38:33 INFO  valid result: 
recall@1 : 0.0154    recall@2 : 0.0328    recall@3 : 0.0418    recall@4 : 0.0493    recall@5 : 0.0587    recall@10 : 0.1043    recall@20 : 0.1607    recall@30 : 0.2106    recall@50 : 0.2974    ndcg@1 : 0.0322    ndcg@2 : 0.0406    ndcg@3 : 0.0414    ndcg@4 : 0.0443    ndcg@5 : 0.0478    ndcg@10 : 0.0636    ndcg@20 : 0.0812    ndcg@30 : 0.0944    ndcg@50 : 0.1148    precision@1 : 0.0322    precision@2 : 0.0355    precision@3 : 0.0294    precision@4 : 0.0274    precision@5 : 0.0263    precision@10 : 0.0232    precision@20 : 0.0192    precision@30 : 0.0168    precision@50 : 0.0145    map@1 : 0.0322    map@2 : 0.0334    map@3 : 0.0317    map@4 : 0.0324    map@5 : 0.0336    map@10 : 0.0386    map@20 : 0.043    map@30 : 0.0458    map@50 : 0.0491
Mon 16 Mar 2026 12:38:33 INFO  Saving current: saved/NCL-Mar-16-2026_12-38-24.pth
Mon 16 Mar 2026 12:38:33 INFO  Saving current best: saved/NCL-Mar-16-2026_12-38-24.pth
Mon 16 Mar 2026 12:38:33 INFO  Running E-step ! 
Mon 16 Mar 2026 12:38:33 INFO  epoch 11 training [time: 0.19s, train_loss1: 5.5305, train_loss2: 0.0057]
Mon 16 Mar 2026 12:38:33 INFO  epoch 11 evaluating [time: 0.19s, valid_score: 0.071000]
Mon 16 Mar 2026 12:38:33 INFO  valid result: 
recall@1 : 0.0194    recall@2 : 0.0361    recall@3 : 0.0488    recall@4 : 0.0572    recall@5 : 0.0657    recall@10 : 0.1123    recall@20 : 0.1791    recall@30 : 0.2284    recall@50 : 0.3113    ndcg@1 : 0.0411    ndcg@2 : 0.0461    ndcg@3 : 0.0493    ndcg@4 : 0.052    ndcg@5 : 0.055    ndcg@10 : 0.071    ndcg@20 : 0.0917    ndcg@30 : 0.105    ndcg@50 : 0.1246    precision@1 : 0.0411    precision@2 : 0.039    precision@3 : 0.0352    precision@4 : 0.0319    precision@5 : 0.0303    precision@10 : 0.0251    precision@20 : 0.0214    precision@30 : 0.0185    precision@50 : 0.0153    map@1 : 0.0411    map@2 : 0.0389    map@3 : 0.038    map@4 : 0.0382    map@5 : 0.039    map@10 : 0.0441    map@20 : 0.0495    map@30 : 0.0524    map@50 : 0.0558
Mon 16 Mar 2026 12:38:33 INFO  Saving current: saved/NCL-Mar-16-2026_12-38-24.pth
Mon 16 Mar 2026 12:38:33 INFO  Saving current best: saved/NCL-Mar-16-2026_12-38-24.pth
Mon 16 Mar 2026 12:38:33 INFO  Running E-step ! 
Mon 16 Mar 2026 12:38:33 INFO  epoch 12 training [time: 0.15s, train_loss1: 5.5272, train_loss2: 0.0058]
Mon 16 Mar 2026 12:38:34 INFO  epoch 12 evaluating [time: 0.20s, valid_score: 0.084700]
Mon 16 Mar 2026 12:38:34 INFO  valid result: 
recall@1 : 0.0258    recall@2 : 0.0445    recall@3 : 0.0574    recall@4 : 0.0676    recall@5 : 0.0787    recall@10 : 0.1306    recall@20 : 0.1949    recall@30 : 0.2577    recall@50 : 0.3369    ndcg@1 : 0.0513    ndcg@2 : 0.0563    ndcg@3 : 0.0596    ndcg@4 : 0.0627    ndcg@5 : 0.0668    ndcg@10 : 0.0847    ndcg@20 : 0.1046    ndcg@30 : 0.1212    ndcg@50 : 0.14    precision@1 : 0.0513    precision@2 : 0.0465    precision@3 : 0.0421    precision@4 : 0.0381    precision@5 : 0.0362    precision@10 : 0.0296    precision@20 : 0.0234    precision@30 : 0.0207    precision@50 : 0.0166    map@1 : 0.0513    map@2 : 0.048    map@3 : 0.0466    map@4 : 0.0468    map@5 : 0.0479    map@10 : 0.054    map@20 : 0.0593    map@30 : 0.0631    map@50 : 0.0664
Mon 16 Mar 2026 12:38:34 INFO  Saving current: saved/NCL-Mar-16-2026_12-38-24.pth
Mon 16 Mar 2026 12:38:34 INFO  Saving current best: saved/NCL-Mar-16-2026_12-38-24.pth
Mon 16 Mar 2026 12:38:34 INFO  Running E-step ! 
Mon 16 Mar 2026 12:38:34 INFO  epoch 13 training [time: 0.16s, train_loss1: 5.5232, train_loss2: 0.0062]
Mon 16 Mar 2026 12:38:34 INFO  epoch 13 evaluating [time: 0.19s, valid_score: 0.099400]
Mon 16 Mar 2026 12:38:34 INFO  valid result: 
recall@1 : 0.0324    recall@2 : 0.0551    recall@3 : 0.0667    recall@4 : 0.0809    recall@5 : 0.0923    recall@10 : 0.1479    recall@20 : 0.2256    recall@30 : 0.2831    recall@50 : 0.3735    ndcg@1 : 0.0644    ndcg@2 : 0.0689    ndcg@3 : 0.0709    ndcg@4 : 0.0757    ndcg@5 : 0.0791    ndcg@10 : 0.0994    ndcg@20 : 0.1228    ndcg@30 : 0.1385    ndcg@50 : 0.1595    precision@1 : 0.0644    precision@2 : 0.0566    precision@3 : 0.0495    precision@4 : 0.0459    precision@5 : 0.0415    precision@10 : 0.0344    precision@20 : 0.0269    precision@30 : 0.0231    precision@50 : 0.0182    map@1 : 0.0644    map@2 : 0.0583    map@3 : 0.0559    map@4 : 0.0568    map@5 : 0.0577    map@10 : 0.0649    map@20 : 0.0715    map@30 : 0.0752    map@50 : 0.079
Mon 16 Mar 2026 12:38:34 INFO  Saving current: saved/NCL-Mar-16-2026_12-38-24.pth
Mon 16 Mar 2026 12:38:34 INFO  Saving current best: saved/NCL-Mar-16-2026_12-38-24.pth
Mon 16 Mar 2026 12:38:34 INFO  Running E-step ! 
Mon 16 Mar 2026 12:38:34 INFO  epoch 14 training [time: 0.16s, train_loss1: 5.5179, train_loss2: 0.0070]
Mon 16 Mar 2026 12:38:34 INFO  epoch 14 evaluating [time: 0.19s, valid_score: 0.116800]
Mon 16 Mar 2026 12:38:34 INFO  valid result: 
recall@1 : 0.039    recall@2 : 0.0653    recall@3 : 0.0868    recall@4 : 0.0996    recall@5 : 0.1118    recall@10 : 0.168    recall@20 : 0.2531    recall@30 : 0.3253    recall@50 : 0.4128    ndcg@1 : 0.0787    ndcg@2 : 0.0833    ndcg@3 : 0.0889    ndcg@4 : 0.0921    ndcg@5 : 0.0963    ndcg@10 : 0.1168    ndcg@20 : 0.1426    ndcg@30 : 0.1619    ndcg@50 : 0.1822    precision@1 : 0.0787    precision@2 : 0.0691    precision@3 : 0.0628    precision@4 : 0.0551    precision@5 : 0.0508    precision@10 : 0.0398    precision@20 : 0.0305    precision@30 : 0.0264    precision@50 : 0.02    map@1 : 0.0787    map@2 : 0.0708    map@3 : 0.07    map@4 : 0.0699    map@5 : 0.071    map@10 : 0.0784    map@20 : 0.0859    map@30 : 0.0907    map@50 : 0.0945
Mon 16 Mar 2026 12:38:34 INFO  Saving current: saved/NCL-Mar-16-2026_12-38-24.pth
Mon 16 Mar 2026 12:38:34 INFO  Saving current best: saved/NCL-Mar-16-2026_12-38-24.pth
Mon 16 Mar 2026 12:38:34 INFO  Running E-step ! 
Mon 16 Mar 2026 12:38:35 INFO  epoch 15 training [time: 0.16s, train_loss1: 5.5104, train_loss2: 0.0084]
Mon 16 Mar 2026 12:38:35 INFO  epoch 15 evaluating [time: 0.19s, valid_score: 0.137400]
Mon 16 Mar 2026 12:38:35 INFO  valid result: 
recall@1 : 0.0462    recall@2 : 0.0765    recall@3 : 0.1028    recall@4 : 0.1147    recall@5 : 0.1319    recall@10 : 0.198    recall@20 : 0.2949    recall@30 : 0.365    recall@50 : 0.4692    ndcg@1 : 0.0912    ndcg@2 : 0.0976    ndcg@3 : 0.1044    ndcg@4 : 0.1073    ndcg@5 : 0.1135    ndcg@10 : 0.1374    ndcg@20 : 0.1672    ndcg@30 : 0.1857    ndcg@50 : 0.21    precision@1 : 0.0912    precision@2 : 0.0816    precision@3 : 0.0737    precision@4 : 0.0651    precision@5 : 0.0607    precision@10 : 0.0464    precision@20 : 0.0354    precision@30 : 0.0293    precision@50 : 0.0227    map@1 : 0.0912    map@2 : 0.0831    map@3 : 0.0823    map@4 : 0.0817    map@5 : 0.084    map@10 : 0.0934    map@20 : 0.1027    map@30 : 0.1073    map@50 : 0.1121
Mon 16 Mar 2026 12:38:35 INFO  Saving current: saved/NCL-Mar-16-2026_12-38-24.pth
Mon 16 Mar 2026 12:38:35 INFO  Saving current best: saved/NCL-Mar-16-2026_12-38-24.pth
Mon 16 Mar 2026 12:38:35 INFO  Running E-step ! 
Mon 16 Mar 2026 12:38:35 INFO  epoch 16 training [time: 0.16s, train_loss1: 5.4994, train_loss2: 0.0106]
Mon 16 Mar 2026 12:38:35 INFO  epoch 16 evaluating [time: 0.19s, valid_score: 0.166600]
Mon 16 Mar 2026 12:38:35 INFO  valid result: 
recall@1 : 0.054    recall@2 : 0.0932    recall@3 : 0.1214    recall@4 : 0.1448    recall@5 : 0.1636    recall@10 : 0.242    recall@20 : 0.3493    recall@30 : 0.4368    recall@50 : 0.5414    ndcg@1 : 0.1061    ndcg@2 : 0.117    ndcg@3 : 0.1231    ndcg@4 : 0.1311    ndcg@5 : 0.1374    ndcg@10 : 0.1666    ndcg@20 : 0.1991    ndcg@30 : 0.222    ndcg@50 : 0.2462    precision@1 : 0.1061    precision@2 : 0.0989    precision@3 : 0.0864    precision@4 : 0.0797    precision@5 : 0.0727    precision@10 : 0.0566    precision@20 : 0.0413    precision@30 : 0.0344    precision@50 : 0.0257    map@1 : 0.1061    map@2 : 0.0992    map@3 : 0.0978    map@4 : 0.0999    map@5 : 0.1023    map@10 : 0.1144    map@20 : 0.1248    map@30 : 0.1307    map@50 : 0.1356
Mon 16 Mar 2026 12:38:35 INFO  Saving current: saved/NCL-Mar-16-2026_12-38-24.pth
Mon 16 Mar 2026 12:38:35 INFO  Saving current best: saved/NCL-Mar-16-2026_12-38-24.pth
Mon 16 Mar 2026 12:38:35 INFO  Running E-step ! 
Mon 16 Mar 2026 12:38:35 INFO  epoch 17 training [time: 0.15s, train_loss1: 5.4819, train_loss2: 0.0142]
Mon 16 Mar 2026 12:38:36 INFO  epoch 17 evaluating [time: 0.19s, valid_score: 0.203300]
Mon 16 Mar 2026 12:38:36 INFO  valid result: 
recall@1 : 0.0627    recall@2 : 0.1099    recall@3 : 0.1437    recall@4 : 0.1776    recall@5 : 0.2072    recall@10 : 0.3066    recall@20 : 0.4301    recall@30 : 0.5017    recall@50 : 0.611    ndcg@1 : 0.1246    ndcg@2 : 0.1354    ndcg@3 : 0.1437    ndcg@4 : 0.1562    ndcg@5 : 0.1675    ndcg@10 : 0.2033    ndcg@20 : 0.2406    ndcg@30 : 0.2597    ndcg@50 : 0.2852    precision@1 : 0.1246    precision@2 : 0.1132    precision@3 : 0.1001    precision@4 : 0.0945    precision@5 : 0.0895    precision@10 : 0.0682    precision@20 : 0.0487    precision@30 : 0.0385    precision@50 : 0.0284    map@1 : 0.1246    map@2 : 0.1155    map@3 : 0.1144    map@4 : 0.1195    map@5 : 0.1241    map@10 : 0.1397    map@20 : 0.1521    map@30 : 0.1575    map@50 : 0.1628
Mon 16 Mar 2026 12:38:36 INFO  Saving current: saved/NCL-Mar-16-2026_12-38-24.pth
Mon 16 Mar 2026 12:38:36 INFO  Saving current best: saved/NCL-Mar-16-2026_12-38-24.pth
Mon 16 Mar 2026 12:38:36 INFO  Running E-step ! 
Mon 16 Mar 2026 12:38:36 INFO  epoch 18 training [time: 0.18s, train_loss1: 5.4527, train_loss2: 0.0197]
Mon 16 Mar 2026 12:38:36 INFO  epoch 18 evaluating [time: 0.20s, valid_score: 0.246400]
Mon 16 Mar 2026 12:38:36 INFO  valid result: 
recall@1 : 0.0795    recall@2 : 0.1344    recall@3 : 0.1781    recall@4 : 0.2157    recall@5 : 0.2479    recall@10 : 0.3799    recall@20 : 0.5285    recall@30 : 0.5992    recall@50 : 0.6894    ndcg@1 : 0.149    ndcg@2 : 0.1617    ndcg@3 : 0.1734    ndcg@4 : 0.1869    ndcg@5 : 0.1986    ndcg@10 : 0.2464    ndcg@20 : 0.2905    ndcg@30 : 0.3095    ndcg@50 : 0.3307    precision@1 : 0.149    precision@2 : 0.132    precision@3 : 0.1158    precision@4 : 0.1068    precision@5 : 0.0992    precision@10 : 0.0788    precision@20 : 0.0558    precision@30 : 0.0433    precision@50 : 0.0305    map@1 : 0.149    map@2 : 0.1399    map@3 : 0.1412    map@4 : 0.1462    map@5 : 0.1511    map@10 : 0.1716    map@20 : 0.1863    map@30 : 0.1918    map@50 : 0.1966
Mon 16 Mar 2026 12:38:36 INFO  Saving current: saved/NCL-Mar-16-2026_12-38-24.pth
Mon 16 Mar 2026 12:38:36 INFO  Saving current best: saved/NCL-Mar-16-2026_12-38-24.pth
Mon 16 Mar 2026 12:38:36 INFO  Running E-step ! 
Mon 16 Mar 2026 12:38:36 INFO  epoch 19 training [time: 0.18s, train_loss1: 5.3925, train_loss2: 0.0276]
Mon 16 Mar 2026 12:38:36 INFO  epoch 19 evaluating [time: 0.20s, valid_score: 0.291100]
Mon 16 Mar 2026 12:38:36 INFO  valid result: 
recall@1 : 0.1081    recall@2 : 0.1825    recall@3 : 0.2309    recall@4 : 0.2697    recall@5 : 0.3088    recall@10 : 0.4378    recall@20 : 0.5938    recall@30 : 0.6688    recall@50 : 0.7508    ndcg@1 : 0.1853    ndcg@2 : 0.2049    ndcg@3 : 0.2188    ndcg@4 : 0.2312    ndcg@5 : 0.2453    ndcg@10 : 0.2911    ndcg@20 : 0.3383    ndcg@30 : 0.3581    ndcg@50 : 0.3777    precision@1 : 0.1853    precision@2 : 0.1582    precision@3 : 0.1355    precision@4 : 0.1192    precision@5 : 0.1099    precision@10 : 0.0827    precision@20 : 0.0592    precision@30 : 0.0457    precision@50 : 0.0318    map@1 : 0.1853    map@2 : 0.1801    map@3 : 0.1814    map@4 : 0.1857    map@5 : 0.1912    map@10 : 0.2099    map@20 : 0.2263    map@30 : 0.2319    map@50 : 0.2365
Mon 16 Mar 2026 12:38:36 INFO  Saving current: saved/NCL-Mar-16-2026_12-38-24.pth
Mon 16 Mar 2026 12:38:36 INFO  Saving current best: saved/NCL-Mar-16-2026_12-38-24.pth
Mon 16 Mar 2026 12:38:36 INFO  Running E-step ! 
Mon 16 Mar 2026 12:38:37 INFO  epoch 20 training [time: 0.18s, train_loss1: 5.2681, train_loss2: 0.0331, train_loss3: 0.0031]
Mon 16 Mar 2026 12:38:37 INFO  epoch 20 evaluating [time: 0.19s, valid_score: 0.306500]
Mon 16 Mar 2026 12:38:37 INFO  valid result: 
recall@1 : 0.1123    recall@2 : 0.2011    recall@3 : 0.2605    recall@4 : 0.3045    recall@5 : 0.3389    recall@10 : 0.459    recall@20 : 0.613    recall@30 : 0.6885    recall@50 : 0.7666    ndcg@1 : 0.1865    ndcg@2 : 0.2169    ndcg@3 : 0.2362    ndcg@4 : 0.2516    ndcg@5 : 0.264    ndcg@10 : 0.3065    ndcg@20 : 0.3528    ndcg@30 : 0.3729    ndcg@50 : 0.3915    precision@1 : 0.1865    precision@2 : 0.1657    precision@3 : 0.1436    precision@4 : 0.1278    precision@5 : 0.116    precision@10 : 0.083    precision@20 : 0.0591    precision@30 : 0.0457    precision@50 : 0.0316    map@1 : 0.1865    map@2 : 0.1903    map@3 : 0.1951    map@4 : 0.201    map@5 : 0.2059    map@10 : 0.2234    map@20 : 0.239    map@30 : 0.2446    map@50 : 0.2488
Mon 16 Mar 2026 12:38:37 INFO  Saving current: saved/NCL-Mar-16-2026_12-38-24.pth
Mon 16 Mar 2026 12:38:37 INFO  Saving current best: saved/NCL-Mar-16-2026_12-38-24.pth
Mon 16 Mar 2026 12:38:37 INFO  Running E-step ! 
Mon 16 Mar 2026 12:38:37 INFO  epoch 21 training [time: 0.16s, train_loss1: 5.0550, train_loss2: 0.0355, train_loss3: 0.0040]
Mon 16 Mar 2026 12:38:37 INFO  epoch 21 evaluating [time: 0.19s, valid_score: 0.308100]
Mon 16 Mar 2026 12:38:37 INFO  valid result: 
recall@1 : 0.1104    recall@2 : 0.2074    recall@3 : 0.2663    recall@4 : 0.3037    recall@5 : 0.3424    recall@10 : 0.4639    recall@20 : 0.6037    recall@30 : 0.6869    recall@50 : 0.7615    ndcg@1 : 0.1847    ndcg@2 : 0.2185    ndcg@3 : 0.2384    ndcg@4 : 0.2509    ndcg@5 : 0.2654    ndcg@10 : 0.3081    ndcg@20 : 0.3505    ndcg@30 : 0.3724    ndcg@50 : 0.3904    precision@1 : 0.1847    precision@2 : 0.166    precision@3 : 0.1442    precision@4 : 0.1265    precision@5 : 0.1163    precision@10 : 0.0821    precision@20 : 0.0577    precision@30 : 0.045    precision@50 : 0.0311    map@1 : 0.1847    map@2 : 0.1912    map@3 : 0.1966    map@4 : 0.2008    map@5 : 0.2069    map@10 : 0.2245    map@20 : 0.2386    map@30 : 0.2446    map@50 : 0.2486
Mon 16 Mar 2026 12:38:37 INFO  Saving current: saved/NCL-Mar-16-2026_12-38-24.pth
Mon 16 Mar 2026 12:38:37 INFO  Saving current best: saved/NCL-Mar-16-2026_12-38-24.pth
Mon 16 Mar 2026 12:38:37 INFO  Running E-step ! 
Mon 16 Mar 2026 12:38:37 INFO  epoch 22 training [time: 0.18s, train_loss1: 4.7602, train_loss2: 0.0365, train_loss3: 0.0047]
Mon 16 Mar 2026 12:38:38 INFO  epoch 22 evaluating [time: 0.19s, valid_score: 0.308300]
Mon 16 Mar 2026 12:38:38 INFO  valid result: 
recall@1 : 0.1089    recall@2 : 0.2041    recall@3 : 0.2693    recall@4 : 0.3069    recall@5 : 0.3438    recall@10 : 0.4671    recall@20 : 0.5991    recall@30 : 0.6852    recall@50 : 0.7595    ndcg@1 : 0.1824    ndcg@2 : 0.2152    ndcg@3 : 0.2387    ndcg@4 : 0.2512    ndcg@5 : 0.265    ndcg@10 : 0.3083    ndcg@20 : 0.3479    ndcg@30 : 0.3708    ndcg@50 : 0.3887    precision@1 : 0.1824    precision@2 : 0.1633    precision@3 : 0.145    precision@4 : 0.1268    precision@5 : 0.1161    precision@10 : 0.0824    precision@20 : 0.0566    precision@30 : 0.0447    precision@50 : 0.0309    map@1 : 0.1824    map@2 : 0.188    map@3 : 0.1961    map@4 : 0.2003    map@5 : 0.2059    map@10 : 0.2239    map@20 : 0.2368    map@30 : 0.2431    map@50 : 0.247
Mon 16 Mar 2026 12:38:38 INFO  Saving current: saved/NCL-Mar-16-2026_12-38-24.pth
Mon 16 Mar 2026 12:38:38 INFO  Saving current best: saved/NCL-Mar-16-2026_12-38-24.pth
Mon 16 Mar 2026 12:38:38 INFO  Running E-step ! 
Mon 16 Mar 2026 12:38:38 INFO  epoch 23 training [time: 0.17s, train_loss1: 4.4156, train_loss2: 0.0370, train_loss3: 0.0056]
Mon 16 Mar 2026 12:38:38 INFO  epoch 23 evaluating [time: 0.18s, valid_score: 0.307100]
Mon 16 Mar 2026 12:38:38 INFO  valid result: 
recall@1 : 0.1065    recall@2 : 0.2004    recall@3 : 0.2667    recall@4 : 0.3045    recall@5 : 0.3458    recall@10 : 0.4687    recall@20 : 0.5963    recall@30 : 0.6827    recall@50 : 0.7636    ndcg@1 : 0.18    ndcg@2 : 0.2113    ndcg@3 : 0.236    ndcg@4 : 0.2487    ndcg@5 : 0.2639    ndcg@10 : 0.3071    ndcg@20 : 0.3453    ndcg@30 : 0.3683    ndcg@50 : 0.3875    precision@1 : 0.18    precision@2 : 0.1603    precision@3 : 0.144    precision@4 : 0.1265    precision@5 : 0.1162    precision@10 : 0.0824    precision@20 : 0.056    precision@30 : 0.0444    precision@50 : 0.0308    map@1 : 0.18    map@2 : 0.1843    map@3 : 0.1934    map@4 : 0.1976    map@5 : 0.204    map@10 : 0.222    map@20 : 0.2343    map@30 : 0.2406    map@50 : 0.2448
Mon 16 Mar 2026 12:38:38 INFO  Running E-step ! 
Mon 16 Mar 2026 12:38:38 INFO  epoch 24 training [time: 0.19s, train_loss1: 4.0759, train_loss2: 0.0373, train_loss3: 0.0062]
Mon 16 Mar 2026 12:38:38 INFO  epoch 24 evaluating [time: 0.19s, valid_score: 0.307500]
Mon 16 Mar 2026 12:38:38 INFO  valid result: 
recall@1 : 0.1083    recall@2 : 0.1988    recall@3 : 0.2656    recall@4 : 0.3032    recall@5 : 0.3437    recall@10 : 0.4692    recall@20 : 0.5941    recall@30 : 0.6761    recall@50 : 0.7673    ndcg@1 : 0.1818    ndcg@2 : 0.2108    ndcg@3 : 0.2357    ndcg@4 : 0.2485    ndcg@5 : 0.2633    ndcg@10 : 0.3075    ndcg@20 : 0.3447    ndcg@30 : 0.3667    ndcg@50 : 0.3882    precision@1 : 0.1818    precision@2 : 0.1594    precision@3 : 0.1434    precision@4 : 0.1262    precision@5 : 0.1156    precision@10 : 0.0826    precision@20 : 0.0555    precision@30 : 0.0439    precision@50 : 0.0309    map@1 : 0.1818    map@2 : 0.1843    map@3 : 0.1937    map@4 : 0.1978    map@5 : 0.204    map@10 : 0.2225    map@20 : 0.2344    map@30 : 0.2405    map@50 : 0.245
Mon 16 Mar 2026 12:38:38 INFO  Running E-step ! 
Mon 16 Mar 2026 12:38:39 INFO  epoch 25 training [time: 0.19s, train_loss1: 3.7954, train_loss2: 0.0377, train_loss3: 0.0067]
Mon 16 Mar 2026 12:38:39 INFO  epoch 25 evaluating [time: 0.20s, valid_score: 0.309300]
Mon 16 Mar 2026 12:38:39 INFO  valid result: 
recall@1 : 0.1134    recall@2 : 0.1991    recall@3 : 0.2661    recall@4 : 0.3026    recall@5 : 0.3445    recall@10 : 0.4687    recall@20 : 0.5934    recall@30 : 0.673    recall@50 : 0.7672    ndcg@1 : 0.1865    ndcg@2 : 0.2129    ndcg@3 : 0.2378    ndcg@4 : 0.2502    ndcg@5 : 0.2657    ndcg@10 : 0.3093    ndcg@20 : 0.3464    ndcg@30 : 0.3678    ndcg@50 : 0.39    precision@1 : 0.1865    precision@2 : 0.1597    precision@3 : 0.1434    precision@4 : 0.1262    precision@5 : 0.1161    precision@10 : 0.0825    precision@20 : 0.0554    precision@30 : 0.0437    precision@50 : 0.0309    map@1 : 0.1865    map@2 : 0.187    map@3 : 0.1963    map@4 : 0.2003    map@5 : 0.2069    map@10 : 0.225    map@20 : 0.2368    map@30 : 0.2428    map@50 : 0.2475
Mon 16 Mar 2026 12:38:39 INFO  Saving current: saved/NCL-Mar-16-2026_12-38-24.pth
Mon 16 Mar 2026 12:38:39 INFO  Saving current best: saved/NCL-Mar-16-2026_12-38-24.pth
Mon 16 Mar 2026 12:38:39 INFO  Running E-step ! 
Mon 16 Mar 2026 12:38:39 INFO  epoch 26 training [time: 0.19s, train_loss1: 3.5861, train_loss2: 0.0380, train_loss3: 0.0070]
Mon 16 Mar 2026 12:38:39 INFO  epoch 26 evaluating [time: 0.19s, valid_score: 0.310600]
Mon 16 Mar 2026 12:38:39 INFO  valid result: 
recall@1 : 0.1174    recall@2 : 0.1986    recall@3 : 0.2653    recall@4 : 0.3028    recall@5 : 0.3439    recall@10 : 0.4689    recall@20 : 0.594    recall@30 : 0.6721    recall@50 : 0.766    ndcg@1 : 0.1901    ndcg@2 : 0.2138    ndcg@3 : 0.2387    ndcg@4 : 0.2515    ndcg@5 : 0.2668    ndcg@10 : 0.3106    ndcg@20 : 0.3477    ndcg@30 : 0.3687    ndcg@50 : 0.391    precision@1 : 0.1901    precision@2 : 0.1591    precision@3 : 0.143    precision@4 : 0.126    precision@5 : 0.116    precision@10 : 0.0824    precision@20 : 0.0554    precision@30 : 0.0436    precision@50 : 0.0308    map@1 : 0.1901    map@2 : 0.1886    map@3 : 0.1979    map@4 : 0.202    map@5 : 0.2086    map@10 : 0.2268    map@20 : 0.2387    map@30 : 0.2445    map@50 : 0.2492
Mon 16 Mar 2026 12:38:39 INFO  Saving current: saved/NCL-Mar-16-2026_12-38-24.pth
Mon 16 Mar 2026 12:38:39 INFO  Saving current best: saved/NCL-Mar-16-2026_12-38-24.pth
Mon 16 Mar 2026 12:38:39 INFO  Running E-step ! 
Mon 16 Mar 2026 12:38:40 INFO  epoch 27 training [time: 0.20s, train_loss1: 3.4166, train_loss2: 0.0382, train_loss3: 0.0072]
Mon 16 Mar 2026 12:38:40 INFO  epoch 27 evaluating [time: 0.19s, valid_score: 0.310900]
Mon 16 Mar 2026 12:38:40 INFO  valid result: 
recall@1 : 0.1183    recall@2 : 0.1986    recall@3 : 0.2653    recall@4 : 0.3039    recall@5 : 0.343    recall@10 : 0.4689    recall@20 : 0.5929    recall@30 : 0.6723    recall@50 : 0.7662    ndcg@1 : 0.1913    ndcg@2 : 0.2142    ndcg@3 : 0.239    ndcg@4 : 0.2522    ndcg@5 : 0.2668    ndcg@10 : 0.3109    ndcg@20 : 0.3477    ndcg@30 : 0.369    ndcg@50 : 0.3913    precision@1 : 0.1913    precision@2 : 0.1591    precision@3 : 0.143    precision@4 : 0.1262    precision@5 : 0.1157    precision@10 : 0.0824    precision@20 : 0.0553    precision@30 : 0.0436    precision@50 : 0.0309    map@1 : 0.1913    map@2 : 0.1891    map@3 : 0.1984    map@4 : 0.2027    map@5 : 0.209    map@10 : 0.2272    map@20 : 0.239    map@30 : 0.2448    map@50 : 0.2496
Mon 16 Mar 2026 12:38:40 INFO  Saving current: saved/NCL-Mar-16-2026_12-38-24.pth
Mon 16 Mar 2026 12:38:40 INFO  Saving current best: saved/NCL-Mar-16-2026_12-38-24.pth
Mon 16 Mar 2026 12:38:40 INFO  Running E-step ! 
Mon 16 Mar 2026 12:38:40 INFO  epoch 28 training [time: 0.19s, train_loss1: 3.3075, train_loss2: 0.0384, train_loss3: 0.0072]
Mon 16 Mar 2026 12:38:40 INFO  epoch 28 evaluating [time: 0.19s, valid_score: 0.310400]
Mon 16 Mar 2026 12:38:40 INFO  valid result: 
recall@1 : 0.1172    recall@2 : 0.1989    recall@3 : 0.2646    recall@4 : 0.3032    recall@5 : 0.343    recall@10 : 0.4689    recall@20 : 0.5934    recall@30 : 0.6729    recall@50 : 0.7668    ndcg@1 : 0.1907    ndcg@2 : 0.2141    ndcg@3 : 0.2381    ndcg@4 : 0.2515    ndcg@5 : 0.2663    ndcg@10 : 0.3104    ndcg@20 : 0.3474    ndcg@30 : 0.3686    ndcg@50 : 0.3909    precision@1 : 0.1907    precision@2 : 0.1594    precision@3 : 0.1422    precision@4 : 0.1259    precision@5 : 0.1156    precision@10 : 0.0824    precision@20 : 0.0554    precision@30 : 0.0436    precision@50 : 0.0309    map@1 : 0.1907    map@2 : 0.1888    map@3 : 0.1976    map@4 : 0.202    map@5 : 0.2083    map@10 : 0.2265    map@20 : 0.2384    map@30 : 0.2441    map@50 : 0.2489
Mon 16 Mar 2026 12:38:40 INFO  Running E-step ! 
Mon 16 Mar 2026 12:38:40 INFO  epoch 29 training [time: 0.20s, train_loss1: 3.2592, train_loss2: 0.0386, train_loss3: 0.0073]
Mon 16 Mar 2026 12:38:41 INFO  epoch 29 evaluating [time: 0.19s, valid_score: 0.310500]
Mon 16 Mar 2026 12:38:41 INFO  valid result: 
recall@1 : 0.1178    recall@2 : 0.1991    recall@3 : 0.2644    recall@4 : 0.3036    recall@5 : 0.3422    recall@10 : 0.4688    recall@20 : 0.5932    recall@30 : 0.6724    recall@50 : 0.7667    ndcg@1 : 0.1913    ndcg@2 : 0.2145    ndcg@3 : 0.2383    ndcg@4 : 0.252    ndcg@5 : 0.2662    ndcg@10 : 0.3105    ndcg@20 : 0.3475    ndcg@30 : 0.3686    ndcg@50 : 0.391    precision@1 : 0.1913    precision@2 : 0.1597    precision@3 : 0.142    precision@4 : 0.1262    precision@5 : 0.1154    precision@10 : 0.0823    precision@20 : 0.0554    precision@30 : 0.0435    precision@50 : 0.0309    map@1 : 0.1913    map@2 : 0.1892    map@3 : 0.1978    map@4 : 0.2025    map@5 : 0.2085    map@10 : 0.2268    map@20 : 0.2386    map@30 : 0.2444    map@50 : 0.2492
Mon 16 Mar 2026 12:38:41 INFO  Running E-step ! 
Mon 16 Mar 2026 12:38:41 INFO  epoch 30 training [time: 0.19s, train_loss1: 3.1965, train_loss2: 0.0387, train_loss3: 0.0074]
Mon 16 Mar 2026 12:38:41 INFO  epoch 30 evaluating [time: 0.19s, valid_score: 0.311100]
Mon 16 Mar 2026 12:38:41 INFO  valid result: 
recall@1 : 0.119    recall@2 : 0.199    recall@3 : 0.2644    recall@4 : 0.3043    recall@5 : 0.3425    recall@10 : 0.4691    recall@20 : 0.593    recall@30 : 0.6706    recall@50 : 0.7669    ndcg@1 : 0.1925    ndcg@2 : 0.215    ndcg@3 : 0.2387    ndcg@4 : 0.2527    ndcg@5 : 0.2668    ndcg@10 : 0.3111    ndcg@20 : 0.3479    ndcg@30 : 0.3686    ndcg@50 : 0.3915    precision@1 : 0.1925    precision@2 : 0.1597    precision@3 : 0.142    precision@4 : 0.1263    precision@5 : 0.1154    precision@10 : 0.0825    precision@20 : 0.0554    precision@30 : 0.0434    precision@50 : 0.0309    map@1 : 0.1925    map@2 : 0.1898    map@3 : 0.1984    map@4 : 0.2032    map@5 : 0.2092    map@10 : 0.2274    map@20 : 0.2393    map@30 : 0.2449    map@50 : 0.2498
Mon 16 Mar 2026 12:38:41 INFO  Saving current: saved/NCL-Mar-16-2026_12-38-24.pth
Mon 16 Mar 2026 12:38:41 INFO  Saving current best: saved/NCL-Mar-16-2026_12-38-24.pth
Mon 16 Mar 2026 12:38:41 INFO  Running E-step ! 
Mon 16 Mar 2026 12:38:41 INFO  epoch 31 training [time: 0.19s, train_loss1: 3.1851, train_loss2: 0.0389, train_loss3: 0.0073]
Mon 16 Mar 2026 12:38:41 INFO  epoch 31 evaluating [time: 0.19s, valid_score: 0.311000]
Mon 16 Mar 2026 12:38:41 INFO  valid result: 
recall@1 : 0.1184    recall@2 : 0.199    recall@3 : 0.264    recall@4 : 0.3054    recall@5 : 0.3437    recall@10 : 0.4693    recall@20 : 0.5923    recall@30 : 0.6688    recall@50 : 0.7665    ndcg@1 : 0.1919    ndcg@2 : 0.2148    ndcg@3 : 0.2381    ndcg@4 : 0.253    ndcg@5 : 0.267    ndcg@10 : 0.311    ndcg@20 : 0.3475    ndcg@30 : 0.3682    ndcg@50 : 0.3913    precision@1 : 0.1919    precision@2 : 0.1597    precision@3 : 0.1414    precision@4 : 0.1269    precision@5 : 0.1156    precision@10 : 0.0825    precision@20 : 0.0553    precision@30 : 0.0434    precision@50 : 0.0309    map@1 : 0.1919    map@2 : 0.1895    map@3 : 0.1979    map@4 : 0.2032    map@5 : 0.2091    map@10 : 0.2272    map@20 : 0.239    map@30 : 0.2447    map@50 : 0.2496
Mon 16 Mar 2026 12:38:41 INFO  Running E-step ! 
Mon 16 Mar 2026 12:38:42 INFO  epoch 32 training [time: 0.18s, train_loss1: 3.1916, train_loss2: 0.0390, train_loss3: 0.0072]
Mon 16 Mar 2026 12:38:42 INFO  epoch 32 evaluating [time: 0.19s, valid_score: 0.311700]
Mon 16 Mar 2026 12:38:42 INFO  valid result: 
recall@1 : 0.1201    recall@2 : 0.199    recall@3 : 0.2642    recall@4 : 0.305    recall@5 : 0.3437    recall@10 : 0.4693    recall@20 : 0.5935    recall@30 : 0.6686    recall@50 : 0.7662    ndcg@1 : 0.1937    ndcg@2 : 0.2154    ndcg@3 : 0.2389    ndcg@4 : 0.2535    ndcg@5 : 0.2677    ndcg@10 : 0.3117    ndcg@20 : 0.3486    ndcg@30 : 0.3689    ndcg@50 : 0.392    precision@1 : 0.1937    precision@2 : 0.1597    precision@3 : 0.1416    precision@4 : 0.1268    precision@5 : 0.1156    precision@10 : 0.0825    precision@20 : 0.0555    precision@30 : 0.0434    precision@50 : 0.0309    map@1 : 0.1937    map@2 : 0.1904    map@3 : 0.1988    map@4 : 0.2041    map@5 : 0.21    map@10 : 0.2281    map@20 : 0.24    map@30 : 0.2456    map@50 : 0.2506
Mon 16 Mar 2026 12:38:42 INFO  Saving current: saved/NCL-Mar-16-2026_12-38-24.pth
Mon 16 Mar 2026 12:38:42 INFO  Saving current best: saved/NCL-Mar-16-2026_12-38-24.pth
Mon 16 Mar 2026 12:38:42 INFO  Running E-step ! 
Mon 16 Mar 2026 12:38:42 INFO  epoch 33 training [time: 0.19s, train_loss1: 3.1607, train_loss2: 0.0391, train_loss3: 0.0072]
Mon 16 Mar 2026 12:38:42 INFO  epoch 33 evaluating [time: 0.19s, valid_score: 0.311400]
Mon 16 Mar 2026 12:38:42 INFO  valid result: 
recall@1 : 0.1209    recall@2 : 0.1987    recall@3 : 0.264    recall@4 : 0.3044    recall@5 : 0.3431    recall@10 : 0.468    recall@20 : 0.5929    recall@30 : 0.6709    recall@50 : 0.7656    ndcg@1 : 0.1937    ndcg@2 : 0.2154    ndcg@3 : 0.2389    ndcg@4 : 0.2534    ndcg@5 : 0.2676    ndcg@10 : 0.3114    ndcg@20 : 0.3486    ndcg@30 : 0.3696    ndcg@50 : 0.392    precision@1 : 0.1937    precision@2 : 0.1594    precision@3 : 0.1414    precision@4 : 0.1266    precision@5 : 0.1155    precision@10 : 0.0823    precision@20 : 0.0555    precision@30 : 0.0436    precision@50 : 0.0309    map@1 : 0.1937    map@2 : 0.1906    map@3 : 0.1991    map@4 : 0.2043    map@5 : 0.2102    map@10 : 0.2282    map@20 : 0.2403    map@30 : 0.2461    map@50 : 0.2509
Mon 16 Mar 2026 12:38:42 INFO  Running E-step ! 
Mon 16 Mar 2026 12:38:42 INFO  epoch 34 training [time: 0.19s, train_loss1: 3.1429, train_loss2: 0.0392, train_loss3: 0.0071]
Mon 16 Mar 2026 12:38:43 INFO  epoch 34 evaluating [time: 0.19s, valid_score: 0.312200]
Mon 16 Mar 2026 12:38:43 INFO  valid result: 
recall@1 : 0.1224    recall@2 : 0.1988    recall@3 : 0.2641    recall@4 : 0.3045    recall@5 : 0.3428    recall@10 : 0.4687    recall@20 : 0.593    recall@30 : 0.6742    recall@50 : 0.7655    ndcg@1 : 0.1955    ndcg@2 : 0.2162    ndcg@3 : 0.2396    ndcg@4 : 0.2542    ndcg@5 : 0.2681    ndcg@10 : 0.3122    ndcg@20 : 0.3493    ndcg@30 : 0.371    ndcg@50 : 0.3927    precision@1 : 0.1955    precision@2 : 0.1597    precision@3 : 0.1416    precision@4 : 0.1268    precision@5 : 0.1154    precision@10 : 0.0824    precision@20 : 0.0555    precision@30 : 0.0438    precision@50 : 0.031    map@1 : 0.1955    map@2 : 0.1916    map@3 : 0.2    map@4 : 0.2052    map@5 : 0.211    map@10 : 0.2291    map@20 : 0.2412    map@30 : 0.2471    map@50 : 0.2517
Mon 16 Mar 2026 12:38:43 INFO  Saving current: saved/NCL-Mar-16-2026_12-38-24.pth
Mon 16 Mar 2026 12:38:43 INFO  Saving current best: saved/NCL-Mar-16-2026_12-38-24.pth
Mon 16 Mar 2026 12:38:43 INFO  Running E-step ! 
Mon 16 Mar 2026 12:38:43 INFO  epoch 35 training [time: 0.20s, train_loss1: 3.1162, train_loss2: 0.0394, train_loss3: 0.0069]
Mon 16 Mar 2026 12:38:43 INFO  epoch 35 evaluating [time: 0.19s, valid_score: 0.312400]
Mon 16 Mar 2026 12:38:43 INFO  valid result: 
recall@1 : 0.1224    recall@2 : 0.1988    recall@3 : 0.2644    recall@4 : 0.3043    recall@5 : 0.3428    recall@10 : 0.4694    recall@20 : 0.5934    recall@30 : 0.6749    recall@50 : 0.7652    ndcg@1 : 0.1955    ndcg@2 : 0.2162    ndcg@3 : 0.2401    ndcg@4 : 0.2541    ndcg@5 : 0.268    ndcg@10 : 0.3124    ndcg@20 : 0.3495    ndcg@30 : 0.3712    ndcg@50 : 0.3926    precision@1 : 0.1955    precision@2 : 0.1597    precision@3 : 0.1422    precision@4 : 0.1266    precision@5 : 0.1153    precision@10 : 0.0825    precision@20 : 0.0557    precision@30 : 0.0438    precision@50 : 0.0309    map@1 : 0.1955    map@2 : 0.1916    map@3 : 0.2002    map@4 : 0.2051    map@5 : 0.2109    map@10 : 0.2292    map@20 : 0.2412    map@30 : 0.2471    map@50 : 0.2517
Mon 16 Mar 2026 12:38:43 INFO  Saving current: saved/NCL-Mar-16-2026_12-38-24.pth
Mon 16 Mar 2026 12:38:43 INFO  Saving current best: saved/NCL-Mar-16-2026_12-38-24.pth
Mon 16 Mar 2026 12:38:43 INFO  Running E-step ! 
Mon 16 Mar 2026 12:38:43 INFO  epoch 36 training [time: 0.20s, train_loss1: 3.1145, train_loss2: 0.0395, train_loss3: 0.0068]
Mon 16 Mar 2026 12:38:43 INFO  epoch 36 evaluating [time: 0.20s, valid_score: 0.312800]
Mon 16 Mar 2026 12:38:43 INFO  valid result: 
recall@1 : 0.1225    recall@2 : 0.1994    recall@3 : 0.2647    recall@4 : 0.3038    recall@5 : 0.3423    recall@10 : 0.4703    recall@20 : 0.595    recall@30 : 0.6759    recall@50 : 0.7654    ndcg@1 : 0.1961    ndcg@2 : 0.2167    ndcg@3 : 0.2405    ndcg@4 : 0.254    ndcg@5 : 0.268    ndcg@10 : 0.3128    ndcg@20 : 0.3502    ndcg@30 : 0.3717    ndcg@50 : 0.3928    precision@1 : 0.1961    precision@2 : 0.16    precision@3 : 0.1426    precision@4 : 0.1263    precision@5 : 0.1151    precision@10 : 0.0825    precision@20 : 0.056    precision@30 : 0.0439    precision@50 : 0.0309    map@1 : 0.1961    map@2 : 0.192    map@3 : 0.2006    map@4 : 0.2051    map@5 : 0.211    map@10 : 0.2295    map@20 : 0.2416    map@30 : 0.2474    map@50 : 0.2519
Mon 16 Mar 2026 12:38:43 INFO  Saving current: saved/NCL-Mar-16-2026_12-38-24.pth
Mon 16 Mar 2026 12:38:43 INFO  Saving current best: saved/NCL-Mar-16-2026_12-38-24.pth
Mon 16 Mar 2026 12:38:43 INFO  Running E-step ! 
Mon 16 Mar 2026 12:38:44 INFO  epoch 37 training [time: 0.18s, train_loss1: 3.1579, train_loss2: 0.0395, train_loss3: 0.0067]
Mon 16 Mar 2026 12:38:44 INFO  epoch 37 evaluating [time: 0.19s, valid_score: 0.313000]
Mon 16 Mar 2026 12:38:44 INFO  valid result: 
recall@1 : 0.1228    recall@2 : 0.1992    recall@3 : 0.265    recall@4 : 0.3044    recall@5 : 0.3428    recall@10 : 0.4701    recall@20 : 0.5953    recall@30 : 0.6775    recall@50 : 0.7645    ndcg@1 : 0.1967    ndcg@2 : 0.2166    ndcg@3 : 0.2408    ndcg@4 : 0.2545    ndcg@5 : 0.2684    ndcg@10 : 0.313    ndcg@20 : 0.3505    ndcg@30 : 0.3723    ndcg@50 : 0.3929    precision@1 : 0.1967    precision@2 : 0.1597    precision@3 : 0.1428    precision@4 : 0.1266    precision@5 : 0.1154    precision@10 : 0.0825    precision@20 : 0.056    precision@30 : 0.044    precision@50 : 0.031    map@1 : 0.1967    map@2 : 0.192    map@3 : 0.2009    map@4 : 0.2054    map@5 : 0.2113    map@10 : 0.2296    map@20 : 0.2419    map@30 : 0.2477    map@50 : 0.2522
Mon 16 Mar 2026 12:38:44 INFO  Saving current: saved/NCL-Mar-16-2026_12-38-24.pth
Mon 16 Mar 2026 12:38:44 INFO  Saving current best: saved/NCL-Mar-16-2026_12-38-24.pth
Mon 16 Mar 2026 12:38:44 INFO  Running E-step ! 
Mon 16 Mar 2026 12:38:44 INFO  epoch 38 training [time: 0.17s, train_loss1: 3.1235, train_loss2: 0.0396, train_loss3: 0.0066]
Mon 16 Mar 2026 12:38:44 INFO  epoch 38 evaluating [time: 0.19s, valid_score: 0.312600]
Mon 16 Mar 2026 12:38:44 INFO  valid result: 
recall@1 : 0.1224    recall@2 : 0.1991    recall@3 : 0.2649    recall@4 : 0.3046    recall@5 : 0.3427    recall@10 : 0.4695    recall@20 : 0.5957    recall@30 : 0.6769    recall@50 : 0.7654    ndcg@1 : 0.1961    ndcg@2 : 0.2162    ndcg@3 : 0.2407    ndcg@4 : 0.2544    ndcg@5 : 0.2682    ndcg@10 : 0.3126    ndcg@20 : 0.3504    ndcg@30 : 0.372    ndcg@50 : 0.393    precision@1 : 0.1961    precision@2 : 0.1594    precision@3 : 0.143    precision@4 : 0.1268    precision@5 : 0.1154    precision@10 : 0.0825    precision@20 : 0.056    precision@30 : 0.044    precision@50 : 0.031    map@1 : 0.1961    map@2 : 0.1917    map@3 : 0.2007    map@4 : 0.2053    map@5 : 0.2111    map@10 : 0.2294    map@20 : 0.2417    map@30 : 0.2476    map@50 : 0.2521
Mon 16 Mar 2026 12:38:44 INFO  Running E-step ! 
Mon 16 Mar 2026 12:38:44 INFO  epoch 39 training [time: 0.18s, train_loss1: 3.1226, train_loss2: 0.0397, train_loss3: 0.0065]
Mon 16 Mar 2026 12:38:45 INFO  epoch 39 evaluating [time: 0.19s, valid_score: 0.312900]
Mon 16 Mar 2026 12:38:45 INFO  valid result: 
recall@1 : 0.1233    recall@2 : 0.1993    recall@3 : 0.265    recall@4 : 0.3044    recall@5 : 0.3421    recall@10 : 0.469    recall@20 : 0.5965    recall@30 : 0.6767    recall@50 : 0.764    ndcg@1 : 0.1979    ndcg@2 : 0.2172    ndcg@3 : 0.241    ndcg@4 : 0.2547    ndcg@5 : 0.2684    ndcg@10 : 0.3129    ndcg@20 : 0.3511    ndcg@30 : 0.3724    ndcg@50 : 0.3932    precision@1 : 0.1979    precision@2 : 0.16    precision@3 : 0.1426    precision@4 : 0.1265    precision@5 : 0.1153    precision@10 : 0.0825    precision@20 : 0.0562    precision@30 : 0.044    precision@50 : 0.031    map@1 : 0.1979    map@2 : 0.1928    map@3 : 0.2012    map@4 : 0.2057    map@5 : 0.2115    map@10 : 0.2298    map@20 : 0.2423    map@30 : 0.2481    map@50 : 0.2526
Mon 16 Mar 2026 12:38:45 INFO  Running E-step ! 
Mon 16 Mar 2026 12:38:45 INFO  epoch 40 training [time: 0.18s, train_loss1: 3.0941, train_loss2: 0.0398, train_loss3: 0.0063]
Mon 16 Mar 2026 12:38:45 INFO  epoch 40 evaluating [time: 0.20s, valid_score: 0.312600]
Mon 16 Mar 2026 12:38:45 INFO  valid result: 
recall@1 : 0.1233    recall@2 : 0.1993    recall@3 : 0.265    recall@4 : 0.3034    recall@5 : 0.342    recall@10 : 0.4681    recall@20 : 0.5966    recall@30 : 0.6766    recall@50 : 0.7629    ndcg@1 : 0.1979    ndcg@2 : 0.2172    ndcg@3 : 0.241    ndcg@4 : 0.2543    ndcg@5 : 0.2684    ndcg@10 : 0.3126    ndcg@20 : 0.3512    ndcg@30 : 0.3724    ndcg@50 : 0.393    precision@1 : 0.1979    precision@2 : 0.16    precision@3 : 0.1426    precision@4 : 0.126    precision@5 : 0.1153    precision@10 : 0.0824    precision@20 : 0.0563    precision@30 : 0.044    precision@50 : 0.031    map@1 : 0.1979    map@2 : 0.1928    map@3 : 0.2012    map@4 : 0.2054    map@5 : 0.2114    map@10 : 0.2296    map@20 : 0.2423    map@30 : 0.248    map@50 : 0.2525
Mon 16 Mar 2026 12:38:45 INFO  Running E-step ! 
Mon 16 Mar 2026 12:38:45 INFO  epoch 41 training [time: 0.19s, train_loss1: 3.0706, train_loss2: 0.0399, train_loss3: 0.0062]
Mon 16 Mar 2026 12:38:45 INFO  epoch 41 evaluating [time: 0.20s, valid_score: 0.312600]
Mon 16 Mar 2026 12:38:45 INFO  valid result: 
recall@1 : 0.1227    recall@2 : 0.2001    recall@3 : 0.2659    recall@4 : 0.3051    recall@5 : 0.3419    recall@10 : 0.4678    recall@20 : 0.5973    recall@30 : 0.6772    recall@50 : 0.7624    ndcg@1 : 0.1973    ndcg@2 : 0.2176    ndcg@3 : 0.2414    ndcg@4 : 0.255    ndcg@5 : 0.2683    ndcg@10 : 0.3126    ndcg@20 : 0.3514    ndcg@30 : 0.3726    ndcg@50 : 0.393    precision@1 : 0.1973    precision@2 : 0.1606    precision@3 : 0.143    precision@4 : 0.1266    precision@5 : 0.1151    precision@10 : 0.0825    precision@20 : 0.0563    precision@30 : 0.0441    precision@50 : 0.031    map@1 : 0.1973    map@2 : 0.1929    map@3 : 0.2013    map@4 : 0.2058    map@5 : 0.2113    map@10 : 0.2297    map@20 : 0.2423    map@30 : 0.2481    map@50 : 0.2526
Mon 16 Mar 2026 12:38:45 INFO  Running E-step ! 
Mon 16 Mar 2026 12:38:46 INFO  epoch 42 training [time: 0.19s, train_loss1: 3.0769, train_loss2: 0.0400, train_loss3: 0.0060]
Mon 16 Mar 2026 12:38:46 INFO  epoch 42 evaluating [time: 0.19s, valid_score: 0.312200]
Mon 16 Mar 2026 12:38:46 INFO  valid result: 
recall@1 : 0.1215    recall@2 : 0.2001    recall@3 : 0.2653    recall@4 : 0.3055    recall@5 : 0.3425    recall@10 : 0.4678    recall@20 : 0.5968    recall@30 : 0.6769    recall@50 : 0.7639    ndcg@1 : 0.1961    ndcg@2 : 0.2171    ndcg@3 : 0.2406    ndcg@4 : 0.2546    ndcg@5 : 0.2681    ndcg@10 : 0.3122    ndcg@20 : 0.3508    ndcg@30 : 0.3722    ndcg@50 : 0.3929    precision@1 : 0.1961    precision@2 : 0.1606    precision@3 : 0.1426    precision@4 : 0.1266    precision@5 : 0.1154    precision@10 : 0.0825    precision@20 : 0.0563    precision@30 : 0.0442    precision@50 : 0.0311    map@1 : 0.1961    map@2 : 0.1923    map@3 : 0.2005    map@4 : 0.2052    map@5 : 0.2109    map@10 : 0.229    map@20 : 0.2417    map@30 : 0.2475    map@50 : 0.2521
Mon 16 Mar 2026 12:38:46 INFO  Running E-step ! 
Mon 16 Mar 2026 12:38:46 INFO  epoch 43 training [time: 0.17s, train_loss1: 3.0988, train_loss2: 0.0400, train_loss3: 0.0059]
Mon 16 Mar 2026 12:38:46 INFO  epoch 43 evaluating [time: 0.19s, valid_score: 0.312300]
Mon 16 Mar 2026 12:38:46 INFO  valid result: 
recall@1 : 0.1215    recall@2 : 0.201    recall@3 : 0.2662    recall@4 : 0.3049    recall@5 : 0.3432    recall@10 : 0.4679    recall@20 : 0.5968    recall@30 : 0.6765    recall@50 : 0.763    ndcg@1 : 0.1949    ndcg@2 : 0.2175    ndcg@3 : 0.2411    ndcg@4 : 0.2544    ndcg@5 : 0.2685    ndcg@10 : 0.3123    ndcg@20 : 0.3509    ndcg@30 : 0.3722    ndcg@50 : 0.3929    precision@1 : 0.1949    precision@2 : 0.1612    precision@3 : 0.143    precision@4 : 0.1265    precision@5 : 0.1156    precision@10 : 0.0826    precision@20 : 0.0564    precision@30 : 0.0442    precision@50 : 0.0311    map@1 : 0.1949    map@2 : 0.1926    map@3 : 0.201    map@4 : 0.2052    map@5 : 0.2112    map@10 : 0.2293    map@20 : 0.2419    map@30 : 0.2477    map@50 : 0.2523
Mon 16 Mar 2026 12:38:46 INFO  Running E-step ! 
Mon 16 Mar 2026 12:38:46 INFO  epoch 44 training [time: 0.17s, train_loss1: 3.0784, train_loss2: 0.0401, train_loss3: 0.0057]
Mon 16 Mar 2026 12:38:47 INFO  epoch 44 evaluating [time: 0.19s, valid_score: 0.312900]
Mon 16 Mar 2026 12:38:47 INFO  valid result: 
recall@1 : 0.1221    recall@2 : 0.2022    recall@3 : 0.266    recall@4 : 0.305    recall@5 : 0.3429    recall@10 : 0.4688    recall@20 : 0.5973    recall@30 : 0.6773    recall@50 : 0.7619    ndcg@1 : 0.1955    ndcg@2 : 0.2185    ndcg@3 : 0.2413    ndcg@4 : 0.2548    ndcg@5 : 0.2688    ndcg@10 : 0.3129    ndcg@20 : 0.3515    ndcg@30 : 0.3728    ndcg@50 : 0.3931    precision@1 : 0.1955    precision@2 : 0.1618    precision@3 : 0.1428    precision@4 : 0.1263    precision@5 : 0.1157    precision@10 : 0.0828    precision@20 : 0.0565    precision@30 : 0.0443    precision@50 : 0.0311    map@1 : 0.1955    map@2 : 0.1935    map@3 : 0.2014    map@4 : 0.2057    map@5 : 0.2116    map@10 : 0.2298    map@20 : 0.2425    map@30 : 0.2483    map@50 : 0.2528
Mon 16 Mar 2026 12:38:47 INFO  Running E-step ! 
Mon 16 Mar 2026 12:38:47 INFO  epoch 45 training [time: 0.17s, train_loss1: 3.0402, train_loss2: 0.0402, train_loss3: 0.0056]
Mon 16 Mar 2026 12:38:47 INFO  epoch 45 evaluating [time: 0.20s, valid_score: 0.313600]
Mon 16 Mar 2026 12:38:47 INFO  valid result: 
recall@1 : 0.1221    recall@2 : 0.2046    recall@3 : 0.2666    recall@4 : 0.3056    recall@5 : 0.3423    recall@10 : 0.4694    recall@20 : 0.5975    recall@30 : 0.6779    recall@50 : 0.7637    ndcg@1 : 0.1961    ndcg@2 : 0.2204    ndcg@3 : 0.2421    ndcg@4 : 0.2555    ndcg@5 : 0.269    ndcg@10 : 0.3136    ndcg@20 : 0.352    ndcg@30 : 0.3735    ndcg@50 : 0.394    precision@1 : 0.1961    precision@2 : 0.1633    precision@3 : 0.143    precision@4 : 0.1265    precision@5 : 0.1156    precision@10 : 0.083    precision@20 : 0.0566    precision@30 : 0.0444    precision@50 : 0.0312    map@1 : 0.1961    map@2 : 0.1952    map@3 : 0.2021    map@4 : 0.2065    map@5 : 0.212    map@10 : 0.2304    map@20 : 0.243    map@30 : 0.249    map@50 : 0.2534
Mon 16 Mar 2026 12:38:47 INFO  Saving current: saved/NCL-Mar-16-2026_12-38-24.pth
Mon 16 Mar 2026 12:38:47 INFO  Saving current best: saved/NCL-Mar-16-2026_12-38-24.pth
Mon 16 Mar 2026 12:38:47 INFO  Running E-step ! 
Mon 16 Mar 2026 12:38:47 INFO  epoch 46 training [time: 0.18s, train_loss1: 3.0412, train_loss2: 0.0403, train_loss3: 0.0054]
Mon 16 Mar 2026 12:38:47 INFO  epoch 46 evaluating [time: 0.20s, valid_score: 0.313700]
Mon 16 Mar 2026 12:38:47 INFO  valid result: 
recall@1 : 0.1224    recall@2 : 0.2052    recall@3 : 0.2664    recall@4 : 0.3052    recall@5 : 0.3439    recall@10 : 0.4689    recall@20 : 0.5982    recall@30 : 0.6783    recall@50 : 0.7641    ndcg@1 : 0.1967    ndcg@2 : 0.2209    ndcg@3 : 0.2421    ndcg@4 : 0.2554    ndcg@5 : 0.2699    ndcg@10 : 0.3137    ndcg@20 : 0.3525    ndcg@30 : 0.3739    ndcg@50 : 0.3943    precision@1 : 0.1967    precision@2 : 0.1636    precision@3 : 0.1428    precision@4 : 0.1262    precision@5 : 0.1161    precision@10 : 0.083    precision@20 : 0.0567    precision@30 : 0.0444    precision@50 : 0.0312    map@1 : 0.1967    map@2 : 0.1956    map@3 : 0.2023    map@4 : 0.2066    map@5 : 0.2126    map@10 : 0.2306    map@20 : 0.2434    map@30 : 0.2493    map@50 : 0.2538
Mon 16 Mar 2026 12:38:47 INFO  Saving current: saved/NCL-Mar-16-2026_12-38-24.pth
Mon 16 Mar 2026 12:38:47 INFO  Saving current best: saved/NCL-Mar-16-2026_12-38-24.pth
Mon 16 Mar 2026 12:38:47 INFO  Running E-step ! 
Mon 16 Mar 2026 12:38:48 INFO  epoch 47 training [time: 0.19s, train_loss1: 3.0383, train_loss2: 0.0403, train_loss3: 0.0053]
Mon 16 Mar 2026 12:38:48 INFO  epoch 47 evaluating [time: 0.20s, valid_score: 0.313300]
Mon 16 Mar 2026 12:38:48 INFO  valid result: 
recall@1 : 0.1204    recall@2 : 0.207    recall@3 : 0.2662    recall@4 : 0.3056    recall@5 : 0.3446    recall@10 : 0.4685    recall@20 : 0.5986    recall@30 : 0.6787    recall@50 : 0.7652    ndcg@1 : 0.1955    ndcg@2 : 0.2217    ndcg@3 : 0.2416    ndcg@4 : 0.2553    ndcg@5 : 0.2699    ndcg@10 : 0.3133    ndcg@20 : 0.3523    ndcg@30 : 0.3737    ndcg@50 : 0.3942    precision@1 : 0.1955    precision@2 : 0.1651    precision@3 : 0.1426    precision@4 : 0.1265    precision@5 : 0.1164    precision@10 : 0.0831    precision@20 : 0.0568    precision@30 : 0.0445    precision@50 : 0.0312    map@1 : 0.1955    map@2 : 0.1959    map@3 : 0.2015    map@4 : 0.206    map@5 : 0.2122    map@10 : 0.23    map@20 : 0.2429    map@30 : 0.2487    map@50 : 0.2533
Mon 16 Mar 2026 12:38:48 INFO  Running E-step ! 
Mon 16 Mar 2026 12:38:48 INFO  epoch 48 training [time: 0.18s, train_loss1: 2.9627, train_loss2: 0.0404, train_loss3: 0.0051]
Mon 16 Mar 2026 12:38:48 INFO  epoch 48 evaluating [time: 0.20s, valid_score: 0.313400]
Mon 16 Mar 2026 12:38:48 INFO  valid result: 
recall@1 : 0.12    recall@2 : 0.207    recall@3 : 0.2658    recall@4 : 0.3062    recall@5 : 0.343    recall@10 : 0.4694    recall@20 : 0.5993    recall@30 : 0.6797    recall@50 : 0.7649    ndcg@1 : 0.1955    ndcg@2 : 0.2216    ndcg@3 : 0.2415    ndcg@4 : 0.2554    ndcg@5 : 0.2691    ndcg@10 : 0.3134    ndcg@20 : 0.3524    ndcg@30 : 0.3738    ndcg@50 : 0.3941    precision@1 : 0.1955    precision@2 : 0.1651    precision@3 : 0.1428    precision@4 : 0.1266    precision@5 : 0.116    precision@10 : 0.0834    precision@20 : 0.0569    precision@30 : 0.0445    precision@50 : 0.0313    map@1 : 0.1955    map@2 : 0.1958    map@3 : 0.2012    map@4 : 0.2059    map@5 : 0.2116    map@10 : 0.2298    map@20 : 0.2427    map@30 : 0.2486    map@50 : 0.2531
Mon 16 Mar 2026 12:38:48 INFO  Running E-step ! 
Mon 16 Mar 2026 12:38:48 INFO  epoch 49 training [time: 0.19s, train_loss1: 2.9856, train_loss2: 0.0404, train_loss3: 0.0050]
Mon 16 Mar 2026 12:38:49 INFO  epoch 49 evaluating [time: 0.19s, valid_score: 0.313100]
Mon 16 Mar 2026 12:38:49 INFO  valid result: 
recall@1 : 0.1197    recall@2 : 0.2065    recall@3 : 0.266    recall@4 : 0.3072    recall@5 : 0.3424    recall@10 : 0.4688    recall@20 : 0.5991    recall@30 : 0.6804    recall@50 : 0.7664    ndcg@1 : 0.1943    ndcg@2 : 0.2209    ndcg@3 : 0.2412    ndcg@4 : 0.2556    ndcg@5 : 0.2686    ndcg@10 : 0.3131    ndcg@20 : 0.3522    ndcg@30 : 0.3738    ndcg@50 : 0.3943    precision@1 : 0.1943    precision@2 : 0.1645    precision@3 : 0.1428    precision@4 : 0.1269    precision@5 : 0.1159    precision@10 : 0.0833    precision@20 : 0.057    precision@30 : 0.0446    precision@50 : 0.0313    map@1 : 0.1943    map@2 : 0.1952    map@3 : 0.201    map@4 : 0.206    map@5 : 0.2113    map@10 : 0.2296    map@20 : 0.2427    map@30 : 0.2485    map@50 : 0.253
Mon 16 Mar 2026 12:38:49 INFO  Running E-step ! 
Mon 16 Mar 2026 12:38:49 INFO  epoch 50 training [time: 0.18s, train_loss1: 2.9910, train_loss2: 0.0404, train_loss3: 0.0049]
Mon 16 Mar 2026 12:38:49 INFO  epoch 50 evaluating [time: 0.18s, valid_score: 0.313400]
Mon 16 Mar 2026 12:38:49 INFO  valid result: 
recall@1 : 0.1199    recall@2 : 0.2066    recall@3 : 0.2666    recall@4 : 0.3069    recall@5 : 0.342    recall@10 : 0.4692    recall@20 : 0.6002    recall@30 : 0.6794    recall@50 : 0.7656    ndcg@1 : 0.1949    ndcg@2 : 0.2213    ndcg@3 : 0.2417    ndcg@4 : 0.2557    ndcg@5 : 0.2687    ndcg@10 : 0.3134    ndcg@20 : 0.3527    ndcg@30 : 0.3739    ndcg@50 : 0.3944    precision@1 : 0.1949    precision@2 : 0.1648    precision@3 : 0.1432    precision@4 : 0.1269    precision@5 : 0.1157    precision@10 : 0.0834    precision@20 : 0.0571    precision@30 : 0.0446    precision@50 : 0.0313    map@1 : 0.1949    map@2 : 0.1955    map@3 : 0.2013    map@4 : 0.2061    map@5 : 0.2114    map@10 : 0.2298    map@20 : 0.2429    map@30 : 0.2487    map@50 : 0.2533
Mon 16 Mar 2026 12:38:49 INFO  Running E-step ! 
Mon 16 Mar 2026 12:38:49 INFO  epoch 51 training [time: 0.18s, train_loss1: 2.9867, train_loss2: 0.0405, train_loss3: 0.0048]
Mon 16 Mar 2026 12:38:49 INFO  epoch 51 evaluating [time: 0.19s, valid_score: 0.313900]
Mon 16 Mar 2026 12:38:49 INFO  valid result: 
recall@1 : 0.12    recall@2 : 0.2066    recall@3 : 0.2669    recall@4 : 0.3069    recall@5 : 0.3407    recall@10 : 0.4705    recall@20 : 0.6014    recall@30 : 0.6799    recall@50 : 0.7646    ndcg@1 : 0.1955    ndcg@2 : 0.2216    ndcg@3 : 0.242    ndcg@4 : 0.2558    ndcg@5 : 0.2684    ndcg@10 : 0.3139    ndcg@20 : 0.3533    ndcg@30 : 0.3742    ndcg@50 : 0.3944    precision@1 : 0.1955    precision@2 : 0.1651    precision@3 : 0.1434    precision@4 : 0.1268    precision@5 : 0.1157    precision@10 : 0.0836    precision@20 : 0.0573    precision@30 : 0.0447    precision@50 : 0.0313    map@1 : 0.1955    map@2 : 0.1959    map@3 : 0.2016    map@4 : 0.2062    map@5 : 0.2113    map@10 : 0.23    map@20 : 0.2432    map@30 : 0.2489    map@50 : 0.2534
Mon 16 Mar 2026 12:38:49 INFO  Saving current: saved/NCL-Mar-16-2026_12-38-24.pth
Mon 16 Mar 2026 12:38:49 INFO  Saving current best: saved/NCL-Mar-16-2026_12-38-24.pth
Mon 16 Mar 2026 12:38:49 INFO  Running E-step ! 
Mon 16 Mar 2026 12:38:50 INFO  epoch 52 training [time: 0.18s, train_loss1: 2.9867, train_loss2: 0.0405, train_loss3: 0.0047]
Mon 16 Mar 2026 12:38:50 INFO  epoch 52 evaluating [time: 0.20s, valid_score: 0.314300]
Mon 16 Mar 2026 12:38:50 INFO  valid result: 
recall@1 : 0.1201    recall@2 : 0.2071    recall@3 : 0.2671    recall@4 : 0.3069    recall@5 : 0.3415    recall@10 : 0.4711    recall@20 : 0.6023    recall@30 : 0.6811    recall@50 : 0.7649    ndcg@1 : 0.1961    ndcg@2 : 0.2225    ndcg@3 : 0.2424    ndcg@4 : 0.2561    ndcg@5 : 0.2691    ndcg@10 : 0.3143    ndcg@20 : 0.3538    ndcg@30 : 0.3748    ndcg@50 : 0.3949    precision@1 : 0.1961    precision@2 : 0.166    precision@3 : 0.1436    precision@4 : 0.1269    precision@5 : 0.1162    precision@10 : 0.0836    precision@20 : 0.0574    precision@30 : 0.0447    precision@50 : 0.0314    map@1 : 0.1961    map@2 : 0.1965    map@3 : 0.2019    map@4 : 0.2065    map@5 : 0.2118    map@10 : 0.2303    map@20 : 0.2435    map@30 : 0.2493    map@50 : 0.2538
Mon 16 Mar 2026 12:38:50 INFO  Saving current: saved/NCL-Mar-16-2026_12-38-24.pth
Mon 16 Mar 2026 12:38:50 INFO  Saving current best: saved/NCL-Mar-16-2026_12-38-24.pth
Mon 16 Mar 2026 12:38:50 INFO  Running E-step ! 
Mon 16 Mar 2026 12:38:50 INFO  epoch 53 training [time: 0.18s, train_loss1: 2.9284, train_loss2: 0.0405, train_loss3: 0.0046]
Mon 16 Mar 2026 12:38:50 INFO  epoch 53 evaluating [time: 0.19s, valid_score: 0.314100]
Mon 16 Mar 2026 12:38:50 INFO  valid result: 
recall@1 : 0.1201    recall@2 : 0.2071    recall@3 : 0.2673    recall@4 : 0.3083    recall@5 : 0.34    recall@10 : 0.4705    recall@20 : 0.6026    recall@30 : 0.6805    recall@50 : 0.7671    ndcg@1 : 0.1961    ndcg@2 : 0.2225    ndcg@3 : 0.2425    ndcg@4 : 0.257    ndcg@5 : 0.2684    ndcg@10 : 0.3141    ndcg@20 : 0.3539    ndcg@30 : 0.3747    ndcg@50 : 0.3954    precision@1 : 0.1961    precision@2 : 0.166    precision@3 : 0.1438    precision@4 : 0.128    precision@5 : 0.1155    precision@10 : 0.0836    precision@20 : 0.0575    precision@30 : 0.0448    precision@50 : 0.0315    map@1 : 0.1961    map@2 : 0.1965    map@3 : 0.2019    map@4 : 0.207    map@5 : 0.2113    map@10 : 0.2302    map@20 : 0.2435    map@30 : 0.2493    map@50 : 0.2539
Mon 16 Mar 2026 12:38:50 INFO  Running E-step ! 
Mon 16 Mar 2026 12:38:50 INFO  epoch 54 training [time: 0.18s, train_loss1: 2.9547, train_loss2: 0.0405, train_loss3: 0.0046]
Mon 16 Mar 2026 12:38:51 INFO  epoch 54 evaluating [time: 0.19s, valid_score: 0.314300]
Mon 16 Mar 2026 12:38:51 INFO  valid result: 
recall@1 : 0.1207    recall@2 : 0.2069    recall@3 : 0.2672    recall@4 : 0.3078    recall@5 : 0.3404    recall@10 : 0.4705    recall@20 : 0.6042    recall@30 : 0.6811    recall@50 : 0.7672    ndcg@1 : 0.1967    ndcg@2 : 0.2227    ndcg@3 : 0.2427    ndcg@4 : 0.257    ndcg@5 : 0.2689    ndcg@10 : 0.3143    ndcg@20 : 0.3547    ndcg@30 : 0.3752    ndcg@50 : 0.3958    precision@1 : 0.1967    precision@2 : 0.166    precision@3 : 0.1438    precision@4 : 0.1278    precision@5 : 0.1159    precision@10 : 0.0836    precision@20 : 0.0578    precision@30 : 0.0449    precision@50 : 0.0315    map@1 : 0.1967    map@2 : 0.1968    map@3 : 0.2023    map@4 : 0.2072    map@5 : 0.2118    map@10 : 0.2305    map@20 : 0.244    map@30 : 0.2497    map@50 : 0.2543
Mon 16 Mar 2026 12:38:51 INFO  Saving current: saved/NCL-Mar-16-2026_12-38-24.pth
Mon 16 Mar 2026 12:38:51 INFO  Saving current best: saved/NCL-Mar-16-2026_12-38-24.pth
Mon 16 Mar 2026 12:38:51 INFO  Running E-step ! 
Mon 16 Mar 2026 12:38:51 INFO  epoch 55 training [time: 0.18s, train_loss1: 2.9453, train_loss2: 0.0405, train_loss3: 0.0044]
Mon 16 Mar 2026 12:38:51 INFO  epoch 55 evaluating [time: 0.19s, valid_score: 0.314600]
Mon 16 Mar 2026 12:38:51 INFO  valid result: 
recall@1 : 0.1208    recall@2 : 0.2061    recall@3 : 0.267    recall@4 : 0.3083    recall@5 : 0.3398    recall@10 : 0.4717    recall@20 : 0.6053    recall@30 : 0.6816    recall@50 : 0.7661    ndcg@1 : 0.1955    ndcg@2 : 0.2219    ndcg@3 : 0.2425    ndcg@4 : 0.257    ndcg@5 : 0.2685    ndcg@10 : 0.3146    ndcg@20 : 0.3549    ndcg@30 : 0.3753    ndcg@50 : 0.3956    precision@1 : 0.1955    precision@2 : 0.1654    precision@3 : 0.1438    precision@4 : 0.128    precision@5 : 0.1157    precision@10 : 0.084    precision@20 : 0.058    precision@30 : 0.045    precision@50 : 0.0315    map@1 : 0.1955    map@2 : 0.1962    map@3 : 0.202    map@4 : 0.2071    map@5 : 0.2115    map@10 : 0.2306    map@20 : 0.2441    map@30 : 0.2498    map@50 : 0.2543
Mon 16 Mar 2026 12:38:51 INFO  Saving current: saved/NCL-Mar-16-2026_12-38-24.pth
Mon 16 Mar 2026 12:38:51 INFO  Saving current best: saved/NCL-Mar-16-2026_12-38-24.pth
Mon 16 Mar 2026 12:38:51 INFO  Running E-step ! 
Mon 16 Mar 2026 12:38:51 INFO  epoch 56 training [time: 0.20s, train_loss1: 2.9249, train_loss2: 0.0405, train_loss3: 0.0043]
Mon 16 Mar 2026 12:38:52 INFO  epoch 56 evaluating [time: 0.20s, valid_score: 0.314600]
Mon 16 Mar 2026 12:38:52 INFO  valid result: 
recall@1 : 0.1202    recall@2 : 0.2069    recall@3 : 0.2668    recall@4 : 0.3087    recall@5 : 0.341    recall@10 : 0.4714    recall@20 : 0.6059    recall@30 : 0.6821    recall@50 : 0.7666    ndcg@1 : 0.1949    ndcg@2 : 0.2224    ndcg@3 : 0.2424    ndcg@4 : 0.2572    ndcg@5 : 0.2688    ndcg@10 : 0.3146    ndcg@20 : 0.3551    ndcg@30 : 0.3755    ndcg@50 : 0.3958    precision@1 : 0.1949    precision@2 : 0.1663    precision@3 : 0.1438    precision@4 : 0.1283    precision@5 : 0.1159    precision@10 : 0.084    precision@20 : 0.058    precision@30 : 0.045    precision@50 : 0.0316    map@1 : 0.1949    map@2 : 0.1964    map@3 : 0.2018    map@4 : 0.2071    map@5 : 0.2115    map@10 : 0.2305    map@20 : 0.2441    map@30 : 0.2498    map@50 : 0.2544
Mon 16 Mar 2026 12:38:52 INFO  Saving current: saved/NCL-Mar-16-2026_12-38-24.pth
Mon 16 Mar 2026 12:38:52 INFO  Saving current best: saved/NCL-Mar-16-2026_12-38-24.pth
Mon 16 Mar 2026 12:38:52 INFO  Running E-step ! 
Mon 16 Mar 2026 12:38:52 INFO  epoch 57 training [time: 0.18s, train_loss1: 2.9355, train_loss2: 0.0405, train_loss3: 0.0042]
Mon 16 Mar 2026 12:38:52 INFO  epoch 57 evaluating [time: 0.19s, valid_score: 0.314100]
Mon 16 Mar 2026 12:38:52 INFO  valid result: 
recall@1 : 0.1183    recall@2 : 0.2067    recall@3 : 0.2669    recall@4 : 0.3087    recall@5 : 0.3412    recall@10 : 0.472    recall@20 : 0.6071    recall@30 : 0.6837    recall@50 : 0.768    ndcg@1 : 0.1937    ndcg@2 : 0.2215    ndcg@3 : 0.2418    ndcg@4 : 0.2566    ndcg@5 : 0.2683    ndcg@10 : 0.3141    ndcg@20 : 0.3549    ndcg@30 : 0.3753    ndcg@50 : 0.3955    precision@1 : 0.1937    precision@2 : 0.166    precision@3 : 0.144    precision@4 : 0.1286    precision@5 : 0.1162    precision@10 : 0.084    precision@20 : 0.0582    precision@30 : 0.0452    precision@50 : 0.0316    map@1 : 0.1937    map@2 : 0.1953    map@3 : 0.2009    map@4 : 0.2061    map@5 : 0.2106    map@10 : 0.2296    map@20 : 0.2433    map@30 : 0.249    map@50 : 0.2536
Mon 16 Mar 2026 12:38:52 INFO  Running E-step ! 
Mon 16 Mar 2026 12:38:52 INFO  epoch 58 training [time: 0.18s, train_loss1: 2.9353, train_loss2: 0.0405, train_loss3: 0.0041]
Mon 16 Mar 2026 12:38:52 INFO  epoch 58 evaluating [time: 0.19s, valid_score: 0.314300]
Mon 16 Mar 2026 12:38:52 INFO  valid result: 
recall@1 : 0.1185    recall@2 : 0.2066    recall@3 : 0.2671    recall@4 : 0.3087    recall@5 : 0.3416    recall@10 : 0.472    recall@20 : 0.608    recall@30 : 0.684    recall@50 : 0.768    ndcg@1 : 0.1943    ndcg@2 : 0.2217    ndcg@3 : 0.242    ndcg@4 : 0.2566    ndcg@5 : 0.2686    ndcg@10 : 0.3143    ndcg@20 : 0.3554    ndcg@30 : 0.3756    ndcg@50 : 0.3958    precision@1 : 0.1943    precision@2 : 0.166    precision@3 : 0.1442    precision@4 : 0.1284    precision@5 : 0.1163    precision@10 : 0.0841    precision@20 : 0.0585    precision@30 : 0.0452    precision@50 : 0.0317    map@1 : 0.1943    map@2 : 0.1955    map@3 : 0.201    map@4 : 0.2063    map@5 : 0.2109    map@10 : 0.2298    map@20 : 0.2437    map@30 : 0.2493    map@50 : 0.2539
Mon 16 Mar 2026 12:38:52 INFO  Running E-step ! 
Mon 16 Mar 2026 12:38:53 INFO  epoch 59 training [time: 0.21s, train_loss1: 2.8799, train_loss2: 0.0405, train_loss3: 0.0040]
Mon 16 Mar 2026 12:38:53 INFO  epoch 59 evaluating [time: 0.19s, valid_score: 0.314500]
Mon 16 Mar 2026 12:38:53 INFO  valid result: 
recall@1 : 0.1182    recall@2 : 0.2068    recall@3 : 0.2676    recall@4 : 0.3086    recall@5 : 0.3433    recall@10 : 0.4727    recall@20 : 0.6091    recall@30 : 0.6854    recall@50 : 0.7691    ndcg@1 : 0.1937    ndcg@2 : 0.2218    ndcg@3 : 0.2424    ndcg@4 : 0.2567    ndcg@5 : 0.2694    ndcg@10 : 0.3145    ndcg@20 : 0.3558    ndcg@30 : 0.376    ndcg@50 : 0.3962    precision@1 : 0.1937    precision@2 : 0.1663    precision@3 : 0.145    precision@4 : 0.1286    precision@5 : 0.117    precision@10 : 0.0842    precision@20 : 0.0586    precision@30 : 0.0453    precision@50 : 0.0317    map@1 : 0.1937    map@2 : 0.1955    map@3 : 0.2011    map@4 : 0.2062    map@5 : 0.2112    map@10 : 0.2299    map@20 : 0.2438    map@30 : 0.2494    map@50 : 0.254
Mon 16 Mar 2026 12:38:53 INFO  Running E-step ! 
Mon 16 Mar 2026 12:38:53 INFO  epoch 60 training [time: 0.19s, train_loss1: 2.8658, train_loss2: 0.0405, train_loss3: 0.0040]
Mon 16 Mar 2026 12:38:53 INFO  epoch 60 evaluating [time: 0.19s, valid_score: 0.314800]
Mon 16 Mar 2026 12:38:53 INFO  valid result: 
recall@1 : 0.1186    recall@2 : 0.2066    recall@3 : 0.2676    recall@4 : 0.3087    recall@5 : 0.3433    recall@10 : 0.473    recall@20 : 0.609    recall@30 : 0.6855    recall@50 : 0.7703    ndcg@1 : 0.1937    ndcg@2 : 0.2216    ndcg@3 : 0.2426    ndcg@4 : 0.2568    ndcg@5 : 0.2695    ndcg@10 : 0.3148    ndcg@20 : 0.3559    ndcg@30 : 0.3763    ndcg@50 : 0.3967    precision@1 : 0.1937    precision@2 : 0.166    precision@3 : 0.1452    precision@4 : 0.1286    precision@5 : 0.117    precision@10 : 0.0844    precision@20 : 0.0586    precision@30 : 0.0454    precision@50 : 0.0318    map@1 : 0.1937    map@2 : 0.1953    map@3 : 0.2014    map@4 : 0.2065    map@5 : 0.2114    map@10 : 0.2301    map@20 : 0.2441    map@30 : 0.2497    map@50 : 0.2544
Mon 16 Mar 2026 12:38:53 INFO  Saving current: saved/NCL-Mar-16-2026_12-38-24.pth
Mon 16 Mar 2026 12:38:53 INFO  Saving current best: saved/NCL-Mar-16-2026_12-38-24.pth
Mon 16 Mar 2026 12:38:53 INFO  Running E-step ! 
Mon 16 Mar 2026 12:38:53 INFO  epoch 61 training [time: 0.20s, train_loss1: 2.8374, train_loss2: 0.0405, train_loss3: 0.0039]
Mon 16 Mar 2026 12:38:54 INFO  epoch 61 evaluating [time: 0.20s, valid_score: 0.315400]
Mon 16 Mar 2026 12:38:54 INFO  valid result: 
recall@1 : 0.12    recall@2 : 0.2065    recall@3 : 0.2679    recall@4 : 0.3084    recall@5 : 0.3432    recall@10 : 0.473    recall@20 : 0.6097    recall@30 : 0.6864    recall@50 : 0.7722    ndcg@1 : 0.1955    ndcg@2 : 0.2222    ndcg@3 : 0.2435    ndcg@4 : 0.2573    ndcg@5 : 0.27    ndcg@10 : 0.3154    ndcg@20 : 0.3567    ndcg@30 : 0.3771    ndcg@50 : 0.3978    precision@1 : 0.1955    precision@2 : 0.166    precision@3 : 0.1456    precision@4 : 0.1286    precision@5 : 0.117    precision@10 : 0.0843    precision@20 : 0.0586    precision@30 : 0.0454    precision@50 : 0.0319    map@1 : 0.1955    map@2 : 0.1962    map@3 : 0.2023    map@4 : 0.2072    map@5 : 0.2122    map@10 : 0.2309    map@20 : 0.245    map@30 : 0.2506    map@50 : 0.2554
Mon 16 Mar 2026 12:38:54 INFO  Saving current: saved/NCL-Mar-16-2026_12-38-24.pth
Mon 16 Mar 2026 12:38:54 INFO  Saving current best: saved/NCL-Mar-16-2026_12-38-24.pth
Mon 16 Mar 2026 12:38:54 INFO  Running E-step ! 
Mon 16 Mar 2026 12:38:54 INFO  epoch 62 training [time: 0.19s, train_loss1: 2.8686, train_loss2: 0.0405, train_loss3: 0.0039]
Mon 16 Mar 2026 12:38:54 INFO  epoch 62 evaluating [time: 0.19s, valid_score: 0.315700]
Mon 16 Mar 2026 12:38:54 INFO  valid result: 
recall@1 : 0.12    recall@2 : 0.2065    recall@3 : 0.2695    recall@4 : 0.3084    recall@5 : 0.3426    recall@10 : 0.4732    recall@20 : 0.6115    recall@30 : 0.6864    recall@50 : 0.7736    ndcg@1 : 0.1955    ndcg@2 : 0.2222    ndcg@3 : 0.2444    ndcg@4 : 0.2574    ndcg@5 : 0.2699    ndcg@10 : 0.3157    ndcg@20 : 0.3573    ndcg@30 : 0.3774    ndcg@50 : 0.3983    precision@1 : 0.1955    precision@2 : 0.166    precision@3 : 0.1464    precision@4 : 0.1286    precision@5 : 0.1169    precision@10 : 0.0846    precision@20 : 0.0587    precision@30 : 0.0455    precision@50 : 0.032    map@1 : 0.1955    map@2 : 0.1962    map@3 : 0.2029    map@4 : 0.2074    map@5 : 0.2123    map@10 : 0.2312    map@20 : 0.2453    map@30 : 0.2509    map@50 : 0.2557
Mon 16 Mar 2026 12:38:54 INFO  Saving current: saved/NCL-Mar-16-2026_12-38-24.pth
Mon 16 Mar 2026 12:38:54 INFO  Saving current best: saved/NCL-Mar-16-2026_12-38-24.pth
Mon 16 Mar 2026 12:38:54 INFO  Running E-step ! 
Mon 16 Mar 2026 12:38:54 INFO  epoch 63 training [time: 0.20s, train_loss1: 2.8178, train_loss2: 0.0404, train_loss3: 0.0038]
Mon 16 Mar 2026 12:38:54 INFO  epoch 63 evaluating [time: 0.18s, valid_score: 0.315700]
Mon 16 Mar 2026 12:38:54 INFO  valid result: 
recall@1 : 0.1194    recall@2 : 0.2069    recall@3 : 0.2695    recall@4 : 0.3083    recall@5 : 0.341    recall@10 : 0.4736    recall@20 : 0.6121    recall@30 : 0.6871    recall@50 : 0.7751    ndcg@1 : 0.1949    ndcg@2 : 0.2224    ndcg@3 : 0.2444    ndcg@4 : 0.2572    ndcg@5 : 0.2691    ndcg@10 : 0.3157    ndcg@20 : 0.3574    ndcg@30 : 0.3774    ndcg@50 : 0.3986    precision@1 : 0.1949    precision@2 : 0.1666    precision@3 : 0.1466    precision@4 : 0.1284    precision@5 : 0.1164    precision@10 : 0.0847    precision@20 : 0.0588    precision@30 : 0.0455    precision@50 : 0.0321    map@1 : 0.1949    map@2 : 0.1962    map@3 : 0.2028    map@4 : 0.2071    map@5 : 0.2117    map@10 : 0.231    map@20 : 0.2451    map@30 : 0.2508    map@50 : 0.2556
Mon 16 Mar 2026 12:38:54 INFO  Saving current: saved/NCL-Mar-16-2026_12-38-24.pth
Mon 16 Mar 2026 12:38:54 INFO  Saving current best: saved/NCL-Mar-16-2026_12-38-24.pth
Mon 16 Mar 2026 12:38:54 INFO  Running E-step ! 
Mon 16 Mar 2026 12:38:55 INFO  epoch 64 training [time: 0.19s, train_loss1: 2.8744, train_loss2: 0.0404, train_loss3: 0.0038]
Mon 16 Mar 2026 12:38:55 INFO  epoch 64 evaluating [time: 0.20s, valid_score: 0.316300]
Mon 16 Mar 2026 12:38:55 INFO  valid result: 
recall@1 : 0.1206    recall@2 : 0.2069    recall@3 : 0.2702    recall@4 : 0.3084    recall@5 : 0.3409    recall@10 : 0.4739    recall@20 : 0.6134    recall@30 : 0.6886    recall@50 : 0.7753    ndcg@1 : 0.1961    ndcg@2 : 0.2231    ndcg@3 : 0.2453    ndcg@4 : 0.2577    ndcg@5 : 0.2696    ndcg@10 : 0.3163    ndcg@20 : 0.3583    ndcg@30 : 0.3784    ndcg@50 : 0.3993    precision@1 : 0.1961    precision@2 : 0.1669    precision@3 : 0.147    precision@4 : 0.1283    precision@5 : 0.1164    precision@10 : 0.0848    precision@20 : 0.059    precision@30 : 0.0456    precision@50 : 0.0321    map@1 : 0.1961    map@2 : 0.1971    map@3 : 0.2037    map@4 : 0.2077    map@5 : 0.2124    map@10 : 0.2317    map@20 : 0.246    map@30 : 0.2516    map@50 : 0.2565
Mon 16 Mar 2026 12:38:55 INFO  Saving current: saved/NCL-Mar-16-2026_12-38-24.pth
Mon 16 Mar 2026 12:38:55 INFO  Saving current best: saved/NCL-Mar-16-2026_12-38-24.pth
Mon 16 Mar 2026 12:38:55 INFO  Running E-step ! 
Mon 16 Mar 2026 12:38:55 INFO  epoch 65 training [time: 0.18s, train_loss1: 2.8362, train_loss2: 0.0404, train_loss3: 0.0037]
Mon 16 Mar 2026 12:38:55 INFO  epoch 65 evaluating [time: 0.19s, valid_score: 0.316700]
Mon 16 Mar 2026 12:38:55 INFO  valid result: 
recall@1 : 0.1212    recall@2 : 0.208    recall@3 : 0.2704    recall@4 : 0.3085    recall@5 : 0.3409    recall@10 : 0.4736    recall@20 : 0.6131    recall@30 : 0.6899    recall@50 : 0.7767    ndcg@1 : 0.1967    ndcg@2 : 0.2246    ndcg@3 : 0.2459    ndcg@4 : 0.2582    ndcg@5 : 0.27    ndcg@10 : 0.3167    ndcg@20 : 0.3587    ndcg@30 : 0.3793    ndcg@50 : 0.4002    precision@1 : 0.1967    precision@2 : 0.1684    precision@3 : 0.1472    precision@4 : 0.1284    precision@5 : 0.1164    precision@10 : 0.0849    precision@20 : 0.059    precision@30 : 0.0457    precision@50 : 0.0322    map@1 : 0.1967    map@2 : 0.1986    map@3 : 0.2045    map@4 : 0.2084    map@5 : 0.213    map@10 : 0.2323    map@20 : 0.2465    map@30 : 0.2524    map@50 : 0.2572
Mon 16 Mar 2026 12:38:55 INFO  Saving current: saved/NCL-Mar-16-2026_12-38-24.pth
Mon 16 Mar 2026 12:38:55 INFO  Saving current best: saved/NCL-Mar-16-2026_12-38-24.pth
Mon 16 Mar 2026 12:38:55 INFO  Running E-step ! 
Mon 16 Mar 2026 12:38:55 INFO  epoch 66 training [time: 0.18s, train_loss1: 2.8384, train_loss2: 0.0403, train_loss3: 0.0036]
Mon 16 Mar 2026 12:38:56 INFO  epoch 66 evaluating [time: 0.19s, valid_score: 0.316800]
Mon 16 Mar 2026 12:38:56 INFO  valid result: 
recall@1 : 0.1216    recall@2 : 0.2078    recall@3 : 0.2704    recall@4 : 0.3082    recall@5 : 0.3395    recall@10 : 0.4735    recall@20 : 0.614    recall@30 : 0.6903    recall@50 : 0.7769    ndcg@1 : 0.1973    ndcg@2 : 0.2248    ndcg@3 : 0.2461    ndcg@4 : 0.2585    ndcg@5 : 0.2696    ndcg@10 : 0.3168    ndcg@20 : 0.3591    ndcg@30 : 0.3795    ndcg@50 : 0.4004    precision@1 : 0.1973    precision@2 : 0.1684    precision@3 : 0.1472    precision@4 : 0.1289    precision@5 : 0.1161    precision@10 : 0.085    precision@20 : 0.0591    precision@30 : 0.0458    precision@50 : 0.0322    map@1 : 0.1973    map@2 : 0.1989    map@3 : 0.2047    map@4 : 0.2088    map@5 : 0.213    map@10 : 0.2324    map@20 : 0.2468    map@30 : 0.2525    map@50 : 0.2574
Mon 16 Mar 2026 12:38:56 INFO  Saving current: saved/NCL-Mar-16-2026_12-38-24.pth
Mon 16 Mar 2026 12:38:56 INFO  Saving current best: saved/NCL-Mar-16-2026_12-38-24.pth
Mon 16 Mar 2026 12:38:56 INFO  Running E-step ! 
Mon 16 Mar 2026 12:38:56 INFO  epoch 67 training [time: 0.19s, train_loss1: 2.8385, train_loss2: 0.0403, train_loss3: 0.0035]
Mon 16 Mar 2026 12:38:56 INFO  epoch 67 evaluating [time: 0.20s, valid_score: 0.316600]
Mon 16 Mar 2026 12:38:56 INFO  valid result: 
recall@1 : 0.1214    recall@2 : 0.2077    recall@3 : 0.2705    recall@4 : 0.3081    recall@5 : 0.3397    recall@10 : 0.473    recall@20 : 0.6151    recall@30 : 0.6912    recall@50 : 0.7765    ndcg@1 : 0.1967    ndcg@2 : 0.2247    ndcg@3 : 0.2462    ndcg@4 : 0.2583    ndcg@5 : 0.2697    ndcg@10 : 0.3166    ndcg@20 : 0.3594    ndcg@30 : 0.3797    ndcg@50 : 0.4003    precision@1 : 0.1967    precision@2 : 0.1684    precision@3 : 0.1478    precision@4 : 0.1289    precision@5 : 0.1163    precision@10 : 0.085    precision@20 : 0.0593    precision@30 : 0.0458    precision@50 : 0.0322    map@1 : 0.1967    map@2 : 0.1987    map@3 : 0.2048    map@4 : 0.2086    map@5 : 0.2129    map@10 : 0.2323    map@20 : 0.2468    map@30 : 0.2526    map@50 : 0.2574
Mon 16 Mar 2026 12:38:56 INFO  Running E-step ! 
Mon 16 Mar 2026 12:38:56 INFO  epoch 68 training [time: 0.19s, train_loss1: 2.8071, train_loss2: 0.0403, train_loss3: 0.0035]
Mon 16 Mar 2026 12:38:56 INFO  epoch 68 evaluating [time: 0.19s, valid_score: 0.316100]
Mon 16 Mar 2026 12:38:56 INFO  valid result: 
recall@1 : 0.1209    recall@2 : 0.2075    recall@3 : 0.269    recall@4 : 0.3093    recall@5 : 0.34    recall@10 : 0.4718    recall@20 : 0.6162    recall@30 : 0.6914    recall@50 : 0.779    ndcg@1 : 0.1955    ndcg@2 : 0.2244    ndcg@3 : 0.2452    ndcg@4 : 0.2585    ndcg@5 : 0.2697    ndcg@10 : 0.3161    ndcg@20 : 0.3595    ndcg@30 : 0.3795    ndcg@50 : 0.4006    precision@1 : 0.1955    precision@2 : 0.1684    precision@3 : 0.1472    precision@4 : 0.1292    precision@5 : 0.1167    precision@10 : 0.0852    precision@20 : 0.0595    precision@30 : 0.0458    precision@50 : 0.0323    map@1 : 0.1955    map@2 : 0.1985    map@3 : 0.2041    map@4 : 0.2086    map@5 : 0.2128    map@10 : 0.232    map@20 : 0.2467    map@30 : 0.2524    map@50 : 0.2573
Mon 16 Mar 2026 12:38:56 INFO  Running E-step ! 
Mon 16 Mar 2026 12:38:57 INFO  epoch 69 training [time: 0.20s, train_loss1: 2.8238, train_loss2: 0.0402, train_loss3: 0.0034]
Mon 16 Mar 2026 12:38:57 INFO  epoch 69 evaluating [time: 0.18s, valid_score: 0.315700]
Mon 16 Mar 2026 12:38:57 INFO  valid result: 
recall@1 : 0.1204    recall@2 : 0.2074    recall@3 : 0.2678    recall@4 : 0.3082    recall@5 : 0.3399    recall@10 : 0.4711    recall@20 : 0.6195    recall@30 : 0.6929    recall@50 : 0.7805    ndcg@1 : 0.1955    ndcg@2 : 0.2239    ndcg@3 : 0.2446    ndcg@4 : 0.2578    ndcg@5 : 0.2693    ndcg@10 : 0.3157    ndcg@20 : 0.3601    ndcg@30 : 0.3798    ndcg@50 : 0.4007    precision@1 : 0.1955    precision@2 : 0.1678    precision@3 : 0.147    precision@4 : 0.129    precision@5 : 0.1167    precision@10 : 0.0852    precision@20 : 0.0597    precision@30 : 0.046    precision@50 : 0.0323    map@1 : 0.1955    map@2 : 0.1979    map@3 : 0.2035    map@4 : 0.208    map@5 : 0.2123    map@10 : 0.2315    map@20 : 0.2465    map@30 : 0.2522    map@50 : 0.257
Mon 16 Mar 2026 12:38:57 INFO  Running E-step ! 
Mon 16 Mar 2026 12:38:57 INFO  epoch 70 training [time: 0.19s, train_loss1: 2.7745, train_loss2: 0.0402, train_loss3: 0.0034]
Mon 16 Mar 2026 12:38:57 INFO  epoch 70 evaluating [time: 0.19s, valid_score: 0.316000]
Mon 16 Mar 2026 12:38:57 INFO  valid result: 
recall@1 : 0.121    recall@2 : 0.2068    recall@3 : 0.2671    recall@4 : 0.3071    recall@5 : 0.3392    recall@10 : 0.4722    recall@20 : 0.6191    recall@30 : 0.6939    recall@50 : 0.7825    ndcg@1 : 0.1961    ndcg@2 : 0.2237    ndcg@3 : 0.2443    ndcg@4 : 0.2575    ndcg@5 : 0.2691    ndcg@10 : 0.316    ndcg@20 : 0.3602    ndcg@30 : 0.3802    ndcg@50 : 0.4013    precision@1 : 0.1961    precision@2 : 0.1675    precision@3 : 0.1466    precision@4 : 0.1289    precision@5 : 0.1166    precision@10 : 0.0852    precision@20 : 0.0598    precision@30 : 0.0461    precision@50 : 0.0324    map@1 : 0.1961    map@2 : 0.1979    map@3 : 0.2034    map@4 : 0.2079    map@5 : 0.2123    map@10 : 0.2318    map@20 : 0.2468    map@30 : 0.2525    map@50 : 0.2574
Mon 16 Mar 2026 12:38:57 INFO  Running E-step ! 
Mon 16 Mar 2026 12:38:57 INFO  epoch 71 training [time: 0.17s, train_loss1: 2.7986, train_loss2: 0.0401, train_loss3: 0.0033]
Mon 16 Mar 2026 12:38:58 INFO  epoch 71 evaluating [time: 0.19s, valid_score: 0.316900]
Mon 16 Mar 2026 12:38:58 INFO  valid result: 
recall@1 : 0.1223    recall@2 : 0.208    recall@3 : 0.2665    recall@4 : 0.308    recall@5 : 0.3397    recall@10 : 0.4724    recall@20 : 0.6213    recall@30 : 0.6942    recall@50 : 0.7848    ndcg@1 : 0.1985    ndcg@2 : 0.2252    ndcg@3 : 0.2447    ndcg@4 : 0.2588    ndcg@5 : 0.2701    ndcg@10 : 0.3169    ndcg@20 : 0.3615    ndcg@30 : 0.3811    ndcg@50 : 0.4026    precision@1 : 0.1985    precision@2 : 0.1684    precision@3 : 0.1464    precision@4 : 0.1296    precision@5 : 0.1167    precision@10 : 0.0853    precision@20 : 0.06    precision@30 : 0.0462    precision@50 : 0.0325    map@1 : 0.1985    map@2 : 0.1992    map@3 : 0.2041    map@4 : 0.2092    map@5 : 0.2134    map@10 : 0.2328    map@20 : 0.2479    map@30 : 0.2535    map@50 : 0.2584
Mon 16 Mar 2026 12:38:58 INFO  Saving current: saved/NCL-Mar-16-2026_12-38-24.pth
Mon 16 Mar 2026 12:38:58 INFO  Saving current best: saved/NCL-Mar-16-2026_12-38-24.pth
Mon 16 Mar 2026 12:38:58 INFO  Running E-step ! 
Mon 16 Mar 2026 12:38:58 INFO  epoch 72 training [time: 0.17s, train_loss1: 2.7425, train_loss2: 0.0401, train_loss3: 0.0032]
Mon 16 Mar 2026 12:38:58 INFO  epoch 72 evaluating [time: 0.20s, valid_score: 0.316900]
Mon 16 Mar 2026 12:38:58 INFO  valid result: 
recall@1 : 0.1217    recall@2 : 0.208    recall@3 : 0.2666    recall@4 : 0.3074    recall@5 : 0.3395    recall@10 : 0.4728    recall@20 : 0.622    recall@30 : 0.6957    recall@50 : 0.7855    ndcg@1 : 0.1979    ndcg@2 : 0.225    ndcg@3 : 0.2445    ndcg@4 : 0.2584    ndcg@5 : 0.2699    ndcg@10 : 0.3169    ndcg@20 : 0.3616    ndcg@30 : 0.3814    ndcg@50 : 0.4026    precision@1 : 0.1979    precision@2 : 0.1684    precision@3 : 0.1464    precision@4 : 0.1295    precision@5 : 0.1169    precision@10 : 0.0855    precision@20 : 0.0601    precision@30 : 0.0463    precision@50 : 0.0325    map@1 : 0.1979    map@2 : 0.1989    map@3 : 0.2038    map@4 : 0.2087    map@5 : 0.2131    map@10 : 0.2326    map@20 : 0.2478    map@30 : 0.2534    map@50 : 0.2583
Mon 16 Mar 2026 12:38:58 INFO  Saving current: saved/NCL-Mar-16-2026_12-38-24.pth
Mon 16 Mar 2026 12:38:58 INFO  Saving current best: saved/NCL-Mar-16-2026_12-38-24.pth
Mon 16 Mar 2026 12:38:58 INFO  Running E-step ! 
Mon 16 Mar 2026 12:38:58 INFO  epoch 73 training [time: 0.17s, train_loss1: 2.7272, train_loss2: 0.0400, train_loss3: 0.0032]
Mon 16 Mar 2026 12:38:58 INFO  epoch 73 evaluating [time: 0.20s, valid_score: 0.317200]
Mon 16 Mar 2026 12:38:58 INFO  valid result: 
recall@1 : 0.1223    recall@2 : 0.2082    recall@3 : 0.2666    recall@4 : 0.3066    recall@5 : 0.3406    recall@10 : 0.4725    recall@20 : 0.6224    recall@30 : 0.6953    recall@50 : 0.7878    ndcg@1 : 0.1985    ndcg@2 : 0.2254    ndcg@3 : 0.2448    ndcg@4 : 0.2584    ndcg@5 : 0.2706    ndcg@10 : 0.3172    ndcg@20 : 0.3621    ndcg@30 : 0.3817    ndcg@50 : 0.4035    precision@1 : 0.1985    precision@2 : 0.1687    precision@3 : 0.1464    precision@4 : 0.1296    precision@5 : 0.1173    precision@10 : 0.0857    precision@20 : 0.0601    precision@30 : 0.0463    precision@50 : 0.0326    map@1 : 0.1985    map@2 : 0.1993    map@3 : 0.2043    map@4 : 0.2089    map@5 : 0.2136    map@10 : 0.233    map@20 : 0.2482    map@30 : 0.2539    map@50 : 0.2588
Mon 16 Mar 2026 12:38:58 INFO  Saving current: saved/NCL-Mar-16-2026_12-38-24.pth
Mon 16 Mar 2026 12:38:58 INFO  Saving current best: saved/NCL-Mar-16-2026_12-38-24.pth
Mon 16 Mar 2026 12:38:58 INFO  Running E-step ! 
Mon 16 Mar 2026 12:38:59 INFO  epoch 74 training [time: 0.19s, train_loss1: 2.7350, train_loss2: 0.0400, train_loss3: 0.0032]
Mon 16 Mar 2026 12:38:59 INFO  epoch 74 evaluating [time: 0.19s, valid_score: 0.318300]
Mon 16 Mar 2026 12:38:59 INFO  valid result: 
recall@1 : 0.1227    recall@2 : 0.2083    recall@3 : 0.2673    recall@4 : 0.3076    recall@5 : 0.3397    recall@10 : 0.4751    recall@20 : 0.6223    recall@30 : 0.6957    recall@50 : 0.7889    ndcg@1 : 0.1985    ndcg@2 : 0.2257    ndcg@3 : 0.2455    ndcg@4 : 0.2592    ndcg@5 : 0.2706    ndcg@10 : 0.3183    ndcg@20 : 0.3623    ndcg@30 : 0.382    ndcg@50 : 0.4041    precision@1 : 0.1985    precision@2 : 0.169    precision@3 : 0.147    precision@4 : 0.1301    precision@5 : 0.1172    precision@10 : 0.0862    precision@20 : 0.0601    precision@30 : 0.0463    precision@50 : 0.0327    map@1 : 0.1985    map@2 : 0.1996    map@3 : 0.205    map@4 : 0.2096    map@5 : 0.2138    map@10 : 0.2337    map@20 : 0.2486    map@30 : 0.2543    map@50 : 0.2593
Mon 16 Mar 2026 12:38:59 INFO  Saving current: saved/NCL-Mar-16-2026_12-38-24.pth
Mon 16 Mar 2026 12:38:59 INFO  Saving current best: saved/NCL-Mar-16-2026_12-38-24.pth
Mon 16 Mar 2026 12:38:59 INFO  Running E-step ! 
Mon 16 Mar 2026 12:38:59 INFO  epoch 75 training [time: 0.19s, train_loss1: 2.7186, train_loss2: 0.0399, train_loss3: 0.0031]
Mon 16 Mar 2026 12:38:59 INFO  epoch 75 evaluating [time: 0.19s, valid_score: 0.318000]
Mon 16 Mar 2026 12:38:59 INFO  valid result: 
recall@1 : 0.1227    recall@2 : 0.2078    recall@3 : 0.2672    recall@4 : 0.3079    recall@5 : 0.3401    recall@10 : 0.4742    recall@20 : 0.6232    recall@30 : 0.6963    recall@50 : 0.7888    ndcg@1 : 0.1985    ndcg@2 : 0.2256    ndcg@3 : 0.2455    ndcg@4 : 0.2592    ndcg@5 : 0.2708    ndcg@10 : 0.318    ndcg@20 : 0.3626    ndcg@30 : 0.3822    ndcg@50 : 0.4041    precision@1 : 0.1985    precision@2 : 0.169    precision@3 : 0.147    precision@4 : 0.1299    precision@5 : 0.1175    precision@10 : 0.0861    precision@20 : 0.0603    precision@30 : 0.0464    precision@50 : 0.0327    map@1 : 0.1985    map@2 : 0.1995    map@3 : 0.2049    map@4 : 0.2095    map@5 : 0.2139    map@10 : 0.2336    map@20 : 0.2486    map@30 : 0.2543    map@50 : 0.2593
Mon 16 Mar 2026 12:38:59 INFO  Running E-step ! 
Mon 16 Mar 2026 12:39:00 INFO  epoch 76 training [time: 0.18s, train_loss1: 2.7361, train_loss2: 0.0399, train_loss3: 0.0031]
Mon 16 Mar 2026 12:39:00 INFO  epoch 76 evaluating [time: 0.18s, valid_score: 0.318800]
Mon 16 Mar 2026 12:39:00 INFO  valid result: 
recall@1 : 0.1238    recall@2 : 0.2095    recall@3 : 0.2668    recall@4 : 0.3084    recall@5 : 0.3401    recall@10 : 0.4745    recall@20 : 0.623    recall@30 : 0.6965    recall@50 : 0.7906    ndcg@1 : 0.2002    ndcg@2 : 0.2273    ndcg@3 : 0.246    ndcg@4 : 0.2602    ndcg@5 : 0.2714    ndcg@10 : 0.3188    ndcg@20 : 0.3634    ndcg@30 : 0.383    ndcg@50 : 0.4053    precision@1 : 0.2002    precision@2 : 0.1701    precision@3 : 0.147    precision@4 : 0.1305    precision@5 : 0.1174    precision@10 : 0.0861    precision@20 : 0.0603    precision@30 : 0.0464    precision@50 : 0.0328    map@1 : 0.2002    map@2 : 0.201    map@3 : 0.2056    map@4 : 0.2106    map@5 : 0.2146    map@10 : 0.2344    map@20 : 0.2496    map@30 : 0.2552    map@50 : 0.2603
Mon 16 Mar 2026 12:39:00 INFO  Saving current: saved/NCL-Mar-16-2026_12-38-24.pth
Mon 16 Mar 2026 12:39:00 INFO  Saving current best: saved/NCL-Mar-16-2026_12-38-24.pth
Mon 16 Mar 2026 12:39:00 INFO  Running E-step ! 
Mon 16 Mar 2026 12:39:00 INFO  epoch 77 training [time: 0.19s, train_loss1: 2.7142, train_loss2: 0.0398, train_loss3: 0.0031]
Mon 16 Mar 2026 12:39:00 INFO  epoch 77 evaluating [time: 0.18s, valid_score: 0.318900]
Mon 16 Mar 2026 12:39:00 INFO  valid result: 
recall@1 : 0.1244    recall@2 : 0.2098    recall@3 : 0.267    recall@4 : 0.3084    recall@5 : 0.34    recall@10 : 0.4737    recall@20 : 0.6241    recall@30 : 0.6968    recall@50 : 0.7901    ndcg@1 : 0.2008    ndcg@2 : 0.2277    ndcg@3 : 0.2465    ndcg@4 : 0.2605    ndcg@5 : 0.2717    ndcg@10 : 0.3189    ndcg@20 : 0.364    ndcg@30 : 0.3835    ndcg@50 : 0.4056    precision@1 : 0.2008    precision@2 : 0.1704    precision@3 : 0.1472    precision@4 : 0.1305    precision@5 : 0.1175    precision@10 : 0.0861    precision@20 : 0.0604    precision@30 : 0.0465    precision@50 : 0.0328    map@1 : 0.2008    map@2 : 0.2016    map@3 : 0.206    map@4 : 0.211    map@5 : 0.215    map@10 : 0.2349    map@20 : 0.2502    map@30 : 0.2558    map@50 : 0.2609
Mon 16 Mar 2026 12:39:00 INFO  Saving current: saved/NCL-Mar-16-2026_12-38-24.pth
Mon 16 Mar 2026 12:39:00 INFO  Saving current best: saved/NCL-Mar-16-2026_12-38-24.pth
Mon 16 Mar 2026 12:39:00 INFO  Running E-step ! 
Mon 16 Mar 2026 12:39:00 INFO  epoch 78 training [time: 0.19s, train_loss1: 2.6925, train_loss2: 0.0397, train_loss3: 0.0031]
Mon 16 Mar 2026 12:39:01 INFO  epoch 78 evaluating [time: 0.19s, valid_score: 0.319700]
Mon 16 Mar 2026 12:39:01 INFO  valid result: 
recall@1 : 0.1257    recall@2 : 0.2107    recall@3 : 0.2659    recall@4 : 0.3085    recall@5 : 0.3399    recall@10 : 0.4741    recall@20 : 0.626    recall@30 : 0.6974    recall@50 : 0.7927    ndcg@1 : 0.2026    ndcg@2 : 0.2289    ndcg@3 : 0.2465    ndcg@4 : 0.2613    ndcg@5 : 0.2724    ndcg@10 : 0.3197    ndcg@20 : 0.3652    ndcg@30 : 0.3843    ndcg@50 : 0.4068    precision@1 : 0.2026    precision@2 : 0.171    precision@3 : 0.1468    precision@4 : 0.1308    precision@5 : 0.1179    precision@10 : 0.0862    precision@20 : 0.0605    precision@30 : 0.0465    precision@50 : 0.0329    map@1 : 0.2026    map@2 : 0.2028    map@3 : 0.2064    map@4 : 0.2118    map@5 : 0.2159    map@10 : 0.2357    map@20 : 0.2511    map@30 : 0.2567    map@50 : 0.2618
Mon 16 Mar 2026 12:39:01 INFO  Saving current: saved/NCL-Mar-16-2026_12-38-24.pth
Mon 16 Mar 2026 12:39:01 INFO  Saving current best: saved/NCL-Mar-16-2026_12-38-24.pth
Mon 16 Mar 2026 12:39:01 INFO  Running E-step ! 
Mon 16 Mar 2026 12:39:01 INFO  epoch 79 training [time: 0.21s, train_loss1: 2.6659, train_loss2: 0.0397, train_loss3: 0.0030]
Mon 16 Mar 2026 12:39:01 INFO  epoch 79 evaluating [time: 0.20s, valid_score: 0.319700]
Mon 16 Mar 2026 12:39:01 INFO  valid result: 
recall@1 : 0.1254    recall@2 : 0.2118    recall@3 : 0.266    recall@4 : 0.3067    recall@5 : 0.3403    recall@10 : 0.4736    recall@20 : 0.6267    recall@30 : 0.6971    recall@50 : 0.7942    ndcg@1 : 0.2032    ndcg@2 : 0.2295    ndcg@3 : 0.2467    ndcg@4 : 0.2608    ndcg@5 : 0.2726    ndcg@10 : 0.3197    ndcg@20 : 0.3654    ndcg@30 : 0.3844    ndcg@50 : 0.4072    precision@1 : 0.2032    precision@2 : 0.1713    precision@3 : 0.147    precision@4 : 0.1308    precision@5 : 0.1181    precision@10 : 0.0864    precision@20 : 0.0606    precision@30 : 0.0466    precision@50 : 0.0329    map@1 : 0.2032    map@2 : 0.2031    map@3 : 0.2066    map@4 : 0.2115    map@5 : 0.2161    map@10 : 0.2358    map@20 : 0.2513    map@30 : 0.2568    map@50 : 0.2619
Mon 16 Mar 2026 12:39:01 INFO  Saving current: saved/NCL-Mar-16-2026_12-38-24.pth
Mon 16 Mar 2026 12:39:01 INFO  Saving current best: saved/NCL-Mar-16-2026_12-38-24.pth
Mon 16 Mar 2026 12:39:01 INFO  Running E-step ! 
Mon 16 Mar 2026 12:39:01 INFO  epoch 80 training [time: 0.19s, train_loss1: 2.6783, train_loss2: 0.0396, train_loss3: 0.0030]
Mon 16 Mar 2026 12:39:01 INFO  epoch 80 evaluating [time: 0.20s, valid_score: 0.319500]
Mon 16 Mar 2026 12:39:01 INFO  valid result: 
recall@1 : 0.1248    recall@2 : 0.2113    recall@3 : 0.2659    recall@4 : 0.3061    recall@5 : 0.3402    recall@10 : 0.4735    recall@20 : 0.6282    recall@30 : 0.698    recall@50 : 0.7941    ndcg@1 : 0.2026    ndcg@2 : 0.2286    ndcg@3 : 0.2465    ndcg@4 : 0.2603    ndcg@5 : 0.2724    ndcg@10 : 0.3195    ndcg@20 : 0.3656    ndcg@30 : 0.3844    ndcg@50 : 0.4069    precision@1 : 0.2026    precision@2 : 0.1704    precision@3 : 0.1472    precision@4 : 0.1308    precision@5 : 0.1184    precision@10 : 0.0866    precision@20 : 0.0608    precision@30 : 0.0466    precision@50 : 0.0329    map@1 : 0.2026    map@2 : 0.2022    map@3 : 0.2062    map@4 : 0.211    map@5 : 0.2157    map@10 : 0.2354    map@20 : 0.2511    map@30 : 0.2565    map@50 : 0.2616
Mon 16 Mar 2026 12:39:01 INFO  Running E-step ! 
Mon 16 Mar 2026 12:39:02 INFO  epoch 81 training [time: 0.19s, train_loss1: 2.6555, train_loss2: 0.0396, train_loss3: 0.0029]
Mon 16 Mar 2026 12:39:02 INFO  epoch 81 evaluating [time: 0.19s, valid_score: 0.319600]
Mon 16 Mar 2026 12:39:02 INFO  valid result: 
recall@1 : 0.1248    recall@2 : 0.211    recall@3 : 0.2657    recall@4 : 0.3062    recall@5 : 0.3402    recall@10 : 0.4738    recall@20 : 0.6291    recall@30 : 0.697    recall@50 : 0.7931    ndcg@1 : 0.2026    ndcg@2 : 0.2284    ndcg@3 : 0.2463    ndcg@4 : 0.2601    ndcg@5 : 0.2722    ndcg@10 : 0.3196    ndcg@20 : 0.3659    ndcg@30 : 0.3842    ndcg@50 : 0.4068    precision@1 : 0.2026    precision@2 : 0.1704    precision@3 : 0.147    precision@4 : 0.1305    precision@5 : 0.1181    precision@10 : 0.0868    precision@20 : 0.0608    precision@30 : 0.0466    precision@50 : 0.0328    map@1 : 0.2026    map@2 : 0.202    map@3 : 0.206    map@4 : 0.2109    map@5 : 0.2155    map@10 : 0.2355    map@20 : 0.2511    map@30 : 0.2565    map@50 : 0.2617
Mon 16 Mar 2026 12:39:02 INFO  Running E-step ! 
Mon 16 Mar 2026 12:39:02 INFO  epoch 82 training [time: 0.18s, train_loss1: 2.6902, train_loss2: 0.0395, train_loss3: 0.0029]
Mon 16 Mar 2026 12:39:02 INFO  epoch 82 evaluating [time: 0.19s, valid_score: 0.319800]
Mon 16 Mar 2026 12:39:02 INFO  valid result: 
recall@1 : 0.1246    recall@2 : 0.2124    recall@3 : 0.2655    recall@4 : 0.3065    recall@5 : 0.3419    recall@10 : 0.4739    recall@20 : 0.6287    recall@30 : 0.6993    recall@50 : 0.7951    ndcg@1 : 0.202    ndcg@2 : 0.2296    ndcg@3 : 0.2463    ndcg@4 : 0.2606    ndcg@5 : 0.2731    ndcg@10 : 0.3198    ndcg@20 : 0.3661    ndcg@30 : 0.385    ndcg@50 : 0.4074    precision@1 : 0.202    precision@2 : 0.1719    precision@3 : 0.1468    precision@4 : 0.131    precision@5 : 0.1187    precision@10 : 0.0867    precision@20 : 0.0609    precision@30 : 0.0468    precision@50 : 0.0329    map@1 : 0.202    map@2 : 0.2028    map@3 : 0.2062    map@4 : 0.2113    map@5 : 0.2161    map@10 : 0.2357    map@20 : 0.2515    map@30 : 0.257    map@50 : 0.2621
Mon 16 Mar 2026 12:39:02 INFO  Saving current: saved/NCL-Mar-16-2026_12-38-24.pth
Mon 16 Mar 2026 12:39:02 INFO  Saving current best: saved/NCL-Mar-16-2026_12-38-24.pth
Mon 16 Mar 2026 12:39:02 INFO  Running E-step ! 
Mon 16 Mar 2026 12:39:02 INFO  epoch 83 training [time: 0.19s, train_loss1: 2.6566, train_loss2: 0.0394, train_loss3: 0.0028]
Mon 16 Mar 2026 12:39:03 INFO  epoch 83 evaluating [time: 0.19s, valid_score: 0.320300]
Mon 16 Mar 2026 12:39:03 INFO  valid result: 
recall@1 : 0.1249    recall@2 : 0.2122    recall@3 : 0.2657    recall@4 : 0.3061    recall@5 : 0.3417    recall@10 : 0.4753    recall@20 : 0.6291    recall@30 : 0.6993    recall@50 : 0.7954    ndcg@1 : 0.202    ndcg@2 : 0.2295    ndcg@3 : 0.2465    ndcg@4 : 0.2605    ndcg@5 : 0.2731    ndcg@10 : 0.3203    ndcg@20 : 0.3663    ndcg@30 : 0.3852    ndcg@50 : 0.4077    precision@1 : 0.202    precision@2 : 0.1716    precision@3 : 0.147    precision@4 : 0.131    precision@5 : 0.1187    precision@10 : 0.0868    precision@20 : 0.0609    precision@30 : 0.0468    precision@50 : 0.0329    map@1 : 0.202    map@2 : 0.2028    map@3 : 0.2064    map@4 : 0.2114    map@5 : 0.2163    map@10 : 0.2362    map@20 : 0.2518    map@30 : 0.2573    map@50 : 0.2624
Mon 16 Mar 2026 12:39:03 INFO  Saving current: saved/NCL-Mar-16-2026_12-38-24.pth
Mon 16 Mar 2026 12:39:03 INFO  Saving current best: saved/NCL-Mar-16-2026_12-38-24.pth
Mon 16 Mar 2026 12:39:03 INFO  Running E-step ! 
Mon 16 Mar 2026 12:39:03 INFO  epoch 84 training [time: 0.20s, train_loss1: 2.6480, train_loss2: 0.0394, train_loss3: 0.0028]
Mon 16 Mar 2026 12:39:03 INFO  epoch 84 evaluating [time: 0.20s, valid_score: 0.321100]
Mon 16 Mar 2026 12:39:03 INFO  valid result: 
recall@1 : 0.1254    recall@2 : 0.2129    recall@3 : 0.2647    recall@4 : 0.3072    recall@5 : 0.3412    recall@10 : 0.4764    recall@20 : 0.6286    recall@30 : 0.6983    recall@50 : 0.7963    ndcg@1 : 0.2026    ndcg@2 : 0.2301    ndcg@3 : 0.2464    ndcg@4 : 0.2611    ndcg@5 : 0.2733    ndcg@10 : 0.3211    ndcg@20 : 0.3664    ndcg@30 : 0.3852    ndcg@50 : 0.4081    precision@1 : 0.2026    precision@2 : 0.1722    precision@3 : 0.147    precision@4 : 0.1311    precision@5 : 0.1188    precision@10 : 0.0874    precision@20 : 0.0609    precision@30 : 0.0467    precision@50 : 0.0329    map@1 : 0.2026    map@2 : 0.2031    map@3 : 0.2064    map@4 : 0.2118    map@5 : 0.2166    map@10 : 0.2367    map@20 : 0.252    map@30 : 0.2575    map@50 : 0.2627
Mon 16 Mar 2026 12:39:03 INFO  Saving current: saved/NCL-Mar-16-2026_12-38-24.pth
Mon 16 Mar 2026 12:39:03 INFO  Saving current best: saved/NCL-Mar-16-2026_12-38-24.pth
Mon 16 Mar 2026 12:39:03 INFO  Running E-step ! 
Mon 16 Mar 2026 12:39:03 INFO  epoch 85 training [time: 0.18s, train_loss1: 2.6470, train_loss2: 0.0393, train_loss3: 0.0028]
Mon 16 Mar 2026 12:39:03 INFO  epoch 85 evaluating [time: 0.19s, valid_score: 0.321700]
Mon 16 Mar 2026 12:39:03 INFO  valid result: 
recall@1 : 0.1252    recall@2 : 0.2134    recall@3 : 0.2656    recall@4 : 0.3074    recall@5 : 0.3421    recall@10 : 0.478    recall@20 : 0.6285    recall@30 : 0.6985    recall@50 : 0.7967    ndcg@1 : 0.2014    ndcg@2 : 0.2297    ndcg@3 : 0.2468    ndcg@4 : 0.2611    ndcg@5 : 0.2735    ndcg@10 : 0.3217    ndcg@20 : 0.3666    ndcg@30 : 0.3854    ndcg@50 : 0.4083    precision@1 : 0.2014    precision@2 : 0.1719    precision@3 : 0.1476    precision@4 : 0.1311    precision@5 : 0.119    precision@10 : 0.0878    precision@20 : 0.0609    precision@30 : 0.0468    precision@50 : 0.033    map@1 : 0.2014    map@2 : 0.2028    map@3 : 0.2066    map@4 : 0.2119    map@5 : 0.2167    map@10 : 0.237    map@20 : 0.2522    map@30 : 0.2577    map@50 : 0.2629
Mon 16 Mar 2026 12:39:04 INFO  Saving current: saved/NCL-Mar-16-2026_12-38-24.pth
Mon 16 Mar 2026 12:39:04 INFO  Saving current best: saved/NCL-Mar-16-2026_12-38-24.pth
Mon 16 Mar 2026 12:39:04 INFO  Running E-step ! 
Mon 16 Mar 2026 12:39:04 INFO  epoch 86 training [time: 0.19s, train_loss1: 2.6428, train_loss2: 0.0392, train_loss3: 0.0027]
Mon 16 Mar 2026 12:39:04 INFO  epoch 86 evaluating [time: 0.19s, valid_score: 0.321800]
Mon 16 Mar 2026 12:39:04 INFO  valid result: 
recall@1 : 0.1249    recall@2 : 0.2135    recall@3 : 0.2666    recall@4 : 0.307    recall@5 : 0.3425    recall@10 : 0.4783    recall@20 : 0.6285    recall@30 : 0.697    recall@50 : 0.7966    ndcg@1 : 0.2008    ndcg@2 : 0.2298    ndcg@3 : 0.2472    ndcg@4 : 0.2606    ndcg@5 : 0.2735    ndcg@10 : 0.3218    ndcg@20 : 0.3666    ndcg@30 : 0.3852    ndcg@50 : 0.4085    precision@1 : 0.2008    precision@2 : 0.1722    precision@3 : 0.148    precision@4 : 0.1305    precision@5 : 0.119    precision@10 : 0.0878    precision@20 : 0.0609    precision@30 : 0.0467    precision@50 : 0.033    map@1 : 0.2008    map@2 : 0.2029    map@3 : 0.207    map@4 : 0.2116    map@5 : 0.2166    map@10 : 0.237    map@20 : 0.2523    map@30 : 0.2578    map@50 : 0.2631
Mon 16 Mar 2026 12:39:04 INFO  Saving current: saved/NCL-Mar-16-2026_12-38-24.pth
Mon 16 Mar 2026 12:39:04 INFO  Saving current best: saved/NCL-Mar-16-2026_12-38-24.pth
Mon 16 Mar 2026 12:39:04 INFO  Running E-step ! 
Mon 16 Mar 2026 12:39:04 INFO  epoch 87 training [time: 0.19s, train_loss1: 2.6060, train_loss2: 0.0392, train_loss3: 0.0027]
Mon 16 Mar 2026 12:39:04 INFO  epoch 87 evaluating [time: 0.19s, valid_score: 0.323000]
Mon 16 Mar 2026 12:39:04 INFO  valid result: 
recall@1 : 0.1257    recall@2 : 0.2154    recall@3 : 0.2677    recall@4 : 0.3063    recall@5 : 0.3435    recall@10 : 0.4799    recall@20 : 0.6288    recall@30 : 0.6978    recall@50 : 0.7965    ndcg@1 : 0.202    ndcg@2 : 0.2313    ndcg@3 : 0.2482    ndcg@4 : 0.261    ndcg@5 : 0.2745    ndcg@10 : 0.323    ndcg@20 : 0.3675    ndcg@30 : 0.3862    ndcg@50 : 0.4093    precision@1 : 0.202    precision@2 : 0.1731    precision@3 : 0.148    precision@4 : 0.1304    precision@5 : 0.1192    precision@10 : 0.0881    precision@20 : 0.0609    precision@30 : 0.0468    precision@50 : 0.033    map@1 : 0.202    map@2 : 0.2044    map@3 : 0.2079    map@4 : 0.2122    map@5 : 0.2177    map@10 : 0.2382    map@20 : 0.2533    map@30 : 0.2588    map@50 : 0.2641
Mon 16 Mar 2026 12:39:04 INFO  Saving current: saved/NCL-Mar-16-2026_12-38-24.pth
Mon 16 Mar 2026 12:39:04 INFO  Saving current best: saved/NCL-Mar-16-2026_12-38-24.pth
Mon 16 Mar 2026 12:39:04 INFO  Running E-step ! 
Mon 16 Mar 2026 12:39:05 INFO  epoch 88 training [time: 0.19s, train_loss1: 2.5938, train_loss2: 0.0391, train_loss3: 0.0026]
Mon 16 Mar 2026 12:39:05 INFO  epoch 88 evaluating [time: 0.18s, valid_score: 0.323800]
Mon 16 Mar 2026 12:39:05 INFO  valid result: 
recall@1 : 0.1258    recall@2 : 0.2154    recall@3 : 0.2687    recall@4 : 0.3057    recall@5 : 0.3446    recall@10 : 0.4814    recall@20 : 0.6283    recall@30 : 0.6982    recall@50 : 0.7954    ndcg@1 : 0.2026    ndcg@2 : 0.2316    ndcg@3 : 0.249    ndcg@4 : 0.2609    ndcg@5 : 0.2753    ndcg@10 : 0.3238    ndcg@20 : 0.3676    ndcg@30 : 0.3866    ndcg@50 : 0.4094    precision@1 : 0.2026    precision@2 : 0.1734    precision@3 : 0.1488    precision@4 : 0.1302    precision@5 : 0.1198    precision@10 : 0.0884    precision@20 : 0.0609    precision@30 : 0.0468    precision@50 : 0.0331    map@1 : 0.2026    map@2 : 0.2049    map@3 : 0.2085    map@4 : 0.2123    map@5 : 0.2182    map@10 : 0.2387    map@20 : 0.2536    map@30 : 0.2592    map@50 : 0.2644
Mon 16 Mar 2026 12:39:05 INFO  Saving current: saved/NCL-Mar-16-2026_12-38-24.pth
Mon 16 Mar 2026 12:39:05 INFO  Saving current best: saved/NCL-Mar-16-2026_12-38-24.pth
Mon 16 Mar 2026 12:39:05 INFO  Running E-step ! 
Mon 16 Mar 2026 12:39:05 INFO  epoch 89 training [time: 0.19s, train_loss1: 2.6171, train_loss2: 0.0391, train_loss3: 0.0027]
Mon 16 Mar 2026 12:39:05 INFO  epoch 89 evaluating [time: 0.19s, valid_score: 0.324000]
Mon 16 Mar 2026 12:39:05 INFO  valid result: 
recall@1 : 0.1258    recall@2 : 0.215    recall@3 : 0.269    recall@4 : 0.3048    recall@5 : 0.3454    recall@10 : 0.4813    recall@20 : 0.6286    recall@30 : 0.6986    recall@50 : 0.7962    ndcg@1 : 0.2026    ndcg@2 : 0.2316    ndcg@3 : 0.2493    ndcg@4 : 0.2606    ndcg@5 : 0.2756    ndcg@10 : 0.324    ndcg@20 : 0.3679    ndcg@30 : 0.3869    ndcg@50 : 0.4098    precision@1 : 0.2026    precision@2 : 0.1734    precision@3 : 0.1492    precision@4 : 0.1301    precision@5 : 0.12    precision@10 : 0.0886    precision@20 : 0.0609    precision@30 : 0.047    precision@50 : 0.0331    map@1 : 0.2026    map@2 : 0.2052    map@3 : 0.2088    map@4 : 0.2122    map@5 : 0.2186    map@10 : 0.239    map@20 : 0.2538    map@30 : 0.2595    map@50 : 0.2647
Mon 16 Mar 2026 12:39:05 INFO  Saving current: saved/NCL-Mar-16-2026_12-38-24.pth
Mon 16 Mar 2026 12:39:05 INFO  Saving current best: saved/NCL-Mar-16-2026_12-38-24.pth
Mon 16 Mar 2026 12:39:05 INFO  Running E-step ! 
Mon 16 Mar 2026 12:39:05 INFO  epoch 90 training [time: 0.19s, train_loss1: 2.6403, train_loss2: 0.0390, train_loss3: 0.0026]
Mon 16 Mar 2026 12:39:06 INFO  epoch 90 evaluating [time: 0.19s, valid_score: 0.324200]
Mon 16 Mar 2026 12:39:06 INFO  valid result: 
recall@1 : 0.126    recall@2 : 0.2151    recall@3 : 0.2688    recall@4 : 0.3047    recall@5 : 0.3463    recall@10 : 0.4813    recall@20 : 0.6286    recall@30 : 0.6985    recall@50 : 0.7964    ndcg@1 : 0.2026    ndcg@2 : 0.2319    ndcg@3 : 0.2491    ndcg@4 : 0.2606    ndcg@5 : 0.2759    ndcg@10 : 0.3242    ndcg@20 : 0.3682    ndcg@30 : 0.3872    ndcg@50 : 0.4102    precision@1 : 0.2026    precision@2 : 0.1737    precision@3 : 0.1488    precision@4 : 0.1301    precision@5 : 0.12    precision@10 : 0.0886    precision@20 : 0.061    precision@30 : 0.0469    precision@50 : 0.0332    map@1 : 0.2026    map@2 : 0.2055    map@3 : 0.2086    map@4 : 0.2122    map@5 : 0.2188    map@10 : 0.2393    map@20 : 0.2542    map@30 : 0.2598    map@50 : 0.2651
Mon 16 Mar 2026 12:39:06 INFO  Saving current: saved/NCL-Mar-16-2026_12-38-24.pth
Mon 16 Mar 2026 12:39:06 INFO  Saving current best: saved/NCL-Mar-16-2026_12-38-24.pth
Mon 16 Mar 2026 12:39:06 INFO  Running E-step ! 
Mon 16 Mar 2026 12:39:06 INFO  epoch 91 training [time: 0.18s, train_loss1: 2.5861, train_loss2: 0.0389, train_loss3: 0.0027]
Mon 16 Mar 2026 12:39:06 INFO  epoch 91 evaluating [time: 0.19s, valid_score: 0.324300]
Mon 16 Mar 2026 12:39:06 INFO  valid result: 
recall@1 : 0.1266    recall@2 : 0.2158    recall@3 : 0.2691    recall@4 : 0.3041    recall@5 : 0.3469    recall@10 : 0.4805    recall@20 : 0.6291    recall@30 : 0.6983    recall@50 : 0.796    ndcg@1 : 0.2032    ndcg@2 : 0.2328    ndcg@3 : 0.2498    ndcg@4 : 0.2611    ndcg@5 : 0.2765    ndcg@10 : 0.3243    ndcg@20 : 0.3687    ndcg@30 : 0.3877    ndcg@50 : 0.4106    precision@1 : 0.2032    precision@2 : 0.1746    precision@3 : 0.1494    precision@4 : 0.1305    precision@5 : 0.12    precision@10 : 0.0883    precision@20 : 0.0609    precision@30 : 0.047    precision@50 : 0.0332    map@1 : 0.2032    map@2 : 0.2062    map@3 : 0.2093    map@4 : 0.2129    map@5 : 0.2194    map@10 : 0.2397    map@20 : 0.2548    map@30 : 0.2604    map@50 : 0.2657
Mon 16 Mar 2026 12:39:06 INFO  Saving current: saved/NCL-Mar-16-2026_12-38-24.pth
Mon 16 Mar 2026 12:39:06 INFO  Saving current best: saved/NCL-Mar-16-2026_12-38-24.pth
Mon 16 Mar 2026 12:39:06 INFO  Running E-step ! 
Mon 16 Mar 2026 12:39:06 INFO  epoch 92 training [time: 0.20s, train_loss1: 2.5797, train_loss2: 0.0389, train_loss3: 0.0026]
Mon 16 Mar 2026 12:39:06 INFO  epoch 92 evaluating [time: 0.20s, valid_score: 0.325100]
Mon 16 Mar 2026 12:39:06 INFO  valid result: 
recall@1 : 0.1275    recall@2 : 0.2157    recall@3 : 0.2691    recall@4 : 0.3044    recall@5 : 0.348    recall@10 : 0.4815    recall@20 : 0.6288    recall@30 : 0.6986    recall@50 : 0.7965    ndcg@1 : 0.2044    ndcg@2 : 0.2331    ndcg@3 : 0.2501    ndcg@4 : 0.2615    ndcg@5 : 0.2775    ndcg@10 : 0.3251    ndcg@20 : 0.3691    ndcg@30 : 0.3882    ndcg@50 : 0.4112    precision@1 : 0.2044    precision@2 : 0.1746    precision@3 : 0.1494    precision@4 : 0.1305    precision@5 : 0.1206    precision@10 : 0.0884    precision@20 : 0.0609    precision@30 : 0.047    precision@50 : 0.0332    map@1 : 0.2044    map@2 : 0.2066    map@3 : 0.2097    map@4 : 0.2134    map@5 : 0.2202    map@10 : 0.2403    map@20 : 0.2553    map@30 : 0.2609    map@50 : 0.2662
Mon 16 Mar 2026 12:39:06 INFO  Saving current: saved/NCL-Mar-16-2026_12-38-24.pth
Mon 16 Mar 2026 12:39:06 INFO  Saving current best: saved/NCL-Mar-16-2026_12-38-24.pth
Mon 16 Mar 2026 12:39:06 INFO  Running E-step ! 
Mon 16 Mar 2026 12:39:07 INFO  epoch 93 training [time: 0.17s, train_loss1: 2.5854, train_loss2: 0.0388, train_loss3: 0.0025]
Mon 16 Mar 2026 12:39:07 INFO  epoch 93 evaluating [time: 0.19s, valid_score: 0.325700]
Mon 16 Mar 2026 12:39:07 INFO  valid result: 
recall@1 : 0.1275    recall@2 : 0.2159    recall@3 : 0.2703    recall@4 : 0.3053    recall@5 : 0.3493    recall@10 : 0.4827    recall@20 : 0.628    recall@30 : 0.6985    recall@50 : 0.7987    ndcg@1 : 0.2044    ndcg@2 : 0.2331    ndcg@3 : 0.2506    ndcg@4 : 0.2623    ndcg@5 : 0.2783    ndcg@10 : 0.3257    ndcg@20 : 0.3693    ndcg@30 : 0.3885    ndcg@50 : 0.412    precision@1 : 0.2044    precision@2 : 0.1746    precision@3 : 0.1496    precision@4 : 0.1314    precision@5 : 0.1213    precision@10 : 0.0886    precision@20 : 0.0609    precision@30 : 0.0471    precision@50 : 0.0333    map@1 : 0.2044    map@2 : 0.2066    map@3 : 0.2101    map@4 : 0.2139    map@5 : 0.2208    map@10 : 0.2408    map@20 : 0.2557    map@30 : 0.2614    map@50 : 0.2667
Mon 16 Mar 2026 12:39:07 INFO  Saving current: saved/NCL-Mar-16-2026_12-38-24.pth
Mon 16 Mar 2026 12:39:07 INFO  Saving current best: saved/NCL-Mar-16-2026_12-38-24.pth
Mon 16 Mar 2026 12:39:07 INFO  Running E-step ! 
Mon 16 Mar 2026 12:39:07 INFO  epoch 94 training [time: 0.19s, train_loss1: 2.5677, train_loss2: 0.0387, train_loss3: 0.0025]
Mon 16 Mar 2026 12:39:07 INFO  epoch 94 evaluating [time: 0.19s, valid_score: 0.326600]
Mon 16 Mar 2026 12:39:07 INFO  valid result: 
recall@1 : 0.1285    recall@2 : 0.2162    recall@3 : 0.2704    recall@4 : 0.3058    recall@5 : 0.3487    recall@10 : 0.4839    recall@20 : 0.629    recall@30 : 0.6989    recall@50 : 0.7993    ndcg@1 : 0.2062    ndcg@2 : 0.2338    ndcg@3 : 0.2512    ndcg@4 : 0.263    ndcg@5 : 0.2787    ndcg@10 : 0.3266    ndcg@20 : 0.3701    ndcg@30 : 0.3891    ndcg@50 : 0.4126    precision@1 : 0.2062    precision@2 : 0.1746    precision@3 : 0.1498    precision@4 : 0.1317    precision@5 : 0.1216    precision@10 : 0.0889    precision@20 : 0.0611    precision@30 : 0.047    precision@50 : 0.0333    map@1 : 0.2062    map@2 : 0.2074    map@3 : 0.2107    map@4 : 0.2146    map@5 : 0.2216    map@10 : 0.2416    map@20 : 0.2564    map@30 : 0.262    map@50 : 0.2674
Mon 16 Mar 2026 12:39:07 INFO  Saving current: saved/NCL-Mar-16-2026_12-38-24.pth
Mon 16 Mar 2026 12:39:07 INFO  Saving current best: saved/NCL-Mar-16-2026_12-38-24.pth
Mon 16 Mar 2026 12:39:07 INFO  Running E-step ! 
Mon 16 Mar 2026 12:39:07 INFO  epoch 95 training [time: 0.20s, train_loss1: 2.5874, train_loss2: 0.0387, train_loss3: 0.0024]
Mon 16 Mar 2026 12:39:08 INFO  epoch 95 evaluating [time: 0.19s, valid_score: 0.327400]
Mon 16 Mar 2026 12:39:08 INFO  valid result: 
recall@1 : 0.1301    recall@2 : 0.2162    recall@3 : 0.2704    recall@4 : 0.3059    recall@5 : 0.3487    recall@10 : 0.484    recall@20 : 0.6295    recall@30 : 0.6984    recall@50 : 0.7988    ndcg@1 : 0.2086    ndcg@2 : 0.2345    ndcg@3 : 0.2519    ndcg@4 : 0.2637    ndcg@5 : 0.2795    ndcg@10 : 0.3274    ndcg@20 : 0.3708    ndcg@30 : 0.3897    ndcg@50 : 0.4132    precision@1 : 0.2086    precision@2 : 0.1746    precision@3 : 0.1498    precision@4 : 0.1317    precision@5 : 0.1219    precision@10 : 0.089    precision@20 : 0.0611    precision@30 : 0.047    precision@50 : 0.0333    map@1 : 0.2086    map@2 : 0.2083    map@3 : 0.2116    map@4 : 0.2154    map@5 : 0.2224    map@10 : 0.2424    map@20 : 0.2572    map@30 : 0.2629    map@50 : 0.2682
Mon 16 Mar 2026 12:39:08 INFO  Saving current: saved/NCL-Mar-16-2026_12-38-24.pth
Mon 16 Mar 2026 12:39:08 INFO  Saving current best: saved/NCL-Mar-16-2026_12-38-24.pth
Mon 16 Mar 2026 12:39:08 INFO  Running E-step ! 
Mon 16 Mar 2026 12:39:08 INFO  epoch 96 training [time: 0.19s, train_loss1: 2.5612, train_loss2: 0.0386, train_loss3: 0.0025]
Mon 16 Mar 2026 12:39:08 INFO  epoch 96 evaluating [time: 0.19s, valid_score: 0.327700]
Mon 16 Mar 2026 12:39:08 INFO  valid result: 
recall@1 : 0.13    recall@2 : 0.2168    recall@3 : 0.2704    recall@4 : 0.306    recall@5 : 0.3494    recall@10 : 0.4847    recall@20 : 0.6299    recall@30 : 0.6989    recall@50 : 0.799    ndcg@1 : 0.2086    ndcg@2 : 0.2349    ndcg@3 : 0.252    ndcg@4 : 0.2638    ndcg@5 : 0.2799    ndcg@10 : 0.3277    ndcg@20 : 0.3711    ndcg@30 : 0.39    ndcg@50 : 0.4135    precision@1 : 0.2086    precision@2 : 0.1749    precision@3 : 0.1498    precision@4 : 0.1319    precision@5 : 0.1222    precision@10 : 0.0892    precision@20 : 0.0611    precision@30 : 0.0471    precision@50 : 0.0333    map@1 : 0.2086    map@2 : 0.2086    map@3 : 0.2117    map@4 : 0.2155    map@5 : 0.2226    map@10 : 0.2426    map@20 : 0.2574    map@30 : 0.2631    map@50 : 0.2684
Mon 16 Mar 2026 12:39:08 INFO  Saving current: saved/NCL-Mar-16-2026_12-38-24.pth
Mon 16 Mar 2026 12:39:08 INFO  Saving current best: saved/NCL-Mar-16-2026_12-38-24.pth
Mon 16 Mar 2026 12:39:08 INFO  Running E-step ! 
Mon 16 Mar 2026 12:39:08 INFO  epoch 97 training [time: 0.19s, train_loss1: 2.5601, train_loss2: 0.0385, train_loss3: 0.0025]
Mon 16 Mar 2026 12:39:08 INFO  epoch 97 evaluating [time: 0.19s, valid_score: 0.328400]
Mon 16 Mar 2026 12:39:08 INFO  valid result: 
recall@1 : 0.1312    recall@2 : 0.2166    recall@3 : 0.27    recall@4 : 0.3081    recall@5 : 0.3496    recall@10 : 0.4848    recall@20 : 0.6282    recall@30 : 0.6994    recall@50 : 0.7993    ndcg@1 : 0.2098    ndcg@2 : 0.2352    ndcg@3 : 0.2522    ndcg@4 : 0.265    ndcg@5 : 0.2805    ndcg@10 : 0.3284    ndcg@20 : 0.3713    ndcg@30 : 0.3907    ndcg@50 : 0.4142    precision@1 : 0.2098    precision@2 : 0.1746    precision@3 : 0.1498    precision@4 : 0.1323    precision@5 : 0.1223    precision@10 : 0.0895    precision@20 : 0.061    precision@30 : 0.0471    precision@50 : 0.0333    map@1 : 0.2098    map@2 : 0.209    map@3 : 0.2121    map@4 : 0.2163    map@5 : 0.223    map@10 : 0.2434    map@20 : 0.258    map@30 : 0.2638    map@50 : 0.2691
Mon 16 Mar 2026 12:39:09 INFO  Saving current: saved/NCL-Mar-16-2026_12-38-24.pth
Mon 16 Mar 2026 12:39:09 INFO  Saving current best: saved/NCL-Mar-16-2026_12-38-24.pth
Mon 16 Mar 2026 12:39:09 INFO  Running E-step ! 
Mon 16 Mar 2026 12:39:09 INFO  epoch 98 training [time: 0.19s, train_loss1: 2.5672, train_loss2: 0.0384, train_loss3: 0.0024]
Mon 16 Mar 2026 12:39:09 INFO  epoch 98 evaluating [time: 0.19s, valid_score: 0.328800]
Mon 16 Mar 2026 12:39:09 INFO  valid result: 
recall@1 : 0.1316    recall@2 : 0.2156    recall@3 : 0.2707    recall@4 : 0.3098    recall@5 : 0.3487    recall@10 : 0.4856    recall@20 : 0.6294    recall@30 : 0.6989    recall@50 : 0.7999    ndcg@1 : 0.2098    ndcg@2 : 0.2348    ndcg@3 : 0.2527    ndcg@4 : 0.2659    ndcg@5 : 0.2802    ndcg@10 : 0.3288    ndcg@20 : 0.3718    ndcg@30 : 0.3909    ndcg@50 : 0.4145    precision@1 : 0.2098    precision@2 : 0.1743    precision@3 : 0.1502    precision@4 : 0.133    precision@5 : 0.1219    precision@10 : 0.0895    precision@20 : 0.0611    precision@30 : 0.0472    precision@50 : 0.0334    map@1 : 0.2098    map@2 : 0.2087    map@3 : 0.2126    map@4 : 0.217    map@5 : 0.223    map@10 : 0.2437    map@20 : 0.2583    map@30 : 0.264    map@50 : 0.2694
Mon 16 Mar 2026 12:39:09 INFO  Saving current: saved/NCL-Mar-16-2026_12-38-24.pth
Mon 16 Mar 2026 12:39:09 INFO  Saving current best: saved/NCL-Mar-16-2026_12-38-24.pth
Mon 16 Mar 2026 12:39:09 INFO  Running E-step ! 
Mon 16 Mar 2026 12:39:09 INFO  epoch 99 training [time: 0.20s, train_loss1: 2.5725, train_loss2: 0.0384, train_loss3: 0.0024]
Mon 16 Mar 2026 12:39:09 INFO  epoch 99 evaluating [time: 0.19s, valid_score: 0.328800]
Mon 16 Mar 2026 12:39:09 INFO  valid result: 
recall@1 : 0.131    recall@2 : 0.2159    recall@3 : 0.2711    recall@4 : 0.3089    recall@5 : 0.3495    recall@10 : 0.4862    recall@20 : 0.6312    recall@30 : 0.6982    recall@50 : 0.8002    ndcg@1 : 0.2092    ndcg@2 : 0.2347    ndcg@3 : 0.2526    ndcg@4 : 0.2652    ndcg@5 : 0.2803    ndcg@10 : 0.3288    ndcg@20 : 0.3721    ndcg@30 : 0.3906    ndcg@50 : 0.4145    precision@1 : 0.2092    precision@2 : 0.1743    precision@3 : 0.1502    precision@4 : 0.1324    precision@5 : 0.1221    precision@10 : 0.0896    precision@20 : 0.0613    precision@30 : 0.0472    precision@50 : 0.0334    map@1 : 0.2092    map@2 : 0.2084    map@3 : 0.2124    map@4 : 0.2165    map@5 : 0.2229    map@10 : 0.2435    map@20 : 0.2582    map@30 : 0.2638    map@50 : 0.2692
Mon 16 Mar 2026 12:39:09 INFO  Saving current: saved/NCL-Mar-16-2026_12-38-24.pth
Mon 16 Mar 2026 12:39:09 INFO  Saving current best: saved/NCL-Mar-16-2026_12-38-24.pth
Mon 16 Mar 2026 12:39:09 INFO  Running E-step ! 
Mon 16 Mar 2026 12:39:10 INFO  epoch 100 training [time: 0.19s, train_loss1: 2.4918, train_loss2: 0.0383, train_loss3: 0.0024]
Mon 16 Mar 2026 12:39:10 INFO  epoch 100 evaluating [time: 0.20s, valid_score: 0.328900]
Mon 16 Mar 2026 12:39:10 INFO  valid result: 
recall@1 : 0.131    recall@2 : 0.2159    recall@3 : 0.271    recall@4 : 0.3089    recall@5 : 0.3514    recall@10 : 0.4861    recall@20 : 0.6326    recall@30 : 0.699    recall@50 : 0.8    ndcg@1 : 0.2092    ndcg@2 : 0.2347    ndcg@3 : 0.2526    ndcg@4 : 0.2652    ndcg@5 : 0.281    ndcg@10 : 0.3289    ndcg@20 : 0.3727    ndcg@30 : 0.391    ndcg@50 : 0.4146    precision@1 : 0.2092    precision@2 : 0.1743    precision@3 : 0.1502    precision@4 : 0.1324    precision@5 : 0.1226    precision@10 : 0.0896    precision@20 : 0.0615    precision@30 : 0.0473    precision@50 : 0.0334    map@1 : 0.2092    map@2 : 0.2084    map@3 : 0.2123    map@4 : 0.2164    map@5 : 0.2233    map@10 : 0.2436    map@20 : 0.2585    map@30 : 0.2641    map@50 : 0.2694
Mon 16 Mar 2026 12:39:10 INFO  Saving current: saved/NCL-Mar-16-2026_12-38-24.pth
Mon 16 Mar 2026 12:39:10 INFO  Saving current best: saved/NCL-Mar-16-2026_12-38-24.pth
Mon 16 Mar 2026 12:39:10 INFO  Running E-step ! 
Mon 16 Mar 2026 12:39:10 INFO  epoch 101 training [time: 0.21s, train_loss1: 2.5441, train_loss2: 0.0382, train_loss3: 0.0024]
Mon 16 Mar 2026 12:39:10 INFO  epoch 101 evaluating [time: 0.19s, valid_score: 0.328900]
Mon 16 Mar 2026 12:39:10 INFO  valid result: 
recall@1 : 0.1298    recall@2 : 0.2159    recall@3 : 0.2728    recall@4 : 0.3092    recall@5 : 0.3519    recall@10 : 0.4869    recall@20 : 0.632    recall@30 : 0.6986    recall@50 : 0.8005    ndcg@1 : 0.208    ndcg@2 : 0.2343    ndcg@3 : 0.2534    ndcg@4 : 0.2651    ndcg@5 : 0.2809    ndcg@10 : 0.3289    ndcg@20 : 0.3722    ndcg@30 : 0.3907    ndcg@50 : 0.4145    precision@1 : 0.208    precision@2 : 0.1743    precision@3 : 0.1516    precision@4 : 0.1326    precision@5 : 0.1226    precision@10 : 0.0897    precision@20 : 0.0614    precision@30 : 0.0473    precision@50 : 0.0334    map@1 : 0.208    map@2 : 0.2078    map@3 : 0.2126    map@4 : 0.2161    map@5 : 0.2231    map@10 : 0.2433    map@20 : 0.2581    map@30 : 0.2638    map@50 : 0.2691
Mon 16 Mar 2026 12:39:10 INFO  Saving current: saved/NCL-Mar-16-2026_12-38-24.pth
Mon 16 Mar 2026 12:39:10 INFO  Saving current best: saved/NCL-Mar-16-2026_12-38-24.pth
Mon 16 Mar 2026 12:39:10 INFO  Running E-step ! 
Mon 16 Mar 2026 12:39:10 INFO  epoch 102 training [time: 0.20s, train_loss1: 2.5456, train_loss2: 0.0382, train_loss3: 0.0023]
Mon 16 Mar 2026 12:39:11 INFO  epoch 102 evaluating [time: 0.19s, valid_score: 0.329500]
Mon 16 Mar 2026 12:39:11 INFO  valid result: 
recall@1 : 0.1299    recall@2 : 0.2171    recall@3 : 0.273    recall@4 : 0.3093    recall@5 : 0.3519    recall@10 : 0.4877    recall@20 : 0.6329    recall@30 : 0.6992    recall@50 : 0.8018    ndcg@1 : 0.2086    ndcg@2 : 0.2352    ndcg@3 : 0.2539    ndcg@4 : 0.2654    ndcg@5 : 0.2812    ndcg@10 : 0.3295    ndcg@20 : 0.3728    ndcg@30 : 0.3912    ndcg@50 : 0.4152    precision@1 : 0.2086    precision@2 : 0.1749    precision@3 : 0.152    precision@4 : 0.1326    precision@5 : 0.1225    precision@10 : 0.0899    precision@20 : 0.0615    precision@30 : 0.0473    precision@50 : 0.0335    map@1 : 0.2086    map@2 : 0.2086    map@3 : 0.2131    map@4 : 0.2163    map@5 : 0.2234    map@10 : 0.2438    map@20 : 0.2586    map@30 : 0.2642    map@50 : 0.2696
Mon 16 Mar 2026 12:39:11 INFO  Saving current: saved/NCL-Mar-16-2026_12-38-24.pth
Mon 16 Mar 2026 12:39:11 INFO  Saving current best: saved/NCL-Mar-16-2026_12-38-24.pth
Mon 16 Mar 2026 12:39:11 INFO  Running E-step ! 
Mon 16 Mar 2026 12:39:11 INFO  epoch 103 training [time: 0.17s, train_loss1: 2.5580, train_loss2: 0.0381, train_loss3: 0.0023]
Mon 16 Mar 2026 12:39:11 INFO  epoch 103 evaluating [time: 0.19s, valid_score: 0.330100]
Mon 16 Mar 2026 12:39:11 INFO  valid result: 
recall@1 : 0.1311    recall@2 : 0.2166    recall@3 : 0.2722    recall@4 : 0.3093    recall@5 : 0.3522    recall@10 : 0.4882    recall@20 : 0.6325    recall@30 : 0.6992    recall@50 : 0.8009    ndcg@1 : 0.2098    ndcg@2 : 0.2354    ndcg@3 : 0.254    ndcg@4 : 0.2657    ndcg@5 : 0.2817    ndcg@10 : 0.3301    ndcg@20 : 0.3732    ndcg@30 : 0.3917    ndcg@50 : 0.4155    precision@1 : 0.2098    precision@2 : 0.1749    precision@3 : 0.152    precision@4 : 0.1326    precision@5 : 0.1228    precision@10 : 0.09    precision@20 : 0.0615    precision@30 : 0.0473    precision@50 : 0.0335    map@1 : 0.2098    map@2 : 0.2089    map@3 : 0.2134    map@4 : 0.2167    map@5 : 0.2238    map@10 : 0.2444    map@20 : 0.2591    map@30 : 0.2647    map@50 : 0.2701
Mon 16 Mar 2026 12:39:11 INFO  Saving current: saved/NCL-Mar-16-2026_12-38-24.pth
Mon 16 Mar 2026 12:39:11 INFO  Saving current best: saved/NCL-Mar-16-2026_12-38-24.pth
Mon 16 Mar 2026 12:39:11 INFO  Running E-step ! 
Mon 16 Mar 2026 12:39:11 INFO  epoch 104 training [time: 0.17s, train_loss1: 2.5374, train_loss2: 0.0380, train_loss3: 0.0023]
Mon 16 Mar 2026 12:39:11 INFO  epoch 104 evaluating [time: 0.19s, valid_score: 0.330900]
Mon 16 Mar 2026 12:39:11 INFO  valid result: 
recall@1 : 0.1323    recall@2 : 0.2174    recall@3 : 0.2724    recall@4 : 0.309    recall@5 : 0.3506    recall@10 : 0.4888    recall@20 : 0.633    recall@30 : 0.7001    recall@50 : 0.8001    ndcg@1 : 0.211    ndcg@2 : 0.2365    ndcg@3 : 0.2548    ndcg@4 : 0.2662    ndcg@5 : 0.2817    ndcg@10 : 0.3309    ndcg@20 : 0.374    ndcg@30 : 0.3925    ndcg@50 : 0.416    precision@1 : 0.211    precision@2 : 0.1755    precision@3 : 0.1524    precision@4 : 0.1327    precision@5 : 0.1226    precision@10 : 0.0901    precision@20 : 0.0616    precision@30 : 0.0473    precision@50 : 0.0334    map@1 : 0.211    map@2 : 0.2099    map@3 : 0.2143    map@4 : 0.2175    map@5 : 0.2243    map@10 : 0.2452    map@20 : 0.2599    map@30 : 0.2656    map@50 : 0.2709
Mon 16 Mar 2026 12:39:11 INFO  Saving current: saved/NCL-Mar-16-2026_12-38-24.pth
Mon 16 Mar 2026 12:39:11 INFO  Saving current best: saved/NCL-Mar-16-2026_12-38-24.pth
Mon 16 Mar 2026 12:39:11 INFO  Running E-step ! 
Mon 16 Mar 2026 12:39:12 INFO  epoch 105 training [time: 0.19s, train_loss1: 2.4688, train_loss2: 0.0380, train_loss3: 0.0024]
Mon 16 Mar 2026 12:39:12 INFO  epoch 105 evaluating [time: 0.19s, valid_score: 0.331600]
Mon 16 Mar 2026 12:39:12 INFO  valid result: 
recall@1 : 0.1329    recall@2 : 0.218    recall@3 : 0.2724    recall@4 : 0.3096    recall@5 : 0.3509    recall@10 : 0.4893    recall@20 : 0.6323    recall@30 : 0.6993    recall@50 : 0.8    ndcg@1 : 0.2116    ndcg@2 : 0.2371    ndcg@3 : 0.2551    ndcg@4 : 0.2668    ndcg@5 : 0.2822    ndcg@10 : 0.3316    ndcg@20 : 0.3743    ndcg@30 : 0.3928    ndcg@50 : 0.4165    precision@1 : 0.2116    precision@2 : 0.1758    precision@3 : 0.1524    precision@4 : 0.133    precision@5 : 0.1229    precision@10 : 0.0903    precision@20 : 0.0615    precision@30 : 0.0473    precision@50 : 0.0334    map@1 : 0.2116    map@2 : 0.2105    map@3 : 0.2147    map@4 : 0.2181    map@5 : 0.2248    map@10 : 0.2459    map@20 : 0.2604    map@30 : 0.2662    map@50 : 0.2715
Mon 16 Mar 2026 12:39:12 INFO  Saving current: saved/NCL-Mar-16-2026_12-38-24.pth
Mon 16 Mar 2026 12:39:12 INFO  Saving current best: saved/NCL-Mar-16-2026_12-38-24.pth
Mon 16 Mar 2026 12:39:12 INFO  Running E-step ! 
Mon 16 Mar 2026 12:39:12 INFO  epoch 106 training [time: 0.19s, train_loss1: 2.4989, train_loss2: 0.0379, train_loss3: 0.0024]
Mon 16 Mar 2026 12:39:12 INFO  epoch 106 evaluating [time: 0.19s, valid_score: 0.331400]
Mon 16 Mar 2026 12:39:12 INFO  valid result: 
recall@1 : 0.1329    recall@2 : 0.2169    recall@3 : 0.272    recall@4 : 0.3106    recall@5 : 0.3476    recall@10 : 0.489    recall@20 : 0.6327    recall@30 : 0.7002    recall@50 : 0.799    ndcg@1 : 0.2116    ndcg@2 : 0.2363    ndcg@3 : 0.2546    ndcg@4 : 0.2671    ndcg@5 : 0.2809    ndcg@10 : 0.3314    ndcg@20 : 0.3742    ndcg@30 : 0.3929    ndcg@50 : 0.4162    precision@1 : 0.2116    precision@2 : 0.1749    precision@3 : 0.152    precision@4 : 0.1335    precision@5 : 0.1224    precision@10 : 0.0903    precision@20 : 0.0615    precision@30 : 0.0474    precision@50 : 0.0334    map@1 : 0.2116    map@2 : 0.2099    map@3 : 0.2143    map@4 : 0.2183    map@5 : 0.224    map@10 : 0.2457    map@20 : 0.2603    map@30 : 0.2661    map@50 : 0.2714
Mon 16 Mar 2026 12:39:12 INFO  Running E-step ! 
Mon 16 Mar 2026 12:39:12 INFO  epoch 107 training [time: 0.17s, train_loss1: 2.5173, train_loss2: 0.0379, train_loss3: 0.0024]
Mon 16 Mar 2026 12:39:13 INFO  epoch 107 evaluating [time: 0.19s, valid_score: 0.331800]
Mon 16 Mar 2026 12:39:13 INFO  valid result: 
recall@1 : 0.1331    recall@2 : 0.2171    recall@3 : 0.2716    recall@4 : 0.309    recall@5 : 0.347    recall@10 : 0.4899    recall@20 : 0.6327    recall@30 : 0.7008    recall@50 : 0.7985    ndcg@1 : 0.2122    ndcg@2 : 0.2366    ndcg@3 : 0.2546    ndcg@4 : 0.2666    ndcg@5 : 0.2808    ndcg@10 : 0.3318    ndcg@20 : 0.3742    ndcg@30 : 0.3931    ndcg@50 : 0.4162    precision@1 : 0.2122    precision@2 : 0.1752    precision@3 : 0.152    precision@4 : 0.133    precision@5 : 0.1225    precision@10 : 0.0906    precision@20 : 0.0614    precision@30 : 0.0474    precision@50 : 0.0334    map@1 : 0.2122    map@2 : 0.2104    map@3 : 0.2143    map@4 : 0.2181    map@5 : 0.224    map@10 : 0.246    map@20 : 0.2603    map@30 : 0.2662    map@50 : 0.2715
Mon 16 Mar 2026 12:39:13 INFO  Saving current: saved/NCL-Mar-16-2026_12-38-24.pth
Mon 16 Mar 2026 12:39:13 INFO  Saving current best: saved/NCL-Mar-16-2026_12-38-24.pth
Mon 16 Mar 2026 12:39:13 INFO  Running E-step ! 
Mon 16 Mar 2026 12:39:13 INFO  epoch 108 training [time: 0.17s, train_loss1: 2.4926, train_loss2: 0.0378, train_loss3: 0.0027]
Mon 16 Mar 2026 12:39:13 INFO  epoch 108 evaluating [time: 0.19s, valid_score: 0.332300]
Mon 16 Mar 2026 12:39:13 INFO  valid result: 
recall@1 : 0.1333    recall@2 : 0.2183    recall@3 : 0.2711    recall@4 : 0.3095    recall@5 : 0.3456    recall@10 : 0.4905    recall@20 : 0.6346    recall@30 : 0.7022    recall@50 : 0.7989    ndcg@1 : 0.2128    ndcg@2 : 0.2375    ndcg@3 : 0.2546    ndcg@4 : 0.2671    ndcg@5 : 0.2804    ndcg@10 : 0.3323    ndcg@20 : 0.3751    ndcg@30 : 0.3937    ndcg@50 : 0.4166    precision@1 : 0.2128    precision@2 : 0.1758    precision@3 : 0.1518    precision@4 : 0.1333    precision@5 : 0.1221    precision@10 : 0.0907    precision@20 : 0.0617    precision@30 : 0.0474    precision@50 : 0.0334    map@1 : 0.2128    map@2 : 0.2111    map@3 : 0.2144    map@4 : 0.2185    map@5 : 0.224    map@10 : 0.2465    map@20 : 0.2609    map@30 : 0.2666    map@50 : 0.2719
Mon 16 Mar 2026 12:39:13 INFO  Saving current: saved/NCL-Mar-16-2026_12-38-24.pth
Mon 16 Mar 2026 12:39:13 INFO  Saving current best: saved/NCL-Mar-16-2026_12-38-24.pth
Mon 16 Mar 2026 12:39:13 INFO  Running E-step ! 
Mon 16 Mar 2026 12:39:13 INFO  epoch 109 training [time: 0.18s, train_loss1: 2.4949, train_loss2: 0.0377, train_loss3: 0.0027]
Mon 16 Mar 2026 12:39:13 INFO  epoch 109 evaluating [time: 0.19s, valid_score: 0.332500]
Mon 16 Mar 2026 12:39:13 INFO  valid result: 
recall@1 : 0.1337    recall@2 : 0.2149    recall@3 : 0.2713    recall@4 : 0.3099    recall@5 : 0.3451    recall@10 : 0.4921    recall@20 : 0.6339    recall@30 : 0.7028    recall@50 : 0.7991    ndcg@1 : 0.2128    ndcg@2 : 0.2349    ndcg@3 : 0.2542    ndcg@4 : 0.2669    ndcg@5 : 0.2799    ndcg@10 : 0.3325    ndcg@20 : 0.3747    ndcg@30 : 0.3937    ndcg@50 : 0.4164    precision@1 : 0.2128    precision@2 : 0.1734    precision@3 : 0.1518    precision@4 : 0.1338    precision@5 : 0.1221    precision@10 : 0.091    precision@20 : 0.0617    precision@30 : 0.0475    precision@50 : 0.0334    map@1 : 0.2128    map@2 : 0.209    map@3 : 0.2139    map@4 : 0.2183    map@5 : 0.2236    map@10 : 0.2464    map@20 : 0.2606    map@30 : 0.2665    map@50 : 0.2717
Mon 16 Mar 2026 12:39:13 INFO  Saving current: saved/NCL-Mar-16-2026_12-38-24.pth
Mon 16 Mar 2026 12:39:13 INFO  Saving current best: saved/NCL-Mar-16-2026_12-38-24.pth
Mon 16 Mar 2026 12:39:13 INFO  Running E-step ! 
Mon 16 Mar 2026 12:39:14 INFO  epoch 110 training [time: 0.16s, train_loss1: 2.4637, train_loss2: 0.0376, train_loss3: 0.0024]
Mon 16 Mar 2026 12:39:14 INFO  epoch 110 evaluating [time: 0.19s, valid_score: 0.332900]
Mon 16 Mar 2026 12:39:14 INFO  valid result: 
recall@1 : 0.1346    recall@2 : 0.2145    recall@3 : 0.2695    recall@4 : 0.3089    recall@5 : 0.3472    recall@10 : 0.4926    recall@20 : 0.6324    recall@30 : 0.7038    recall@50 : 0.7972    ndcg@1 : 0.2139    ndcg@2 : 0.2351    ndcg@3 : 0.2538    ndcg@4 : 0.2668    ndcg@5 : 0.2809    ndcg@10 : 0.3329    ndcg@20 : 0.3747    ndcg@30 : 0.3943    ndcg@50 : 0.4164    precision@1 : 0.2139    precision@2 : 0.1734    precision@3 : 0.1516    precision@4 : 0.1338    precision@5 : 0.1225    precision@10 : 0.0911    precision@20 : 0.0617    precision@30 : 0.0476    precision@50 : 0.0333    map@1 : 0.2139    map@2 : 0.2093    map@3 : 0.2139    map@4 : 0.2182    map@5 : 0.2242    map@10 : 0.2467    map@20 : 0.2609    map@30 : 0.2669    map@50 : 0.272
Mon 16 Mar 2026 12:39:14 INFO  Saving current: saved/NCL-Mar-16-2026_12-38-24.pth
Mon 16 Mar 2026 12:39:14 INFO  Saving current best: saved/NCL-Mar-16-2026_12-38-24.pth
Mon 16 Mar 2026 12:39:14 INFO  Running E-step ! 
Mon 16 Mar 2026 12:39:14 INFO  epoch 111 training [time: 0.19s, train_loss1: 2.4528, train_loss2: 0.0376, train_loss3: 0.0023]
Mon 16 Mar 2026 12:39:14 INFO  epoch 111 evaluating [time: 0.19s, valid_score: 0.332900]
Mon 16 Mar 2026 12:39:14 INFO  valid result: 
recall@1 : 0.1344    recall@2 : 0.2149    recall@3 : 0.2695    recall@4 : 0.308    recall@5 : 0.3483    recall@10 : 0.4926    recall@20 : 0.6327    recall@30 : 0.7029    recall@50 : 0.7966    ndcg@1 : 0.2133    ndcg@2 : 0.2352    ndcg@3 : 0.254    ndcg@4 : 0.2663    ndcg@5 : 0.2814    ndcg@10 : 0.3329    ndcg@20 : 0.3748    ndcg@30 : 0.3941    ndcg@50 : 0.4163    precision@1 : 0.2133    precision@2 : 0.1734    precision@3 : 0.1522    precision@4 : 0.1333    precision@5 : 0.123    precision@10 : 0.0911    precision@20 : 0.0617    precision@30 : 0.0475    precision@50 : 0.0333    map@1 : 0.2133    map@2 : 0.2093    map@3 : 0.214    map@4 : 0.2179    map@5 : 0.2245    map@10 : 0.2467    map@20 : 0.261    map@30 : 0.2669    map@50 : 0.272
Mon 16 Mar 2026 12:39:14 INFO  Saving current: saved/NCL-Mar-16-2026_12-38-24.pth
Mon 16 Mar 2026 12:39:14 INFO  Saving current best: saved/NCL-Mar-16-2026_12-38-24.pth
Mon 16 Mar 2026 12:39:14 INFO  Running E-step ! 
Mon 16 Mar 2026 12:39:14 INFO  epoch 112 training [time: 0.18s, train_loss1: 2.4654, train_loss2: 0.0375, train_loss3: 0.0023]
Mon 16 Mar 2026 12:39:15 INFO  epoch 112 evaluating [time: 0.19s, valid_score: 0.333700]
Mon 16 Mar 2026 12:39:15 INFO  valid result: 
recall@1 : 0.1356    recall@2 : 0.2158    recall@3 : 0.2697    recall@4 : 0.3074    recall@5 : 0.3475    recall@10 : 0.4935    recall@20 : 0.6332    recall@30 : 0.7045    recall@50 : 0.7965    ndcg@1 : 0.2145    ndcg@2 : 0.2362    ndcg@3 : 0.2546    ndcg@4 : 0.2666    ndcg@5 : 0.2816    ndcg@10 : 0.3337    ndcg@20 : 0.3755    ndcg@30 : 0.395    ndcg@50 : 0.4169    precision@1 : 0.2145    precision@2 : 0.174    precision@3 : 0.1522    precision@4 : 0.1332    precision@5 : 0.1228    precision@10 : 0.0912    precision@20 : 0.0618    precision@30 : 0.0476    precision@50 : 0.0333    map@1 : 0.2145    map@2 : 0.2104    map@3 : 0.2148    map@4 : 0.2185    map@5 : 0.225    map@10 : 0.2475    map@20 : 0.2617    map@30 : 0.2677    map@50 : 0.2728
Mon 16 Mar 2026 12:39:15 INFO  Saving current: saved/NCL-Mar-16-2026_12-38-24.pth
Mon 16 Mar 2026 12:39:15 INFO  Saving current best: saved/NCL-Mar-16-2026_12-38-24.pth
Mon 16 Mar 2026 12:39:15 INFO  Running E-step ! 
Mon 16 Mar 2026 12:39:15 INFO  epoch 113 training [time: 0.32s, train_loss1: 2.4446, train_loss2: 0.0374, train_loss3: 0.0027]
Mon 16 Mar 2026 12:39:15 INFO  epoch 113 evaluating [time: 0.12s, valid_score: 0.334100]
Mon 16 Mar 2026 12:39:15 INFO  valid result: 
recall@1 : 0.1364    recall@2 : 0.2162    recall@3 : 0.2694    recall@4 : 0.3084    recall@5 : 0.3475    recall@10 : 0.4937    recall@20 : 0.6327    recall@30 : 0.7047    recall@50 : 0.7974    ndcg@1 : 0.2151    ndcg@2 : 0.2366    ndcg@3 : 0.2549    ndcg@4 : 0.2675    ndcg@5 : 0.282    ndcg@10 : 0.3341    ndcg@20 : 0.3758    ndcg@30 : 0.3954    ndcg@50 : 0.4174    precision@1 : 0.2151    precision@2 : 0.174    precision@3 : 0.1524    precision@4 : 0.1335    precision@5 : 0.1229    precision@10 : 0.0912    precision@20 : 0.0618    precision@30 : 0.0476    precision@50 : 0.0334    map@1 : 0.2151    map@2 : 0.211    map@3 : 0.2154    map@4 : 0.2193    map@5 : 0.2256    map@10 : 0.2481    map@20 : 0.2623    map@30 : 0.2683    map@50 : 0.2734
Mon 16 Mar 2026 12:39:15 INFO  Saving current: saved/NCL-Mar-16-2026_12-38-24.pth
Mon 16 Mar 2026 12:39:15 INFO  Saving current best: saved/NCL-Mar-16-2026_12-38-24.pth
Mon 16 Mar 2026 12:39:15 INFO  Running E-step ! 
Mon 16 Mar 2026 12:39:15 INFO  epoch 114 training [time: 0.19s, train_loss1: 2.4626, train_loss2: 0.0374, train_loss3: 0.0026]
Mon 16 Mar 2026 12:39:16 INFO  epoch 114 evaluating [time: 0.18s, valid_score: 0.334300]
Mon 16 Mar 2026 12:39:16 INFO  valid result: 
recall@1 : 0.137    recall@2 : 0.2161    recall@3 : 0.2689    recall@4 : 0.3083    recall@5 : 0.3453    recall@10 : 0.4935    recall@20 : 0.6334    recall@30 : 0.7035    recall@50 : 0.7978    ndcg@1 : 0.2157    ndcg@2 : 0.2369    ndcg@3 : 0.2549    ndcg@4 : 0.2677    ndcg@5 : 0.2813    ndcg@10 : 0.3343    ndcg@20 : 0.3761    ndcg@30 : 0.3954    ndcg@50 : 0.4177    precision@1 : 0.2157    precision@2 : 0.174    precision@3 : 0.1522    precision@4 : 0.1336    precision@5 : 0.1224    precision@10 : 0.0912    precision@20 : 0.0618    precision@30 : 0.0476    precision@50 : 0.0334    map@1 : 0.2157    map@2 : 0.2113    map@3 : 0.2155    map@4 : 0.2196    map@5 : 0.2254    map@10 : 0.2484    map@20 : 0.2626    map@30 : 0.2685    map@50 : 0.2736
Mon 16 Mar 2026 12:39:16 INFO  Saving current: saved/NCL-Mar-16-2026_12-38-24.pth
Mon 16 Mar 2026 12:39:16 INFO  Saving current best: saved/NCL-Mar-16-2026_12-38-24.pth
Mon 16 Mar 2026 12:39:16 INFO  Running E-step ! 
Mon 16 Mar 2026 12:39:16 INFO  epoch 115 training [time: 0.20s, train_loss1: 2.4040, train_loss2: 0.0373, train_loss3: 0.0026]
Mon 16 Mar 2026 12:39:16 INFO  epoch 115 evaluating [time: 0.19s, valid_score: 0.334800]
Mon 16 Mar 2026 12:39:16 INFO  valid result: 
recall@1 : 0.1376    recall@2 : 0.2154    recall@3 : 0.269    recall@4 : 0.308    recall@5 : 0.3453    recall@10 : 0.4945    recall@20 : 0.633    recall@30 : 0.703    recall@50 : 0.7976    ndcg@1 : 0.2163    ndcg@2 : 0.237    ndcg@3 : 0.2552    ndcg@4 : 0.2676    ndcg@5 : 0.2816    ndcg@10 : 0.3348    ndcg@20 : 0.3762    ndcg@30 : 0.3955    ndcg@50 : 0.4178    precision@1 : 0.2163    precision@2 : 0.1743    precision@3 : 0.1524    precision@4 : 0.1333    precision@5 : 0.1228    precision@10 : 0.0914    precision@20 : 0.0618    precision@30 : 0.0476    precision@50 : 0.0334    map@1 : 0.2163    map@2 : 0.2114    map@3 : 0.2158    map@4 : 0.2197    map@5 : 0.2257    map@10 : 0.2487    map@20 : 0.2628    map@30 : 0.2686    map@50 : 0.2739
Mon 16 Mar 2026 12:39:16 INFO  Saving current: saved/NCL-Mar-16-2026_12-38-24.pth
Mon 16 Mar 2026 12:39:16 INFO  Saving current best: saved/NCL-Mar-16-2026_12-38-24.pth
Mon 16 Mar 2026 12:39:16 INFO  Running E-step ! 
Mon 16 Mar 2026 12:39:16 INFO  epoch 116 training [time: 0.19s, train_loss1: 2.4803, train_loss2: 0.0373, train_loss3: 0.0026]
Mon 16 Mar 2026 12:39:16 INFO  epoch 116 evaluating [time: 0.19s, valid_score: 0.334500]
Mon 16 Mar 2026 12:39:16 INFO  valid result: 
recall@1 : 0.1364    recall@2 : 0.215    recall@3 : 0.2685    recall@4 : 0.3082    recall@5 : 0.3451    recall@10 : 0.4953    recall@20 : 0.6327    recall@30 : 0.7031    recall@50 : 0.7979    ndcg@1 : 0.2151    ndcg@2 : 0.2364    ndcg@3 : 0.2544    ndcg@4 : 0.2673    ndcg@5 : 0.281    ndcg@10 : 0.3345    ndcg@20 : 0.3757    ndcg@30 : 0.395    ndcg@50 : 0.4175    precision@1 : 0.2151    precision@2 : 0.174    precision@3 : 0.1522    precision@4 : 0.1336    precision@5 : 0.1226    precision@10 : 0.0914    precision@20 : 0.0618    precision@30 : 0.0475    precision@50 : 0.0334    map@1 : 0.2151    map@2 : 0.2108    map@3 : 0.215    map@4 : 0.2192    map@5 : 0.225    map@10 : 0.2481    map@20 : 0.2622    map@30 : 0.2681    map@50 : 0.2733
Mon 16 Mar 2026 12:39:16 INFO  Running E-step ! 
Mon 16 Mar 2026 12:39:17 INFO  epoch 117 training [time: 0.18s, train_loss1: 2.4164, train_loss2: 0.0372, train_loss3: 0.0025]
Mon 16 Mar 2026 12:39:17 INFO  epoch 117 evaluating [time: 0.19s, valid_score: 0.335200]
Mon 16 Mar 2026 12:39:17 INFO  valid result: 
recall@1 : 0.1372    recall@2 : 0.215    recall@3 : 0.2683    recall@4 : 0.3082    recall@5 : 0.3453    recall@10 : 0.4964    recall@20 : 0.6335    recall@30 : 0.7036    recall@50 : 0.7982    ndcg@1 : 0.2157    ndcg@2 : 0.2367    ndcg@3 : 0.2544    ndcg@4 : 0.2674    ndcg@5 : 0.2813    ndcg@10 : 0.3352    ndcg@20 : 0.3762    ndcg@30 : 0.3954    ndcg@50 : 0.4179    precision@1 : 0.2157    precision@2 : 0.174    precision@3 : 0.1518    precision@4 : 0.1333    precision@5 : 0.1226    precision@10 : 0.0918    precision@20 : 0.0619    precision@30 : 0.0476    precision@50 : 0.0334    map@1 : 0.2157    map@2 : 0.2113    map@3 : 0.2152    map@4 : 0.2194    map@5 : 0.2253    map@10 : 0.2487    map@20 : 0.2626    map@30 : 0.2685    map@50 : 0.2737
Mon 16 Mar 2026 12:39:17 INFO  Saving current: saved/NCL-Mar-16-2026_12-38-24.pth
Mon 16 Mar 2026 12:39:17 INFO  Saving current best: saved/NCL-Mar-16-2026_12-38-24.pth
Mon 16 Mar 2026 12:39:17 INFO  Running E-step ! 
Mon 16 Mar 2026 12:39:17 INFO  epoch 118 training [time: 0.19s, train_loss1: 2.4216, train_loss2: 0.0371, train_loss3: 0.0024]
Mon 16 Mar 2026 12:39:17 INFO  epoch 118 evaluating [time: 0.19s, valid_score: 0.335200]
Mon 16 Mar 2026 12:39:17 INFO  valid result: 
recall@1 : 0.1372    recall@2 : 0.215    recall@3 : 0.2676    recall@4 : 0.3084    recall@5 : 0.3451    recall@10 : 0.4962    recall@20 : 0.6341    recall@30 : 0.704    recall@50 : 0.7983    ndcg@1 : 0.2169    ndcg@2 : 0.2366    ndcg@3 : 0.2543    ndcg@4 : 0.2675    ndcg@5 : 0.2814    ndcg@10 : 0.3352    ndcg@20 : 0.3766    ndcg@30 : 0.3958    ndcg@50 : 0.4181    precision@1 : 0.2169    precision@2 : 0.1737    precision@3 : 0.1518    precision@4 : 0.1332    precision@5 : 0.1229    precision@10 : 0.0917    precision@20 : 0.0619    precision@30 : 0.0476    precision@50 : 0.0334    map@1 : 0.2169    map@2 : 0.2113    map@3 : 0.2151    map@4 : 0.2191    map@5 : 0.2253    map@10 : 0.2487    map@20 : 0.2627    map@30 : 0.2686    map@50 : 0.2738
Mon 16 Mar 2026 12:39:17 INFO  Saving current: saved/NCL-Mar-16-2026_12-38-24.pth
Mon 16 Mar 2026 12:39:17 INFO  Saving current best: saved/NCL-Mar-16-2026_12-38-24.pth
Mon 16 Mar 2026 12:39:17 INFO  Running E-step ! 
Mon 16 Mar 2026 12:39:17 INFO  epoch 119 training [time: 0.18s, train_loss1: 2.4444, train_loss2: 0.0370, train_loss3: 0.0024]
Mon 16 Mar 2026 12:39:18 INFO  epoch 119 evaluating [time: 0.19s, valid_score: 0.336100]
Mon 16 Mar 2026 12:39:18 INFO  valid result: 
recall@1 : 0.1384    recall@2 : 0.215    recall@3 : 0.2683    recall@4 : 0.3092    recall@5 : 0.3466    recall@10 : 0.4968    recall@20 : 0.6339    recall@30 : 0.7052    recall@50 : 0.799    ndcg@1 : 0.2187    ndcg@2 : 0.2371    ndcg@3 : 0.2551    ndcg@4 : 0.2684    ndcg@5 : 0.2826    ndcg@10 : 0.3361    ndcg@20 : 0.3773    ndcg@30 : 0.3967    ndcg@50 : 0.419    precision@1 : 0.2187    precision@2 : 0.1737    precision@3 : 0.152    precision@4 : 0.1335    precision@5 : 0.1234    precision@10 : 0.0918    precision@20 : 0.062    precision@30 : 0.0477    precision@50 : 0.0335    map@1 : 0.2187    map@2 : 0.2119    map@3 : 0.216    map@4 : 0.22    map@5 : 0.2263    map@10 : 0.2496    map@20 : 0.2636    map@30 : 0.2695    map@50 : 0.2748
Mon 16 Mar 2026 12:39:18 INFO  Saving current: saved/NCL-Mar-16-2026_12-38-24.pth
Mon 16 Mar 2026 12:39:18 INFO  Saving current best: saved/NCL-Mar-16-2026_12-38-24.pth
Mon 16 Mar 2026 12:39:18 INFO  Running E-step ! 
Mon 16 Mar 2026 12:39:18 INFO  epoch 120 training [time: 0.19s, train_loss1: 2.3929, train_loss2: 0.0370, train_loss3: 0.0024]
Mon 16 Mar 2026 12:39:18 INFO  epoch 120 evaluating [time: 0.19s, valid_score: 0.336700]
Mon 16 Mar 2026 12:39:18 INFO  valid result: 
recall@1 : 0.139    recall@2 : 0.2156    recall@3 : 0.2692    recall@4 : 0.3106    recall@5 : 0.3476    recall@10 : 0.4971    recall@20 : 0.6341    recall@30 : 0.7062    recall@50 : 0.8002    ndcg@1 : 0.2187    ndcg@2 : 0.2376    ndcg@3 : 0.2558    ndcg@4 : 0.2694    ndcg@5 : 0.2832    ndcg@10 : 0.3367    ndcg@20 : 0.3778    ndcg@30 : 0.3975    ndcg@50 : 0.4198    precision@1 : 0.2187    precision@2 : 0.174    precision@3 : 0.1526    precision@4 : 0.1342    precision@5 : 0.1232    precision@10 : 0.0919    precision@20 : 0.062    precision@30 : 0.0478    precision@50 : 0.0335    map@1 : 0.2187    map@2 : 0.2123    map@3 : 0.2166    map@4 : 0.2209    map@5 : 0.227    map@10 : 0.2503    map@20 : 0.2643    map@30 : 0.2703    map@50 : 0.2755
Mon 16 Mar 2026 12:39:18 INFO  Saving current: saved/NCL-Mar-16-2026_12-38-24.pth
Mon 16 Mar 2026 12:39:18 INFO  Saving current best: saved/NCL-Mar-16-2026_12-38-24.pth
Mon 16 Mar 2026 12:39:18 INFO  Running E-step ! 
Mon 16 Mar 2026 12:39:18 INFO  epoch 121 training [time: 0.19s, train_loss1: 2.3761, train_loss2: 0.0369, train_loss3: 0.0023]
Mon 16 Mar 2026 12:39:18 INFO  epoch 121 evaluating [time: 0.18s, valid_score: 0.337300]
Mon 16 Mar 2026 12:39:18 INFO  valid result: 
recall@1 : 0.1411    recall@2 : 0.2162    recall@3 : 0.2682    recall@4 : 0.3101    recall@5 : 0.3475    recall@10 : 0.4964    recall@20 : 0.6343    recall@30 : 0.7065    recall@50 : 0.7999    ndcg@1 : 0.2217    ndcg@2 : 0.2389    ndcg@3 : 0.2561    ndcg@4 : 0.2701    ndcg@5 : 0.2839    ndcg@10 : 0.3373    ndcg@20 : 0.3788    ndcg@30 : 0.3984    ndcg@50 : 0.4206    precision@1 : 0.2217    precision@2 : 0.1743    precision@3 : 0.1518    precision@4 : 0.1342    precision@5 : 0.123    precision@10 : 0.0919    precision@20 : 0.0621    precision@30 : 0.0478    precision@50 : 0.0335    map@1 : 0.2217    map@2 : 0.2136    map@3 : 0.2174    map@4 : 0.2219    map@5 : 0.2279    map@10 : 0.2513    map@20 : 0.2654    map@30 : 0.2714    map@50 : 0.2766
Mon 16 Mar 2026 12:39:18 INFO  Saving current: saved/NCL-Mar-16-2026_12-38-24.pth
Mon 16 Mar 2026 12:39:18 INFO  Saving current best: saved/NCL-Mar-16-2026_12-38-24.pth
Mon 16 Mar 2026 12:39:18 INFO  Running E-step ! 
Mon 16 Mar 2026 12:39:19 INFO  epoch 122 training [time: 0.18s, train_loss1: 2.3754, train_loss2: 0.0368, train_loss3: 0.0023]
Mon 16 Mar 2026 12:39:19 INFO  epoch 122 evaluating [time: 0.19s, valid_score: 0.337500]
Mon 16 Mar 2026 12:39:19 INFO  valid result: 
recall@1 : 0.1409    recall@2 : 0.2166    recall@3 : 0.2694    recall@4 : 0.3098    recall@5 : 0.3486    recall@10 : 0.4967    recall@20 : 0.6346    recall@30 : 0.7071    recall@50 : 0.801    ndcg@1 : 0.2211    ndcg@2 : 0.2389    ndcg@3 : 0.2568    ndcg@4 : 0.2701    ndcg@5 : 0.2844    ndcg@10 : 0.3375    ndcg@20 : 0.3791    ndcg@30 : 0.3988    ndcg@50 : 0.421    precision@1 : 0.2211    precision@2 : 0.1743    precision@3 : 0.1526    precision@4 : 0.1344    precision@5 : 0.1234    precision@10 : 0.092    precision@20 : 0.0622    precision@30 : 0.0479    precision@50 : 0.0336    map@1 : 0.2211    map@2 : 0.2136    map@3 : 0.2179    map@4 : 0.222    map@5 : 0.2282    map@10 : 0.2515    map@20 : 0.2657    map@30 : 0.2717    map@50 : 0.2768
Mon 16 Mar 2026 12:39:19 INFO  Saving current: saved/NCL-Mar-16-2026_12-38-24.pth
Mon 16 Mar 2026 12:39:19 INFO  Saving current best: saved/NCL-Mar-16-2026_12-38-24.pth
Mon 16 Mar 2026 12:39:19 INFO  Running E-step ! 
Mon 16 Mar 2026 12:39:19 INFO  epoch 123 training [time: 0.17s, train_loss1: 2.3946, train_loss2: 0.0367, train_loss3: 0.0023]
Mon 16 Mar 2026 12:39:19 INFO  epoch 123 evaluating [time: 0.20s, valid_score: 0.338200]
Mon 16 Mar 2026 12:39:19 INFO  valid result: 
recall@1 : 0.1409    recall@2 : 0.216    recall@3 : 0.2695    recall@4 : 0.3105    recall@5 : 0.3488    recall@10 : 0.4989    recall@20 : 0.6369    recall@30 : 0.708    recall@50 : 0.8013    ndcg@1 : 0.2211    ndcg@2 : 0.2385    ndcg@3 : 0.2568    ndcg@4 : 0.2705    ndcg@5 : 0.2847    ndcg@10 : 0.3382    ndcg@20 : 0.3797    ndcg@30 : 0.399    ndcg@50 : 0.4211    precision@1 : 0.2211    precision@2 : 0.174    precision@3 : 0.1528    precision@4 : 0.1348    precision@5 : 0.124    precision@10 : 0.0922    precision@20 : 0.0624    precision@30 : 0.0479    precision@50 : 0.0336    map@1 : 0.2211    map@2 : 0.2135    map@3 : 0.2179    map@4 : 0.2223    map@5 : 0.2285    map@10 : 0.2518    map@20 : 0.2659    map@30 : 0.2718    map@50 : 0.2769
Mon 16 Mar 2026 12:39:19 INFO  Saving current: saved/NCL-Mar-16-2026_12-38-24.pth
Mon 16 Mar 2026 12:39:19 INFO  Saving current best: saved/NCL-Mar-16-2026_12-38-24.pth
Mon 16 Mar 2026 12:39:19 INFO  Running E-step ! 
Mon 16 Mar 2026 12:39:19 INFO  epoch 124 training [time: 0.19s, train_loss1: 2.3716, train_loss2: 0.0367, train_loss3: 0.0023]
Mon 16 Mar 2026 12:39:20 INFO  epoch 124 evaluating [time: 0.20s, valid_score: 0.338600]
Mon 16 Mar 2026 12:39:20 INFO  valid result: 
recall@1 : 0.1403    recall@2 : 0.2154    recall@3 : 0.2698    recall@4 : 0.3115    recall@5 : 0.3491    recall@10 : 0.5003    recall@20 : 0.6373    recall@30 : 0.7082    recall@50 : 0.8014    ndcg@1 : 0.2205    ndcg@2 : 0.2381    ndcg@3 : 0.257    ndcg@4 : 0.2709    ndcg@5 : 0.2847    ndcg@10 : 0.3386    ndcg@20 : 0.3798    ndcg@30 : 0.399    ndcg@50 : 0.4211    precision@1 : 0.2205    precision@2 : 0.174    precision@3 : 0.1534    precision@4 : 0.1356    precision@5 : 0.1241    precision@10 : 0.0926    precision@20 : 0.0625    precision@30 : 0.048    precision@50 : 0.0336    map@1 : 0.2205    map@2 : 0.2131    map@3 : 0.2179    map@4 : 0.2223    map@5 : 0.2283    map@10 : 0.2518    map@20 : 0.2659    map@30 : 0.2717    map@50 : 0.2768
Mon 16 Mar 2026 12:39:20 INFO  Saving current: saved/NCL-Mar-16-2026_12-38-24.pth
Mon 16 Mar 2026 12:39:20 INFO  Saving current best: saved/NCL-Mar-16-2026_12-38-24.pth
Mon 16 Mar 2026 12:39:20 INFO  Running E-step ! 
Mon 16 Mar 2026 12:39:20 INFO  epoch 125 training [time: 0.18s, train_loss1: 2.3840, train_loss2: 0.0366, train_loss3: 0.0023]
Mon 16 Mar 2026 12:39:20 INFO  epoch 125 evaluating [time: 0.19s, valid_score: 0.338800]
Mon 16 Mar 2026 12:39:20 INFO  valid result: 
recall@1 : 0.141    recall@2 : 0.2148    recall@3 : 0.2688    recall@4 : 0.3112    recall@5 : 0.3505    recall@10 : 0.5002    recall@20 : 0.6367    recall@30 : 0.7086    recall@50 : 0.8014    ndcg@1 : 0.2217    ndcg@2 : 0.2384    ndcg@3 : 0.2566    ndcg@4 : 0.2709    ndcg@5 : 0.2854    ndcg@10 : 0.3388    ndcg@20 : 0.3798    ndcg@30 : 0.3994    ndcg@50 : 0.4214    precision@1 : 0.2217    precision@2 : 0.174    precision@3 : 0.153    precision@4 : 0.1354    precision@5 : 0.1246    precision@10 : 0.0926    precision@20 : 0.0625    precision@30 : 0.048    precision@50 : 0.0336    map@1 : 0.2217    map@2 : 0.2135    map@3 : 0.2178    map@4 : 0.2223    map@5 : 0.2288    map@10 : 0.252    map@20 : 0.2661    map@30 : 0.272    map@50 : 0.2771
Mon 16 Mar 2026 12:39:20 INFO  Saving current: saved/NCL-Mar-16-2026_12-38-24.pth
Mon 16 Mar 2026 12:39:20 INFO  Saving current best: saved/NCL-Mar-16-2026_12-38-24.pth
Mon 16 Mar 2026 12:39:20 INFO  Running E-step ! 
Mon 16 Mar 2026 12:39:20 INFO  epoch 126 training [time: 0.19s, train_loss1: 2.3526, train_loss2: 0.0365, train_loss3: 0.0020]
Mon 16 Mar 2026 12:39:20 INFO  epoch 126 evaluating [time: 0.20s, valid_score: 0.338500]
Mon 16 Mar 2026 12:39:20 INFO  valid result: 
recall@1 : 0.1411    recall@2 : 0.2152    recall@3 : 0.2679    recall@4 : 0.3126    recall@5 : 0.3527    recall@10 : 0.4989    recall@20 : 0.6368    recall@30 : 0.7087    recall@50 : 0.8013    ndcg@1 : 0.2217    ndcg@2 : 0.2388    ndcg@3 : 0.2562    ndcg@4 : 0.2716    ndcg@5 : 0.2865    ndcg@10 : 0.3385    ndcg@20 : 0.3801    ndcg@30 : 0.3996    ndcg@50 : 0.4215    precision@1 : 0.2217    precision@2 : 0.1746    precision@3 : 0.1526    precision@4 : 0.1359    precision@5 : 0.1254    precision@10 : 0.0924    precision@20 : 0.0625    precision@30 : 0.048    precision@50 : 0.0336    map@1 : 0.2217    map@2 : 0.2138    map@3 : 0.2176    map@4 : 0.2227    map@5 : 0.2294    map@10 : 0.2521    map@20 : 0.2663    map@30 : 0.2722    map@50 : 0.2773
Mon 16 Mar 2026 12:39:20 INFO  Running E-step ! 
Mon 16 Mar 2026 12:39:21 INFO  epoch 127 training [time: 0.18s, train_loss1: 2.3664, train_loss2: 0.0364, train_loss3: 0.0019]
Mon 16 Mar 2026 12:39:21 INFO  epoch 127 evaluating [time: 0.19s, valid_score: 0.338600]
Mon 16 Mar 2026 12:39:21 INFO  valid result: 
recall@1 : 0.1409    recall@2 : 0.2155    recall@3 : 0.2692    recall@4 : 0.3123    recall@5 : 0.3542    recall@10 : 0.4985    recall@20 : 0.6373    recall@30 : 0.7087    recall@50 : 0.8007    ndcg@1 : 0.2223    ndcg@2 : 0.239    ndcg@3 : 0.2569    ndcg@4 : 0.2716    ndcg@5 : 0.2874    ndcg@10 : 0.3386    ndcg@20 : 0.3804    ndcg@30 : 0.3998    ndcg@50 : 0.4216    precision@1 : 0.2223    precision@2 : 0.1746    precision@3 : 0.153    precision@4 : 0.1359    precision@5 : 0.1262    precision@10 : 0.0924    precision@20 : 0.0626    precision@30 : 0.048    precision@50 : 0.0336    map@1 : 0.2223    map@2 : 0.2139    map@3 : 0.2178    map@4 : 0.2228    map@5 : 0.2298    map@10 : 0.2522    map@20 : 0.2665    map@30 : 0.2724    map@50 : 0.2775
Mon 16 Mar 2026 12:39:21 INFO  Running E-step ! 
Mon 16 Mar 2026 12:39:21 INFO  epoch 128 training [time: 0.18s, train_loss1: 2.3622, train_loss2: 0.0364, train_loss3: 0.0018]
Mon 16 Mar 2026 12:39:21 INFO  epoch 128 evaluating [time: 0.19s, valid_score: 0.338200]
Mon 16 Mar 2026 12:39:21 INFO  valid result: 
recall@1 : 0.141    recall@2 : 0.2151    recall@3 : 0.2685    recall@4 : 0.312    recall@5 : 0.3549    recall@10 : 0.4971    recall@20 : 0.6378    recall@30 : 0.7089    recall@50 : 0.8003    ndcg@1 : 0.2229    ndcg@2 : 0.239    ndcg@3 : 0.2566    ndcg@4 : 0.2715    ndcg@5 : 0.2877    ndcg@10 : 0.3382    ndcg@20 : 0.3805    ndcg@30 : 0.3998    ndcg@50 : 0.4215    precision@1 : 0.2229    precision@2 : 0.1746    precision@3 : 0.1528    precision@4 : 0.136    precision@5 : 0.1265    precision@10 : 0.0924    precision@20 : 0.0626    precision@30 : 0.048    precision@50 : 0.0336    map@1 : 0.2229    map@2 : 0.2139    map@3 : 0.2176    map@4 : 0.2226    map@5 : 0.2299    map@10 : 0.252    map@20 : 0.2664    map@30 : 0.2723    map@50 : 0.2774
Mon 16 Mar 2026 12:39:21 INFO  Running E-step ! 
Mon 16 Mar 2026 12:39:21 INFO  epoch 129 training [time: 0.17s, train_loss1: 2.3522, train_loss2: 0.0363, train_loss3: 0.0018]
Mon 16 Mar 2026 12:39:22 INFO  epoch 129 evaluating [time: 0.19s, valid_score: 0.337900]
Mon 16 Mar 2026 12:39:22 INFO  valid result: 
recall@1 : 0.1403    recall@2 : 0.2146    recall@3 : 0.2679    recall@4 : 0.3138    recall@5 : 0.3554    recall@10 : 0.4968    recall@20 : 0.6367    recall@30 : 0.71    recall@50 : 0.8004    ndcg@1 : 0.2217    ndcg@2 : 0.2385    ndcg@3 : 0.2559    ndcg@4 : 0.2721    ndcg@5 : 0.2877    ndcg@10 : 0.3379    ndcg@20 : 0.38    ndcg@30 : 0.3998    ndcg@50 : 0.4213    precision@1 : 0.2217    precision@2 : 0.1746    precision@3 : 0.1526    precision@4 : 0.1371    precision@5 : 0.1267    precision@10 : 0.0924    precision@20 : 0.0626    precision@30 : 0.0481    precision@50 : 0.0336    map@1 : 0.2217    map@2 : 0.2133    map@3 : 0.217    map@4 : 0.2229    map@5 : 0.2297    map@10 : 0.2517    map@20 : 0.2661    map@30 : 0.272    map@50 : 0.2771
Mon 16 Mar 2026 12:39:22 INFO  Running E-step ! 
Mon 16 Mar 2026 12:39:22 INFO  epoch 130 training [time: 0.17s, train_loss1: 2.3321, train_loss2: 0.0362, train_loss3: 0.0018]
Mon 16 Mar 2026 12:39:22 INFO  epoch 130 evaluating [time: 0.19s, valid_score: 0.339100]
Mon 16 Mar 2026 12:39:22 INFO  valid result: 
recall@1 : 0.1426    recall@2 : 0.2148    recall@3 : 0.268    recall@4 : 0.3134    recall@5 : 0.3566    recall@10 : 0.4974    recall@20 : 0.6379    recall@30 : 0.7101    recall@50 : 0.8012    ndcg@1 : 0.2241    ndcg@2 : 0.2395    ndcg@3 : 0.2569    ndcg@4 : 0.2728    ndcg@5 : 0.289    ndcg@10 : 0.3391    ndcg@20 : 0.3813    ndcg@30 : 0.4007    ndcg@50 : 0.4225    precision@1 : 0.2241    precision@2 : 0.1749    precision@3 : 0.1528    precision@4 : 0.1369    precision@5 : 0.1269    precision@10 : 0.0926    precision@20 : 0.0627    precision@30 : 0.0481    precision@50 : 0.0336    map@1 : 0.2241    map@2 : 0.2147    map@3 : 0.2182    map@4 : 0.2239    map@5 : 0.2311    map@10 : 0.253    map@20 : 0.2675    map@30 : 0.2733    map@50 : 0.2784
Mon 16 Mar 2026 12:39:22 INFO  Saving current: saved/NCL-Mar-16-2026_12-38-24.pth
Mon 16 Mar 2026 12:39:22 INFO  Saving current best: saved/NCL-Mar-16-2026_12-38-24.pth
Mon 16 Mar 2026 12:39:22 INFO  Running E-step ! 
Mon 16 Mar 2026 12:39:22 INFO  epoch 131 training [time: 0.17s, train_loss1: 2.2783, train_loss2: 0.0362, train_loss3: 0.0018]
Mon 16 Mar 2026 12:39:22 INFO  epoch 131 evaluating [time: 0.19s, valid_score: 0.338900]
Mon 16 Mar 2026 12:39:22 INFO  valid result: 
recall@1 : 0.1417    recall@2 : 0.2142    recall@3 : 0.2675    recall@4 : 0.314    recall@5 : 0.3579    recall@10 : 0.4978    recall@20 : 0.6382    recall@30 : 0.7106    recall@50 : 0.8013    ndcg@1 : 0.2241    ndcg@2 : 0.239    ndcg@3 : 0.2561    ndcg@4 : 0.2727    ndcg@5 : 0.2892    ndcg@10 : 0.3389    ndcg@20 : 0.381    ndcg@30 : 0.4006    ndcg@50 : 0.4222    precision@1 : 0.2241    precision@2 : 0.1746    precision@3 : 0.152    precision@4 : 0.1372    precision@5 : 0.1273    precision@10 : 0.0926    precision@20 : 0.0627    precision@30 : 0.0481    precision@50 : 0.0336    map@1 : 0.2241    map@2 : 0.2141    map@3 : 0.2172    map@4 : 0.2235    map@5 : 0.2308    map@10 : 0.2526    map@20 : 0.267    map@30 : 0.2728    map@50 : 0.2779
Mon 16 Mar 2026 12:39:22 INFO  Running E-step ! 
Mon 16 Mar 2026 12:39:23 INFO  epoch 132 training [time: 0.17s, train_loss1: 2.3178, train_loss2: 0.0361, train_loss3: 0.0019]
Mon 16 Mar 2026 12:39:23 INFO  epoch 132 evaluating [time: 0.18s, valid_score: 0.338700]
Mon 16 Mar 2026 12:39:23 INFO  valid result: 
recall@1 : 0.1414    recall@2 : 0.2145    recall@3 : 0.2675    recall@4 : 0.3134    recall@5 : 0.359    recall@10 : 0.4979    recall@20 : 0.6381    recall@30 : 0.7105    recall@50 : 0.8012    ndcg@1 : 0.2235    ndcg@2 : 0.2391    ndcg@3 : 0.256    ndcg@4 : 0.2724    ndcg@5 : 0.2896    ndcg@10 : 0.3387    ndcg@20 : 0.3809    ndcg@30 : 0.4005    ndcg@50 : 0.4221    precision@1 : 0.2235    precision@2 : 0.1749    precision@3 : 0.152    precision@4 : 0.1371    precision@5 : 0.1278    precision@10 : 0.0925    precision@20 : 0.0627    precision@30 : 0.0481    precision@50 : 0.0336    map@1 : 0.2235    map@2 : 0.2141    map@3 : 0.2171    map@4 : 0.2233    map@5 : 0.231    map@10 : 0.2524    map@20 : 0.2669    map@30 : 0.2727    map@50 : 0.2779
Mon 16 Mar 2026 12:39:23 INFO  Running E-step ! 
Mon 16 Mar 2026 12:39:23 INFO  epoch 133 training [time: 0.17s, train_loss1: 2.3092, train_loss2: 0.0360, train_loss3: 0.0019]
Mon 16 Mar 2026 12:39:23 INFO  epoch 133 evaluating [time: 0.19s, valid_score: 0.339300]
Mon 16 Mar 2026 12:39:23 INFO  valid result: 
recall@1 : 0.142    recall@2 : 0.2146    recall@3 : 0.2673    recall@4 : 0.3135    recall@5 : 0.3604    recall@10 : 0.4984    recall@20 : 0.6386    recall@30 : 0.7119    recall@50 : 0.8017    ndcg@1 : 0.2241    ndcg@2 : 0.2393    ndcg@3 : 0.2561    ndcg@4 : 0.2727    ndcg@5 : 0.2904    ndcg@10 : 0.3393    ndcg@20 : 0.3813    ndcg@30 : 0.4011    ndcg@50 : 0.4225    precision@1 : 0.2241    precision@2 : 0.1749    precision@3 : 0.152    precision@4 : 0.1372    precision@5 : 0.1281    precision@10 : 0.0927    precision@20 : 0.0627    precision@30 : 0.0482    precision@50 : 0.0336    map@1 : 0.2241    map@2 : 0.2145    map@3 : 0.2174    map@4 : 0.2236    map@5 : 0.2316    map@10 : 0.2529    map@20 : 0.2673    map@30 : 0.2733    map@50 : 0.2783
Mon 16 Mar 2026 12:39:23 INFO  Saving current: saved/NCL-Mar-16-2026_12-38-24.pth
Mon 16 Mar 2026 12:39:23 INFO  Saving current best: saved/NCL-Mar-16-2026_12-38-24.pth
Mon 16 Mar 2026 12:39:23 INFO  Running E-step ! 
Mon 16 Mar 2026 12:39:23 INFO  epoch 134 training [time: 0.17s, train_loss1: 2.2949, train_loss2: 0.0360, train_loss3: 0.0019]
Mon 16 Mar 2026 12:39:24 INFO  epoch 134 evaluating [time: 0.19s, valid_score: 0.339400]
Mon 16 Mar 2026 12:39:24 INFO  valid result: 
recall@1 : 0.1421    recall@2 : 0.2154    recall@3 : 0.2669    recall@4 : 0.313    recall@5 : 0.3589    recall@10 : 0.4984    recall@20 : 0.6386    recall@30 : 0.7115    recall@50 : 0.8029    ndcg@1 : 0.2241    ndcg@2 : 0.2397    ndcg@3 : 0.2562    ndcg@4 : 0.2727    ndcg@5 : 0.2898    ndcg@10 : 0.3394    ndcg@20 : 0.3814    ndcg@30 : 0.4012    ndcg@50 : 0.423    precision@1 : 0.2241    precision@2 : 0.1752    precision@3 : 0.1522    precision@4 : 0.1372    precision@5 : 0.1277    precision@10 : 0.0928    precision@20 : 0.0627    precision@30 : 0.0482    precision@50 : 0.0337    map@1 : 0.2241    map@2 : 0.2147    map@3 : 0.2175    map@4 : 0.2237    map@5 : 0.2312    map@10 : 0.253    map@20 : 0.2674    map@30 : 0.2734    map@50 : 0.2785
Mon 16 Mar 2026 12:39:24 INFO  Saving current: saved/NCL-Mar-16-2026_12-38-24.pth
Mon 16 Mar 2026 12:39:24 INFO  Saving current best: saved/NCL-Mar-16-2026_12-38-24.pth
Mon 16 Mar 2026 12:39:24 INFO  Running E-step ! 
Mon 16 Mar 2026 12:39:24 INFO  epoch 135 training [time: 0.16s, train_loss1: 2.2789, train_loss2: 0.0359, train_loss3: 0.0019]
Mon 16 Mar 2026 12:39:24 INFO  epoch 135 evaluating [time: 0.19s, valid_score: 0.339400]
Mon 16 Mar 2026 12:39:24 INFO  valid result: 
recall@1 : 0.1426    recall@2 : 0.2168    recall@3 : 0.2661    recall@4 : 0.3135    recall@5 : 0.359    recall@10 : 0.4968    recall@20 : 0.6372    recall@30 : 0.7107    recall@50 : 0.803    ndcg@1 : 0.2247    ndcg@2 : 0.2408    ndcg@3 : 0.256    ndcg@4 : 0.2732    ndcg@5 : 0.2902    ndcg@10 : 0.3394    ndcg@20 : 0.3815    ndcg@30 : 0.4014    ndcg@50 : 0.4234    precision@1 : 0.2247    precision@2 : 0.1761    precision@3 : 0.1516    precision@4 : 0.1374    precision@5 : 0.1277    precision@10 : 0.0927    precision@20 : 0.0627    precision@30 : 0.0482    precision@50 : 0.0337    map@1 : 0.2247    map@2 : 0.2156    map@3 : 0.2177    map@4 : 0.2243    map@5 : 0.2317    map@10 : 0.2534    map@20 : 0.2679    map@30 : 0.2739    map@50 : 0.2791
Mon 16 Mar 2026 12:39:24 INFO  Saving current: saved/NCL-Mar-16-2026_12-38-24.pth
Mon 16 Mar 2026 12:39:24 INFO  Saving current best: saved/NCL-Mar-16-2026_12-38-24.pth
Mon 16 Mar 2026 12:39:24 INFO  Running E-step ! 
Mon 16 Mar 2026 12:39:24 INFO  epoch 136 training [time: 0.18s, train_loss1: 2.2824, train_loss2: 0.0359, train_loss3: 0.0020]
Mon 16 Mar 2026 12:39:24 INFO  epoch 136 evaluating [time: 0.19s, valid_score: 0.339600]
Mon 16 Mar 2026 12:39:24 INFO  valid result: 
recall@1 : 0.1424    recall@2 : 0.2163    recall@3 : 0.2667    recall@4 : 0.3133    recall@5 : 0.3593    recall@10 : 0.4978    recall@20 : 0.6378    recall@30 : 0.7105    recall@50 : 0.8023    ndcg@1 : 0.2235    ndcg@2 : 0.2404    ndcg@3 : 0.2562    ndcg@4 : 0.2729    ndcg@5 : 0.2902    ndcg@10 : 0.3396    ndcg@20 : 0.3816    ndcg@30 : 0.4013    ndcg@50 : 0.4232    precision@1 : 0.2235    precision@2 : 0.1761    precision@3 : 0.1522    precision@4 : 0.1374    precision@5 : 0.1279    precision@10 : 0.0929    precision@20 : 0.0627    precision@30 : 0.0481    precision@50 : 0.0337    map@1 : 0.2235    map@2 : 0.2151    map@3 : 0.2176    map@4 : 0.2239    map@5 : 0.2315    map@10 : 0.2534    map@20 : 0.2679    map@30 : 0.2738    map@50 : 0.279
Mon 16 Mar 2026 12:39:24 INFO  Saving current: saved/NCL-Mar-16-2026_12-38-24.pth
Mon 16 Mar 2026 12:39:24 INFO  Saving current best: saved/NCL-Mar-16-2026_12-38-24.pth
Mon 16 Mar 2026 12:39:24 INFO  Running E-step ! 
Mon 16 Mar 2026 12:39:25 INFO  epoch 137 training [time: 0.19s, train_loss1: 2.3006, train_loss2: 0.0358, train_loss3: 0.0019]
Mon 16 Mar 2026 12:39:25 INFO  epoch 137 evaluating [time: 0.20s, valid_score: 0.340700]
Mon 16 Mar 2026 12:39:25 INFO  valid result: 
recall@1 : 0.1437    recall@2 : 0.2171    recall@3 : 0.2679    recall@4 : 0.3143    recall@5 : 0.3585    recall@10 : 0.4982    recall@20 : 0.6376    recall@30 : 0.711    recall@50 : 0.8019    ndcg@1 : 0.2259    ndcg@2 : 0.2415    ndcg@3 : 0.2579    ndcg@4 : 0.2742    ndcg@5 : 0.2908    ndcg@10 : 0.3407    ndcg@20 : 0.3824    ndcg@30 : 0.4022    ndcg@50 : 0.4239    precision@1 : 0.2259    precision@2 : 0.1767    precision@3 : 0.1534    precision@4 : 0.1378    precision@5 : 0.1279    precision@10 : 0.0931    precision@20 : 0.0627    precision@30 : 0.0481    precision@50 : 0.0336    map@1 : 0.2259    map@2 : 0.2163    map@3 : 0.2192    map@4 : 0.2251    map@5 : 0.2325    map@10 : 0.2546    map@20 : 0.2689    map@30 : 0.2748    map@50 : 0.28
Mon 16 Mar 2026 12:39:25 INFO  Saving current: saved/NCL-Mar-16-2026_12-38-24.pth
Mon 16 Mar 2026 12:39:25 INFO  Saving current best: saved/NCL-Mar-16-2026_12-38-24.pth
Mon 16 Mar 2026 12:39:25 INFO  Running E-step ! 
Mon 16 Mar 2026 12:39:25 INFO  epoch 138 training [time: 0.18s, train_loss1: 2.3100, train_loss2: 0.0357, train_loss3: 0.0019]
Mon 16 Mar 2026 12:39:25 INFO  epoch 138 evaluating [time: 0.19s, valid_score: 0.341000]
Mon 16 Mar 2026 12:39:25 INFO  valid result: 
recall@1 : 0.1443    recall@2 : 0.216    recall@3 : 0.2683    recall@4 : 0.3159    recall@5 : 0.359    recall@10 : 0.4981    recall@20 : 0.6369    recall@30 : 0.7101    recall@50 : 0.8023    ndcg@1 : 0.2265    ndcg@2 : 0.2412    ndcg@3 : 0.2585    ndcg@4 : 0.2751    ndcg@5 : 0.2913    ndcg@10 : 0.341    ndcg@20 : 0.3825    ndcg@30 : 0.4023    ndcg@50 : 0.4243    precision@1 : 0.2265    precision@2 : 0.1764    precision@3 : 0.1542    precision@4 : 0.1384    precision@5 : 0.1281    precision@10 : 0.0933    precision@20 : 0.0626    precision@30 : 0.0481    precision@50 : 0.0337    map@1 : 0.2265    map@2 : 0.2163    map@3 : 0.2198    map@4 : 0.2258    map@5 : 0.233    map@10 : 0.2549    map@20 : 0.2692    map@30 : 0.2752    map@50 : 0.2804
Mon 16 Mar 2026 12:39:25 INFO  Saving current: saved/NCL-Mar-16-2026_12-38-24.pth
Mon 16 Mar 2026 12:39:25 INFO  Saving current best: saved/NCL-Mar-16-2026_12-38-24.pth
Mon 16 Mar 2026 12:39:25 INFO  Running E-step ! 
Mon 16 Mar 2026 12:39:25 INFO  epoch 139 training [time: 0.20s, train_loss1: 2.2358, train_loss2: 0.0356, train_loss3: 0.0018]
Mon 16 Mar 2026 12:39:26 INFO  epoch 139 evaluating [time: 0.20s, valid_score: 0.340600]
Mon 16 Mar 2026 12:39:26 INFO  valid result: 
recall@1 : 0.1425    recall@2 : 0.2178    recall@3 : 0.2701    recall@4 : 0.3158    recall@5 : 0.3601    recall@10 : 0.4972    recall@20 : 0.637    recall@30 : 0.7101    recall@50 : 0.8039    ndcg@1 : 0.2247    ndcg@2 : 0.2417    ndcg@3 : 0.259    ndcg@4 : 0.275    ndcg@5 : 0.2914    ndcg@10 : 0.3406    ndcg@20 : 0.3824    ndcg@30 : 0.4022    ndcg@50 : 0.4245    precision@1 : 0.2247    precision@2 : 0.1776    precision@3 : 0.1547    precision@4 : 0.1389    precision@5 : 0.1282    precision@10 : 0.0933    precision@20 : 0.0626    precision@30 : 0.0481    precision@50 : 0.0337    map@1 : 0.2247    map@2 : 0.2162    map@3 : 0.2198    map@4 : 0.2253    map@5 : 0.2327    map@10 : 0.2545    map@20 : 0.2689    map@30 : 0.2748    map@50 : 0.2801
Mon 16 Mar 2026 12:39:26 INFO  Running E-step ! 
Mon 16 Mar 2026 12:39:26 INFO  epoch 140 training [time: 0.21s, train_loss1: 2.2738, train_loss2: 0.0356, train_loss3: 0.0018]
Mon 16 Mar 2026 12:39:26 INFO  epoch 140 evaluating [time: 0.19s, valid_score: 0.341000]
Mon 16 Mar 2026 12:39:26 INFO  valid result: 
recall@1 : 0.1427    recall@2 : 0.2185    recall@3 : 0.2712    recall@4 : 0.3164    recall@5 : 0.3594    recall@10 : 0.4974    recall@20 : 0.6358    recall@30 : 0.7107    recall@50 : 0.8038    ndcg@1 : 0.2253    ndcg@2 : 0.2428    ndcg@3 : 0.2598    ndcg@4 : 0.2755    ndcg@5 : 0.2915    ndcg@10 : 0.341    ndcg@20 : 0.3825    ndcg@30 : 0.4027    ndcg@50 : 0.4249    precision@1 : 0.2253    precision@2 : 0.1788    precision@3 : 0.1551    precision@4 : 0.1389    precision@5 : 0.1282    precision@10 : 0.0933    precision@20 : 0.0626    precision@30 : 0.0482    precision@50 : 0.0337    map@1 : 0.2253    map@2 : 0.2172    map@3 : 0.2205    map@4 : 0.2259    map@5 : 0.233    map@10 : 0.2551    map@20 : 0.2694    map@30 : 0.2754    map@50 : 0.2806
Mon 16 Mar 2026 12:39:26 INFO  Saving current: saved/NCL-Mar-16-2026_12-38-24.pth
Mon 16 Mar 2026 12:39:26 INFO  Saving current best: saved/NCL-Mar-16-2026_12-38-24.pth
Mon 16 Mar 2026 12:39:26 INFO  Running E-step ! 
Mon 16 Mar 2026 12:39:26 INFO  epoch 141 training [time: 0.18s, train_loss1: 2.2410, train_loss2: 0.0355, train_loss3: 0.0018]
Mon 16 Mar 2026 12:39:26 INFO  epoch 141 evaluating [time: 0.20s, valid_score: 0.341300]
Mon 16 Mar 2026 12:39:26 INFO  valid result: 
recall@1 : 0.1433    recall@2 : 0.2185    recall@3 : 0.2725    recall@4 : 0.318    recall@5 : 0.359    recall@10 : 0.4969    recall@20 : 0.6349    recall@30 : 0.7103    recall@50 : 0.8043    ndcg@1 : 0.2259    ndcg@2 : 0.2428    ndcg@3 : 0.2608    ndcg@4 : 0.2767    ndcg@5 : 0.2918    ndcg@10 : 0.3413    ndcg@20 : 0.3827    ndcg@30 : 0.4032    ndcg@50 : 0.4255    precision@1 : 0.2259    precision@2 : 0.1785    precision@3 : 0.1557    precision@4 : 0.1397    precision@5 : 0.1284    precision@10 : 0.0933    precision@20 : 0.0625    precision@30 : 0.0482    precision@50 : 0.0338    map@1 : 0.2259    map@2 : 0.2174    map@3 : 0.221    map@4 : 0.227    map@5 : 0.2334    map@10 : 0.2556    map@20 : 0.2699    map@30 : 0.276    map@50 : 0.2812
Mon 16 Mar 2026 12:39:26 INFO  Saving current: saved/NCL-Mar-16-2026_12-38-24.pth
Mon 16 Mar 2026 12:39:26 INFO  Saving current best: saved/NCL-Mar-16-2026_12-38-24.pth
Mon 16 Mar 2026 12:39:26 INFO  Running E-step ! 
Mon 16 Mar 2026 12:39:27 INFO  epoch 142 training [time: 0.18s, train_loss1: 2.2751, train_loss2: 0.0354, train_loss3: 0.0018]
Mon 16 Mar 2026 12:39:27 INFO  epoch 142 evaluating [time: 0.19s, valid_score: 0.342200]
Mon 16 Mar 2026 12:39:27 INFO  valid result: 
recall@1 : 0.1441    recall@2 : 0.2188    recall@3 : 0.2728    recall@4 : 0.3184    recall@5 : 0.3611    recall@10 : 0.4982    recall@20 : 0.6353    recall@30 : 0.7101    recall@50 : 0.8039    ndcg@1 : 0.2271    ndcg@2 : 0.2433    ndcg@3 : 0.2614    ndcg@4 : 0.2773    ndcg@5 : 0.2931    ndcg@10 : 0.3422    ndcg@20 : 0.3833    ndcg@30 : 0.4036    ndcg@50 : 0.4259    precision@1 : 0.2271    precision@2 : 0.1788    precision@3 : 0.1561    precision@4 : 0.14    precision@5 : 0.1291    precision@10 : 0.0936    precision@20 : 0.0625    precision@30 : 0.0482    precision@50 : 0.0338    map@1 : 0.2271    map@2 : 0.218    map@3 : 0.2217    map@4 : 0.2275    map@5 : 0.2345    map@10 : 0.2564    map@20 : 0.2705    map@30 : 0.2766    map@50 : 0.2819
Mon 16 Mar 2026 12:39:27 INFO  Saving current: saved/NCL-Mar-16-2026_12-38-24.pth
Mon 16 Mar 2026 12:39:27 INFO  Saving current best: saved/NCL-Mar-16-2026_12-38-24.pth
Mon 16 Mar 2026 12:39:27 INFO  Running E-step ! 
Mon 16 Mar 2026 12:39:27 INFO  epoch 143 training [time: 0.18s, train_loss1: 2.2238, train_loss2: 0.0354, train_loss3: 0.0018]
Mon 16 Mar 2026 12:39:27 INFO  epoch 143 evaluating [time: 0.17s, valid_score: 0.342400]
Mon 16 Mar 2026 12:39:27 INFO  valid result: 
recall@1 : 0.1451    recall@2 : 0.22    recall@3 : 0.2738    recall@4 : 0.3181    recall@5 : 0.3607    recall@10 : 0.4964    recall@20 : 0.6352    recall@30 : 0.7104    recall@50 : 0.8051    ndcg@1 : 0.2277    ndcg@2 : 0.2447    ndcg@3 : 0.2627    ndcg@4 : 0.2778    ndcg@5 : 0.2935    ndcg@10 : 0.3424    ndcg@20 : 0.3839    ndcg@30 : 0.4043    ndcg@50 : 0.4268    precision@1 : 0.2277    precision@2 : 0.18    precision@3 : 0.1569    precision@4 : 0.1399    precision@5 : 0.1288    precision@10 : 0.0936    precision@20 : 0.0625    precision@30 : 0.0482    precision@50 : 0.0338    map@1 : 0.2277    map@2 : 0.2192    map@3 : 0.2229    map@4 : 0.2282    map@5 : 0.235    map@10 : 0.257    map@20 : 0.2713    map@30 : 0.2774    map@50 : 0.2827
Mon 16 Mar 2026 12:39:27 INFO  Saving current: saved/NCL-Mar-16-2026_12-38-24.pth
Mon 16 Mar 2026 12:39:27 INFO  Saving current best: saved/NCL-Mar-16-2026_12-38-24.pth
Mon 16 Mar 2026 12:39:27 INFO  Running E-step ! 
Mon 16 Mar 2026 12:39:27 INFO  epoch 144 training [time: 0.17s, train_loss1: 2.2159, train_loss2: 0.0353, train_loss3: 0.0018]
Mon 16 Mar 2026 12:39:28 INFO  epoch 144 evaluating [time: 0.19s, valid_score: 0.343200]
Mon 16 Mar 2026 12:39:28 INFO  valid result: 
recall@1 : 0.1449    recall@2 : 0.2202    recall@3 : 0.2726    recall@4 : 0.3185    recall@5 : 0.3623    recall@10 : 0.4986    recall@20 : 0.6346    recall@30 : 0.709    recall@50 : 0.8066    ndcg@1 : 0.2271    ndcg@2 : 0.2446    ndcg@3 : 0.2621    ndcg@4 : 0.2778    ndcg@5 : 0.2942    ndcg@10 : 0.3432    ndcg@20 : 0.3839    ndcg@30 : 0.4041    ndcg@50 : 0.4271    precision@1 : 0.2271    precision@2 : 0.18    precision@3 : 0.1567    precision@4 : 0.14    precision@5 : 0.1297    precision@10 : 0.0941    precision@20 : 0.0625    precision@30 : 0.0482    precision@50 : 0.0339    map@1 : 0.2271    map@2 : 0.2192    map@3 : 0.2224    map@4 : 0.2281    map@5 : 0.2354    map@10 : 0.2575    map@20 : 0.2714    map@30 : 0.2775    map@50 : 0.2829
Mon 16 Mar 2026 12:39:28 INFO  Saving current: saved/NCL-Mar-16-2026_12-38-24.pth
Mon 16 Mar 2026 12:39:28 INFO  Saving current best: saved/NCL-Mar-16-2026_12-38-24.pth
Mon 16 Mar 2026 12:39:28 INFO  Running E-step ! 
Mon 16 Mar 2026 12:39:28 INFO  epoch 145 training [time: 0.18s, train_loss1: 2.2209, train_loss2: 0.0352, train_loss3: 0.0017]
Mon 16 Mar 2026 12:39:28 INFO  epoch 145 evaluating [time: 0.19s, valid_score: 0.343500]
Mon 16 Mar 2026 12:39:28 INFO  valid result: 
recall@1 : 0.1449    recall@2 : 0.2209    recall@3 : 0.2727    recall@4 : 0.3197    recall@5 : 0.3615    recall@10 : 0.4986    recall@20 : 0.6353    recall@30 : 0.7086    recall@50 : 0.8052    ndcg@1 : 0.2277    ndcg@2 : 0.2459    ndcg@3 : 0.2625    ndcg@4 : 0.2786    ndcg@5 : 0.2941    ndcg@10 : 0.3435    ndcg@20 : 0.3843    ndcg@30 : 0.4042    ndcg@50 : 0.4272    precision@1 : 0.2277    precision@2 : 0.1815    precision@3 : 0.1569    precision@4 : 0.1405    precision@5 : 0.1294    precision@10 : 0.0942    precision@20 : 0.0625    precision@30 : 0.0481    precision@50 : 0.0339    map@1 : 0.2277    map@2 : 0.2202    map@3 : 0.2228    map@4 : 0.2287    map@5 : 0.2356    map@10 : 0.2577    map@20 : 0.2717    map@30 : 0.2777    map@50 : 0.2831
Mon 16 Mar 2026 12:39:28 INFO  Saving current: saved/NCL-Mar-16-2026_12-38-24.pth
Mon 16 Mar 2026 12:39:28 INFO  Saving current best: saved/NCL-Mar-16-2026_12-38-24.pth
Mon 16 Mar 2026 12:39:28 INFO  Running E-step ! 
Mon 16 Mar 2026 12:39:28 INFO  epoch 146 training [time: 0.19s, train_loss1: 2.2273, train_loss2: 0.0351, train_loss3: 0.0018]
Mon 16 Mar 2026 12:39:28 INFO  epoch 146 evaluating [time: 0.19s, valid_score: 0.343400]
Mon 16 Mar 2026 12:39:28 INFO  valid result: 
recall@1 : 0.145    recall@2 : 0.2213    recall@3 : 0.273    recall@4 : 0.321    recall@5 : 0.3621    recall@10 : 0.4976    recall@20 : 0.6364    recall@30 : 0.7097    recall@50 : 0.8041    ndcg@1 : 0.2277    ndcg@2 : 0.2463    ndcg@3 : 0.2627    ndcg@4 : 0.2793    ndcg@5 : 0.2946    ndcg@10 : 0.3434    ndcg@20 : 0.3848    ndcg@30 : 0.4047    ndcg@50 : 0.4272    precision@1 : 0.2277    precision@2 : 0.1821    precision@3 : 0.1571    precision@4 : 0.1409    precision@5 : 0.1297    precision@10 : 0.094    precision@20 : 0.0626    precision@30 : 0.0482    precision@50 : 0.0338    map@1 : 0.2277    map@2 : 0.2205    map@3 : 0.223    map@4 : 0.2292    map@5 : 0.2359    map@10 : 0.2578    map@20 : 0.272    map@30 : 0.278    map@50 : 0.2834
Mon 16 Mar 2026 12:39:28 INFO  Running E-step ! 
Mon 16 Mar 2026 12:39:29 INFO  epoch 147 training [time: 0.18s, train_loss1: 2.2122, train_loss2: 0.0351, train_loss3: 0.0018]
Mon 16 Mar 2026 12:39:29 INFO  epoch 147 evaluating [time: 0.19s, valid_score: 0.344000]
Mon 16 Mar 2026 12:39:29 INFO  valid result: 
recall@1 : 0.1457    recall@2 : 0.2197    recall@3 : 0.2738    recall@4 : 0.3216    recall@5 : 0.3623    recall@10 : 0.4986    recall@20 : 0.6359    recall@30 : 0.7089    recall@50 : 0.804    ndcg@1 : 0.2288    ndcg@2 : 0.2458    ndcg@3 : 0.2629    ndcg@4 : 0.2798    ndcg@5 : 0.2949    ndcg@10 : 0.344    ndcg@20 : 0.3849    ndcg@30 : 0.4048    ndcg@50 : 0.4275    precision@1 : 0.2288    precision@2 : 0.1815    precision@3 : 0.1569    precision@4 : 0.1412    precision@5 : 0.1298    precision@10 : 0.0943    precision@20 : 0.0625    precision@30 : 0.0482    precision@50 : 0.0338    map@1 : 0.2288    map@2 : 0.2202    map@3 : 0.2231    map@4 : 0.2295    map@5 : 0.2362    map@10 : 0.2583    map@20 : 0.2723    map@30 : 0.2783    map@50 : 0.2837
Mon 16 Mar 2026 12:39:29 INFO  Saving current: saved/NCL-Mar-16-2026_12-38-24.pth
Mon 16 Mar 2026 12:39:29 INFO  Saving current best: saved/NCL-Mar-16-2026_12-38-24.pth
Mon 16 Mar 2026 12:39:29 INFO  Running E-step ! 
Mon 16 Mar 2026 12:39:29 INFO  epoch 148 training [time: 0.19s, train_loss1: 2.1991, train_loss2: 0.0350, train_loss3: 0.0018]
Mon 16 Mar 2026 12:39:29 INFO  epoch 148 evaluating [time: 0.19s, valid_score: 0.343700]
Mon 16 Mar 2026 12:39:29 INFO  valid result: 
recall@1 : 0.1445    recall@2 : 0.2199    recall@3 : 0.2747    recall@4 : 0.3222    recall@5 : 0.3641    recall@10 : 0.4985    recall@20 : 0.6366    recall@30 : 0.709    recall@50 : 0.8035    ndcg@1 : 0.2277    ndcg@2 : 0.2456    ndcg@3 : 0.2629    ndcg@4 : 0.2796    ndcg@5 : 0.2953    ndcg@10 : 0.3437    ndcg@20 : 0.3849    ndcg@30 : 0.4046    ndcg@50 : 0.4271    precision@1 : 0.2277    precision@2 : 0.1818    precision@3 : 0.1573    precision@4 : 0.1412    precision@5 : 0.1304    precision@10 : 0.0943    precision@20 : 0.0627    precision@30 : 0.0482    precision@50 : 0.0338    map@1 : 0.2277    map@2 : 0.2198    map@3 : 0.2229    map@4 : 0.2292    map@5 : 0.2362    map@10 : 0.2579    map@20 : 0.272    map@30 : 0.278    map@50 : 0.2833
Mon 16 Mar 2026 12:39:29 INFO  Running E-step ! 
Mon 16 Mar 2026 12:39:29 INFO  epoch 149 training [time: 0.19s, train_loss1: 2.2050, train_loss2: 0.0349, train_loss3: 0.0017]
Mon 16 Mar 2026 12:39:30 INFO  epoch 149 evaluating [time: 0.20s, valid_score: 0.344600]
Mon 16 Mar 2026 12:39:30 INFO  valid result: 
recall@1 : 0.1452    recall@2 : 0.2216    recall@3 : 0.276    recall@4 : 0.3231    recall@5 : 0.3635    recall@10 : 0.4995    recall@20 : 0.6377    recall@30 : 0.709    recall@50 : 0.8043    ndcg@1 : 0.2282    ndcg@2 : 0.247    ndcg@3 : 0.2639    ndcg@4 : 0.2805    ndcg@5 : 0.2957    ndcg@10 : 0.3446    ndcg@20 : 0.3858    ndcg@30 : 0.4053    ndcg@50 : 0.4279    precision@1 : 0.2282    precision@2 : 0.183    precision@3 : 0.1575    precision@4 : 0.1414    precision@5 : 0.1303    precision@10 : 0.0944    precision@20 : 0.0628    precision@30 : 0.0482    precision@50 : 0.0338    map@1 : 0.2282    map@2 : 0.2209    map@3 : 0.2238    map@4 : 0.2301    map@5 : 0.2369    map@10 : 0.2587    map@20 : 0.2729    map@30 : 0.2788    map@50 : 0.2841
Mon 16 Mar 2026 12:39:30 INFO  Saving current: saved/NCL-Mar-16-2026_12-38-24.pth
Mon 16 Mar 2026 12:39:30 INFO  Saving current best: saved/NCL-Mar-16-2026_12-38-24.pth
Mon 16 Mar 2026 12:39:30 INFO  Running E-step ! 
Mon 16 Mar 2026 12:39:30 INFO  epoch 150 training [time: 0.18s, train_loss1: 2.2096, train_loss2: 0.0349, train_loss3: 0.0017]
Mon 16 Mar 2026 12:39:30 INFO  epoch 150 evaluating [time: 0.19s, valid_score: 0.344700]
Mon 16 Mar 2026 12:39:30 INFO  valid result: 
recall@1 : 0.145    recall@2 : 0.2213    recall@3 : 0.2762    recall@4 : 0.3238    recall@5 : 0.363    recall@10 : 0.4999    recall@20 : 0.6372    recall@30 : 0.7101    recall@50 : 0.8042    ndcg@1 : 0.2277    ndcg@2 : 0.2464    ndcg@3 : 0.2639    ndcg@4 : 0.2806    ndcg@5 : 0.2954    ndcg@10 : 0.3447    ndcg@20 : 0.3856    ndcg@30 : 0.4054    ndcg@50 : 0.4277    precision@1 : 0.2277    precision@2 : 0.1824    precision@3 : 0.1577    precision@4 : 0.1415    precision@5 : 0.1302    precision@10 : 0.0946    precision@20 : 0.0628    precision@30 : 0.0483    precision@50 : 0.0338    map@1 : 0.2277    map@2 : 0.2204    map@3 : 0.2236    map@4 : 0.2301    map@5 : 0.2367    map@10 : 0.2587    map@20 : 0.2728    map@30 : 0.2788    map@50 : 0.2841
Mon 16 Mar 2026 12:39:30 INFO  Saving current: saved/NCL-Mar-16-2026_12-38-24.pth
Mon 16 Mar 2026 12:39:30 INFO  Saving current best: saved/NCL-Mar-16-2026_12-38-24.pth
Mon 16 Mar 2026 12:39:30 INFO  Running E-step ! 
Mon 16 Mar 2026 12:39:30 INFO  epoch 151 training [time: 0.19s, train_loss1: 2.1817, train_loss2: 0.0348, train_loss3: 0.0018]
Mon 16 Mar 2026 12:39:31 INFO  epoch 151 evaluating [time: 0.20s, valid_score: 0.344700]
Mon 16 Mar 2026 12:39:31 INFO  valid result: 
recall@1 : 0.1444    recall@2 : 0.2225    recall@3 : 0.2764    recall@4 : 0.3248    recall@5 : 0.3656    recall@10 : 0.4992    recall@20 : 0.637    recall@30 : 0.7107    recall@50 : 0.8039    ndcg@1 : 0.2271    ndcg@2 : 0.2473    ndcg@3 : 0.2642    ndcg@4 : 0.2811    ndcg@5 : 0.2964    ndcg@10 : 0.3447    ndcg@20 : 0.3857    ndcg@30 : 0.4057    ndcg@50 : 0.4279    precision@1 : 0.2271    precision@2 : 0.1836    precision@3 : 0.1583    precision@4 : 0.1418    precision@5 : 0.1306    precision@10 : 0.0946    precision@20 : 0.0629    precision@30 : 0.0483    precision@50 : 0.0338    map@1 : 0.2271    map@2 : 0.2209    map@3 : 0.2239    map@4 : 0.2304    map@5 : 0.2373    map@10 : 0.2589    map@20 : 0.273    map@30 : 0.279    map@50 : 0.2843
Mon 16 Mar 2026 12:39:31 INFO  Saving current: saved/NCL-Mar-16-2026_12-38-24.pth
Mon 16 Mar 2026 12:39:31 INFO  Saving current best: saved/NCL-Mar-16-2026_12-38-24.pth
Mon 16 Mar 2026 12:39:31 INFO  Running E-step ! 
Mon 16 Mar 2026 12:39:31 INFO  epoch 152 training [time: 0.18s, train_loss1: 2.1700, train_loss2: 0.0347, train_loss3: 0.0018]
Mon 16 Mar 2026 12:39:31 INFO  epoch 152 evaluating [time: 0.19s, valid_score: 0.345300]
Mon 16 Mar 2026 12:39:31 INFO  valid result: 
recall@1 : 0.1452    recall@2 : 0.2222    recall@3 : 0.2775    recall@4 : 0.3254    recall@5 : 0.3668    recall@10 : 0.4994    recall@20 : 0.6377    recall@30 : 0.7099    recall@50 : 0.8048    ndcg@1 : 0.23    ndcg@2 : 0.248    ndcg@3 : 0.2654    ndcg@4 : 0.282    ndcg@5 : 0.2976    ndcg@10 : 0.3453    ndcg@20 : 0.3865    ndcg@30 : 0.4061    ndcg@50 : 0.4286    precision@1 : 0.23    precision@2 : 0.1838    precision@3 : 0.1589    precision@4 : 0.1421    precision@5 : 0.1311    precision@10 : 0.0946    precision@20 : 0.063    precision@30 : 0.0483    precision@50 : 0.0338    map@1 : 0.23    map@2 : 0.2218    map@3 : 0.2249    map@4 : 0.2311    map@5 : 0.2382    map@10 : 0.2594    map@20 : 0.2737    map@30 : 0.2795    map@50 : 0.2849
Mon 16 Mar 2026 12:39:31 INFO  Saving current: saved/NCL-Mar-16-2026_12-38-24.pth
Mon 16 Mar 2026 12:39:31 INFO  Saving current best: saved/NCL-Mar-16-2026_12-38-24.pth
Mon 16 Mar 2026 12:39:31 INFO  Running E-step ! 
Mon 16 Mar 2026 12:39:31 INFO  epoch 153 training [time: 0.19s, train_loss1: 2.1741, train_loss2: 0.0347, train_loss3: 0.0018]
Mon 16 Mar 2026 12:39:31 INFO  epoch 153 evaluating [time: 0.19s, valid_score: 0.345400]
Mon 16 Mar 2026 12:39:31 INFO  valid result: 
recall@1 : 0.1444    recall@2 : 0.2228    recall@3 : 0.2786    recall@4 : 0.3266    recall@5 : 0.3666    recall@10 : 0.4998    recall@20 : 0.6384    recall@30 : 0.7112    recall@50 : 0.8051    ndcg@1 : 0.2294    ndcg@2 : 0.2478    ndcg@3 : 0.2659    ndcg@4 : 0.2824    ndcg@5 : 0.2973    ndcg@10 : 0.3454    ndcg@20 : 0.3867    ndcg@30 : 0.4064    ndcg@50 : 0.4287    precision@1 : 0.2294    precision@2 : 0.1836    precision@3 : 0.1597    precision@4 : 0.1427    precision@5 : 0.1309    precision@10 : 0.0947    precision@20 : 0.0631    precision@30 : 0.0483    precision@50 : 0.0339    map@1 : 0.2294    map@2 : 0.2212    map@3 : 0.225    map@4 : 0.2311    map@5 : 0.238    map@10 : 0.2594    map@20 : 0.2737    map@30 : 0.2795    map@50 : 0.2848
Mon 16 Mar 2026 12:39:31 INFO  Saving current: saved/NCL-Mar-16-2026_12-38-24.pth
Mon 16 Mar 2026 12:39:31 INFO  Saving current best: saved/NCL-Mar-16-2026_12-38-24.pth
Mon 16 Mar 2026 12:39:31 INFO  Running E-step ! 
Mon 16 Mar 2026 12:39:32 INFO  epoch 154 training [time: 0.19s, train_loss1: 2.1837, train_loss2: 0.0346, train_loss3: 0.0018]
Mon 16 Mar 2026 12:39:32 INFO  epoch 154 evaluating [time: 0.20s, valid_score: 0.344400]
Mon 16 Mar 2026 12:39:32 INFO  valid result: 
recall@1 : 0.1431    recall@2 : 0.2238    recall@3 : 0.2789    recall@4 : 0.3261    recall@5 : 0.3655    recall@10 : 0.498    recall@20 : 0.6386    recall@30 : 0.7117    recall@50 : 0.8047    ndcg@1 : 0.2277    ndcg@2 : 0.2481    ndcg@3 : 0.2658    ndcg@4 : 0.2818    ndcg@5 : 0.2965    ndcg@10 : 0.3444    ndcg@20 : 0.3864    ndcg@30 : 0.406    ndcg@50 : 0.4282    precision@1 : 0.2277    precision@2 : 0.1844    precision@3 : 0.1599    precision@4 : 0.1424    precision@5 : 0.1305    precision@10 : 0.0945    precision@20 : 0.0632    precision@30 : 0.0484    precision@50 : 0.0339    map@1 : 0.2277    map@2 : 0.2212    map@3 : 0.2247    map@4 : 0.2306    map@5 : 0.2373    map@10 : 0.2587    map@20 : 0.2732    map@30 : 0.279    map@50 : 0.2843
Mon 16 Mar 2026 12:39:32 INFO  Running E-step ! 
Mon 16 Mar 2026 12:39:32 INFO  epoch 155 training [time: 0.19s, train_loss1: 2.1760, train_loss2: 0.0345, train_loss3: 0.0018]
Mon 16 Mar 2026 12:39:32 INFO  epoch 155 evaluating [time: 0.19s, valid_score: 0.344300]
Mon 16 Mar 2026 12:39:32 INFO  valid result: 
recall@1 : 0.1431    recall@2 : 0.2242    recall@3 : 0.2785    recall@4 : 0.3258    recall@5 : 0.3658    recall@10 : 0.4975    recall@20 : 0.6405    recall@30 : 0.7125    recall@50 : 0.8045    ndcg@1 : 0.2277    ndcg@2 : 0.2485    ndcg@3 : 0.2657    ndcg@4 : 0.2818    ndcg@5 : 0.2966    ndcg@10 : 0.3443    ndcg@20 : 0.3869    ndcg@30 : 0.4063    ndcg@50 : 0.4282    precision@1 : 0.2277    precision@2 : 0.1847    precision@3 : 0.1599    precision@4 : 0.1426    precision@5 : 0.1305    precision@10 : 0.0944    precision@20 : 0.0633    precision@30 : 0.0484    precision@50 : 0.0338    map@1 : 0.2277    map@2 : 0.2217    map@3 : 0.2247    map@4 : 0.2307    map@5 : 0.2373    map@10 : 0.2586    map@20 : 0.2733    map@30 : 0.2791    map@50 : 0.2843
Mon 16 Mar 2026 12:39:32 INFO  Running E-step ! 
Mon 16 Mar 2026 12:39:32 INFO  epoch 156 training [time: 0.16s, train_loss1: 2.1627, train_loss2: 0.0344, train_loss3: 0.0017]
Mon 16 Mar 2026 12:39:33 INFO  epoch 156 evaluating [time: 0.19s, valid_score: 0.344700]
Mon 16 Mar 2026 12:39:33 INFO  valid result: 
recall@1 : 0.1425    recall@2 : 0.2231    recall@3 : 0.2789    recall@4 : 0.3274    recall@5 : 0.3667    recall@10 : 0.4993    recall@20 : 0.642    recall@30 : 0.7127    recall@50 : 0.8049    ndcg@1 : 0.2271    ndcg@2 : 0.2475    ndcg@3 : 0.2655    ndcg@4 : 0.2822    ndcg@5 : 0.2967    ndcg@10 : 0.3447    ndcg@20 : 0.3871    ndcg@30 : 0.4062    ndcg@50 : 0.4282    precision@1 : 0.2271    precision@2 : 0.1841    precision@3 : 0.1601    precision@4 : 0.143    precision@5 : 0.1308    precision@10 : 0.0947    precision@20 : 0.0634    precision@30 : 0.0485    precision@50 : 0.0339    map@1 : 0.2271    map@2 : 0.2208    map@3 : 0.2243    map@4 : 0.2307    map@5 : 0.2371    map@10 : 0.2586    map@20 : 0.2732    map@30 : 0.2789    map@50 : 0.2842
Mon 16 Mar 2026 12:39:33 INFO  Running E-step ! 
Mon 16 Mar 2026 12:39:33 INFO  epoch 157 training [time: 0.19s, train_loss1: 2.1350, train_loss2: 0.0344, train_loss3: 0.0017]
Mon 16 Mar 2026 12:39:33 INFO  epoch 157 evaluating [time: 0.19s, valid_score: 0.345800]
Mon 16 Mar 2026 12:39:33 INFO  valid result: 
recall@1 : 0.144    recall@2 : 0.2241    recall@3 : 0.28    recall@4 : 0.3278    recall@5 : 0.3651    recall@10 : 0.5004    recall@20 : 0.643    recall@30 : 0.7135    recall@50 : 0.8062    ndcg@1 : 0.2288    ndcg@2 : 0.2489    ndcg@3 : 0.2669    ndcg@4 : 0.2832    ndcg@5 : 0.2969    ndcg@10 : 0.3458    ndcg@20 : 0.3882    ndcg@30 : 0.4072    ndcg@50 : 0.4293    precision@1 : 0.2288    precision@2 : 0.185    precision@3 : 0.1605    precision@4 : 0.1433    precision@5 : 0.1304    precision@10 : 0.0949    precision@20 : 0.0635    precision@30 : 0.0485    precision@50 : 0.0339    map@1 : 0.2288    map@2 : 0.2223    map@3 : 0.2257    map@4 : 0.232    map@5 : 0.2379    map@10 : 0.2598    map@20 : 0.2744    map@30 : 0.28    map@50 : 0.2853
Mon 16 Mar 2026 12:39:33 INFO  Saving current: saved/NCL-Mar-16-2026_12-38-24.pth
Mon 16 Mar 2026 12:39:33 INFO  Saving current best: saved/NCL-Mar-16-2026_12-38-24.pth
Mon 16 Mar 2026 12:39:33 INFO  Running E-step ! 
Mon 16 Mar 2026 12:39:33 INFO  epoch 158 training [time: 0.19s, train_loss1: 2.1523, train_loss2: 0.0343, train_loss3: 0.0017]
Mon 16 Mar 2026 12:39:33 INFO  epoch 158 evaluating [time: 0.19s, valid_score: 0.345300]
Mon 16 Mar 2026 12:39:33 INFO  valid result: 
recall@1 : 0.1427    recall@2 : 0.2236    recall@3 : 0.2791    recall@4 : 0.3266    recall@5 : 0.3651    recall@10 : 0.5005    recall@20 : 0.6425    recall@30 : 0.7139    recall@50 : 0.8061    ndcg@1 : 0.2282    ndcg@2 : 0.2485    ndcg@3 : 0.266    ndcg@4 : 0.2823    ndcg@5 : 0.2963    ndcg@10 : 0.3453    ndcg@20 : 0.3875    ndcg@30 : 0.4067    ndcg@50 : 0.4287    precision@1 : 0.2282    precision@2 : 0.185    precision@3 : 0.1603    precision@4 : 0.1432    precision@5 : 0.1304    precision@10 : 0.0949    precision@20 : 0.0635    precision@30 : 0.0485    precision@50 : 0.0339    map@1 : 0.2282    map@2 : 0.2217    map@3 : 0.2247    map@4 : 0.2309    map@5 : 0.237    map@10 : 0.259    map@20 : 0.2735    map@30 : 0.2792    map@50 : 0.2844
Mon 16 Mar 2026 12:39:33 INFO  Running E-step ! 
Mon 16 Mar 2026 12:39:34 INFO  epoch 159 training [time: 0.17s, train_loss1: 2.1207, train_loss2: 0.0343, train_loss3: 0.0017]
Mon 16 Mar 2026 12:39:34 INFO  epoch 159 evaluating [time: 0.20s, valid_score: 0.346100]
Mon 16 Mar 2026 12:39:34 INFO  valid result: 
recall@1 : 0.1432    recall@2 : 0.2246    recall@3 : 0.28    recall@4 : 0.3263    recall@5 : 0.3674    recall@10 : 0.5015    recall@20 : 0.643    recall@30 : 0.7161    recall@50 : 0.8059    ndcg@1 : 0.2282    ndcg@2 : 0.2493    ndcg@3 : 0.2668    ndcg@4 : 0.2827    ndcg@5 : 0.2976    ndcg@10 : 0.3461    ndcg@20 : 0.3881    ndcg@30 : 0.4078    ndcg@50 : 0.4292    precision@1 : 0.2282    precision@2 : 0.1856    precision@3 : 0.1607    precision@4 : 0.1435    precision@5 : 0.1311    precision@10 : 0.0951    precision@20 : 0.0635    precision@30 : 0.0487    precision@50 : 0.0339    map@1 : 0.2282    map@2 : 0.2224    map@3 : 0.2254    map@4 : 0.2315    map@5 : 0.2381    map@10 : 0.2598    map@20 : 0.2742    map@30 : 0.28    map@50 : 0.2851
Mon 16 Mar 2026 12:39:34 INFO  Saving current: saved/NCL-Mar-16-2026_12-38-24.pth
Mon 16 Mar 2026 12:39:34 INFO  Saving current best: saved/NCL-Mar-16-2026_12-38-24.pth
Mon 16 Mar 2026 12:39:34 INFO  Running E-step ! 
Mon 16 Mar 2026 12:39:34 INFO  epoch 160 training [time: 0.19s, train_loss1: 2.1251, train_loss2: 0.0342, train_loss3: 0.0017]
Mon 16 Mar 2026 12:39:34 INFO  epoch 160 evaluating [time: 0.19s, valid_score: 0.346000]
Mon 16 Mar 2026 12:39:34 INFO  valid result: 
recall@1 : 0.1428    recall@2 : 0.2246    recall@3 : 0.2786    recall@4 : 0.3281    recall@5 : 0.3676    recall@10 : 0.5013    recall@20 : 0.6413    recall@30 : 0.7147    recall@50 : 0.806    ndcg@1 : 0.2288    ndcg@2 : 0.2494    ndcg@3 : 0.2661    ndcg@4 : 0.2836    ndcg@5 : 0.2977    ndcg@10 : 0.346    ndcg@20 : 0.3876    ndcg@30 : 0.4075    ndcg@50 : 0.4292    precision@1 : 0.2288    precision@2 : 0.1856    precision@3 : 0.1601    precision@4 : 0.1447    precision@5 : 0.1312    precision@10 : 0.0951    precision@20 : 0.0633    precision@30 : 0.0486    precision@50 : 0.034    map@1 : 0.2288    map@2 : 0.2223    map@3 : 0.2249    map@4 : 0.2319    map@5 : 0.2379    map@10 : 0.2596    map@20 : 0.2739    map@30 : 0.2798    map@50 : 0.285
Mon 16 Mar 2026 12:39:34 INFO  Running E-step ! 
Mon 16 Mar 2026 12:39:34 INFO  epoch 161 training [time: 0.18s, train_loss1: 2.1085, train_loss2: 0.0341, train_loss3: 0.0017]
Mon 16 Mar 2026 12:39:35 INFO  epoch 161 evaluating [time: 0.19s, valid_score: 0.346100]
Mon 16 Mar 2026 12:39:35 INFO  valid result: 
recall@1 : 0.1434    recall@2 : 0.2229    recall@3 : 0.2769    recall@4 : 0.3289    recall@5 : 0.3675    recall@10 : 0.5017    recall@20 : 0.6412    recall@30 : 0.7159    recall@50 : 0.8066    ndcg@1 : 0.2288    ndcg@2 : 0.2486    ndcg@3 : 0.2652    ndcg@4 : 0.2838    ndcg@5 : 0.2975    ndcg@10 : 0.3461    ndcg@20 : 0.3876    ndcg@30 : 0.4076    ndcg@50 : 0.4293    precision@1 : 0.2288    precision@2 : 0.185    precision@3 : 0.1597    precision@4 : 0.145    precision@5 : 0.1312    precision@10 : 0.0953    precision@20 : 0.0634    precision@30 : 0.0487    precision@50 : 0.034    map@1 : 0.2288    map@2 : 0.2217    map@3 : 0.2245    map@4 : 0.232    map@5 : 0.2378    map@10 : 0.2597    map@20 : 0.2739    map@30 : 0.2798    map@50 : 0.285
Mon 16 Mar 2026 12:39:35 INFO  Saving current: saved/NCL-Mar-16-2026_12-38-24.pth
Mon 16 Mar 2026 12:39:35 INFO  Saving current best: saved/NCL-Mar-16-2026_12-38-24.pth
Mon 16 Mar 2026 12:39:35 INFO  Running E-step ! 
Mon 16 Mar 2026 12:39:35 INFO  epoch 162 training [time: 0.19s, train_loss1: 2.1102, train_loss2: 0.0341, train_loss3: 0.0017]
Mon 16 Mar 2026 12:39:35 INFO  epoch 162 evaluating [time: 0.20s, valid_score: 0.346700]
Mon 16 Mar 2026 12:39:35 INFO  valid result: 
recall@1 : 0.1446    recall@2 : 0.2216    recall@3 : 0.2764    recall@4 : 0.3288    recall@5 : 0.3681    recall@10 : 0.5028    recall@20 : 0.6408    recall@30 : 0.7172    recall@50 : 0.8071    ndcg@1 : 0.23    ndcg@2 : 0.248    ndcg@3 : 0.2652    ndcg@4 : 0.2839    ndcg@5 : 0.298    ndcg@10 : 0.3467    ndcg@20 : 0.3878    ndcg@30 : 0.4082    ndcg@50 : 0.4297    precision@1 : 0.23    precision@2 : 0.1841    precision@3 : 0.1595    precision@4 : 0.1448    precision@5 : 0.1313    precision@10 : 0.0955    precision@20 : 0.0634    precision@30 : 0.0487    precision@50 : 0.034    map@1 : 0.23    map@2 : 0.2215    map@3 : 0.2246    map@4 : 0.2323    map@5 : 0.2383    map@10 : 0.2601    map@20 : 0.2743    map@30 : 0.2802    map@50 : 0.2854
Mon 16 Mar 2026 12:39:35 INFO  Saving current: saved/NCL-Mar-16-2026_12-38-24.pth
Mon 16 Mar 2026 12:39:35 INFO  Saving current best: saved/NCL-Mar-16-2026_12-38-24.pth
Mon 16 Mar 2026 12:39:35 INFO  Running E-step ! 
Mon 16 Mar 2026 12:39:35 INFO  epoch 163 training [time: 0.22s, train_loss1: 2.1230, train_loss2: 0.0340, train_loss3: 0.0017]
Mon 16 Mar 2026 12:39:35 INFO  epoch 163 evaluating [time: 0.20s, valid_score: 0.346900]
Mon 16 Mar 2026 12:39:35 INFO  valid result: 
recall@1 : 0.1446    recall@2 : 0.221    recall@3 : 0.2775    recall@4 : 0.3279    recall@5 : 0.368    recall@10 : 0.5034    recall@20 : 0.6393    recall@30 : 0.7171    recall@50 : 0.8071    ndcg@1 : 0.23    ndcg@2 : 0.2479    ndcg@3 : 0.2658    ndcg@4 : 0.2835    ndcg@5 : 0.298    ndcg@10 : 0.3469    ndcg@20 : 0.3874    ndcg@30 : 0.4082    ndcg@50 : 0.4297    precision@1 : 0.23    precision@2 : 0.1841    precision@3 : 0.1601    precision@4 : 0.1445    precision@5 : 0.1315    precision@10 : 0.0956    precision@20 : 0.0633    precision@30 : 0.0487    precision@50 : 0.034    map@1 : 0.23    map@2 : 0.2214    map@3 : 0.2249    map@4 : 0.2319    map@5 : 0.2383    map@10 : 0.2601    map@20 : 0.2742    map@30 : 0.2802    map@50 : 0.2854
Mon 16 Mar 2026 12:39:35 INFO  Saving current: saved/NCL-Mar-16-2026_12-38-24.pth
Mon 16 Mar 2026 12:39:35 INFO  Saving current best: saved/NCL-Mar-16-2026_12-38-24.pth
Mon 16 Mar 2026 12:39:35 INFO  Running E-step ! 
Mon 16 Mar 2026 12:39:36 INFO  epoch 164 training [time: 0.18s, train_loss1: 2.0930, train_loss2: 0.0339, train_loss3: 0.0017]
Mon 16 Mar 2026 12:39:36 INFO  epoch 164 evaluating [time: 0.19s, valid_score: 0.347300]
Mon 16 Mar 2026 12:39:36 INFO  valid result: 
recall@1 : 0.1446    recall@2 : 0.2205    recall@3 : 0.2786    recall@4 : 0.3292    recall@5 : 0.3687    recall@10 : 0.5041    recall@20 : 0.6402    recall@30 : 0.7157    recall@50 : 0.8069    ndcg@1 : 0.23    ndcg@2 : 0.2478    ndcg@3 : 0.2664    ndcg@4 : 0.2841    ndcg@5 : 0.2984    ndcg@10 : 0.3473    ndcg@20 : 0.3878    ndcg@30 : 0.4081    ndcg@50 : 0.4299    precision@1 : 0.23    precision@2 : 0.1844    precision@3 : 0.1607    precision@4 : 0.1448    precision@5 : 0.1317    precision@10 : 0.0957    precision@20 : 0.0634    precision@30 : 0.0487    precision@50 : 0.034    map@1 : 0.23    map@2 : 0.2212    map@3 : 0.2251    map@4 : 0.2323    map@5 : 0.2385    map@10 : 0.2604    map@20 : 0.2744    map@30 : 0.2803    map@50 : 0.2856
Mon 16 Mar 2026 12:39:36 INFO  Saving current: saved/NCL-Mar-16-2026_12-38-24.pth
Mon 16 Mar 2026 12:39:36 INFO  Saving current best: saved/NCL-Mar-16-2026_12-38-24.pth
Mon 16 Mar 2026 12:39:36 INFO  Running E-step ! 
Mon 16 Mar 2026 12:39:36 INFO  epoch 165 training [time: 0.19s, train_loss1: 2.0767, train_loss2: 0.0339, train_loss3: 0.0018]
Mon 16 Mar 2026 12:39:36 INFO  epoch 165 evaluating [time: 0.19s, valid_score: 0.347200]
Mon 16 Mar 2026 12:39:36 INFO  valid result: 
recall@1 : 0.1436    recall@2 : 0.2211    recall@3 : 0.2771    recall@4 : 0.3289    recall@5 : 0.3686    recall@10 : 0.5048    recall@20 : 0.6401    recall@30 : 0.7154    recall@50 : 0.8073    ndcg@1 : 0.2294    ndcg@2 : 0.2479    ndcg@3 : 0.2654    ndcg@4 : 0.2837    ndcg@5 : 0.2981    ndcg@10 : 0.3472    ndcg@20 : 0.3875    ndcg@30 : 0.4077    ndcg@50 : 0.4297    precision@1 : 0.2294    precision@2 : 0.1847    precision@3 : 0.1603    precision@4 : 0.145    precision@5 : 0.1318    precision@10 : 0.0958    precision@20 : 0.0634    precision@30 : 0.0487    precision@50 : 0.0341    map@1 : 0.2294    map@2 : 0.2209    map@3 : 0.2241    map@4 : 0.2317    map@5 : 0.2381    map@10 : 0.2599    map@20 : 0.2739    map@30 : 0.2798    map@50 : 0.2851
Mon 16 Mar 2026 12:39:36 INFO  Running E-step ! 
Mon 16 Mar 2026 12:39:36 INFO  epoch 166 training [time: 0.18s, train_loss1: 2.0757, train_loss2: 0.0338, train_loss3: 0.0017]
Mon 16 Mar 2026 12:39:37 INFO  epoch 166 evaluating [time: 0.19s, valid_score: 0.347200]
Mon 16 Mar 2026 12:39:37 INFO  valid result: 
recall@1 : 0.1433    recall@2 : 0.221    recall@3 : 0.2772    recall@4 : 0.3286    recall@5 : 0.3696    recall@10 : 0.5052    recall@20 : 0.6396    recall@30 : 0.7155    recall@50 : 0.8081    ndcg@1 : 0.2282    ndcg@2 : 0.2478    ndcg@3 : 0.2651    ndcg@4 : 0.2836    ndcg@5 : 0.2985    ndcg@10 : 0.3472    ndcg@20 : 0.3873    ndcg@30 : 0.4077    ndcg@50 : 0.4298    precision@1 : 0.2282    precision@2 : 0.185    precision@3 : 0.1599    precision@4 : 0.1453    precision@5 : 0.1325    precision@10 : 0.096    precision@20 : 0.0634    precision@30 : 0.0487    precision@50 : 0.0341    map@1 : 0.2282    map@2 : 0.2211    map@3 : 0.2238    map@4 : 0.2315    map@5 : 0.2382    map@10 : 0.26    map@20 : 0.2739    map@30 : 0.2799    map@50 : 0.2851
Mon 16 Mar 2026 12:39:37 INFO  Running E-step ! 
Mon 16 Mar 2026 12:39:37 INFO  epoch 167 training [time: 0.17s, train_loss1: 2.1001, train_loss2: 0.0337, train_loss3: 0.0017]
Mon 16 Mar 2026 12:39:37 INFO  epoch 167 evaluating [time: 0.19s, valid_score: 0.348100]
Mon 16 Mar 2026 12:39:37 INFO  valid result: 
recall@1 : 0.1449    recall@2 : 0.2214    recall@3 : 0.2789    recall@4 : 0.3274    recall@5 : 0.3705    recall@10 : 0.5054    recall@20 : 0.6387    recall@30 : 0.7174    recall@50 : 0.8086    ndcg@1 : 0.2306    ndcg@2 : 0.2487    ndcg@3 : 0.2668    ndcg@4 : 0.2839    ndcg@5 : 0.2996    ndcg@10 : 0.3481    ndcg@20 : 0.3879    ndcg@30 : 0.409    ndcg@50 : 0.4307    precision@1 : 0.2306    precision@2 : 0.185    precision@3 : 0.1607    precision@4 : 0.1448    precision@5 : 0.1327    precision@10 : 0.096    precision@20 : 0.0633    precision@30 : 0.0489    precision@50 : 0.0341    map@1 : 0.2306    map@2 : 0.2221    map@3 : 0.2254    map@4 : 0.2321    map@5 : 0.2393    map@10 : 0.2609    map@20 : 0.2748    map@30 : 0.2809    map@50 : 0.2861
Mon 16 Mar 2026 12:39:37 INFO  Saving current: saved/NCL-Mar-16-2026_12-38-24.pth
Mon 16 Mar 2026 12:39:37 INFO  Saving current best: saved/NCL-Mar-16-2026_12-38-24.pth
Mon 16 Mar 2026 12:39:37 INFO  Running E-step ! 
Mon 16 Mar 2026 12:39:37 INFO  epoch 168 training [time: 0.19s, train_loss1: 2.1048, train_loss2: 0.0337, train_loss3: 0.0017]
Mon 16 Mar 2026 12:39:37 INFO  epoch 168 evaluating [time: 0.18s, valid_score: 0.347900]
Mon 16 Mar 2026 12:39:37 INFO  valid result: 
recall@1 : 0.1441    recall@2 : 0.2209    recall@3 : 0.2774    recall@4 : 0.3274    recall@5 : 0.3706    recall@10 : 0.5063    recall@20 : 0.6377    recall@30 : 0.7179    recall@50 : 0.8088    ndcg@1 : 0.2294    ndcg@2 : 0.2482    ndcg@3 : 0.2656    ndcg@4 : 0.2835    ndcg@5 : 0.2992    ndcg@10 : 0.3479    ndcg@20 : 0.3871    ndcg@30 : 0.4086    ndcg@50 : 0.4302    precision@1 : 0.2294    precision@2 : 0.185    precision@3 : 0.1601    precision@4 : 0.1451    precision@5 : 0.1328    precision@10 : 0.0962    precision@20 : 0.0632    precision@30 : 0.0489    precision@50 : 0.0341    map@1 : 0.2294    map@2 : 0.2215    map@3 : 0.2244    map@4 : 0.2316    map@5 : 0.2388    map@10 : 0.2604    map@20 : 0.2741    map@30 : 0.2804    map@50 : 0.2856
Mon 16 Mar 2026 12:39:37 INFO  Running E-step ! 
Mon 16 Mar 2026 12:39:38 INFO  epoch 169 training [time: 0.17s, train_loss1: 2.0881, train_loss2: 0.0336, train_loss3: 0.0018]
Mon 16 Mar 2026 12:39:38 INFO  epoch 169 evaluating [time: 0.19s, valid_score: 0.347400]
Mon 16 Mar 2026 12:39:38 INFO  valid result: 
recall@1 : 0.1423    recall@2 : 0.2193    recall@3 : 0.2774    recall@4 : 0.3283    recall@5 : 0.3671    recall@10 : 0.5075    recall@20 : 0.639    recall@30 : 0.7177    recall@50 : 0.8094    ndcg@1 : 0.2294    ndcg@2 : 0.247    ndcg@3 : 0.2651    ndcg@4 : 0.2832    ndcg@5 : 0.2971    ndcg@10 : 0.3474    ndcg@20 : 0.3866    ndcg@30 : 0.4078    ndcg@50 : 0.4296    precision@1 : 0.2294    precision@2 : 0.1844    precision@3 : 0.1605    precision@4 : 0.1453    precision@5 : 0.1319    precision@10 : 0.0964    precision@20 : 0.0633    precision@30 : 0.0489    precision@50 : 0.0341    map@1 : 0.2294    map@2 : 0.2202    map@3 : 0.2235    map@4 : 0.2308    map@5 : 0.237    map@10 : 0.2594    map@20 : 0.273    map@30 : 0.2792    map@50 : 0.2844
Mon 16 Mar 2026 12:39:38 INFO  Running E-step ! 
Mon 16 Mar 2026 12:39:38 INFO  epoch 170 training [time: 0.16s, train_loss1: 2.0609, train_loss2: 0.0335, train_loss3: 0.0018]
Mon 16 Mar 2026 12:39:38 INFO  epoch 170 evaluating [time: 0.19s, valid_score: 0.347800]
Mon 16 Mar 2026 12:39:38 INFO  valid result: 
recall@1 : 0.1424    recall@2 : 0.2187    recall@3 : 0.2776    recall@4 : 0.3271    recall@5 : 0.3675    recall@10 : 0.509    recall@20 : 0.6401    recall@30 : 0.7182    recall@50 : 0.8088    ndcg@1 : 0.23    ndcg@2 : 0.2467    ndcg@3 : 0.2652    ndcg@4 : 0.2829    ndcg@5 : 0.2973    ndcg@10 : 0.3478    ndcg@20 : 0.3869    ndcg@30 : 0.4079    ndcg@50 : 0.4295    precision@1 : 0.23    precision@2 : 0.1841    precision@3 : 0.1605    precision@4 : 0.1454    precision@5 : 0.1321    precision@10 : 0.0965    precision@20 : 0.0634    precision@30 : 0.0489    precision@50 : 0.0341    map@1 : 0.23    map@2 : 0.2201    map@3 : 0.2235    map@4 : 0.2306    map@5 : 0.237    map@10 : 0.2595    map@20 : 0.2731    map@30 : 0.2791    map@50 : 0.2844
Mon 16 Mar 2026 12:39:38 INFO  Running E-step ! 
Mon 16 Mar 2026 12:39:38 INFO  epoch 171 training [time: 0.18s, train_loss1: 2.0589, train_loss2: 0.0335, train_loss3: 0.0017]
Mon 16 Mar 2026 12:39:39 INFO  epoch 171 evaluating [time: 0.19s, valid_score: 0.348000]
Mon 16 Mar 2026 12:39:39 INFO  valid result: 
recall@1 : 0.1424    recall@2 : 0.2187    recall@3 : 0.2803    recall@4 : 0.327    recall@5 : 0.3675    recall@10 : 0.5091    recall@20 : 0.6384    recall@30 : 0.7176    recall@50 : 0.8086    ndcg@1 : 0.23    ndcg@2 : 0.2467    ndcg@3 : 0.2665    ndcg@4 : 0.2831    ndcg@5 : 0.2974    ndcg@10 : 0.348    ndcg@20 : 0.3867    ndcg@30 : 0.408    ndcg@50 : 0.4296    precision@1 : 0.23    precision@2 : 0.1841    precision@3 : 0.1613    precision@4 : 0.1454    precision@5 : 0.1321    precision@10 : 0.0965    precision@20 : 0.0633    precision@30 : 0.0489    precision@50 : 0.0341    map@1 : 0.23    map@2 : 0.2199    map@3 : 0.2244    map@4 : 0.2308    map@5 : 0.2372    map@10 : 0.2597    map@20 : 0.2731    map@30 : 0.2793    map@50 : 0.2846
Mon 16 Mar 2026 12:39:39 INFO  Running E-step ! 
Mon 16 Mar 2026 12:39:39 INFO  epoch 172 training [time: 0.19s, train_loss1: 2.0671, train_loss2: 0.0334, train_loss3: 0.0017]
Mon 16 Mar 2026 12:39:39 INFO  epoch 172 evaluating [time: 0.20s, valid_score: 0.347500]
Mon 16 Mar 2026 12:39:39 INFO  valid result: 
recall@1 : 0.1421    recall@2 : 0.2173    recall@3 : 0.2807    recall@4 : 0.3285    recall@5 : 0.367    recall@10 : 0.508    recall@20 : 0.6408    recall@30 : 0.7178    recall@50 : 0.8086    ndcg@1 : 0.23    ndcg@2 : 0.2452    ndcg@3 : 0.2664    ndcg@4 : 0.2835    ndcg@5 : 0.297    ndcg@10 : 0.3475    ndcg@20 : 0.3871    ndcg@30 : 0.4079    ndcg@50 : 0.4294    precision@1 : 0.23    precision@2 : 0.1827    precision@3 : 0.1615    precision@4 : 0.146    precision@5 : 0.1319    precision@10 : 0.0964    precision@20 : 0.0635    precision@30 : 0.0489    precision@50 : 0.0341    map@1 : 0.23    map@2 : 0.2184    map@3 : 0.2241    map@4 : 0.2309    map@5 : 0.2368    map@10 : 0.2592    map@20 : 0.273    map@30 : 0.2791    map@50 : 0.2843
Mon 16 Mar 2026 12:39:39 INFO  Running E-step ! 
Mon 16 Mar 2026 12:39:39 INFO  epoch 173 training [time: 0.19s, train_loss1: 2.0472, train_loss2: 0.0333, train_loss3: 0.0017]
Mon 16 Mar 2026 12:39:39 INFO  epoch 173 evaluating [time: 0.18s, valid_score: 0.347900]
Mon 16 Mar 2026 12:39:39 INFO  valid result: 
recall@1 : 0.1428    recall@2 : 0.2169    recall@3 : 0.282    recall@4 : 0.3293    recall@5 : 0.3672    recall@10 : 0.5081    recall@20 : 0.641    recall@30 : 0.7178    recall@50 : 0.8092    ndcg@1 : 0.2312    ndcg@2 : 0.2451    ndcg@3 : 0.2675    ndcg@4 : 0.2841    ndcg@5 : 0.2975    ndcg@10 : 0.3479    ndcg@20 : 0.3876    ndcg@30 : 0.4083    ndcg@50 : 0.43    precision@1 : 0.2312    precision@2 : 0.1821    precision@3 : 0.1623    precision@4 : 0.146    precision@5 : 0.1321    precision@10 : 0.0964    precision@20 : 0.0636    precision@30 : 0.0489    precision@50 : 0.0341    map@1 : 0.2312    map@2 : 0.2184    map@3 : 0.2249    map@4 : 0.2315    map@5 : 0.2374    map@10 : 0.2598    map@20 : 0.2736    map@30 : 0.2797    map@50 : 0.2849
Mon 16 Mar 2026 12:39:39 INFO  Running E-step ! 
Mon 16 Mar 2026 12:39:40 INFO  epoch 174 training [time: 0.16s, train_loss1: 2.0600, train_loss2: 0.0333, train_loss3: 0.0017]
Mon 16 Mar 2026 12:39:40 INFO  epoch 174 evaluating [time: 0.19s, valid_score: 0.347200]
Mon 16 Mar 2026 12:39:40 INFO  valid result: 
recall@1 : 0.1415    recall@2 : 0.2166    recall@3 : 0.2806    recall@4 : 0.329    recall@5 : 0.3673    recall@10 : 0.508    recall@20 : 0.6428    recall@30 : 0.7184    recall@50 : 0.808    ndcg@1 : 0.2294    ndcg@2 : 0.2443    ndcg@3 : 0.2663    ndcg@4 : 0.2833    ndcg@5 : 0.297    ndcg@10 : 0.3472    ndcg@20 : 0.3874    ndcg@30 : 0.4078    ndcg@50 : 0.4291    precision@1 : 0.2294    precision@2 : 0.1818    precision@3 : 0.1621    precision@4 : 0.1459    precision@5 : 0.1323    precision@10 : 0.0964    precision@20 : 0.0636    precision@30 : 0.049    precision@50 : 0.0341    map@1 : 0.2294    map@2 : 0.2175    map@3 : 0.2238    map@4 : 0.2306    map@5 : 0.2366    map@10 : 0.2589    map@20 : 0.2729    map@30 : 0.279    map@50 : 0.2841
Mon 16 Mar 2026 12:39:40 INFO  Running E-step ! 
Mon 16 Mar 2026 12:39:40 INFO  epoch 175 training [time: 0.16s, train_loss1: 2.0510, train_loss2: 0.0332, train_loss3: 0.0017]
Mon 16 Mar 2026 12:39:40 INFO  epoch 175 evaluating [time: 0.18s, valid_score: 0.347500]
Mon 16 Mar 2026 12:39:40 INFO  valid result: 
recall@1 : 0.1421    recall@2 : 0.2157    recall@3 : 0.2806    recall@4 : 0.3284    recall@5 : 0.3662    recall@10 : 0.5087    recall@20 : 0.643    recall@30 : 0.7184    recall@50 : 0.8092    ndcg@1 : 0.23    ndcg@2 : 0.2439    ndcg@3 : 0.2664    ndcg@4 : 0.2832    ndcg@5 : 0.2966    ndcg@10 : 0.3475    ndcg@20 : 0.3876    ndcg@30 : 0.408    ndcg@50 : 0.4295    precision@1 : 0.23    precision@2 : 0.1812    precision@3 : 0.1621    precision@4 : 0.1457    precision@5 : 0.1321    precision@10 : 0.0964    precision@20 : 0.0636    precision@30 : 0.049    precision@50 : 0.0341    map@1 : 0.23    map@2 : 0.2174    map@3 : 0.2239    map@4 : 0.2307    map@5 : 0.2366    map@10 : 0.2592    map@20 : 0.2731    map@30 : 0.2791    map@50 : 0.2843
Mon 16 Mar 2026 12:39:40 INFO  Running E-step ! 
Mon 16 Mar 2026 12:39:40 INFO  epoch 176 training [time: 0.19s, train_loss1: 2.0496, train_loss2: 0.0331, train_loss3: 0.0017]
Mon 16 Mar 2026 12:39:41 INFO  epoch 176 evaluating [time: 0.19s, valid_score: 0.347900]
Mon 16 Mar 2026 12:39:41 INFO  valid result: 
recall@1 : 0.1426    recall@2 : 0.2161    recall@3 : 0.2812    recall@4 : 0.3279    recall@5 : 0.3657    recall@10 : 0.5094    recall@20 : 0.6436    recall@30 : 0.718    recall@50 : 0.809    ndcg@1 : 0.2306    ndcg@2 : 0.2442    ndcg@3 : 0.2668    ndcg@4 : 0.2831    ndcg@5 : 0.2966    ndcg@10 : 0.3479    ndcg@20 : 0.3879    ndcg@30 : 0.4081    ndcg@50 : 0.4297    precision@1 : 0.2306    precision@2 : 0.1812    precision@3 : 0.1621    precision@4 : 0.1454    precision@5 : 0.1318    precision@10 : 0.0965    precision@20 : 0.0637    precision@30 : 0.049    precision@50 : 0.0341    map@1 : 0.2306    map@2 : 0.2175    map@3 : 0.2242    map@4 : 0.2308    map@5 : 0.2367    map@10 : 0.2595    map@20 : 0.2734    map@30 : 0.2794    map@50 : 0.2846
Mon 16 Mar 2026 12:39:41 INFO  Running E-step ! 
Mon 16 Mar 2026 12:39:41 INFO  epoch 177 training [time: 0.17s, train_loss1: 2.0164, train_loss2: 0.0331, train_loss3: 0.0017]
Mon 16 Mar 2026 12:39:41 INFO  epoch 177 evaluating [time: 0.19s, valid_score: 0.348200]
Mon 16 Mar 2026 12:39:41 INFO  valid result: 
recall@1 : 0.1424    recall@2 : 0.2167    recall@3 : 0.2828    recall@4 : 0.3282    recall@5 : 0.3645    recall@10 : 0.5101    recall@20 : 0.6433    recall@30 : 0.7179    recall@50 : 0.8088    ndcg@1 : 0.23    ndcg@2 : 0.2444    ndcg@3 : 0.2677    ndcg@4 : 0.2835    ndcg@5 : 0.2962    ndcg@10 : 0.3482    ndcg@20 : 0.388    ndcg@30 : 0.4082    ndcg@50 : 0.4298    precision@1 : 0.23    precision@2 : 0.1815    precision@3 : 0.1627    precision@4 : 0.1457    precision@5 : 0.1313    precision@10 : 0.0967    precision@20 : 0.0637    precision@30 : 0.049    precision@50 : 0.0341    map@1 : 0.23    map@2 : 0.2177    map@3 : 0.2247    map@4 : 0.2311    map@5 : 0.2366    map@10 : 0.2598    map@20 : 0.2736    map@30 : 0.2796    map@50 : 0.2848
Mon 16 Mar 2026 12:39:41 INFO  Saving current: saved/NCL-Mar-16-2026_12-38-24.pth
Mon 16 Mar 2026 12:39:41 INFO  Saving current best: saved/NCL-Mar-16-2026_12-38-24.pth
Mon 16 Mar 2026 12:39:41 INFO  Running E-step ! 
Mon 16 Mar 2026 12:39:41 INFO  epoch 178 training [time: 0.19s, train_loss1: 2.0200, train_loss2: 0.0330, train_loss3: 0.0017]
Mon 16 Mar 2026 12:39:41 INFO  epoch 178 evaluating [time: 0.19s, valid_score: 0.347700]
Mon 16 Mar 2026 12:39:41 INFO  valid result: 
recall@1 : 0.1412    recall@2 : 0.2158    recall@3 : 0.2815    recall@4 : 0.3279    recall@5 : 0.3628    recall@10 : 0.5107    recall@20 : 0.6443    recall@30 : 0.7182    recall@50 : 0.8095    ndcg@1 : 0.2288    ndcg@2 : 0.2429    ndcg@3 : 0.2664    ndcg@4 : 0.2826    ndcg@5 : 0.2947    ndcg@10 : 0.3477    ndcg@20 : 0.3876    ndcg@30 : 0.4076    ndcg@50 : 0.4293    precision@1 : 0.2288    precision@2 : 0.1803    precision@3 : 0.1623    precision@4 : 0.1456    precision@5 : 0.131    precision@10 : 0.0968    precision@20 : 0.0638    precision@30 : 0.049    precision@50 : 0.0341    map@1 : 0.2288    map@2 : 0.216    map@3 : 0.2234    map@4 : 0.2299    map@5 : 0.2352    map@10 : 0.2589    map@20 : 0.2727    map@30 : 0.2786    map@50 : 0.2838
Mon 16 Mar 2026 12:39:41 INFO  Running E-step ! 
Mon 16 Mar 2026 12:39:42 INFO  epoch 179 training [time: 0.17s, train_loss1: 2.0275, train_loss2: 0.0329, train_loss3: 0.0017]
Mon 16 Mar 2026 12:39:42 INFO  epoch 179 evaluating [time: 0.19s, valid_score: 0.347700]
Mon 16 Mar 2026 12:39:42 INFO  valid result: 
recall@1 : 0.142    recall@2 : 0.2163    recall@3 : 0.2806    recall@4 : 0.328    recall@5 : 0.3629    recall@10 : 0.5096    recall@20 : 0.6436    recall@30 : 0.717    recall@50 : 0.8097    ndcg@1 : 0.23    ndcg@2 : 0.2434    ndcg@3 : 0.266    ndcg@4 : 0.2829    ndcg@5 : 0.295    ndcg@10 : 0.3477    ndcg@20 : 0.3877    ndcg@30 : 0.4076    ndcg@50 : 0.4296    precision@1 : 0.23    precision@2 : 0.1803    precision@3 : 0.1615    precision@4 : 0.1457    precision@5 : 0.131    precision@10 : 0.0968    precision@20 : 0.0638    precision@30 : 0.0489    precision@50 : 0.0341    map@1 : 0.23    map@2 : 0.2168    map@3 : 0.2233    map@4 : 0.2303    map@5 : 0.2356    map@10 : 0.2592    map@20 : 0.2731    map@30 : 0.279    map@50 : 0.2843
Mon 16 Mar 2026 12:39:42 INFO  Running E-step ! 
Mon 16 Mar 2026 12:39:42 INFO  epoch 180 training [time: 0.16s, train_loss1: 2.0063, train_loss2: 0.0329, train_loss3: 0.0017]
Mon 16 Mar 2026 12:39:42 INFO  epoch 180 evaluating [time: 0.19s, valid_score: 0.347100]
Mon 16 Mar 2026 12:39:42 INFO  valid result: 
recall@1 : 0.1417    recall@2 : 0.2165    recall@3 : 0.2796    recall@4 : 0.3289    recall@5 : 0.3625    recall@10 : 0.5082    recall@20 : 0.645    recall@30 : 0.7178    recall@50 : 0.8108    ndcg@1 : 0.2288    ndcg@2 : 0.2431    ndcg@3 : 0.2652    ndcg@4 : 0.2831    ndcg@5 : 0.2947    ndcg@10 : 0.3471    ndcg@20 : 0.3878    ndcg@30 : 0.4076    ndcg@50 : 0.4297    precision@1 : 0.2288    precision@2 : 0.1803    precision@3 : 0.1609    precision@4 : 0.146    precision@5 : 0.131    precision@10 : 0.0968    precision@20 : 0.0639    precision@30 : 0.0489    precision@50 : 0.0342    map@1 : 0.2288    map@2 : 0.2165    map@3 : 0.2227    map@4 : 0.2303    map@5 : 0.2354    map@10 : 0.2589    map@20 : 0.273    map@30 : 0.2789    map@50 : 0.2842
Mon 16 Mar 2026 12:39:42 INFO  Running E-step ! 
Mon 16 Mar 2026 12:39:42 INFO  epoch 181 training [time: 0.16s, train_loss1: 2.0265, train_loss2: 0.0328, train_loss3: 0.0016]
Mon 16 Mar 2026 12:39:43 INFO  epoch 181 evaluating [time: 0.19s, valid_score: 0.346600]
Mon 16 Mar 2026 12:39:43 INFO  valid result: 
recall@1 : 0.1409    recall@2 : 0.215    recall@3 : 0.281    recall@4 : 0.3282    recall@5 : 0.3619    recall@10 : 0.5078    recall@20 : 0.6456    recall@30 : 0.7179    recall@50 : 0.8105    ndcg@1 : 0.2288    ndcg@2 : 0.2418    ndcg@3 : 0.2656    ndcg@4 : 0.2825    ndcg@5 : 0.2941    ndcg@10 : 0.3466    ndcg@20 : 0.3876    ndcg@30 : 0.4072    ndcg@50 : 0.4292    precision@1 : 0.2288    precision@2 : 0.1791    precision@3 : 0.1617    precision@4 : 0.1457    precision@5 : 0.1308    precision@10 : 0.0967    precision@20 : 0.0639    precision@30 : 0.049    precision@50 : 0.0342    map@1 : 0.2288    map@2 : 0.2153    map@3 : 0.2227    map@4 : 0.2296    map@5 : 0.2346    map@10 : 0.2582    map@20 : 0.2724    map@30 : 0.2782    map@50 : 0.2835
Mon 16 Mar 2026 12:39:43 INFO  Running E-step ! 
Mon 16 Mar 2026 12:39:43 INFO  epoch 182 training [time: 0.16s, train_loss1: 2.0535, train_loss2: 0.0327, train_loss3: 0.0017]
Mon 16 Mar 2026 12:39:43 INFO  epoch 182 evaluating [time: 0.19s, valid_score: 0.346100]
Mon 16 Mar 2026 12:39:43 INFO  valid result: 
recall@1 : 0.1401    recall@2 : 0.2163    recall@3 : 0.2815    recall@4 : 0.3278    recall@5 : 0.3617    recall@10 : 0.5066    recall@20 : 0.6454    recall@30 : 0.7172    recall@50 : 0.8118    ndcg@1 : 0.2282    ndcg@2 : 0.2423    ndcg@3 : 0.2656    ndcg@4 : 0.2821    ndcg@5 : 0.2939    ndcg@10 : 0.3461    ndcg@20 : 0.3875    ndcg@30 : 0.407    ndcg@50 : 0.4294    precision@1 : 0.2282    precision@2 : 0.1797    precision@3 : 0.1615    precision@4 : 0.1454    precision@5 : 0.1308    precision@10 : 0.0965    precision@20 : 0.064    precision@30 : 0.0489    precision@50 : 0.0342    map@1 : 0.2282    map@2 : 0.2154    map@3 : 0.2225    map@4 : 0.2292    map@5 : 0.2344    map@10 : 0.2579    map@20 : 0.2723    map@30 : 0.2781    map@50 : 0.2834
Mon 16 Mar 2026 12:39:43 INFO  Running E-step ! 
Mon 16 Mar 2026 12:39:43 INFO  epoch 183 training [time: 0.16s, train_loss1: 2.0264, train_loss2: 0.0327, train_loss3: 0.0016]
Mon 16 Mar 2026 12:39:43 INFO  epoch 183 evaluating [time: 0.19s, valid_score: 0.345500]
Mon 16 Mar 2026 12:39:43 INFO  valid result: 
recall@1 : 0.1392    recall@2 : 0.2165    recall@3 : 0.2817    recall@4 : 0.3286    recall@5 : 0.363    recall@10 : 0.5057    recall@20 : 0.6471    recall@30 : 0.7168    recall@50 : 0.8115    ndcg@1 : 0.2253    ndcg@2 : 0.2418    ndcg@3 : 0.2652    ndcg@4 : 0.2821    ndcg@5 : 0.2941    ndcg@10 : 0.3455    ndcg@20 : 0.3875    ndcg@30 : 0.4064    ndcg@50 : 0.4289    precision@1 : 0.2253    precision@2 : 0.1797    precision@3 : 0.1617    precision@4 : 0.146    precision@5 : 0.1311    precision@10 : 0.0964    precision@20 : 0.0642    precision@30 : 0.0489    precision@50 : 0.0342    map@1 : 0.2253    map@2 : 0.2148    map@3 : 0.2221    map@4 : 0.2291    map@5 : 0.2344    map@10 : 0.2574    map@20 : 0.272    map@30 : 0.2776    map@50 : 0.283
Mon 16 Mar 2026 12:39:43 INFO  Running E-step ! 
Mon 16 Mar 2026 12:39:43 INFO  epoch 184 training [time: 0.19s, train_loss1: 2.0004, train_loss2: 0.0326, train_loss3: 0.0016]
Mon 16 Mar 2026 12:39:44 INFO  epoch 184 evaluating [time: 0.19s, valid_score: 0.345800]
Mon 16 Mar 2026 12:39:44 INFO  valid result: 
recall@1 : 0.1386    recall@2 : 0.2168    recall@3 : 0.2836    recall@4 : 0.329    recall@5 : 0.3611    recall@10 : 0.5067    recall@20 : 0.6468    recall@30 : 0.7168    recall@50 : 0.8115    ndcg@1 : 0.2247    ndcg@2 : 0.2421    ndcg@3 : 0.266    ndcg@4 : 0.2822    ndcg@5 : 0.2934    ndcg@10 : 0.3458    ndcg@20 : 0.3874    ndcg@30 : 0.4064    ndcg@50 : 0.4289    precision@1 : 0.2247    precision@2 : 0.1803    precision@3 : 0.1621    precision@4 : 0.1459    precision@5 : 0.1309    precision@10 : 0.0966    precision@20 : 0.0642    precision@30 : 0.0489    precision@50 : 0.0342    map@1 : 0.2247    map@2 : 0.215    map@3 : 0.2225    map@4 : 0.2291    map@5 : 0.2339    map@10 : 0.2575    map@20 : 0.2719    map@30 : 0.2776    map@50 : 0.283
Mon 16 Mar 2026 12:39:44 INFO  Running E-step ! 
Mon 16 Mar 2026 12:39:44 INFO  epoch 185 training [time: 0.17s, train_loss1: 1.9873, train_loss2: 0.0325, train_loss3: 0.0016]
Mon 16 Mar 2026 12:39:44 INFO  epoch 185 evaluating [time: 0.19s, valid_score: 0.345600]
Mon 16 Mar 2026 12:39:44 INFO  valid result: 
recall@1 : 0.1379    recall@2 : 0.2175    recall@3 : 0.2831    recall@4 : 0.3271    recall@5 : 0.3635    recall@10 : 0.5063    recall@20 : 0.6454    recall@30 : 0.717    recall@50 : 0.8124    ndcg@1 : 0.2247    ndcg@2 : 0.2423    ndcg@3 : 0.2657    ndcg@4 : 0.2812    ndcg@5 : 0.294    ndcg@10 : 0.3456    ndcg@20 : 0.3869    ndcg@30 : 0.4064    ndcg@50 : 0.4289    precision@1 : 0.2247    precision@2 : 0.1806    precision@3 : 0.1621    precision@4 : 0.1454    precision@5 : 0.1312    precision@10 : 0.0967    precision@20 : 0.0641    precision@30 : 0.049    precision@50 : 0.0343    map@1 : 0.2247    map@2 : 0.2151    map@3 : 0.2221    map@4 : 0.2285    map@5 : 0.2339    map@10 : 0.2572    map@20 : 0.2716    map@30 : 0.2774    map@50 : 0.2827
Mon 16 Mar 2026 12:39:44 INFO  Running E-step ! 
Mon 16 Mar 2026 12:39:44 INFO  epoch 186 training [time: 0.19s, train_loss1: 1.9819, train_loss2: 0.0324, train_loss3: 0.0016]
Mon 16 Mar 2026 12:39:44 INFO  epoch 186 evaluating [time: 0.20s, valid_score: 0.346200]
Mon 16 Mar 2026 12:39:44 INFO  valid result: 
recall@1 : 0.1376    recall@2 : 0.2201    recall@3 : 0.2829    recall@4 : 0.3261    recall@5 : 0.3648    recall@10 : 0.5076    recall@20 : 0.645    recall@30 : 0.7173    recall@50 : 0.8121    ndcg@1 : 0.2235    ndcg@2 : 0.244    ndcg@3 : 0.2656    ndcg@4 : 0.2808    ndcg@5 : 0.2946    ndcg@10 : 0.3462    ndcg@20 : 0.3871    ndcg@30 : 0.4067    ndcg@50 : 0.4291    precision@1 : 0.2235    precision@2 : 0.1824    precision@3 : 0.1617    precision@4 : 0.1448    precision@5 : 0.1316    precision@10 : 0.0969    precision@20 : 0.0641    precision@30 : 0.049    precision@50 : 0.0343    map@1 : 0.2235    map@2 : 0.2165    map@3 : 0.2223    map@4 : 0.2282    map@5 : 0.2344    map@10 : 0.2577    map@20 : 0.2719    map@30 : 0.2777    map@50 : 0.2831
Mon 16 Mar 2026 12:39:44 INFO  Running E-step ! 
Mon 16 Mar 2026 12:39:45 INFO  epoch 187 training [time: 0.18s, train_loss1: 1.9734, train_loss2: 0.0324, train_loss3: 0.0016]
Mon 16 Mar 2026 12:39:45 INFO  epoch 187 evaluating [time: 0.19s, valid_score: 0.346900]
Mon 16 Mar 2026 12:39:45 INFO  valid result: 
recall@1 : 0.139    recall@2 : 0.2203    recall@3 : 0.2832    recall@4 : 0.3268    recall@5 : 0.366    recall@10 : 0.5076    recall@20 : 0.6436    recall@30 : 0.7179    recall@50 : 0.8115    ndcg@1 : 0.2253    ndcg@2 : 0.2449    ndcg@3 : 0.2664    ndcg@4 : 0.2818    ndcg@5 : 0.2958    ndcg@10 : 0.3469    ndcg@20 : 0.3874    ndcg@30 : 0.4074    ndcg@50 : 0.4296    precision@1 : 0.2253    precision@2 : 0.1827    precision@3 : 0.1619    precision@4 : 0.1453    precision@5 : 0.1319    precision@10 : 0.0971    precision@20 : 0.064    precision@30 : 0.0491    precision@50 : 0.0343    map@1 : 0.2253    map@2 : 0.2174    map@3 : 0.2232    map@4 : 0.2293    map@5 : 0.2355    map@10 : 0.2585    map@20 : 0.2727    map@30 : 0.2786    map@50 : 0.2839
Mon 16 Mar 2026 12:39:45 INFO  Running E-step ! 
Mon 16 Mar 2026 12:39:45 INFO  epoch 188 training [time: 0.18s, train_loss1: 1.9500, train_loss2: 0.0323, train_loss3: 0.0016]
Mon 16 Mar 2026 12:39:45 INFO  epoch 188 evaluating [time: 0.19s, valid_score: 0.347100]
Mon 16 Mar 2026 12:39:45 INFO  valid result: 
recall@1 : 0.1383    recall@2 : 0.2193    recall@3 : 0.283    recall@4 : 0.3274    recall@5 : 0.367    recall@10 : 0.5093    recall@20 : 0.6437    recall@30 : 0.7174    recall@50 : 0.8109    ndcg@1 : 0.2247    ndcg@2 : 0.2435    ndcg@3 : 0.2658    ndcg@4 : 0.2818    ndcg@5 : 0.2959    ndcg@10 : 0.3471    ndcg@20 : 0.3872    ndcg@30 : 0.4071    ndcg@50 : 0.4292    precision@1 : 0.2247    precision@2 : 0.1812    precision@3 : 0.1617    precision@4 : 0.1459    precision@5 : 0.1323    precision@10 : 0.0973    precision@20 : 0.0641    precision@30 : 0.0491    precision@50 : 0.0343    map@1 : 0.2247    map@2 : 0.2162    map@3 : 0.2226    map@4 : 0.2291    map@5 : 0.2353    map@10 : 0.2583    map@20 : 0.2723    map@30 : 0.2782    map@50 : 0.2835
Mon 16 Mar 2026 12:39:45 INFO  Finished training, best eval result in epoch 177
Mon 16 Mar 2026 12:50:35 INFO  
General Hyper Parameters:
gpu_id = 0
use_gpu = True
seed = 2020
state = INFO
reproducibility = True
data_path = ./travel
checkpoint_dir = saved
show_progress = True
save_dataset = False
dataset_save_path = None
save_dataloaders = False
dataloaders_save_path = None
log_wandb = False

Training Hyper Parameters:
epochs = 1000
train_batch_size = 4096
learner = adam
learning_rate = 0.001
train_neg_sample_args = {'distribution': 'uniform', 'sample_num': 1, 'alpha': 1.0, 'dynamic': False, 'candidate_num': 0}
eval_step = 1
stopping_step = 10
clip_grad_norm = None
weight_decay = 0.0
loss_decimal_place = 4

Evaluation Hyper Parameters:
eval_args = {'split': {'RS': [0.8, 0.1, 0.1]}, 'order': 'RO', 'group_by': 'user', 'mode': {'valid': 'full', 'test': 'full'}}
repeatable = False
metrics = ['Recall', 'NDCG', 'Precision', 'MAP']
topk = [1, 2, 3, 4, 5, 10, 20, 30, 50]
valid_metric = NDCG@10
valid_metric_bigger = True
eval_batch_size = 4096
metric_decimal_place = 4

Dataset Hyper Parameters:
field_separator = 	
seq_separator =  
USER_ID_FIELD = user_id
ITEM_ID_FIELD = item_id
RATING_FIELD = rating
TIME_FIELD = timestamp
seq_len = None
LABEL_FIELD = label
threshold = None
NEG_PREFIX = neg_
load_col = {'inter': ['user_id', 'item_id', 'rating'], 'user': ['user_id', 'post_num', 'follower', 'following', 'timestamp']}
unload_col = None
unused_col = None
additional_feat_suffix = None
rm_dup_inter = None
val_interval = {'rating': '[0,inf)'}
filter_inter_by_user_or_item = True
user_inter_num_interval = [0,inf)
item_inter_num_interval = [0,inf)
alias_of_user_id = None
alias_of_item_id = None
alias_of_entity_id = None
alias_of_relation_id = None
preload_weight = None
normalize_field = None
normalize_all = None
ITEM_LIST_LENGTH_FIELD = item_length
LIST_SUFFIX = _list
MAX_ITEM_LIST_LENGTH = 50
POSITION_FIELD = position_id
HEAD_ENTITY_ID_FIELD = head_id
TAIL_ENTITY_ID_FIELD = tail_id
RELATION_ID_FIELD = relation_id
ENTITY_ID_FIELD = entity_id
benchmark_filename = None

Other Hyper Parameters: 
worker = 0
wandb_project = recbole
shuffle = True
require_pow = False
enable_amp = False
enable_scaler = False
transform = None
embedding_size = 64
n_layers = 3
reg_weight = 0.0001
ssl_temp = 0.1
ssl_reg = 1e-07
hyper_layers = 1
alpha = 1
proto_reg = 8e-08
num_clusters = 10
m_step = 1
warm_up_step = 20
numerical_features = []
discretization = None
kg_reverse_r = False
entity_kg_num_interval = [0,inf)
relation_kg_num_interval = [0,inf)
MODEL_TYPE = ModelType.GENERAL
stoping_step = 20
MODEL_INPUT_TYPE = InputType.PAIRWISE
eval_type = EvaluatorType.RANKING
single_spec = True
local_rank = 0
device = cuda
valid_neg_sample_args = {'distribution': 'uniform', 'sample_num': 'none'}
test_neg_sample_args = {'distribution': 'uniform', 'sample_num': 'none'}


Mon 16 Mar 2026 12:50:35 INFO  travel
The number of users: 2010
Average actions of users: 18.721254355400696
The number of items: 247
Average actions of items: 152.890243902439
The number of inters: 37611
The sparsity of the dataset: 92.42431566862047%
Remain Fields: ['user_id', 'item_id', 'rating', 'post_num', 'follower', 'following', 'timestamp']
Mon 16 Mar 2026 12:50:35 INFO  [Training]: train_batch_size = [4096] train_neg_sample_args: [{'distribution': 'uniform', 'sample_num': 1, 'alpha': 1.0, 'dynamic': False, 'candidate_num': 0}]
Mon 16 Mar 2026 12:50:35 INFO  [Evaluation]: eval_batch_size = [4096] eval_args: [{'split': {'RS': [0.8, 0.1, 0.1]}, 'order': 'RO', 'group_by': 'user', 'mode': {'valid': 'full', 'test': 'full'}}]
Mon 16 Mar 2026 12:50:37 INFO  Running E-step ! 
Mon 16 Mar 2026 12:50:38 INFO  epoch 0 training [time: 0.17s, train_loss1: 5.5430, train_loss2: 0.0196]
Mon 16 Mar 2026 12:50:38 INFO  epoch 0 evaluating [time: 0.11s, valid_score: 0.028900]
Mon 16 Mar 2026 12:50:38 INFO  valid result: 
recall@1 : 0.0054    recall@2 : 0.0109    recall@3 : 0.0209    recall@4 : 0.0251    recall@5 : 0.0275    recall@10 : 0.0489    recall@20 : 0.1102    recall@30 : 0.1567    recall@50 : 0.2445    ndcg@1 : 0.0143    ndcg@2 : 0.0149    ndcg@3 : 0.0191    ndcg@4 : 0.0204    ndcg@5 : 0.0213    ndcg@10 : 0.0289    ndcg@20 : 0.0469    ndcg@30 : 0.0594    ndcg@50 : 0.0791    precision@1 : 0.0143    precision@2 : 0.0131    precision@3 : 0.0143    precision@4 : 0.0131    precision@5 : 0.0122    precision@10 : 0.0111    precision@20 : 0.0125    precision@30 : 0.0123    precision@50 : 0.0112    map@1 : 0.0143    map@2 : 0.0119    map@3 : 0.0138    map@4 : 0.014    map@5 : 0.014    map@10 : 0.0164    map@20 : 0.0207    map@30 : 0.023    map@50 : 0.0258
Mon 16 Mar 2026 12:50:38 INFO  Saving current: saved/NCL-Mar-16-2026_12-50-37.pth
Mon 16 Mar 2026 12:50:38 INFO  Saving current best: saved/NCL-Mar-16-2026_12-50-37.pth
Mon 16 Mar 2026 12:50:38 INFO  Running E-step ! 
Mon 16 Mar 2026 12:50:38 INFO  epoch 1 training [time: 0.16s, train_loss1: 5.5426, train_loss2: 0.0149]
Mon 16 Mar 2026 12:50:38 INFO  epoch 1 evaluating [time: 0.11s, valid_score: 0.032400]
Mon 16 Mar 2026 12:50:38 INFO  valid result: 
recall@1 : 0.0069    recall@2 : 0.0142    recall@3 : 0.0211    recall@4 : 0.0262    recall@5 : 0.0289    recall@10 : 0.0548    recall@20 : 0.1127    recall@30 : 0.1617    recall@50 : 0.2455    ndcg@1 : 0.0173    ndcg@2 : 0.0175    ndcg@3 : 0.0206    ndcg@4 : 0.0225    ndcg@5 : 0.0232    ndcg@10 : 0.0324    ndcg@20 : 0.0496    ndcg@30 : 0.0624    ndcg@50 : 0.0815    precision@1 : 0.0173    precision@2 : 0.0143    precision@3 : 0.0149    precision@4 : 0.0143    precision@5 : 0.0128    precision@10 : 0.0123    precision@20 : 0.0128    precision@30 : 0.0124    precision@50 : 0.0113    map@1 : 0.0173    map@2 : 0.0145    map@3 : 0.0151    map@4 : 0.0157    map@5 : 0.0158    map@10 : 0.0187    map@20 : 0.0228    map@30 : 0.0252    map@50 : 0.0279
Mon 16 Mar 2026 12:50:38 INFO  Saving current: saved/NCL-Mar-16-2026_12-50-37.pth
Mon 16 Mar 2026 12:50:38 INFO  Saving current best: saved/NCL-Mar-16-2026_12-50-37.pth
Mon 16 Mar 2026 12:50:38 INFO  Running E-step ! 
Mon 16 Mar 2026 12:50:38 INFO  epoch 2 training [time: 0.16s, train_loss1: 5.5420, train_loss2: 0.0128]
Mon 16 Mar 2026 12:50:38 INFO  epoch 2 evaluating [time: 0.11s, valid_score: 0.033100]
Mon 16 Mar 2026 12:50:38 INFO  valid result: 
recall@1 : 0.0072    recall@2 : 0.0142    recall@3 : 0.0217    recall@4 : 0.0264    recall@5 : 0.0306    recall@10 : 0.0558    recall@20 : 0.114    recall@30 : 0.1625    recall@50 : 0.2526    ndcg@1 : 0.0167    ndcg@2 : 0.0179    ndcg@3 : 0.0215    ndcg@4 : 0.0229    ndcg@5 : 0.0243    ndcg@10 : 0.0331    ndcg@20 : 0.0502    ndcg@30 : 0.0631    ndcg@50 : 0.0834    precision@1 : 0.0167    precision@2 : 0.0149    precision@3 : 0.0161    precision@4 : 0.0145    precision@5 : 0.0136    precision@10 : 0.0127    precision@20 : 0.0127    precision@30 : 0.0124    precision@50 : 0.0115    map@1 : 0.0167    map@2 : 0.0147    map@3 : 0.0157    map@4 : 0.0161    map@5 : 0.0164    map@10 : 0.0191    map@20 : 0.0233    map@30 : 0.0257    map@50 : 0.0286
Mon 16 Mar 2026 12:50:38 INFO  Saving current: saved/NCL-Mar-16-2026_12-50-37.pth
Mon 16 Mar 2026 12:50:38 INFO  Saving current best: saved/NCL-Mar-16-2026_12-50-37.pth
Mon 16 Mar 2026 12:50:38 INFO  Running E-step ! 
Mon 16 Mar 2026 12:50:38 INFO  epoch 3 training [time: 0.16s, train_loss1: 5.5415, train_loss2: 0.0111]
Mon 16 Mar 2026 12:50:39 INFO  epoch 3 evaluating [time: 0.11s, valid_score: 0.034600]
Mon 16 Mar 2026 12:50:39 INFO  valid result: 
recall@1 : 0.0068    recall@2 : 0.0134    recall@3 : 0.0225    recall@4 : 0.0269    recall@5 : 0.0301    recall@10 : 0.0603    recall@20 : 0.119    recall@30 : 0.1649    recall@50 : 0.2513    ndcg@1 : 0.0173    ndcg@2 : 0.0181    ndcg@3 : 0.022    ndcg@4 : 0.0233    ndcg@5 : 0.0241    ndcg@10 : 0.0346    ndcg@20 : 0.0519    ndcg@30 : 0.064    ndcg@50 : 0.0838    precision@1 : 0.0173    precision@2 : 0.0152    precision@3 : 0.0167    precision@4 : 0.015    precision@5 : 0.0136    precision@10 : 0.0132    precision@20 : 0.0133    precision@30 : 0.0126    precision@50 : 0.0116    map@1 : 0.0173    map@2 : 0.0149    map@3 : 0.016    map@4 : 0.0161    map@5 : 0.0162    map@10 : 0.0195    map@20 : 0.0237    map@30 : 0.026    map@50 : 0.0288
Mon 16 Mar 2026 12:50:39 INFO  Saving current: saved/NCL-Mar-16-2026_12-50-37.pth
Mon 16 Mar 2026 12:50:39 INFO  Saving current best: saved/NCL-Mar-16-2026_12-50-37.pth
Mon 16 Mar 2026 12:50:39 INFO  Running E-step ! 
Mon 16 Mar 2026 12:50:39 INFO  epoch 4 training [time: 0.15s, train_loss1: 5.5408, train_loss2: 0.0097]
Mon 16 Mar 2026 12:50:39 INFO  epoch 4 evaluating [time: 0.11s, valid_score: 0.035800]
Mon 16 Mar 2026 12:50:39 INFO  valid result: 
recall@1 : 0.0081    recall@2 : 0.014    recall@3 : 0.0223    recall@4 : 0.0258    recall@5 : 0.0327    recall@10 : 0.061    recall@20 : 0.1219    recall@30 : 0.1672    recall@50 : 0.2493    ndcg@1 : 0.0203    ndcg@2 : 0.0193    ndcg@3 : 0.0226    ndcg@4 : 0.0239    ndcg@5 : 0.0262    ndcg@10 : 0.0358    ndcg@20 : 0.0537    ndcg@30 : 0.0655    ndcg@50 : 0.0846    precision@1 : 0.0203    precision@2 : 0.0158    precision@3 : 0.0165    precision@4 : 0.0155    precision@5 : 0.0149    precision@10 : 0.0136    precision@20 : 0.0137    precision@30 : 0.0127    precision@50 : 0.0116    map@1 : 0.0203    map@2 : 0.0161    map@3 : 0.0168    map@4 : 0.0168    map@5 : 0.0176    map@10 : 0.0205    map@20 : 0.0248    map@30 : 0.027    map@50 : 0.0298
Mon 16 Mar 2026 12:50:39 INFO  Saving current: saved/NCL-Mar-16-2026_12-50-37.pth
Mon 16 Mar 2026 12:50:39 INFO  Saving current best: saved/NCL-Mar-16-2026_12-50-37.pth
Mon 16 Mar 2026 12:50:39 INFO  Running E-step ! 
Mon 16 Mar 2026 12:50:39 INFO  epoch 5 training [time: 0.16s, train_loss1: 5.5401, train_loss2: 0.0087]
Mon 16 Mar 2026 12:50:39 INFO  epoch 5 evaluating [time: 0.11s, valid_score: 0.038400]
Mon 16 Mar 2026 12:50:39 INFO  valid result: 
recall@1 : 0.0096    recall@2 : 0.0154    recall@3 : 0.0243    recall@4 : 0.0285    recall@5 : 0.035    recall@10 : 0.0636    recall@20 : 0.1238    recall@30 : 0.1751    recall@50 : 0.2561    ndcg@1 : 0.0238    ndcg@2 : 0.0223    ndcg@3 : 0.0249    ndcg@4 : 0.0262    ndcg@5 : 0.0284    ndcg@10 : 0.0384    ndcg@20 : 0.0565    ndcg@30 : 0.0696    ndcg@50 : 0.0885    precision@1 : 0.0238    precision@2 : 0.0185    precision@3 : 0.0175    precision@4 : 0.0162    precision@5 : 0.0155    precision@10 : 0.0144    precision@20 : 0.0142    precision@30 : 0.0132    precision@50 : 0.012    map@1 : 0.0238    map@2 : 0.0186    map@3 : 0.0187    map@4 : 0.0187    map@5 : 0.0194    map@10 : 0.0225    map@20 : 0.0269    map@30 : 0.0294    map@50 : 0.0322
Mon 16 Mar 2026 12:50:39 INFO  Saving current: saved/NCL-Mar-16-2026_12-50-37.pth
Mon 16 Mar 2026 12:50:39 INFO  Saving current best: saved/NCL-Mar-16-2026_12-50-37.pth
Mon 16 Mar 2026 12:50:39 INFO  Running E-step ! 
Mon 16 Mar 2026 12:50:39 INFO  epoch 6 training [time: 0.16s, train_loss1: 5.5390, train_loss2: 0.0078]
Mon 16 Mar 2026 12:50:39 INFO  epoch 6 evaluating [time: 0.12s, valid_score: 0.042900]
Mon 16 Mar 2026 12:50:40 INFO  valid result: 
recall@1 : 0.0121    recall@2 : 0.0195    recall@3 : 0.0268    recall@4 : 0.0318    recall@5 : 0.0371    recall@10 : 0.07    recall@20 : 0.1231    recall@30 : 0.1765    recall@50 : 0.2634    ndcg@1 : 0.0262    ndcg@2 : 0.0256    ndcg@3 : 0.0283    ndcg@4 : 0.0296    ndcg@5 : 0.0313    ndcg@10 : 0.0429    ndcg@20 : 0.0591    ndcg@30 : 0.0728    ndcg@50 : 0.093    precision@1 : 0.0262    precision@2 : 0.0206    precision@3 : 0.0199    precision@4 : 0.0176    precision@5 : 0.0166    precision@10 : 0.0158    precision@20 : 0.0145    precision@30 : 0.0136    precision@50 : 0.0124    map@1 : 0.0262    map@2 : 0.0218    map@3 : 0.0217    map@4 : 0.0218    map@5 : 0.0222    map@10 : 0.0259    map@20 : 0.0298    map@30 : 0.0325    map@50 : 0.0355
Mon 16 Mar 2026 12:50:40 INFO  Saving current: saved/NCL-Mar-16-2026_12-50-37.pth
Mon 16 Mar 2026 12:50:40 INFO  Saving current best: saved/NCL-Mar-16-2026_12-50-37.pth
Mon 16 Mar 2026 12:50:40 INFO  Running E-step ! 
Mon 16 Mar 2026 12:50:40 INFO  epoch 7 training [time: 0.16s, train_loss1: 5.5380, train_loss2: 0.0071]
Mon 16 Mar 2026 12:50:40 INFO  epoch 7 evaluating [time: 0.12s, valid_score: 0.046800]
Mon 16 Mar 2026 12:50:40 INFO  valid result: 
recall@1 : 0.0132    recall@2 : 0.0204    recall@3 : 0.0271    recall@4 : 0.0335    recall@5 : 0.04    recall@10 : 0.078    recall@20 : 0.1309    recall@30 : 0.1809    recall@50 : 0.2648    ndcg@1 : 0.0286    ndcg@2 : 0.0274    ndcg@3 : 0.0291    ndcg@4 : 0.0313    ndcg@5 : 0.0335    ndcg@10 : 0.0468    ndcg@20 : 0.063    ndcg@30 : 0.076    ndcg@50 : 0.0956    precision@1 : 0.0286    precision@2 : 0.0221    precision@3 : 0.0201    precision@4 : 0.0186    precision@5 : 0.0178    precision@10 : 0.0174    precision@20 : 0.0154    precision@30 : 0.0142    precision@50 : 0.0127    map@1 : 0.0286    map@2 : 0.0232    map@3 : 0.0224    map@4 : 0.0231    map@5 : 0.0236    map@10 : 0.0279    map@20 : 0.0318    map@30 : 0.0343    map@50 : 0.0373
Mon 16 Mar 2026 12:50:40 INFO  Saving current: saved/NCL-Mar-16-2026_12-50-37.pth
Mon 16 Mar 2026 12:50:40 INFO  Saving current best: saved/NCL-Mar-16-2026_12-50-37.pth
Mon 16 Mar 2026 12:50:40 INFO  Running E-step ! 
Mon 16 Mar 2026 12:50:40 INFO  epoch 8 training [time: 0.16s, train_loss1: 5.5364, train_loss2: 0.0065]
Mon 16 Mar 2026 12:50:40 INFO  epoch 8 evaluating [time: 0.12s, valid_score: 0.051400]
Mon 16 Mar 2026 12:50:40 INFO  valid result: 
recall@1 : 0.0127    recall@2 : 0.0245    recall@3 : 0.0294    recall@4 : 0.0352    recall@5 : 0.0439    recall@10 : 0.0872    recall@20 : 0.1361    recall@30 : 0.1915    recall@50 : 0.2749    ndcg@1 : 0.028    ndcg@2 : 0.0309    ndcg@3 : 0.031    ndcg@4 : 0.0331    ndcg@5 : 0.0362    ndcg@10 : 0.0514    ndcg@20 : 0.0668    ndcg@30 : 0.0808    ndcg@50 : 0.1005    precision@1 : 0.028    precision@2 : 0.0259    precision@3 : 0.0215    precision@4 : 0.0201    precision@5 : 0.0197    precision@10 : 0.0191    precision@20 : 0.0164    precision@30 : 0.0148    precision@50 : 0.0132    map@1 : 0.028    map@2 : 0.0256    map@3 : 0.0239    map@4 : 0.0243    map@5 : 0.0253    map@10 : 0.0304    map@20 : 0.034    map@30 : 0.0368    map@50 : 0.0399
Mon 16 Mar 2026 12:50:40 INFO  Saving current: saved/NCL-Mar-16-2026_12-50-37.pth
Mon 16 Mar 2026 12:50:40 INFO  Saving current best: saved/NCL-Mar-16-2026_12-50-37.pth
Mon 16 Mar 2026 12:50:40 INFO  Running E-step ! 
Mon 16 Mar 2026 12:50:40 INFO  epoch 9 training [time: 0.15s, train_loss1: 5.5349, train_loss2: 0.0061]
Mon 16 Mar 2026 12:50:40 INFO  epoch 9 evaluating [time: 0.11s, valid_score: 0.057200]
Mon 16 Mar 2026 12:50:40 INFO  valid result: 
recall@1 : 0.0146    recall@2 : 0.0274    recall@3 : 0.0337    recall@4 : 0.0436    recall@5 : 0.0513    recall@10 : 0.0945    recall@20 : 0.1463    recall@30 : 0.1997    recall@50 : 0.2835    ndcg@1 : 0.031    ndcg@2 : 0.0351    ndcg@3 : 0.0353    ndcg@4 : 0.0391    ndcg@5 : 0.0419    ndcg@10 : 0.0572    ndcg@20 : 0.0731    ndcg@30 : 0.087    ndcg@50 : 0.1068    precision@1 : 0.031    precision@2 : 0.0298    precision@3 : 0.0248    precision@4 : 0.024    precision@5 : 0.0228    precision@10 : 0.0211    precision@20 : 0.0174    precision@30 : 0.0157    precision@50 : 0.0137    map@1 : 0.031    map@2 : 0.0292    map@3 : 0.0272    map@4 : 0.0285    map@5 : 0.0293    map@10 : 0.0344    map@20 : 0.0382    map@30 : 0.041    map@50 : 0.0442
Mon 16 Mar 2026 12:50:40 INFO  Saving current: saved/NCL-Mar-16-2026_12-50-37.pth
Mon 16 Mar 2026 12:50:40 INFO  Saving current best: saved/NCL-Mar-16-2026_12-50-37.pth
Mon 16 Mar 2026 12:50:40 INFO  Running E-step ! 
Mon 16 Mar 2026 12:50:41 INFO  epoch 10 training [time: 0.16s, train_loss1: 5.5328, train_loss2: 0.0058]
Mon 16 Mar 2026 12:50:41 INFO  epoch 10 evaluating [time: 0.11s, valid_score: 0.063600]
Mon 16 Mar 2026 12:50:41 INFO  valid result: 
recall@1 : 0.0154    recall@2 : 0.0328    recall@3 : 0.0418    recall@4 : 0.0493    recall@5 : 0.0587    recall@10 : 0.1043    recall@20 : 0.1607    recall@30 : 0.2106    recall@50 : 0.2974    ndcg@1 : 0.0322    ndcg@2 : 0.0406    ndcg@3 : 0.0414    ndcg@4 : 0.0443    ndcg@5 : 0.0478    ndcg@10 : 0.0636    ndcg@20 : 0.0812    ndcg@30 : 0.0944    ndcg@50 : 0.1148    precision@1 : 0.0322    precision@2 : 0.0355    precision@3 : 0.0294    precision@4 : 0.0274    precision@5 : 0.0263    precision@10 : 0.0232    precision@20 : 0.0192    precision@30 : 0.0168    precision@50 : 0.0145    map@1 : 0.0322    map@2 : 0.0334    map@3 : 0.0317    map@4 : 0.0324    map@5 : 0.0336    map@10 : 0.0386    map@20 : 0.043    map@30 : 0.0458    map@50 : 0.0491
Mon 16 Mar 2026 12:50:41 INFO  Saving current: saved/NCL-Mar-16-2026_12-50-37.pth
Mon 16 Mar 2026 12:50:41 INFO  Saving current best: saved/NCL-Mar-16-2026_12-50-37.pth
Mon 16 Mar 2026 12:50:41 INFO  Running E-step ! 
Mon 16 Mar 2026 12:50:41 INFO  epoch 11 training [time: 0.15s, train_loss1: 5.5305, train_loss2: 0.0057]
Mon 16 Mar 2026 12:50:41 INFO  epoch 11 evaluating [time: 0.11s, valid_score: 0.071000]
Mon 16 Mar 2026 12:50:41 INFO  valid result: 
recall@1 : 0.0194    recall@2 : 0.0361    recall@3 : 0.0488    recall@4 : 0.0572    recall@5 : 0.0657    recall@10 : 0.1123    recall@20 : 0.1791    recall@30 : 0.2284    recall@50 : 0.3113    ndcg@1 : 0.0411    ndcg@2 : 0.0461    ndcg@3 : 0.0493    ndcg@4 : 0.052    ndcg@5 : 0.055    ndcg@10 : 0.071    ndcg@20 : 0.0917    ndcg@30 : 0.105    ndcg@50 : 0.1246    precision@1 : 0.0411    precision@2 : 0.039    precision@3 : 0.0352    precision@4 : 0.0319    precision@5 : 0.0303    precision@10 : 0.0251    precision@20 : 0.0214    precision@30 : 0.0185    precision@50 : 0.0153    map@1 : 0.0411    map@2 : 0.0389    map@3 : 0.038    map@4 : 0.0382    map@5 : 0.039    map@10 : 0.0441    map@20 : 0.0495    map@30 : 0.0524    map@50 : 0.0558
Mon 16 Mar 2026 12:50:41 INFO  Saving current: saved/NCL-Mar-16-2026_12-50-37.pth
Mon 16 Mar 2026 12:50:41 INFO  Saving current best: saved/NCL-Mar-16-2026_12-50-37.pth
Mon 16 Mar 2026 12:50:41 INFO  Running E-step ! 
Mon 16 Mar 2026 12:50:41 INFO  epoch 12 training [time: 0.15s, train_loss1: 5.5272, train_loss2: 0.0058]
Mon 16 Mar 2026 12:50:41 INFO  epoch 12 evaluating [time: 0.11s, valid_score: 0.084700]
Mon 16 Mar 2026 12:50:41 INFO  valid result: 
recall@1 : 0.0258    recall@2 : 0.0445    recall@3 : 0.0574    recall@4 : 0.0676    recall@5 : 0.0787    recall@10 : 0.1306    recall@20 : 0.1949    recall@30 : 0.2577    recall@50 : 0.3369    ndcg@1 : 0.0513    ndcg@2 : 0.0563    ndcg@3 : 0.0596    ndcg@4 : 0.0627    ndcg@5 : 0.0668    ndcg@10 : 0.0847    ndcg@20 : 0.1046    ndcg@30 : 0.1212    ndcg@50 : 0.14    precision@1 : 0.0513    precision@2 : 0.0465    precision@3 : 0.0421    precision@4 : 0.0381    precision@5 : 0.0362    precision@10 : 0.0296    precision@20 : 0.0234    precision@30 : 0.0207    precision@50 : 0.0166    map@1 : 0.0513    map@2 : 0.048    map@3 : 0.0466    map@4 : 0.0468    map@5 : 0.0479    map@10 : 0.054    map@20 : 0.0593    map@30 : 0.0631    map@50 : 0.0664
Mon 16 Mar 2026 12:50:41 INFO  Saving current: saved/NCL-Mar-16-2026_12-50-37.pth
Mon 16 Mar 2026 12:50:41 INFO  Saving current best: saved/NCL-Mar-16-2026_12-50-37.pth
Mon 16 Mar 2026 12:50:41 INFO  Running E-step ! 
Mon 16 Mar 2026 12:50:42 INFO  epoch 13 training [time: 0.17s, train_loss1: 5.5232, train_loss2: 0.0062]
Mon 16 Mar 2026 12:50:42 INFO  epoch 13 evaluating [time: 0.11s, valid_score: 0.099400]
Mon 16 Mar 2026 12:50:42 INFO  valid result: 
recall@1 : 0.0324    recall@2 : 0.0551    recall@3 : 0.0667    recall@4 : 0.0809    recall@5 : 0.0923    recall@10 : 0.1479    recall@20 : 0.2256    recall@30 : 0.2831    recall@50 : 0.3735    ndcg@1 : 0.0644    ndcg@2 : 0.0689    ndcg@3 : 0.0709    ndcg@4 : 0.0757    ndcg@5 : 0.0791    ndcg@10 : 0.0994    ndcg@20 : 0.1228    ndcg@30 : 0.1385    ndcg@50 : 0.1595    precision@1 : 0.0644    precision@2 : 0.0566    precision@3 : 0.0495    precision@4 : 0.0459    precision@5 : 0.0415    precision@10 : 0.0344    precision@20 : 0.0269    precision@30 : 0.0231    precision@50 : 0.0182    map@1 : 0.0644    map@2 : 0.0583    map@3 : 0.0559    map@4 : 0.0568    map@5 : 0.0577    map@10 : 0.0649    map@20 : 0.0715    map@30 : 0.0752    map@50 : 0.079
Mon 16 Mar 2026 12:50:42 INFO  Saving current: saved/NCL-Mar-16-2026_12-50-37.pth
Mon 16 Mar 2026 12:50:42 INFO  Saving current best: saved/NCL-Mar-16-2026_12-50-37.pth
Mon 16 Mar 2026 12:50:42 INFO  Running E-step ! 
Mon 16 Mar 2026 12:50:42 INFO  epoch 14 training [time: 0.15s, train_loss1: 5.5179, train_loss2: 0.0070]
Mon 16 Mar 2026 12:50:42 INFO  epoch 14 evaluating [time: 0.11s, valid_score: 0.116800]
Mon 16 Mar 2026 12:50:42 INFO  valid result: 
recall@1 : 0.039    recall@2 : 0.0653    recall@3 : 0.0868    recall@4 : 0.0996    recall@5 : 0.1118    recall@10 : 0.168    recall@20 : 0.2531    recall@30 : 0.3253    recall@50 : 0.4128    ndcg@1 : 0.0787    ndcg@2 : 0.0833    ndcg@3 : 0.0889    ndcg@4 : 0.0921    ndcg@5 : 0.0963    ndcg@10 : 0.1168    ndcg@20 : 0.1426    ndcg@30 : 0.1619    ndcg@50 : 0.1822    precision@1 : 0.0787    precision@2 : 0.0691    precision@3 : 0.0628    precision@4 : 0.0551    precision@5 : 0.0508    precision@10 : 0.0398    precision@20 : 0.0305    precision@30 : 0.0264    precision@50 : 0.02    map@1 : 0.0787    map@2 : 0.0708    map@3 : 0.07    map@4 : 0.0699    map@5 : 0.071    map@10 : 0.0784    map@20 : 0.0859    map@30 : 0.0907    map@50 : 0.0945
Mon 16 Mar 2026 12:50:42 INFO  Saving current: saved/NCL-Mar-16-2026_12-50-37.pth
Mon 16 Mar 2026 12:50:42 INFO  Saving current best: saved/NCL-Mar-16-2026_12-50-37.pth
Mon 16 Mar 2026 12:50:42 INFO  Running E-step ! 
Mon 16 Mar 2026 12:50:42 INFO  epoch 15 training [time: 0.16s, train_loss1: 5.5104, train_loss2: 0.0084]
Mon 16 Mar 2026 12:50:42 INFO  epoch 15 evaluating [time: 0.11s, valid_score: 0.137400]
Mon 16 Mar 2026 12:50:42 INFO  valid result: 
recall@1 : 0.0462    recall@2 : 0.0765    recall@3 : 0.1028    recall@4 : 0.1147    recall@5 : 0.1319    recall@10 : 0.198    recall@20 : 0.2949    recall@30 : 0.365    recall@50 : 0.4692    ndcg@1 : 0.0912    ndcg@2 : 0.0976    ndcg@3 : 0.1044    ndcg@4 : 0.1073    ndcg@5 : 0.1135    ndcg@10 : 0.1374    ndcg@20 : 0.1672    ndcg@30 : 0.1857    ndcg@50 : 0.21    precision@1 : 0.0912    precision@2 : 0.0816    precision@3 : 0.0737    precision@4 : 0.0651    precision@5 : 0.0607    precision@10 : 0.0464    precision@20 : 0.0354    precision@30 : 0.0293    precision@50 : 0.0227    map@1 : 0.0912    map@2 : 0.0831    map@3 : 0.0823    map@4 : 0.0817    map@5 : 0.084    map@10 : 0.0934    map@20 : 0.1027    map@30 : 0.1073    map@50 : 0.1121
Mon 16 Mar 2026 12:50:42 INFO  Saving current: saved/NCL-Mar-16-2026_12-50-37.pth
Mon 16 Mar 2026 12:50:42 INFO  Saving current best: saved/NCL-Mar-16-2026_12-50-37.pth
Mon 16 Mar 2026 12:50:42 INFO  Running E-step ! 
Mon 16 Mar 2026 12:50:42 INFO  epoch 16 training [time: 0.16s, train_loss1: 5.4994, train_loss2: 0.0106]
Mon 16 Mar 2026 12:50:43 INFO  epoch 16 evaluating [time: 0.11s, valid_score: 0.166600]
Mon 16 Mar 2026 12:50:43 INFO  valid result: 
recall@1 : 0.054    recall@2 : 0.0932    recall@3 : 0.1214    recall@4 : 0.1448    recall@5 : 0.1636    recall@10 : 0.242    recall@20 : 0.3493    recall@30 : 0.4368    recall@50 : 0.5414    ndcg@1 : 0.1061    ndcg@2 : 0.117    ndcg@3 : 0.1231    ndcg@4 : 0.1311    ndcg@5 : 0.1374    ndcg@10 : 0.1666    ndcg@20 : 0.1991    ndcg@30 : 0.222    ndcg@50 : 0.2462    precision@1 : 0.1061    precision@2 : 0.0989    precision@3 : 0.0864    precision@4 : 0.0797    precision@5 : 0.0727    precision@10 : 0.0566    precision@20 : 0.0413    precision@30 : 0.0344    precision@50 : 0.0257    map@1 : 0.1061    map@2 : 0.0992    map@3 : 0.0978    map@4 : 0.0999    map@5 : 0.1023    map@10 : 0.1144    map@20 : 0.1248    map@30 : 0.1307    map@50 : 0.1356
Mon 16 Mar 2026 12:50:43 INFO  Saving current: saved/NCL-Mar-16-2026_12-50-37.pth
Mon 16 Mar 2026 12:50:43 INFO  Saving current best: saved/NCL-Mar-16-2026_12-50-37.pth
Mon 16 Mar 2026 12:50:43 INFO  Running E-step ! 
Mon 16 Mar 2026 12:50:43 INFO  epoch 17 training [time: 0.14s, train_loss1: 5.4819, train_loss2: 0.0142]
Mon 16 Mar 2026 12:50:43 INFO  epoch 17 evaluating [time: 0.11s, valid_score: 0.203300]
Mon 16 Mar 2026 12:50:43 INFO  valid result: 
recall@1 : 0.0627    recall@2 : 0.1099    recall@3 : 0.1437    recall@4 : 0.1776    recall@5 : 0.2072    recall@10 : 0.3066    recall@20 : 0.4301    recall@30 : 0.5017    recall@50 : 0.611    ndcg@1 : 0.1246    ndcg@2 : 0.1354    ndcg@3 : 0.1437    ndcg@4 : 0.1562    ndcg@5 : 0.1675    ndcg@10 : 0.2033    ndcg@20 : 0.2406    ndcg@30 : 0.2597    ndcg@50 : 0.2852    precision@1 : 0.1246    precision@2 : 0.1132    precision@3 : 0.1001    precision@4 : 0.0945    precision@5 : 0.0895    precision@10 : 0.0682    precision@20 : 0.0487    precision@30 : 0.0385    precision@50 : 0.0284    map@1 : 0.1246    map@2 : 0.1155    map@3 : 0.1144    map@4 : 0.1195    map@5 : 0.1241    map@10 : 0.1397    map@20 : 0.1521    map@30 : 0.1575    map@50 : 0.1628
Mon 16 Mar 2026 12:50:43 INFO  Saving current: saved/NCL-Mar-16-2026_12-50-37.pth
Mon 16 Mar 2026 12:50:43 INFO  Saving current best: saved/NCL-Mar-16-2026_12-50-37.pth
Mon 16 Mar 2026 12:50:43 INFO  Running E-step ! 
Mon 16 Mar 2026 12:50:43 INFO  epoch 18 training [time: 0.17s, train_loss1: 5.4527, train_loss2: 0.0197]
Mon 16 Mar 2026 12:50:43 INFO  epoch 18 evaluating [time: 0.11s, valid_score: 0.246400]
Mon 16 Mar 2026 12:50:43 INFO  valid result: 
recall@1 : 0.0795    recall@2 : 0.1344    recall@3 : 0.1781    recall@4 : 0.2157    recall@5 : 0.2479    recall@10 : 0.3799    recall@20 : 0.5285    recall@30 : 0.5992    recall@50 : 0.6894    ndcg@1 : 0.149    ndcg@2 : 0.1617    ndcg@3 : 0.1734    ndcg@4 : 0.1869    ndcg@5 : 0.1986    ndcg@10 : 0.2464    ndcg@20 : 0.2905    ndcg@30 : 0.3095    ndcg@50 : 0.3307    precision@1 : 0.149    precision@2 : 0.132    precision@3 : 0.1158    precision@4 : 0.1068    precision@5 : 0.0992    precision@10 : 0.0788    precision@20 : 0.0558    precision@30 : 0.0433    precision@50 : 0.0305    map@1 : 0.149    map@2 : 0.1399    map@3 : 0.1412    map@4 : 0.1462    map@5 : 0.1511    map@10 : 0.1716    map@20 : 0.1863    map@30 : 0.1918    map@50 : 0.1966
Mon 16 Mar 2026 12:50:43 INFO  Saving current: saved/NCL-Mar-16-2026_12-50-37.pth
Mon 16 Mar 2026 12:50:43 INFO  Saving current best: saved/NCL-Mar-16-2026_12-50-37.pth
Mon 16 Mar 2026 12:50:43 INFO  Running E-step ! 
Mon 16 Mar 2026 12:50:43 INFO  epoch 19 training [time: 0.16s, train_loss1: 5.3925, train_loss2: 0.0276]
Mon 16 Mar 2026 12:50:43 INFO  epoch 19 evaluating [time: 0.12s, valid_score: 0.291100]
Mon 16 Mar 2026 12:50:43 INFO  valid result: 
recall@1 : 0.1081    recall@2 : 0.1825    recall@3 : 0.2309    recall@4 : 0.2697    recall@5 : 0.3088    recall@10 : 0.4378    recall@20 : 0.5938    recall@30 : 0.6688    recall@50 : 0.7508    ndcg@1 : 0.1853    ndcg@2 : 0.2049    ndcg@3 : 0.2188    ndcg@4 : 0.2312    ndcg@5 : 0.2453    ndcg@10 : 0.2911    ndcg@20 : 0.3383    ndcg@30 : 0.3581    ndcg@50 : 0.3777    precision@1 : 0.1853    precision@2 : 0.1582    precision@3 : 0.1355    precision@4 : 0.1192    precision@5 : 0.1099    precision@10 : 0.0827    precision@20 : 0.0592    precision@30 : 0.0457    precision@50 : 0.0318    map@1 : 0.1853    map@2 : 0.1801    map@3 : 0.1814    map@4 : 0.1857    map@5 : 0.1912    map@10 : 0.2099    map@20 : 0.2263    map@30 : 0.2319    map@50 : 0.2365
Mon 16 Mar 2026 12:50:43 INFO  Saving current: saved/NCL-Mar-16-2026_12-50-37.pth
Mon 16 Mar 2026 12:50:43 INFO  Saving current best: saved/NCL-Mar-16-2026_12-50-37.pth
Mon 16 Mar 2026 12:50:43 INFO  Running E-step ! 
Mon 16 Mar 2026 12:50:44 INFO  epoch 20 training [time: 0.17s, train_loss1: 5.2681, train_loss2: 0.0331, train_loss3: 0.0031]
Mon 16 Mar 2026 12:50:44 INFO  epoch 20 evaluating [time: 0.11s, valid_score: 0.306500]
Mon 16 Mar 2026 12:50:44 INFO  valid result: 
recall@1 : 0.1123    recall@2 : 0.2011    recall@3 : 0.2605    recall@4 : 0.3045    recall@5 : 0.3389    recall@10 : 0.459    recall@20 : 0.613    recall@30 : 0.6885    recall@50 : 0.7666    ndcg@1 : 0.1865    ndcg@2 : 0.2169    ndcg@3 : 0.2362    ndcg@4 : 0.2516    ndcg@5 : 0.264    ndcg@10 : 0.3065    ndcg@20 : 0.3528    ndcg@30 : 0.3729    ndcg@50 : 0.3915    precision@1 : 0.1865    precision@2 : 0.1657    precision@3 : 0.1436    precision@4 : 0.1278    precision@5 : 0.116    precision@10 : 0.083    precision@20 : 0.0591    precision@30 : 0.0457    precision@50 : 0.0316    map@1 : 0.1865    map@2 : 0.1903    map@3 : 0.1951    map@4 : 0.201    map@5 : 0.2059    map@10 : 0.2234    map@20 : 0.239    map@30 : 0.2446    map@50 : 0.2488
Mon 16 Mar 2026 12:50:44 INFO  Saving current: saved/NCL-Mar-16-2026_12-50-37.pth
Mon 16 Mar 2026 12:50:44 INFO  Saving current best: saved/NCL-Mar-16-2026_12-50-37.pth
Mon 16 Mar 2026 12:50:44 INFO  Running E-step ! 
Mon 16 Mar 2026 12:50:44 INFO  epoch 21 training [time: 0.17s, train_loss1: 5.0550, train_loss2: 0.0355, train_loss3: 0.0040]
Mon 16 Mar 2026 12:50:44 INFO  epoch 21 evaluating [time: 0.11s, valid_score: 0.308100]
Mon 16 Mar 2026 12:50:44 INFO  valid result: 
recall@1 : 0.1104    recall@2 : 0.2074    recall@3 : 0.2663    recall@4 : 0.3037    recall@5 : 0.3424    recall@10 : 0.4639    recall@20 : 0.6037    recall@30 : 0.6869    recall@50 : 0.7615    ndcg@1 : 0.1847    ndcg@2 : 0.2185    ndcg@3 : 0.2384    ndcg@4 : 0.2509    ndcg@5 : 0.2654    ndcg@10 : 0.3081    ndcg@20 : 0.3505    ndcg@30 : 0.3724    ndcg@50 : 0.3904    precision@1 : 0.1847    precision@2 : 0.166    precision@3 : 0.1442    precision@4 : 0.1265    precision@5 : 0.1163    precision@10 : 0.0821    precision@20 : 0.0577    precision@30 : 0.045    precision@50 : 0.0311    map@1 : 0.1847    map@2 : 0.1912    map@3 : 0.1966    map@4 : 0.2008    map@5 : 0.2069    map@10 : 0.2245    map@20 : 0.2386    map@30 : 0.2446    map@50 : 0.2486
Mon 16 Mar 2026 12:50:44 INFO  Saving current: saved/NCL-Mar-16-2026_12-50-37.pth
Mon 16 Mar 2026 12:50:44 INFO  Saving current best: saved/NCL-Mar-16-2026_12-50-37.pth
Mon 16 Mar 2026 12:50:44 INFO  Running E-step ! 
Mon 16 Mar 2026 12:50:44 INFO  epoch 22 training [time: 0.16s, train_loss1: 4.7602, train_loss2: 0.0365, train_loss3: 0.0047]
Mon 16 Mar 2026 12:50:44 INFO  epoch 22 evaluating [time: 0.11s, valid_score: 0.308300]
Mon 16 Mar 2026 12:50:44 INFO  valid result: 
recall@1 : 0.1089    recall@2 : 0.2041    recall@3 : 0.2693    recall@4 : 0.3069    recall@5 : 0.3438    recall@10 : 0.4671    recall@20 : 0.5991    recall@30 : 0.6852    recall@50 : 0.7595    ndcg@1 : 0.1824    ndcg@2 : 0.2152    ndcg@3 : 0.2387    ndcg@4 : 0.2512    ndcg@5 : 0.265    ndcg@10 : 0.3083    ndcg@20 : 0.3479    ndcg@30 : 0.3708    ndcg@50 : 0.3887    precision@1 : 0.1824    precision@2 : 0.1633    precision@3 : 0.145    precision@4 : 0.1268    precision@5 : 0.1161    precision@10 : 0.0824    precision@20 : 0.0566    precision@30 : 0.0447    precision@50 : 0.0309    map@1 : 0.1824    map@2 : 0.188    map@3 : 0.1961    map@4 : 0.2003    map@5 : 0.2059    map@10 : 0.2239    map@20 : 0.2368    map@30 : 0.2431    map@50 : 0.247
Mon 16 Mar 2026 12:50:44 INFO  Saving current: saved/NCL-Mar-16-2026_12-50-37.pth
Mon 16 Mar 2026 12:50:44 INFO  Saving current best: saved/NCL-Mar-16-2026_12-50-37.pth
Mon 16 Mar 2026 12:50:44 INFO  Running E-step ! 
Mon 16 Mar 2026 12:50:45 INFO  epoch 23 training [time: 0.16s, train_loss1: 4.4156, train_loss2: 0.0370, train_loss3: 0.0056]
Mon 16 Mar 2026 12:50:45 INFO  epoch 23 evaluating [time: 0.11s, valid_score: 0.307100]
Mon 16 Mar 2026 12:50:45 INFO  valid result: 
recall@1 : 0.1065    recall@2 : 0.2004    recall@3 : 0.2667    recall@4 : 0.3045    recall@5 : 0.3458    recall@10 : 0.4687    recall@20 : 0.5963    recall@30 : 0.6827    recall@50 : 0.7636    ndcg@1 : 0.18    ndcg@2 : 0.2113    ndcg@3 : 0.236    ndcg@4 : 0.2487    ndcg@5 : 0.2639    ndcg@10 : 0.3071    ndcg@20 : 0.3453    ndcg@30 : 0.3683    ndcg@50 : 0.3875    precision@1 : 0.18    precision@2 : 0.1603    precision@3 : 0.144    precision@4 : 0.1265    precision@5 : 0.1162    precision@10 : 0.0824    precision@20 : 0.056    precision@30 : 0.0444    precision@50 : 0.0308    map@1 : 0.18    map@2 : 0.1843    map@3 : 0.1934    map@4 : 0.1976    map@5 : 0.204    map@10 : 0.222    map@20 : 0.2343    map@30 : 0.2406    map@50 : 0.2448
Mon 16 Mar 2026 12:50:45 INFO  Running E-step ! 
Mon 16 Mar 2026 12:50:45 INFO  epoch 24 training [time: 0.15s, train_loss1: 4.0759, train_loss2: 0.0373, train_loss3: 0.0062]
Mon 16 Mar 2026 12:50:45 INFO  epoch 24 evaluating [time: 0.11s, valid_score: 0.307500]
Mon 16 Mar 2026 12:50:45 INFO  valid result: 
recall@1 : 0.1083    recall@2 : 0.1988    recall@3 : 0.2656    recall@4 : 0.3032    recall@5 : 0.3437    recall@10 : 0.4692    recall@20 : 0.5941    recall@30 : 0.6761    recall@50 : 0.7673    ndcg@1 : 0.1818    ndcg@2 : 0.2108    ndcg@3 : 0.2357    ndcg@4 : 0.2485    ndcg@5 : 0.2633    ndcg@10 : 0.3075    ndcg@20 : 0.3447    ndcg@30 : 0.3667    ndcg@50 : 0.3882    precision@1 : 0.1818    precision@2 : 0.1594    precision@3 : 0.1434    precision@4 : 0.1262    precision@5 : 0.1156    precision@10 : 0.0826    precision@20 : 0.0555    precision@30 : 0.0439    precision@50 : 0.0309    map@1 : 0.1818    map@2 : 0.1843    map@3 : 0.1937    map@4 : 0.1978    map@5 : 0.204    map@10 : 0.2225    map@20 : 0.2344    map@30 : 0.2405    map@50 : 0.245
Mon 16 Mar 2026 12:50:45 INFO  Running E-step ! 
Mon 16 Mar 2026 12:50:45 INFO  epoch 25 training [time: 0.16s, train_loss1: 3.7954, train_loss2: 0.0377, train_loss3: 0.0067]
Mon 16 Mar 2026 12:50:45 INFO  epoch 25 evaluating [time: 0.11s, valid_score: 0.309300]
Mon 16 Mar 2026 12:50:45 INFO  valid result: 
recall@1 : 0.1134    recall@2 : 0.1991    recall@3 : 0.2661    recall@4 : 0.3026    recall@5 : 0.3445    recall@10 : 0.4687    recall@20 : 0.5934    recall@30 : 0.673    recall@50 : 0.7672    ndcg@1 : 0.1865    ndcg@2 : 0.2129    ndcg@3 : 0.2378    ndcg@4 : 0.2502    ndcg@5 : 0.2657    ndcg@10 : 0.3093    ndcg@20 : 0.3464    ndcg@30 : 0.3678    ndcg@50 : 0.39    precision@1 : 0.1865    precision@2 : 0.1597    precision@3 : 0.1434    precision@4 : 0.1262    precision@5 : 0.1161    precision@10 : 0.0825    precision@20 : 0.0554    precision@30 : 0.0437    precision@50 : 0.0309    map@1 : 0.1865    map@2 : 0.187    map@3 : 0.1963    map@4 : 0.2003    map@5 : 0.2069    map@10 : 0.225    map@20 : 0.2368    map@30 : 0.2428    map@50 : 0.2475
Mon 16 Mar 2026 12:50:45 INFO  Saving current: saved/NCL-Mar-16-2026_12-50-37.pth
Mon 16 Mar 2026 12:50:45 INFO  Saving current best: saved/NCL-Mar-16-2026_12-50-37.pth
Mon 16 Mar 2026 12:50:45 INFO  Running E-step ! 
Mon 16 Mar 2026 12:50:45 INFO  epoch 26 training [time: 0.16s, train_loss1: 3.5861, train_loss2: 0.0380, train_loss3: 0.0070]
Mon 16 Mar 2026 12:50:46 INFO  epoch 26 evaluating [time: 0.11s, valid_score: 0.310600]
Mon 16 Mar 2026 12:50:46 INFO  valid result: 
recall@1 : 0.1174    recall@2 : 0.1986    recall@3 : 0.2653    recall@4 : 0.3028    recall@5 : 0.3439    recall@10 : 0.4689    recall@20 : 0.594    recall@30 : 0.6721    recall@50 : 0.766    ndcg@1 : 0.1901    ndcg@2 : 0.2138    ndcg@3 : 0.2387    ndcg@4 : 0.2515    ndcg@5 : 0.2668    ndcg@10 : 0.3106    ndcg@20 : 0.3477    ndcg@30 : 0.3687    ndcg@50 : 0.391    precision@1 : 0.1901    precision@2 : 0.1591    precision@3 : 0.143    precision@4 : 0.126    precision@5 : 0.116    precision@10 : 0.0824    precision@20 : 0.0554    precision@30 : 0.0436    precision@50 : 0.0308    map@1 : 0.1901    map@2 : 0.1886    map@3 : 0.1979    map@4 : 0.202    map@5 : 0.2086    map@10 : 0.2268    map@20 : 0.2387    map@30 : 0.2445    map@50 : 0.2492
Mon 16 Mar 2026 12:50:46 INFO  Saving current: saved/NCL-Mar-16-2026_12-50-37.pth
Mon 16 Mar 2026 12:50:46 INFO  Saving current best: saved/NCL-Mar-16-2026_12-50-37.pth
Mon 16 Mar 2026 12:50:46 INFO  Running E-step ! 
Mon 16 Mar 2026 12:50:46 INFO  epoch 27 training [time: 0.19s, train_loss1: 3.4166, train_loss2: 0.0382, train_loss3: 0.0072]
Mon 16 Mar 2026 12:50:46 INFO  epoch 27 evaluating [time: 0.11s, valid_score: 0.310900]
Mon 16 Mar 2026 12:50:46 INFO  valid result: 
recall@1 : 0.1183    recall@2 : 0.1986    recall@3 : 0.2653    recall@4 : 0.3039    recall@5 : 0.343    recall@10 : 0.4689    recall@20 : 0.5929    recall@30 : 0.6723    recall@50 : 0.7662    ndcg@1 : 0.1913    ndcg@2 : 0.2142    ndcg@3 : 0.239    ndcg@4 : 0.2522    ndcg@5 : 0.2668    ndcg@10 : 0.3109    ndcg@20 : 0.3477    ndcg@30 : 0.369    ndcg@50 : 0.3913    precision@1 : 0.1913    precision@2 : 0.1591    precision@3 : 0.143    precision@4 : 0.1262    precision@5 : 0.1157    precision@10 : 0.0824    precision@20 : 0.0553    precision@30 : 0.0436    precision@50 : 0.0309    map@1 : 0.1913    map@2 : 0.1891    map@3 : 0.1984    map@4 : 0.2027    map@5 : 0.209    map@10 : 0.2272    map@20 : 0.239    map@30 : 0.2448    map@50 : 0.2496
Mon 16 Mar 2026 12:50:46 INFO  Saving current: saved/NCL-Mar-16-2026_12-50-37.pth
Mon 16 Mar 2026 12:50:46 INFO  Saving current best: saved/NCL-Mar-16-2026_12-50-37.pth
Mon 16 Mar 2026 12:50:46 INFO  Running E-step ! 
Mon 16 Mar 2026 12:50:46 INFO  epoch 28 training [time: 0.17s, train_loss1: 3.3075, train_loss2: 0.0384, train_loss3: 0.0072]
Mon 16 Mar 2026 12:50:46 INFO  epoch 28 evaluating [time: 0.12s, valid_score: 0.310400]
Mon 16 Mar 2026 12:50:46 INFO  valid result: 
recall@1 : 0.1172    recall@2 : 0.1989    recall@3 : 0.2646    recall@4 : 0.3032    recall@5 : 0.343    recall@10 : 0.4689    recall@20 : 0.5934    recall@30 : 0.6729    recall@50 : 0.7668    ndcg@1 : 0.1907    ndcg@2 : 0.2141    ndcg@3 : 0.2381    ndcg@4 : 0.2515    ndcg@5 : 0.2663    ndcg@10 : 0.3104    ndcg@20 : 0.3474    ndcg@30 : 0.3686    ndcg@50 : 0.3909    precision@1 : 0.1907    precision@2 : 0.1594    precision@3 : 0.1422    precision@4 : 0.1259    precision@5 : 0.1156    precision@10 : 0.0824    precision@20 : 0.0554    precision@30 : 0.0436    precision@50 : 0.0309    map@1 : 0.1907    map@2 : 0.1888    map@3 : 0.1976    map@4 : 0.202    map@5 : 0.2083    map@10 : 0.2265    map@20 : 0.2384    map@30 : 0.2441    map@50 : 0.2489
Mon 16 Mar 2026 12:50:46 INFO  Running E-step ! 
Mon 16 Mar 2026 12:50:46 INFO  epoch 29 training [time: 0.16s, train_loss1: 3.2592, train_loss2: 0.0386, train_loss3: 0.0073]
Mon 16 Mar 2026 12:50:46 INFO  epoch 29 evaluating [time: 0.11s, valid_score: 0.310500]
Mon 16 Mar 2026 12:50:46 INFO  valid result: 
recall@1 : 0.1178    recall@2 : 0.1991    recall@3 : 0.2644    recall@4 : 0.3036    recall@5 : 0.3422    recall@10 : 0.4688    recall@20 : 0.5932    recall@30 : 0.6724    recall@50 : 0.7667    ndcg@1 : 0.1913    ndcg@2 : 0.2145    ndcg@3 : 0.2383    ndcg@4 : 0.252    ndcg@5 : 0.2662    ndcg@10 : 0.3105    ndcg@20 : 0.3475    ndcg@30 : 0.3686    ndcg@50 : 0.391    precision@1 : 0.1913    precision@2 : 0.1597    precision@3 : 0.142    precision@4 : 0.1262    precision@5 : 0.1154    precision@10 : 0.0823    precision@20 : 0.0554    precision@30 : 0.0435    precision@50 : 0.0309    map@1 : 0.1913    map@2 : 0.1892    map@3 : 0.1978    map@4 : 0.2025    map@5 : 0.2085    map@10 : 0.2268    map@20 : 0.2386    map@30 : 0.2444    map@50 : 0.2492
Mon 16 Mar 2026 12:50:46 INFO  Running E-step ! 
Mon 16 Mar 2026 12:50:47 INFO  epoch 30 training [time: 0.16s, train_loss1: 3.1965, train_loss2: 0.0387, train_loss3: 0.0074]
Mon 16 Mar 2026 12:50:47 INFO  epoch 30 evaluating [time: 0.11s, valid_score: 0.311100]
Mon 16 Mar 2026 12:50:47 INFO  valid result: 
recall@1 : 0.119    recall@2 : 0.199    recall@3 : 0.2644    recall@4 : 0.3043    recall@5 : 0.3425    recall@10 : 0.4691    recall@20 : 0.593    recall@30 : 0.6706    recall@50 : 0.7669    ndcg@1 : 0.1925    ndcg@2 : 0.215    ndcg@3 : 0.2387    ndcg@4 : 0.2527    ndcg@5 : 0.2668    ndcg@10 : 0.3111    ndcg@20 : 0.3479    ndcg@30 : 0.3686    ndcg@50 : 0.3915    precision@1 : 0.1925    precision@2 : 0.1597    precision@3 : 0.142    precision@4 : 0.1263    precision@5 : 0.1154    precision@10 : 0.0825    precision@20 : 0.0554    precision@30 : 0.0434    precision@50 : 0.0309    map@1 : 0.1925    map@2 : 0.1898    map@3 : 0.1984    map@4 : 0.2032    map@5 : 0.2092    map@10 : 0.2274    map@20 : 0.2393    map@30 : 0.2449    map@50 : 0.2498
Mon 16 Mar 2026 12:50:47 INFO  Saving current: saved/NCL-Mar-16-2026_12-50-37.pth
Mon 16 Mar 2026 12:50:47 INFO  Saving current best: saved/NCL-Mar-16-2026_12-50-37.pth
Mon 16 Mar 2026 12:50:47 INFO  Running E-step ! 
Mon 16 Mar 2026 12:50:47 INFO  epoch 31 training [time: 0.16s, train_loss1: 3.1851, train_loss2: 0.0389, train_loss3: 0.0073]
Mon 16 Mar 2026 12:50:47 INFO  epoch 31 evaluating [time: 0.11s, valid_score: 0.311000]
Mon 16 Mar 2026 12:50:47 INFO  valid result: 
recall@1 : 0.1184    recall@2 : 0.199    recall@3 : 0.264    recall@4 : 0.3054    recall@5 : 0.3437    recall@10 : 0.4693    recall@20 : 0.5923    recall@30 : 0.6688    recall@50 : 0.7665    ndcg@1 : 0.1919    ndcg@2 : 0.2148    ndcg@3 : 0.2381    ndcg@4 : 0.253    ndcg@5 : 0.267    ndcg@10 : 0.311    ndcg@20 : 0.3475    ndcg@30 : 0.3682    ndcg@50 : 0.3913    precision@1 : 0.1919    precision@2 : 0.1597    precision@3 : 0.1414    precision@4 : 0.1269    precision@5 : 0.1156    precision@10 : 0.0825    precision@20 : 0.0553    precision@30 : 0.0434    precision@50 : 0.0309    map@1 : 0.1919    map@2 : 0.1895    map@3 : 0.1979    map@4 : 0.2032    map@5 : 0.2091    map@10 : 0.2272    map@20 : 0.239    map@30 : 0.2447    map@50 : 0.2496
Mon 16 Mar 2026 12:50:47 INFO  Running E-step ! 
Mon 16 Mar 2026 12:50:47 INFO  epoch 32 training [time: 0.17s, train_loss1: 3.1916, train_loss2: 0.0390, train_loss3: 0.0072]
Mon 16 Mar 2026 12:50:47 INFO  epoch 32 evaluating [time: 0.11s, valid_score: 0.311700]
Mon 16 Mar 2026 12:50:47 INFO  valid result: 
recall@1 : 0.1201    recall@2 : 0.199    recall@3 : 0.2642    recall@4 : 0.305    recall@5 : 0.3437    recall@10 : 0.4693    recall@20 : 0.5935    recall@30 : 0.6686    recall@50 : 0.7662    ndcg@1 : 0.1937    ndcg@2 : 0.2154    ndcg@3 : 0.2389    ndcg@4 : 0.2535    ndcg@5 : 0.2677    ndcg@10 : 0.3117    ndcg@20 : 0.3486    ndcg@30 : 0.3689    ndcg@50 : 0.392    precision@1 : 0.1937    precision@2 : 0.1597    precision@3 : 0.1416    precision@4 : 0.1268    precision@5 : 0.1156    precision@10 : 0.0825    precision@20 : 0.0555    precision@30 : 0.0434    precision@50 : 0.0309    map@1 : 0.1937    map@2 : 0.1904    map@3 : 0.1988    map@4 : 0.2041    map@5 : 0.21    map@10 : 0.2281    map@20 : 0.24    map@30 : 0.2456    map@50 : 0.2506
Mon 16 Mar 2026 12:50:47 INFO  Saving current: saved/NCL-Mar-16-2026_12-50-37.pth
Mon 16 Mar 2026 12:50:47 INFO  Saving current best: saved/NCL-Mar-16-2026_12-50-37.pth
Mon 16 Mar 2026 12:50:47 INFO  Running E-step ! 
Mon 16 Mar 2026 12:50:48 INFO  epoch 33 training [time: 0.16s, train_loss1: 3.1607, train_loss2: 0.0391, train_loss3: 0.0072]
Mon 16 Mar 2026 12:50:48 INFO  epoch 33 evaluating [time: 0.12s, valid_score: 0.311400]
Mon 16 Mar 2026 12:50:48 INFO  valid result: 
recall@1 : 0.1209    recall@2 : 0.1987    recall@3 : 0.264    recall@4 : 0.3044    recall@5 : 0.3431    recall@10 : 0.468    recall@20 : 0.5929    recall@30 : 0.6709    recall@50 : 0.7656    ndcg@1 : 0.1937    ndcg@2 : 0.2154    ndcg@3 : 0.2389    ndcg@4 : 0.2534    ndcg@5 : 0.2676    ndcg@10 : 0.3114    ndcg@20 : 0.3486    ndcg@30 : 0.3696    ndcg@50 : 0.392    precision@1 : 0.1937    precision@2 : 0.1594    precision@3 : 0.1414    precision@4 : 0.1266    precision@5 : 0.1155    precision@10 : 0.0823    precision@20 : 0.0555    precision@30 : 0.0436    precision@50 : 0.0309    map@1 : 0.1937    map@2 : 0.1906    map@3 : 0.1991    map@4 : 0.2043    map@5 : 0.2102    map@10 : 0.2282    map@20 : 0.2403    map@30 : 0.2461    map@50 : 0.2509
Mon 16 Mar 2026 12:50:48 INFO  Running E-step ! 
Mon 16 Mar 2026 12:50:48 INFO  epoch 34 training [time: 0.17s, train_loss1: 3.1429, train_loss2: 0.0392, train_loss3: 0.0071]
Mon 16 Mar 2026 12:50:48 INFO  epoch 34 evaluating [time: 0.11s, valid_score: 0.312200]
Mon 16 Mar 2026 12:50:48 INFO  valid result: 
recall@1 : 0.1224    recall@2 : 0.1988    recall@3 : 0.2641    recall@4 : 0.3045    recall@5 : 0.3428    recall@10 : 0.4687    recall@20 : 0.593    recall@30 : 0.6742    recall@50 : 0.7655    ndcg@1 : 0.1955    ndcg@2 : 0.2162    ndcg@3 : 0.2396    ndcg@4 : 0.2542    ndcg@5 : 0.2681    ndcg@10 : 0.3122    ndcg@20 : 0.3493    ndcg@30 : 0.371    ndcg@50 : 0.3927    precision@1 : 0.1955    precision@2 : 0.1597    precision@3 : 0.1416    precision@4 : 0.1268    precision@5 : 0.1154    precision@10 : 0.0824    precision@20 : 0.0555    precision@30 : 0.0438    precision@50 : 0.031    map@1 : 0.1955    map@2 : 0.1916    map@3 : 0.2    map@4 : 0.2052    map@5 : 0.211    map@10 : 0.2291    map@20 : 0.2412    map@30 : 0.2471    map@50 : 0.2517
Mon 16 Mar 2026 12:50:48 INFO  Saving current: saved/NCL-Mar-16-2026_12-50-37.pth
Mon 16 Mar 2026 12:50:48 INFO  Saving current best: saved/NCL-Mar-16-2026_12-50-37.pth
Mon 16 Mar 2026 12:50:48 INFO  Running E-step ! 
Mon 16 Mar 2026 12:50:48 INFO  epoch 35 training [time: 0.16s, train_loss1: 3.1162, train_loss2: 0.0394, train_loss3: 0.0069]
Mon 16 Mar 2026 12:50:48 INFO  epoch 35 evaluating [time: 0.11s, valid_score: 0.312400]
Mon 16 Mar 2026 12:50:48 INFO  valid result: 
recall@1 : 0.1224    recall@2 : 0.1988    recall@3 : 0.2644    recall@4 : 0.3043    recall@5 : 0.3428    recall@10 : 0.4694    recall@20 : 0.5934    recall@30 : 0.6749    recall@50 : 0.7652    ndcg@1 : 0.1955    ndcg@2 : 0.2162    ndcg@3 : 0.2401    ndcg@4 : 0.2541    ndcg@5 : 0.268    ndcg@10 : 0.3124    ndcg@20 : 0.3495    ndcg@30 : 0.3712    ndcg@50 : 0.3926    precision@1 : 0.1955    precision@2 : 0.1597    precision@3 : 0.1422    precision@4 : 0.1266    precision@5 : 0.1153    precision@10 : 0.0825    precision@20 : 0.0557    precision@30 : 0.0438    precision@50 : 0.0309    map@1 : 0.1955    map@2 : 0.1916    map@3 : 0.2002    map@4 : 0.2051    map@5 : 0.2109    map@10 : 0.2292    map@20 : 0.2412    map@30 : 0.2471    map@50 : 0.2517
Mon 16 Mar 2026 12:50:48 INFO  Saving current: saved/NCL-Mar-16-2026_12-50-37.pth
Mon 16 Mar 2026 12:50:48 INFO  Saving current best: saved/NCL-Mar-16-2026_12-50-37.pth
Mon 16 Mar 2026 12:50:48 INFO  Running E-step ! 
Mon 16 Mar 2026 12:50:49 INFO  epoch 36 training [time: 0.17s, train_loss1: 3.1145, train_loss2: 0.0395, train_loss3: 0.0068]
Mon 16 Mar 2026 12:50:49 INFO  epoch 36 evaluating [time: 0.11s, valid_score: 0.312800]
Mon 16 Mar 2026 12:50:49 INFO  valid result: 
recall@1 : 0.1225    recall@2 : 0.1994    recall@3 : 0.2647    recall@4 : 0.3038    recall@5 : 0.3423    recall@10 : 0.4703    recall@20 : 0.595    recall@30 : 0.6759    recall@50 : 0.7654    ndcg@1 : 0.1961    ndcg@2 : 0.2167    ndcg@3 : 0.2405    ndcg@4 : 0.254    ndcg@5 : 0.268    ndcg@10 : 0.3128    ndcg@20 : 0.3502    ndcg@30 : 0.3717    ndcg@50 : 0.3928    precision@1 : 0.1961    precision@2 : 0.16    precision@3 : 0.1426    precision@4 : 0.1263    precision@5 : 0.1151    precision@10 : 0.0825    precision@20 : 0.056    precision@30 : 0.0439    precision@50 : 0.0309    map@1 : 0.1961    map@2 : 0.192    map@3 : 0.2006    map@4 : 0.2051    map@5 : 0.211    map@10 : 0.2295    map@20 : 0.2416    map@30 : 0.2474    map@50 : 0.2519
Mon 16 Mar 2026 12:50:49 INFO  Saving current: saved/NCL-Mar-16-2026_12-50-37.pth
Mon 16 Mar 2026 12:50:49 INFO  Saving current best: saved/NCL-Mar-16-2026_12-50-37.pth
Mon 16 Mar 2026 12:50:49 INFO  Running E-step ! 
Mon 16 Mar 2026 12:50:49 INFO  epoch 37 training [time: 0.17s, train_loss1: 3.1579, train_loss2: 0.0395, train_loss3: 0.0067]
Mon 16 Mar 2026 12:50:49 INFO  epoch 37 evaluating [time: 0.11s, valid_score: 0.313000]
Mon 16 Mar 2026 12:50:49 INFO  valid result: 
recall@1 : 0.1228    recall@2 : 0.1992    recall@3 : 0.265    recall@4 : 0.3044    recall@5 : 0.3428    recall@10 : 0.4701    recall@20 : 0.5953    recall@30 : 0.6775    recall@50 : 0.7645    ndcg@1 : 0.1967    ndcg@2 : 0.2166    ndcg@3 : 0.2408    ndcg@4 : 0.2545    ndcg@5 : 0.2684    ndcg@10 : 0.313    ndcg@20 : 0.3505    ndcg@30 : 0.3723    ndcg@50 : 0.3929    precision@1 : 0.1967    precision@2 : 0.1597    precision@3 : 0.1428    precision@4 : 0.1266    precision@5 : 0.1154    precision@10 : 0.0825    precision@20 : 0.056    precision@30 : 0.044    precision@50 : 0.031    map@1 : 0.1967    map@2 : 0.192    map@3 : 0.2009    map@4 : 0.2054    map@5 : 0.2113    map@10 : 0.2296    map@20 : 0.2419    map@30 : 0.2477    map@50 : 0.2522
Mon 16 Mar 2026 12:50:49 INFO  Saving current: saved/NCL-Mar-16-2026_12-50-37.pth
Mon 16 Mar 2026 12:50:49 INFO  Saving current best: saved/NCL-Mar-16-2026_12-50-37.pth
Mon 16 Mar 2026 12:50:49 INFO  Running E-step ! 
Mon 16 Mar 2026 12:50:49 INFO  epoch 38 training [time: 0.16s, train_loss1: 3.1235, train_loss2: 0.0396, train_loss3: 0.0066]
Mon 16 Mar 2026 12:50:49 INFO  epoch 38 evaluating [time: 0.11s, valid_score: 0.312600]
Mon 16 Mar 2026 12:50:49 INFO  valid result: 
recall@1 : 0.1224    recall@2 : 0.1991    recall@3 : 0.2649    recall@4 : 0.3046    recall@5 : 0.3427    recall@10 : 0.4695    recall@20 : 0.5957    recall@30 : 0.6769    recall@50 : 0.7654    ndcg@1 : 0.1961    ndcg@2 : 0.2162    ndcg@3 : 0.2407    ndcg@4 : 0.2544    ndcg@5 : 0.2682    ndcg@10 : 0.3126    ndcg@20 : 0.3504    ndcg@30 : 0.372    ndcg@50 : 0.393    precision@1 : 0.1961    precision@2 : 0.1594    precision@3 : 0.143    precision@4 : 0.1268    precision@5 : 0.1154    precision@10 : 0.0825    precision@20 : 0.056    precision@30 : 0.044    precision@50 : 0.031    map@1 : 0.1961    map@2 : 0.1917    map@3 : 0.2007    map@4 : 0.2053    map@5 : 0.2111    map@10 : 0.2294    map@20 : 0.2417    map@30 : 0.2476    map@50 : 0.2521
Mon 16 Mar 2026 12:50:49 INFO  Running E-step ! 
Mon 16 Mar 2026 12:50:49 INFO  epoch 39 training [time: 0.17s, train_loss1: 3.1226, train_loss2: 0.0397, train_loss3: 0.0065]
Mon 16 Mar 2026 12:50:50 INFO  epoch 39 evaluating [time: 0.11s, valid_score: 0.312900]
Mon 16 Mar 2026 12:50:50 INFO  valid result: 
recall@1 : 0.1233    recall@2 : 0.1993    recall@3 : 0.265    recall@4 : 0.3044    recall@5 : 0.3421    recall@10 : 0.469    recall@20 : 0.5965    recall@30 : 0.6767    recall@50 : 0.764    ndcg@1 : 0.1979    ndcg@2 : 0.2172    ndcg@3 : 0.241    ndcg@4 : 0.2547    ndcg@5 : 0.2684    ndcg@10 : 0.3129    ndcg@20 : 0.3511    ndcg@30 : 0.3724    ndcg@50 : 0.3932    precision@1 : 0.1979    precision@2 : 0.16    precision@3 : 0.1426    precision@4 : 0.1265    precision@5 : 0.1153    precision@10 : 0.0825    precision@20 : 0.0562    precision@30 : 0.044    precision@50 : 0.031    map@1 : 0.1979    map@2 : 0.1928    map@3 : 0.2012    map@4 : 0.2057    map@5 : 0.2115    map@10 : 0.2298    map@20 : 0.2423    map@30 : 0.2481    map@50 : 0.2526
Mon 16 Mar 2026 12:50:50 INFO  Running E-step ! 
Mon 16 Mar 2026 12:50:50 INFO  epoch 40 training [time: 0.17s, train_loss1: 3.0941, train_loss2: 0.0398, train_loss3: 0.0063]
Mon 16 Mar 2026 12:50:50 INFO  epoch 40 evaluating [time: 0.11s, valid_score: 0.312600]
Mon 16 Mar 2026 12:50:50 INFO  valid result: 
recall@1 : 0.1233    recall@2 : 0.1993    recall@3 : 0.265    recall@4 : 0.3034    recall@5 : 0.342    recall@10 : 0.4681    recall@20 : 0.5966    recall@30 : 0.6766    recall@50 : 0.7629    ndcg@1 : 0.1979    ndcg@2 : 0.2172    ndcg@3 : 0.241    ndcg@4 : 0.2543    ndcg@5 : 0.2684    ndcg@10 : 0.3126    ndcg@20 : 0.3512    ndcg@30 : 0.3724    ndcg@50 : 0.393    precision@1 : 0.1979    precision@2 : 0.16    precision@3 : 0.1426    precision@4 : 0.126    precision@5 : 0.1153    precision@10 : 0.0824    precision@20 : 0.0563    precision@30 : 0.044    precision@50 : 0.031    map@1 : 0.1979    map@2 : 0.1928    map@3 : 0.2012    map@4 : 0.2054    map@5 : 0.2114    map@10 : 0.2296    map@20 : 0.2423    map@30 : 0.248    map@50 : 0.2525
Mon 16 Mar 2026 12:50:50 INFO  Running E-step ! 
Mon 16 Mar 2026 12:50:50 INFO  epoch 41 training [time: 0.16s, train_loss1: 3.0706, train_loss2: 0.0399, train_loss3: 0.0062]
Mon 16 Mar 2026 12:50:50 INFO  epoch 41 evaluating [time: 0.11s, valid_score: 0.312600]
Mon 16 Mar 2026 12:50:50 INFO  valid result: 
recall@1 : 0.1227    recall@2 : 0.2001    recall@3 : 0.2659    recall@4 : 0.3051    recall@5 : 0.3419    recall@10 : 0.4678    recall@20 : 0.5973    recall@30 : 0.6772    recall@50 : 0.7624    ndcg@1 : 0.1973    ndcg@2 : 0.2176    ndcg@3 : 0.2414    ndcg@4 : 0.255    ndcg@5 : 0.2683    ndcg@10 : 0.3126    ndcg@20 : 0.3514    ndcg@30 : 0.3726    ndcg@50 : 0.393    precision@1 : 0.1973    precision@2 : 0.1606    precision@3 : 0.143    precision@4 : 0.1266    precision@5 : 0.1151    precision@10 : 0.0825    precision@20 : 0.0563    precision@30 : 0.0441    precision@50 : 0.031    map@1 : 0.1973    map@2 : 0.1929    map@3 : 0.2013    map@4 : 0.2058    map@5 : 0.2113    map@10 : 0.2297    map@20 : 0.2423    map@30 : 0.2481    map@50 : 0.2526
Mon 16 Mar 2026 12:50:50 INFO  Running E-step ! 
Mon 16 Mar 2026 12:50:50 INFO  epoch 42 training [time: 0.16s, train_loss1: 3.0769, train_loss2: 0.0400, train_loss3: 0.0061]
Mon 16 Mar 2026 12:50:50 INFO  epoch 42 evaluating [time: 0.11s, valid_score: 0.312200]
Mon 16 Mar 2026 12:50:50 INFO  valid result: 
recall@1 : 0.1215    recall@2 : 0.2001    recall@3 : 0.2653    recall@4 : 0.3055    recall@5 : 0.3425    recall@10 : 0.4678    recall@20 : 0.5968    recall@30 : 0.6769    recall@50 : 0.7639    ndcg@1 : 0.1961    ndcg@2 : 0.2171    ndcg@3 : 0.2406    ndcg@4 : 0.2546    ndcg@5 : 0.2681    ndcg@10 : 0.3122    ndcg@20 : 0.3508    ndcg@30 : 0.3722    ndcg@50 : 0.3929    precision@1 : 0.1961    precision@2 : 0.1606    precision@3 : 0.1426    precision@4 : 0.1266    precision@5 : 0.1154    precision@10 : 0.0825    precision@20 : 0.0563    precision@30 : 0.0442    precision@50 : 0.0311    map@1 : 0.1961    map@2 : 0.1923    map@3 : 0.2005    map@4 : 0.2052    map@5 : 0.2109    map@10 : 0.229    map@20 : 0.2417    map@30 : 0.2475    map@50 : 0.2521
Mon 16 Mar 2026 12:50:50 INFO  Running E-step ! 
Mon 16 Mar 2026 12:50:51 INFO  epoch 43 training [time: 0.17s, train_loss1: 3.0988, train_loss2: 0.0400, train_loss3: 0.0059]
Mon 16 Mar 2026 12:50:51 INFO  epoch 43 evaluating [time: 0.11s, valid_score: 0.312300]
Mon 16 Mar 2026 12:50:51 INFO  valid result: 
recall@1 : 0.1215    recall@2 : 0.201    recall@3 : 0.2662    recall@4 : 0.3049    recall@5 : 0.3432    recall@10 : 0.4679    recall@20 : 0.5968    recall@30 : 0.6765    recall@50 : 0.763    ndcg@1 : 0.1949    ndcg@2 : 0.2175    ndcg@3 : 0.2411    ndcg@4 : 0.2544    ndcg@5 : 0.2685    ndcg@10 : 0.3123    ndcg@20 : 0.3509    ndcg@30 : 0.3722    ndcg@50 : 0.3929    precision@1 : 0.1949    precision@2 : 0.1612    precision@3 : 0.143    precision@4 : 0.1265    precision@5 : 0.1156    precision@10 : 0.0826    precision@20 : 0.0564    precision@30 : 0.0442    precision@50 : 0.0311    map@1 : 0.1949    map@2 : 0.1926    map@3 : 0.201    map@4 : 0.2052    map@5 : 0.2112    map@10 : 0.2293    map@20 : 0.2419    map@30 : 0.2477    map@50 : 0.2523
Mon 16 Mar 2026 12:50:51 INFO  Running E-step ! 
Mon 16 Mar 2026 12:50:51 INFO  epoch 44 training [time: 0.16s, train_loss1: 3.0784, train_loss2: 0.0401, train_loss3: 0.0057]
Mon 16 Mar 2026 12:50:51 INFO  epoch 44 evaluating [time: 0.11s, valid_score: 0.312900]
Mon 16 Mar 2026 12:50:51 INFO  valid result: 
recall@1 : 0.1221    recall@2 : 0.2022    recall@3 : 0.266    recall@4 : 0.305    recall@5 : 0.3429    recall@10 : 0.4688    recall@20 : 0.5973    recall@30 : 0.6773    recall@50 : 0.7619    ndcg@1 : 0.1955    ndcg@2 : 0.2185    ndcg@3 : 0.2413    ndcg@4 : 0.2548    ndcg@5 : 0.2688    ndcg@10 : 0.3129    ndcg@20 : 0.3515    ndcg@30 : 0.3728    ndcg@50 : 0.3931    precision@1 : 0.1955    precision@2 : 0.1618    precision@3 : 0.1428    precision@4 : 0.1263    precision@5 : 0.1157    precision@10 : 0.0828    precision@20 : 0.0565    precision@30 : 0.0443    precision@50 : 0.0311    map@1 : 0.1955    map@2 : 0.1935    map@3 : 0.2014    map@4 : 0.2057    map@5 : 0.2116    map@10 : 0.2298    map@20 : 0.2425    map@30 : 0.2483    map@50 : 0.2528
Mon 16 Mar 2026 12:50:51 INFO  Running E-step ! 
Mon 16 Mar 2026 12:50:51 INFO  epoch 45 training [time: 0.16s, train_loss1: 3.0402, train_loss2: 0.0402, train_loss3: 0.0056]
Mon 16 Mar 2026 12:50:51 INFO  epoch 45 evaluating [time: 0.11s, valid_score: 0.313600]
Mon 16 Mar 2026 12:50:51 INFO  valid result: 
recall@1 : 0.1221    recall@2 : 0.2046    recall@3 : 0.2666    recall@4 : 0.3056    recall@5 : 0.3423    recall@10 : 0.4694    recall@20 : 0.5975    recall@30 : 0.6779    recall@50 : 0.7637    ndcg@1 : 0.1961    ndcg@2 : 0.2204    ndcg@3 : 0.2421    ndcg@4 : 0.2555    ndcg@5 : 0.269    ndcg@10 : 0.3136    ndcg@20 : 0.352    ndcg@30 : 0.3735    ndcg@50 : 0.394    precision@1 : 0.1961    precision@2 : 0.1633    precision@3 : 0.143    precision@4 : 0.1265    precision@5 : 0.1156    precision@10 : 0.083    precision@20 : 0.0566    precision@30 : 0.0444    precision@50 : 0.0312    map@1 : 0.1961    map@2 : 0.1952    map@3 : 0.2021    map@4 : 0.2065    map@5 : 0.212    map@10 : 0.2304    map@20 : 0.243    map@30 : 0.249    map@50 : 0.2534
Mon 16 Mar 2026 12:50:51 INFO  Saving current: saved/NCL-Mar-16-2026_12-50-37.pth
Mon 16 Mar 2026 12:50:51 INFO  Saving current best: saved/NCL-Mar-16-2026_12-50-37.pth
Mon 16 Mar 2026 12:50:51 INFO  Running E-step ! 
Mon 16 Mar 2026 12:50:52 INFO  epoch 46 training [time: 0.18s, train_loss1: 3.0412, train_loss2: 0.0403, train_loss3: 0.0054]
Mon 16 Mar 2026 12:50:52 INFO  epoch 46 evaluating [time: 0.12s, valid_score: 0.313700]
Mon 16 Mar 2026 12:50:52 INFO  valid result: 
recall@1 : 0.1224    recall@2 : 0.2052    recall@3 : 0.2664    recall@4 : 0.3052    recall@5 : 0.3439    recall@10 : 0.4689    recall@20 : 0.5982    recall@30 : 0.6783    recall@50 : 0.7641    ndcg@1 : 0.1967    ndcg@2 : 0.2209    ndcg@3 : 0.2421    ndcg@4 : 0.2554    ndcg@5 : 0.2699    ndcg@10 : 0.3137    ndcg@20 : 0.3525    ndcg@30 : 0.3739    ndcg@50 : 0.3943    precision@1 : 0.1967    precision@2 : 0.1636    precision@3 : 0.1428    precision@4 : 0.1262    precision@5 : 0.1161    precision@10 : 0.083    precision@20 : 0.0567    precision@30 : 0.0444    precision@50 : 0.0312    map@1 : 0.1967    map@2 : 0.1956    map@3 : 0.2023    map@4 : 0.2066    map@5 : 0.2126    map@10 : 0.2306    map@20 : 0.2434    map@30 : 0.2493    map@50 : 0.2538
Mon 16 Mar 2026 12:50:52 INFO  Saving current: saved/NCL-Mar-16-2026_12-50-37.pth
Mon 16 Mar 2026 12:50:52 INFO  Saving current best: saved/NCL-Mar-16-2026_12-50-37.pth
Mon 16 Mar 2026 12:50:52 INFO  Running E-step ! 
Mon 16 Mar 2026 12:50:52 INFO  epoch 47 training [time: 0.16s, train_loss1: 3.0383, train_loss2: 0.0403, train_loss3: 0.0053]
Mon 16 Mar 2026 12:50:52 INFO  epoch 47 evaluating [time: 0.12s, valid_score: 0.313300]
Mon 16 Mar 2026 12:50:52 INFO  valid result: 
recall@1 : 0.1204    recall@2 : 0.207    recall@3 : 0.2662    recall@4 : 0.3056    recall@5 : 0.3446    recall@10 : 0.4685    recall@20 : 0.5986    recall@30 : 0.6787    recall@50 : 0.7652    ndcg@1 : 0.1955    ndcg@2 : 0.2217    ndcg@3 : 0.2416    ndcg@4 : 0.2553    ndcg@5 : 0.2699    ndcg@10 : 0.3133    ndcg@20 : 0.3523    ndcg@30 : 0.3737    ndcg@50 : 0.3942    precision@1 : 0.1955    precision@2 : 0.1651    precision@3 : 0.1426    precision@4 : 0.1265    precision@5 : 0.1164    precision@10 : 0.0831    precision@20 : 0.0568    precision@30 : 0.0445    precision@50 : 0.0312    map@1 : 0.1955    map@2 : 0.1959    map@3 : 0.2015    map@4 : 0.206    map@5 : 0.2122    map@10 : 0.23    map@20 : 0.2429    map@30 : 0.2487    map@50 : 0.2533
Mon 16 Mar 2026 12:50:52 INFO  Running E-step ! 
Mon 16 Mar 2026 12:50:52 INFO  epoch 48 training [time: 0.17s, train_loss1: 2.9627, train_loss2: 0.0404, train_loss3: 0.0051]
Mon 16 Mar 2026 12:50:52 INFO  epoch 48 evaluating [time: 0.11s, valid_score: 0.313400]
Mon 16 Mar 2026 12:50:52 INFO  valid result: 
recall@1 : 0.12    recall@2 : 0.207    recall@3 : 0.2658    recall@4 : 0.3062    recall@5 : 0.343    recall@10 : 0.4694    recall@20 : 0.5993    recall@30 : 0.6797    recall@50 : 0.7649    ndcg@1 : 0.1955    ndcg@2 : 0.2216    ndcg@3 : 0.2415    ndcg@4 : 0.2554    ndcg@5 : 0.2691    ndcg@10 : 0.3134    ndcg@20 : 0.3524    ndcg@30 : 0.3738    ndcg@50 : 0.3941    precision@1 : 0.1955    precision@2 : 0.1651    precision@3 : 0.1428    precision@4 : 0.1266    precision@5 : 0.116    precision@10 : 0.0834    precision@20 : 0.0569    precision@30 : 0.0445    precision@50 : 0.0313    map@1 : 0.1955    map@2 : 0.1958    map@3 : 0.2012    map@4 : 0.2059    map@5 : 0.2116    map@10 : 0.2298    map@20 : 0.2427    map@30 : 0.2486    map@50 : 0.2531
Mon 16 Mar 2026 12:50:52 INFO  Running E-step ! 
Mon 16 Mar 2026 12:50:52 INFO  epoch 49 training [time: 0.17s, train_loss1: 2.9856, train_loss2: 0.0404, train_loss3: 0.0050]
Mon 16 Mar 2026 12:50:53 INFO  epoch 49 evaluating [time: 0.11s, valid_score: 0.313100]
Mon 16 Mar 2026 12:50:53 INFO  valid result: 
recall@1 : 0.1197    recall@2 : 0.2065    recall@3 : 0.266    recall@4 : 0.3072    recall@5 : 0.3424    recall@10 : 0.4688    recall@20 : 0.5991    recall@30 : 0.6804    recall@50 : 0.7664    ndcg@1 : 0.1943    ndcg@2 : 0.2209    ndcg@3 : 0.2412    ndcg@4 : 0.2556    ndcg@5 : 0.2686    ndcg@10 : 0.3131    ndcg@20 : 0.3522    ndcg@30 : 0.3738    ndcg@50 : 0.3943    precision@1 : 0.1943    precision@2 : 0.1645    precision@3 : 0.1428    precision@4 : 0.1269    precision@5 : 0.1159    precision@10 : 0.0833    precision@20 : 0.057    precision@30 : 0.0446    precision@50 : 0.0313    map@1 : 0.1943    map@2 : 0.1952    map@3 : 0.201    map@4 : 0.206    map@5 : 0.2113    map@10 : 0.2296    map@20 : 0.2427    map@30 : 0.2485    map@50 : 0.253
Mon 16 Mar 2026 12:50:53 INFO  Running E-step ! 
Mon 16 Mar 2026 12:50:53 INFO  epoch 50 training [time: 0.16s, train_loss1: 2.9910, train_loss2: 0.0404, train_loss3: 0.0049]
Mon 16 Mar 2026 12:50:53 INFO  epoch 50 evaluating [time: 0.11s, valid_score: 0.313400]
Mon 16 Mar 2026 12:50:53 INFO  valid result: 
recall@1 : 0.1199    recall@2 : 0.2066    recall@3 : 0.2666    recall@4 : 0.3069    recall@5 : 0.342    recall@10 : 0.4692    recall@20 : 0.6002    recall@30 : 0.6794    recall@50 : 0.7656    ndcg@1 : 0.1949    ndcg@2 : 0.2213    ndcg@3 : 0.2417    ndcg@4 : 0.2557    ndcg@5 : 0.2687    ndcg@10 : 0.3134    ndcg@20 : 0.3527    ndcg@30 : 0.3739    ndcg@50 : 0.3944    precision@1 : 0.1949    precision@2 : 0.1648    precision@3 : 0.1432    precision@4 : 0.1269    precision@5 : 0.1157    precision@10 : 0.0834    precision@20 : 0.0571    precision@30 : 0.0446    precision@50 : 0.0313    map@1 : 0.1949    map@2 : 0.1955    map@3 : 0.2013    map@4 : 0.2061    map@5 : 0.2114    map@10 : 0.2298    map@20 : 0.2429    map@30 : 0.2487    map@50 : 0.2533
Mon 16 Mar 2026 12:50:53 INFO  Running E-step ! 
Mon 16 Mar 2026 12:50:53 INFO  epoch 51 training [time: 0.15s, train_loss1: 2.9867, train_loss2: 0.0405, train_loss3: 0.0048]
Mon 16 Mar 2026 12:50:53 INFO  epoch 51 evaluating [time: 0.11s, valid_score: 0.313900]
Mon 16 Mar 2026 12:50:53 INFO  valid result: 
recall@1 : 0.12    recall@2 : 0.2066    recall@3 : 0.2669    recall@4 : 0.3069    recall@5 : 0.3407    recall@10 : 0.4705    recall@20 : 0.6014    recall@30 : 0.6799    recall@50 : 0.7646    ndcg@1 : 0.1955    ndcg@2 : 0.2216    ndcg@3 : 0.242    ndcg@4 : 0.2558    ndcg@5 : 0.2684    ndcg@10 : 0.3139    ndcg@20 : 0.3533    ndcg@30 : 0.3742    ndcg@50 : 0.3944    precision@1 : 0.1955    precision@2 : 0.1651    precision@3 : 0.1434    precision@4 : 0.1268    precision@5 : 0.1157    precision@10 : 0.0836    precision@20 : 0.0573    precision@30 : 0.0447    precision@50 : 0.0313    map@1 : 0.1955    map@2 : 0.1959    map@3 : 0.2016    map@4 : 0.2062    map@5 : 0.2113    map@10 : 0.23    map@20 : 0.2432    map@30 : 0.2489    map@50 : 0.2534
Mon 16 Mar 2026 12:50:53 INFO  Saving current: saved/NCL-Mar-16-2026_12-50-37.pth
Mon 16 Mar 2026 12:50:53 INFO  Saving current best: saved/NCL-Mar-16-2026_12-50-37.pth
Mon 16 Mar 2026 12:50:53 INFO  Running E-step ! 
Mon 16 Mar 2026 12:50:53 INFO  epoch 52 training [time: 0.17s, train_loss1: 2.9867, train_loss2: 0.0405, train_loss3: 0.0047]
Mon 16 Mar 2026 12:50:53 INFO  epoch 52 evaluating [time: 0.11s, valid_score: 0.314300]
Mon 16 Mar 2026 12:50:53 INFO  valid result: 
recall@1 : 0.1201    recall@2 : 0.2071    recall@3 : 0.2671    recall@4 : 0.3069    recall@5 : 0.3415    recall@10 : 0.4711    recall@20 : 0.6023    recall@30 : 0.6811    recall@50 : 0.7649    ndcg@1 : 0.1961    ndcg@2 : 0.2225    ndcg@3 : 0.2424    ndcg@4 : 0.2561    ndcg@5 : 0.2691    ndcg@10 : 0.3143    ndcg@20 : 0.3538    ndcg@30 : 0.3748    ndcg@50 : 0.3949    precision@1 : 0.1961    precision@2 : 0.166    precision@3 : 0.1436    precision@4 : 0.1269    precision@5 : 0.1162    precision@10 : 0.0836    precision@20 : 0.0574    precision@30 : 0.0447    precision@50 : 0.0314    map@1 : 0.1961    map@2 : 0.1965    map@3 : 0.2019    map@4 : 0.2065    map@5 : 0.2118    map@10 : 0.2303    map@20 : 0.2435    map@30 : 0.2493    map@50 : 0.2538
Mon 16 Mar 2026 12:50:53 INFO  Saving current: saved/NCL-Mar-16-2026_12-50-37.pth
Mon 16 Mar 2026 12:50:53 INFO  Saving current best: saved/NCL-Mar-16-2026_12-50-37.pth
Mon 16 Mar 2026 12:50:53 INFO  Running E-step ! 
Mon 16 Mar 2026 12:50:54 INFO  epoch 53 training [time: 0.20s, train_loss1: 2.9284, train_loss2: 0.0405, train_loss3: 0.0046]
Mon 16 Mar 2026 12:50:54 INFO  epoch 53 evaluating [time: 0.12s, valid_score: 0.314100]
Mon 16 Mar 2026 12:50:54 INFO  valid result: 
recall@1 : 0.1201    recall@2 : 0.2071    recall@3 : 0.2673    recall@4 : 0.3083    recall@5 : 0.34    recall@10 : 0.4705    recall@20 : 0.6026    recall@30 : 0.6805    recall@50 : 0.7671    ndcg@1 : 0.1961    ndcg@2 : 0.2225    ndcg@3 : 0.2425    ndcg@4 : 0.257    ndcg@5 : 0.2684    ndcg@10 : 0.3141    ndcg@20 : 0.3539    ndcg@30 : 0.3747    ndcg@50 : 0.3954    precision@1 : 0.1961    precision@2 : 0.166    precision@3 : 0.1438    precision@4 : 0.128    precision@5 : 0.1155    precision@10 : 0.0836    precision@20 : 0.0575    precision@30 : 0.0448    precision@50 : 0.0315    map@1 : 0.1961    map@2 : 0.1965    map@3 : 0.2019    map@4 : 0.207    map@5 : 0.2113    map@10 : 0.2302    map@20 : 0.2435    map@30 : 0.2493    map@50 : 0.2539
Mon 16 Mar 2026 12:50:54 INFO  Running E-step ! 
Mon 16 Mar 2026 12:50:54 INFO  epoch 54 training [time: 0.16s, train_loss1: 2.9547, train_loss2: 0.0405, train_loss3: 0.0046]
Mon 16 Mar 2026 12:50:54 INFO  epoch 54 evaluating [time: 0.11s, valid_score: 0.314300]
Mon 16 Mar 2026 12:50:54 INFO  valid result: 
recall@1 : 0.1207    recall@2 : 0.2069    recall@3 : 0.2672    recall@4 : 0.3078    recall@5 : 0.3404    recall@10 : 0.4705    recall@20 : 0.6042    recall@30 : 0.6811    recall@50 : 0.7672    ndcg@1 : 0.1967    ndcg@2 : 0.2227    ndcg@3 : 0.2427    ndcg@4 : 0.257    ndcg@5 : 0.2688    ndcg@10 : 0.3143    ndcg@20 : 0.3547    ndcg@30 : 0.3752    ndcg@50 : 0.3957    precision@1 : 0.1967    precision@2 : 0.166    precision@3 : 0.1438    precision@4 : 0.1278    precision@5 : 0.1157    precision@10 : 0.0836    precision@20 : 0.0578    precision@30 : 0.0449    precision@50 : 0.0315    map@1 : 0.1967    map@2 : 0.1968    map@3 : 0.2023    map@4 : 0.2072    map@5 : 0.2117    map@10 : 0.2305    map@20 : 0.244    map@30 : 0.2497    map@50 : 0.2543
Mon 16 Mar 2026 12:50:54 INFO  Saving current: saved/NCL-Mar-16-2026_12-50-37.pth
Mon 16 Mar 2026 12:50:54 INFO  Saving current best: saved/NCL-Mar-16-2026_12-50-37.pth
Mon 16 Mar 2026 12:50:54 INFO  Running E-step ! 
Mon 16 Mar 2026 12:50:54 INFO  epoch 55 training [time: 0.16s, train_loss1: 2.9453, train_loss2: 0.0405, train_loss3: 0.0044]
Mon 16 Mar 2026 12:50:54 INFO  epoch 55 evaluating [time: 0.11s, valid_score: 0.314600]
Mon 16 Mar 2026 12:50:54 INFO  valid result: 
recall@1 : 0.1208    recall@2 : 0.2061    recall@3 : 0.267    recall@4 : 0.3083    recall@5 : 0.3398    recall@10 : 0.4717    recall@20 : 0.6053    recall@30 : 0.6816    recall@50 : 0.7661    ndcg@1 : 0.1955    ndcg@2 : 0.2219    ndcg@3 : 0.2425    ndcg@4 : 0.257    ndcg@5 : 0.2685    ndcg@10 : 0.3146    ndcg@20 : 0.3549    ndcg@30 : 0.3753    ndcg@50 : 0.3956    precision@1 : 0.1955    precision@2 : 0.1654    precision@3 : 0.1438    precision@4 : 0.128    precision@5 : 0.1157    precision@10 : 0.084    precision@20 : 0.058    precision@30 : 0.045    precision@50 : 0.0315    map@1 : 0.1955    map@2 : 0.1962    map@3 : 0.202    map@4 : 0.2071    map@5 : 0.2115    map@10 : 0.2306    map@20 : 0.2441    map@30 : 0.2498    map@50 : 0.2543
Mon 16 Mar 2026 12:50:54 INFO  Saving current: saved/NCL-Mar-16-2026_12-50-37.pth
Mon 16 Mar 2026 12:50:54 INFO  Saving current best: saved/NCL-Mar-16-2026_12-50-37.pth
Mon 16 Mar 2026 12:50:54 INFO  Running E-step ! 
Mon 16 Mar 2026 12:50:55 INFO  epoch 56 training [time: 0.17s, train_loss1: 2.9249, train_loss2: 0.0405, train_loss3: 0.0043]
Mon 16 Mar 2026 12:50:55 INFO  epoch 56 evaluating [time: 0.11s, valid_score: 0.314600]
Mon 16 Mar 2026 12:50:55 INFO  valid result: 
recall@1 : 0.1202    recall@2 : 0.2069    recall@3 : 0.2668    recall@4 : 0.3087    recall@5 : 0.341    recall@10 : 0.4714    recall@20 : 0.6059    recall@30 : 0.6821    recall@50 : 0.7666    ndcg@1 : 0.1949    ndcg@2 : 0.2224    ndcg@3 : 0.2424    ndcg@4 : 0.2572    ndcg@5 : 0.2688    ndcg@10 : 0.3146    ndcg@20 : 0.3551    ndcg@30 : 0.3755    ndcg@50 : 0.3958    precision@1 : 0.1949    precision@2 : 0.1663    precision@3 : 0.1438    precision@4 : 0.1283    precision@5 : 0.1159    precision@10 : 0.084    precision@20 : 0.058    precision@30 : 0.045    precision@50 : 0.0316    map@1 : 0.1949    map@2 : 0.1964    map@3 : 0.2018    map@4 : 0.2071    map@5 : 0.2115    map@10 : 0.2305    map@20 : 0.2441    map@30 : 0.2498    map@50 : 0.2544
Mon 16 Mar 2026 12:50:55 INFO  Saving current: saved/NCL-Mar-16-2026_12-50-37.pth
Mon 16 Mar 2026 12:50:55 INFO  Saving current best: saved/NCL-Mar-16-2026_12-50-37.pth
Mon 16 Mar 2026 12:50:55 INFO  Running E-step ! 
Mon 16 Mar 2026 12:50:55 INFO  epoch 57 training [time: 0.16s, train_loss1: 2.9355, train_loss2: 0.0405, train_loss3: 0.0042]
Mon 16 Mar 2026 12:50:55 INFO  epoch 57 evaluating [time: 0.11s, valid_score: 0.314100]
Mon 16 Mar 2026 12:50:55 INFO  valid result: 
recall@1 : 0.1183    recall@2 : 0.2067    recall@3 : 0.2669    recall@4 : 0.3087    recall@5 : 0.3412    recall@10 : 0.472    recall@20 : 0.6071    recall@30 : 0.6837    recall@50 : 0.768    ndcg@1 : 0.1937    ndcg@2 : 0.2215    ndcg@3 : 0.2418    ndcg@4 : 0.2566    ndcg@5 : 0.2683    ndcg@10 : 0.3141    ndcg@20 : 0.3549    ndcg@30 : 0.3753    ndcg@50 : 0.3955    precision@1 : 0.1937    precision@2 : 0.166    precision@3 : 0.144    precision@4 : 0.1286    precision@5 : 0.1162    precision@10 : 0.084    precision@20 : 0.0582    precision@30 : 0.0452    precision@50 : 0.0316    map@1 : 0.1937    map@2 : 0.1953    map@3 : 0.2009    map@4 : 0.2061    map@5 : 0.2106    map@10 : 0.2296    map@20 : 0.2433    map@30 : 0.249    map@50 : 0.2536
Mon 16 Mar 2026 12:50:55 INFO  Running E-step ! 
Mon 16 Mar 2026 12:50:55 INFO  epoch 58 training [time: 0.16s, train_loss1: 2.9353, train_loss2: 0.0405, train_loss3: 0.0041]
Mon 16 Mar 2026 12:50:55 INFO  epoch 58 evaluating [time: 0.12s, valid_score: 0.314300]
Mon 16 Mar 2026 12:50:55 INFO  valid result: 
recall@1 : 0.1185    recall@2 : 0.2066    recall@3 : 0.2671    recall@4 : 0.3087    recall@5 : 0.3416    recall@10 : 0.472    recall@20 : 0.608    recall@30 : 0.684    recall@50 : 0.768    ndcg@1 : 0.1943    ndcg@2 : 0.2217    ndcg@3 : 0.242    ndcg@4 : 0.2566    ndcg@5 : 0.2686    ndcg@10 : 0.3143    ndcg@20 : 0.3554    ndcg@30 : 0.3756    ndcg@50 : 0.3958    precision@1 : 0.1943    precision@2 : 0.166    precision@3 : 0.1442    precision@4 : 0.1284    precision@5 : 0.1163    precision@10 : 0.0841    precision@20 : 0.0585    precision@30 : 0.0452    precision@50 : 0.0317    map@1 : 0.1943    map@2 : 0.1955    map@3 : 0.201    map@4 : 0.2063    map@5 : 0.2109    map@10 : 0.2298    map@20 : 0.2437    map@30 : 0.2493    map@50 : 0.2539
Mon 16 Mar 2026 12:50:55 INFO  Running E-step ! 
Mon 16 Mar 2026 12:50:56 INFO  epoch 59 training [time: 0.16s, train_loss1: 2.8799, train_loss2: 0.0405, train_loss3: 0.0040]
Mon 16 Mar 2026 12:50:56 INFO  epoch 59 evaluating [time: 0.11s, valid_score: 0.314500]
Mon 16 Mar 2026 12:50:56 INFO  valid result: 
recall@1 : 0.1182    recall@2 : 0.2068    recall@3 : 0.2676    recall@4 : 0.3086    recall@5 : 0.3433    recall@10 : 0.4727    recall@20 : 0.6091    recall@30 : 0.6854    recall@50 : 0.7691    ndcg@1 : 0.1937    ndcg@2 : 0.2218    ndcg@3 : 0.2424    ndcg@4 : 0.2567    ndcg@5 : 0.2694    ndcg@10 : 0.3145    ndcg@20 : 0.3558    ndcg@30 : 0.376    ndcg@50 : 0.3962    precision@1 : 0.1937    precision@2 : 0.1663    precision@3 : 0.145    precision@4 : 0.1286    precision@5 : 0.117    precision@10 : 0.0842    precision@20 : 0.0586    precision@30 : 0.0453    precision@50 : 0.0317    map@1 : 0.1937    map@2 : 0.1955    map@3 : 0.2011    map@4 : 0.2062    map@5 : 0.2112    map@10 : 0.2299    map@20 : 0.2438    map@30 : 0.2494    map@50 : 0.254
Mon 16 Mar 2026 12:50:56 INFO  Running E-step ! 
Mon 16 Mar 2026 12:50:56 INFO  epoch 60 training [time: 0.17s, train_loss1: 2.8658, train_loss2: 0.0405, train_loss3: 0.0040]
Mon 16 Mar 2026 12:50:56 INFO  epoch 60 evaluating [time: 0.11s, valid_score: 0.314800]
Mon 16 Mar 2026 12:50:56 INFO  valid result: 
recall@1 : 0.1186    recall@2 : 0.2066    recall@3 : 0.2676    recall@4 : 0.3087    recall@5 : 0.3433    recall@10 : 0.473    recall@20 : 0.609    recall@30 : 0.6855    recall@50 : 0.7703    ndcg@1 : 0.1937    ndcg@2 : 0.2216    ndcg@3 : 0.2426    ndcg@4 : 0.2568    ndcg@5 : 0.2695    ndcg@10 : 0.3148    ndcg@20 : 0.3559    ndcg@30 : 0.3763    ndcg@50 : 0.3967    precision@1 : 0.1937    precision@2 : 0.166    precision@3 : 0.1452    precision@4 : 0.1286    precision@5 : 0.117    precision@10 : 0.0844    precision@20 : 0.0586    precision@30 : 0.0454    precision@50 : 0.0318    map@1 : 0.1937    map@2 : 0.1953    map@3 : 0.2014    map@4 : 0.2065    map@5 : 0.2114    map@10 : 0.2301    map@20 : 0.2441    map@30 : 0.2497    map@50 : 0.2544
Mon 16 Mar 2026 12:50:56 INFO  Saving current: saved/NCL-Mar-16-2026_12-50-37.pth
Mon 16 Mar 2026 12:50:56 INFO  Saving current best: saved/NCL-Mar-16-2026_12-50-37.pth
Mon 16 Mar 2026 12:50:56 INFO  Running E-step ! 
Mon 16 Mar 2026 12:50:56 INFO  epoch 61 training [time: 0.17s, train_loss1: 2.8374, train_loss2: 0.0405, train_loss3: 0.0039]
Mon 16 Mar 2026 12:50:56 INFO  epoch 61 evaluating [time: 0.11s, valid_score: 0.315400]
Mon 16 Mar 2026 12:50:56 INFO  valid result: 
recall@1 : 0.12    recall@2 : 0.2065    recall@3 : 0.2679    recall@4 : 0.3084    recall@5 : 0.3432    recall@10 : 0.473    recall@20 : 0.6097    recall@30 : 0.6864    recall@50 : 0.7722    ndcg@1 : 0.1955    ndcg@2 : 0.2222    ndcg@3 : 0.2435    ndcg@4 : 0.2573    ndcg@5 : 0.27    ndcg@10 : 0.3154    ndcg@20 : 0.3567    ndcg@30 : 0.3771    ndcg@50 : 0.3978    precision@1 : 0.1955    precision@2 : 0.166    precision@3 : 0.1456    precision@4 : 0.1286    precision@5 : 0.117    precision@10 : 0.0843    precision@20 : 0.0586    precision@30 : 0.0454    precision@50 : 0.0319    map@1 : 0.1955    map@2 : 0.1962    map@3 : 0.2023    map@4 : 0.2072    map@5 : 0.2122    map@10 : 0.2309    map@20 : 0.245    map@30 : 0.2506    map@50 : 0.2554
Mon 16 Mar 2026 12:50:56 INFO  Saving current: saved/NCL-Mar-16-2026_12-50-37.pth
Mon 16 Mar 2026 12:50:56 INFO  Saving current best: saved/NCL-Mar-16-2026_12-50-37.pth
Mon 16 Mar 2026 12:50:56 INFO  Running E-step ! 
Mon 16 Mar 2026 12:50:56 INFO  epoch 62 training [time: 0.17s, train_loss1: 2.8686, train_loss2: 0.0405, train_loss3: 0.0039]
Mon 16 Mar 2026 12:50:57 INFO  epoch 62 evaluating [time: 0.11s, valid_score: 0.315700]
Mon 16 Mar 2026 12:50:57 INFO  valid result: 
recall@1 : 0.12    recall@2 : 0.2065    recall@3 : 0.2695    recall@4 : 0.3084    recall@5 : 0.3426    recall@10 : 0.4732    recall@20 : 0.6115    recall@30 : 0.6864    recall@50 : 0.7736    ndcg@1 : 0.1955    ndcg@2 : 0.2222    ndcg@3 : 0.2444    ndcg@4 : 0.2574    ndcg@5 : 0.2699    ndcg@10 : 0.3157    ndcg@20 : 0.3573    ndcg@30 : 0.3774    ndcg@50 : 0.3983    precision@1 : 0.1955    precision@2 : 0.166    precision@3 : 0.1464    precision@4 : 0.1286    precision@5 : 0.1169    precision@10 : 0.0846    precision@20 : 0.0587    precision@30 : 0.0455    precision@50 : 0.032    map@1 : 0.1955    map@2 : 0.1962    map@3 : 0.2029    map@4 : 0.2074    map@5 : 0.2123    map@10 : 0.2312    map@20 : 0.2453    map@30 : 0.2509    map@50 : 0.2557
Mon 16 Mar 2026 12:50:57 INFO  Saving current: saved/NCL-Mar-16-2026_12-50-37.pth
Mon 16 Mar 2026 12:50:57 INFO  Saving current best: saved/NCL-Mar-16-2026_12-50-37.pth
Mon 16 Mar 2026 12:50:57 INFO  Running E-step ! 
Mon 16 Mar 2026 12:50:57 INFO  epoch 63 training [time: 0.16s, train_loss1: 2.8178, train_loss2: 0.0404, train_loss3: 0.0038]
Mon 16 Mar 2026 12:50:57 INFO  epoch 63 evaluating [time: 0.11s, valid_score: 0.315700]
Mon 16 Mar 2026 12:50:57 INFO  valid result: 
recall@1 : 0.1194    recall@2 : 0.2069    recall@3 : 0.2695    recall@4 : 0.3083    recall@5 : 0.341    recall@10 : 0.4736    recall@20 : 0.6121    recall@30 : 0.6871    recall@50 : 0.7751    ndcg@1 : 0.1949    ndcg@2 : 0.2224    ndcg@3 : 0.2444    ndcg@4 : 0.2572    ndcg@5 : 0.2691    ndcg@10 : 0.3157    ndcg@20 : 0.3574    ndcg@30 : 0.3774    ndcg@50 : 0.3986    precision@1 : 0.1949    precision@2 : 0.1666    precision@3 : 0.1466    precision@4 : 0.1284    precision@5 : 0.1164    precision@10 : 0.0847    precision@20 : 0.0588    precision@30 : 0.0455    precision@50 : 0.0321    map@1 : 0.1949    map@2 : 0.1962    map@3 : 0.2028    map@4 : 0.2071    map@5 : 0.2117    map@10 : 0.231    map@20 : 0.2451    map@30 : 0.2508    map@50 : 0.2556
Mon 16 Mar 2026 12:50:57 INFO  Saving current: saved/NCL-Mar-16-2026_12-50-37.pth
Mon 16 Mar 2026 12:50:57 INFO  Saving current best: saved/NCL-Mar-16-2026_12-50-37.pth
Mon 16 Mar 2026 12:50:57 INFO  Running E-step ! 
Mon 16 Mar 2026 12:50:57 INFO  epoch 64 training [time: 0.17s, train_loss1: 2.8744, train_loss2: 0.0404, train_loss3: 0.0037]
Mon 16 Mar 2026 12:50:57 INFO  epoch 64 evaluating [time: 0.11s, valid_score: 0.316300]
Mon 16 Mar 2026 12:50:57 INFO  valid result: 
recall@1 : 0.1206    recall@2 : 0.2069    recall@3 : 0.2702    recall@4 : 0.3084    recall@5 : 0.3409    recall@10 : 0.4739    recall@20 : 0.6134    recall@30 : 0.6886    recall@50 : 0.7753    ndcg@1 : 0.1961    ndcg@2 : 0.2231    ndcg@3 : 0.2453    ndcg@4 : 0.2577    ndcg@5 : 0.2696    ndcg@10 : 0.3163    ndcg@20 : 0.3583    ndcg@30 : 0.3784    ndcg@50 : 0.3993    precision@1 : 0.1961    precision@2 : 0.1669    precision@3 : 0.147    precision@4 : 0.1283    precision@5 : 0.1164    precision@10 : 0.0848    precision@20 : 0.059    precision@30 : 0.0456    precision@50 : 0.0321    map@1 : 0.1961    map@2 : 0.1971    map@3 : 0.2037    map@4 : 0.2077    map@5 : 0.2124    map@10 : 0.2317    map@20 : 0.246    map@30 : 0.2516    map@50 : 0.2565
Mon 16 Mar 2026 12:50:57 INFO  Saving current: saved/NCL-Mar-16-2026_12-50-37.pth
Mon 16 Mar 2026 12:50:57 INFO  Saving current best: saved/NCL-Mar-16-2026_12-50-37.pth
Mon 16 Mar 2026 12:50:57 INFO  Running E-step ! 
Mon 16 Mar 2026 12:50:57 INFO  epoch 65 training [time: 0.15s, train_loss1: 2.8362, train_loss2: 0.0404, train_loss3: 0.0037]
Mon 16 Mar 2026 12:50:58 INFO  epoch 65 evaluating [time: 0.11s, valid_score: 0.316700]
Mon 16 Mar 2026 12:50:58 INFO  valid result: 
recall@1 : 0.1212    recall@2 : 0.208    recall@3 : 0.2704    recall@4 : 0.3085    recall@5 : 0.3409    recall@10 : 0.4736    recall@20 : 0.6131    recall@30 : 0.6899    recall@50 : 0.7764    ndcg@1 : 0.1967    ndcg@2 : 0.2246    ndcg@3 : 0.2459    ndcg@4 : 0.2582    ndcg@5 : 0.27    ndcg@10 : 0.3167    ndcg@20 : 0.3587    ndcg@30 : 0.3793    ndcg@50 : 0.4001    precision@1 : 0.1967    precision@2 : 0.1684    precision@3 : 0.1472    precision@4 : 0.1284    precision@5 : 0.1164    precision@10 : 0.0849    precision@20 : 0.059    precision@30 : 0.0457    precision@50 : 0.0322    map@1 : 0.1967    map@2 : 0.1986    map@3 : 0.2045    map@4 : 0.2084    map@5 : 0.213    map@10 : 0.2323    map@20 : 0.2465    map@30 : 0.2524    map@50 : 0.2572
Mon 16 Mar 2026 12:50:58 INFO  Saving current: saved/NCL-Mar-16-2026_12-50-37.pth
Mon 16 Mar 2026 12:50:58 INFO  Saving current best: saved/NCL-Mar-16-2026_12-50-37.pth
Mon 16 Mar 2026 12:50:58 INFO  Running E-step ! 
Mon 16 Mar 2026 12:50:58 INFO  epoch 66 training [time: 0.17s, train_loss1: 2.8384, train_loss2: 0.0403, train_loss3: 0.0036]
Mon 16 Mar 2026 12:50:58 INFO  epoch 66 evaluating [time: 0.11s, valid_score: 0.316800]
Mon 16 Mar 2026 12:50:58 INFO  valid result: 
recall@1 : 0.1216    recall@2 : 0.2078    recall@3 : 0.2704    recall@4 : 0.3082    recall@5 : 0.3395    recall@10 : 0.4735    recall@20 : 0.614    recall@30 : 0.6903    recall@50 : 0.7769    ndcg@1 : 0.1973    ndcg@2 : 0.2248    ndcg@3 : 0.2461    ndcg@4 : 0.2585    ndcg@5 : 0.2696    ndcg@10 : 0.3168    ndcg@20 : 0.3591    ndcg@30 : 0.3795    ndcg@50 : 0.4004    precision@1 : 0.1973    precision@2 : 0.1684    precision@3 : 0.1472    precision@4 : 0.1289    precision@5 : 0.1161    precision@10 : 0.085    precision@20 : 0.0591    precision@30 : 0.0458    precision@50 : 0.0322    map@1 : 0.1973    map@2 : 0.1989    map@3 : 0.2047    map@4 : 0.2088    map@5 : 0.213    map@10 : 0.2324    map@20 : 0.2468    map@30 : 0.2525    map@50 : 0.2574
Mon 16 Mar 2026 12:50:58 INFO  Saving current: saved/NCL-Mar-16-2026_12-50-37.pth
Mon 16 Mar 2026 12:50:58 INFO  Saving current best: saved/NCL-Mar-16-2026_12-50-37.pth
Mon 16 Mar 2026 12:50:58 INFO  Running E-step ! 
Mon 16 Mar 2026 12:50:58 INFO  epoch 67 training [time: 0.18s, train_loss1: 2.8385, train_loss2: 0.0403, train_loss3: 0.0035]
Mon 16 Mar 2026 12:50:58 INFO  epoch 67 evaluating [time: 0.19s, valid_score: 0.316600]
Mon 16 Mar 2026 12:50:58 INFO  valid result: 
recall@1 : 0.1214    recall@2 : 0.2077    recall@3 : 0.2705    recall@4 : 0.3081    recall@5 : 0.3397    recall@10 : 0.473    recall@20 : 0.6151    recall@30 : 0.6912    recall@50 : 0.7765    ndcg@1 : 0.1967    ndcg@2 : 0.2247    ndcg@3 : 0.2462    ndcg@4 : 0.2583    ndcg@5 : 0.2697    ndcg@10 : 0.3166    ndcg@20 : 0.3594    ndcg@30 : 0.3797    ndcg@50 : 0.4003    precision@1 : 0.1967    precision@2 : 0.1684    precision@3 : 0.1478    precision@4 : 0.1289    precision@5 : 0.1163    precision@10 : 0.085    precision@20 : 0.0593    precision@30 : 0.0458    precision@50 : 0.0322    map@1 : 0.1967    map@2 : 0.1987    map@3 : 0.2048    map@4 : 0.2086    map@5 : 0.2129    map@10 : 0.2323    map@20 : 0.2468    map@30 : 0.2526    map@50 : 0.2574
Mon 16 Mar 2026 12:50:58 INFO  Running E-step ! 
Mon 16 Mar 2026 12:50:58 INFO  epoch 68 training [time: 0.17s, train_loss1: 2.8071, train_loss2: 0.0403, train_loss3: 0.0035]
Mon 16 Mar 2026 12:50:59 INFO  epoch 68 evaluating [time: 0.18s, valid_score: 0.316100]
Mon 16 Mar 2026 12:50:59 INFO  valid result: 
recall@1 : 0.1209    recall@2 : 0.2075    recall@3 : 0.269    recall@4 : 0.3093    recall@5 : 0.34    recall@10 : 0.4718    recall@20 : 0.6162    recall@30 : 0.6914    recall@50 : 0.779    ndcg@1 : 0.1955    ndcg@2 : 0.2244    ndcg@3 : 0.2452    ndcg@4 : 0.2585    ndcg@5 : 0.2697    ndcg@10 : 0.3161    ndcg@20 : 0.3595    ndcg@30 : 0.3795    ndcg@50 : 0.4006    precision@1 : 0.1955    precision@2 : 0.1684    precision@3 : 0.1472    precision@4 : 0.1292    precision@5 : 0.1167    precision@10 : 0.0852    precision@20 : 0.0595    precision@30 : 0.0458    precision@50 : 0.0323    map@1 : 0.1955    map@2 : 0.1985    map@3 : 0.2041    map@4 : 0.2086    map@5 : 0.2128    map@10 : 0.232    map@20 : 0.2467    map@30 : 0.2524    map@50 : 0.2573
Mon 16 Mar 2026 12:50:59 INFO  Running E-step ! 
Mon 16 Mar 2026 12:50:59 INFO  epoch 69 training [time: 0.19s, train_loss1: 2.8238, train_loss2: 0.0402, train_loss3: 0.0034]
Mon 16 Mar 2026 12:50:59 INFO  epoch 69 evaluating [time: 0.19s, valid_score: 0.315700]
Mon 16 Mar 2026 12:50:59 INFO  valid result: 
recall@1 : 0.1204    recall@2 : 0.2074    recall@3 : 0.2678    recall@4 : 0.3082    recall@5 : 0.3399    recall@10 : 0.4711    recall@20 : 0.6195    recall@30 : 0.6929    recall@50 : 0.7805    ndcg@1 : 0.1955    ndcg@2 : 0.2239    ndcg@3 : 0.2446    ndcg@4 : 0.2578    ndcg@5 : 0.2693    ndcg@10 : 0.3157    ndcg@20 : 0.3601    ndcg@30 : 0.3798    ndcg@50 : 0.4007    precision@1 : 0.1955    precision@2 : 0.1678    precision@3 : 0.147    precision@4 : 0.129    precision@5 : 0.1167    precision@10 : 0.0852    precision@20 : 0.0597    precision@30 : 0.046    precision@50 : 0.0323    map@1 : 0.1955    map@2 : 0.1979    map@3 : 0.2035    map@4 : 0.208    map@5 : 0.2123    map@10 : 0.2315    map@20 : 0.2465    map@30 : 0.2522    map@50 : 0.257
Mon 16 Mar 2026 12:50:59 INFO  Running E-step ! 
Mon 16 Mar 2026 12:50:59 INFO  epoch 70 training [time: 0.18s, train_loss1: 2.7745, train_loss2: 0.0402, train_loss3: 0.0034]
Mon 16 Mar 2026 12:50:59 INFO  epoch 70 evaluating [time: 0.19s, valid_score: 0.316000]
Mon 16 Mar 2026 12:50:59 INFO  valid result: 
recall@1 : 0.121    recall@2 : 0.2068    recall@3 : 0.2671    recall@4 : 0.3071    recall@5 : 0.3392    recall@10 : 0.4722    recall@20 : 0.6191    recall@30 : 0.6939    recall@50 : 0.7825    ndcg@1 : 0.1961    ndcg@2 : 0.2237    ndcg@3 : 0.2443    ndcg@4 : 0.2575    ndcg@5 : 0.2691    ndcg@10 : 0.316    ndcg@20 : 0.3602    ndcg@30 : 0.3802    ndcg@50 : 0.4013    precision@1 : 0.1961    precision@2 : 0.1675    precision@3 : 0.1466    precision@4 : 0.1289    precision@5 : 0.1166    precision@10 : 0.0852    precision@20 : 0.0598    precision@30 : 0.0461    precision@50 : 0.0324    map@1 : 0.1961    map@2 : 0.1979    map@3 : 0.2034    map@4 : 0.2079    map@5 : 0.2123    map@10 : 0.2318    map@20 : 0.2468    map@30 : 0.2525    map@50 : 0.2574
Mon 16 Mar 2026 12:50:59 INFO  Running E-step ! 
Mon 16 Mar 2026 12:51:00 INFO  epoch 71 training [time: 0.18s, train_loss1: 2.7986, train_loss2: 0.0401, train_loss3: 0.0033]
Mon 16 Mar 2026 12:51:00 INFO  epoch 71 evaluating [time: 0.18s, valid_score: 0.316900]
Mon 16 Mar 2026 12:51:00 INFO  valid result: 
recall@1 : 0.1223    recall@2 : 0.208    recall@3 : 0.2667    recall@4 : 0.308    recall@5 : 0.3397    recall@10 : 0.4724    recall@20 : 0.6213    recall@30 : 0.6942    recall@50 : 0.7848    ndcg@1 : 0.1985    ndcg@2 : 0.2252    ndcg@3 : 0.2449    ndcg@4 : 0.2589    ndcg@5 : 0.2701    ndcg@10 : 0.3169    ndcg@20 : 0.3616    ndcg@30 : 0.3811    ndcg@50 : 0.4026    precision@1 : 0.1985    precision@2 : 0.1684    precision@3 : 0.1466    precision@4 : 0.1296    precision@5 : 0.1167    precision@10 : 0.0853    precision@20 : 0.06    precision@30 : 0.0462    precision@50 : 0.0325    map@1 : 0.1985    map@2 : 0.1992    map@3 : 0.2042    map@4 : 0.2092    map@5 : 0.2134    map@10 : 0.2328    map@20 : 0.2479    map@30 : 0.2536    map@50 : 0.2585
Mon 16 Mar 2026 12:51:00 INFO  Saving current: saved/NCL-Mar-16-2026_12-50-37.pth
Mon 16 Mar 2026 12:51:00 INFO  Saving current best: saved/NCL-Mar-16-2026_12-50-37.pth
Mon 16 Mar 2026 12:51:00 INFO  Running E-step ! 
Mon 16 Mar 2026 12:51:00 INFO  epoch 72 training [time: 0.20s, train_loss1: 2.7425, train_loss2: 0.0401, train_loss3: 0.0032]
Mon 16 Mar 2026 12:51:00 INFO  epoch 72 evaluating [time: 0.18s, valid_score: 0.316900]
Mon 16 Mar 2026 12:51:00 INFO  valid result: 
recall@1 : 0.1217    recall@2 : 0.208    recall@3 : 0.2666    recall@4 : 0.3074    recall@5 : 0.3395    recall@10 : 0.4728    recall@20 : 0.622    recall@30 : 0.6957    recall@50 : 0.7855    ndcg@1 : 0.1979    ndcg@2 : 0.225    ndcg@3 : 0.2445    ndcg@4 : 0.2584    ndcg@5 : 0.2699    ndcg@10 : 0.3169    ndcg@20 : 0.3616    ndcg@30 : 0.3814    ndcg@50 : 0.4026    precision@1 : 0.1979    precision@2 : 0.1684    precision@3 : 0.1464    precision@4 : 0.1295    precision@5 : 0.1169    precision@10 : 0.0855    precision@20 : 0.0601    precision@30 : 0.0463    precision@50 : 0.0325    map@1 : 0.1979    map@2 : 0.1989    map@3 : 0.2038    map@4 : 0.2087    map@5 : 0.2131    map@10 : 0.2326    map@20 : 0.2478    map@30 : 0.2534    map@50 : 0.2583
Mon 16 Mar 2026 12:51:00 INFO  Saving current: saved/NCL-Mar-16-2026_12-50-37.pth
Mon 16 Mar 2026 12:51:00 INFO  Saving current best: saved/NCL-Mar-16-2026_12-50-37.pth
Mon 16 Mar 2026 12:51:00 INFO  Running E-step ! 
Mon 16 Mar 2026 12:51:00 INFO  epoch 73 training [time: 0.20s, train_loss1: 2.7272, train_loss2: 0.0400, train_loss3: 0.0032]
Mon 16 Mar 2026 12:51:01 INFO  epoch 73 evaluating [time: 0.19s, valid_score: 0.317200]
Mon 16 Mar 2026 12:51:01 INFO  valid result: 
recall@1 : 0.1223    recall@2 : 0.2082    recall@3 : 0.2666    recall@4 : 0.3066    recall@5 : 0.3406    recall@10 : 0.4725    recall@20 : 0.6224    recall@30 : 0.6953    recall@50 : 0.7878    ndcg@1 : 0.1985    ndcg@2 : 0.2254    ndcg@3 : 0.2448    ndcg@4 : 0.2584    ndcg@5 : 0.2706    ndcg@10 : 0.3172    ndcg@20 : 0.3621    ndcg@30 : 0.3817    ndcg@50 : 0.4035    precision@1 : 0.1985    precision@2 : 0.1687    precision@3 : 0.1464    precision@4 : 0.1296    precision@5 : 0.1173    precision@10 : 0.0857    precision@20 : 0.0601    precision@30 : 0.0463    precision@50 : 0.0326    map@1 : 0.1985    map@2 : 0.1993    map@3 : 0.2043    map@4 : 0.2089    map@5 : 0.2136    map@10 : 0.233    map@20 : 0.2482    map@30 : 0.2539    map@50 : 0.2588
Mon 16 Mar 2026 12:51:01 INFO  Saving current: saved/NCL-Mar-16-2026_12-50-37.pth
Mon 16 Mar 2026 12:51:01 INFO  Saving current best: saved/NCL-Mar-16-2026_12-50-37.pth
Mon 16 Mar 2026 12:51:01 INFO  Running E-step ! 
Mon 16 Mar 2026 12:51:01 INFO  epoch 74 training [time: 0.19s, train_loss1: 2.7350, train_loss2: 0.0400, train_loss3: 0.0032]
Mon 16 Mar 2026 12:51:01 INFO  epoch 74 evaluating [time: 0.19s, valid_score: 0.318300]
Mon 16 Mar 2026 12:51:01 INFO  valid result: 
recall@1 : 0.1227    recall@2 : 0.2083    recall@3 : 0.2673    recall@4 : 0.3076    recall@5 : 0.3397    recall@10 : 0.4751    recall@20 : 0.6223    recall@30 : 0.6957    recall@50 : 0.7889    ndcg@1 : 0.1985    ndcg@2 : 0.2257    ndcg@3 : 0.2455    ndcg@4 : 0.2592    ndcg@5 : 0.2706    ndcg@10 : 0.3183    ndcg@20 : 0.3623    ndcg@30 : 0.382    ndcg@50 : 0.4041    precision@1 : 0.1985    precision@2 : 0.169    precision@3 : 0.147    precision@4 : 0.1301    precision@5 : 0.1172    precision@10 : 0.0862    precision@20 : 0.0601    precision@30 : 0.0463    precision@50 : 0.0327    map@1 : 0.1985    map@2 : 0.1996    map@3 : 0.205    map@4 : 0.2096    map@5 : 0.2138    map@10 : 0.2337    map@20 : 0.2486    map@30 : 0.2543    map@50 : 0.2593
Mon 16 Mar 2026 12:51:01 INFO  Saving current: saved/NCL-Mar-16-2026_12-50-37.pth
Mon 16 Mar 2026 12:51:01 INFO  Saving current best: saved/NCL-Mar-16-2026_12-50-37.pth
Mon 16 Mar 2026 12:51:01 INFO  Running E-step ! 
Mon 16 Mar 2026 12:51:01 INFO  epoch 75 training [time: 0.17s, train_loss1: 2.7187, train_loss2: 0.0399, train_loss3: 0.0031]
Mon 16 Mar 2026 12:51:01 INFO  epoch 75 evaluating [time: 0.19s, valid_score: 0.318000]
Mon 16 Mar 2026 12:51:01 INFO  valid result: 
recall@1 : 0.1227    recall@2 : 0.2078    recall@3 : 0.2672    recall@4 : 0.3079    recall@5 : 0.3401    recall@10 : 0.4742    recall@20 : 0.6232    recall@30 : 0.6963    recall@50 : 0.7888    ndcg@1 : 0.1985    ndcg@2 : 0.2256    ndcg@3 : 0.2455    ndcg@4 : 0.2592    ndcg@5 : 0.2708    ndcg@10 : 0.318    ndcg@20 : 0.3626    ndcg@30 : 0.3822    ndcg@50 : 0.4041    precision@1 : 0.1985    precision@2 : 0.169    precision@3 : 0.147    precision@4 : 0.1299    precision@5 : 0.1175    precision@10 : 0.0861    precision@20 : 0.0603    precision@30 : 0.0464    precision@50 : 0.0327    map@1 : 0.1985    map@2 : 0.1995    map@3 : 0.2049    map@4 : 0.2095    map@5 : 0.2139    map@10 : 0.2336    map@20 : 0.2486    map@30 : 0.2543    map@50 : 0.2593
Mon 16 Mar 2026 12:51:01 INFO  Running E-step ! 
Mon 16 Mar 2026 12:51:02 INFO  epoch 76 training [time: 0.19s, train_loss1: 2.7362, train_loss2: 0.0399, train_loss3: 0.0031]
Mon 16 Mar 2026 12:51:02 INFO  epoch 76 evaluating [time: 0.18s, valid_score: 0.318800]
Mon 16 Mar 2026 12:51:02 INFO  valid result: 
recall@1 : 0.1238    recall@2 : 0.2095    recall@3 : 0.2668    recall@4 : 0.3084    recall@5 : 0.3401    recall@10 : 0.4745    recall@20 : 0.623    recall@30 : 0.6965    recall@50 : 0.7906    ndcg@1 : 0.2002    ndcg@2 : 0.2273    ndcg@3 : 0.246    ndcg@4 : 0.2602    ndcg@5 : 0.2714    ndcg@10 : 0.3188    ndcg@20 : 0.3634    ndcg@30 : 0.383    ndcg@50 : 0.4053    precision@1 : 0.2002    precision@2 : 0.1701    precision@3 : 0.147    precision@4 : 0.1305    precision@5 : 0.1174    precision@10 : 0.0861    precision@20 : 0.0603    precision@30 : 0.0464    precision@50 : 0.0328    map@1 : 0.2002    map@2 : 0.201    map@3 : 0.2056    map@4 : 0.2106    map@5 : 0.2146    map@10 : 0.2344    map@20 : 0.2496    map@30 : 0.2552    map@50 : 0.2603
Mon 16 Mar 2026 12:51:02 INFO  Saving current: saved/NCL-Mar-16-2026_12-50-37.pth
Mon 16 Mar 2026 12:51:02 INFO  Saving current best: saved/NCL-Mar-16-2026_12-50-37.pth
Mon 16 Mar 2026 12:51:02 INFO  Running E-step ! 
Mon 16 Mar 2026 12:51:02 INFO  epoch 77 training [time: 0.19s, train_loss1: 2.7142, train_loss2: 0.0398, train_loss3: 0.0031]
Mon 16 Mar 2026 12:51:02 INFO  epoch 77 evaluating [time: 0.18s, valid_score: 0.318900]
Mon 16 Mar 2026 12:51:02 INFO  valid result: 
recall@1 : 0.1244    recall@2 : 0.2098    recall@3 : 0.267    recall@4 : 0.3084    recall@5 : 0.34    recall@10 : 0.4737    recall@20 : 0.6241    recall@30 : 0.6968    recall@50 : 0.7901    ndcg@1 : 0.2008    ndcg@2 : 0.2277    ndcg@3 : 0.2465    ndcg@4 : 0.2605    ndcg@5 : 0.2717    ndcg@10 : 0.3189    ndcg@20 : 0.364    ndcg@30 : 0.3835    ndcg@50 : 0.4056    precision@1 : 0.2008    precision@2 : 0.1704    precision@3 : 0.1472    precision@4 : 0.1305    precision@5 : 0.1175    precision@10 : 0.0861    precision@20 : 0.0604    precision@30 : 0.0465    precision@50 : 0.0328    map@1 : 0.2008    map@2 : 0.2016    map@3 : 0.206    map@4 : 0.211    map@5 : 0.215    map@10 : 0.2349    map@20 : 0.2502    map@30 : 0.2558    map@50 : 0.2609
Mon 16 Mar 2026 12:51:02 INFO  Saving current: saved/NCL-Mar-16-2026_12-50-37.pth
Mon 16 Mar 2026 12:51:02 INFO  Saving current best: saved/NCL-Mar-16-2026_12-50-37.pth
Mon 16 Mar 2026 12:51:02 INFO  Running E-step ! 
Mon 16 Mar 2026 12:51:02 INFO  epoch 78 training [time: 0.20s, train_loss1: 2.6925, train_loss2: 0.0397, train_loss3: 0.0031]
Mon 16 Mar 2026 12:51:03 INFO  epoch 78 evaluating [time: 0.18s, valid_score: 0.319700]
Mon 16 Mar 2026 12:51:03 INFO  valid result: 
recall@1 : 0.1257    recall@2 : 0.2107    recall@3 : 0.2659    recall@4 : 0.3085    recall@5 : 0.3399    recall@10 : 0.4741    recall@20 : 0.626    recall@30 : 0.6974    recall@50 : 0.7927    ndcg@1 : 0.2026    ndcg@2 : 0.2289    ndcg@3 : 0.2465    ndcg@4 : 0.2613    ndcg@5 : 0.2724    ndcg@10 : 0.3197    ndcg@20 : 0.3652    ndcg@30 : 0.3843    ndcg@50 : 0.4068    precision@1 : 0.2026    precision@2 : 0.171    precision@3 : 0.1468    precision@4 : 0.1308    precision@5 : 0.1179    precision@10 : 0.0862    precision@20 : 0.0605    precision@30 : 0.0465    precision@50 : 0.0329    map@1 : 0.2026    map@2 : 0.2028    map@3 : 0.2064    map@4 : 0.2118    map@5 : 0.2159    map@10 : 0.2357    map@20 : 0.2511    map@30 : 0.2567    map@50 : 0.2618
Mon 16 Mar 2026 12:51:03 INFO  Saving current: saved/NCL-Mar-16-2026_12-50-37.pth
Mon 16 Mar 2026 12:51:03 INFO  Saving current best: saved/NCL-Mar-16-2026_12-50-37.pth
Mon 16 Mar 2026 12:51:03 INFO  Running E-step ! 
Mon 16 Mar 2026 12:51:03 INFO  epoch 79 training [time: 0.18s, train_loss1: 2.6659, train_loss2: 0.0397, train_loss3: 0.0030]
Mon 16 Mar 2026 12:51:03 INFO  epoch 79 evaluating [time: 0.18s, valid_score: 0.319700]
Mon 16 Mar 2026 12:51:03 INFO  valid result: 
recall@1 : 0.1254    recall@2 : 0.2118    recall@3 : 0.266    recall@4 : 0.3067    recall@5 : 0.3403    recall@10 : 0.4736    recall@20 : 0.6267    recall@30 : 0.6971    recall@50 : 0.7942    ndcg@1 : 0.2032    ndcg@2 : 0.2295    ndcg@3 : 0.2467    ndcg@4 : 0.2608    ndcg@5 : 0.2726    ndcg@10 : 0.3197    ndcg@20 : 0.3654    ndcg@30 : 0.3844    ndcg@50 : 0.4072    precision@1 : 0.2032    precision@2 : 0.1713    precision@3 : 0.147    precision@4 : 0.1308    precision@5 : 0.1181    precision@10 : 0.0864    precision@20 : 0.0606    precision@30 : 0.0466    precision@50 : 0.0329    map@1 : 0.2032    map@2 : 0.2031    map@3 : 0.2066    map@4 : 0.2115    map@5 : 0.2161    map@10 : 0.2358    map@20 : 0.2513    map@30 : 0.2568    map@50 : 0.2619
Mon 16 Mar 2026 12:51:03 INFO  Saving current: saved/NCL-Mar-16-2026_12-50-37.pth
Mon 16 Mar 2026 12:51:03 INFO  Saving current best: saved/NCL-Mar-16-2026_12-50-37.pth
Mon 16 Mar 2026 12:51:03 INFO  Running E-step ! 
Mon 16 Mar 2026 12:51:03 INFO  epoch 80 training [time: 0.19s, train_loss1: 2.6783, train_loss2: 0.0396, train_loss3: 0.0030]
Mon 16 Mar 2026 12:51:03 INFO  epoch 80 evaluating [time: 0.19s, valid_score: 0.319500]
Mon 16 Mar 2026 12:51:03 INFO  valid result: 
recall@1 : 0.1248    recall@2 : 0.2113    recall@3 : 0.2659    recall@4 : 0.3061    recall@5 : 0.3402    recall@10 : 0.4735    recall@20 : 0.6282    recall@30 : 0.698    recall@50 : 0.7941    ndcg@1 : 0.2026    ndcg@2 : 0.2286    ndcg@3 : 0.2465    ndcg@4 : 0.2603    ndcg@5 : 0.2724    ndcg@10 : 0.3195    ndcg@20 : 0.3656    ndcg@30 : 0.3844    ndcg@50 : 0.4069    precision@1 : 0.2026    precision@2 : 0.1704    precision@3 : 0.1472    precision@4 : 0.1308    precision@5 : 0.1184    precision@10 : 0.0866    precision@20 : 0.0608    precision@30 : 0.0466    precision@50 : 0.0329    map@1 : 0.2026    map@2 : 0.2022    map@3 : 0.2062    map@4 : 0.211    map@5 : 0.2157    map@10 : 0.2354    map@20 : 0.2511    map@30 : 0.2565    map@50 : 0.2616
Mon 16 Mar 2026 12:51:03 INFO  Running E-step ! 
Mon 16 Mar 2026 12:51:04 INFO  epoch 81 training [time: 0.20s, train_loss1: 2.6555, train_loss2: 0.0396, train_loss3: 0.0029]
Mon 16 Mar 2026 12:51:04 INFO  epoch 81 evaluating [time: 0.19s, valid_score: 0.319600]
Mon 16 Mar 2026 12:51:04 INFO  valid result: 
recall@1 : 0.1248    recall@2 : 0.211    recall@3 : 0.2657    recall@4 : 0.3062    recall@5 : 0.3402    recall@10 : 0.4738    recall@20 : 0.6291    recall@30 : 0.697    recall@50 : 0.7931    ndcg@1 : 0.2026    ndcg@2 : 0.2284    ndcg@3 : 0.2463    ndcg@4 : 0.2601    ndcg@5 : 0.2722    ndcg@10 : 0.3196    ndcg@20 : 0.3659    ndcg@30 : 0.3842    ndcg@50 : 0.4068    precision@1 : 0.2026    precision@2 : 0.1704    precision@3 : 0.147    precision@4 : 0.1305    precision@5 : 0.1181    precision@10 : 0.0868    precision@20 : 0.0608    precision@30 : 0.0466    precision@50 : 0.0328    map@1 : 0.2026    map@2 : 0.202    map@3 : 0.206    map@4 : 0.2109    map@5 : 0.2155    map@10 : 0.2355    map@20 : 0.2511    map@30 : 0.2565    map@50 : 0.2617
Mon 16 Mar 2026 12:51:04 INFO  Running E-step ! 
Mon 16 Mar 2026 12:51:04 INFO  epoch 82 training [time: 0.18s, train_loss1: 2.6902, train_loss2: 0.0395, train_loss3: 0.0029]
Mon 16 Mar 2026 12:51:04 INFO  epoch 82 evaluating [time: 0.19s, valid_score: 0.319800]
Mon 16 Mar 2026 12:51:04 INFO  valid result: 
recall@1 : 0.1246    recall@2 : 0.2124    recall@3 : 0.2655    recall@4 : 0.3065    recall@5 : 0.3419    recall@10 : 0.4739    recall@20 : 0.6287    recall@30 : 0.6993    recall@50 : 0.7951    ndcg@1 : 0.202    ndcg@2 : 0.2296    ndcg@3 : 0.2463    ndcg@4 : 0.2606    ndcg@5 : 0.2731    ndcg@10 : 0.3198    ndcg@20 : 0.3661    ndcg@30 : 0.385    ndcg@50 : 0.4074    precision@1 : 0.202    precision@2 : 0.1719    precision@3 : 0.1468    precision@4 : 0.131    precision@5 : 0.1187    precision@10 : 0.0867    precision@20 : 0.0609    precision@30 : 0.0468    precision@50 : 0.0329    map@1 : 0.202    map@2 : 0.2028    map@3 : 0.2062    map@4 : 0.2113    map@5 : 0.2161    map@10 : 0.2357    map@20 : 0.2515    map@30 : 0.257    map@50 : 0.2621
Mon 16 Mar 2026 12:51:04 INFO  Saving current: saved/NCL-Mar-16-2026_12-50-37.pth
Mon 16 Mar 2026 12:51:04 INFO  Saving current best: saved/NCL-Mar-16-2026_12-50-37.pth
Mon 16 Mar 2026 12:51:04 INFO  Running E-step ! 
Mon 16 Mar 2026 12:51:04 INFO  epoch 83 training [time: 0.18s, train_loss1: 2.6566, train_loss2: 0.0394, train_loss3: 0.0028]
Mon 16 Mar 2026 12:51:05 INFO  epoch 83 evaluating [time: 0.19s, valid_score: 0.320300]
Mon 16 Mar 2026 12:51:05 INFO  valid result: 
recall@1 : 0.1249    recall@2 : 0.2122    recall@3 : 0.2657    recall@4 : 0.3061    recall@5 : 0.3417    recall@10 : 0.4753    recall@20 : 0.6291    recall@30 : 0.6993    recall@50 : 0.7954    ndcg@1 : 0.202    ndcg@2 : 0.2295    ndcg@3 : 0.2465    ndcg@4 : 0.2605    ndcg@5 : 0.2731    ndcg@10 : 0.3203    ndcg@20 : 0.3663    ndcg@30 : 0.3852    ndcg@50 : 0.4077    precision@1 : 0.202    precision@2 : 0.1716    precision@3 : 0.147    precision@4 : 0.131    precision@5 : 0.1187    precision@10 : 0.0868    precision@20 : 0.0609    precision@30 : 0.0468    precision@50 : 0.0329    map@1 : 0.202    map@2 : 0.2028    map@3 : 0.2064    map@4 : 0.2114    map@5 : 0.2163    map@10 : 0.2362    map@20 : 0.2518    map@30 : 0.2573    map@50 : 0.2624
Mon 16 Mar 2026 12:51:05 INFO  Saving current: saved/NCL-Mar-16-2026_12-50-37.pth
Mon 16 Mar 2026 12:51:05 INFO  Saving current best: saved/NCL-Mar-16-2026_12-50-37.pth
Mon 16 Mar 2026 12:51:05 INFO  Running E-step ! 
Mon 16 Mar 2026 12:51:05 INFO  epoch 84 training [time: 0.19s, train_loss1: 2.6480, train_loss2: 0.0394, train_loss3: 0.0028]
Mon 16 Mar 2026 12:51:05 INFO  epoch 84 evaluating [time: 0.19s, valid_score: 0.321100]
Mon 16 Mar 2026 12:51:05 INFO  valid result: 
recall@1 : 0.1254    recall@2 : 0.2129    recall@3 : 0.2647    recall@4 : 0.3071    recall@5 : 0.3412    recall@10 : 0.4764    recall@20 : 0.6286    recall@30 : 0.6983    recall@50 : 0.7963    ndcg@1 : 0.2026    ndcg@2 : 0.2301    ndcg@3 : 0.2464    ndcg@4 : 0.261    ndcg@5 : 0.2733    ndcg@10 : 0.3211    ndcg@20 : 0.3664    ndcg@30 : 0.3852    ndcg@50 : 0.4081    precision@1 : 0.2026    precision@2 : 0.1722    precision@3 : 0.147    precision@4 : 0.131    precision@5 : 0.1188    precision@10 : 0.0874    precision@20 : 0.0609    precision@30 : 0.0467    precision@50 : 0.0329    map@1 : 0.2026    map@2 : 0.2031    map@3 : 0.2064    map@4 : 0.2118    map@5 : 0.2165    map@10 : 0.2367    map@20 : 0.252    map@30 : 0.2575    map@50 : 0.2627
Mon 16 Mar 2026 12:51:05 INFO  Saving current: saved/NCL-Mar-16-2026_12-50-37.pth
Mon 16 Mar 2026 12:51:05 INFO  Saving current best: saved/NCL-Mar-16-2026_12-50-37.pth
Mon 16 Mar 2026 12:51:05 INFO  Running E-step ! 
Mon 16 Mar 2026 12:51:05 INFO  epoch 85 training [time: 0.17s, train_loss1: 2.6470, train_loss2: 0.0393, train_loss3: 0.0028]
Mon 16 Mar 2026 12:51:05 INFO  epoch 85 evaluating [time: 0.19s, valid_score: 0.321700]
Mon 16 Mar 2026 12:51:06 INFO  valid result: 
recall@1 : 0.1252    recall@2 : 0.2134    recall@3 : 0.2656    recall@4 : 0.3074    recall@5 : 0.3421    recall@10 : 0.478    recall@20 : 0.6285    recall@30 : 0.6985    recall@50 : 0.7967    ndcg@1 : 0.2014    ndcg@2 : 0.2297    ndcg@3 : 0.2468    ndcg@4 : 0.2611    ndcg@5 : 0.2735    ndcg@10 : 0.3217    ndcg@20 : 0.3666    ndcg@30 : 0.3854    ndcg@50 : 0.4083    precision@1 : 0.2014    precision@2 : 0.1719    precision@3 : 0.1476    precision@4 : 0.1311    precision@5 : 0.119    precision@10 : 0.0878    precision@20 : 0.0609    precision@30 : 0.0468    precision@50 : 0.033    map@1 : 0.2014    map@2 : 0.2028    map@3 : 0.2066    map@4 : 0.2119    map@5 : 0.2167    map@10 : 0.237    map@20 : 0.2522    map@30 : 0.2577    map@50 : 0.2629
Mon 16 Mar 2026 12:51:06 INFO  Saving current: saved/NCL-Mar-16-2026_12-50-37.pth
Mon 16 Mar 2026 12:51:06 INFO  Saving current best: saved/NCL-Mar-16-2026_12-50-37.pth
Mon 16 Mar 2026 12:51:06 INFO  Running E-step ! 
Mon 16 Mar 2026 12:51:06 INFO  epoch 86 training [time: 0.18s, train_loss1: 2.6428, train_loss2: 0.0392, train_loss3: 0.0027]
Mon 16 Mar 2026 12:51:06 INFO  epoch 86 evaluating [time: 0.19s, valid_score: 0.321700]
Mon 16 Mar 2026 12:51:06 INFO  valid result: 
recall@1 : 0.1249    recall@2 : 0.2135    recall@3 : 0.266    recall@4 : 0.307    recall@5 : 0.3425    recall@10 : 0.4783    recall@20 : 0.6285    recall@30 : 0.697    recall@50 : 0.7966    ndcg@1 : 0.2008    ndcg@2 : 0.2298    ndcg@3 : 0.2469    ndcg@4 : 0.2606    ndcg@5 : 0.2735    ndcg@10 : 0.3217    ndcg@20 : 0.3666    ndcg@30 : 0.3851    ndcg@50 : 0.4084    precision@1 : 0.2008    precision@2 : 0.1722    precision@3 : 0.1478    precision@4 : 0.1305    precision@5 : 0.119    precision@10 : 0.0878    precision@20 : 0.0609    precision@30 : 0.0467    precision@50 : 0.033    map@1 : 0.2008    map@2 : 0.2029    map@3 : 0.2068    map@4 : 0.2115    map@5 : 0.2165    map@10 : 0.237    map@20 : 0.2522    map@30 : 0.2577    map@50 : 0.263
Mon 16 Mar 2026 12:51:06 INFO  Saving current: saved/NCL-Mar-16-2026_12-50-37.pth
Mon 16 Mar 2026 12:51:06 INFO  Saving current best: saved/NCL-Mar-16-2026_12-50-37.pth
Mon 16 Mar 2026 12:51:06 INFO  Running E-step ! 
Mon 16 Mar 2026 12:51:06 INFO  epoch 87 training [time: 0.18s, train_loss1: 2.6060, train_loss2: 0.0392, train_loss3: 0.0027]
Mon 16 Mar 2026 12:51:06 INFO  epoch 87 evaluating [time: 0.18s, valid_score: 0.323000]
Mon 16 Mar 2026 12:51:06 INFO  valid result: 
recall@1 : 0.1257    recall@2 : 0.2154    recall@3 : 0.2677    recall@4 : 0.3063    recall@5 : 0.3435    recall@10 : 0.4799    recall@20 : 0.6288    recall@30 : 0.6979    recall@50 : 0.7965    ndcg@1 : 0.202    ndcg@2 : 0.2313    ndcg@3 : 0.2482    ndcg@4 : 0.261    ndcg@5 : 0.2745    ndcg@10 : 0.323    ndcg@20 : 0.3675    ndcg@30 : 0.3862    ndcg@50 : 0.4093    precision@1 : 0.202    precision@2 : 0.1731    precision@3 : 0.148    precision@4 : 0.1304    precision@5 : 0.1192    precision@10 : 0.0881    precision@20 : 0.0609    precision@30 : 0.0468    precision@50 : 0.033    map@1 : 0.202    map@2 : 0.2044    map@3 : 0.2079    map@4 : 0.2122    map@5 : 0.2177    map@10 : 0.2382    map@20 : 0.2533    map@30 : 0.2589    map@50 : 0.2641
Mon 16 Mar 2026 12:51:06 INFO  Saving current: saved/NCL-Mar-16-2026_12-50-37.pth
Mon 16 Mar 2026 12:51:06 INFO  Saving current best: saved/NCL-Mar-16-2026_12-50-37.pth
Mon 16 Mar 2026 12:51:06 INFO  Running E-step ! 
Mon 16 Mar 2026 12:51:07 INFO  epoch 88 training [time: 0.17s, train_loss1: 2.5938, train_loss2: 0.0391, train_loss3: 0.0026]
Mon 16 Mar 2026 12:51:07 INFO  epoch 88 evaluating [time: 0.18s, valid_score: 0.323800]
Mon 16 Mar 2026 12:51:07 INFO  valid result: 
recall@1 : 0.1258    recall@2 : 0.2154    recall@3 : 0.2687    recall@4 : 0.3057    recall@5 : 0.3446    recall@10 : 0.4814    recall@20 : 0.6283    recall@30 : 0.6982    recall@50 : 0.7959    ndcg@1 : 0.2026    ndcg@2 : 0.2316    ndcg@3 : 0.249    ndcg@4 : 0.2609    ndcg@5 : 0.2753    ndcg@10 : 0.3238    ndcg@20 : 0.3676    ndcg@30 : 0.3866    ndcg@50 : 0.4095    precision@1 : 0.2026    precision@2 : 0.1734    precision@3 : 0.1488    precision@4 : 0.1302    precision@5 : 0.1198    precision@10 : 0.0884    precision@20 : 0.0609    precision@30 : 0.0468    precision@50 : 0.0331    map@1 : 0.2026    map@2 : 0.2049    map@3 : 0.2085    map@4 : 0.2123    map@5 : 0.2182    map@10 : 0.2387    map@20 : 0.2536    map@30 : 0.2592    map@50 : 0.2645
Mon 16 Mar 2026 12:51:07 INFO  Saving current: saved/NCL-Mar-16-2026_12-50-37.pth
Mon 16 Mar 2026 12:51:07 INFO  Saving current best: saved/NCL-Mar-16-2026_12-50-37.pth
Mon 16 Mar 2026 12:51:07 INFO  Running E-step ! 
Mon 16 Mar 2026 12:51:07 INFO  epoch 89 training [time: 0.18s, train_loss1: 2.6171, train_loss2: 0.0391, train_loss3: 0.0027]
Mon 16 Mar 2026 12:51:07 INFO  epoch 89 evaluating [time: 0.19s, valid_score: 0.324000]
Mon 16 Mar 2026 12:51:07 INFO  valid result: 
recall@1 : 0.1258    recall@2 : 0.215    recall@3 : 0.269    recall@4 : 0.3048    recall@5 : 0.3454    recall@10 : 0.4813    recall@20 : 0.6286    recall@30 : 0.6986    recall@50 : 0.7962    ndcg@1 : 0.2026    ndcg@2 : 0.2316    ndcg@3 : 0.2493    ndcg@4 : 0.2606    ndcg@5 : 0.2756    ndcg@10 : 0.324    ndcg@20 : 0.3679    ndcg@30 : 0.3869    ndcg@50 : 0.4098    precision@1 : 0.2026    precision@2 : 0.1734    precision@3 : 0.1492    precision@4 : 0.1301    precision@5 : 0.12    precision@10 : 0.0886    precision@20 : 0.0609    precision@30 : 0.047    precision@50 : 0.0331    map@1 : 0.2026    map@2 : 0.2052    map@3 : 0.2088    map@4 : 0.2122    map@5 : 0.2186    map@10 : 0.239    map@20 : 0.2538    map@30 : 0.2595    map@50 : 0.2647
Mon 16 Mar 2026 12:51:07 INFO  Saving current: saved/NCL-Mar-16-2026_12-50-37.pth
Mon 16 Mar 2026 12:51:07 INFO  Saving current best: saved/NCL-Mar-16-2026_12-50-37.pth
Mon 16 Mar 2026 12:51:07 INFO  Running E-step ! 
Mon 16 Mar 2026 12:51:07 INFO  epoch 90 training [time: 0.18s, train_loss1: 2.6403, train_loss2: 0.0390, train_loss3: 0.0026]
Mon 16 Mar 2026 12:51:08 INFO  epoch 90 evaluating [time: 0.28s, valid_score: 0.324200]
Mon 16 Mar 2026 12:51:08 INFO  valid result: 
recall@1 : 0.126    recall@2 : 0.2151    recall@3 : 0.2688    recall@4 : 0.3047    recall@5 : 0.3463    recall@10 : 0.4813    recall@20 : 0.6286    recall@30 : 0.6984    recall@50 : 0.7964    ndcg@1 : 0.2026    ndcg@2 : 0.2319    ndcg@3 : 0.2491    ndcg@4 : 0.2606    ndcg@5 : 0.2759    ndcg@10 : 0.3242    ndcg@20 : 0.3682    ndcg@30 : 0.3871    ndcg@50 : 0.4102    precision@1 : 0.2026    precision@2 : 0.1737    precision@3 : 0.1488    precision@4 : 0.1301    precision@5 : 0.12    precision@10 : 0.0886    precision@20 : 0.061    precision@30 : 0.0469    precision@50 : 0.0332    map@1 : 0.2026    map@2 : 0.2055    map@3 : 0.2086    map@4 : 0.2122    map@5 : 0.2188    map@10 : 0.2393    map@20 : 0.2542    map@30 : 0.2598    map@50 : 0.2651
Mon 16 Mar 2026 12:51:08 INFO  Saving current: saved/NCL-Mar-16-2026_12-50-37.pth
Mon 16 Mar 2026 12:51:08 INFO  Saving current best: saved/NCL-Mar-16-2026_12-50-37.pth
Mon 16 Mar 2026 12:51:08 INFO  Running E-step ! 
Mon 16 Mar 2026 12:51:08 INFO  epoch 91 training [time: 0.18s, train_loss1: 2.5861, train_loss2: 0.0389, train_loss3: 0.0027]
Mon 16 Mar 2026 12:51:08 INFO  epoch 91 evaluating [time: 0.19s, valid_score: 0.324300]
Mon 16 Mar 2026 12:51:08 INFO  valid result: 
recall@1 : 0.1266    recall@2 : 0.2158    recall@3 : 0.2691    recall@4 : 0.3041    recall@5 : 0.3469    recall@10 : 0.4805    recall@20 : 0.6291    recall@30 : 0.6983    recall@50 : 0.796    ndcg@1 : 0.2032    ndcg@2 : 0.2328    ndcg@3 : 0.2498    ndcg@4 : 0.2611    ndcg@5 : 0.2765    ndcg@10 : 0.3243    ndcg@20 : 0.3687    ndcg@30 : 0.3877    ndcg@50 : 0.4106    precision@1 : 0.2032    precision@2 : 0.1746    precision@3 : 0.1494    precision@4 : 0.1305    precision@5 : 0.12    precision@10 : 0.0883    precision@20 : 0.0609    precision@30 : 0.047    precision@50 : 0.0332    map@1 : 0.2032    map@2 : 0.2062    map@3 : 0.2093    map@4 : 0.2129    map@5 : 0.2194    map@10 : 0.2397    map@20 : 0.2548    map@30 : 0.2604    map@50 : 0.2657
Mon 16 Mar 2026 12:51:08 INFO  Saving current: saved/NCL-Mar-16-2026_12-50-37.pth
Mon 16 Mar 2026 12:51:08 INFO  Saving current best: saved/NCL-Mar-16-2026_12-50-37.pth
Mon 16 Mar 2026 12:51:08 INFO  Running E-step ! 
Mon 16 Mar 2026 12:51:08 INFO  epoch 92 training [time: 0.19s, train_loss1: 2.5797, train_loss2: 0.0389, train_loss3: 0.0026]
Mon 16 Mar 2026 12:51:08 INFO  epoch 92 evaluating [time: 0.19s, valid_score: 0.325100]
Mon 16 Mar 2026 12:51:08 INFO  valid result: 
recall@1 : 0.1275    recall@2 : 0.2157    recall@3 : 0.2691    recall@4 : 0.3044    recall@5 : 0.348    recall@10 : 0.4815    recall@20 : 0.6288    recall@30 : 0.6986    recall@50 : 0.7965    ndcg@1 : 0.2044    ndcg@2 : 0.2331    ndcg@3 : 0.2501    ndcg@4 : 0.2615    ndcg@5 : 0.2775    ndcg@10 : 0.3251    ndcg@20 : 0.3691    ndcg@30 : 0.3882    ndcg@50 : 0.4112    precision@1 : 0.2044    precision@2 : 0.1746    precision@3 : 0.1494    precision@4 : 0.1305    precision@5 : 0.1206    precision@10 : 0.0884    precision@20 : 0.0609    precision@30 : 0.047    precision@50 : 0.0332    map@1 : 0.2044    map@2 : 0.2066    map@3 : 0.2097    map@4 : 0.2134    map@5 : 0.2202    map@10 : 0.2403    map@20 : 0.2553    map@30 : 0.2609    map@50 : 0.2662
Mon 16 Mar 2026 12:51:08 INFO  Saving current: saved/NCL-Mar-16-2026_12-50-37.pth
Mon 16 Mar 2026 12:51:08 INFO  Saving current best: saved/NCL-Mar-16-2026_12-50-37.pth
Mon 16 Mar 2026 12:51:08 INFO  Running E-step ! 
Mon 16 Mar 2026 12:51:09 INFO  epoch 93 training [time: 0.18s, train_loss1: 2.5854, train_loss2: 0.0388, train_loss3: 0.0025]
Mon 16 Mar 2026 12:51:09 INFO  epoch 93 evaluating [time: 0.19s, valid_score: 0.325700]
Mon 16 Mar 2026 12:51:09 INFO  valid result: 
recall@1 : 0.1275    recall@2 : 0.2159    recall@3 : 0.2703    recall@4 : 0.3053    recall@5 : 0.3493    recall@10 : 0.4827    recall@20 : 0.628    recall@30 : 0.6985    recall@50 : 0.7987    ndcg@1 : 0.2044    ndcg@2 : 0.2331    ndcg@3 : 0.2506    ndcg@4 : 0.2623    ndcg@5 : 0.2783    ndcg@10 : 0.3257    ndcg@20 : 0.3693    ndcg@30 : 0.3885    ndcg@50 : 0.412    precision@1 : 0.2044    precision@2 : 0.1746    precision@3 : 0.1496    precision@4 : 0.1314    precision@5 : 0.1213    precision@10 : 0.0886    precision@20 : 0.0609    precision@30 : 0.0471    precision@50 : 0.0333    map@1 : 0.2044    map@2 : 0.2066    map@3 : 0.2101    map@4 : 0.2139    map@5 : 0.2208    map@10 : 0.2408    map@20 : 0.2557    map@30 : 0.2614    map@50 : 0.2667
Mon 16 Mar 2026 12:51:09 INFO  Saving current: saved/NCL-Mar-16-2026_12-50-37.pth
Mon 16 Mar 2026 12:51:09 INFO  Saving current best: saved/NCL-Mar-16-2026_12-50-37.pth
Mon 16 Mar 2026 12:51:09 INFO  Running E-step ! 
Mon 16 Mar 2026 12:51:09 INFO  epoch 94 training [time: 0.19s, train_loss1: 2.5677, train_loss2: 0.0387, train_loss3: 0.0025]
Mon 16 Mar 2026 12:51:09 INFO  epoch 94 evaluating [time: 0.20s, valid_score: 0.326600]
Mon 16 Mar 2026 12:51:09 INFO  valid result: 
recall@1 : 0.1285    recall@2 : 0.2162    recall@3 : 0.2704    recall@4 : 0.3058    recall@5 : 0.3487    recall@10 : 0.4839    recall@20 : 0.629    recall@30 : 0.6989    recall@50 : 0.7993    ndcg@1 : 0.2062    ndcg@2 : 0.2338    ndcg@3 : 0.2512    ndcg@4 : 0.263    ndcg@5 : 0.2787    ndcg@10 : 0.3266    ndcg@20 : 0.3701    ndcg@30 : 0.3891    ndcg@50 : 0.4126    precision@1 : 0.2062    precision@2 : 0.1746    precision@3 : 0.1498    precision@4 : 0.1317    precision@5 : 0.1216    precision@10 : 0.0889    precision@20 : 0.0611    precision@30 : 0.047    precision@50 : 0.0333    map@1 : 0.2062    map@2 : 0.2074    map@3 : 0.2107    map@4 : 0.2146    map@5 : 0.2216    map@10 : 0.2416    map@20 : 0.2564    map@30 : 0.262    map@50 : 0.2674
Mon 16 Mar 2026 12:51:09 INFO  Saving current: saved/NCL-Mar-16-2026_12-50-37.pth
Mon 16 Mar 2026 12:51:09 INFO  Saving current best: saved/NCL-Mar-16-2026_12-50-37.pth
Mon 16 Mar 2026 12:51:09 INFO  Running E-step ! 
Mon 16 Mar 2026 12:51:09 INFO  epoch 95 training [time: 0.16s, train_loss1: 2.5874, train_loss2: 0.0387, train_loss3: 0.0024]
Mon 16 Mar 2026 12:51:10 INFO  epoch 95 evaluating [time: 0.19s, valid_score: 0.327400]
Mon 16 Mar 2026 12:51:10 INFO  valid result: 
recall@1 : 0.1301    recall@2 : 0.2162    recall@3 : 0.2704    recall@4 : 0.3059    recall@5 : 0.3487    recall@10 : 0.484    recall@20 : 0.6295    recall@30 : 0.6984    recall@50 : 0.7988    ndcg@1 : 0.2086    ndcg@2 : 0.2345    ndcg@3 : 0.2519    ndcg@4 : 0.2637    ndcg@5 : 0.2795    ndcg@10 : 0.3274    ndcg@20 : 0.3708    ndcg@30 : 0.3897    ndcg@50 : 0.4132    precision@1 : 0.2086    precision@2 : 0.1746    precision@3 : 0.1498    precision@4 : 0.1317    precision@5 : 0.1219    precision@10 : 0.089    precision@20 : 0.0611    precision@30 : 0.047    precision@50 : 0.0333    map@1 : 0.2086    map@2 : 0.2083    map@3 : 0.2116    map@4 : 0.2154    map@5 : 0.2224    map@10 : 0.2424    map@20 : 0.2572    map@30 : 0.2629    map@50 : 0.2682
Mon 16 Mar 2026 12:51:10 INFO  Saving current: saved/NCL-Mar-16-2026_12-50-37.pth
Mon 16 Mar 2026 12:51:10 INFO  Saving current best: saved/NCL-Mar-16-2026_12-50-37.pth
Mon 16 Mar 2026 12:51:10 INFO  Running E-step ! 
Mon 16 Mar 2026 12:51:10 INFO  epoch 96 training [time: 0.18s, train_loss1: 2.5612, train_loss2: 0.0386, train_loss3: 0.0025]
Mon 16 Mar 2026 12:51:10 INFO  epoch 96 evaluating [time: 0.18s, valid_score: 0.327700]
Mon 16 Mar 2026 12:51:10 INFO  valid result: 
recall@1 : 0.13    recall@2 : 0.2168    recall@3 : 0.2704    recall@4 : 0.306    recall@5 : 0.3494    recall@10 : 0.4847    recall@20 : 0.6299    recall@30 : 0.6989    recall@50 : 0.799    ndcg@1 : 0.2086    ndcg@2 : 0.2349    ndcg@3 : 0.252    ndcg@4 : 0.2638    ndcg@5 : 0.2799    ndcg@10 : 0.3277    ndcg@20 : 0.3711    ndcg@30 : 0.39    ndcg@50 : 0.4135    precision@1 : 0.2086    precision@2 : 0.1749    precision@3 : 0.1498    precision@4 : 0.1319    precision@5 : 0.1222    precision@10 : 0.0892    precision@20 : 0.0611    precision@30 : 0.0471    precision@50 : 0.0333    map@1 : 0.2086    map@2 : 0.2086    map@3 : 0.2117    map@4 : 0.2155    map@5 : 0.2226    map@10 : 0.2426    map@20 : 0.2574    map@30 : 0.2631    map@50 : 0.2684
Mon 16 Mar 2026 12:51:10 INFO  Saving current: saved/NCL-Mar-16-2026_12-50-37.pth
Mon 16 Mar 2026 12:51:10 INFO  Saving current best: saved/NCL-Mar-16-2026_12-50-37.pth
Mon 16 Mar 2026 12:51:10 INFO  Running E-step ! 
Mon 16 Mar 2026 12:51:10 INFO  epoch 97 training [time: 0.21s, train_loss1: 2.5602, train_loss2: 0.0385, train_loss3: 0.0025]
Mon 16 Mar 2026 12:51:10 INFO  epoch 97 evaluating [time: 0.19s, valid_score: 0.328400]
Mon 16 Mar 2026 12:51:10 INFO  valid result: 
recall@1 : 0.1312    recall@2 : 0.2166    recall@3 : 0.27    recall@4 : 0.3081    recall@5 : 0.3496    recall@10 : 0.4848    recall@20 : 0.6282    recall@30 : 0.6994    recall@50 : 0.7993    ndcg@1 : 0.2098    ndcg@2 : 0.2352    ndcg@3 : 0.2522    ndcg@4 : 0.265    ndcg@5 : 0.2805    ndcg@10 : 0.3284    ndcg@20 : 0.3713    ndcg@30 : 0.3907    ndcg@50 : 0.4142    precision@1 : 0.2098    precision@2 : 0.1746    precision@3 : 0.1498    precision@4 : 0.1323    precision@5 : 0.1223    precision@10 : 0.0895    precision@20 : 0.061    precision@30 : 0.0471    precision@50 : 0.0333    map@1 : 0.2098    map@2 : 0.209    map@3 : 0.2121    map@4 : 0.2163    map@5 : 0.223    map@10 : 0.2434    map@20 : 0.258    map@30 : 0.2638    map@50 : 0.2691
Mon 16 Mar 2026 12:51:10 INFO  Saving current: saved/NCL-Mar-16-2026_12-50-37.pth
Mon 16 Mar 2026 12:51:10 INFO  Saving current best: saved/NCL-Mar-16-2026_12-50-37.pth
Mon 16 Mar 2026 12:51:10 INFO  Running E-step ! 
Mon 16 Mar 2026 12:51:11 INFO  epoch 98 training [time: 0.16s, train_loss1: 2.5672, train_loss2: 0.0384, train_loss3: 0.0024]
Mon 16 Mar 2026 12:51:11 INFO  epoch 98 evaluating [time: 0.19s, valid_score: 0.328800]
Mon 16 Mar 2026 12:51:11 INFO  valid result: 
recall@1 : 0.1316    recall@2 : 0.2156    recall@3 : 0.2707    recall@4 : 0.3098    recall@5 : 0.3487    recall@10 : 0.4856    recall@20 : 0.6294    recall@30 : 0.6989    recall@50 : 0.7999    ndcg@1 : 0.2098    ndcg@2 : 0.2348    ndcg@3 : 0.2527    ndcg@4 : 0.2659    ndcg@5 : 0.2802    ndcg@10 : 0.3288    ndcg@20 : 0.3718    ndcg@30 : 0.3909    ndcg@50 : 0.4145    precision@1 : 0.2098    precision@2 : 0.1743    precision@3 : 0.1502    precision@4 : 0.133    precision@5 : 0.1219    precision@10 : 0.0895    precision@20 : 0.0611    precision@30 : 0.0472    precision@50 : 0.0334    map@1 : 0.2098    map@2 : 0.2087    map@3 : 0.2126    map@4 : 0.217    map@5 : 0.223    map@10 : 0.2437    map@20 : 0.2583    map@30 : 0.264    map@50 : 0.2694
Mon 16 Mar 2026 12:51:11 INFO  Saving current: saved/NCL-Mar-16-2026_12-50-37.pth
Mon 16 Mar 2026 12:51:11 INFO  Saving current best: saved/NCL-Mar-16-2026_12-50-37.pth
Mon 16 Mar 2026 12:51:11 INFO  Running E-step ! 
Mon 16 Mar 2026 12:51:11 INFO  epoch 99 training [time: 0.19s, train_loss1: 2.5725, train_loss2: 0.0384, train_loss3: 0.0024]
Mon 16 Mar 2026 12:51:11 INFO  epoch 99 evaluating [time: 0.19s, valid_score: 0.328800]
Mon 16 Mar 2026 12:51:11 INFO  valid result: 
recall@1 : 0.131    recall@2 : 0.2159    recall@3 : 0.2711    recall@4 : 0.3089    recall@5 : 0.3495    recall@10 : 0.4862    recall@20 : 0.6312    recall@30 : 0.6982    recall@50 : 0.8002    ndcg@1 : 0.2092    ndcg@2 : 0.2347    ndcg@3 : 0.2526    ndcg@4 : 0.2652    ndcg@5 : 0.2803    ndcg@10 : 0.3288    ndcg@20 : 0.3721    ndcg@30 : 0.3906    ndcg@50 : 0.4145    precision@1 : 0.2092    precision@2 : 0.1743    precision@3 : 0.1502    precision@4 : 0.1324    precision@5 : 0.1221    precision@10 : 0.0896    precision@20 : 0.0613    precision@30 : 0.0472    precision@50 : 0.0334    map@1 : 0.2092    map@2 : 0.2084    map@3 : 0.2124    map@4 : 0.2165    map@5 : 0.2229    map@10 : 0.2435    map@20 : 0.2582    map@30 : 0.2638    map@50 : 0.2692
Mon 16 Mar 2026 12:51:11 INFO  Saving current: saved/NCL-Mar-16-2026_12-50-37.pth
Mon 16 Mar 2026 12:51:11 INFO  Saving current best: saved/NCL-Mar-16-2026_12-50-37.pth
Mon 16 Mar 2026 12:51:11 INFO  Running E-step ! 
Mon 16 Mar 2026 12:51:11 INFO  epoch 100 training [time: 0.19s, train_loss1: 2.4918, train_loss2: 0.0383, train_loss3: 0.0024]
Mon 16 Mar 2026 12:51:12 INFO  epoch 100 evaluating [time: 0.19s, valid_score: 0.328900]
Mon 16 Mar 2026 12:51:12 INFO  valid result: 
recall@1 : 0.131    recall@2 : 0.2159    recall@3 : 0.271    recall@4 : 0.3089    recall@5 : 0.3514    recall@10 : 0.4861    recall@20 : 0.6326    recall@30 : 0.699    recall@50 : 0.8    ndcg@1 : 0.2092    ndcg@2 : 0.2347    ndcg@3 : 0.2526    ndcg@4 : 0.2652    ndcg@5 : 0.281    ndcg@10 : 0.3289    ndcg@20 : 0.3727    ndcg@30 : 0.391    ndcg@50 : 0.4146    precision@1 : 0.2092    precision@2 : 0.1743    precision@3 : 0.1502    precision@4 : 0.1324    precision@5 : 0.1226    precision@10 : 0.0896    precision@20 : 0.0615    precision@30 : 0.0473    precision@50 : 0.0334    map@1 : 0.2092    map@2 : 0.2084    map@3 : 0.2123    map@4 : 0.2164    map@5 : 0.2233    map@10 : 0.2436    map@20 : 0.2585    map@30 : 0.2641    map@50 : 0.2694
Mon 16 Mar 2026 12:51:12 INFO  Saving current: saved/NCL-Mar-16-2026_12-50-37.pth
Mon 16 Mar 2026 12:51:12 INFO  Saving current best: saved/NCL-Mar-16-2026_12-50-37.pth
Mon 16 Mar 2026 12:51:12 INFO  Running E-step ! 
Mon 16 Mar 2026 12:51:12 INFO  epoch 101 training [time: 0.18s, train_loss1: 2.5441, train_loss2: 0.0382, train_loss3: 0.0024]
Mon 16 Mar 2026 12:51:12 INFO  epoch 101 evaluating [time: 0.19s, valid_score: 0.328900]
Mon 16 Mar 2026 12:51:12 INFO  valid result: 
recall@1 : 0.1298    recall@2 : 0.2159    recall@3 : 0.2728    recall@4 : 0.3092    recall@5 : 0.3519    recall@10 : 0.4869    recall@20 : 0.632    recall@30 : 0.6986    recall@50 : 0.8005    ndcg@1 : 0.208    ndcg@2 : 0.2343    ndcg@3 : 0.2534    ndcg@4 : 0.2651    ndcg@5 : 0.2809    ndcg@10 : 0.3289    ndcg@20 : 0.3722    ndcg@30 : 0.3907    ndcg@50 : 0.4145    precision@1 : 0.208    precision@2 : 0.1743    precision@3 : 0.1516    precision@4 : 0.1326    precision@5 : 0.1226    precision@10 : 0.0897    precision@20 : 0.0614    precision@30 : 0.0473    precision@50 : 0.0334    map@1 : 0.208    map@2 : 0.2078    map@3 : 0.2126    map@4 : 0.2161    map@5 : 0.2231    map@10 : 0.2433    map@20 : 0.2581    map@30 : 0.2638    map@50 : 0.2691
Mon 16 Mar 2026 12:51:12 INFO  Saving current: saved/NCL-Mar-16-2026_12-50-37.pth
Mon 16 Mar 2026 12:51:12 INFO  Saving current best: saved/NCL-Mar-16-2026_12-50-37.pth
Mon 16 Mar 2026 12:51:12 INFO  Running E-step ! 
Mon 16 Mar 2026 12:51:12 INFO  epoch 102 training [time: 0.18s, train_loss1: 2.5456, train_loss2: 0.0382, train_loss3: 0.0023]
Mon 16 Mar 2026 12:51:12 INFO  epoch 102 evaluating [time: 0.18s, valid_score: 0.329500]
Mon 16 Mar 2026 12:51:12 INFO  valid result: 
recall@1 : 0.1299    recall@2 : 0.2171    recall@3 : 0.273    recall@4 : 0.3093    recall@5 : 0.3519    recall@10 : 0.4877    recall@20 : 0.6329    recall@30 : 0.6992    recall@50 : 0.8018    ndcg@1 : 0.2086    ndcg@2 : 0.2352    ndcg@3 : 0.2539    ndcg@4 : 0.2654    ndcg@5 : 0.2812    ndcg@10 : 0.3295    ndcg@20 : 0.3728    ndcg@30 : 0.3912    ndcg@50 : 0.4152    precision@1 : 0.2086    precision@2 : 0.1749    precision@3 : 0.152    precision@4 : 0.1326    precision@5 : 0.1225    precision@10 : 0.0899    precision@20 : 0.0615    precision@30 : 0.0473    precision@50 : 0.0335    map@1 : 0.2086    map@2 : 0.2086    map@3 : 0.2131    map@4 : 0.2163    map@5 : 0.2234    map@10 : 0.2438    map@20 : 0.2586    map@30 : 0.2642    map@50 : 0.2696
Mon 16 Mar 2026 12:51:12 INFO  Saving current: saved/NCL-Mar-16-2026_12-50-37.pth
Mon 16 Mar 2026 12:51:12 INFO  Saving current best: saved/NCL-Mar-16-2026_12-50-37.pth
Mon 16 Mar 2026 12:51:12 INFO  Running E-step ! 
Mon 16 Mar 2026 12:51:13 INFO  epoch 103 training [time: 0.17s, train_loss1: 2.5580, train_loss2: 0.0381, train_loss3: 0.0023]
Mon 16 Mar 2026 12:51:13 INFO  epoch 103 evaluating [time: 0.19s, valid_score: 0.330100]
Mon 16 Mar 2026 12:51:13 INFO  valid result: 
recall@1 : 0.1311    recall@2 : 0.2166    recall@3 : 0.2722    recall@4 : 0.3093    recall@5 : 0.3522    recall@10 : 0.4882    recall@20 : 0.6325    recall@30 : 0.6992    recall@50 : 0.8009    ndcg@1 : 0.2098    ndcg@2 : 0.2354    ndcg@3 : 0.254    ndcg@4 : 0.2657    ndcg@5 : 0.2817    ndcg@10 : 0.3301    ndcg@20 : 0.3732    ndcg@30 : 0.3917    ndcg@50 : 0.4155    precision@1 : 0.2098    precision@2 : 0.1749    precision@3 : 0.152    precision@4 : 0.1326    precision@5 : 0.1228    precision@10 : 0.09    precision@20 : 0.0615    precision@30 : 0.0473    precision@50 : 0.0335    map@1 : 0.2098    map@2 : 0.2089    map@3 : 0.2134    map@4 : 0.2167    map@5 : 0.2238    map@10 : 0.2444    map@20 : 0.2591    map@30 : 0.2647    map@50 : 0.2701
Mon 16 Mar 2026 12:51:13 INFO  Saving current: saved/NCL-Mar-16-2026_12-50-37.pth
Mon 16 Mar 2026 12:51:13 INFO  Saving current best: saved/NCL-Mar-16-2026_12-50-37.pth
Mon 16 Mar 2026 12:51:13 INFO  Running E-step ! 
Mon 16 Mar 2026 12:51:13 INFO  epoch 104 training [time: 0.18s, train_loss1: 2.5374, train_loss2: 0.0380, train_loss3: 0.0022]
Mon 16 Mar 2026 12:51:13 INFO  epoch 104 evaluating [time: 0.19s, valid_score: 0.330900]
Mon 16 Mar 2026 12:51:13 INFO  valid result: 
recall@1 : 0.1323    recall@2 : 0.2174    recall@3 : 0.2724    recall@4 : 0.309    recall@5 : 0.3504    recall@10 : 0.4888    recall@20 : 0.633    recall@30 : 0.7001    recall@50 : 0.8001    ndcg@1 : 0.211    ndcg@2 : 0.2365    ndcg@3 : 0.2548    ndcg@4 : 0.2662    ndcg@5 : 0.2816    ndcg@10 : 0.3309    ndcg@20 : 0.374    ndcg@30 : 0.3925    ndcg@50 : 0.416    precision@1 : 0.211    precision@2 : 0.1755    precision@3 : 0.1524    precision@4 : 0.1327    precision@5 : 0.1225    precision@10 : 0.0901    precision@20 : 0.0616    precision@30 : 0.0473    precision@50 : 0.0334    map@1 : 0.211    map@2 : 0.2099    map@3 : 0.2143    map@4 : 0.2175    map@5 : 0.2242    map@10 : 0.2452    map@20 : 0.2599    map@30 : 0.2656    map@50 : 0.2709
Mon 16 Mar 2026 12:51:13 INFO  Saving current: saved/NCL-Mar-16-2026_12-50-37.pth
Mon 16 Mar 2026 12:51:13 INFO  Saving current best: saved/NCL-Mar-16-2026_12-50-37.pth
Mon 16 Mar 2026 12:51:13 INFO  Running E-step ! 
Mon 16 Mar 2026 12:51:13 INFO  epoch 105 training [time: 0.18s, train_loss1: 2.4688, train_loss2: 0.0380, train_loss3: 0.0024]
Mon 16 Mar 2026 12:51:14 INFO  epoch 105 evaluating [time: 0.19s, valid_score: 0.331600]
Mon 16 Mar 2026 12:51:14 INFO  valid result: 
recall@1 : 0.1329    recall@2 : 0.218    recall@3 : 0.2724    recall@4 : 0.3096    recall@5 : 0.3509    recall@10 : 0.4893    recall@20 : 0.6323    recall@30 : 0.6993    recall@50 : 0.8    ndcg@1 : 0.2116    ndcg@2 : 0.2371    ndcg@3 : 0.2551    ndcg@4 : 0.2668    ndcg@5 : 0.2822    ndcg@10 : 0.3316    ndcg@20 : 0.3743    ndcg@30 : 0.3928    ndcg@50 : 0.4165    precision@1 : 0.2116    precision@2 : 0.1758    precision@3 : 0.1524    precision@4 : 0.133    precision@5 : 0.1229    precision@10 : 0.0903    precision@20 : 0.0615    precision@30 : 0.0473    precision@50 : 0.0334    map@1 : 0.2116    map@2 : 0.2105    map@3 : 0.2147    map@4 : 0.2181    map@5 : 0.2248    map@10 : 0.2459    map@20 : 0.2604    map@30 : 0.2662    map@50 : 0.2715
Mon 16 Mar 2026 12:51:14 INFO  Saving current: saved/NCL-Mar-16-2026_12-50-37.pth
Mon 16 Mar 2026 12:51:14 INFO  Saving current best: saved/NCL-Mar-16-2026_12-50-37.pth
Mon 16 Mar 2026 12:51:14 INFO  Running E-step ! 
Mon 16 Mar 2026 12:51:14 INFO  epoch 106 training [time: 0.18s, train_loss1: 2.4989, train_loss2: 0.0379, train_loss3: 0.0024]
Mon 16 Mar 2026 12:51:14 INFO  epoch 106 evaluating [time: 0.19s, valid_score: 0.331400]
Mon 16 Mar 2026 12:51:14 INFO  valid result: 
recall@1 : 0.1329    recall@2 : 0.2169    recall@3 : 0.272    recall@4 : 0.3106    recall@5 : 0.3476    recall@10 : 0.489    recall@20 : 0.6327    recall@30 : 0.7002    recall@50 : 0.799    ndcg@1 : 0.2116    ndcg@2 : 0.2363    ndcg@3 : 0.2546    ndcg@4 : 0.2671    ndcg@5 : 0.2809    ndcg@10 : 0.3314    ndcg@20 : 0.3742    ndcg@30 : 0.3929    ndcg@50 : 0.4162    precision@1 : 0.2116    precision@2 : 0.1749    precision@3 : 0.152    precision@4 : 0.1335    precision@5 : 0.1224    precision@10 : 0.0903    precision@20 : 0.0615    precision@30 : 0.0474    precision@50 : 0.0334    map@1 : 0.2116    map@2 : 0.2099    map@3 : 0.2143    map@4 : 0.2183    map@5 : 0.224    map@10 : 0.2457    map@20 : 0.2603    map@30 : 0.2661    map@50 : 0.2714
Mon 16 Mar 2026 12:51:14 INFO  Running E-step ! 
Mon 16 Mar 2026 12:51:14 INFO  epoch 107 training [time: 0.17s, train_loss1: 2.5174, train_loss2: 0.0379, train_loss3: 0.0024]
Mon 16 Mar 2026 12:51:14 INFO  epoch 107 evaluating [time: 0.19s, valid_score: 0.331800]
Mon 16 Mar 2026 12:51:14 INFO  valid result: 
recall@1 : 0.1331    recall@2 : 0.2171    recall@3 : 0.2716    recall@4 : 0.309    recall@5 : 0.347    recall@10 : 0.4899    recall@20 : 0.6327    recall@30 : 0.7008    recall@50 : 0.7984    ndcg@1 : 0.2122    ndcg@2 : 0.2366    ndcg@3 : 0.2546    ndcg@4 : 0.2666    ndcg@5 : 0.2808    ndcg@10 : 0.3318    ndcg@20 : 0.3742    ndcg@30 : 0.3931    ndcg@50 : 0.4162    precision@1 : 0.2122    precision@2 : 0.1752    precision@3 : 0.152    precision@4 : 0.133    precision@5 : 0.1225    precision@10 : 0.0906    precision@20 : 0.0614    precision@30 : 0.0474    precision@50 : 0.0334    map@1 : 0.2122    map@2 : 0.2104    map@3 : 0.2143    map@4 : 0.2181    map@5 : 0.224    map@10 : 0.246    map@20 : 0.2603    map@30 : 0.2662    map@50 : 0.2715
Mon 16 Mar 2026 12:51:14 INFO  Saving current: saved/NCL-Mar-16-2026_12-50-37.pth
Mon 16 Mar 2026 12:51:14 INFO  Saving current best: saved/NCL-Mar-16-2026_12-50-37.pth
Mon 16 Mar 2026 12:51:14 INFO  Running E-step ! 
Mon 16 Mar 2026 12:51:15 INFO  epoch 108 training [time: 0.19s, train_loss1: 2.4927, train_loss2: 0.0378, train_loss3: 0.0027]
Mon 16 Mar 2026 12:51:15 INFO  epoch 108 evaluating [time: 0.20s, valid_score: 0.332300]
Mon 16 Mar 2026 12:51:15 INFO  valid result: 
recall@1 : 0.1333    recall@2 : 0.2183    recall@3 : 0.2711    recall@4 : 0.3095    recall@5 : 0.3456    recall@10 : 0.4905    recall@20 : 0.6346    recall@30 : 0.7023    recall@50 : 0.7989    ndcg@1 : 0.2128    ndcg@2 : 0.2375    ndcg@3 : 0.2546    ndcg@4 : 0.2671    ndcg@5 : 0.2804    ndcg@10 : 0.3323    ndcg@20 : 0.3751    ndcg@30 : 0.3938    ndcg@50 : 0.4166    precision@1 : 0.2128    precision@2 : 0.1758    precision@3 : 0.1518    precision@4 : 0.1333    precision@5 : 0.1221    precision@10 : 0.0907    precision@20 : 0.0617    precision@30 : 0.0475    precision@50 : 0.0334    map@1 : 0.2128    map@2 : 0.2111    map@3 : 0.2144    map@4 : 0.2185    map@5 : 0.224    map@10 : 0.2465    map@20 : 0.2609    map@30 : 0.2666    map@50 : 0.2719
Mon 16 Mar 2026 12:51:15 INFO  Saving current: saved/NCL-Mar-16-2026_12-50-37.pth
Mon 16 Mar 2026 12:51:15 INFO  Saving current best: saved/NCL-Mar-16-2026_12-50-37.pth
Mon 16 Mar 2026 12:51:15 INFO  Running E-step ! 
Mon 16 Mar 2026 12:51:15 INFO  epoch 109 training [time: 0.17s, train_loss1: 2.4949, train_loss2: 0.0377, train_loss3: 0.0027]
Mon 16 Mar 2026 12:51:15 INFO  epoch 109 evaluating [time: 0.19s, valid_score: 0.332500]
Mon 16 Mar 2026 12:51:15 INFO  valid result: 
recall@1 : 0.1337    recall@2 : 0.2149    recall@3 : 0.2713    recall@4 : 0.3099    recall@5 : 0.3451    recall@10 : 0.4921    recall@20 : 0.6339    recall@30 : 0.7028    recall@50 : 0.7991    ndcg@1 : 0.2128    ndcg@2 : 0.2349    ndcg@3 : 0.2542    ndcg@4 : 0.2669    ndcg@5 : 0.2799    ndcg@10 : 0.3325    ndcg@20 : 0.3747    ndcg@30 : 0.3937    ndcg@50 : 0.4164    precision@1 : 0.2128    precision@2 : 0.1734    precision@3 : 0.1518    precision@4 : 0.1338    precision@5 : 0.1221    precision@10 : 0.091    precision@20 : 0.0617    precision@30 : 0.0475    precision@50 : 0.0334    map@1 : 0.2128    map@2 : 0.209    map@3 : 0.2139    map@4 : 0.2183    map@5 : 0.2236    map@10 : 0.2464    map@20 : 0.2606    map@30 : 0.2665    map@50 : 0.2717
Mon 16 Mar 2026 12:51:15 INFO  Saving current: saved/NCL-Mar-16-2026_12-50-37.pth
Mon 16 Mar 2026 12:51:15 INFO  Saving current best: saved/NCL-Mar-16-2026_12-50-37.pth
Mon 16 Mar 2026 12:51:15 INFO  Running E-step ! 
Mon 16 Mar 2026 12:51:16 INFO  epoch 110 training [time: 0.18s, train_loss1: 2.4637, train_loss2: 0.0376, train_loss3: 0.0024]
Mon 16 Mar 2026 12:51:16 INFO  epoch 110 evaluating [time: 0.19s, valid_score: 0.332900]
Mon 16 Mar 2026 12:51:16 INFO  valid result: 
recall@1 : 0.1346    recall@2 : 0.2145    recall@3 : 0.2695    recall@4 : 0.3089    recall@5 : 0.3472    recall@10 : 0.4926    recall@20 : 0.6325    recall@30 : 0.7038    recall@50 : 0.7972    ndcg@1 : 0.2139    ndcg@2 : 0.2351    ndcg@3 : 0.2538    ndcg@4 : 0.2668    ndcg@5 : 0.2809    ndcg@10 : 0.3329    ndcg@20 : 0.3748    ndcg@30 : 0.3943    ndcg@50 : 0.4164    precision@1 : 0.2139    precision@2 : 0.1734    precision@3 : 0.1516    precision@4 : 0.1338    precision@5 : 0.1225    precision@10 : 0.0911    precision@20 : 0.0617    precision@30 : 0.0476    precision@50 : 0.0333    map@1 : 0.2139    map@2 : 0.2093    map@3 : 0.2139    map@4 : 0.2182    map@5 : 0.2242    map@10 : 0.2467    map@20 : 0.2609    map@30 : 0.2669    map@50 : 0.272
Mon 16 Mar 2026 12:51:16 INFO  Saving current: saved/NCL-Mar-16-2026_12-50-37.pth
Mon 16 Mar 2026 12:51:16 INFO  Saving current best: saved/NCL-Mar-16-2026_12-50-37.pth
Mon 16 Mar 2026 12:51:16 INFO  Running E-step ! 
Mon 16 Mar 2026 12:51:16 INFO  epoch 111 training [time: 0.16s, train_loss1: 2.4528, train_loss2: 0.0376, train_loss3: 0.0023]
Mon 16 Mar 2026 12:51:16 INFO  epoch 111 evaluating [time: 0.19s, valid_score: 0.332900]
Mon 16 Mar 2026 12:51:16 INFO  valid result: 
recall@1 : 0.1344    recall@2 : 0.2149    recall@3 : 0.2695    recall@4 : 0.308    recall@5 : 0.3483    recall@10 : 0.4926    recall@20 : 0.6327    recall@30 : 0.7029    recall@50 : 0.7966    ndcg@1 : 0.2133    ndcg@2 : 0.2352    ndcg@3 : 0.254    ndcg@4 : 0.2663    ndcg@5 : 0.2814    ndcg@10 : 0.3329    ndcg@20 : 0.3748    ndcg@30 : 0.3941    ndcg@50 : 0.4163    precision@1 : 0.2133    precision@2 : 0.1734    precision@3 : 0.1522    precision@4 : 0.1333    precision@5 : 0.123    precision@10 : 0.0911    precision@20 : 0.0617    precision@30 : 0.0475    precision@50 : 0.0333    map@1 : 0.2133    map@2 : 0.2093    map@3 : 0.214    map@4 : 0.2179    map@5 : 0.2245    map@10 : 0.2467    map@20 : 0.261    map@30 : 0.2669    map@50 : 0.272
Mon 16 Mar 2026 12:51:16 INFO  Saving current: saved/NCL-Mar-16-2026_12-50-37.pth
Mon 16 Mar 2026 12:51:16 INFO  Saving current best: saved/NCL-Mar-16-2026_12-50-37.pth
Mon 16 Mar 2026 12:51:16 INFO  Running E-step ! 
Mon 16 Mar 2026 12:51:16 INFO  epoch 112 training [time: 0.16s, train_loss1: 2.4654, train_loss2: 0.0375, train_loss3: 0.0023]
Mon 16 Mar 2026 12:51:16 INFO  epoch 112 evaluating [time: 0.19s, valid_score: 0.333600]
Mon 16 Mar 2026 12:51:16 INFO  valid result: 
recall@1 : 0.1356    recall@2 : 0.2158    recall@3 : 0.2697    recall@4 : 0.308    recall@5 : 0.3475    recall@10 : 0.4932    recall@20 : 0.6332    recall@30 : 0.7045    recall@50 : 0.7965    ndcg@1 : 0.2145    ndcg@2 : 0.2362    ndcg@3 : 0.2546    ndcg@4 : 0.2669    ndcg@5 : 0.2816    ndcg@10 : 0.3336    ndcg@20 : 0.3755    ndcg@30 : 0.395    ndcg@50 : 0.4169    precision@1 : 0.2145    precision@2 : 0.174    precision@3 : 0.1522    precision@4 : 0.1333    precision@5 : 0.1228    precision@10 : 0.0911    precision@20 : 0.0618    precision@30 : 0.0476    precision@50 : 0.0333    map@1 : 0.2145    map@2 : 0.2104    map@3 : 0.2148    map@4 : 0.2186    map@5 : 0.225    map@10 : 0.2475    map@20 : 0.2618    map@30 : 0.2677    map@50 : 0.2728
Mon 16 Mar 2026 12:51:16 INFO  Saving current: saved/NCL-Mar-16-2026_12-50-37.pth
Mon 16 Mar 2026 12:51:17 INFO  Saving current best: saved/NCL-Mar-16-2026_12-50-37.pth
Mon 16 Mar 2026 12:51:17 INFO  Running E-step ! 
Mon 16 Mar 2026 12:51:17 INFO  epoch 113 training [time: 0.18s, train_loss1: 2.4446, train_loss2: 0.0374, train_loss3: 0.0027]
Mon 16 Mar 2026 12:51:17 INFO  epoch 113 evaluating [time: 0.19s, valid_score: 0.334100]
Mon 16 Mar 2026 12:51:17 INFO  valid result: 
recall@1 : 0.1364    recall@2 : 0.2162    recall@3 : 0.2694    recall@4 : 0.3084    recall@5 : 0.3475    recall@10 : 0.4937    recall@20 : 0.6327    recall@30 : 0.7047    recall@50 : 0.7975    ndcg@1 : 0.2151    ndcg@2 : 0.2366    ndcg@3 : 0.2549    ndcg@4 : 0.2675    ndcg@5 : 0.282    ndcg@10 : 0.3341    ndcg@20 : 0.3758    ndcg@30 : 0.3955    ndcg@50 : 0.4175    precision@1 : 0.2151    precision@2 : 0.174    precision@3 : 0.1524    precision@4 : 0.1335    precision@5 : 0.1229    precision@10 : 0.0912    precision@20 : 0.0618    precision@30 : 0.0476    precision@50 : 0.0334    map@1 : 0.2151    map@2 : 0.211    map@3 : 0.2154    map@4 : 0.2193    map@5 : 0.2256    map@10 : 0.2481    map@20 : 0.2623    map@30 : 0.2683    map@50 : 0.2734
Mon 16 Mar 2026 12:51:17 INFO  Saving current: saved/NCL-Mar-16-2026_12-50-37.pth
Mon 16 Mar 2026 12:51:17 INFO  Saving current best: saved/NCL-Mar-16-2026_12-50-37.pth
Mon 16 Mar 2026 12:51:17 INFO  Running E-step ! 
Mon 16 Mar 2026 12:51:17 INFO  epoch 114 training [time: 0.18s, train_loss1: 2.4626, train_loss2: 0.0374, train_loss3: 0.0026]
Mon 16 Mar 2026 12:51:17 INFO  epoch 114 evaluating [time: 0.19s, valid_score: 0.334300]
Mon 16 Mar 2026 12:51:17 INFO  valid result: 
recall@1 : 0.137    recall@2 : 0.2161    recall@3 : 0.2689    recall@4 : 0.3083    recall@5 : 0.3453    recall@10 : 0.4935    recall@20 : 0.6334    recall@30 : 0.7035    recall@50 : 0.7978    ndcg@1 : 0.2157    ndcg@2 : 0.2369    ndcg@3 : 0.2549    ndcg@4 : 0.2677    ndcg@5 : 0.2813    ndcg@10 : 0.3343    ndcg@20 : 0.3761    ndcg@30 : 0.3954    ndcg@50 : 0.4177    precision@1 : 0.2157    precision@2 : 0.174    precision@3 : 0.1522    precision@4 : 0.1336    precision@5 : 0.1224    precision@10 : 0.0912    precision@20 : 0.0618    precision@30 : 0.0476    precision@50 : 0.0334    map@1 : 0.2157    map@2 : 0.2113    map@3 : 0.2155    map@4 : 0.2196    map@5 : 0.2254    map@10 : 0.2484    map@20 : 0.2626    map@30 : 0.2685    map@50 : 0.2736
Mon 16 Mar 2026 12:51:17 INFO  Saving current: saved/NCL-Mar-16-2026_12-50-37.pth
Mon 16 Mar 2026 12:51:17 INFO  Saving current best: saved/NCL-Mar-16-2026_12-50-37.pth
Mon 16 Mar 2026 12:51:17 INFO  Running E-step ! 
Mon 16 Mar 2026 12:51:17 INFO  epoch 115 training [time: 0.17s, train_loss1: 2.4040, train_loss2: 0.0373, train_loss3: 0.0026]
Mon 16 Mar 2026 12:51:18 INFO  epoch 115 evaluating [time: 0.19s, valid_score: 0.334800]
Mon 16 Mar 2026 12:51:18 INFO  valid result: 
recall@1 : 0.1376    recall@2 : 0.2154    recall@3 : 0.269    recall@4 : 0.308    recall@5 : 0.3453    recall@10 : 0.4945    recall@20 : 0.633    recall@30 : 0.703    recall@50 : 0.7976    ndcg@1 : 0.2163    ndcg@2 : 0.237    ndcg@3 : 0.2552    ndcg@4 : 0.2676    ndcg@5 : 0.2816    ndcg@10 : 0.3348    ndcg@20 : 0.3762    ndcg@30 : 0.3955    ndcg@50 : 0.4178    precision@1 : 0.2163    precision@2 : 0.1743    precision@3 : 0.1524    precision@4 : 0.1333    precision@5 : 0.1228    precision@10 : 0.0914    precision@20 : 0.0618    precision@30 : 0.0476    precision@50 : 0.0334    map@1 : 0.2163    map@2 : 0.2114    map@3 : 0.2158    map@4 : 0.2197    map@5 : 0.2257    map@10 : 0.2487    map@20 : 0.2628    map@30 : 0.2686    map@50 : 0.2739
Mon 16 Mar 2026 12:51:18 INFO  Saving current: saved/NCL-Mar-16-2026_12-50-37.pth
Mon 16 Mar 2026 12:51:18 INFO  Saving current best: saved/NCL-Mar-16-2026_12-50-37.pth
Mon 16 Mar 2026 12:51:18 INFO  Running E-step ! 
Mon 16 Mar 2026 12:51:18 INFO  epoch 116 training [time: 0.18s, train_loss1: 2.4803, train_loss2: 0.0373, train_loss3: 0.0026]
Mon 16 Mar 2026 12:51:18 INFO  epoch 116 evaluating [time: 0.19s, valid_score: 0.334500]
Mon 16 Mar 2026 12:51:18 INFO  valid result: 
recall@1 : 0.1364    recall@2 : 0.215    recall@3 : 0.2685    recall@4 : 0.3082    recall@5 : 0.3451    recall@10 : 0.4953    recall@20 : 0.6327    recall@30 : 0.7031    recall@50 : 0.7979    ndcg@1 : 0.2151    ndcg@2 : 0.2364    ndcg@3 : 0.2544    ndcg@4 : 0.2673    ndcg@5 : 0.281    ndcg@10 : 0.3345    ndcg@20 : 0.3757    ndcg@30 : 0.395    ndcg@50 : 0.4175    precision@1 : 0.2151    precision@2 : 0.174    precision@3 : 0.1522    precision@4 : 0.1336    precision@5 : 0.1226    precision@10 : 0.0914    precision@20 : 0.0618    precision@30 : 0.0475    precision@50 : 0.0334    map@1 : 0.2151    map@2 : 0.2108    map@3 : 0.215    map@4 : 0.2192    map@5 : 0.225    map@10 : 0.2481    map@20 : 0.2622    map@30 : 0.2681    map@50 : 0.2733
Mon 16 Mar 2026 12:51:18 INFO  Running E-step ! 
Mon 16 Mar 2026 12:51:18 INFO  epoch 117 training [time: 0.17s, train_loss1: 2.4164, train_loss2: 0.0372, train_loss3: 0.0025]
Mon 16 Mar 2026 12:51:18 INFO  epoch 117 evaluating [time: 0.18s, valid_score: 0.335200]
Mon 16 Mar 2026 12:51:18 INFO  valid result: 
recall@1 : 0.1372    recall@2 : 0.215    recall@3 : 0.2683    recall@4 : 0.3082    recall@5 : 0.3453    recall@10 : 0.4964    recall@20 : 0.6335    recall@30 : 0.7036    recall@50 : 0.7982    ndcg@1 : 0.2157    ndcg@2 : 0.2367    ndcg@3 : 0.2544    ndcg@4 : 0.2674    ndcg@5 : 0.2813    ndcg@10 : 0.3352    ndcg@20 : 0.3762    ndcg@30 : 0.3954    ndcg@50 : 0.4179    precision@1 : 0.2157    precision@2 : 0.174    precision@3 : 0.1518    precision@4 : 0.1333    precision@5 : 0.1226    precision@10 : 0.0918    precision@20 : 0.0619    precision@30 : 0.0476    precision@50 : 0.0334    map@1 : 0.2157    map@2 : 0.2113    map@3 : 0.2152    map@4 : 0.2194    map@5 : 0.2253    map@10 : 0.2487    map@20 : 0.2626    map@30 : 0.2685    map@50 : 0.2737
Mon 16 Mar 2026 12:51:18 INFO  Saving current: saved/NCL-Mar-16-2026_12-50-37.pth
Mon 16 Mar 2026 12:51:18 INFO  Saving current best: saved/NCL-Mar-16-2026_12-50-37.pth
Mon 16 Mar 2026 12:51:18 INFO  Running E-step ! 
Mon 16 Mar 2026 12:51:19 INFO  epoch 118 training [time: 0.18s, train_loss1: 2.4216, train_loss2: 0.0371, train_loss3: 0.0024]
Mon 16 Mar 2026 12:51:19 INFO  epoch 118 evaluating [time: 0.19s, valid_score: 0.335200]
Mon 16 Mar 2026 12:51:19 INFO  valid result: 
recall@1 : 0.1372    recall@2 : 0.215    recall@3 : 0.2674    recall@4 : 0.3084    recall@5 : 0.3451    recall@10 : 0.4962    recall@20 : 0.6341    recall@30 : 0.704    recall@50 : 0.7983    ndcg@1 : 0.2169    ndcg@2 : 0.2366    ndcg@3 : 0.2541    ndcg@4 : 0.2674    ndcg@5 : 0.2813    ndcg@10 : 0.3352    ndcg@20 : 0.3765    ndcg@30 : 0.3957    ndcg@50 : 0.4181    precision@1 : 0.2169    precision@2 : 0.1737    precision@3 : 0.1516    precision@4 : 0.1332    precision@5 : 0.1229    precision@10 : 0.0917    precision@20 : 0.0619    precision@30 : 0.0476    precision@50 : 0.0334    map@1 : 0.2169    map@2 : 0.2113    map@3 : 0.2151    map@4 : 0.2191    map@5 : 0.2253    map@10 : 0.2487    map@20 : 0.2627    map@30 : 0.2686    map@50 : 0.2738
Mon 16 Mar 2026 12:51:19 INFO  Saving current: saved/NCL-Mar-16-2026_12-50-37.pth
Mon 16 Mar 2026 12:51:19 INFO  Saving current best: saved/NCL-Mar-16-2026_12-50-37.pth
Mon 16 Mar 2026 12:51:19 INFO  Running E-step ! 
Mon 16 Mar 2026 12:51:19 INFO  epoch 119 training [time: 0.17s, train_loss1: 2.4444, train_loss2: 0.0370, train_loss3: 0.0024]
Mon 16 Mar 2026 12:51:19 INFO  epoch 119 evaluating [time: 0.19s, valid_score: 0.336100]
Mon 16 Mar 2026 12:51:19 INFO  valid result: 
recall@1 : 0.1384    recall@2 : 0.215    recall@3 : 0.2683    recall@4 : 0.3092    recall@5 : 0.3466    recall@10 : 0.4968    recall@20 : 0.6339    recall@30 : 0.7052    recall@50 : 0.799    ndcg@1 : 0.2187    ndcg@2 : 0.2371    ndcg@3 : 0.2551    ndcg@4 : 0.2684    ndcg@5 : 0.2826    ndcg@10 : 0.3361    ndcg@20 : 0.3773    ndcg@30 : 0.3967    ndcg@50 : 0.4191    precision@1 : 0.2187    precision@2 : 0.1737    precision@3 : 0.152    precision@4 : 0.1335    precision@5 : 0.1234    precision@10 : 0.0918    precision@20 : 0.062    precision@30 : 0.0477    precision@50 : 0.0335    map@1 : 0.2187    map@2 : 0.2119    map@3 : 0.216    map@4 : 0.22    map@5 : 0.2263    map@10 : 0.2496    map@20 : 0.2636    map@30 : 0.2695    map@50 : 0.2748
Mon 16 Mar 2026 12:51:19 INFO  Saving current: saved/NCL-Mar-16-2026_12-50-37.pth
Mon 16 Mar 2026 12:51:19 INFO  Saving current best: saved/NCL-Mar-16-2026_12-50-37.pth
Mon 16 Mar 2026 12:51:19 INFO  Running E-step ! 
Mon 16 Mar 2026 12:51:19 INFO  epoch 120 training [time: 0.19s, train_loss1: 2.3929, train_loss2: 0.0370, train_loss3: 0.0024]
Mon 16 Mar 2026 12:51:20 INFO  epoch 120 evaluating [time: 0.19s, valid_score: 0.336700]
Mon 16 Mar 2026 12:51:20 INFO  valid result: 
recall@1 : 0.139    recall@2 : 0.2156    recall@3 : 0.2692    recall@4 : 0.3106    recall@5 : 0.3476    recall@10 : 0.4971    recall@20 : 0.6342    recall@30 : 0.7062    recall@50 : 0.8002    ndcg@1 : 0.2187    ndcg@2 : 0.2376    ndcg@3 : 0.2558    ndcg@4 : 0.2694    ndcg@5 : 0.2832    ndcg@10 : 0.3367    ndcg@20 : 0.3778    ndcg@30 : 0.3975    ndcg@50 : 0.4198    precision@1 : 0.2187    precision@2 : 0.174    precision@3 : 0.1526    precision@4 : 0.1342    precision@5 : 0.1232    precision@10 : 0.0919    precision@20 : 0.062    precision@30 : 0.0478    precision@50 : 0.0335    map@1 : 0.2187    map@2 : 0.2123    map@3 : 0.2166    map@4 : 0.2209    map@5 : 0.227    map@10 : 0.2503    map@20 : 0.2643    map@30 : 0.2703    map@50 : 0.2755
Mon 16 Mar 2026 12:51:20 INFO  Saving current: saved/NCL-Mar-16-2026_12-50-37.pth
Mon 16 Mar 2026 12:51:20 INFO  Saving current best: saved/NCL-Mar-16-2026_12-50-37.pth
Mon 16 Mar 2026 12:51:20 INFO  Running E-step ! 
Mon 16 Mar 2026 12:51:20 INFO  epoch 121 training [time: 0.18s, train_loss1: 2.3761, train_loss2: 0.0369, train_loss3: 0.0023]
Mon 16 Mar 2026 12:51:20 INFO  epoch 121 evaluating [time: 0.19s, valid_score: 0.337300]
Mon 16 Mar 2026 12:51:20 INFO  valid result: 
recall@1 : 0.1411    recall@2 : 0.2162    recall@3 : 0.2682    recall@4 : 0.3101    recall@5 : 0.3475    recall@10 : 0.4964    recall@20 : 0.6343    recall@30 : 0.7065    recall@50 : 0.7999    ndcg@1 : 0.2217    ndcg@2 : 0.2389    ndcg@3 : 0.2561    ndcg@4 : 0.2701    ndcg@5 : 0.2839    ndcg@10 : 0.3373    ndcg@20 : 0.3788    ndcg@30 : 0.3984    ndcg@50 : 0.4206    precision@1 : 0.2217    precision@2 : 0.1743    precision@3 : 0.1518    precision@4 : 0.1342    precision@5 : 0.123    precision@10 : 0.0919    precision@20 : 0.0621    precision@30 : 0.0478    precision@50 : 0.0335    map@1 : 0.2217    map@2 : 0.2136    map@3 : 0.2174    map@4 : 0.2219    map@5 : 0.2279    map@10 : 0.2513    map@20 : 0.2654    map@30 : 0.2714    map@50 : 0.2766
Mon 16 Mar 2026 12:51:20 INFO  Saving current: saved/NCL-Mar-16-2026_12-50-37.pth
Mon 16 Mar 2026 12:51:20 INFO  Saving current best: saved/NCL-Mar-16-2026_12-50-37.pth
Mon 16 Mar 2026 12:51:20 INFO  Running E-step ! 
Mon 16 Mar 2026 12:51:20 INFO  epoch 122 training [time: 0.17s, train_loss1: 2.3754, train_loss2: 0.0368, train_loss3: 0.0023]
Mon 16 Mar 2026 12:51:21 INFO  epoch 122 evaluating [time: 0.19s, valid_score: 0.337500]
Mon 16 Mar 2026 12:51:21 INFO  valid result: 
recall@1 : 0.1409    recall@2 : 0.2166    recall@3 : 0.2694    recall@4 : 0.3098    recall@5 : 0.3486    recall@10 : 0.4967    recall@20 : 0.6346    recall@30 : 0.7071    recall@50 : 0.801    ndcg@1 : 0.2211    ndcg@2 : 0.2389    ndcg@3 : 0.2568    ndcg@4 : 0.2701    ndcg@5 : 0.2844    ndcg@10 : 0.3375    ndcg@20 : 0.3791    ndcg@30 : 0.3988    ndcg@50 : 0.421    precision@1 : 0.2211    precision@2 : 0.1743    precision@3 : 0.1526    precision@4 : 0.1344    precision@5 : 0.1234    precision@10 : 0.092    precision@20 : 0.0622    precision@30 : 0.0479    precision@50 : 0.0336    map@1 : 0.2211    map@2 : 0.2136    map@3 : 0.2179    map@4 : 0.222    map@5 : 0.2282    map@10 : 0.2515    map@20 : 0.2657    map@30 : 0.2717    map@50 : 0.2768
Mon 16 Mar 2026 12:51:21 INFO  Saving current: saved/NCL-Mar-16-2026_12-50-37.pth
Mon 16 Mar 2026 12:51:21 INFO  Saving current best: saved/NCL-Mar-16-2026_12-50-37.pth
Mon 16 Mar 2026 12:51:21 INFO  Running E-step ! 
Mon 16 Mar 2026 12:51:21 INFO  epoch 123 training [time: 0.18s, train_loss1: 2.3946, train_loss2: 0.0367, train_loss3: 0.0023]
Mon 16 Mar 2026 12:51:21 INFO  epoch 123 evaluating [time: 0.19s, valid_score: 0.338200]
Mon 16 Mar 2026 12:51:21 INFO  valid result: 
recall@1 : 0.1409    recall@2 : 0.216    recall@3 : 0.2695    recall@4 : 0.3105    recall@5 : 0.3488    recall@10 : 0.4989    recall@20 : 0.6369    recall@30 : 0.708    recall@50 : 0.8013    ndcg@1 : 0.2211    ndcg@2 : 0.2385    ndcg@3 : 0.2568    ndcg@4 : 0.2705    ndcg@5 : 0.2847    ndcg@10 : 0.3382    ndcg@20 : 0.3797    ndcg@30 : 0.399    ndcg@50 : 0.4211    precision@1 : 0.2211    precision@2 : 0.174    precision@3 : 0.1528    precision@4 : 0.1348    precision@5 : 0.124    precision@10 : 0.0922    precision@20 : 0.0624    precision@30 : 0.0479    precision@50 : 0.0336    map@1 : 0.2211    map@2 : 0.2135    map@3 : 0.2179    map@4 : 0.2223    map@5 : 0.2285    map@10 : 0.2518    map@20 : 0.2659    map@30 : 0.2718    map@50 : 0.2769
Mon 16 Mar 2026 12:51:21 INFO  Saving current: saved/NCL-Mar-16-2026_12-50-37.pth
Mon 16 Mar 2026 12:51:21 INFO  Saving current best: saved/NCL-Mar-16-2026_12-50-37.pth
Mon 16 Mar 2026 12:51:21 INFO  Running E-step ! 
Mon 16 Mar 2026 12:51:21 INFO  epoch 124 training [time: 0.19s, train_loss1: 2.3716, train_loss2: 0.0367, train_loss3: 0.0023]
Mon 16 Mar 2026 12:51:21 INFO  epoch 124 evaluating [time: 0.19s, valid_score: 0.338600]
Mon 16 Mar 2026 12:51:21 INFO  valid result: 
recall@1 : 0.1403    recall@2 : 0.2154    recall@3 : 0.2698    recall@4 : 0.3115    recall@5 : 0.3491    recall@10 : 0.5003    recall@20 : 0.6373    recall@30 : 0.7082    recall@50 : 0.8014    ndcg@1 : 0.2205    ndcg@2 : 0.2381    ndcg@3 : 0.257    ndcg@4 : 0.2709    ndcg@5 : 0.2847    ndcg@10 : 0.3386    ndcg@20 : 0.3798    ndcg@30 : 0.399    ndcg@50 : 0.4211    precision@1 : 0.2205    precision@2 : 0.174    precision@3 : 0.1534    precision@4 : 0.1356    precision@5 : 0.1241    precision@10 : 0.0926    precision@20 : 0.0625    precision@30 : 0.048    precision@50 : 0.0336    map@1 : 0.2205    map@2 : 0.2131    map@3 : 0.2179    map@4 : 0.2223    map@5 : 0.2283    map@10 : 0.2518    map@20 : 0.2659    map@30 : 0.2717    map@50 : 0.2768
Mon 16 Mar 2026 12:51:21 INFO  Saving current: saved/NCL-Mar-16-2026_12-50-37.pth
Mon 16 Mar 2026 12:51:21 INFO  Saving current best: saved/NCL-Mar-16-2026_12-50-37.pth
Mon 16 Mar 2026 12:51:21 INFO  Running E-step ! 
Mon 16 Mar 2026 12:51:22 INFO  epoch 125 training [time: 0.19s, train_loss1: 2.3840, train_loss2: 0.0366, train_loss3: 0.0024]
Mon 16 Mar 2026 12:51:22 INFO  epoch 125 evaluating [time: 0.19s, valid_score: 0.338800]
Mon 16 Mar 2026 12:51:22 INFO  valid result: 
recall@1 : 0.141    recall@2 : 0.2148    recall@3 : 0.2688    recall@4 : 0.3112    recall@5 : 0.3505    recall@10 : 0.5002    recall@20 : 0.6367    recall@30 : 0.7086    recall@50 : 0.8014    ndcg@1 : 0.2217    ndcg@2 : 0.2384    ndcg@3 : 0.2566    ndcg@4 : 0.2709    ndcg@5 : 0.2854    ndcg@10 : 0.3388    ndcg@20 : 0.3798    ndcg@30 : 0.3994    ndcg@50 : 0.4214    precision@1 : 0.2217    precision@2 : 0.174    precision@3 : 0.153    precision@4 : 0.1354    precision@5 : 0.1246    precision@10 : 0.0926    precision@20 : 0.0625    precision@30 : 0.048    precision@50 : 0.0336    map@1 : 0.2217    map@2 : 0.2135    map@3 : 0.2178    map@4 : 0.2223    map@5 : 0.2288    map@10 : 0.252    map@20 : 0.2661    map@30 : 0.272    map@50 : 0.2771
Mon 16 Mar 2026 12:51:22 INFO  Saving current: saved/NCL-Mar-16-2026_12-50-37.pth
Mon 16 Mar 2026 12:51:22 INFO  Saving current best: saved/NCL-Mar-16-2026_12-50-37.pth
Mon 16 Mar 2026 12:51:22 INFO  Running E-step ! 
Mon 16 Mar 2026 12:51:22 INFO  epoch 126 training [time: 0.17s, train_loss1: 2.3527, train_loss2: 0.0365, train_loss3: 0.0020]
Mon 16 Mar 2026 12:51:22 INFO  epoch 126 evaluating [time: 0.18s, valid_score: 0.338500]
Mon 16 Mar 2026 12:51:22 INFO  valid result: 
recall@1 : 0.1411    recall@2 : 0.2152    recall@3 : 0.2679    recall@4 : 0.3126    recall@5 : 0.3527    recall@10 : 0.4989    recall@20 : 0.6368    recall@30 : 0.7087    recall@50 : 0.8013    ndcg@1 : 0.2217    ndcg@2 : 0.2388    ndcg@3 : 0.2562    ndcg@4 : 0.2716    ndcg@5 : 0.2865    ndcg@10 : 0.3385    ndcg@20 : 0.3801    ndcg@30 : 0.3996    ndcg@50 : 0.4215    precision@1 : 0.2217    precision@2 : 0.1746    precision@3 : 0.1526    precision@4 : 0.1359    precision@5 : 0.1254    precision@10 : 0.0924    precision@20 : 0.0625    precision@30 : 0.048    precision@50 : 0.0336    map@1 : 0.2217    map@2 : 0.2138    map@3 : 0.2176    map@4 : 0.2227    map@5 : 0.2294    map@10 : 0.2521    map@20 : 0.2663    map@30 : 0.2722    map@50 : 0.2773
Mon 16 Mar 2026 12:51:22 INFO  Running E-step ! 
Mon 16 Mar 2026 12:51:22 INFO  epoch 127 training [time: 0.18s, train_loss1: 2.3664, train_loss2: 0.0364, train_loss3: 0.0019]
Mon 16 Mar 2026 12:51:23 INFO  epoch 127 evaluating [time: 0.19s, valid_score: 0.338600]
Mon 16 Mar 2026 12:51:23 INFO  valid result: 
recall@1 : 0.1409    recall@2 : 0.2155    recall@3 : 0.2692    recall@4 : 0.3123    recall@5 : 0.3542    recall@10 : 0.4985    recall@20 : 0.6373    recall@30 : 0.7087    recall@50 : 0.8007    ndcg@1 : 0.2223    ndcg@2 : 0.239    ndcg@3 : 0.2569    ndcg@4 : 0.2716    ndcg@5 : 0.2874    ndcg@10 : 0.3386    ndcg@20 : 0.3804    ndcg@30 : 0.3998    ndcg@50 : 0.4216    precision@1 : 0.2223    precision@2 : 0.1746    precision@3 : 0.153    precision@4 : 0.1359    precision@5 : 0.1262    precision@10 : 0.0924    precision@20 : 0.0626    precision@30 : 0.048    precision@50 : 0.0336    map@1 : 0.2223    map@2 : 0.2139    map@3 : 0.2178    map@4 : 0.2228    map@5 : 0.2298    map@10 : 0.2522    map@20 : 0.2665    map@30 : 0.2724    map@50 : 0.2775
Mon 16 Mar 2026 12:51:23 INFO  Running E-step ! 
Mon 16 Mar 2026 12:51:23 INFO  epoch 128 training [time: 0.19s, train_loss1: 2.3622, train_loss2: 0.0364, train_loss3: 0.0018]
Mon 16 Mar 2026 12:51:23 INFO  epoch 128 evaluating [time: 0.19s, valid_score: 0.338200]
Mon 16 Mar 2026 12:51:23 INFO  valid result: 
recall@1 : 0.141    recall@2 : 0.2151    recall@3 : 0.2688    recall@4 : 0.312    recall@5 : 0.3549    recall@10 : 0.4971    recall@20 : 0.6378    recall@30 : 0.7089    recall@50 : 0.8003    ndcg@1 : 0.2229    ndcg@2 : 0.239    ndcg@3 : 0.2568    ndcg@4 : 0.2716    ndcg@5 : 0.2877    ndcg@10 : 0.3382    ndcg@20 : 0.3805    ndcg@30 : 0.3998    ndcg@50 : 0.4216    precision@1 : 0.2229    precision@2 : 0.1746    precision@3 : 0.153    precision@4 : 0.136    precision@5 : 0.1265    precision@10 : 0.0924    precision@20 : 0.0626    precision@30 : 0.048    precision@50 : 0.0336    map@1 : 0.2229    map@2 : 0.2139    map@3 : 0.2177    map@4 : 0.2226    map@5 : 0.23    map@10 : 0.252    map@20 : 0.2665    map@30 : 0.2723    map@50 : 0.2774
Mon 16 Mar 2026 12:51:23 INFO  Running E-step ! 
Mon 16 Mar 2026 12:51:23 INFO  epoch 129 training [time: 0.19s, train_loss1: 2.3523, train_loss2: 0.0363, train_loss3: 0.0018]
Mon 16 Mar 2026 12:51:23 INFO  epoch 129 evaluating [time: 0.20s, valid_score: 0.337900]
Mon 16 Mar 2026 12:51:23 INFO  valid result: 
recall@1 : 0.1403    recall@2 : 0.2146    recall@3 : 0.2679    recall@4 : 0.3138    recall@5 : 0.3554    recall@10 : 0.4968    recall@20 : 0.6367    recall@30 : 0.71    recall@50 : 0.8004    ndcg@1 : 0.2217    ndcg@2 : 0.2385    ndcg@3 : 0.2559    ndcg@4 : 0.2721    ndcg@5 : 0.2877    ndcg@10 : 0.3379    ndcg@20 : 0.38    ndcg@30 : 0.3998    ndcg@50 : 0.4213    precision@1 : 0.2217    precision@2 : 0.1746    precision@3 : 0.1526    precision@4 : 0.1371    precision@5 : 0.1267    precision@10 : 0.0924    precision@20 : 0.0626    precision@30 : 0.0481    precision@50 : 0.0336    map@1 : 0.2217    map@2 : 0.2133    map@3 : 0.217    map@4 : 0.2229    map@5 : 0.2297    map@10 : 0.2517    map@20 : 0.2661    map@30 : 0.272    map@50 : 0.2771
Mon 16 Mar 2026 12:51:23 INFO  Running E-step ! 
Mon 16 Mar 2026 12:51:24 INFO  epoch 130 training [time: 0.18s, train_loss1: 2.3321, train_loss2: 0.0362, train_loss3: 0.0018]
Mon 16 Mar 2026 12:51:24 INFO  epoch 130 evaluating [time: 0.19s, valid_score: 0.339100]
Mon 16 Mar 2026 12:51:24 INFO  valid result: 
recall@1 : 0.1426    recall@2 : 0.2148    recall@3 : 0.268    recall@4 : 0.3134    recall@5 : 0.3566    recall@10 : 0.4976    recall@20 : 0.6379    recall@30 : 0.7101    recall@50 : 0.8012    ndcg@1 : 0.2241    ndcg@2 : 0.2395    ndcg@3 : 0.2569    ndcg@4 : 0.2728    ndcg@5 : 0.289    ndcg@10 : 0.3391    ndcg@20 : 0.3813    ndcg@30 : 0.4007    ndcg@50 : 0.4225    precision@1 : 0.2241    precision@2 : 0.1749    precision@3 : 0.1528    precision@4 : 0.1369    precision@5 : 0.1269    precision@10 : 0.0926    precision@20 : 0.0627    precision@30 : 0.0481    precision@50 : 0.0336    map@1 : 0.2241    map@2 : 0.2147    map@3 : 0.2182    map@4 : 0.2239    map@5 : 0.2311    map@10 : 0.253    map@20 : 0.2675    map@30 : 0.2733    map@50 : 0.2784
Mon 16 Mar 2026 12:51:24 INFO  Saving current: saved/NCL-Mar-16-2026_12-50-37.pth
Mon 16 Mar 2026 12:51:24 INFO  Saving current best: saved/NCL-Mar-16-2026_12-50-37.pth
Mon 16 Mar 2026 12:51:24 INFO  Running E-step ! 
Mon 16 Mar 2026 12:51:24 INFO  epoch 131 training [time: 0.18s, train_loss1: 2.2783, train_loss2: 0.0362, train_loss3: 0.0018]
Mon 16 Mar 2026 12:51:24 INFO  epoch 131 evaluating [time: 0.19s, valid_score: 0.338900]
Mon 16 Mar 2026 12:51:24 INFO  valid result: 
recall@1 : 0.1417    recall@2 : 0.2142    recall@3 : 0.2675    recall@4 : 0.314    recall@5 : 0.3579    recall@10 : 0.4978    recall@20 : 0.6382    recall@30 : 0.7106    recall@50 : 0.8013    ndcg@1 : 0.2241    ndcg@2 : 0.239    ndcg@3 : 0.2561    ndcg@4 : 0.2727    ndcg@5 : 0.2892    ndcg@10 : 0.3389    ndcg@20 : 0.381    ndcg@30 : 0.4006    ndcg@50 : 0.4222    precision@1 : 0.2241    precision@2 : 0.1746    precision@3 : 0.152    precision@4 : 0.1372    precision@5 : 0.1273    precision@10 : 0.0926    precision@20 : 0.0627    precision@30 : 0.0481    precision@50 : 0.0336    map@1 : 0.2241    map@2 : 0.2141    map@3 : 0.2172    map@4 : 0.2235    map@5 : 0.2308    map@10 : 0.2526    map@20 : 0.267    map@30 : 0.2728    map@50 : 0.2779
Mon 16 Mar 2026 12:51:24 INFO  Running E-step ! 
Mon 16 Mar 2026 12:51:24 INFO  epoch 132 training [time: 0.17s, train_loss1: 2.3178, train_loss2: 0.0361, train_loss3: 0.0020]
Mon 16 Mar 2026 12:51:25 INFO  epoch 132 evaluating [time: 0.19s, valid_score: 0.338700]
Mon 16 Mar 2026 12:51:25 INFO  valid result: 
recall@1 : 0.1414    recall@2 : 0.2145    recall@3 : 0.2675    recall@4 : 0.3134    recall@5 : 0.359    recall@10 : 0.4979    recall@20 : 0.6381    recall@30 : 0.7105    recall@50 : 0.8012    ndcg@1 : 0.2235    ndcg@2 : 0.2391    ndcg@3 : 0.256    ndcg@4 : 0.2724    ndcg@5 : 0.2896    ndcg@10 : 0.3387    ndcg@20 : 0.3809    ndcg@30 : 0.4005    ndcg@50 : 0.4221    precision@1 : 0.2235    precision@2 : 0.1749    precision@3 : 0.152    precision@4 : 0.1371    precision@5 : 0.1278    precision@10 : 0.0925    precision@20 : 0.0627    precision@30 : 0.0481    precision@50 : 0.0336    map@1 : 0.2235    map@2 : 0.2141    map@3 : 0.2171    map@4 : 0.2233    map@5 : 0.231    map@10 : 0.2524    map@20 : 0.2669    map@30 : 0.2727    map@50 : 0.2779
Mon 16 Mar 2026 12:51:25 INFO  Running E-step ! 
Mon 16 Mar 2026 12:51:25 INFO  epoch 133 training [time: 0.19s, train_loss1: 2.3092, train_loss2: 0.0360, train_loss3: 0.0019]
Mon 16 Mar 2026 12:51:25 INFO  epoch 133 evaluating [time: 0.19s, valid_score: 0.339300]
Mon 16 Mar 2026 12:51:25 INFO  valid result: 
recall@1 : 0.142    recall@2 : 0.2146    recall@3 : 0.2673    recall@4 : 0.3135    recall@5 : 0.3604    recall@10 : 0.4984    recall@20 : 0.6386    recall@30 : 0.7119    recall@50 : 0.8017    ndcg@1 : 0.2241    ndcg@2 : 0.2393    ndcg@3 : 0.2561    ndcg@4 : 0.2727    ndcg@5 : 0.2904    ndcg@10 : 0.3393    ndcg@20 : 0.3813    ndcg@30 : 0.4011    ndcg@50 : 0.4225    precision@1 : 0.2241    precision@2 : 0.1749    precision@3 : 0.152    precision@4 : 0.1372    precision@5 : 0.1281    precision@10 : 0.0927    precision@20 : 0.0627    precision@30 : 0.0482    precision@50 : 0.0336    map@1 : 0.2241    map@2 : 0.2145    map@3 : 0.2174    map@4 : 0.2236    map@5 : 0.2316    map@10 : 0.2529    map@20 : 0.2673    map@30 : 0.2733    map@50 : 0.2783
Mon 16 Mar 2026 12:51:25 INFO  Saving current: saved/NCL-Mar-16-2026_12-50-37.pth
Mon 16 Mar 2026 12:51:25 INFO  Saving current best: saved/NCL-Mar-16-2026_12-50-37.pth
Mon 16 Mar 2026 12:51:25 INFO  Running E-step ! 
Mon 16 Mar 2026 12:51:25 INFO  epoch 134 training [time: 0.19s, train_loss1: 2.2949, train_loss2: 0.0360, train_loss3: 0.0019]
Mon 16 Mar 2026 12:51:25 INFO  epoch 134 evaluating [time: 0.18s, valid_score: 0.339400]
Mon 16 Mar 2026 12:51:25 INFO  valid result: 
recall@1 : 0.1421    recall@2 : 0.2154    recall@3 : 0.2669    recall@4 : 0.313    recall@5 : 0.3589    recall@10 : 0.4984    recall@20 : 0.6386    recall@30 : 0.7118    recall@50 : 0.8029    ndcg@1 : 0.2241    ndcg@2 : 0.2397    ndcg@3 : 0.2562    ndcg@4 : 0.2727    ndcg@5 : 0.2898    ndcg@10 : 0.3394    ndcg@20 : 0.3814    ndcg@30 : 0.4012    ndcg@50 : 0.4229    precision@1 : 0.2241    precision@2 : 0.1752    precision@3 : 0.1522    precision@4 : 0.1372    precision@5 : 0.1277    precision@10 : 0.0928    precision@20 : 0.0627    precision@30 : 0.0482    precision@50 : 0.0337    map@1 : 0.2241    map@2 : 0.2147    map@3 : 0.2175    map@4 : 0.2237    map@5 : 0.2312    map@10 : 0.253    map@20 : 0.2674    map@30 : 0.2734    map@50 : 0.2785
Mon 16 Mar 2026 12:51:25 INFO  Saving current: saved/NCL-Mar-16-2026_12-50-37.pth
Mon 16 Mar 2026 12:51:25 INFO  Saving current best: saved/NCL-Mar-16-2026_12-50-37.pth
Mon 16 Mar 2026 12:51:25 INFO  Running E-step ! 
Mon 16 Mar 2026 12:51:26 INFO  epoch 135 training [time: 0.17s, train_loss1: 2.2789, train_loss2: 0.0359, train_loss3: 0.0019]
Mon 16 Mar 2026 12:51:26 INFO  epoch 135 evaluating [time: 0.18s, valid_score: 0.339400]
Mon 16 Mar 2026 12:51:26 INFO  valid result: 
recall@1 : 0.1426    recall@2 : 0.2168    recall@3 : 0.2661    recall@4 : 0.3135    recall@5 : 0.359    recall@10 : 0.4968    recall@20 : 0.6372    recall@30 : 0.7107    recall@50 : 0.803    ndcg@1 : 0.2247    ndcg@2 : 0.2408    ndcg@3 : 0.2561    ndcg@4 : 0.2732    ndcg@5 : 0.2902    ndcg@10 : 0.3394    ndcg@20 : 0.3815    ndcg@30 : 0.4014    ndcg@50 : 0.4234    precision@1 : 0.2247    precision@2 : 0.1761    precision@3 : 0.1518    precision@4 : 0.1374    precision@5 : 0.1277    precision@10 : 0.0927    precision@20 : 0.0627    precision@30 : 0.0482    precision@50 : 0.0337    map@1 : 0.2247    map@2 : 0.2156    map@3 : 0.2178    map@4 : 0.2243    map@5 : 0.2317    map@10 : 0.2535    map@20 : 0.2679    map@30 : 0.2739    map@50 : 0.2791
Mon 16 Mar 2026 12:51:26 INFO  Saving current: saved/NCL-Mar-16-2026_12-50-37.pth
Mon 16 Mar 2026 12:51:26 INFO  Saving current best: saved/NCL-Mar-16-2026_12-50-37.pth
Mon 16 Mar 2026 12:51:26 INFO  Running E-step ! 
Mon 16 Mar 2026 12:51:26 INFO  epoch 136 training [time: 0.17s, train_loss1: 2.2824, train_loss2: 0.0358, train_loss3: 0.0020]
Mon 16 Mar 2026 12:51:26 INFO  epoch 136 evaluating [time: 0.19s, valid_score: 0.339600]
Mon 16 Mar 2026 12:51:26 INFO  valid result: 
recall@1 : 0.1424    recall@2 : 0.2163    recall@3 : 0.2667    recall@4 : 0.3133    recall@5 : 0.3593    recall@10 : 0.4978    recall@20 : 0.6378    recall@30 : 0.7105    recall@50 : 0.8023    ndcg@1 : 0.2235    ndcg@2 : 0.2404    ndcg@3 : 0.2562    ndcg@4 : 0.2729    ndcg@5 : 0.2902    ndcg@10 : 0.3396    ndcg@20 : 0.3816    ndcg@30 : 0.4013    ndcg@50 : 0.4232    precision@1 : 0.2235    precision@2 : 0.1761    precision@3 : 0.1522    precision@4 : 0.1374    precision@5 : 0.1279    precision@10 : 0.0929    precision@20 : 0.0627    precision@30 : 0.0481    precision@50 : 0.0337    map@1 : 0.2235    map@2 : 0.2151    map@3 : 0.2176    map@4 : 0.2239    map@5 : 0.2315    map@10 : 0.2534    map@20 : 0.2679    map@30 : 0.2738    map@50 : 0.279
Mon 16 Mar 2026 12:51:26 INFO  Saving current: saved/NCL-Mar-16-2026_12-50-37.pth
Mon 16 Mar 2026 12:51:26 INFO  Saving current best: saved/NCL-Mar-16-2026_12-50-37.pth
Mon 16 Mar 2026 12:51:26 INFO  Running E-step ! 
Mon 16 Mar 2026 12:51:26 INFO  epoch 137 training [time: 0.18s, train_loss1: 2.3006, train_loss2: 0.0358, train_loss3: 0.0020]
Mon 16 Mar 2026 12:51:27 INFO  epoch 137 evaluating [time: 0.18s, valid_score: 0.340700]
Mon 16 Mar 2026 12:51:27 INFO  valid result: 
recall@1 : 0.1437    recall@2 : 0.2171    recall@3 : 0.2678    recall@4 : 0.3143    recall@5 : 0.3585    recall@10 : 0.4982    recall@20 : 0.6376    recall@30 : 0.711    recall@50 : 0.8019    ndcg@1 : 0.2259    ndcg@2 : 0.2415    ndcg@3 : 0.2578    ndcg@4 : 0.2742    ndcg@5 : 0.2908    ndcg@10 : 0.3407    ndcg@20 : 0.3824    ndcg@30 : 0.4022    ndcg@50 : 0.4239    precision@1 : 0.2259    precision@2 : 0.1767    precision@3 : 0.1532    precision@4 : 0.1378    precision@5 : 0.1279    precision@10 : 0.0931    precision@20 : 0.0627    precision@30 : 0.0481    precision@50 : 0.0336    map@1 : 0.2259    map@2 : 0.2163    map@3 : 0.2191    map@4 : 0.2251    map@5 : 0.2324    map@10 : 0.2546    map@20 : 0.2689    map@30 : 0.2748    map@50 : 0.28
Mon 16 Mar 2026 12:51:27 INFO  Saving current: saved/NCL-Mar-16-2026_12-50-37.pth
Mon 16 Mar 2026 12:51:27 INFO  Saving current best: saved/NCL-Mar-16-2026_12-50-37.pth
Mon 16 Mar 2026 12:51:27 INFO  Running E-step ! 
Mon 16 Mar 2026 12:51:27 INFO  epoch 138 training [time: 0.18s, train_loss1: 2.3100, train_loss2: 0.0357, train_loss3: 0.0019]
Mon 16 Mar 2026 12:51:27 INFO  epoch 138 evaluating [time: 0.18s, valid_score: 0.341000]
Mon 16 Mar 2026 12:51:27 INFO  valid result: 
recall@1 : 0.1443    recall@2 : 0.216    recall@3 : 0.2683    recall@4 : 0.3159    recall@5 : 0.359    recall@10 : 0.4981    recall@20 : 0.6369    recall@30 : 0.7101    recall@50 : 0.8023    ndcg@1 : 0.2265    ndcg@2 : 0.2412    ndcg@3 : 0.2585    ndcg@4 : 0.2751    ndcg@5 : 0.2913    ndcg@10 : 0.341    ndcg@20 : 0.3825    ndcg@30 : 0.4023    ndcg@50 : 0.4243    precision@1 : 0.2265    precision@2 : 0.1764    precision@3 : 0.1542    precision@4 : 0.1384    precision@5 : 0.1281    precision@10 : 0.0933    precision@20 : 0.0626    precision@30 : 0.0481    precision@50 : 0.0337    map@1 : 0.2265    map@2 : 0.2163    map@3 : 0.2198    map@4 : 0.2258    map@5 : 0.233    map@10 : 0.2549    map@20 : 0.2692    map@30 : 0.2752    map@50 : 0.2804
Mon 16 Mar 2026 12:51:27 INFO  Saving current: saved/NCL-Mar-16-2026_12-50-37.pth
Mon 16 Mar 2026 12:51:27 INFO  Saving current best: saved/NCL-Mar-16-2026_12-50-37.pth
Mon 16 Mar 2026 12:51:27 INFO  Running E-step ! 
Mon 16 Mar 2026 12:51:27 INFO  epoch 139 training [time: 0.18s, train_loss1: 2.2358, train_loss2: 0.0356, train_loss3: 0.0019]
Mon 16 Mar 2026 12:51:27 INFO  epoch 139 evaluating [time: 0.19s, valid_score: 0.340600]
Mon 16 Mar 2026 12:51:27 INFO  valid result: 
recall@1 : 0.1425    recall@2 : 0.2178    recall@3 : 0.2701    recall@4 : 0.3158    recall@5 : 0.3603    recall@10 : 0.4972    recall@20 : 0.637    recall@30 : 0.7101    recall@50 : 0.8039    ndcg@1 : 0.2247    ndcg@2 : 0.2417    ndcg@3 : 0.259    ndcg@4 : 0.275    ndcg@5 : 0.2915    ndcg@10 : 0.3406    ndcg@20 : 0.3824    ndcg@30 : 0.4022    ndcg@50 : 0.4245    precision@1 : 0.2247    precision@2 : 0.1776    precision@3 : 0.1547    precision@4 : 0.1389    precision@5 : 0.1284    precision@10 : 0.0933    precision@20 : 0.0626    precision@30 : 0.0481    precision@50 : 0.0337    map@1 : 0.2247    map@2 : 0.2162    map@3 : 0.2198    map@4 : 0.2253    map@5 : 0.2328    map@10 : 0.2545    map@20 : 0.2689    map@30 : 0.2749    map@50 : 0.2801
Mon 16 Mar 2026 12:51:27 INFO  Running E-step ! 
Mon 16 Mar 2026 12:51:28 INFO  epoch 140 training [time: 0.17s, train_loss1: 2.2738, train_loss2: 0.0356, train_loss3: 0.0018]
Mon 16 Mar 2026 12:51:28 INFO  epoch 140 evaluating [time: 0.19s, valid_score: 0.341000]
Mon 16 Mar 2026 12:51:28 INFO  valid result: 
recall@1 : 0.1427    recall@2 : 0.2185    recall@3 : 0.2712    recall@4 : 0.3164    recall@5 : 0.3594    recall@10 : 0.4974    recall@20 : 0.6358    recall@30 : 0.7107    recall@50 : 0.8038    ndcg@1 : 0.2253    ndcg@2 : 0.2428    ndcg@3 : 0.2598    ndcg@4 : 0.2755    ndcg@5 : 0.2915    ndcg@10 : 0.341    ndcg@20 : 0.3825    ndcg@30 : 0.4027    ndcg@50 : 0.4249    precision@1 : 0.2253    precision@2 : 0.1788    precision@3 : 0.1551    precision@4 : 0.1389    precision@5 : 0.1282    precision@10 : 0.0933    precision@20 : 0.0626    precision@30 : 0.0482    precision@50 : 0.0337    map@1 : 0.2253    map@2 : 0.2172    map@3 : 0.2205    map@4 : 0.2259    map@5 : 0.233    map@10 : 0.2551    map@20 : 0.2694    map@30 : 0.2754    map@50 : 0.2806
Mon 16 Mar 2026 12:51:28 INFO  Saving current: saved/NCL-Mar-16-2026_12-50-37.pth
Mon 16 Mar 2026 12:51:28 INFO  Saving current best: saved/NCL-Mar-16-2026_12-50-37.pth
Mon 16 Mar 2026 12:51:28 INFO  Running E-step ! 
Mon 16 Mar 2026 12:51:28 INFO  epoch 141 training [time: 0.19s, train_loss1: 2.2410, train_loss2: 0.0355, train_loss3: 0.0019]
Mon 16 Mar 2026 12:51:28 INFO  epoch 141 evaluating [time: 0.18s, valid_score: 0.341300]
Mon 16 Mar 2026 12:51:28 INFO  valid result: 
recall@1 : 0.1433    recall@2 : 0.2185    recall@3 : 0.2725    recall@4 : 0.318    recall@5 : 0.359    recall@10 : 0.4969    recall@20 : 0.6352    recall@30 : 0.7103    recall@50 : 0.8043    ndcg@1 : 0.2259    ndcg@2 : 0.2428    ndcg@3 : 0.2606    ndcg@4 : 0.2767    ndcg@5 : 0.2918    ndcg@10 : 0.3413    ndcg@20 : 0.3828    ndcg@30 : 0.4031    ndcg@50 : 0.4255    precision@1 : 0.2259    precision@2 : 0.1785    precision@3 : 0.1555    precision@4 : 0.1397    precision@5 : 0.1284    precision@10 : 0.0933    precision@20 : 0.0625    precision@30 : 0.0482    precision@50 : 0.0338    map@1 : 0.2259    map@2 : 0.2174    map@3 : 0.2209    map@4 : 0.2269    map@5 : 0.2334    map@10 : 0.2556    map@20 : 0.2699    map@30 : 0.276    map@50 : 0.2812
Mon 16 Mar 2026 12:51:28 INFO  Saving current: saved/NCL-Mar-16-2026_12-50-37.pth
Mon 16 Mar 2026 12:51:28 INFO  Saving current best: saved/NCL-Mar-16-2026_12-50-37.pth
Mon 16 Mar 2026 12:51:28 INFO  Running E-step ! 
Mon 16 Mar 2026 12:51:28 INFO  epoch 142 training [time: 0.18s, train_loss1: 2.2751, train_loss2: 0.0354, train_loss3: 0.0018]
Mon 16 Mar 2026 12:51:29 INFO  epoch 142 evaluating [time: 0.19s, valid_score: 0.342200]
Mon 16 Mar 2026 12:51:29 INFO  valid result: 
recall@1 : 0.1441    recall@2 : 0.2188    recall@3 : 0.2728    recall@4 : 0.3184    recall@5 : 0.3608    recall@10 : 0.4982    recall@20 : 0.6353    recall@30 : 0.7101    recall@50 : 0.8039    ndcg@1 : 0.2271    ndcg@2 : 0.2433    ndcg@3 : 0.2614    ndcg@4 : 0.2773    ndcg@5 : 0.293    ndcg@10 : 0.3422    ndcg@20 : 0.3833    ndcg@30 : 0.4036    ndcg@50 : 0.4259    precision@1 : 0.2271    precision@2 : 0.1788    precision@3 : 0.1561    precision@4 : 0.14    precision@5 : 0.129    precision@10 : 0.0936    precision@20 : 0.0625    precision@30 : 0.0482    precision@50 : 0.0338    map@1 : 0.2271    map@2 : 0.218    map@3 : 0.2217    map@4 : 0.2275    map@5 : 0.2344    map@10 : 0.2564    map@20 : 0.2705    map@30 : 0.2766    map@50 : 0.2819
Mon 16 Mar 2026 12:51:29 INFO  Saving current: saved/NCL-Mar-16-2026_12-50-37.pth
Mon 16 Mar 2026 12:51:29 INFO  Saving current best: saved/NCL-Mar-16-2026_12-50-37.pth
Mon 16 Mar 2026 12:51:29 INFO  Running E-step ! 
Mon 16 Mar 2026 12:51:29 INFO  epoch 143 training [time: 0.17s, train_loss1: 2.2238, train_loss2: 0.0354, train_loss3: 0.0018]
Mon 16 Mar 2026 12:51:29 INFO  epoch 143 evaluating [time: 0.20s, valid_score: 0.342400]
Mon 16 Mar 2026 12:51:29 INFO  valid result: 
recall@1 : 0.1451    recall@2 : 0.22    recall@3 : 0.2738    recall@4 : 0.3181    recall@5 : 0.3607    recall@10 : 0.4964    recall@20 : 0.6352    recall@30 : 0.7104    recall@50 : 0.8051    ndcg@1 : 0.2277    ndcg@2 : 0.2447    ndcg@3 : 0.2627    ndcg@4 : 0.2778    ndcg@5 : 0.2935    ndcg@10 : 0.3424    ndcg@20 : 0.3839    ndcg@30 : 0.4043    ndcg@50 : 0.4268    precision@1 : 0.2277    precision@2 : 0.18    precision@3 : 0.1569    precision@4 : 0.1399    precision@5 : 0.1288    precision@10 : 0.0936    precision@20 : 0.0625    precision@30 : 0.0482    precision@50 : 0.0338    map@1 : 0.2277    map@2 : 0.2192    map@3 : 0.2229    map@4 : 0.2282    map@5 : 0.235    map@10 : 0.257    map@20 : 0.2713    map@30 : 0.2774    map@50 : 0.2827
Mon 16 Mar 2026 12:51:29 INFO  Saving current: saved/NCL-Mar-16-2026_12-50-37.pth
Mon 16 Mar 2026 12:51:29 INFO  Saving current best: saved/NCL-Mar-16-2026_12-50-37.pth
Mon 16 Mar 2026 12:51:29 INFO  Running E-step ! 
Mon 16 Mar 2026 12:51:29 INFO  epoch 144 training [time: 0.19s, train_loss1: 2.2159, train_loss2: 0.0353, train_loss3: 0.0018]
Mon 16 Mar 2026 12:51:29 INFO  epoch 144 evaluating [time: 0.20s, valid_score: 0.343200]
Mon 16 Mar 2026 12:51:29 INFO  valid result: 
recall@1 : 0.1449    recall@2 : 0.2202    recall@3 : 0.2726    recall@4 : 0.3185    recall@5 : 0.3623    recall@10 : 0.4986    recall@20 : 0.6346    recall@30 : 0.709    recall@50 : 0.8066    ndcg@1 : 0.2271    ndcg@2 : 0.2446    ndcg@3 : 0.2621    ndcg@4 : 0.2778    ndcg@5 : 0.2942    ndcg@10 : 0.3432    ndcg@20 : 0.3839    ndcg@30 : 0.4041    ndcg@50 : 0.4271    precision@1 : 0.2271    precision@2 : 0.18    precision@3 : 0.1567    precision@4 : 0.14    precision@5 : 0.1297    precision@10 : 0.0941    precision@20 : 0.0625    precision@30 : 0.0482    precision@50 : 0.0339    map@1 : 0.2271    map@2 : 0.2192    map@3 : 0.2224    map@4 : 0.2281    map@5 : 0.2354    map@10 : 0.2575    map@20 : 0.2714    map@30 : 0.2775    map@50 : 0.2829
Mon 16 Mar 2026 12:51:29 INFO  Saving current: saved/NCL-Mar-16-2026_12-50-37.pth
Mon 16 Mar 2026 12:51:29 INFO  Saving current best: saved/NCL-Mar-16-2026_12-50-37.pth
Mon 16 Mar 2026 12:51:29 INFO  Running E-step ! 
Mon 16 Mar 2026 12:51:30 INFO  epoch 145 training [time: 0.19s, train_loss1: 2.2209, train_loss2: 0.0352, train_loss3: 0.0018]
Mon 16 Mar 2026 12:51:30 INFO  epoch 145 evaluating [time: 0.19s, valid_score: 0.343500]
Mon 16 Mar 2026 12:51:30 INFO  valid result: 
recall@1 : 0.1449    recall@2 : 0.2209    recall@3 : 0.2727    recall@4 : 0.3197    recall@5 : 0.3615    recall@10 : 0.4986    recall@20 : 0.6353    recall@30 : 0.7086    recall@50 : 0.8054    ndcg@1 : 0.2277    ndcg@2 : 0.2459    ndcg@3 : 0.2625    ndcg@4 : 0.2786    ndcg@5 : 0.2941    ndcg@10 : 0.3435    ndcg@20 : 0.3843    ndcg@30 : 0.4042    ndcg@50 : 0.4272    precision@1 : 0.2277    precision@2 : 0.1815    precision@3 : 0.1569    precision@4 : 0.1405    precision@5 : 0.1294    precision@10 : 0.0942    precision@20 : 0.0625    precision@30 : 0.0481    precision@50 : 0.0339    map@1 : 0.2277    map@2 : 0.2202    map@3 : 0.2228    map@4 : 0.2287    map@5 : 0.2356    map@10 : 0.2577    map@20 : 0.2717    map@30 : 0.2777    map@50 : 0.2832
Mon 16 Mar 2026 12:51:30 INFO  Saving current: saved/NCL-Mar-16-2026_12-50-37.pth
Mon 16 Mar 2026 12:51:30 INFO  Saving current best: saved/NCL-Mar-16-2026_12-50-37.pth
Mon 16 Mar 2026 12:51:30 INFO  Running E-step ! 
Mon 16 Mar 2026 12:51:30 INFO  epoch 146 training [time: 0.18s, train_loss1: 2.2273, train_loss2: 0.0351, train_loss3: 0.0018]
Mon 16 Mar 2026 12:51:30 INFO  epoch 146 evaluating [time: 0.19s, valid_score: 0.343400]
Mon 16 Mar 2026 12:51:30 INFO  valid result: 
recall@1 : 0.145    recall@2 : 0.2213    recall@3 : 0.273    recall@4 : 0.321    recall@5 : 0.3621    recall@10 : 0.4976    recall@20 : 0.6364    recall@30 : 0.7097    recall@50 : 0.8041    ndcg@1 : 0.2277    ndcg@2 : 0.2463    ndcg@3 : 0.2627    ndcg@4 : 0.2793    ndcg@5 : 0.2946    ndcg@10 : 0.3434    ndcg@20 : 0.3848    ndcg@30 : 0.4047    ndcg@50 : 0.4272    precision@1 : 0.2277    precision@2 : 0.1821    precision@3 : 0.1571    precision@4 : 0.1409    precision@5 : 0.1297    precision@10 : 0.094    precision@20 : 0.0626    precision@30 : 0.0482    precision@50 : 0.0338    map@1 : 0.2277    map@2 : 0.2205    map@3 : 0.223    map@4 : 0.2292    map@5 : 0.2359    map@10 : 0.2578    map@20 : 0.272    map@30 : 0.278    map@50 : 0.2834
Mon 16 Mar 2026 12:51:30 INFO  Running E-step ! 
Mon 16 Mar 2026 12:51:30 INFO  epoch 147 training [time: 0.18s, train_loss1: 2.2122, train_loss2: 0.0351, train_loss3: 0.0018]
Mon 16 Mar 2026 12:51:31 INFO  epoch 147 evaluating [time: 0.19s, valid_score: 0.344000]
Mon 16 Mar 2026 12:51:31 INFO  valid result: 
recall@1 : 0.1457    recall@2 : 0.2197    recall@3 : 0.2738    recall@4 : 0.3216    recall@5 : 0.3623    recall@10 : 0.4986    recall@20 : 0.6359    recall@30 : 0.7089    recall@50 : 0.804    ndcg@1 : 0.2288    ndcg@2 : 0.2458    ndcg@3 : 0.2629    ndcg@4 : 0.2798    ndcg@5 : 0.2949    ndcg@10 : 0.344    ndcg@20 : 0.3849    ndcg@30 : 0.4048    ndcg@50 : 0.4275    precision@1 : 0.2288    precision@2 : 0.1815    precision@3 : 0.1569    precision@4 : 0.1412    precision@5 : 0.1298    precision@10 : 0.0943    precision@20 : 0.0625    precision@30 : 0.0482    precision@50 : 0.0338    map@1 : 0.2288    map@2 : 0.2202    map@3 : 0.2231    map@4 : 0.2295    map@5 : 0.2362    map@10 : 0.2583    map@20 : 0.2723    map@30 : 0.2783    map@50 : 0.2837
Mon 16 Mar 2026 12:51:31 INFO  Saving current: saved/NCL-Mar-16-2026_12-50-37.pth
Mon 16 Mar 2026 12:51:31 INFO  Saving current best: saved/NCL-Mar-16-2026_12-50-37.pth
Mon 16 Mar 2026 12:51:31 INFO  Running E-step ! 
Mon 16 Mar 2026 12:51:31 INFO  epoch 148 training [time: 0.17s, train_loss1: 2.1991, train_loss2: 0.0350, train_loss3: 0.0017]
Mon 16 Mar 2026 12:51:31 INFO  epoch 148 evaluating [time: 0.18s, valid_score: 0.343700]
Mon 16 Mar 2026 12:51:31 INFO  valid result: 
recall@1 : 0.1445    recall@2 : 0.2199    recall@3 : 0.2747    recall@4 : 0.3222    recall@5 : 0.3641    recall@10 : 0.4985    recall@20 : 0.6366    recall@30 : 0.709    recall@50 : 0.8035    ndcg@1 : 0.2277    ndcg@2 : 0.2456    ndcg@3 : 0.2629    ndcg@4 : 0.2796    ndcg@5 : 0.2953    ndcg@10 : 0.3437    ndcg@20 : 0.3849    ndcg@30 : 0.4046    ndcg@50 : 0.4271    precision@1 : 0.2277    precision@2 : 0.1818    precision@3 : 0.1573    precision@4 : 0.1412    precision@5 : 0.1304    precision@10 : 0.0943    precision@20 : 0.0627    precision@30 : 0.0482    precision@50 : 0.0338    map@1 : 0.2277    map@2 : 0.2198    map@3 : 0.2229    map@4 : 0.2292    map@5 : 0.2362    map@10 : 0.2579    map@20 : 0.272    map@30 : 0.278    map@50 : 0.2833
Mon 16 Mar 2026 12:51:31 INFO  Running E-step ! 
Mon 16 Mar 2026 12:51:31 INFO  epoch 149 training [time: 0.19s, train_loss1: 2.2050, train_loss2: 0.0349, train_loss3: 0.0017]
Mon 16 Mar 2026 12:51:31 INFO  epoch 149 evaluating [time: 0.18s, valid_score: 0.344500]
Mon 16 Mar 2026 12:51:31 INFO  valid result: 
recall@1 : 0.145    recall@2 : 0.2216    recall@3 : 0.2761    recall@4 : 0.3231    recall@5 : 0.3635    recall@10 : 0.4995    recall@20 : 0.6377    recall@30 : 0.7088    recall@50 : 0.8043    ndcg@1 : 0.2277    ndcg@2 : 0.2469    ndcg@3 : 0.264    ndcg@4 : 0.2804    ndcg@5 : 0.2956    ndcg@10 : 0.3445    ndcg@20 : 0.3857    ndcg@30 : 0.4051    ndcg@50 : 0.4278    precision@1 : 0.2277    precision@2 : 0.183    precision@3 : 0.1577    precision@4 : 0.1414    precision@5 : 0.1303    precision@10 : 0.0944    precision@20 : 0.0628    precision@30 : 0.0482    precision@50 : 0.0338    map@1 : 0.2277    map@2 : 0.2208    map@3 : 0.2239    map@4 : 0.2301    map@5 : 0.2368    map@10 : 0.2586    map@20 : 0.2728    map@30 : 0.2787    map@50 : 0.2841
Mon 16 Mar 2026 12:51:31 INFO  Saving current: saved/NCL-Mar-16-2026_12-50-37.pth
Mon 16 Mar 2026 12:51:31 INFO  Saving current best: saved/NCL-Mar-16-2026_12-50-37.pth
Mon 16 Mar 2026 12:51:31 INFO  Running E-step ! 
Mon 16 Mar 2026 12:51:32 INFO  epoch 150 training [time: 0.17s, train_loss1: 2.2096, train_loss2: 0.0349, train_loss3: 0.0018]
Mon 16 Mar 2026 12:51:32 INFO  epoch 150 evaluating [time: 0.19s, valid_score: 0.344700]
Mon 16 Mar 2026 12:51:32 INFO  valid result: 
recall@1 : 0.145    recall@2 : 0.2213    recall@3 : 0.2762    recall@4 : 0.3238    recall@5 : 0.363    recall@10 : 0.4999    recall@20 : 0.6372    recall@30 : 0.7101    recall@50 : 0.8042    ndcg@1 : 0.2277    ndcg@2 : 0.2464    ndcg@3 : 0.2639    ndcg@4 : 0.2806    ndcg@5 : 0.2954    ndcg@10 : 0.3447    ndcg@20 : 0.3856    ndcg@30 : 0.4054    ndcg@50 : 0.4278    precision@1 : 0.2277    precision@2 : 0.1824    precision@3 : 0.1577    precision@4 : 0.1415    precision@5 : 0.1302    precision@10 : 0.0946    precision@20 : 0.0628    precision@30 : 0.0483    precision@50 : 0.0338    map@1 : 0.2277    map@2 : 0.2204    map@3 : 0.2236    map@4 : 0.2301    map@5 : 0.2367    map@10 : 0.2587    map@20 : 0.2728    map@30 : 0.2788    map@50 : 0.2841
Mon 16 Mar 2026 12:51:32 INFO  Saving current: saved/NCL-Mar-16-2026_12-50-37.pth
Mon 16 Mar 2026 12:51:32 INFO  Saving current best: saved/NCL-Mar-16-2026_12-50-37.pth
Mon 16 Mar 2026 12:51:32 INFO  Running E-step ! 
Mon 16 Mar 2026 12:51:32 INFO  epoch 151 training [time: 0.19s, train_loss1: 2.1817, train_loss2: 0.0348, train_loss3: 0.0018]
Mon 16 Mar 2026 12:51:32 INFO  epoch 151 evaluating [time: 0.19s, valid_score: 0.344700]
Mon 16 Mar 2026 12:51:32 INFO  valid result: 
recall@1 : 0.1444    recall@2 : 0.2225    recall@3 : 0.2764    recall@4 : 0.3248    recall@5 : 0.3656    recall@10 : 0.4992    recall@20 : 0.637    recall@30 : 0.7105    recall@50 : 0.8039    ndcg@1 : 0.2271    ndcg@2 : 0.2473    ndcg@3 : 0.2642    ndcg@4 : 0.2811    ndcg@5 : 0.2964    ndcg@10 : 0.3447    ndcg@20 : 0.3857    ndcg@30 : 0.4056    ndcg@50 : 0.4279    precision@1 : 0.2271    precision@2 : 0.1836    precision@3 : 0.1583    precision@4 : 0.1418    precision@5 : 0.1306    precision@10 : 0.0946    precision@20 : 0.0629    precision@30 : 0.0483    precision@50 : 0.0338    map@1 : 0.2271    map@2 : 0.2209    map@3 : 0.2239    map@4 : 0.2304    map@5 : 0.2373    map@10 : 0.2589    map@20 : 0.273    map@30 : 0.279    map@50 : 0.2843
Mon 16 Mar 2026 12:51:32 INFO  Saving current: saved/NCL-Mar-16-2026_12-50-37.pth
Mon 16 Mar 2026 12:51:32 INFO  Saving current best: saved/NCL-Mar-16-2026_12-50-37.pth
Mon 16 Mar 2026 12:51:32 INFO  Running E-step ! 
Mon 16 Mar 2026 12:51:32 INFO  epoch 152 training [time: 0.19s, train_loss1: 2.1701, train_loss2: 0.0347, train_loss3: 0.0018]
Mon 16 Mar 2026 12:51:33 INFO  epoch 152 evaluating [time: 0.20s, valid_score: 0.345300]
Mon 16 Mar 2026 12:51:33 INFO  valid result: 
recall@1 : 0.1452    recall@2 : 0.2222    recall@3 : 0.2775    recall@4 : 0.3254    recall@5 : 0.3668    recall@10 : 0.4994    recall@20 : 0.6377    recall@30 : 0.7099    recall@50 : 0.8048    ndcg@1 : 0.23    ndcg@2 : 0.248    ndcg@3 : 0.2654    ndcg@4 : 0.282    ndcg@5 : 0.2976    ndcg@10 : 0.3453    ndcg@20 : 0.3865    ndcg@30 : 0.4061    ndcg@50 : 0.4287    precision@1 : 0.23    precision@2 : 0.1838    precision@3 : 0.1589    precision@4 : 0.1421    precision@5 : 0.1311    precision@10 : 0.0946    precision@20 : 0.063    precision@30 : 0.0483    precision@50 : 0.0338    map@1 : 0.23    map@2 : 0.2218    map@3 : 0.2249    map@4 : 0.2311    map@5 : 0.2382    map@10 : 0.2594    map@20 : 0.2737    map@30 : 0.2795    map@50 : 0.2849
Mon 16 Mar 2026 12:51:33 INFO  Saving current: saved/NCL-Mar-16-2026_12-50-37.pth
Mon 16 Mar 2026 12:51:33 INFO  Saving current best: saved/NCL-Mar-16-2026_12-50-37.pth
Mon 16 Mar 2026 12:51:33 INFO  Running E-step ! 
Mon 16 Mar 2026 12:51:33 INFO  epoch 153 training [time: 0.18s, train_loss1: 2.1741, train_loss2: 0.0347, train_loss3: 0.0018]
Mon 16 Mar 2026 12:51:33 INFO  epoch 153 evaluating [time: 0.19s, valid_score: 0.345400]
Mon 16 Mar 2026 12:51:33 INFO  valid result: 
recall@1 : 0.1444    recall@2 : 0.2228    recall@3 : 0.2786    recall@4 : 0.3266    recall@5 : 0.3663    recall@10 : 0.4998    recall@20 : 0.6384    recall@30 : 0.7112    recall@50 : 0.8051    ndcg@1 : 0.2294    ndcg@2 : 0.2478    ndcg@3 : 0.2659    ndcg@4 : 0.2824    ndcg@5 : 0.2972    ndcg@10 : 0.3454    ndcg@20 : 0.3867    ndcg@30 : 0.4063    ndcg@50 : 0.4287    precision@1 : 0.2294    precision@2 : 0.1836    precision@3 : 0.1597    precision@4 : 0.1427    precision@5 : 0.1308    precision@10 : 0.0947    precision@20 : 0.0631    precision@30 : 0.0483    precision@50 : 0.0339    map@1 : 0.2294    map@2 : 0.2212    map@3 : 0.225    map@4 : 0.2311    map@5 : 0.2379    map@10 : 0.2593    map@20 : 0.2736    map@30 : 0.2794    map@50 : 0.2848
Mon 16 Mar 2026 12:51:33 INFO  Saving current: saved/NCL-Mar-16-2026_12-50-37.pth
Mon 16 Mar 2026 12:51:33 INFO  Saving current best: saved/NCL-Mar-16-2026_12-50-37.pth
Mon 16 Mar 2026 12:51:33 INFO  Running E-step ! 
Mon 16 Mar 2026 12:51:33 INFO  epoch 154 training [time: 0.18s, train_loss1: 2.1837, train_loss2: 0.0346, train_loss3: 0.0018]
Mon 16 Mar 2026 12:51:33 INFO  epoch 154 evaluating [time: 0.19s, valid_score: 0.344500]
Mon 16 Mar 2026 12:51:33 INFO  valid result: 
recall@1 : 0.1431    recall@2 : 0.2238    recall@3 : 0.2789    recall@4 : 0.3261    recall@5 : 0.3657    recall@10 : 0.498    recall@20 : 0.6386    recall@30 : 0.7117    recall@50 : 0.8047    ndcg@1 : 0.2277    ndcg@2 : 0.2481    ndcg@3 : 0.2658    ndcg@4 : 0.2818    ndcg@5 : 0.2966    ndcg@10 : 0.3445    ndcg@20 : 0.3864    ndcg@30 : 0.4061    ndcg@50 : 0.4282    precision@1 : 0.2277    precision@2 : 0.1844    precision@3 : 0.1599    precision@4 : 0.1424    precision@5 : 0.1306    precision@10 : 0.0945    precision@20 : 0.0632    precision@30 : 0.0484    precision@50 : 0.0339    map@1 : 0.2277    map@2 : 0.2212    map@3 : 0.2247    map@4 : 0.2306    map@5 : 0.2373    map@10 : 0.2587    map@20 : 0.2732    map@30 : 0.279    map@50 : 0.2843
Mon 16 Mar 2026 12:51:33 INFO  Running E-step ! 
Mon 16 Mar 2026 12:51:34 INFO  epoch 155 training [time: 0.16s, train_loss1: 2.1760, train_loss2: 0.0345, train_loss3: 0.0018]
Mon 16 Mar 2026 12:51:34 INFO  epoch 155 evaluating [time: 0.18s, valid_score: 0.344200]
Mon 16 Mar 2026 12:51:34 INFO  valid result: 
recall@1 : 0.1431    recall@2 : 0.2242    recall@3 : 0.2782    recall@4 : 0.3258    recall@5 : 0.3658    recall@10 : 0.4975    recall@20 : 0.6405    recall@30 : 0.7124    recall@50 : 0.8045    ndcg@1 : 0.2277    ndcg@2 : 0.2485    ndcg@3 : 0.2655    ndcg@4 : 0.2818    ndcg@5 : 0.2966    ndcg@10 : 0.3442    ndcg@20 : 0.3868    ndcg@30 : 0.4062    ndcg@50 : 0.4282    precision@1 : 0.2277    precision@2 : 0.1847    precision@3 : 0.1597    precision@4 : 0.1426    precision@5 : 0.1305    precision@10 : 0.0944    precision@20 : 0.0633    precision@30 : 0.0484    precision@50 : 0.0338    map@1 : 0.2277    map@2 : 0.2217    map@3 : 0.2246    map@4 : 0.2307    map@5 : 0.2373    map@10 : 0.2586    map@20 : 0.2733    map@30 : 0.2791    map@50 : 0.2843
Mon 16 Mar 2026 12:51:34 INFO  Running E-step ! 
Mon 16 Mar 2026 12:51:34 INFO  epoch 156 training [time: 0.19s, train_loss1: 2.1627, train_loss2: 0.0344, train_loss3: 0.0017]
Mon 16 Mar 2026 12:51:34 INFO  epoch 156 evaluating [time: 0.19s, valid_score: 0.344600]
Mon 16 Mar 2026 12:51:34 INFO  valid result: 
recall@1 : 0.1425    recall@2 : 0.2231    recall@3 : 0.2789    recall@4 : 0.3274    recall@5 : 0.3661    recall@10 : 0.4991    recall@20 : 0.642    recall@30 : 0.7127    recall@50 : 0.8049    ndcg@1 : 0.2271    ndcg@2 : 0.2475    ndcg@3 : 0.2655    ndcg@4 : 0.2822    ndcg@5 : 0.2965    ndcg@10 : 0.3446    ndcg@20 : 0.3871    ndcg@30 : 0.4062    ndcg@50 : 0.4282    precision@1 : 0.2271    precision@2 : 0.1841    precision@3 : 0.1601    precision@4 : 0.143    precision@5 : 0.1306    precision@10 : 0.0946    precision@20 : 0.0634    precision@30 : 0.0485    precision@50 : 0.0339    map@1 : 0.2271    map@2 : 0.2208    map@3 : 0.2243    map@4 : 0.2307    map@5 : 0.237    map@10 : 0.2585    map@20 : 0.2732    map@30 : 0.2789    map@50 : 0.2841
Mon 16 Mar 2026 12:51:34 INFO  Running E-step ! 
Mon 16 Mar 2026 12:51:34 INFO  epoch 157 training [time: 0.20s, train_loss1: 2.1350, train_loss2: 0.0344, train_loss3: 0.0017]
Mon 16 Mar 2026 12:51:35 INFO  epoch 157 evaluating [time: 0.18s, valid_score: 0.345800]
Mon 16 Mar 2026 12:51:35 INFO  valid result: 
recall@1 : 0.144    recall@2 : 0.2241    recall@3 : 0.28    recall@4 : 0.3278    recall@5 : 0.3651    recall@10 : 0.5004    recall@20 : 0.6431    recall@30 : 0.7137    recall@50 : 0.8062    ndcg@1 : 0.2288    ndcg@2 : 0.2489    ndcg@3 : 0.2669    ndcg@4 : 0.2832    ndcg@5 : 0.2969    ndcg@10 : 0.3458    ndcg@20 : 0.3882    ndcg@30 : 0.4072    ndcg@50 : 0.4293    precision@1 : 0.2288    precision@2 : 0.185    precision@3 : 0.1605    precision@4 : 0.1433    precision@5 : 0.1304    precision@10 : 0.0949    precision@20 : 0.0635    precision@30 : 0.0485    precision@50 : 0.0339    map@1 : 0.2288    map@2 : 0.2223    map@3 : 0.2257    map@4 : 0.232    map@5 : 0.2379    map@10 : 0.2598    map@20 : 0.2744    map@30 : 0.28    map@50 : 0.2853
Mon 16 Mar 2026 12:51:35 INFO  Saving current: saved/NCL-Mar-16-2026_12-50-37.pth
Mon 16 Mar 2026 12:51:35 INFO  Saving current best: saved/NCL-Mar-16-2026_12-50-37.pth
Mon 16 Mar 2026 12:51:35 INFO  Running E-step ! 
Mon 16 Mar 2026 12:51:35 INFO  epoch 158 training [time: 0.18s, train_loss1: 2.1523, train_loss2: 0.0343, train_loss3: 0.0017]
Mon 16 Mar 2026 12:51:35 INFO  epoch 158 evaluating [time: 0.18s, valid_score: 0.345300]
Mon 16 Mar 2026 12:51:35 INFO  valid result: 
recall@1 : 0.1427    recall@2 : 0.2236    recall@3 : 0.2791    recall@4 : 0.3266    recall@5 : 0.3651    recall@10 : 0.5005    recall@20 : 0.6425    recall@30 : 0.7139    recall@50 : 0.8061    ndcg@1 : 0.2282    ndcg@2 : 0.2485    ndcg@3 : 0.266    ndcg@4 : 0.2823    ndcg@5 : 0.2963    ndcg@10 : 0.3453    ndcg@20 : 0.3875    ndcg@30 : 0.4067    ndcg@50 : 0.4287    precision@1 : 0.2282    precision@2 : 0.185    precision@3 : 0.1603    precision@4 : 0.1432    precision@5 : 0.1304    precision@10 : 0.0949    precision@20 : 0.0635    precision@30 : 0.0485    precision@50 : 0.0339    map@1 : 0.2282    map@2 : 0.2217    map@3 : 0.2247    map@4 : 0.2309    map@5 : 0.237    map@10 : 0.259    map@20 : 0.2735    map@30 : 0.2792    map@50 : 0.2844
Mon 16 Mar 2026 12:51:35 INFO  Running E-step ! 
Mon 16 Mar 2026 12:51:35 INFO  epoch 159 training [time: 0.17s, train_loss1: 2.1207, train_loss2: 0.0343, train_loss3: 0.0017]
Mon 16 Mar 2026 12:51:35 INFO  epoch 159 evaluating [time: 0.19s, valid_score: 0.346100]
Mon 16 Mar 2026 12:51:35 INFO  valid result: 
recall@1 : 0.1432    recall@2 : 0.2246    recall@3 : 0.28    recall@4 : 0.3263    recall@5 : 0.3674    recall@10 : 0.5015    recall@20 : 0.643    recall@30 : 0.7161    recall@50 : 0.8059    ndcg@1 : 0.2282    ndcg@2 : 0.2493    ndcg@3 : 0.2668    ndcg@4 : 0.2827    ndcg@5 : 0.2976    ndcg@10 : 0.3461    ndcg@20 : 0.3881    ndcg@30 : 0.4078    ndcg@50 : 0.4292    precision@1 : 0.2282    precision@2 : 0.1856    precision@3 : 0.1607    precision@4 : 0.1435    precision@5 : 0.1311    precision@10 : 0.0951    precision@20 : 0.0635    precision@30 : 0.0487    precision@50 : 0.0339    map@1 : 0.2282    map@2 : 0.2224    map@3 : 0.2254    map@4 : 0.2315    map@5 : 0.2381    map@10 : 0.2598    map@20 : 0.2742    map@30 : 0.28    map@50 : 0.2851
Mon 16 Mar 2026 12:51:35 INFO  Saving current: saved/NCL-Mar-16-2026_12-50-37.pth
Mon 16 Mar 2026 12:51:35 INFO  Saving current best: saved/NCL-Mar-16-2026_12-50-37.pth
Mon 16 Mar 2026 12:51:35 INFO  Running E-step ! 
Mon 16 Mar 2026 12:51:36 INFO  epoch 160 training [time: 0.17s, train_loss1: 2.1251, train_loss2: 0.0342, train_loss3: 0.0017]
Mon 16 Mar 2026 12:51:36 INFO  epoch 160 evaluating [time: 0.19s, valid_score: 0.346000]
Mon 16 Mar 2026 12:51:36 INFO  valid result: 
recall@1 : 0.1428    recall@2 : 0.2246    recall@3 : 0.2786    recall@4 : 0.3275    recall@5 : 0.3676    recall@10 : 0.5013    recall@20 : 0.6411    recall@30 : 0.7147    recall@50 : 0.806    ndcg@1 : 0.2288    ndcg@2 : 0.2494    ndcg@3 : 0.2659    ndcg@4 : 0.2833    ndcg@5 : 0.2976    ndcg@10 : 0.346    ndcg@20 : 0.3875    ndcg@30 : 0.4074    ndcg@50 : 0.4292    precision@1 : 0.2288    precision@2 : 0.1856    precision@3 : 0.1599    precision@4 : 0.1445    precision@5 : 0.1312    precision@10 : 0.0951    precision@20 : 0.0633    precision@30 : 0.0486    precision@50 : 0.034    map@1 : 0.2288    map@2 : 0.2223    map@3 : 0.2249    map@4 : 0.2317    map@5 : 0.2379    map@10 : 0.2596    map@20 : 0.2739    map@30 : 0.2798    map@50 : 0.285
Mon 16 Mar 2026 12:51:36 INFO  Running E-step ! 
Mon 16 Mar 2026 12:51:36 INFO  epoch 161 training [time: 0.17s, train_loss1: 2.1085, train_loss2: 0.0341, train_loss3: 0.0017]
Mon 16 Mar 2026 12:51:36 INFO  epoch 161 evaluating [time: 0.20s, valid_score: 0.346100]
Mon 16 Mar 2026 12:51:36 INFO  valid result: 
recall@1 : 0.1434    recall@2 : 0.2229    recall@3 : 0.2769    recall@4 : 0.3289    recall@5 : 0.3669    recall@10 : 0.5017    recall@20 : 0.6412    recall@30 : 0.7159    recall@50 : 0.8066    ndcg@1 : 0.2288    ndcg@2 : 0.2486    ndcg@3 : 0.2652    ndcg@4 : 0.2838    ndcg@5 : 0.2974    ndcg@10 : 0.3461    ndcg@20 : 0.3875    ndcg@30 : 0.4076    ndcg@50 : 0.4293    precision@1 : 0.2288    precision@2 : 0.185    precision@3 : 0.1597    precision@4 : 0.145    precision@5 : 0.1312    precision@10 : 0.0953    precision@20 : 0.0634    precision@30 : 0.0487    precision@50 : 0.034    map@1 : 0.2288    map@2 : 0.2217    map@3 : 0.2245    map@4 : 0.232    map@5 : 0.2378    map@10 : 0.2597    map@20 : 0.2739    map@30 : 0.2798    map@50 : 0.285
Mon 16 Mar 2026 12:51:36 INFO  Saving current: saved/NCL-Mar-16-2026_12-50-37.pth
Mon 16 Mar 2026 12:51:36 INFO  Saving current best: saved/NCL-Mar-16-2026_12-50-37.pth
Mon 16 Mar 2026 12:51:36 INFO  Running E-step ! 
Mon 16 Mar 2026 12:51:36 INFO  epoch 162 training [time: 0.19s, train_loss1: 2.1102, train_loss2: 0.0341, train_loss3: 0.0017]
Mon 16 Mar 2026 12:51:37 INFO  epoch 162 evaluating [time: 0.19s, valid_score: 0.346700]
Mon 16 Mar 2026 12:51:37 INFO  valid result: 
recall@1 : 0.1446    recall@2 : 0.2216    recall@3 : 0.2763    recall@4 : 0.3288    recall@5 : 0.3675    recall@10 : 0.5028    recall@20 : 0.6408    recall@30 : 0.7172    recall@50 : 0.8071    ndcg@1 : 0.23    ndcg@2 : 0.248    ndcg@3 : 0.2651    ndcg@4 : 0.2839    ndcg@5 : 0.2977    ndcg@10 : 0.3467    ndcg@20 : 0.3877    ndcg@30 : 0.4082    ndcg@50 : 0.4297    precision@1 : 0.23    precision@2 : 0.1841    precision@3 : 0.1593    precision@4 : 0.1448    precision@5 : 0.1312    precision@10 : 0.0955    precision@20 : 0.0634    precision@30 : 0.0487    precision@50 : 0.034    map@1 : 0.23    map@2 : 0.2215    map@3 : 0.2245    map@4 : 0.2322    map@5 : 0.2382    map@10 : 0.2601    map@20 : 0.2743    map@30 : 0.2802    map@50 : 0.2854
Mon 16 Mar 2026 12:51:37 INFO  Saving current: saved/NCL-Mar-16-2026_12-50-37.pth
Mon 16 Mar 2026 12:51:37 INFO  Saving current best: saved/NCL-Mar-16-2026_12-50-37.pth
Mon 16 Mar 2026 12:51:37 INFO  Running E-step ! 
Mon 16 Mar 2026 12:51:37 INFO  epoch 163 training [time: 0.18s, train_loss1: 2.1230, train_loss2: 0.0340, train_loss3: 0.0017]
Mon 16 Mar 2026 12:51:37 INFO  epoch 163 evaluating [time: 0.18s, valid_score: 0.346900]
Mon 16 Mar 2026 12:51:37 INFO  valid result: 
recall@1 : 0.1446    recall@2 : 0.221    recall@3 : 0.2775    recall@4 : 0.3279    recall@5 : 0.368    recall@10 : 0.5034    recall@20 : 0.6393    recall@30 : 0.7171    recall@50 : 0.8071    ndcg@1 : 0.23    ndcg@2 : 0.2479    ndcg@3 : 0.2658    ndcg@4 : 0.2835    ndcg@5 : 0.298    ndcg@10 : 0.3469    ndcg@20 : 0.3874    ndcg@30 : 0.4082    ndcg@50 : 0.4297    precision@1 : 0.23    precision@2 : 0.1841    precision@3 : 0.1601    precision@4 : 0.1445    precision@5 : 0.1315    precision@10 : 0.0956    precision@20 : 0.0633    precision@30 : 0.0487    precision@50 : 0.034    map@1 : 0.23    map@2 : 0.2214    map@3 : 0.2249    map@4 : 0.2319    map@5 : 0.2383    map@10 : 0.2601    map@20 : 0.2742    map@30 : 0.2802    map@50 : 0.2854
Mon 16 Mar 2026 12:51:37 INFO  Saving current: saved/NCL-Mar-16-2026_12-50-37.pth
Mon 16 Mar 2026 12:51:37 INFO  Saving current best: saved/NCL-Mar-16-2026_12-50-37.pth
Mon 16 Mar 2026 12:51:37 INFO  Running E-step ! 
Mon 16 Mar 2026 12:51:37 INFO  epoch 164 training [time: 0.21s, train_loss1: 2.0930, train_loss2: 0.0339, train_loss3: 0.0017]
Mon 16 Mar 2026 12:51:37 INFO  epoch 164 evaluating [time: 0.19s, valid_score: 0.347300]
Mon 16 Mar 2026 12:51:37 INFO  valid result: 
recall@1 : 0.1446    recall@2 : 0.2205    recall@3 : 0.2786    recall@4 : 0.3292    recall@5 : 0.3687    recall@10 : 0.5041    recall@20 : 0.6402    recall@30 : 0.7157    recall@50 : 0.8069    ndcg@1 : 0.23    ndcg@2 : 0.2478    ndcg@3 : 0.2664    ndcg@4 : 0.2841    ndcg@5 : 0.2984    ndcg@10 : 0.3473    ndcg@20 : 0.3878    ndcg@30 : 0.4081    ndcg@50 : 0.4299    precision@1 : 0.23    precision@2 : 0.1844    precision@3 : 0.1607    precision@4 : 0.1448    precision@5 : 0.1317    precision@10 : 0.0957    precision@20 : 0.0634    precision@30 : 0.0487    precision@50 : 0.034    map@1 : 0.23    map@2 : 0.2212    map@3 : 0.2251    map@4 : 0.2323    map@5 : 0.2385    map@10 : 0.2604    map@20 : 0.2744    map@30 : 0.2803    map@50 : 0.2856
Mon 16 Mar 2026 12:51:37 INFO  Saving current: saved/NCL-Mar-16-2026_12-50-37.pth
Mon 16 Mar 2026 12:51:37 INFO  Saving current best: saved/NCL-Mar-16-2026_12-50-37.pth
Mon 16 Mar 2026 12:51:37 INFO  Running E-step ! 
Mon 16 Mar 2026 12:51:38 INFO  epoch 165 training [time: 0.17s, train_loss1: 2.0767, train_loss2: 0.0339, train_loss3: 0.0017]
Mon 16 Mar 2026 12:51:38 INFO  epoch 165 evaluating [time: 0.19s, valid_score: 0.347400]
Mon 16 Mar 2026 12:51:38 INFO  valid result: 
recall@1 : 0.1442    recall@2 : 0.2211    recall@3 : 0.2771    recall@4 : 0.3289    recall@5 : 0.3686    recall@10 : 0.5048    recall@20 : 0.6401    recall@30 : 0.7154    recall@50 : 0.8073    ndcg@1 : 0.23    ndcg@2 : 0.2481    ndcg@3 : 0.2656    ndcg@4 : 0.284    ndcg@5 : 0.2983    ndcg@10 : 0.3474    ndcg@20 : 0.3877    ndcg@30 : 0.4079    ndcg@50 : 0.4299    precision@1 : 0.23    precision@2 : 0.1847    precision@3 : 0.1603    precision@4 : 0.145    precision@5 : 0.1318    precision@10 : 0.0958    precision@20 : 0.0634    precision@30 : 0.0487    precision@50 : 0.0341    map@1 : 0.23    map@2 : 0.2212    map@3 : 0.2244    map@4 : 0.232    map@5 : 0.2383    map@10 : 0.2602    map@20 : 0.2742    map@30 : 0.2801    map@50 : 0.2854
Mon 16 Mar 2026 12:51:38 INFO  Saving current: saved/NCL-Mar-16-2026_12-50-37.pth
Mon 16 Mar 2026 12:51:38 INFO  Saving current best: saved/NCL-Mar-16-2026_12-50-37.pth
Mon 16 Mar 2026 12:51:38 INFO  Running E-step ! 
Mon 16 Mar 2026 12:51:38 INFO  epoch 166 training [time: 0.19s, train_loss1: 2.0757, train_loss2: 0.0338, train_loss3: 0.0017]
Mon 16 Mar 2026 12:51:38 INFO  epoch 166 evaluating [time: 0.19s, valid_score: 0.347200]
Mon 16 Mar 2026 12:51:38 INFO  valid result: 
recall@1 : 0.1433    recall@2 : 0.221    recall@3 : 0.2772    recall@4 : 0.3286    recall@5 : 0.3696    recall@10 : 0.5052    recall@20 : 0.6396    recall@30 : 0.7155    recall@50 : 0.8081    ndcg@1 : 0.2282    ndcg@2 : 0.2478    ndcg@3 : 0.2651    ndcg@4 : 0.2836    ndcg@5 : 0.2985    ndcg@10 : 0.3472    ndcg@20 : 0.3873    ndcg@30 : 0.4077    ndcg@50 : 0.4298    precision@1 : 0.2282    precision@2 : 0.185    precision@3 : 0.1599    precision@4 : 0.1453    precision@5 : 0.1325    precision@10 : 0.096    precision@20 : 0.0634    precision@30 : 0.0487    precision@50 : 0.0341    map@1 : 0.2282    map@2 : 0.2211    map@3 : 0.2238    map@4 : 0.2315    map@5 : 0.2382    map@10 : 0.26    map@20 : 0.2739    map@30 : 0.2799    map@50 : 0.2851
Mon 16 Mar 2026 12:51:38 INFO  Running E-step ! 
Mon 16 Mar 2026 12:51:38 INFO  epoch 167 training [time: 0.18s, train_loss1: 2.1001, train_loss2: 0.0337, train_loss3: 0.0017]
Mon 16 Mar 2026 12:51:39 INFO  epoch 167 evaluating [time: 0.19s, valid_score: 0.348100]
Mon 16 Mar 2026 12:51:39 INFO  valid result: 
recall@1 : 0.1449    recall@2 : 0.2214    recall@3 : 0.2789    recall@4 : 0.3274    recall@5 : 0.3708    recall@10 : 0.5054    recall@20 : 0.6387    recall@30 : 0.7174    recall@50 : 0.8086    ndcg@1 : 0.2306    ndcg@2 : 0.2487    ndcg@3 : 0.2668    ndcg@4 : 0.2839    ndcg@5 : 0.2997    ndcg@10 : 0.3481    ndcg@20 : 0.3879    ndcg@30 : 0.409    ndcg@50 : 0.4307    precision@1 : 0.2306    precision@2 : 0.185    precision@3 : 0.1607    precision@4 : 0.1448    precision@5 : 0.1328    precision@10 : 0.096    precision@20 : 0.0633    precision@30 : 0.0489    precision@50 : 0.0341    map@1 : 0.2306    map@2 : 0.2221    map@3 : 0.2254    map@4 : 0.2321    map@5 : 0.2393    map@10 : 0.2609    map@20 : 0.2748    map@30 : 0.2809    map@50 : 0.2861
Mon 16 Mar 2026 12:51:39 INFO  Saving current: saved/NCL-Mar-16-2026_12-50-37.pth
Mon 16 Mar 2026 12:51:39 INFO  Saving current best: saved/NCL-Mar-16-2026_12-50-37.pth
Mon 16 Mar 2026 12:51:39 INFO  Running E-step ! 
Mon 16 Mar 2026 12:51:39 INFO  epoch 168 training [time: 0.18s, train_loss1: 2.1048, train_loss2: 0.0337, train_loss3: 0.0017]
Mon 16 Mar 2026 12:51:39 INFO  epoch 168 evaluating [time: 0.19s, valid_score: 0.347900]
Mon 16 Mar 2026 12:51:39 INFO  valid result: 
recall@1 : 0.1441    recall@2 : 0.2209    recall@3 : 0.2774    recall@4 : 0.3274    recall@5 : 0.3706    recall@10 : 0.5063    recall@20 : 0.6377    recall@30 : 0.7179    recall@50 : 0.8088    ndcg@1 : 0.2294    ndcg@2 : 0.2482    ndcg@3 : 0.2656    ndcg@4 : 0.2835    ndcg@5 : 0.2992    ndcg@10 : 0.3479    ndcg@20 : 0.3871    ndcg@30 : 0.4086    ndcg@50 : 0.4302    precision@1 : 0.2294    precision@2 : 0.185    precision@3 : 0.1601    precision@4 : 0.1451    precision@5 : 0.1328    precision@10 : 0.0962    precision@20 : 0.0632    precision@30 : 0.0489    precision@50 : 0.0341    map@1 : 0.2294    map@2 : 0.2215    map@3 : 0.2244    map@4 : 0.2316    map@5 : 0.2388    map@10 : 0.2604    map@20 : 0.2741    map@30 : 0.2804    map@50 : 0.2856
Mon 16 Mar 2026 12:51:39 INFO  Running E-step ! 
Mon 16 Mar 2026 12:51:39 INFO  epoch 169 training [time: 0.18s, train_loss1: 2.0881, train_loss2: 0.0336, train_loss3: 0.0017]
Mon 16 Mar 2026 12:51:39 INFO  epoch 169 evaluating [time: 0.19s, valid_score: 0.347500]
Mon 16 Mar 2026 12:51:39 INFO  valid result: 
recall@1 : 0.1423    recall@2 : 0.2193    recall@3 : 0.2774    recall@4 : 0.3284    recall@5 : 0.3671    recall@10 : 0.5075    recall@20 : 0.6387    recall@30 : 0.7177    recall@50 : 0.8094    ndcg@1 : 0.2294    ndcg@2 : 0.247    ndcg@3 : 0.2651    ndcg@4 : 0.2833    ndcg@5 : 0.2971    ndcg@10 : 0.3475    ndcg@20 : 0.3866    ndcg@30 : 0.4078    ndcg@50 : 0.4296    precision@1 : 0.2294    precision@2 : 0.1844    precision@3 : 0.1605    precision@4 : 0.1454    precision@5 : 0.1319    precision@10 : 0.0964    precision@20 : 0.0633    precision@30 : 0.0489    precision@50 : 0.0341    map@1 : 0.2294    map@2 : 0.2202    map@3 : 0.2235    map@4 : 0.2308    map@5 : 0.237    map@10 : 0.2595    map@20 : 0.273    map@30 : 0.2792    map@50 : 0.2844
Mon 16 Mar 2026 12:51:39 INFO  Running E-step ! 
Mon 16 Mar 2026 12:51:40 INFO  epoch 170 training [time: 0.16s, train_loss1: 2.0609, train_loss2: 0.0335, train_loss3: 0.0018]
Mon 16 Mar 2026 12:51:40 INFO  epoch 170 evaluating [time: 0.18s, valid_score: 0.347800]
Mon 16 Mar 2026 12:51:40 INFO  valid result: 
recall@1 : 0.1424    recall@2 : 0.2187    recall@3 : 0.2776    recall@4 : 0.3271    recall@5 : 0.3675    recall@10 : 0.509    recall@20 : 0.6401    recall@30 : 0.7182    recall@50 : 0.8088    ndcg@1 : 0.23    ndcg@2 : 0.2467    ndcg@3 : 0.2652    ndcg@4 : 0.2829    ndcg@5 : 0.2973    ndcg@10 : 0.3478    ndcg@20 : 0.3869    ndcg@30 : 0.4079    ndcg@50 : 0.4295    precision@1 : 0.23    precision@2 : 0.1841    precision@3 : 0.1605    precision@4 : 0.1454    precision@5 : 0.1321    precision@10 : 0.0965    precision@20 : 0.0634    precision@30 : 0.0489    precision@50 : 0.0341    map@1 : 0.23    map@2 : 0.2201    map@3 : 0.2235    map@4 : 0.2306    map@5 : 0.237    map@10 : 0.2595    map@20 : 0.2731    map@30 : 0.2791    map@50 : 0.2844
Mon 16 Mar 2026 12:51:40 INFO  Running E-step ! 
Mon 16 Mar 2026 12:51:40 INFO  epoch 171 training [time: 0.19s, train_loss1: 2.0589, train_loss2: 0.0335, train_loss3: 0.0017]
Mon 16 Mar 2026 12:51:40 INFO  epoch 171 evaluating [time: 0.19s, valid_score: 0.348000]
Mon 16 Mar 2026 12:51:40 INFO  valid result: 
recall@1 : 0.1424    recall@2 : 0.2187    recall@3 : 0.2803    recall@4 : 0.327    recall@5 : 0.3675    recall@10 : 0.5091    recall@20 : 0.6384    recall@30 : 0.7176    recall@50 : 0.8086    ndcg@1 : 0.23    ndcg@2 : 0.2467    ndcg@3 : 0.2665    ndcg@4 : 0.2831    ndcg@5 : 0.2974    ndcg@10 : 0.348    ndcg@20 : 0.3867    ndcg@30 : 0.408    ndcg@50 : 0.4296    precision@1 : 0.23    precision@2 : 0.1841    precision@3 : 0.1613    precision@4 : 0.1454    precision@5 : 0.1321    precision@10 : 0.0965    precision@20 : 0.0633    precision@30 : 0.0489    precision@50 : 0.0341    map@1 : 0.23    map@2 : 0.2199    map@3 : 0.2244    map@4 : 0.2308    map@5 : 0.2372    map@10 : 0.2597    map@20 : 0.2731    map@30 : 0.2793    map@50 : 0.2846
Mon 16 Mar 2026 12:51:40 INFO  Running E-step ! 
Mon 16 Mar 2026 12:51:40 INFO  epoch 172 training [time: 0.17s, train_loss1: 2.0672, train_loss2: 0.0334, train_loss3: 0.0017]
Mon 16 Mar 2026 12:51:41 INFO  epoch 172 evaluating [time: 0.18s, valid_score: 0.347500]
Mon 16 Mar 2026 12:51:41 INFO  valid result: 
recall@1 : 0.1421    recall@2 : 0.2173    recall@3 : 0.2807    recall@4 : 0.3285    recall@5 : 0.367    recall@10 : 0.508    recall@20 : 0.6408    recall@30 : 0.7178    recall@50 : 0.8092    ndcg@1 : 0.23    ndcg@2 : 0.2452    ndcg@3 : 0.2664    ndcg@4 : 0.2835    ndcg@5 : 0.297    ndcg@10 : 0.3475    ndcg@20 : 0.3871    ndcg@30 : 0.4079    ndcg@50 : 0.4295    precision@1 : 0.23    precision@2 : 0.1827    precision@3 : 0.1615    precision@4 : 0.146    precision@5 : 0.1319    precision@10 : 0.0964    precision@20 : 0.0635    precision@30 : 0.0489    precision@50 : 0.0341    map@1 : 0.23    map@2 : 0.2184    map@3 : 0.2241    map@4 : 0.2309    map@5 : 0.2368    map@10 : 0.2592    map@20 : 0.273    map@30 : 0.2791    map@50 : 0.2843
Mon 16 Mar 2026 12:51:41 INFO  Running E-step ! 
Mon 16 Mar 2026 12:51:41 INFO  epoch 173 training [time: 0.18s, train_loss1: 2.0473, train_loss2: 0.0333, train_loss3: 0.0017]
Mon 16 Mar 2026 12:51:41 INFO  epoch 173 evaluating [time: 0.19s, valid_score: 0.347900]
Mon 16 Mar 2026 12:51:41 INFO  valid result: 
recall@1 : 0.1428    recall@2 : 0.2169    recall@3 : 0.282    recall@4 : 0.3293    recall@5 : 0.3672    recall@10 : 0.5081    recall@20 : 0.641    recall@30 : 0.7179    recall@50 : 0.8092    ndcg@1 : 0.2312    ndcg@2 : 0.2451    ndcg@3 : 0.2675    ndcg@4 : 0.2841    ndcg@5 : 0.2975    ndcg@10 : 0.3479    ndcg@20 : 0.3876    ndcg@30 : 0.4083    ndcg@50 : 0.43    precision@1 : 0.2312    precision@2 : 0.1821    precision@3 : 0.1623    precision@4 : 0.146    precision@5 : 0.1321    precision@10 : 0.0964    precision@20 : 0.0636    precision@30 : 0.0489    precision@50 : 0.0341    map@1 : 0.2312    map@2 : 0.2184    map@3 : 0.2249    map@4 : 0.2315    map@5 : 0.2374    map@10 : 0.2598    map@20 : 0.2736    map@30 : 0.2797    map@50 : 0.2849
Mon 16 Mar 2026 12:51:41 INFO  Running E-step ! 
Mon 16 Mar 2026 12:51:41 INFO  epoch 174 training [time: 0.17s, train_loss1: 2.0600, train_loss2: 0.0333, train_loss3: 0.0017]
Mon 16 Mar 2026 12:51:41 INFO  epoch 174 evaluating [time: 0.19s, valid_score: 0.347400]
Mon 16 Mar 2026 12:51:41 INFO  valid result: 
recall@1 : 0.1415    recall@2 : 0.2166    recall@3 : 0.2806    recall@4 : 0.329    recall@5 : 0.3673    recall@10 : 0.5086    recall@20 : 0.6428    recall@30 : 0.7184    recall@50 : 0.808    ndcg@1 : 0.2294    ndcg@2 : 0.2443    ndcg@3 : 0.2663    ndcg@4 : 0.2833    ndcg@5 : 0.297    ndcg@10 : 0.3474    ndcg@20 : 0.3874    ndcg@30 : 0.4079    ndcg@50 : 0.4292    precision@1 : 0.2294    precision@2 : 0.1818    precision@3 : 0.1621    precision@4 : 0.1459    precision@5 : 0.1323    precision@10 : 0.0965    precision@20 : 0.0636    precision@30 : 0.049    precision@50 : 0.0341    map@1 : 0.2294    map@2 : 0.2175    map@3 : 0.2238    map@4 : 0.2306    map@5 : 0.2366    map@10 : 0.259    map@20 : 0.2729    map@30 : 0.279    map@50 : 0.2841
Mon 16 Mar 2026 12:51:41 INFO  Running E-step ! 
Mon 16 Mar 2026 12:51:42 INFO  epoch 175 training [time: 0.19s, train_loss1: 2.0510, train_loss2: 0.0332, train_loss3: 0.0017]
Mon 16 Mar 2026 12:51:42 INFO  epoch 175 evaluating [time: 0.18s, valid_score: 0.347400]
Mon 16 Mar 2026 12:51:42 INFO  valid result: 
recall@1 : 0.1421    recall@2 : 0.2157    recall@3 : 0.2806    recall@4 : 0.3284    recall@5 : 0.3662    recall@10 : 0.5087    recall@20 : 0.643    recall@30 : 0.7184    recall@50 : 0.8086    ndcg@1 : 0.23    ndcg@2 : 0.2439    ndcg@3 : 0.2664    ndcg@4 : 0.2832    ndcg@5 : 0.2966    ndcg@10 : 0.3474    ndcg@20 : 0.3876    ndcg@30 : 0.4079    ndcg@50 : 0.4294    precision@1 : 0.23    precision@2 : 0.1812    precision@3 : 0.1621    precision@4 : 0.1457    precision@5 : 0.1321    precision@10 : 0.0964    precision@20 : 0.0636    precision@30 : 0.049    precision@50 : 0.0341    map@1 : 0.23    map@2 : 0.2174    map@3 : 0.2239    map@4 : 0.2307    map@5 : 0.2366    map@10 : 0.2592    map@20 : 0.2731    map@30 : 0.2791    map@50 : 0.2843
Mon 16 Mar 2026 12:51:42 INFO  Running E-step ! 
Mon 16 Mar 2026 12:51:42 INFO  epoch 176 training [time: 0.20s, train_loss1: 2.0496, train_loss2: 0.0331, train_loss3: 0.0017]
Mon 16 Mar 2026 12:51:42 INFO  epoch 176 evaluating [time: 0.19s, valid_score: 0.347900]
Mon 16 Mar 2026 12:51:42 INFO  valid result: 
recall@1 : 0.1426    recall@2 : 0.2161    recall@3 : 0.2812    recall@4 : 0.3279    recall@5 : 0.3657    recall@10 : 0.5094    recall@20 : 0.6436    recall@30 : 0.7181    recall@50 : 0.809    ndcg@1 : 0.2306    ndcg@2 : 0.2442    ndcg@3 : 0.2668    ndcg@4 : 0.2831    ndcg@5 : 0.2966    ndcg@10 : 0.3479    ndcg@20 : 0.3879    ndcg@30 : 0.4081    ndcg@50 : 0.4297    precision@1 : 0.2306    precision@2 : 0.1812    precision@3 : 0.1621    precision@4 : 0.1454    precision@5 : 0.1318    precision@10 : 0.0965    precision@20 : 0.0637    precision@30 : 0.049    precision@50 : 0.0341    map@1 : 0.2306    map@2 : 0.2175    map@3 : 0.2242    map@4 : 0.2308    map@5 : 0.2367    map@10 : 0.2595    map@20 : 0.2734    map@30 : 0.2794    map@50 : 0.2846
Mon 16 Mar 2026 12:51:42 INFO  Running E-step ! 
Mon 16 Mar 2026 12:51:42 INFO  epoch 177 training [time: 0.18s, train_loss1: 2.0164, train_loss2: 0.0331, train_loss3: 0.0017]
Mon 16 Mar 2026 12:51:43 INFO  epoch 177 evaluating [time: 0.18s, valid_score: 0.348200]
Mon 16 Mar 2026 12:51:43 INFO  valid result: 
recall@1 : 0.1424    recall@2 : 0.2167    recall@3 : 0.2828    recall@4 : 0.3282    recall@5 : 0.3645    recall@10 : 0.5101    recall@20 : 0.6431    recall@30 : 0.7179    recall@50 : 0.8088    ndcg@1 : 0.23    ndcg@2 : 0.2444    ndcg@3 : 0.2677    ndcg@4 : 0.2835    ndcg@5 : 0.2962    ndcg@10 : 0.3482    ndcg@20 : 0.388    ndcg@30 : 0.4082    ndcg@50 : 0.4298    precision@1 : 0.23    precision@2 : 0.1815    precision@3 : 0.1627    precision@4 : 0.1457    precision@5 : 0.1313    precision@10 : 0.0967    precision@20 : 0.0637    precision@30 : 0.049    precision@50 : 0.0341    map@1 : 0.23    map@2 : 0.2177    map@3 : 0.2247    map@4 : 0.2311    map@5 : 0.2366    map@10 : 0.2598    map@20 : 0.2736    map@30 : 0.2796    map@50 : 0.2848
Mon 16 Mar 2026 12:51:43 INFO  Saving current: saved/NCL-Mar-16-2026_12-50-37.pth
Mon 16 Mar 2026 12:51:43 INFO  Saving current best: saved/NCL-Mar-16-2026_12-50-37.pth
Mon 16 Mar 2026 12:51:43 INFO  Running E-step ! 
Mon 16 Mar 2026 12:51:43 INFO  epoch 178 training [time: 0.20s, train_loss1: 2.0200, train_loss2: 0.0330, train_loss3: 0.0017]
Mon 16 Mar 2026 12:51:43 INFO  epoch 178 evaluating [time: 0.18s, valid_score: 0.347700]
Mon 16 Mar 2026 12:51:43 INFO  valid result: 
recall@1 : 0.1412    recall@2 : 0.2158    recall@3 : 0.2815    recall@4 : 0.3279    recall@5 : 0.3628    recall@10 : 0.5107    recall@20 : 0.6443    recall@30 : 0.7182    recall@50 : 0.8095    ndcg@1 : 0.2288    ndcg@2 : 0.2429    ndcg@3 : 0.2664    ndcg@4 : 0.2826    ndcg@5 : 0.2947    ndcg@10 : 0.3477    ndcg@20 : 0.3876    ndcg@30 : 0.4076    ndcg@50 : 0.4293    precision@1 : 0.2288    precision@2 : 0.1803    precision@3 : 0.1623    precision@4 : 0.1456    precision@5 : 0.131    precision@10 : 0.0968    precision@20 : 0.0638    precision@30 : 0.049    precision@50 : 0.0341    map@1 : 0.2288    map@2 : 0.216    map@3 : 0.2234    map@4 : 0.2299    map@5 : 0.2352    map@10 : 0.2589    map@20 : 0.2727    map@30 : 0.2786    map@50 : 0.2838
Mon 16 Mar 2026 12:51:43 INFO  Running E-step ! 
Mon 16 Mar 2026 12:51:43 INFO  epoch 179 training [time: 0.18s, train_loss1: 2.0275, train_loss2: 0.0329, train_loss3: 0.0017]
Mon 16 Mar 2026 12:51:43 INFO  epoch 179 evaluating [time: 0.18s, valid_score: 0.347700]
Mon 16 Mar 2026 12:51:43 INFO  valid result: 
recall@1 : 0.142    recall@2 : 0.2163    recall@3 : 0.2806    recall@4 : 0.328    recall@5 : 0.3629    recall@10 : 0.5096    recall@20 : 0.6436    recall@30 : 0.717    recall@50 : 0.8097    ndcg@1 : 0.23    ndcg@2 : 0.2434    ndcg@3 : 0.266    ndcg@4 : 0.2829    ndcg@5 : 0.295    ndcg@10 : 0.3477    ndcg@20 : 0.3877    ndcg@30 : 0.4076    ndcg@50 : 0.4296    precision@1 : 0.23    precision@2 : 0.1803    precision@3 : 0.1615    precision@4 : 0.1457    precision@5 : 0.131    precision@10 : 0.0968    precision@20 : 0.0638    precision@30 : 0.0489    precision@50 : 0.0341    map@1 : 0.23    map@2 : 0.2168    map@3 : 0.2233    map@4 : 0.2303    map@5 : 0.2356    map@10 : 0.2592    map@20 : 0.2731    map@30 : 0.279    map@50 : 0.2842
Mon 16 Mar 2026 12:51:43 INFO  Running E-step ! 
Mon 16 Mar 2026 12:51:44 INFO  epoch 180 training [time: 0.18s, train_loss1: 2.0064, train_loss2: 0.0329, train_loss3: 0.0017]
Mon 16 Mar 2026 12:51:44 INFO  epoch 180 evaluating [time: 0.19s, valid_score: 0.347200]
Mon 16 Mar 2026 12:51:44 INFO  valid result: 
recall@1 : 0.1417    recall@2 : 0.2165    recall@3 : 0.2796    recall@4 : 0.3289    recall@5 : 0.3625    recall@10 : 0.5082    recall@20 : 0.645    recall@30 : 0.7178    recall@50 : 0.8108    ndcg@1 : 0.2288    ndcg@2 : 0.2431    ndcg@3 : 0.2652    ndcg@4 : 0.2831    ndcg@5 : 0.2947    ndcg@10 : 0.3472    ndcg@20 : 0.3879    ndcg@30 : 0.4076    ndcg@50 : 0.4297    precision@1 : 0.2288    precision@2 : 0.1803    precision@3 : 0.1609    precision@4 : 0.146    precision@5 : 0.131    precision@10 : 0.0968    precision@20 : 0.0639    precision@30 : 0.0489    precision@50 : 0.0342    map@1 : 0.2288    map@2 : 0.2165    map@3 : 0.2227    map@4 : 0.2303    map@5 : 0.2354    map@10 : 0.2589    map@20 : 0.273    map@30 : 0.2789    map@50 : 0.2842
Mon 16 Mar 2026 12:51:44 INFO  Running E-step ! 
Mon 16 Mar 2026 12:51:44 INFO  epoch 181 training [time: 0.19s, train_loss1: 2.0265, train_loss2: 0.0328, train_loss3: 0.0017]
Mon 16 Mar 2026 12:51:44 INFO  epoch 181 evaluating [time: 0.19s, valid_score: 0.346600]
Mon 16 Mar 2026 12:51:44 INFO  valid result: 
recall@1 : 0.1409    recall@2 : 0.215    recall@3 : 0.281    recall@4 : 0.3282    recall@5 : 0.3619    recall@10 : 0.5078    recall@20 : 0.6456    recall@30 : 0.7179    recall@50 : 0.8105    ndcg@1 : 0.2288    ndcg@2 : 0.2418    ndcg@3 : 0.2656    ndcg@4 : 0.2825    ndcg@5 : 0.2941    ndcg@10 : 0.3466    ndcg@20 : 0.3876    ndcg@30 : 0.4072    ndcg@50 : 0.4292    precision@1 : 0.2288    precision@2 : 0.1791    precision@3 : 0.1617    precision@4 : 0.1457    precision@5 : 0.1308    precision@10 : 0.0967    precision@20 : 0.0639    precision@30 : 0.049    precision@50 : 0.0342    map@1 : 0.2288    map@2 : 0.2153    map@3 : 0.2227    map@4 : 0.2296    map@5 : 0.2346    map@10 : 0.2582    map@20 : 0.2724    map@30 : 0.2782    map@50 : 0.2835
Mon 16 Mar 2026 12:51:44 INFO  Running E-step ! 
Mon 16 Mar 2026 12:51:44 INFO  epoch 182 training [time: 0.17s, train_loss1: 2.0535, train_loss2: 0.0327, train_loss3: 0.0017]
Mon 16 Mar 2026 12:51:45 INFO  epoch 182 evaluating [time: 0.19s, valid_score: 0.346100]
Mon 16 Mar 2026 12:51:45 INFO  valid result: 
recall@1 : 0.1401    recall@2 : 0.2163    recall@3 : 0.2815    recall@4 : 0.3278    recall@5 : 0.3617    recall@10 : 0.5066    recall@20 : 0.6454    recall@30 : 0.7172    recall@50 : 0.8118    ndcg@1 : 0.2282    ndcg@2 : 0.2423    ndcg@3 : 0.2656    ndcg@4 : 0.2821    ndcg@5 : 0.2939    ndcg@10 : 0.3461    ndcg@20 : 0.3875    ndcg@30 : 0.407    ndcg@50 : 0.4294    precision@1 : 0.2282    precision@2 : 0.1797    precision@3 : 0.1615    precision@4 : 0.1454    precision@5 : 0.1308    precision@10 : 0.0965    precision@20 : 0.064    precision@30 : 0.0489    precision@50 : 0.0342    map@1 : 0.2282    map@2 : 0.2154    map@3 : 0.2225    map@4 : 0.2292    map@5 : 0.2344    map@10 : 0.2579    map@20 : 0.2723    map@30 : 0.2781    map@50 : 0.2834
Mon 16 Mar 2026 12:51:45 INFO  Running E-step ! 
Mon 16 Mar 2026 12:51:45 INFO  epoch 183 training [time: 0.19s, train_loss1: 2.0264, train_loss2: 0.0327, train_loss3: 0.0016]
Mon 16 Mar 2026 12:51:45 INFO  epoch 183 evaluating [time: 0.19s, valid_score: 0.345400]
Mon 16 Mar 2026 12:51:45 INFO  valid result: 
recall@1 : 0.1392    recall@2 : 0.2165    recall@3 : 0.2817    recall@4 : 0.3285    recall@5 : 0.363    recall@10 : 0.5057    recall@20 : 0.6471    recall@30 : 0.7168    recall@50 : 0.8115    ndcg@1 : 0.2253    ndcg@2 : 0.2418    ndcg@3 : 0.2652    ndcg@4 : 0.282    ndcg@5 : 0.2941    ndcg@10 : 0.3454    ndcg@20 : 0.3875    ndcg@30 : 0.4064    ndcg@50 : 0.4289    precision@1 : 0.2253    precision@2 : 0.1797    precision@3 : 0.1617    precision@4 : 0.1459    precision@5 : 0.1311    precision@10 : 0.0964    precision@20 : 0.0642    precision@30 : 0.0489    precision@50 : 0.0342    map@1 : 0.2253    map@2 : 0.2148    map@3 : 0.2221    map@4 : 0.229    map@5 : 0.2344    map@10 : 0.2574    map@20 : 0.272    map@30 : 0.2776    map@50 : 0.283
Mon 16 Mar 2026 12:51:45 INFO  Running E-step ! 
Mon 16 Mar 2026 12:51:45 INFO  epoch 184 training [time: 0.18s, train_loss1: 2.0004, train_loss2: 0.0326, train_loss3: 0.0016]
Mon 16 Mar 2026 12:51:45 INFO  epoch 184 evaluating [time: 0.19s, valid_score: 0.345700]
Mon 16 Mar 2026 12:51:45 INFO  valid result: 
recall@1 : 0.1386    recall@2 : 0.2168    recall@3 : 0.2836    recall@4 : 0.329    recall@5 : 0.3611    recall@10 : 0.5067    recall@20 : 0.6468    recall@30 : 0.7168    recall@50 : 0.8115    ndcg@1 : 0.2247    ndcg@2 : 0.2421    ndcg@3 : 0.266    ndcg@4 : 0.2822    ndcg@5 : 0.2934    ndcg@10 : 0.3457    ndcg@20 : 0.3874    ndcg@30 : 0.4064    ndcg@50 : 0.4289    precision@1 : 0.2247    precision@2 : 0.1803    precision@3 : 0.1621    precision@4 : 0.1459    precision@5 : 0.1309    precision@10 : 0.0965    precision@20 : 0.0642    precision@30 : 0.0489    precision@50 : 0.0342    map@1 : 0.2247    map@2 : 0.215    map@3 : 0.2225    map@4 : 0.2291    map@5 : 0.2339    map@10 : 0.2575    map@20 : 0.2719    map@30 : 0.2776    map@50 : 0.283
Mon 16 Mar 2026 12:51:45 INFO  Running E-step ! 
Mon 16 Mar 2026 12:51:46 INFO  epoch 185 training [time: 0.19s, train_loss1: 1.9873, train_loss2: 0.0325, train_loss3: 0.0016]
Mon 16 Mar 2026 12:51:46 INFO  epoch 185 evaluating [time: 0.18s, valid_score: 0.345500]
Mon 16 Mar 2026 12:51:46 INFO  valid result: 
recall@1 : 0.1377    recall@2 : 0.2175    recall@3 : 0.2831    recall@4 : 0.3271    recall@5 : 0.3635    recall@10 : 0.5063    recall@20 : 0.6454    recall@30 : 0.717    recall@50 : 0.8124    ndcg@1 : 0.2241    ndcg@2 : 0.2422    ndcg@3 : 0.2656    ndcg@4 : 0.2811    ndcg@5 : 0.2939    ndcg@10 : 0.3455    ndcg@20 : 0.3868    ndcg@30 : 0.4063    ndcg@50 : 0.4288    precision@1 : 0.2241    precision@2 : 0.1806    precision@3 : 0.1621    precision@4 : 0.1454    precision@5 : 0.1312    precision@10 : 0.0967    precision@20 : 0.0641    precision@30 : 0.049    precision@50 : 0.0343    map@1 : 0.2241    map@2 : 0.215    map@3 : 0.222    map@4 : 0.2284    map@5 : 0.2338    map@10 : 0.2571    map@20 : 0.2715    map@30 : 0.2773    map@50 : 0.2826
Mon 16 Mar 2026 12:51:46 INFO  Running E-step ! 
Mon 16 Mar 2026 12:51:46 INFO  epoch 186 training [time: 0.17s, train_loss1: 1.9819, train_loss2: 0.0324, train_loss3: 0.0016]
Mon 16 Mar 2026 12:51:46 INFO  epoch 186 evaluating [time: 0.18s, valid_score: 0.346200]
Mon 16 Mar 2026 12:51:46 INFO  valid result: 
recall@1 : 0.1376    recall@2 : 0.2201    recall@3 : 0.2829    recall@4 : 0.3261    recall@5 : 0.3648    recall@10 : 0.5076    recall@20 : 0.645    recall@30 : 0.7173    recall@50 : 0.8121    ndcg@1 : 0.2235    ndcg@2 : 0.244    ndcg@3 : 0.2656    ndcg@4 : 0.2808    ndcg@5 : 0.2946    ndcg@10 : 0.3462    ndcg@20 : 0.3871    ndcg@30 : 0.4066    ndcg@50 : 0.4291    precision@1 : 0.2235    precision@2 : 0.1824    precision@3 : 0.1617    precision@4 : 0.1448    precision@5 : 0.1316    precision@10 : 0.0969    precision@20 : 0.0641    precision@30 : 0.049    precision@50 : 0.0343    map@1 : 0.2235    map@2 : 0.2165    map@3 : 0.2223    map@4 : 0.2282    map@5 : 0.2344    map@10 : 0.2576    map@20 : 0.2719    map@30 : 0.2777    map@50 : 0.2831
Mon 16 Mar 2026 12:51:46 INFO  Running E-step ! 
Mon 16 Mar 2026 12:51:46 INFO  epoch 187 training [time: 0.18s, train_loss1: 1.9734, train_loss2: 0.0324, train_loss3: 0.0016]
Mon 16 Mar 2026 12:51:46 INFO  epoch 187 evaluating [time: 0.18s, valid_score: 0.346900]
Mon 16 Mar 2026 12:51:46 INFO  valid result: 
recall@1 : 0.139    recall@2 : 0.2203    recall@3 : 0.2832    recall@4 : 0.3268    recall@5 : 0.366    recall@10 : 0.5076    recall@20 : 0.6436    recall@30 : 0.7179    recall@50 : 0.8115    ndcg@1 : 0.2253    ndcg@2 : 0.2449    ndcg@3 : 0.2664    ndcg@4 : 0.2818    ndcg@5 : 0.2958    ndcg@10 : 0.3469    ndcg@20 : 0.3874    ndcg@30 : 0.4074    ndcg@50 : 0.4296    precision@1 : 0.2253    precision@2 : 0.1827    precision@3 : 0.1619    precision@4 : 0.1453    precision@5 : 0.1319    precision@10 : 0.0971    precision@20 : 0.064    precision@30 : 0.0491    precision@50 : 0.0343    map@1 : 0.2253    map@2 : 0.2174    map@3 : 0.2232    map@4 : 0.2293    map@5 : 0.2355    map@10 : 0.2585    map@20 : 0.2727    map@30 : 0.2786    map@50 : 0.2839
Mon 16 Mar 2026 12:51:46 INFO  Running E-step ! 
Mon 16 Mar 2026 12:51:47 INFO  epoch 188 training [time: 0.18s, train_loss1: 1.9500, train_loss2: 0.0323, train_loss3: 0.0016]
Mon 16 Mar 2026 12:51:47 INFO  epoch 188 evaluating [time: 0.19s, valid_score: 0.347100]
Mon 16 Mar 2026 12:51:47 INFO  valid result: 
recall@1 : 0.1383    recall@2 : 0.2193    recall@3 : 0.283    recall@4 : 0.3274    recall@5 : 0.367    recall@10 : 0.5093    recall@20 : 0.6437    recall@30 : 0.7174    recall@50 : 0.8109    ndcg@1 : 0.2247    ndcg@2 : 0.2435    ndcg@3 : 0.2658    ndcg@4 : 0.2818    ndcg@5 : 0.2959    ndcg@10 : 0.3471    ndcg@20 : 0.3872    ndcg@30 : 0.4071    ndcg@50 : 0.4292    precision@1 : 0.2247    precision@2 : 0.1812    precision@3 : 0.1617    precision@4 : 0.1459    precision@5 : 0.1323    precision@10 : 0.0973    precision@20 : 0.0641    precision@30 : 0.0491    precision@50 : 0.0342    map@1 : 0.2247    map@2 : 0.2162    map@3 : 0.2226    map@4 : 0.2291    map@5 : 0.2353    map@10 : 0.2583    map@20 : 0.2723    map@30 : 0.2782    map@50 : 0.2835
Mon 16 Mar 2026 12:51:47 INFO  Finished training, best eval result in epoch 177
Mon 16 Mar 2026 12:51:47 INFO  best valid : OrderedDict([('recall@1', 0.1424), ('recall@2', 0.2167), ('recall@3', 0.2828), ('recall@4', 0.3282), ('recall@5', 0.3645), ('recall@10', 0.5101), ('recall@20', 0.6431), ('recall@30', 0.7179), ('recall@50', 0.8088), ('ndcg@1', 0.23), ('ndcg@2', 0.2444), ('ndcg@3', 0.2677), ('ndcg@4', 0.2835), ('ndcg@5', 0.2962), ('ndcg@10', 0.3482), ('ndcg@20', 0.388), ('ndcg@30', 0.4082), ('ndcg@50', 0.4298), ('precision@1', 0.23), ('precision@2', 0.1815), ('precision@3', 0.1627), ('precision@4', 0.1457), ('precision@5', 0.1313), ('precision@10', 0.0967), ('precision@20', 0.0637), ('precision@30', 0.049), ('precision@50', 0.0341), ('map@1', 0.23), ('map@2', 0.2177), ('map@3', 0.2247), ('map@4', 0.2311), ('map@5', 0.2366), ('map@10', 0.2598), ('map@20', 0.2736), ('map@30', 0.2796), ('map@50', 0.2848)])
Mon 16 Mar 2026 12:51:47 INFO  test result: OrderedDict([('recall@1', 0.1741), ('recall@2', 0.2616), ('recall@3', 0.3187), ('recall@4', 0.3604), ('recall@5', 0.3978), ('recall@10', 0.5155), ('recall@20', 0.6406), ('recall@30', 0.7167), ('recall@50', 0.801), ('ndcg@1', 0.2939), ('ndcg@2', 0.3056), ('ndcg@3', 0.3174), ('ndcg@4', 0.3297), ('ndcg@5', 0.3421), ('ndcg@10', 0.38), ('ndcg@20', 0.4159), ('ndcg@30', 0.4355), ('ndcg@50', 0.4547), ('precision@1', 0.2939), ('precision@2', 0.2292), ('precision@3', 0.191), ('precision@4', 0.1673), ('precision@5', 0.1506), ('precision@10', 0.1006), ('precision@20', 0.0641), ('precision@30', 0.0484), ('precision@50', 0.0328), ('map@1', 0.2939), ('map@2', 0.2785), ('map@3', 0.2767), ('map@4', 0.2803), ('map@5', 0.2851), ('map@10', 0.2992), ('map@20', 0.311), ('map@30', 0.3166), ('map@50', 0.3207)])
