Sun 15 Mar 2026 22:02:14 INFO  
General Hyper Parameters:
gpu_id = 0
use_gpu = True
seed = 2021
state = INFO
reproducibility = True
data_path = ./travel
checkpoint_dir = saved
show_progress = True
save_dataset = False
dataset_save_path = None
save_dataloaders = False
dataloaders_save_path = None
log_wandb = False

Training Hyper Parameters:
epochs = 1000
train_batch_size = 4096
learner = adam
learning_rate = 0.001
train_neg_sample_args = {'distribution': 'uniform', 'sample_num': 1, 'alpha': 1.0, 'dynamic': False, 'candidate_num': 0}
eval_step = 1
stopping_step = 20
clip_grad_norm = None
weight_decay = 0.0
loss_decimal_place = 4

Evaluation Hyper Parameters:
eval_args = {'split': {'RS': [0.8, 0.1, 0.1]}, 'order': 'RO', 'group_by': 'user', 'mode': {'valid': 'full', 'test': 'full'}}
repeatable = False
metrics = ['Recall', 'NDCG', 'Precision', 'MAP']
topk = [1, 2, 3, 4, 5, 10, 20, 30, 50]
valid_metric = NDCG@10
valid_metric_bigger = True
eval_batch_size = 4096
metric_decimal_place = 4

Dataset Hyper Parameters:
field_separator = 	
seq_separator =  
USER_ID_FIELD = user_id
ITEM_ID_FIELD = item_id
RATING_FIELD = rating
TIME_FIELD = timestamp
seq_len = None
LABEL_FIELD = label
threshold = None
NEG_PREFIX = neg_
load_col = {'inter': ['user_id', 'item_id', 'rating'], 'user': ['user_id', 'post_num', 'follower', 'following', 'timestamp']}
unload_col = None
unused_col = None
additional_feat_suffix = None
rm_dup_inter = None
val_interval = {'rating': '[0,inf)'}
filter_inter_by_user_or_item = True
user_inter_num_interval = [0,inf)
item_inter_num_interval = [0,inf)
alias_of_user_id = None
alias_of_item_id = None
alias_of_entity_id = None
alias_of_relation_id = None
preload_weight = None
normalize_field = None
normalize_all = None
ITEM_LIST_LENGTH_FIELD = item_length
LIST_SUFFIX = _list
MAX_ITEM_LIST_LENGTH = 50
POSITION_FIELD = position_id
HEAD_ENTITY_ID_FIELD = head_id
TAIL_ENTITY_ID_FIELD = tail_id
RELATION_ID_FIELD = relation_id
ENTITY_ID_FIELD = entity_id
benchmark_filename = None

Other Hyper Parameters: 
worker = 0
wandb_project = recbole
shuffle = True
require_pow = False
enable_amp = False
enable_scaler = False
transform = None
embedding_size = 64
n_layers = 3
reg_weight = 0.0001
numerical_features = []
discretization = None
kg_reverse_r = False
entity_kg_num_interval = [0,inf)
relation_kg_num_interval = [0,inf)
MODEL_TYPE = ModelType.GENERAL
MODEL_INPUT_TYPE = InputType.PAIRWISE
eval_type = EvaluatorType.RANKING
single_spec = True
local_rank = 0
device = cuda
valid_neg_sample_args = {'distribution': 'uniform', 'sample_num': 'none'}
test_neg_sample_args = {'distribution': 'uniform', 'sample_num': 'none'}


Sun 15 Mar 2026 22:02:14 INFO  travel
The number of users: 2010
Average actions of users: 18.721254355400696
The number of items: 247
Average actions of items: 152.890243902439
The number of inters: 37611
The sparsity of the dataset: 92.42431566862047%
Remain Fields: ['user_id', 'item_id', 'rating', 'post_num', 'follower', 'following', 'timestamp']
Sun 15 Mar 2026 22:02:14 INFO  [Training]: train_batch_size = [4096] train_neg_sample_args: [{'distribution': 'uniform', 'sample_num': 1, 'alpha': 1.0, 'dynamic': False, 'candidate_num': 0}]
Sun 15 Mar 2026 22:02:14 INFO  [Evaluation]: eval_batch_size = [4096] eval_args: [{'split': {'RS': [0.8, 0.1, 0.1]}, 'order': 'RO', 'group_by': 'user', 'mode': {'valid': 'full', 'test': 'full'}}]
Sun 15 Mar 2026 22:02:15 INFO  LightGCN(
  (user_embedding): Embedding(2010, 64)
  (item_embedding): Embedding(247, 64)
  (mf_loss): BPRLoss()
  (reg_loss): EmbLoss()
)
Trainable parameters: 144448
Sun 15 Mar 2026 22:02:15 INFO  trainable parameters: 144448
Sun 15 Mar 2026 22:02:16 INFO  epoch 0 training [time: 0.51s, train loss: 5.5400]
Sun 15 Mar 2026 22:02:16 INFO  epoch 0 evaluating [time: 0.43s, valid_score: 0.189100]
Sun 15 Mar 2026 22:02:16 INFO  valid result: 
recall@1 : 0.0665    recall@2 : 0.1123    recall@3 : 0.1411    recall@4 : 0.166    recall@5 : 0.1953    recall@10 : 0.2855    recall@20 : 0.3965    recall@30 : 0.4735    recall@50 : 0.5968    ndcg@1 : 0.124    ndcg@2 : 0.1329    ndcg@3 : 0.1404    ndcg@4 : 0.1481    ndcg@5 : 0.1583    ndcg@10 : 0.1891    ndcg@20 : 0.222    ndcg@30 : 0.2419    ndcg@50 : 0.2695    precision@1 : 0.124    precision@2 : 0.1052    precision@3 : 0.0904    precision@4 : 0.0815    precision@5 : 0.0757    precision@10 : 0.057    precision@20 : 0.0411    precision@30 : 0.0332    precision@50 : 0.0252    map@1 : 0.124    map@2 : 0.1147    map@3 : 0.1141    map@4 : 0.1152    map@5 : 0.1192    map@10 : 0.1303    map@20 : 0.14    map@30 : 0.1448    map@50 : 0.1499
Sun 15 Mar 2026 22:02:16 INFO  Saving current: saved/LightGCN-Mar-15-2026_22-02-15.pth
Sun 15 Mar 2026 22:02:17 INFO  epoch 1 training [time: 0.17s, train loss: 5.5245]
Sun 15 Mar 2026 22:02:17 INFO  epoch 1 evaluating [time: 0.33s, valid_score: 0.302000]
Sun 15 Mar 2026 22:02:17 INFO  valid result: 
recall@1 : 0.1183    recall@2 : 0.2051    recall@3 : 0.2651    recall@4 : 0.2998    recall@5 : 0.3285    recall@10 : 0.4412    recall@20 : 0.5716    recall@30 : 0.6416    recall@50 : 0.7441    ndcg@1 : 0.1913    ndcg@2 : 0.2185    ndcg@3 : 0.2411    ndcg@4 : 0.2528    ndcg@5 : 0.263    ndcg@10 : 0.302    ndcg@20 : 0.34    ndcg@30 : 0.3587    ndcg@50 : 0.3831    precision@1 : 0.1913    precision@2 : 0.1639    precision@3 : 0.1454    precision@4 : 0.1272    precision@5 : 0.1138    precision@10 : 0.0808    precision@20 : 0.0541    precision@30 : 0.0419    precision@50 : 0.0305    map@1 : 0.1913    map@2 : 0.1919    map@3 : 0.2    map@4 : 0.2035    map@5 : 0.2077    map@10 : 0.2231    map@20 : 0.2352    map@30 : 0.2401    map@50 : 0.2454
Sun 15 Mar 2026 22:02:17 INFO  Saving current: saved/LightGCN-Mar-15-2026_22-02-15.pth
Sun 15 Mar 2026 22:02:17 INFO  epoch 2 training [time: 0.18s, train loss: 5.4865]
Sun 15 Mar 2026 22:02:18 INFO  epoch 2 evaluating [time: 0.33s, valid_score: 0.308100]
Sun 15 Mar 2026 22:02:18 INFO  valid result: 
recall@1 : 0.1138    recall@2 : 0.2085    recall@3 : 0.2698    recall@4 : 0.316    recall@5 : 0.3481    recall@10 : 0.4557    recall@20 : 0.5881    recall@30 : 0.6645    recall@50 : 0.7657    ndcg@1 : 0.1871    ndcg@2 : 0.2198    ndcg@3 : 0.2421    ndcg@4 : 0.2589    ndcg@5 : 0.2706    ndcg@10 : 0.3081    ndcg@20 : 0.3467    ndcg@30 : 0.3672    ndcg@50 : 0.3914    precision@1 : 0.1871    precision@2 : 0.1663    precision@3 : 0.1458    precision@4 : 0.1313    precision@5 : 0.1184    precision@10 : 0.0824    precision@20 : 0.0552    precision@30 : 0.0434    precision@50 : 0.0313    map@1 : 0.1871    map@2 : 0.1922    map@3 : 0.1996    map@4 : 0.2064    map@5 : 0.2111    map@10 : 0.2265    map@20 : 0.2384    map@30 : 0.244    map@50 : 0.2493
Sun 15 Mar 2026 22:02:18 INFO  Saving current: saved/LightGCN-Mar-15-2026_22-02-15.pth
Sun 15 Mar 2026 22:02:18 INFO  epoch 3 training [time: 0.20s, train loss: 5.4168]
Sun 15 Mar 2026 22:02:18 INFO  epoch 3 evaluating [time: 0.32s, valid_score: 0.308500]
Sun 15 Mar 2026 22:02:18 INFO  valid result: 
recall@1 : 0.1144    recall@2 : 0.2082    recall@3 : 0.271    recall@4 : 0.3211    recall@5 : 0.351    recall@10 : 0.4551    recall@20 : 0.5921    recall@30 : 0.6723    recall@50 : 0.7744    ndcg@1 : 0.1883    ndcg@2 : 0.2195    ndcg@3 : 0.2429    ndcg@4 : 0.2611    ndcg@5 : 0.2722    ndcg@10 : 0.3085    ndcg@20 : 0.3483    ndcg@30 : 0.3698    ndcg@50 : 0.3944    precision@1 : 0.1883    precision@2 : 0.1657    precision@3 : 0.1464    precision@4 : 0.1319    precision@5 : 0.119    precision@10 : 0.0821    precision@20 : 0.0555    precision@30 : 0.0437    precision@50 : 0.0317    map@1 : 0.1883    map@2 : 0.1923    map@3 : 0.2005    map@4 : 0.2077    map@5 : 0.2123    map@10 : 0.2271    map@20 : 0.2396    map@30 : 0.2453    map@50 : 0.2508
Sun 15 Mar 2026 22:02:18 INFO  Saving current: saved/LightGCN-Mar-15-2026_22-02-15.pth
Sun 15 Mar 2026 22:02:18 INFO  epoch 4 training [time: 0.17s, train loss: 5.3050]
Sun 15 Mar 2026 22:02:18 INFO  epoch 4 evaluating [time: 0.14s, valid_score: 0.308800]
Sun 15 Mar 2026 22:02:18 INFO  valid result: 
recall@1 : 0.114    recall@2 : 0.2083    recall@3 : 0.2729    recall@4 : 0.3198    recall@5 : 0.3486    recall@10 : 0.4565    recall@20 : 0.5922    recall@30 : 0.6762    recall@50 : 0.7755    ndcg@1 : 0.1859    ndcg@2 : 0.219    ndcg@3 : 0.2434    ndcg@4 : 0.2604    ndcg@5 : 0.271    ndcg@10 : 0.3088    ndcg@20 : 0.3482    ndcg@30 : 0.3704    ndcg@50 : 0.3944    precision@1 : 0.1859    precision@2 : 0.1657    precision@3 : 0.147    precision@4 : 0.1319    precision@5 : 0.1185    precision@10 : 0.0824    precision@20 : 0.0555    precision@30 : 0.0439    precision@50 : 0.0317    map@1 : 0.1859    map@2 : 0.1917    map@3 : 0.2008    map@4 : 0.2074    map@5 : 0.2117    map@10 : 0.2272    map@20 : 0.2395    map@30 : 0.2453    map@50 : 0.2507
Sun 15 Mar 2026 22:02:18 INFO  Saving current: saved/LightGCN-Mar-15-2026_22-02-15.pth
Sun 15 Mar 2026 22:02:19 INFO  epoch 5 training [time: 0.19s, train loss: 5.1527]
Sun 15 Mar 2026 22:02:19 INFO  epoch 5 evaluating [time: 0.32s, valid_score: 0.309600]
Sun 15 Mar 2026 22:02:19 INFO  valid result: 
recall@1 : 0.1131    recall@2 : 0.2085    recall@3 : 0.2753    recall@4 : 0.3191    recall@5 : 0.3474    recall@10 : 0.4591    recall@20 : 0.5899    recall@30 : 0.679    recall@50 : 0.7771    ndcg@1 : 0.1871    ndcg@2 : 0.2188    ndcg@3 : 0.2445    ndcg@4 : 0.2601    ndcg@5 : 0.2704    ndcg@10 : 0.3096    ndcg@20 : 0.3477    ndcg@30 : 0.371    ndcg@50 : 0.3948    precision@1 : 0.1871    precision@2 : 0.1651    precision@3 : 0.148    precision@4 : 0.1317    precision@5 : 0.1179    precision@10 : 0.0827    precision@20 : 0.0554    precision@30 : 0.044    precision@50 : 0.0317    map@1 : 0.1871    map@2 : 0.1916    map@3 : 0.2011    map@4 : 0.2069    map@5 : 0.211    map@10 : 0.2273    map@20 : 0.2392    map@30 : 0.2452    map@50 : 0.2506
Sun 15 Mar 2026 22:02:19 INFO  Saving current: saved/LightGCN-Mar-15-2026_22-02-15.pth
Sun 15 Mar 2026 22:02:19 INFO  epoch 6 training [time: 0.21s, train loss: 4.9627]
Sun 15 Mar 2026 22:02:19 INFO  epoch 6 evaluating [time: 0.31s, valid_score: 0.312100]
Sun 15 Mar 2026 22:02:19 INFO  valid result: 
recall@1 : 0.1179    recall@2 : 0.2099    recall@3 : 0.2747    recall@4 : 0.3198    recall@5 : 0.3477    recall@10 : 0.4609    recall@20 : 0.59    recall@30 : 0.6796    recall@50 : 0.776    ndcg@1 : 0.1919    ndcg@2 : 0.2218    ndcg@3 : 0.2461    ndcg@4 : 0.2625    ndcg@5 : 0.2724    ndcg@10 : 0.3121    ndcg@20 : 0.3496    ndcg@30 : 0.3732    ndcg@50 : 0.3967    precision@1 : 0.1919    precision@2 : 0.1663    precision@3 : 0.1476    precision@4 : 0.1322    precision@5 : 0.1179    precision@10 : 0.0828    precision@20 : 0.0553    precision@30 : 0.044    precision@50 : 0.0317    map@1 : 0.1919    map@2 : 0.195    map@3 : 0.2034    map@4 : 0.2098    map@5 : 0.2136    map@10 : 0.2301    map@20 : 0.2418    map@30 : 0.2479    map@50 : 0.2533
Sun 15 Mar 2026 22:02:19 INFO  Saving current: saved/LightGCN-Mar-15-2026_22-02-15.pth
Sun 15 Mar 2026 22:02:20 INFO  epoch 7 training [time: 0.16s, train loss: 4.7393]
Sun 15 Mar 2026 22:02:20 INFO  epoch 7 evaluating [time: 0.33s, valid_score: 0.312800]
Sun 15 Mar 2026 22:02:20 INFO  valid result: 
recall@1 : 0.1196    recall@2 : 0.2111    recall@3 : 0.2765    recall@4 : 0.3187    recall@5 : 0.3479    recall@10 : 0.4608    recall@20 : 0.5916    recall@30 : 0.6787    recall@50 : 0.7792    ndcg@1 : 0.1931    ndcg@2 : 0.2231    ndcg@3 : 0.2477    ndcg@4 : 0.2629    ndcg@5 : 0.2735    ndcg@10 : 0.3128    ndcg@20 : 0.3508    ndcg@30 : 0.3737    ndcg@50 : 0.3982    precision@1 : 0.1931    precision@2 : 0.1669    precision@3 : 0.1482    precision@4 : 0.1319    precision@5 : 0.1182    precision@10 : 0.0827    precision@20 : 0.0553    precision@30 : 0.0439    precision@50 : 0.0319    map@1 : 0.1931    map@2 : 0.1964    map@3 : 0.2051    map@4 : 0.2107    map@5 : 0.2148    map@10 : 0.2311    map@20 : 0.243    map@30 : 0.2489    map@50 : 0.2545
Sun 15 Mar 2026 22:02:20 INFO  Saving current: saved/LightGCN-Mar-15-2026_22-02-15.pth
Sun 15 Mar 2026 22:02:20 INFO  epoch 8 training [time: 0.16s, train loss: 4.5175]
Sun 15 Mar 2026 22:02:20 INFO  epoch 8 evaluating [time: 0.33s, valid_score: 0.313000]
Sun 15 Mar 2026 22:02:20 INFO  valid result: 
recall@1 : 0.1202    recall@2 : 0.2111    recall@3 : 0.2766    recall@4 : 0.3179    recall@5 : 0.3478    recall@10 : 0.4611    recall@20 : 0.5921    recall@30 : 0.6779    recall@50 : 0.7792    ndcg@1 : 0.1937    ndcg@2 : 0.2233    ndcg@3 : 0.2481    ndcg@4 : 0.2626    ndcg@5 : 0.2736    ndcg@10 : 0.313    ndcg@20 : 0.3511    ndcg@30 : 0.3737    ndcg@50 : 0.3984    precision@1 : 0.1937    precision@2 : 0.1669    precision@3 : 0.1484    precision@4 : 0.1314    precision@5 : 0.1181    precision@10 : 0.0825    precision@20 : 0.0554    precision@30 : 0.0438    precision@50 : 0.0319    map@1 : 0.1937    map@2 : 0.1967    map@3 : 0.2055    map@4 : 0.2107    map@5 : 0.215    map@10 : 0.2313    map@20 : 0.2432    map@30 : 0.2491    map@50 : 0.2547
Sun 15 Mar 2026 22:02:20 INFO  Saving current: saved/LightGCN-Mar-15-2026_22-02-15.pth
Sun 15 Mar 2026 22:02:21 INFO  epoch 9 training [time: 0.19s, train loss: 4.2901]
Sun 15 Mar 2026 22:02:21 INFO  epoch 9 evaluating [time: 0.33s, valid_score: 0.312900]
Sun 15 Mar 2026 22:02:21 INFO  valid result: 
recall@1 : 0.1202    recall@2 : 0.2111    recall@3 : 0.2775    recall@4 : 0.3177    recall@5 : 0.3468    recall@10 : 0.4611    recall@20 : 0.5916    recall@30 : 0.6779    recall@50 : 0.7796    ndcg@1 : 0.1937    ndcg@2 : 0.2233    ndcg@3 : 0.2487    ndcg@4 : 0.2626    ndcg@5 : 0.2731    ndcg@10 : 0.3129    ndcg@20 : 0.351    ndcg@30 : 0.3737    ndcg@50 : 0.3985    precision@1 : 0.1937    precision@2 : 0.1669    precision@3 : 0.149    precision@4 : 0.1313    precision@5 : 0.1176    precision@10 : 0.0825    precision@20 : 0.0554    precision@30 : 0.0439    precision@50 : 0.0319    map@1 : 0.1937    map@2 : 0.1967    map@3 : 0.2058    map@4 : 0.2108    map@5 : 0.2147    map@10 : 0.2312    map@20 : 0.2431    map@30 : 0.2491    map@50 : 0.2547
Sun 15 Mar 2026 22:02:21 INFO  epoch 10 training [time: 0.17s, train loss: 4.0852]
Sun 15 Mar 2026 22:02:21 INFO  epoch 10 evaluating [time: 0.33s, valid_score: 0.312900]
Sun 15 Mar 2026 22:02:21 INFO  valid result: 
recall@1 : 0.1202    recall@2 : 0.2111    recall@3 : 0.2775    recall@4 : 0.3177    recall@5 : 0.3469    recall@10 : 0.4611    recall@20 : 0.5905    recall@30 : 0.6768    recall@50 : 0.7799    ndcg@1 : 0.1937    ndcg@2 : 0.2233    ndcg@3 : 0.2487    ndcg@4 : 0.2626    ndcg@5 : 0.2732    ndcg@10 : 0.3129    ndcg@20 : 0.3507    ndcg@30 : 0.3735    ndcg@50 : 0.3986    precision@1 : 0.1937    precision@2 : 0.1669    precision@3 : 0.149    precision@4 : 0.1313    precision@5 : 0.1178    precision@10 : 0.0825    precision@20 : 0.0553    precision@30 : 0.0438    precision@50 : 0.0319    map@1 : 0.1937    map@2 : 0.1967    map@3 : 0.2058    map@4 : 0.2108    map@5 : 0.2148    map@10 : 0.2312    map@20 : 0.2431    map@30 : 0.2491    map@50 : 0.2548
Sun 15 Mar 2026 22:02:22 INFO  epoch 11 training [time: 0.16s, train loss: 3.8829]
Sun 15 Mar 2026 22:02:22 INFO  epoch 11 evaluating [time: 0.32s, valid_score: 0.312900]
Sun 15 Mar 2026 22:02:22 INFO  valid result: 
recall@1 : 0.1202    recall@2 : 0.2111    recall@3 : 0.2769    recall@4 : 0.3178    recall@5 : 0.3467    recall@10 : 0.461    recall@20 : 0.5897    recall@30 : 0.6784    recall@50 : 0.7799    ndcg@1 : 0.1937    ndcg@2 : 0.2233    ndcg@3 : 0.2484    ndcg@4 : 0.2626    ndcg@5 : 0.2731    ndcg@10 : 0.3129    ndcg@20 : 0.3505    ndcg@30 : 0.3739    ndcg@50 : 0.3986    precision@1 : 0.1937    precision@2 : 0.1669    precision@3 : 0.1488    precision@4 : 0.1314    precision@5 : 0.1176    precision@10 : 0.0825    precision@20 : 0.0552    precision@30 : 0.0439    precision@50 : 0.0319    map@1 : 0.1937    map@2 : 0.1967    map@3 : 0.2056    map@4 : 0.2108    map@5 : 0.2147    map@10 : 0.2312    map@20 : 0.243    map@30 : 0.2491    map@50 : 0.2547
Sun 15 Mar 2026 22:02:22 INFO  epoch 12 training [time: 0.16s, train loss: 3.7703]
Sun 15 Mar 2026 22:02:22 INFO  epoch 12 evaluating [time: 0.33s, valid_score: 0.312600]
Sun 15 Mar 2026 22:02:22 INFO  valid result: 
recall@1 : 0.1202    recall@2 : 0.2111    recall@3 : 0.2769    recall@4 : 0.3173    recall@5 : 0.3461    recall@10 : 0.4604    recall@20 : 0.5902    recall@30 : 0.6792    recall@50 : 0.7794    ndcg@1 : 0.1937    ndcg@2 : 0.2233    ndcg@3 : 0.2484    ndcg@4 : 0.2625    ndcg@5 : 0.2728    ndcg@10 : 0.3126    ndcg@20 : 0.3505    ndcg@30 : 0.3739    ndcg@50 : 0.3984    precision@1 : 0.1937    precision@2 : 0.1669    precision@3 : 0.1488    precision@4 : 0.1314    precision@5 : 0.1175    precision@10 : 0.0825    precision@20 : 0.0553    precision@30 : 0.044    precision@50 : 0.0319    map@1 : 0.1937    map@2 : 0.1967    map@3 : 0.2056    map@4 : 0.2107    map@5 : 0.2145    map@10 : 0.2311    map@20 : 0.2429    map@30 : 0.2491    map@50 : 0.2546
Sun 15 Mar 2026 22:02:23 INFO  epoch 13 training [time: 0.15s, train loss: 3.6359]
Sun 15 Mar 2026 22:02:23 INFO  epoch 13 evaluating [time: 0.31s, valid_score: 0.312600]
Sun 15 Mar 2026 22:02:23 INFO  valid result: 
recall@1 : 0.1202    recall@2 : 0.2111    recall@3 : 0.2769    recall@4 : 0.3173    recall@5 : 0.3461    recall@10 : 0.4604    recall@20 : 0.5901    recall@30 : 0.6792    recall@50 : 0.7795    ndcg@1 : 0.1937    ndcg@2 : 0.2233    ndcg@3 : 0.2484    ndcg@4 : 0.2625    ndcg@5 : 0.2728    ndcg@10 : 0.3126    ndcg@20 : 0.3505    ndcg@30 : 0.3739    ndcg@50 : 0.3985    precision@1 : 0.1937    precision@2 : 0.1669    precision@3 : 0.1488    precision@4 : 0.1314    precision@5 : 0.1175    precision@10 : 0.0825    precision@20 : 0.0553    precision@30 : 0.044    precision@50 : 0.032    map@1 : 0.1937    map@2 : 0.1967    map@3 : 0.2056    map@4 : 0.2107    map@5 : 0.2145    map@10 : 0.2311    map@20 : 0.2429    map@30 : 0.2491    map@50 : 0.2547
Sun 15 Mar 2026 22:02:23 INFO  epoch 14 training [time: 0.19s, train loss: 3.5646]
Sun 15 Mar 2026 22:02:23 INFO  epoch 14 evaluating [time: 0.33s, valid_score: 0.312600]
Sun 15 Mar 2026 22:02:23 INFO  valid result: 
recall@1 : 0.1202    recall@2 : 0.2111    recall@3 : 0.2769    recall@4 : 0.3173    recall@5 : 0.3461    recall@10 : 0.4604    recall@20 : 0.5902    recall@30 : 0.6788    recall@50 : 0.7793    ndcg@1 : 0.1937    ndcg@2 : 0.2233    ndcg@3 : 0.2484    ndcg@4 : 0.2625    ndcg@5 : 0.2728    ndcg@10 : 0.3126    ndcg@20 : 0.3506    ndcg@30 : 0.3738    ndcg@50 : 0.3984    precision@1 : 0.1937    precision@2 : 0.1669    precision@3 : 0.1488    precision@4 : 0.1314    precision@5 : 0.1175    precision@10 : 0.0825    precision@20 : 0.0553    precision@30 : 0.044    precision@50 : 0.032    map@1 : 0.1937    map@2 : 0.1967    map@3 : 0.2056    map@4 : 0.2107    map@5 : 0.2145    map@10 : 0.2311    map@20 : 0.2429    map@30 : 0.2491    map@50 : 0.2546
Sun 15 Mar 2026 22:02:24 INFO  epoch 15 training [time: 0.17s, train loss: 3.4826]
Sun 15 Mar 2026 22:02:24 INFO  epoch 15 evaluating [time: 0.33s, valid_score: 0.312600]
Sun 15 Mar 2026 22:02:24 INFO  valid result: 
recall@1 : 0.1202    recall@2 : 0.2111    recall@3 : 0.2769    recall@4 : 0.3173    recall@5 : 0.3461    recall@10 : 0.4604    recall@20 : 0.5905    recall@30 : 0.6792    recall@50 : 0.7794    ndcg@1 : 0.1937    ndcg@2 : 0.2233    ndcg@3 : 0.2484    ndcg@4 : 0.2625    ndcg@5 : 0.2728    ndcg@10 : 0.3126    ndcg@20 : 0.3506    ndcg@30 : 0.374    ndcg@50 : 0.3984    precision@1 : 0.1937    precision@2 : 0.1669    precision@3 : 0.1488    precision@4 : 0.1314    precision@5 : 0.1175    precision@10 : 0.0825    precision@20 : 0.0554    precision@30 : 0.044    precision@50 : 0.032    map@1 : 0.1937    map@2 : 0.1967    map@3 : 0.2056    map@4 : 0.2107    map@5 : 0.2145    map@10 : 0.2311    map@20 : 0.2429    map@30 : 0.2491    map@50 : 0.2547
Sun 15 Mar 2026 22:02:24 INFO  epoch 16 training [time: 0.15s, train loss: 3.4125]
Sun 15 Mar 2026 22:02:24 INFO  epoch 16 evaluating [time: 0.33s, valid_score: 0.312800]
Sun 15 Mar 2026 22:02:24 INFO  valid result: 
recall@1 : 0.1202    recall@2 : 0.2111    recall@3 : 0.2769    recall@4 : 0.3173    recall@5 : 0.3462    recall@10 : 0.4607    recall@20 : 0.5903    recall@30 : 0.6792    recall@50 : 0.7791    ndcg@1 : 0.1937    ndcg@2 : 0.2233    ndcg@3 : 0.2484    ndcg@4 : 0.2625    ndcg@5 : 0.2729    ndcg@10 : 0.3128    ndcg@20 : 0.3506    ndcg@30 : 0.374    ndcg@50 : 0.3984    precision@1 : 0.1937    precision@2 : 0.1669    precision@3 : 0.1488    precision@4 : 0.1314    precision@5 : 0.1176    precision@10 : 0.0826    precision@20 : 0.0553    precision@30 : 0.044    precision@50 : 0.032    map@1 : 0.1937    map@2 : 0.1967    map@3 : 0.2056    map@4 : 0.2107    map@5 : 0.2146    map@10 : 0.2311    map@20 : 0.243    map@30 : 0.2492    map@50 : 0.2547
Sun 15 Mar 2026 22:02:25 INFO  epoch 17 training [time: 0.15s, train loss: 3.3897]
Sun 15 Mar 2026 22:02:25 INFO  epoch 17 evaluating [time: 0.31s, valid_score: 0.313100]
Sun 15 Mar 2026 22:02:25 INFO  valid result: 
recall@1 : 0.1202    recall@2 : 0.2111    recall@3 : 0.2769    recall@4 : 0.3173    recall@5 : 0.3462    recall@10 : 0.4613    recall@20 : 0.5915    recall@30 : 0.6794    recall@50 : 0.7793    ndcg@1 : 0.1937    ndcg@2 : 0.2233    ndcg@3 : 0.2484    ndcg@4 : 0.2625    ndcg@5 : 0.2729    ndcg@10 : 0.3131    ndcg@20 : 0.3509    ndcg@30 : 0.374    ndcg@50 : 0.3985    precision@1 : 0.1937    precision@2 : 0.1669    precision@3 : 0.1488    precision@4 : 0.1314    precision@5 : 0.1176    precision@10 : 0.0828    precision@20 : 0.0554    precision@30 : 0.0441    precision@50 : 0.032    map@1 : 0.1937    map@2 : 0.1967    map@3 : 0.2056    map@4 : 0.2107    map@5 : 0.2146    map@10 : 0.2313    map@20 : 0.2431    map@30 : 0.2492    map@50 : 0.2548
Sun 15 Mar 2026 22:02:25 INFO  Saving current: saved/LightGCN-Mar-15-2026_22-02-15.pth
Sun 15 Mar 2026 22:02:25 INFO  epoch 18 training [time: 0.17s, train loss: 3.3583]
Sun 15 Mar 2026 22:02:25 INFO  epoch 18 evaluating [time: 0.33s, valid_score: 0.313200]
Sun 15 Mar 2026 22:02:25 INFO  valid result: 
recall@1 : 0.1202    recall@2 : 0.2111    recall@3 : 0.2769    recall@4 : 0.3173    recall@5 : 0.3462    recall@10 : 0.4615    recall@20 : 0.5906    recall@30 : 0.6797    recall@50 : 0.7784    ndcg@1 : 0.1937    ndcg@2 : 0.2233    ndcg@3 : 0.2484    ndcg@4 : 0.2626    ndcg@5 : 0.2729    ndcg@10 : 0.3132    ndcg@20 : 0.3507    ndcg@30 : 0.3742    ndcg@50 : 0.3983    precision@1 : 0.1937    precision@2 : 0.1669    precision@3 : 0.1488    precision@4 : 0.1316    precision@5 : 0.1176    precision@10 : 0.083    precision@20 : 0.0553    precision@30 : 0.0442    precision@50 : 0.032    map@1 : 0.1937    map@2 : 0.1967    map@3 : 0.2056    map@4 : 0.2108    map@5 : 0.2146    map@10 : 0.2314    map@20 : 0.2431    map@30 : 0.2493    map@50 : 0.2548
Sun 15 Mar 2026 22:02:25 INFO  Saving current: saved/LightGCN-Mar-15-2026_22-02-15.pth
Sun 15 Mar 2026 22:02:26 INFO  epoch 19 training [time: 0.18s, train loss: 3.3532]
Sun 15 Mar 2026 22:02:26 INFO  epoch 19 evaluating [time: 0.33s, valid_score: 0.312900]
Sun 15 Mar 2026 22:02:26 INFO  valid result: 
recall@1 : 0.1202    recall@2 : 0.2111    recall@3 : 0.2769    recall@4 : 0.3173    recall@5 : 0.3462    recall@10 : 0.4608    recall@20 : 0.5894    recall@30 : 0.68    recall@50 : 0.7775    ndcg@1 : 0.1937    ndcg@2 : 0.2233    ndcg@3 : 0.2484    ndcg@4 : 0.2626    ndcg@5 : 0.2729    ndcg@10 : 0.3129    ndcg@20 : 0.3503    ndcg@30 : 0.3743    ndcg@50 : 0.3981    precision@1 : 0.1937    precision@2 : 0.1669    precision@3 : 0.1488    precision@4 : 0.1316    precision@5 : 0.1176    precision@10 : 0.0828    precision@20 : 0.0552    precision@30 : 0.0442    precision@50 : 0.032    map@1 : 0.1937    map@2 : 0.1967    map@3 : 0.2056    map@4 : 0.2108    map@5 : 0.2146    map@10 : 0.2313    map@20 : 0.243    map@30 : 0.2493    map@50 : 0.2547
Sun 15 Mar 2026 22:02:26 INFO  epoch 20 training [time: 0.17s, train loss: 3.3148]
Sun 15 Mar 2026 22:02:26 INFO  epoch 20 evaluating [time: 0.34s, valid_score: 0.312700]
Sun 15 Mar 2026 22:02:26 INFO  valid result: 
recall@1 : 0.1202    recall@2 : 0.2111    recall@3 : 0.2769    recall@4 : 0.3173    recall@5 : 0.3462    recall@10 : 0.4602    recall@20 : 0.5892    recall@30 : 0.6784    recall@50 : 0.7778    ndcg@1 : 0.1937    ndcg@2 : 0.2233    ndcg@3 : 0.2484    ndcg@4 : 0.2626    ndcg@5 : 0.2729    ndcg@10 : 0.3127    ndcg@20 : 0.3503    ndcg@30 : 0.3739    ndcg@50 : 0.3982    precision@1 : 0.1937    precision@2 : 0.1669    precision@3 : 0.1488    precision@4 : 0.1316    precision@5 : 0.1176    precision@10 : 0.0827    precision@20 : 0.0552    precision@30 : 0.0441    precision@50 : 0.032    map@1 : 0.1937    map@2 : 0.1967    map@3 : 0.2056    map@4 : 0.2108    map@5 : 0.2146    map@10 : 0.2312    map@20 : 0.2429    map@30 : 0.2492    map@50 : 0.2547
Sun 15 Mar 2026 22:02:27 INFO  epoch 21 training [time: 0.17s, train loss: 3.2873]
Sun 15 Mar 2026 22:02:27 INFO  epoch 21 evaluating [time: 0.34s, valid_score: 0.313000]
Sun 15 Mar 2026 22:02:27 INFO  valid result: 
recall@1 : 0.1202    recall@2 : 0.2111    recall@3 : 0.2769    recall@4 : 0.3173    recall@5 : 0.3462    recall@10 : 0.4607    recall@20 : 0.5883    recall@30 : 0.679    recall@50 : 0.7771    ndcg@1 : 0.1937    ndcg@2 : 0.2231    ndcg@3 : 0.2483    ndcg@4 : 0.2626    ndcg@5 : 0.2729    ndcg@10 : 0.313    ndcg@20 : 0.35    ndcg@30 : 0.374    ndcg@50 : 0.398    precision@1 : 0.1937    precision@2 : 0.1666    precision@3 : 0.1488    precision@4 : 0.1316    precision@5 : 0.1176    precision@10 : 0.083    precision@20 : 0.0551    precision@30 : 0.0442    precision@50 : 0.032    map@1 : 0.1937    map@2 : 0.1965    map@3 : 0.2056    map@4 : 0.2108    map@5 : 0.2146    map@10 : 0.2313    map@20 : 0.2429    map@30 : 0.2493    map@50 : 0.2547
Sun 15 Mar 2026 22:02:27 INFO  epoch 22 training [time: 0.16s, train loss: 3.2841]
Sun 15 Mar 2026 22:02:27 INFO  epoch 22 evaluating [time: 0.32s, valid_score: 0.313000]
Sun 15 Mar 2026 22:02:27 INFO  valid result: 
recall@1 : 0.1202    recall@2 : 0.2111    recall@3 : 0.2769    recall@4 : 0.3173    recall@5 : 0.3462    recall@10 : 0.4607    recall@20 : 0.5882    recall@30 : 0.6797    recall@50 : 0.7761    ndcg@1 : 0.1937    ndcg@2 : 0.2231    ndcg@3 : 0.2483    ndcg@4 : 0.2626    ndcg@5 : 0.2729    ndcg@10 : 0.313    ndcg@20 : 0.3501    ndcg@30 : 0.3742    ndcg@50 : 0.3979    precision@1 : 0.1937    precision@2 : 0.1666    precision@3 : 0.1488    precision@4 : 0.1316    precision@5 : 0.1176    precision@10 : 0.083    precision@20 : 0.0552    precision@30 : 0.0442    precision@50 : 0.032    map@1 : 0.1937    map@2 : 0.1965    map@3 : 0.2056    map@4 : 0.2108    map@5 : 0.2146    map@10 : 0.2313    map@20 : 0.2429    map@30 : 0.2493    map@50 : 0.2547
Sun 15 Mar 2026 22:02:28 INFO  epoch 23 training [time: 0.15s, train loss: 3.2622]
Sun 15 Mar 2026 22:02:28 INFO  epoch 23 evaluating [time: 0.32s, valid_score: 0.313000]
Sun 15 Mar 2026 22:02:28 INFO  valid result: 
recall@1 : 0.1202    recall@2 : 0.2111    recall@3 : 0.2769    recall@4 : 0.3173    recall@5 : 0.3462    recall@10 : 0.4608    recall@20 : 0.5878    recall@30 : 0.6747    recall@50 : 0.7766    ndcg@1 : 0.1937    ndcg@2 : 0.2231    ndcg@3 : 0.2483    ndcg@4 : 0.2626    ndcg@5 : 0.2729    ndcg@10 : 0.313    ndcg@20 : 0.35    ndcg@30 : 0.3732    ndcg@50 : 0.3979    precision@1 : 0.1937    precision@2 : 0.1666    precision@3 : 0.1488    precision@4 : 0.1316    precision@5 : 0.1178    precision@10 : 0.083    precision@20 : 0.0552    precision@30 : 0.0441    precision@50 : 0.032    map@1 : 0.1937    map@2 : 0.1965    map@3 : 0.2056    map@4 : 0.2108    map@5 : 0.2147    map@10 : 0.2313    map@20 : 0.2429    map@30 : 0.2491    map@50 : 0.2547
Sun 15 Mar 2026 22:02:28 INFO  epoch 24 training [time: 0.15s, train loss: 3.3293]
Sun 15 Mar 2026 22:02:28 INFO  epoch 24 evaluating [time: 0.32s, valid_score: 0.313100]
Sun 15 Mar 2026 22:02:28 INFO  valid result: 
recall@1 : 0.1202    recall@2 : 0.2111    recall@3 : 0.2769    recall@4 : 0.3173    recall@5 : 0.3462    recall@10 : 0.4609    recall@20 : 0.5879    recall@30 : 0.6691    recall@50 : 0.7773    ndcg@1 : 0.1937    ndcg@2 : 0.2231    ndcg@3 : 0.2483    ndcg@4 : 0.2626    ndcg@5 : 0.2729    ndcg@10 : 0.3131    ndcg@20 : 0.3501    ndcg@30 : 0.372    ndcg@50 : 0.3981    precision@1 : 0.1937    precision@2 : 0.1666    precision@3 : 0.1488    precision@4 : 0.1316    precision@5 : 0.1178    precision@10 : 0.0831    precision@20 : 0.0552    precision@30 : 0.0438    precision@50 : 0.032    map@1 : 0.1937    map@2 : 0.1965    map@3 : 0.2056    map@4 : 0.2108    map@5 : 0.2147    map@10 : 0.2314    map@20 : 0.2429    map@30 : 0.2489    map@50 : 0.2547
Sun 15 Mar 2026 22:02:28 INFO  epoch 25 training [time: 0.16s, train loss: 3.2747]
Sun 15 Mar 2026 22:02:29 INFO  epoch 25 evaluating [time: 0.32s, valid_score: 0.313000]
Sun 15 Mar 2026 22:02:29 INFO  valid result: 
recall@1 : 0.1202    recall@2 : 0.2111    recall@3 : 0.2769    recall@4 : 0.3173    recall@5 : 0.3462    recall@10 : 0.4607    recall@20 : 0.5888    recall@30 : 0.6696    recall@50 : 0.7762    ndcg@1 : 0.1937    ndcg@2 : 0.2231    ndcg@3 : 0.2483    ndcg@4 : 0.2626    ndcg@5 : 0.2729    ndcg@10 : 0.313    ndcg@20 : 0.3503    ndcg@30 : 0.3721    ndcg@50 : 0.3978    precision@1 : 0.1937    precision@2 : 0.1666    precision@3 : 0.1488    precision@4 : 0.1316    precision@5 : 0.1178    precision@10 : 0.083    precision@20 : 0.0553    precision@30 : 0.0438    precision@50 : 0.0319    map@1 : 0.1937    map@2 : 0.1965    map@3 : 0.2056    map@4 : 0.2108    map@5 : 0.2147    map@10 : 0.2313    map@20 : 0.243    map@30 : 0.249    map@50 : 0.2547
Sun 15 Mar 2026 22:02:29 INFO  epoch 26 training [time: 0.18s, train loss: 3.2630]
Sun 15 Mar 2026 22:02:29 INFO  epoch 26 evaluating [time: 0.33s, valid_score: 0.313000]
Sun 15 Mar 2026 22:02:29 INFO  valid result: 
recall@1 : 0.1202    recall@2 : 0.2111    recall@3 : 0.2769    recall@4 : 0.3173    recall@5 : 0.3462    recall@10 : 0.4607    recall@20 : 0.5884    recall@30 : 0.669    recall@50 : 0.7761    ndcg@1 : 0.1937    ndcg@2 : 0.2231    ndcg@3 : 0.2483    ndcg@4 : 0.2626    ndcg@5 : 0.2729    ndcg@10 : 0.313    ndcg@20 : 0.3502    ndcg@30 : 0.372    ndcg@50 : 0.3978    precision@1 : 0.1937    precision@2 : 0.1666    precision@3 : 0.1488    precision@4 : 0.1316    precision@5 : 0.1178    precision@10 : 0.0831    precision@20 : 0.0552    precision@30 : 0.0438    precision@50 : 0.032    map@1 : 0.1937    map@2 : 0.1965    map@3 : 0.2056    map@4 : 0.2108    map@5 : 0.2147    map@10 : 0.2313    map@20 : 0.2429    map@30 : 0.2489    map@50 : 0.2547
Sun 15 Mar 2026 22:02:29 INFO  epoch 27 training [time: 0.15s, train loss: 3.2556]
Sun 15 Mar 2026 22:02:30 INFO  epoch 27 evaluating [time: 0.31s, valid_score: 0.313000]
Sun 15 Mar 2026 22:02:30 INFO  valid result: 
recall@1 : 0.1202    recall@2 : 0.2111    recall@3 : 0.2769    recall@4 : 0.3173    recall@5 : 0.3462    recall@10 : 0.4608    recall@20 : 0.5878    recall@30 : 0.6674    recall@50 : 0.7759    ndcg@1 : 0.1937    ndcg@2 : 0.2231    ndcg@3 : 0.2483    ndcg@4 : 0.2626    ndcg@5 : 0.2729    ndcg@10 : 0.313    ndcg@20 : 0.3501    ndcg@30 : 0.3717    ndcg@50 : 0.3978    precision@1 : 0.1937    precision@2 : 0.1666    precision@3 : 0.1488    precision@4 : 0.1316    precision@5 : 0.1178    precision@10 : 0.0831    precision@20 : 0.0552    precision@30 : 0.0438    precision@50 : 0.032    map@1 : 0.1937    map@2 : 0.1965    map@3 : 0.2056    map@4 : 0.2108    map@5 : 0.2147    map@10 : 0.2313    map@20 : 0.2429    map@30 : 0.2489    map@50 : 0.2547
Sun 15 Mar 2026 22:02:30 INFO  epoch 28 training [time: 0.16s, train loss: 3.2669]
Sun 15 Mar 2026 22:02:30 INFO  epoch 28 evaluating [time: 0.32s, valid_score: 0.313100]
Sun 15 Mar 2026 22:02:30 INFO  valid result: 
recall@1 : 0.1202    recall@2 : 0.2111    recall@3 : 0.2766    recall@4 : 0.3173    recall@5 : 0.3465    recall@10 : 0.4609    recall@20 : 0.5873    recall@30 : 0.6679    recall@50 : 0.7761    ndcg@1 : 0.1937    ndcg@2 : 0.2231    ndcg@3 : 0.2481    ndcg@4 : 0.2625    ndcg@5 : 0.2731    ndcg@10 : 0.3131    ndcg@20 : 0.35    ndcg@30 : 0.3719    ndcg@50 : 0.3979    precision@1 : 0.1937    precision@2 : 0.1666    precision@3 : 0.1484    precision@4 : 0.1316    precision@5 : 0.118    precision@10 : 0.0831    precision@20 : 0.0552    precision@30 : 0.0439    precision@50 : 0.032    map@1 : 0.1937    map@2 : 0.1965    map@3 : 0.2054    map@4 : 0.2107    map@5 : 0.2148    map@10 : 0.2314    map@20 : 0.2429    map@30 : 0.249    map@50 : 0.2548
Sun 15 Mar 2026 22:02:30 INFO  epoch 29 training [time: 0.16s, train loss: 3.2222]
Sun 15 Mar 2026 22:02:31 INFO  epoch 29 evaluating [time: 0.33s, valid_score: 0.313200]
Sun 15 Mar 2026 22:02:31 INFO  valid result: 
recall@1 : 0.1202    recall@2 : 0.2111    recall@3 : 0.2766    recall@4 : 0.3174    recall@5 : 0.3468    recall@10 : 0.4609    recall@20 : 0.5865    recall@30 : 0.6674    recall@50 : 0.7765    ndcg@1 : 0.1937    ndcg@2 : 0.2231    ndcg@3 : 0.2481    ndcg@4 : 0.2626    ndcg@5 : 0.2733    ndcg@10 : 0.3132    ndcg@20 : 0.3497    ndcg@30 : 0.3718    ndcg@50 : 0.398    precision@1 : 0.1937    precision@2 : 0.1666    precision@3 : 0.1484    precision@4 : 0.1317    precision@5 : 0.1182    precision@10 : 0.0831    precision@20 : 0.0551    precision@30 : 0.0438    precision@50 : 0.032    map@1 : 0.1937    map@2 : 0.1965    map@3 : 0.2054    map@4 : 0.2108    map@5 : 0.215    map@10 : 0.2314    map@20 : 0.2429    map@30 : 0.249    map@50 : 0.2548
Sun 15 Mar 2026 22:02:31 INFO  Saving current: saved/LightGCN-Mar-15-2026_22-02-15.pth
Sun 15 Mar 2026 22:02:31 INFO  epoch 30 training [time: 0.18s, train loss: 3.2531]
Sun 15 Mar 2026 22:02:31 INFO  epoch 30 evaluating [time: 0.33s, valid_score: 0.313200]
Sun 15 Mar 2026 22:02:31 INFO  valid result: 
recall@1 : 0.1202    recall@2 : 0.2111    recall@3 : 0.2766    recall@4 : 0.3174    recall@5 : 0.3468    recall@10 : 0.461    recall@20 : 0.5864    recall@30 : 0.6669    recall@50 : 0.7771    ndcg@1 : 0.1937    ndcg@2 : 0.2231    ndcg@3 : 0.2481    ndcg@4 : 0.2626    ndcg@5 : 0.2733    ndcg@10 : 0.3132    ndcg@20 : 0.3497    ndcg@30 : 0.3717    ndcg@50 : 0.3981    precision@1 : 0.1937    precision@2 : 0.1666    precision@3 : 0.1484    precision@4 : 0.1317    precision@5 : 0.1182    precision@10 : 0.0833    precision@20 : 0.0551    precision@30 : 0.0438    precision@50 : 0.0321    map@1 : 0.1937    map@2 : 0.1965    map@3 : 0.2054    map@4 : 0.2108    map@5 : 0.215    map@10 : 0.2315    map@20 : 0.2429    map@30 : 0.249    map@50 : 0.2549
Sun 15 Mar 2026 22:02:31 INFO  Saving current: saved/LightGCN-Mar-15-2026_22-02-15.pth
Sun 15 Mar 2026 22:02:31 INFO  epoch 31 training [time: 0.17s, train loss: 3.2646]
Sun 15 Mar 2026 22:02:32 INFO  epoch 31 evaluating [time: 0.34s, valid_score: 0.313200]
Sun 15 Mar 2026 22:02:32 INFO  valid result: 
recall@1 : 0.1202    recall@2 : 0.2111    recall@3 : 0.2766    recall@4 : 0.3174    recall@5 : 0.3468    recall@10 : 0.461    recall@20 : 0.5863    recall@30 : 0.667    recall@50 : 0.7771    ndcg@1 : 0.1937    ndcg@2 : 0.2231    ndcg@3 : 0.2481    ndcg@4 : 0.2626    ndcg@5 : 0.2733    ndcg@10 : 0.3132    ndcg@20 : 0.3498    ndcg@30 : 0.3717    ndcg@50 : 0.3981    precision@1 : 0.1937    precision@2 : 0.1666    precision@3 : 0.1484    precision@4 : 0.1317    precision@5 : 0.1182    precision@10 : 0.0833    precision@20 : 0.0552    precision@30 : 0.0438    precision@50 : 0.0321    map@1 : 0.1937    map@2 : 0.1965    map@3 : 0.2054    map@4 : 0.2108    map@5 : 0.215    map@10 : 0.2315    map@20 : 0.2429    map@30 : 0.249    map@50 : 0.2549
Sun 15 Mar 2026 22:02:32 INFO  Saving current: saved/LightGCN-Mar-15-2026_22-02-15.pth
Sun 15 Mar 2026 22:02:32 INFO  epoch 32 training [time: 0.16s, train loss: 3.2223]
Sun 15 Mar 2026 22:02:32 INFO  epoch 32 evaluating [time: 0.34s, valid_score: 0.313300]
Sun 15 Mar 2026 22:02:32 INFO  valid result: 
recall@1 : 0.1202    recall@2 : 0.2111    recall@3 : 0.2766    recall@4 : 0.3174    recall@5 : 0.3468    recall@10 : 0.461    recall@20 : 0.5859    recall@30 : 0.6682    recall@50 : 0.7762    ndcg@1 : 0.1937    ndcg@2 : 0.2231    ndcg@3 : 0.2481    ndcg@4 : 0.2626    ndcg@5 : 0.2733    ndcg@10 : 0.3133    ndcg@20 : 0.3496    ndcg@30 : 0.3719    ndcg@50 : 0.3979    precision@1 : 0.1937    precision@2 : 0.1666    precision@3 : 0.1484    precision@4 : 0.1317    precision@5 : 0.1182    precision@10 : 0.0833    precision@20 : 0.0551    precision@30 : 0.0439    precision@50 : 0.032    map@1 : 0.1937    map@2 : 0.1965    map@3 : 0.2054    map@4 : 0.2108    map@5 : 0.215    map@10 : 0.2315    map@20 : 0.2429    map@30 : 0.249    map@50 : 0.2548
Sun 15 Mar 2026 22:02:32 INFO  Saving current: saved/LightGCN-Mar-15-2026_22-02-15.pth
Sun 15 Mar 2026 22:02:32 INFO  epoch 33 training [time: 0.17s, train loss: 3.2165]
Sun 15 Mar 2026 22:02:33 INFO  epoch 33 evaluating [time: 0.27s, valid_score: 0.313300]
Sun 15 Mar 2026 22:02:33 INFO  valid result: 
recall@1 : 0.1202    recall@2 : 0.2111    recall@3 : 0.2766    recall@4 : 0.3174    recall@5 : 0.3468    recall@10 : 0.4611    recall@20 : 0.5859    recall@30 : 0.6684    recall@50 : 0.7769    ndcg@1 : 0.1937    ndcg@2 : 0.2231    ndcg@3 : 0.2481    ndcg@4 : 0.2626    ndcg@5 : 0.2733    ndcg@10 : 0.3133    ndcg@20 : 0.3496    ndcg@30 : 0.372    ndcg@50 : 0.398    precision@1 : 0.1937    precision@2 : 0.1666    precision@3 : 0.1484    precision@4 : 0.1317    precision@5 : 0.1182    precision@10 : 0.0834    precision@20 : 0.0551    precision@30 : 0.0439    precision@50 : 0.032    map@1 : 0.1937    map@2 : 0.1965    map@3 : 0.2054    map@4 : 0.2108    map@5 : 0.215    map@10 : 0.2315    map@20 : 0.2429    map@30 : 0.2491    map@50 : 0.2549
Sun 15 Mar 2026 22:02:33 INFO  Saving current: saved/LightGCN-Mar-15-2026_22-02-15.pth
Sun 15 Mar 2026 22:02:33 INFO  epoch 34 training [time: 0.14s, train loss: 3.2494]
Sun 15 Mar 2026 22:02:33 INFO  epoch 34 evaluating [time: 0.30s, valid_score: 0.313300]
Sun 15 Mar 2026 22:02:33 INFO  valid result: 
recall@1 : 0.1202    recall@2 : 0.2111    recall@3 : 0.2766    recall@4 : 0.3174    recall@5 : 0.3468    recall@10 : 0.4611    recall@20 : 0.5874    recall@30 : 0.6687    recall@50 : 0.7768    ndcg@1 : 0.1937    ndcg@2 : 0.2231    ndcg@3 : 0.2481    ndcg@4 : 0.2626    ndcg@5 : 0.2734    ndcg@10 : 0.3133    ndcg@20 : 0.3501    ndcg@30 : 0.3722    ndcg@50 : 0.398    precision@1 : 0.1937    precision@2 : 0.1666    precision@3 : 0.1484    precision@4 : 0.1317    precision@5 : 0.1184    precision@10 : 0.0834    precision@20 : 0.0554    precision@30 : 0.044    precision@50 : 0.032    map@1 : 0.1937    map@2 : 0.1965    map@3 : 0.2054    map@4 : 0.2108    map@5 : 0.215    map@10 : 0.2315    map@20 : 0.243    map@30 : 0.2491    map@50 : 0.2549
Sun 15 Mar 2026 22:02:33 INFO  Saving current: saved/LightGCN-Mar-15-2026_22-02-15.pth
Sun 15 Mar 2026 22:02:33 INFO  epoch 35 training [time: 0.19s, train loss: 3.2350]
Sun 15 Mar 2026 22:02:34 INFO  epoch 35 evaluating [time: 0.34s, valid_score: 0.313400]
Sun 15 Mar 2026 22:02:34 INFO  valid result: 
recall@1 : 0.1202    recall@2 : 0.2111    recall@3 : 0.2766    recall@4 : 0.3174    recall@5 : 0.3468    recall@10 : 0.4612    recall@20 : 0.5872    recall@30 : 0.6687    recall@50 : 0.7768    ndcg@1 : 0.1937    ndcg@2 : 0.2231    ndcg@3 : 0.2481    ndcg@4 : 0.2626    ndcg@5 : 0.2734    ndcg@10 : 0.3134    ndcg@20 : 0.3502    ndcg@30 : 0.3722    ndcg@50 : 0.3981    precision@1 : 0.1937    precision@2 : 0.1666    precision@3 : 0.1484    precision@4 : 0.1317    precision@5 : 0.1184    precision@10 : 0.0835    precision@20 : 0.0554    precision@30 : 0.0439    precision@50 : 0.032    map@1 : 0.1937    map@2 : 0.1965    map@3 : 0.2054    map@4 : 0.2108    map@5 : 0.215    map@10 : 0.2316    map@20 : 0.2431    map@30 : 0.2491    map@50 : 0.2549
Sun 15 Mar 2026 22:02:34 INFO  Saving current: saved/LightGCN-Mar-15-2026_22-02-15.pth
Sun 15 Mar 2026 22:02:34 INFO  epoch 36 training [time: 0.17s, train loss: 3.2067]
Sun 15 Mar 2026 22:02:34 INFO  epoch 36 evaluating [time: 0.34s, valid_score: 0.313400]
Sun 15 Mar 2026 22:02:34 INFO  valid result: 
recall@1 : 0.1202    recall@2 : 0.2111    recall@3 : 0.2766    recall@4 : 0.3174    recall@5 : 0.3468    recall@10 : 0.4612    recall@20 : 0.5879    recall@30 : 0.6682    recall@50 : 0.7765    ndcg@1 : 0.1937    ndcg@2 : 0.2231    ndcg@3 : 0.2481    ndcg@4 : 0.2626    ndcg@5 : 0.2734    ndcg@10 : 0.3134    ndcg@20 : 0.3504    ndcg@30 : 0.3722    ndcg@50 : 0.3979    precision@1 : 0.1937    precision@2 : 0.1666    precision@3 : 0.1484    precision@4 : 0.1317    precision@5 : 0.1184    precision@10 : 0.0834    precision@20 : 0.0555    precision@30 : 0.044    precision@50 : 0.032    map@1 : 0.1937    map@2 : 0.1965    map@3 : 0.2054    map@4 : 0.2108    map@5 : 0.215    map@10 : 0.2315    map@20 : 0.2431    map@30 : 0.2492    map@50 : 0.2549
Sun 15 Mar 2026 22:02:34 INFO  Saving current: saved/LightGCN-Mar-15-2026_22-02-15.pth
Sun 15 Mar 2026 22:02:34 INFO  epoch 37 training [time: 0.18s, train loss: 3.1963]
Sun 15 Mar 2026 22:02:35 INFO  epoch 37 evaluating [time: 0.33s, valid_score: 0.313400]
Sun 15 Mar 2026 22:02:35 INFO  valid result: 
recall@1 : 0.1202    recall@2 : 0.2111    recall@3 : 0.2766    recall@4 : 0.3174    recall@5 : 0.3468    recall@10 : 0.4612    recall@20 : 0.5886    recall@30 : 0.6679    recall@50 : 0.7765    ndcg@1 : 0.1937    ndcg@2 : 0.2231    ndcg@3 : 0.2481    ndcg@4 : 0.2626    ndcg@5 : 0.2734    ndcg@10 : 0.3134    ndcg@20 : 0.3506    ndcg@30 : 0.3721    ndcg@50 : 0.3979    precision@1 : 0.1937    precision@2 : 0.1666    precision@3 : 0.1484    precision@4 : 0.1317    precision@5 : 0.1184    precision@10 : 0.0834    precision@20 : 0.0556    precision@30 : 0.0439    precision@50 : 0.032    map@1 : 0.1937    map@2 : 0.1965    map@3 : 0.2054    map@4 : 0.2108    map@5 : 0.215    map@10 : 0.2315    map@20 : 0.2433    map@30 : 0.2492    map@50 : 0.2549
Sun 15 Mar 2026 22:02:35 INFO  Saving current: saved/LightGCN-Mar-15-2026_22-02-15.pth
Sun 15 Mar 2026 22:02:35 INFO  epoch 38 training [time: 0.18s, train loss: 3.2091]
Sun 15 Mar 2026 22:02:35 INFO  epoch 38 evaluating [time: 0.33s, valid_score: 0.313600]
Sun 15 Mar 2026 22:02:35 INFO  valid result: 
recall@1 : 0.1202    recall@2 : 0.2111    recall@3 : 0.2766    recall@4 : 0.3174    recall@5 : 0.3468    recall@10 : 0.4618    recall@20 : 0.5881    recall@30 : 0.669    recall@50 : 0.7691    ndcg@1 : 0.1937    ndcg@2 : 0.2231    ndcg@3 : 0.2481    ndcg@4 : 0.2626    ndcg@5 : 0.2734    ndcg@10 : 0.3136    ndcg@20 : 0.3506    ndcg@30 : 0.3725    ndcg@50 : 0.3966    precision@1 : 0.1937    precision@2 : 0.1666    precision@3 : 0.1484    precision@4 : 0.1317    precision@5 : 0.1184    precision@10 : 0.0836    precision@20 : 0.0556    precision@30 : 0.044    precision@50 : 0.0318    map@1 : 0.1937    map@2 : 0.1965    map@3 : 0.2054    map@4 : 0.2108    map@5 : 0.215    map@10 : 0.2316    map@20 : 0.2433    map@30 : 0.2493    map@50 : 0.2548
Sun 15 Mar 2026 22:02:35 INFO  Saving current: saved/LightGCN-Mar-15-2026_22-02-15.pth
Sun 15 Mar 2026 22:02:35 INFO  epoch 39 training [time: 0.19s, train loss: 3.2232]
Sun 15 Mar 2026 22:02:36 INFO  epoch 39 evaluating [time: 0.33s, valid_score: 0.313400]
Sun 15 Mar 2026 22:02:36 INFO  valid result: 
recall@1 : 0.1202    recall@2 : 0.2111    recall@3 : 0.2766    recall@4 : 0.3174    recall@5 : 0.3468    recall@10 : 0.4612    recall@20 : 0.5875    recall@30 : 0.6688    recall@50 : 0.7652    ndcg@1 : 0.1937    ndcg@2 : 0.2231    ndcg@3 : 0.2481    ndcg@4 : 0.2626    ndcg@5 : 0.2734    ndcg@10 : 0.3134    ndcg@20 : 0.3504    ndcg@30 : 0.3724    ndcg@50 : 0.3958    precision@1 : 0.1937    precision@2 : 0.1666    precision@3 : 0.1484    precision@4 : 0.1317    precision@5 : 0.1184    precision@10 : 0.0835    precision@20 : 0.0556    precision@30 : 0.0441    precision@50 : 0.0318    map@1 : 0.1937    map@2 : 0.1965    map@3 : 0.2054    map@4 : 0.2108    map@5 : 0.215    map@10 : 0.2316    map@20 : 0.2432    map@30 : 0.2493    map@50 : 0.2546
Sun 15 Mar 2026 22:02:36 INFO  epoch 40 training [time: 0.19s, train loss: 3.1744]
Sun 15 Mar 2026 22:02:36 INFO  epoch 40 evaluating [time: 0.33s, valid_score: 0.313400]
Sun 15 Mar 2026 22:02:36 INFO  valid result: 
recall@1 : 0.1202    recall@2 : 0.2111    recall@3 : 0.2766    recall@4 : 0.3174    recall@5 : 0.3468    recall@10 : 0.4612    recall@20 : 0.5878    recall@30 : 0.6679    recall@50 : 0.7653    ndcg@1 : 0.1937    ndcg@2 : 0.2231    ndcg@3 : 0.2481    ndcg@4 : 0.2626    ndcg@5 : 0.2734    ndcg@10 : 0.3134    ndcg@20 : 0.3505    ndcg@30 : 0.3722    ndcg@50 : 0.3958    precision@1 : 0.1937    precision@2 : 0.1666    precision@3 : 0.1484    precision@4 : 0.1317    precision@5 : 0.1184    precision@10 : 0.0835    precision@20 : 0.0557    precision@30 : 0.044    precision@50 : 0.0318    map@1 : 0.1937    map@2 : 0.1965    map@3 : 0.2054    map@4 : 0.2108    map@5 : 0.215    map@10 : 0.2316    map@20 : 0.2433    map@30 : 0.2492    map@50 : 0.2546
Sun 15 Mar 2026 22:02:36 INFO  epoch 41 training [time: 0.20s, train loss: 3.1965]
Sun 15 Mar 2026 22:02:37 INFO  epoch 41 evaluating [time: 0.31s, valid_score: 0.313400]
Sun 15 Mar 2026 22:02:37 INFO  valid result: 
recall@1 : 0.1202    recall@2 : 0.2111    recall@3 : 0.2766    recall@4 : 0.3174    recall@5 : 0.3468    recall@10 : 0.4611    recall@20 : 0.5872    recall@30 : 0.6672    recall@50 : 0.7656    ndcg@1 : 0.1937    ndcg@2 : 0.2231    ndcg@3 : 0.2481    ndcg@4 : 0.2626    ndcg@5 : 0.2734    ndcg@10 : 0.3134    ndcg@20 : 0.3503    ndcg@30 : 0.372    ndcg@50 : 0.3959    precision@1 : 0.1937    precision@2 : 0.1666    precision@3 : 0.1484    precision@4 : 0.1317    precision@5 : 0.1184    precision@10 : 0.0835    precision@20 : 0.0556    precision@30 : 0.044    precision@50 : 0.0318    map@1 : 0.1937    map@2 : 0.1965    map@3 : 0.2054    map@4 : 0.2108    map@5 : 0.215    map@10 : 0.2316    map@20 : 0.2432    map@30 : 0.2492    map@50 : 0.2547
Sun 15 Mar 2026 22:02:37 INFO  epoch 42 training [time: 0.19s, train loss: 3.1670]
Sun 15 Mar 2026 22:02:37 INFO  epoch 42 evaluating [time: 0.31s, valid_score: 0.313300]
Sun 15 Mar 2026 22:02:37 INFO  valid result: 
recall@1 : 0.1202    recall@2 : 0.2111    recall@3 : 0.2766    recall@4 : 0.3174    recall@5 : 0.3468    recall@10 : 0.4611    recall@20 : 0.5878    recall@30 : 0.6692    recall@50 : 0.7655    ndcg@1 : 0.1937    ndcg@2 : 0.2231    ndcg@3 : 0.2481    ndcg@4 : 0.2626    ndcg@5 : 0.2734    ndcg@10 : 0.3133    ndcg@20 : 0.3505    ndcg@30 : 0.3725    ndcg@50 : 0.3959    precision@1 : 0.1937    precision@2 : 0.1666    precision@3 : 0.1484    precision@4 : 0.1317    precision@5 : 0.1184    precision@10 : 0.0834    precision@20 : 0.0556    precision@30 : 0.0441    precision@50 : 0.0318    map@1 : 0.1937    map@2 : 0.1965    map@3 : 0.2054    map@4 : 0.2108    map@5 : 0.215    map@10 : 0.2315    map@20 : 0.2432    map@30 : 0.2493    map@50 : 0.2547
Sun 15 Mar 2026 22:02:37 INFO  epoch 43 training [time: 0.19s, train loss: 3.1855]
Sun 15 Mar 2026 22:02:38 INFO  epoch 43 evaluating [time: 0.32s, valid_score: 0.313300]
Sun 15 Mar 2026 22:02:38 INFO  valid result: 
recall@1 : 0.1202    recall@2 : 0.2111    recall@3 : 0.2766    recall@4 : 0.3174    recall@5 : 0.3468    recall@10 : 0.4611    recall@20 : 0.5879    recall@30 : 0.6692    recall@50 : 0.7655    ndcg@1 : 0.1937    ndcg@2 : 0.2231    ndcg@3 : 0.2481    ndcg@4 : 0.2626    ndcg@5 : 0.2734    ndcg@10 : 0.3133    ndcg@20 : 0.3505    ndcg@30 : 0.3725    ndcg@50 : 0.3959    precision@1 : 0.1937    precision@2 : 0.1666    precision@3 : 0.1484    precision@4 : 0.1317    precision@5 : 0.1184    precision@10 : 0.0834    precision@20 : 0.0557    precision@30 : 0.0441    precision@50 : 0.0318    map@1 : 0.1937    map@2 : 0.1965    map@3 : 0.2054    map@4 : 0.2108    map@5 : 0.215    map@10 : 0.2315    map@20 : 0.2433    map@30 : 0.2493    map@50 : 0.2547
Sun 15 Mar 2026 22:02:38 INFO  epoch 44 training [time: 0.16s, train loss: 3.1424]
Sun 15 Mar 2026 22:02:38 INFO  epoch 44 evaluating [time: 0.33s, valid_score: 0.313300]
Sun 15 Mar 2026 22:02:38 INFO  valid result: 
recall@1 : 0.1202    recall@2 : 0.2111    recall@3 : 0.2766    recall@4 : 0.3174    recall@5 : 0.3468    recall@10 : 0.461    recall@20 : 0.5874    recall@30 : 0.6687    recall@50 : 0.7628    ndcg@1 : 0.1937    ndcg@2 : 0.2231    ndcg@3 : 0.2481    ndcg@4 : 0.2626    ndcg@5 : 0.2734    ndcg@10 : 0.3133    ndcg@20 : 0.3504    ndcg@30 : 0.3724    ndcg@50 : 0.3954    precision@1 : 0.1937    precision@2 : 0.1666    precision@3 : 0.1484    precision@4 : 0.1317    precision@5 : 0.1184    precision@10 : 0.0834    precision@20 : 0.0556    precision@30 : 0.044    precision@50 : 0.0317    map@1 : 0.1937    map@2 : 0.1965    map@3 : 0.2054    map@4 : 0.2108    map@5 : 0.215    map@10 : 0.2315    map@20 : 0.2432    map@30 : 0.2493    map@50 : 0.2547
Sun 15 Mar 2026 22:02:38 INFO  epoch 45 training [time: 0.17s, train loss: 3.1644]
Sun 15 Mar 2026 22:02:39 INFO  epoch 45 evaluating [time: 0.34s, valid_score: 0.313500]
Sun 15 Mar 2026 22:02:39 INFO  valid result: 
recall@1 : 0.1202    recall@2 : 0.2111    recall@3 : 0.2766    recall@4 : 0.3174    recall@5 : 0.3468    recall@10 : 0.4617    recall@20 : 0.5875    recall@30 : 0.6688    recall@50 : 0.7637    ndcg@1 : 0.1937    ndcg@2 : 0.2231    ndcg@3 : 0.2481    ndcg@4 : 0.2626    ndcg@5 : 0.2734    ndcg@10 : 0.3135    ndcg@20 : 0.3505    ndcg@30 : 0.3724    ndcg@50 : 0.3956    precision@1 : 0.1937    precision@2 : 0.1666    precision@3 : 0.1484    precision@4 : 0.1317    precision@5 : 0.1184    precision@10 : 0.0836    precision@20 : 0.0557    precision@30 : 0.0441    precision@50 : 0.0317    map@1 : 0.1937    map@2 : 0.1965    map@3 : 0.2054    map@4 : 0.2108    map@5 : 0.215    map@10 : 0.2316    map@20 : 0.2433    map@30 : 0.2493    map@50 : 0.2547
Sun 15 Mar 2026 22:02:39 INFO  epoch 46 training [time: 0.17s, train loss: 3.1628]
Sun 15 Mar 2026 22:02:39 INFO  epoch 46 evaluating [time: 0.34s, valid_score: 0.313300]
Sun 15 Mar 2026 22:02:39 INFO  valid result: 
recall@1 : 0.1202    recall@2 : 0.2111    recall@3 : 0.2766    recall@4 : 0.3174    recall@5 : 0.3468    recall@10 : 0.461    recall@20 : 0.5874    recall@30 : 0.6688    recall@50 : 0.7639    ndcg@1 : 0.1937    ndcg@2 : 0.2231    ndcg@3 : 0.2481    ndcg@4 : 0.2626    ndcg@5 : 0.2734    ndcg@10 : 0.3133    ndcg@20 : 0.3504    ndcg@30 : 0.3725    ndcg@50 : 0.3957    precision@1 : 0.1937    precision@2 : 0.1666    precision@3 : 0.1484    precision@4 : 0.1317    precision@5 : 0.1184    precision@10 : 0.0834    precision@20 : 0.0557    precision@30 : 0.0441    precision@50 : 0.0318    map@1 : 0.1937    map@2 : 0.1965    map@3 : 0.2054    map@4 : 0.2108    map@5 : 0.215    map@10 : 0.2315    map@20 : 0.2433    map@30 : 0.2494    map@50 : 0.2547
Sun 15 Mar 2026 22:02:39 INFO  epoch 47 training [time: 0.14s, train loss: 3.1885]
Sun 15 Mar 2026 22:02:40 INFO  epoch 47 evaluating [time: 0.31s, valid_score: 0.313300]
Sun 15 Mar 2026 22:02:40 INFO  valid result: 
recall@1 : 0.1202    recall@2 : 0.2111    recall@3 : 0.2766    recall@4 : 0.3174    recall@5 : 0.3468    recall@10 : 0.461    recall@20 : 0.5882    recall@30 : 0.6694    recall@50 : 0.7641    ndcg@1 : 0.1937    ndcg@2 : 0.2231    ndcg@3 : 0.2481    ndcg@4 : 0.2626    ndcg@5 : 0.2734    ndcg@10 : 0.3133    ndcg@20 : 0.3507    ndcg@30 : 0.3726    ndcg@50 : 0.3957    precision@1 : 0.1937    precision@2 : 0.1666    precision@3 : 0.1484    precision@4 : 0.1317    precision@5 : 0.1184    precision@10 : 0.0834    precision@20 : 0.0558    precision@30 : 0.0441    precision@50 : 0.0318    map@1 : 0.1937    map@2 : 0.1965    map@3 : 0.2054    map@4 : 0.2108    map@5 : 0.215    map@10 : 0.2315    map@20 : 0.2434    map@30 : 0.2494    map@50 : 0.2547
Sun 15 Mar 2026 22:02:40 INFO  epoch 48 training [time: 0.18s, train loss: 3.1424]
Sun 15 Mar 2026 22:02:40 INFO  epoch 48 evaluating [time: 0.30s, valid_score: 0.313300]
Sun 15 Mar 2026 22:02:40 INFO  valid result: 
recall@1 : 0.1202    recall@2 : 0.2111    recall@3 : 0.2766    recall@4 : 0.3174    recall@5 : 0.3468    recall@10 : 0.461    recall@20 : 0.5883    recall@30 : 0.6686    recall@50 : 0.7641    ndcg@1 : 0.1937    ndcg@2 : 0.2231    ndcg@3 : 0.2481    ndcg@4 : 0.2626    ndcg@5 : 0.2734    ndcg@10 : 0.3133    ndcg@20 : 0.3507    ndcg@30 : 0.3724    ndcg@50 : 0.3957    precision@1 : 0.1937    precision@2 : 0.1666    precision@3 : 0.1484    precision@4 : 0.1317    precision@5 : 0.1184    precision@10 : 0.0834    precision@20 : 0.0558    precision@30 : 0.044    precision@50 : 0.0318    map@1 : 0.1937    map@2 : 0.1965    map@3 : 0.2054    map@4 : 0.2108    map@5 : 0.215    map@10 : 0.2316    map@20 : 0.2434    map@30 : 0.2493    map@50 : 0.2547
Sun 15 Mar 2026 22:02:40 INFO  epoch 49 training [time: 0.18s, train loss: 3.1485]
Sun 15 Mar 2026 22:02:41 INFO  epoch 49 evaluating [time: 0.31s, valid_score: 0.313400]
Sun 15 Mar 2026 22:02:41 INFO  valid result: 
recall@1 : 0.1202    recall@2 : 0.2111    recall@3 : 0.2766    recall@4 : 0.3174    recall@5 : 0.3468    recall@10 : 0.4611    recall@20 : 0.5891    recall@30 : 0.6707    recall@50 : 0.7632    ndcg@1 : 0.1937    ndcg@2 : 0.2231    ndcg@3 : 0.2481    ndcg@4 : 0.2626    ndcg@5 : 0.2734    ndcg@10 : 0.3134    ndcg@20 : 0.351    ndcg@30 : 0.3729    ndcg@50 : 0.3955    precision@1 : 0.1937    precision@2 : 0.1666    precision@3 : 0.1484    precision@4 : 0.1317    precision@5 : 0.1184    precision@10 : 0.0836    precision@20 : 0.056    precision@30 : 0.0441    precision@50 : 0.0317    map@1 : 0.1937    map@2 : 0.1965    map@3 : 0.2054    map@4 : 0.2108    map@5 : 0.215    map@10 : 0.2317    map@20 : 0.2435    map@30 : 0.2495    map@50 : 0.2547
Sun 15 Mar 2026 22:02:41 INFO  epoch 50 training [time: 0.19s, train loss: 3.1589]
Sun 15 Mar 2026 22:02:41 INFO  epoch 50 evaluating [time: 0.30s, valid_score: 0.313500]
Sun 15 Mar 2026 22:02:41 INFO  valid result: 
recall@1 : 0.1202    recall@2 : 0.2111    recall@3 : 0.2766    recall@4 : 0.3174    recall@5 : 0.3468    recall@10 : 0.4612    recall@20 : 0.5892    recall@30 : 0.6701    recall@50 : 0.7637    ndcg@1 : 0.1937    ndcg@2 : 0.2231    ndcg@3 : 0.2481    ndcg@4 : 0.2626    ndcg@5 : 0.2734    ndcg@10 : 0.3135    ndcg@20 : 0.351    ndcg@30 : 0.3727    ndcg@50 : 0.3956    precision@1 : 0.1937    precision@2 : 0.1666    precision@3 : 0.1484    precision@4 : 0.1317    precision@5 : 0.1184    precision@10 : 0.0837    precision@20 : 0.056    precision@30 : 0.0441    precision@50 : 0.0317    map@1 : 0.1937    map@2 : 0.1965    map@3 : 0.2054    map@4 : 0.2108    map@5 : 0.215    map@10 : 0.2317    map@20 : 0.2435    map@30 : 0.2494    map@50 : 0.2547
Sun 15 Mar 2026 22:02:41 INFO  epoch 51 training [time: 0.18s, train loss: 3.1633]
Sun 15 Mar 2026 22:02:42 INFO  epoch 51 evaluating [time: 0.32s, valid_score: 0.313400]
Sun 15 Mar 2026 22:02:42 INFO  valid result: 
recall@1 : 0.1202    recall@2 : 0.2111    recall@3 : 0.2766    recall@4 : 0.3174    recall@5 : 0.3468    recall@10 : 0.4612    recall@20 : 0.5894    recall@30 : 0.6699    recall@50 : 0.763    ndcg@1 : 0.1937    ndcg@2 : 0.2231    ndcg@3 : 0.2481    ndcg@4 : 0.2626    ndcg@5 : 0.2734    ndcg@10 : 0.3134    ndcg@20 : 0.3511    ndcg@30 : 0.3727    ndcg@50 : 0.3955    precision@1 : 0.1937    precision@2 : 0.1666    precision@3 : 0.1484    precision@4 : 0.1317    precision@5 : 0.1184    precision@10 : 0.0836    precision@20 : 0.056    precision@30 : 0.0441    precision@50 : 0.0317    map@1 : 0.1937    map@2 : 0.1965    map@3 : 0.2054    map@4 : 0.2108    map@5 : 0.215    map@10 : 0.2317    map@20 : 0.2435    map@30 : 0.2494    map@50 : 0.2547
Sun 15 Mar 2026 22:02:42 INFO  epoch 52 training [time: 0.20s, train loss: 3.1441]
Sun 15 Mar 2026 22:02:42 INFO  epoch 52 evaluating [time: 0.32s, valid_score: 0.313600]
Sun 15 Mar 2026 22:02:42 INFO  valid result: 
recall@1 : 0.1202    recall@2 : 0.2111    recall@3 : 0.2766    recall@4 : 0.3174    recall@5 : 0.3468    recall@10 : 0.4614    recall@20 : 0.5896    recall@30 : 0.6705    recall@50 : 0.7625    ndcg@1 : 0.1937    ndcg@2 : 0.2231    ndcg@3 : 0.2481    ndcg@4 : 0.2626    ndcg@5 : 0.2734    ndcg@10 : 0.3136    ndcg@20 : 0.3512    ndcg@30 : 0.3728    ndcg@50 : 0.3954    precision@1 : 0.1937    precision@2 : 0.1666    precision@3 : 0.1484    precision@4 : 0.1317    precision@5 : 0.1184    precision@10 : 0.0837    precision@20 : 0.0561    precision@30 : 0.0441    precision@50 : 0.0317    map@1 : 0.1937    map@2 : 0.1965    map@3 : 0.2054    map@4 : 0.2108    map@5 : 0.215    map@10 : 0.2317    map@20 : 0.2436    map@30 : 0.2494    map@50 : 0.2547
Sun 15 Mar 2026 22:02:42 INFO  Saving current: saved/LightGCN-Mar-15-2026_22-02-15.pth
Sun 15 Mar 2026 22:02:42 INFO  epoch 53 training [time: 0.19s, train loss: 3.1551]
Sun 15 Mar 2026 22:02:43 INFO  epoch 53 evaluating [time: 0.31s, valid_score: 0.313500]
Sun 15 Mar 2026 22:02:43 INFO  valid result: 
recall@1 : 0.1202    recall@2 : 0.2111    recall@3 : 0.2766    recall@4 : 0.3174    recall@5 : 0.3468    recall@10 : 0.4613    recall@20 : 0.5896    recall@30 : 0.6699    recall@50 : 0.7626    ndcg@1 : 0.1937    ndcg@2 : 0.2231    ndcg@3 : 0.2481    ndcg@4 : 0.2626    ndcg@5 : 0.2734    ndcg@10 : 0.3135    ndcg@20 : 0.3512    ndcg@30 : 0.3727    ndcg@50 : 0.3954    precision@1 : 0.1937    precision@2 : 0.1666    precision@3 : 0.1484    precision@4 : 0.1317    precision@5 : 0.1184    precision@10 : 0.0836    precision@20 : 0.0561    precision@30 : 0.0441    precision@50 : 0.0317    map@1 : 0.1937    map@2 : 0.1965    map@3 : 0.2054    map@4 : 0.2108    map@5 : 0.215    map@10 : 0.2316    map@20 : 0.2436    map@30 : 0.2494    map@50 : 0.2547
Sun 15 Mar 2026 22:02:43 INFO  epoch 54 training [time: 0.17s, train loss: 3.1806]
Sun 15 Mar 2026 22:02:43 INFO  epoch 54 evaluating [time: 0.33s, valid_score: 0.313500]
Sun 15 Mar 2026 22:02:43 INFO  valid result: 
recall@1 : 0.1202    recall@2 : 0.2111    recall@3 : 0.2766    recall@4 : 0.3174    recall@5 : 0.3468    recall@10 : 0.4613    recall@20 : 0.5886    recall@30 : 0.669    recall@50 : 0.7614    ndcg@1 : 0.1937    ndcg@2 : 0.2231    ndcg@3 : 0.2481    ndcg@4 : 0.2626    ndcg@5 : 0.2734    ndcg@10 : 0.3135    ndcg@20 : 0.3509    ndcg@30 : 0.3725    ndcg@50 : 0.3951    precision@1 : 0.1937    precision@2 : 0.1666    precision@3 : 0.1484    precision@4 : 0.1317    precision@5 : 0.1184    precision@10 : 0.0836    precision@20 : 0.056    precision@30 : 0.044    precision@50 : 0.0317    map@1 : 0.1937    map@2 : 0.1965    map@3 : 0.2054    map@4 : 0.2108    map@5 : 0.215    map@10 : 0.2316    map@20 : 0.2435    map@30 : 0.2494    map@50 : 0.2547
Sun 15 Mar 2026 22:02:43 INFO  epoch 55 training [time: 0.19s, train loss: 3.1667]
Sun 15 Mar 2026 22:02:44 INFO  epoch 55 evaluating [time: 0.33s, valid_score: 0.313500]
Sun 15 Mar 2026 22:02:44 INFO  valid result: 
recall@1 : 0.1202    recall@2 : 0.2111    recall@3 : 0.2766    recall@4 : 0.3174    recall@5 : 0.3468    recall@10 : 0.4613    recall@20 : 0.5887    recall@30 : 0.6692    recall@50 : 0.7606    ndcg@1 : 0.1937    ndcg@2 : 0.2231    ndcg@3 : 0.2481    ndcg@4 : 0.2626    ndcg@5 : 0.2734    ndcg@10 : 0.3135    ndcg@20 : 0.351    ndcg@30 : 0.3726    ndcg@50 : 0.395    precision@1 : 0.1937    precision@2 : 0.1666    precision@3 : 0.1484    precision@4 : 0.1317    precision@5 : 0.1184    precision@10 : 0.0836    precision@20 : 0.056    precision@30 : 0.0441    precision@50 : 0.0316    map@1 : 0.1937    map@2 : 0.1965    map@3 : 0.2054    map@4 : 0.2108    map@5 : 0.215    map@10 : 0.2316    map@20 : 0.2435    map@30 : 0.2494    map@50 : 0.2547
Sun 15 Mar 2026 22:02:44 INFO  epoch 56 training [time: 0.18s, train loss: 3.1427]
Sun 15 Mar 2026 22:02:44 INFO  epoch 56 evaluating [time: 0.28s, valid_score: 0.313500]
Sun 15 Mar 2026 22:02:44 INFO  valid result: 
recall@1 : 0.1202    recall@2 : 0.2111    recall@3 : 0.2766    recall@4 : 0.3174    recall@5 : 0.3468    recall@10 : 0.4614    recall@20 : 0.5885    recall@30 : 0.6684    recall@50 : 0.7609    ndcg@1 : 0.1937    ndcg@2 : 0.2231    ndcg@3 : 0.2481    ndcg@4 : 0.2626    ndcg@5 : 0.2734    ndcg@10 : 0.3135    ndcg@20 : 0.3509    ndcg@30 : 0.3724    ndcg@50 : 0.3951    precision@1 : 0.1937    precision@2 : 0.1666    precision@3 : 0.1484    precision@4 : 0.1317    precision@5 : 0.1184    precision@10 : 0.0837    precision@20 : 0.056    precision@30 : 0.044    precision@50 : 0.0317    map@1 : 0.1937    map@2 : 0.1965    map@3 : 0.2054    map@4 : 0.2108    map@5 : 0.215    map@10 : 0.2317    map@20 : 0.2435    map@30 : 0.2494    map@50 : 0.2547
Sun 15 Mar 2026 22:02:45 INFO  epoch 57 training [time: 0.28s, train loss: 3.1299]
Sun 15 Mar 2026 22:02:45 INFO  epoch 57 evaluating [time: 0.14s, valid_score: 0.313500]
Sun 15 Mar 2026 22:02:45 INFO  valid result: 
recall@1 : 0.1202    recall@2 : 0.2111    recall@3 : 0.2766    recall@4 : 0.3174    recall@5 : 0.3468    recall@10 : 0.4614    recall@20 : 0.5885    recall@30 : 0.6683    recall@50 : 0.7607    ndcg@1 : 0.1937    ndcg@2 : 0.2231    ndcg@3 : 0.2481    ndcg@4 : 0.2626    ndcg@5 : 0.2734    ndcg@10 : 0.3135    ndcg@20 : 0.351    ndcg@30 : 0.3723    ndcg@50 : 0.3951    precision@1 : 0.1937    precision@2 : 0.1666    precision@3 : 0.1484    precision@4 : 0.1317    precision@5 : 0.1184    precision@10 : 0.0837    precision@20 : 0.056    precision@30 : 0.044    precision@50 : 0.0317    map@1 : 0.1937    map@2 : 0.1965    map@3 : 0.2054    map@4 : 0.2108    map@5 : 0.215    map@10 : 0.2317    map@20 : 0.2436    map@30 : 0.2494    map@50 : 0.2547
Sun 15 Mar 2026 22:02:45 INFO  epoch 58 training [time: 0.19s, train loss: 3.1344]
Sun 15 Mar 2026 22:02:45 INFO  epoch 58 evaluating [time: 0.34s, valid_score: 0.313500]
Sun 15 Mar 2026 22:02:45 INFO  valid result: 
recall@1 : 0.1202    recall@2 : 0.2111    recall@3 : 0.2766    recall@4 : 0.3174    recall@5 : 0.3468    recall@10 : 0.4611    recall@20 : 0.5881    recall@30 : 0.6683    recall@50 : 0.7608    ndcg@1 : 0.1937    ndcg@2 : 0.2231    ndcg@3 : 0.2481    ndcg@4 : 0.2626    ndcg@5 : 0.2734    ndcg@10 : 0.3135    ndcg@20 : 0.3508    ndcg@30 : 0.3723    ndcg@50 : 0.3951    precision@1 : 0.1937    precision@2 : 0.1666    precision@3 : 0.1484    precision@4 : 0.1317    precision@5 : 0.1184    precision@10 : 0.0837    precision@20 : 0.0559    precision@30 : 0.044    precision@50 : 0.0317    map@1 : 0.1937    map@2 : 0.1965    map@3 : 0.2054    map@4 : 0.2108    map@5 : 0.215    map@10 : 0.2317    map@20 : 0.2435    map@30 : 0.2494    map@50 : 0.2547
Sun 15 Mar 2026 22:02:45 INFO  epoch 59 training [time: 0.15s, train loss: 3.1685]
Sun 15 Mar 2026 22:02:46 INFO  epoch 59 evaluating [time: 0.31s, valid_score: 0.313400]
Sun 15 Mar 2026 22:02:46 INFO  valid result: 
recall@1 : 0.1202    recall@2 : 0.2111    recall@3 : 0.2766    recall@4 : 0.3174    recall@5 : 0.3468    recall@10 : 0.4609    recall@20 : 0.588    recall@30 : 0.6688    recall@50 : 0.7613    ndcg@1 : 0.1937    ndcg@2 : 0.2231    ndcg@3 : 0.2481    ndcg@4 : 0.2626    ndcg@5 : 0.2734    ndcg@10 : 0.3134    ndcg@20 : 0.3508    ndcg@30 : 0.3725    ndcg@50 : 0.3952    precision@1 : 0.1937    precision@2 : 0.1666    precision@3 : 0.1484    precision@4 : 0.1317    precision@5 : 0.1184    precision@10 : 0.0836    precision@20 : 0.0559    precision@30 : 0.0441    precision@50 : 0.0317    map@1 : 0.1937    map@2 : 0.1965    map@3 : 0.2054    map@4 : 0.2108    map@5 : 0.215    map@10 : 0.2316    map@20 : 0.2435    map@30 : 0.2494    map@50 : 0.2547
Sun 15 Mar 2026 22:02:46 INFO  epoch 60 training [time: 0.16s, train loss: 3.1517]
Sun 15 Mar 2026 22:02:46 INFO  epoch 60 evaluating [time: 0.31s, valid_score: 0.313700]
Sun 15 Mar 2026 22:02:46 INFO  valid result: 
recall@1 : 0.1202    recall@2 : 0.2111    recall@3 : 0.2766    recall@4 : 0.3174    recall@5 : 0.3468    recall@10 : 0.4619    recall@20 : 0.5885    recall@30 : 0.6689    recall@50 : 0.7622    ndcg@1 : 0.1937    ndcg@2 : 0.2231    ndcg@3 : 0.2481    ndcg@4 : 0.2626    ndcg@5 : 0.2734    ndcg@10 : 0.3137    ndcg@20 : 0.351    ndcg@30 : 0.3725    ndcg@50 : 0.3954    precision@1 : 0.1937    precision@2 : 0.1666    precision@3 : 0.1484    precision@4 : 0.1317    precision@5 : 0.1184    precision@10 : 0.0837    precision@20 : 0.0561    precision@30 : 0.0441    precision@50 : 0.0317    map@1 : 0.1937    map@2 : 0.1965    map@3 : 0.2054    map@4 : 0.2108    map@5 : 0.215    map@10 : 0.2318    map@20 : 0.2436    map@30 : 0.2494    map@50 : 0.2548
Sun 15 Mar 2026 22:02:46 INFO  Saving current: saved/LightGCN-Mar-15-2026_22-02-15.pth
Sun 15 Mar 2026 22:02:46 INFO  epoch 61 training [time: 0.16s, train loss: 3.1798]
Sun 15 Mar 2026 22:02:47 INFO  epoch 61 evaluating [time: 0.34s, valid_score: 0.313700]
Sun 15 Mar 2026 22:02:47 INFO  valid result: 
recall@1 : 0.1202    recall@2 : 0.2111    recall@3 : 0.2766    recall@4 : 0.3174    recall@5 : 0.3468    recall@10 : 0.4619    recall@20 : 0.5884    recall@30 : 0.6693    recall@50 : 0.7621    ndcg@1 : 0.1937    ndcg@2 : 0.2231    ndcg@3 : 0.2481    ndcg@4 : 0.2626    ndcg@5 : 0.2734    ndcg@10 : 0.3137    ndcg@20 : 0.3509    ndcg@30 : 0.3726    ndcg@50 : 0.3954    precision@1 : 0.1937    precision@2 : 0.1666    precision@3 : 0.1484    precision@4 : 0.1317    precision@5 : 0.1184    precision@10 : 0.0837    precision@20 : 0.056    precision@30 : 0.0441    precision@50 : 0.0317    map@1 : 0.1937    map@2 : 0.1965    map@3 : 0.2054    map@4 : 0.2108    map@5 : 0.215    map@10 : 0.2318    map@20 : 0.2436    map@30 : 0.2495    map@50 : 0.2548
Sun 15 Mar 2026 22:02:47 INFO  Saving current: saved/LightGCN-Mar-15-2026_22-02-15.pth
Sun 15 Mar 2026 22:02:47 INFO  epoch 62 training [time: 0.17s, train loss: 3.1392]
Sun 15 Mar 2026 22:02:47 INFO  epoch 62 evaluating [time: 0.33s, valid_score: 0.313600]
Sun 15 Mar 2026 22:02:47 INFO  valid result: 
recall@1 : 0.1202    recall@2 : 0.2111    recall@3 : 0.2766    recall@4 : 0.3174    recall@5 : 0.3468    recall@10 : 0.4617    recall@20 : 0.5889    recall@30 : 0.669    recall@50 : 0.7622    ndcg@1 : 0.1937    ndcg@2 : 0.2231    ndcg@3 : 0.2481    ndcg@4 : 0.2626    ndcg@5 : 0.2734    ndcg@10 : 0.3136    ndcg@20 : 0.3511    ndcg@30 : 0.3726    ndcg@50 : 0.3954    precision@1 : 0.1937    precision@2 : 0.1666    precision@3 : 0.1484    precision@4 : 0.1317    precision@5 : 0.1184    precision@10 : 0.0836    precision@20 : 0.0562    precision@30 : 0.0441    precision@50 : 0.0317    map@1 : 0.1937    map@2 : 0.1965    map@3 : 0.2054    map@4 : 0.2108    map@5 : 0.215    map@10 : 0.2317    map@20 : 0.2437    map@30 : 0.2495    map@50 : 0.2548
Sun 15 Mar 2026 22:02:47 INFO  epoch 63 training [time: 0.18s, train loss: 3.1333]
Sun 15 Mar 2026 22:02:48 INFO  epoch 63 evaluating [time: 0.33s, valid_score: 0.313600]
Sun 15 Mar 2026 22:02:48 INFO  valid result: 
recall@1 : 0.1202    recall@2 : 0.2111    recall@3 : 0.2766    recall@4 : 0.3174    recall@5 : 0.3468    recall@10 : 0.4618    recall@20 : 0.589    recall@30 : 0.6689    recall@50 : 0.7611    ndcg@1 : 0.1937    ndcg@2 : 0.2231    ndcg@3 : 0.2481    ndcg@4 : 0.2626    ndcg@5 : 0.2734    ndcg@10 : 0.3136    ndcg@20 : 0.3512    ndcg@30 : 0.3726    ndcg@50 : 0.3952    precision@1 : 0.1937    precision@2 : 0.1666    precision@3 : 0.1484    precision@4 : 0.1317    precision@5 : 0.1184    precision@10 : 0.0837    precision@20 : 0.0562    precision@30 : 0.0441    precision@50 : 0.0317    map@1 : 0.1937    map@2 : 0.1965    map@3 : 0.2054    map@4 : 0.2108    map@5 : 0.215    map@10 : 0.2317    map@20 : 0.2437    map@30 : 0.2495    map@50 : 0.2548
Sun 15 Mar 2026 22:02:48 INFO  epoch 64 training [time: 0.19s, train loss: 3.1258]
Sun 15 Mar 2026 22:02:48 INFO  epoch 64 evaluating [time: 0.32s, valid_score: 0.313700]
Sun 15 Mar 2026 22:02:48 INFO  valid result: 
recall@1 : 0.1202    recall@2 : 0.2111    recall@3 : 0.2766    recall@4 : 0.3174    recall@5 : 0.3468    recall@10 : 0.462    recall@20 : 0.5895    recall@30 : 0.6688    recall@50 : 0.7617    ndcg@1 : 0.1937    ndcg@2 : 0.2231    ndcg@3 : 0.2481    ndcg@4 : 0.2626    ndcg@5 : 0.2734    ndcg@10 : 0.3137    ndcg@20 : 0.3513    ndcg@30 : 0.3726    ndcg@50 : 0.3954    precision@1 : 0.1937    precision@2 : 0.1666    precision@3 : 0.1484    precision@4 : 0.1317    precision@5 : 0.1184    precision@10 : 0.0837    precision@20 : 0.0563    precision@30 : 0.0441    precision@50 : 0.0317    map@1 : 0.1937    map@2 : 0.1965    map@3 : 0.2054    map@4 : 0.2108    map@5 : 0.215    map@10 : 0.2318    map@20 : 0.2438    map@30 : 0.2495    map@50 : 0.2548
Sun 15 Mar 2026 22:02:48 INFO  Saving current: saved/LightGCN-Mar-15-2026_22-02-15.pth
Sun 15 Mar 2026 22:02:48 INFO  epoch 65 training [time: 0.18s, train loss: 3.1090]
Sun 15 Mar 2026 22:02:49 INFO  epoch 65 evaluating [time: 0.33s, valid_score: 0.313600]
Sun 15 Mar 2026 22:02:49 INFO  valid result: 
recall@1 : 0.1202    recall@2 : 0.2105    recall@3 : 0.2766    recall@4 : 0.3174    recall@5 : 0.3468    recall@10 : 0.462    recall@20 : 0.5892    recall@30 : 0.6689    recall@50 : 0.7624    ndcg@1 : 0.1937    ndcg@2 : 0.2227    ndcg@3 : 0.248    ndcg@4 : 0.2625    ndcg@5 : 0.2733    ndcg@10 : 0.3136    ndcg@20 : 0.3512    ndcg@30 : 0.3725    ndcg@50 : 0.3954    precision@1 : 0.1937    precision@2 : 0.1663    precision@3 : 0.1484    precision@4 : 0.1317    precision@5 : 0.1184    precision@10 : 0.0837    precision@20 : 0.0562    precision@30 : 0.0441    precision@50 : 0.0318    map@1 : 0.1937    map@2 : 0.1962    map@3 : 0.2053    map@4 : 0.2107    map@5 : 0.2149    map@10 : 0.2316    map@20 : 0.2437    map@30 : 0.2494    map@50 : 0.2547
Sun 15 Mar 2026 22:02:49 INFO  epoch 66 training [time: 0.19s, train loss: 3.1412]
Sun 15 Mar 2026 22:02:49 INFO  epoch 66 evaluating [time: 0.25s, valid_score: 0.313600]
Sun 15 Mar 2026 22:02:49 INFO  valid result: 
recall@1 : 0.1202    recall@2 : 0.2105    recall@3 : 0.2767    recall@4 : 0.3174    recall@5 : 0.3469    recall@10 : 0.4617    recall@20 : 0.5885    recall@30 : 0.6684    recall@50 : 0.763    ndcg@1 : 0.1937    ndcg@2 : 0.2227    ndcg@3 : 0.2481    ndcg@4 : 0.2626    ndcg@5 : 0.2734    ndcg@10 : 0.3136    ndcg@20 : 0.351    ndcg@30 : 0.3724    ndcg@50 : 0.3955    precision@1 : 0.1937    precision@2 : 0.1663    precision@3 : 0.1486    precision@4 : 0.1317    precision@5 : 0.1185    precision@10 : 0.0837    precision@20 : 0.0562    precision@30 : 0.044    precision@50 : 0.0318    map@1 : 0.1937    map@2 : 0.1962    map@3 : 0.2054    map@4 : 0.2107    map@5 : 0.215    map@10 : 0.2316    map@20 : 0.2436    map@30 : 0.2494    map@50 : 0.2547
Sun 15 Mar 2026 22:02:49 INFO  epoch 67 training [time: 0.13s, train loss: 3.1010]
Sun 15 Mar 2026 22:02:50 INFO  epoch 67 evaluating [time: 0.31s, valid_score: 0.313500]
Sun 15 Mar 2026 22:02:50 INFO  valid result: 
recall@1 : 0.1202    recall@2 : 0.2105    recall@3 : 0.2761    recall@4 : 0.3168    recall@5 : 0.3466    recall@10 : 0.4615    recall@20 : 0.5886    recall@30 : 0.6686    recall@50 : 0.7632    ndcg@1 : 0.1937    ndcg@2 : 0.2227    ndcg@3 : 0.2478    ndcg@4 : 0.2623    ndcg@5 : 0.2733    ndcg@10 : 0.3135    ndcg@20 : 0.351    ndcg@30 : 0.3723    ndcg@50 : 0.3955    precision@1 : 0.1937    precision@2 : 0.1663    precision@3 : 0.1484    precision@4 : 0.1316    precision@5 : 0.1186    precision@10 : 0.0837    precision@20 : 0.0562    precision@30 : 0.044    precision@50 : 0.0318    map@1 : 0.1937    map@2 : 0.1962    map@3 : 0.2052    map@4 : 0.2105    map@5 : 0.2149    map@10 : 0.2315    map@20 : 0.2436    map@30 : 0.2493    map@50 : 0.2547
Sun 15 Mar 2026 22:02:50 INFO  epoch 68 training [time: 0.17s, train loss: 3.1290]
Sun 15 Mar 2026 22:02:50 INFO  epoch 68 evaluating [time: 0.30s, valid_score: 0.313600]
Sun 15 Mar 2026 22:02:50 INFO  valid result: 
recall@1 : 0.1202    recall@2 : 0.2104    recall@3 : 0.2761    recall@4 : 0.3168    recall@5 : 0.3464    recall@10 : 0.462    recall@20 : 0.5882    recall@30 : 0.669    recall@50 : 0.7626    ndcg@1 : 0.1937    ndcg@2 : 0.2225    ndcg@3 : 0.2478    ndcg@4 : 0.2622    ndcg@5 : 0.2731    ndcg@10 : 0.3136    ndcg@20 : 0.3508    ndcg@30 : 0.3723    ndcg@50 : 0.3953    precision@1 : 0.1937    precision@2 : 0.166    precision@3 : 0.1484    precision@4 : 0.1316    precision@5 : 0.1185    precision@10 : 0.0838    precision@20 : 0.0562    precision@30 : 0.0441    precision@50 : 0.0318    map@1 : 0.1937    map@2 : 0.1959    map@3 : 0.2051    map@4 : 0.2105    map@5 : 0.2148    map@10 : 0.2315    map@20 : 0.2435    map@30 : 0.2492    map@50 : 0.2546
Sun 15 Mar 2026 22:02:50 INFO  epoch 69 training [time: 0.17s, train loss: 3.1114]
Sun 15 Mar 2026 22:02:51 INFO  epoch 69 evaluating [time: 0.32s, valid_score: 0.313100]
Sun 15 Mar 2026 22:02:51 INFO  valid result: 
recall@1 : 0.1202    recall@2 : 0.2104    recall@3 : 0.2761    recall@4 : 0.3172    recall@5 : 0.347    recall@10 : 0.4604    recall@20 : 0.5884    recall@30 : 0.6684    recall@50 : 0.7626    ndcg@1 : 0.1937    ndcg@2 : 0.2225    ndcg@3 : 0.2478    ndcg@4 : 0.2625    ndcg@5 : 0.2734    ndcg@10 : 0.3131    ndcg@20 : 0.3509    ndcg@30 : 0.3722    ndcg@50 : 0.3954    precision@1 : 0.1937    precision@2 : 0.166    precision@3 : 0.1484    precision@4 : 0.1319    precision@5 : 0.1187    precision@10 : 0.0836    precision@20 : 0.0562    precision@30 : 0.044    precision@50 : 0.0318    map@1 : 0.1937    map@2 : 0.1959    map@3 : 0.2051    map@4 : 0.2106    map@5 : 0.2149    map@10 : 0.2314    map@20 : 0.2435    map@30 : 0.2492    map@50 : 0.2546
Sun 15 Mar 2026 22:02:51 INFO  epoch 70 training [time: 0.18s, train loss: 3.1289]
Sun 15 Mar 2026 22:02:51 INFO  epoch 70 evaluating [time: 0.32s, valid_score: 0.313100]
Sun 15 Mar 2026 22:02:51 INFO  valid result: 
recall@1 : 0.1202    recall@2 : 0.2104    recall@3 : 0.2761    recall@4 : 0.3166    recall@5 : 0.3465    recall@10 : 0.4606    recall@20 : 0.5887    recall@30 : 0.6683    recall@50 : 0.7626    ndcg@1 : 0.1937    ndcg@2 : 0.2225    ndcg@3 : 0.2478    ndcg@4 : 0.2622    ndcg@5 : 0.2732    ndcg@10 : 0.3131    ndcg@20 : 0.351    ndcg@30 : 0.3721    ndcg@50 : 0.3953    precision@1 : 0.1937    precision@2 : 0.166    precision@3 : 0.1484    precision@4 : 0.1317    precision@5 : 0.1185    precision@10 : 0.0837    precision@20 : 0.0563    precision@30 : 0.044    precision@50 : 0.0318    map@1 : 0.1937    map@2 : 0.1959    map@3 : 0.2051    map@4 : 0.2105    map@5 : 0.2148    map@10 : 0.2313    map@20 : 0.2435    map@30 : 0.2491    map@50 : 0.2546
Sun 15 Mar 2026 22:02:51 INFO  epoch 71 training [time: 0.18s, train loss: 3.0751]
Sun 15 Mar 2026 22:02:52 INFO  epoch 71 evaluating [time: 0.32s, valid_score: 0.313000]
Sun 15 Mar 2026 22:02:52 INFO  valid result: 
recall@1 : 0.1202    recall@2 : 0.2104    recall@3 : 0.2766    recall@4 : 0.3171    recall@5 : 0.3473    recall@10 : 0.4599    recall@20 : 0.589    recall@30 : 0.669    recall@50 : 0.7626    ndcg@1 : 0.1937    ndcg@2 : 0.2225    ndcg@3 : 0.2479    ndcg@4 : 0.2624    ndcg@5 : 0.2736    ndcg@10 : 0.313    ndcg@20 : 0.3511    ndcg@30 : 0.3724    ndcg@50 : 0.3954    precision@1 : 0.1937    precision@2 : 0.166    precision@3 : 0.1484    precision@4 : 0.1317    precision@5 : 0.1187    precision@10 : 0.0836    precision@20 : 0.0563    precision@30 : 0.044    precision@50 : 0.0318    map@1 : 0.1937    map@2 : 0.1959    map@3 : 0.2053    map@4 : 0.2106    map@5 : 0.215    map@10 : 0.2314    map@20 : 0.2436    map@30 : 0.2493    map@50 : 0.2547
Sun 15 Mar 2026 22:02:52 INFO  epoch 72 training [time: 0.18s, train loss: 3.1023]
Sun 15 Mar 2026 22:02:52 INFO  epoch 72 evaluating [time: 0.33s, valid_score: 0.312900]
Sun 15 Mar 2026 22:02:52 INFO  valid result: 
recall@1 : 0.1202    recall@2 : 0.2104    recall@3 : 0.2766    recall@4 : 0.3171    recall@5 : 0.3473    recall@10 : 0.4599    recall@20 : 0.5892    recall@30 : 0.669    recall@50 : 0.7628    ndcg@1 : 0.1937    ndcg@2 : 0.2225    ndcg@3 : 0.2479    ndcg@4 : 0.2624    ndcg@5 : 0.2736    ndcg@10 : 0.3129    ndcg@20 : 0.3512    ndcg@30 : 0.3723    ndcg@50 : 0.3954    precision@1 : 0.1937    precision@2 : 0.166    precision@3 : 0.1484    precision@4 : 0.1317    precision@5 : 0.1187    precision@10 : 0.0835    precision@20 : 0.0564    precision@30 : 0.044    precision@50 : 0.0318    map@1 : 0.1937    map@2 : 0.1959    map@3 : 0.2053    map@4 : 0.2106    map@5 : 0.215    map@10 : 0.2313    map@20 : 0.2436    map@30 : 0.2492    map@50 : 0.2546
Sun 15 Mar 2026 22:02:52 INFO  epoch 73 training [time: 0.16s, train loss: 3.0724]
Sun 15 Mar 2026 22:02:53 INFO  epoch 73 evaluating [time: 0.34s, valid_score: 0.313000]
Sun 15 Mar 2026 22:02:53 INFO  valid result: 
recall@1 : 0.1202    recall@2 : 0.211    recall@3 : 0.2766    recall@4 : 0.3171    recall@5 : 0.3472    recall@10 : 0.4598    recall@20 : 0.5888    recall@30 : 0.6698    recall@50 : 0.7626    ndcg@1 : 0.1937    ndcg@2 : 0.2228    ndcg@3 : 0.248    ndcg@4 : 0.2625    ndcg@5 : 0.2736    ndcg@10 : 0.313    ndcg@20 : 0.3511    ndcg@30 : 0.3727    ndcg@50 : 0.3955    precision@1 : 0.1937    precision@2 : 0.1663    precision@3 : 0.1484    precision@4 : 0.1317    precision@5 : 0.1186    precision@10 : 0.0835    precision@20 : 0.0563    precision@30 : 0.0441    precision@50 : 0.0318    map@1 : 0.1937    map@2 : 0.1962    map@3 : 0.2054    map@4 : 0.2107    map@5 : 0.2151    map@10 : 0.2314    map@20 : 0.2436    map@30 : 0.2494    map@50 : 0.2547
Sun 15 Mar 2026 22:02:53 INFO  epoch 74 training [time: 0.16s, train loss: 3.1257]
Sun 15 Mar 2026 22:02:53 INFO  epoch 74 evaluating [time: 0.34s, valid_score: 0.313100]
Sun 15 Mar 2026 22:02:53 INFO  valid result: 
recall@1 : 0.1202    recall@2 : 0.2109    recall@3 : 0.2766    recall@4 : 0.3177    recall@5 : 0.3472    recall@10 : 0.4601    recall@20 : 0.589    recall@30 : 0.6699    recall@50 : 0.7626    ndcg@1 : 0.1937    ndcg@2 : 0.2226    ndcg@3 : 0.248    ndcg@4 : 0.2627    ndcg@5 : 0.2736    ndcg@10 : 0.3131    ndcg@20 : 0.3512    ndcg@30 : 0.3727    ndcg@50 : 0.3955    precision@1 : 0.1937    precision@2 : 0.166    precision@3 : 0.1484    precision@4 : 0.1319    precision@5 : 0.1186    precision@10 : 0.0835    precision@20 : 0.0563    precision@30 : 0.0442    precision@50 : 0.0318    map@1 : 0.1937    map@2 : 0.1959    map@3 : 0.2053    map@4 : 0.2108    map@5 : 0.2151    map@10 : 0.2314    map@20 : 0.2437    map@30 : 0.2494    map@50 : 0.2548
Sun 15 Mar 2026 22:02:53 INFO  epoch 75 training [time: 0.17s, train loss: 3.1342]
Sun 15 Mar 2026 22:02:54 INFO  epoch 75 evaluating [time: 0.34s, valid_score: 0.313300]
Sun 15 Mar 2026 22:02:54 INFO  valid result: 
recall@1 : 0.1202    recall@2 : 0.2109    recall@3 : 0.2766    recall@4 : 0.3177    recall@5 : 0.3472    recall@10 : 0.4605    recall@20 : 0.5895    recall@30 : 0.6705    recall@50 : 0.7626    ndcg@1 : 0.1937    ndcg@2 : 0.2226    ndcg@3 : 0.248    ndcg@4 : 0.2627    ndcg@5 : 0.2736    ndcg@10 : 0.3133    ndcg@20 : 0.3514    ndcg@30 : 0.3729    ndcg@50 : 0.3955    precision@1 : 0.1937    precision@2 : 0.166    precision@3 : 0.1484    precision@4 : 0.1319    precision@5 : 0.1186    precision@10 : 0.0837    precision@20 : 0.0564    precision@30 : 0.0442    precision@50 : 0.0318    map@1 : 0.1937    map@2 : 0.1959    map@3 : 0.2053    map@4 : 0.2108    map@5 : 0.2151    map@10 : 0.2316    map@20 : 0.2438    map@30 : 0.2495    map@50 : 0.2548
Sun 15 Mar 2026 22:02:54 INFO  epoch 76 training [time: 0.17s, train loss: 3.0817]
Sun 15 Mar 2026 22:02:54 INFO  epoch 76 evaluating [time: 0.34s, valid_score: 0.313300]
Sun 15 Mar 2026 22:02:54 INFO  valid result: 
recall@1 : 0.1202    recall@2 : 0.2109    recall@3 : 0.2766    recall@4 : 0.3177    recall@5 : 0.3472    recall@10 : 0.4604    recall@20 : 0.5897    recall@30 : 0.6691    recall@50 : 0.7634    ndcg@1 : 0.1937    ndcg@2 : 0.2226    ndcg@3 : 0.248    ndcg@4 : 0.2627    ndcg@5 : 0.2736    ndcg@10 : 0.3133    ndcg@20 : 0.3515    ndcg@30 : 0.3726    ndcg@50 : 0.3957    precision@1 : 0.1937    precision@2 : 0.166    precision@3 : 0.1484    precision@4 : 0.1319    precision@5 : 0.1186    precision@10 : 0.0837    precision@20 : 0.0565    precision@30 : 0.0441    precision@50 : 0.0318    map@1 : 0.1937    map@2 : 0.1959    map@3 : 0.2053    map@4 : 0.2108    map@5 : 0.2151    map@10 : 0.2316    map@20 : 0.2438    map@30 : 0.2495    map@50 : 0.2549
Sun 15 Mar 2026 22:02:54 INFO  epoch 77 training [time: 0.18s, train loss: 3.0886]
Sun 15 Mar 2026 22:02:55 INFO  epoch 77 evaluating [time: 0.34s, valid_score: 0.313100]
Sun 15 Mar 2026 22:02:55 INFO  valid result: 
recall@1 : 0.1202    recall@2 : 0.2109    recall@3 : 0.2766    recall@4 : 0.3177    recall@5 : 0.347    recall@10 : 0.4599    recall@20 : 0.5897    recall@30 : 0.6691    recall@50 : 0.7637    ndcg@1 : 0.1937    ndcg@2 : 0.2226    ndcg@3 : 0.248    ndcg@4 : 0.2627    ndcg@5 : 0.2735    ndcg@10 : 0.3131    ndcg@20 : 0.3515    ndcg@30 : 0.3726    ndcg@50 : 0.3957    precision@1 : 0.1937    precision@2 : 0.166    precision@3 : 0.1484    precision@4 : 0.1319    precision@5 : 0.1185    precision@10 : 0.0836    precision@20 : 0.0565    precision@30 : 0.0441    precision@50 : 0.0318    map@1 : 0.1937    map@2 : 0.1959    map@3 : 0.2053    map@4 : 0.2108    map@5 : 0.215    map@10 : 0.2315    map@20 : 0.2438    map@30 : 0.2495    map@50 : 0.2549
Sun 15 Mar 2026 22:02:55 INFO  epoch 78 training [time: 0.19s, train loss: 3.0814]
Sun 15 Mar 2026 22:02:55 INFO  epoch 78 evaluating [time: 0.32s, valid_score: 0.313000]
Sun 15 Mar 2026 22:02:55 INFO  valid result: 
recall@1 : 0.1202    recall@2 : 0.2109    recall@3 : 0.2766    recall@4 : 0.3178    recall@5 : 0.3471    recall@10 : 0.4595    recall@20 : 0.5897    recall@30 : 0.6689    recall@50 : 0.7637    ndcg@1 : 0.1937    ndcg@2 : 0.2226    ndcg@3 : 0.248    ndcg@4 : 0.2628    ndcg@5 : 0.2735    ndcg@10 : 0.313    ndcg@20 : 0.3516    ndcg@30 : 0.3726    ndcg@50 : 0.3958    precision@1 : 0.1937    precision@2 : 0.166    precision@3 : 0.1484    precision@4 : 0.132    precision@5 : 0.1186    precision@10 : 0.0835    precision@20 : 0.0565    precision@30 : 0.0441    precision@50 : 0.0318    map@1 : 0.1937    map@2 : 0.1959    map@3 : 0.2053    map@4 : 0.2109    map@5 : 0.2151    map@10 : 0.2315    map@20 : 0.2439    map@30 : 0.2495    map@50 : 0.2549
Sun 15 Mar 2026 22:02:55 INFO  epoch 79 training [time: 0.18s, train loss: 3.0672]
Sun 15 Mar 2026 22:02:56 INFO  epoch 79 evaluating [time: 0.33s, valid_score: 0.313200]
Sun 15 Mar 2026 22:02:56 INFO  valid result: 
recall@1 : 0.1202    recall@2 : 0.2109    recall@3 : 0.2766    recall@4 : 0.3177    recall@5 : 0.3471    recall@10 : 0.4602    recall@20 : 0.5891    recall@30 : 0.6686    recall@50 : 0.7631    ndcg@1 : 0.1937    ndcg@2 : 0.2226    ndcg@3 : 0.248    ndcg@4 : 0.2627    ndcg@5 : 0.2735    ndcg@10 : 0.3132    ndcg@20 : 0.3514    ndcg@30 : 0.3726    ndcg@50 : 0.3957    precision@1 : 0.1937    precision@2 : 0.166    precision@3 : 0.1484    precision@4 : 0.1319    precision@5 : 0.1186    precision@10 : 0.0836    precision@20 : 0.0565    precision@30 : 0.0442    precision@50 : 0.0318    map@1 : 0.1937    map@2 : 0.1959    map@3 : 0.2053    map@4 : 0.2108    map@5 : 0.2151    map@10 : 0.2315    map@20 : 0.2438    map@30 : 0.2495    map@50 : 0.2549
Sun 15 Mar 2026 22:02:56 INFO  epoch 80 training [time: 0.16s, train loss: 3.0661]
Sun 15 Mar 2026 22:02:56 INFO  epoch 80 evaluating [time: 0.33s, valid_score: 0.313100]
Sun 15 Mar 2026 22:02:56 INFO  valid result: 
recall@1 : 0.1202    recall@2 : 0.2109    recall@3 : 0.2766    recall@4 : 0.3177    recall@5 : 0.3471    recall@10 : 0.4598    recall@20 : 0.5891    recall@30 : 0.6688    recall@50 : 0.763    ndcg@1 : 0.1937    ndcg@2 : 0.2226    ndcg@3 : 0.248    ndcg@4 : 0.2627    ndcg@5 : 0.2735    ndcg@10 : 0.3131    ndcg@20 : 0.3514    ndcg@30 : 0.3726    ndcg@50 : 0.3956    precision@1 : 0.1937    precision@2 : 0.166    precision@3 : 0.1484    precision@4 : 0.1319    precision@5 : 0.1186    precision@10 : 0.0836    precision@20 : 0.0565    precision@30 : 0.0442    precision@50 : 0.0318    map@1 : 0.1937    map@2 : 0.1959    map@3 : 0.2053    map@4 : 0.2108    map@5 : 0.2151    map@10 : 0.2315    map@20 : 0.2438    map@30 : 0.2495    map@50 : 0.2549
Sun 15 Mar 2026 22:02:56 INFO  epoch 81 training [time: 0.18s, train loss: 3.1078]
Sun 15 Mar 2026 22:02:57 INFO  epoch 81 evaluating [time: 0.33s, valid_score: 0.313500]
Sun 15 Mar 2026 22:02:57 INFO  valid result: 
recall@1 : 0.1208    recall@2 : 0.2109    recall@3 : 0.2766    recall@4 : 0.3177    recall@5 : 0.3474    recall@10 : 0.4605    recall@20 : 0.5892    recall@30 : 0.6681    recall@50 : 0.7631    ndcg@1 : 0.1943    ndcg@2 : 0.2228    ndcg@3 : 0.2482    ndcg@4 : 0.2629    ndcg@5 : 0.2739    ndcg@10 : 0.3135    ndcg@20 : 0.3517    ndcg@30 : 0.3727    ndcg@50 : 0.3959    precision@1 : 0.1943    precision@2 : 0.166    precision@3 : 0.1484    precision@4 : 0.1319    precision@5 : 0.1187    precision@10 : 0.0837    precision@20 : 0.0565    precision@30 : 0.0441    precision@50 : 0.0318    map@1 : 0.1943    map@2 : 0.1962    map@3 : 0.2056    map@4 : 0.2111    map@5 : 0.2154    map@10 : 0.2319    map@20 : 0.2441    map@30 : 0.2498    map@50 : 0.2552
Sun 15 Mar 2026 22:02:57 INFO  epoch 82 training [time: 0.18s, train loss: 3.0816]
Sun 15 Mar 2026 22:02:57 INFO  epoch 82 evaluating [time: 0.34s, valid_score: 0.313500]
Sun 15 Mar 2026 22:02:57 INFO  valid result: 
recall@1 : 0.1208    recall@2 : 0.2109    recall@3 : 0.2766    recall@4 : 0.3177    recall@5 : 0.3474    recall@10 : 0.4605    recall@20 : 0.5894    recall@30 : 0.6678    recall@50 : 0.7635    ndcg@1 : 0.1943    ndcg@2 : 0.2228    ndcg@3 : 0.2482    ndcg@4 : 0.2629    ndcg@5 : 0.2739    ndcg@10 : 0.3135    ndcg@20 : 0.3518    ndcg@30 : 0.3726    ndcg@50 : 0.396    precision@1 : 0.1943    precision@2 : 0.166    precision@3 : 0.1484    precision@4 : 0.1319    precision@5 : 0.1187    precision@10 : 0.0837    precision@20 : 0.0566    precision@30 : 0.0441    precision@50 : 0.0318    map@1 : 0.1943    map@2 : 0.1962    map@3 : 0.2056    map@4 : 0.2111    map@5 : 0.2154    map@10 : 0.2319    map@20 : 0.2442    map@30 : 0.2498    map@50 : 0.2552
Sun 15 Mar 2026 22:02:57 INFO  epoch 83 training [time: 0.16s, train loss: 3.1204]
Sun 15 Mar 2026 22:02:58 INFO  epoch 83 evaluating [time: 0.33s, valid_score: 0.313500]
Sun 15 Mar 2026 22:02:58 INFO  valid result: 
recall@1 : 0.1208    recall@2 : 0.2109    recall@3 : 0.2768    recall@4 : 0.3177    recall@5 : 0.347    recall@10 : 0.4605    recall@20 : 0.5897    recall@30 : 0.6679    recall@50 : 0.7635    ndcg@1 : 0.1943    ndcg@2 : 0.2228    ndcg@3 : 0.2483    ndcg@4 : 0.263    ndcg@5 : 0.2737    ndcg@10 : 0.3135    ndcg@20 : 0.3519    ndcg@30 : 0.3727    ndcg@50 : 0.396    precision@1 : 0.1943    precision@2 : 0.166    precision@3 : 0.1486    precision@4 : 0.1319    precision@5 : 0.1185    precision@10 : 0.0837    precision@20 : 0.0566    precision@30 : 0.0441    precision@50 : 0.0318    map@1 : 0.1943    map@2 : 0.1962    map@3 : 0.2057    map@4 : 0.2111    map@5 : 0.2154    map@10 : 0.2319    map@20 : 0.2442    map@30 : 0.2498    map@50 : 0.2553
Sun 15 Mar 2026 22:02:58 INFO  epoch 84 training [time: 0.14s, train loss: 3.0667]
Sun 15 Mar 2026 22:02:58 INFO  epoch 84 evaluating [time: 0.33s, valid_score: 0.313500]
Sun 15 Mar 2026 22:02:58 INFO  valid result: 
recall@1 : 0.1208    recall@2 : 0.2109    recall@3 : 0.2766    recall@4 : 0.3177    recall@5 : 0.347    recall@10 : 0.4606    recall@20 : 0.5898    recall@30 : 0.6685    recall@50 : 0.7635    ndcg@1 : 0.1943    ndcg@2 : 0.2228    ndcg@3 : 0.2482    ndcg@4 : 0.2629    ndcg@5 : 0.2736    ndcg@10 : 0.3135    ndcg@20 : 0.3519    ndcg@30 : 0.3729    ndcg@50 : 0.396    precision@1 : 0.1943    precision@2 : 0.166    precision@3 : 0.1484    precision@4 : 0.1319    precision@5 : 0.1184    precision@10 : 0.0837    precision@20 : 0.0566    precision@30 : 0.0442    precision@50 : 0.0318    map@1 : 0.1943    map@2 : 0.1962    map@3 : 0.2056    map@4 : 0.2111    map@5 : 0.2153    map@10 : 0.2319    map@20 : 0.2442    map@30 : 0.2499    map@50 : 0.2552
Sun 15 Mar 2026 22:02:58 INFO  epoch 85 training [time: 0.17s, train loss: 3.0719]
Sun 15 Mar 2026 22:02:59 INFO  epoch 85 evaluating [time: 0.33s, valid_score: 0.313700]
Sun 15 Mar 2026 22:02:59 INFO  valid result: 
recall@1 : 0.1214    recall@2 : 0.2109    recall@3 : 0.2766    recall@4 : 0.3178    recall@5 : 0.347    recall@10 : 0.4604    recall@20 : 0.5905    recall@30 : 0.6698    recall@50 : 0.7642    ndcg@1 : 0.1949    ndcg@2 : 0.223    ndcg@3 : 0.2484    ndcg@4 : 0.2633    ndcg@5 : 0.2739    ndcg@10 : 0.3137    ndcg@20 : 0.3523    ndcg@30 : 0.3735    ndcg@50 : 0.3964    precision@1 : 0.1949    precision@2 : 0.166    precision@3 : 0.1484    precision@4 : 0.132    precision@5 : 0.1185    precision@10 : 0.0837    precision@20 : 0.0567    precision@30 : 0.0443    precision@50 : 0.0318    map@1 : 0.1949    map@2 : 0.1965    map@3 : 0.2059    map@4 : 0.2115    map@5 : 0.2156    map@10 : 0.2321    map@20 : 0.2446    map@30 : 0.2503    map@50 : 0.2556
Sun 15 Mar 2026 22:02:59 INFO  Saving current: saved/LightGCN-Mar-15-2026_22-02-15.pth
Sun 15 Mar 2026 22:02:59 INFO  epoch 86 training [time: 0.16s, train loss: 3.0706]
Sun 15 Mar 2026 22:02:59 INFO  epoch 86 evaluating [time: 0.32s, valid_score: 0.313900]
Sun 15 Mar 2026 22:02:59 INFO  valid result: 
recall@1 : 0.122    recall@2 : 0.2109    recall@3 : 0.2766    recall@4 : 0.3178    recall@5 : 0.347    recall@10 : 0.4604    recall@20 : 0.5904    recall@30 : 0.6702    recall@50 : 0.7636    ndcg@1 : 0.1955    ndcg@2 : 0.2233    ndcg@3 : 0.2486    ndcg@4 : 0.2635    ndcg@5 : 0.2742    ndcg@10 : 0.3139    ndcg@20 : 0.3525    ndcg@30 : 0.3738    ndcg@50 : 0.3966    precision@1 : 0.1955    precision@2 : 0.166    precision@3 : 0.1484    precision@4 : 0.132    precision@5 : 0.1185    precision@10 : 0.0837    precision@20 : 0.0567    precision@30 : 0.0443    precision@50 : 0.0318    map@1 : 0.1955    map@2 : 0.1968    map@3 : 0.2062    map@4 : 0.2118    map@5 : 0.2159    map@10 : 0.2325    map@20 : 0.2449    map@30 : 0.2506    map@50 : 0.2559
Sun 15 Mar 2026 22:02:59 INFO  Saving current: saved/LightGCN-Mar-15-2026_22-02-15.pth
Sun 15 Mar 2026 22:02:59 INFO  epoch 87 training [time: 0.18s, train loss: 3.0691]
Sun 15 Mar 2026 22:03:00 INFO  epoch 87 evaluating [time: 0.33s, valid_score: 0.314200]
Sun 15 Mar 2026 22:03:00 INFO  valid result: 
recall@1 : 0.1226    recall@2 : 0.2109    recall@3 : 0.2766    recall@4 : 0.3178    recall@5 : 0.347    recall@10 : 0.4604    recall@20 : 0.5899    recall@30 : 0.6704    recall@50 : 0.7635    ndcg@1 : 0.1961    ndcg@2 : 0.2235    ndcg@3 : 0.2489    ndcg@4 : 0.2637    ndcg@5 : 0.2744    ndcg@10 : 0.3142    ndcg@20 : 0.3526    ndcg@30 : 0.3741    ndcg@50 : 0.3968    precision@1 : 0.1961    precision@2 : 0.166    precision@3 : 0.1484    precision@4 : 0.132    precision@5 : 0.1185    precision@10 : 0.0837    precision@20 : 0.0567    precision@30 : 0.0443    precision@50 : 0.0318    map@1 : 0.1961    map@2 : 0.1971    map@3 : 0.2065    map@4 : 0.2121    map@5 : 0.2162    map@10 : 0.2328    map@20 : 0.2452    map@30 : 0.251    map@50 : 0.2563
Sun 15 Mar 2026 22:03:00 INFO  Saving current: saved/LightGCN-Mar-15-2026_22-02-15.pth
Sun 15 Mar 2026 22:03:00 INFO  epoch 88 training [time: 0.18s, train loss: 3.0886]
Sun 15 Mar 2026 22:03:00 INFO  epoch 88 evaluating [time: 0.34s, valid_score: 0.314400]
Sun 15 Mar 2026 22:03:00 INFO  valid result: 
recall@1 : 0.1226    recall@2 : 0.2109    recall@3 : 0.2766    recall@4 : 0.3178    recall@5 : 0.347    recall@10 : 0.461    recall@20 : 0.5899    recall@30 : 0.6705    recall@50 : 0.7635    ndcg@1 : 0.1961    ndcg@2 : 0.2235    ndcg@3 : 0.2489    ndcg@4 : 0.2637    ndcg@5 : 0.2744    ndcg@10 : 0.3144    ndcg@20 : 0.3527    ndcg@30 : 0.3742    ndcg@50 : 0.3968    precision@1 : 0.1961    precision@2 : 0.166    precision@3 : 0.1484    precision@4 : 0.132    precision@5 : 0.1185    precision@10 : 0.0837    precision@20 : 0.0567    precision@30 : 0.0444    precision@50 : 0.0318    map@1 : 0.1961    map@2 : 0.1971    map@3 : 0.2065    map@4 : 0.2121    map@5 : 0.2162    map@10 : 0.2329    map@20 : 0.2452    map@30 : 0.251    map@50 : 0.2563
Sun 15 Mar 2026 22:03:00 INFO  Saving current: saved/LightGCN-Mar-15-2026_22-02-15.pth
Sun 15 Mar 2026 22:03:00 INFO  epoch 89 training [time: 0.17s, train loss: 3.1080]
Sun 15 Mar 2026 22:03:01 INFO  epoch 89 evaluating [time: 0.33s, valid_score: 0.314400]
Sun 15 Mar 2026 22:03:01 INFO  valid result: 
recall@1 : 0.1226    recall@2 : 0.2109    recall@3 : 0.2766    recall@4 : 0.3179    recall@5 : 0.3472    recall@10 : 0.461    recall@20 : 0.5901    recall@30 : 0.6708    recall@50 : 0.7638    ndcg@1 : 0.1961    ndcg@2 : 0.2235    ndcg@3 : 0.2489    ndcg@4 : 0.2638    ndcg@5 : 0.2745    ndcg@10 : 0.3144    ndcg@20 : 0.3528    ndcg@30 : 0.3743    ndcg@50 : 0.397    precision@1 : 0.1961    precision@2 : 0.166    precision@3 : 0.1484    precision@4 : 0.1322    precision@5 : 0.1186    precision@10 : 0.0837    precision@20 : 0.0568    precision@30 : 0.0444    precision@50 : 0.0318    map@1 : 0.1961    map@2 : 0.1971    map@3 : 0.2065    map@4 : 0.2121    map@5 : 0.2163    map@10 : 0.2329    map@20 : 0.2453    map@30 : 0.2511    map@50 : 0.2564
Sun 15 Mar 2026 22:03:01 INFO  Saving current: saved/LightGCN-Mar-15-2026_22-02-15.pth
Sun 15 Mar 2026 22:03:01 INFO  epoch 90 training [time: 0.19s, train loss: 3.0491]
Sun 15 Mar 2026 22:03:01 INFO  epoch 90 evaluating [time: 0.32s, valid_score: 0.313900]
Sun 15 Mar 2026 22:03:01 INFO  valid result: 
recall@1 : 0.1208    recall@2 : 0.211    recall@3 : 0.2766    recall@4 : 0.3176    recall@5 : 0.3469    recall@10 : 0.4612    recall@20 : 0.5897    recall@30 : 0.6713    recall@50 : 0.764    ndcg@1 : 0.1943    ndcg@2 : 0.2231    ndcg@3 : 0.2482    ndcg@4 : 0.263    ndcg@5 : 0.2737    ndcg@10 : 0.3139    ndcg@20 : 0.3521    ndcg@30 : 0.3738    ndcg@50 : 0.3964    precision@1 : 0.1943    precision@2 : 0.1663    precision@3 : 0.1484    precision@4 : 0.132    precision@5 : 0.1185    precision@10 : 0.0838    precision@20 : 0.0568    precision@30 : 0.0444    precision@50 : 0.0319    map@1 : 0.1943    map@2 : 0.1965    map@3 : 0.2057    map@4 : 0.2112    map@5 : 0.2154    map@10 : 0.2321    map@20 : 0.2445    map@30 : 0.2503    map@50 : 0.2556
Sun 15 Mar 2026 22:03:01 INFO  epoch 91 training [time: 0.15s, train loss: 3.0579]
Sun 15 Mar 2026 22:03:02 INFO  epoch 91 evaluating [time: 0.33s, valid_score: 0.314300]
Sun 15 Mar 2026 22:03:02 INFO  valid result: 
recall@1 : 0.1226    recall@2 : 0.211    recall@3 : 0.2766    recall@4 : 0.3174    recall@5 : 0.347    recall@10 : 0.4606    recall@20 : 0.5901    recall@30 : 0.6718    recall@50 : 0.764    ndcg@1 : 0.1961    ndcg@2 : 0.2237    ndcg@3 : 0.2489    ndcg@4 : 0.2635    ndcg@5 : 0.2744    ndcg@10 : 0.3143    ndcg@20 : 0.3529    ndcg@30 : 0.3746    ndcg@50 : 0.3971    precision@1 : 0.1961    precision@2 : 0.1663    precision@3 : 0.1484    precision@4 : 0.1317    precision@5 : 0.1186    precision@10 : 0.0837    precision@20 : 0.0569    precision@30 : 0.0445    precision@50 : 0.0319    map@1 : 0.1961    map@2 : 0.1974    map@3 : 0.2065    map@4 : 0.212    map@5 : 0.2163    map@10 : 0.2329    map@20 : 0.2454    map@30 : 0.2512    map@50 : 0.2565
Sun 15 Mar 2026 22:03:02 INFO  epoch 92 training [time: 0.18s, train loss: 3.0487]
Sun 15 Mar 2026 22:03:02 INFO  epoch 92 evaluating [time: 0.34s, valid_score: 0.314600]
Sun 15 Mar 2026 22:03:02 INFO  valid result: 
recall@1 : 0.1232    recall@2 : 0.211    recall@3 : 0.2767    recall@4 : 0.3175    recall@5 : 0.3469    recall@10 : 0.4607    recall@20 : 0.5909    recall@30 : 0.672    recall@50 : 0.764    ndcg@1 : 0.1967    ndcg@2 : 0.2239    ndcg@3 : 0.2493    ndcg@4 : 0.2639    ndcg@5 : 0.2747    ndcg@10 : 0.3146    ndcg@20 : 0.3534    ndcg@30 : 0.3749    ndcg@50 : 0.3974    precision@1 : 0.1967    precision@2 : 0.1663    precision@3 : 0.1486    precision@4 : 0.132    precision@5 : 0.1187    precision@10 : 0.0837    precision@20 : 0.057    precision@30 : 0.0445    precision@50 : 0.0319    map@1 : 0.1967    map@2 : 0.1977    map@3 : 0.2069    map@4 : 0.2124    map@5 : 0.2167    map@10 : 0.2333    map@20 : 0.2458    map@30 : 0.2516    map@50 : 0.2569
Sun 15 Mar 2026 22:03:02 INFO  Saving current: saved/LightGCN-Mar-15-2026_22-02-15.pth
Sun 15 Mar 2026 22:03:02 INFO  epoch 93 training [time: 0.17s, train loss: 3.0645]
Sun 15 Mar 2026 22:03:03 INFO  epoch 93 evaluating [time: 0.34s, valid_score: 0.314100]
Sun 15 Mar 2026 22:03:03 INFO  valid result: 
recall@1 : 0.1226    recall@2 : 0.2111    recall@3 : 0.2765    recall@4 : 0.3178    recall@5 : 0.3471    recall@10 : 0.4598    recall@20 : 0.5909    recall@30 : 0.6724    recall@50 : 0.7638    ndcg@1 : 0.1961    ndcg@2 : 0.2239    ndcg@3 : 0.2489    ndcg@4 : 0.2637    ndcg@5 : 0.2746    ndcg@10 : 0.3141    ndcg@20 : 0.3532    ndcg@30 : 0.3747    ndcg@50 : 0.3971    precision@1 : 0.1961    precision@2 : 0.1666    precision@3 : 0.1484    precision@4 : 0.132    precision@5 : 0.1188    precision@10 : 0.0836    precision@20 : 0.057    precision@30 : 0.0445    precision@50 : 0.0319    map@1 : 0.1961    map@2 : 0.1976    map@3 : 0.2066    map@4 : 0.2121    map@5 : 0.2165    map@10 : 0.233    map@20 : 0.2456    map@30 : 0.2514    map@50 : 0.2566
Sun 15 Mar 2026 22:03:03 INFO  epoch 94 training [time: 0.17s, train loss: 3.0859]
Sun 15 Mar 2026 22:03:03 INFO  epoch 94 evaluating [time: 0.34s, valid_score: 0.314200]
Sun 15 Mar 2026 22:03:03 INFO  valid result: 
recall@1 : 0.1226    recall@2 : 0.2105    recall@3 : 0.2758    recall@4 : 0.3172    recall@5 : 0.3465    recall@10 : 0.4605    recall@20 : 0.5913    recall@30 : 0.6723    recall@50 : 0.7643    ndcg@1 : 0.1961    ndcg@2 : 0.2236    ndcg@3 : 0.2484    ndcg@4 : 0.2633    ndcg@5 : 0.2742    ndcg@10 : 0.3142    ndcg@20 : 0.3532    ndcg@30 : 0.3746    ndcg@50 : 0.3971    precision@1 : 0.1961    precision@2 : 0.1663    precision@3 : 0.148    precision@4 : 0.1319    precision@5 : 0.1187    precision@10 : 0.0837    precision@20 : 0.0571    precision@30 : 0.0445    precision@50 : 0.0319    map@1 : 0.1961    map@2 : 0.1973    map@3 : 0.2062    map@4 : 0.2118    map@5 : 0.2162    map@10 : 0.2329    map@20 : 0.2454    map@30 : 0.2512    map@50 : 0.2565
Sun 15 Mar 2026 22:03:03 INFO  epoch 95 training [time: 0.19s, train loss: 3.0303]
Sun 15 Mar 2026 22:03:04 INFO  epoch 95 evaluating [time: 0.32s, valid_score: 0.314000]
Sun 15 Mar 2026 22:03:04 INFO  valid result: 
recall@1 : 0.1226    recall@2 : 0.2105    recall@3 : 0.2758    recall@4 : 0.3172    recall@5 : 0.3468    recall@10 : 0.46    recall@20 : 0.5924    recall@30 : 0.6713    recall@50 : 0.7638    ndcg@1 : 0.1961    ndcg@2 : 0.2236    ndcg@3 : 0.2484    ndcg@4 : 0.2633    ndcg@5 : 0.2743    ndcg@10 : 0.314    ndcg@20 : 0.3535    ndcg@30 : 0.3743    ndcg@50 : 0.3971    precision@1 : 0.1961    precision@2 : 0.1663    precision@3 : 0.148    precision@4 : 0.1319    precision@5 : 0.1186    precision@10 : 0.0837    precision@20 : 0.0572    precision@30 : 0.0444    precision@50 : 0.0319    map@1 : 0.1961    map@2 : 0.1973    map@3 : 0.2062    map@4 : 0.2118    map@5 : 0.2162    map@10 : 0.2328    map@20 : 0.2455    map@30 : 0.2512    map@50 : 0.2565
Sun 15 Mar 2026 22:03:04 INFO  epoch 96 training [time: 0.20s, train loss: 3.0360]
Sun 15 Mar 2026 22:03:04 INFO  epoch 96 evaluating [time: 0.32s, valid_score: 0.314500]
Sun 15 Mar 2026 22:03:04 INFO  valid result: 
recall@1 : 0.1226    recall@2 : 0.2111    recall@3 : 0.2765    recall@4 : 0.3178    recall@5 : 0.3474    recall@10 : 0.4609    recall@20 : 0.5919    recall@30 : 0.6708    recall@50 : 0.7638    ndcg@1 : 0.1961    ndcg@2 : 0.2239    ndcg@3 : 0.2489    ndcg@4 : 0.2637    ndcg@5 : 0.2746    ndcg@10 : 0.3145    ndcg@20 : 0.3536    ndcg@30 : 0.3745    ndcg@50 : 0.3973    precision@1 : 0.1961    precision@2 : 0.1666    precision@3 : 0.1484    precision@4 : 0.132    precision@5 : 0.1187    precision@10 : 0.0838    precision@20 : 0.0571    precision@30 : 0.0444    precision@50 : 0.0319    map@1 : 0.1961    map@2 : 0.1976    map@3 : 0.2066    map@4 : 0.2121    map@5 : 0.2165    map@10 : 0.2332    map@20 : 0.2457    map@30 : 0.2514    map@50 : 0.2568
Sun 15 Mar 2026 22:03:04 INFO  epoch 97 training [time: 0.17s, train loss: 3.0777]
Sun 15 Mar 2026 22:03:05 INFO  epoch 97 evaluating [time: 0.35s, valid_score: 0.314300]
Sun 15 Mar 2026 22:03:05 INFO  valid result: 
recall@1 : 0.1226    recall@2 : 0.2111    recall@3 : 0.2766    recall@4 : 0.3179    recall@5 : 0.3475    recall@10 : 0.4601    recall@20 : 0.5915    recall@30 : 0.6702    recall@50 : 0.7644    ndcg@1 : 0.1961    ndcg@2 : 0.2239    ndcg@3 : 0.2491    ndcg@4 : 0.2639    ndcg@5 : 0.2747    ndcg@10 : 0.3143    ndcg@20 : 0.3535    ndcg@30 : 0.3744    ndcg@50 : 0.3975    precision@1 : 0.1961    precision@2 : 0.1666    precision@3 : 0.1486    precision@4 : 0.1322    precision@5 : 0.1187    precision@10 : 0.0837    precision@20 : 0.0571    precision@30 : 0.0444    precision@50 : 0.0319    map@1 : 0.1961    map@2 : 0.1976    map@3 : 0.2067    map@4 : 0.2122    map@5 : 0.2166    map@10 : 0.2331    map@20 : 0.2457    map@30 : 0.2514    map@50 : 0.2568
Sun 15 Mar 2026 22:03:05 INFO  epoch 98 training [time: 0.16s, train loss: 3.0354]
Sun 15 Mar 2026 22:03:05 INFO  epoch 98 evaluating [time: 0.34s, valid_score: 0.314100]
Sun 15 Mar 2026 22:03:05 INFO  valid result: 
recall@1 : 0.1226    recall@2 : 0.211    recall@3 : 0.2772    recall@4 : 0.318    recall@5 : 0.3478    recall@10 : 0.4593    recall@20 : 0.592    recall@30 : 0.6712    recall@50 : 0.7646    ndcg@1 : 0.1961    ndcg@2 : 0.2237    ndcg@3 : 0.2494    ndcg@4 : 0.264    ndcg@5 : 0.2749    ndcg@10 : 0.3141    ndcg@20 : 0.3537    ndcg@30 : 0.3748    ndcg@50 : 0.3976    precision@1 : 0.1961    precision@2 : 0.1663    precision@3 : 0.149    precision@4 : 0.1323    precision@5 : 0.1188    precision@10 : 0.0836    precision@20 : 0.0571    precision@30 : 0.0445    precision@50 : 0.0319    map@1 : 0.1961    map@2 : 0.1974    map@3 : 0.2069    map@4 : 0.2123    map@5 : 0.2167    map@10 : 0.2331    map@20 : 0.2458    map@30 : 0.2516    map@50 : 0.2569
Sun 15 Mar 2026 22:03:05 INFO  epoch 99 training [time: 0.19s, train loss: 3.0597]
Sun 15 Mar 2026 22:03:06 INFO  epoch 99 evaluating [time: 0.31s, valid_score: 0.314500]
Sun 15 Mar 2026 22:03:06 INFO  valid result: 
recall@1 : 0.1232    recall@2 : 0.211    recall@3 : 0.2772    recall@4 : 0.318    recall@5 : 0.3475    recall@10 : 0.4596    recall@20 : 0.5927    recall@30 : 0.6716    recall@50 : 0.7646    ndcg@1 : 0.1967    ndcg@2 : 0.2239    ndcg@3 : 0.2496    ndcg@4 : 0.2642    ndcg@5 : 0.275    ndcg@10 : 0.3145    ndcg@20 : 0.3541    ndcg@30 : 0.3752    ndcg@50 : 0.3978    precision@1 : 0.1967    precision@2 : 0.1663    precision@3 : 0.149    precision@4 : 0.1323    precision@5 : 0.1187    precision@10 : 0.0837    precision@20 : 0.0571    precision@30 : 0.0446    precision@50 : 0.0319    map@1 : 0.1967    map@2 : 0.1977    map@3 : 0.2072    map@4 : 0.2126    map@5 : 0.2169    map@10 : 0.2334    map@20 : 0.2462    map@30 : 0.252    map@50 : 0.2573
Sun 15 Mar 2026 22:03:06 INFO  epoch 100 training [time: 0.18s, train loss: 3.0110]
Sun 15 Mar 2026 22:03:06 INFO  epoch 100 evaluating [time: 0.32s, valid_score: 0.314300]
Sun 15 Mar 2026 22:03:06 INFO  valid result: 
recall@1 : 0.1232    recall@2 : 0.211    recall@3 : 0.2772    recall@4 : 0.3179    recall@5 : 0.3482    recall@10 : 0.459    recall@20 : 0.5926    recall@30 : 0.6713    recall@50 : 0.7637    ndcg@1 : 0.1967    ndcg@2 : 0.2239    ndcg@3 : 0.2496    ndcg@4 : 0.2642    ndcg@5 : 0.2753    ndcg@10 : 0.3143    ndcg@20 : 0.354    ndcg@30 : 0.3751    ndcg@50 : 0.3976    precision@1 : 0.1967    precision@2 : 0.1663    precision@3 : 0.149    precision@4 : 0.1323    precision@5 : 0.119    precision@10 : 0.0837    precision@20 : 0.0571    precision@30 : 0.0446    precision@50 : 0.0319    map@1 : 0.1967    map@2 : 0.1977    map@3 : 0.2072    map@4 : 0.2126    map@5 : 0.2171    map@10 : 0.2334    map@20 : 0.2462    map@30 : 0.252    map@50 : 0.2572
Sun 15 Mar 2026 22:03:06 INFO  epoch 101 training [time: 0.18s, train loss: 3.0098]
Sun 15 Mar 2026 22:03:07 INFO  epoch 101 evaluating [time: 0.33s, valid_score: 0.314500]
Sun 15 Mar 2026 22:03:07 INFO  valid result: 
recall@1 : 0.1232    recall@2 : 0.211    recall@3 : 0.2772    recall@4 : 0.3179    recall@5 : 0.3482    recall@10 : 0.4596    recall@20 : 0.593    recall@30 : 0.6705    recall@50 : 0.7635    ndcg@1 : 0.1967    ndcg@2 : 0.2239    ndcg@3 : 0.2496    ndcg@4 : 0.2642    ndcg@5 : 0.2753    ndcg@10 : 0.3145    ndcg@20 : 0.3542    ndcg@30 : 0.375    ndcg@50 : 0.3976    precision@1 : 0.1967    precision@2 : 0.1663    precision@3 : 0.149    precision@4 : 0.1323    precision@5 : 0.119    precision@10 : 0.0837    precision@20 : 0.0572    precision@30 : 0.0446    precision@50 : 0.0319    map@1 : 0.1967    map@2 : 0.1977    map@3 : 0.2072    map@4 : 0.2126    map@5 : 0.2171    map@10 : 0.2334    map@20 : 0.2463    map@30 : 0.252    map@50 : 0.2573
Sun 15 Mar 2026 22:03:07 INFO  epoch 102 training [time: 0.18s, train loss: 3.0366]
Sun 15 Mar 2026 22:03:07 INFO  epoch 102 evaluating [time: 0.14s, valid_score: 0.314100]
Sun 15 Mar 2026 22:03:07 INFO  valid result: 
recall@1 : 0.1226    recall@2 : 0.2112    recall@3 : 0.2775    recall@4 : 0.3175    recall@5 : 0.3494    recall@10 : 0.4588    recall@20 : 0.5922    recall@30 : 0.671    recall@50 : 0.7644    ndcg@1 : 0.1967    ndcg@2 : 0.2241    ndcg@3 : 0.2498    ndcg@4 : 0.264    ndcg@5 : 0.2757    ndcg@10 : 0.3141    ndcg@20 : 0.3539    ndcg@30 : 0.375    ndcg@50 : 0.3978    precision@1 : 0.1967    precision@2 : 0.1666    precision@3 : 0.1494    precision@4 : 0.1323    precision@5 : 0.1193    precision@10 : 0.0836    precision@20 : 0.0572    precision@30 : 0.0446    precision@50 : 0.0319    map@1 : 0.1967    map@2 : 0.1977    map@3 : 0.2072    map@4 : 0.2123    map@5 : 0.2172    map@10 : 0.2331    map@20 : 0.246    map@30 : 0.2519    map@50 : 0.2571
Sun 15 Mar 2026 22:03:07 INFO  epoch 103 training [time: 0.18s, train loss: 3.0256]
Sun 15 Mar 2026 22:03:08 INFO  epoch 103 evaluating [time: 0.33s, valid_score: 0.314400]
Sun 15 Mar 2026 22:03:08 INFO  valid result: 
recall@1 : 0.1226    recall@2 : 0.2115    recall@3 : 0.2777    recall@4 : 0.3176    recall@5 : 0.3496    recall@10 : 0.4594    recall@20 : 0.5929    recall@30 : 0.6704    recall@50 : 0.7643    ndcg@1 : 0.1967    ndcg@2 : 0.2243    ndcg@3 : 0.25    ndcg@4 : 0.2642    ndcg@5 : 0.2759    ndcg@10 : 0.3144    ndcg@20 : 0.3542    ndcg@30 : 0.375    ndcg@50 : 0.3979    precision@1 : 0.1967    precision@2 : 0.1669    precision@3 : 0.1496    precision@4 : 0.1324    precision@5 : 0.1193    precision@10 : 0.0837    precision@20 : 0.0573    precision@30 : 0.0447    precision@50 : 0.0319    map@1 : 0.1967    map@2 : 0.1979    map@3 : 0.2074    map@4 : 0.2125    map@5 : 0.2172    map@10 : 0.2333    map@20 : 0.2462    map@30 : 0.252    map@50 : 0.2572
Sun 15 Mar 2026 22:03:08 INFO  epoch 104 training [time: 0.19s, train loss: 3.0326]
Sun 15 Mar 2026 22:03:08 INFO  epoch 104 evaluating [time: 0.31s, valid_score: 0.314400]
Sun 15 Mar 2026 22:03:08 INFO  valid result: 
recall@1 : 0.1226    recall@2 : 0.211    recall@3 : 0.2771    recall@4 : 0.3174    recall@5 : 0.349    recall@10 : 0.46    recall@20 : 0.5938    recall@30 : 0.6708    recall@50 : 0.7646    ndcg@1 : 0.1967    ndcg@2 : 0.2242    ndcg@3 : 0.2497    ndcg@4 : 0.264    ndcg@5 : 0.2755    ndcg@10 : 0.3144    ndcg@20 : 0.3544    ndcg@30 : 0.375    ndcg@50 : 0.3979    precision@1 : 0.1967    precision@2 : 0.1669    precision@3 : 0.1494    precision@4 : 0.1323    precision@5 : 0.1192    precision@10 : 0.0837    precision@20 : 0.0574    precision@30 : 0.0447    precision@50 : 0.032    map@1 : 0.1967    map@2 : 0.1977    map@3 : 0.2071    map@4 : 0.2123    map@5 : 0.217    map@10 : 0.2332    map@20 : 0.2461    map@30 : 0.2519    map@50 : 0.2571
Sun 15 Mar 2026 22:03:08 INFO  epoch 105 training [time: 0.18s, train loss: 2.9921]
Sun 15 Mar 2026 22:03:09 INFO  epoch 105 evaluating [time: 0.32s, valid_score: 0.314800]
Sun 15 Mar 2026 22:03:09 INFO  valid result: 
recall@1 : 0.1226    recall@2 : 0.2118    recall@3 : 0.2773    recall@4 : 0.3186    recall@5 : 0.349    recall@10 : 0.4606    recall@20 : 0.5944    recall@30 : 0.6715    recall@50 : 0.7641    ndcg@1 : 0.1967    ndcg@2 : 0.225    ndcg@3 : 0.2498    ndcg@4 : 0.2646    ndcg@5 : 0.2757    ndcg@10 : 0.3148    ndcg@20 : 0.3548    ndcg@30 : 0.3754    ndcg@50 : 0.3981    precision@1 : 0.1967    precision@2 : 0.1678    precision@3 : 0.1492    precision@4 : 0.1326    precision@5 : 0.1192    precision@10 : 0.0837    precision@20 : 0.0575    precision@30 : 0.0447    precision@50 : 0.032    map@1 : 0.1967    map@2 : 0.1985    map@3 : 0.2073    map@4 : 0.2128    map@5 : 0.2172    map@10 : 0.2334    map@20 : 0.2464    map@30 : 0.2522    map@50 : 0.2575
Sun 15 Mar 2026 22:03:09 INFO  Saving current: saved/LightGCN-Mar-15-2026_22-02-15.pth
Sun 15 Mar 2026 22:03:09 INFO  epoch 106 training [time: 0.19s, train loss: 3.0221]
Sun 15 Mar 2026 22:03:09 INFO  epoch 106 evaluating [time: 0.32s, valid_score: 0.314000]
Sun 15 Mar 2026 22:03:09 INFO  valid result: 
recall@1 : 0.1208    recall@2 : 0.2118    recall@3 : 0.2774    recall@4 : 0.3194    recall@5 : 0.3486    recall@10 : 0.46    recall@20 : 0.5949    recall@30 : 0.6719    recall@50 : 0.7643    ndcg@1 : 0.1949    ndcg@2 : 0.2243    ndcg@3 : 0.2493    ndcg@4 : 0.2644    ndcg@5 : 0.2749    ndcg@10 : 0.314    ndcg@20 : 0.3544    ndcg@30 : 0.3749    ndcg@50 : 0.3975    precision@1 : 0.1949    precision@2 : 0.1678    precision@3 : 0.1494    precision@4 : 0.1329    precision@5 : 0.1191    precision@10 : 0.0837    precision@20 : 0.0576    precision@30 : 0.0448    precision@50 : 0.032    map@1 : 0.1949    map@2 : 0.1976    map@3 : 0.2065    map@4 : 0.2122    map@5 : 0.2163    map@10 : 0.2325    map@20 : 0.2457    map@30 : 0.2514    map@50 : 0.2567
Sun 15 Mar 2026 22:03:09 INFO  epoch 107 training [time: 0.16s, train loss: 3.0167]
Sun 15 Mar 2026 22:03:10 INFO  epoch 107 evaluating [time: 0.32s, valid_score: 0.314300]
Sun 15 Mar 2026 22:03:10 INFO  valid result: 
recall@1 : 0.1214    recall@2 : 0.2112    recall@3 : 0.2767    recall@4 : 0.3191    recall@5 : 0.3481    recall@10 : 0.4605    recall@20 : 0.5952    recall@30 : 0.6729    recall@50 : 0.7644    ndcg@1 : 0.1955    ndcg@2 : 0.2242    ndcg@3 : 0.2492    ndcg@4 : 0.2644    ndcg@5 : 0.2749    ndcg@10 : 0.3143    ndcg@20 : 0.3546    ndcg@30 : 0.3754    ndcg@50 : 0.3977    precision@1 : 0.1955    precision@2 : 0.1675    precision@3 : 0.1492    precision@4 : 0.1329    precision@5 : 0.1191    precision@10 : 0.0838    precision@20 : 0.0576    precision@30 : 0.0449    precision@50 : 0.032    map@1 : 0.1955    map@2 : 0.1976    map@3 : 0.2064    map@4 : 0.2122    map@5 : 0.2164    map@10 : 0.2327    map@20 : 0.2458    map@30 : 0.2517    map@50 : 0.2568
Sun 15 Mar 2026 22:03:10 INFO  epoch 108 training [time: 0.15s, train loss: 2.9747]
Sun 15 Mar 2026 22:03:10 INFO  epoch 108 evaluating [time: 0.32s, valid_score: 0.314300]
Sun 15 Mar 2026 22:03:10 INFO  valid result: 
recall@1 : 0.1214    recall@2 : 0.2114    recall@3 : 0.2767    recall@4 : 0.3188    recall@5 : 0.3484    recall@10 : 0.4605    recall@20 : 0.5955    recall@30 : 0.6726    recall@50 : 0.7646    ndcg@1 : 0.1955    ndcg@2 : 0.2244    ndcg@3 : 0.2492    ndcg@4 : 0.2642    ndcg@5 : 0.275    ndcg@10 : 0.3143    ndcg@20 : 0.3548    ndcg@30 : 0.3755    ndcg@50 : 0.3979    precision@1 : 0.1955    precision@2 : 0.1678    precision@3 : 0.1492    precision@4 : 0.1327    precision@5 : 0.1193    precision@10 : 0.0838    precision@20 : 0.0577    precision@30 : 0.0449    precision@50 : 0.032    map@1 : 0.1955    map@2 : 0.1977    map@3 : 0.2064    map@4 : 0.2122    map@5 : 0.2165    map@10 : 0.2327    map@20 : 0.246    map@30 : 0.2518    map@50 : 0.257
Sun 15 Mar 2026 22:03:10 INFO  epoch 109 training [time: 0.18s, train loss: 2.9731]
Sun 15 Mar 2026 22:03:11 INFO  epoch 109 evaluating [time: 0.31s, valid_score: 0.314300]
Sun 15 Mar 2026 22:03:11 INFO  valid result: 
recall@1 : 0.1209    recall@2 : 0.2114    recall@3 : 0.2767    recall@4 : 0.3206    recall@5 : 0.3499    recall@10 : 0.4605    recall@20 : 0.596    recall@30 : 0.6729    recall@50 : 0.7665    ndcg@1 : 0.1949    ndcg@2 : 0.2242    ndcg@3 : 0.249    ndcg@4 : 0.2648    ndcg@5 : 0.2755    ndcg@10 : 0.3143    ndcg@20 : 0.355    ndcg@30 : 0.3756    ndcg@50 : 0.3984    precision@1 : 0.1949    precision@2 : 0.1678    precision@3 : 0.1492    precision@4 : 0.133    precision@5 : 0.1195    precision@10 : 0.0838    precision@20 : 0.0579    precision@30 : 0.045    precision@50 : 0.0321    map@1 : 0.1949    map@2 : 0.1974    map@3 : 0.2061    map@4 : 0.2124    map@5 : 0.2166    map@10 : 0.2326    map@20 : 0.246    map@30 : 0.2518    map@50 : 0.2571
Sun 15 Mar 2026 22:03:11 INFO  epoch 110 training [time: 0.19s, train loss: 2.9620]
Sun 15 Mar 2026 22:03:11 INFO  epoch 110 evaluating [time: 0.33s, valid_score: 0.313100]
Sun 15 Mar 2026 22:03:11 INFO  valid result: 
recall@1 : 0.1174    recall@2 : 0.2119    recall@3 : 0.2779    recall@4 : 0.3203    recall@5 : 0.3491    recall@10 : 0.4605    recall@20 : 0.5966    recall@30 : 0.6719    recall@50 : 0.766    ndcg@1 : 0.1913    ndcg@2 : 0.2233    ndcg@3 : 0.2484    ndcg@4 : 0.2635    ndcg@5 : 0.2739    ndcg@10 : 0.3131    ndcg@20 : 0.354    ndcg@30 : 0.3743    ndcg@50 : 0.3971    precision@1 : 0.1913    precision@2 : 0.1681    precision@3 : 0.1498    precision@4 : 0.1329    precision@5 : 0.1192    precision@10 : 0.0838    precision@20 : 0.058    precision@30 : 0.045    precision@50 : 0.0321    map@1 : 0.1913    map@2 : 0.1959    map@3 : 0.205    map@4 : 0.2107    map@5 : 0.2148    map@10 : 0.2311    map@20 : 0.2445    map@30 : 0.2502    map@50 : 0.2555
Sun 15 Mar 2026 22:03:11 INFO  epoch 111 training [time: 0.17s, train loss: 2.9892]
Sun 15 Mar 2026 22:03:12 INFO  epoch 111 evaluating [time: 0.32s, valid_score: 0.313500]
Sun 15 Mar 2026 22:03:12 INFO  valid result: 
recall@1 : 0.1181    recall@2 : 0.2119    recall@3 : 0.2783    recall@4 : 0.3205    recall@5 : 0.3498    recall@10 : 0.4605    recall@20 : 0.5962    recall@30 : 0.6736    recall@50 : 0.7668    ndcg@1 : 0.1913    ndcg@2 : 0.2237    ndcg@3 : 0.2491    ndcg@4 : 0.2639    ndcg@5 : 0.2745    ndcg@10 : 0.3135    ndcg@20 : 0.3542    ndcg@30 : 0.375    ndcg@50 : 0.3977    precision@1 : 0.1913    precision@2 : 0.1684    precision@3 : 0.1504    precision@4 : 0.133    precision@5 : 0.1194    precision@10 : 0.0839    precision@20 : 0.0579    precision@30 : 0.0451    precision@50 : 0.0322    map@1 : 0.1913    map@2 : 0.1964    map@3 : 0.2057    map@4 : 0.2112    map@5 : 0.2154    map@10 : 0.2316    map@20 : 0.2449    map@30 : 0.2508    map@50 : 0.256
Sun 15 Mar 2026 22:03:12 INFO  epoch 112 training [time: 0.16s, train loss: 2.9468]
Sun 15 Mar 2026 22:03:12 INFO  epoch 112 evaluating [time: 0.31s, valid_score: 0.313300]
Sun 15 Mar 2026 22:03:12 INFO  valid result: 
recall@1 : 0.1169    recall@2 : 0.2129    recall@3 : 0.2791    recall@4 : 0.3195    recall@5 : 0.3504    recall@10 : 0.4606    recall@20 : 0.5965    recall@30 : 0.6747    recall@50 : 0.7674    ndcg@1 : 0.1901    ndcg@2 : 0.2241    ndcg@3 : 0.2494    ndcg@4 : 0.2631    ndcg@5 : 0.2745    ndcg@10 : 0.3133    ndcg@20 : 0.354    ndcg@30 : 0.375    ndcg@50 : 0.3976    precision@1 : 0.1901    precision@2 : 0.1692    precision@3 : 0.151    precision@4 : 0.1326    precision@5 : 0.1195    precision@10 : 0.084    precision@20 : 0.058    precision@30 : 0.0452    precision@50 : 0.0322    map@1 : 0.1901    map@2 : 0.1964    map@3 : 0.2057    map@4 : 0.2105    map@5 : 0.2151    map@10 : 0.2312    map@20 : 0.2446    map@30 : 0.2505    map@50 : 0.2557
Sun 15 Mar 2026 22:03:12 INFO  epoch 113 training [time: 0.17s, train loss: 2.9641]
Sun 15 Mar 2026 22:03:12 INFO  epoch 113 evaluating [time: 0.32s, valid_score: 0.313600]
Sun 15 Mar 2026 22:03:12 INFO  valid result: 
recall@1 : 0.1178    recall@2 : 0.2132    recall@3 : 0.28    recall@4 : 0.3197    recall@5 : 0.3518    recall@10 : 0.4598    recall@20 : 0.5965    recall@30 : 0.6761    recall@50 : 0.7669    ndcg@1 : 0.1913    ndcg@2 : 0.2246    ndcg@3 : 0.2504    ndcg@4 : 0.2637    ndcg@5 : 0.2756    ndcg@10 : 0.3136    ndcg@20 : 0.3546    ndcg@30 : 0.376    ndcg@50 : 0.3981    precision@1 : 0.1913    precision@2 : 0.1695    precision@3 : 0.1516    precision@4 : 0.1327    precision@5 : 0.12    precision@10 : 0.0838    precision@20 : 0.058    precision@30 : 0.0453    precision@50 : 0.0322    map@1 : 0.1913    map@2 : 0.197    map@3 : 0.2065    map@4 : 0.2111    map@5 : 0.216    map@10 : 0.2317    map@20 : 0.2452    map@30 : 0.2513    map@50 : 0.2564
Sun 15 Mar 2026 22:03:13 INFO  epoch 114 training [time: 0.17s, train loss: 2.9323]
Sun 15 Mar 2026 22:03:13 INFO  epoch 114 evaluating [time: 0.33s, valid_score: 0.314400]
Sun 15 Mar 2026 22:03:13 INFO  valid result: 
recall@1 : 0.1196    recall@2 : 0.2139    recall@3 : 0.2808    recall@4 : 0.3195    recall@5 : 0.3527    recall@10 : 0.4599    recall@20 : 0.5963    recall@30 : 0.6774    recall@50 : 0.7676    ndcg@1 : 0.1931    ndcg@2 : 0.2259    ndcg@3 : 0.2516    ndcg@4 : 0.2644    ndcg@5 : 0.2769    ndcg@10 : 0.3144    ndcg@20 : 0.3554    ndcg@30 : 0.3771    ndcg@50 : 0.3991    precision@1 : 0.1931    precision@2 : 0.1701    precision@3 : 0.152    precision@4 : 0.1326    precision@5 : 0.1205    precision@10 : 0.0839    precision@20 : 0.058    precision@30 : 0.0453    precision@50 : 0.0322    map@1 : 0.1931    map@2 : 0.1983    map@3 : 0.2078    map@4 : 0.2122    map@5 : 0.2174    map@10 : 0.2328    map@20 : 0.2463    map@30 : 0.2525    map@50 : 0.2576
Sun 15 Mar 2026 22:03:13 INFO  epoch 115 training [time: 0.19s, train loss: 2.9663]
Sun 15 Mar 2026 22:03:14 INFO  epoch 115 evaluating [time: 0.33s, valid_score: 0.314800]
Sun 15 Mar 2026 22:03:14 INFO  valid result: 
recall@1 : 0.1196    recall@2 : 0.214    recall@3 : 0.2811    recall@4 : 0.319    recall@5 : 0.3527    recall@10 : 0.4609    recall@20 : 0.5976    recall@30 : 0.6793    recall@50 : 0.7685    ndcg@1 : 0.1931    ndcg@2 : 0.2261    ndcg@3 : 0.2518    ndcg@4 : 0.2643    ndcg@5 : 0.2768    ndcg@10 : 0.3148    ndcg@20 : 0.3559    ndcg@30 : 0.3776    ndcg@50 : 0.3993    precision@1 : 0.1931    precision@2 : 0.1704    precision@3 : 0.1522    precision@4 : 0.1324    precision@5 : 0.1204    precision@10 : 0.0841    precision@20 : 0.0582    precision@30 : 0.0454    precision@50 : 0.0322    map@1 : 0.1931    map@2 : 0.1985    map@3 : 0.208    map@4 : 0.2121    map@5 : 0.2173    map@10 : 0.233    map@20 : 0.2465    map@30 : 0.2526    map@50 : 0.2577
Sun 15 Mar 2026 22:03:14 INFO  Saving current: saved/LightGCN-Mar-15-2026_22-02-15.pth
Sun 15 Mar 2026 22:03:14 INFO  epoch 116 training [time: 0.18s, train loss: 2.9083]
Sun 15 Mar 2026 22:03:14 INFO  epoch 116 evaluating [time: 0.32s, valid_score: 0.315200]
Sun 15 Mar 2026 22:03:14 INFO  valid result: 
recall@1 : 0.1202    recall@2 : 0.2145    recall@3 : 0.2813    recall@4 : 0.3198    recall@5 : 0.3522    recall@10 : 0.461    recall@20 : 0.5966    recall@30 : 0.679    recall@50 : 0.7685    ndcg@1 : 0.1937    ndcg@2 : 0.2265    ndcg@3 : 0.2521    ndcg@4 : 0.265    ndcg@5 : 0.277    ndcg@10 : 0.3152    ndcg@20 : 0.3561    ndcg@30 : 0.3779    ndcg@50 : 0.3998    precision@1 : 0.1937    precision@2 : 0.1704    precision@3 : 0.1522    precision@4 : 0.1329    precision@5 : 0.1203    precision@10 : 0.0843    precision@20 : 0.0582    precision@30 : 0.0454    precision@50 : 0.0322    map@1 : 0.1937    map@2 : 0.1989    map@3 : 0.2084    map@4 : 0.2128    map@5 : 0.2176    map@10 : 0.2336    map@20 : 0.247    map@30 : 0.2531    map@50 : 0.2582
Sun 15 Mar 2026 22:03:14 INFO  Saving current: saved/LightGCN-Mar-15-2026_22-02-15.pth
Sun 15 Mar 2026 22:03:14 INFO  epoch 117 training [time: 0.19s, train loss: 2.9250]
Sun 15 Mar 2026 22:03:15 INFO  epoch 117 evaluating [time: 0.33s, valid_score: 0.314400]
Sun 15 Mar 2026 22:03:15 INFO  valid result: 
recall@1 : 0.1184    recall@2 : 0.2132    recall@3 : 0.2796    recall@4 : 0.3217    recall@5 : 0.3528    recall@10 : 0.4609    recall@20 : 0.5972    recall@30 : 0.6792    recall@50 : 0.769    ndcg@1 : 0.1919    ndcg@2 : 0.2251    ndcg@3 : 0.2505    ndcg@4 : 0.2649    ndcg@5 : 0.2764    ndcg@10 : 0.3144    ndcg@20 : 0.3555    ndcg@30 : 0.3771    ndcg@50 : 0.3991    precision@1 : 0.1919    precision@2 : 0.1698    precision@3 : 0.1518    precision@4 : 0.1335    precision@5 : 0.1206    precision@10 : 0.0843    precision@20 : 0.0584    precision@30 : 0.0454    precision@50 : 0.0323    map@1 : 0.1919    map@2 : 0.1974    map@3 : 0.2068    map@4 : 0.212    map@5 : 0.2167    map@10 : 0.2324    map@20 : 0.2459    map@30 : 0.252    map@50 : 0.2572
Sun 15 Mar 2026 22:03:15 INFO  epoch 118 training [time: 0.19s, train loss: 2.9047]
Sun 15 Mar 2026 22:03:15 INFO  epoch 118 evaluating [time: 0.33s, valid_score: 0.314600]
Sun 15 Mar 2026 22:03:15 INFO  valid result: 
recall@1 : 0.1185    recall@2 : 0.2133    recall@3 : 0.2797    recall@4 : 0.322    recall@5 : 0.3529    recall@10 : 0.4609    recall@20 : 0.5978    recall@30 : 0.6802    recall@50 : 0.7692    ndcg@1 : 0.1925    ndcg@2 : 0.2257    ndcg@3 : 0.2508    ndcg@4 : 0.2653    ndcg@5 : 0.2766    ndcg@10 : 0.3146    ndcg@20 : 0.3558    ndcg@30 : 0.3776    ndcg@50 : 0.3994    precision@1 : 0.1925    precision@2 : 0.1704    precision@3 : 0.152    precision@4 : 0.1338    precision@5 : 0.1206    precision@10 : 0.0843    precision@20 : 0.0584    precision@30 : 0.0455    precision@50 : 0.0323    map@1 : 0.1925    map@2 : 0.1979    map@3 : 0.2071    map@4 : 0.2124    map@5 : 0.2168    map@10 : 0.2326    map@20 : 0.2461    map@30 : 0.2523    map@50 : 0.2574
Sun 15 Mar 2026 22:03:15 INFO  epoch 119 training [time: 0.19s, train loss: 2.9009]
Sun 15 Mar 2026 22:03:16 INFO  epoch 119 evaluating [time: 0.31s, valid_score: 0.314300]
Sun 15 Mar 2026 22:03:16 INFO  valid result: 
recall@1 : 0.118    recall@2 : 0.2129    recall@3 : 0.2791    recall@4 : 0.3228    recall@5 : 0.3533    recall@10 : 0.4609    recall@20 : 0.5977    recall@30 : 0.681    recall@50 : 0.7689    ndcg@1 : 0.1919    ndcg@2 : 0.2253    ndcg@3 : 0.2503    ndcg@4 : 0.2654    ndcg@5 : 0.2766    ndcg@10 : 0.3143    ndcg@20 : 0.3555    ndcg@30 : 0.3777    ndcg@50 : 0.3992    precision@1 : 0.1919    precision@2 : 0.1704    precision@3 : 0.1518    precision@4 : 0.1341    precision@5 : 0.1209    precision@10 : 0.0843    precision@20 : 0.0584    precision@30 : 0.0456    precision@50 : 0.0323    map@1 : 0.1919    map@2 : 0.1974    map@3 : 0.2065    map@4 : 0.2122    map@5 : 0.2166    map@10 : 0.2322    map@20 : 0.2458    map@30 : 0.252    map@50 : 0.2571
Sun 15 Mar 2026 22:03:16 INFO  epoch 120 training [time: 0.16s, train loss: 2.8741]
Sun 15 Mar 2026 22:03:16 INFO  epoch 120 evaluating [time: 0.33s, valid_score: 0.315000]
Sun 15 Mar 2026 22:03:16 INFO  valid result: 
recall@1 : 0.1186    recall@2 : 0.2131    recall@3 : 0.2793    recall@4 : 0.323    recall@5 : 0.3538    recall@10 : 0.4615    recall@20 : 0.5989    recall@30 : 0.6808    recall@50 : 0.7687    ndcg@1 : 0.1925    ndcg@2 : 0.2258    ndcg@3 : 0.2508    ndcg@4 : 0.2659    ndcg@5 : 0.2771    ndcg@10 : 0.315    ndcg@20 : 0.3563    ndcg@30 : 0.378    ndcg@50 : 0.3996    precision@1 : 0.1925    precision@2 : 0.1707    precision@3 : 0.1522    precision@4 : 0.1344    precision@5 : 0.121    precision@10 : 0.0846    precision@20 : 0.0585    precision@30 : 0.0456    precision@50 : 0.0323    map@1 : 0.1925    map@2 : 0.1979    map@3 : 0.2071    map@4 : 0.2128    map@5 : 0.2171    map@10 : 0.2328    map@20 : 0.2464    map@30 : 0.2526    map@50 : 0.2577
Sun 15 Mar 2026 22:03:16 INFO  epoch 121 training [time: 0.18s, train loss: 2.9031]
Sun 15 Mar 2026 22:03:17 INFO  epoch 121 evaluating [time: 0.33s, valid_score: 0.314900]
Sun 15 Mar 2026 22:03:17 INFO  valid result: 
recall@1 : 0.1186    recall@2 : 0.2134    recall@3 : 0.2796    recall@4 : 0.3228    recall@5 : 0.3545    recall@10 : 0.4606    recall@20 : 0.5991    recall@30 : 0.6818    recall@50 : 0.7687    ndcg@1 : 0.1925    ndcg@2 : 0.2262    ndcg@3 : 0.2513    ndcg@4 : 0.2661    ndcg@5 : 0.2776    ndcg@10 : 0.3149    ndcg@20 : 0.3564    ndcg@30 : 0.3784    ndcg@50 : 0.3998    precision@1 : 0.1925    precision@2 : 0.1713    precision@3 : 0.1528    precision@4 : 0.1345    precision@5 : 0.1213    precision@10 : 0.0846    precision@20 : 0.0585    precision@30 : 0.0456    precision@50 : 0.0323    map@1 : 0.1925    map@2 : 0.1982    map@3 : 0.2074    map@4 : 0.2129    map@5 : 0.2174    map@10 : 0.2329    map@20 : 0.2465    map@30 : 0.2528    map@50 : 0.2578
Sun 15 Mar 2026 22:03:17 INFO  epoch 122 training [time: 0.17s, train loss: 2.8693]
Sun 15 Mar 2026 22:03:17 INFO  epoch 122 evaluating [time: 0.32s, valid_score: 0.314400]
Sun 15 Mar 2026 22:03:17 INFO  valid result: 
recall@1 : 0.1178    recall@2 : 0.2138    recall@3 : 0.2796    recall@4 : 0.3232    recall@5 : 0.3538    recall@10 : 0.4603    recall@20 : 0.6006    recall@30 : 0.6833    recall@50 : 0.7691    ndcg@1 : 0.1913    ndcg@2 : 0.226    ndcg@3 : 0.2512    ndcg@4 : 0.2661    ndcg@5 : 0.2769    ndcg@10 : 0.3144    ndcg@20 : 0.3566    ndcg@30 : 0.3785    ndcg@50 : 0.3996    precision@1 : 0.1913    precision@2 : 0.1713    precision@3 : 0.153    precision@4 : 0.135    precision@5 : 0.1206    precision@10 : 0.0844    precision@20 : 0.0587    precision@30 : 0.0457    precision@50 : 0.0323    map@1 : 0.1913    map@2 : 0.1977    map@3 : 0.2071    map@4 : 0.2127    map@5 : 0.2168    map@10 : 0.2324    map@20 : 0.2463    map@30 : 0.2525    map@50 : 0.2575
Sun 15 Mar 2026 22:03:17 INFO  epoch 123 training [time: 0.19s, train loss: 2.8557]
Sun 15 Mar 2026 22:03:18 INFO  epoch 123 evaluating [time: 0.32s, valid_score: 0.315400]
Sun 15 Mar 2026 22:03:18 INFO  valid result: 
recall@1 : 0.1201    recall@2 : 0.2134    recall@3 : 0.2789    recall@4 : 0.3229    recall@5 : 0.3537    recall@10 : 0.4605    recall@20 : 0.602    recall@30 : 0.6829    recall@50 : 0.7707    ndcg@1 : 0.1937    ndcg@2 : 0.2265    ndcg@3 : 0.2518    ndcg@4 : 0.2668    ndcg@5 : 0.2776    ndcg@10 : 0.3154    ndcg@20 : 0.3579    ndcg@30 : 0.3793    ndcg@50 : 0.4009    precision@1 : 0.1937    precision@2 : 0.171    precision@3 : 0.1532    precision@4 : 0.1351    precision@5 : 0.1206    precision@10 : 0.0846    precision@20 : 0.0589    precision@30 : 0.0457    precision@50 : 0.0325    map@1 : 0.1937    map@2 : 0.1985    map@3 : 0.2081    map@4 : 0.2137    map@5 : 0.2178    map@10 : 0.2335    map@20 : 0.2475    map@30 : 0.2536    map@50 : 0.2587
Sun 15 Mar 2026 22:03:18 INFO  Saving current: saved/LightGCN-Mar-15-2026_22-02-15.pth
Sun 15 Mar 2026 22:03:18 INFO  epoch 124 training [time: 0.15s, train loss: 2.8276]
Sun 15 Mar 2026 22:03:18 INFO  epoch 124 evaluating [time: 0.32s, valid_score: 0.315500]
Sun 15 Mar 2026 22:03:18 INFO  valid result: 
recall@1 : 0.1207    recall@2 : 0.2122    recall@3 : 0.278    recall@4 : 0.3219    recall@5 : 0.3531    recall@10 : 0.4609    recall@20 : 0.6025    recall@30 : 0.6821    recall@50 : 0.7705    ndcg@1 : 0.1943    ndcg@2 : 0.226    ndcg@3 : 0.2515    ndcg@4 : 0.2663    ndcg@5 : 0.2773    ndcg@10 : 0.3155    ndcg@20 : 0.358    ndcg@30 : 0.3792    ndcg@50 : 0.4009    precision@1 : 0.1943    precision@2 : 0.1704    precision@3 : 0.153    precision@4 : 0.1347    precision@5 : 0.1205    precision@10 : 0.0848    precision@20 : 0.059    precision@30 : 0.0457    precision@50 : 0.0324    map@1 : 0.1943    map@2 : 0.1982    map@3 : 0.2079    map@4 : 0.2135    map@5 : 0.2176    map@10 : 0.2336    map@20 : 0.2476    map@30 : 0.2536    map@50 : 0.2588
Sun 15 Mar 2026 22:03:18 INFO  Saving current: saved/LightGCN-Mar-15-2026_22-02-15.pth
Sun 15 Mar 2026 22:03:18 INFO  epoch 125 training [time: 0.16s, train loss: 2.8593]
Sun 15 Mar 2026 22:03:19 INFO  epoch 125 evaluating [time: 0.31s, valid_score: 0.315600]
Sun 15 Mar 2026 22:03:19 INFO  valid result: 
recall@1 : 0.1206    recall@2 : 0.2122    recall@3 : 0.2768    recall@4 : 0.3219    recall@5 : 0.3533    recall@10 : 0.4613    recall@20 : 0.6017    recall@30 : 0.6825    recall@50 : 0.7708    ndcg@1 : 0.1949    ndcg@2 : 0.2261    ndcg@3 : 0.2511    ndcg@4 : 0.2663    ndcg@5 : 0.2774    ndcg@10 : 0.3156    ndcg@20 : 0.3577    ndcg@30 : 0.3792    ndcg@50 : 0.4009    precision@1 : 0.1949    precision@2 : 0.1704    precision@3 : 0.1528    precision@4 : 0.1347    precision@5 : 0.1207    precision@10 : 0.085    precision@20 : 0.0589    precision@30 : 0.0458    precision@50 : 0.0324    map@1 : 0.1949    map@2 : 0.1983    map@3 : 0.2077    map@4 : 0.2134    map@5 : 0.2177    map@10 : 0.2336    map@20 : 0.2474    map@30 : 0.2536    map@50 : 0.2587
Sun 15 Mar 2026 22:03:19 INFO  Saving current: saved/LightGCN-Mar-15-2026_22-02-15.pth
Sun 15 Mar 2026 22:03:19 INFO  epoch 126 training [time: 0.17s, train loss: 2.8591]
Sun 15 Mar 2026 22:03:19 INFO  epoch 126 evaluating [time: 0.29s, valid_score: 0.315600]
Sun 15 Mar 2026 22:03:19 INFO  valid result: 
recall@1 : 0.1196    recall@2 : 0.2133    recall@3 : 0.2755    recall@4 : 0.322    recall@5 : 0.3529    recall@10 : 0.4617    recall@20 : 0.6012    recall@30 : 0.6841    recall@50 : 0.7718    ndcg@1 : 0.1943    ndcg@2 : 0.2271    ndcg@3 : 0.2503    ndcg@4 : 0.2663    ndcg@5 : 0.277    ndcg@10 : 0.3156    ndcg@20 : 0.3574    ndcg@30 : 0.3795    ndcg@50 : 0.401    precision@1 : 0.1943    precision@2 : 0.1719    precision@3 : 0.1522    precision@4 : 0.135    precision@5 : 0.1205    precision@10 : 0.0852    precision@20 : 0.0588    precision@30 : 0.0459    precision@50 : 0.0325    map@1 : 0.1943    map@2 : 0.1989    map@3 : 0.2069    map@4 : 0.2132    map@5 : 0.2172    map@10 : 0.2332    map@20 : 0.247    map@30 : 0.2533    map@50 : 0.2584
Sun 15 Mar 2026 22:03:19 INFO  Saving current: saved/LightGCN-Mar-15-2026_22-02-15.pth
Sun 15 Mar 2026 22:03:19 INFO  epoch 127 training [time: 0.20s, train loss: 2.8493]
Sun 15 Mar 2026 22:03:20 INFO  epoch 127 evaluating [time: 0.30s, valid_score: 0.316500]
Sun 15 Mar 2026 22:03:20 INFO  valid result: 
recall@1 : 0.1208    recall@2 : 0.2132    recall@3 : 0.2761    recall@4 : 0.3212    recall@5 : 0.3532    recall@10 : 0.4627    recall@20 : 0.602    recall@30 : 0.6862    recall@50 : 0.7715    ndcg@1 : 0.1955    ndcg@2 : 0.2278    ndcg@3 : 0.2509    ndcg@4 : 0.2666    ndcg@5 : 0.2776    ndcg@10 : 0.3165    ndcg@20 : 0.3582    ndcg@30 : 0.3806    ndcg@50 : 0.4016    precision@1 : 0.1955    precision@2 : 0.1722    precision@3 : 0.1522    precision@4 : 0.1351    precision@5 : 0.1206    precision@10 : 0.0855    precision@20 : 0.059    precision@30 : 0.0461    precision@50 : 0.0325    map@1 : 0.1955    map@2 : 0.1998    map@3 : 0.2077    map@4 : 0.2137    map@5 : 0.2179    map@10 : 0.2341    map@20 : 0.2478    map@30 : 0.2542    map@50 : 0.2592
Sun 15 Mar 2026 22:03:20 INFO  Saving current: saved/LightGCN-Mar-15-2026_22-02-15.pth
Sun 15 Mar 2026 22:03:20 INFO  epoch 128 training [time: 0.19s, train loss: 2.8291]
Sun 15 Mar 2026 22:03:20 INFO  epoch 128 evaluating [time: 0.24s, valid_score: 0.317200]
Sun 15 Mar 2026 22:03:20 INFO  valid result: 
recall@1 : 0.1211    recall@2 : 0.2137    recall@3 : 0.276    recall@4 : 0.3207    recall@5 : 0.3526    recall@10 : 0.4643    recall@20 : 0.6022    recall@30 : 0.6862    recall@50 : 0.7733    ndcg@1 : 0.1973    ndcg@2 : 0.2284    ndcg@3 : 0.251    ndcg@4 : 0.2667    ndcg@5 : 0.2777    ndcg@10 : 0.3172    ndcg@20 : 0.3586    ndcg@30 : 0.381    ndcg@50 : 0.4023    precision@1 : 0.1973    precision@2 : 0.1725    precision@3 : 0.1518    precision@4 : 0.1351    precision@5 : 0.1206    precision@10 : 0.0858    precision@20 : 0.0591    precision@30 : 0.0462    precision@50 : 0.0326    map@1 : 0.1973    map@2 : 0.2002    map@3 : 0.2078    map@4 : 0.2139    map@5 : 0.2181    map@10 : 0.2345    map@20 : 0.2482    map@30 : 0.2546    map@50 : 0.2596
Sun 15 Mar 2026 22:03:20 INFO  Saving current: saved/LightGCN-Mar-15-2026_22-02-15.pth
Sun 15 Mar 2026 22:03:20 INFO  epoch 129 training [time: 0.14s, train loss: 2.8259]
Sun 15 Mar 2026 22:03:20 INFO  epoch 129 evaluating [time: 0.32s, valid_score: 0.317600]
Sun 15 Mar 2026 22:03:20 INFO  valid result: 
recall@1 : 0.1211    recall@2 : 0.2137    recall@3 : 0.2762    recall@4 : 0.3205    recall@5 : 0.3548    recall@10 : 0.4652    recall@20 : 0.6039    recall@30 : 0.6854    recall@50 : 0.7734    ndcg@1 : 0.1973    ndcg@2 : 0.2284    ndcg@3 : 0.251    ndcg@4 : 0.2665    ndcg@5 : 0.2785    ndcg@10 : 0.3176    ndcg@20 : 0.3592    ndcg@30 : 0.3809    ndcg@50 : 0.4025    precision@1 : 0.1973    precision@2 : 0.1725    precision@3 : 0.1516    precision@4 : 0.1348    precision@5 : 0.121    precision@10 : 0.086    precision@20 : 0.0593    precision@30 : 0.0462    precision@50 : 0.0326    map@1 : 0.1973    map@2 : 0.2002    map@3 : 0.2078    map@4 : 0.2137    map@5 : 0.2185    map@10 : 0.2347    map@20 : 0.2484    map@30 : 0.2547    map@50 : 0.2598
Sun 15 Mar 2026 22:03:20 INFO  Saving current: saved/LightGCN-Mar-15-2026_22-02-15.pth
Sun 15 Mar 2026 22:03:21 INFO  epoch 130 training [time: 0.19s, train loss: 2.7888]
Sun 15 Mar 2026 22:03:21 INFO  epoch 130 evaluating [time: 0.32s, valid_score: 0.317000]
Sun 15 Mar 2026 22:03:21 INFO  valid result: 
recall@1 : 0.1202    recall@2 : 0.2141    recall@3 : 0.2757    recall@4 : 0.3191    recall@5 : 0.3542    recall@10 : 0.4643    recall@20 : 0.6044    recall@30 : 0.6866    recall@50 : 0.7739    ndcg@1 : 0.1967    ndcg@2 : 0.2288    ndcg@3 : 0.2503    ndcg@4 : 0.2657    ndcg@5 : 0.278    ndcg@10 : 0.317    ndcg@20 : 0.3591    ndcg@30 : 0.3809    ndcg@50 : 0.4023    precision@1 : 0.1967    precision@2 : 0.1734    precision@3 : 0.151    precision@4 : 0.1345    precision@5 : 0.1209    precision@10 : 0.0858    precision@20 : 0.0594    precision@30 : 0.0463    precision@50 : 0.0326    map@1 : 0.1967    map@2 : 0.2004    map@3 : 0.2072    map@4 : 0.2131    map@5 : 0.2179    map@10 : 0.2341    map@20 : 0.2481    map@30 : 0.2543    map@50 : 0.2593
Sun 15 Mar 2026 22:03:21 INFO  epoch 131 training [time: 0.18s, train loss: 2.8386]
Sun 15 Mar 2026 22:03:21 INFO  epoch 131 evaluating [time: 0.33s, valid_score: 0.318400]
Sun 15 Mar 2026 22:03:21 INFO  valid result: 
recall@1 : 0.1226    recall@2 : 0.2142    recall@3 : 0.2758    recall@4 : 0.319    recall@5 : 0.354    recall@10 : 0.4659    recall@20 : 0.6041    recall@30 : 0.6877    recall@50 : 0.7749    ndcg@1 : 0.199    ndcg@2 : 0.2298    ndcg@3 : 0.2514    ndcg@4 : 0.2666    ndcg@5 : 0.279    ndcg@10 : 0.3184    ndcg@20 : 0.3599    ndcg@30 : 0.3821    ndcg@50 : 0.4034    precision@1 : 0.199    precision@2 : 0.1734    precision@3 : 0.1512    precision@4 : 0.1345    precision@5 : 0.1211    precision@10 : 0.0861    precision@20 : 0.0594    precision@30 : 0.0463    precision@50 : 0.0326    map@1 : 0.199    map@2 : 0.2017    map@3 : 0.2086    map@4 : 0.2144    map@5 : 0.2194    map@10 : 0.2356    map@20 : 0.2493    map@30 : 0.2557    map@50 : 0.2607
Sun 15 Mar 2026 22:03:21 INFO  Saving current: saved/LightGCN-Mar-15-2026_22-02-15.pth
Sun 15 Mar 2026 22:03:22 INFO  epoch 132 training [time: 0.18s, train loss: 2.8013]
Sun 15 Mar 2026 22:03:22 INFO  epoch 132 evaluating [time: 0.33s, valid_score: 0.317600]
Sun 15 Mar 2026 22:03:22 INFO  valid result: 
recall@1 : 0.1201    recall@2 : 0.2134    recall@3 : 0.2752    recall@4 : 0.3178    recall@5 : 0.3547    recall@10 : 0.4666    recall@20 : 0.605    recall@30 : 0.6872    recall@50 : 0.7762    ndcg@1 : 0.1973    ndcg@2 : 0.2283    ndcg@3 : 0.2502    ndcg@4 : 0.265    ndcg@5 : 0.2783    ndcg@10 : 0.3176    ndcg@20 : 0.3592    ndcg@30 : 0.3811    ndcg@50 : 0.4027    precision@1 : 0.1973    precision@2 : 0.1728    precision@3 : 0.1512    precision@4 : 0.1341    precision@5 : 0.1216    precision@10 : 0.0862    precision@20 : 0.0595    precision@30 : 0.0463    precision@50 : 0.0326    map@1 : 0.1973    map@2 : 0.2001    map@3 : 0.2071    map@4 : 0.2127    map@5 : 0.2181    map@10 : 0.2343    map@20 : 0.248    map@30 : 0.2543    map@50 : 0.2594
Sun 15 Mar 2026 22:03:22 INFO  epoch 133 training [time: 0.16s, train loss: 2.7769]
Sun 15 Mar 2026 22:03:22 INFO  epoch 133 evaluating [time: 0.33s, valid_score: 0.317100]
Sun 15 Mar 2026 22:03:22 INFO  valid result: 
recall@1 : 0.1192    recall@2 : 0.214    recall@3 : 0.2744    recall@4 : 0.3169    recall@5 : 0.3541    recall@10 : 0.4662    recall@20 : 0.6058    recall@30 : 0.6882    recall@50 : 0.7775    ndcg@1 : 0.1961    ndcg@2 : 0.2287    ndcg@3 : 0.2496    ndcg@4 : 0.2644    ndcg@5 : 0.2778    ndcg@10 : 0.3171    ndcg@20 : 0.3591    ndcg@30 : 0.381    ndcg@50 : 0.4026    precision@1 : 0.1961    precision@2 : 0.1737    precision@3 : 0.1508    precision@4 : 0.1339    precision@5 : 0.1215    precision@10 : 0.086    precision@20 : 0.0597    precision@30 : 0.0464    precision@50 : 0.0326    map@1 : 0.1961    map@2 : 0.2002    map@3 : 0.2066    map@4 : 0.2121    map@5 : 0.2176    map@10 : 0.2338    map@20 : 0.2478    map@30 : 0.254    map@50 : 0.259
Sun 15 Mar 2026 22:03:23 INFO  epoch 134 training [time: 0.17s, train loss: 2.7942]
Sun 15 Mar 2026 22:03:23 INFO  epoch 134 evaluating [time: 0.33s, valid_score: 0.316800]
Sun 15 Mar 2026 22:03:23 INFO  valid result: 
recall@1 : 0.1176    recall@2 : 0.2147    recall@3 : 0.2744    recall@4 : 0.3164    recall@5 : 0.3541    recall@10 : 0.4671    recall@20 : 0.6064    recall@30 : 0.688    recall@50 : 0.7776    ndcg@1 : 0.1931    ndcg@2 : 0.2284    ndcg@3 : 0.2491    ndcg@4 : 0.2636    ndcg@5 : 0.2771    ndcg@10 : 0.3168    ndcg@20 : 0.3588    ndcg@30 : 0.3805    ndcg@50 : 0.4022    precision@1 : 0.1931    precision@2 : 0.1743    precision@3 : 0.151    precision@4 : 0.1339    precision@5 : 0.1215    precision@10 : 0.0861    precision@20 : 0.0597    precision@30 : 0.0464    precision@50 : 0.0327    map@1 : 0.1931    map@2 : 0.1998    map@3 : 0.2061    map@4 : 0.2114    map@5 : 0.2169    map@10 : 0.2333    map@20 : 0.2473    map@30 : 0.2535    map@50 : 0.2586
Sun 15 Mar 2026 22:03:23 INFO  epoch 135 training [time: 0.16s, train loss: 2.7806]
Sun 15 Mar 2026 22:03:23 INFO  epoch 135 evaluating [time: 0.33s, valid_score: 0.316100]
Sun 15 Mar 2026 22:03:23 INFO  valid result: 
recall@1 : 0.115    recall@2 : 0.2144    recall@3 : 0.2755    recall@4 : 0.3158    recall@5 : 0.3545    recall@10 : 0.4674    recall@20 : 0.6071    recall@30 : 0.6889    recall@50 : 0.7789    ndcg@1 : 0.1907    ndcg@2 : 0.2274    ndcg@3 : 0.2488    ndcg@4 : 0.2627    ndcg@5 : 0.2766    ndcg@10 : 0.3161    ndcg@20 : 0.3581    ndcg@30 : 0.38    ndcg@50 : 0.4017    precision@1 : 0.1907    precision@2 : 0.1743    precision@3 : 0.1516    precision@4 : 0.1341    precision@5 : 0.1219    precision@10 : 0.0863    precision@20 : 0.0597    precision@30 : 0.0466    precision@50 : 0.0327    map@1 : 0.1907    map@2 : 0.1986    map@3 : 0.2053    map@4 : 0.2104    map@5 : 0.2161    map@10 : 0.2322    map@20 : 0.2462    map@30 : 0.2525    map@50 : 0.2575
Sun 15 Mar 2026 22:03:24 INFO  epoch 136 training [time: 0.17s, train loss: 2.7342]
Sun 15 Mar 2026 22:03:24 INFO  epoch 136 evaluating [time: 0.32s, valid_score: 0.316500]
Sun 15 Mar 2026 22:03:24 INFO  valid result: 
recall@1 : 0.1154    recall@2 : 0.2148    recall@3 : 0.2753    recall@4 : 0.3155    recall@5 : 0.3532    recall@10 : 0.4678    recall@20 : 0.6082    recall@30 : 0.6897    recall@50 : 0.7808    ndcg@1 : 0.1907    ndcg@2 : 0.228    ndcg@3 : 0.2491    ndcg@4 : 0.263    ndcg@5 : 0.2762    ndcg@10 : 0.3165    ndcg@20 : 0.3585    ndcg@30 : 0.3804    ndcg@50 : 0.4022    precision@1 : 0.1907    precision@2 : 0.1749    precision@3 : 0.1518    precision@4 : 0.1344    precision@5 : 0.1215    precision@10 : 0.0864    precision@20 : 0.0598    precision@30 : 0.0466    precision@50 : 0.0328    map@1 : 0.1907    map@2 : 0.199    map@3 : 0.2057    map@4 : 0.2108    map@5 : 0.2161    map@10 : 0.2326    map@20 : 0.2466    map@30 : 0.2529    map@50 : 0.2579
Sun 15 Mar 2026 22:03:24 INFO  epoch 137 training [time: 0.19s, train loss: 2.7741]
Sun 15 Mar 2026 22:03:24 INFO  epoch 137 evaluating [time: 0.32s, valid_score: 0.317700]
Sun 15 Mar 2026 22:03:24 INFO  valid result: 
recall@1 : 0.1182    recall@2 : 0.2142    recall@3 : 0.2754    recall@4 : 0.316    recall@5 : 0.3553    recall@10 : 0.4679    recall@20 : 0.6085    recall@30 : 0.6918    recall@50 : 0.7817    ndcg@1 : 0.1943    ndcg@2 : 0.229    ndcg@3 : 0.2501    ndcg@4 : 0.2643    ndcg@5 : 0.2782    ndcg@10 : 0.3177    ndcg@20 : 0.3598    ndcg@30 : 0.382    ndcg@50 : 0.4037    precision@1 : 0.1943    precision@2 : 0.1749    precision@3 : 0.1518    precision@4 : 0.1345    precision@5 : 0.1219    precision@10 : 0.0865    precision@20 : 0.0598    precision@30 : 0.0467    precision@50 : 0.0328    map@1 : 0.1943    map@2 : 0.2005    map@3 : 0.207    map@4 : 0.2122    map@5 : 0.2179    map@10 : 0.2341    map@20 : 0.2481    map@30 : 0.2545    map@50 : 0.2595
Sun 15 Mar 2026 22:03:25 INFO  epoch 138 training [time: 0.17s, train loss: 2.7420]
Sun 15 Mar 2026 22:03:25 INFO  epoch 138 evaluating [time: 0.35s, valid_score: 0.318700]
Sun 15 Mar 2026 22:03:25 INFO  valid result: 
recall@1 : 0.1197    recall@2 : 0.2153    recall@3 : 0.2752    recall@4 : 0.316    recall@5 : 0.3572    recall@10 : 0.4684    recall@20 : 0.6082    recall@30 : 0.6914    recall@50 : 0.7844    ndcg@1 : 0.1967    ndcg@2 : 0.2307    ndcg@3 : 0.2509    ndcg@4 : 0.2651    ndcg@5 : 0.2798    ndcg@10 : 0.3187    ndcg@20 : 0.3607    ndcg@30 : 0.3829    ndcg@50 : 0.4051    precision@1 : 0.1967    precision@2 : 0.1761    precision@3 : 0.1518    precision@4 : 0.1345    precision@5 : 0.1226    precision@10 : 0.0865    precision@20 : 0.0598    precision@30 : 0.0467    precision@50 : 0.0329    map@1 : 0.1967    map@2 : 0.2022    map@3 : 0.208    map@4 : 0.2132    map@5 : 0.2193    map@10 : 0.2351    map@20 : 0.2492    map@30 : 0.2555    map@50 : 0.2606
Sun 15 Mar 2026 22:03:25 INFO  Saving current: saved/LightGCN-Mar-15-2026_22-02-15.pth
Sun 15 Mar 2026 22:03:25 INFO  epoch 139 training [time: 0.15s, train loss: 2.7241]
Sun 15 Mar 2026 22:03:25 INFO  epoch 139 evaluating [time: 0.31s, valid_score: 0.319800]
Sun 15 Mar 2026 22:03:25 INFO  valid result: 
recall@1 : 0.1207    recall@2 : 0.2158    recall@3 : 0.2758    recall@4 : 0.3149    recall@5 : 0.3566    recall@10 : 0.4696    recall@20 : 0.6083    recall@30 : 0.6923    recall@50 : 0.7858    ndcg@1 : 0.199    ndcg@2 : 0.2323    ndcg@3 : 0.2521    ndcg@4 : 0.2653    ndcg@5 : 0.2803    ndcg@10 : 0.3198    ndcg@20 : 0.3614    ndcg@30 : 0.3837    ndcg@50 : 0.4061    precision@1 : 0.199    precision@2 : 0.1773    precision@3 : 0.1522    precision@4 : 0.1342    precision@5 : 0.1226    precision@10 : 0.0868    precision@20 : 0.0598    precision@30 : 0.0467    precision@50 : 0.0329    map@1 : 0.199    map@2 : 0.204    map@3 : 0.2092    map@4 : 0.2138    map@5 : 0.22    map@10 : 0.236    map@20 : 0.2499    map@30 : 0.2563    map@50 : 0.2614
Sun 15 Mar 2026 22:03:25 INFO  Saving current: saved/LightGCN-Mar-15-2026_22-02-15.pth
Sun 15 Mar 2026 22:03:26 INFO  epoch 140 training [time: 0.18s, train loss: 2.7127]
Sun 15 Mar 2026 22:03:26 INFO  epoch 140 evaluating [time: 0.36s, valid_score: 0.320400]
Sun 15 Mar 2026 22:03:26 INFO  valid result: 
recall@1 : 0.1225    recall@2 : 0.2155    recall@3 : 0.2759    recall@4 : 0.3145    recall@5 : 0.3558    recall@10 : 0.4694    recall@20 : 0.6097    recall@30 : 0.6921    recall@50 : 0.7863    ndcg@1 : 0.2002    ndcg@2 : 0.2329    ndcg@3 : 0.2526    ndcg@4 : 0.2657    ndcg@5 : 0.2804    ndcg@10 : 0.3204    ndcg@20 : 0.3623    ndcg@30 : 0.3843    ndcg@50 : 0.4068    precision@1 : 0.2002    precision@2 : 0.1776    precision@3 : 0.152    precision@4 : 0.1342    precision@5 : 0.1223    precision@10 : 0.087    precision@20 : 0.0599    precision@30 : 0.0468    precision@50 : 0.033    map@1 : 0.2002    map@2 : 0.2047    map@3 : 0.21    map@4 : 0.2146    map@5 : 0.2205    map@10 : 0.2368    map@20 : 0.2508    map@30 : 0.2572    map@50 : 0.2623
Sun 15 Mar 2026 22:03:26 INFO  Saving current: saved/LightGCN-Mar-15-2026_22-02-15.pth
Sun 15 Mar 2026 22:03:26 INFO  epoch 141 training [time: 0.19s, train loss: 2.7024]
Sun 15 Mar 2026 22:03:27 INFO  epoch 141 evaluating [time: 0.35s, valid_score: 0.320900]
Sun 15 Mar 2026 22:03:27 INFO  valid result: 
recall@1 : 0.1233    recall@2 : 0.2158    recall@3 : 0.2758    recall@4 : 0.3147    recall@5 : 0.3556    recall@10 : 0.4693    recall@20 : 0.6102    recall@30 : 0.6922    recall@50 : 0.7862    ndcg@1 : 0.202    ndcg@2 : 0.2338    ndcg@3 : 0.253    ndcg@4 : 0.2663    ndcg@5 : 0.281    ndcg@10 : 0.3209    ndcg@20 : 0.363    ndcg@30 : 0.3849    ndcg@50 : 0.4073    precision@1 : 0.202    precision@2 : 0.1782    precision@3 : 0.1518    precision@4 : 0.1344    precision@5 : 0.1228    precision@10 : 0.0869    precision@20 : 0.06    precision@30 : 0.0468    precision@50 : 0.033    map@1 : 0.202    map@2 : 0.2058    map@3 : 0.2106    map@4 : 0.2152    map@5 : 0.2213    map@10 : 0.2373    map@20 : 0.2515    map@30 : 0.2578    map@50 : 0.2629
Sun 15 Mar 2026 22:03:27 INFO  Saving current: saved/LightGCN-Mar-15-2026_22-02-15.pth
Sun 15 Mar 2026 22:03:27 INFO  epoch 142 training [time: 0.17s, train loss: 2.7643]
Sun 15 Mar 2026 22:03:27 INFO  epoch 142 evaluating [time: 0.32s, valid_score: 0.321400]
Sun 15 Mar 2026 22:03:27 INFO  valid result: 
recall@1 : 0.1233    recall@2 : 0.2154    recall@3 : 0.2762    recall@4 : 0.3154    recall@5 : 0.3563    recall@10 : 0.4703    recall@20 : 0.6102    recall@30 : 0.6921    recall@50 : 0.7873    ndcg@1 : 0.202    ndcg@2 : 0.2339    ndcg@3 : 0.2533    ndcg@4 : 0.2668    ndcg@5 : 0.2815    ndcg@10 : 0.3214    ndcg@20 : 0.3631    ndcg@30 : 0.3851    ndcg@50 : 0.4077    precision@1 : 0.202    precision@2 : 0.1785    precision@3 : 0.152    precision@4 : 0.1348    precision@5 : 0.1232    precision@10 : 0.0874    precision@20 : 0.06    precision@30 : 0.0469    precision@50 : 0.033    map@1 : 0.202    map@2 : 0.2058    map@3 : 0.2109    map@4 : 0.2157    map@5 : 0.2216    map@10 : 0.2377    map@20 : 0.2516    map@30 : 0.258    map@50 : 0.2631
Sun 15 Mar 2026 22:03:27 INFO  Saving current: saved/LightGCN-Mar-15-2026_22-02-15.pth
Sun 15 Mar 2026 22:03:27 INFO  epoch 143 training [time: 0.19s, train loss: 2.6730]
Sun 15 Mar 2026 22:03:28 INFO  epoch 143 evaluating [time: 0.31s, valid_score: 0.322200]
Sun 15 Mar 2026 22:03:28 INFO  valid result: 
recall@1 : 0.1245    recall@2 : 0.2161    recall@3 : 0.278    recall@4 : 0.3153    recall@5 : 0.3563    recall@10 : 0.4706    recall@20 : 0.612    recall@30 : 0.6923    recall@50 : 0.7876    ndcg@1 : 0.2032    ndcg@2 : 0.2352    ndcg@3 : 0.255    ndcg@4 : 0.2675    ndcg@5 : 0.2822    ndcg@10 : 0.3222    ndcg@20 : 0.3644    ndcg@30 : 0.386    ndcg@50 : 0.4086    precision@1 : 0.2032    precision@2 : 0.1794    precision@3 : 0.1532    precision@4 : 0.1348    precision@5 : 0.1232    precision@10 : 0.0873    precision@20 : 0.0601    precision@30 : 0.0469    precision@50 : 0.033    map@1 : 0.2032    map@2 : 0.2072    map@3 : 0.2126    map@4 : 0.2167    map@5 : 0.2226    map@10 : 0.2386    map@20 : 0.2528    map@30 : 0.2591    map@50 : 0.2642
Sun 15 Mar 2026 22:03:28 INFO  Saving current: saved/LightGCN-Mar-15-2026_22-02-15.pth
Sun 15 Mar 2026 22:03:28 INFO  epoch 144 training [time: 0.19s, train loss: 2.6907]
Sun 15 Mar 2026 22:03:28 INFO  epoch 144 evaluating [time: 0.32s, valid_score: 0.321600]
Sun 15 Mar 2026 22:03:28 INFO  valid result: 
recall@1 : 0.1227    recall@2 : 0.2155    recall@3 : 0.2778    recall@4 : 0.3156    recall@5 : 0.3563    recall@10 : 0.4709    recall@20 : 0.6118    recall@30 : 0.691    recall@50 : 0.7898    ndcg@1 : 0.2014    ndcg@2 : 0.2342    ndcg@3 : 0.2542    ndcg@4 : 0.267    ndcg@5 : 0.2815    ndcg@10 : 0.3216    ndcg@20 : 0.3637    ndcg@30 : 0.385    ndcg@50 : 0.4084    precision@1 : 0.2014    precision@2 : 0.1791    precision@3 : 0.1532    precision@4 : 0.1351    precision@5 : 0.1232    precision@10 : 0.0873    precision@20 : 0.0601    precision@30 : 0.0468    precision@50 : 0.0331    map@1 : 0.2014    map@2 : 0.206    map@3 : 0.2115    map@4 : 0.2158    map@5 : 0.2216    map@10 : 0.2377    map@20 : 0.2519    map@30 : 0.2581    map@50 : 0.2633
Sun 15 Mar 2026 22:03:28 INFO  epoch 145 training [time: 0.18s, train loss: 2.7109]
Sun 15 Mar 2026 22:03:29 INFO  epoch 145 evaluating [time: 0.34s, valid_score: 0.321500]
Sun 15 Mar 2026 22:03:29 INFO  valid result: 
recall@1 : 0.1224    recall@2 : 0.2156    recall@3 : 0.2775    recall@4 : 0.3146    recall@5 : 0.3569    recall@10 : 0.4708    recall@20 : 0.6116    recall@30 : 0.6913    recall@50 : 0.7905    ndcg@1 : 0.2008    ndcg@2 : 0.2343    ndcg@3 : 0.2543    ndcg@4 : 0.2666    ndcg@5 : 0.2815    ndcg@10 : 0.3215    ndcg@20 : 0.3636    ndcg@30 : 0.385    ndcg@50 : 0.4084    precision@1 : 0.2008    precision@2 : 0.1794    precision@3 : 0.1536    precision@4 : 0.1351    precision@5 : 0.1232    precision@10 : 0.0875    precision@20 : 0.0601    precision@30 : 0.0469    precision@50 : 0.0331    map@1 : 0.2008    map@2 : 0.206    map@3 : 0.2115    map@4 : 0.2156    map@5 : 0.2214    map@10 : 0.2377    map@20 : 0.2518    map@30 : 0.258    map@50 : 0.2632
Sun 15 Mar 2026 22:03:29 INFO  epoch 146 training [time: 0.17s, train loss: 2.6698]
Sun 15 Mar 2026 22:03:29 INFO  epoch 146 evaluating [time: 0.34s, valid_score: 0.322200]
Sun 15 Mar 2026 22:03:29 INFO  valid result: 
recall@1 : 0.123    recall@2 : 0.2168    recall@3 : 0.2781    recall@4 : 0.3155    recall@5 : 0.3563    recall@10 : 0.4714    recall@20 : 0.6149    recall@30 : 0.693    recall@50 : 0.7919    ndcg@1 : 0.2014    ndcg@2 : 0.235    ndcg@3 : 0.2549    ndcg@4 : 0.2672    ndcg@5 : 0.2817    ndcg@10 : 0.3222    ndcg@20 : 0.3649    ndcg@30 : 0.386    ndcg@50 : 0.4092    precision@1 : 0.2014    precision@2 : 0.1797    precision@3 : 0.1538    precision@4 : 0.1351    precision@5 : 0.1232    precision@10 : 0.0876    precision@20 : 0.0604    precision@30 : 0.047    precision@50 : 0.0331    map@1 : 0.2014    map@2 : 0.2066    map@3 : 0.2121    map@4 : 0.2162    map@5 : 0.2219    map@10 : 0.2384    map@20 : 0.2526    map@30 : 0.2588    map@50 : 0.2639
Sun 15 Mar 2026 22:03:29 INFO  Saving current: saved/LightGCN-Mar-15-2026_22-02-15.pth
Sun 15 Mar 2026 22:03:29 INFO  epoch 147 training [time: 0.19s, train loss: 2.6868]
Sun 15 Mar 2026 22:03:30 INFO  epoch 147 evaluating [time: 0.32s, valid_score: 0.322100]
Sun 15 Mar 2026 22:03:30 INFO  valid result: 
recall@1 : 0.1221    recall@2 : 0.2176    recall@3 : 0.2786    recall@4 : 0.3148    recall@5 : 0.3563    recall@10 : 0.4714    recall@20 : 0.615    recall@30 : 0.6932    recall@50 : 0.792    ndcg@1 : 0.2008    ndcg@2 : 0.2353    ndcg@3 : 0.2553    ndcg@4 : 0.2668    ndcg@5 : 0.2816    ndcg@10 : 0.3221    ndcg@20 : 0.365    ndcg@30 : 0.3859    ndcg@50 : 0.4092    precision@1 : 0.2008    precision@2 : 0.1803    precision@3 : 0.1545    precision@4 : 0.135    precision@5 : 0.1234    precision@10 : 0.0877    precision@20 : 0.0605    precision@30 : 0.0469    precision@50 : 0.0331    map@1 : 0.2008    map@2 : 0.2065    map@3 : 0.2124    map@4 : 0.2156    map@5 : 0.2216    map@10 : 0.2382    map@20 : 0.2525    map@30 : 0.2585    map@50 : 0.2637
Sun 15 Mar 2026 22:03:30 INFO  epoch 148 training [time: 0.17s, train loss: 2.6107]
Sun 15 Mar 2026 22:03:30 INFO  epoch 148 evaluating [time: 0.32s, valid_score: 0.323000]
Sun 15 Mar 2026 22:03:30 INFO  valid result: 
recall@1 : 0.1238    recall@2 : 0.2177    recall@3 : 0.2776    recall@4 : 0.3156    recall@5 : 0.3566    recall@10 : 0.4724    recall@20 : 0.614    recall@30 : 0.6929    recall@50 : 0.7923    ndcg@1 : 0.202    ndcg@2 : 0.2358    ndcg@3 : 0.2556    ndcg@4 : 0.2679    ndcg@5 : 0.2823    ndcg@10 : 0.323    ndcg@20 : 0.3654    ndcg@30 : 0.3866    ndcg@50 : 0.4099    precision@1 : 0.202    precision@2 : 0.1803    precision@3 : 0.1545    precision@4 : 0.1356    precision@5 : 0.1234    precision@10 : 0.0877    precision@20 : 0.0605    precision@30 : 0.047    precision@50 : 0.0331    map@1 : 0.202    map@2 : 0.2071    map@3 : 0.213    map@4 : 0.2168    map@5 : 0.2226    map@10 : 0.2391    map@20 : 0.2534    map@30 : 0.2594    map@50 : 0.2647
Sun 15 Mar 2026 22:03:30 INFO  Saving current: saved/LightGCN-Mar-15-2026_22-02-15.pth
Sun 15 Mar 2026 22:03:30 INFO  epoch 149 training [time: 0.17s, train loss: 2.6285]
Sun 15 Mar 2026 22:03:31 INFO  epoch 149 evaluating [time: 0.34s, valid_score: 0.323100]
Sun 15 Mar 2026 22:03:31 INFO  valid result: 
recall@1 : 0.123    recall@2 : 0.2177    recall@3 : 0.278    recall@4 : 0.3159    recall@5 : 0.357    recall@10 : 0.4732    recall@20 : 0.6139    recall@30 : 0.6942    recall@50 : 0.7917    ndcg@1 : 0.2008    ndcg@2 : 0.2358    ndcg@3 : 0.2555    ndcg@4 : 0.2678    ndcg@5 : 0.2821    ndcg@10 : 0.3231    ndcg@20 : 0.3652    ndcg@30 : 0.3866    ndcg@50 : 0.4097    precision@1 : 0.2008    precision@2 : 0.1809    precision@3 : 0.1547    precision@4 : 0.1357    precision@5 : 0.1232    precision@10 : 0.0878    precision@20 : 0.0605    precision@30 : 0.0469    precision@50 : 0.0331    map@1 : 0.2008    map@2 : 0.2068    map@3 : 0.2126    map@4 : 0.2165    map@5 : 0.222    map@10 : 0.2389    map@20 : 0.2531    map@30 : 0.2592    map@50 : 0.2644
Sun 15 Mar 2026 22:03:31 INFO  Saving current: saved/LightGCN-Mar-15-2026_22-02-15.pth
Sun 15 Mar 2026 22:03:31 INFO  epoch 150 training [time: 0.18s, train loss: 2.6955]
Sun 15 Mar 2026 22:03:31 INFO  epoch 150 evaluating [time: 0.33s, valid_score: 0.323700]
Sun 15 Mar 2026 22:03:31 INFO  valid result: 
recall@1 : 0.1239    recall@2 : 0.2177    recall@3 : 0.2788    recall@4 : 0.3151    recall@5 : 0.3568    recall@10 : 0.4733    recall@20 : 0.6146    recall@30 : 0.6934    recall@50 : 0.7918    ndcg@1 : 0.202    ndcg@2 : 0.2364    ndcg@3 : 0.2564    ndcg@4 : 0.2682    ndcg@5 : 0.2824    ndcg@10 : 0.3237    ndcg@20 : 0.3659    ndcg@30 : 0.3869    ndcg@50 : 0.4102    precision@1 : 0.202    precision@2 : 0.1812    precision@3 : 0.1553    precision@4 : 0.136    precision@5 : 0.1231    precision@10 : 0.0881    precision@20 : 0.0605    precision@30 : 0.0469    precision@50 : 0.0331    map@1 : 0.202    map@2 : 0.2075    map@3 : 0.2135    map@4 : 0.2171    map@5 : 0.2225    map@10 : 0.2396    map@20 : 0.2537    map@30 : 0.2597    map@50 : 0.265
Sun 15 Mar 2026 22:03:31 INFO  Saving current: saved/LightGCN-Mar-15-2026_22-02-15.pth
Sun 15 Mar 2026 22:03:31 INFO  epoch 151 training [time: 0.20s, train loss: 2.6683]
Sun 15 Mar 2026 22:03:32 INFO  epoch 151 evaluating [time: 0.32s, valid_score: 0.323900]
Sun 15 Mar 2026 22:03:32 INFO  valid result: 
recall@1 : 0.1234    recall@2 : 0.2177    recall@3 : 0.2795    recall@4 : 0.3152    recall@5 : 0.357    recall@10 : 0.4743    recall@20 : 0.6157    recall@30 : 0.6941    recall@50 : 0.7927    ndcg@1 : 0.202    ndcg@2 : 0.2363    ndcg@3 : 0.2568    ndcg@4 : 0.2681    ndcg@5 : 0.2825    ndcg@10 : 0.3239    ndcg@20 : 0.3661    ndcg@30 : 0.3871    ndcg@50 : 0.4104    precision@1 : 0.202    precision@2 : 0.1812    precision@3 : 0.1557    precision@4 : 0.136    precision@5 : 0.1235    precision@10 : 0.0883    precision@20 : 0.0606    precision@30 : 0.0469    precision@50 : 0.0331    map@1 : 0.202    map@2 : 0.2074    map@3 : 0.2137    map@4 : 0.2169    map@5 : 0.2225    map@10 : 0.2395    map@20 : 0.2536    map@30 : 0.2597    map@50 : 0.265
Sun 15 Mar 2026 22:03:32 INFO  Saving current: saved/LightGCN-Mar-15-2026_22-02-15.pth
Sun 15 Mar 2026 22:03:32 INFO  epoch 152 training [time: 0.18s, train loss: 2.6502]
Sun 15 Mar 2026 22:03:32 INFO  epoch 152 evaluating [time: 0.32s, valid_score: 0.324000]
Sun 15 Mar 2026 22:03:32 INFO  valid result: 
recall@1 : 0.1239    recall@2 : 0.2172    recall@3 : 0.2793    recall@4 : 0.3156    recall@5 : 0.3569    recall@10 : 0.4742    recall@20 : 0.6148    recall@30 : 0.6946    recall@50 : 0.7914    ndcg@1 : 0.202    ndcg@2 : 0.2358    ndcg@3 : 0.2566    ndcg@4 : 0.2683    ndcg@5 : 0.2827    ndcg@10 : 0.324    ndcg@20 : 0.3661    ndcg@30 : 0.3873    ndcg@50 : 0.4103    precision@1 : 0.202    precision@2 : 0.1806    precision@3 : 0.1555    precision@4 : 0.136    precision@5 : 0.1238    precision@10 : 0.0883    precision@20 : 0.0605    precision@30 : 0.047    precision@50 : 0.0331    map@1 : 0.202    map@2 : 0.2071    map@3 : 0.2138    map@4 : 0.2172    map@5 : 0.2228    map@10 : 0.2398    map@20 : 0.2538    map@30 : 0.26    map@50 : 0.2652
Sun 15 Mar 2026 22:03:32 INFO  Saving current: saved/LightGCN-Mar-15-2026_22-02-15.pth
Sun 15 Mar 2026 22:03:32 INFO  epoch 153 training [time: 0.17s, train loss: 2.6098]
Sun 15 Mar 2026 22:03:33 INFO  epoch 153 evaluating [time: 0.32s, valid_score: 0.324300]
Sun 15 Mar 2026 22:03:33 INFO  valid result: 
recall@1 : 0.123    recall@2 : 0.2168    recall@3 : 0.279    recall@4 : 0.3153    recall@5 : 0.3568    recall@10 : 0.4758    recall@20 : 0.6162    recall@30 : 0.6945    recall@50 : 0.7925    ndcg@1 : 0.2008    ndcg@2 : 0.2355    ndcg@3 : 0.2559    ndcg@4 : 0.2677    ndcg@5 : 0.2822    ndcg@10 : 0.3243    ndcg@20 : 0.3661    ndcg@30 : 0.387    ndcg@50 : 0.4102    precision@1 : 0.2008    precision@2 : 0.1809    precision@3 : 0.1549    precision@4 : 0.1359    precision@5 : 0.1237    precision@10 : 0.0888    precision@20 : 0.0606    precision@30 : 0.0469    precision@50 : 0.0331    map@1 : 0.2008    map@2 : 0.2068    map@3 : 0.213    map@4 : 0.2165    map@5 : 0.2222    map@10 : 0.2395    map@20 : 0.2535    map@30 : 0.2595    map@50 : 0.2648
Sun 15 Mar 2026 22:03:33 INFO  Saving current: saved/LightGCN-Mar-15-2026_22-02-15.pth
Sun 15 Mar 2026 22:03:33 INFO  epoch 154 training [time: 0.19s, train loss: 2.6424]
Sun 15 Mar 2026 22:03:33 INFO  epoch 154 evaluating [time: 0.30s, valid_score: 0.324900]
Sun 15 Mar 2026 22:03:33 INFO  valid result: 
recall@1 : 0.1242    recall@2 : 0.2171    recall@3 : 0.2797    recall@4 : 0.3151    recall@5 : 0.3576    recall@10 : 0.4758    recall@20 : 0.6164    recall@30 : 0.6953    recall@50 : 0.7943    ndcg@1 : 0.2032    ndcg@2 : 0.2364    ndcg@3 : 0.257    ndcg@4 : 0.2683    ndcg@5 : 0.2833    ndcg@10 : 0.3249    ndcg@20 : 0.3667    ndcg@30 : 0.3878    ndcg@50 : 0.4112    precision@1 : 0.2032    precision@2 : 0.1809    precision@3 : 0.1553    precision@4 : 0.1357    precision@5 : 0.1241    precision@10 : 0.0888    precision@20 : 0.0607    precision@30 : 0.047    precision@50 : 0.0332    map@1 : 0.2032    map@2 : 0.2078    map@3 : 0.2141    map@4 : 0.2173    map@5 : 0.2233    map@10 : 0.2403    map@20 : 0.2543    map@30 : 0.2604    map@50 : 0.2656
Sun 15 Mar 2026 22:03:33 INFO  Saving current: saved/LightGCN-Mar-15-2026_22-02-15.pth
Sun 15 Mar 2026 22:03:33 INFO  epoch 155 training [time: 0.17s, train loss: 2.6204]
Sun 15 Mar 2026 22:03:34 INFO  epoch 155 evaluating [time: 0.32s, valid_score: 0.324900]
Sun 15 Mar 2026 22:03:34 INFO  valid result: 
recall@1 : 0.1242    recall@2 : 0.2175    recall@3 : 0.28    recall@4 : 0.3154    recall@5 : 0.3576    recall@10 : 0.476    recall@20 : 0.6166    recall@30 : 0.695    recall@50 : 0.794    ndcg@1 : 0.2032    ndcg@2 : 0.2368    ndcg@3 : 0.2573    ndcg@4 : 0.2685    ndcg@5 : 0.2833    ndcg@10 : 0.3249    ndcg@20 : 0.3669    ndcg@30 : 0.3878    ndcg@50 : 0.4112    precision@1 : 0.2032    precision@2 : 0.1815    precision@3 : 0.1557    precision@4 : 0.1357    precision@5 : 0.124    precision@10 : 0.0887    precision@20 : 0.0607    precision@30 : 0.047    precision@50 : 0.0332    map@1 : 0.2032    map@2 : 0.2081    map@3 : 0.2144    map@4 : 0.2175    map@5 : 0.2234    map@10 : 0.2403    map@20 : 0.2545    map@30 : 0.2604    map@50 : 0.2657
Sun 15 Mar 2026 22:03:34 INFO  Saving current: saved/LightGCN-Mar-15-2026_22-02-15.pth
Sun 15 Mar 2026 22:03:34 INFO  epoch 156 training [time: 0.18s, train loss: 2.6359]
Sun 15 Mar 2026 22:03:34 INFO  epoch 156 evaluating [time: 0.34s, valid_score: 0.325100]
Sun 15 Mar 2026 22:03:34 INFO  valid result: 
recall@1 : 0.1237    recall@2 : 0.2175    recall@3 : 0.2803    recall@4 : 0.3155    recall@5 : 0.3581    recall@10 : 0.4766    recall@20 : 0.6159    recall@30 : 0.6949    recall@50 : 0.7948    ndcg@1 : 0.2038    ndcg@2 : 0.2368    ndcg@3 : 0.2572    ndcg@4 : 0.2684    ndcg@5 : 0.2834    ndcg@10 : 0.3251    ndcg@20 : 0.3667    ndcg@30 : 0.3877    ndcg@50 : 0.4114    precision@1 : 0.2038    precision@2 : 0.1815    precision@3 : 0.1555    precision@4 : 0.1357    precision@5 : 0.124    precision@10 : 0.0888    precision@20 : 0.0607    precision@30 : 0.0469    precision@50 : 0.0332    map@1 : 0.2038    map@2 : 0.208    map@3 : 0.2142    map@4 : 0.2172    map@5 : 0.2232    map@10 : 0.2403    map@20 : 0.2543    map@30 : 0.2603    map@50 : 0.2656
Sun 15 Mar 2026 22:03:34 INFO  Saving current: saved/LightGCN-Mar-15-2026_22-02-15.pth
Sun 15 Mar 2026 22:03:34 INFO  epoch 157 training [time: 0.19s, train loss: 2.6279]
Sun 15 Mar 2026 22:03:35 INFO  epoch 157 evaluating [time: 0.31s, valid_score: 0.325700]
Sun 15 Mar 2026 22:03:35 INFO  valid result: 
recall@1 : 0.1258    recall@2 : 0.2169    recall@3 : 0.2805    recall@4 : 0.3152    recall@5 : 0.3589    recall@10 : 0.4763    recall@20 : 0.6176    recall@30 : 0.695    recall@50 : 0.7938    ndcg@1 : 0.2056    ndcg@2 : 0.2372    ndcg@3 : 0.2581    ndcg@4 : 0.269    ndcg@5 : 0.2845    ndcg@10 : 0.3257    ndcg@20 : 0.3679    ndcg@30 : 0.3886    ndcg@50 : 0.412    precision@1 : 0.2056    precision@2 : 0.1812    precision@3 : 0.1557    precision@4 : 0.1357    precision@5 : 0.1244    precision@10 : 0.0886    precision@20 : 0.0609    precision@30 : 0.047    precision@50 : 0.0332    map@1 : 0.2056    map@2 : 0.2086    map@3 : 0.2151    map@4 : 0.2178    map@5 : 0.2243    map@10 : 0.2411    map@20 : 0.2554    map@30 : 0.2613    map@50 : 0.2666
Sun 15 Mar 2026 22:03:35 INFO  Saving current: saved/LightGCN-Mar-15-2026_22-02-15.pth
Sun 15 Mar 2026 22:03:35 INFO  epoch 158 training [time: 0.19s, train loss: 2.5950]
Sun 15 Mar 2026 22:03:35 INFO  epoch 158 evaluating [time: 0.31s, valid_score: 0.326600]
Sun 15 Mar 2026 22:03:35 INFO  valid result: 
recall@1 : 0.1269    recall@2 : 0.2182    recall@3 : 0.2808    recall@4 : 0.3159    recall@5 : 0.3607    recall@10 : 0.4766    recall@20 : 0.6186    recall@30 : 0.6959    recall@50 : 0.7943    ndcg@1 : 0.2074    ndcg@2 : 0.2387    ndcg@3 : 0.259    ndcg@4 : 0.27    ndcg@5 : 0.2859    ndcg@10 : 0.3266    ndcg@20 : 0.3691    ndcg@30 : 0.3896    ndcg@50 : 0.4129    precision@1 : 0.2074    precision@2 : 0.1824    precision@3 : 0.1561    precision@4 : 0.136    precision@5 : 0.1248    precision@10 : 0.0887    precision@20 : 0.061    precision@30 : 0.047    precision@50 : 0.0332    map@1 : 0.2074    map@2 : 0.2099    map@3 : 0.2161    map@4 : 0.2188    map@5 : 0.2255    map@10 : 0.2422    map@20 : 0.2565    map@30 : 0.2623    map@50 : 0.2675
Sun 15 Mar 2026 22:03:35 INFO  Saving current: saved/LightGCN-Mar-15-2026_22-02-15.pth
Sun 15 Mar 2026 22:03:35 INFO  epoch 159 training [time: 0.19s, train loss: 2.6072]
Sun 15 Mar 2026 22:03:36 INFO  epoch 159 evaluating [time: 0.31s, valid_score: 0.326600]
Sun 15 Mar 2026 22:03:36 INFO  valid result: 
recall@1 : 0.126    recall@2 : 0.2179    recall@3 : 0.2825    recall@4 : 0.3154    recall@5 : 0.3607    recall@10 : 0.4771    recall@20 : 0.6189    recall@30 : 0.6963    recall@50 : 0.7948    ndcg@1 : 0.2068    ndcg@2 : 0.2379    ndcg@3 : 0.2598    ndcg@4 : 0.2696    ndcg@5 : 0.2857    ndcg@10 : 0.3266    ndcg@20 : 0.3689    ndcg@30 : 0.3896    ndcg@50 : 0.4128    precision@1 : 0.2068    precision@2 : 0.1818    precision@3 : 0.1573    precision@4 : 0.136    precision@5 : 0.1248    precision@10 : 0.0889    precision@20 : 0.061    precision@30 : 0.0471    precision@50 : 0.0332    map@1 : 0.2068    map@2 : 0.2092    map@3 : 0.2163    map@4 : 0.2185    map@5 : 0.2252    map@10 : 0.2419    map@20 : 0.2562    map@30 : 0.262    map@50 : 0.2673
Sun 15 Mar 2026 22:03:36 INFO  Saving current: saved/LightGCN-Mar-15-2026_22-02-15.pth
Sun 15 Mar 2026 22:03:36 INFO  epoch 160 training [time: 0.19s, train loss: 2.5405]
Sun 15 Mar 2026 22:03:36 INFO  epoch 160 evaluating [time: 0.30s, valid_score: 0.326700]
Sun 15 Mar 2026 22:03:36 INFO  valid result: 
recall@1 : 0.1255    recall@2 : 0.2176    recall@3 : 0.2828    recall@4 : 0.3155    recall@5 : 0.3607    recall@10 : 0.4779    recall@20 : 0.6204    recall@30 : 0.6964    recall@50 : 0.7957    ndcg@1 : 0.2068    ndcg@2 : 0.2377    ndcg@3 : 0.2601    ndcg@4 : 0.2696    ndcg@5 : 0.2856    ndcg@10 : 0.3267    ndcg@20 : 0.3692    ndcg@30 : 0.3895    ndcg@50 : 0.4128    precision@1 : 0.2068    precision@2 : 0.1818    precision@3 : 0.1579    precision@4 : 0.1362    precision@5 : 0.1248    precision@10 : 0.089    precision@20 : 0.0611    precision@30 : 0.0471    precision@50 : 0.0332    map@1 : 0.2068    map@2 : 0.2089    map@3 : 0.2167    map@4 : 0.2184    map@5 : 0.225    map@10 : 0.2418    map@20 : 0.2561    map@30 : 0.2618    map@50 : 0.2671
Sun 15 Mar 2026 22:03:36 INFO  Saving current: saved/LightGCN-Mar-15-2026_22-02-15.pth
Sun 15 Mar 2026 22:03:36 INFO  epoch 161 training [time: 0.12s, train loss: 2.5930]
Sun 15 Mar 2026 22:03:37 INFO  epoch 161 evaluating [time: 0.25s, valid_score: 0.326900]
Sun 15 Mar 2026 22:03:37 INFO  valid result: 
recall@1 : 0.1253    recall@2 : 0.2181    recall@3 : 0.2843    recall@4 : 0.316    recall@5 : 0.3621    recall@10 : 0.4778    recall@20 : 0.6199    recall@30 : 0.6959    recall@50 : 0.7956    ndcg@1 : 0.2062    ndcg@2 : 0.2377    ndcg@3 : 0.2609    ndcg@4 : 0.2699    ndcg@5 : 0.2864    ndcg@10 : 0.3269    ndcg@20 : 0.3692    ndcg@30 : 0.3896    ndcg@50 : 0.413    precision@1 : 0.2062    precision@2 : 0.1818    precision@3 : 0.1587    precision@4 : 0.1363    precision@5 : 0.1254    precision@10 : 0.089    precision@20 : 0.0611    precision@30 : 0.0471    precision@50 : 0.0332    map@1 : 0.2062    map@2 : 0.2087    map@3 : 0.2172    map@4 : 0.2186    map@5 : 0.2255    map@10 : 0.242    map@20 : 0.2563    map@30 : 0.2621    map@50 : 0.2674
Sun 15 Mar 2026 22:03:37 INFO  Saving current: saved/LightGCN-Mar-15-2026_22-02-15.pth
Sun 15 Mar 2026 22:03:37 INFO  epoch 162 training [time: 0.18s, train loss: 2.5633]
Sun 15 Mar 2026 22:03:37 INFO  epoch 162 evaluating [time: 0.32s, valid_score: 0.327800]
Sun 15 Mar 2026 22:03:37 INFO  valid result: 
recall@1 : 0.127    recall@2 : 0.2176    recall@3 : 0.2844    recall@4 : 0.3166    recall@5 : 0.3626    recall@10 : 0.4785    recall@20 : 0.6193    recall@30 : 0.6959    recall@50 : 0.7952    ndcg@1 : 0.2092    ndcg@2 : 0.2379    ndcg@3 : 0.2617    ndcg@4 : 0.2708    ndcg@5 : 0.2872    ndcg@10 : 0.3278    ndcg@20 : 0.3699    ndcg@30 : 0.3903    ndcg@50 : 0.4137    precision@1 : 0.2092    precision@2 : 0.1809    precision@3 : 0.1589    precision@4 : 0.1365    precision@5 : 0.1254    precision@10 : 0.0892    precision@20 : 0.0611    precision@30 : 0.0471    precision@50 : 0.0332    map@1 : 0.2092    map@2 : 0.209    map@3 : 0.218    map@4 : 0.2195    map@5 : 0.2264    map@10 : 0.243    map@20 : 0.2571    map@30 : 0.263    map@50 : 0.2682
Sun 15 Mar 2026 22:03:37 INFO  Saving current: saved/LightGCN-Mar-15-2026_22-02-15.pth
Sun 15 Mar 2026 22:03:37 INFO  epoch 163 training [time: 0.18s, train loss: 2.5708]
Sun 15 Mar 2026 22:03:38 INFO  epoch 163 evaluating [time: 0.33s, valid_score: 0.328400]
Sun 15 Mar 2026 22:03:38 INFO  valid result: 
recall@1 : 0.1268    recall@2 : 0.2203    recall@3 : 0.2846    recall@4 : 0.3183    recall@5 : 0.3632    recall@10 : 0.4788    recall@20 : 0.6181    recall@30 : 0.6961    recall@50 : 0.7953    ndcg@1 : 0.2092    ndcg@2 : 0.2396    ndcg@3 : 0.2618    ndcg@4 : 0.272    ndcg@5 : 0.2879    ndcg@10 : 0.3284    ndcg@20 : 0.37    ndcg@30 : 0.3909    ndcg@50 : 0.4142    precision@1 : 0.2092    precision@2 : 0.1824    precision@3 : 0.1583    precision@4 : 0.1372    precision@5 : 0.1259    precision@10 : 0.0893    precision@20 : 0.0609    precision@30 : 0.0472    precision@50 : 0.0332    map@1 : 0.2092    map@2 : 0.2105    map@3 : 0.2182    map@4 : 0.2203    map@5 : 0.227    map@10 : 0.2436    map@20 : 0.2576    map@30 : 0.2636    map@50 : 0.2688
Sun 15 Mar 2026 22:03:38 INFO  Saving current: saved/LightGCN-Mar-15-2026_22-02-15.pth
Sun 15 Mar 2026 22:03:38 INFO  epoch 164 training [time: 0.18s, train loss: 2.5342]
Sun 15 Mar 2026 22:03:38 INFO  epoch 164 evaluating [time: 0.32s, valid_score: 0.328000]
Sun 15 Mar 2026 22:03:38 INFO  valid result: 
recall@1 : 0.1256    recall@2 : 0.2193    recall@3 : 0.2842    recall@4 : 0.3184    recall@5 : 0.3642    recall@10 : 0.4795    recall@20 : 0.6189    recall@30 : 0.6966    recall@50 : 0.7964    ndcg@1 : 0.208    ndcg@2 : 0.2383    ndcg@3 : 0.2612    ndcg@4 : 0.2715    ndcg@5 : 0.2878    ndcg@10 : 0.328    ndcg@20 : 0.3697    ndcg@30 : 0.3906    ndcg@50 : 0.414    precision@1 : 0.208    precision@2 : 0.1815    precision@3 : 0.1585    precision@4 : 0.1374    precision@5 : 0.1262    precision@10 : 0.0893    precision@20 : 0.061    precision@30 : 0.0472    precision@50 : 0.0333    map@1 : 0.208    map@2 : 0.2093    map@3 : 0.2175    map@4 : 0.2197    map@5 : 0.2265    map@10 : 0.2429    map@20 : 0.257    map@30 : 0.263    map@50 : 0.2682
Sun 15 Mar 2026 22:03:38 INFO  epoch 165 training [time: 0.16s, train loss: 2.5461]
Sun 15 Mar 2026 22:03:39 INFO  epoch 165 evaluating [time: 0.34s, valid_score: 0.328500]
Sun 15 Mar 2026 22:03:39 INFO  valid result: 
recall@1 : 0.1265    recall@2 : 0.2193    recall@3 : 0.2847    recall@4 : 0.3185    recall@5 : 0.3649    recall@10 : 0.4797    recall@20 : 0.62    recall@30 : 0.697    recall@50 : 0.7972    ndcg@1 : 0.2092    ndcg@2 : 0.2387    ndcg@3 : 0.2615    ndcg@4 : 0.2719    ndcg@5 : 0.2886    ndcg@10 : 0.3285    ndcg@20 : 0.3704    ndcg@30 : 0.3911    ndcg@50 : 0.4146    precision@1 : 0.2092    precision@2 : 0.1815    precision@3 : 0.1583    precision@4 : 0.1374    precision@5 : 0.1268    precision@10 : 0.0894    precision@20 : 0.0611    precision@30 : 0.0473    precision@50 : 0.0333    map@1 : 0.2092    map@2 : 0.2098    map@3 : 0.2178    map@4 : 0.2203    map@5 : 0.2273    map@10 : 0.2435    map@20 : 0.2576    map@30 : 0.2636    map@50 : 0.2688
Sun 15 Mar 2026 22:03:39 INFO  Saving current: saved/LightGCN-Mar-15-2026_22-02-15.pth
Sun 15 Mar 2026 22:03:39 INFO  epoch 166 training [time: 0.15s, train loss: 2.5914]
Sun 15 Mar 2026 22:03:39 INFO  epoch 166 evaluating [time: 0.34s, valid_score: 0.329500]
Sun 15 Mar 2026 22:03:39 INFO  valid result: 
recall@1 : 0.1285    recall@2 : 0.2211    recall@3 : 0.2854    recall@4 : 0.3194    recall@5 : 0.3643    recall@10 : 0.479    recall@20 : 0.6211    recall@30 : 0.6978    recall@50 : 0.7967    ndcg@1 : 0.211    ndcg@2 : 0.2405    ndcg@3 : 0.263    ndcg@4 : 0.2733    ndcg@5 : 0.2894    ndcg@10 : 0.3295    ndcg@20 : 0.3718    ndcg@30 : 0.3924    ndcg@50 : 0.4155    precision@1 : 0.211    precision@2 : 0.1824    precision@3 : 0.1589    precision@4 : 0.1377    precision@5 : 0.1267    precision@10 : 0.0895    precision@20 : 0.0613    precision@30 : 0.0473    precision@50 : 0.0333    map@1 : 0.211    map@2 : 0.2116    map@3 : 0.2193    map@4 : 0.2217    map@5 : 0.2285    map@10 : 0.2448    map@20 : 0.2592    map@30 : 0.265    map@50 : 0.2702
Sun 15 Mar 2026 22:03:39 INFO  Saving current: saved/LightGCN-Mar-15-2026_22-02-15.pth
Sun 15 Mar 2026 22:03:39 INFO  epoch 167 training [time: 0.17s, train loss: 2.5738]
Sun 15 Mar 2026 22:03:40 INFO  epoch 167 evaluating [time: 0.32s, valid_score: 0.328800]
Sun 15 Mar 2026 22:03:40 INFO  valid result: 
recall@1 : 0.1267    recall@2 : 0.2216    recall@3 : 0.2848    recall@4 : 0.3205    recall@5 : 0.3653    recall@10 : 0.4787    recall@20 : 0.6209    recall@30 : 0.6971    recall@50 : 0.7958    ndcg@1 : 0.208    ndcg@2 : 0.2403    ndcg@3 : 0.2618    ndcg@4 : 0.273    ndcg@5 : 0.2893    ndcg@10 : 0.3288    ndcg@20 : 0.3712    ndcg@30 : 0.3917    ndcg@50 : 0.4148    precision@1 : 0.208    precision@2 : 0.1833    precision@3 : 0.1585    precision@4 : 0.1381    precision@5 : 0.1273    precision@10 : 0.0895    precision@20 : 0.0612    precision@30 : 0.0473    precision@50 : 0.0332    map@1 : 0.208    map@2 : 0.2111    map@3 : 0.2181    map@4 : 0.2211    map@5 : 0.2281    map@10 : 0.2442    map@20 : 0.2584    map@30 : 0.2643    map@50 : 0.2694
Sun 15 Mar 2026 22:03:40 INFO  epoch 168 training [time: 0.17s, train loss: 2.5481]
Sun 15 Mar 2026 22:03:40 INFO  epoch 168 evaluating [time: 0.32s, valid_score: 0.329300]
Sun 15 Mar 2026 22:03:40 INFO  valid result: 
recall@1 : 0.126    recall@2 : 0.2242    recall@3 : 0.2843    recall@4 : 0.3207    recall@5 : 0.365    recall@10 : 0.48    recall@20 : 0.621    recall@30 : 0.6974    recall@50 : 0.7964    ndcg@1 : 0.2074    ndcg@2 : 0.2418    ndcg@3 : 0.2614    ndcg@4 : 0.2732    ndcg@5 : 0.2892    ndcg@10 : 0.3293    ndcg@20 : 0.3714    ndcg@30 : 0.3919    ndcg@50 : 0.415    precision@1 : 0.2074    precision@2 : 0.1847    precision@3 : 0.1579    precision@4 : 0.1383    precision@5 : 0.1272    precision@10 : 0.0896    precision@20 : 0.0612    precision@30 : 0.0473    precision@50 : 0.0332    map@1 : 0.2074    map@2 : 0.2122    map@3 : 0.2177    map@4 : 0.2212    map@5 : 0.228    map@10 : 0.2444    map@20 : 0.2585    map@30 : 0.2644    map@50 : 0.2696
Sun 15 Mar 2026 22:03:40 INFO  epoch 169 training [time: 0.17s, train loss: 2.5634]
Sun 15 Mar 2026 22:03:41 INFO  epoch 169 evaluating [time: 0.33s, valid_score: 0.330600]
Sun 15 Mar 2026 22:03:41 INFO  valid result: 
recall@1 : 0.1284    recall@2 : 0.2248    recall@3 : 0.285    recall@4 : 0.3214    recall@5 : 0.3638    recall@10 : 0.4805    recall@20 : 0.6213    recall@30 : 0.6977    recall@50 : 0.7961    ndcg@1 : 0.2098    ndcg@2 : 0.2436    ndcg@3 : 0.2628    ndcg@4 : 0.2747    ndcg@5 : 0.2899    ndcg@10 : 0.3306    ndcg@20 : 0.3726    ndcg@30 : 0.3931    ndcg@50 : 0.4162    precision@1 : 0.2098    precision@2 : 0.1859    precision@3 : 0.1581    precision@4 : 0.1386    precision@5 : 0.1269    precision@10 : 0.0896    precision@20 : 0.0613    precision@30 : 0.0473    precision@50 : 0.0333    map@1 : 0.2098    map@2 : 0.2141    map@3 : 0.2191    map@4 : 0.2228    map@5 : 0.2292    map@10 : 0.2458    map@20 : 0.26    map@30 : 0.2659    map@50 : 0.271
Sun 15 Mar 2026 22:03:41 INFO  Saving current: saved/LightGCN-Mar-15-2026_22-02-15.pth
Sun 15 Mar 2026 22:03:41 INFO  epoch 170 training [time: 0.17s, train loss: 2.5224]
Sun 15 Mar 2026 22:03:41 INFO  epoch 170 evaluating [time: 0.34s, valid_score: 0.331200]
Sun 15 Mar 2026 22:03:41 INFO  valid result: 
recall@1 : 0.1297    recall@2 : 0.2257    recall@3 : 0.2853    recall@4 : 0.3218    recall@5 : 0.3646    recall@10 : 0.4801    recall@20 : 0.6217    recall@30 : 0.698    recall@50 : 0.7955    ndcg@1 : 0.2116    ndcg@2 : 0.2453    ndcg@3 : 0.2638    ndcg@4 : 0.2756    ndcg@5 : 0.291    ndcg@10 : 0.3312    ndcg@20 : 0.3734    ndcg@30 : 0.3939    ndcg@50 : 0.4169    precision@1 : 0.2116    precision@2 : 0.1871    precision@3 : 0.1585    precision@4 : 0.1389    precision@5 : 0.1273    precision@10 : 0.0895    precision@20 : 0.0613    precision@30 : 0.0474    precision@50 : 0.0333    map@1 : 0.2116    map@2 : 0.2157    map@3 : 0.2202    map@4 : 0.2238    map@5 : 0.2304    map@10 : 0.2467    map@20 : 0.2609    map@30 : 0.2669    map@50 : 0.272
Sun 15 Mar 2026 22:03:41 INFO  Saving current: saved/LightGCN-Mar-15-2026_22-02-15.pth
Sun 15 Mar 2026 22:03:41 INFO  epoch 171 training [time: 0.15s, train loss: 2.5146]
Sun 15 Mar 2026 22:03:42 INFO  epoch 171 evaluating [time: 0.34s, valid_score: 0.330400]
Sun 15 Mar 2026 22:03:42 INFO  valid result: 
recall@1 : 0.1277    recall@2 : 0.2258    recall@3 : 0.2858    recall@4 : 0.3219    recall@5 : 0.3657    recall@10 : 0.4795    recall@20 : 0.6214    recall@30 : 0.6984    recall@50 : 0.7956    ndcg@1 : 0.2092    ndcg@2 : 0.2447    ndcg@3 : 0.2633    ndcg@4 : 0.275    ndcg@5 : 0.2907    ndcg@10 : 0.3304    ndcg@20 : 0.3727    ndcg@30 : 0.3935    ndcg@50 : 0.4163    precision@1 : 0.2092    precision@2 : 0.1874    precision@3 : 0.1587    precision@4 : 0.1389    precision@5 : 0.1275    precision@10 : 0.0895    precision@20 : 0.0612    precision@30 : 0.0474    precision@50 : 0.0333    map@1 : 0.2092    map@2 : 0.2148    map@3 : 0.2195    map@4 : 0.223    map@5 : 0.2296    map@10 : 0.2459    map@20 : 0.2601    map@30 : 0.2661    map@50 : 0.2712
Sun 15 Mar 2026 22:03:42 INFO  epoch 172 training [time: 0.19s, train loss: 2.5371]
Sun 15 Mar 2026 22:03:42 INFO  epoch 172 evaluating [time: 0.32s, valid_score: 0.330000]
Sun 15 Mar 2026 22:03:42 INFO  valid result: 
recall@1 : 0.126    recall@2 : 0.2261    recall@3 : 0.2862    recall@4 : 0.3234    recall@5 : 0.3658    recall@10 : 0.4796    recall@20 : 0.6222    recall@30 : 0.6988    recall@50 : 0.7961    ndcg@1 : 0.2068    ndcg@2 : 0.2442    ndcg@3 : 0.2629    ndcg@4 : 0.275    ndcg@5 : 0.2902    ndcg@10 : 0.33    ndcg@20 : 0.3725    ndcg@30 : 0.3931    ndcg@50 : 0.416    precision@1 : 0.2068    precision@2 : 0.1874    precision@3 : 0.1589    precision@4 : 0.1393    precision@5 : 0.1277    precision@10 : 0.0895    precision@20 : 0.0613    precision@30 : 0.0474    precision@50 : 0.0333    map@1 : 0.2068    map@2 : 0.2141    map@3 : 0.2187    map@4 : 0.2226    map@5 : 0.229    map@10 : 0.2452    map@20 : 0.2595    map@30 : 0.2654    map@50 : 0.2706
Sun 15 Mar 2026 22:03:42 INFO  epoch 173 training [time: 0.18s, train loss: 2.5392]
Sun 15 Mar 2026 22:03:43 INFO  epoch 173 evaluating [time: 0.33s, valid_score: 0.328700]
Sun 15 Mar 2026 22:03:43 INFO  valid result: 
recall@1 : 0.1232    recall@2 : 0.2254    recall@3 : 0.286    recall@4 : 0.3251    recall@5 : 0.3658    recall@10 : 0.4788    recall@20 : 0.6226    recall@30 : 0.6983    recall@50 : 0.7957    ndcg@1 : 0.205    ndcg@2 : 0.2427    ndcg@3 : 0.2619    ndcg@4 : 0.2748    ndcg@5 : 0.2893    ndcg@10 : 0.3287    ndcg@20 : 0.3715    ndcg@30 : 0.392    ndcg@50 : 0.4149    precision@1 : 0.205    precision@2 : 0.1868    precision@3 : 0.1591    precision@4 : 0.14    precision@5 : 0.1278    precision@10 : 0.0893    precision@20 : 0.0613    precision@30 : 0.0474    precision@50 : 0.0333    map@1 : 0.205    map@2 : 0.2122    map@3 : 0.2172    map@4 : 0.2216    map@5 : 0.2275    map@10 : 0.2436    map@20 : 0.258    map@30 : 0.264    map@50 : 0.2691
Sun 15 Mar 2026 22:03:43 INFO  epoch 174 training [time: 0.19s, train loss: 2.5094]
Sun 15 Mar 2026 22:03:43 INFO  epoch 174 evaluating [time: 0.33s, valid_score: 0.329800]
Sun 15 Mar 2026 22:03:43 INFO  valid result: 
recall@1 : 0.1254    recall@2 : 0.2237    recall@3 : 0.2859    recall@4 : 0.3251    recall@5 : 0.3654    recall@10 : 0.4801    recall@20 : 0.6219    recall@30 : 0.6975    recall@50 : 0.7951    ndcg@1 : 0.2074    ndcg@2 : 0.2425    ndcg@3 : 0.2625    ndcg@4 : 0.2755    ndcg@5 : 0.2898    ndcg@10 : 0.3298    ndcg@20 : 0.3721    ndcg@30 : 0.3925    ndcg@50 : 0.4154    precision@1 : 0.2074    precision@2 : 0.1859    precision@3 : 0.1591    precision@4 : 0.1402    precision@5 : 0.1278    precision@10 : 0.0896    precision@20 : 0.0613    precision@30 : 0.0474    precision@50 : 0.0333    map@1 : 0.2074    map@2 : 0.2126    map@3 : 0.2181    map@4 : 0.2225    map@5 : 0.2283    map@10 : 0.2446    map@20 : 0.2589    map@30 : 0.2648    map@50 : 0.27
Sun 15 Mar 2026 22:03:43 INFO  epoch 175 training [time: 0.19s, train loss: 2.4983]
Sun 15 Mar 2026 22:03:44 INFO  epoch 175 evaluating [time: 0.33s, valid_score: 0.329500]
Sun 15 Mar 2026 22:03:44 INFO  valid result: 
recall@1 : 0.1245    recall@2 : 0.2231    recall@3 : 0.2858    recall@4 : 0.3259    recall@5 : 0.3666    recall@10 : 0.4804    recall@20 : 0.6236    recall@30 : 0.6977    recall@50 : 0.7942    ndcg@1 : 0.2068    ndcg@2 : 0.2416    ndcg@3 : 0.2621    ndcg@4 : 0.2756    ndcg@5 : 0.2899    ndcg@10 : 0.3295    ndcg@20 : 0.3722    ndcg@30 : 0.3922    ndcg@50 : 0.4151    precision@1 : 0.2068    precision@2 : 0.1853    precision@3 : 0.1593    precision@4 : 0.1408    precision@5 : 0.128    precision@10 : 0.0896    precision@20 : 0.0614    precision@30 : 0.0474    precision@50 : 0.0333    map@1 : 0.2068    map@2 : 0.2117    map@3 : 0.2175    map@4 : 0.2222    map@5 : 0.2279    map@10 : 0.2442    map@20 : 0.2585    map@30 : 0.2643    map@50 : 0.2695
Sun 15 Mar 2026 22:03:44 INFO  epoch 176 training [time: 0.17s, train loss: 2.4956]
Sun 15 Mar 2026 22:03:44 INFO  epoch 176 evaluating [time: 0.33s, valid_score: 0.329800]
Sun 15 Mar 2026 22:03:44 INFO  valid result: 
recall@1 : 0.1249    recall@2 : 0.2225    recall@3 : 0.2878    recall@4 : 0.3256    recall@5 : 0.366    recall@10 : 0.4808    recall@20 : 0.6239    recall@30 : 0.6979    recall@50 : 0.7937    ndcg@1 : 0.2074    ndcg@2 : 0.2415    ndcg@3 : 0.2634    ndcg@4 : 0.2757    ndcg@5 : 0.2899    ndcg@10 : 0.3298    ndcg@20 : 0.3725    ndcg@30 : 0.3926    ndcg@50 : 0.4152    precision@1 : 0.2074    precision@2 : 0.185    precision@3 : 0.1603    precision@4 : 0.1406    precision@5 : 0.128    precision@10 : 0.0895    precision@20 : 0.0614    precision@30 : 0.0474    precision@50 : 0.0333    map@1 : 0.2074    map@2 : 0.2117    map@3 : 0.2184    map@4 : 0.2223    map@5 : 0.2281    map@10 : 0.2444    map@20 : 0.2587    map@30 : 0.2647    map@50 : 0.2698
Sun 15 Mar 2026 22:03:44 INFO  epoch 177 training [time: 0.19s, train loss: 2.5043]
Sun 15 Mar 2026 22:03:45 INFO  epoch 177 evaluating [time: 0.32s, valid_score: 0.330200]
Sun 15 Mar 2026 22:03:45 INFO  valid result: 
recall@1 : 0.1256    recall@2 : 0.2229    recall@3 : 0.288    recall@4 : 0.327    recall@5 : 0.3639    recall@10 : 0.4804    recall@20 : 0.6232    recall@30 : 0.6981    recall@50 : 0.7936    ndcg@1 : 0.2086    ndcg@2 : 0.2423    ndcg@3 : 0.2639    ndcg@4 : 0.2767    ndcg@5 : 0.2895    ndcg@10 : 0.3302    ndcg@20 : 0.3727    ndcg@30 : 0.3931    ndcg@50 : 0.4156    precision@1 : 0.2086    precision@2 : 0.1856    precision@3 : 0.1605    precision@4 : 0.1411    precision@5 : 0.1275    precision@10 : 0.0896    precision@20 : 0.0613    precision@30 : 0.0475    precision@50 : 0.0333    map@1 : 0.2086    map@2 : 0.2125    map@3 : 0.219    map@4 : 0.2231    map@5 : 0.2282    map@10 : 0.2449    map@20 : 0.2591    map@30 : 0.2651    map@50 : 0.2702
Sun 15 Mar 2026 22:03:45 INFO  epoch 178 training [time: 0.20s, train loss: 2.5118]
Sun 15 Mar 2026 22:03:45 INFO  epoch 178 evaluating [time: 0.26s, valid_score: 0.330500]
Sun 15 Mar 2026 22:03:45 INFO  valid result: 
recall@1 : 0.1269    recall@2 : 0.2211    recall@3 : 0.2875    recall@4 : 0.3271    recall@5 : 0.3646    recall@10 : 0.4808    recall@20 : 0.624    recall@30 : 0.6979    recall@50 : 0.7937    ndcg@1 : 0.2098    ndcg@2 : 0.2413    ndcg@3 : 0.2636    ndcg@4 : 0.277    ndcg@5 : 0.2899    ndcg@10 : 0.3305    ndcg@20 : 0.373    ndcg@30 : 0.3932    ndcg@50 : 0.4159    precision@1 : 0.2098    precision@2 : 0.1841    precision@3 : 0.1599    precision@4 : 0.1412    precision@5 : 0.1277    precision@10 : 0.0897    precision@20 : 0.0613    precision@30 : 0.0474    precision@50 : 0.0333    map@1 : 0.2098    map@2 : 0.2117    map@3 : 0.2189    map@4 : 0.2233    map@5 : 0.2285    map@10 : 0.2452    map@20 : 0.2594    map@30 : 0.2654    map@50 : 0.2706
Sun 15 Mar 2026 22:03:45 INFO  epoch 179 training [time: 0.22s, train loss: 2.4675]
Sun 15 Mar 2026 22:03:46 INFO  epoch 179 evaluating [time: 0.31s, valid_score: 0.331900]
Sun 15 Mar 2026 22:03:46 INFO  valid result: 
recall@1 : 0.1296    recall@2 : 0.2211    recall@3 : 0.2881    recall@4 : 0.3271    recall@5 : 0.3653    recall@10 : 0.4817    recall@20 : 0.6237    recall@30 : 0.6969    recall@50 : 0.795    ndcg@1 : 0.2133    ndcg@2 : 0.2424    ndcg@3 : 0.2651    ndcg@4 : 0.2782    ndcg@5 : 0.2914    ndcg@10 : 0.3319    ndcg@20 : 0.3741    ndcg@30 : 0.3942    ndcg@50 : 0.4173    precision@1 : 0.2133    precision@2 : 0.1841    precision@3 : 0.1601    precision@4 : 0.1414    precision@5 : 0.1279    precision@10 : 0.0898    precision@20 : 0.0613    precision@30 : 0.0474    precision@50 : 0.0333    map@1 : 0.2133    map@2 : 0.2132    map@3 : 0.2205    map@4 : 0.2248    map@5 : 0.2302    map@10 : 0.2468    map@20 : 0.2609    map@30 : 0.2669    map@50 : 0.2721
Sun 15 Mar 2026 22:03:46 INFO  Saving current: saved/LightGCN-Mar-15-2026_22-02-15.pth
Sun 15 Mar 2026 22:03:46 INFO  epoch 180 training [time: 0.19s, train loss: 2.4592]
Sun 15 Mar 2026 22:03:46 INFO  epoch 180 evaluating [time: 0.32s, valid_score: 0.331800]
Sun 15 Mar 2026 22:03:46 INFO  valid result: 
recall@1 : 0.1296    recall@2 : 0.2202    recall@3 : 0.2887    recall@4 : 0.329    recall@5 : 0.3629    recall@10 : 0.4813    recall@20 : 0.6244    recall@30 : 0.6967    recall@50 : 0.7954    ndcg@1 : 0.2133    ndcg@2 : 0.2423    ndcg@3 : 0.2653    ndcg@4 : 0.2789    ndcg@5 : 0.2904    ndcg@10 : 0.3318    ndcg@20 : 0.3742    ndcg@30 : 0.3941    ndcg@50 : 0.4174    precision@1 : 0.2133    precision@2 : 0.1841    precision@3 : 0.1603    precision@4 : 0.1418    precision@5 : 0.1273    precision@10 : 0.0897    precision@20 : 0.0613    precision@30 : 0.0474    precision@50 : 0.0333    map@1 : 0.2133    map@2 : 0.2132    map@3 : 0.2207    map@4 : 0.2254    map@5 : 0.2296    map@10 : 0.2467    map@20 : 0.2609    map@30 : 0.2669    map@50 : 0.2721
Sun 15 Mar 2026 22:03:46 INFO  epoch 181 training [time: 0.19s, train loss: 2.4719]
Sun 15 Mar 2026 22:03:47 INFO  epoch 181 evaluating [time: 0.32s, valid_score: 0.331700]
Sun 15 Mar 2026 22:03:47 INFO  valid result: 
recall@1 : 0.1287    recall@2 : 0.2208    recall@3 : 0.2881    recall@4 : 0.3277    recall@5 : 0.363    recall@10 : 0.4821    recall@20 : 0.6249    recall@30 : 0.6977    recall@50 : 0.7959    ndcg@1 : 0.2133    ndcg@2 : 0.2425    ndcg@3 : 0.2649    ndcg@4 : 0.2782    ndcg@5 : 0.2902    ndcg@10 : 0.3317    ndcg@20 : 0.3742    ndcg@30 : 0.3941    ndcg@50 : 0.4173    precision@1 : 0.2133    precision@2 : 0.1844    precision@3 : 0.1603    precision@4 : 0.1417    precision@5 : 0.1273    precision@10 : 0.0897    precision@20 : 0.0614    precision@30 : 0.0475    precision@50 : 0.0334    map@1 : 0.2133    map@2 : 0.2131    map@3 : 0.2202    map@4 : 0.2248    map@5 : 0.2292    map@10 : 0.2464    map@20 : 0.2606    map@30 : 0.2666    map@50 : 0.2718
Sun 15 Mar 2026 22:03:47 INFO  epoch 182 training [time: 0.19s, train loss: 2.4701]
Sun 15 Mar 2026 22:03:47 INFO  epoch 182 evaluating [time: 0.32s, valid_score: 0.331900]
Sun 15 Mar 2026 22:03:47 INFO  valid result: 
recall@1 : 0.1281    recall@2 : 0.2203    recall@3 : 0.2893    recall@4 : 0.3279    recall@5 : 0.3628    recall@10 : 0.4835    recall@20 : 0.6252    recall@30 : 0.6991    recall@50 : 0.7957    ndcg@1 : 0.2128    ndcg@2 : 0.242    ndcg@3 : 0.2652    ndcg@4 : 0.278    ndcg@5 : 0.29    ndcg@10 : 0.3319    ndcg@20 : 0.3741    ndcg@30 : 0.3942    ndcg@50 : 0.4171    precision@1 : 0.2128    precision@2 : 0.1844    precision@3 : 0.1607    precision@4 : 0.1417    precision@5 : 0.1274    precision@10 : 0.0899    precision@20 : 0.0614    precision@30 : 0.0475    precision@50 : 0.0334    map@1 : 0.2128    map@2 : 0.2123    map@3 : 0.2201    map@4 : 0.2244    map@5 : 0.2291    map@10 : 0.2462    map@20 : 0.2603    map@30 : 0.2663    map@50 : 0.2714
Sun 15 Mar 2026 22:03:47 INFO  Saving current: saved/LightGCN-Mar-15-2026_22-02-15.pth
Sun 15 Mar 2026 22:03:47 INFO  epoch 183 training [time: 0.18s, train loss: 2.4845]
Sun 15 Mar 2026 22:03:48 INFO  epoch 183 evaluating [time: 0.32s, valid_score: 0.332000]
Sun 15 Mar 2026 22:03:48 INFO  valid result: 
recall@1 : 0.1281    recall@2 : 0.221    recall@3 : 0.2888    recall@4 : 0.328    recall@5 : 0.363    recall@10 : 0.4834    recall@20 : 0.6268    recall@30 : 0.699    recall@50 : 0.7955    ndcg@1 : 0.2128    ndcg@2 : 0.2426    ndcg@3 : 0.265    ndcg@4 : 0.2781    ndcg@5 : 0.2902    ndcg@10 : 0.332    ndcg@20 : 0.3746    ndcg@30 : 0.3944    ndcg@50 : 0.4173    precision@1 : 0.2128    precision@2 : 0.185    precision@3 : 0.1603    precision@4 : 0.1417    precision@5 : 0.1275    precision@10 : 0.0899    precision@20 : 0.0615    precision@30 : 0.0476    precision@50 : 0.0334    map@1 : 0.2128    map@2 : 0.2128    map@3 : 0.2201    map@4 : 0.2245    map@5 : 0.2292    map@10 : 0.2463    map@20 : 0.2605    map@30 : 0.2665    map@50 : 0.2716
Sun 15 Mar 2026 22:03:48 INFO  Saving current: saved/LightGCN-Mar-15-2026_22-02-15.pth
Sun 15 Mar 2026 22:03:48 INFO  epoch 184 training [time: 0.17s, train loss: 2.5035]
Sun 15 Mar 2026 22:03:48 INFO  epoch 184 evaluating [time: 0.33s, valid_score: 0.332200]
Sun 15 Mar 2026 22:03:48 INFO  valid result: 
recall@1 : 0.1278    recall@2 : 0.2207    recall@3 : 0.2882    recall@4 : 0.3283    recall@5 : 0.3635    recall@10 : 0.484    recall@20 : 0.6267    recall@30 : 0.699    recall@50 : 0.7957    ndcg@1 : 0.2139    ndcg@2 : 0.2423    ndcg@3 : 0.265    ndcg@4 : 0.2783    ndcg@5 : 0.2904    ndcg@10 : 0.3322    ndcg@20 : 0.3746    ndcg@30 : 0.3945    ndcg@50 : 0.4173    precision@1 : 0.2139    precision@2 : 0.1844    precision@3 : 0.1607    precision@4 : 0.142    precision@5 : 0.1279    precision@10 : 0.09    precision@20 : 0.0615    precision@30 : 0.0476    precision@50 : 0.0334    map@1 : 0.2139    map@2 : 0.2125    map@3 : 0.2201    map@4 : 0.2246    map@5 : 0.2292    map@10 : 0.2463    map@20 : 0.2604    map@30 : 0.2664    map@50 : 0.2716
Sun 15 Mar 2026 22:03:48 INFO  Saving current: saved/LightGCN-Mar-15-2026_22-02-15.pth
Sun 15 Mar 2026 22:03:48 INFO  epoch 185 training [time: 0.19s, train loss: 2.4397]
Sun 15 Mar 2026 22:03:49 INFO  epoch 185 evaluating [time: 0.34s, valid_score: 0.332300]
Sun 15 Mar 2026 22:03:49 INFO  valid result: 
recall@1 : 0.1274    recall@2 : 0.2204    recall@3 : 0.2876    recall@4 : 0.328    recall@5 : 0.3652    recall@10 : 0.4843    recall@20 : 0.6281    recall@30 : 0.6993    recall@50 : 0.7963    ndcg@1 : 0.2145    ndcg@2 : 0.2421    ndcg@3 : 0.2645    ndcg@4 : 0.278    ndcg@5 : 0.291    ndcg@10 : 0.3323    ndcg@20 : 0.3749    ndcg@30 : 0.3944    ndcg@50 : 0.4174    precision@1 : 0.2145    precision@2 : 0.1841    precision@3 : 0.1603    precision@4 : 0.1418    precision@5 : 0.1286    precision@10 : 0.0902    precision@20 : 0.0616    precision@30 : 0.0476    precision@50 : 0.0335    map@1 : 0.2145    map@2 : 0.2123    map@3 : 0.2195    map@4 : 0.2241    map@5 : 0.2295    map@10 : 0.2462    map@20 : 0.2603    map@30 : 0.2662    map@50 : 0.2714
Sun 15 Mar 2026 22:03:49 INFO  Saving current: saved/LightGCN-Mar-15-2026_22-02-15.pth
Sun 15 Mar 2026 22:03:49 INFO  epoch 186 training [time: 0.20s, train loss: 2.4640]
Sun 15 Mar 2026 22:03:49 INFO  epoch 186 evaluating [time: 0.32s, valid_score: 0.331900]
Sun 15 Mar 2026 22:03:49 INFO  valid result: 
recall@1 : 0.1263    recall@2 : 0.2202    recall@3 : 0.2876    recall@4 : 0.3286    recall@5 : 0.3649    recall@10 : 0.4844    recall@20 : 0.6288    recall@30 : 0.699    recall@50 : 0.7957    ndcg@1 : 0.2139    ndcg@2 : 0.2416    ndcg@3 : 0.2641    ndcg@4 : 0.2777    ndcg@5 : 0.2905    ndcg@10 : 0.3319    ndcg@20 : 0.3747    ndcg@30 : 0.394    ndcg@50 : 0.4169    precision@1 : 0.2139    precision@2 : 0.1838    precision@3 : 0.1603    precision@4 : 0.1417    precision@5 : 0.1285    precision@10 : 0.0902    precision@20 : 0.0617    precision@30 : 0.0476    precision@50 : 0.0334    map@1 : 0.2139    map@2 : 0.2119    map@3 : 0.219    map@4 : 0.2236    map@5 : 0.2289    map@10 : 0.2457    map@20 : 0.2598    map@30 : 0.2656    map@50 : 0.2708
Sun 15 Mar 2026 22:03:49 INFO  epoch 187 training [time: 0.18s, train loss: 2.4315]
Sun 15 Mar 2026 22:03:50 INFO  epoch 187 evaluating [time: 0.33s, valid_score: 0.331700]
Sun 15 Mar 2026 22:03:50 INFO  valid result: 
recall@1 : 0.1259    recall@2 : 0.2211    recall@3 : 0.2877    recall@4 : 0.3289    recall@5 : 0.3658    recall@10 : 0.4836    recall@20 : 0.6297    recall@30 : 0.6992    recall@50 : 0.795    ndcg@1 : 0.2139    ndcg@2 : 0.2423    ndcg@3 : 0.2643    ndcg@4 : 0.2779    ndcg@5 : 0.2909    ndcg@10 : 0.3317    ndcg@20 : 0.375    ndcg@30 : 0.3941    ndcg@50 : 0.4169    precision@1 : 0.2139    precision@2 : 0.1847    precision@3 : 0.1605    precision@4 : 0.1418    precision@5 : 0.1287    precision@10 : 0.09    precision@20 : 0.0617    precision@30 : 0.0476    precision@50 : 0.0334    map@1 : 0.2139    map@2 : 0.2123    map@3 : 0.219    map@4 : 0.2236    map@5 : 0.229    map@10 : 0.2454    map@20 : 0.2599    map@30 : 0.2657    map@50 : 0.2709
Sun 15 Mar 2026 22:03:50 INFO  epoch 188 training [time: 0.19s, train loss: 2.4198]
Sun 15 Mar 2026 22:03:50 INFO  epoch 188 evaluating [time: 0.32s, valid_score: 0.331500]
Sun 15 Mar 2026 22:03:50 INFO  valid result: 
recall@1 : 0.1249    recall@2 : 0.2213    recall@3 : 0.2879    recall@4 : 0.3283    recall@5 : 0.3659    recall@10 : 0.4839    recall@20 : 0.6298    recall@30 : 0.7    recall@50 : 0.7954    ndcg@1 : 0.2133    ndcg@2 : 0.2425    ndcg@3 : 0.2642    ndcg@4 : 0.2775    ndcg@5 : 0.2908    ndcg@10 : 0.3315    ndcg@20 : 0.3747    ndcg@30 : 0.3941    ndcg@50 : 0.4167    precision@1 : 0.2133    precision@2 : 0.1853    precision@3 : 0.1607    precision@4 : 0.142    precision@5 : 0.1288    precision@10 : 0.0901    precision@20 : 0.0617    precision@30 : 0.0477    precision@50 : 0.0335    map@1 : 0.2133    map@2 : 0.2123    map@3 : 0.2187    map@4 : 0.2231    map@5 : 0.2286    map@10 : 0.245    map@20 : 0.2594    map@30 : 0.2653    map@50 : 0.2704
Sun 15 Mar 2026 22:03:50 INFO  epoch 189 training [time: 0.18s, train loss: 2.4464]
Sun 15 Mar 2026 22:03:51 INFO  epoch 189 evaluating [time: 0.32s, valid_score: 0.331500]
Sun 15 Mar 2026 22:03:51 INFO  valid result: 
recall@1 : 0.1248    recall@2 : 0.2206    recall@3 : 0.2884    recall@4 : 0.3293    recall@5 : 0.3651    recall@10 : 0.4841    recall@20 : 0.6295    recall@30 : 0.6994    recall@50 : 0.7966    ndcg@1 : 0.2128    ndcg@2 : 0.2419    ndcg@3 : 0.2641    ndcg@4 : 0.2779    ndcg@5 : 0.2904    ndcg@10 : 0.3315    ndcg@20 : 0.3745    ndcg@30 : 0.3938    ndcg@50 : 0.4168    precision@1 : 0.2128    precision@2 : 0.1847    precision@3 : 0.1607    precision@4 : 0.1426    precision@5 : 0.1287    precision@10 : 0.0901    precision@20 : 0.0617    precision@30 : 0.0477    precision@50 : 0.0335    map@1 : 0.2128    map@2 : 0.2119    map@3 : 0.2186    map@4 : 0.2233    map@5 : 0.2283    map@10 : 0.2449    map@20 : 0.2593    map@30 : 0.2652    map@50 : 0.2704
Sun 15 Mar 2026 22:03:51 INFO  epoch 190 training [time: 0.17s, train loss: 2.4448]
Sun 15 Mar 2026 22:03:51 INFO  epoch 190 evaluating [time: 0.19s, valid_score: 0.331500]
Sun 15 Mar 2026 22:03:51 INFO  valid result: 
recall@1 : 0.1254    recall@2 : 0.2211    recall@3 : 0.2881    recall@4 : 0.328    recall@5 : 0.3656    recall@10 : 0.4836    recall@20 : 0.6293    recall@30 : 0.7004    recall@50 : 0.797    ndcg@1 : 0.2133    ndcg@2 : 0.242    ndcg@3 : 0.2642    ndcg@4 : 0.2774    ndcg@5 : 0.2907    ndcg@10 : 0.3315    ndcg@20 : 0.3747    ndcg@30 : 0.3943    ndcg@50 : 0.4172    precision@1 : 0.2133    precision@2 : 0.1844    precision@3 : 0.1607    precision@4 : 0.142    precision@5 : 0.1288    precision@10 : 0.0899    precision@20 : 0.0616    precision@30 : 0.0477    precision@50 : 0.0335    map@1 : 0.2133    map@2 : 0.2122    map@3 : 0.219    map@4 : 0.2233    map@5 : 0.2288    map@10 : 0.2452    map@20 : 0.2596    map@30 : 0.2656    map@50 : 0.2708
Sun 15 Mar 2026 22:03:51 INFO  epoch 191 training [time: 0.15s, train loss: 2.4374]
Sun 15 Mar 2026 22:03:52 INFO  epoch 191 evaluating [time: 0.33s, valid_score: 0.331900]
Sun 15 Mar 2026 22:03:52 INFO  valid result: 
recall@1 : 0.1254    recall@2 : 0.2214    recall@3 : 0.2881    recall@4 : 0.3286    recall@5 : 0.3659    recall@10 : 0.4847    recall@20 : 0.6293    recall@30 : 0.7003    recall@50 : 0.7984    ndcg@1 : 0.2133    ndcg@2 : 0.2422    ndcg@3 : 0.2643    ndcg@4 : 0.2777    ndcg@5 : 0.2909    ndcg@10 : 0.3319    ndcg@20 : 0.3747    ndcg@30 : 0.3945    ndcg@50 : 0.4176    precision@1 : 0.2133    precision@2 : 0.1844    precision@3 : 0.1607    precision@4 : 0.1421    precision@5 : 0.129    precision@10 : 0.0902    precision@20 : 0.0616    precision@30 : 0.0478    precision@50 : 0.0336    map@1 : 0.2133    map@2 : 0.2123    map@3 : 0.2191    map@4 : 0.2235    map@5 : 0.229    map@10 : 0.2455    map@20 : 0.2598    map@30 : 0.2658    map@50 : 0.271
Sun 15 Mar 2026 22:03:52 INFO  epoch 192 training [time: 0.20s, train loss: 2.4528]
Sun 15 Mar 2026 22:03:52 INFO  epoch 192 evaluating [time: 0.31s, valid_score: 0.331600]
Sun 15 Mar 2026 22:03:52 INFO  valid result: 
recall@1 : 0.1247    recall@2 : 0.2227    recall@3 : 0.2878    recall@4 : 0.3274    recall@5 : 0.3664    recall@10 : 0.4839    recall@20 : 0.6296    recall@30 : 0.7003    recall@50 : 0.7988    ndcg@1 : 0.2133    ndcg@2 : 0.2431    ndcg@3 : 0.2642    ndcg@4 : 0.2771    ndcg@5 : 0.2911    ndcg@10 : 0.3316    ndcg@20 : 0.3748    ndcg@30 : 0.3944    ndcg@50 : 0.4176    precision@1 : 0.2133    precision@2 : 0.1853    precision@3 : 0.1605    precision@4 : 0.1417    precision@5 : 0.1292    precision@10 : 0.09    precision@20 : 0.0616    precision@30 : 0.0478    precision@50 : 0.0336    map@1 : 0.2133    map@2 : 0.2129    map@3 : 0.2191    map@4 : 0.2231    map@5 : 0.229    map@10 : 0.2453    map@20 : 0.2596    map@30 : 0.2657    map@50 : 0.2709
Sun 15 Mar 2026 22:03:52 INFO  epoch 193 training [time: 0.19s, train loss: 2.4282]
Sun 15 Mar 2026 22:03:53 INFO  epoch 193 evaluating [time: 0.31s, valid_score: 0.331500]
Sun 15 Mar 2026 22:03:53 INFO  valid result: 
recall@1 : 0.124    recall@2 : 0.2228    recall@3 : 0.2889    recall@4 : 0.3273    recall@5 : 0.3663    recall@10 : 0.4837    recall@20 : 0.6304    recall@30 : 0.7001    recall@50 : 0.799    ndcg@1 : 0.2133    ndcg@2 : 0.2431    ndcg@3 : 0.2645    ndcg@4 : 0.277    ndcg@5 : 0.291    ndcg@10 : 0.3315    ndcg@20 : 0.375    ndcg@30 : 0.3944    ndcg@50 : 0.4176    precision@1 : 0.2133    precision@2 : 0.1856    precision@3 : 0.1607    precision@4 : 0.1417    precision@5 : 0.1292    precision@10 : 0.0899    precision@20 : 0.0617    precision@30 : 0.0478    precision@50 : 0.0336    map@1 : 0.2133    map@2 : 0.2129    map@3 : 0.219    map@4 : 0.2228    map@5 : 0.2288    map@10 : 0.245    map@20 : 0.2595    map@30 : 0.2655    map@50 : 0.2707
Sun 15 Mar 2026 22:03:53 INFO  epoch 194 training [time: 0.16s, train loss: 2.3883]
Sun 15 Mar 2026 22:03:53 INFO  epoch 194 evaluating [time: 0.33s, valid_score: 0.331700]
Sun 15 Mar 2026 22:03:53 INFO  valid result: 
recall@1 : 0.1241    recall@2 : 0.2222    recall@3 : 0.2883    recall@4 : 0.3276    recall@5 : 0.3668    recall@10 : 0.4843    recall@20 : 0.6311    recall@30 : 0.6999    recall@50 : 0.799    ndcg@1 : 0.2139    ndcg@2 : 0.2431    ndcg@3 : 0.2642    ndcg@4 : 0.2771    ndcg@5 : 0.2913    ndcg@10 : 0.3317    ndcg@20 : 0.3752    ndcg@30 : 0.3944    ndcg@50 : 0.4177    precision@1 : 0.2139    precision@2 : 0.1856    precision@3 : 0.1605    precision@4 : 0.1418    precision@5 : 0.1297    precision@10 : 0.0901    precision@20 : 0.0617    precision@30 : 0.0478    precision@50 : 0.0336    map@1 : 0.2139    map@2 : 0.2129    map@3 : 0.2189    map@4 : 0.2228    map@5 : 0.2289    map@10 : 0.2451    map@20 : 0.2596    map@30 : 0.2655    map@50 : 0.2708
Sun 15 Mar 2026 22:03:53 INFO  epoch 195 training [time: 0.18s, train loss: 2.4565]
Sun 15 Mar 2026 22:03:54 INFO  epoch 195 evaluating [time: 0.34s, valid_score: 0.331900]
Sun 15 Mar 2026 22:03:54 INFO  valid result: 
recall@1 : 0.1239    recall@2 : 0.2233    recall@3 : 0.2864    recall@4 : 0.3265    recall@5 : 0.3668    recall@10 : 0.4851    recall@20 : 0.6321    recall@30 : 0.7005    recall@50 : 0.7993    ndcg@1 : 0.2133    ndcg@2 : 0.2438    ndcg@3 : 0.2632    ndcg@4 : 0.2766    ndcg@5 : 0.2912    ndcg@10 : 0.3319    ndcg@20 : 0.3753    ndcg@30 : 0.3945    ndcg@50 : 0.4177    precision@1 : 0.2133    precision@2 : 0.1865    precision@3 : 0.1597    precision@4 : 0.1415    precision@5 : 0.1297    precision@10 : 0.0903    precision@20 : 0.0617    precision@30 : 0.0478    precision@50 : 0.0336    map@1 : 0.2133    map@2 : 0.2133    map@3 : 0.2182    map@4 : 0.2225    map@5 : 0.2289    map@10 : 0.2452    map@20 : 0.2595    map@30 : 0.2655    map@50 : 0.2708
Sun 15 Mar 2026 22:03:54 INFO  epoch 196 training [time: 0.17s, train loss: 2.4026]
Sun 15 Mar 2026 22:03:54 INFO  epoch 196 evaluating [time: 0.32s, valid_score: 0.332200]
Sun 15 Mar 2026 22:03:54 INFO  valid result: 
recall@1 : 0.1242    recall@2 : 0.2242    recall@3 : 0.2871    recall@4 : 0.3267    recall@5 : 0.3663    recall@10 : 0.4847    recall@20 : 0.6327    recall@30 : 0.7004    recall@50 : 0.798    ndcg@1 : 0.2145    ndcg@2 : 0.2445    ndcg@3 : 0.264    ndcg@4 : 0.2771    ndcg@5 : 0.2914    ndcg@10 : 0.3322    ndcg@20 : 0.3758    ndcg@30 : 0.3948    ndcg@50 : 0.4179    precision@1 : 0.2145    precision@2 : 0.1868    precision@3 : 0.1601    precision@4 : 0.1415    precision@5 : 0.1297    precision@10 : 0.0903    precision@20 : 0.0617    precision@30 : 0.0478    precision@50 : 0.0336    map@1 : 0.2145    map@2 : 0.2139    map@3 : 0.2189    map@4 : 0.2229    map@5 : 0.2292    map@10 : 0.2456    map@20 : 0.26    map@30 : 0.266    map@50 : 0.2712
Sun 15 Mar 2026 22:03:54 INFO  epoch 197 training [time: 0.17s, train loss: 2.3793]
Sun 15 Mar 2026 22:03:55 INFO  epoch 197 evaluating [time: 0.32s, valid_score: 0.332300]
Sun 15 Mar 2026 22:03:55 INFO  valid result: 
recall@1 : 0.1241    recall@2 : 0.2241    recall@3 : 0.2871    recall@4 : 0.3274    recall@5 : 0.3664    recall@10 : 0.485    recall@20 : 0.6333    recall@30 : 0.7012    recall@50 : 0.7982    ndcg@1 : 0.2139    ndcg@2 : 0.2441    ndcg@3 : 0.2638    ndcg@4 : 0.2774    ndcg@5 : 0.2913    ndcg@10 : 0.3323    ndcg@20 : 0.376    ndcg@30 : 0.395    ndcg@50 : 0.4179    precision@1 : 0.2139    precision@2 : 0.1865    precision@3 : 0.1601    precision@4 : 0.1421    precision@5 : 0.1297    precision@10 : 0.0905    precision@20 : 0.0618    precision@30 : 0.0478    precision@50 : 0.0336    map@1 : 0.2139    map@2 : 0.2135    map@3 : 0.2187    map@4 : 0.2231    map@5 : 0.2291    map@10 : 0.2456    map@20 : 0.26    map@30 : 0.266    map@50 : 0.2712
Sun 15 Mar 2026 22:03:55 INFO  Saving current: saved/LightGCN-Mar-15-2026_22-02-15.pth
Sun 15 Mar 2026 22:03:55 INFO  epoch 198 training [time: 0.17s, train loss: 2.3837]
Sun 15 Mar 2026 22:03:55 INFO  epoch 198 evaluating [time: 0.30s, valid_score: 0.332700]
Sun 15 Mar 2026 22:03:55 INFO  valid result: 
recall@1 : 0.1236    recall@2 : 0.2255    recall@3 : 0.2872    recall@4 : 0.3272    recall@5 : 0.366    recall@10 : 0.4859    recall@20 : 0.6328    recall@30 : 0.7005    recall@50 : 0.7986    ndcg@1 : 0.2139    ndcg@2 : 0.245    ndcg@3 : 0.2641    ndcg@4 : 0.2774    ndcg@5 : 0.2913    ndcg@10 : 0.3327    ndcg@20 : 0.376    ndcg@30 : 0.3949    ndcg@50 : 0.4181    precision@1 : 0.2139    precision@2 : 0.1874    precision@3 : 0.1603    precision@4 : 0.142    precision@5 : 0.1297    precision@10 : 0.0906    precision@20 : 0.0618    precision@30 : 0.0478    precision@50 : 0.0336    map@1 : 0.2139    map@2 : 0.2141    map@3 : 0.2189    map@4 : 0.2231    map@5 : 0.2291    map@10 : 0.2458    map@20 : 0.2601    map@30 : 0.266    map@50 : 0.2713
Sun 15 Mar 2026 22:03:55 INFO  Saving current: saved/LightGCN-Mar-15-2026_22-02-15.pth
Sun 15 Mar 2026 22:03:55 INFO  epoch 199 training [time: 0.18s, train loss: 2.3918]
Sun 15 Mar 2026 22:03:56 INFO  epoch 199 evaluating [time: 0.32s, valid_score: 0.332900]
Sun 15 Mar 2026 22:03:56 INFO  valid result: 
recall@1 : 0.1241    recall@2 : 0.2254    recall@3 : 0.286    recall@4 : 0.3273    recall@5 : 0.366    recall@10 : 0.4861    recall@20 : 0.6333    recall@30 : 0.7009    recall@50 : 0.7982    ndcg@1 : 0.2151    ndcg@2 : 0.2451    ndcg@3 : 0.2637    ndcg@4 : 0.2775    ndcg@5 : 0.2914    ndcg@10 : 0.3329    ndcg@20 : 0.3763    ndcg@30 : 0.3951    ndcg@50 : 0.4182    precision@1 : 0.2151    precision@2 : 0.1871    precision@3 : 0.1599    precision@4 : 0.142    precision@5 : 0.1298    precision@10 : 0.0908    precision@20 : 0.062    precision@30 : 0.0478    precision@50 : 0.0336    map@1 : 0.2151    map@2 : 0.2142    map@3 : 0.2189    map@4 : 0.2232    map@5 : 0.2293    map@10 : 0.246    map@20 : 0.2604    map@30 : 0.2662    map@50 : 0.2714
Sun 15 Mar 2026 22:03:56 INFO  Saving current: saved/LightGCN-Mar-15-2026_22-02-15.pth
Sun 15 Mar 2026 22:03:56 INFO  epoch 200 training [time: 0.19s, train loss: 2.3640]
Sun 15 Mar 2026 22:03:56 INFO  epoch 200 evaluating [time: 0.32s, valid_score: 0.333300]
Sun 15 Mar 2026 22:03:56 INFO  valid result: 
recall@1 : 0.1238    recall@2 : 0.2262    recall@3 : 0.2859    recall@4 : 0.3276    recall@5 : 0.3657    recall@10 : 0.4868    recall@20 : 0.6351    recall@30 : 0.7003    recall@50 : 0.7984    ndcg@1 : 0.2151    ndcg@2 : 0.2457    ndcg@3 : 0.2638    ndcg@4 : 0.2779    ndcg@5 : 0.2915    ndcg@10 : 0.3333    ndcg@20 : 0.3769    ndcg@30 : 0.3952    ndcg@50 : 0.4184    precision@1 : 0.2151    precision@2 : 0.188    precision@3 : 0.1599    precision@4 : 0.1424    precision@5 : 0.13    precision@10 : 0.0909    precision@20 : 0.0621    precision@30 : 0.0478    precision@50 : 0.0336    map@1 : 0.2151    map@2 : 0.2147    map@3 : 0.2192    map@4 : 0.2235    map@5 : 0.2294    map@10 : 0.2462    map@20 : 0.2606    map@30 : 0.2663    map@50 : 0.2716
Sun 15 Mar 2026 22:03:56 INFO  Saving current: saved/LightGCN-Mar-15-2026_22-02-15.pth
Sun 15 Mar 2026 22:03:56 INFO  epoch 201 training [time: 0.19s, train loss: 2.3778]
Sun 15 Mar 2026 22:03:57 INFO  epoch 201 evaluating [time: 0.32s, valid_score: 0.332500]
Sun 15 Mar 2026 22:03:57 INFO  valid result: 
recall@1 : 0.1214    recall@2 : 0.2267    recall@3 : 0.2847    recall@4 : 0.3256    recall@5 : 0.365    recall@10 : 0.4876    recall@20 : 0.6358    recall@30 : 0.6996    recall@50 : 0.8004    ndcg@1 : 0.2122    ndcg@2 : 0.2453    ndcg@3 : 0.2624    ndcg@4 : 0.2762    ndcg@5 : 0.2903    ndcg@10 : 0.3325    ndcg@20 : 0.3762    ndcg@30 : 0.3941    ndcg@50 : 0.4178    precision@1 : 0.2122    precision@2 : 0.1886    precision@3 : 0.1595    precision@4 : 0.1421    precision@5 : 0.1299    precision@10 : 0.091    precision@20 : 0.0622    precision@30 : 0.0477    precision@50 : 0.0336    map@1 : 0.2122    map@2 : 0.2139    map@3 : 0.2175    map@4 : 0.2219    map@5 : 0.2279    map@10 : 0.2449    map@20 : 0.2594    map@30 : 0.2651    map@50 : 0.2704
Sun 15 Mar 2026 22:03:57 INFO  epoch 202 training [time: 0.17s, train loss: 2.3667]
Sun 15 Mar 2026 22:03:57 INFO  epoch 202 evaluating [time: 0.33s, valid_score: 0.332600]
Sun 15 Mar 2026 22:03:57 INFO  valid result: 
recall@1 : 0.1209    recall@2 : 0.2276    recall@3 : 0.285    recall@4 : 0.3265    recall@5 : 0.3643    recall@10 : 0.4882    recall@20 : 0.636    recall@30 : 0.7004    recall@50 : 0.8016    ndcg@1 : 0.2116    ndcg@2 : 0.2457    ndcg@3 : 0.2625    ndcg@4 : 0.2766    ndcg@5 : 0.2899    ndcg@10 : 0.3326    ndcg@20 : 0.3763    ndcg@30 : 0.3943    ndcg@50 : 0.418    precision@1 : 0.2116    precision@2 : 0.1892    precision@3 : 0.1599    precision@4 : 0.1424    precision@5 : 0.1297    precision@10 : 0.091    precision@20 : 0.0623    precision@30 : 0.0478    precision@50 : 0.0337    map@1 : 0.2116    map@2 : 0.2142    map@3 : 0.2175    map@4 : 0.222    map@5 : 0.2277    map@10 : 0.2449    map@20 : 0.2594    map@30 : 0.2651    map@50 : 0.2704
Sun 15 Mar 2026 22:03:57 INFO  epoch 203 training [time: 0.17s, train loss: 2.3616]
Sun 15 Mar 2026 22:03:58 INFO  epoch 203 evaluating [time: 0.33s, valid_score: 0.332900]
Sun 15 Mar 2026 22:03:58 INFO  valid result: 
recall@1 : 0.1216    recall@2 : 0.2272    recall@3 : 0.2853    recall@4 : 0.3265    recall@5 : 0.3653    recall@10 : 0.4881    recall@20 : 0.6361    recall@30 : 0.7011    recall@50 : 0.8008    ndcg@1 : 0.2122    ndcg@2 : 0.2458    ndcg@3 : 0.2628    ndcg@4 : 0.2768    ndcg@5 : 0.2906    ndcg@10 : 0.3329    ndcg@20 : 0.3767    ndcg@30 : 0.3948    ndcg@50 : 0.4183    precision@1 : 0.2122    precision@2 : 0.1892    precision@3 : 0.1597    precision@4 : 0.1424    precision@5 : 0.1299    precision@10 : 0.0909    precision@20 : 0.0623    precision@30 : 0.0479    precision@50 : 0.0337    map@1 : 0.2122    map@2 : 0.2144    map@3 : 0.2178    map@4 : 0.2224    map@5 : 0.2282    map@10 : 0.2453    map@20 : 0.2598    map@30 : 0.2656    map@50 : 0.2708
Sun 15 Mar 2026 22:03:58 INFO  epoch 204 training [time: 0.18s, train loss: 2.3722]
Sun 15 Mar 2026 22:03:58 INFO  epoch 204 evaluating [time: 0.34s, valid_score: 0.333400]
Sun 15 Mar 2026 22:03:58 INFO  valid result: 
recall@1 : 0.1219    recall@2 : 0.2281    recall@3 : 0.2849    recall@4 : 0.3273    recall@5 : 0.3654    recall@10 : 0.4886    recall@20 : 0.6362    recall@30 : 0.6998    recall@50 : 0.801    ndcg@1 : 0.2133    ndcg@2 : 0.2467    ndcg@3 : 0.263    ndcg@4 : 0.2774    ndcg@5 : 0.2909    ndcg@10 : 0.3334    ndcg@20 : 0.377    ndcg@30 : 0.3949    ndcg@50 : 0.4187    precision@1 : 0.2133    precision@2 : 0.1898    precision@3 : 0.1597    precision@4 : 0.1426    precision@5 : 0.1299    precision@10 : 0.0911    precision@20 : 0.0623    precision@30 : 0.0478    precision@50 : 0.0337    map@1 : 0.2133    map@2 : 0.2151    map@3 : 0.2181    map@4 : 0.2228    map@5 : 0.2285    map@10 : 0.2457    map@20 : 0.2602    map@30 : 0.2659    map@50 : 0.2712
Sun 15 Mar 2026 22:03:58 INFO  Saving current: saved/LightGCN-Mar-15-2026_22-02-15.pth
Sun 15 Mar 2026 22:03:58 INFO  epoch 205 training [time: 0.18s, train loss: 2.3577]
Sun 15 Mar 2026 22:03:59 INFO  epoch 205 evaluating [time: 0.34s, valid_score: 0.334200]
Sun 15 Mar 2026 22:03:59 INFO  valid result: 
recall@1 : 0.1232    recall@2 : 0.2279    recall@3 : 0.2846    recall@4 : 0.3272    recall@5 : 0.3653    recall@10 : 0.4894    recall@20 : 0.6358    recall@30 : 0.6999    recall@50 : 0.8025    ndcg@1 : 0.2145    ndcg@2 : 0.2471    ndcg@3 : 0.2633    ndcg@4 : 0.278    ndcg@5 : 0.2913    ndcg@10 : 0.3342    ndcg@20 : 0.3774    ndcg@30 : 0.3954    ndcg@50 : 0.4194    precision@1 : 0.2145    precision@2 : 0.1898    precision@3 : 0.1597    precision@4 : 0.1429    precision@5 : 0.1299    precision@10 : 0.0914    precision@20 : 0.0623    precision@30 : 0.0478    precision@50 : 0.0337    map@1 : 0.2145    map@2 : 0.2159    map@3 : 0.2186    map@4 : 0.2234    map@5 : 0.2291    map@10 : 0.2465    map@20 : 0.2609    map@30 : 0.2665    map@50 : 0.2719
Sun 15 Mar 2026 22:03:59 INFO  Saving current: saved/LightGCN-Mar-15-2026_22-02-15.pth
Sun 15 Mar 2026 22:03:59 INFO  epoch 206 training [time: 0.18s, train loss: 2.3221]
Sun 15 Mar 2026 22:03:59 INFO  epoch 206 evaluating [time: 0.33s, valid_score: 0.334900]
Sun 15 Mar 2026 22:03:59 INFO  valid result: 
recall@1 : 0.1238    recall@2 : 0.2293    recall@3 : 0.2841    recall@4 : 0.3265    recall@5 : 0.3636    recall@10 : 0.4902    recall@20 : 0.6353    recall@30 : 0.7002    recall@50 : 0.803    ndcg@1 : 0.2151    ndcg@2 : 0.2486    ndcg@3 : 0.2636    ndcg@4 : 0.2781    ndcg@5 : 0.291    ndcg@10 : 0.3349    ndcg@20 : 0.3778    ndcg@30 : 0.396    ndcg@50 : 0.42    precision@1 : 0.2151    precision@2 : 0.1913    precision@3 : 0.1597    precision@4 : 0.1426    precision@5 : 0.1293    precision@10 : 0.0916    precision@20 : 0.0623    precision@30 : 0.0479    precision@50 : 0.0337    map@1 : 0.2151    map@2 : 0.2172    map@3 : 0.2191    map@4 : 0.2238    map@5 : 0.2292    map@10 : 0.2472    map@20 : 0.2614    map@30 : 0.2672    map@50 : 0.2725
Sun 15 Mar 2026 22:03:59 INFO  Saving current: saved/LightGCN-Mar-15-2026_22-02-15.pth
Sun 15 Mar 2026 22:03:59 INFO  epoch 207 training [time: 0.20s, train loss: 2.3405]
Sun 15 Mar 2026 22:04:00 INFO  epoch 207 evaluating [time: 0.31s, valid_score: 0.335200]
Sun 15 Mar 2026 22:04:00 INFO  valid result: 
recall@1 : 0.1251    recall@2 : 0.2286    recall@3 : 0.2859    recall@4 : 0.326    recall@5 : 0.3636    recall@10 : 0.4893    recall@20 : 0.6356    recall@30 : 0.7005    recall@50 : 0.804    ndcg@1 : 0.2175    ndcg@2 : 0.2483    ndcg@3 : 0.265    ndcg@4 : 0.2784    ndcg@5 : 0.2916    ndcg@10 : 0.3352    ndcg@20 : 0.3784    ndcg@30 : 0.3966    ndcg@50 : 0.4208    precision@1 : 0.2175    precision@2 : 0.1901    precision@3 : 0.1605    precision@4 : 0.1424    precision@5 : 0.1294    precision@10 : 0.0914    precision@20 : 0.0623    precision@30 : 0.0479    precision@50 : 0.0337    map@1 : 0.2175    map@2 : 0.2172    map@3 : 0.2202    map@4 : 0.2243    map@5 : 0.2299    map@10 : 0.2477    map@20 : 0.2621    map@30 : 0.2678    map@50 : 0.2732
Sun 15 Mar 2026 22:04:00 INFO  Saving current: saved/LightGCN-Mar-15-2026_22-02-15.pth
Sun 15 Mar 2026 22:04:00 INFO  epoch 208 training [time: 0.19s, train loss: 2.3417]
Sun 15 Mar 2026 22:04:00 INFO  epoch 208 evaluating [time: 0.31s, valid_score: 0.335000]
Sun 15 Mar 2026 22:04:00 INFO  valid result: 
recall@1 : 0.1257    recall@2 : 0.2292    recall@3 : 0.2861    recall@4 : 0.3258    recall@5 : 0.3636    recall@10 : 0.4879    recall@20 : 0.6357    recall@30 : 0.7005    recall@50 : 0.8032    ndcg@1 : 0.2187    ndcg@2 : 0.249    ndcg@3 : 0.2655    ndcg@4 : 0.2787    ndcg@5 : 0.292    ndcg@10 : 0.335    ndcg@20 : 0.3788    ndcg@30 : 0.397    ndcg@50 : 0.421    precision@1 : 0.2187    precision@2 : 0.1904    precision@3 : 0.1607    precision@4 : 0.1426    precision@5 : 0.1294    precision@10 : 0.0912    precision@20 : 0.0623    precision@30 : 0.0479    precision@50 : 0.0337    map@1 : 0.2187    map@2 : 0.218    map@3 : 0.2208    map@4 : 0.2247    map@5 : 0.2303    map@10 : 0.2479    map@20 : 0.2625    map@30 : 0.2682    map@50 : 0.2736
Sun 15 Mar 2026 22:04:00 INFO  epoch 209 training [time: 0.18s, train loss: 2.3211]
Sun 15 Mar 2026 22:04:01 INFO  epoch 209 evaluating [time: 0.32s, valid_score: 0.335300]
Sun 15 Mar 2026 22:04:01 INFO  valid result: 
recall@1 : 0.1264    recall@2 : 0.2294    recall@3 : 0.2846    recall@4 : 0.3246    recall@5 : 0.3635    recall@10 : 0.4883    recall@20 : 0.6347    recall@30 : 0.7008    recall@50 : 0.8035    ndcg@1 : 0.2199    ndcg@2 : 0.2496    ndcg@3 : 0.2654    ndcg@4 : 0.2785    ndcg@5 : 0.2921    ndcg@10 : 0.3353    ndcg@20 : 0.3787    ndcg@30 : 0.3972    ndcg@50 : 0.4212    precision@1 : 0.2199    precision@2 : 0.1907    precision@3 : 0.1607    precision@4 : 0.1424    precision@5 : 0.1294    precision@10 : 0.0913    precision@20 : 0.0623    precision@30 : 0.0479    precision@50 : 0.0337    map@1 : 0.2199    map@2 : 0.2186    map@3 : 0.221    map@4 : 0.2247    map@5 : 0.2305    map@10 : 0.2481    map@20 : 0.2626    map@30 : 0.2684    map@50 : 0.2738
Sun 15 Mar 2026 22:04:01 INFO  Saving current: saved/LightGCN-Mar-15-2026_22-02-15.pth
Sun 15 Mar 2026 22:04:01 INFO  epoch 210 training [time: 0.19s, train loss: 2.3491]
Sun 15 Mar 2026 22:04:01 INFO  epoch 210 evaluating [time: 0.31s, valid_score: 0.335500]
Sun 15 Mar 2026 22:04:01 INFO  valid result: 
recall@1 : 0.1272    recall@2 : 0.2293    recall@3 : 0.2847    recall@4 : 0.3242    recall@5 : 0.3632    recall@10 : 0.4882    recall@20 : 0.6358    recall@30 : 0.7004    recall@50 : 0.8034    ndcg@1 : 0.2211    ndcg@2 : 0.2497    ndcg@3 : 0.2657    ndcg@4 : 0.2786    ndcg@5 : 0.2925    ndcg@10 : 0.3355    ndcg@20 : 0.3793    ndcg@30 : 0.3973    ndcg@50 : 0.4214    precision@1 : 0.2211    precision@2 : 0.1904    precision@3 : 0.1607    precision@4 : 0.1423    precision@5 : 0.1299    precision@10 : 0.0913    precision@20 : 0.0625    precision@30 : 0.0479    precision@50 : 0.0337    map@1 : 0.2211    map@2 : 0.2187    map@3 : 0.2214    map@4 : 0.2249    map@5 : 0.231    map@10 : 0.2484    map@20 : 0.2631    map@30 : 0.2687    map@50 : 0.2741
Sun 15 Mar 2026 22:04:01 INFO  Saving current: saved/LightGCN-Mar-15-2026_22-02-15.pth
Sun 15 Mar 2026 22:04:01 INFO  epoch 211 training [time: 0.17s, train loss: 2.3013]
Sun 15 Mar 2026 22:04:02 INFO  epoch 211 evaluating [time: 0.32s, valid_score: 0.335100]
Sun 15 Mar 2026 22:04:02 INFO  valid result: 
recall@1 : 0.1266    recall@2 : 0.2296    recall@3 : 0.2845    recall@4 : 0.3234    recall@5 : 0.3631    recall@10 : 0.4876    recall@20 : 0.6353    recall@30 : 0.6987    recall@50 : 0.8024    ndcg@1 : 0.2205    ndcg@2 : 0.2497    ndcg@3 : 0.2651    ndcg@4 : 0.2781    ndcg@5 : 0.2922    ndcg@10 : 0.3351    ndcg@20 : 0.3789    ndcg@30 : 0.3967    ndcg@50 : 0.421    precision@1 : 0.2205    precision@2 : 0.1907    precision@3 : 0.1601    precision@4 : 0.1423    precision@5 : 0.1298    precision@10 : 0.0912    precision@20 : 0.0624    precision@30 : 0.0478    precision@50 : 0.0337    map@1 : 0.2205    map@2 : 0.2186    map@3 : 0.2208    map@4 : 0.2244    map@5 : 0.2305    map@10 : 0.248    map@20 : 0.2627    map@30 : 0.2683    map@50 : 0.2737
Sun 15 Mar 2026 22:04:02 INFO  epoch 212 training [time: 0.15s, train loss: 2.3614]
Sun 15 Mar 2026 22:04:02 INFO  epoch 212 evaluating [time: 0.31s, valid_score: 0.335600]
Sun 15 Mar 2026 22:04:02 INFO  valid result: 
recall@1 : 0.127    recall@2 : 0.23    recall@3 : 0.2851    recall@4 : 0.325    recall@5 : 0.3633    recall@10 : 0.488    recall@20 : 0.635    recall@30 : 0.6988    recall@50 : 0.8036    ndcg@1 : 0.2217    ndcg@2 : 0.2507    ndcg@3 : 0.266    ndcg@4 : 0.2793    ndcg@5 : 0.2927    ndcg@10 : 0.3356    ndcg@20 : 0.3793    ndcg@30 : 0.3972    ndcg@50 : 0.4217    precision@1 : 0.2217    precision@2 : 0.1916    precision@3 : 0.1607    precision@4 : 0.1429    precision@5 : 0.1299    precision@10 : 0.0912    precision@20 : 0.0624    precision@30 : 0.0478    precision@50 : 0.0338    map@1 : 0.2217    map@2 : 0.2196    map@3 : 0.2216    map@4 : 0.2254    map@5 : 0.2311    map@10 : 0.2485    map@20 : 0.2632    map@30 : 0.2688    map@50 : 0.2743
Sun 15 Mar 2026 22:04:02 INFO  Saving current: saved/LightGCN-Mar-15-2026_22-02-15.pth
Sun 15 Mar 2026 22:04:02 INFO  epoch 213 training [time: 0.17s, train loss: 2.2958]
Sun 15 Mar 2026 22:04:03 INFO  epoch 213 evaluating [time: 0.30s, valid_score: 0.335000]
Sun 15 Mar 2026 22:04:03 INFO  valid result: 
recall@1 : 0.126    recall@2 : 0.2301    recall@3 : 0.2851    recall@4 : 0.325    recall@5 : 0.3615    recall@10 : 0.488    recall@20 : 0.6354    recall@30 : 0.6992    recall@50 : 0.8049    ndcg@1 : 0.2193    ndcg@2 : 0.2503    ndcg@3 : 0.2655    ndcg@4 : 0.2788    ndcg@5 : 0.2916    ndcg@10 : 0.335    ndcg@20 : 0.3789    ndcg@30 : 0.3968    ndcg@50 : 0.4214    precision@1 : 0.2193    precision@2 : 0.1919    precision@3 : 0.1607    precision@4 : 0.1429    precision@5 : 0.1296    precision@10 : 0.0911    precision@20 : 0.0625    precision@30 : 0.0479    precision@50 : 0.0338    map@1 : 0.2193    map@2 : 0.219    map@3 : 0.2211    map@4 : 0.2249    map@5 : 0.2303    map@10 : 0.2478    map@20 : 0.2626    map@30 : 0.2682    map@50 : 0.2737
Sun 15 Mar 2026 22:04:03 INFO  epoch 214 training [time: 0.19s, train loss: 2.2779]
Sun 15 Mar 2026 22:04:03 INFO  epoch 214 evaluating [time: 0.31s, valid_score: 0.335400]
Sun 15 Mar 2026 22:04:03 INFO  valid result: 
recall@1 : 0.1262    recall@2 : 0.2307    recall@3 : 0.2842    recall@4 : 0.3247    recall@5 : 0.3615    recall@10 : 0.4891    recall@20 : 0.6363    recall@30 : 0.6986    recall@50 : 0.8047    ndcg@1 : 0.2193    ndcg@2 : 0.2507    ndcg@3 : 0.2652    ndcg@4 : 0.2787    ndcg@5 : 0.2917    ndcg@10 : 0.3354    ndcg@20 : 0.3793    ndcg@30 : 0.3968    ndcg@50 : 0.4215    precision@1 : 0.2193    precision@2 : 0.1925    precision@3 : 0.1603    precision@4 : 0.1427    precision@5 : 0.1296    precision@10 : 0.0912    precision@20 : 0.0626    precision@30 : 0.0479    precision@50 : 0.0338    map@1 : 0.2193    map@2 : 0.2193    map@3 : 0.221    map@4 : 0.2249    map@5 : 0.2304    map@10 : 0.248    map@20 : 0.2629    map@30 : 0.2684    map@50 : 0.2739
Sun 15 Mar 2026 22:04:03 INFO  epoch 215 training [time: 0.20s, train loss: 2.3290]
Sun 15 Mar 2026 22:04:04 INFO  epoch 215 evaluating [time: 0.33s, valid_score: 0.335200]
Sun 15 Mar 2026 22:04:04 INFO  valid result: 
recall@1 : 0.1263    recall@2 : 0.2309    recall@3 : 0.2837    recall@4 : 0.3256    recall@5 : 0.3619    recall@10 : 0.4883    recall@20 : 0.6369    recall@30 : 0.6988    recall@50 : 0.8047    ndcg@1 : 0.2193    ndcg@2 : 0.2506    ndcg@3 : 0.265    ndcg@4 : 0.2791    ndcg@5 : 0.2919    ndcg@10 : 0.3352    ndcg@20 : 0.3795    ndcg@30 : 0.3969    ndcg@50 : 0.4215    precision@1 : 0.2193    precision@2 : 0.1922    precision@3 : 0.1603    precision@4 : 0.143    precision@5 : 0.1298    precision@10 : 0.0911    precision@20 : 0.0626    precision@30 : 0.0479    precision@50 : 0.0338    map@1 : 0.2193    map@2 : 0.2193    map@3 : 0.221    map@4 : 0.2252    map@5 : 0.2306    map@10 : 0.248    map@20 : 0.263    map@30 : 0.2684    map@50 : 0.2739
Sun 15 Mar 2026 22:04:04 INFO  epoch 216 training [time: 0.18s, train loss: 2.2864]
Sun 15 Mar 2026 22:04:04 INFO  epoch 216 evaluating [time: 0.32s, valid_score: 0.335200]
Sun 15 Mar 2026 22:04:04 INFO  valid result: 
recall@1 : 0.1266    recall@2 : 0.2306    recall@3 : 0.2837    recall@4 : 0.3253    recall@5 : 0.3612    recall@10 : 0.4882    recall@20 : 0.6375    recall@30 : 0.6997    recall@50 : 0.8049    ndcg@1 : 0.2199    ndcg@2 : 0.2505    ndcg@3 : 0.2651    ndcg@4 : 0.279    ndcg@5 : 0.2917    ndcg@10 : 0.3352    ndcg@20 : 0.3796    ndcg@30 : 0.3971    ndcg@50 : 0.4216    precision@1 : 0.2199    precision@2 : 0.1919    precision@3 : 0.1603    precision@4 : 0.1429    precision@5 : 0.1297    precision@10 : 0.0911    precision@20 : 0.0627    precision@30 : 0.0479    precision@50 : 0.0338    map@1 : 0.2199    map@2 : 0.2193    map@3 : 0.2211    map@4 : 0.2252    map@5 : 0.2305    map@10 : 0.2481    map@20 : 0.2631    map@30 : 0.2686    map@50 : 0.274
Sun 15 Mar 2026 22:04:04 INFO  epoch 217 training [time: 0.18s, train loss: 2.2716]
Sun 15 Mar 2026 22:04:05 INFO  epoch 217 evaluating [time: 0.32s, valid_score: 0.335400]
Sun 15 Mar 2026 22:04:05 INFO  valid result: 
recall@1 : 0.1269    recall@2 : 0.2315    recall@3 : 0.2832    recall@4 : 0.3247    recall@5 : 0.3608    recall@10 : 0.4885    recall@20 : 0.637    recall@30 : 0.6995    recall@50 : 0.8049    ndcg@1 : 0.2193    ndcg@2 : 0.2513    ndcg@3 : 0.265    ndcg@4 : 0.2789    ndcg@5 : 0.2917    ndcg@10 : 0.3354    ndcg@20 : 0.3797    ndcg@30 : 0.3972    ndcg@50 : 0.4217    precision@1 : 0.2193    precision@2 : 0.1928    precision@3 : 0.1601    precision@4 : 0.1427    precision@5 : 0.1297    precision@10 : 0.0912    precision@20 : 0.0627    precision@30 : 0.0479    precision@50 : 0.0338    map@1 : 0.2193    map@2 : 0.2201    map@3 : 0.2214    map@4 : 0.2253    map@5 : 0.2308    map@10 : 0.2484    map@20 : 0.2633    map@30 : 0.2688    map@50 : 0.2743
Sun 15 Mar 2026 22:04:05 INFO  epoch 218 training [time: 0.19s, train loss: 2.2840]
Sun 15 Mar 2026 22:04:05 INFO  epoch 218 evaluating [time: 0.35s, valid_score: 0.335800]
Sun 15 Mar 2026 22:04:05 INFO  valid result: 
recall@1 : 0.1276    recall@2 : 0.231    recall@3 : 0.2821    recall@4 : 0.3244    recall@5 : 0.3616    recall@10 : 0.4887    recall@20 : 0.6365    recall@30 : 0.7014    recall@50 : 0.8057    ndcg@1 : 0.2205    ndcg@2 : 0.2513    ndcg@3 : 0.2647    ndcg@4 : 0.2789    ndcg@5 : 0.2921    ndcg@10 : 0.3358    ndcg@20 : 0.3797    ndcg@30 : 0.3978    ndcg@50 : 0.4221    precision@1 : 0.2205    precision@2 : 0.1925    precision@3 : 0.1597    precision@4 : 0.1426    precision@5 : 0.1297    precision@10 : 0.0915    precision@20 : 0.0626    precision@30 : 0.048    precision@50 : 0.0338    map@1 : 0.2205    map@2 : 0.2202    map@3 : 0.2213    map@4 : 0.2254    map@5 : 0.231    map@10 : 0.2487    map@20 : 0.2635    map@30 : 0.2691    map@50 : 0.2745
Sun 15 Mar 2026 22:04:05 INFO  Saving current: saved/LightGCN-Mar-15-2026_22-02-15.pth
Sun 15 Mar 2026 22:04:05 INFO  epoch 219 training [time: 0.17s, train loss: 2.2537]
Sun 15 Mar 2026 22:04:06 INFO  epoch 219 evaluating [time: 0.30s, valid_score: 0.335700]
Sun 15 Mar 2026 22:04:06 INFO  valid result: 
recall@1 : 0.1272    recall@2 : 0.23    recall@3 : 0.2828    recall@4 : 0.3249    recall@5 : 0.3627    recall@10 : 0.4889    recall@20 : 0.6373    recall@30 : 0.7016    recall@50 : 0.8061    ndcg@1 : 0.2205    ndcg@2 : 0.2507    ndcg@3 : 0.2648    ndcg@4 : 0.2788    ndcg@5 : 0.2924    ndcg@10 : 0.3357    ndcg@20 : 0.3798    ndcg@30 : 0.3977    ndcg@50 : 0.422    precision@1 : 0.2205    precision@2 : 0.1922    precision@3 : 0.1599    precision@4 : 0.1426    precision@5 : 0.1299    precision@10 : 0.0915    precision@20 : 0.0627    precision@30 : 0.048    precision@50 : 0.0338    map@1 : 0.2205    map@2 : 0.2196    map@3 : 0.2211    map@4 : 0.2251    map@5 : 0.231    map@10 : 0.2484    map@20 : 0.2633    map@30 : 0.2688    map@50 : 0.2743
Sun 15 Mar 2026 22:04:06 INFO  epoch 220 training [time: 0.18s, train loss: 2.2666]
Sun 15 Mar 2026 22:04:06 INFO  epoch 220 evaluating [time: 0.33s, valid_score: 0.336100]
Sun 15 Mar 2026 22:04:06 INFO  valid result: 
recall@1 : 0.1279    recall@2 : 0.2299    recall@3 : 0.2831    recall@4 : 0.3246    recall@5 : 0.3619    recall@10 : 0.4895    recall@20 : 0.6379    recall@30 : 0.7018    recall@50 : 0.8055    ndcg@1 : 0.2205    ndcg@2 : 0.2508    ndcg@3 : 0.265    ndcg@4 : 0.2788    ndcg@5 : 0.2922    ndcg@10 : 0.3361    ndcg@20 : 0.3802    ndcg@30 : 0.398    ndcg@50 : 0.4222    precision@1 : 0.2205    precision@2 : 0.1922    precision@3 : 0.1599    precision@4 : 0.1426    precision@5 : 0.1298    precision@10 : 0.0916    precision@20 : 0.0628    precision@30 : 0.048    precision@50 : 0.0338    map@1 : 0.2205    map@2 : 0.2198    map@3 : 0.2214    map@4 : 0.2253    map@5 : 0.2311    map@10 : 0.2488    map@20 : 0.2637    map@30 : 0.2692    map@50 : 0.2746
Sun 15 Mar 2026 22:04:06 INFO  Saving current: saved/LightGCN-Mar-15-2026_22-02-15.pth
Sun 15 Mar 2026 22:04:06 INFO  epoch 221 training [time: 0.18s, train loss: 2.2402]
Sun 15 Mar 2026 22:04:07 INFO  epoch 221 evaluating [time: 0.25s, valid_score: 0.336100]
Sun 15 Mar 2026 22:04:07 INFO  valid result: 
recall@1 : 0.1276    recall@2 : 0.2301    recall@3 : 0.2842    recall@4 : 0.3254    recall@5 : 0.3636    recall@10 : 0.4895    recall@20 : 0.6381    recall@30 : 0.702    recall@50 : 0.805    ndcg@1 : 0.2199    ndcg@2 : 0.2509    ndcg@3 : 0.2655    ndcg@4 : 0.2793    ndcg@5 : 0.2931    ndcg@10 : 0.3361    ndcg@20 : 0.3804    ndcg@30 : 0.3982    ndcg@50 : 0.4222    precision@1 : 0.2199    precision@2 : 0.1925    precision@3 : 0.1605    precision@4 : 0.1432    precision@5 : 0.1304    precision@10 : 0.0915    precision@20 : 0.0627    precision@30 : 0.048    precision@50 : 0.0338    map@1 : 0.2199    map@2 : 0.2198    map@3 : 0.2217    map@4 : 0.2256    map@5 : 0.2316    map@10 : 0.2489    map@20 : 0.2639    map@30 : 0.2694    map@50 : 0.2748
Sun 15 Mar 2026 22:04:07 INFO  Saving current: saved/LightGCN-Mar-15-2026_22-02-15.pth
Sun 15 Mar 2026 22:04:07 INFO  epoch 222 training [time: 0.14s, train loss: 2.2532]
Sun 15 Mar 2026 22:04:07 INFO  epoch 222 evaluating [time: 0.34s, valid_score: 0.335900]
Sun 15 Mar 2026 22:04:07 INFO  valid result: 
recall@1 : 0.1271    recall@2 : 0.2292    recall@3 : 0.2824    recall@4 : 0.327    recall@5 : 0.364    recall@10 : 0.4897    recall@20 : 0.6383    recall@30 : 0.7026    recall@50 : 0.8049    ndcg@1 : 0.2181    ndcg@2 : 0.2499    ndcg@3 : 0.2643    ndcg@4 : 0.2794    ndcg@5 : 0.2928    ndcg@10 : 0.3359    ndcg@20 : 0.38    ndcg@30 : 0.3979    ndcg@50 : 0.4218    precision@1 : 0.2181    precision@2 : 0.1919    precision@3 : 0.1601    precision@4 : 0.1433    precision@5 : 0.1306    precision@10 : 0.0917    precision@20 : 0.0627    precision@30 : 0.0481    precision@50 : 0.0338    map@1 : 0.2181    map@2 : 0.2189    map@3 : 0.2208    map@4 : 0.2253    map@5 : 0.2312    map@10 : 0.2485    map@20 : 0.2635    map@30 : 0.269    map@50 : 0.2744
Sun 15 Mar 2026 22:04:07 INFO  epoch 223 training [time: 0.19s, train loss: 2.3189]
Sun 15 Mar 2026 22:04:08 INFO  epoch 223 evaluating [time: 0.33s, valid_score: 0.335700]
Sun 15 Mar 2026 22:04:08 INFO  valid result: 
recall@1 : 0.1271    recall@2 : 0.2308    recall@3 : 0.2805    recall@4 : 0.3255    recall@5 : 0.3642    recall@10 : 0.4888    recall@20 : 0.6383    recall@30 : 0.7019    recall@50 : 0.8054    ndcg@1 : 0.2181    ndcg@2 : 0.251    ndcg@3 : 0.2638    ndcg@4 : 0.2789    ndcg@5 : 0.293    ndcg@10 : 0.3357    ndcg@20 : 0.38    ndcg@30 : 0.3977    ndcg@50 : 0.4219    precision@1 : 0.2181    precision@2 : 0.1928    precision@3 : 0.1599    precision@4 : 0.143    precision@5 : 0.1308    precision@10 : 0.0917    precision@20 : 0.0627    precision@30 : 0.048    precision@50 : 0.0338    map@1 : 0.2181    map@2 : 0.2198    map@3 : 0.2207    map@4 : 0.2253    map@5 : 0.2314    map@10 : 0.2486    map@20 : 0.2635    map@30 : 0.2691    map@50 : 0.2745
Sun 15 Mar 2026 22:04:08 INFO  epoch 224 training [time: 0.15s, train loss: 2.2685]
Sun 15 Mar 2026 22:04:08 INFO  epoch 224 evaluating [time: 0.34s, valid_score: 0.336000]
Sun 15 Mar 2026 22:04:08 INFO  valid result: 
recall@1 : 0.128    recall@2 : 0.2304    recall@3 : 0.2813    recall@4 : 0.3239    recall@5 : 0.3657    recall@10 : 0.4889    recall@20 : 0.6384    recall@30 : 0.702    recall@50 : 0.8058    ndcg@1 : 0.2193    ndcg@2 : 0.251    ndcg@3 : 0.2647    ndcg@4 : 0.2786    ndcg@5 : 0.2937    ndcg@10 : 0.336    ndcg@20 : 0.3803    ndcg@30 : 0.398    ndcg@50 : 0.4222    precision@1 : 0.2193    precision@2 : 0.1922    precision@3 : 0.1607    precision@4 : 0.1427    precision@5 : 0.1309    precision@10 : 0.0917    precision@20 : 0.0628    precision@30 : 0.048    precision@50 : 0.0338    map@1 : 0.2193    map@2 : 0.2201    map@3 : 0.2218    map@4 : 0.2254    map@5 : 0.2321    map@10 : 0.249    map@20 : 0.2639    map@30 : 0.2694    map@50 : 0.2749
Sun 15 Mar 2026 22:04:08 INFO  epoch 225 training [time: 0.18s, train loss: 2.2535]
Sun 15 Mar 2026 22:04:09 INFO  epoch 225 evaluating [time: 0.33s, valid_score: 0.336900]
Sun 15 Mar 2026 22:04:09 INFO  valid result: 
recall@1 : 0.1281    recall@2 : 0.2291    recall@3 : 0.2819    recall@4 : 0.3254    recall@5 : 0.3652    recall@10 : 0.4917    recall@20 : 0.6372    recall@30 : 0.7019    recall@50 : 0.8046    ndcg@1 : 0.2199    ndcg@2 : 0.2501    ndcg@3 : 0.2649    ndcg@4 : 0.2793    ndcg@5 : 0.2934    ndcg@10 : 0.3369    ndcg@20 : 0.38    ndcg@30 : 0.398    ndcg@50 : 0.422    precision@1 : 0.2199    precision@2 : 0.1913    precision@3 : 0.1611    precision@4 : 0.1435    precision@5 : 0.1305    precision@10 : 0.0922    precision@20 : 0.0627    precision@30 : 0.048    precision@50 : 0.0338    map@1 : 0.2199    map@2 : 0.2195    map@3 : 0.2218    map@4 : 0.2257    map@5 : 0.2319    map@10 : 0.2493    map@20 : 0.2639    map@30 : 0.2694    map@50 : 0.2748
Sun 15 Mar 2026 22:04:09 INFO  Saving current: saved/LightGCN-Mar-15-2026_22-02-15.pth
Sun 15 Mar 2026 22:04:09 INFO  epoch 226 training [time: 0.18s, train loss: 2.2192]
Sun 15 Mar 2026 22:04:09 INFO  epoch 226 evaluating [time: 0.33s, valid_score: 0.336700]
Sun 15 Mar 2026 22:04:09 INFO  valid result: 
recall@1 : 0.1282    recall@2 : 0.2278    recall@3 : 0.2826    recall@4 : 0.3256    recall@5 : 0.3648    recall@10 : 0.4913    recall@20 : 0.6364    recall@30 : 0.7018    recall@50 : 0.8036    ndcg@1 : 0.2193    ndcg@2 : 0.2494    ndcg@3 : 0.2654    ndcg@4 : 0.2794    ndcg@5 : 0.2933    ndcg@10 : 0.3367    ndcg@20 : 0.3798    ndcg@30 : 0.3979    ndcg@50 : 0.4218    precision@1 : 0.2193    precision@2 : 0.191    precision@3 : 0.1619    precision@4 : 0.1436    precision@5 : 0.1306    precision@10 : 0.0921    precision@20 : 0.0627    precision@30 : 0.048    precision@50 : 0.0338    map@1 : 0.2193    map@2 : 0.219    map@3 : 0.2222    map@4 : 0.2257    map@5 : 0.2318    map@10 : 0.2493    map@20 : 0.2638    map@30 : 0.2694    map@50 : 0.2748
Sun 15 Mar 2026 22:04:09 INFO  epoch 227 training [time: 0.18s, train loss: 2.2341]
Sun 15 Mar 2026 22:04:10 INFO  epoch 227 evaluating [time: 0.33s, valid_score: 0.337000]
Sun 15 Mar 2026 22:04:10 INFO  valid result: 
recall@1 : 0.1281    recall@2 : 0.2275    recall@3 : 0.281    recall@4 : 0.3255    recall@5 : 0.3638    recall@10 : 0.4931    recall@20 : 0.636    recall@30 : 0.7011    recall@50 : 0.8038    ndcg@1 : 0.2187    ndcg@2 : 0.2494    ndcg@3 : 0.2645    ndcg@4 : 0.2791    ndcg@5 : 0.2927    ndcg@10 : 0.337    ndcg@20 : 0.3794    ndcg@30 : 0.3975    ndcg@50 : 0.4215    precision@1 : 0.2187    precision@2 : 0.1913    precision@3 : 0.1613    precision@4 : 0.1435    precision@5 : 0.1304    precision@10 : 0.0924    precision@20 : 0.0627    precision@30 : 0.048    precision@50 : 0.0338    map@1 : 0.2187    map@2 : 0.2189    map@3 : 0.2215    map@4 : 0.2254    map@5 : 0.2314    map@10 : 0.2492    map@20 : 0.2635    map@30 : 0.269    map@50 : 0.2745
Sun 15 Mar 2026 22:04:10 INFO  Saving current: saved/LightGCN-Mar-15-2026_22-02-15.pth
Sun 15 Mar 2026 22:04:10 INFO  epoch 228 training [time: 0.19s, train loss: 2.2085]
Sun 15 Mar 2026 22:04:10 INFO  epoch 228 evaluating [time: 0.31s, valid_score: 0.337400]
Sun 15 Mar 2026 22:04:10 INFO  valid result: 
recall@1 : 0.1284    recall@2 : 0.2275    recall@3 : 0.2805    recall@4 : 0.327    recall@5 : 0.3638    recall@10 : 0.4937    recall@20 : 0.6357    recall@30 : 0.7011    recall@50 : 0.8025    ndcg@1 : 0.2199    ndcg@2 : 0.2501    ndcg@3 : 0.2644    ndcg@4 : 0.2799    ndcg@5 : 0.2928    ndcg@10 : 0.3374    ndcg@20 : 0.3795    ndcg@30 : 0.3977    ndcg@50 : 0.4215    precision@1 : 0.2199    precision@2 : 0.1919    precision@3 : 0.1611    precision@4 : 0.1439    precision@5 : 0.1303    precision@10 : 0.0927    precision@20 : 0.0627    precision@30 : 0.048    precision@50 : 0.0337    map@1 : 0.2199    map@2 : 0.2196    map@3 : 0.2215    map@4 : 0.226    map@5 : 0.2314    map@10 : 0.2495    map@20 : 0.2636    map@30 : 0.2692    map@50 : 0.2746
Sun 15 Mar 2026 22:04:10 INFO  Saving current: saved/LightGCN-Mar-15-2026_22-02-15.pth
Sun 15 Mar 2026 22:04:10 INFO  epoch 229 training [time: 0.22s, train loss: 2.2264]
Sun 15 Mar 2026 22:04:11 INFO  epoch 229 evaluating [time: 0.30s, valid_score: 0.337100]
Sun 15 Mar 2026 22:04:11 INFO  valid result: 
recall@1 : 0.1272    recall@2 : 0.2284    recall@3 : 0.2791    recall@4 : 0.3269    recall@5 : 0.3635    recall@10 : 0.4938    recall@20 : 0.6356    recall@30 : 0.7012    recall@50 : 0.8021    ndcg@1 : 0.2181    ndcg@2 : 0.2506    ndcg@3 : 0.2632    ndcg@4 : 0.2794    ndcg@5 : 0.2923    ndcg@10 : 0.3371    ndcg@20 : 0.3791    ndcg@30 : 0.3973    ndcg@50 : 0.421    precision@1 : 0.2181    precision@2 : 0.1931    precision@3 : 0.1603    precision@4 : 0.1438    precision@5 : 0.1302    precision@10 : 0.0928    precision@20 : 0.0626    precision@30 : 0.048    precision@50 : 0.0337    map@1 : 0.2181    map@2 : 0.2198    map@3 : 0.2204    map@4 : 0.2254    map@5 : 0.2308    map@10 : 0.249    map@20 : 0.2631    map@30 : 0.2687    map@50 : 0.2741
Sun 15 Mar 2026 22:04:11 INFO  epoch 230 training [time: 0.18s, train loss: 2.2022]
Sun 15 Mar 2026 22:04:11 INFO  epoch 230 evaluating [time: 0.31s, valid_score: 0.337500]
Sun 15 Mar 2026 22:04:11 INFO  valid result: 
recall@1 : 0.1267    recall@2 : 0.2282    recall@3 : 0.279    recall@4 : 0.3277    recall@5 : 0.3632    recall@10 : 0.4956    recall@20 : 0.6346    recall@30 : 0.7011    recall@50 : 0.8002    ndcg@1 : 0.2181    ndcg@2 : 0.25    ndcg@3 : 0.263    ndcg@4 : 0.2796    ndcg@5 : 0.2919    ndcg@10 : 0.3375    ndcg@20 : 0.3788    ndcg@30 : 0.3972    ndcg@50 : 0.4205    precision@1 : 0.2181    precision@2 : 0.1925    precision@3 : 0.1603    precision@4 : 0.1442    precision@5 : 0.1299    precision@10 : 0.0931    precision@20 : 0.0627    precision@30 : 0.048    precision@50 : 0.0337    map@1 : 0.2181    map@2 : 0.2193    map@3 : 0.2201    map@4 : 0.2252    map@5 : 0.2304    map@10 : 0.2489    map@20 : 0.2628    map@30 : 0.2685    map@50 : 0.2738
Sun 15 Mar 2026 22:04:11 INFO  Saving current: saved/LightGCN-Mar-15-2026_22-02-15.pth
Sun 15 Mar 2026 22:04:11 INFO  epoch 231 training [time: 0.18s, train loss: 2.2249]
Sun 15 Mar 2026 22:04:12 INFO  epoch 231 evaluating [time: 0.32s, valid_score: 0.337600]
Sun 15 Mar 2026 22:04:12 INFO  valid result: 
recall@1 : 0.1277    recall@2 : 0.2276    recall@3 : 0.279    recall@4 : 0.3259    recall@5 : 0.3622    recall@10 : 0.4952    recall@20 : 0.6345    recall@30 : 0.701    recall@50 : 0.8006    ndcg@1 : 0.2199    ndcg@2 : 0.2502    ndcg@3 : 0.2634    ndcg@4 : 0.2792    ndcg@5 : 0.2918    ndcg@10 : 0.3376    ndcg@20 : 0.3791    ndcg@30 : 0.3974    ndcg@50 : 0.4209    precision@1 : 0.2199    precision@2 : 0.1922    precision@3 : 0.1603    precision@4 : 0.1438    precision@5 : 0.1298    precision@10 : 0.0931    precision@20 : 0.0626    precision@30 : 0.048    precision@50 : 0.0337    map@1 : 0.2199    map@2 : 0.2196    map@3 : 0.2206    map@4 : 0.2252    map@5 : 0.2305    map@10 : 0.2492    map@20 : 0.2632    map@30 : 0.2688    map@50 : 0.2742
Sun 15 Mar 2026 22:04:12 INFO  Saving current: saved/LightGCN-Mar-15-2026_22-02-15.pth
Sun 15 Mar 2026 22:04:12 INFO  epoch 232 training [time: 0.17s, train loss: 2.2039]
Sun 15 Mar 2026 22:04:12 INFO  epoch 232 evaluating [time: 0.33s, valid_score: 0.337400]
Sun 15 Mar 2026 22:04:12 INFO  valid result: 
recall@1 : 0.128    recall@2 : 0.2275    recall@3 : 0.2787    recall@4 : 0.3254    recall@5 : 0.3628    recall@10 : 0.4944    recall@20 : 0.6341    recall@30 : 0.7008    recall@50 : 0.8025    ndcg@1 : 0.2205    ndcg@2 : 0.2504    ndcg@3 : 0.2634    ndcg@4 : 0.2789    ndcg@5 : 0.2923    ndcg@10 : 0.3374    ndcg@20 : 0.3791    ndcg@30 : 0.3975    ndcg@50 : 0.4214    precision@1 : 0.2205    precision@2 : 0.1922    precision@3 : 0.1603    precision@4 : 0.1432    precision@5 : 0.1303    precision@10 : 0.0929    precision@20 : 0.0626    precision@30 : 0.048    precision@50 : 0.0338    map@1 : 0.2205    map@2 : 0.2199    map@3 : 0.2207    map@4 : 0.2251    map@5 : 0.2308    map@10 : 0.2492    map@20 : 0.2632    map@30 : 0.2689    map@50 : 0.2743
Sun 15 Mar 2026 22:04:12 INFO  epoch 233 training [time: 0.19s, train loss: 2.1962]
Sun 15 Mar 2026 22:04:13 INFO  epoch 233 evaluating [time: 0.32s, valid_score: 0.337700]
Sun 15 Mar 2026 22:04:13 INFO  valid result: 
recall@1 : 0.1281    recall@2 : 0.2288    recall@3 : 0.2787    recall@4 : 0.3269    recall@5 : 0.3612    recall@10 : 0.4947    recall@20 : 0.6341    recall@30 : 0.7012    recall@50 : 0.8021    ndcg@1 : 0.2211    ndcg@2 : 0.2514    ndcg@3 : 0.2637    ndcg@4 : 0.2799    ndcg@5 : 0.292    ndcg@10 : 0.3377    ndcg@20 : 0.3793    ndcg@30 : 0.3978    ndcg@50 : 0.4215    precision@1 : 0.2211    precision@2 : 0.1931    precision@3 : 0.1603    precision@4 : 0.1436    precision@5 : 0.13    precision@10 : 0.0929    precision@20 : 0.0626    precision@30 : 0.0481    precision@50 : 0.0338    map@1 : 0.2211    map@2 : 0.2206    map@3 : 0.221    map@4 : 0.2258    map@5 : 0.2309    map@10 : 0.2494    map@20 : 0.2635    map@30 : 0.2691    map@50 : 0.2746
Sun 15 Mar 2026 22:04:13 INFO  Saving current: saved/LightGCN-Mar-15-2026_22-02-15.pth
Sun 15 Mar 2026 22:04:13 INFO  epoch 234 training [time: 0.19s, train loss: 2.1753]
Sun 15 Mar 2026 22:04:13 INFO  epoch 234 evaluating [time: 0.33s, valid_score: 0.339200]
Sun 15 Mar 2026 22:04:13 INFO  valid result: 
recall@1 : 0.1311    recall@2 : 0.2295    recall@3 : 0.2785    recall@4 : 0.3271    recall@5 : 0.3609    recall@10 : 0.4952    recall@20 : 0.634    recall@30 : 0.7025    recall@50 : 0.8026    ndcg@1 : 0.2247    ndcg@2 : 0.2532    ndcg@3 : 0.2648    ndcg@4 : 0.2813    ndcg@5 : 0.2932    ndcg@10 : 0.3392    ndcg@20 : 0.3806    ndcg@30 : 0.3994    ndcg@50 : 0.4229    precision@1 : 0.2247    precision@2 : 0.194    precision@3 : 0.1601    precision@4 : 0.1439    precision@5 : 0.13    precision@10 : 0.0931    precision@20 : 0.0626    precision@30 : 0.0482    precision@50 : 0.0338    map@1 : 0.2247    map@2 : 0.2226    map@3 : 0.2225    map@4 : 0.2276    map@5 : 0.2324    map@10 : 0.2512    map@20 : 0.2651    map@30 : 0.2708    map@50 : 0.2762
Sun 15 Mar 2026 22:04:13 INFO  Saving current: saved/LightGCN-Mar-15-2026_22-02-15.pth
Sun 15 Mar 2026 22:04:13 INFO  epoch 235 training [time: 0.18s, train loss: 2.1799]
Sun 15 Mar 2026 22:04:14 INFO  epoch 235 evaluating [time: 0.33s, valid_score: 0.339500]
Sun 15 Mar 2026 22:04:14 INFO  valid result: 
recall@1 : 0.131    recall@2 : 0.2306    recall@3 : 0.2794    recall@4 : 0.3275    recall@5 : 0.3629    recall@10 : 0.4956    recall@20 : 0.6339    recall@30 : 0.7033    recall@50 : 0.8035    ndcg@1 : 0.2241    ndcg@2 : 0.254    ndcg@3 : 0.2654    ndcg@4 : 0.2816    ndcg@5 : 0.2941    ndcg@10 : 0.3395    ndcg@20 : 0.3807    ndcg@30 : 0.3998    ndcg@50 : 0.4233    precision@1 : 0.2241    precision@2 : 0.1949    precision@3 : 0.1605    precision@4 : 0.1441    precision@5 : 0.1304    precision@10 : 0.0932    precision@20 : 0.0626    precision@30 : 0.0482    precision@50 : 0.0338    map@1 : 0.2241    map@2 : 0.2232    map@3 : 0.2229    map@4 : 0.2279    map@5 : 0.2329    map@10 : 0.2515    map@20 : 0.2653    map@30 : 0.2711    map@50 : 0.2765
Sun 15 Mar 2026 22:04:14 INFO  Saving current: saved/LightGCN-Mar-15-2026_22-02-15.pth
Sun 15 Mar 2026 22:04:14 INFO  epoch 236 training [time: 0.20s, train loss: 2.1680]
Sun 15 Mar 2026 22:04:14 INFO  epoch 236 evaluating [time: 0.31s, valid_score: 0.339800]
Sun 15 Mar 2026 22:04:14 INFO  valid result: 
recall@1 : 0.1316    recall@2 : 0.2291    recall@3 : 0.2789    recall@4 : 0.3264    recall@5 : 0.3643    recall@10 : 0.4965    recall@20 : 0.6336    recall@30 : 0.703    recall@50 : 0.804    ndcg@1 : 0.2247    ndcg@2 : 0.253    ndcg@3 : 0.2651    ndcg@4 : 0.2811    ndcg@5 : 0.2947    ndcg@10 : 0.3398    ndcg@20 : 0.3806    ndcg@30 : 0.3996    ndcg@50 : 0.4233    precision@1 : 0.2247    precision@2 : 0.1937    precision@3 : 0.1603    precision@4 : 0.1438    precision@5 : 0.131    precision@10 : 0.0934    precision@20 : 0.0626    precision@30 : 0.0482    precision@50 : 0.0338    map@1 : 0.2247    map@2 : 0.2226    map@3 : 0.2229    map@4 : 0.2277    map@5 : 0.2334    map@10 : 0.2516    map@20 : 0.2653    map@30 : 0.2712    map@50 : 0.2765
Sun 15 Mar 2026 22:04:14 INFO  Saving current: saved/LightGCN-Mar-15-2026_22-02-15.pth
Sun 15 Mar 2026 22:04:15 INFO  epoch 237 training [time: 0.20s, train loss: 2.1927]
Sun 15 Mar 2026 22:04:15 INFO  epoch 237 evaluating [time: 0.34s, valid_score: 0.338200]
Sun 15 Mar 2026 22:04:15 INFO  valid result: 
recall@1 : 0.1294    recall@2 : 0.2284    recall@3 : 0.279    recall@4 : 0.3262    recall@5 : 0.3637    recall@10 : 0.4944    recall@20 : 0.633    recall@30 : 0.7032    recall@50 : 0.804    ndcg@1 : 0.2223    ndcg@2 : 0.2519    ndcg@3 : 0.2643    ndcg@4 : 0.2802    ndcg@5 : 0.2935    ndcg@10 : 0.3382    ndcg@20 : 0.3795    ndcg@30 : 0.3988    ndcg@50 : 0.4224    precision@1 : 0.2223    precision@2 : 0.1934    precision@3 : 0.1605    precision@4 : 0.1438    precision@5 : 0.1308    precision@10 : 0.0931    precision@20 : 0.0625    precision@30 : 0.0482    precision@50 : 0.0338    map@1 : 0.2223    map@2 : 0.2212    map@3 : 0.2217    map@4 : 0.2265    map@5 : 0.232    map@10 : 0.2502    map@20 : 0.2641    map@30 : 0.27    map@50 : 0.2753
Sun 15 Mar 2026 22:04:15 INFO  epoch 238 training [time: 0.17s, train loss: 2.1635]
Sun 15 Mar 2026 22:04:15 INFO  epoch 238 evaluating [time: 0.34s, valid_score: 0.337800]
Sun 15 Mar 2026 22:04:15 INFO  valid result: 
recall@1 : 0.1285    recall@2 : 0.2284    recall@3 : 0.2794    recall@4 : 0.3267    recall@5 : 0.3631    recall@10 : 0.4934    recall@20 : 0.6325    recall@30 : 0.7021    recall@50 : 0.8048    ndcg@1 : 0.2217    ndcg@2 : 0.2516    ndcg@3 : 0.2642    ndcg@4 : 0.28    ndcg@5 : 0.2931    ndcg@10 : 0.3378    ndcg@20 : 0.3791    ndcg@30 : 0.3983    ndcg@50 : 0.4223    precision@1 : 0.2217    precision@2 : 0.1934    precision@3 : 0.1607    precision@4 : 0.1438    precision@5 : 0.1309    precision@10 : 0.0932    precision@20 : 0.0625    precision@30 : 0.0482    precision@50 : 0.0338    map@1 : 0.2217    map@2 : 0.2208    map@3 : 0.2213    map@4 : 0.2261    map@5 : 0.2315    map@10 : 0.2496    map@20 : 0.2636    map@30 : 0.2695    map@50 : 0.2749
Sun 15 Mar 2026 22:04:16 INFO  epoch 239 training [time: 0.17s, train loss: 2.1444]
Sun 15 Mar 2026 22:04:16 INFO  epoch 239 evaluating [time: 0.33s, valid_score: 0.337700]
Sun 15 Mar 2026 22:04:16 INFO  valid result: 
recall@1 : 0.1288    recall@2 : 0.2276    recall@3 : 0.2797    recall@4 : 0.3249    recall@5 : 0.3626    recall@10 : 0.4935    recall@20 : 0.6332    recall@30 : 0.7021    recall@50 : 0.8042    ndcg@1 : 0.2217    ndcg@2 : 0.2508    ndcg@3 : 0.2643    ndcg@4 : 0.2792    ndcg@5 : 0.2927    ndcg@10 : 0.3377    ndcg@20 : 0.3792    ndcg@30 : 0.3982    ndcg@50 : 0.422    precision@1 : 0.2217    precision@2 : 0.1925    precision@3 : 0.1609    precision@4 : 0.1433    precision@5 : 0.1306    precision@10 : 0.0933    precision@20 : 0.0626    precision@30 : 0.0482    precision@50 : 0.0338    map@1 : 0.2217    map@2 : 0.2202    map@3 : 0.2214    map@4 : 0.2257    map@5 : 0.2313    map@10 : 0.2496    map@20 : 0.2636    map@30 : 0.2694    map@50 : 0.2748
Sun 15 Mar 2026 22:04:16 INFO  epoch 240 training [time: 0.19s, train loss: 2.1704]
Sun 15 Mar 2026 22:04:16 INFO  epoch 240 evaluating [time: 0.33s, valid_score: 0.338200]
Sun 15 Mar 2026 22:04:16 INFO  valid result: 
recall@1 : 0.1299    recall@2 : 0.2279    recall@3 : 0.2794    recall@4 : 0.3266    recall@5 : 0.3631    recall@10 : 0.4933    recall@20 : 0.633    recall@30 : 0.7015    recall@50 : 0.8049    ndcg@1 : 0.2223    ndcg@2 : 0.2514    ndcg@3 : 0.2645    ndcg@4 : 0.2804    ndcg@5 : 0.2934    ndcg@10 : 0.3382    ndcg@20 : 0.3797    ndcg@30 : 0.3986    ndcg@50 : 0.4227    precision@1 : 0.2223    precision@2 : 0.1928    precision@3 : 0.1607    precision@4 : 0.1439    precision@5 : 0.1306    precision@10 : 0.0933    precision@20 : 0.0626    precision@30 : 0.0481    precision@50 : 0.0339    map@1 : 0.2223    map@2 : 0.2208    map@3 : 0.2218    map@4 : 0.2268    map@5 : 0.232    map@10 : 0.2503    map@20 : 0.2643    map@30 : 0.2701    map@50 : 0.2756
Sun 15 Mar 2026 22:04:17 INFO  epoch 241 training [time: 0.20s, train loss: 2.1729]
Sun 15 Mar 2026 22:04:17 INFO  epoch 241 evaluating [time: 0.32s, valid_score: 0.338400]
Sun 15 Mar 2026 22:04:17 INFO  valid result: 
recall@1 : 0.129    recall@2 : 0.2282    recall@3 : 0.2802    recall@4 : 0.3254    recall@5 : 0.3638    recall@10 : 0.4949    recall@20 : 0.6324    recall@30 : 0.7019    recall@50 : 0.8049    ndcg@1 : 0.2217    ndcg@2 : 0.251    ndcg@3 : 0.2651    ndcg@4 : 0.2796    ndcg@5 : 0.2934    ndcg@10 : 0.3384    ndcg@20 : 0.3793    ndcg@30 : 0.3985    ndcg@50 : 0.4225    precision@1 : 0.2217    precision@2 : 0.1925    precision@3 : 0.1619    precision@4 : 0.1435    precision@5 : 0.1308    precision@10 : 0.0935    precision@20 : 0.0625    precision@30 : 0.0482    precision@50 : 0.0339    map@1 : 0.2217    map@2 : 0.2204    map@3 : 0.2222    map@4 : 0.2261    map@5 : 0.2319    map@10 : 0.2501    map@20 : 0.264    map@30 : 0.2699    map@50 : 0.2753
Sun 15 Mar 2026 22:04:17 INFO  epoch 242 training [time: 0.20s, train loss: 2.1522]
Sun 15 Mar 2026 22:04:17 INFO  epoch 242 evaluating [time: 0.33s, valid_score: 0.338900]
Sun 15 Mar 2026 22:04:17 INFO  valid result: 
recall@1 : 0.1291    recall@2 : 0.2282    recall@3 : 0.2806    recall@4 : 0.3255    recall@5 : 0.364    recall@10 : 0.4957    recall@20 : 0.6326    recall@30 : 0.7004    recall@50 : 0.8048    ndcg@1 : 0.2223    ndcg@2 : 0.2511    ndcg@3 : 0.2655    ndcg@4 : 0.28    ndcg@5 : 0.2936    ndcg@10 : 0.3389    ndcg@20 : 0.3796    ndcg@30 : 0.3984    ndcg@50 : 0.4226    precision@1 : 0.2223    precision@2 : 0.1925    precision@3 : 0.1623    precision@4 : 0.1439    precision@5 : 0.1309    precision@10 : 0.0937    precision@20 : 0.0626    precision@30 : 0.0481    precision@50 : 0.0338    map@1 : 0.2223    map@2 : 0.2206    map@3 : 0.2227    map@4 : 0.2266    map@5 : 0.2322    map@10 : 0.2505    map@20 : 0.2643    map@30 : 0.2701    map@50 : 0.2755
Sun 15 Mar 2026 22:04:18 INFO  epoch 243 training [time: 0.19s, train loss: 2.1312]
Sun 15 Mar 2026 22:04:18 INFO  epoch 243 evaluating [time: 0.31s, valid_score: 0.338700]
Sun 15 Mar 2026 22:04:18 INFO  valid result: 
recall@1 : 0.1292    recall@2 : 0.228    recall@3 : 0.281    recall@4 : 0.3256    recall@5 : 0.3644    recall@10 : 0.4948    recall@20 : 0.6331    recall@30 : 0.6994    recall@50 : 0.8053    ndcg@1 : 0.2217    ndcg@2 : 0.2508    ndcg@3 : 0.2658    ndcg@4 : 0.28    ndcg@5 : 0.2938    ndcg@10 : 0.3387    ndcg@20 : 0.3798    ndcg@30 : 0.3982    ndcg@50 : 0.4228    precision@1 : 0.2217    precision@2 : 0.1922    precision@3 : 0.1627    precision@4 : 0.1439    precision@5 : 0.1311    precision@10 : 0.0936    precision@20 : 0.0627    precision@30 : 0.0481    precision@50 : 0.0339    map@1 : 0.2217    map@2 : 0.2205    map@3 : 0.223    map@4 : 0.2267    map@5 : 0.2324    map@10 : 0.2506    map@20 : 0.2645    map@30 : 0.2702    map@50 : 0.2757
Sun 15 Mar 2026 22:04:18 INFO  epoch 244 training [time: 0.19s, train loss: 2.1613]
Sun 15 Mar 2026 22:04:18 INFO  epoch 244 evaluating [time: 0.31s, valid_score: 0.338300]
Sun 15 Mar 2026 22:04:18 INFO  valid result: 
recall@1 : 0.1295    recall@2 : 0.2272    recall@3 : 0.2816    recall@4 : 0.3256    recall@5 : 0.3644    recall@10 : 0.4937    recall@20 : 0.6334    recall@30 : 0.6999    recall@50 : 0.8038    ndcg@1 : 0.2211    ndcg@2 : 0.2504    ndcg@3 : 0.266    ndcg@4 : 0.2801    ndcg@5 : 0.2937    ndcg@10 : 0.3383    ndcg@20 : 0.3799    ndcg@30 : 0.3983    ndcg@50 : 0.4225    precision@1 : 0.2211    precision@2 : 0.1919    precision@3 : 0.1629    precision@4 : 0.1441    precision@5 : 0.1309    precision@10 : 0.0934    precision@20 : 0.0627    precision@30 : 0.0481    precision@50 : 0.0338    map@1 : 0.2211    map@2 : 0.2202    map@3 : 0.2231    map@4 : 0.2268    map@5 : 0.2324    map@10 : 0.2506    map@20 : 0.2647    map@30 : 0.2703    map@50 : 0.2758
Sun 15 Mar 2026 22:04:19 INFO  epoch 245 training [time: 0.18s, train loss: 2.1508]
Sun 15 Mar 2026 22:04:19 INFO  epoch 245 evaluating [time: 0.33s, valid_score: 0.338800]
Sun 15 Mar 2026 22:04:19 INFO  valid result: 
recall@1 : 0.1297    recall@2 : 0.2272    recall@3 : 0.2824    recall@4 : 0.3248    recall@5 : 0.3656    recall@10 : 0.4943    recall@20 : 0.6327    recall@30 : 0.6999    recall@50 : 0.8038    ndcg@1 : 0.2223    ndcg@2 : 0.251    ndcg@3 : 0.2666    ndcg@4 : 0.2799    ndcg@5 : 0.2945    ndcg@10 : 0.3388    ndcg@20 : 0.3799    ndcg@30 : 0.3985    ndcg@50 : 0.4227    precision@1 : 0.2223    precision@2 : 0.1925    precision@3 : 0.1631    precision@4 : 0.1436    precision@5 : 0.1312    precision@10 : 0.0936    precision@20 : 0.0627    precision@30 : 0.0481    precision@50 : 0.0338    map@1 : 0.2223    map@2 : 0.2206    map@3 : 0.2235    map@4 : 0.2268    map@5 : 0.2327    map@10 : 0.2508    map@20 : 0.2648    map@30 : 0.2705    map@50 : 0.2759
Sun 15 Mar 2026 22:04:19 INFO  epoch 246 training [time: 0.19s, train loss: 2.1287]
Sun 15 Mar 2026 22:04:19 INFO  epoch 246 evaluating [time: 0.33s, valid_score: 0.338300]
Sun 15 Mar 2026 22:04:19 INFO  valid result: 
recall@1 : 0.1297    recall@2 : 0.2269    recall@3 : 0.2818    recall@4 : 0.3253    recall@5 : 0.3647    recall@10 : 0.493    recall@20 : 0.6309    recall@30 : 0.7001    recall@50 : 0.8037    ndcg@1 : 0.2223    ndcg@2 : 0.2505    ndcg@3 : 0.2661    ndcg@4 : 0.2799    ndcg@5 : 0.294    ndcg@10 : 0.3383    ndcg@20 : 0.3794    ndcg@30 : 0.3984    ndcg@50 : 0.4225    precision@1 : 0.2223    precision@2 : 0.1919    precision@3 : 0.1627    precision@4 : 0.1436    precision@5 : 0.131    precision@10 : 0.0933    precision@20 : 0.0626    precision@30 : 0.0481    precision@50 : 0.0338    map@1 : 0.2223    map@2 : 0.2202    map@3 : 0.223    map@4 : 0.2267    map@5 : 0.2326    map@10 : 0.2506    map@20 : 0.2646    map@30 : 0.2703    map@50 : 0.2758
Sun 15 Mar 2026 22:04:20 INFO  epoch 247 training [time: 0.19s, train loss: 2.1445]
Sun 15 Mar 2026 22:04:20 INFO  epoch 247 evaluating [time: 0.31s, valid_score: 0.338300]
Sun 15 Mar 2026 22:04:20 INFO  valid result: 
recall@1 : 0.1296    recall@2 : 0.2265    recall@3 : 0.2823    recall@4 : 0.3259    recall@5 : 0.3639    recall@10 : 0.4935    recall@20 : 0.6305    recall@30 : 0.6998    recall@50 : 0.8037    ndcg@1 : 0.2217    ndcg@2 : 0.2502    ndcg@3 : 0.2664    ndcg@4 : 0.2802    ndcg@5 : 0.2937    ndcg@10 : 0.3383    ndcg@20 : 0.3793    ndcg@30 : 0.3984    ndcg@50 : 0.4225    precision@1 : 0.2217    precision@2 : 0.1919    precision@3 : 0.1633    precision@4 : 0.1439    precision@5 : 0.1308    precision@10 : 0.0933    precision@20 : 0.0626    precision@30 : 0.0481    precision@50 : 0.0338    map@1 : 0.2217    map@2 : 0.2199    map@3 : 0.2233    map@4 : 0.227    map@5 : 0.2324    map@10 : 0.2506    map@20 : 0.2646    map@30 : 0.2704    map@50 : 0.2758
Sun 15 Mar 2026 22:04:20 INFO  epoch 248 training [time: 0.19s, train loss: 2.1073]
Sun 15 Mar 2026 22:04:21 INFO  epoch 248 evaluating [time: 0.32s, valid_score: 0.338700]
Sun 15 Mar 2026 22:04:21 INFO  valid result: 
recall@1 : 0.1304    recall@2 : 0.2273    recall@3 : 0.2822    recall@4 : 0.3256    recall@5 : 0.3628    recall@10 : 0.4935    recall@20 : 0.6302    recall@30 : 0.7027    recall@50 : 0.8035    ndcg@1 : 0.2223    ndcg@2 : 0.2511    ndcg@3 : 0.2668    ndcg@4 : 0.2804    ndcg@5 : 0.2937    ndcg@10 : 0.3387    ndcg@20 : 0.3796    ndcg@30 : 0.3993    ndcg@50 : 0.4228    precision@1 : 0.2223    precision@2 : 0.1928    precision@3 : 0.1633    precision@4 : 0.1439    precision@5 : 0.1308    precision@10 : 0.0933    precision@20 : 0.0627    precision@30 : 0.0482    precision@50 : 0.0338    map@1 : 0.2223    map@2 : 0.2209    map@3 : 0.2238    map@4 : 0.2274    map@5 : 0.2328    map@10 : 0.2511    map@20 : 0.2652    map@30 : 0.271    map@50 : 0.2763
Sun 15 Mar 2026 22:04:21 INFO  epoch 249 training [time: 0.19s, train loss: 2.1223]
Sun 15 Mar 2026 22:04:21 INFO  epoch 249 evaluating [time: 0.32s, valid_score: 0.339600]
Sun 15 Mar 2026 22:04:21 INFO  valid result: 
recall@1 : 0.1319    recall@2 : 0.2276    recall@3 : 0.2834    recall@4 : 0.3258    recall@5 : 0.3632    recall@10 : 0.4941    recall@20 : 0.6302    recall@30 : 0.7031    recall@50 : 0.8035    ndcg@1 : 0.2241    ndcg@2 : 0.2516    ndcg@3 : 0.2679    ndcg@4 : 0.2812    ndcg@5 : 0.2944    ndcg@10 : 0.3396    ndcg@20 : 0.3804    ndcg@30 : 0.4002    ndcg@50 : 0.4236    precision@1 : 0.2241    precision@2 : 0.1925    precision@3 : 0.1637    precision@4 : 0.1441    precision@5 : 0.1306    precision@10 : 0.0935    precision@20 : 0.0627    precision@30 : 0.0483    precision@50 : 0.0338    map@1 : 0.2241    map@2 : 0.2217    map@3 : 0.225    map@4 : 0.2284    map@5 : 0.2337    map@10 : 0.2522    map@20 : 0.2662    map@30 : 0.2721    map@50 : 0.2774
Sun 15 Mar 2026 22:04:21 INFO  epoch 250 training [time: 0.20s, train loss: 2.1341]
Sun 15 Mar 2026 22:04:22 INFO  epoch 250 evaluating [time: 0.31s, valid_score: 0.339500]
Sun 15 Mar 2026 22:04:22 INFO  valid result: 
recall@1 : 0.132    recall@2 : 0.2265    recall@3 : 0.2835    recall@4 : 0.3258    recall@5 : 0.3636    recall@10 : 0.494    recall@20 : 0.6312    recall@30 : 0.7038    recall@50 : 0.803    ndcg@1 : 0.2247    ndcg@2 : 0.2513    ndcg@3 : 0.2678    ndcg@4 : 0.2812    ndcg@5 : 0.2947    ndcg@10 : 0.3395    ndcg@20 : 0.3806    ndcg@30 : 0.4004    ndcg@50 : 0.4235    precision@1 : 0.2247    precision@2 : 0.1922    precision@3 : 0.1635    precision@4 : 0.1442    precision@5 : 0.1311    precision@10 : 0.0936    precision@20 : 0.0628    precision@30 : 0.0484    precision@50 : 0.0338    map@1 : 0.2247    map@2 : 0.2214    map@3 : 0.2248    map@4 : 0.2283    map@5 : 0.2337    map@10 : 0.2521    map@20 : 0.2661    map@30 : 0.272    map@50 : 0.2773
Sun 15 Mar 2026 22:04:22 INFO  epoch 251 training [time: 0.16s, train loss: 2.1101]
Sun 15 Mar 2026 22:04:22 INFO  epoch 251 evaluating [time: 0.33s, valid_score: 0.339600]
Sun 15 Mar 2026 22:04:22 INFO  valid result: 
recall@1 : 0.1315    recall@2 : 0.2271    recall@3 : 0.2842    recall@4 : 0.3262    recall@5 : 0.3626    recall@10 : 0.4947    recall@20 : 0.631    recall@30 : 0.7038    recall@50 : 0.8035    ndcg@1 : 0.2235    ndcg@2 : 0.2514    ndcg@3 : 0.2681    ndcg@4 : 0.2813    ndcg@5 : 0.2942    ndcg@10 : 0.3396    ndcg@20 : 0.3805    ndcg@30 : 0.4003    ndcg@50 : 0.4235    precision@1 : 0.2235    precision@2 : 0.1925    precision@3 : 0.1641    precision@4 : 0.1445    precision@5 : 0.1308    precision@10 : 0.0936    precision@20 : 0.0628    precision@30 : 0.0484    precision@50 : 0.0338    map@1 : 0.2235    map@2 : 0.2214    map@3 : 0.225    map@4 : 0.2284    map@5 : 0.2334    map@10 : 0.252    map@20 : 0.266    map@30 : 0.2719    map@50 : 0.2772
Sun 15 Mar 2026 22:04:22 INFO  epoch 252 training [time: 0.18s, train loss: 2.1121]
Sun 15 Mar 2026 22:04:23 INFO  epoch 252 evaluating [time: 0.33s, valid_score: 0.339900]
Sun 15 Mar 2026 22:04:23 INFO  valid result: 
recall@1 : 0.1319    recall@2 : 0.2263    recall@3 : 0.285    recall@4 : 0.3263    recall@5 : 0.3633    recall@10 : 0.4956    recall@20 : 0.6311    recall@30 : 0.7038    recall@50 : 0.805    ndcg@1 : 0.2235    ndcg@2 : 0.2511    ndcg@3 : 0.2686    ndcg@4 : 0.2815    ndcg@5 : 0.2946    ndcg@10 : 0.3399    ndcg@20 : 0.3806    ndcg@30 : 0.4005    ndcg@50 : 0.424    precision@1 : 0.2235    precision@2 : 0.1922    precision@3 : 0.1645    precision@4 : 0.1447    precision@5 : 0.1311    precision@10 : 0.0936    precision@20 : 0.0628    precision@30 : 0.0484    precision@50 : 0.0339    map@1 : 0.2235    map@2 : 0.2214    map@3 : 0.2253    map@4 : 0.2286    map@5 : 0.2337    map@10 : 0.2522    map@20 : 0.2662    map@30 : 0.2721    map@50 : 0.2775
Sun 15 Mar 2026 22:04:23 INFO  Saving current: saved/LightGCN-Mar-15-2026_22-02-15.pth
Sun 15 Mar 2026 22:04:23 INFO  epoch 253 training [time: 0.15s, train loss: 2.0970]
Sun 15 Mar 2026 22:04:23 INFO  epoch 253 evaluating [time: 0.34s, valid_score: 0.340600]
Sun 15 Mar 2026 22:04:23 INFO  valid result: 
recall@1 : 0.1325    recall@2 : 0.2273    recall@3 : 0.285    recall@4 : 0.3273    recall@5 : 0.3608    recall@10 : 0.4968    recall@20 : 0.6312    recall@30 : 0.7038    recall@50 : 0.805    ndcg@1 : 0.2241    ndcg@2 : 0.2516    ndcg@3 : 0.269    ndcg@4 : 0.2823    ndcg@5 : 0.294    ndcg@10 : 0.3406    ndcg@20 : 0.3811    ndcg@30 : 0.4008    ndcg@50 : 0.4243    precision@1 : 0.2241    precision@2 : 0.1922    precision@3 : 0.1647    precision@4 : 0.145    precision@5 : 0.1305    precision@10 : 0.0937    precision@20 : 0.0629    precision@30 : 0.0484    precision@50 : 0.0339    map@1 : 0.2241    map@2 : 0.2218    map@3 : 0.2256    map@4 : 0.2292    map@5 : 0.2336    map@10 : 0.2527    map@20 : 0.2667    map@30 : 0.2726    map@50 : 0.2779
Sun 15 Mar 2026 22:04:23 INFO  Saving current: saved/LightGCN-Mar-15-2026_22-02-15.pth
Sun 15 Mar 2026 22:04:23 INFO  epoch 254 training [time: 0.16s, train loss: 2.0988]
Sun 15 Mar 2026 22:04:24 INFO  epoch 254 evaluating [time: 0.33s, valid_score: 0.341100]
Sun 15 Mar 2026 22:04:24 INFO  valid result: 
recall@1 : 0.1326    recall@2 : 0.2277    recall@3 : 0.285    recall@4 : 0.3282    recall@5 : 0.3613    recall@10 : 0.4975    recall@20 : 0.6298    recall@30 : 0.7038    recall@50 : 0.8055    ndcg@1 : 0.2247    ndcg@2 : 0.2522    ndcg@3 : 0.2692    ndcg@4 : 0.2828    ndcg@5 : 0.2943    ndcg@10 : 0.3411    ndcg@20 : 0.3809    ndcg@30 : 0.401    ndcg@50 : 0.4247    precision@1 : 0.2247    precision@2 : 0.1928    precision@3 : 0.1647    precision@4 : 0.1451    precision@5 : 0.1305    precision@10 : 0.0939    precision@20 : 0.0628    precision@30 : 0.0484    precision@50 : 0.0339    map@1 : 0.2247    map@2 : 0.2223    map@3 : 0.2258    map@4 : 0.2296    map@5 : 0.234    map@10 : 0.2531    map@20 : 0.2669    map@30 : 0.2729    map@50 : 0.2782
Sun 15 Mar 2026 22:04:24 INFO  Saving current: saved/LightGCN-Mar-15-2026_22-02-15.pth
Sun 15 Mar 2026 22:04:24 INFO  epoch 255 training [time: 0.20s, train loss: 2.0978]
Sun 15 Mar 2026 22:04:24 INFO  epoch 255 evaluating [time: 0.33s, valid_score: 0.340500]
Sun 15 Mar 2026 22:04:24 INFO  valid result: 
recall@1 : 0.1319    recall@2 : 0.2283    recall@3 : 0.2857    recall@4 : 0.3279    recall@5 : 0.3619    recall@10 : 0.496    recall@20 : 0.6304    recall@30 : 0.7036    recall@50 : 0.8057    ndcg@1 : 0.2235    ndcg@2 : 0.252    ndcg@3 : 0.2691    ndcg@4 : 0.2825    ndcg@5 : 0.2944    ndcg@10 : 0.3405    ndcg@20 : 0.381    ndcg@30 : 0.4009    ndcg@50 : 0.4246    precision@1 : 0.2235    precision@2 : 0.1928    precision@3 : 0.1649    precision@4 : 0.1451    precision@5 : 0.1306    precision@10 : 0.0937    precision@20 : 0.0628    precision@30 : 0.0484    precision@50 : 0.0339    map@1 : 0.2235    map@2 : 0.2218    map@3 : 0.2256    map@4 : 0.2292    map@5 : 0.2338    map@10 : 0.2527    map@20 : 0.2668    map@30 : 0.2727    map@50 : 0.2781
Sun 15 Mar 2026 22:04:24 INFO  epoch 256 training [time: 0.19s, train loss: 2.0952]
Sun 15 Mar 2026 22:04:25 INFO  epoch 256 evaluating [time: 0.32s, valid_score: 0.340600]
Sun 15 Mar 2026 22:04:25 INFO  valid result: 
recall@1 : 0.1323    recall@2 : 0.2299    recall@3 : 0.2859    recall@4 : 0.3268    recall@5 : 0.3622    recall@10 : 0.4952    recall@20 : 0.6323    recall@30 : 0.7034    recall@50 : 0.806    ndcg@1 : 0.2235    ndcg@2 : 0.2533    ndcg@3 : 0.2696    ndcg@4 : 0.2823    ndcg@5 : 0.2949    ndcg@10 : 0.3406    ndcg@20 : 0.3818    ndcg@30 : 0.4012    ndcg@50 : 0.4251    precision@1 : 0.2235    precision@2 : 0.194    precision@3 : 0.1651    precision@4 : 0.1447    precision@5 : 0.1309    precision@10 : 0.0936    precision@20 : 0.0629    precision@30 : 0.0484    precision@50 : 0.034    map@1 : 0.2235    map@2 : 0.2229    map@3 : 0.2261    map@4 : 0.2294    map@5 : 0.2343    map@10 : 0.2531    map@20 : 0.2674    map@30 : 0.2732    map@50 : 0.2786
Sun 15 Mar 2026 22:04:25 INFO  epoch 257 training [time: 0.14s, train loss: 2.0888]
Sun 15 Mar 2026 22:04:25 INFO  epoch 257 evaluating [time: 0.24s, valid_score: 0.341200]
Sun 15 Mar 2026 22:04:25 INFO  valid result: 
recall@1 : 0.1332    recall@2 : 0.2307    recall@3 : 0.2866    recall@4 : 0.3282    recall@5 : 0.3624    recall@10 : 0.495    recall@20 : 0.6316    recall@30 : 0.7052    recall@50 : 0.807    ndcg@1 : 0.2253    ndcg@2 : 0.2541    ndcg@3 : 0.2704    ndcg@4 : 0.2836    ndcg@5 : 0.2956    ndcg@10 : 0.3412    ndcg@20 : 0.3823    ndcg@30 : 0.4023    ndcg@50 : 0.4259    precision@1 : 0.2253    precision@2 : 0.1943    precision@3 : 0.1651    precision@4 : 0.1453    precision@5 : 0.131    precision@10 : 0.0936    precision@20 : 0.0629    precision@30 : 0.0485    precision@50 : 0.034    map@1 : 0.2253    map@2 : 0.2238    map@3 : 0.227    map@4 : 0.2306    map@5 : 0.2352    map@10 : 0.2539    map@20 : 0.2682    map@30 : 0.2741    map@50 : 0.2794
Sun 15 Mar 2026 22:04:25 INFO  Saving current: saved/LightGCN-Mar-15-2026_22-02-15.pth
Sun 15 Mar 2026 22:04:25 INFO  epoch 258 training [time: 0.18s, train loss: 2.0741]
Sun 15 Mar 2026 22:04:25 INFO  epoch 258 evaluating [time: 0.30s, valid_score: 0.341400]
Sun 15 Mar 2026 22:04:25 INFO  valid result: 
recall@1 : 0.1335    recall@2 : 0.2314    recall@3 : 0.2871    recall@4 : 0.3282    recall@5 : 0.3629    recall@10 : 0.4954    recall@20 : 0.6311    recall@30 : 0.7041    recall@50 : 0.8067    ndcg@1 : 0.2241    ndcg@2 : 0.2546    ndcg@3 : 0.2706    ndcg@4 : 0.2836    ndcg@5 : 0.2958    ndcg@10 : 0.3414    ndcg@20 : 0.3823    ndcg@30 : 0.4021    ndcg@50 : 0.4259    precision@1 : 0.2241    precision@2 : 0.1949    precision@3 : 0.1651    precision@4 : 0.1453    precision@5 : 0.1308    precision@10 : 0.0936    precision@20 : 0.063    precision@30 : 0.0484    precision@50 : 0.034    map@1 : 0.2241    map@2 : 0.2242    map@3 : 0.2272    map@4 : 0.2309    map@5 : 0.2355    map@10 : 0.2542    map@20 : 0.2684    map@30 : 0.2743    map@50 : 0.2797
Sun 15 Mar 2026 22:04:25 INFO  Saving current: saved/LightGCN-Mar-15-2026_22-02-15.pth
Sun 15 Mar 2026 22:04:26 INFO  epoch 259 training [time: 0.26s, train loss: 2.0642]
Sun 15 Mar 2026 22:04:26 INFO  epoch 259 evaluating [time: 0.15s, valid_score: 0.341200]
Sun 15 Mar 2026 22:04:26 INFO  valid result: 
recall@1 : 0.1326    recall@2 : 0.231    recall@3 : 0.2874    recall@4 : 0.3279    recall@5 : 0.3622    recall@10 : 0.4959    recall@20 : 0.6296    recall@30 : 0.7047    recall@50 : 0.8056    ndcg@1 : 0.2235    ndcg@2 : 0.2536    ndcg@3 : 0.2705    ndcg@4 : 0.2831    ndcg@5 : 0.2951    ndcg@10 : 0.3412    ndcg@20 : 0.3817    ndcg@30 : 0.4019    ndcg@50 : 0.4254    precision@1 : 0.2235    precision@2 : 0.194    precision@3 : 0.1655    precision@4 : 0.1451    precision@5 : 0.1306    precision@10 : 0.0935    precision@20 : 0.0628    precision@30 : 0.0484    precision@50 : 0.0339    map@1 : 0.2235    map@2 : 0.2232    map@3 : 0.2268    map@4 : 0.2303    map@5 : 0.2348    map@10 : 0.2538    map@20 : 0.2679    map@30 : 0.2739    map@50 : 0.2792
Sun 15 Mar 2026 22:04:26 INFO  epoch 260 training [time: 0.17s, train loss: 2.0687]
Sun 15 Mar 2026 22:04:26 INFO  epoch 260 evaluating [time: 0.33s, valid_score: 0.341600]
Sun 15 Mar 2026 22:04:26 INFO  valid result: 
recall@1 : 0.1344    recall@2 : 0.2298    recall@3 : 0.2873    recall@4 : 0.3288    recall@5 : 0.362    recall@10 : 0.4954    recall@20 : 0.629    recall@30 : 0.7037    recall@50 : 0.8053    ndcg@1 : 0.2253    ndcg@2 : 0.2537    ndcg@3 : 0.2709    ndcg@4 : 0.284    ndcg@5 : 0.2956    ndcg@10 : 0.3416    ndcg@20 : 0.3821    ndcg@30 : 0.4022    ndcg@50 : 0.4259    precision@1 : 0.2253    precision@2 : 0.1937    precision@3 : 0.1653    precision@4 : 0.1454    precision@5 : 0.1305    precision@10 : 0.0934    precision@20 : 0.0628    precision@30 : 0.0484    precision@50 : 0.0339    map@1 : 0.2253    map@2 : 0.2238    map@3 : 0.2274    map@4 : 0.2312    map@5 : 0.2355    map@10 : 0.2544    map@20 : 0.2686    map@30 : 0.2746    map@50 : 0.28
Sun 15 Mar 2026 22:04:26 INFO  Saving current: saved/LightGCN-Mar-15-2026_22-02-15.pth
Sun 15 Mar 2026 22:04:27 INFO  epoch 261 training [time: 0.19s, train loss: 2.0596]
Sun 15 Mar 2026 22:04:27 INFO  epoch 261 evaluating [time: 0.33s, valid_score: 0.342000]
Sun 15 Mar 2026 22:04:27 INFO  valid result: 
recall@1 : 0.135    recall@2 : 0.2296    recall@3 : 0.2872    recall@4 : 0.3299    recall@5 : 0.3613    recall@10 : 0.4959    recall@20 : 0.6291    recall@30 : 0.7019    recall@50 : 0.8069    ndcg@1 : 0.2259    ndcg@2 : 0.2537    ndcg@3 : 0.2709    ndcg@4 : 0.2848    ndcg@5 : 0.2955    ndcg@10 : 0.342    ndcg@20 : 0.3824    ndcg@30 : 0.4022    ndcg@50 : 0.4266    precision@1 : 0.2259    precision@2 : 0.1934    precision@3 : 0.1651    precision@4 : 0.146    precision@5 : 0.1303    precision@10 : 0.0934    precision@20 : 0.0628    precision@30 : 0.0483    precision@50 : 0.034    map@1 : 0.2259    map@2 : 0.2239    map@3 : 0.2275    map@4 : 0.2319    map@5 : 0.2357    map@10 : 0.2548    map@20 : 0.269    map@30 : 0.2749    map@50 : 0.2804
Sun 15 Mar 2026 22:04:27 INFO  Saving current: saved/LightGCN-Mar-15-2026_22-02-15.pth
Sun 15 Mar 2026 22:04:27 INFO  epoch 262 training [time: 0.18s, train loss: 2.0726]
Sun 15 Mar 2026 22:04:27 INFO  epoch 262 evaluating [time: 0.31s, valid_score: 0.341700]
Sun 15 Mar 2026 22:04:27 INFO  valid result: 
recall@1 : 0.1351    recall@2 : 0.2297    recall@3 : 0.2872    recall@4 : 0.3305    recall@5 : 0.3628    recall@10 : 0.4943    recall@20 : 0.6279    recall@30 : 0.7023    recall@50 : 0.8064    ndcg@1 : 0.2265    ndcg@2 : 0.2538    ndcg@3 : 0.271    ndcg@4 : 0.2853    ndcg@5 : 0.2962    ndcg@10 : 0.3417    ndcg@20 : 0.3823    ndcg@30 : 0.4024    ndcg@50 : 0.4266    precision@1 : 0.2265    precision@2 : 0.1934    precision@3 : 0.1651    precision@4 : 0.1466    precision@5 : 0.1306    precision@10 : 0.0932    precision@20 : 0.0628    precision@30 : 0.0483    precision@50 : 0.034    map@1 : 0.2265    map@2 : 0.2239    map@3 : 0.2276    map@4 : 0.2323    map@5 : 0.236    map@10 : 0.2547    map@20 : 0.2691    map@30 : 0.2751    map@50 : 0.2805
Sun 15 Mar 2026 22:04:28 INFO  epoch 263 training [time: 0.18s, train loss: 2.0562]
Sun 15 Mar 2026 22:04:28 INFO  epoch 263 evaluating [time: 0.33s, valid_score: 0.342300]
Sun 15 Mar 2026 22:04:28 INFO  valid result: 
recall@1 : 0.1366    recall@2 : 0.2286    recall@3 : 0.2867    recall@4 : 0.3295    recall@5 : 0.363    recall@10 : 0.4953    recall@20 : 0.6274    recall@30 : 0.7033    recall@50 : 0.8068    ndcg@1 : 0.2282    ndcg@2 : 0.2539    ndcg@3 : 0.2711    ndcg@4 : 0.2853    ndcg@5 : 0.2966    ndcg@10 : 0.3423    ndcg@20 : 0.3826    ndcg@30 : 0.4031    ndcg@50 : 0.4271    precision@1 : 0.2282    precision@2 : 0.1931    precision@3 : 0.1649    precision@4 : 0.1463    precision@5 : 0.1306    precision@10 : 0.0934    precision@20 : 0.0628    precision@30 : 0.0484    precision@50 : 0.034    map@1 : 0.2282    map@2 : 0.2242    map@3 : 0.2279    map@4 : 0.2326    map@5 : 0.2366    map@10 : 0.2553    map@20 : 0.2696    map@30 : 0.2756    map@50 : 0.2811
Sun 15 Mar 2026 22:04:28 INFO  Saving current: saved/LightGCN-Mar-15-2026_22-02-15.pth
Sun 15 Mar 2026 22:04:28 INFO  epoch 264 training [time: 0.19s, train loss: 2.0150]
Sun 15 Mar 2026 22:04:28 INFO  epoch 264 evaluating [time: 0.31s, valid_score: 0.342800]
Sun 15 Mar 2026 22:04:28 INFO  valid result: 
recall@1 : 0.1369    recall@2 : 0.2291    recall@3 : 0.2882    recall@4 : 0.3301    recall@5 : 0.3629    recall@10 : 0.4957    recall@20 : 0.6266    recall@30 : 0.705    recall@50 : 0.8078    ndcg@1 : 0.2277    ndcg@2 : 0.2542    ndcg@3 : 0.272    ndcg@4 : 0.2857    ndcg@5 : 0.2968    ndcg@10 : 0.3428    ndcg@20 : 0.3826    ndcg@30 : 0.4037    ndcg@50 : 0.4275    precision@1 : 0.2277    precision@2 : 0.1934    precision@3 : 0.1655    precision@4 : 0.1465    precision@5 : 0.1306    precision@10 : 0.0936    precision@20 : 0.0627    precision@30 : 0.0485    precision@50 : 0.034    map@1 : 0.2277    map@2 : 0.2245    map@3 : 0.2286    map@4 : 0.2329    map@5 : 0.237    map@10 : 0.2558    map@20 : 0.2699    map@30 : 0.2761    map@50 : 0.2815
Sun 15 Mar 2026 22:04:28 INFO  Saving current: saved/LightGCN-Mar-15-2026_22-02-15.pth
Sun 15 Mar 2026 22:04:29 INFO  epoch 265 training [time: 0.19s, train loss: 2.0538]
Sun 15 Mar 2026 22:04:29 INFO  epoch 265 evaluating [time: 0.31s, valid_score: 0.342400]
Sun 15 Mar 2026 22:04:29 INFO  valid result: 
recall@1 : 0.1363    recall@2 : 0.2286    recall@3 : 0.2891    recall@4 : 0.3307    recall@5 : 0.3629    recall@10 : 0.4952    recall@20 : 0.6273    recall@30 : 0.7064    recall@50 : 0.8068    ndcg@1 : 0.2271    ndcg@2 : 0.2536    ndcg@3 : 0.2724    ndcg@4 : 0.2857    ndcg@5 : 0.2966    ndcg@10 : 0.3424    ndcg@20 : 0.3826    ndcg@30 : 0.4038    ndcg@50 : 0.4271    precision@1 : 0.2271    precision@2 : 0.1931    precision@3 : 0.1661    precision@4 : 0.1465    precision@5 : 0.1305    precision@10 : 0.0935    precision@20 : 0.0627    precision@30 : 0.0486    precision@50 : 0.034    map@1 : 0.2271    map@2 : 0.2239    map@3 : 0.2286    map@4 : 0.2328    map@5 : 0.2366    map@10 : 0.2555    map@20 : 0.2696    map@30 : 0.2759    map@50 : 0.2812
Sun 15 Mar 2026 22:04:29 INFO  epoch 266 training [time: 0.19s, train loss: 2.0419]
Sun 15 Mar 2026 22:04:29 INFO  epoch 266 evaluating [time: 0.31s, valid_score: 0.342100]
Sun 15 Mar 2026 22:04:29 INFO  valid result: 
recall@1 : 0.135    recall@2 : 0.2306    recall@3 : 0.2888    recall@4 : 0.3298    recall@5 : 0.3616    recall@10 : 0.4949    recall@20 : 0.6273    recall@30 : 0.7057    recall@50 : 0.8067    ndcg@1 : 0.2265    ndcg@2 : 0.2547    ndcg@3 : 0.2719    ndcg@4 : 0.2853    ndcg@5 : 0.2959    ndcg@10 : 0.3421    ndcg@20 : 0.3823    ndcg@30 : 0.4035    ndcg@50 : 0.427    precision@1 : 0.2265    precision@2 : 0.1946    precision@3 : 0.1655    precision@4 : 0.1463    precision@5 : 0.1304    precision@10 : 0.0934    precision@20 : 0.0627    precision@30 : 0.0486    precision@50 : 0.034    map@1 : 0.2265    map@2 : 0.2245    map@3 : 0.228    map@4 : 0.2323    map@5 : 0.236    map@10 : 0.2551    map@20 : 0.2692    map@30 : 0.2755    map@50 : 0.2808
Sun 15 Mar 2026 22:04:30 INFO  epoch 267 training [time: 0.18s, train loss: 2.0160]
Sun 15 Mar 2026 22:04:30 INFO  epoch 267 evaluating [time: 0.32s, valid_score: 0.342600]
Sun 15 Mar 2026 22:04:30 INFO  valid result: 
recall@1 : 0.1363    recall@2 : 0.2309    recall@3 : 0.2895    recall@4 : 0.33    recall@5 : 0.3623    recall@10 : 0.4945    recall@20 : 0.6283    recall@30 : 0.7065    recall@50 : 0.8062    ndcg@1 : 0.2271    ndcg@2 : 0.2553    ndcg@3 : 0.2727    ndcg@4 : 0.2858    ndcg@5 : 0.2966    ndcg@10 : 0.3426    ndcg@20 : 0.3832    ndcg@30 : 0.4043    ndcg@50 : 0.4275    precision@1 : 0.2271    precision@2 : 0.1949    precision@3 : 0.1659    precision@4 : 0.1463    precision@5 : 0.1304    precision@10 : 0.0934    precision@20 : 0.0627    precision@30 : 0.0486    precision@50 : 0.034    map@1 : 0.2271    map@2 : 0.2251    map@3 : 0.2289    map@4 : 0.2329    map@5 : 0.2368    map@10 : 0.2558    map@20 : 0.2701    map@30 : 0.2764    map@50 : 0.2816
Sun 15 Mar 2026 22:04:30 INFO  epoch 268 training [time: 0.17s, train loss: 2.0039]
Sun 15 Mar 2026 22:04:30 INFO  epoch 268 evaluating [time: 0.31s, valid_score: 0.343100]
Sun 15 Mar 2026 22:04:30 INFO  valid result: 
recall@1 : 0.1375    recall@2 : 0.2313    recall@3 : 0.2895    recall@4 : 0.3303    recall@5 : 0.3623    recall@10 : 0.4944    recall@20 : 0.6266    recall@30 : 0.7058    recall@50 : 0.8062    ndcg@1 : 0.2282    ndcg@2 : 0.2561    ndcg@3 : 0.2732    ndcg@4 : 0.2865    ndcg@5 : 0.2971    ndcg@10 : 0.3431    ndcg@20 : 0.3834    ndcg@30 : 0.4048    ndcg@50 : 0.4281    precision@1 : 0.2282    precision@2 : 0.1952    precision@3 : 0.1659    precision@4 : 0.1466    precision@5 : 0.1304    precision@10 : 0.0934    precision@20 : 0.0626    precision@30 : 0.0486    precision@50 : 0.034    map@1 : 0.2282    map@2 : 0.2262    map@3 : 0.2296    map@4 : 0.2337    map@5 : 0.2374    map@10 : 0.2565    map@20 : 0.2708    map@30 : 0.2771    map@50 : 0.2824
Sun 15 Mar 2026 22:04:30 INFO  Saving current: saved/LightGCN-Mar-15-2026_22-02-15.pth
Sun 15 Mar 2026 22:04:31 INFO  epoch 269 training [time: 0.19s, train loss: 2.0071]
Sun 15 Mar 2026 22:04:31 INFO  epoch 269 evaluating [time: 0.31s, valid_score: 0.343000]
Sun 15 Mar 2026 22:04:31 INFO  valid result: 
recall@1 : 0.1362    recall@2 : 0.2322    recall@3 : 0.2899    recall@4 : 0.331    recall@5 : 0.3628    recall@10 : 0.495    recall@20 : 0.6279    recall@30 : 0.7053    recall@50 : 0.8049    ndcg@1 : 0.2265    ndcg@2 : 0.2564    ndcg@3 : 0.2729    ndcg@4 : 0.2865    ndcg@5 : 0.2971    ndcg@10 : 0.343    ndcg@20 : 0.3834    ndcg@30 : 0.4044    ndcg@50 : 0.4276    precision@1 : 0.2265    precision@2 : 0.1961    precision@3 : 0.1661    precision@4 : 0.1468    precision@5 : 0.1305    precision@10 : 0.0936    precision@20 : 0.0627    precision@30 : 0.0486    precision@50 : 0.034    map@1 : 0.2265    map@2 : 0.226    map@3 : 0.2289    map@4 : 0.2333    map@5 : 0.2371    map@10 : 0.2561    map@20 : 0.2704    map@30 : 0.2767    map@50 : 0.282
Sun 15 Mar 2026 22:04:31 INFO  epoch 270 training [time: 0.18s, train loss: 2.0158]
Sun 15 Mar 2026 22:04:31 INFO  epoch 270 evaluating [time: 0.31s, valid_score: 0.343700]
Sun 15 Mar 2026 22:04:31 INFO  valid result: 
recall@1 : 0.1368    recall@2 : 0.2327    recall@3 : 0.2914    recall@4 : 0.3311    recall@5 : 0.3641    recall@10 : 0.4956    recall@20 : 0.6287    recall@30 : 0.7053    recall@50 : 0.8053    ndcg@1 : 0.2277    ndcg@2 : 0.2572    ndcg@3 : 0.2743    ndcg@4 : 0.287    ndcg@5 : 0.2981    ndcg@10 : 0.3437    ndcg@20 : 0.3841    ndcg@30 : 0.4049    ndcg@50 : 0.4282    precision@1 : 0.2277    precision@2 : 0.1967    precision@3 : 0.1669    precision@4 : 0.1468    precision@5 : 0.1309    precision@10 : 0.0936    precision@20 : 0.0628    precision@30 : 0.0485    precision@50 : 0.034    map@1 : 0.2277    map@2 : 0.2268    map@3 : 0.23    map@4 : 0.234    map@5 : 0.238    map@10 : 0.2568    map@20 : 0.271    map@30 : 0.2773    map@50 : 0.2826
Sun 15 Mar 2026 22:04:31 INFO  Saving current: saved/LightGCN-Mar-15-2026_22-02-15.pth
Sun 15 Mar 2026 22:04:32 INFO  epoch 271 training [time: 0.18s, train loss: 2.0115]
Sun 15 Mar 2026 22:04:32 INFO  epoch 271 evaluating [time: 0.32s, valid_score: 0.344100]
Sun 15 Mar 2026 22:04:32 INFO  valid result: 
recall@1 : 0.1377    recall@2 : 0.2324    recall@3 : 0.2906    recall@4 : 0.3318    recall@5 : 0.3645    recall@10 : 0.4958    recall@20 : 0.6296    recall@30 : 0.7045    recall@50 : 0.804    ndcg@1 : 0.2288    ndcg@2 : 0.2571    ndcg@3 : 0.2742    ndcg@4 : 0.2875    ndcg@5 : 0.2985    ndcg@10 : 0.3441    ndcg@20 : 0.3846    ndcg@30 : 0.405    ndcg@50 : 0.4282    precision@1 : 0.2288    precision@2 : 0.1961    precision@3 : 0.1667    precision@4 : 0.1469    precision@5 : 0.1309    precision@10 : 0.0938    precision@20 : 0.0629    precision@30 : 0.0485    precision@50 : 0.034    map@1 : 0.2288    map@2 : 0.2269    map@3 : 0.2302    map@4 : 0.2344    map@5 : 0.2383    map@10 : 0.2572    map@20 : 0.2715    map@30 : 0.2777    map@50 : 0.283
Sun 15 Mar 2026 22:04:32 INFO  Saving current: saved/LightGCN-Mar-15-2026_22-02-15.pth
Sun 15 Mar 2026 22:04:32 INFO  epoch 272 training [time: 0.20s, train loss: 2.0056]
Sun 15 Mar 2026 22:04:32 INFO  epoch 272 evaluating [time: 0.33s, valid_score: 0.344300]
Sun 15 Mar 2026 22:04:32 INFO  valid result: 
recall@1 : 0.1374    recall@2 : 0.2332    recall@3 : 0.2908    recall@4 : 0.3318    recall@5 : 0.3651    recall@10 : 0.4965    recall@20 : 0.6305    recall@30 : 0.7056    recall@50 : 0.8045    ndcg@1 : 0.2277    ndcg@2 : 0.2574    ndcg@3 : 0.274    ndcg@4 : 0.2873    ndcg@5 : 0.2986    ndcg@10 : 0.3443    ndcg@20 : 0.3849    ndcg@30 : 0.4053    ndcg@50 : 0.4283    precision@1 : 0.2277    precision@2 : 0.1967    precision@3 : 0.1665    precision@4 : 0.1468    precision@5 : 0.131    precision@10 : 0.094    precision@20 : 0.063    precision@30 : 0.0486    precision@50 : 0.034    map@1 : 0.2277    map@2 : 0.2271    map@3 : 0.23    map@4 : 0.2342    map@5 : 0.2383    map@10 : 0.2574    map@20 : 0.2716    map@30 : 0.2778    map@50 : 0.283
Sun 15 Mar 2026 22:04:32 INFO  Saving current: saved/LightGCN-Mar-15-2026_22-02-15.pth
Sun 15 Mar 2026 22:04:33 INFO  epoch 273 training [time: 0.17s, train loss: 1.9835]
Sun 15 Mar 2026 22:04:33 INFO  epoch 273 evaluating [time: 0.33s, valid_score: 0.344500]
Sun 15 Mar 2026 22:04:33 INFO  valid result: 
recall@1 : 0.1385    recall@2 : 0.2327    recall@3 : 0.2902    recall@4 : 0.3338    recall@5 : 0.3656    recall@10 : 0.4958    recall@20 : 0.6306    recall@30 : 0.7053    recall@50 : 0.8035    ndcg@1 : 0.2282    ndcg@2 : 0.2575    ndcg@3 : 0.2741    ndcg@4 : 0.2884    ndcg@5 : 0.2993    ndcg@10 : 0.3445    ndcg@20 : 0.3854    ndcg@30 : 0.4057    ndcg@50 : 0.4286    precision@1 : 0.2282    precision@2 : 0.1964    precision@3 : 0.1665    precision@4 : 0.1472    precision@5 : 0.1313    precision@10 : 0.0939    precision@20 : 0.063    precision@30 : 0.0486    precision@50 : 0.034    map@1 : 0.2282    map@2 : 0.2275    map@3 : 0.2304    map@4 : 0.2351    map@5 : 0.2391    map@10 : 0.2579    map@20 : 0.2722    map@30 : 0.2784    map@50 : 0.2836
Sun 15 Mar 2026 22:04:33 INFO  Saving current: saved/LightGCN-Mar-15-2026_22-02-15.pth
Sun 15 Mar 2026 22:04:33 INFO  epoch 274 training [time: 0.16s, train loss: 1.9694]
Sun 15 Mar 2026 22:04:33 INFO  epoch 274 evaluating [time: 0.33s, valid_score: 0.345100]
Sun 15 Mar 2026 22:04:33 INFO  valid result: 
recall@1 : 0.1393    recall@2 : 0.233    recall@3 : 0.2908    recall@4 : 0.3346    recall@5 : 0.3658    recall@10 : 0.4961    recall@20 : 0.6306    recall@30 : 0.7056    recall@50 : 0.8035    ndcg@1 : 0.2294    ndcg@2 : 0.2583    ndcg@3 : 0.2748    ndcg@4 : 0.2892    ndcg@5 : 0.2998    ndcg@10 : 0.3451    ndcg@20 : 0.3858    ndcg@30 : 0.4063    ndcg@50 : 0.4291    precision@1 : 0.2294    precision@2 : 0.197    precision@3 : 0.1667    precision@4 : 0.1475    precision@5 : 0.1313    precision@10 : 0.094    precision@20 : 0.063    precision@30 : 0.0487    precision@50 : 0.034    map@1 : 0.2294    map@2 : 0.2282    map@3 : 0.2311    map@4 : 0.2358    map@5 : 0.2397    map@10 : 0.2585    map@20 : 0.2728    map@30 : 0.279    map@50 : 0.2842
Sun 15 Mar 2026 22:04:33 INFO  Saving current: saved/LightGCN-Mar-15-2026_22-02-15.pth
Sun 15 Mar 2026 22:04:34 INFO  epoch 275 training [time: 0.16s, train loss: 2.0071]
Sun 15 Mar 2026 22:04:34 INFO  epoch 275 evaluating [time: 0.32s, valid_score: 0.344900]
Sun 15 Mar 2026 22:04:34 INFO  valid result: 
recall@1 : 0.1384    recall@2 : 0.233    recall@3 : 0.2913    recall@4 : 0.3345    recall@5 : 0.3673    recall@10 : 0.4963    recall@20 : 0.6304    recall@30 : 0.7059    recall@50 : 0.8038    ndcg@1 : 0.2282    ndcg@2 : 0.2579    ndcg@3 : 0.2748    ndcg@4 : 0.2888    ndcg@5 : 0.3001    ndcg@10 : 0.3449    ndcg@20 : 0.3856    ndcg@30 : 0.4062    ndcg@50 : 0.429    precision@1 : 0.2282    precision@2 : 0.197    precision@3 : 0.1671    precision@4 : 0.1473    precision@5 : 0.1317    precision@10 : 0.094    precision@20 : 0.063    precision@30 : 0.0487    precision@50 : 0.034    map@1 : 0.2282    map@2 : 0.2278    map@3 : 0.2309    map@4 : 0.2354    map@5 : 0.2395    map@10 : 0.2582    map@20 : 0.2726    map@30 : 0.2788    map@50 : 0.284
Sun 15 Mar 2026 22:04:34 INFO  epoch 276 training [time: 0.17s, train loss: 1.9787]
Sun 15 Mar 2026 22:04:34 INFO  epoch 276 evaluating [time: 0.31s, valid_score: 0.344500]
Sun 15 Mar 2026 22:04:34 INFO  valid result: 
recall@1 : 0.1378    recall@2 : 0.2331    recall@3 : 0.2915    recall@4 : 0.3337    recall@5 : 0.3672    recall@10 : 0.4957    recall@20 : 0.6298    recall@30 : 0.7055    recall@50 : 0.804    ndcg@1 : 0.2277    ndcg@2 : 0.2576    ndcg@3 : 0.2745    ndcg@4 : 0.2882    ndcg@5 : 0.2997    ndcg@10 : 0.3445    ndcg@20 : 0.3852    ndcg@30 : 0.4059    ndcg@50 : 0.4288    precision@1 : 0.2277    precision@2 : 0.1967    precision@3 : 0.1669    precision@4 : 0.1471    precision@5 : 0.1316    precision@10 : 0.094    precision@20 : 0.063    precision@30 : 0.0487    precision@50 : 0.034    map@1 : 0.2277    map@2 : 0.2274    map@3 : 0.2305    map@4 : 0.2348    map@5 : 0.2391    map@10 : 0.2578    map@20 : 0.2723    map@30 : 0.2785    map@50 : 0.2837
Sun 15 Mar 2026 22:04:35 INFO  epoch 277 training [time: 0.18s, train loss: 1.9856]
Sun 15 Mar 2026 22:04:35 INFO  epoch 277 evaluating [time: 0.31s, valid_score: 0.344800]
Sun 15 Mar 2026 22:04:35 INFO  valid result: 
recall@1 : 0.1384    recall@2 : 0.2326    recall@3 : 0.2927    recall@4 : 0.3337    recall@5 : 0.3669    recall@10 : 0.4959    recall@20 : 0.6302    recall@30 : 0.7061    recall@50 : 0.8049    ndcg@1 : 0.2282    ndcg@2 : 0.2574    ndcg@3 : 0.2753    ndcg@4 : 0.2884    ndcg@5 : 0.2999    ndcg@10 : 0.3448    ndcg@20 : 0.3857    ndcg@30 : 0.4063    ndcg@50 : 0.4293    precision@1 : 0.2282    precision@2 : 0.1961    precision@3 : 0.1673    precision@4 : 0.1471    precision@5 : 0.1317    precision@10 : 0.0941    precision@20 : 0.0631    precision@30 : 0.0488    precision@50 : 0.034    map@1 : 0.2282    map@2 : 0.2272    map@3 : 0.231    map@4 : 0.235    map@5 : 0.2395    map@10 : 0.2582    map@20 : 0.2727    map@30 : 0.2789    map@50 : 0.2841
Sun 15 Mar 2026 22:04:35 INFO  epoch 278 training [time: 0.17s, train loss: 1.9349]
Sun 15 Mar 2026 22:04:35 INFO  epoch 278 evaluating [time: 0.33s, valid_score: 0.345400]
Sun 15 Mar 2026 22:04:35 INFO  valid result: 
recall@1 : 0.1379    recall@2 : 0.2333    recall@3 : 0.2934    recall@4 : 0.333    recall@5 : 0.3672    recall@10 : 0.4978    recall@20 : 0.6306    recall@30 : 0.7061    recall@50 : 0.8049    ndcg@1 : 0.2282    ndcg@2 : 0.2578    ndcg@3 : 0.2757    ndcg@4 : 0.288    ndcg@5 : 0.3002    ndcg@10 : 0.3454    ndcg@20 : 0.3858    ndcg@30 : 0.4063    ndcg@50 : 0.4293    precision@1 : 0.2282    precision@2 : 0.1967    precision@3 : 0.1679    precision@4 : 0.1465    precision@5 : 0.1321    precision@10 : 0.0944    precision@20 : 0.0632    precision@30 : 0.0488    precision@50 : 0.034    map@1 : 0.2282    map@2 : 0.2275    map@3 : 0.2312    map@4 : 0.2347    map@5 : 0.2396    map@10 : 0.2584    map@20 : 0.2727    map@30 : 0.2788    map@50 : 0.284
Sun 15 Mar 2026 22:04:35 INFO  Saving current: saved/LightGCN-Mar-15-2026_22-02-15.pth
Sun 15 Mar 2026 22:04:36 INFO  epoch 279 training [time: 0.19s, train loss: 1.9347]
Sun 15 Mar 2026 22:04:36 INFO  epoch 279 evaluating [time: 0.33s, valid_score: 0.345400]
Sun 15 Mar 2026 22:04:36 INFO  valid result: 
recall@1 : 0.138    recall@2 : 0.2335    recall@3 : 0.2925    recall@4 : 0.3318    recall@5 : 0.3673    recall@10 : 0.4976    recall@20 : 0.6309    recall@30 : 0.7064    recall@50 : 0.8056    ndcg@1 : 0.2288    ndcg@2 : 0.2581    ndcg@3 : 0.2755    ndcg@4 : 0.2875    ndcg@5 : 0.3002    ndcg@10 : 0.3454    ndcg@20 : 0.3859    ndcg@30 : 0.4064    ndcg@50 : 0.4294    precision@1 : 0.2288    precision@2 : 0.197    precision@3 : 0.1679    precision@4 : 0.1462    precision@5 : 0.1321    precision@10 : 0.0943    precision@20 : 0.0632    precision@30 : 0.0488    precision@50 : 0.0341    map@1 : 0.2288    map@2 : 0.2278    map@3 : 0.2312    map@4 : 0.2345    map@5 : 0.2395    map@10 : 0.2582    map@20 : 0.2727    map@30 : 0.2788    map@50 : 0.284
Sun 15 Mar 2026 22:04:36 INFO  Saving current: saved/LightGCN-Mar-15-2026_22-02-15.pth
Sun 15 Mar 2026 22:04:36 INFO  epoch 280 training [time: 0.16s, train loss: 1.9820]
Sun 15 Mar 2026 22:04:36 INFO  epoch 280 evaluating [time: 0.32s, valid_score: 0.346300]
Sun 15 Mar 2026 22:04:36 INFO  valid result: 
recall@1 : 0.1398    recall@2 : 0.2343    recall@3 : 0.2914    recall@4 : 0.3314    recall@5 : 0.368    recall@10 : 0.4982    recall@20 : 0.632    recall@30 : 0.7057    recall@50 : 0.8058    ndcg@1 : 0.2312    ndcg@2 : 0.2594    ndcg@3 : 0.2757    ndcg@4 : 0.2881    ndcg@5 : 0.3012    ndcg@10 : 0.3463    ndcg@20 : 0.3869    ndcg@30 : 0.407    ndcg@50 : 0.4303    precision@1 : 0.2312    precision@2 : 0.1976    precision@3 : 0.1673    precision@4 : 0.1462    precision@5 : 0.1322    precision@10 : 0.0944    precision@20 : 0.0633    precision@30 : 0.0487    precision@50 : 0.0341    map@1 : 0.2312    map@2 : 0.2291    map@3 : 0.2319    map@4 : 0.2352    map@5 : 0.2405    map@10 : 0.2592    map@20 : 0.2737    map@30 : 0.2797    map@50 : 0.285
Sun 15 Mar 2026 22:04:36 INFO  Saving current: saved/LightGCN-Mar-15-2026_22-02-15.pth
Sun 15 Mar 2026 22:04:37 INFO  epoch 281 training [time: 0.16s, train loss: 1.9571]
Sun 15 Mar 2026 22:04:37 INFO  epoch 281 evaluating [time: 0.33s, valid_score: 0.346700]
Sun 15 Mar 2026 22:04:37 INFO  valid result: 
recall@1 : 0.1402    recall@2 : 0.2344    recall@3 : 0.2925    recall@4 : 0.3304    recall@5 : 0.368    recall@10 : 0.4987    recall@20 : 0.631    recall@30 : 0.7067    recall@50 : 0.8051    ndcg@1 : 0.2318    ndcg@2 : 0.2598    ndcg@3 : 0.2765    ndcg@4 : 0.2879    ndcg@5 : 0.3013    ndcg@10 : 0.3467    ndcg@20 : 0.387    ndcg@30 : 0.4076    ndcg@50 : 0.4305    precision@1 : 0.2318    precision@2 : 0.1979    precision@3 : 0.1677    precision@4 : 0.1457    precision@5 : 0.1321    precision@10 : 0.0945    precision@20 : 0.0632    precision@30 : 0.0488    precision@50 : 0.0341    map@1 : 0.2318    map@2 : 0.2296    map@3 : 0.2327    map@4 : 0.2354    map@5 : 0.2408    map@10 : 0.2596    map@20 : 0.274    map@30 : 0.2802    map@50 : 0.2854
Sun 15 Mar 2026 22:04:37 INFO  Saving current: saved/LightGCN-Mar-15-2026_22-02-15.pth
Sun 15 Mar 2026 22:04:37 INFO  epoch 282 training [time: 0.16s, train loss: 1.9218]
Sun 15 Mar 2026 22:04:37 INFO  epoch 282 evaluating [time: 0.32s, valid_score: 0.346800]
Sun 15 Mar 2026 22:04:37 INFO  valid result: 
recall@1 : 0.1402    recall@2 : 0.2342    recall@3 : 0.2927    recall@4 : 0.3298    recall@5 : 0.3683    recall@10 : 0.4991    recall@20 : 0.6319    recall@30 : 0.7069    recall@50 : 0.8046    ndcg@1 : 0.2312    ndcg@2 : 0.2594    ndcg@3 : 0.2764    ndcg@4 : 0.2875    ndcg@5 : 0.3014    ndcg@10 : 0.3468    ndcg@20 : 0.3872    ndcg@30 : 0.4076    ndcg@50 : 0.4304    precision@1 : 0.2312    precision@2 : 0.1976    precision@3 : 0.1677    precision@4 : 0.1456    precision@5 : 0.1323    precision@10 : 0.0946    precision@20 : 0.0633    precision@30 : 0.0488    precision@50 : 0.0341    map@1 : 0.2312    map@2 : 0.2293    map@3 : 0.2325    map@4 : 0.2351    map@5 : 0.2407    map@10 : 0.2597    map@20 : 0.274    map@30 : 0.2802    map@50 : 0.2854
Sun 15 Mar 2026 22:04:37 INFO  Saving current: saved/LightGCN-Mar-15-2026_22-02-15.pth
Sun 15 Mar 2026 22:04:38 INFO  epoch 283 training [time: 0.15s, train loss: 1.9317]
Sun 15 Mar 2026 22:04:38 INFO  epoch 283 evaluating [time: 0.31s, valid_score: 0.347000]
Sun 15 Mar 2026 22:04:38 INFO  valid result: 
recall@1 : 0.1398    recall@2 : 0.2336    recall@3 : 0.2933    recall@4 : 0.3293    recall@5 : 0.3687    recall@10 : 0.4998    recall@20 : 0.6324    recall@30 : 0.7069    recall@50 : 0.805    ndcg@1 : 0.2318    ndcg@2 : 0.2591    ndcg@3 : 0.2767    ndcg@4 : 0.2872    ndcg@5 : 0.3014    ndcg@10 : 0.347    ndcg@20 : 0.3873    ndcg@30 : 0.4076    ndcg@50 : 0.4304    precision@1 : 0.2318    precision@2 : 0.1973    precision@3 : 0.1679    precision@4 : 0.1454    precision@5 : 0.1323    precision@10 : 0.0948    precision@20 : 0.0634    precision@30 : 0.0488    precision@50 : 0.0341    map@1 : 0.2318    map@2 : 0.229    map@3 : 0.2325    map@4 : 0.2348    map@5 : 0.2405    map@10 : 0.2595    map@20 : 0.2739    map@30 : 0.28    map@50 : 0.2852
Sun 15 Mar 2026 22:04:38 INFO  Saving current: saved/LightGCN-Mar-15-2026_22-02-15.pth
Sun 15 Mar 2026 22:04:38 INFO  epoch 284 training [time: 0.17s, train loss: 1.9307]
Sun 15 Mar 2026 22:04:38 INFO  epoch 284 evaluating [time: 0.30s, valid_score: 0.347400]
Sun 15 Mar 2026 22:04:38 INFO  valid result: 
recall@1 : 0.1405    recall@2 : 0.2341    recall@3 : 0.2922    recall@4 : 0.3293    recall@5 : 0.3696    recall@10 : 0.5004    recall@20 : 0.6326    recall@30 : 0.7072    recall@50 : 0.8062    ndcg@1 : 0.2318    ndcg@2 : 0.2597    ndcg@3 : 0.2762    ndcg@4 : 0.2875    ndcg@5 : 0.3019    ndcg@10 : 0.3474    ndcg@20 : 0.3877    ndcg@30 : 0.4079    ndcg@50 : 0.4309    precision@1 : 0.2318    precision@2 : 0.1979    precision@3 : 0.1673    precision@4 : 0.1456    precision@5 : 0.1323    precision@10 : 0.0948    precision@20 : 0.0634    precision@30 : 0.0488    precision@50 : 0.0341    map@1 : 0.2318    map@2 : 0.2294    map@3 : 0.2323    map@4 : 0.2352    map@5 : 0.241    map@10 : 0.2599    map@20 : 0.2743    map@30 : 0.2804    map@50 : 0.2856
Sun 15 Mar 2026 22:04:38 INFO  Saving current: saved/LightGCN-Mar-15-2026_22-02-15.pth
Sun 15 Mar 2026 22:04:39 INFO  epoch 285 training [time: 0.18s, train loss: 1.9274]
Sun 15 Mar 2026 22:04:39 INFO  epoch 285 evaluating [time: 0.32s, valid_score: 0.347600]
Sun 15 Mar 2026 22:04:39 INFO  valid result: 
recall@1 : 0.1405    recall@2 : 0.2344    recall@3 : 0.2916    recall@4 : 0.3299    recall@5 : 0.3692    recall@10 : 0.5008    recall@20 : 0.6328    recall@30 : 0.7064    recall@50 : 0.8063    ndcg@1 : 0.2318    ndcg@2 : 0.2596    ndcg@3 : 0.2759    ndcg@4 : 0.2877    ndcg@5 : 0.3018    ndcg@10 : 0.3476    ndcg@20 : 0.3878    ndcg@30 : 0.4078    ndcg@50 : 0.431    precision@1 : 0.2318    precision@2 : 0.1976    precision@3 : 0.1669    precision@4 : 0.1457    precision@5 : 0.1323    precision@10 : 0.0949    precision@20 : 0.0634    precision@30 : 0.0488    precision@50 : 0.0341    map@1 : 0.2318    map@2 : 0.2293    map@3 : 0.2321    map@4 : 0.2353    map@5 : 0.2409    map@10 : 0.2599    map@20 : 0.2743    map@30 : 0.2804    map@50 : 0.2857
Sun 15 Mar 2026 22:04:39 INFO  Saving current: saved/LightGCN-Mar-15-2026_22-02-15.pth
Sun 15 Mar 2026 22:04:39 INFO  epoch 286 training [time: 0.18s, train loss: 1.9082]
Sun 15 Mar 2026 22:04:39 INFO  epoch 286 evaluating [time: 0.33s, valid_score: 0.348600]
Sun 15 Mar 2026 22:04:39 INFO  valid result: 
recall@1 : 0.1413    recall@2 : 0.235    recall@3 : 0.2932    recall@4 : 0.3305    recall@5 : 0.3689    recall@10 : 0.5015    recall@20 : 0.6324    recall@30 : 0.7067    recall@50 : 0.8065    ndcg@1 : 0.2336    ndcg@2 : 0.2608    ndcg@3 : 0.2774    ndcg@4 : 0.2887    ndcg@5 : 0.3023    ndcg@10 : 0.3486    ndcg@20 : 0.3884    ndcg@30 : 0.4086    ndcg@50 : 0.4317    precision@1 : 0.2336    precision@2 : 0.1985    precision@3 : 0.1677    precision@4 : 0.146    precision@5 : 0.1322    precision@10 : 0.0952    precision@20 : 0.0634    precision@30 : 0.0489    precision@50 : 0.0341    map@1 : 0.2336    map@2 : 0.2303    map@3 : 0.2333    map@4 : 0.2361    map@5 : 0.2415    map@10 : 0.2607    map@20 : 0.275    map@30 : 0.2812    map@50 : 0.2864
Sun 15 Mar 2026 22:04:39 INFO  Saving current: saved/LightGCN-Mar-15-2026_22-02-15.pth
Sun 15 Mar 2026 22:04:40 INFO  epoch 287 training [time: 0.18s, train loss: 1.9246]
Sun 15 Mar 2026 22:04:40 INFO  epoch 287 evaluating [time: 0.33s, valid_score: 0.349000]
Sun 15 Mar 2026 22:04:40 INFO  valid result: 
recall@1 : 0.1412    recall@2 : 0.2356    recall@3 : 0.2933    recall@4 : 0.3318    recall@5 : 0.3688    recall@10 : 0.5025    recall@20 : 0.6335    recall@30 : 0.7071    recall@50 : 0.8073    ndcg@1 : 0.233    ndcg@2 : 0.261    ndcg@3 : 0.2773    ndcg@4 : 0.2893    ndcg@5 : 0.3023    ndcg@10 : 0.349    ndcg@20 : 0.3888    ndcg@30 : 0.4089    ndcg@50 : 0.4321    precision@1 : 0.233    precision@2 : 0.1987    precision@3 : 0.1675    precision@4 : 0.1465    precision@5 : 0.1322    precision@10 : 0.0954    precision@20 : 0.0635    precision@30 : 0.0489    precision@50 : 0.0341    map@1 : 0.233    map@2 : 0.2305    map@3 : 0.2333    map@4 : 0.2365    map@5 : 0.2416    map@10 : 0.2611    map@20 : 0.2753    map@30 : 0.2814    map@50 : 0.2867
Sun 15 Mar 2026 22:04:40 INFO  Saving current: saved/LightGCN-Mar-15-2026_22-02-15.pth
Sun 15 Mar 2026 22:04:40 INFO  epoch 288 training [time: 0.18s, train loss: 1.9304]
Sun 15 Mar 2026 22:04:40 INFO  epoch 288 evaluating [time: 0.33s, valid_score: 0.349300]
Sun 15 Mar 2026 22:04:40 INFO  valid result: 
recall@1 : 0.1412    recall@2 : 0.2359    recall@3 : 0.2951    recall@4 : 0.3323    recall@5 : 0.3688    recall@10 : 0.5029    recall@20 : 0.6334    recall@30 : 0.7086    recall@50 : 0.8065    ndcg@1 : 0.233    ndcg@2 : 0.2609    ndcg@3 : 0.2784    ndcg@4 : 0.2896    ndcg@5 : 0.3025    ndcg@10 : 0.3493    ndcg@20 : 0.389    ndcg@30 : 0.4094    ndcg@50 : 0.4321    precision@1 : 0.233    precision@2 : 0.1985    precision@3 : 0.1685    precision@4 : 0.1465    precision@5 : 0.1322    precision@10 : 0.0954    precision@20 : 0.0635    precision@30 : 0.049    precision@50 : 0.0341    map@1 : 0.233    map@2 : 0.2303    map@3 : 0.2342    map@4 : 0.2368    map@5 : 0.2418    map@10 : 0.2613    map@20 : 0.2756    map@30 : 0.2818    map@50 : 0.287
Sun 15 Mar 2026 22:04:40 INFO  Saving current: saved/LightGCN-Mar-15-2026_22-02-15.pth
Sun 15 Mar 2026 22:04:41 INFO  epoch 289 training [time: 0.16s, train loss: 1.9383]
Sun 15 Mar 2026 22:04:41 INFO  epoch 289 evaluating [time: 0.33s, valid_score: 0.349300]
Sun 15 Mar 2026 22:04:41 INFO  valid result: 
recall@1 : 0.1417    recall@2 : 0.2356    recall@3 : 0.2951    recall@4 : 0.3339    recall@5 : 0.3684    recall@10 : 0.5018    recall@20 : 0.6328    recall@30 : 0.7085    recall@50 : 0.8063    ndcg@1 : 0.2348    ndcg@2 : 0.2612    ndcg@3 : 0.2787    ndcg@4 : 0.2905    ndcg@5 : 0.3026    ndcg@10 : 0.3493    ndcg@20 : 0.3891    ndcg@30 : 0.4097    ndcg@50 : 0.4324    precision@1 : 0.2348    precision@2 : 0.1985    precision@3 : 0.1685    precision@4 : 0.1469    precision@5 : 0.1322    precision@10 : 0.0954    precision@20 : 0.0634    precision@30 : 0.049    precision@50 : 0.0341    map@1 : 0.2348    map@2 : 0.2306    map@3 : 0.2344    map@4 : 0.2374    map@5 : 0.242    map@10 : 0.2616    map@20 : 0.2759    map@30 : 0.2821    map@50 : 0.2873
Sun 15 Mar 2026 22:04:41 INFO  Saving current: saved/LightGCN-Mar-15-2026_22-02-15.pth
Sun 15 Mar 2026 22:04:41 INFO  epoch 290 training [time: 0.19s, train loss: 1.9257]
Sun 15 Mar 2026 22:04:41 INFO  epoch 290 evaluating [time: 0.31s, valid_score: 0.349400]
Sun 15 Mar 2026 22:04:41 INFO  valid result: 
recall@1 : 0.1417    recall@2 : 0.2357    recall@3 : 0.2961    recall@4 : 0.3339    recall@5 : 0.3692    recall@10 : 0.5012    recall@20 : 0.6325    recall@30 : 0.7088    recall@50 : 0.8059    ndcg@1 : 0.2354    ndcg@2 : 0.2615    ndcg@3 : 0.2793    ndcg@4 : 0.2908    ndcg@5 : 0.3032    ndcg@10 : 0.3494    ndcg@20 : 0.3893    ndcg@30 : 0.41    ndcg@50 : 0.4326    precision@1 : 0.2354    precision@2 : 0.1987    precision@3 : 0.1689    precision@4 : 0.1471    precision@5 : 0.1325    precision@10 : 0.0953    precision@20 : 0.0634    precision@30 : 0.049    precision@50 : 0.0341    map@1 : 0.2354    map@2 : 0.2311    map@3 : 0.2349    map@4 : 0.2377    map@5 : 0.2425    map@10 : 0.2618    map@20 : 0.2762    map@30 : 0.2824    map@50 : 0.2875
Sun 15 Mar 2026 22:04:41 INFO  Saving current: saved/LightGCN-Mar-15-2026_22-02-15.pth
Sun 15 Mar 2026 22:04:42 INFO  epoch 291 training [time: 0.17s, train loss: 1.8960]
Sun 15 Mar 2026 22:04:42 INFO  epoch 291 evaluating [time: 0.34s, valid_score: 0.349400]
Sun 15 Mar 2026 22:04:42 INFO  valid result: 
recall@1 : 0.1417    recall@2 : 0.2363    recall@3 : 0.2965    recall@4 : 0.3326    recall@5 : 0.3692    recall@10 : 0.5013    recall@20 : 0.6335    recall@30 : 0.7087    recall@50 : 0.806    ndcg@1 : 0.2348    ndcg@2 : 0.2618    ndcg@3 : 0.2794    ndcg@4 : 0.2902    ndcg@5 : 0.3032    ndcg@10 : 0.3494    ndcg@20 : 0.3896    ndcg@30 : 0.4101    ndcg@50 : 0.4327    precision@1 : 0.2348    precision@2 : 0.199    precision@3 : 0.1691    precision@4 : 0.1468    precision@5 : 0.1325    precision@10 : 0.0952    precision@20 : 0.0635    precision@30 : 0.049    precision@50 : 0.0341    map@1 : 0.2348    map@2 : 0.2312    map@3 : 0.2349    map@4 : 0.2374    map@5 : 0.2424    map@10 : 0.2618    map@20 : 0.2763    map@30 : 0.2825    map@50 : 0.2876
Sun 15 Mar 2026 22:04:42 INFO  Saving current: saved/LightGCN-Mar-15-2026_22-02-15.pth
Sun 15 Mar 2026 22:04:42 INFO  epoch 292 training [time: 0.17s, train loss: 1.8963]
Sun 15 Mar 2026 22:04:42 INFO  epoch 292 evaluating [time: 0.33s, valid_score: 0.350300]
Sun 15 Mar 2026 22:04:42 INFO  valid result: 
recall@1 : 0.1429    recall@2 : 0.236    recall@3 : 0.2966    recall@4 : 0.3334    recall@5 : 0.3687    recall@10 : 0.5026    recall@20 : 0.6327    recall@30 : 0.7101    recall@50 : 0.8056    ndcg@1 : 0.236    ndcg@2 : 0.262    ndcg@3 : 0.28    ndcg@4 : 0.291    ndcg@5 : 0.3035    ndcg@10 : 0.3503    ndcg@20 : 0.3899    ndcg@30 : 0.4109    ndcg@50 : 0.4331    precision@1 : 0.236    precision@2 : 0.1987    precision@3 : 0.1692    precision@4 : 0.1471    precision@5 : 0.1325    precision@10 : 0.0955    precision@20 : 0.0635    precision@30 : 0.0491    precision@50 : 0.0341    map@1 : 0.236    map@2 : 0.2315    map@3 : 0.2355    map@4 : 0.2381    map@5 : 0.2429    map@10 : 0.2626    map@20 : 0.2769    map@30 : 0.2832    map@50 : 0.2882
Sun 15 Mar 2026 22:04:42 INFO  Saving current: saved/LightGCN-Mar-15-2026_22-02-15.pth
Sun 15 Mar 2026 22:04:43 INFO  epoch 293 training [time: 0.17s, train loss: 1.9167]
Sun 15 Mar 2026 22:04:43 INFO  epoch 293 evaluating [time: 0.32s, valid_score: 0.350800]
Sun 15 Mar 2026 22:04:43 INFO  valid result: 
recall@1 : 0.1431    recall@2 : 0.2353    recall@3 : 0.2969    recall@4 : 0.3346    recall@5 : 0.3683    recall@10 : 0.5041    recall@20 : 0.6342    recall@30 : 0.71    recall@50 : 0.8051    ndcg@1 : 0.2354    ndcg@2 : 0.2613    ndcg@3 : 0.2798    ndcg@4 : 0.2917    ndcg@5 : 0.3033    ndcg@10 : 0.3508    ndcg@20 : 0.3904    ndcg@30 : 0.4109    ndcg@50 : 0.4331    precision@1 : 0.2354    precision@2 : 0.1982    precision@3 : 0.1691    precision@4 : 0.1479    precision@5 : 0.1324    precision@10 : 0.0957    precision@20 : 0.0636    precision@30 : 0.0491    precision@50 : 0.0341    map@1 : 0.2354    map@2 : 0.2311    map@3 : 0.2355    map@4 : 0.2387    map@5 : 0.2429    map@10 : 0.2629    map@20 : 0.2772    map@30 : 0.2834    map@50 : 0.2884
Sun 15 Mar 2026 22:04:43 INFO  Saving current: saved/LightGCN-Mar-15-2026_22-02-15.pth
Sun 15 Mar 2026 22:04:43 INFO  epoch 294 training [time: 0.14s, train loss: 1.9051]
Sun 15 Mar 2026 22:04:43 INFO  epoch 294 evaluating [time: 0.18s, valid_score: 0.351100]
Sun 15 Mar 2026 22:04:43 INFO  valid result: 
recall@1 : 0.1437    recall@2 : 0.2353    recall@3 : 0.2967    recall@4 : 0.334    recall@5 : 0.3682    recall@10 : 0.5039    recall@20 : 0.636    recall@30 : 0.7097    recall@50 : 0.8054    ndcg@1 : 0.2366    ndcg@2 : 0.2616    ndcg@3 : 0.2801    ndcg@4 : 0.2917    ndcg@5 : 0.3034    ndcg@10 : 0.3511    ndcg@20 : 0.3912    ndcg@30 : 0.4112    ndcg@50 : 0.4335    precision@1 : 0.2366    precision@2 : 0.1982    precision@3 : 0.1692    precision@4 : 0.1476    precision@5 : 0.1322    precision@10 : 0.0958    precision@20 : 0.0638    precision@30 : 0.0491    precision@50 : 0.0341    map@1 : 0.2366    map@2 : 0.2312    map@3 : 0.2357    map@4 : 0.2387    map@5 : 0.243    map@10 : 0.2632    map@20 : 0.2776    map@30 : 0.2837    map@50 : 0.2887
Sun 15 Mar 2026 22:04:43 INFO  Saving current: saved/LightGCN-Mar-15-2026_22-02-15.pth
Sun 15 Mar 2026 22:04:43 INFO  epoch 295 training [time: 0.16s, train loss: 1.8585]
Sun 15 Mar 2026 22:04:44 INFO  epoch 295 evaluating [time: 0.31s, valid_score: 0.350900]
Sun 15 Mar 2026 22:04:44 INFO  valid result: 
recall@1 : 0.143    recall@2 : 0.2367    recall@3 : 0.2965    recall@4 : 0.3347    recall@5 : 0.3697    recall@10 : 0.5033    recall@20 : 0.6364    recall@30 : 0.7097    recall@50 : 0.8064    ndcg@1 : 0.236    ndcg@2 : 0.2621    ndcg@3 : 0.28    ndcg@4 : 0.2919    ndcg@5 : 0.304    ndcg@10 : 0.3509    ndcg@20 : 0.3913    ndcg@30 : 0.4112    ndcg@50 : 0.4337    precision@1 : 0.236    precision@2 : 0.1987    precision@3 : 0.1692    precision@4 : 0.1478    precision@5 : 0.1325    precision@10 : 0.0958    precision@20 : 0.0639    precision@30 : 0.0491    precision@50 : 0.0341    map@1 : 0.236    map@2 : 0.2315    map@3 : 0.2356    map@4 : 0.2388    map@5 : 0.2433    map@10 : 0.2632    map@20 : 0.2776    map@30 : 0.2837    map@50 : 0.2888
Sun 15 Mar 2026 22:04:44 INFO  epoch 296 training [time: 0.17s, train loss: 1.8849]
Sun 15 Mar 2026 22:04:44 INFO  epoch 296 evaluating [time: 0.30s, valid_score: 0.351500]
Sun 15 Mar 2026 22:04:44 INFO  valid result: 
recall@1 : 0.1429    recall@2 : 0.2379    recall@3 : 0.2965    recall@4 : 0.3364    recall@5 : 0.3694    recall@10 : 0.5046    recall@20 : 0.6372    recall@30 : 0.7107    recall@50 : 0.8072    ndcg@1 : 0.2354    ndcg@2 : 0.2628    ndcg@3 : 0.2802    ndcg@4 : 0.2927    ndcg@5 : 0.3039    ndcg@10 : 0.3515    ndcg@20 : 0.3917    ndcg@30 : 0.4116    ndcg@50 : 0.4341    precision@1 : 0.2354    precision@2 : 0.1993    precision@3 : 0.1694    precision@4 : 0.1482    precision@5 : 0.1323    precision@10 : 0.096    precision@20 : 0.064    precision@30 : 0.0491    precision@50 : 0.0341    map@1 : 0.2354    map@2 : 0.232    map@3 : 0.2358    map@4 : 0.2394    map@5 : 0.2435    map@10 : 0.2636    map@20 : 0.2779    map@30 : 0.284    map@50 : 0.2891
Sun 15 Mar 2026 22:04:44 INFO  Saving current: saved/LightGCN-Mar-15-2026_22-02-15.pth
Sun 15 Mar 2026 22:04:44 INFO  epoch 297 training [time: 0.16s, train loss: 1.8798]
Sun 15 Mar 2026 22:04:45 INFO  epoch 297 evaluating [time: 0.33s, valid_score: 0.351700]
Sun 15 Mar 2026 22:04:45 INFO  valid result: 
recall@1 : 0.1427    recall@2 : 0.238    recall@3 : 0.2972    recall@4 : 0.3353    recall@5 : 0.3704    recall@10 : 0.5052    recall@20 : 0.6359    recall@30 : 0.7112    recall@50 : 0.8073    ndcg@1 : 0.236    ndcg@2 : 0.263    ndcg@3 : 0.2807    ndcg@4 : 0.2924    ndcg@5 : 0.3043    ndcg@10 : 0.3517    ndcg@20 : 0.3914    ndcg@30 : 0.4117    ndcg@50 : 0.4342    precision@1 : 0.236    precision@2 : 0.1996    precision@3 : 0.1698    precision@4 : 0.1481    precision@5 : 0.1324    precision@10 : 0.0961    precision@20 : 0.0639    precision@30 : 0.0491    precision@50 : 0.0341    map@1 : 0.236    map@2 : 0.2321    map@3 : 0.2361    map@4 : 0.2392    map@5 : 0.2437    map@10 : 0.2636    map@20 : 0.2778    map@30 : 0.2839    map@50 : 0.289
Sun 15 Mar 2026 22:04:45 INFO  Saving current: saved/LightGCN-Mar-15-2026_22-02-15.pth
Sun 15 Mar 2026 22:04:45 INFO  epoch 298 training [time: 0.17s, train loss: 1.8760]
Sun 15 Mar 2026 22:04:45 INFO  epoch 298 evaluating [time: 0.34s, valid_score: 0.351900]
Sun 15 Mar 2026 22:04:45 INFO  valid result: 
recall@1 : 0.1437    recall@2 : 0.2375    recall@3 : 0.2946    recall@4 : 0.3359    recall@5 : 0.3713    recall@10 : 0.5051    recall@20 : 0.6355    recall@30 : 0.7108    recall@50 : 0.8079    ndcg@1 : 0.2378    ndcg@2 : 0.2632    ndcg@3 : 0.2797    ndcg@4 : 0.293    ndcg@5 : 0.3049    ndcg@10 : 0.3519    ndcg@20 : 0.3916    ndcg@30 : 0.4119    ndcg@50 : 0.4346    precision@1 : 0.2378    precision@2 : 0.1993    precision@3 : 0.1689    precision@4 : 0.1487    precision@5 : 0.1327    precision@10 : 0.0959    precision@20 : 0.0639    precision@30 : 0.0491    precision@50 : 0.0342    map@1 : 0.2378    map@2 : 0.2323    map@3 : 0.2356    map@4 : 0.2396    map@5 : 0.2441    map@10 : 0.2638    map@20 : 0.2781    map@30 : 0.2843    map@50 : 0.2894
Sun 15 Mar 2026 22:04:45 INFO  Saving current: saved/LightGCN-Mar-15-2026_22-02-15.pth
Sun 15 Mar 2026 22:04:45 INFO  epoch 299 training [time: 0.15s, train loss: 1.8618]
Sun 15 Mar 2026 22:04:46 INFO  epoch 299 evaluating [time: 0.28s, valid_score: 0.352500]
Sun 15 Mar 2026 22:04:46 INFO  valid result: 
recall@1 : 0.1445    recall@2 : 0.2381    recall@3 : 0.2938    recall@4 : 0.3364    recall@5 : 0.3717    recall@10 : 0.5059    recall@20 : 0.6359    recall@30 : 0.7102    recall@50 : 0.8081    ndcg@1 : 0.2378    ndcg@2 : 0.2637    ndcg@3 : 0.2796    ndcg@4 : 0.2935    ndcg@5 : 0.3054    ndcg@10 : 0.3525    ndcg@20 : 0.3921    ndcg@30 : 0.4122    ndcg@50 : 0.435    precision@1 : 0.2378    precision@2 : 0.1996    precision@3 : 0.1685    precision@4 : 0.149    precision@5 : 0.1329    precision@10 : 0.096    precision@20 : 0.064    precision@30 : 0.0491    precision@50 : 0.0342    map@1 : 0.2378    map@2 : 0.2329    map@3 : 0.2359    map@4 : 0.2402    map@5 : 0.2446    map@10 : 0.2644    map@20 : 0.2787    map@30 : 0.2848    map@50 : 0.2899
Sun 15 Mar 2026 22:04:46 INFO  Saving current: saved/LightGCN-Mar-15-2026_22-02-15.pth
Sun 15 Mar 2026 22:04:46 INFO  epoch 300 training [time: 0.26s, train loss: 1.8511]
Sun 15 Mar 2026 22:04:46 INFO  epoch 300 evaluating [time: 0.23s, valid_score: 0.352100]
Sun 15 Mar 2026 22:04:46 INFO  valid result: 
recall@1 : 0.1444    recall@2 : 0.2377    recall@3 : 0.294    recall@4 : 0.3364    recall@5 : 0.3716    recall@10 : 0.5048    recall@20 : 0.6346    recall@30 : 0.7112    recall@50 : 0.8083    ndcg@1 : 0.2372    ndcg@2 : 0.2634    ndcg@3 : 0.2797    ndcg@4 : 0.2934    ndcg@5 : 0.3053    ndcg@10 : 0.3521    ndcg@20 : 0.3917    ndcg@30 : 0.4124    ndcg@50 : 0.435    precision@1 : 0.2372    precision@2 : 0.1996    precision@3 : 0.1689    precision@4 : 0.149    precision@5 : 0.1329    precision@10 : 0.0959    precision@20 : 0.0638    precision@30 : 0.0492    precision@50 : 0.0342    map@1 : 0.2372    map@2 : 0.2329    map@3 : 0.2361    map@4 : 0.2403    map@5 : 0.2447    map@10 : 0.2643    map@20 : 0.2787    map@30 : 0.2849    map@50 : 0.29
Sun 15 Mar 2026 22:04:46 INFO  epoch 301 training [time: 0.19s, train loss: 1.8499]
Sun 15 Mar 2026 22:04:47 INFO  epoch 301 evaluating [time: 0.30s, valid_score: 0.352500]
Sun 15 Mar 2026 22:04:47 INFO  valid result: 
recall@1 : 0.1444    recall@2 : 0.2368    recall@3 : 0.2939    recall@4 : 0.3372    recall@5 : 0.3717    recall@10 : 0.5064    recall@20 : 0.6355    recall@30 : 0.711    recall@50 : 0.8087    ndcg@1 : 0.2372    ndcg@2 : 0.2626    ndcg@3 : 0.2797    ndcg@4 : 0.2935    ndcg@5 : 0.3052    ndcg@10 : 0.3525    ndcg@20 : 0.3919    ndcg@30 : 0.4123    ndcg@50 : 0.435    precision@1 : 0.2372    precision@2 : 0.1987    precision@3 : 0.1692    precision@4 : 0.1488    precision@5 : 0.1329    precision@10 : 0.0961    precision@20 : 0.0639    precision@30 : 0.0492    precision@50 : 0.0342    map@1 : 0.2372    map@2 : 0.2321    map@3 : 0.236    map@4 : 0.2402    map@5 : 0.2445    map@10 : 0.2644    map@20 : 0.2787    map@30 : 0.2848    map@50 : 0.2899
Sun 15 Mar 2026 22:04:47 INFO  Saving current: saved/LightGCN-Mar-15-2026_22-02-15.pth
Sun 15 Mar 2026 22:04:47 INFO  epoch 302 training [time: 0.18s, train loss: 1.8373]
Sun 15 Mar 2026 22:04:47 INFO  epoch 302 evaluating [time: 0.32s, valid_score: 0.352100]
Sun 15 Mar 2026 22:04:47 INFO  valid result: 
recall@1 : 0.1434    recall@2 : 0.237    recall@3 : 0.2933    recall@4 : 0.3361    recall@5 : 0.3722    recall@10 : 0.5066    recall@20 : 0.6351    recall@30 : 0.7112    recall@50 : 0.8089    ndcg@1 : 0.2354    ndcg@2 : 0.2623    ndcg@3 : 0.2788    ndcg@4 : 0.2925    ndcg@5 : 0.305    ndcg@10 : 0.3521    ndcg@20 : 0.3914    ndcg@30 : 0.412    ndcg@50 : 0.4347    precision@1 : 0.2354    precision@2 : 0.199    precision@3 : 0.1687    precision@4 : 0.1485    precision@5 : 0.1333    precision@10 : 0.0961    precision@20 : 0.0639    precision@30 : 0.0492    precision@50 : 0.0342    map@1 : 0.2354    map@2 : 0.2317    map@3 : 0.2351    map@4 : 0.2393    map@5 : 0.2441    map@10 : 0.2638    map@20 : 0.2782    map@30 : 0.2844    map@50 : 0.2895
Sun 15 Mar 2026 22:04:47 INFO  epoch 303 training [time: 0.18s, train loss: 1.8412]
Sun 15 Mar 2026 22:04:48 INFO  epoch 303 evaluating [time: 0.30s, valid_score: 0.352200]
Sun 15 Mar 2026 22:04:48 INFO  valid result: 
recall@1 : 0.1446    recall@2 : 0.2374    recall@3 : 0.2928    recall@4 : 0.3376    recall@5 : 0.3728    recall@10 : 0.5053    recall@20 : 0.6356    recall@30 : 0.7115    recall@50 : 0.8086    ndcg@1 : 0.236    ndcg@2 : 0.2628    ndcg@3 : 0.2787    ndcg@4 : 0.2934    ndcg@5 : 0.3057    ndcg@10 : 0.3522    ndcg@20 : 0.392    ndcg@30 : 0.4125    ndcg@50 : 0.4351    precision@1 : 0.236    precision@2 : 0.199    precision@3 : 0.1681    precision@4 : 0.1487    precision@5 : 0.1335    precision@10 : 0.0959    precision@20 : 0.064    precision@30 : 0.0492    precision@50 : 0.0342    map@1 : 0.236    map@2 : 0.2321    map@3 : 0.2354    map@4 : 0.24    map@5 : 0.2448    map@10 : 0.2644    map@20 : 0.2789    map@30 : 0.285    map@50 : 0.2902
Sun 15 Mar 2026 22:04:48 INFO  epoch 304 training [time: 0.18s, train loss: 1.8495]
Sun 15 Mar 2026 22:04:48 INFO  epoch 304 evaluating [time: 0.32s, valid_score: 0.352600]
Sun 15 Mar 2026 22:04:48 INFO  valid result: 
recall@1 : 0.1444    recall@2 : 0.2374    recall@3 : 0.2932    recall@4 : 0.337    recall@5 : 0.3736    recall@10 : 0.5062    recall@20 : 0.636    recall@30 : 0.7115    recall@50 : 0.8092    ndcg@1 : 0.2354    ndcg@2 : 0.2626    ndcg@3 : 0.2789    ndcg@4 : 0.2932    ndcg@5 : 0.3059    ndcg@10 : 0.3526    ndcg@20 : 0.3921    ndcg@30 : 0.4125    ndcg@50 : 0.4352    precision@1 : 0.2354    precision@2 : 0.199    precision@3 : 0.1685    precision@4 : 0.1487    precision@5 : 0.1336    precision@10 : 0.0962    precision@20 : 0.0641    precision@30 : 0.0492    precision@50 : 0.0342    map@1 : 0.2354    map@2 : 0.232    map@3 : 0.2355    map@4 : 0.2398    map@5 : 0.2448    map@10 : 0.2646    map@20 : 0.2789    map@30 : 0.285    map@50 : 0.2902
Sun 15 Mar 2026 22:04:48 INFO  Saving current: saved/LightGCN-Mar-15-2026_22-02-15.pth
Sun 15 Mar 2026 22:04:48 INFO  epoch 305 training [time: 0.18s, train loss: 1.8149]
Sun 15 Mar 2026 22:04:49 INFO  epoch 305 evaluating [time: 0.33s, valid_score: 0.353100]
Sun 15 Mar 2026 22:04:49 INFO  valid result: 
recall@1 : 0.1449    recall@2 : 0.2378    recall@3 : 0.2938    recall@4 : 0.337    recall@5 : 0.3737    recall@10 : 0.5068    recall@20 : 0.6367    recall@30 : 0.7124    recall@50 : 0.8091    ndcg@1 : 0.2354    ndcg@2 : 0.2629    ndcg@3 : 0.2794    ndcg@4 : 0.2935    ndcg@5 : 0.3063    ndcg@10 : 0.3531    ndcg@20 : 0.3926    ndcg@30 : 0.413    ndcg@50 : 0.4356    precision@1 : 0.2354    precision@2 : 0.199    precision@3 : 0.1687    precision@4 : 0.1488    precision@5 : 0.1338    precision@10 : 0.0964    precision@20 : 0.0641    precision@30 : 0.0493    precision@50 : 0.0342    map@1 : 0.2354    map@2 : 0.2323    map@3 : 0.236    map@4 : 0.2403    map@5 : 0.2454    map@10 : 0.2651    map@20 : 0.2794    map@30 : 0.2855    map@50 : 0.2906
Sun 15 Mar 2026 22:04:49 INFO  Saving current: saved/LightGCN-Mar-15-2026_22-02-15.pth
Sun 15 Mar 2026 22:04:49 INFO  epoch 306 training [time: 0.18s, train loss: 1.8327]
Sun 15 Mar 2026 22:04:49 INFO  epoch 306 evaluating [time: 0.32s, valid_score: 0.353500]
Sun 15 Mar 2026 22:04:49 INFO  valid result: 
recall@1 : 0.145    recall@2 : 0.238    recall@3 : 0.2959    recall@4 : 0.3376    recall@5 : 0.3742    recall@10 : 0.5068    recall@20 : 0.6372    recall@30 : 0.7128    recall@50 : 0.8099    ndcg@1 : 0.236    ndcg@2 : 0.2632    ndcg@3 : 0.2806    ndcg@4 : 0.294    ndcg@5 : 0.3069    ndcg@10 : 0.3535    ndcg@20 : 0.3932    ndcg@30 : 0.4135    ndcg@50 : 0.4361    precision@1 : 0.236    precision@2 : 0.1993    precision@3 : 0.1694    precision@4 : 0.149    precision@5 : 0.1342    precision@10 : 0.0964    precision@20 : 0.0642    precision@30 : 0.0493    precision@50 : 0.0343    map@1 : 0.236    map@2 : 0.2326    map@3 : 0.2368    map@4 : 0.2408    map@5 : 0.2458    map@10 : 0.2655    map@20 : 0.2799    map@30 : 0.286    map@50 : 0.2911
Sun 15 Mar 2026 22:04:49 INFO  Saving current: saved/LightGCN-Mar-15-2026_22-02-15.pth
Sun 15 Mar 2026 22:04:49 INFO  epoch 307 training [time: 0.16s, train loss: 1.8041]
Sun 15 Mar 2026 22:04:50 INFO  epoch 307 evaluating [time: 0.33s, valid_score: 0.353800]
Sun 15 Mar 2026 22:04:50 INFO  valid result: 
recall@1 : 0.1457    recall@2 : 0.2378    recall@3 : 0.2958    recall@4 : 0.3374    recall@5 : 0.375    recall@10 : 0.507    recall@20 : 0.6368    recall@30 : 0.7135    recall@50 : 0.8093    ndcg@1 : 0.2372    ndcg@2 : 0.2631    ndcg@3 : 0.2808    ndcg@4 : 0.2941    ndcg@5 : 0.3075    ndcg@10 : 0.3538    ndcg@20 : 0.3933    ndcg@30 : 0.414    ndcg@50 : 0.4363    precision@1 : 0.2372    precision@2 : 0.1987    precision@3 : 0.1694    precision@4 : 0.1488    precision@5 : 0.1344    precision@10 : 0.0964    precision@20 : 0.0641    precision@30 : 0.0494    precision@50 : 0.0342    map@1 : 0.2372    map@2 : 0.2327    map@3 : 0.237    map@4 : 0.2409    map@5 : 0.2462    map@10 : 0.2658    map@20 : 0.2802    map@30 : 0.2863    map@50 : 0.2914
Sun 15 Mar 2026 22:04:50 INFO  Saving current: saved/LightGCN-Mar-15-2026_22-02-15.pth
Sun 15 Mar 2026 22:04:50 INFO  epoch 308 training [time: 0.15s, train loss: 1.8133]
Sun 15 Mar 2026 22:04:50 INFO  epoch 308 evaluating [time: 0.33s, valid_score: 0.353800]
Sun 15 Mar 2026 22:04:50 INFO  valid result: 
recall@1 : 0.1457    recall@2 : 0.2376    recall@3 : 0.2955    recall@4 : 0.3383    recall@5 : 0.3756    recall@10 : 0.5067    recall@20 : 0.6376    recall@30 : 0.7151    recall@50 : 0.81    ndcg@1 : 0.2372    ndcg@2 : 0.2629    ndcg@3 : 0.2808    ndcg@4 : 0.2943    ndcg@5 : 0.3077    ndcg@10 : 0.3538    ndcg@20 : 0.3936    ndcg@30 : 0.4144    ndcg@50 : 0.4365    precision@1 : 0.2372    precision@2 : 0.1985    precision@3 : 0.1696    precision@4 : 0.1487    precision@5 : 0.1348    precision@10 : 0.0965    precision@20 : 0.0642    precision@30 : 0.0495    precision@50 : 0.0342    map@1 : 0.2372    map@2 : 0.2327    map@3 : 0.2371    map@4 : 0.2409    map@5 : 0.2464    map@10 : 0.2659    map@20 : 0.2803    map@30 : 0.2865    map@50 : 0.2915
Sun 15 Mar 2026 22:04:50 INFO  Saving current: saved/LightGCN-Mar-15-2026_22-02-15.pth
Sun 15 Mar 2026 22:04:50 INFO  epoch 309 training [time: 0.16s, train loss: 1.8136]
Sun 15 Mar 2026 22:04:51 INFO  epoch 309 evaluating [time: 0.33s, valid_score: 0.353600]
Sun 15 Mar 2026 22:04:51 INFO  valid result: 
recall@1 : 0.1453    recall@2 : 0.2373    recall@3 : 0.2968    recall@4 : 0.338    recall@5 : 0.3758    recall@10 : 0.5066    recall@20 : 0.6376    recall@30 : 0.7154    recall@50 : 0.8103    ndcg@1 : 0.2372    ndcg@2 : 0.2626    ndcg@3 : 0.2811    ndcg@4 : 0.2941    ndcg@5 : 0.3077    ndcg@10 : 0.3536    ndcg@20 : 0.3935    ndcg@30 : 0.4144    ndcg@50 : 0.4365    precision@1 : 0.2372    precision@2 : 0.1982    precision@3 : 0.1698    precision@4 : 0.1488    precision@5 : 0.1349    precision@10 : 0.0965    precision@20 : 0.0642    precision@30 : 0.0495    precision@50 : 0.0343    map@1 : 0.2372    map@2 : 0.2324    map@3 : 0.2372    map@4 : 0.2407    map@5 : 0.2464    map@10 : 0.2658    map@20 : 0.2801    map@30 : 0.2864    map@50 : 0.2914
Sun 15 Mar 2026 22:04:51 INFO  epoch 310 training [time: 0.17s, train loss: 1.7963]
Sun 15 Mar 2026 22:04:51 INFO  epoch 310 evaluating [time: 0.32s, valid_score: 0.354100]
Sun 15 Mar 2026 22:04:51 INFO  valid result: 
recall@1 : 0.1454    recall@2 : 0.2388    recall@3 : 0.2965    recall@4 : 0.3377    recall@5 : 0.3748    recall@10 : 0.5073    recall@20 : 0.6376    recall@30 : 0.7157    recall@50 : 0.81    ndcg@1 : 0.2378    ndcg@2 : 0.2635    ndcg@3 : 0.2813    ndcg@4 : 0.2942    ndcg@5 : 0.3076    ndcg@10 : 0.3541    ndcg@20 : 0.3936    ndcg@30 : 0.4147    ndcg@50 : 0.4366    precision@1 : 0.2378    precision@2 : 0.1987    precision@3 : 0.1696    precision@4 : 0.1488    precision@5 : 0.1348    precision@10 : 0.0965    precision@20 : 0.0641    precision@30 : 0.0496    precision@50 : 0.0343    map@1 : 0.2378    map@2 : 0.2329    map@3 : 0.2374    map@4 : 0.2408    map@5 : 0.2464    map@10 : 0.266    map@20 : 0.2803    map@30 : 0.2866    map@50 : 0.2916
Sun 15 Mar 2026 22:04:51 INFO  Saving current: saved/LightGCN-Mar-15-2026_22-02-15.pth
Sun 15 Mar 2026 22:04:51 INFO  epoch 311 training [time: 0.17s, train loss: 1.7961]
Sun 15 Mar 2026 22:04:52 INFO  epoch 311 evaluating [time: 0.33s, valid_score: 0.354000]
Sun 15 Mar 2026 22:04:52 INFO  valid result: 
recall@1 : 0.1458    recall@2 : 0.238    recall@3 : 0.2954    recall@4 : 0.3387    recall@5 : 0.375    recall@10 : 0.5072    recall@20 : 0.6377    recall@30 : 0.7168    recall@50 : 0.8102    ndcg@1 : 0.2378    ndcg@2 : 0.263    ndcg@3 : 0.2808    ndcg@4 : 0.2947    ndcg@5 : 0.3078    ndcg@10 : 0.354    ndcg@20 : 0.3937    ndcg@30 : 0.415    ndcg@50 : 0.4367    precision@1 : 0.2378    precision@2 : 0.1985    precision@3 : 0.1694    precision@4 : 0.1493    precision@5 : 0.1349    precision@10 : 0.0965    precision@20 : 0.0642    precision@30 : 0.0496    precision@50 : 0.0343    map@1 : 0.2378    map@2 : 0.2327    map@3 : 0.2371    map@4 : 0.2413    map@5 : 0.2466    map@10 : 0.2661    map@20 : 0.2805    map@30 : 0.2868    map@50 : 0.2917
Sun 15 Mar 2026 22:04:52 INFO  epoch 312 training [time: 0.16s, train loss: 1.7894]
Sun 15 Mar 2026 22:04:52 INFO  epoch 312 evaluating [time: 0.30s, valid_score: 0.353700]
Sun 15 Mar 2026 22:04:52 INFO  valid result: 
recall@1 : 0.1452    recall@2 : 0.2398    recall@3 : 0.2962    recall@4 : 0.3385    recall@5 : 0.375    recall@10 : 0.5058    recall@20 : 0.6376    recall@30 : 0.717    recall@50 : 0.8108    ndcg@1 : 0.2372    ndcg@2 : 0.2645    ndcg@3 : 0.2813    ndcg@4 : 0.2947    ndcg@5 : 0.3079    ndcg@10 : 0.3537    ndcg@20 : 0.3938    ndcg@30 : 0.4152    ndcg@50 : 0.437    precision@1 : 0.2372    precision@2 : 0.2002    precision@3 : 0.1698    precision@4 : 0.149    precision@5 : 0.1349    precision@10 : 0.0963    precision@20 : 0.0642    precision@30 : 0.0497    precision@50 : 0.0343    map@1 : 0.2372    map@2 : 0.2338    map@3 : 0.2374    map@4 : 0.2412    map@5 : 0.2467    map@10 : 0.266    map@20 : 0.2806    map@30 : 0.2869    map@50 : 0.2918
Sun 15 Mar 2026 22:04:52 INFO  epoch 313 training [time: 0.18s, train loss: 1.8043]
Sun 15 Mar 2026 22:04:53 INFO  epoch 313 evaluating [time: 0.31s, valid_score: 0.353500]
Sun 15 Mar 2026 22:04:53 INFO  valid result: 
recall@1 : 0.1452    recall@2 : 0.2377    recall@3 : 0.2966    recall@4 : 0.3392    recall@5 : 0.3747    recall@10 : 0.5059    recall@20 : 0.6393    recall@30 : 0.7171    recall@50 : 0.8106    ndcg@1 : 0.2372    ndcg@2 : 0.2627    ndcg@3 : 0.281    ndcg@4 : 0.2947    ndcg@5 : 0.3073    ndcg@10 : 0.3535    ndcg@20 : 0.394    ndcg@30 : 0.4151    ndcg@50 : 0.4367    precision@1 : 0.2372    precision@2 : 0.1985    precision@3 : 0.1694    precision@4 : 0.1494    precision@5 : 0.1346    precision@10 : 0.0962    precision@20 : 0.0644    precision@30 : 0.0497    precision@50 : 0.0343    map@1 : 0.2372    map@2 : 0.2323    map@3 : 0.2372    map@4 : 0.2412    map@5 : 0.2462    map@10 : 0.2657    map@20 : 0.2805    map@30 : 0.2868    map@50 : 0.2916
Sun 15 Mar 2026 22:04:53 INFO  epoch 314 training [time: 0.17s, train loss: 1.7730]
Sun 15 Mar 2026 22:04:53 INFO  epoch 314 evaluating [time: 0.33s, valid_score: 0.354000]
Sun 15 Mar 2026 22:04:53 INFO  valid result: 
recall@1 : 0.1465    recall@2 : 0.2381    recall@3 : 0.2964    recall@4 : 0.339    recall@5 : 0.3748    recall@10 : 0.5056    recall@20 : 0.6394    recall@30 : 0.7176    recall@50 : 0.8107    ndcg@1 : 0.2384    ndcg@2 : 0.2635    ndcg@3 : 0.2813    ndcg@4 : 0.2952    ndcg@5 : 0.3078    ndcg@10 : 0.354    ndcg@20 : 0.3946    ndcg@30 : 0.4157    ndcg@50 : 0.4373    precision@1 : 0.2384    precision@2 : 0.1987    precision@3 : 0.1692    precision@4 : 0.1496    precision@5 : 0.1346    precision@10 : 0.0963    precision@20 : 0.0644    precision@30 : 0.0497    precision@50 : 0.0343    map@1 : 0.2384    map@2 : 0.233    map@3 : 0.2377    map@4 : 0.2418    map@5 : 0.2468    map@10 : 0.2664    map@20 : 0.2812    map@30 : 0.2875    map@50 : 0.2924
Sun 15 Mar 2026 22:04:53 INFO  epoch 315 training [time: 0.16s, train loss: 1.7662]
Sun 15 Mar 2026 22:04:54 INFO  epoch 315 evaluating [time: 0.32s, valid_score: 0.353800]
Sun 15 Mar 2026 22:04:54 INFO  valid result: 
recall@1 : 0.1464    recall@2 : 0.2381    recall@3 : 0.2962    recall@4 : 0.3373    recall@5 : 0.3749    recall@10 : 0.5054    recall@20 : 0.6398    recall@30 : 0.7189    recall@50 : 0.8106    ndcg@1 : 0.2384    ndcg@2 : 0.2634    ndcg@3 : 0.2811    ndcg@4 : 0.2942    ndcg@5 : 0.3078    ndcg@10 : 0.3538    ndcg@20 : 0.3946    ndcg@30 : 0.416    ndcg@50 : 0.4372    precision@1 : 0.2384    precision@2 : 0.1987    precision@3 : 0.1691    precision@4 : 0.1488    precision@5 : 0.1348    precision@10 : 0.0963    precision@20 : 0.0644    precision@30 : 0.0498    precision@50 : 0.0343    map@1 : 0.2384    map@2 : 0.2329    map@3 : 0.2375    map@4 : 0.2411    map@5 : 0.2467    map@10 : 0.2663    map@20 : 0.2811    map@30 : 0.2875    map@50 : 0.2923
Sun 15 Mar 2026 22:04:54 INFO  epoch 316 training [time: 0.15s, train loss: 1.7755]
Sun 15 Mar 2026 22:04:54 INFO  epoch 316 evaluating [time: 0.30s, valid_score: 0.353800]
Sun 15 Mar 2026 22:04:54 INFO  valid result: 
recall@1 : 0.147    recall@2 : 0.2391    recall@3 : 0.2967    recall@4 : 0.3383    recall@5 : 0.375    recall@10 : 0.5038    recall@20 : 0.6403    recall@30 : 0.72    recall@50 : 0.8108    ndcg@1 : 0.239    ndcg@2 : 0.2645    ndcg@3 : 0.2817    ndcg@4 : 0.295    ndcg@5 : 0.3083    ndcg@10 : 0.3538    ndcg@20 : 0.3952    ndcg@30 : 0.4167    ndcg@50 : 0.4377    precision@1 : 0.239    precision@2 : 0.1996    precision@3 : 0.1691    precision@4 : 0.149    precision@5 : 0.1349    precision@10 : 0.0961    precision@20 : 0.0645    precision@30 : 0.0499    precision@50 : 0.0343    map@1 : 0.239    map@2 : 0.2339    map@3 : 0.2381    map@4 : 0.2418    map@5 : 0.2473    map@10 : 0.2666    map@20 : 0.2817    map@30 : 0.2881    map@50 : 0.2928
Sun 15 Mar 2026 22:04:54 INFO  epoch 317 training [time: 0.18s, train loss: 1.8027]
Sun 15 Mar 2026 22:04:54 INFO  epoch 317 evaluating [time: 0.31s, valid_score: 0.353500]
Sun 15 Mar 2026 22:04:54 INFO  valid result: 
recall@1 : 0.1464    recall@2 : 0.2393    recall@3 : 0.2954    recall@4 : 0.3387    recall@5 : 0.3752    recall@10 : 0.5041    recall@20 : 0.6408    recall@30 : 0.7191    recall@50 : 0.8107    ndcg@1 : 0.2384    ndcg@2 : 0.264    ndcg@3 : 0.2807    ndcg@4 : 0.2948    ndcg@5 : 0.3082    ndcg@10 : 0.3535    ndcg@20 : 0.3951    ndcg@30 : 0.4162    ndcg@50 : 0.4374    precision@1 : 0.2384    precision@2 : 0.1993    precision@3 : 0.1685    precision@4 : 0.149    precision@5 : 0.1352    precision@10 : 0.0959    precision@20 : 0.0646    precision@30 : 0.0498    precision@50 : 0.0343    map@1 : 0.2384    map@2 : 0.2335    map@3 : 0.2373    map@4 : 0.2415    map@5 : 0.247    map@10 : 0.2663    map@20 : 0.2814    map@30 : 0.2877    map@50 : 0.2925
Sun 15 Mar 2026 22:04:55 INFO  epoch 318 training [time: 0.15s, train loss: 1.7566]
Sun 15 Mar 2026 22:04:55 INFO  epoch 318 evaluating [time: 0.33s, valid_score: 0.353900]
Sun 15 Mar 2026 22:04:55 INFO  valid result: 
recall@1 : 0.1464    recall@2 : 0.241    recall@3 : 0.2949    recall@4 : 0.3389    recall@5 : 0.378    recall@10 : 0.5042    recall@20 : 0.6409    recall@30 : 0.7198    recall@50 : 0.8112    ndcg@1 : 0.2384    ndcg@2 : 0.2648    ndcg@3 : 0.2807    ndcg@4 : 0.2951    ndcg@5 : 0.3096    ndcg@10 : 0.3539    ndcg@20 : 0.3955    ndcg@30 : 0.4166    ndcg@50 : 0.4379    precision@1 : 0.2384    precision@2 : 0.1996    precision@3 : 0.1685    precision@4 : 0.1491    precision@5 : 0.136    precision@10 : 0.096    precision@20 : 0.0646    precision@30 : 0.0498    precision@50 : 0.0343    map@1 : 0.2384    map@2 : 0.2342    map@3 : 0.2373    map@4 : 0.2419    map@5 : 0.2478    map@10 : 0.2667    map@20 : 0.2818    map@30 : 0.2881    map@50 : 0.2929
Sun 15 Mar 2026 22:04:55 INFO  epoch 319 training [time: 0.16s, train loss: 1.7806]
Sun 15 Mar 2026 22:04:55 INFO  epoch 319 evaluating [time: 0.32s, valid_score: 0.353600]
Sun 15 Mar 2026 22:04:55 INFO  valid result: 
recall@1 : 0.1458    recall@2 : 0.2412    recall@3 : 0.2951    recall@4 : 0.3406    recall@5 : 0.3771    recall@10 : 0.5038    recall@20 : 0.6412    recall@30 : 0.7195    recall@50 : 0.811    ndcg@1 : 0.2378    ndcg@2 : 0.2646    ndcg@3 : 0.2807    ndcg@4 : 0.2957    ndcg@5 : 0.309    ndcg@10 : 0.3536    ndcg@20 : 0.3954    ndcg@30 : 0.4165    ndcg@50 : 0.4377    precision@1 : 0.2378    precision@2 : 0.1996    precision@3 : 0.1687    precision@4 : 0.1497    precision@5 : 0.1356    precision@10 : 0.0959    precision@20 : 0.0646    precision@30 : 0.0498    precision@50 : 0.0343    map@1 : 0.2378    map@2 : 0.2339    map@3 : 0.2371    map@4 : 0.242    map@5 : 0.2476    map@10 : 0.2665    map@20 : 0.2817    map@30 : 0.2879    map@50 : 0.2928
Sun 15 Mar 2026 22:04:56 INFO  epoch 320 training [time: 0.20s, train loss: 1.7506]
Sun 15 Mar 2026 22:04:56 INFO  epoch 320 evaluating [time: 0.32s, valid_score: 0.354300]
Sun 15 Mar 2026 22:04:56 INFO  valid result: 
recall@1 : 0.146    recall@2 : 0.2424    recall@3 : 0.2948    recall@4 : 0.3397    recall@5 : 0.3778    recall@10 : 0.5054    recall@20 : 0.6417    recall@30 : 0.7186    recall@50 : 0.8105    ndcg@1 : 0.2372    ndcg@2 : 0.2653    ndcg@3 : 0.2807    ndcg@4 : 0.2955    ndcg@5 : 0.3093    ndcg@10 : 0.3543    ndcg@20 : 0.3957    ndcg@30 : 0.4164    ndcg@50 : 0.4378    precision@1 : 0.2372    precision@2 : 0.2002    precision@3 : 0.1687    precision@4 : 0.1496    precision@5 : 0.1355    precision@10 : 0.0962    precision@20 : 0.0646    precision@30 : 0.0498    precision@50 : 0.0343    map@1 : 0.2372    map@2 : 0.2345    map@3 : 0.2373    map@4 : 0.242    map@5 : 0.2479    map@10 : 0.2668    map@20 : 0.2819    map@30 : 0.2882    map@50 : 0.293
Sun 15 Mar 2026 22:04:56 INFO  Saving current: saved/LightGCN-Mar-15-2026_22-02-15.pth
Sun 15 Mar 2026 22:04:56 INFO  epoch 321 training [time: 0.15s, train loss: 1.7855]
Sun 15 Mar 2026 22:04:56 INFO  epoch 321 evaluating [time: 0.32s, valid_score: 0.353900]
Sun 15 Mar 2026 22:04:56 INFO  valid result: 
recall@1 : 0.1452    recall@2 : 0.2424    recall@3 : 0.2946    recall@4 : 0.3399    recall@5 : 0.3789    recall@10 : 0.5053    recall@20 : 0.6418    recall@30 : 0.7187    recall@50 : 0.8113    ndcg@1 : 0.2354    ndcg@2 : 0.2649    ndcg@3 : 0.28    ndcg@4 : 0.2952    ndcg@5 : 0.3095    ndcg@10 : 0.3539    ndcg@20 : 0.3954    ndcg@30 : 0.4162    ndcg@50 : 0.4377    precision@1 : 0.2354    precision@2 : 0.2002    precision@3 : 0.1683    precision@4 : 0.1497    precision@5 : 0.1361    precision@10 : 0.0962    precision@20 : 0.0646    precision@30 : 0.0498    precision@50 : 0.0343    map@1 : 0.2354    map@2 : 0.2341    map@3 : 0.2367    map@4 : 0.2418    map@5 : 0.2479    map@10 : 0.2666    map@20 : 0.2816    map@30 : 0.2879    map@50 : 0.2928
Sun 15 Mar 2026 22:04:57 INFO  epoch 322 training [time: 0.19s, train loss: 1.7736]
Sun 15 Mar 2026 22:04:57 INFO  epoch 322 evaluating [time: 0.29s, valid_score: 0.354100]
Sun 15 Mar 2026 22:04:57 INFO  valid result: 
recall@1 : 0.1458    recall@2 : 0.2412    recall@3 : 0.2955    recall@4 : 0.3399    recall@5 : 0.3778    recall@10 : 0.5057    recall@20 : 0.642    recall@30 : 0.7191    recall@50 : 0.8113    ndcg@1 : 0.2366    ndcg@2 : 0.2644    ndcg@3 : 0.2805    ndcg@4 : 0.2953    ndcg@5 : 0.3093    ndcg@10 : 0.3541    ndcg@20 : 0.3956    ndcg@30 : 0.4164    ndcg@50 : 0.4378    precision@1 : 0.2366    precision@2 : 0.1996    precision@3 : 0.1685    precision@4 : 0.1496    precision@5 : 0.136    precision@10 : 0.0961    precision@20 : 0.0646    precision@30 : 0.0498    precision@50 : 0.0343    map@1 : 0.2366    map@2 : 0.2338    map@3 : 0.237    map@4 : 0.2419    map@5 : 0.2479    map@10 : 0.2666    map@20 : 0.2818    map@30 : 0.288    map@50 : 0.2929
Sun 15 Mar 2026 22:04:57 INFO  epoch 323 training [time: 0.13s, train loss: 1.7340]
Sun 15 Mar 2026 22:04:57 INFO  epoch 323 evaluating [time: 0.31s, valid_score: 0.354500]
Sun 15 Mar 2026 22:04:57 INFO  valid result: 
recall@1 : 0.1463    recall@2 : 0.2414    recall@3 : 0.2956    recall@4 : 0.3401    recall@5 : 0.3775    recall@10 : 0.5056    recall@20 : 0.6438    recall@30 : 0.7193    recall@50 : 0.8108    ndcg@1 : 0.2384    ndcg@2 : 0.2648    ndcg@3 : 0.281    ndcg@4 : 0.2956    ndcg@5 : 0.3095    ndcg@10 : 0.3545    ndcg@20 : 0.3964    ndcg@30 : 0.4169    ndcg@50 : 0.4381    precision@1 : 0.2384    precision@2 : 0.1996    precision@3 : 0.1687    precision@4 : 0.1493    precision@5 : 0.1359    precision@10 : 0.0964    precision@20 : 0.0647    precision@30 : 0.0499    precision@50 : 0.0343    map@1 : 0.2384    map@2 : 0.2342    map@3 : 0.2375    map@4 : 0.2422    map@5 : 0.2481    map@10 : 0.2671    map@20 : 0.2823    map@30 : 0.2885    map@50 : 0.2933
Sun 15 Mar 2026 22:04:57 INFO  Saving current: saved/LightGCN-Mar-15-2026_22-02-15.pth
Sun 15 Mar 2026 22:04:58 INFO  epoch 324 training [time: 0.17s, train loss: 1.7454]
Sun 15 Mar 2026 22:04:58 INFO  epoch 324 evaluating [time: 0.32s, valid_score: 0.355000]
Sun 15 Mar 2026 22:04:58 INFO  valid result: 
recall@1 : 0.1468    recall@2 : 0.2417    recall@3 : 0.296    recall@4 : 0.341    recall@5 : 0.3781    recall@10 : 0.5059    recall@20 : 0.6435    recall@30 : 0.7202    recall@50 : 0.8102    ndcg@1 : 0.2396    ndcg@2 : 0.2655    ndcg@3 : 0.2815    ndcg@4 : 0.2963    ndcg@5 : 0.31    ndcg@10 : 0.355    ndcg@20 : 0.3967    ndcg@30 : 0.4175    ndcg@50 : 0.4385    precision@1 : 0.2396    precision@2 : 0.1999    precision@3 : 0.1687    precision@4 : 0.1496    precision@5 : 0.1359    precision@10 : 0.0965    precision@20 : 0.0647    precision@30 : 0.0499    precision@50 : 0.0343    map@1 : 0.2396    map@2 : 0.2351    map@3 : 0.238    map@4 : 0.2426    map@5 : 0.2486    map@10 : 0.2677    map@20 : 0.2828    map@30 : 0.2891    map@50 : 0.2938
Sun 15 Mar 2026 22:04:58 INFO  Saving current: saved/LightGCN-Mar-15-2026_22-02-15.pth
Sun 15 Mar 2026 22:04:58 INFO  epoch 325 training [time: 0.18s, train loss: 1.7596]
Sun 15 Mar 2026 22:04:58 INFO  epoch 325 evaluating [time: 0.34s, valid_score: 0.355000]
Sun 15 Mar 2026 22:04:58 INFO  valid result: 
recall@1 : 0.146    recall@2 : 0.2418    recall@3 : 0.2967    recall@4 : 0.3408    recall@5 : 0.3797    recall@10 : 0.5064    recall@20 : 0.6433    recall@30 : 0.7189    recall@50 : 0.8103    ndcg@1 : 0.2384    ndcg@2 : 0.2649    ndcg@3 : 0.2814    ndcg@4 : 0.2959    ndcg@5 : 0.3102    ndcg@10 : 0.355    ndcg@20 : 0.3965    ndcg@30 : 0.417    ndcg@50 : 0.4382    precision@1 : 0.2384    precision@2 : 0.1996    precision@3 : 0.1689    precision@4 : 0.1494    precision@5 : 0.136    precision@10 : 0.0966    precision@20 : 0.0647    precision@30 : 0.0499    precision@50 : 0.0343    map@1 : 0.2384    map@2 : 0.2345    map@3 : 0.2378    map@4 : 0.2422    map@5 : 0.2486    map@10 : 0.2675    map@20 : 0.2825    map@30 : 0.2888    map@50 : 0.2936
Sun 15 Mar 2026 22:04:58 INFO  Saving current: saved/LightGCN-Mar-15-2026_22-02-15.pth
Sun 15 Mar 2026 22:04:59 INFO  epoch 326 training [time: 0.18s, train loss: 1.7328]
Sun 15 Mar 2026 22:04:59 INFO  epoch 326 evaluating [time: 0.34s, valid_score: 0.355000]
Sun 15 Mar 2026 22:04:59 INFO  valid result: 
recall@1 : 0.146    recall@2 : 0.241    recall@3 : 0.2974    recall@4 : 0.3407    recall@5 : 0.3797    recall@10 : 0.5068    recall@20 : 0.6435    recall@30 : 0.7187    recall@50 : 0.8116    ndcg@1 : 0.2378    ndcg@2 : 0.2641    ndcg@3 : 0.2816    ndcg@4 : 0.2958    ndcg@5 : 0.3101    ndcg@10 : 0.355    ndcg@20 : 0.3965    ndcg@30 : 0.4169    ndcg@50 : 0.4384    precision@1 : 0.2378    precision@2 : 0.199    precision@3 : 0.1692    precision@4 : 0.1496    precision@5 : 0.136    precision@10 : 0.0967    precision@20 : 0.0648    precision@30 : 0.0498    precision@50 : 0.0343    map@1 : 0.2378    map@2 : 0.2338    map@3 : 0.2378    map@4 : 0.242    map@5 : 0.2485    map@10 : 0.2675    map@20 : 0.2825    map@30 : 0.2887    map@50 : 0.2935
Sun 15 Mar 2026 22:04:59 INFO  Saving current: saved/LightGCN-Mar-15-2026_22-02-15.pth
Sun 15 Mar 2026 22:04:59 INFO  epoch 327 training [time: 0.20s, train loss: 1.7215]
Sun 15 Mar 2026 22:04:59 INFO  epoch 327 evaluating [time: 0.32s, valid_score: 0.355800]
Sun 15 Mar 2026 22:04:59 INFO  valid result: 
recall@1 : 0.1475    recall@2 : 0.2418    recall@3 : 0.2974    recall@4 : 0.341    recall@5 : 0.38    recall@10 : 0.5067    recall@20 : 0.643    recall@30 : 0.7192    recall@50 : 0.8116    ndcg@1 : 0.2396    ndcg@2 : 0.2653    ndcg@3 : 0.2823    ndcg@4 : 0.2966    ndcg@5 : 0.311    ndcg@10 : 0.3558    ndcg@20 : 0.3971    ndcg@30 : 0.4177    ndcg@50 : 0.4391    precision@1 : 0.2396    precision@2 : 0.1996    precision@3 : 0.1692    precision@4 : 0.1496    precision@5 : 0.1362    precision@10 : 0.0967    precision@20 : 0.0648    precision@30 : 0.0498    precision@50 : 0.0343    map@1 : 0.2396    map@2 : 0.2351    map@3 : 0.2387    map@4 : 0.2431    map@5 : 0.2495    map@10 : 0.2684    map@20 : 0.2835    map@30 : 0.2896    map@50 : 0.2945
Sun 15 Mar 2026 22:04:59 INFO  Saving current: saved/LightGCN-Mar-15-2026_22-02-15.pth
Sun 15 Mar 2026 22:05:00 INFO  epoch 328 training [time: 0.17s, train loss: 1.7052]
Sun 15 Mar 2026 22:05:00 INFO  epoch 328 evaluating [time: 0.33s, valid_score: 0.356200]
Sun 15 Mar 2026 22:05:00 INFO  valid result: 
recall@1 : 0.1476    recall@2 : 0.2415    recall@3 : 0.2975    recall@4 : 0.3409    recall@5 : 0.3791    recall@10 : 0.5079    recall@20 : 0.6431    recall@30 : 0.7191    recall@50 : 0.8114    ndcg@1 : 0.2396    ndcg@2 : 0.2652    ndcg@3 : 0.2823    ndcg@4 : 0.2964    ndcg@5 : 0.3106    ndcg@10 : 0.3562    ndcg@20 : 0.3972    ndcg@30 : 0.4177    ndcg@50 : 0.4391    precision@1 : 0.2396    precision@2 : 0.1996    precision@3 : 0.1692    precision@4 : 0.1493    precision@5 : 0.1359    precision@10 : 0.097    precision@20 : 0.0648    precision@30 : 0.0498    precision@50 : 0.0343    map@1 : 0.2396    map@2 : 0.235    map@3 : 0.2387    map@4 : 0.243    map@5 : 0.2492    map@10 : 0.2687    map@20 : 0.2835    map@30 : 0.2896    map@50 : 0.2945
Sun 15 Mar 2026 22:05:00 INFO  Saving current: saved/LightGCN-Mar-15-2026_22-02-15.pth
Sun 15 Mar 2026 22:05:00 INFO  epoch 329 training [time: 0.18s, train loss: 1.7357]
Sun 15 Mar 2026 22:05:00 INFO  epoch 329 evaluating [time: 0.32s, valid_score: 0.356200]
Sun 15 Mar 2026 22:05:00 INFO  valid result: 
recall@1 : 0.1473    recall@2 : 0.2414    recall@3 : 0.2978    recall@4 : 0.3427    recall@5 : 0.3796    recall@10 : 0.5081    recall@20 : 0.6441    recall@30 : 0.7195    recall@50 : 0.8115    ndcg@1 : 0.239    ndcg@2 : 0.2648    ndcg@3 : 0.2822    ndcg@4 : 0.2972    ndcg@5 : 0.3107    ndcg@10 : 0.3562    ndcg@20 : 0.3975    ndcg@30 : 0.4178    ndcg@50 : 0.4392    precision@1 : 0.239    precision@2 : 0.1993    precision@3 : 0.1692    precision@4 : 0.15    precision@5 : 0.1359    precision@10 : 0.0969    precision@20 : 0.0649    precision@30 : 0.0499    precision@50 : 0.0343    map@1 : 0.239    map@2 : 0.2345    map@3 : 0.2386    map@4 : 0.2434    map@5 : 0.2492    map@10 : 0.2686    map@20 : 0.2836    map@30 : 0.2897    map@50 : 0.2946
Sun 15 Mar 2026 22:05:00 INFO  Saving current: saved/LightGCN-Mar-15-2026_22-02-15.pth
Sun 15 Mar 2026 22:05:01 INFO  epoch 330 training [time: 0.19s, train loss: 1.7174]
Sun 15 Mar 2026 22:05:01 INFO  epoch 330 evaluating [time: 0.33s, valid_score: 0.356700]
Sun 15 Mar 2026 22:05:01 INFO  valid result: 
recall@1 : 0.1474    recall@2 : 0.2418    recall@3 : 0.2984    recall@4 : 0.3423    recall@5 : 0.3801    recall@10 : 0.5092    recall@20 : 0.6447    recall@30 : 0.7211    recall@50 : 0.8117    ndcg@1 : 0.2396    ndcg@2 : 0.2652    ndcg@3 : 0.2827    ndcg@4 : 0.2973    ndcg@5 : 0.3111    ndcg@10 : 0.3567    ndcg@20 : 0.3979    ndcg@30 : 0.4184    ndcg@50 : 0.4395    precision@1 : 0.2396    precision@2 : 0.1996    precision@3 : 0.1694    precision@4 : 0.15    precision@5 : 0.1361    precision@10 : 0.0971    precision@20 : 0.065    precision@30 : 0.0499    precision@50 : 0.0343    map@1 : 0.2396    map@2 : 0.2348    map@3 : 0.2389    map@4 : 0.2435    map@5 : 0.2495    map@10 : 0.2689    map@20 : 0.2839    map@30 : 0.29    map@50 : 0.2948
Sun 15 Mar 2026 22:05:01 INFO  Saving current: saved/LightGCN-Mar-15-2026_22-02-15.pth
Sun 15 Mar 2026 22:05:01 INFO  epoch 331 training [time: 0.18s, train loss: 1.6915]
Sun 15 Mar 2026 22:05:01 INFO  epoch 331 evaluating [time: 0.33s, valid_score: 0.356600]
Sun 15 Mar 2026 22:05:01 INFO  valid result: 
recall@1 : 0.1466    recall@2 : 0.2419    recall@3 : 0.2978    recall@4 : 0.3424    recall@5 : 0.3795    recall@10 : 0.5103    recall@20 : 0.6456    recall@30 : 0.721    recall@50 : 0.8112    ndcg@1 : 0.2384    ndcg@2 : 0.265    ndcg@3 : 0.2819    ndcg@4 : 0.2971    ndcg@5 : 0.3105    ndcg@10 : 0.3566    ndcg@20 : 0.3977    ndcg@30 : 0.4179    ndcg@50 : 0.439    precision@1 : 0.2384    precision@2 : 0.1999    precision@3 : 0.1691    precision@4 : 0.1503    precision@5 : 0.136    precision@10 : 0.0973    precision@20 : 0.0651    precision@30 : 0.0499    precision@50 : 0.0343    map@1 : 0.2384    map@2 : 0.2347    map@3 : 0.238    map@4 : 0.2431    map@5 : 0.2489    map@10 : 0.2685    map@20 : 0.2834    map@30 : 0.2895    map@50 : 0.2942
Sun 15 Mar 2026 22:05:02 INFO  epoch 332 training [time: 0.18s, train loss: 1.6730]
Sun 15 Mar 2026 22:05:02 INFO  epoch 332 evaluating [time: 0.34s, valid_score: 0.356900]
Sun 15 Mar 2026 22:05:02 INFO  valid result: 
recall@1 : 0.1471    recall@2 : 0.2427    recall@3 : 0.2984    recall@4 : 0.3434    recall@5 : 0.3779    recall@10 : 0.5096    recall@20 : 0.6456    recall@30 : 0.7209    recall@50 : 0.8115    ndcg@1 : 0.2396    ndcg@2 : 0.2657    ndcg@3 : 0.2826    ndcg@4 : 0.2978    ndcg@5 : 0.3101    ndcg@10 : 0.3569    ndcg@20 : 0.3982    ndcg@30 : 0.4184    ndcg@50 : 0.4395    precision@1 : 0.2396    precision@2 : 0.2002    precision@3 : 0.1692    precision@4 : 0.1503    precision@5 : 0.1353    precision@10 : 0.0972    precision@20 : 0.0651    precision@30 : 0.0499    precision@50 : 0.0343    map@1 : 0.2396    map@2 : 0.2351    map@3 : 0.2386    map@4 : 0.2437    map@5 : 0.2488    map@10 : 0.2689    map@20 : 0.2839    map@30 : 0.29    map@50 : 0.2948
Sun 15 Mar 2026 22:05:02 INFO  Saving current: saved/LightGCN-Mar-15-2026_22-02-15.pth
Sun 15 Mar 2026 22:05:02 INFO  epoch 333 training [time: 0.17s, train loss: 1.6972]
Sun 15 Mar 2026 22:05:02 INFO  epoch 333 evaluating [time: 0.32s, valid_score: 0.356600]
Sun 15 Mar 2026 22:05:02 INFO  valid result: 
recall@1 : 0.1466    recall@2 : 0.2421    recall@3 : 0.2985    recall@4 : 0.343    recall@5 : 0.3777    recall@10 : 0.5097    recall@20 : 0.6459    recall@30 : 0.7226    recall@50 : 0.8116    ndcg@1 : 0.239    ndcg@2 : 0.2656    ndcg@3 : 0.2823    ndcg@4 : 0.2973    ndcg@5 : 0.3098    ndcg@10 : 0.3566    ndcg@20 : 0.3981    ndcg@30 : 0.4186    ndcg@50 : 0.4393    precision@1 : 0.239    precision@2 : 0.2005    precision@3 : 0.1691    precision@4 : 0.15    precision@5 : 0.1353    precision@10 : 0.0972    precision@20 : 0.0652    precision@30 : 0.05    precision@50 : 0.0343    map@1 : 0.239    map@2 : 0.2347    map@3 : 0.2382    map@4 : 0.2432    map@5 : 0.2484    map@10 : 0.2684    map@20 : 0.2835    map@30 : 0.2896    map@50 : 0.2944
Sun 15 Mar 2026 22:05:03 INFO  epoch 334 training [time: 0.19s, train loss: 1.6911]
Sun 15 Mar 2026 22:05:03 INFO  epoch 334 evaluating [time: 0.33s, valid_score: 0.356800]
Sun 15 Mar 2026 22:05:03 INFO  valid result: 
recall@1 : 0.1461    recall@2 : 0.242    recall@3 : 0.3    recall@4 : 0.3425    recall@5 : 0.3779    recall@10 : 0.5105    recall@20 : 0.6459    recall@30 : 0.723    recall@50 : 0.8114    ndcg@1 : 0.2378    ndcg@2 : 0.2651    ndcg@3 : 0.283    ndcg@4 : 0.297    ndcg@5 : 0.3098    ndcg@10 : 0.3568    ndcg@20 : 0.398    ndcg@30 : 0.4186    ndcg@50 : 0.4392    precision@1 : 0.2378    precision@2 : 0.2002    precision@3 : 0.17    precision@4 : 0.1499    precision@5 : 0.1355    precision@10 : 0.0974    precision@20 : 0.0652    precision@30 : 0.0501    precision@50 : 0.0344    map@1 : 0.2378    map@2 : 0.2344    map@3 : 0.2386    map@4 : 0.243    map@5 : 0.2484    map@10 : 0.2685    map@20 : 0.2835    map@30 : 0.2897    map@50 : 0.2944
Sun 15 Mar 2026 22:05:03 INFO  epoch 335 training [time: 0.19s, train loss: 1.6830]
Sun 15 Mar 2026 22:05:04 INFO  epoch 335 evaluating [time: 0.32s, valid_score: 0.357000]
Sun 15 Mar 2026 22:05:04 INFO  valid result: 
recall@1 : 0.1461    recall@2 : 0.2428    recall@3 : 0.3008    recall@4 : 0.343    recall@5 : 0.3793    recall@10 : 0.51    recall@20 : 0.6465    recall@30 : 0.7232    recall@50 : 0.8128    ndcg@1 : 0.2378    ndcg@2 : 0.266    ndcg@3 : 0.2838    ndcg@4 : 0.2975    ndcg@5 : 0.3107    ndcg@10 : 0.357    ndcg@20 : 0.3984    ndcg@30 : 0.419    ndcg@50 : 0.4398    precision@1 : 0.2378    precision@2 : 0.2014    precision@3 : 0.1708    precision@4 : 0.1502    precision@5 : 0.136    precision@10 : 0.0974    precision@20 : 0.0652    precision@30 : 0.0501    precision@50 : 0.0344    map@1 : 0.2378    map@2 : 0.2354    map@3 : 0.2392    map@4 : 0.2435    map@5 : 0.2492    map@10 : 0.269    map@20 : 0.284    map@30 : 0.2901    map@50 : 0.2949
Sun 15 Mar 2026 22:05:04 INFO  Saving current: saved/LightGCN-Mar-15-2026_22-02-15.pth
Sun 15 Mar 2026 22:05:04 INFO  epoch 336 training [time: 0.18s, train loss: 1.6611]
Sun 15 Mar 2026 22:05:04 INFO  epoch 336 evaluating [time: 0.32s, valid_score: 0.357200]
Sun 15 Mar 2026 22:05:04 INFO  valid result: 
recall@1 : 0.1463    recall@2 : 0.2431    recall@3 : 0.3005    recall@4 : 0.3424    recall@5 : 0.3796    recall@10 : 0.5101    recall@20 : 0.6464    recall@30 : 0.724    recall@50 : 0.8131    ndcg@1 : 0.2378    ndcg@2 : 0.2667    ndcg@3 : 0.2837    ndcg@4 : 0.2973    ndcg@5 : 0.3109    ndcg@10 : 0.3572    ndcg@20 : 0.3985    ndcg@30 : 0.4193    ndcg@50 : 0.44    precision@1 : 0.2378    precision@2 : 0.2023    precision@3 : 0.1704    precision@4 : 0.15    precision@5 : 0.1362    precision@10 : 0.0974    precision@20 : 0.0652    precision@30 : 0.0501    precision@50 : 0.0344    map@1 : 0.2378    map@2 : 0.2358    map@3 : 0.2391    map@4 : 0.2434    map@5 : 0.2493    map@10 : 0.2691    map@20 : 0.284    map@30 : 0.2903    map@50 : 0.295
Sun 15 Mar 2026 22:05:04 INFO  Saving current: saved/LightGCN-Mar-15-2026_22-02-15.pth
Sun 15 Mar 2026 22:05:04 INFO  epoch 337 training [time: 0.20s, train loss: 1.6785]
Sun 15 Mar 2026 22:05:05 INFO  epoch 337 evaluating [time: 0.33s, valid_score: 0.357200]
Sun 15 Mar 2026 22:05:05 INFO  valid result: 
recall@1 : 0.1463    recall@2 : 0.2435    recall@3 : 0.3001    recall@4 : 0.3434    recall@5 : 0.3807    recall@10 : 0.5099    recall@20 : 0.6464    recall@30 : 0.7242    recall@50 : 0.8127    ndcg@1 : 0.2378    ndcg@2 : 0.2671    ndcg@3 : 0.2837    ndcg@4 : 0.2978    ndcg@5 : 0.3115    ndcg@10 : 0.3572    ndcg@20 : 0.3987    ndcg@30 : 0.4195    ndcg@50 : 0.4401    precision@1 : 0.2378    precision@2 : 0.2029    precision@3 : 0.1706    precision@4 : 0.1502    precision@5 : 0.1366    precision@10 : 0.0974    precision@20 : 0.0653    precision@30 : 0.0502    precision@50 : 0.0344    map@1 : 0.2378    map@2 : 0.2361    map@3 : 0.2392    map@4 : 0.2437    map@5 : 0.2495    map@10 : 0.2692    map@20 : 0.2842    map@30 : 0.2904    map@50 : 0.2951
Sun 15 Mar 2026 22:05:05 INFO  Saving current: saved/LightGCN-Mar-15-2026_22-02-15.pth
Sun 15 Mar 2026 22:05:05 INFO  epoch 338 training [time: 0.17s, train loss: 1.6829]
Sun 15 Mar 2026 22:05:05 INFO  epoch 338 evaluating [time: 0.32s, valid_score: 0.357400]
Sun 15 Mar 2026 22:05:05 INFO  valid result: 
recall@1 : 0.1464    recall@2 : 0.2442    recall@3 : 0.3003    recall@4 : 0.3443    recall@5 : 0.3814    recall@10 : 0.5097    recall@20 : 0.6465    recall@30 : 0.724    recall@50 : 0.8137    ndcg@1 : 0.239    ndcg@2 : 0.2677    ndcg@3 : 0.2841    ndcg@4 : 0.2986    ndcg@5 : 0.3121    ndcg@10 : 0.3574    ndcg@20 : 0.399    ndcg@30 : 0.4197    ndcg@50 : 0.4406    precision@1 : 0.239    precision@2 : 0.2032    precision@3 : 0.1708    precision@4 : 0.1508    precision@5 : 0.1368    precision@10 : 0.0972    precision@20 : 0.0652    precision@30 : 0.0501    precision@50 : 0.0344    map@1 : 0.239    map@2 : 0.2364    map@3 : 0.2395    map@4 : 0.2441    map@5 : 0.2499    map@10 : 0.2693    map@20 : 0.2845    map@30 : 0.2907    map@50 : 0.2954
Sun 15 Mar 2026 22:05:05 INFO  Saving current: saved/LightGCN-Mar-15-2026_22-02-15.pth
Sun 15 Mar 2026 22:05:05 INFO  epoch 339 training [time: 0.19s, train loss: 1.6560]
Sun 15 Mar 2026 22:05:06 INFO  epoch 339 evaluating [time: 0.31s, valid_score: 0.358400]
Sun 15 Mar 2026 22:05:06 INFO  valid result: 
recall@1 : 0.1476    recall@2 : 0.2453    recall@3 : 0.3019    recall@4 : 0.3456    recall@5 : 0.3817    recall@10 : 0.5104    recall@20 : 0.6461    recall@30 : 0.7244    recall@50 : 0.8146    ndcg@1 : 0.2402    ndcg@2 : 0.2687    ndcg@3 : 0.2857    ndcg@4 : 0.2999    ndcg@5 : 0.3129    ndcg@10 : 0.3584    ndcg@20 : 0.3997    ndcg@30 : 0.4206    ndcg@50 : 0.4415    precision@1 : 0.2402    precision@2 : 0.2035    precision@3 : 0.1718    precision@4 : 0.1512    precision@5 : 0.1367    precision@10 : 0.0973    precision@20 : 0.0653    precision@30 : 0.0502    precision@50 : 0.0344    map@1 : 0.2402    map@2 : 0.2376    map@3 : 0.2411    map@4 : 0.2455    map@5 : 0.2509    map@10 : 0.2705    map@20 : 0.2855    map@30 : 0.2918    map@50 : 0.2965
Sun 15 Mar 2026 22:05:06 INFO  Saving current: saved/LightGCN-Mar-15-2026_22-02-15.pth
Sun 15 Mar 2026 22:05:06 INFO  epoch 340 training [time: 0.24s, train loss: 1.6705]
Sun 15 Mar 2026 22:05:06 INFO  epoch 340 evaluating [time: 0.23s, valid_score: 0.358300]
Sun 15 Mar 2026 22:05:06 INFO  valid result: 
recall@1 : 0.1471    recall@2 : 0.2444    recall@3 : 0.3015    recall@4 : 0.3466    recall@5 : 0.3819    recall@10 : 0.5108    recall@20 : 0.6459    recall@30 : 0.724    recall@50 : 0.8138    ndcg@1 : 0.2402    ndcg@2 : 0.2674    ndcg@3 : 0.2851    ndcg@4 : 0.3001    ndcg@5 : 0.3127    ndcg@10 : 0.3583    ndcg@20 : 0.3994    ndcg@30 : 0.4202    ndcg@50 : 0.4411    precision@1 : 0.2402    precision@2 : 0.202    precision@3 : 0.1716    precision@4 : 0.1517    precision@5 : 0.1368    precision@10 : 0.0974    precision@20 : 0.0653    precision@30 : 0.0501    precision@50 : 0.0344    map@1 : 0.2402    map@2 : 0.2366    map@3 : 0.2404    map@4 : 0.2453    map@5 : 0.2506    map@10 : 0.2701    map@20 : 0.2852    map@30 : 0.2913    map@50 : 0.2961
Sun 15 Mar 2026 22:05:06 INFO  epoch 341 training [time: 0.19s, train loss: 1.6574]
Sun 15 Mar 2026 22:05:07 INFO  epoch 341 evaluating [time: 0.32s, valid_score: 0.358400]
Sun 15 Mar 2026 22:05:07 INFO  valid result: 
recall@1 : 0.1468    recall@2 : 0.2444    recall@3 : 0.3006    recall@4 : 0.3454    recall@5 : 0.382    recall@10 : 0.5116    recall@20 : 0.6459    recall@30 : 0.724    recall@50 : 0.8123    ndcg@1 : 0.2402    ndcg@2 : 0.2676    ndcg@3 : 0.2846    ndcg@4 : 0.2993    ndcg@5 : 0.3126    ndcg@10 : 0.3584    ndcg@20 : 0.3993    ndcg@30 : 0.4201    ndcg@50 : 0.4407    precision@1 : 0.2402    precision@2 : 0.2023    precision@3 : 0.1712    precision@4 : 0.1511    precision@5 : 0.1369    precision@10 : 0.0976    precision@20 : 0.0653    precision@30 : 0.0501    precision@50 : 0.0344    map@1 : 0.2402    map@2 : 0.2369    map@3 : 0.2401    map@4 : 0.2447    map@5 : 0.2505    map@10 : 0.27    map@20 : 0.285    map@30 : 0.2912    map@50 : 0.2959
Sun 15 Mar 2026 22:05:07 INFO  Saving current: saved/LightGCN-Mar-15-2026_22-02-15.pth
Sun 15 Mar 2026 22:05:07 INFO  epoch 342 training [time: 0.19s, train loss: 1.6490]
Sun 15 Mar 2026 22:05:07 INFO  epoch 342 evaluating [time: 0.32s, valid_score: 0.358100]
Sun 15 Mar 2026 22:05:07 INFO  valid result: 
recall@1 : 0.1468    recall@2 : 0.2447    recall@3 : 0.3011    recall@4 : 0.3458    recall@5 : 0.3821    recall@10 : 0.5103    recall@20 : 0.6477    recall@30 : 0.7238    recall@50 : 0.8129    ndcg@1 : 0.2402    ndcg@2 : 0.2678    ndcg@3 : 0.2848    ndcg@4 : 0.2997    ndcg@5 : 0.3128    ndcg@10 : 0.3581    ndcg@20 : 0.3998    ndcg@30 : 0.4202    ndcg@50 : 0.4409    precision@1 : 0.2402    precision@2 : 0.2026    precision@3 : 0.1712    precision@4 : 0.1514    precision@5 : 0.1371    precision@10 : 0.0974    precision@20 : 0.0655    precision@30 : 0.0501    precision@50 : 0.0344    map@1 : 0.2402    map@2 : 0.2369    map@3 : 0.2402    map@4 : 0.245    map@5 : 0.2507    map@10 : 0.27    map@20 : 0.2852    map@30 : 0.2913    map@50 : 0.296
Sun 15 Mar 2026 22:05:07 INFO  epoch 343 training [time: 0.19s, train loss: 1.6476]
Sun 15 Mar 2026 22:05:08 INFO  epoch 343 evaluating [time: 0.31s, valid_score: 0.357600]
Sun 15 Mar 2026 22:05:08 INFO  valid result: 
recall@1 : 0.1458    recall@2 : 0.245    recall@3 : 0.3003    recall@4 : 0.3464    recall@5 : 0.3816    recall@10 : 0.5099    recall@20 : 0.6465    recall@30 : 0.7238    recall@50 : 0.8135    ndcg@1 : 0.2384    ndcg@2 : 0.2674    ndcg@3 : 0.284    ndcg@4 : 0.2995    ndcg@5 : 0.3121    ndcg@10 : 0.3576    ndcg@20 : 0.399    ndcg@30 : 0.4197    ndcg@50 : 0.4406    precision@1 : 0.2384    precision@2 : 0.2026    precision@3 : 0.1708    precision@4 : 0.1517    precision@5 : 0.1368    precision@10 : 0.0975    precision@20 : 0.0653    precision@30 : 0.0501    precision@50 : 0.0344    map@1 : 0.2384    map@2 : 0.2364    map@3 : 0.2394    map@4 : 0.2446    map@5 : 0.25    map@10 : 0.2695    map@20 : 0.2847    map@30 : 0.2908    map@50 : 0.2955
Sun 15 Mar 2026 22:05:08 INFO  epoch 344 training [time: 0.18s, train loss: 1.6559]
Sun 15 Mar 2026 22:05:08 INFO  epoch 344 evaluating [time: 0.32s, valid_score: 0.357800]
Sun 15 Mar 2026 22:05:08 INFO  valid result: 
recall@1 : 0.1471    recall@2 : 0.2437    recall@3 : 0.3011    recall@4 : 0.3463    recall@5 : 0.3819    recall@10 : 0.5093    recall@20 : 0.6451    recall@30 : 0.7244    recall@50 : 0.8144    ndcg@1 : 0.2402    ndcg@2 : 0.2667    ndcg@3 : 0.2847    ndcg@4 : 0.2998    ndcg@5 : 0.3126    ndcg@10 : 0.3578    ndcg@20 : 0.3991    ndcg@30 : 0.4202    ndcg@50 : 0.4412    precision@1 : 0.2402    precision@2 : 0.2011    precision@3 : 0.1712    precision@4 : 0.1517    precision@5 : 0.1369    precision@10 : 0.0974    precision@20 : 0.0652    precision@30 : 0.0502    precision@50 : 0.0344    map@1 : 0.2402    map@2 : 0.2361    map@3 : 0.2401    map@4 : 0.245    map@5 : 0.2505    map@10 : 0.2699    map@20 : 0.285    map@30 : 0.2913    map@50 : 0.2961
Sun 15 Mar 2026 22:05:08 INFO  epoch 345 training [time: 0.19s, train loss: 1.6360]
Sun 15 Mar 2026 22:05:09 INFO  epoch 345 evaluating [time: 0.31s, valid_score: 0.357500]
Sun 15 Mar 2026 22:05:09 INFO  valid result: 
recall@1 : 0.1475    recall@2 : 0.2428    recall@3 : 0.3007    recall@4 : 0.3454    recall@5 : 0.3819    recall@10 : 0.5086    recall@20 : 0.6448    recall@30 : 0.7239    recall@50 : 0.8139    ndcg@1 : 0.2408    ndcg@2 : 0.266    ndcg@3 : 0.2845    ndcg@4 : 0.2995    ndcg@5 : 0.3125    ndcg@10 : 0.3575    ndcg@20 : 0.3989    ndcg@30 : 0.4201    ndcg@50 : 0.4411    precision@1 : 0.2408    precision@2 : 0.2002    precision@3 : 0.171    precision@4 : 0.1517    precision@5 : 0.1369    precision@10 : 0.0973    precision@20 : 0.0652    precision@30 : 0.0501    precision@50 : 0.0344    map@1 : 0.2408    map@2 : 0.2357    map@3 : 0.24    map@4 : 0.2449    map@5 : 0.2505    map@10 : 0.2698    map@20 : 0.285    map@30 : 0.2913    map@50 : 0.2961
Sun 15 Mar 2026 22:05:09 INFO  epoch 346 training [time: 0.17s, train loss: 1.6667]
Sun 15 Mar 2026 22:05:09 INFO  epoch 346 evaluating [time: 0.32s, valid_score: 0.358100]
Sun 15 Mar 2026 22:05:09 INFO  valid result: 
recall@1 : 0.1493    recall@2 : 0.2422    recall@3 : 0.3014    recall@4 : 0.3456    recall@5 : 0.3814    recall@10 : 0.5085    recall@20 : 0.6456    recall@30 : 0.7242    recall@50 : 0.8139    ndcg@1 : 0.2426    ndcg@2 : 0.2663    ndcg@3 : 0.2856    ndcg@4 : 0.3003    ndcg@5 : 0.3131    ndcg@10 : 0.3581    ndcg@20 : 0.3998    ndcg@30 : 0.4208    ndcg@50 : 0.4417    precision@1 : 0.2426    precision@2 : 0.1999    precision@3 : 0.1714    precision@4 : 0.152    precision@5 : 0.1369    precision@10 : 0.0973    precision@20 : 0.0652    precision@30 : 0.0501    precision@50 : 0.0344    map@1 : 0.2426    map@2 : 0.2363    map@3 : 0.2411    map@4 : 0.2458    map@5 : 0.2513    map@10 : 0.2707    map@20 : 0.2859    map@30 : 0.2921    map@50 : 0.2969
Sun 15 Mar 2026 22:05:09 INFO  epoch 347 training [time: 0.15s, train loss: 1.6506]
Sun 15 Mar 2026 22:05:10 INFO  epoch 347 evaluating [time: 0.32s, valid_score: 0.358400]
Sun 15 Mar 2026 22:05:10 INFO  valid result: 
recall@1 : 0.1492    recall@2 : 0.2421    recall@3 : 0.3024    recall@4 : 0.3466    recall@5 : 0.3812    recall@10 : 0.5089    recall@20 : 0.6472    recall@30 : 0.7239    recall@50 : 0.8133    ndcg@1 : 0.242    ndcg@2 : 0.2657    ndcg@3 : 0.2861    ndcg@4 : 0.3008    ndcg@5 : 0.3129    ndcg@10 : 0.3584    ndcg@20 : 0.4002    ndcg@30 : 0.4207    ndcg@50 : 0.4417    precision@1 : 0.242    precision@2 : 0.1993    precision@3 : 0.1724    precision@4 : 0.1524    precision@5 : 0.1367    precision@10 : 0.0974    precision@20 : 0.0653    precision@30 : 0.05    precision@50 : 0.0344    map@1 : 0.242    map@2 : 0.2357    map@3 : 0.2416    map@4 : 0.2462    map@5 : 0.2513    map@10 : 0.2709    map@20 : 0.2861    map@30 : 0.2922    map@50 : 0.2971
Sun 15 Mar 2026 22:05:10 INFO  Saving current: saved/LightGCN-Mar-15-2026_22-02-15.pth
Sun 15 Mar 2026 22:05:10 INFO  epoch 348 training [time: 0.17s, train loss: 1.5977]
Sun 15 Mar 2026 22:05:10 INFO  epoch 348 evaluating [time: 0.31s, valid_score: 0.358700]
Sun 15 Mar 2026 22:05:10 INFO  valid result: 
recall@1 : 0.149    recall@2 : 0.2429    recall@3 : 0.3022    recall@4 : 0.3477    recall@5 : 0.3816    recall@10 : 0.5095    recall@20 : 0.6475    recall@30 : 0.7239    recall@50 : 0.8139    ndcg@1 : 0.2414    ndcg@2 : 0.2664    ndcg@3 : 0.286    ndcg@4 : 0.3013    ndcg@5 : 0.3132    ndcg@10 : 0.3587    ndcg@20 : 0.4004    ndcg@30 : 0.4209    ndcg@50 : 0.4419    precision@1 : 0.2414    precision@2 : 0.2002    precision@3 : 0.1722    precision@4 : 0.1527    precision@5 : 0.1369    precision@10 : 0.0976    precision@20 : 0.0654    precision@30 : 0.05    precision@50 : 0.0344    map@1 : 0.2414    map@2 : 0.2363    map@3 : 0.2417    map@4 : 0.2466    map@5 : 0.2515    map@10 : 0.2711    map@20 : 0.2863    map@30 : 0.2924    map@50 : 0.2972
Sun 15 Mar 2026 22:05:10 INFO  Saving current: saved/LightGCN-Mar-15-2026_22-02-15.pth
Sun 15 Mar 2026 22:05:10 INFO  epoch 349 training [time: 0.18s, train loss: 1.5996]
Sun 15 Mar 2026 22:05:11 INFO  epoch 349 evaluating [time: 0.33s, valid_score: 0.359200]
Sun 15 Mar 2026 22:05:11 INFO  valid result: 
recall@1 : 0.1495    recall@2 : 0.2435    recall@3 : 0.3027    recall@4 : 0.3483    recall@5 : 0.3807    recall@10 : 0.5102    recall@20 : 0.6492    recall@30 : 0.7245    recall@50 : 0.8144    ndcg@1 : 0.242    ndcg@2 : 0.2668    ndcg@3 : 0.2866    ndcg@4 : 0.3017    ndcg@5 : 0.3131    ndcg@10 : 0.3592    ndcg@20 : 0.4012    ndcg@30 : 0.4214    ndcg@50 : 0.4423    precision@1 : 0.242    precision@2 : 0.2002    precision@3 : 0.1724    precision@4 : 0.1526    precision@5 : 0.1367    precision@10 : 0.0977    precision@20 : 0.0655    precision@30 : 0.0501    precision@50 : 0.0344    map@1 : 0.242    map@2 : 0.2366    map@3 : 0.2422    map@4 : 0.247    map@5 : 0.2517    map@10 : 0.2716    map@20 : 0.2869    map@30 : 0.2929    map@50 : 0.2977
Sun 15 Mar 2026 22:05:11 INFO  Saving current: saved/LightGCN-Mar-15-2026_22-02-15.pth
Sun 15 Mar 2026 22:05:11 INFO  epoch 350 training [time: 0.19s, train loss: 1.6307]
Sun 15 Mar 2026 22:05:11 INFO  epoch 350 evaluating [time: 0.32s, valid_score: 0.359600]
Sun 15 Mar 2026 22:05:11 INFO  valid result: 
recall@1 : 0.1498    recall@2 : 0.244    recall@3 : 0.303    recall@4 : 0.3484    recall@5 : 0.3814    recall@10 : 0.5102    recall@20 : 0.6476    recall@30 : 0.7234    recall@50 : 0.8148    ndcg@1 : 0.2431    ndcg@2 : 0.2679    ndcg@3 : 0.2873    ndcg@4 : 0.3021    ndcg@5 : 0.3137    ndcg@10 : 0.3596    ndcg@20 : 0.4011    ndcg@30 : 0.4214    ndcg@50 : 0.4427    precision@1 : 0.2431    precision@2 : 0.2011    precision@3 : 0.173    precision@4 : 0.1526    precision@5 : 0.1368    precision@10 : 0.0977    precision@20 : 0.0653    precision@30 : 0.05    precision@50 : 0.0344    map@1 : 0.2431    map@2 : 0.2378    map@3 : 0.2428    map@4 : 0.2473    map@5 : 0.2521    map@10 : 0.272    map@20 : 0.2871    map@30 : 0.2932    map@50 : 0.298
Sun 15 Mar 2026 22:05:11 INFO  Saving current: saved/LightGCN-Mar-15-2026_22-02-15.pth
Sun 15 Mar 2026 22:05:11 INFO  epoch 351 training [time: 0.18s, train loss: 1.6127]
Sun 15 Mar 2026 22:05:12 INFO  epoch 351 evaluating [time: 0.34s, valid_score: 0.359700]
Sun 15 Mar 2026 22:05:12 INFO  valid result: 
recall@1 : 0.1503    recall@2 : 0.2445    recall@3 : 0.3028    recall@4 : 0.3477    recall@5 : 0.3816    recall@10 : 0.5101    recall@20 : 0.648    recall@30 : 0.724    recall@50 : 0.8152    ndcg@1 : 0.2431    ndcg@2 : 0.2682    ndcg@3 : 0.2873    ndcg@4 : 0.3019    ndcg@5 : 0.314    ndcg@10 : 0.3597    ndcg@20 : 0.4013    ndcg@30 : 0.4217    ndcg@50 : 0.443    precision@1 : 0.2431    precision@2 : 0.2014    precision@3 : 0.1728    precision@4 : 0.1521    precision@5 : 0.1371    precision@10 : 0.0977    precision@20 : 0.0654    precision@30 : 0.05    precision@50 : 0.0344    map@1 : 0.2431    map@2 : 0.2381    map@3 : 0.2428    map@4 : 0.2474    map@5 : 0.2524    map@10 : 0.2722    map@20 : 0.2873    map@30 : 0.2934    map@50 : 0.2983
Sun 15 Mar 2026 22:05:12 INFO  Saving current: saved/LightGCN-Mar-15-2026_22-02-15.pth
Sun 15 Mar 2026 22:05:12 INFO  epoch 352 training [time: 0.16s, train loss: 1.6046]
Sun 15 Mar 2026 22:05:12 INFO  epoch 352 evaluating [time: 0.34s, valid_score: 0.359500]
Sun 15 Mar 2026 22:05:12 INFO  valid result: 
recall@1 : 0.1503    recall@2 : 0.2441    recall@3 : 0.3022    recall@4 : 0.347    recall@5 : 0.3813    recall@10 : 0.5099    recall@20 : 0.6475    recall@30 : 0.7242    recall@50 : 0.8158    ndcg@1 : 0.2431    ndcg@2 : 0.2681    ndcg@3 : 0.287    ndcg@4 : 0.3015    ndcg@5 : 0.3138    ndcg@10 : 0.3595    ndcg@20 : 0.4012    ndcg@30 : 0.4217    ndcg@50 : 0.443    precision@1 : 0.2431    precision@2 : 0.2014    precision@3 : 0.1726    precision@4 : 0.152    precision@5 : 0.1369    precision@10 : 0.0976    precision@20 : 0.0654    precision@30 : 0.0501    precision@50 : 0.0344    map@1 : 0.2431    map@2 : 0.2379    map@3 : 0.2426    map@4 : 0.2471    map@5 : 0.2522    map@10 : 0.272    map@20 : 0.2872    map@30 : 0.2934    map@50 : 0.2982
Sun 15 Mar 2026 22:05:12 INFO  epoch 353 training [time: 0.16s, train loss: 1.5953]
Sun 15 Mar 2026 22:05:13 INFO  epoch 353 evaluating [time: 0.32s, valid_score: 0.360400]
Sun 15 Mar 2026 22:05:13 INFO  valid result: 
recall@1 : 0.1515    recall@2 : 0.2457    recall@3 : 0.3013    recall@4 : 0.3473    recall@5 : 0.3809    recall@10 : 0.5109    recall@20 : 0.6481    recall@30 : 0.7253    recall@50 : 0.816    ndcg@1 : 0.2443    ndcg@2 : 0.2697    ndcg@3 : 0.2872    ndcg@4 : 0.3023    ndcg@5 : 0.3143    ndcg@10 : 0.3604    ndcg@20 : 0.402    ndcg@30 : 0.4226    ndcg@50 : 0.4437    precision@1 : 0.2443    precision@2 : 0.2026    precision@3 : 0.1722    precision@4 : 0.1521    precision@5 : 0.1369    precision@10 : 0.0977    precision@20 : 0.0655    precision@30 : 0.0501    precision@50 : 0.0344    map@1 : 0.2443    map@2 : 0.2397    map@3 : 0.2432    map@4 : 0.2481    map@5 : 0.253    map@10 : 0.273    map@20 : 0.2882    map@30 : 0.2943    map@50 : 0.2991
Sun 15 Mar 2026 22:05:13 INFO  Saving current: saved/LightGCN-Mar-15-2026_22-02-15.pth
Sun 15 Mar 2026 22:05:13 INFO  epoch 354 training [time: 0.21s, train loss: 1.5912]
Sun 15 Mar 2026 22:05:13 INFO  epoch 354 evaluating [time: 0.31s, valid_score: 0.360800]
Sun 15 Mar 2026 22:05:13 INFO  valid result: 
recall@1 : 0.153    recall@2 : 0.2458    recall@3 : 0.3006    recall@4 : 0.3476    recall@5 : 0.3807    recall@10 : 0.5105    recall@20 : 0.6461    recall@30 : 0.7246    recall@50 : 0.8154    ndcg@1 : 0.2449    ndcg@2 : 0.2701    ndcg@3 : 0.2872    ndcg@4 : 0.303    ndcg@5 : 0.3146    ndcg@10 : 0.3608    ndcg@20 : 0.402    ndcg@30 : 0.4229    ndcg@50 : 0.444    precision@1 : 0.2449    precision@2 : 0.2026    precision@3 : 0.1718    precision@4 : 0.1524    precision@5 : 0.1368    precision@10 : 0.0977    precision@20 : 0.0653    precision@30 : 0.05    precision@50 : 0.0344    map@1 : 0.2449    map@2 : 0.2403    map@3 : 0.2437    map@4 : 0.249    map@5 : 0.2537    map@10 : 0.2737    map@20 : 0.2888    map@30 : 0.295    map@50 : 0.2998
Sun 15 Mar 2026 22:05:13 INFO  Saving current: saved/LightGCN-Mar-15-2026_22-02-15.pth
Sun 15 Mar 2026 22:05:13 INFO  epoch 355 training [time: 0.19s, train loss: 1.5934]
Sun 15 Mar 2026 22:05:14 INFO  epoch 355 evaluating [time: 0.30s, valid_score: 0.360900]
Sun 15 Mar 2026 22:05:14 INFO  valid result: 
recall@1 : 0.1539    recall@2 : 0.2454    recall@3 : 0.2995    recall@4 : 0.3476    recall@5 : 0.3825    recall@10 : 0.5099    recall@20 : 0.648    recall@30 : 0.7254    recall@50 : 0.8152    ndcg@1 : 0.2461    ndcg@2 : 0.2698    ndcg@3 : 0.2868    ndcg@4 : 0.3031    ndcg@5 : 0.3156    ndcg@10 : 0.3609    ndcg@20 : 0.4027    ndcg@30 : 0.4233    ndcg@50 : 0.4443    precision@1 : 0.2461    precision@2 : 0.202    precision@3 : 0.1712    precision@4 : 0.1523    precision@5 : 0.1373    precision@10 : 0.0977    precision@20 : 0.0655    precision@30 : 0.0501    precision@50 : 0.0344    map@1 : 0.2461    map@2 : 0.2399    map@3 : 0.2436    map@4 : 0.249    map@5 : 0.2543    map@10 : 0.274    map@20 : 0.2893    map@30 : 0.2954    map@50 : 0.3002
Sun 15 Mar 2026 22:05:14 INFO  Saving current: saved/LightGCN-Mar-15-2026_22-02-15.pth
Sun 15 Mar 2026 22:05:14 INFO  epoch 356 training [time: 0.12s, train loss: 1.5942]
Sun 15 Mar 2026 22:05:14 INFO  epoch 356 evaluating [time: 0.33s, valid_score: 0.361100]
Sun 15 Mar 2026 22:05:14 INFO  valid result: 
recall@1 : 0.1544    recall@2 : 0.2458    recall@3 : 0.3004    recall@4 : 0.3477    recall@5 : 0.3833    recall@10 : 0.5092    recall@20 : 0.6472    recall@30 : 0.7253    recall@50 : 0.8152    ndcg@1 : 0.2467    ndcg@2 : 0.2702    ndcg@3 : 0.2875    ndcg@4 : 0.3034    ndcg@5 : 0.3162    ndcg@10 : 0.3611    ndcg@20 : 0.4029    ndcg@30 : 0.4237    ndcg@50 : 0.4446    precision@1 : 0.2467    precision@2 : 0.202    precision@3 : 0.1714    precision@4 : 0.1523    precision@5 : 0.1375    precision@10 : 0.0976    precision@20 : 0.0653    precision@30 : 0.0501    precision@50 : 0.0344    map@1 : 0.2467    map@2 : 0.2403    map@3 : 0.2442    map@4 : 0.2494    map@5 : 0.2549    map@10 : 0.2744    map@20 : 0.2897    map@30 : 0.2959    map@50 : 0.3007
Sun 15 Mar 2026 22:05:14 INFO  Saving current: saved/LightGCN-Mar-15-2026_22-02-15.pth
Sun 15 Mar 2026 22:05:14 INFO  epoch 357 training [time: 0.17s, train loss: 1.5850]
Sun 15 Mar 2026 22:05:15 INFO  epoch 357 evaluating [time: 0.34s, valid_score: 0.360900]
Sun 15 Mar 2026 22:05:15 INFO  valid result: 
recall@1 : 0.1544    recall@2 : 0.2454    recall@3 : 0.3011    recall@4 : 0.3472    recall@5 : 0.3841    recall@10 : 0.5088    recall@20 : 0.6478    recall@30 : 0.7261    recall@50 : 0.8155    ndcg@1 : 0.2467    ndcg@2 : 0.2701    ndcg@3 : 0.2878    ndcg@4 : 0.303    ndcg@5 : 0.3166    ndcg@10 : 0.3609    ndcg@20 : 0.403    ndcg@30 : 0.4239    ndcg@50 : 0.4447    precision@1 : 0.2467    precision@2 : 0.202    precision@3 : 0.1716    precision@4 : 0.1517    precision@5 : 0.1379    precision@10 : 0.0973    precision@20 : 0.0653    precision@30 : 0.0501    precision@50 : 0.0344    map@1 : 0.2467    map@2 : 0.2403    map@3 : 0.2442    map@4 : 0.2491    map@5 : 0.2551    map@10 : 0.2743    map@20 : 0.2897    map@30 : 0.2959    map@50 : 0.3007
Sun 15 Mar 2026 22:05:15 INFO  epoch 358 training [time: 0.17s, train loss: 1.5772]
Sun 15 Mar 2026 22:05:15 INFO  epoch 358 evaluating [time: 0.33s, valid_score: 0.361300]
Sun 15 Mar 2026 22:05:15 INFO  valid result: 
recall@1 : 0.1548    recall@2 : 0.2455    recall@3 : 0.3021    recall@4 : 0.3477    recall@5 : 0.3849    recall@10 : 0.5089    recall@20 : 0.6482    recall@30 : 0.726    recall@50 : 0.8152    ndcg@1 : 0.2479    ndcg@2 : 0.2703    ndcg@3 : 0.2885    ndcg@4 : 0.3036    ndcg@5 : 0.3173    ndcg@10 : 0.3613    ndcg@20 : 0.4034    ndcg@30 : 0.4242    ndcg@50 : 0.445    precision@1 : 0.2479    precision@2 : 0.202    precision@3 : 0.172    precision@4 : 0.1521    precision@5 : 0.1381    precision@10 : 0.0974    precision@20 : 0.0653    precision@30 : 0.0501    precision@50 : 0.0344    map@1 : 0.2479    map@2 : 0.2406    map@3 : 0.2448    map@4 : 0.2495    map@5 : 0.2556    map@10 : 0.2747    map@20 : 0.29    map@30 : 0.2963    map@50 : 0.301
Sun 15 Mar 2026 22:05:15 INFO  Saving current: saved/LightGCN-Mar-15-2026_22-02-15.pth
Sun 15 Mar 2026 22:05:15 INFO  epoch 359 training [time: 0.17s, train loss: 1.5942]
Sun 15 Mar 2026 22:05:16 INFO  epoch 359 evaluating [time: 0.33s, valid_score: 0.361200]
Sun 15 Mar 2026 22:05:16 INFO  valid result: 
recall@1 : 0.1542    recall@2 : 0.2459    recall@3 : 0.3025    recall@4 : 0.3468    recall@5 : 0.384    recall@10 : 0.5093    recall@20 : 0.6468    recall@30 : 0.7251    recall@50 : 0.8144    ndcg@1 : 0.2461    ndcg@2 : 0.2703    ndcg@3 : 0.2884    ndcg@4 : 0.3029    ndcg@5 : 0.3166    ndcg@10 : 0.3612    ndcg@20 : 0.4028    ndcg@30 : 0.4237    ndcg@50 : 0.4446    precision@1 : 0.2461    precision@2 : 0.2023    precision@3 : 0.172    precision@4 : 0.1515    precision@5 : 0.1378    precision@10 : 0.0976    precision@20 : 0.0653    precision@30 : 0.05    precision@50 : 0.0344    map@1 : 0.2461    map@2 : 0.2405    map@3 : 0.2446    map@4 : 0.2491    map@5 : 0.2552    map@10 : 0.2745    map@20 : 0.2897    map@30 : 0.2959    map@50 : 0.3008
Sun 15 Mar 2026 22:05:16 INFO  epoch 360 training [time: 0.16s, train loss: 1.5640]
Sun 15 Mar 2026 22:05:16 INFO  epoch 360 evaluating [time: 0.33s, valid_score: 0.362300]
Sun 15 Mar 2026 22:05:16 INFO  valid result: 
recall@1 : 0.156    recall@2 : 0.245    recall@3 : 0.3024    recall@4 : 0.3469    recall@5 : 0.3835    recall@10 : 0.5114    recall@20 : 0.6475    recall@30 : 0.7263    recall@50 : 0.8142    ndcg@1 : 0.2479    ndcg@2 : 0.2704    ndcg@3 : 0.2888    ndcg@4 : 0.3035    ndcg@5 : 0.3169    ndcg@10 : 0.3623    ndcg@20 : 0.4034    ndcg@30 : 0.4245    ndcg@50 : 0.445    precision@1 : 0.2479    precision@2 : 0.2017    precision@3 : 0.1718    precision@4 : 0.1517    precision@5 : 0.1377    precision@10 : 0.0978    precision@20 : 0.0652    precision@30 : 0.0501    precision@50 : 0.0343    map@1 : 0.2479    map@2 : 0.2409    map@3 : 0.2452    map@4 : 0.25    map@5 : 0.2558    map@10 : 0.2755    map@20 : 0.2904    map@30 : 0.2968    map@50 : 0.3015
Sun 15 Mar 2026 22:05:16 INFO  Saving current: saved/LightGCN-Mar-15-2026_22-02-15.pth
Sun 15 Mar 2026 22:05:16 INFO  epoch 361 training [time: 0.18s, train loss: 1.5563]
Sun 15 Mar 2026 22:05:17 INFO  epoch 361 evaluating [time: 0.35s, valid_score: 0.361700]
Sun 15 Mar 2026 22:05:17 INFO  valid result: 
recall@1 : 0.1554    recall@2 : 0.2452    recall@3 : 0.3016    recall@4 : 0.3457    recall@5 : 0.3859    recall@10 : 0.5102    recall@20 : 0.648    recall@30 : 0.7265    recall@50 : 0.8142    ndcg@1 : 0.2473    ndcg@2 : 0.2704    ndcg@3 : 0.288    ndcg@4 : 0.3028    ndcg@5 : 0.3177    ndcg@10 : 0.3617    ndcg@20 : 0.4033    ndcg@30 : 0.4243    ndcg@50 : 0.4448    precision@1 : 0.2473    precision@2 : 0.202    precision@3 : 0.171    precision@4 : 0.1515    precision@5 : 0.1385    precision@10 : 0.0976    precision@20 : 0.0653    precision@30 : 0.0501    precision@50 : 0.0343    map@1 : 0.2473    map@2 : 0.2409    map@3 : 0.2446    map@4 : 0.2494    map@5 : 0.2559    map@10 : 0.275    map@20 : 0.2902    map@30 : 0.2965    map@50 : 0.3012
Sun 15 Mar 2026 22:05:17 INFO  epoch 362 training [time: 0.18s, train loss: 1.5664]
Sun 15 Mar 2026 22:05:17 INFO  epoch 362 evaluating [time: 0.34s, valid_score: 0.362300]
Sun 15 Mar 2026 22:05:17 INFO  valid result: 
recall@1 : 0.1559    recall@2 : 0.2456    recall@3 : 0.301    recall@4 : 0.3459    recall@5 : 0.3871    recall@10 : 0.5113    recall@20 : 0.6481    recall@30 : 0.7265    recall@50 : 0.8142    ndcg@1 : 0.2485    ndcg@2 : 0.2706    ndcg@3 : 0.288    ndcg@4 : 0.3031    ndcg@5 : 0.3184    ndcg@10 : 0.3623    ndcg@20 : 0.4037    ndcg@30 : 0.4247    ndcg@50 : 0.4451    precision@1 : 0.2485    precision@2 : 0.2017    precision@3 : 0.1708    precision@4 : 0.1517    precision@5 : 0.139    precision@10 : 0.0977    precision@20 : 0.0653    precision@30 : 0.0502    precision@50 : 0.0343    map@1 : 0.2485    map@2 : 0.2411    map@3 : 0.2447    map@4 : 0.2496    map@5 : 0.2566    map@10 : 0.2755    map@20 : 0.2905    map@30 : 0.2969    map@50 : 0.3016
Sun 15 Mar 2026 22:05:17 INFO  Saving current: saved/LightGCN-Mar-15-2026_22-02-15.pth
Sun 15 Mar 2026 22:05:17 INFO  epoch 363 training [time: 0.17s, train loss: 1.5494]
Sun 15 Mar 2026 22:05:18 INFO  epoch 363 evaluating [time: 0.31s, valid_score: 0.362500]
Sun 15 Mar 2026 22:05:18 INFO  valid result: 
recall@1 : 0.1561    recall@2 : 0.2462    recall@3 : 0.3013    recall@4 : 0.3461    recall@5 : 0.3871    recall@10 : 0.5107    recall@20 : 0.648    recall@30 : 0.7256    recall@50 : 0.8141    ndcg@1 : 0.2491    ndcg@2 : 0.2714    ndcg@3 : 0.2882    ndcg@4 : 0.3035    ndcg@5 : 0.3186    ndcg@10 : 0.3625    ndcg@20 : 0.404    ndcg@30 : 0.4248    ndcg@50 : 0.4454    precision@1 : 0.2491    precision@2 : 0.2026    precision@3 : 0.1704    precision@4 : 0.1518    precision@5 : 0.1389    precision@10 : 0.0977    precision@20 : 0.0653    precision@30 : 0.0501    precision@50 : 0.0343    map@1 : 0.2491    map@2 : 0.2418    map@3 : 0.2449    map@4 : 0.2499    map@5 : 0.2567    map@10 : 0.2757    map@20 : 0.2908    map@30 : 0.2971    map@50 : 0.3019
Sun 15 Mar 2026 22:05:18 INFO  Saving current: saved/LightGCN-Mar-15-2026_22-02-15.pth
Sun 15 Mar 2026 22:05:18 INFO  epoch 364 training [time: 0.19s, train loss: 1.5724]
Sun 15 Mar 2026 22:05:18 INFO  epoch 364 evaluating [time: 0.33s, valid_score: 0.362400]
Sun 15 Mar 2026 22:05:18 INFO  valid result: 
recall@1 : 0.1563    recall@2 : 0.2454    recall@3 : 0.3021    recall@4 : 0.3467    recall@5 : 0.3871    recall@10 : 0.5105    recall@20 : 0.6486    recall@30 : 0.7261    recall@50 : 0.8139    ndcg@1 : 0.2503    ndcg@2 : 0.271    ndcg@3 : 0.2886    ndcg@4 : 0.3038    ndcg@5 : 0.3188    ndcg@10 : 0.3624    ndcg@20 : 0.4042    ndcg@30 : 0.425    ndcg@50 : 0.4455    precision@1 : 0.2503    precision@2 : 0.202    precision@3 : 0.1706    precision@4 : 0.152    precision@5 : 0.139    precision@10 : 0.0976    precision@20 : 0.0653    precision@30 : 0.0501    precision@50 : 0.0343    map@1 : 0.2503    map@2 : 0.2415    map@3 : 0.2451    map@4 : 0.2501    map@5 : 0.2568    map@10 : 0.2757    map@20 : 0.2909    map@30 : 0.2972    map@50 : 0.3019
Sun 15 Mar 2026 22:05:18 INFO  epoch 365 training [time: 0.20s, train loss: 1.5386]
Sun 15 Mar 2026 22:05:19 INFO  epoch 365 evaluating [time: 0.33s, valid_score: 0.362500]
Sun 15 Mar 2026 22:05:19 INFO  valid result: 
recall@1 : 0.1561    recall@2 : 0.2457    recall@3 : 0.3023    recall@4 : 0.3457    recall@5 : 0.3878    recall@10 : 0.5105    recall@20 : 0.6475    recall@30 : 0.7272    recall@50 : 0.8141    ndcg@1 : 0.2497    ndcg@2 : 0.2708    ndcg@3 : 0.2885    ndcg@4 : 0.3032    ndcg@5 : 0.3189    ndcg@10 : 0.3625    ndcg@20 : 0.4039    ndcg@30 : 0.4252    ndcg@50 : 0.4455    precision@1 : 0.2497    precision@2 : 0.2017    precision@3 : 0.1706    precision@4 : 0.1515    precision@5 : 0.1391    precision@10 : 0.0977    precision@20 : 0.0653    precision@30 : 0.0502    precision@50 : 0.0343    map@1 : 0.2497    map@2 : 0.2414    map@3 : 0.245    map@4 : 0.2497    map@5 : 0.2569    map@10 : 0.2758    map@20 : 0.2909    map@30 : 0.2973    map@50 : 0.302
Sun 15 Mar 2026 22:05:19 INFO  Saving current: saved/LightGCN-Mar-15-2026_22-02-15.pth
Sun 15 Mar 2026 22:05:19 INFO  epoch 366 training [time: 0.17s, train loss: 1.5590]
Sun 15 Mar 2026 22:05:19 INFO  epoch 366 evaluating [time: 0.34s, valid_score: 0.362400]
Sun 15 Mar 2026 22:05:19 INFO  valid result: 
recall@1 : 0.1567    recall@2 : 0.2452    recall@3 : 0.3021    recall@4 : 0.345    recall@5 : 0.3866    recall@10 : 0.5099    recall@20 : 0.6471    recall@30 : 0.7263    recall@50 : 0.8138    ndcg@1 : 0.2503    ndcg@2 : 0.2706    ndcg@3 : 0.2887    ndcg@4 : 0.3031    ndcg@5 : 0.3186    ndcg@10 : 0.3624    ndcg@20 : 0.4039    ndcg@30 : 0.425    ndcg@50 : 0.4455    precision@1 : 0.2503    precision@2 : 0.2011    precision@3 : 0.1708    precision@4 : 0.1514    precision@5 : 0.139    precision@10 : 0.0976    precision@20 : 0.0653    precision@30 : 0.0501    precision@50 : 0.0343    map@1 : 0.2503    map@2 : 0.2414    map@3 : 0.2452    map@4 : 0.2498    map@5 : 0.2569    map@10 : 0.2758    map@20 : 0.291    map@30 : 0.2973    map@50 : 0.302
Sun 15 Mar 2026 22:05:19 INFO  epoch 367 training [time: 0.20s, train loss: 1.5177]
Sun 15 Mar 2026 22:05:20 INFO  epoch 367 evaluating [time: 0.33s, valid_score: 0.362400]
Sun 15 Mar 2026 22:05:20 INFO  valid result: 
recall@1 : 0.1567    recall@2 : 0.2452    recall@3 : 0.3022    recall@4 : 0.346    recall@5 : 0.385    recall@10 : 0.5095    recall@20 : 0.6457    recall@30 : 0.7264    recall@50 : 0.814    ndcg@1 : 0.2503    ndcg@2 : 0.2708    ndcg@3 : 0.2887    ndcg@4 : 0.3036    ndcg@5 : 0.3181    ndcg@10 : 0.3624    ndcg@20 : 0.4037    ndcg@30 : 0.4251    ndcg@50 : 0.4456    precision@1 : 0.2503    precision@2 : 0.2014    precision@3 : 0.1708    precision@4 : 0.1517    precision@5 : 0.1386    precision@10 : 0.0977    precision@20 : 0.0653    precision@30 : 0.0501    precision@50 : 0.0343    map@1 : 0.2503    map@2 : 0.2417    map@3 : 0.2454    map@4 : 0.2503    map@5 : 0.2567    map@10 : 0.276    map@20 : 0.2911    map@30 : 0.2974    map@50 : 0.3022
Sun 15 Mar 2026 22:05:20 INFO  epoch 368 training [time: 0.17s, train loss: 1.5641]
Sun 15 Mar 2026 22:05:20 INFO  epoch 368 evaluating [time: 0.33s, valid_score: 0.363200]
Sun 15 Mar 2026 22:05:20 INFO  valid result: 
recall@1 : 0.1573    recall@2 : 0.247    recall@3 : 0.3022    recall@4 : 0.3458    recall@5 : 0.3862    recall@10 : 0.5104    recall@20 : 0.6456    recall@30 : 0.7263    recall@50 : 0.8144    ndcg@1 : 0.2509    ndcg@2 : 0.2722    ndcg@3 : 0.2892    ndcg@4 : 0.3039    ndcg@5 : 0.319    ndcg@10 : 0.3632    ndcg@20 : 0.4042    ndcg@30 : 0.4256    ndcg@50 : 0.4462    precision@1 : 0.2509    precision@2 : 0.2023    precision@3 : 0.1708    precision@4 : 0.1515    precision@5 : 0.1389    precision@10 : 0.0979    precision@20 : 0.0652    precision@30 : 0.0501    precision@50 : 0.0343    map@1 : 0.2509    map@2 : 0.2428    map@3 : 0.246    map@4 : 0.2508    map@5 : 0.2575    map@10 : 0.2768    map@20 : 0.2918    map@30 : 0.2981    map@50 : 0.3029
Sun 15 Mar 2026 22:05:20 INFO  Saving current: saved/LightGCN-Mar-15-2026_22-02-15.pth
Sun 15 Mar 2026 22:05:20 INFO  epoch 369 training [time: 0.19s, train loss: 1.5469]
Sun 15 Mar 2026 22:05:21 INFO  epoch 369 evaluating [time: 0.32s, valid_score: 0.363500]
Sun 15 Mar 2026 22:05:21 INFO  valid result: 
recall@1 : 0.1567    recall@2 : 0.2482    recall@3 : 0.3028    recall@4 : 0.3466    recall@5 : 0.3853    recall@10 : 0.5116    recall@20 : 0.6461    recall@30 : 0.7259    recall@50 : 0.815    ndcg@1 : 0.2503    ndcg@2 : 0.2727    ndcg@3 : 0.2893    ndcg@4 : 0.3042    ndcg@5 : 0.3186    ndcg@10 : 0.3635    ndcg@20 : 0.4044    ndcg@30 : 0.4256    ndcg@50 : 0.4464    precision@1 : 0.2503    precision@2 : 0.2029    precision@3 : 0.171    precision@4 : 0.1518    precision@5 : 0.1386    precision@10 : 0.0979    precision@20 : 0.0653    precision@30 : 0.0501    precision@50 : 0.0344    map@1 : 0.2503    map@2 : 0.2431    map@3 : 0.246    map@4 : 0.251    map@5 : 0.2573    map@10 : 0.2769    map@20 : 0.2918    map@30 : 0.2982    map@50 : 0.3029
Sun 15 Mar 2026 22:05:21 INFO  Saving current: saved/LightGCN-Mar-15-2026_22-02-15.pth
Sun 15 Mar 2026 22:05:21 INFO  epoch 370 training [time: 0.19s, train loss: 1.5399]
Sun 15 Mar 2026 22:05:21 INFO  epoch 370 evaluating [time: 0.33s, valid_score: 0.363900]
Sun 15 Mar 2026 22:05:21 INFO  valid result: 
recall@1 : 0.157    recall@2 : 0.2492    recall@3 : 0.3039    recall@4 : 0.3475    recall@5 : 0.3855    recall@10 : 0.512    recall@20 : 0.6455    recall@30 : 0.7258    recall@50 : 0.8152    ndcg@1 : 0.2497    ndcg@2 : 0.273    ndcg@3 : 0.29    ndcg@4 : 0.305    ndcg@5 : 0.319    ndcg@10 : 0.3639    ndcg@20 : 0.4046    ndcg@30 : 0.4259    ndcg@50 : 0.4467    precision@1 : 0.2497    precision@2 : 0.2032    precision@3 : 0.1714    precision@4 : 0.1524    precision@5 : 0.1387    precision@10 : 0.0979    precision@20 : 0.0652    precision@30 : 0.0501    precision@50 : 0.0344    map@1 : 0.2497    map@2 : 0.2434    map@3 : 0.2464    map@4 : 0.2517    map@5 : 0.2578    map@10 : 0.2774    map@20 : 0.2923    map@30 : 0.2987    map@50 : 0.3035
Sun 15 Mar 2026 22:05:21 INFO  Saving current: saved/LightGCN-Mar-15-2026_22-02-15.pth
Sun 15 Mar 2026 22:05:21 INFO  epoch 371 training [time: 0.17s, train loss: 1.5166]
Sun 15 Mar 2026 22:05:22 INFO  epoch 371 evaluating [time: 0.33s, valid_score: 0.363200]
Sun 15 Mar 2026 22:05:22 INFO  valid result: 
recall@1 : 0.1556    recall@2 : 0.2491    recall@3 : 0.3043    recall@4 : 0.3471    recall@5 : 0.3858    recall@10 : 0.5113    recall@20 : 0.6454    recall@30 : 0.7258    recall@50 : 0.8152    ndcg@1 : 0.2479    ndcg@2 : 0.2724    ndcg@3 : 0.2895    ndcg@4 : 0.3041    ndcg@5 : 0.3186    ndcg@10 : 0.3632    ndcg@20 : 0.404    ndcg@30 : 0.4254    ndcg@50 : 0.4462    precision@1 : 0.2479    precision@2 : 0.2032    precision@3 : 0.1714    precision@4 : 0.152    precision@5 : 0.1389    precision@10 : 0.0978    precision@20 : 0.0652    precision@30 : 0.0501    precision@50 : 0.0344    map@1 : 0.2479    map@2 : 0.2426    map@3 : 0.2458    map@4 : 0.2508    map@5 : 0.2571    map@10 : 0.2767    map@20 : 0.2916    map@30 : 0.298    map@50 : 0.3028
Sun 15 Mar 2026 22:05:22 INFO  epoch 372 training [time: 0.19s, train loss: 1.5423]
Sun 15 Mar 2026 22:05:22 INFO  epoch 372 evaluating [time: 0.31s, valid_score: 0.362800]
Sun 15 Mar 2026 22:05:22 INFO  valid result: 
recall@1 : 0.1557    recall@2 : 0.2489    recall@3 : 0.3044    recall@4 : 0.3478    recall@5 : 0.3871    recall@10 : 0.5097    recall@20 : 0.6457    recall@30 : 0.7256    recall@50 : 0.8153    ndcg@1 : 0.2479    ndcg@2 : 0.2722    ndcg@3 : 0.2896    ndcg@4 : 0.3046    ndcg@5 : 0.3191    ndcg@10 : 0.3628    ndcg@20 : 0.4041    ndcg@30 : 0.4254    ndcg@50 : 0.4463    precision@1 : 0.2479    precision@2 : 0.2029    precision@3 : 0.1714    precision@4 : 0.1526    precision@5 : 0.1391    precision@10 : 0.0976    precision@20 : 0.0652    precision@30 : 0.0501    precision@50 : 0.0344    map@1 : 0.2479    map@2 : 0.2423    map@3 : 0.2458    map@4 : 0.2512    map@5 : 0.2574    map@10 : 0.2766    map@20 : 0.2916    map@30 : 0.298    map@50 : 0.3028
Sun 15 Mar 2026 22:05:22 INFO  epoch 373 training [time: 0.17s, train loss: 1.5200]
Sun 15 Mar 2026 22:05:23 INFO  epoch 373 evaluating [time: 0.32s, valid_score: 0.362700]
Sun 15 Mar 2026 22:05:23 INFO  valid result: 
recall@1 : 0.1554    recall@2 : 0.2481    recall@3 : 0.3043    recall@4 : 0.3478    recall@5 : 0.3881    recall@10 : 0.5105    recall@20 : 0.6463    recall@30 : 0.725    recall@50 : 0.8154    ndcg@1 : 0.2467    ndcg@2 : 0.2713    ndcg@3 : 0.2893    ndcg@4 : 0.3043    ndcg@5 : 0.3193    ndcg@10 : 0.3627    ndcg@20 : 0.404    ndcg@30 : 0.425    ndcg@50 : 0.446    precision@1 : 0.2467    precision@2 : 0.202    precision@3 : 0.1716    precision@4 : 0.1526    precision@5 : 0.1396    precision@10 : 0.0977    precision@20 : 0.0653    precision@30 : 0.0501    precision@50 : 0.0344    map@1 : 0.2467    map@2 : 0.2415    map@3 : 0.2456    map@4 : 0.251    map@5 : 0.2575    map@10 : 0.2764    map@20 : 0.2915    map@30 : 0.2978    map@50 : 0.3026
Sun 15 Mar 2026 22:05:23 INFO  epoch 374 training [time: 0.16s, train loss: 1.5175]
Sun 15 Mar 2026 22:05:23 INFO  epoch 374 evaluating [time: 0.32s, valid_score: 0.362500]
Sun 15 Mar 2026 22:05:23 INFO  valid result: 
recall@1 : 0.1548    recall@2 : 0.2477    recall@3 : 0.3054    recall@4 : 0.3482    recall@5 : 0.3875    recall@10 : 0.5106    recall@20 : 0.6479    recall@30 : 0.7256    recall@50 : 0.8155    ndcg@1 : 0.2461    ndcg@2 : 0.2709    ndcg@3 : 0.2895    ndcg@4 : 0.3043    ndcg@5 : 0.3188    ndcg@10 : 0.3625    ndcg@20 : 0.4042    ndcg@30 : 0.4249    ndcg@50 : 0.4458    precision@1 : 0.2461    precision@2 : 0.202    precision@3 : 0.172    precision@4 : 0.1527    precision@5 : 0.1393    precision@10 : 0.0977    precision@20 : 0.0654    precision@30 : 0.0501    precision@50 : 0.0344    map@1 : 0.2461    map@2 : 0.2414    map@3 : 0.2455    map@4 : 0.2508    map@5 : 0.257    map@10 : 0.2761    map@20 : 0.2914    map@30 : 0.2975    map@50 : 0.3023
Sun 15 Mar 2026 22:05:23 INFO  epoch 375 training [time: 0.18s, train loss: 1.4942]
Sun 15 Mar 2026 22:05:24 INFO  epoch 375 evaluating [time: 0.33s, valid_score: 0.363100]
Sun 15 Mar 2026 22:05:24 INFO  valid result: 
recall@1 : 0.156    recall@2 : 0.2472    recall@3 : 0.3048    recall@4 : 0.3479    recall@5 : 0.3886    recall@10 : 0.5111    recall@20 : 0.6477    recall@30 : 0.7242    recall@50 : 0.8163    ndcg@1 : 0.2485    ndcg@2 : 0.2714    ndcg@3 : 0.2897    ndcg@4 : 0.3047    ndcg@5 : 0.3197    ndcg@10 : 0.3631    ndcg@20 : 0.4046    ndcg@30 : 0.425    ndcg@50 : 0.4464    precision@1 : 0.2485    precision@2 : 0.202    precision@3 : 0.1716    precision@4 : 0.1527    precision@5 : 0.1396    precision@10 : 0.0977    precision@20 : 0.0654    precision@30 : 0.05    precision@50 : 0.0344    map@1 : 0.2485    map@2 : 0.2423    map@3 : 0.2462    map@4 : 0.2513    map@5 : 0.2579    map@10 : 0.2768    map@20 : 0.2919    map@30 : 0.2981    map@50 : 0.303
Sun 15 Mar 2026 22:05:24 INFO  epoch 376 training [time: 0.16s, train loss: 1.5379]
Sun 15 Mar 2026 22:05:24 INFO  epoch 376 evaluating [time: 0.33s, valid_score: 0.363100]
Sun 15 Mar 2026 22:05:24 INFO  valid result: 
recall@1 : 0.1558    recall@2 : 0.2477    recall@3 : 0.3048    recall@4 : 0.3474    recall@5 : 0.389    recall@10 : 0.5111    recall@20 : 0.6474    recall@30 : 0.7238    recall@50 : 0.8158    ndcg@1 : 0.2479    ndcg@2 : 0.2716    ndcg@3 : 0.2895    ndcg@4 : 0.3044    ndcg@5 : 0.3198    ndcg@10 : 0.3631    ndcg@20 : 0.4046    ndcg@30 : 0.425    ndcg@50 : 0.4464    precision@1 : 0.2479    precision@2 : 0.2023    precision@3 : 0.1712    precision@4 : 0.1527    precision@5 : 0.1398    precision@10 : 0.0977    precision@20 : 0.0654    precision@30 : 0.05    precision@50 : 0.0344    map@1 : 0.2479    map@2 : 0.2423    map@3 : 0.2458    map@4 : 0.2511    map@5 : 0.2578    map@10 : 0.2767    map@20 : 0.2919    map@30 : 0.298    map@50 : 0.3029
Sun 15 Mar 2026 22:05:24 INFO  epoch 377 training [time: 0.17s, train loss: 1.5007]
Sun 15 Mar 2026 22:05:25 INFO  epoch 377 evaluating [time: 0.33s, valid_score: 0.362400]
Sun 15 Mar 2026 22:05:25 INFO  valid result: 
recall@1 : 0.1546    recall@2 : 0.2476    recall@3 : 0.3046    recall@4 : 0.3485    recall@5 : 0.3901    recall@10 : 0.5104    recall@20 : 0.6479    recall@30 : 0.7256    recall@50 : 0.8155    ndcg@1 : 0.2449    ndcg@2 : 0.2707    ndcg@3 : 0.2886    ndcg@4 : 0.3043    ndcg@5 : 0.3196    ndcg@10 : 0.3624    ndcg@20 : 0.4041    ndcg@30 : 0.4248    ndcg@50 : 0.4457    precision@1 : 0.2449    precision@2 : 0.2023    precision@3 : 0.171    precision@4 : 0.153    precision@5 : 0.1399    precision@10 : 0.0977    precision@20 : 0.0654    precision@30 : 0.0501    precision@50 : 0.0344    map@1 : 0.2449    map@2 : 0.2412    map@3 : 0.245    map@4 : 0.2507    map@5 : 0.2574    map@10 : 0.2761    map@20 : 0.2913    map@30 : 0.2975    map@50 : 0.3023
Sun 15 Mar 2026 22:05:25 INFO  epoch 378 training [time: 0.18s, train loss: 1.4793]
Sun 15 Mar 2026 22:05:25 INFO  epoch 378 evaluating [time: 0.33s, valid_score: 0.363000]
Sun 15 Mar 2026 22:05:25 INFO  valid result: 
recall@1 : 0.1545    recall@2 : 0.2494    recall@3 : 0.3056    recall@4 : 0.3493    recall@5 : 0.3896    recall@10 : 0.5111    recall@20 : 0.6484    recall@30 : 0.726    recall@50 : 0.8161    ndcg@1 : 0.2449    ndcg@2 : 0.2721    ndcg@3 : 0.2896    ndcg@4 : 0.3051    ndcg@5 : 0.3198    ndcg@10 : 0.363    ndcg@20 : 0.4046    ndcg@30 : 0.4252    ndcg@50 : 0.4462    precision@1 : 0.2449    precision@2 : 0.2035    precision@3 : 0.1718    precision@4 : 0.1536    precision@5 : 0.1398    precision@10 : 0.098    precision@20 : 0.0655    precision@30 : 0.0501    precision@50 : 0.0344    map@1 : 0.2449    map@2 : 0.2423    map@3 : 0.2457    map@4 : 0.2513    map@5 : 0.2577    map@10 : 0.2765    map@20 : 0.2917    map@30 : 0.2978    map@50 : 0.3026
Sun 15 Mar 2026 22:05:25 INFO  epoch 379 training [time: 0.19s, train loss: 1.4970]
Sun 15 Mar 2026 22:05:26 INFO  epoch 379 evaluating [time: 0.31s, valid_score: 0.362800]
Sun 15 Mar 2026 22:05:26 INFO  valid result: 
recall@1 : 0.1544    recall@2 : 0.2488    recall@3 : 0.3049    recall@4 : 0.348    recall@5 : 0.3902    recall@10 : 0.5112    recall@20 : 0.6491    recall@30 : 0.7263    recall@50 : 0.8163    ndcg@1 : 0.2455    ndcg@2 : 0.2715    ndcg@3 : 0.289    ndcg@4 : 0.3042    ndcg@5 : 0.3197    ndcg@10 : 0.3628    ndcg@20 : 0.4046    ndcg@30 : 0.4251    ndcg@50 : 0.446    precision@1 : 0.2455    precision@2 : 0.2029    precision@3 : 0.1712    precision@4 : 0.1529    precision@5 : 0.1398    precision@10 : 0.098    precision@20 : 0.0656    precision@30 : 0.0501    precision@50 : 0.0344    map@1 : 0.2455    map@2 : 0.2417    map@3 : 0.2451    map@4 : 0.2506    map@5 : 0.2574    map@10 : 0.2762    map@20 : 0.2914    map@30 : 0.2975    map@50 : 0.3023
Sun 15 Mar 2026 22:05:26 INFO  epoch 380 training [time: 0.22s, train loss: 1.4845]
Sun 15 Mar 2026 22:05:26 INFO  epoch 380 evaluating [time: 0.26s, valid_score: 0.362500]
Sun 15 Mar 2026 22:05:26 INFO  valid result: 
recall@1 : 0.1542    recall@2 : 0.2478    recall@3 : 0.306    recall@4 : 0.3485    recall@5 : 0.3912    recall@10 : 0.511    recall@20 : 0.6502    recall@30 : 0.7268    recall@50 : 0.8157    ndcg@1 : 0.2443    ndcg@2 : 0.2704    ndcg@3 : 0.2894    ndcg@4 : 0.3041    ndcg@5 : 0.32    ndcg@10 : 0.3625    ndcg@20 : 0.4047    ndcg@30 : 0.425    ndcg@50 : 0.4457    precision@1 : 0.2443    precision@2 : 0.202    precision@3 : 0.172    precision@4 : 0.1529    precision@5 : 0.1402    precision@10 : 0.0977    precision@20 : 0.0656    precision@30 : 0.0501    precision@50 : 0.0344    map@1 : 0.2443    map@2 : 0.2405    map@3 : 0.2452    map@4 : 0.2505    map@5 : 0.2575    map@10 : 0.2759    map@20 : 0.2913    map@30 : 0.2974    map@50 : 0.3021
Sun 15 Mar 2026 22:05:26 INFO  epoch 381 training [time: 0.19s, train loss: 1.5118]
Sun 15 Mar 2026 22:05:27 INFO  epoch 381 evaluating [time: 0.33s, valid_score: 0.362300]
Sun 15 Mar 2026 22:05:27 INFO  valid result: 
recall@1 : 0.1538    recall@2 : 0.2477    recall@3 : 0.3068    recall@4 : 0.3488    recall@5 : 0.3908    recall@10 : 0.5103    recall@20 : 0.6499    recall@30 : 0.726    recall@50 : 0.8164    ndcg@1 : 0.2437    ndcg@2 : 0.2699    ndcg@3 : 0.2896    ndcg@4 : 0.3042    ndcg@5 : 0.3198    ndcg@10 : 0.3623    ndcg@20 : 0.4044    ndcg@30 : 0.4248    ndcg@50 : 0.4457    precision@1 : 0.2437    precision@2 : 0.2017    precision@3 : 0.1726    precision@4 : 0.1532    precision@5 : 0.1402    precision@10 : 0.0979    precision@20 : 0.0656    precision@30 : 0.0501    precision@50 : 0.0344    map@1 : 0.2437    map@2 : 0.24    map@3 : 0.2453    map@4 : 0.2504    map@5 : 0.2573    map@10 : 0.2758    map@20 : 0.2911    map@30 : 0.2972    map@50 : 0.302
Sun 15 Mar 2026 22:05:27 INFO  epoch 382 training [time: 0.17s, train loss: 1.4819]
Sun 15 Mar 2026 22:05:27 INFO  epoch 382 evaluating [time: 0.31s, valid_score: 0.362100]
Sun 15 Mar 2026 22:05:27 INFO  valid result: 
recall@1 : 0.1532    recall@2 : 0.249    recall@3 : 0.3057    recall@4 : 0.3488    recall@5 : 0.3907    recall@10 : 0.5096    recall@20 : 0.6499    recall@30 : 0.7261    recall@50 : 0.816    ndcg@1 : 0.2431    ndcg@2 : 0.2707    ndcg@3 : 0.289    ndcg@4 : 0.304    ndcg@5 : 0.3197    ndcg@10 : 0.3621    ndcg@20 : 0.4043    ndcg@30 : 0.4247    ndcg@50 : 0.4455    precision@1 : 0.2431    precision@2 : 0.2026    precision@3 : 0.172    precision@4 : 0.153    precision@5 : 0.1403    precision@10 : 0.098    precision@20 : 0.0656    precision@30 : 0.0501    precision@50 : 0.0344    map@1 : 0.2431    map@2 : 0.2405    map@3 : 0.2449    map@4 : 0.2503    map@5 : 0.2571    map@10 : 0.2757    map@20 : 0.291    map@30 : 0.297    map@50 : 0.3018
Sun 15 Mar 2026 22:05:27 INFO  epoch 383 training [time: 0.17s, train loss: 1.4869]
Sun 15 Mar 2026 22:05:28 INFO  epoch 383 evaluating [time: 0.15s, valid_score: 0.362400]
Sun 15 Mar 2026 22:05:28 INFO  valid result: 
recall@1 : 0.1534    recall@2 : 0.2487    recall@3 : 0.3061    recall@4 : 0.349    recall@5 : 0.3905    recall@10 : 0.5106    recall@20 : 0.6501    recall@30 : 0.7268    recall@50 : 0.8161    ndcg@1 : 0.2426    ndcg@2 : 0.2705    ndcg@3 : 0.2892    ndcg@4 : 0.3042    ndcg@5 : 0.3196    ndcg@10 : 0.3624    ndcg@20 : 0.4045    ndcg@30 : 0.425    ndcg@50 : 0.4457    precision@1 : 0.2426    precision@2 : 0.2026    precision@3 : 0.1722    precision@4 : 0.1532    precision@5 : 0.1402    precision@10 : 0.0982    precision@20 : 0.0656    precision@30 : 0.0502    precision@50 : 0.0344    map@1 : 0.2426    map@2 : 0.2405    map@3 : 0.245    map@4 : 0.2504    map@5 : 0.2572    map@10 : 0.2759    map@20 : 0.2912    map@30 : 0.2973    map@50 : 0.302
Sun 15 Mar 2026 22:05:28 INFO  epoch 384 training [time: 0.16s, train loss: 1.4848]
Sun 15 Mar 2026 22:05:28 INFO  epoch 384 evaluating [time: 0.31s, valid_score: 0.362500]
Sun 15 Mar 2026 22:05:28 INFO  valid result: 
recall@1 : 0.1533    recall@2 : 0.2488    recall@3 : 0.3058    recall@4 : 0.3488    recall@5 : 0.3909    recall@10 : 0.5107    recall@20 : 0.6497    recall@30 : 0.7264    recall@50 : 0.8163    ndcg@1 : 0.242    ndcg@2 : 0.2707    ndcg@3 : 0.2889    ndcg@4 : 0.3041    ndcg@5 : 0.3197    ndcg@10 : 0.3625    ndcg@20 : 0.4044    ndcg@30 : 0.4248    ndcg@50 : 0.4457    precision@1 : 0.242    precision@2 : 0.2032    precision@3 : 0.172    precision@4 : 0.1533    precision@5 : 0.1402    precision@10 : 0.0983    precision@20 : 0.0656    precision@30 : 0.0502    precision@50 : 0.0344    map@1 : 0.242    map@2 : 0.2406    map@3 : 0.2449    map@4 : 0.2504    map@5 : 0.2573    map@10 : 0.2759    map@20 : 0.2912    map@30 : 0.2973    map@50 : 0.3021
Sun 15 Mar 2026 22:05:28 INFO  epoch 385 training [time: 0.18s, train loss: 1.4461]
Sun 15 Mar 2026 22:05:29 INFO  epoch 385 evaluating [time: 0.30s, valid_score: 0.362400]
Sun 15 Mar 2026 22:05:29 INFO  valid result: 
recall@1 : 0.1527    recall@2 : 0.2479    recall@3 : 0.3057    recall@4 : 0.3486    recall@5 : 0.3918    recall@10 : 0.5118    recall@20 : 0.6488    recall@30 : 0.7271    recall@50 : 0.8169    ndcg@1 : 0.2414    ndcg@2 : 0.2696    ndcg@3 : 0.2885    ndcg@4 : 0.3036    ndcg@5 : 0.3196    ndcg@10 : 0.3624    ndcg@20 : 0.4038    ndcg@30 : 0.4246    ndcg@50 : 0.4454    precision@1 : 0.2414    precision@2 : 0.2023    precision@3 : 0.172    precision@4 : 0.153    precision@5 : 0.1403    precision@10 : 0.0983    precision@20 : 0.0656    precision@30 : 0.0502    precision@50 : 0.0344    map@1 : 0.2414    map@2 : 0.2394    map@3 : 0.2444    map@4 : 0.2497    map@5 : 0.2569    map@10 : 0.2755    map@20 : 0.2906    map@30 : 0.2968    map@50 : 0.3016
Sun 15 Mar 2026 22:05:29 INFO  epoch 386 training [time: 0.18s, train loss: 1.4774]
Sun 15 Mar 2026 22:05:29 INFO  epoch 386 evaluating [time: 0.32s, valid_score: 0.361700]
Sun 15 Mar 2026 22:05:29 INFO  valid result: 
recall@1 : 0.1527    recall@2 : 0.2447    recall@3 : 0.3066    recall@4 : 0.3492    recall@5 : 0.3918    recall@10 : 0.5103    recall@20 : 0.6487    recall@30 : 0.7256    recall@50 : 0.8169    ndcg@1 : 0.2414    ndcg@2 : 0.2676    ndcg@3 : 0.2888    ndcg@4 : 0.3034    ndcg@5 : 0.3191    ndcg@10 : 0.3617    ndcg@20 : 0.4035    ndcg@30 : 0.424    ndcg@50 : 0.4451    precision@1 : 0.2414    precision@2 : 0.2008    precision@3 : 0.1728    precision@4 : 0.1529    precision@5 : 0.1399    precision@10 : 0.0983    precision@20 : 0.0656    precision@30 : 0.0501    precision@50 : 0.0344    map@1 : 0.2414    map@2 : 0.2379    map@3 : 0.2444    map@4 : 0.2493    map@5 : 0.2564    map@10 : 0.275    map@20 : 0.2903    map@30 : 0.2964    map@50 : 0.3012
Sun 15 Mar 2026 22:05:29 INFO  epoch 387 training [time: 0.19s, train loss: 1.4479]
Sun 15 Mar 2026 22:05:30 INFO  epoch 387 evaluating [time: 0.31s, valid_score: 0.361900]
Sun 15 Mar 2026 22:05:30 INFO  valid result: 
recall@1 : 0.1521    recall@2 : 0.2453    recall@3 : 0.3065    recall@4 : 0.3487    recall@5 : 0.3924    recall@10 : 0.5115    recall@20 : 0.6489    recall@30 : 0.7249    recall@50 : 0.8167    ndcg@1 : 0.2408    ndcg@2 : 0.268    ndcg@3 : 0.2885    ndcg@4 : 0.3029    ndcg@5 : 0.3192    ndcg@10 : 0.3619    ndcg@20 : 0.4033    ndcg@30 : 0.4236    ndcg@50 : 0.4448    precision@1 : 0.2408    precision@2 : 0.2014    precision@3 : 0.1726    precision@4 : 0.1526    precision@5 : 0.14    precision@10 : 0.0985    precision@20 : 0.0656    precision@30 : 0.0501    precision@50 : 0.0344    map@1 : 0.2408    map@2 : 0.2382    map@3 : 0.244    map@4 : 0.2489    map@5 : 0.2563    map@10 : 0.2748    map@20 : 0.29    map@30 : 0.296    map@50 : 0.3009
Sun 15 Mar 2026 22:05:30 INFO  epoch 388 training [time: 0.16s, train loss: 1.4376]
Sun 15 Mar 2026 22:05:30 INFO  epoch 388 evaluating [time: 0.32s, valid_score: 0.361800]
Sun 15 Mar 2026 22:05:30 INFO  valid result: 
recall@1 : 0.152    recall@2 : 0.2453    recall@3 : 0.3063    recall@4 : 0.3491    recall@5 : 0.3916    recall@10 : 0.5114    recall@20 : 0.6482    recall@30 : 0.7259    recall@50 : 0.8169    ndcg@1 : 0.2408    ndcg@2 : 0.268    ndcg@3 : 0.2884    ndcg@4 : 0.303    ndcg@5 : 0.3188    ndcg@10 : 0.3618    ndcg@20 : 0.4031    ndcg@30 : 0.4238    ndcg@50 : 0.4448    precision@1 : 0.2408    precision@2 : 0.2014    precision@3 : 0.1724    precision@4 : 0.1524    precision@5 : 0.1397    precision@10 : 0.0985    precision@20 : 0.0655    precision@30 : 0.0502    precision@50 : 0.0344    map@1 : 0.2408    map@2 : 0.2384    map@3 : 0.2439    map@4 : 0.249    map@5 : 0.256    map@10 : 0.2748    map@20 : 0.2899    map@30 : 0.2961    map@50 : 0.3008
Sun 15 Mar 2026 22:05:30 INFO  epoch 389 training [time: 0.18s, train loss: 1.4511]
Sun 15 Mar 2026 22:05:31 INFO  epoch 389 evaluating [time: 0.32s, valid_score: 0.361500]
Sun 15 Mar 2026 22:05:31 INFO  valid result: 
recall@1 : 0.1519    recall@2 : 0.2462    recall@3 : 0.3065    recall@4 : 0.3484    recall@5 : 0.3916    recall@10 : 0.5102    recall@20 : 0.6495    recall@30 : 0.7252    recall@50 : 0.8167    ndcg@1 : 0.2402    ndcg@2 : 0.268    ndcg@3 : 0.2888    ndcg@4 : 0.3027    ndcg@5 : 0.3188    ndcg@10 : 0.3615    ndcg@20 : 0.4035    ndcg@30 : 0.4237    ndcg@50 : 0.4448    precision@1 : 0.2402    precision@2 : 0.2014    precision@3 : 0.173    precision@4 : 0.1521    precision@5 : 0.1397    precision@10 : 0.0982    precision@20 : 0.0656    precision@30 : 0.0502    precision@50 : 0.0344    map@1 : 0.2402    map@2 : 0.2384    map@3 : 0.2443    map@4 : 0.2489    map@5 : 0.2561    map@10 : 0.2748    map@20 : 0.2901    map@30 : 0.2962    map@50 : 0.3009
Sun 15 Mar 2026 22:05:31 INFO  epoch 390 training [time: 0.19s, train loss: 1.4365]
Sun 15 Mar 2026 22:05:31 INFO  epoch 390 evaluating [time: 0.32s, valid_score: 0.362000]
Sun 15 Mar 2026 22:05:31 INFO  valid result: 
recall@1 : 0.1527    recall@2 : 0.2457    recall@3 : 0.308    recall@4 : 0.3487    recall@5 : 0.3923    recall@10 : 0.5105    recall@20 : 0.6493    recall@30 : 0.7256    recall@50 : 0.8168    ndcg@1 : 0.2414    ndcg@2 : 0.2681    ndcg@3 : 0.2898    ndcg@4 : 0.3032    ndcg@5 : 0.3195    ndcg@10 : 0.362    ndcg@20 : 0.4039    ndcg@30 : 0.4242    ndcg@50 : 0.4453    precision@1 : 0.2414    precision@2 : 0.2011    precision@3 : 0.1736    precision@4 : 0.1521    precision@5 : 0.14    precision@10 : 0.0983    precision@20 : 0.0656    precision@30 : 0.0502    precision@50 : 0.0344    map@1 : 0.2414    map@2 : 0.2388    map@3 : 0.2453    map@4 : 0.2494    map@5 : 0.2568    map@10 : 0.2754    map@20 : 0.2906    map@30 : 0.2967    map@50 : 0.3015
Sun 15 Mar 2026 22:05:31 INFO  epoch 391 training [time: 0.18s, train loss: 1.4489]
Sun 15 Mar 2026 22:05:32 INFO  epoch 391 evaluating [time: 0.31s, valid_score: 0.362300]
Sun 15 Mar 2026 22:05:32 INFO  valid result: 
recall@1 : 0.1527    recall@2 : 0.2466    recall@3 : 0.3087    recall@4 : 0.3489    recall@5 : 0.3922    recall@10 : 0.511    recall@20 : 0.6489    recall@30 : 0.7256    recall@50 : 0.8169    ndcg@1 : 0.2414    ndcg@2 : 0.2687    ndcg@3 : 0.2903    ndcg@4 : 0.3034    ndcg@5 : 0.3197    ndcg@10 : 0.3623    ndcg@20 : 0.4039    ndcg@30 : 0.4244    ndcg@50 : 0.4455    precision@1 : 0.2414    precision@2 : 0.2014    precision@3 : 0.1738    precision@4 : 0.1523    precision@5 : 0.14    precision@10 : 0.0983    precision@20 : 0.0656    precision@30 : 0.0502    precision@50 : 0.0344    map@1 : 0.2414    map@2 : 0.2393    map@3 : 0.2456    map@4 : 0.2497    map@5 : 0.257    map@10 : 0.2757    map@20 : 0.2908    map@30 : 0.297    map@50 : 0.3017
Sun 15 Mar 2026 22:05:32 INFO  Finished training, best eval result in epoch 370
Sun 15 Mar 2026 22:05:32 INFO  Loading model structure and parameters from saved/LightGCN-Mar-15-2026_22-02-15.pth
Sun 15 Mar 2026 22:05:32 INFO  best valid : OrderedDict([('recall@1', 0.157), ('recall@2', 0.2492), ('recall@3', 0.3039), ('recall@4', 0.3475), ('recall@5', 0.3855), ('recall@10', 0.512), ('recall@20', 0.6455), ('recall@30', 0.7258), ('recall@50', 0.8152), ('ndcg@1', 0.2497), ('ndcg@2', 0.273), ('ndcg@3', 0.29), ('ndcg@4', 0.305), ('ndcg@5', 0.319), ('ndcg@10', 0.3639), ('ndcg@20', 0.4046), ('ndcg@30', 0.4259), ('ndcg@50', 0.4467), ('precision@1', 0.2497), ('precision@2', 0.2032), ('precision@3', 0.1714), ('precision@4', 0.1524), ('precision@5', 0.1387), ('precision@10', 0.0979), ('precision@20', 0.0652), ('precision@30', 0.0501), ('precision@50', 0.0344), ('map@1', 0.2497), ('map@2', 0.2434), ('map@3', 0.2464), ('map@4', 0.2517), ('map@5', 0.2578), ('map@10', 0.2774), ('map@20', 0.2923), ('map@30', 0.2987), ('map@50', 0.3035)])
Sun 15 Mar 2026 22:05:32 INFO  test result: OrderedDict([('recall@1', 0.1835), ('recall@2', 0.2721), ('recall@3', 0.334), ('recall@4', 0.3787), ('recall@5', 0.4147), ('recall@10', 0.5284), ('recall@20', 0.6698), ('recall@30', 0.7385), ('recall@50', 0.8295), ('ndcg@1', 0.3054), ('ndcg@2', 0.3142), ('ndcg@3', 0.3291), ('ndcg@4', 0.3422), ('ndcg@5', 0.3546), ('ndcg@10', 0.3923), ('ndcg@20', 0.4334), ('ndcg@30', 0.4513), ('ndcg@50', 0.4719), ('precision@1', 0.3054), ('precision@2', 0.235), ('precision@3', 0.1963), ('precision@4', 0.1703), ('precision@5', 0.1529), ('precision@10', 0.1009), ('precision@20', 0.0662), ('precision@30', 0.0495), ('precision@50', 0.0336), ('map@1', 0.3054), ('map@2', 0.2866), ('map@3', 0.2866), ('map@4', 0.2904), ('map@5', 0.2952), ('map@10', 0.3103), ('map@20', 0.3248), ('map@30', 0.33), ('map@50', 0.3344)])
Sun 15 Mar 2026 22:05:32 INFO  training time: 196.0070s
Sun 15 Mar 2026 22:05:32 INFO  result file: results/again/lightgcn_lightgcn_seed2021.json
